dialogue_id,photo_id
1,f48d0fbea7dc2782 e25a1da6ca187350 c5830f9d0f1e29e5 a853f13216170123 3c565c1fc2316d16 24c47959ea77b15b 5b4c879fc9c316fb 4b29fc21f912754d 04886579947a80c2 3e66b4855d0dddbe 3986b68500d7704b cc507a0d6fcf4a1c 4d954d933e606b70 62431fd374eb99fb 0f4c71d341e2d939 a76ffccd2f5df1a7 b6e72edcad270be0 ddf332f2b55a2a23 666bdff4faa513ca 66ccd03c9e03ac06 4f2fffd7528de786 172bc0ee09332ae9 a2c35fdf07a13286 486dd77002936dec cea18be9a89d7a81 07f22a7ad7e4711d 6406fcdb7d87b5dc 404031ab9d5977c4 999a52f1d301247c c31a456b544a40a8
2,0688c790d5806540 58654e3143c6550b 5f94b027039f4e48 ebfda3b48083e390 148ac4a56a18844d 0683b6a78f54be75 4dba7ce835494a63 25a3b47fe31bc6b5 522bd6887960c25d 828f5dfbbf1272ee fb8bd6b95eb4702a d216e5458ad70e60 e228204ae08d1355 72b80b099fd64ec4 99e833818ec4bbf2 e1460af4a7044067 4d7653ea9499eed4 db69d4cbfef8d22f f25bfcffedaccf28 7f95168400948588 01b3da54ffb158a0 538c7bb968b2154c 2cebd52b41930f0a ec1b3d7ccd3984d0 a853f13216170123 3c565c1fc2316d16 24c47959ea77b15b 5b4c879fc9c316fb f76f44d372517a9a 964a50d33717c26d
3,feddfcf56818968e f9c6286cff30aaa8 e461837f0fb35048 4535ce2e3dced00f 5430097e23000368 964a50d33717c26d 033d905aec273595 72c2a95813ea72bd 6a3919ad9ed8197e b24820ae14e16a24 0bcaac840d5e66d7 5867d40811c0229f 96445bec1579ec97 ced9c56f2be86774 781f4d0147aef776 9fbffc521da97c54 d73a65673e3f1d78 128d583954b18074 e0269da736ddf004 bd713b37b67866c3 3fa57d488e979d74 ff88049e61f0f4ef 3986b68500d7704b 702d8f1064ab3e30 c28bc62802b90f82 fd30682593995748 2a06f5614060e3b6 ae94d8435a6847f4 b6d0f83aad4e4dc7 622f2e4119882c94
4,522bd6887960c25d a60934e6b473097a 3c565c1fc2316d16 24c47959ea77b15b 4b29fc21f912754d 81bd116c786bf9ae bd713b37b67866c3 c015590d6a6fe833 3b6d27775fce1c7b 54a11cbcd7a32af4 b9d966ad9e04127a 3e66b4855d0dddbe 81b639b74256b45b 64b31699d7d15934 f1a3b8b13e9401c0 395b26d91f98bd92 828f5dfbbf1272ee 9fda36f260eec24e d216e5458ad70e60 fb8bd6b95eb4702a 72b80b099fd64ec4 99e833818ec4bbf2 66ccd03c9e03ac06 f48d0fbea7dc2782 e1460af4a7044067 7f95168400948588 f25bfcffedaccf28 01b3da54ffb158a0 a2c35fdf07a13286 538c7bb968b2154c
5,4d29c6922b2d0d56 f105a53e5cfae611 70ebf53ced736fa4 ad06e9eeea8eb4ea 069e7e25e43deab3 9b0e8cf8153e3b33 a9223c28b10c131f dea5e9227fbbac29 4beacc71024f8b08 47fbe21f5c35c7b4 52370bea1acd0600 4d7653ea9499eed4 9a0f5ee4f845c9b2 0bcaac840d5e66d7 c28bc62802b90f82 702d8f1064ab3e30 3fa57d488e979d74 ff88049e61f0f4ef e0269da736ddf004 bd713b37b67866c3 fd30682593995748 2a06f5614060e3b6 39f6296778264878 3986b68500d7704b 734dabb98795c35c 942a7d26d81c841f bd0f175ee98c613e ae94d8435a6847f4 b6d0f83aad4e4dc7 b24820ae14e16a24
6,ebfda3b48083e390 0079f3c74309b582 58654e3143c6550b 005666aa098abe8e 5f94b027039f4e48 0688c790d5806540 148ac4a56a18844d 0683b6a78f54be75 4dba7ce835494a63 00d9eb862ba3dfc6 25a3b47fe31bc6b5 680bb5c5c3bb6ee1 0195950ce0f47e34 47fbe21f5c35c7b4 52370bea1acd0600 4d7653ea9499eed4 9a0f5ee4f845c9b2 0bcaac840d5e66d7 c28bc62802b90f82 702d8f1064ab3e30 3fa57d488e979d74 ff88049e61f0f4ef e0269da736ddf004 bd713b37b67866c3 fd30682593995748 2a06f5614060e3b6 39f6296778264878 e25a1da6ca187350 c31a456b544a40a8 3986b68500d7704b
7,855f2f0354e102c7 b1dcaca98bb76736 5dd752753760ced8 77e2f7da1f9d3a8f e0269da736ddf004 520ec719078be07c 377c1150c781e37a edc79e57b20e9036 d73a65673e3f1d78 0195950ce0f47e34 128d583954b18074 bbbd5d2fd957e8f7 52370bea1acd0600 4d7653ea9499eed4 9a0f5ee4f845c9b2 0bcaac840d5e66d7 c28bc62802b90f82 702d8f1064ab3e30 3986b68500d7704b 3fa57d488e979d74 ff88049e61f0f4ef bd713b37b67866c3 fd30682593995748 47fbe21f5c35c7b4 0708923badf2ff5d 734dabb98795c35c 942a7d26d81c841f bd0f175ee98c613e ae94d8435a6847f4 b6d0f83aad4e4dc7
8,734dabb98795c35c 428f9363fa35882d 4f31209941bb05fc 83f5a9732f0de67f f54ad8d1eb18212e 2e2904c5373734ae 892074f7c1ef5d5e 07be6a290720707d dc576af4ae66e25e 28403e62105b00f6 e8ad5e31484ef889 765c0695339c3abe bc2552a642ce8497 585f4ee09d8fea46 63d509cd2a2e0e47 f0d53dcf0c296b57 19b4014943e0ad92 c49d8f84a4f87f8a 3986b68500d7704b 9ab90dfc5c9b0b37 919b1679fffa7ef1 72c2a95813ea72bd e7dd56376be2cf1c fd57e641d06ebda7 ce8cb4351b8c0f6e f6d23cdd2359f7c0 013030fd7d29bf3d 7f29daa16b9b4cda e461837f0fb35048 0079f3c74309b582
9,fab14d178b24a67f af8e70f978cd5aee cc861214a89ef1f4 4b8c7061102517ef 4105533fe46dfba9 059bbdbdb843af6a 64267373570e4ea3 d35e11d3d1ab3c67 22dc81380cf4baec c606425856952286 34a62e66e05f9a44 781aaf62a955e4e8 8700059e85433b32 c11b97f245a9dfd0 d46598813fb437e5 acae1d29289b1266 6d80d2e62d01f6bc 6a9aa1bd93e36e66 ac9ee0c09b538140 486dd77002936dec a982b5c3aed39396 0079f3c74309b582 6aac5e116b75aa22 a9dad59c7055b56c 106204cd0e07e1b2 25a3b47fe31bc6b5 a0566ca9daca7778 702d8f1064ab3e30 3986b68500d7704b b24820ae14e16a24
10,73391e0853c1e040 ac9ee0c09b538140 f58ff7f1a6cde683 46b99f864d6a075a 01020d1b0821f4c7 63d95d5977c2fe98 acae1d29289b1266 413c55a5ab86881a 5b16bae6a0de7c88 abf90e759d208468 ec4ef2f727e7a03f 095bb1b6ecbd0a50 0b0021aa60d05daa a04d6febd82a4389 bb7515be835dea49 d5805cdb9e8f0f48 a52df8083c238c46 522bd6887960c25d 828f5dfbbf1272ee 49224aca40e6e5e3 54f55c74d37db3c0 fb8bd6b95eb4702a d216e5458ad70e60 72b80b099fd64ec4 33856365c271aea4 393f49286db04aeb a292248bb2bffb3d 99e833818ec4bbf2 ce2fe99a7cda4a17 09660f466b38b7ba
11,922e625fae98b3b9 18ced18aee04c48e 10ad13170242ecae 00d9eb862ba3dfc6 00e1e2eb13f650e4 d73a65673e3f1d78 128d583954b18074 47fbe21f5c35c7b4 52370bea1acd0600 4d7653ea9499eed4 9a0f5ee4f845c9b2 0bcaac840d5e66d7 c28bc62802b90f82 702d8f1064ab3e30 3986b68500d7704b bbbd5d2fd957e8f7 ff88049e61f0f4ef e0269da736ddf004 bd713b37b67866c3 fd30682593995748 2a06f5614060e3b6 39f6296778264878 3fa57d488e979d74 0708923badf2ff5d 734dabb98795c35c 942a7d26d81c841f bd0f175ee98c613e ae94d8435a6847f4 b6d0f83aad4e4dc7 b24820ae14e16a24
12,10ad13170242ecae 522bd6887960c25d 3c565c1fc2316d16 24c47959ea77b15b 4b29fc21f912754d 3b6d27775fce1c7b c015590d6a6fe833 3e66b4855d0dddbe a60934e6b473097a 81bd116c786bf9ae f48d0fbea7dc2782 bd713b37b67866c3 54a11cbcd7a32af4 b9d966ad9e04127a 81b639b74256b45b 64b31699d7d15934 5897953fdf87b60f f1a3b8b13e9401c0 0e45c4c185f35df6 395b26d91f98bd92 48a76e3aff69d605 4d954d933e606b70 9fda36f260eec24e 0db6584e3bdfa1c4 62431fd374eb99fb 4f915ad69e1dca36 28a2067685cb3e97 a76ffccd2f5df1a7 0f4c71d341e2d939 50cb6a6c60ad711a
13,ddb3810e0289c148 576dd429db946393 1f423f368aebf7f3 8e0cc5199a0ee659 ae000f9d0b5e104e 74ae9af23a383bf5 249bf372159f33e9 0c15f252d30646fc 8e83d05923cde390 7eec211cc37a1b05 204ec91c39d1479d 013030fd7d29bf3d 9c9ebf71707d7a37 c96049ed915ced0a a0b1f4dd32f3e278 3e8e56f639a5db5b 1dc7139adba034ec 9fbffc521da97c54 069e7e25e43deab3 522bd6887960c25d 828f5dfbbf1272ee fb8bd6b95eb4702a d216e5458ad70e60 e228204ae08d1355 72b80b099fd64ec4 99e833818ec4bbf2 e1460af4a7044067 d1e21234d7cc61d2 4d7653ea9499eed4 db69d4cbfef8d22f
14,99e833818ec4bbf2 01b3da54ffb158a0 061f3e1feeaa3094 4d32dae7b43c489a 88b62355670ec8f8 d7d937303a6d5a9d a65e30106ea50423 aa0789b403bcd839 87c5481930cfe126 65ad9c583823162d dc12cc503ac0eddb 65708d542bd01f39 f209d29f991432f0 a5d5ba33b5b1dc95 0647acc4602d4e8f 455fde214d16d350 43b3338423d7386c fa173131f15f5534 29968e8fd13539f8 f49e13a653cbdad2 01e5a6edcee7deb0 1c3b74a02a86467d 0772e3ab293a1f30 3e8e56f639a5db5b 22756be6fd061d4c 95166957b2c38794 bc2ae5f4e5d53e00 e6a29676c096f8e8 1efd7bd8a34a1359 4e966bb2768c2b8a
15,29bedd00fb2be056 455fde214d16d350 33856365c271aea4 5989fb934598c1a7 07f22a7ad7e4711d 25a3b47fe31bc6b5 ddb3810e0289c148 387e9cd2e5d4ea7d ebfda3b48083e390 42c9b72cc77dcb28 025a148c3a53bd9f c5830f9d0f1e29e5 7155e5a86136eb02 65708d542bd01f39 57113c2a4cacd961 4d954d933e606b70 095bb1b6ecbd0a50 8643165b0f53df11 3ca7964973437917 eff60ceea8817dad 1f423f368aebf7f3 26fc2a95df5659c2 855f2f0354e102c7 63d95d5977c2fe98 7ee52d2519eea367 44d324ebd3e22ad7 1398b478b71773ed 4d417b203b333363 587e0b2a4811fab1 b6a1c97f19af78d0
16,b05b5f6850cfa158 2810fb6f81d1711c 9c9a9d45c2ea7ddf 72b80b099fd64ec4 f25bfcffedaccf28 7f95168400948588 2cebd52b41930f0a 16b11706660177ff 4c0eee2c1a5e76e2 5547f9f1638ac345 45bd99d5d2eef776 ca43e349133fc0e3 6899956cd6c683f0 19e8f436d4b2fc25 cc0c9419f8a20603 b84b6c0b2e4d0306 c11b97f245a9dfd0 52aa48c07b34dc88 0add47a043c64d7f 92f42fbd0c38f7fd 1d72229ebcc00faf 43c354dbf952caaa a0566ca9daca7778 00e1e2eb13f650e4 c28bc62802b90f82 0bcaac840d5e66d7 4d7653ea9499eed4 702d8f1064ab3e30 3986b68500d7704b 3fa57d488e979d74
17,a65e30106ea50423 f48d0fbea7dc2782 46b99f864d6a075a 74244a8703c03720 c5830f9d0f1e29e5 447fc00f40d71d08 8df3f13d6af34cb3 29968e8fd13539f8 680bb5c5c3bb6ee1 d73a65673e3f1d78 522bd6887960c25d 24c47959ea77b15b 3c565c1fc2316d16 4b29fc21f912754d c015590d6a6fe833 3b6d27775fce1c7b 3e66b4855d0dddbe a60934e6b473097a 81bd116c786bf9ae bd713b37b67866c3 54a11cbcd7a32af4 b9d966ad9e04127a 81b639b74256b45b 64b31699d7d15934 5897953fdf87b60f f1a3b8b13e9401c0 128d583954b18074 0e45c4c185f35df6 395b26d91f98bd92 48a76e3aff69d605
18,00d9eb862ba3dfc6 0195950ce0f47e34 d73a65673e3f1d78 128d583954b18074 47fbe21f5c35c7b4 52370bea1acd0600 4d7653ea9499eed4 9a0f5ee4f845c9b2 0bcaac840d5e66d7 c28bc62802b90f82 702d8f1064ab3e30 3986b68500d7704b bbbd5d2fd957e8f7 ff88049e61f0f4ef e0269da736ddf004 bd713b37b67866c3 fd30682593995748 2a06f5614060e3b6 39f6296778264878 3fa57d488e979d74 e7cad3748e50b0f8 0708923badf2ff5d 734dabb98795c35c 942a7d26d81c841f bd0f175ee98c613e ae94d8435a6847f4 b6d0f83aad4e4dc7 b24820ae14e16a24 cea18be9a89d7a81 4b8c7061102517ef
19,8566d15270eb5e83 522bd6887960c25d 24c47959ea77b15b 3c565c1fc2316d16 4b29fc21f912754d c015590d6a6fe833 3b6d27775fce1c7b 3e66b4855d0dddbe a60934e6b473097a 81bd116c786bf9ae f48d0fbea7dc2782 bd713b37b67866c3 54a11cbcd7a32af4 b9d966ad9e04127a 81b639b74256b45b 64b31699d7d15934 5897953fdf87b60f f1a3b8b13e9401c0 0e45c4c185f35df6 395b26d91f98bd92 48a76e3aff69d605 4d954d933e606b70 9fda36f260eec24e 0db6584e3bdfa1c4 62431fd374eb99fb 4f915ad69e1dca36 28a2067685cb3e97 a76ffccd2f5df1a7 0f4c71d341e2d939 50cb6a6c60ad711a
20,855f2f0354e102c7 b1dcaca98bb76736 5dd752753760ced8 77e2f7da1f9d3a8f e0269da736ddf004 520ec719078be07c 377c1150c781e37a edc79e57b20e9036 964a50d33717c26d feddfcf56818968e 6a3919ad9ed8197e b24820ae14e16a24 0bcaac840d5e66d7 5867d40811c0229f 96445bec1579ec97 ced9c56f2be86774 781f4d0147aef776 9fbffc521da97c54 d73a65673e3f1d78 128d583954b18074 4d7653ea9499eed4 3986b68500d7704b 3fa57d488e979d74 ff88049e61f0f4ef 702d8f1064ab3e30 c28bc62802b90f82 9a0f5ee4f845c9b2 bd713b37b67866c3 bd0f175ee98c613e ae94d8435a6847f4
21,0bcaac840d5e66d7 964a50d33717c26d 4491016efed845f1 64c2e323906b42d3 b1dcaca98bb76736 2e4b00c01d58e79e d980375fbd40c75f 5867d40811c0229f 18b1d2d84c97a364 3e66b4855d0dddbe 0897dcfae16e280f 8f578001f9d5f543 50806199c80e215c 8faeacf8ca08f62d 528161039994b4dc b3ad55963554f220 8fc68213b63951dc 942a7d26d81c841f f46601a9955f9949 d5805cdb9e8f0f48 0b0021aa60d05daa a04d6febd82a4389 bb7515be835dea49 b29ab87af6ea6310 538c7bb968b2154c 2cebd52b41930f0a 1f4f62844c3cb99c 5b4c879fc9c316fb 6a3919ad9ed8197e feddfcf56818968e
22,00ff646ca6637bd7 6cb9ab508a0678a0 120e745e2961b5d5 37001ade0df85823 b0b5e62a93a2c37c fc8971756f9ec194 f28fb3d9880c5d4c a677c3a76055a6d2 351c9da399c2b915 42c9b72cc77dcb28 00af886180e9eaec 2e44fbb8bc3d8d71 354d7a327bbcc152 0c2eeab1e4ce1db8 9a439fd1abf95245 d73a65673e3f1d78 128d583954b18074 9a0f5ee4f845c9b2 c28bc62802b90f82 702d8f1064ab3e30 3986b68500d7704b 3fa57d488e979d74 ff88049e61f0f4ef e0269da736ddf004 bd713b37b67866c3 fd30682593995748 0bcaac840d5e66d7 942a7d26d81c841f bd0f175ee98c613e ae94d8435a6847f4
23,db69d4cbfef8d22f f76f44d372517a9a 9cf6709de35bf0f3 1ba7a50457e93996 7d83ffe83f61bdc4 f2e30efbd27bee51 db0e648651f4c92b 49b5678e0d1e5bcd bbbd5d2fd957e8f7 f44f74b3451aa593 ae77487a89f2610c 7e4a4a1300b77a06 5430097e23000368 c5830f9d0f1e29e5 3734d3b0b9232538 d257d1fbcf43abd5 522bd6887960c25d 0683b6a78f54be75 3c565c1fc2316d16 24c47959ea77b15b 4b29fc21f912754d 3b6d27775fce1c7b c015590d6a6fe833 3e66b4855d0dddbe a60934e6b473097a 81bd116c786bf9ae f48d0fbea7dc2782 bd713b37b67866c3 54a11cbcd7a32af4 b9d966ad9e04127a
24,522bd6887960c25d 828f5dfbbf1272ee d216e5458ad70e60 fb8bd6b95eb4702a e228204ae08d1355 72b80b099fd64ec4 99e833818ec4bbf2 e1460af4a7044067 4d7653ea9499eed4 db69d4cbfef8d22f f25bfcffedaccf28 7f95168400948588 01b3da54ffb158a0 538c7bb968b2154c 2cebd52b41930f0a ec1b3d7ccd3984d0 a853f13216170123 3c565c1fc2316d16 24c47959ea77b15b 5b4c879fc9c316fb f76f44d372517a9a 964a50d33717c26d 9cf6709de35bf0f3 d980375fbd40c75f 16b11706660177ff 061f3e1feeaa3094 4d32dae7b43c489a 0a79fabc6f5d93c9 4b29fc21f912754d f105a53e5cfae611
25,c96049ed915ced0a 0079f3c74309b582 734dabb98795c35c 428f9363fa35882d 4f31209941bb05fc 83f5a9732f0de67f f54ad8d1eb18212e 2e2904c5373734ae 892074f7c1ef5d5e 07be6a290720707d dc576af4ae66e25e 28403e62105b00f6 e8ad5e31484ef889 765c0695339c3abe bc2552a642ce8497 585f4ee09d8fea46 63d509cd2a2e0e47 f0d53dcf0c296b57 19b4014943e0ad92 c49d8f84a4f87f8a 3986b68500d7704b 9ab90dfc5c9b0b37 919b1679fffa7ef1 72c2a95813ea72bd e7dd56376be2cf1c fd57e641d06ebda7 ce8cb4351b8c0f6e f6d23cdd2359f7c0 013030fd7d29bf3d 7f29daa16b9b4cda
26,29bedd00fb2be056 455fde214d16d350 33856365c271aea4 5989fb934598c1a7 07f22a7ad7e4711d 25a3b47fe31bc6b5 ddb3810e0289c148 387e9cd2e5d4ea7d ebfda3b48083e390 42c9b72cc77dcb28 025a148c3a53bd9f c5830f9d0f1e29e5 7155e5a86136eb02 65708d542bd01f39 57113c2a4cacd961 4d954d933e606b70 095bb1b6ecbd0a50 8643165b0f53df11 3ca7964973437917 eff60ceea8817dad 1f423f368aebf7f3 26fc2a95df5659c2 855f2f0354e102c7 63d95d5977c2fe98 7ee52d2519eea367 44d324ebd3e22ad7 1398b478b71773ed 4d417b203b333363 587e0b2a4811fab1 b6a1c97f19af78d0
27,04fda7c9d8971ec0 0897dcfae16e280f bd0f175ee98c613e 9100ea6cd0e084bf 8df3f13d6af34cb3 bc27d5dc9bab1c18 016da874bd04df55 26fc2a95df5659c2 c28bc62802b90f82 fab14d178b24a67f fc21db75b354a917 74244a8703c03720 bed3e73d52011f68 f9c6286cff30aaa8 1f4f62844c3cb99c c6b615b2589e036d a14394322cf7043d bf3ccaba4a3450a8 2e44fbb8bc3d8d71 522bd6887960c25d 059bbdbdb843af6a 18b1d2d84c97a364 e1460af4a7044067 025a148c3a53bd9f 5570ef88d970e9b4 095bb1b6ecbd0a50 ec4ef2f727e7a03f 4d7653ea9499eed4 f25bfcffedaccf28 7f95168400948588
28,da904d2a54ff8cf2 e7828f0ea9749505 9b2adcf4041227d7 52e459a551d4ac2d d6ed7e4b14c51296 976baf0e84752a68 453bc79164d57a01 6461a9faa871b3ac 61ba7707ef6a5a99 7d83ffe83f61bdc4 4483bbdd3241f11a 238ec735a13a3f09 cec2eea2a1fe566a 36d33c41812ce7dc c810ac016901e8ac d64c06baf5ef1c90 3d93a60f990a0a7c ecb768ef6fd223ca 9d5edf3b993fee50 fd30682593995748 2b48ab08c915c0ad 0b774cf90856c4da f05fa5f57dc03e81 9f27aa36c1ea793c 7cea1f637ea3f37d 0cd920bad11c716d 8dc313a2cf9da354 b0bfe0f426275870 5bf89d11a25121d9 898a4921ab9f4cce
29,9b0e8cf8153e3b33 4d29c6922b2d0d56 069e7e25e43deab3 f9c6286cff30aaa8 1d0f5fdc58e3efb5 e461837f0fb35048 4535ce2e3dced00f 5430097e23000368 e1460af4a7044067 40583079f57235a6 587e0b2a4811fab1 4d7653ea9499eed4 d980375fbd40c75f 033d905aec273595 939a1f686ea36c05 70ebf53ced736fa4 ad06e9eeea8eb4ea c015590d6a6fe833 3b6d27775fce1c7b c143c095983a65c2 72c2a95813ea72bd 133b04350c75770b 828f5dfbbf1272ee eab15ee21e126f6a e228204ae08d1355 98dbd15aa33ebc18 f105a53e5cfae611 58654e3143c6550b b1e47da7659b675c e9c20b67a4c5395f
30,522bd6887960c25d a60934e6b473097a 81bd116c786bf9ae bd713b37b67866c3 54a11cbcd7a32af4 b9d966ad9e04127a 81b639b74256b45b 64b31699d7d15934 f1a3b8b13e9401c0 395b26d91f98bd92 9fda36f260eec24e 095bb1b6ecbd0a50 ec4ef2f727e7a03f 66ccd03c9e03ac06 a04d6febd82a4389 d5805cdb9e8f0f48 bb7515be835dea49 0b0021aa60d05daa a2c35fdf07a13286 828f5dfbbf1272ee 24c47959ea77b15b 3c565c1fc2316d16 42bb83d7c4b9ecae 54f55c74d37db3c0 fb8bd6b95eb4702a d216e5458ad70e60 59c231f8fd21260c 05e4165a56bf50eb 72b80b099fd64ec4 a292248bb2bffb3d
31,a853f13216170123 24c47959ea77b15b 3c565c1fc2316d16 5b4c879fc9c316fb 4b29fc21f912754d 3e66b4855d0dddbe 6e12311169bcb24c f48d0fbea7dc2782 4105533fe46dfba9 8abe670908f12614 cc507a0d6fcf4a1c 4d954d933e606b70 62431fd374eb99fb 0f4c71d341e2d939 a76ffccd2f5df1a7 b6e72edcad270be0 ddf332f2b55a2a23 666bdff4faa513ca 66ccd03c9e03ac06 4f2fffd7528de786 172bc0ee09332ae9 a2c35fdf07a13286 486dd77002936dec cea18be9a89d7a81 07f22a7ad7e4711d 6406fcdb7d87b5dc 0195950ce0f47e34 404031ab9d5977c4 999a52f1d301247c c31a456b544a40a8
32,29bedd00fb2be056 455fde214d16d350 33856365c271aea4 5989fb934598c1a7 07f22a7ad7e4711d 25a3b47fe31bc6b5 ddb3810e0289c148 387e9cd2e5d4ea7d ebfda3b48083e390 42c9b72cc77dcb28 025a148c3a53bd9f c5830f9d0f1e29e5 7155e5a86136eb02 65708d542bd01f39 57113c2a4cacd961 4d954d933e606b70 095bb1b6ecbd0a50 8643165b0f53df11 3ca7964973437917 eff60ceea8817dad 1f423f368aebf7f3 26fc2a95df5659c2 855f2f0354e102c7 63d95d5977c2fe98 7ee52d2519eea367 44d324ebd3e22ad7 1398b478b71773ed 4d417b203b333363 587e0b2a4811fab1 b6a1c97f19af78d0
33,d216e5458ad70e60 fb8bd6b95eb4702a d63b7f083330247f b6e646c13d0753ae e8684734f2e587bd 8a5635c748344d47 3ca7964973437917 60a070db9f1869b5 8bf446c0455e3c5c d5952b2e031c4e7e da7d3c2d591c4295 1d12acf7349196b0 cea18be9a89d7a81 bbbd5d2fd957e8f7 47fbe21f5c35c7b4 52370bea1acd0600 4d7653ea9499eed4 9a0f5ee4f845c9b2 0bcaac840d5e66d7 c28bc62802b90f82 702d8f1064ab3e30 3986b68500d7704b 3fa57d488e979d74 ff88049e61f0f4ef e0269da736ddf004 5fb2d8e734956af0 0708923badf2ff5d 734dabb98795c35c 942a7d26d81c841f bd0f175ee98c613e
34,99e833818ec4bbf2 522bd6887960c25d 01b3da54ffb158a0 4d32dae7b43c489a 061f3e1feeaa3094 24c47959ea77b15b 3c565c1fc2316d16 855f2f0354e102c7 b1dcaca98bb76736 4b29fc21f912754d 88b62355670ec8f8 d7d937303a6d5a9d c015590d6a6fe833 3b6d27775fce1c7b 3e66b4855d0dddbe a60934e6b473097a a65e30106ea50423 aa0789b403bcd839 87c5481930cfe126 5dd752753760ced8 81bd116c786bf9ae dc12cc503ac0eddb 65ad9c583823162d f48d0fbea7dc2782 bd713b37b67866c3 65708d542bd01f39 f209d29f991432f0 77e2f7da1f9d3a8f 54a11cbcd7a32af4 a5d5ba33b5b1dc95
35,72b80b099fd64ec4 7f95168400948588 f25bfcffedaccf28 2cebd52b41930f0a 16b11706660177ff 5547f9f1638ac345 45bd99d5d2eef776 ca43e349133fc0e3 6899956cd6c683f0 19e8f436d4b2fc25 cc0c9419f8a20603 b84b6c0b2e4d0306 b05b5f6850cfa158 c11b97f245a9dfd0 52aa48c07b34dc88 0add47a043c64d7f 92f42fbd0c38f7fd 1d72229ebcc00faf 43c354dbf952caaa a0566ca9daca7778 522bd6887960c25d 24c47959ea77b15b 3c565c1fc2316d16 4b29fc21f912754d 3b6d27775fce1c7b c015590d6a6fe833 3e66b4855d0dddbe a60934e6b473097a 81bd116c786bf9ae f48d0fbea7dc2782
36,bee46c54461925d0 2e4b00c01d58e79e 419b5dc40744fb9b 4535ce2e3dced00f 83f8f2fc471cad74 bfb8032f2183d471 6204e398d8c7f888 4577ae048ef1967d 4bed80e56ea2e099 57113c2a4cacd961 b2ee9eea2d974c90 050544c040f46152 7c98dedd223b36c0 8643165b0f53df11 0bcaac840d5e66d7 9a0f5ee4f845c9b2 52370bea1acd0600 4d7653ea9499eed4 c28bc62802b90f82 702d8f1064ab3e30 47fbe21f5c35c7b4 3fa57d488e979d74 ff88049e61f0f4ef e0269da736ddf004 bd713b37b67866c3 fd30682593995748 2a06f5614060e3b6 3986b68500d7704b 734dabb98795c35c 942a7d26d81c841f
37,58654e3143c6550b 5f94b027039f4e48 ebfda3b48083e390 0688c790d5806540 148ac4a56a18844d 0683b6a78f54be75 4dba7ce835494a63 25a3b47fe31bc6b5 522bd6887960c25d 828f5dfbbf1272ee fb8bd6b95eb4702a d216e5458ad70e60 e228204ae08d1355 72b80b099fd64ec4 99e833818ec4bbf2 e1460af4a7044067 4d7653ea9499eed4 db69d4cbfef8d22f f25bfcffedaccf28 7f95168400948588 01b3da54ffb158a0 538c7bb968b2154c 2cebd52b41930f0a ec1b3d7ccd3984d0 a853f13216170123 3c565c1fc2316d16 24c47959ea77b15b 5b4c879fc9c316fb f76f44d372517a9a 964a50d33717c26d
38,5048a37f10cf2d91 40583079f57235a6 f105a53e5cfae611 58654e3143c6550b 1d0f5fdc58e3efb5 70ebf53ced736fa4 ad06e9eeea8eb4ea c015590d6a6fe833 3b6d27775fce1c7b c143c095983a65c2 3b4a85bac6ead3c8 a60934e6b473097a 5f94b027039f4e48 e9c20b67a4c5395f ebfda3b48083e390 0688c790d5806540 587e0b2a4811fab1 4f915ad69e1dca36 28a2067685cb3e97 35488b3b8b781278 148ac4a56a18844d d257d1fbcf43abd5 50cb6a6c60ad711a 8dedff0a79784abc a9223c28b10c131f ce0f56b7190c268a 0f33ce8d8014f308 133b04350c75770b 24e582daf6f87158 0451447dd64f6284
39,7f29daa16b9b4cda 28403e62105b00f6 22dc81380cf4baec c606425856952286 9ab90dfc5c9b0b37 34a62e66e05f9a44 919b1679fffa7ef1 781aaf62a955e4e8 8700059e85433b32 c11b97f245a9dfd0 ce8cb4351b8c0f6e d46598813fb437e5 f6d23cdd2359f7c0 acae1d29289b1266 6d80d2e62d01f6bc 6a9aa1bd93e36e66 ac9ee0c09b538140 486dd77002936dec a982b5c3aed39396 6aac5e116b75aa22 a9dad59c7055b56c 04886579947a80c2 106204cd0e07e1b2 25a3b47fe31bc6b5 a0566ca9daca7778 fd30682593995748 3fa57d488e979d74 bd713b37b67866c3 3986b68500d7704b 2a06f5614060e3b6
40,8e0cc5199a0ee659 74ae9af23a383bf5 576dd429db946393 ae000f9d0b5e104e 1f423f368aebf7f3 204ec91c39d1479d 3986b68500d7704b 00e1e2eb13f650e4 bbbd5d2fd957e8f7 52370bea1acd0600 4d7653ea9499eed4 9a0f5ee4f845c9b2 0bcaac840d5e66d7 c28bc62802b90f82 702d8f1064ab3e30 3fa57d488e979d74 ff88049e61f0f4ef e0269da736ddf004 bd713b37b67866c3 fd30682593995748 39f6296778264878 47fbe21f5c35c7b4 e36475c1af5ea3ab 0708923badf2ff5d 734dabb98795c35c 942a7d26d81c841f bd0f175ee98c613e ae94d8435a6847f4 b6d0f83aad4e4dc7 b24820ae14e16a24
41,0f33ce8d8014f308 43c354dbf952caaa c015590d6a6fe833 3b6d27775fce1c7b c143c095983a65c2 e9c20b67a4c5395f 4f915ad69e1dca36 28a2067685cb3e97 35488b3b8b781278 50cb6a6c60ad711a 8dedff0a79784abc 24e582daf6f87158 0451447dd64f6284 52370bea1acd0600 3a6e7894dde31c67 285657fcdf89f00d b6a1c97f19af78d0 7c8324ce28ffb96e 3b4a85bac6ead3c8 d257d1fbcf43abd5 1ba7a50457e93996 0683b6a78f54be75 40583079f57235a6 f105a53e5cfae611 58654e3143c6550b 1d0f5fdc58e3efb5 70ebf53ced736fa4 ad06e9eeea8eb4ea 7d83ffe83f61bdc4 a60934e6b473097a
42,29bedd00fb2be056 455fde214d16d350 33856365c271aea4 5989fb934598c1a7 07f22a7ad7e4711d 25a3b47fe31bc6b5 ddb3810e0289c148 387e9cd2e5d4ea7d ebfda3b48083e390 42c9b72cc77dcb28 025a148c3a53bd9f c5830f9d0f1e29e5 7155e5a86136eb02 65708d542bd01f39 57113c2a4cacd961 4d954d933e606b70 095bb1b6ecbd0a50 8643165b0f53df11 3ca7964973437917 eff60ceea8817dad 1f423f368aebf7f3 26fc2a95df5659c2 855f2f0354e102c7 63d95d5977c2fe98 7ee52d2519eea367 44d324ebd3e22ad7 1398b478b71773ed 4d417b203b333363 587e0b2a4811fab1 b6a1c97f19af78d0
43,5570ef88d970e9b4 bf3ccaba4a3450a8 2e44fbb8bc3d8d71 39f6296778264878 351c9da399c2b915 fc8971756f9ec194 a677c3a76055a6d2 f28fb3d9880c5d4c 016da874bd04df55 bc27d5dc9bab1c18 c28bc62802b90f82 26fc2a95df5659c2 18b1d2d84c97a364 025a148c3a53bd9f fab14d178b24a67f 42c9b72cc77dcb28 316382267dcd804f fc21db75b354a917 74244a8703c03720 059bbdbdb843af6a d92c0298f76ccf77 4c3802a1bd3c842e 83f8aca6ee2caabc d72363ddd958d906 36d33c41812ce7dc d64c06baf5ef1c90 c810ac016901e8ac 0c2eeab1e4ce1db8 cc861214a89ef1f4 3d93a60f990a0a7c
44,29bedd00fb2be056 455fde214d16d350 33856365c271aea4 5989fb934598c1a7 07f22a7ad7e4711d 25a3b47fe31bc6b5 ddb3810e0289c148 387e9cd2e5d4ea7d ebfda3b48083e390 42c9b72cc77dcb28 025a148c3a53bd9f c5830f9d0f1e29e5 7155e5a86136eb02 65708d542bd01f39 57113c2a4cacd961 4d954d933e606b70 095bb1b6ecbd0a50 8643165b0f53df11 3ca7964973437917 eff60ceea8817dad 1f423f368aebf7f3 26fc2a95df5659c2 855f2f0354e102c7 63d95d5977c2fe98 7ee52d2519eea367 44d324ebd3e22ad7 1398b478b71773ed 4d417b203b333363 587e0b2a4811fab1 b6a1c97f19af78d0
45,095bb1b6ecbd0a50 ec4ef2f727e7a03f a04d6febd82a4389 0b0021aa60d05daa bb7515be835dea49 d5805cdb9e8f0f48 522bd6887960c25d 828f5dfbbf1272ee 54f55c74d37db3c0 fb8bd6b95eb4702a d216e5458ad70e60 72b80b099fd64ec4 393f49286db04aeb 33856365c271aea4 a292248bb2bffb3d 99e833818ec4bbf2 ce2fe99a7cda4a17 73391e0853c1e040 e1460af4a7044067 7f95168400948588 f25bfcffedaccf28 01b3da54ffb158a0 40583079f57235a6 538c7bb968b2154c 2cebd52b41930f0a ec1b3d7ccd3984d0 9cf6709de35bf0f3 16b11706660177ff 4d32dae7b43c489a 061f3e1feeaa3094
46,538c7bb968b2154c 2cebd52b41930f0a 5b4c879fc9c316fb 8fc68213b63951dc 528161039994b4dc b3ad55963554f220 942a7d26d81c841f 8faeacf8ca08f62d f46601a9955f9949 d980375fbd40c75f 16b11706660177ff a04d6febd82a4389 bb7515be835dea49 d5805cdb9e8f0f48 0b0021aa60d05daa 4d32dae7b43c489a 061f3e1feeaa3094 0a79fabc6f5d93c9 4491016efed845f1 1f4f62844c3cb99c 1d0f5fdc58e3efb5 c143c095983a65c2 33856365c271aea4 393f49286db04aeb a292248bb2bffb3d b0bfe0f426275870 5b16bae6a0de7c88 1ba7a50457e93996 73391e0853c1e040 3e66b4855d0dddbe
47,64c2e323906b42d3 b1dcaca98bb76736 2e4b00c01d58e79e 50806199c80e215c 83b911ff0ff45844 d1e21234d7cc61d2 8643165b0f53df11 ba5199dba342af68 e403278468d84383 e25a1da6ca187350 1fe79c7de59ff6c6 c1f2e3a76d388944 e8b87ed7db1bcb1f ca4de5b8a7bda9df 3c0873ce078d332b 1dc7139adba034ec 522bd6887960c25d 828f5dfbbf1272ee d216e5458ad70e60 fb8bd6b95eb4702a e228204ae08d1355 72b80b099fd64ec4 99e833818ec4bbf2 e1460af4a7044067 4d7653ea9499eed4 db69d4cbfef8d22f 7f95168400948588 f25bfcffedaccf28 01b3da54ffb158a0 538c7bb968b2154c
48,99e833818ec4bbf2 01b3da54ffb158a0 061f3e1feeaa3094 4d32dae7b43c489a 88b62355670ec8f8 d7d937303a6d5a9d a65e30106ea50423 aa0789b403bcd839 87c5481930cfe126 65ad9c583823162d dc12cc503ac0eddb 65708d542bd01f39 f209d29f991432f0 a5d5ba33b5b1dc95 0647acc4602d4e8f 455fde214d16d350 43b3338423d7386c fa173131f15f5534 29968e8fd13539f8 f49e13a653cbdad2 01e5a6edcee7deb0 1c3b74a02a86467d 0772e3ab293a1f30 3e8e56f639a5db5b 22756be6fd061d4c 95166957b2c38794 bc2ae5f4e5d53e00 e6a29676c096f8e8 1efd7bd8a34a1359 4e966bb2768c2b8a
49,395b26d91f98bd92 522bd6887960c25d 24c47959ea77b15b 3c565c1fc2316d16 4b29fc21f912754d c015590d6a6fe833 3b6d27775fce1c7b 3e66b4855d0dddbe a60934e6b473097a 81bd116c786bf9ae f48d0fbea7dc2782 bd713b37b67866c3 54a11cbcd7a32af4 b9d966ad9e04127a 81b639b74256b45b 64b31699d7d15934 5897953fdf87b60f f1a3b8b13e9401c0 0e45c4c185f35df6 48a76e3aff69d605 4d954d933e606b70 9fda36f260eec24e 0db6584e3bdfa1c4 62431fd374eb99fb 4f915ad69e1dca36 28a2067685cb3e97 a76ffccd2f5df1a7 0f4c71d341e2d939 8dedff0a79784abc 50cb6a6c60ad711a
50,4f31209941bb05fc 4535ce2e3dced00f f9c6286cff30aaa8 e461837f0fb35048 5430097e23000368 bee46c54461925d0 033d905aec273595 2e4b00c01d58e79e 419b5dc40744fb9b 72c2a95813ea72bd 83f8f2fc471cad74 bfb8032f2183d471 6204e398d8c7f888 4577ae048ef1967d 4bed80e56ea2e099 57113c2a4cacd961 b2ee9eea2d974c90 050544c040f46152 7c98dedd223b36c0 8643165b0f53df11 10ad13170242ecae 00d9eb862ba3dfc6 00e1e2eb13f650e4 fd30682593995748 bd713b37b67866c3 e0269da736ddf004 ae94d8435a6847f4 ff88049e61f0f4ef 3fa57d488e979d74 3986b68500d7704b
51,4fe9e4e55585ba4b ec1b3d7ccd3984d0 0a79fabc6f5d93c9 34a62e66e05f9a44 27bc34b9887bec0d 48f93f9c2c699e19 e22c35101e190db9 3cb6b40d377e7ca8 8699cc5dd4159b69 25145708d494530b 7155e5a86136eb02 09bbaa171c20bae3 03dfe518713e006c 3d6880bd12f6613f 45630e1451157ff3 0079f3c74309b582 10ad13170242ecae d73a65673e3f1d78 00d9eb862ba3dfc6 702d8f1064ab3e30 c28bc62802b90f82 0bcaac840d5e66d7 4d7653ea9499eed4 3986b68500d7704b 3fa57d488e979d74 ff88049e61f0f4ef e0269da736ddf004 bd713b37b67866c3 fd30682593995748 2a06f5614060e3b6
52,64c2e323906b42d3 50806199c80e215c 005666aa098abe8e b1dcaca98bb76736 2e4b00c01d58e79e 828f5dfbbf1272ee e228204ae08d1355 e1460af4a7044067 4d7653ea9499eed4 d980375fbd40c75f 939a1f686ea36c05 1d0f5fdc58e3efb5 eab15ee21e126f6a 96e82fa141db9a4b 8643165b0f53df11 83b911ff0ff45844 d1e21234d7cc61d2 366a22fce0614fb8 8566d15270eb5e83 bf973f9ec3600199 26140b225c4f8d3f fb2ebcb5335ad2e2 a492bd402afd5c71 8e0760918e88e4a9 5c8c6d9a1fd4c1e0 e878efab7c37179e 9269d2b0d877352d a860b682add9de1c 877672967d3f70bb 95ecdbff44ad0b60
53,99e833818ec4bbf2 01b3da54ffb158a0 4d32dae7b43c489a 061f3e1feeaa3094 88b62355670ec8f8 d7d937303a6d5a9d 10ad13170242ecae a65e30106ea50423 aa0789b403bcd839 87c5481930cfe126 65ad9c583823162d dc12cc503ac0eddb 65708d542bd01f39 f209d29f991432f0 a5d5ba33b5b1dc95 0647acc4602d4e8f 455fde214d16d350 43b3338423d7386c fa173131f15f5534 29968e8fd13539f8 f49e13a653cbdad2 01e5a6edcee7deb0 1c3b74a02a86467d 0772e3ab293a1f30 3e8e56f639a5db5b 22756be6fd061d4c 95166957b2c38794 bc2ae5f4e5d53e00 e6a29676c096f8e8 1efd7bd8a34a1359
54,f48d0fbea7dc2782 120e745e2961b5d5 37001ade0df85823 b0b5e62a93a2c37c fc8971756f9ec194 f28fb3d9880c5d4c a677c3a76055a6d2 351c9da399c2b915 42c9b72cc77dcb28 2e44fbb8bc3d8d71 0c2eeab1e4ce1db8 3c565c1fc2316d16 24c47959ea77b15b 4b29fc21f912754d ecb768ef6fd223ca c5830f9d0f1e29e5 1a8e5d6512d9e2d8 3e66b4855d0dddbe a853f13216170123 5b4c879fc9c316fb 6461a9faa871b3ac 2820628e65a062e2 155600e5f1221f8c 4d954d933e606b70 62431fd374eb99fb 0f4c71d341e2d939 a76ffccd2f5df1a7 b6e72edcad270be0 ddf332f2b55a2a23 66ccd03c9e03ac06
55,b2ee9eea2d974c90 2e4b00c01d58e79e 8643165b0f53df11 50806199c80e215c bee46c54461925d0 b1dcaca98bb76736 64c2e323906b42d3 419b5dc40744fb9b a60934e6b473097a f29eee8054c061e1 4535ce2e3dced00f 538c7bb968b2154c d1e21234d7cc61d2 83f8f2fc471cad74 bfb8032f2183d471 6204e398d8c7f888 4577ae048ef1967d 4bed80e56ea2e099 57113c2a4cacd961 cb3e4ce97e7f2881 e228204ae08d1355 050544c040f46152 7c98dedd223b36c0 83b911ff0ff45844 aa0789b403bcd839 4d7653ea9499eed4 db69d4cbfef8d22f f76f44d372517a9a 964a50d33717c26d 9cf6709de35bf0f3
56,a65e30106ea50423 b9d966ad9e04127a 522bd6887960c25d a60934e6b473097a 81bd116c786bf9ae bd713b37b67866c3 24c47959ea77b15b 3c565c1fc2316d16 54a11cbcd7a32af4 81b639b74256b45b 4b29fc21f912754d 64b31699d7d15934 f1a3b8b13e9401c0 395b26d91f98bd92 9fda36f260eec24e c015590d6a6fe833 3b6d27775fce1c7b 3e66b4855d0dddbe 66ccd03c9e03ac06 a2c35fdf07a13286 42bb83d7c4b9ecae 59c231f8fd21260c 05e4165a56bf50eb f48d0fbea7dc2782 a982b5c3aed39396 9a0f5ee4f845c9b2 5897953fdf87b60f 0e45c4c185f35df6 48a76e3aff69d605 4d954d933e606b70
57,52aa48c07b34dc88 72b80b099fd64ec4 f25bfcffedaccf28 7f95168400948588 2cebd52b41930f0a 16b11706660177ff 5547f9f1638ac345 45bd99d5d2eef776 ca43e349133fc0e3 19e8f436d4b2fc25 6899956cd6c683f0 cc0c9419f8a20603 b84b6c0b2e4d0306 b05b5f6850cfa158 c11b97f245a9dfd0 0add47a043c64d7f 92f42fbd0c38f7fd 1d72229ebcc00faf 43c354dbf952caaa a0566ca9daca7778 4b8c7061102517ef 702d8f1064ab3e30 3986b68500d7704b 3fa57d488e979d74 ff88049e61f0f4ef af8e70f978cd5aee e0269da736ddf004 bd713b37b67866c3 b24820ae14e16a24 b6d0f83aad4e4dc7
58,5b16bae6a0de7c88 73391e0853c1e040 abf90e759d208468 09660f466b38b7ba 0d0368139e9a647f f58ff7f1a6cde683 46b99f864d6a075a b29ab87af6ea6310 72403ecdfe02bba6 8d58da0e1800dc96 01020d1b0821f4c7 70776cdd9bb3b7d4 f9c6286cff30aaa8 f2234bb7ce0c6f59 a9eef13786610446 00140806971e7a73 b749972436ac9791 f705b637f624147e 0fbd0f422e926816 a14394322cf7043d e7cad3748e50b0f8 4a5ac473c9d176ba b6d0f83aad4e4dc7 64267373570e4ea3 c08c3765ac609cc0 387e9cd2e5d4ea7d 05f23e7d05dbf7c2 ac9ee0c09b538140 d35e11d3d1ab3c67 63d95d5977c2fe98
59,1ba7a50457e93996 7d83ffe83f61bdc4 bbbd5d2fd957e8f7 db0e648651f4c92b 49b5678e0d1e5bcd ae77487a89f2610c 7e4a4a1300b77a06 5430097e23000368 d257d1fbcf43abd5 0683b6a78f54be75 522bd6887960c25d 828f5dfbbf1272ee d216e5458ad70e60 fb8bd6b95eb4702a e228204ae08d1355 72b80b099fd64ec4 99e833818ec4bbf2 e1460af4a7044067 4d7653ea9499eed4 db69d4cbfef8d22f 7f95168400948588 f25bfcffedaccf28 01b3da54ffb158a0 538c7bb968b2154c 2cebd52b41930f0a ec1b3d7ccd3984d0 a853f13216170123 24c47959ea77b15b 3c565c1fc2316d16 5b4c879fc9c316fb
60,00d9eb862ba3dfc6 013030fd7d29bf3d 00e1e2eb13f650e4 734dabb98795c35c 428f9363fa35882d 4f31209941bb05fc 0079f3c74309b582 83f5a9732f0de67f f54ad8d1eb18212e 2e2904c5373734ae 892074f7c1ef5d5e 855f2f0354e102c7 07be6a290720707d dc576af4ae66e25e 28403e62105b00f6 e8ad5e31484ef889 b1dcaca98bb76736 765c0695339c3abe bc2552a642ce8497 585f4ee09d8fea46 63d509cd2a2e0e47 f0d53dcf0c296b57 19b4014943e0ad92 c49d8f84a4f87f8a 3986b68500d7704b 9ab90dfc5c9b0b37 919b1679fffa7ef1 72c2a95813ea72bd 5dd752753760ced8 e7dd56376be2cf1c
61,1ba7a50457e93996 7d83ffe83f61bdc4 49b5678e0d1e5bcd db0e648651f4c92b bbbd5d2fd957e8f7 ae77487a89f2610c 7e4a4a1300b77a06 5430097e23000368 d257d1fbcf43abd5 522bd6887960c25d 0683b6a78f54be75 3c565c1fc2316d16 24c47959ea77b15b 4b29fc21f912754d c015590d6a6fe833 3b6d27775fce1c7b 3e66b4855d0dddbe a60934e6b473097a 81bd116c786bf9ae f48d0fbea7dc2782 bd713b37b67866c3 54a11cbcd7a32af4 b9d966ad9e04127a 81b639b74256b45b 64b31699d7d15934 5897953fdf87b60f f1a3b8b13e9401c0 0e45c4c185f35df6 395b26d91f98bd92 48a76e3aff69d605
62,855f2f0354e102c7 b1dcaca98bb76736 a853f13216170123 24c47959ea77b15b 3c565c1fc2316d16 5b4c879fc9c316fb 4b29fc21f912754d 3e66b4855d0dddbe 5dd752753760ced8 77e2f7da1f9d3a8f e0269da736ddf004 520ec719078be07c 377c1150c781e37a f48d0fbea7dc2782 cc507a0d6fcf4a1c 4d954d933e606b70 62431fd374eb99fb 0f4c71d341e2d939 a76ffccd2f5df1a7 b6e72edcad270be0 ddf332f2b55a2a23 666bdff4faa513ca 66ccd03c9e03ac06 4f2fffd7528de786 172bc0ee09332ae9 a2c35fdf07a13286 edc79e57b20e9036 486dd77002936dec cea18be9a89d7a81 07f22a7ad7e4711d
63,8e0760918e88e4a9 e0269da736ddf004 47fbe21f5c35c7b4 52370bea1acd0600 4d7653ea9499eed4 9a0f5ee4f845c9b2 0bcaac840d5e66d7 c28bc62802b90f82 702d8f1064ab3e30 e36475c1af5ea3ab 3fa57d488e979d74 ff88049e61f0f4ef bd713b37b67866c3 fd30682593995748 2a06f5614060e3b6 39f6296778264878 e25a1da6ca187350 3986b68500d7704b e7cad3748e50b0f8 0708923badf2ff5d 734dabb98795c35c 942a7d26d81c841f bd0f175ee98c613e ae94d8435a6847f4 b6d0f83aad4e4dc7 b24820ae14e16a24 bbbd5d2fd957e8f7 4b8c7061102517ef af8e70f978cd5aee 5ebb4d2f5f1c1f13
64,430feb4826a5632e 27888817db122597 ec1b3d7ccd3984d0 0a79fabc6f5d93c9 34a62e66e05f9a44 27bc34b9887bec0d 4fe9e4e55585ba4b 48f93f9c2c699e19 3cb6b40d377e7ca8 e22c35101e190db9 8699cc5dd4159b69 25145708d494530b 7155e5a86136eb02 09bbaa171c20bae3 03dfe518713e006c 3d6880bd12f6613f 45630e1451157ff3 10ad13170242ecae 00d9eb862ba3dfc6 d73a65673e3f1d78 128d583954b18074 0bcaac840d5e66d7 702d8f1064ab3e30 3986b68500d7704b 3fa57d488e979d74 b24820ae14e16a24 b6d0f83aad4e4dc7 ff88049e61f0f4ef e0269da736ddf004 bd713b37b67866c3
65,7ee52d2519eea367 20db73cf07a45f71 9fda36f260eec24e 95d25d38ba7df9c7 42bb83d7c4b9ecae 05e4165a56bf50eb b6a1c97f19af78d0 a017f3358d5327aa c31a456b544a40a8 9a0f5ee4f845c9b2 0bcaac840d5e66d7 e25a1da6ca187350 39f6296778264878 c28bc62802b90f82 702d8f1064ab3e30 3fa57d488e979d74 2a06f5614060e3b6 ff88049e61f0f4ef e0269da736ddf004 bd713b37b67866c3 fd30682593995748 3986b68500d7704b 734dabb98795c35c bd0f175ee98c613e ae94d8435a6847f4 b6d0f83aad4e4dc7 b24820ae14e16a24 622f2e4119882c94 4b8c7061102517ef af8e70f978cd5aee
66,29bedd00fb2be056 455fde214d16d350 33856365c271aea4 5989fb934598c1a7 07f22a7ad7e4711d 25a3b47fe31bc6b5 ddb3810e0289c148 387e9cd2e5d4ea7d ebfda3b48083e390 42c9b72cc77dcb28 025a148c3a53bd9f c5830f9d0f1e29e5 7155e5a86136eb02 65708d542bd01f39 57113c2a4cacd961 4d954d933e606b70 095bb1b6ecbd0a50 8643165b0f53df11 3ca7964973437917 eff60ceea8817dad 1f423f368aebf7f3 26fc2a95df5659c2 855f2f0354e102c7 63d95d5977c2fe98 7ee52d2519eea367 44d324ebd3e22ad7 1398b478b71773ed 4d417b203b333363 587e0b2a4811fab1 b6a1c97f19af78d0
67,e8684734f2e587bd 892074f7c1ef5d5e fb8bd6b95eb4702a d216e5458ad70e60 b6e646c13d0753ae 3ca7964973437917 60a070db9f1869b5 522bd6887960c25d 095bb1b6ecbd0a50 ec4ef2f727e7a03f 8fc68213b63951dc 528161039994b4dc b3ad55963554f220 8faeacf8ca08f62d f46601a9955f9949 942a7d26d81c841f d5952b2e031c4e7e eec6b281e236b500 bd0f175ee98c613e 9100ea6cd0e084bf e1460af4a7044067 4d7653ea9499eed4 f25bfcffedaccf28 7f95168400948588 01b3da54ffb158a0 54f55c74d37db3c0 ec1b3d7ccd3984d0 a853f13216170123 a292248bb2bffb3d 33856365c271aea4
68,702d8f1064ab3e30 a813c15b46ceaf68 a853f13216170123 3c565c1fc2316d16 24c47959ea77b15b 5b4c879fc9c316fb 4b29fc21f912754d 939a1f686ea36c05 bee46c54461925d0 9f4e0d572b1f4e6c 855f2f0354e102c7 3b4a85bac6ead3c8 3e66b4855d0dddbe d92c0298f76ccf77 447fc00f40d71d08 fc16a50ff0baec53 f48d0fbea7dc2782 26140b225c4f8d3f cc507a0d6fcf4a1c a492bd402afd5c71 e878efab7c37179e 2e031d83339759b2 50806199c80e215c 4d954d933e606b70 09bbaa171c20bae3 5d26da95786b3a3a 1a05ef8c93af8eed 62431fd374eb99fb 92f42fbd0c38f7fd c36c2dce0e6e434f
69,3b4a85bac6ead3c8 999a52f1d301247c 40583079f57235a6 daa257a37227cd72 7c8324ce28ffb96e 4dba7ce835494a63 486dd77002936dec 29bedd00fb2be056 9f3d2ca16f358290 f105a53e5cfae611 58654e3143c6550b 1d0f5fdc58e3efb5 702d8f1064ab3e30 70ebf53ced736fa4 ad06e9eeea8eb4ea 3b6d27775fce1c7b c015590d6a6fe833 c143c095983a65c2 b69ce8b8154645f8 a813c15b46ceaf68 404031ab9d5977c4 a853f13216170123 25a3b47fe31bc6b5 a60934e6b473097a 24c47959ea77b15b 3c565c1fc2316d16 5b4c879fc9c316fb a52df8083c238c46 a9dad59c7055b56c c606425856952286
70,db69d4cbfef8d22f f76f44d372517a9a 9cf6709de35bf0f3 f2e30efbd27bee51 f44f74b3451aa593 c5830f9d0f1e29e5 3734d3b0b9232538 522bd6887960c25d 3c565c1fc2316d16 24c47959ea77b15b 4b29fc21f912754d 3b6d27775fce1c7b c015590d6a6fe833 3e66b4855d0dddbe a60934e6b473097a 81bd116c786bf9ae f48d0fbea7dc2782 bd713b37b67866c3 54a11cbcd7a32af4 b9d966ad9e04127a 81b639b74256b45b 64b31699d7d15934 5897953fdf87b60f f1a3b8b13e9401c0 013030fd7d29bf3d 0e45c4c185f35df6 395b26d91f98bd92 48a76e3aff69d605 4d954d933e606b70 9fda36f260eec24e
71,fab14d178b24a67f af8e70f978cd5aee cc861214a89ef1f4 4b8c7061102517ef 4105533fe46dfba9 522bd6887960c25d 059bbdbdb843af6a 1ba7a50457e93996 a60934e6b473097a 828f5dfbbf1272ee fb8bd6b95eb4702a d216e5458ad70e60 7d83ffe83f61bdc4 81bd116c786bf9ae 72b80b099fd64ec4 99e833818ec4bbf2 bd713b37b67866c3 db0e648651f4c92b 49b5678e0d1e5bcd bbbd5d2fd957e8f7 e1460af4a7044067 ae77487a89f2610c 54a11cbcd7a32af4 3c565c1fc2316d16 24c47959ea77b15b b9d966ad9e04127a 7f95168400948588 f25bfcffedaccf28 81b639b74256b45b 01b3da54ffb158a0
72,b78189788d563693 025a148c3a53bd9f 46315cf30aaee51c 8f578001f9d5f543 0eafda717681bbdc 20d283a232dfd13c fc21db75b354a917 b29ab87af6ea6310 d92c0298f76ccf77 ffa9091747ae2466 b760ebc5f25788d3 d6bbbd6c4968075a 27888817db122597 853e36b1550c6274 2359719a0f40ffac acae1d29289b1266 6d80d2e62d01f6bc ecb768ef6fd223ca 6406fcdb7d87b5dc a017f3358d5327aa 6aac5e116b75aa22 d73a65673e3f1d78 0195950ce0f47e34 ae94d8435a6847f4 00e1e2eb13f650e4 bd713b37b67866c3 b6d0f83aad4e4dc7 e0269da736ddf004 ff88049e61f0f4ef 3fa57d488e979d74
73,1ba7a50457e93996 7d83ffe83f61bdc4 bbbd5d2fd957e8f7 49b5678e0d1e5bcd db0e648651f4c92b ae77487a89f2610c 7e4a4a1300b77a06 5430097e23000368 d257d1fbcf43abd5 0683b6a78f54be75 013030fd7d29bf3d 52370bea1acd0600 4d7653ea9499eed4 9a0f5ee4f845c9b2 95166957b2c38794 0bcaac840d5e66d7 366a22fce0614fb8 c28bc62802b90f82 702d8f1064ab3e30 3986b68500d7704b 00e1e2eb13f650e4 3fa57d488e979d74 ff88049e61f0f4ef e0269da736ddf004 bd713b37b67866c3 0772e3ab293a1f30 47fbe21f5c35c7b4 942a7d26d81c841f bd0f175ee98c613e ae94d8435a6847f4
74,fc8971756f9ec194 f28fb3d9880c5d4c a677c3a76055a6d2 2e44fbb8bc3d8d71 4a5ac473c9d176ba 351c9da399c2b915 42c9b72cc77dcb28 0c2eeab1e4ce1db8 bc27d5dc9bab1c18 016da874bd04df55 26fc2a95df5659c2 c28bc62802b90f82 18b1d2d84c97a364 025a148c3a53bd9f 5570ef88d970e9b4 fab14d178b24a67f 120e745e2961b5d5 b0b5e62a93a2c37c 37001ade0df85823 316382267dcd804f fc21db75b354a917 74244a8703c03720 39f6296778264878 d92c0298f76ccf77 d72363ddd958d906 83f8aca6ee2caabc c810ac016901e8ac d64c06baf5ef1c90 36d33c41812ce7dc 059bbdbdb843af6a
75,a853f13216170123 3c565c1fc2316d16 24c47959ea77b15b 5b4c879fc9c316fb 4b29fc21f912754d 3e66b4855d0dddbe f48d0fbea7dc2782 cc507a0d6fcf4a1c 4d954d933e606b70 62431fd374eb99fb a76ffccd2f5df1a7 0f4c71d341e2d939 b6e72edcad270be0 10ad13170242ecae ddf332f2b55a2a23 666bdff4faa513ca 66ccd03c9e03ac06 4f2fffd7528de786 172bc0ee09332ae9 a2c35fdf07a13286 486dd77002936dec cea18be9a89d7a81 07f22a7ad7e4711d 702d8f1064ab3e30 6406fcdb7d87b5dc 404031ab9d5977c4 a813c15b46ceaf68 999a52f1d301247c c31a456b544a40a8 238de368bb05c0ec
76,095bb1b6ecbd0a50 ec4ef2f727e7a03f b3ad55963554f220 8faeacf8ca08f62d 8fc68213b63951dc 942a7d26d81c841f f46601a9955f9949 528161039994b4dc bb7515be835dea49 0b0021aa60d05daa a04d6febd82a4389 d5805cdb9e8f0f48 eec6b281e236b500 9100ea6cd0e084bf bd0f175ee98c613e 4491016efed845f1 1f4f62844c3cb99c 33856365c271aea4 a292248bb2bffb3d 393f49286db04aeb 702d8f1064ab3e30 ce2fe99a7cda4a17 636224e349e561bf 955e465ce0788ea6 12af6a34778710db 39075e303166355e a813c15b46ceaf68 40583079f57235a6 b3e75fdca5ca2f1a 6c017e548aa138f2
77,2e44fbb8bc3d8d71 fc8971756f9ec194 f28fb3d9880c5d4c a677c3a76055a6d2 351c9da399c2b915 42c9b72cc77dcb28 0c2eeab1e4ce1db8 9100ea6cd0e084bf bd0f175ee98c613e 1f4f62844c3cb99c 059bbdbdb843af6a 120e745e2961b5d5 b0b5e62a93a2c37c 37001ade0df85823 016da874bd04df55 bc27d5dc9bab1c18 c28bc62802b90f82 26fc2a95df5659c2 18b1d2d84c97a364 025a148c3a53bd9f 5570ef88d970e9b4 fab14d178b24a67f 8f578001f9d5f543 316382267dcd804f fc21db75b354a917 74244a8703c03720 39f6296778264878 bed3e73d52011f68 d92c0298f76ccf77 6cb9ab508a0678a0
78,ec4ef2f727e7a03f 095bb1b6ecbd0a50 528161039994b4dc 8faeacf8ca08f62d 942a7d26d81c841f b3ad55963554f220 8fc68213b63951dc f46601a9955f9949 64b31699d7d15934 a04d6febd82a4389 d5805cdb9e8f0f48 bb7515be835dea49 0b0021aa60d05daa eec6b281e236b500 9100ea6cd0e084bf bd0f175ee98c613e 4491016efed845f1 0db6584e3bdfa1c4 1f4f62844c3cb99c a292248bb2bffb3d 393f49286db04aeb 33856365c271aea4 702d8f1064ab3e30 ce2fe99a7cda4a17 522bd6887960c25d 636224e349e561bf 955e465ce0788ea6 12af6a34778710db 39075e303166355e a813c15b46ceaf68
79,c31a456b544a40a8 a853f13216170123 3c565c1fc2316d16 24c47959ea77b15b 5b4c879fc9c316fb 4b29fc21f912754d 3e66b4855d0dddbe f48d0fbea7dc2782 cc507a0d6fcf4a1c 4d954d933e606b70 62431fd374eb99fb 0f4c71d341e2d939 a76ffccd2f5df1a7 b6e72edcad270be0 ddf332f2b55a2a23 666bdff4faa513ca 66ccd03c9e03ac06 4f2fffd7528de786 172bc0ee09332ae9 a2c35fdf07a13286 486dd77002936dec cea18be9a89d7a81 07f22a7ad7e4711d 6406fcdb7d87b5dc 404031ab9d5977c4 999a52f1d301247c 238de368bb05c0ec 3fa57d488e979d74 ff88049e61f0f4ef e0269da736ddf004
80,d73a65673e3f1d78 128d583954b18074 47fbe21f5c35c7b4 52370bea1acd0600 4d7653ea9499eed4 9a0f5ee4f845c9b2 0bcaac840d5e66d7 c28bc62802b90f82 702d8f1064ab3e30 3986b68500d7704b c31a456b544a40a8 ff88049e61f0f4ef e0269da736ddf004 bd713b37b67866c3 fd30682593995748 2a06f5614060e3b6 39f6296778264878 e25a1da6ca187350 3fa57d488e979d74 e7cad3748e50b0f8 0708923badf2ff5d 734dabb98795c35c 942a7d26d81c841f bd0f175ee98c613e ae94d8435a6847f4 b6d0f83aad4e4dc7 b24820ae14e16a24 bbbd5d2fd957e8f7 4b8c7061102517ef af8e70f978cd5aee
81,4e966bb2768c2b8a 99e833818ec4bbf2 01b3da54ffb158a0 061f3e1feeaa3094 4d32dae7b43c489a 88b62355670ec8f8 d7d937303a6d5a9d a65e30106ea50423 aa0789b403bcd839 87c5481930cfe126 65ad9c583823162d dc12cc503ac0eddb 65708d542bd01f39 f209d29f991432f0 a5d5ba33b5b1dc95 0647acc4602d4e8f 455fde214d16d350 43b3338423d7386c fa173131f15f5534 29968e8fd13539f8 f49e13a653cbdad2 01e5a6edcee7deb0 1c3b74a02a86467d 0772e3ab293a1f30 3e8e56f639a5db5b 22756be6fd061d4c 95166957b2c38794 bc2ae5f4e5d53e00 e6a29676c096f8e8 1efd7bd8a34a1359
82,39075e303166355e 5570ef88d970e9b4 da011b87595c1019 39f6296778264878 ae94d8435a6847f4 430feb4826a5632e 65fac1ba1840000f f705b637f624147e 047769588be1aea9 4a5ac473c9d176ba bf3ccaba4a3450a8 47fbe21f5c35c7b4 351c9da399c2b915 2901e5309bb3f8f6 5c4b7558c942a224 72c2a95813ea72bd 6aac5e116b75aa22 e7dd56376be2cf1c 10ad13170242ecae 680bb5c5c3bb6ee1 00d9eb862ba3dfc6 00e1e2eb13f650e4 9cf6709de35bf0f3 bbbd5d2fd957e8f7 796888cc3443006c 7c8324ce28ffb96e 52370bea1acd0600 4d7653ea9499eed4 9a0f5ee4f845c9b2 0bcaac840d5e66d7
83,46b99f864d6a075a 74244a8703c03720 447fc00f40d71d08 29968e8fd13539f8 680bb5c5c3bb6ee1 013030fd7d29bf3d c96049ed915ced0a 0a49074a4158155b d73a65673e3f1d78 128d583954b18074 52370bea1acd0600 9a0f5ee4f845c9b2 0bcaac840d5e66d7 c28bc62802b90f82 702d8f1064ab3e30 3986b68500d7704b 3fa57d488e979d74 ff88049e61f0f4ef e0269da736ddf004 bd713b37b67866c3 fd30682593995748 2a06f5614060e3b6 39f6296778264878 4d7653ea9499eed4 734dabb98795c35c 942a7d26d81c841f bd0f175ee98c613e ae94d8435a6847f4 b6d0f83aad4e4dc7 b24820ae14e16a24
84,72b80b099fd64ec4 f25bfcffedaccf28 7f95168400948588 2cebd52b41930f0a 16b11706660177ff 5547f9f1638ac345 45bd99d5d2eef776 ca43e349133fc0e3 19e8f436d4b2fc25 6899956cd6c683f0 cc0c9419f8a20603 b84b6c0b2e4d0306 b05b5f6850cfa158 c11b97f245a9dfd0 52aa48c07b34dc88 0add47a043c64d7f 92f42fbd0c38f7fd 1d72229ebcc00faf 43c354dbf952caaa a0566ca9daca7778 c28bc62802b90f82 622f2e4119882c94 702d8f1064ab3e30 3986b68500d7704b 3fa57d488e979d74 ff88049e61f0f4ef b24820ae14e16a24 e0269da736ddf004 bd713b37b67866c3 b6d0f83aad4e4dc7
85,de35d2410e916471 d7d937303a6d5a9d c6b615b2589e036d 7e4a4a1300b77a06 b3e75fdca5ca2f1a 6c017e548aa138f2 a14394322cf7043d c606425856952286 a2805ed52b47b8ec 680bb5c5c3bb6ee1 20d283a232dfd13c 0eafda717681bbdc 316382267dcd804f 0b0021aa60d05daa d5805cdb9e8f0f48 a04d6febd82a4389 bb7515be835dea49 74873b42602d8958 6cb9ab508a0678a0 622f2e4119882c94 33856365c271aea4 393f49286db04aeb a292248bb2bffb3d 73391e0853c1e040 538c7bb968b2154c 2cebd52b41930f0a 16b11706660177ff 4d32dae7b43c489a 061f3e1feeaa3094 0a79fabc6f5d93c9
86,5b16bae6a0de7c88 73391e0853c1e040 09660f466b38b7ba 48a76e3aff69d605 b29ab87af6ea6310 8d58da0e1800dc96 a14394322cf7043d abf90e759d208468 5c4b7558c942a224 59c231f8fd21260c 95166957b2c38794 63d509cd2a2e0e47 e6a29676c096f8e8 1efd7bd8a34a1359 0d0368139e9a647f f58ff7f1a6cde683 46b99f864d6a075a ac9ee0c09b538140 72403ecdfe02bba6 01020d1b0821f4c7 70776cdd9bb3b7d4 f9c6286cff30aaa8 a9eef13786610446 f2234bb7ce0c6f59 b749972436ac9791 00140806971e7a73 f705b637f624147e a0566ca9daca7778 0fbd0f422e926816 e7cad3748e50b0f8
87,00ff646ca6637bd7 6cb9ab508a0678a0 00af886180e9eaec 354d7a327bbcc152 9a439fd1abf95245 bbbd5d2fd957e8f7 47fbe21f5c35c7b4 52370bea1acd0600 4d7653ea9499eed4 9a0f5ee4f845c9b2 0bcaac840d5e66d7 c28bc62802b90f82 702d8f1064ab3e30 cea18be9a89d7a81 3fa57d488e979d74 ff88049e61f0f4ef e0269da736ddf004 bd713b37b67866c3 fd30682593995748 2a06f5614060e3b6 3986b68500d7704b e36475c1af5ea3ab e7cad3748e50b0f8 0708923badf2ff5d 734dabb98795c35c 942a7d26d81c841f bd0f175ee98c613e ae94d8435a6847f4 b6d0f83aad4e4dc7 5fb2d8e734956af0
88,29bedd00fb2be056 c08c3765ac609cc0 05f23e7d05dbf7c2 6d80d2e62d01f6bc b69ce8b8154645f8 0d0368139e9a647f a52df8083c238c46 63d95d5977c2fe98 74e59c5820900b17 daa257a37227cd72 8d58da0e1800dc96 2359719a0f40ffac b749972436ac9791 f2234bb7ce0c6f59 a9eef13786610446 00140806971e7a73 f705b637f624147e 54f55c74d37db3c0 796888cc3443006c 0fbd0f422e926816 44d324ebd3e22ad7 42a5cae2a3a45557 ac9ee0c09b538140 e7cad3748e50b0f8 d46598813fb437e5 4a5ac473c9d176ba bf3ccaba4a3450a8 5fb2d8e734956af0 bed3e73d52011f68 5b34da30b93eb123
89,0708923badf2ff5d b0e254dd420faee3 0eedb1a0d3b8ddae 6ae470a7c9ec20fd d73a65673e3f1d78 52370bea1acd0600 4d7653ea9499eed4 9a0f5ee4f845c9b2 0bcaac840d5e66d7 c28bc62802b90f82 702d8f1064ab3e30 e25a1da6ca187350 3fa57d488e979d74 ff88049e61f0f4ef e0269da736ddf004 bd713b37b67866c3 fd30682593995748 2a06f5614060e3b6 39f6296778264878 3986b68500d7704b e7cad3748e50b0f8 734dabb98795c35c 942a7d26d81c841f bd0f175ee98c613e ae94d8435a6847f4 b6d0f83aad4e4dc7 b24820ae14e16a24 622f2e4119882c94 47fbe21f5c35c7b4 af8e70f978cd5aee
90,45bd99d5d2eef776 47fbe21f5c35c7b4 b1e47da7659b675c 8df3f13d6af34cb3 d73a65673e3f1d78 128d583954b18074 4d7653ea9499eed4 9a0f5ee4f845c9b2 0bcaac840d5e66d7 c28bc62802b90f82 702d8f1064ab3e30 3986b68500d7704b 52370bea1acd0600 ff88049e61f0f4ef e0269da736ddf004 bd713b37b67866c3 fd30682593995748 2a06f5614060e3b6 39f6296778264878 c31a456b544a40a8 3fa57d488e979d74 0708923badf2ff5d 734dabb98795c35c 942a7d26d81c841f bd0f175ee98c613e ae94d8435a6847f4 b6d0f83aad4e4dc7 b24820ae14e16a24 622f2e4119882c94 e25a1da6ca187350
91,025a148c3a53bd9f 8f578001f9d5f543 bd0f175ee98c613e 9100ea6cd0e084bf fc21db75b354a917 1f4f62844c3cb99c 9f4e0d572b1f4e6c d92c0298f76ccf77 2e44fbb8bc3d8d71 3b4a85bac6ead3c8 059bbdbdb843af6a 016da874bd04df55 bc27d5dc9bab1c18 c28bc62802b90f82 26fc2a95df5659c2 18b1d2d84c97a364 5570ef88d970e9b4 fab14d178b24a67f 316382267dcd804f 74244a8703c03720 39f6296778264878 bed3e73d52011f68 6cb9ab508a0678a0 2820628e65a062e2 83f8aca6ee2caabc d72363ddd958d906 36d33c41812ce7dc d64c06baf5ef1c90 c810ac016901e8ac f9c6286cff30aaa8
92,522bd6887960c25d 24c47959ea77b15b 3c565c1fc2316d16 4b29fc21f912754d 3b6d27775fce1c7b c015590d6a6fe833 3e66b4855d0dddbe a60934e6b473097a 81bd116c786bf9ae f48d0fbea7dc2782 bd713b37b67866c3 54a11cbcd7a32af4 b9d966ad9e04127a 81b639b74256b45b 64b31699d7d15934 5897953fdf87b60f f1a3b8b13e9401c0 0e45c4c185f35df6 395b26d91f98bd92 48a76e3aff69d605 4d954d933e606b70 9fda36f260eec24e 0db6584e3bdfa1c4 62431fd374eb99fb 4f915ad69e1dca36 28a2067685cb3e97 0f4c71d341e2d939 a76ffccd2f5df1a7 8dedff0a79784abc 50cb6a6c60ad711a
93,29bedd00fb2be056 455fde214d16d350 33856365c271aea4 5989fb934598c1a7 07f22a7ad7e4711d 25a3b47fe31bc6b5 ddb3810e0289c148 387e9cd2e5d4ea7d ebfda3b48083e390 42c9b72cc77dcb28 025a148c3a53bd9f c5830f9d0f1e29e5 7155e5a86136eb02 65708d542bd01f39 57113c2a4cacd961 4d954d933e606b70 095bb1b6ecbd0a50 8643165b0f53df11 3ca7964973437917 eff60ceea8817dad 1f423f368aebf7f3 26fc2a95df5659c2 855f2f0354e102c7 63d95d5977c2fe98 7ee52d2519eea367 44d324ebd3e22ad7 1398b478b71773ed 4d417b203b333363 587e0b2a4811fab1 b6a1c97f19af78d0
94,939a1f686ea36c05 1ba7a50457e93996 26140b225c4f8d3f a492bd402afd5c71 828f5dfbbf1272ee e878efab7c37179e 50806199c80e215c 5d26da95786b3a3a 1a05ef8c93af8eed e228204ae08d1355 c36c2dce0e6e434f e1460af4a7044067 de8e1345e8c305c4 4d7653ea9499eed4 af41e2b6da3e7e02 702d8f1064ab3e30 d980375fbd40c75f 7d83ffe83f61bdc4 069e7e25e43deab3 1d0f5fdc58e3efb5 db0e648651f4c92b 49b5678e0d1e5bcd bbbd5d2fd957e8f7 ae77487a89f2610c a813c15b46ceaf68 a853f13216170123 7e4a4a1300b77a06 24c47959ea77b15b 3c565c1fc2316d16 5b4c879fc9c316fb
95,fa173131f15f5534 1c3b74a02a86467d 99e833818ec4bbf2 01b3da54ffb158a0 061f3e1feeaa3094 4d32dae7b43c489a fc16a50ff0baec53 88b62355670ec8f8 d7d937303a6d5a9d af41e2b6da3e7e02 a65e30106ea50423 aa0789b403bcd839 87c5481930cfe126 ced9c56f2be86774 4d29c6922b2d0d56 65ad9c583823162d dc12cc503ac0eddb 65708d542bd01f39 f209d29f991432f0 bc2552a642ce8497 a5d5ba33b5b1dc95 0647acc4602d4e8f 455fde214d16d350 43b3338423d7386c 29968e8fd13539f8 f49e13a653cbdad2 98dbd15aa33ebc18 01e5a6edcee7deb0 919b1679fffa7ef1 0772e3ab293a1f30
96,63d509cd2a2e0e47 07be6a290720707d e8ad5e31484ef889 1398b478b71773ed 52370bea1acd0600 9a0f5ee4f845c9b2 0bcaac840d5e66d7 c28bc62802b90f82 702d8f1064ab3e30 3986b68500d7704b 3fa57d488e979d74 ff88049e61f0f4ef e0269da736ddf004 bd713b37b67866c3 fd30682593995748 2a06f5614060e3b6 39f6296778264878 e25a1da6ca187350 c31a456b544a40a8 4d7653ea9499eed4 0708923badf2ff5d 734dabb98795c35c 942a7d26d81c841f bd0f175ee98c613e ae94d8435a6847f4 b6d0f83aad4e4dc7 b24820ae14e16a24 622f2e4119882c94 4b8c7061102517ef 47fbe21f5c35c7b4
97,d216e5458ad70e60 fb8bd6b95eb4702a d63b7f083330247f b6e646c13d0753ae e8684734f2e587bd 8a5635c748344d47 3ca7964973437917 60a070db9f1869b5 8bf446c0455e3c5c d5952b2e031c4e7e da7d3c2d591c4295 1d12acf7349196b0 cea18be9a89d7a81 bbbd5d2fd957e8f7 47fbe21f5c35c7b4 52370bea1acd0600 4d7653ea9499eed4 9a0f5ee4f845c9b2 0bcaac840d5e66d7 c28bc62802b90f82 702d8f1064ab3e30 3986b68500d7704b 3fa57d488e979d74 ff88049e61f0f4ef e0269da736ddf004 5fb2d8e734956af0 0708923badf2ff5d 734dabb98795c35c 942a7d26d81c841f bd0f175ee98c613e
98,cc507a0d6fcf4a1c a853f13216170123 3c565c1fc2316d16 24c47959ea77b15b 5b4c879fc9c316fb 4b29fc21f912754d 3e66b4855d0dddbe f48d0fbea7dc2782 4d954d933e606b70 62431fd374eb99fb 0f4c71d341e2d939 a76ffccd2f5df1a7 b6e72edcad270be0 ddf332f2b55a2a23 666bdff4faa513ca 66ccd03c9e03ac06 4f2fffd7528de786 172bc0ee09332ae9 a2c35fdf07a13286 486dd77002936dec cea18be9a89d7a81 07f22a7ad7e4711d 6406fcdb7d87b5dc 404031ab9d5977c4 999a52f1d301247c c31a456b544a40a8 238de368bb05c0ec 522bd6887960c25d 828f5dfbbf1272ee fb8bd6b95eb4702a
99,1efd7bd8a34a1359 95166957b2c38794 01b3da54ffb158a0 48a76e3aff69d605 e6a29676c096f8e8 4d32dae7b43c489a 061f3e1feeaa3094 40583079f57235a6 88b62355670ec8f8 99e833818ec4bbf2 1d0f5fdc58e3efb5 70ebf53ced736fa4 ad06e9eeea8eb4ea 3b6d27775fce1c7b c015590d6a6fe833 c143c095983a65c2 5c4b7558c942a224 59c231f8fd21260c 63d509cd2a2e0e47 f209d29f991432f0 d7d937303a6d5a9d 43b3338423d7386c f105a53e5cfae611 58654e3143c6550b e9c20b67a4c5395f 29968e8fd13539f8 f49e13a653cbdad2 1c3b74a02a86467d 587e0b2a4811fab1 a65e30106ea50423
100,ba5199dba342af68 e403278468d84383 e25a1da6ca187350 1fe79c7de59ff6c6 c1f2e3a76d388944 e8b87ed7db1bcb1f 3c0873ce078d332b ca4de5b8a7bda9df 1dc7139adba034ec 83b911ff0ff45844 d1e21234d7cc61d2 522bd6887960c25d 828f5dfbbf1272ee d216e5458ad70e60 fb8bd6b95eb4702a e228204ae08d1355 72b80b099fd64ec4 99e833818ec4bbf2 e1460af4a7044067 4d7653ea9499eed4 db69d4cbfef8d22f 7f95168400948588 f25bfcffedaccf28 01b3da54ffb158a0 538c7bb968b2154c 2cebd52b41930f0a ec1b3d7ccd3984d0 a853f13216170123 24c47959ea77b15b 3c565c1fc2316d16
101,d16da1fb61813db9 dea5e9227fbbac29 98dbd15aa33ebc18 828f5dfbbf1272ee e228204ae08d1355 e1460af4a7044067 4d7653ea9499eed4 d980375fbd40c75f 939a1f686ea36c05 1d0f5fdc58e3efb5 eab15ee21e126f6a 96e82fa141db9a4b 366a22fce0614fb8 bf973f9ec3600199 8566d15270eb5e83 26140b225c4f8d3f fb2ebcb5335ad2e2 a492bd402afd5c71 8e0760918e88e4a9 5c8c6d9a1fd4c1e0 e878efab7c37179e 877672967d3f70bb a860b682add9de1c 9269d2b0d877352d 50806199c80e215c 95ecdbff44ad0b60 5d26da95786b3a3a 1a05ef8c93af8eed 587e0b2a4811fab1 4b05967001421eab
102,29bedd00fb2be056 455fde214d16d350 33856365c271aea4 5989fb934598c1a7 07f22a7ad7e4711d 25a3b47fe31bc6b5 ddb3810e0289c148 387e9cd2e5d4ea7d ebfda3b48083e390 42c9b72cc77dcb28 025a148c3a53bd9f c5830f9d0f1e29e5 7155e5a86136eb02 65708d542bd01f39 57113c2a4cacd961 4d954d933e606b70 095bb1b6ecbd0a50 8643165b0f53df11 3ca7964973437917 eff60ceea8817dad 1f423f368aebf7f3 26fc2a95df5659c2 855f2f0354e102c7 63d95d5977c2fe98 7ee52d2519eea367 44d324ebd3e22ad7 1398b478b71773ed 4d417b203b333363 587e0b2a4811fab1 b6a1c97f19af78d0
103,b6e72edcad270be0 3c565c1fc2316d16 24c47959ea77b15b 4b29fc21f912754d 3e66b4855d0dddbe f48d0fbea7dc2782 a853f13216170123 5b4c879fc9c316fb 4d954d933e606b70 62431fd374eb99fb 0f4c71d341e2d939 a76ffccd2f5df1a7 ddf332f2b55a2a23 66ccd03c9e03ac06 172bc0ee09332ae9 a2c35fdf07a13286 cea18be9a89d7a81 6406fcdb7d87b5dc 404031ab9d5977c4 cc507a0d6fcf4a1c 999a52f1d301247c c31a456b544a40a8 238de368bb05c0ec 522bd6887960c25d 666bdff4faa513ca 4f2fffd7528de786 486dd77002936dec 10ad13170242ecae 07f22a7ad7e4711d c015590d6a6fe833
104,d216e5458ad70e60 fb8bd6b95eb4702a d63b7f083330247f b6e646c13d0753ae e8684734f2e587bd 8a5635c748344d47 3ca7964973437917 60a070db9f1869b5 8bf446c0455e3c5c 522bd6887960c25d d5952b2e031c4e7e da7d3c2d591c4295 3c565c1fc2316d16 24c47959ea77b15b 4b29fc21f912754d 3b6d27775fce1c7b c015590d6a6fe833 1d12acf7349196b0 3e66b4855d0dddbe a60934e6b473097a 81bd116c786bf9ae f48d0fbea7dc2782 bd713b37b67866c3 54a11cbcd7a32af4 b9d966ad9e04127a 81b639b74256b45b 64b31699d7d15934 5897953fdf87b60f f1a3b8b13e9401c0 0e45c4c185f35df6
105,522bd6887960c25d 3c565c1fc2316d16 24c47959ea77b15b 4b29fc21f912754d c015590d6a6fe833 3b6d27775fce1c7b 3e66b4855d0dddbe a982b5c3aed39396 a60934e6b473097a 404031ab9d5977c4 81bd116c786bf9ae f48d0fbea7dc2782 bd713b37b67866c3 c31a456b544a40a8 238de368bb05c0ec 54a11cbcd7a32af4 b9d966ad9e04127a 81b639b74256b45b 64b31699d7d15934 5897953fdf87b60f f1a3b8b13e9401c0 0e45c4c185f35df6 395b26d91f98bd92 48a76e3aff69d605 4d954d933e606b70 9fda36f260eec24e 0db6584e3bdfa1c4 62431fd374eb99fb 4f915ad69e1dca36 28a2067685cb3e97
106,522bd6887960c25d 3c565c1fc2316d16 24c47959ea77b15b 4b29fc21f912754d 3b6d27775fce1c7b c015590d6a6fe833 3e66b4855d0dddbe a60934e6b473097a 81bd116c786bf9ae f48d0fbea7dc2782 bd713b37b67866c3 54a11cbcd7a32af4 b9d966ad9e04127a 81b639b74256b45b 64b31699d7d15934 5897953fdf87b60f f1a3b8b13e9401c0 0e45c4c185f35df6 395b26d91f98bd92 48a76e3aff69d605 4d954d933e606b70 9fda36f260eec24e 0db6584e3bdfa1c4 62431fd374eb99fb 4f915ad69e1dca36 28a2067685cb3e97 0f4c71d341e2d939 a76ffccd2f5df1a7 8dedff0a79784abc 50cb6a6c60ad711a
107,00d9f8d3f7d412b3 120e745e2961b5d5 b0b5e62a93a2c37c 37001ade0df85823 2e44fbb8bc3d8d71 00958a140c3a6de8 fc8971756f9ec194 a677c3a76055a6d2 f28fb3d9880c5d4c 351c9da399c2b915 42c9b72cc77dcb28 0c2eeab1e4ce1db8 ec4ef2f727e7a03f 095bb1b6ecbd0a50 b3ad55963554f220 528161039994b4dc 8faeacf8ca08f62d f46601a9955f9949 942a7d26d81c841f 8fc68213b63951dc 0b0021aa60d05daa a04d6febd82a4389 bb7515be835dea49 d5805cdb9e8f0f48 eec6b281e236b500 9100ea6cd0e084bf bd0f175ee98c613e 4491016efed845f1 1f4f62844c3cb99c a292248bb2bffb3d
108,bc2552a642ce8497 128d583954b18074 d73a65673e3f1d78 52370bea1acd0600 4d7653ea9499eed4 9a0f5ee4f845c9b2 0bcaac840d5e66d7 c28bc62802b90f82 702d8f1064ab3e30 3986b68500d7704b c31a456b544a40a8 ff88049e61f0f4ef e0269da736ddf004 bd713b37b67866c3 fd30682593995748 2a06f5614060e3b6 39f6296778264878 e25a1da6ca187350 3fa57d488e979d74 e7cad3748e50b0f8 0708923badf2ff5d 734dabb98795c35c 942a7d26d81c841f bd0f175ee98c613e ae94d8435a6847f4 b6d0f83aad4e4dc7 b24820ae14e16a24 622f2e4119882c94 47fbe21f5c35c7b4 af8e70f978cd5aee
109,d73a65673e3f1d78 128d583954b18074 47fbe21f5c35c7b4 52370bea1acd0600 4d7653ea9499eed4 9a0f5ee4f845c9b2 0bcaac840d5e66d7 c28bc62802b90f82 702d8f1064ab3e30 3986b68500d7704b c31a456b544a40a8 ff88049e61f0f4ef e0269da736ddf004 bd713b37b67866c3 fd30682593995748 2a06f5614060e3b6 39f6296778264878 e25a1da6ca187350 3fa57d488e979d74 e7cad3748e50b0f8 0708923badf2ff5d 734dabb98795c35c 942a7d26d81c841f bd0f175ee98c613e ae94d8435a6847f4 b6d0f83aad4e4dc7 b24820ae14e16a24 bbbd5d2fd957e8f7 4b8c7061102517ef af8e70f978cd5aee
110,99e833818ec4bbf2 01b3da54ffb158a0 4d32dae7b43c489a 061f3e1feeaa3094 88b62355670ec8f8 d7d937303a6d5a9d a65e30106ea50423 aa0789b403bcd839 87c5481930cfe126 65ad9c583823162d dc12cc503ac0eddb 65708d542bd01f39 f209d29f991432f0 a5d5ba33b5b1dc95 0647acc4602d4e8f 455fde214d16d350 43b3338423d7386c fa173131f15f5534 29968e8fd13539f8 f49e13a653cbdad2 01e5a6edcee7deb0 1c3b74a02a86467d 0772e3ab293a1f30 3e8e56f639a5db5b 22756be6fd061d4c 95166957b2c38794 bc2ae5f4e5d53e00 e6a29676c096f8e8 1efd7bd8a34a1359 4e966bb2768c2b8a
111,99e833818ec4bbf2 01b3da54ffb158a0 061f3e1feeaa3094 4d32dae7b43c489a 88b62355670ec8f8 d7d937303a6d5a9d a65e30106ea50423 aa0789b403bcd839 87c5481930cfe126 65ad9c583823162d dc12cc503ac0eddb 65708d542bd01f39 f209d29f991432f0 a5d5ba33b5b1dc95 0647acc4602d4e8f 455fde214d16d350 43b3338423d7386c fa173131f15f5534 29968e8fd13539f8 f49e13a653cbdad2 01e5a6edcee7deb0 1c3b74a02a86467d 0772e3ab293a1f30 3e8e56f639a5db5b 22756be6fd061d4c 95166957b2c38794 bc2ae5f4e5d53e00 e6a29676c096f8e8 1efd7bd8a34a1359 4e966bb2768c2b8a
112,9a0f5ee4f845c9b2 522bd6887960c25d 828f5dfbbf1272ee fb8bd6b95eb4702a d216e5458ad70e60 e228204ae08d1355 72b80b099fd64ec4 99e833818ec4bbf2 d73a65673e3f1d78 e1460af4a7044067 4d7653ea9499eed4 db69d4cbfef8d22f f25bfcffedaccf28 7f95168400948588 01b3da54ffb158a0 538c7bb968b2154c 2cebd52b41930f0a ec1b3d7ccd3984d0 a853f13216170123 3c565c1fc2316d16 24c47959ea77b15b 5b4c879fc9c316fb f76f44d372517a9a 964a50d33717c26d 9cf6709de35bf0f3 d980375fbd40c75f 16b11706660177ff 061f3e1feeaa3094 4d32dae7b43c489a 0a79fabc6f5d93c9
113,a18df74d3a16e9c0 955e465ce0788ea6 29bedd00fb2be056 73f770f2643a2135 01ecc81f6341e902 49224aca40e6e5e3 bf3ccaba4a3450a8 b69ce8b8154645f8 622f2e4119882c94 d6bbbd6c4968075a a52df8083c238c46 796888cc3443006c d46598813fb437e5 853e36b1550c6274 5879096a38d69fc5 6d80d2e62d01f6bc 5fb2d8e734956af0 59bf6d6df9146d60 34a62e66e05f9a44 6a9aa1bd93e36e66 ac9ee0c09b538140 486dd77002936dec 22756be6fd061d4c d257d1fbcf43abd5 7c8324ce28ffb96e a982b5c3aed39396 5ebb4d2f5f1c1f13 4e966bb2768c2b8a 033d905aec273595 edc79e57b20e9036
114,120e745e2961b5d5 37001ade0df85823 b0b5e62a93a2c37c fc8971756f9ec194 f28fb3d9880c5d4c a677c3a76055a6d2 351c9da399c2b915 42c9b72cc77dcb28 2e44fbb8bc3d8d71 0c2eeab1e4ce1db8 47fbe21f5c35c7b4 4d7653ea9499eed4 9a0f5ee4f845c9b2 0bcaac840d5e66d7 c28bc62802b90f82 702d8f1064ab3e30 3986b68500d7704b 3fa57d488e979d74 ff88049e61f0f4ef e0269da736ddf004 bd713b37b67866c3 fd30682593995748 2a06f5614060e3b6 52370bea1acd0600 734dabb98795c35c 942a7d26d81c841f bd0f175ee98c613e ae94d8435a6847f4 b6d0f83aad4e4dc7 b24820ae14e16a24
115,9ab90dfc5c9b0b37 04886579947a80c2 ce8cb4351b8c0f6e 7f29daa16b9b4cda 00e1e2eb13f650e4 47fbe21f5c35c7b4 52370bea1acd0600 4d7653ea9499eed4 9a0f5ee4f845c9b2 0bcaac840d5e66d7 c28bc62802b90f82 702d8f1064ab3e30 bbbd5d2fd957e8f7 3fa57d488e979d74 ff88049e61f0f4ef e0269da736ddf004 bd713b37b67866c3 fd30682593995748 2a06f5614060e3b6 39f6296778264878 3986b68500d7704b e7cad3748e50b0f8 0708923badf2ff5d 734dabb98795c35c 942a7d26d81c841f bd0f175ee98c613e ae94d8435a6847f4 b6d0f83aad4e4dc7 b24820ae14e16a24 5fb2d8e734956af0
116,43b3338423d7386c 5547f9f1638ac345 88b62355670ec8f8 419b5dc40744fb9b eab15ee21e126f6a 01e5a6edcee7deb0 b84b6c0b2e4d0306 0add47a043c64d7f 4b05967001421eab 97d696011258825c f49e13a653cbdad2 9100ea6cd0e084bf bd0f175ee98c613e 42bb83d7c4b9ecae 1f4f62844c3cb99c 2e44fbb8bc3d8d71 059bbdbdb843af6a eff60ceea8817dad 4e966bb2768c2b8a bc27d5dc9bab1c18 016da874bd04df55 26fc2a95df5659c2 c28bc62802b90f82 2394b08708475900 18b1d2d84c97a364 025a148c3a53bd9f 5570ef88d970e9b4 fab14d178b24a67f 8f578001f9d5f543 316382267dcd804f
117,29bedd00fb2be056 455fde214d16d350 33856365c271aea4 5989fb934598c1a7 07f22a7ad7e4711d 25a3b47fe31bc6b5 ddb3810e0289c148 387e9cd2e5d4ea7d ebfda3b48083e390 42c9b72cc77dcb28 025a148c3a53bd9f c5830f9d0f1e29e5 7155e5a86136eb02 65708d542bd01f39 57113c2a4cacd961 4d954d933e606b70 095bb1b6ecbd0a50 8643165b0f53df11 3ca7964973437917 eff60ceea8817dad 1f423f368aebf7f3 26fc2a95df5659c2 855f2f0354e102c7 63d95d5977c2fe98 7ee52d2519eea367 44d324ebd3e22ad7 1398b478b71773ed 4d417b203b333363 587e0b2a4811fab1 b6a1c97f19af78d0
118,0d0368139e9a647f c08c3765ac609cc0 8d58da0e1800dc96 05f23e7d05dbf7c2 00140806971e7a73 a9eef13786610446 b749972436ac9791 f2234bb7ce0c6f59 f705b637f624147e 5b16bae6a0de7c88 0fbd0f422e926816 73391e0853c1e040 abf90e759d208468 e7cad3748e50b0f8 4a5ac473c9d176ba 09660f466b38b7ba f58ff7f1a6cde683 46b99f864d6a075a b29ab87af6ea6310 72403ecdfe02bba6 01020d1b0821f4c7 70776cdd9bb3b7d4 f9c6286cff30aaa8 a14394322cf7043d b6d0f83aad4e4dc7 46315cf30aaee51c da011b87595c1019 42a5cae2a3a45557 64267373570e4ea3 63d95d5977c2fe98
119,c08c3765ac609cc0 74e59c5820900b17 05f23e7d05dbf7c2 2359719a0f40ffac 54f55c74d37db3c0 44d324ebd3e22ad7 0d0368139e9a647f 42a5cae2a3a45557 8d58da0e1800dc96 bed3e73d52011f68 5b34da30b93eb123 65fac1ba1840000f dac29ed8400b50cc 2a06f5614060e3b6 e14a893f1918277e b749972436ac9791 f2234bb7ce0c6f59 00140806971e7a73 a9eef13786610446 f705b637f624147e 2810fb6f81d1711c 0fbd0f422e926816 e7cad3748e50b0f8 4a5ac473c9d176ba ffc688c4c1c2a068 4d417b203b333363 6d80d2e62d01f6bc 050544c040f46152 3fa57d488e979d74 63d95d5977c2fe98
120,5547f9f1638ac345 b84b6c0b2e4d0306 0add47a043c64d7f 72b80b099fd64ec4 88b62355670ec8f8 f25bfcffedaccf28 7f95168400948588 2cebd52b41930f0a 419b5dc40744fb9b eab15ee21e126f6a 16b11706660177ff 4b05967001421eab 43b3338423d7386c 97d696011258825c 45bd99d5d2eef776 f49e13a653cbdad2 01e5a6edcee7deb0 ca43e349133fc0e3 42bb83d7c4b9ecae 6899956cd6c683f0 19e8f436d4b2fc25 cc0c9419f8a20603 b05b5f6850cfa158 eff60ceea8817dad c11b97f245a9dfd0 52aa48c07b34dc88 92f42fbd0c38f7fd 1d72229ebcc00faf 4e966bb2768c2b8a 2394b08708475900
121,25145708d494530b ec1b3d7ccd3984d0 0a79fabc6f5d93c9 34a62e66e05f9a44 27bc34b9887bec0d 4fe9e4e55585ba4b 48f93f9c2c699e19 3cb6b40d377e7ca8 e22c35101e190db9 8699cc5dd4159b69 7155e5a86136eb02 09bbaa171c20bae3 03dfe518713e006c 3d6880bd12f6613f 45630e1451157ff3 99e833818ec4bbf2 01b3da54ffb158a0 061f3e1feeaa3094 4d32dae7b43c489a 88b62355670ec8f8 d7d937303a6d5a9d a65e30106ea50423 aa0789b403bcd839 87c5481930cfe126 dc12cc503ac0eddb 65ad9c583823162d 65708d542bd01f39 f209d29f991432f0 a5d5ba33b5b1dc95 0647acc4602d4e8f
122,29bedd00fb2be056 455fde214d16d350 33856365c271aea4 5989fb934598c1a7 07f22a7ad7e4711d 25a3b47fe31bc6b5 ddb3810e0289c148 387e9cd2e5d4ea7d ebfda3b48083e390 42c9b72cc77dcb28 025a148c3a53bd9f c5830f9d0f1e29e5 7155e5a86136eb02 65708d542bd01f39 57113c2a4cacd961 4d954d933e606b70 095bb1b6ecbd0a50 8643165b0f53df11 3ca7964973437917 eff60ceea8817dad 1f423f368aebf7f3 26fc2a95df5659c2 855f2f0354e102c7 63d95d5977c2fe98 7ee52d2519eea367 44d324ebd3e22ad7 1398b478b71773ed 4d417b203b333363 587e0b2a4811fab1 b6a1c97f19af78d0
123,de8e1345e8c305c4 828f5dfbbf1272ee e228204ae08d1355 e1460af4a7044067 4d7653ea9499eed4 d980375fbd40c75f 939a1f686ea36c05 1d0f5fdc58e3efb5 eab15ee21e126f6a 96e82fa141db9a4b 366a22fce0614fb8 bf973f9ec3600199 8566d15270eb5e83 26140b225c4f8d3f fb2ebcb5335ad2e2 a492bd402afd5c71 8e0760918e88e4a9 5c8c6d9a1fd4c1e0 e878efab7c37179e 9269d2b0d877352d a860b682add9de1c 877672967d3f70bb 50806199c80e215c 95ecdbff44ad0b60 5d26da95786b3a3a 1a05ef8c93af8eed 587e0b2a4811fab1 4b05967001421eab c36c2dce0e6e434f e740c80fce094788
124,bc27d5dc9bab1c18 016da874bd04df55 c28bc62802b90f82 26fc2a95df5659c2 18b1d2d84c97a364 00d9f8d3f7d412b3 025a148c3a53bd9f 5570ef88d970e9b4 fab14d178b24a67f 9a439fd1abf95245 316382267dcd804f fc21db75b354a917 74244a8703c03720 39f6296778264878 00958a140c3a6de8 d92c0298f76ccf77 2e44fbb8bc3d8d71 83f8aca6ee2caabc d72363ddd958d906 c810ac016901e8ac d64c06baf5ef1c90 36d33c41812ce7dc 059bbdbdb843af6a cc861214a89ef1f4 fc8971756f9ec194 3d93a60f990a0a7c a14394322cf7043d f28fb3d9880c5d4c a677c3a76055a6d2 bf3ccaba4a3450a8
125,99e833818ec4bbf2 01b3da54ffb158a0 061f3e1feeaa3094 4d32dae7b43c489a 88b62355670ec8f8 d7d937303a6d5a9d 10ad13170242ecae a65e30106ea50423 aa0789b403bcd839 87c5481930cfe126 dc12cc503ac0eddb 65ad9c583823162d 65708d542bd01f39 f209d29f991432f0 a5d5ba33b5b1dc95 0647acc4602d4e8f 455fde214d16d350 43b3338423d7386c fa173131f15f5534 29968e8fd13539f8 f49e13a653cbdad2 01e5a6edcee7deb0 1c3b74a02a86467d 0772e3ab293a1f30 3e8e56f639a5db5b 22756be6fd061d4c 95166957b2c38794 bc2ae5f4e5d53e00 e6a29676c096f8e8 1efd7bd8a34a1359
126,828f5dfbbf1272ee e228204ae08d1355 e1460af4a7044067 4d7653ea9499eed4 d980375fbd40c75f 939a1f686ea36c05 1d0f5fdc58e3efb5 eab15ee21e126f6a 96e82fa141db9a4b 366a22fce0614fb8 bf973f9ec3600199 8566d15270eb5e83 26140b225c4f8d3f fb2ebcb5335ad2e2 a492bd402afd5c71 8e0760918e88e4a9 5c8c6d9a1fd4c1e0 e878efab7c37179e 9269d2b0d877352d a860b682add9de1c 877672967d3f70bb 50806199c80e215c 95ecdbff44ad0b60 5d26da95786b3a3a 1a05ef8c93af8eed 587e0b2a4811fab1 4b05967001421eab c36c2dce0e6e434f e740c80fce094788 cb3e4ce97e7f2881
127,734dabb98795c35c 013030fd7d29bf3d 72c2a95813ea72bd c03b11a0cdc3fa39 65254e0d209fd66e fd57e641d06ebda7 e461837f0fb35048 7b81f1f2b6ec2e5f bd713b37b67866c3 e0269da736ddf004 ff88049e61f0f4ef fd30682593995748 3fa57d488e979d74 52370bea1acd0600 3986b68500d7704b 702d8f1064ab3e30 2a06f5614060e3b6 c28bc62802b90f82 39f6296778264878 0bcaac840d5e66d7 9a0f5ee4f845c9b2 4d7653ea9499eed4 e25a1da6ca187350 fc21db75b354a917 942a7d26d81c841f bd0f175ee98c613e ae94d8435a6847f4 b6d0f83aad4e4dc7 b24820ae14e16a24 622f2e4119882c94
128,f2b5098ac9c92da9 db7342eff9200020 a017f3358d5327aa ba5199dba342af68 522bd6887960c25d e403278468d84383 e25a1da6ca187350 1fe79c7de59ff6c6 c1f2e3a76d388944 e8b87ed7db1bcb1f 0897dcfae16e280f 3c565c1fc2316d16 24c47959ea77b15b 3c0873ce078d332b ca4de5b8a7bda9df 4b29fc21f912754d c015590d6a6fe833 3b6d27775fce1c7b 04fda7c9d8971ec0 1dc7139adba034ec 3e66b4855d0dddbe 83b911ff0ff45844 a60934e6b473097a 81bd116c786bf9ae f48d0fbea7dc2782 d1e21234d7cc61d2 bd713b37b67866c3 42a5cae2a3a45557 54a11cbcd7a32af4 b9d966ad9e04127a
129,39075e303166355e 5570ef88d970e9b4 da011b87595c1019 39f6296778264878 ae94d8435a6847f4 430feb4826a5632e 65fac1ba1840000f f705b637f624147e 047769588be1aea9 4a5ac473c9d176ba bf3ccaba4a3450a8 47fbe21f5c35c7b4 351c9da399c2b915 2901e5309bb3f8f6 5c4b7558c942a224 72c2a95813ea72bd 6aac5e116b75aa22 e7dd56376be2cf1c 10ad13170242ecae 680bb5c5c3bb6ee1 00d9eb862ba3dfc6 9cf6709de35bf0f3 bbbd5d2fd957e8f7 796888cc3443006c 7c8324ce28ffb96e 52370bea1acd0600 4d7653ea9499eed4 9a0f5ee4f845c9b2 0bcaac840d5e66d7 c28bc62802b90f82
130,22e8d6734e4121ae 9f27aa36c1ea793c da904d2a54ff8cf2 9b2adcf4041227d7 52e459a551d4ac2d d6ed7e4b14c51296 e7828f0ea9749505 af8e70f978cd5aee 6461a9faa871b3ac 8df3f13d6af34cb3 5057551fc55e9ed2 a1314cd417504572 d72363ddd958d906 83f8aca6ee2caabc 37001ade0df85823 b0b5e62a93a2c37c 00d9f8d3f7d412b3 ee3ed9a3f51336cd 453bc79164d57a01 61ba7707ef6a5a99 c05f45f86d0771d5 4483bbdd3241f11a 628accd9be98503c cec2eea2a1fe566a 2b48ab08c915c0ad fd30682593995748 0b774cf90856c4da 9d5edf3b993fee50 8b7c486a910dd004 b50b4e27b03c7b37
131,83f8f2fc471cad74 bee46c54461925d0 2e4b00c01d58e79e 419b5dc40744fb9b 4535ce2e3dced00f bfb8032f2183d471 6204e398d8c7f888 4577ae048ef1967d 4bed80e56ea2e099 57113c2a4cacd961 b2ee9eea2d974c90 050544c040f46152 7c98dedd223b36c0 64267373570e4ea3 8643165b0f53df11 d35e11d3d1ab3c67 522bd6887960c25d 828f5dfbbf1272ee d216e5458ad70e60 fb8bd6b95eb4702a e228204ae08d1355 72b80b099fd64ec4 99e833818ec4bbf2 e1460af4a7044067 4d7653ea9499eed4 db69d4cbfef8d22f 7f95168400948588 f25bfcffedaccf28 01b3da54ffb158a0 538c7bb968b2154c
132,4f915ad69e1dca36 aa967ad3c1f65a29 00e1e2eb13f650e4 6aefb6531736648a 4d29c6922b2d0d56 069e7e25e43deab3 9b0e8cf8153e3b33 734dabb98795c35c 428f9363fa35882d 4f31209941bb05fc 83f5a9732f0de67f 10ad13170242ecae f54ad8d1eb18212e 2e2904c5373734ae 892074f7c1ef5d5e 07be6a290720707d dc576af4ae66e25e 28403e62105b00f6 e8ad5e31484ef889 765c0695339c3abe 00d9eb862ba3dfc6 bc2552a642ce8497 585f4ee09d8fea46 d73a65673e3f1d78 63d509cd2a2e0e47 f0d53dcf0c296b57 19b4014943e0ad92 c49d8f84a4f87f8a 3986b68500d7704b 9ab90dfc5c9b0b37
133,fab14d178b24a67f af8e70f978cd5aee cc861214a89ef1f4 4b8c7061102517ef 4105533fe46dfba9 059bbdbdb843af6a 4d7653ea9499eed4 9a0f5ee4f845c9b2 52370bea1acd0600 0bcaac840d5e66d7 c28bc62802b90f82 702d8f1064ab3e30 3986b68500d7704b ff88049e61f0f4ef f58ff7f1a6cde683 e25a1da6ca187350 39f6296778264878 2a06f5614060e3b6 e0269da736ddf004 bd713b37b67866c3 fd30682593995748 3fa57d488e979d74 e7cad3748e50b0f8 734dabb98795c35c 942a7d26d81c841f bd0f175ee98c613e ae94d8435a6847f4 b6d0f83aad4e4dc7 b24820ae14e16a24 622f2e4119882c94
134,447fc00f40d71d08 2e031d83339759b2 90ecb28f2edb9d43 2e79d45ba4d1540d 9f3d2ca16f358290 d73a65673e3f1d78 128d583954b18074 52370bea1acd0600 9a0f5ee4f845c9b2 0bcaac840d5e66d7 c28bc62802b90f82 702d8f1064ab3e30 3986b68500d7704b 3fa57d488e979d74 ff88049e61f0f4ef e0269da736ddf004 bd713b37b67866c3 fd30682593995748 2a06f5614060e3b6 39f6296778264878 c31a456b544a40a8 4d7653ea9499eed4 e7cad3748e50b0f8 734dabb98795c35c 942a7d26d81c841f bd0f175ee98c613e ae94d8435a6847f4 b6d0f83aad4e4dc7 b24820ae14e16a24 622f2e4119882c94
135,522bd6887960c25d a60934e6b473097a 81bd116c786bf9ae bd713b37b67866c3 54a11cbcd7a32af4 b9d966ad9e04127a 828f5dfbbf1272ee 81b639b74256b45b fb8bd6b95eb4702a d216e5458ad70e60 64b31699d7d15934 f1a3b8b13e9401c0 72b80b099fd64ec4 99e833818ec4bbf2 395b26d91f98bd92 3c565c1fc2316d16 24c47959ea77b15b 9fda36f260eec24e e1460af4a7044067 095bb1b6ecbd0a50 ec4ef2f727e7a03f 7f95168400948588 f25bfcffedaccf28 01b3da54ffb158a0 4b29fc21f912754d 538c7bb968b2154c bb7515be835dea49 0b0021aa60d05daa d5805cdb9e8f0f48 a04d6febd82a4389
136,29bedd00fb2be056 455fde214d16d350 33856365c271aea4 5989fb934598c1a7 07f22a7ad7e4711d 25a3b47fe31bc6b5 ddb3810e0289c148 387e9cd2e5d4ea7d ebfda3b48083e390 42c9b72cc77dcb28 025a148c3a53bd9f c5830f9d0f1e29e5 7155e5a86136eb02 65708d542bd01f39 57113c2a4cacd961 4d954d933e606b70 095bb1b6ecbd0a50 8643165b0f53df11 3ca7964973437917 eff60ceea8817dad 1f423f368aebf7f3 26fc2a95df5659c2 855f2f0354e102c7 63d95d5977c2fe98 7ee52d2519eea367 44d324ebd3e22ad7 1398b478b71773ed 4d417b203b333363 587e0b2a4811fab1 b6a1c97f19af78d0
137,3b6d27775fce1c7b c015590d6a6fe833 c143c095983a65c2 4f915ad69e1dca36 28a2067685cb3e97 8dedff0a79784abc 50cb6a6c60ad711a 5c4b7558c942a224 24e582daf6f87158 52370bea1acd0600 48a76e3aff69d605 e9c20b67a4c5395f 35488b3b8b781278 285657fcdf89f00d 7c8324ce28ffb96e 0f33ce8d8014f308 0451447dd64f6284 ecb768ef6fd223ca 10ad13170242ecae 59c231f8fd21260c 1a8e5d6512d9e2d8 3a6e7894dde31c67 b6a1c97f19af78d0 95166957b2c38794 6461a9faa871b3ac 2820628e65a062e2 63d509cd2a2e0e47 e6a29676c096f8e8 1efd7bd8a34a1359 155600e5f1221f8c
138,c08c3765ac609cc0 74e59c5820900b17 05f23e7d05dbf7c2 2359719a0f40ffac 54f55c74d37db3c0 44d324ebd3e22ad7 0d0368139e9a647f 42a5cae2a3a45557 8d58da0e1800dc96 bed3e73d52011f68 5b34da30b93eb123 65fac1ba1840000f dac29ed8400b50cc 2a06f5614060e3b6 e14a893f1918277e f2234bb7ce0c6f59 a9eef13786610446 b749972436ac9791 00140806971e7a73 f705b637f624147e 2810fb6f81d1711c 0fbd0f422e926816 e7cad3748e50b0f8 4a5ac473c9d176ba ffc688c4c1c2a068 4d417b203b333363 6d80d2e62d01f6bc 050544c040f46152 3fa57d488e979d74 a017f3358d5327aa
139,19b4014943e0ad92 e8ad5e31484ef889 aa967ad3c1f65a29 522bd6887960c25d 828f5dfbbf1272ee d216e5458ad70e60 fb8bd6b95eb4702a e228204ae08d1355 72b80b099fd64ec4 99e833818ec4bbf2 e1460af4a7044067 4d7653ea9499eed4 db69d4cbfef8d22f f25bfcffedaccf28 7f95168400948588 01b3da54ffb158a0 538c7bb968b2154c 2cebd52b41930f0a ec1b3d7ccd3984d0 a853f13216170123 3c565c1fc2316d16 24c47959ea77b15b 5b4c879fc9c316fb f76f44d372517a9a 964a50d33717c26d 9cf6709de35bf0f3 d980375fbd40c75f 16b11706660177ff 061f3e1feeaa3094 4d32dae7b43c489a
140,666bdff4faa513ca 63d509cd2a2e0e47 a853f13216170123 24c47959ea77b15b 3c565c1fc2316d16 5b4c879fc9c316fb 4b29fc21f912754d 3e66b4855d0dddbe f48d0fbea7dc2782 07be6a290720707d cc507a0d6fcf4a1c e8ad5e31484ef889 4d954d933e606b70 62431fd374eb99fb 0f4c71d341e2d939 a76ffccd2f5df1a7 b6e72edcad270be0 ddf332f2b55a2a23 66ccd03c9e03ac06 4f2fffd7528de786 172bc0ee09332ae9 a2c35fdf07a13286 486dd77002936dec cea18be9a89d7a81 07f22a7ad7e4711d 6406fcdb7d87b5dc 1398b478b71773ed 404031ab9d5977c4 999a52f1d301247c c31a456b544a40a8
141,fb8bd6b95eb4702a d216e5458ad70e60 5b16bae6a0de7c88 73391e0853c1e040 abf90e759d208468 09660f466b38b7ba 0d0368139e9a647f f58ff7f1a6cde683 46b99f864d6a075a b29ab87af6ea6310 72403ecdfe02bba6 8d58da0e1800dc96 01020d1b0821f4c7 70776cdd9bb3b7d4 f9c6286cff30aaa8 a9eef13786610446 00140806971e7a73 b749972436ac9791 f2234bb7ce0c6f59 f705b637f624147e 0fbd0f422e926816 a14394322cf7043d e7cad3748e50b0f8 4a5ac473c9d176ba b6d0f83aad4e4dc7 d63b7f083330247f 64267373570e4ea3 c08c3765ac609cc0 b6e646c13d0753ae 387e9cd2e5d4ea7d
142,ff88049e61f0f4ef 4d417b203b333363 522bd6887960c25d b69ce8b8154645f8 24c47959ea77b15b 3c565c1fc2316d16 622f2e4119882c94 49224aca40e6e5e3 4b29fc21f912754d c015590d6a6fe833 3b6d27775fce1c7b 3e66b4855d0dddbe 34a62e66e05f9a44 a60934e6b473097a bd0f175ee98c613e 9100ea6cd0e084bf 81bd116c786bf9ae 5fb2d8e734956af0 f48d0fbea7dc2782 bd713b37b67866c3 1f4f62844c3cb99c 6a9aa1bd93e36e66 54a11cbcd7a32af4 2e44fbb8bc3d8d71 b9d966ad9e04127a ac9ee0c09b538140 81b639b74256b45b 059bbdbdb843af6a 486dd77002936dec 64b31699d7d15934
143,f9c6286cff30aaa8 a14394322cf7043d 5b16bae6a0de7c88 73391e0853c1e040 abf90e759d208468 09660f466b38b7ba 0d0368139e9a647f f58ff7f1a6cde683 46b99f864d6a075a b29ab87af6ea6310 72403ecdfe02bba6 8d58da0e1800dc96 01020d1b0821f4c7 70776cdd9bb3b7d4 00140806971e7a73 a9eef13786610446 f2234bb7ce0c6f59 b749972436ac9791 f705b637f624147e 0fbd0f422e926816 9100ea6cd0e084bf bd0f175ee98c613e e7cad3748e50b0f8 4a5ac473c9d176ba b6d0f83aad4e4dc7 1f4f62844c3cb99c 2e44fbb8bc3d8d71 059bbdbdb843af6a 64267373570e4ea3 c08c3765ac609cc0
144,6461a9faa871b3ac 976baf0e84752a68 ecb768ef6fd223ca 1a8e5d6512d9e2d8 2820628e65a062e2 d72363ddd958d906 83f8aca6ee2caabc 9f27aa36c1ea793c 453bc79164d57a01 52e459a551d4ac2d 9b2adcf4041227d7 e7828f0ea9749505 da904d2a54ff8cf2 d6ed7e4b14c51296 af8e70f978cd5aee 8df3f13d6af34cb3 059bbdbdb843af6a 5057551fc55e9ed2 a1314cd417504572 b0b5e62a93a2c37c 37001ade0df85823 155600e5f1221f8c 00d9f8d3f7d412b3 ee3ed9a3f51336cd 8b7c486a910dd004 36d33c41812ce7dc c810ac016901e8ac d64c06baf5ef1c90 61ba7707ef6a5a99 c05f45f86d0771d5
145,97d696011258825c 538c7bb968b2154c 73f770f2643a2135 a18df74d3a16e9c0 d3c4a7db726191e0 07d688f5e2142b87 a2805ed52b47b8ec b26d8664feb18c8c ce0f56b7190c268a f29eee8054c061e1 01ecc81f6341e902 acf5cb026b3c4551 eff60ceea8817dad 5879096a38d69fc5 d73a65673e3f1d78 522bd6887960c25d 828f5dfbbf1272ee fb8bd6b95eb4702a d216e5458ad70e60 e228204ae08d1355 72b80b099fd64ec4 99e833818ec4bbf2 e1460af4a7044067 4d7653ea9499eed4 db69d4cbfef8d22f f25bfcffedaccf28 7f95168400948588 01b3da54ffb158a0 2cebd52b41930f0a ec1b3d7ccd3984d0
146,1ba7a50457e93996 daa257a37227cd72 29bedd00fb2be056 7d83ffe83f61bdc4 bbbd5d2fd957e8f7 49b5678e0d1e5bcd db0e648651f4c92b b69ce8b8154645f8 ae77487a89f2610c 7e4a4a1300b77a06 a52df8083c238c46 5430097e23000368 c11b97f245a9dfd0 c606425856952286 bf3ccaba4a3450a8 0683b6a78f54be75 5ebb4d2f5f1c1f13 01ecc81f6341e902 da7d3c2d591c4295 486dd77002936dec dc17b07476183764 796888cc3443006c 22756be6fd061d4c 4c3802a1bd3c842e d257d1fbcf43abd5 d46598813fb437e5 7c8324ce28ffb96e 6d80d2e62d01f6bc 5fb2d8e734956af0 4dba7ce835494a63
147,bee46c54461925d0 522bd6887960c25d fb8bd6b95eb4702a d216e5458ad70e60 2e4b00c01d58e79e 419b5dc40744fb9b 4535ce2e3dced00f 24c47959ea77b15b 3c565c1fc2316d16 4b29fc21f912754d 3b6d27775fce1c7b c015590d6a6fe833 3e66b4855d0dddbe 83f8f2fc471cad74 bfb8032f2183d471 6204e398d8c7f888 4577ae048ef1967d a60934e6b473097a 4bed80e56ea2e099 57113c2a4cacd961 b2ee9eea2d974c90 81bd116c786bf9ae 050544c040f46152 f48d0fbea7dc2782 bd713b37b67866c3 7c98dedd223b36c0 54a11cbcd7a32af4 b9d966ad9e04127a d63b7f083330247f 81b639b74256b45b
148,10ad13170242ecae 4a5ac473c9d176ba e7dd56376be2cf1c 47fbe21f5c35c7b4 52370bea1acd0600 4d7653ea9499eed4 9a0f5ee4f845c9b2 0bcaac840d5e66d7 c28bc62802b90f82 702d8f1064ab3e30 3986b68500d7704b bbbd5d2fd957e8f7 ff88049e61f0f4ef e0269da736ddf004 bd713b37b67866c3 fd30682593995748 2a06f5614060e3b6 39f6296778264878 059bbdbdb843af6a 3fa57d488e979d74 0708923badf2ff5d 734dabb98795c35c 942a7d26d81c841f bd0f175ee98c613e ae94d8435a6847f4 b6d0f83aad4e4dc7 b24820ae14e16a24 622f2e4119882c94 e25a1da6ca187350 af8e70f978cd5aee
149,0add47a043c64d7f 1fe79c7de59ff6c6 5547f9f1638ac345 b84b6c0b2e4d0306 72b80b099fd64ec4 88b62355670ec8f8 f25bfcffedaccf28 7f95168400948588 2cebd52b41930f0a 419b5dc40744fb9b eab15ee21e126f6a 16b11706660177ff 4b05967001421eab 43b3338423d7386c 97d696011258825c 45bd99d5d2eef776 f49e13a653cbdad2 01e5a6edcee7deb0 ca43e349133fc0e3 42bb83d7c4b9ecae 6899956cd6c683f0 19e8f436d4b2fc25 cc0c9419f8a20603 b05b5f6850cfa158 eff60ceea8817dad c11b97f245a9dfd0 52aa48c07b34dc88 92f42fbd0c38f7fd 1d72229ebcc00faf 4e966bb2768c2b8a
150,2e79d45ba4d1540d 447fc00f40d71d08 2e031d83339759b2 90ecb28f2edb9d43 9f3d2ca16f358290 d73a65673e3f1d78 128d583954b18074 52370bea1acd0600 9a0f5ee4f845c9b2 0bcaac840d5e66d7 c28bc62802b90f82 702d8f1064ab3e30 3986b68500d7704b 3fa57d488e979d74 ff88049e61f0f4ef e0269da736ddf004 bd713b37b67866c3 fd30682593995748 2a06f5614060e3b6 39f6296778264878 c31a456b544a40a8 4d7653ea9499eed4 e7cad3748e50b0f8 734dabb98795c35c 942a7d26d81c841f bd0f175ee98c613e ae94d8435a6847f4 b6d0f83aad4e4dc7 b24820ae14e16a24 622f2e4119882c94
151,c49d8f84a4f87f8a d73a65673e3f1d78 128d583954b18074 47fbe21f5c35c7b4 52370bea1acd0600 4d7653ea9499eed4 9a0f5ee4f845c9b2 0bcaac840d5e66d7 c28bc62802b90f82 702d8f1064ab3e30 3986b68500d7704b 3fa57d488e979d74 c31a456b544a40a8 e0269da736ddf004 bd713b37b67866c3 fd30682593995748 2a06f5614060e3b6 39f6296778264878 e25a1da6ca187350 ff88049e61f0f4ef e7cad3748e50b0f8 0708923badf2ff5d 734dabb98795c35c 942a7d26d81c841f bd0f175ee98c613e ae94d8435a6847f4 b6d0f83aad4e4dc7 b24820ae14e16a24 bbbd5d2fd957e8f7 4b8c7061102517ef
152,eec6b281e236b500 4491016efed845f1 e228204ae08d1355 702d8f1064ab3e30 ce2fe99a7cda4a17 abf90e759d208468 4d7653ea9499eed4 db69d4cbfef8d22f a813c15b46ceaf68 18b1d2d84c97a364 f76f44d372517a9a 964a50d33717c26d 9cf6709de35bf0f3 d980375fbd40c75f 939a1f686ea36c05 bee46c54461925d0 855f2f0354e102c7 8f578001f9d5f543 b29ab87af6ea6310 b1dcaca98bb76736 3e66b4855d0dddbe 2e4b00c01d58e79e 419b5dc40744fb9b eab15ee21e126f6a 96e82fa141db9a4b a60934e6b473097a ba5199dba342af68 ae77487a89f2610c c6b615b2589e036d 4535ce2e3dced00f
153,095bb1b6ecbd0a50 ec4ef2f727e7a03f 8fc68213b63951dc b3ad55963554f220 942a7d26d81c841f f46601a9955f9949 528161039994b4dc 8faeacf8ca08f62d d5805cdb9e8f0f48 0b0021aa60d05daa bb7515be835dea49 a04d6febd82a4389 eec6b281e236b500 9100ea6cd0e084bf bd0f175ee98c613e 4491016efed845f1 1f4f62844c3cb99c 33856365c271aea4 a292248bb2bffb3d 393f49286db04aeb 702d8f1064ab3e30 ce2fe99a7cda4a17 636224e349e561bf 955e465ce0788ea6 12af6a34778710db 39075e303166355e a813c15b46ceaf68 40583079f57235a6 6c017e548aa138f2 b3e75fdca5ca2f1a
154,0897dcfae16e280f 04fda7c9d8971ec0 01ecc81f6341e902 538c7bb968b2154c daa257a37227cd72 29bedd00fb2be056 b69ce8b8154645f8 73f770f2643a2135 a52df8083c238c46 c606425856952286 bf3ccaba4a3450a8 a18df74d3a16e9c0 d3c4a7db726191e0 07d688f5e2142b87 a2805ed52b47b8ec b26d8664feb18c8c ce0f56b7190c268a 97d696011258825c 796888cc3443006c 4c3802a1bd3c842e c11b97f245a9dfd0 d46598813fb437e5 f29eee8054c061e1 6d80d2e62d01f6bc 5fb2d8e734956af0 acf5cb026b3c4551 2901e5309bb3f8f6 5ebb4d2f5f1c1f13 ac9ee0c09b538140 da7d3c2d591c4295
155,42a5cae2a3a45557 c08c3765ac609cc0 74e59c5820900b17 bed3e73d52011f68 5b34da30b93eb123 65fac1ba1840000f 2a06f5614060e3b6 05f23e7d05dbf7c2 2359719a0f40ffac 54f55c74d37db3c0 44d324ebd3e22ad7 0d0368139e9a647f 3fa57d488e979d74 8d58da0e1800dc96 dac29ed8400b50cc e14a893f1918277e f2234bb7ce0c6f59 b749972436ac9791 a9eef13786610446 00140806971e7a73 f705b637f624147e 2810fb6f81d1711c 0fbd0f422e926816 e7cad3748e50b0f8 4a5ac473c9d176ba ffc688c4c1c2a068 ec4ef2f727e7a03f 095bb1b6ecbd0a50 4d417b203b333363 528161039994b4dc
156,eff60ceea8817dad 522bd6887960c25d a60934e6b473097a 81bd116c786bf9ae bd713b37b67866c3 54a11cbcd7a32af4 b9d966ad9e04127a 828f5dfbbf1272ee 81b639b74256b45b fb8bd6b95eb4702a d216e5458ad70e60 64b31699d7d15934 f1a3b8b13e9401c0 72b80b099fd64ec4 99e833818ec4bbf2 395b26d91f98bd92 3c565c1fc2316d16 24c47959ea77b15b 9fda36f260eec24e e1460af4a7044067 095bb1b6ecbd0a50 ec4ef2f727e7a03f 7f95168400948588 f25bfcffedaccf28 01b3da54ffb158a0 4b29fc21f912754d 538c7bb968b2154c bb7515be835dea49 0b0021aa60d05daa d5805cdb9e8f0f48
157,aa967ad3c1f65a29 6aefb6531736648a d73a65673e3f1d78 128d583954b18074 52370bea1acd0600 4d7653ea9499eed4 9a0f5ee4f845c9b2 0bcaac840d5e66d7 c28bc62802b90f82 702d8f1064ab3e30 3986b68500d7704b c31a456b544a40a8 ff88049e61f0f4ef e0269da736ddf004 bd713b37b67866c3 fd30682593995748 2a06f5614060e3b6 39f6296778264878 e25a1da6ca187350 3fa57d488e979d74 0708923badf2ff5d 734dabb98795c35c 942a7d26d81c841f bd0f175ee98c613e ae94d8435a6847f4 b6d0f83aad4e4dc7 b24820ae14e16a24 622f2e4119882c94 47fbe21f5c35c7b4 af8e70f978cd5aee
158,6aefb6531736648a aa967ad3c1f65a29 72c2a95813ea72bd e461837f0fb35048 734dabb98795c35c 428f9363fa35882d 4f31209941bb05fc 013030fd7d29bf3d 83f5a9732f0de67f f54ad8d1eb18212e 2e2904c5373734ae 892074f7c1ef5d5e 07be6a290720707d dc576af4ae66e25e 28403e62105b00f6 e8ad5e31484ef889 765c0695339c3abe bc2552a642ce8497 585f4ee09d8fea46 63d509cd2a2e0e47 f0d53dcf0c296b57 19b4014943e0ad92 c49d8f84a4f87f8a 3986b68500d7704b 9ab90dfc5c9b0b37 919b1679fffa7ef1 e7dd56376be2cf1c fd57e641d06ebda7 ce8cb4351b8c0f6e f6d23cdd2359f7c0
159,3734d3b0b9232538 db69d4cbfef8d22f f76f44d372517a9a 9cf6709de35bf0f3 b78189788d563693 025a148c3a53bd9f 46315cf30aaee51c 8f578001f9d5f543 0eafda717681bbdc 20d283a232dfd13c fc21db75b354a917 b29ab87af6ea6310 d92c0298f76ccf77 ffa9091747ae2466 f2e30efbd27bee51 f44f74b3451aa593 b760ebc5f25788d3 c5830f9d0f1e29e5 d6bbbd6c4968075a 27888817db122597 853e36b1550c6274 2359719a0f40ffac acae1d29289b1266 6d80d2e62d01f6bc ecb768ef6fd223ca 6406fcdb7d87b5dc 6aac5e116b75aa22 0195950ce0f47e34 d73a65673e3f1d78 128d583954b18074
160,522bd6887960c25d 3c565c1fc2316d16 24c47959ea77b15b 4b29fc21f912754d 3b6d27775fce1c7b c015590d6a6fe833 3e66b4855d0dddbe a60934e6b473097a 81bd116c786bf9ae f48d0fbea7dc2782 bd713b37b67866c3 54a11cbcd7a32af4 b9d966ad9e04127a 81b639b74256b45b 64b31699d7d15934 5897953fdf87b60f f1a3b8b13e9401c0 0e45c4c185f35df6 395b26d91f98bd92 48a76e3aff69d605 4d954d933e606b70 9fda36f260eec24e 0db6584e3bdfa1c4 62431fd374eb99fb 4f915ad69e1dca36 28a2067685cb3e97 0f4c71d341e2d939 a76ffccd2f5df1a7 50cb6a6c60ad711a 8dedff0a79784abc
161,40583079f57235a6 f105a53e5cfae611 58654e3143c6550b 1d0f5fdc58e3efb5 ad06e9eeea8eb4ea 70ebf53ced736fa4 3b6d27775fce1c7b c015590d6a6fe833 c143c095983a65c2 3b4a85bac6ead3c8 a60934e6b473097a 5f94b027039f4e48 e9c20b67a4c5395f ebfda3b48083e390 0688c790d5806540 587e0b2a4811fab1 4f915ad69e1dca36 28a2067685cb3e97 35488b3b8b781278 148ac4a56a18844d d257d1fbcf43abd5 50cb6a6c60ad711a 8dedff0a79784abc a9223c28b10c131f ce0f56b7190c268a 0f33ce8d8014f308 133b04350c75770b 24e582daf6f87158 0451447dd64f6284 52370bea1acd0600
162,00d9f8d3f7d412b3 00958a140c3a6de8 d73a65673e3f1d78 128d583954b18074 52370bea1acd0600 4d7653ea9499eed4 9a0f5ee4f845c9b2 0bcaac840d5e66d7 c28bc62802b90f82 702d8f1064ab3e30 3986b68500d7704b 3fa57d488e979d74 c31a456b544a40a8 e0269da736ddf004 bd713b37b67866c3 fd30682593995748 2a06f5614060e3b6 39f6296778264878 e25a1da6ca187350 ff88049e61f0f4ef e7cad3748e50b0f8 0708923badf2ff5d 734dabb98795c35c 942a7d26d81c841f bd0f175ee98c613e ae94d8435a6847f4 b6d0f83aad4e4dc7 b24820ae14e16a24 622f2e4119882c94 47fbe21f5c35c7b4
163,5dd752753760ced8 898a4921ab9f4cce 855f2f0354e102c7 b1dcaca98bb76736 77e2f7da1f9d3a8f e0269da736ddf004 520ec719078be07c 377c1150c781e37a edc79e57b20e9036 00d9eb862ba3dfc6 cea18be9a89d7a81 bbbd5d2fd957e8f7 47fbe21f5c35c7b4 52370bea1acd0600 4d7653ea9499eed4 5fb2d8e734956af0 0bcaac840d5e66d7 c28bc62802b90f82 702d8f1064ab3e30 3986b68500d7704b 3fa57d488e979d74 ff88049e61f0f4ef bd713b37b67866c3 9a0f5ee4f845c9b2 e36475c1af5ea3ab e7cad3748e50b0f8 0708923badf2ff5d 734dabb98795c35c 942a7d26d81c841f bd0f175ee98c613e
164,fab14d178b24a67f af8e70f978cd5aee cc861214a89ef1f4 4b8c7061102517ef 4105533fe46dfba9 059bbdbdb843af6a 0079f3c74309b582 00d9eb862ba3dfc6 d73a65673e3f1d78 128d583954b18074 52370bea1acd0600 9a0f5ee4f845c9b2 0bcaac840d5e66d7 c28bc62802b90f82 702d8f1064ab3e30 3986b68500d7704b 3fa57d488e979d74 ff88049e61f0f4ef e0269da736ddf004 bd713b37b67866c3 fd30682593995748 2a06f5614060e3b6 e25a1da6ca187350 4d7653ea9499eed4 0708923badf2ff5d 734dabb98795c35c 942a7d26d81c841f bd0f175ee98c613e ae94d8435a6847f4 b6d0f83aad4e4dc7
165,01020d1b0821f4c7 5fb2d8e734956af0 73391e0853c1e040 01ecc81f6341e902 f58ff7f1a6cde683 46b99f864d6a075a 5879096a38d69fc5 5b16bae6a0de7c88 abf90e759d208468 09660f466b38b7ba 0d0368139e9a647f b29ab87af6ea6310 72403ecdfe02bba6 8d58da0e1800dc96 70776cdd9bb3b7d4 f9c6286cff30aaa8 ac9ee0c09b538140 00140806971e7a73 a9eef13786610446 f2234bb7ce0c6f59 b749972436ac9791 f705b637f624147e 0fbd0f422e926816 a14394322cf7043d e7cad3748e50b0f8 4a5ac473c9d176ba b6d0f83aad4e4dc7 64267373570e4ea3 c08c3765ac609cc0 387e9cd2e5d4ea7d
166,1f423f368aebf7f3 576dd429db946393 74ae9af23a383bf5 ae000f9d0b5e104e 8e0cc5199a0ee659 204ec91c39d1479d 72b80b099fd64ec4 522bd6887960c25d f25bfcffedaccf28 7f95168400948588 2cebd52b41930f0a 16b11706660177ff 3c565c1fc2316d16 24c47959ea77b15b 5547f9f1638ac345 4b29fc21f912754d c015590d6a6fe833 3b6d27775fce1c7b 3e66b4855d0dddbe a60934e6b473097a 45bd99d5d2eef776 81bd116c786bf9ae f48d0fbea7dc2782 ca43e349133fc0e3 bd713b37b67866c3 19e8f436d4b2fc25 6899956cd6c683f0 cc0c9419f8a20603 54a11cbcd7a32af4 b84b6c0b2e4d0306
167,bed3e73d52011f68 c08c3765ac609cc0 74e59c5820900b17 05f23e7d05dbf7c2 2359719a0f40ffac 54f55c74d37db3c0 9100ea6cd0e084bf bd0f175ee98c613e 44d324ebd3e22ad7 1f4f62844c3cb99c 2e44fbb8bc3d8d71 059bbdbdb843af6a 016da874bd04df55 bc27d5dc9bab1c18 26fc2a95df5659c2 c28bc62802b90f82 18b1d2d84c97a364 0d0368139e9a647f 42a5cae2a3a45557 025a148c3a53bd9f 5570ef88d970e9b4 fab14d178b24a67f 8d58da0e1800dc96 5b34da30b93eb123 65fac1ba1840000f 8f578001f9d5f543 dac29ed8400b50cc 316382267dcd804f fc21db75b354a917 74244a8703c03720
168,72b80b099fd64ec4 f25bfcffedaccf28 7f95168400948588 2cebd52b41930f0a 16b11706660177ff 5547f9f1638ac345 45bd99d5d2eef776 ca43e349133fc0e3 19e8f436d4b2fc25 6899956cd6c683f0 cc0c9419f8a20603 b84b6c0b2e4d0306 b05b5f6850cfa158 c11b97f245a9dfd0 52aa48c07b34dc88 0add47a043c64d7f 92f42fbd0c38f7fd 1d72229ebcc00faf 955e465ce0788ea6 a0566ca9daca7778 43c354dbf952caaa 29bedd00fb2be056 b69ce8b8154645f8 622f2e4119882c94 a52df8083c238c46 49224aca40e6e5e3 bf3ccaba4a3450a8 73f770f2643a2135 34a62e66e05f9a44 d6bbbd6c4968075a
169,43c354dbf952caaa 0f33ce8d8014f308 db69d4cbfef8d22f f76f44d372517a9a 9cf6709de35bf0f3 72b80b099fd64ec4 f25bfcffedaccf28 7f95168400948588 2cebd52b41930f0a 16b11706660177ff 5547f9f1638ac345 f2e30efbd27bee51 f44f74b3451aa593 45bd99d5d2eef776 ca43e349133fc0e3 19e8f436d4b2fc25 6899956cd6c683f0 cc0c9419f8a20603 b84b6c0b2e4d0306 b05b5f6850cfa158 c5830f9d0f1e29e5 c11b97f245a9dfd0 52aa48c07b34dc88 0add47a043c64d7f 92f42fbd0c38f7fd 3734d3b0b9232538 1d72229ebcc00faf a0566ca9daca7778 d73a65673e3f1d78 128d583954b18074
170,3fa57d488e979d74 bed3e73d52011f68 2359719a0f40ffac 8f578001f9d5f543 42a5cae2a3a45557 5b34da30b93eb123 65fac1ba1840000f 2a06f5614060e3b6 c08c3765ac609cc0 74e59c5820900b17 ba5199dba342af68 05f23e7d05dbf7c2 8d58da0e1800dc96 e14a893f1918277e a9eef13786610446 00140806971e7a73 f2234bb7ce0c6f59 b749972436ac9791 f705b637f624147e e7cad3748e50b0f8 ffc688c4c1c2a068 050544c040f46152 025a148c3a53bd9f 46315cf30aaee51c 9c9ebf71707d7a37 fc21db75b354a917 bd0f175ee98c613e 9100ea6cd0e084bf eec6b281e236b500 b29ab87af6ea6310
171,bee46c54461925d0 2e4b00c01d58e79e 419b5dc40744fb9b 4535ce2e3dced00f 83f8f2fc471cad74 bfb8032f2183d471 6204e398d8c7f888 4577ae048ef1967d 4bed80e56ea2e099 57113c2a4cacd961 b2ee9eea2d974c90 050544c040f46152 7c98dedd223b36c0 8643165b0f53df11 522bd6887960c25d 828f5dfbbf1272ee d216e5458ad70e60 fb8bd6b95eb4702a e228204ae08d1355 72b80b099fd64ec4 99e833818ec4bbf2 e1460af4a7044067 4d7653ea9499eed4 db69d4cbfef8d22f 7f95168400948588 f25bfcffedaccf28 01b3da54ffb158a0 538c7bb968b2154c 2cebd52b41930f0a ec1b3d7ccd3984d0
172,ec4ef2f727e7a03f 095bb1b6ecbd0a50 8fc68213b63951dc b3ad55963554f220 8faeacf8ca08f62d f46601a9955f9949 942a7d26d81c841f 528161039994b4dc eec6b281e236b500 9100ea6cd0e084bf bd0f175ee98c613e a292248bb2bffb3d 393f49286db04aeb 33856365c271aea4 ce2fe99a7cda4a17 636224e349e561bf 955e465ce0788ea6 a813c15b46ceaf68 40583079f57235a6 6c017e548aa138f2 b3e75fdca5ca2f1a c28bc62802b90f82 26fc2a95df5659c2 daa257a37227cd72 72c2a95813ea72bd 46315cf30aaee51c 29bedd00fb2be056 589ef345cb2dccfc 0eafda717681bbdc 20d283a232dfd13c
173,29bedd00fb2be056 455fde214d16d350 33856365c271aea4 5989fb934598c1a7 07f22a7ad7e4711d 25a3b47fe31bc6b5 ddb3810e0289c148 387e9cd2e5d4ea7d ebfda3b48083e390 42c9b72cc77dcb28 025a148c3a53bd9f c5830f9d0f1e29e5 7155e5a86136eb02 65708d542bd01f39 57113c2a4cacd961 4d954d933e606b70 095bb1b6ecbd0a50 8643165b0f53df11 3ca7964973437917 eff60ceea8817dad 1f423f368aebf7f3 26fc2a95df5659c2 855f2f0354e102c7 63d95d5977c2fe98 7ee52d2519eea367 44d324ebd3e22ad7 1398b478b71773ed 4d417b203b333363 587e0b2a4811fab1 b6a1c97f19af78d0
174,636224e349e561bf 12af6a34778710db 09660f466b38b7ba 0d0368139e9a647f 005666aa098abe8e a5f55580081236f4 72403ecdfe02bba6 5b34da30b93eb123 5989fb934598c1a7 dac29ed8400b50cc ffa9091747ae2466 70776cdd9bb3b7d4 2a06f5614060e3b6 f2234bb7ce0c6f59 b749972436ac9791 00140806971e7a73 a9eef13786610446 2810fb6f81d1711c 197fa50b30d91fe8 0fbd0f422e926816 ffc688c4c1c2a068 db7342eff9200020 b760ebc5f25788d3 74e59c5820900b17 387e9cd2e5d4ea7d 8700059e85433b32 65254e0d209fd66e 05f23e7d05dbf7c2 2359719a0f40ffac 44d324ebd3e22ad7
175,2359719a0f40ffac c08c3765ac609cc0 74e59c5820900b17 6d80d2e62d01f6bc 05f23e7d05dbf7c2 54f55c74d37db3c0 44d324ebd3e22ad7 b78189788d563693 025a148c3a53bd9f 46315cf30aaee51c 8f578001f9d5f543 20d283a232dfd13c 0eafda717681bbdc fc21db75b354a917 0d0368139e9a647f b29ab87af6ea6310 42a5cae2a3a45557 d92c0298f76ccf77 ffa9091747ae2466 8d58da0e1800dc96 bed3e73d52011f68 5b34da30b93eb123 65fac1ba1840000f dac29ed8400b50cc 2a06f5614060e3b6 e14a893f1918277e f2234bb7ce0c6f59 b749972436ac9791 00140806971e7a73 a9eef13786610446
176,24c47959ea77b15b 3c565c1fc2316d16 4b29fc21f912754d 3e66b4855d0dddbe 522bd6887960c25d f48d0fbea7dc2782 4d954d933e606b70 ecb768ef6fd223ca 62431fd374eb99fb 1a8e5d6512d9e2d8 a76ffccd2f5df1a7 0f4c71d341e2d939 b6e72edcad270be0 ddf332f2b55a2a23 66ccd03c9e03ac06 3b6d27775fce1c7b c015590d6a6fe833 d92c0298f76ccf77 172bc0ee09332ae9 a2c35fdf07a13286 a60934e6b473097a cea18be9a89d7a81 81bd116c786bf9ae 6406fcdb7d87b5dc bd713b37b67866c3 54a11cbcd7a32af4 6461a9faa871b3ac 2820628e65a062e2 404031ab9d5977c4 b9d966ad9e04127a
177,09660f466b38b7ba 0d0368139e9a647f 72403ecdfe02bba6 70776cdd9bb3b7d4 00140806971e7a73 f2234bb7ce0c6f59 b749972436ac9791 a9eef13786610446 0fbd0f422e926816 387e9cd2e5d4ea7d 05f23e7d05dbf7c2 636224e349e561bf 12af6a34778710db 5b16bae6a0de7c88 73391e0853c1e040 abf90e759d208468 005666aa098abe8e a5f55580081236f4 f58ff7f1a6cde683 46b99f864d6a075a 5b34da30b93eb123 b29ab87af6ea6310 5989fb934598c1a7 dac29ed8400b50cc ffa9091747ae2466 8d58da0e1800dc96 2a06f5614060e3b6 01020d1b0821f4c7 2810fb6f81d1711c 197fa50b30d91fe8
178,781aaf62a955e4e8 bd9cd6b87a4fe0ce 22dc81380cf4baec c606425856952286 34a62e66e05f9a44 8700059e85433b32 c11b97f245a9dfd0 d46598813fb437e5 acae1d29289b1266 6d80d2e62d01f6bc 6a9aa1bd93e36e66 ac9ee0c09b538140 486dd77002936dec a982b5c3aed39396 6aac5e116b75aa22 a9dad59c7055b56c 680bb5c5c3bb6ee1 106204cd0e07e1b2 25a3b47fe31bc6b5 a0566ca9daca7778 00e1e2eb13f650e4 af8e70f978cd5aee 2a06f5614060e3b6 fd30682593995748 bd713b37b67866c3 e0269da736ddf004 ff88049e61f0f4ef 4b8c7061102517ef 3fa57d488e979d74 942a7d26d81c841f
179,520ec719078be07c 855f2f0354e102c7 b1dcaca98bb76736 5dd752753760ced8 77e2f7da1f9d3a8f e0269da736ddf004 377c1150c781e37a edc79e57b20e9036 5fb2d8e734956af0 bbbd5d2fd957e8f7 47fbe21f5c35c7b4 52370bea1acd0600 4d7653ea9499eed4 9a0f5ee4f845c9b2 0bcaac840d5e66d7 c28bc62802b90f82 702d8f1064ab3e30 3986b68500d7704b 3fa57d488e979d74 ff88049e61f0f4ef bd713b37b67866c3 fd30682593995748 cea18be9a89d7a81 e7cad3748e50b0f8 0708923badf2ff5d 734dabb98795c35c 942a7d26d81c841f bd0f175ee98c613e ae94d8435a6847f4 b6d0f83aad4e4dc7
180,3b6d27775fce1c7b c015590d6a6fe833 c143c095983a65c2 e9c20b67a4c5395f 4f915ad69e1dca36 28a2067685cb3e97 35488b3b8b781278 8dedff0a79784abc 50cb6a6c60ad711a 0f33ce8d8014f308 24e582daf6f87158 0451447dd64f6284 52370bea1acd0600 3a6e7894dde31c67 285657fcdf89f00d b6a1c97f19af78d0 7c8324ce28ffb96e d73a65673e3f1d78 128d583954b18074 702d8f1064ab3e30 c28bc62802b90f82 3986b68500d7704b 3fa57d488e979d74 ff88049e61f0f4ef e0269da736ddf004 bd713b37b67866c3 fd30682593995748 39f6296778264878 0bcaac840d5e66d7 ae94d8435a6847f4
181,29bedd00fb2be056 455fde214d16d350 33856365c271aea4 5989fb934598c1a7 07f22a7ad7e4711d 25a3b47fe31bc6b5 ddb3810e0289c148 387e9cd2e5d4ea7d ebfda3b48083e390 42c9b72cc77dcb28 025a148c3a53bd9f c5830f9d0f1e29e5 7155e5a86136eb02 65708d542bd01f39 57113c2a4cacd961 4d954d933e606b70 095bb1b6ecbd0a50 8643165b0f53df11 3ca7964973437917 eff60ceea8817dad 1f423f368aebf7f3 26fc2a95df5659c2 855f2f0354e102c7 63d95d5977c2fe98 7ee52d2519eea367 44d324ebd3e22ad7 1398b478b71773ed 4d417b203b333363 587e0b2a4811fab1 b6a1c97f19af78d0
182,f05fa5f57dc03e81 64907c4568244eb4 00958a140c3a6de8 e36475c1af5ea3ab 537a55eda51a3f60 d73a65673e3f1d78 128d583954b18074 47fbe21f5c35c7b4 4d7653ea9499eed4 9a0f5ee4f845c9b2 0bcaac840d5e66d7 c28bc62802b90f82 702d8f1064ab3e30 3986b68500d7704b 3fa57d488e979d74 ff88049e61f0f4ef e0269da736ddf004 bd713b37b67866c3 fd30682593995748 2a06f5614060e3b6 e25a1da6ca187350 52370bea1acd0600 0708923badf2ff5d 734dabb98795c35c 942a7d26d81c841f bd0f175ee98c613e ae94d8435a6847f4 b6d0f83aad4e4dc7 b24820ae14e16a24 622f2e4119882c94
183,b6cdb608f640e038 74873b42602d8958 238ec735a13a3f09 d64c7c3b658689f4 b0bfe0f426275870 61ba7707ef6a5a99 8abe670908f12614 b78189788d563693 fc16a50ff0baec53 da011b87595c1019 628accd9be98503c 8dc313a2cf9da354 d216e5458ad70e60 fb8bd6b95eb4702a 5057551fc55e9ed2 a1314cd417504572 db0e648651f4c92b 49b5678e0d1e5bcd bbbd5d2fd957e8f7 3d93a60f990a0a7c 5a1149fbcbd37376 ff88049e61f0f4ef b6e646c13d0753ae e8684734f2e587bd 60a070db9f1869b5 0220a434aa8bf029 8bf446c0455e3c5c 46315cf30aaee51c 26f72a4eb15ea8c0 9d5edf3b993fee50
184,ba5199dba342af68 e403278468d84383 e25a1da6ca187350 1fe79c7de59ff6c6 c1f2e3a76d388944 e8b87ed7db1bcb1f 3c0873ce078d332b ca4de5b8a7bda9df 1dc7139adba034ec 83b911ff0ff45844 522bd6887960c25d d1e21234d7cc61d2 24c47959ea77b15b 3c565c1fc2316d16 4b29fc21f912754d c015590d6a6fe833 3b6d27775fce1c7b 3e66b4855d0dddbe a60934e6b473097a 81bd116c786bf9ae f48d0fbea7dc2782 bd713b37b67866c3 54a11cbcd7a32af4 b9d966ad9e04127a 81b639b74256b45b 64b31699d7d15934 5897953fdf87b60f f1a3b8b13e9401c0 0e45c4c185f35df6 395b26d91f98bd92
185,8e0cc5199a0ee659 ae000f9d0b5e104e 576dd429db946393 74ae9af23a383bf5 1f423f368aebf7f3 204ec91c39d1479d c03b11a0cdc3fa39 65254e0d209fd66e 7b81f1f2b6ec2e5f 47fbe21f5c35c7b4 4d7653ea9499eed4 9a0f5ee4f845c9b2 0bcaac840d5e66d7 c28bc62802b90f82 702d8f1064ab3e30 3986b68500d7704b 3fa57d488e979d74 ff88049e61f0f4ef e0269da736ddf004 bd713b37b67866c3 fd30682593995748 39f6296778264878 52370bea1acd0600 e7cad3748e50b0f8 734dabb98795c35c 942a7d26d81c841f bd0f175ee98c613e ae94d8435a6847f4 b6d0f83aad4e4dc7 b24820ae14e16a24
186,63d509cd2a2e0e47 07be6a290720707d e8ad5e31484ef889 1398b478b71773ed 52370bea1acd0600 9a0f5ee4f845c9b2 0bcaac840d5e66d7 c28bc62802b90f82 702d8f1064ab3e30 3986b68500d7704b 3fa57d488e979d74 ff88049e61f0f4ef e0269da736ddf004 bd713b37b67866c3 fd30682593995748 2a06f5614060e3b6 39f6296778264878 e25a1da6ca187350 c31a456b544a40a8 4d7653ea9499eed4 0708923badf2ff5d 734dabb98795c35c 942a7d26d81c841f bd0f175ee98c613e ae94d8435a6847f4 b6d0f83aad4e4dc7 b24820ae14e16a24 622f2e4119882c94 4b8c7061102517ef 47fbe21f5c35c7b4
187,7f29daa16b9b4cda 9ab90dfc5c9b0b37 04886579947a80c2 ce8cb4351b8c0f6e 47fbe21f5c35c7b4 52370bea1acd0600 4d7653ea9499eed4 9a0f5ee4f845c9b2 0bcaac840d5e66d7 c28bc62802b90f82 702d8f1064ab3e30 bbbd5d2fd957e8f7 3fa57d488e979d74 ff88049e61f0f4ef e0269da736ddf004 bd713b37b67866c3 fd30682593995748 2a06f5614060e3b6 39f6296778264878 3986b68500d7704b e7cad3748e50b0f8 0708923badf2ff5d 734dabb98795c35c 942a7d26d81c841f bd0f175ee98c613e ae94d8435a6847f4 b6d0f83aad4e4dc7 b24820ae14e16a24 cea18be9a89d7a81 4b8c7061102517ef
188,0195950ce0f47e34 bbbd5d2fd957e8f7 47fbe21f5c35c7b4 52370bea1acd0600 4d7653ea9499eed4 9a0f5ee4f845c9b2 0bcaac840d5e66d7 c28bc62802b90f82 702d8f1064ab3e30 e36475c1af5ea3ab 3fa57d488e979d74 ff88049e61f0f4ef e0269da736ddf004 bd713b37b67866c3 fd30682593995748 2a06f5614060e3b6 39f6296778264878 e25a1da6ca187350 3986b68500d7704b e7cad3748e50b0f8 0708923badf2ff5d 734dabb98795c35c 942a7d26d81c841f bd0f175ee98c613e ae94d8435a6847f4 b6d0f83aad4e4dc7 b24820ae14e16a24 cea18be9a89d7a81 4b8c7061102517ef af8e70f978cd5aee
189,26f72a4eb15ea8c0 4c0eee2c1a5e76e2 47fbe21f5c35c7b4 52370bea1acd0600 4d7653ea9499eed4 9a0f5ee4f845c9b2 0bcaac840d5e66d7 c28bc62802b90f82 702d8f1064ab3e30 c31a456b544a40a8 3fa57d488e979d74 ff88049e61f0f4ef e0269da736ddf004 bd713b37b67866c3 fd30682593995748 2a06f5614060e3b6 39f6296778264878 e25a1da6ca187350 3986b68500d7704b e7cad3748e50b0f8 0708923badf2ff5d 734dabb98795c35c 942a7d26d81c841f bd0f175ee98c613e ae94d8435a6847f4 b6d0f83aad4e4dc7 b24820ae14e16a24 bbbd5d2fd957e8f7 4b8c7061102517ef af8e70f978cd5aee
190,628accd9be98503c 9f27aa36c1ea793c fd30682593995748 0b774cf90856c4da 2b48ab08c915c0ad 9d5edf3b993fee50 b50b4e27b03c7b37 9b2adcf4041227d7 e7828f0ea9749505 da904d2a54ff8cf2 52e459a551d4ac2d d6ed7e4b14c51296 f05fa5f57dc03e81 af8e70f978cd5aee 6461a9faa871b3ac 7cea1f637ea3f37d 8df3f13d6af34cb3 0cd920bad11c716d 8dc313a2cf9da354 a1314cd417504572 5057551fc55e9ed2 83f8aca6ee2caabc d72363ddd958d906 120e745e2961b5d5 37001ade0df85823 b0b5e62a93a2c37c 5a1149fbcbd37376 64907c4568244eb4 00d9f8d3f7d412b3 ee3ed9a3f51336cd
191,87c5481930cfe126 99e833818ec4bbf2 01b3da54ffb158a0 061f3e1feeaa3094 4d32dae7b43c489a 88b62355670ec8f8 d7d937303a6d5a9d a65e30106ea50423 aa0789b403bcd839 65ad9c583823162d dc12cc503ac0eddb 65708d542bd01f39 f209d29f991432f0 a5d5ba33b5b1dc95 0647acc4602d4e8f 455fde214d16d350 43b3338423d7386c fa173131f15f5534 29968e8fd13539f8 f49e13a653cbdad2 01e5a6edcee7deb0 1c3b74a02a86467d 0772e3ab293a1f30 3e8e56f639a5db5b 22756be6fd061d4c 95166957b2c38794 bc2ae5f4e5d53e00 e6a29676c096f8e8 1efd7bd8a34a1359 4e966bb2768c2b8a
192,537a55eda51a3f60 a84cd36608cb8665 451e7ba901ad661d f05fa5f57dc03e81 64907c4568244eb4 00958a140c3a6de8 e36475c1af5ea3ab 190ab585fd379f0f 522bd6887960c25d 828f5dfbbf1272ee fb8bd6b95eb4702a d216e5458ad70e60 e228204ae08d1355 72b80b099fd64ec4 99e833818ec4bbf2 e1460af4a7044067 4d7653ea9499eed4 db69d4cbfef8d22f 7f95168400948588 f25bfcffedaccf28 01b3da54ffb158a0 538c7bb968b2154c 2cebd52b41930f0a ec1b3d7ccd3984d0 a853f13216170123 24c47959ea77b15b 3c565c1fc2316d16 5b4c879fc9c316fb f76f44d372517a9a 964a50d33717c26d
193,005666aa098abe8e 0079f3c74309b582 013030fd7d29bf3d c96049ed915ced0a 0195950ce0f47e34 0a49074a4158155b 4d7653ea9499eed4 9a0f5ee4f845c9b2 0bcaac840d5e66d7 c28bc62802b90f82 702d8f1064ab3e30 3986b68500d7704b 3fa57d488e979d74 ff88049e61f0f4ef 52370bea1acd0600 bd713b37b67866c3 fd30682593995748 2a06f5614060e3b6 39f6296778264878 e25a1da6ca187350 c31a456b544a40a8 e0269da736ddf004 734dabb98795c35c 942a7d26d81c841f bd0f175ee98c613e ae94d8435a6847f4 b6d0f83aad4e4dc7 b24820ae14e16a24 622f2e4119882c94 4b8c7061102517ef
194,64907c4568244eb4 537a55eda51a3f60 00ff646ca6637bd7 2b48ab08c915c0ad 0b774cf90856c4da 9d5edf3b993fee50 fd30682593995748 120e745e2961b5d5 fc8971756f9ec194 a84cd36608cb8665 f05fa5f57dc03e81 7c9248ed6224aa26 451e7ba901ad661d 00958a140c3a6de8 e36475c1af5ea3ab 522bd6887960c25d 9f27aa36c1ea793c 9b2adcf4041227d7 da904d2a54ff8cf2 e7828f0ea9749505 52e459a551d4ac2d d6ed7e4b14c51296 7d83ffe83f61bdc4 af8e70f978cd5aee 6461a9faa871b3ac 8df3f13d6af34cb3 a1314cd417504572 5057551fc55e9ed2 d72363ddd958d906 83f8aca6ee2caabc
195,ecb768ef6fd223ca 1a8e5d6512d9e2d8 6461a9faa871b3ac 2820628e65a062e2 155600e5f1221f8c 976baf0e84752a68 bd9cd6b87a4fe0ce 5c4b7558c942a224 898a4921ab9f4cce 190ab585fd379f0f 522bd6887960c25d 3c565c1fc2316d16 24c47959ea77b15b 4b29fc21f912754d 3b6d27775fce1c7b c015590d6a6fe833 3e66b4855d0dddbe a60934e6b473097a 81bd116c786bf9ae f48d0fbea7dc2782 bd713b37b67866c3 54a11cbcd7a32af4 b9d966ad9e04127a 81b639b74256b45b 64b31699d7d15934 5897953fdf87b60f f1a3b8b13e9401c0 0e45c4c185f35df6 395b26d91f98bd92 48a76e3aff69d605
196,f05fa5f57dc03e81 64907c4568244eb4 00958a140c3a6de8 e36475c1af5ea3ab d72363ddd958d906 83f8aca6ee2caabc 059bbdbdb843af6a 537a55eda51a3f60 453bc79164d57a01 9c9a9d45c2ea7ddf 8b7c486a910dd004 628accd9be98503c 9f27aa36c1ea793c 2b48ab08c915c0ad 9d5edf3b993fee50 fd30682593995748 0b774cf90856c4da b50b4e27b03c7b37 e7828f0ea9749505 52e459a551d4ac2d 9b2adcf4041227d7 d6ed7e4b14c51296 da904d2a54ff8cf2 bd0f175ee98c613e 9100ea6cd0e084bf af8e70f978cd5aee 6461a9faa871b3ac 7cea1f637ea3f37d 8df3f13d6af34cb3 0cd920bad11c716d
197,e36475c1af5ea3ab 9f27aa36c1ea793c 9b2adcf4041227d7 52e459a551d4ac2d da904d2a54ff8cf2 d6ed7e4b14c51296 e7828f0ea9749505 7d83ffe83f61bdc4 af8e70f978cd5aee 6461a9faa871b3ac 8df3f13d6af34cb3 5057551fc55e9ed2 a1314cd417504572 83f8aca6ee2caabc d72363ddd958d906 238ec735a13a3f09 d64c06baf5ef1c90 c810ac016901e8ac 36d33c41812ce7dc 49b5678e0d1e5bcd db0e648651f4c92b bbbd5d2fd957e8f7 ae77487a89f2610c 37001ade0df85823 b0b5e62a93a2c37c 00d9f8d3f7d412b3 cc861214a89ef1f4 ee3ed9a3f51336cd 3d93a60f990a0a7c 7e4a4a1300b77a06
198,b69ce8b8154645f8 622f2e4119882c94 49224aca40e6e5e3 955e465ce0788ea6 5fb2d8e734956af0 34a62e66e05f9a44 6a9aa1bd93e36e66 29bedd00fb2be056 522bd6887960c25d 65d44c6393907290 486dd77002936dec ac9ee0c09b538140 a52df8083c238c46 033d905aec273595 24c47959ea77b15b 3c565c1fc2316d16 64b31699d7d15934 7c8324ce28ffb96e 4b29fc21f912754d d6bbbd6c4968075a a982b5c3aed39396 0db6584e3bdfa1c4 3b6d27775fce1c7b c015590d6a6fe833 796888cc3443006c a9dad59c7055b56c 5879096a38d69fc5 d46598813fb437e5 63d95d5977c2fe98 3e66b4855d0dddbe
199,c08c3765ac609cc0 74e59c5820900b17 05f23e7d05dbf7c2 2359719a0f40ffac 54f55c74d37db3c0 44d324ebd3e22ad7 0d0368139e9a647f 42a5cae2a3a45557 8d58da0e1800dc96 bed3e73d52011f68 5b34da30b93eb123 65fac1ba1840000f dac29ed8400b50cc 2a06f5614060e3b6 e14a893f1918277e b749972436ac9791 f2234bb7ce0c6f59 a9eef13786610446 00140806971e7a73 f705b637f624147e 2810fb6f81d1711c 0fbd0f422e926816 e7cad3748e50b0f8 4a5ac473c9d176ba ffc688c4c1c2a068 4d417b203b333363 6d80d2e62d01f6bc 050544c040f46152 3fa57d488e979d74 63d95d5977c2fe98
200,8dedff0a79784abc c015590d6a6fe833 3b6d27775fce1c7b a60934e6b473097a 63d509cd2a2e0e47 522bd6887960c25d 4f915ad69e1dca36 28a2067685cb3e97 50cb6a6c60ad711a 24e582daf6f87158 52370bea1acd0600 24c47959ea77b15b 3c565c1fc2316d16 285657fcdf89f00d 7c8324ce28ffb96e 40583079f57235a6 4b29fc21f912754d f105a53e5cfae611 58654e3143c6550b 1d0f5fdc58e3efb5 3e66b4855d0dddbe 999a52f1d301247c ad06e9eeea8eb4ea 70ebf53ced736fa4 c143c095983a65c2 07be6a290720707d 3b4a85bac6ead3c8 e8ad5e31484ef889 81bd116c786bf9ae f48d0fbea7dc2782
201,a017f3358d5327aa d73a65673e3f1d78 47fbe21f5c35c7b4 52370bea1acd0600 4d7653ea9499eed4 9a0f5ee4f845c9b2 0bcaac840d5e66d7 c28bc62802b90f82 702d8f1064ab3e30 c31a456b544a40a8 3fa57d488e979d74 ff88049e61f0f4ef e0269da736ddf004 bd713b37b67866c3 fd30682593995748 2a06f5614060e3b6 39f6296778264878 e25a1da6ca187350 3986b68500d7704b e7cad3748e50b0f8 0708923badf2ff5d 734dabb98795c35c 942a7d26d81c841f bd0f175ee98c613e ae94d8435a6847f4 b6d0f83aad4e4dc7 b24820ae14e16a24 bbbd5d2fd957e8f7 4b8c7061102517ef af8e70f978cd5aee
202,48f93f9c2c699e19 a2805ed52b47b8ec ec1b3d7ccd3984d0 0a79fabc6f5d93c9 34a62e66e05f9a44 27bc34b9887bec0d 4fe9e4e55585ba4b 3cb6b40d377e7ca8 e22c35101e190db9 8699cc5dd4159b69 25145708d494530b 7155e5a86136eb02 09bbaa171c20bae3 03dfe518713e006c 3d6880bd12f6613f 45630e1451157ff3 522bd6887960c25d 828f5dfbbf1272ee d216e5458ad70e60 fb8bd6b95eb4702a 72b80b099fd64ec4 99e833818ec4bbf2 e1460af4a7044067 7f95168400948588 f25bfcffedaccf28 01b3da54ffb158a0 538c7bb968b2154c 2cebd52b41930f0a 9cf6709de35bf0f3 095bb1b6ecbd0a50
203,9f27aa36c1ea793c 52e459a551d4ac2d d6ed7e4b14c51296 9b2adcf4041227d7 e7828f0ea9749505 da904d2a54ff8cf2 af8e70f978cd5aee 6461a9faa871b3ac 8df3f13d6af34cb3 5057551fc55e9ed2 a1314cd417504572 83f8aca6ee2caabc d72363ddd958d906 37001ade0df85823 b0b5e62a93a2c37c 00d9f8d3f7d412b3 ee3ed9a3f51336cd 453bc79164d57a01 61ba7707ef6a5a99 c05f45f86d0771d5 4483bbdd3241f11a cec2eea2a1fe566a 8b7c486a910dd004 059bbdbdb843af6a 22e8d6734e4121ae 628accd9be98503c fd30682593995748 9d5edf3b993fee50 2b48ab08c915c0ad 0b774cf90856c4da
204,447fc00f40d71d08 2e031d83339759b2 964a50d33717c26d 24c47959ea77b15b 3c565c1fc2316d16 90ecb28f2edb9d43 2e79d45ba4d1540d 4b29fc21f912754d 9f3d2ca16f358290 3e66b4855d0dddbe f48d0fbea7dc2782 702d8f1064ab3e30 feddfcf56818968e 6a3919ad9ed8197e b24820ae14e16a24 a813c15b46ceaf68 4d954d933e606b70 62431fd374eb99fb 0bcaac840d5e66d7 a853f13216170123 a76ffccd2f5df1a7 0f4c71d341e2d939 5867d40811c0229f b6e72edcad270be0 5b4c879fc9c316fb ddf332f2b55a2a23 66ccd03c9e03ac06 96445bec1579ec97 172bc0ee09332ae9 ced9c56f2be86774
205,4d954d933e606b70 63d509cd2a2e0e47 a853f13216170123 24c47959ea77b15b 3c565c1fc2316d16 5b4c879fc9c316fb 07be6a290720707d 4b29fc21f912754d e8ad5e31484ef889 3e66b4855d0dddbe 1398b478b71773ed f48d0fbea7dc2782 cc507a0d6fcf4a1c 62431fd374eb99fb 0f4c71d341e2d939 a76ffccd2f5df1a7 b6e72edcad270be0 ddf332f2b55a2a23 666bdff4faa513ca 66ccd03c9e03ac06 4f2fffd7528de786 172bc0ee09332ae9 a2c35fdf07a13286 486dd77002936dec cea18be9a89d7a81 07f22a7ad7e4711d 702d8f1064ab3e30 6406fcdb7d87b5dc 404031ab9d5977c4 a813c15b46ceaf68
206,005666aa098abe8e 5b34da30b93eb123 636224e349e561bf 2a06f5614060e3b6 12af6a34778710db 0d0368139e9a647f 74e59c5820900b17 dac29ed8400b50cc 05f23e7d05dbf7c2 2359719a0f40ffac 00140806971e7a73 b749972436ac9791 a9eef13786610446 f2234bb7ce0c6f59 2810fb6f81d1711c 0fbd0f422e926816 a5f55580081236f4 44d324ebd3e22ad7 ffc688c4c1c2a068 ffa9091747ae2466 197fa50b30d91fe8 09660f466b38b7ba b760ebc5f25788d3 72403ecdfe02bba6 5989fb934598c1a7 8700059e85433b32 70776cdd9bb3b7d4 65254e0d209fd66e 0079f3c74309b582 db7342eff9200020
207,5b16bae6a0de7c88 73391e0853c1e040 abf90e759d208468 09660f466b38b7ba 0d0368139e9a647f f58ff7f1a6cde683 46b99f864d6a075a b29ab87af6ea6310 72403ecdfe02bba6 8d58da0e1800dc96 01020d1b0821f4c7 70776cdd9bb3b7d4 f9c6286cff30aaa8 a9eef13786610446 00140806971e7a73 f2234bb7ce0c6f59 b749972436ac9791 f705b637f624147e 0fbd0f422e926816 a14394322cf7043d e7cad3748e50b0f8 4a5ac473c9d176ba b6d0f83aad4e4dc7 ec4ef2f727e7a03f 095bb1b6ecbd0a50 8fc68213b63951dc 942a7d26d81c841f b3ad55963554f220 8faeacf8ca08f62d 528161039994b4dc
208,6461a9faa871b3ac ecb768ef6fd223ca 1a8e5d6512d9e2d8 976baf0e84752a68 2820628e65a062e2 155600e5f1221f8c bd9cd6b87a4fe0ce 9f27aa36c1ea793c 9b2adcf4041227d7 52e459a551d4ac2d e7828f0ea9749505 d6ed7e4b14c51296 da904d2a54ff8cf2 af8e70f978cd5aee 8df3f13d6af34cb3 a1314cd417504572 5057551fc55e9ed2 83f8aca6ee2caabc d72363ddd958d906 37001ade0df85823 b0b5e62a93a2c37c 64907c4568244eb4 5c4b7558c942a224 00d9f8d3f7d412b3 ee3ed9a3f51336cd 453bc79164d57a01 61ba7707ef6a5a99 c05f45f86d0771d5 190ab585fd379f0f 7d83ffe83f61bdc4
209,9f3d2ca16f358290 680bb5c5c3bb6ee1 447fc00f40d71d08 2e031d83339759b2 90ecb28f2edb9d43 2e79d45ba4d1540d d73a65673e3f1d78 128d583954b18074 52370bea1acd0600 9a0f5ee4f845c9b2 0bcaac840d5e66d7 c28bc62802b90f82 702d8f1064ab3e30 3986b68500d7704b 3fa57d488e979d74 ff88049e61f0f4ef e0269da736ddf004 bd713b37b67866c3 fd30682593995748 2a06f5614060e3b6 39f6296778264878 c31a456b544a40a8 4d7653ea9499eed4 e7cad3748e50b0f8 734dabb98795c35c 942a7d26d81c841f bd0f175ee98c613e ae94d8435a6847f4 b6d0f83aad4e4dc7 b24820ae14e16a24
210,d73a65673e3f1d78 0195950ce0f47e34 128d583954b18074 47fbe21f5c35c7b4 52370bea1acd0600 4d7653ea9499eed4 9a0f5ee4f845c9b2 0bcaac840d5e66d7 c28bc62802b90f82 702d8f1064ab3e30 3986b68500d7704b 3fa57d488e979d74 c31a456b544a40a8 e0269da736ddf004 bd713b37b67866c3 fd30682593995748 2a06f5614060e3b6 39f6296778264878 e25a1da6ca187350 ff88049e61f0f4ef e7cad3748e50b0f8 0708923badf2ff5d 734dabb98795c35c 942a7d26d81c841f bd0f175ee98c613e ae94d8435a6847f4 b6d0f83aad4e4dc7 b24820ae14e16a24 bbbd5d2fd957e8f7 4b8c7061102517ef
211,c03b11a0cdc3fa39 65254e0d209fd66e 7b81f1f2b6ec2e5f 39075e303166355e 5570ef88d970e9b4 da011b87595c1019 39f6296778264878 ae94d8435a6847f4 430feb4826a5632e 65fac1ba1840000f f705b637f624147e 047769588be1aea9 4a5ac473c9d176ba bf3ccaba4a3450a8 47fbe21f5c35c7b4 351c9da399c2b915 522bd6887960c25d 2901e5309bb3f8f6 5c4b7558c942a224 3c565c1fc2316d16 24c47959ea77b15b 72c2a95813ea72bd 4b29fc21f912754d 6aac5e116b75aa22 e7dd56376be2cf1c c015590d6a6fe833 3b6d27775fce1c7b 3e66b4855d0dddbe a60934e6b473097a 0195950ce0f47e34
212,0079f3c74309b582 47fbe21f5c35c7b4 52370bea1acd0600 4d7653ea9499eed4 9a0f5ee4f845c9b2 0bcaac840d5e66d7 c28bc62802b90f82 702d8f1064ab3e30 3986b68500d7704b bbbd5d2fd957e8f7 ff88049e61f0f4ef e0269da736ddf004 bd713b37b67866c3 fd30682593995748 2a06f5614060e3b6 39f6296778264878 e25a1da6ca187350 c31a456b544a40a8 3fa57d488e979d74 e7cad3748e50b0f8 0708923badf2ff5d 734dabb98795c35c 942a7d26d81c841f bd0f175ee98c613e ae94d8435a6847f4 b6d0f83aad4e4dc7 b24820ae14e16a24 cea18be9a89d7a81 4b8c7061102517ef af8e70f978cd5aee
213,9100ea6cd0e084bf bd0f175ee98c613e 1f4f62844c3cb99c 2e44fbb8bc3d8d71 059bbdbdb843af6a 016da874bd04df55 bc27d5dc9bab1c18 c28bc62802b90f82 26fc2a95df5659c2 18b1d2d84c97a364 025a148c3a53bd9f 5570ef88d970e9b4 fab14d178b24a67f 8f578001f9d5f543 316382267dcd804f fc21db75b354a917 74244a8703c03720 39f6296778264878 bed3e73d52011f68 d92c0298f76ccf77 6cb9ab508a0678a0 2820628e65a062e2 d72363ddd958d906 83f8aca6ee2caabc c810ac016901e8ac d64c06baf5ef1c90 36d33c41812ce7dc f9c6286cff30aaa8 b7d7d9ae1cbe0d8a cc861214a89ef1f4
214,99e833818ec4bbf2 01b3da54ffb158a0 061f3e1feeaa3094 4d32dae7b43c489a 88b62355670ec8f8 d7d937303a6d5a9d a65e30106ea50423 aa0789b403bcd839 87c5481930cfe126 65ad9c583823162d dc12cc503ac0eddb 65708d542bd01f39 f209d29f991432f0 a5d5ba33b5b1dc95 0647acc4602d4e8f 455fde214d16d350 43b3338423d7386c fa173131f15f5534 29968e8fd13539f8 f49e13a653cbdad2 01e5a6edcee7deb0 1c3b74a02a86467d 0772e3ab293a1f30 3e8e56f639a5db5b 22756be6fd061d4c 95166957b2c38794 bc2ae5f4e5d53e00 e6a29676c096f8e8 1efd7bd8a34a1359 4e966bb2768c2b8a
215,8fc68213b63951dc b3ad55963554f220 8faeacf8ca08f62d 942a7d26d81c841f f46601a9955f9949 528161039994b4dc 0b0021aa60d05daa d5805cdb9e8f0f48 bb7515be835dea49 a04d6febd82a4389 4491016efed845f1 1f4f62844c3cb99c 393f49286db04aeb 33856365c271aea4 a292248bb2bffb3d b0bfe0f426275870 5b16bae6a0de7c88 1ba7a50457e93996 73391e0853c1e040 12af6a34778710db 39075e303166355e 016da874bd04df55 bc27d5dc9bab1c18 538c7bb968b2154c 2cebd52b41930f0a daa257a37227cd72 de35d2410e916471 b78189788d563693 18b1d2d84c97a364 5b4c879fc9c316fb
216,4dba7ce835494a63 58654e3143c6550b 5f94b027039f4e48 ebfda3b48083e390 0688c790d5806540 148ac4a56a18844d 0683b6a78f54be75 25a3b47fe31bc6b5 d73a65673e3f1d78 128d583954b18074 0bcaac840d5e66d7 702d8f1064ab3e30 3986b68500d7704b 3fa57d488e979d74 ff88049e61f0f4ef e0269da736ddf004 bd713b37b67866c3 fd30682593995748 2a06f5614060e3b6 39f6296778264878 e25a1da6ca187350 c31a456b544a40a8 5547f9f1638ac345 c28bc62802b90f82 942a7d26d81c841f ae94d8435a6847f4 b6d0f83aad4e4dc7 b24820ae14e16a24 622f2e4119882c94 4b8c7061102517ef
217,bd0f175ee98c613e 9100ea6cd0e084bf 1f4f62844c3cb99c 2e44fbb8bc3d8d71 059bbdbdb843af6a bc27d5dc9bab1c18 016da874bd04df55 26fc2a95df5659c2 c28bc62802b90f82 18b1d2d84c97a364 025a148c3a53bd9f 5570ef88d970e9b4 fab14d178b24a67f 8f578001f9d5f543 316382267dcd804f fc21db75b354a917 74244a8703c03720 39f6296778264878 bed3e73d52011f68 d92c0298f76ccf77 6cb9ab508a0678a0 2820628e65a062e2 d72363ddd958d906 83f8aca6ee2caabc c810ac016901e8ac 36d33c41812ce7dc d64c06baf5ef1c90 f9c6286cff30aaa8 b7d7d9ae1cbe0d8a cc861214a89ef1f4
218,095bb1b6ecbd0a50 ec4ef2f727e7a03f a04d6febd82a4389 0b0021aa60d05daa bb7515be835dea49 d5805cdb9e8f0f48 522bd6887960c25d 828f5dfbbf1272ee 54f55c74d37db3c0 fb8bd6b95eb4702a d216e5458ad70e60 72b80b099fd64ec4 393f49286db04aeb 33856365c271aea4 a292248bb2bffb3d 99e833818ec4bbf2 ce2fe99a7cda4a17 73391e0853c1e040 e1460af4a7044067 7f95168400948588 f25bfcffedaccf28 01b3da54ffb158a0 40583079f57235a6 538c7bb968b2154c 2cebd52b41930f0a ec1b3d7ccd3984d0 9cf6709de35bf0f3 16b11706660177ff 4d32dae7b43c489a 061f3e1feeaa3094
219,2e44fbb8bc3d8d71 351c9da399c2b915 42c9b72cc77dcb28 0c2eeab1e4ce1db8 fc8971756f9ec194 a677c3a76055a6d2 f28fb3d9880c5d4c 120e745e2961b5d5 b0b5e62a93a2c37c 37001ade0df85823 26fc2a95df5659c2 c28bc62802b90f82 316382267dcd804f bd0f175ee98c613e 9100ea6cd0e084bf 1f4f62844c3cb99c 65254e0d209fd66e e5fb8dc5c9cb4a19 c03b11a0cdc3fa39 7b81f1f2b6ec2e5f 016da874bd04df55 bc27d5dc9bab1c18 8f578001f9d5f543 18b1d2d84c97a364 095bb1b6ecbd0a50 ec4ef2f727e7a03f bed3e73d52011f68 b3ad55963554f220 f46601a9955f9949 8fc68213b63951dc
220,538c7bb968b2154c 00d9eb862ba3dfc6 73f770f2643a2135 0195950ce0f47e34 a18df74d3a16e9c0 d3c4a7db726191e0 07d688f5e2142b87 a2805ed52b47b8ec b26d8664feb18c8c ce0f56b7190c268a 97d696011258825c f29eee8054c061e1 01ecc81f6341e902 acf5cb026b3c4551 eff60ceea8817dad 5879096a38d69fc5 d73a65673e3f1d78 702d8f1064ab3e30 c28bc62802b90f82 3986b68500d7704b ff88049e61f0f4ef e0269da736ddf004 bd713b37b67866c3 fd30682593995748 2a06f5614060e3b6 39f6296778264878 3fa57d488e979d74 ae94d8435a6847f4 b6d0f83aad4e4dc7 b24820ae14e16a24
221,64907c4568244eb4 537a55eda51a3f60 f05fa5f57dc03e81 025a148c3a53bd9f 00ff646ca6637bd7 2b48ab08c915c0ad 0b774cf90856c4da fd30682593995748 9d5edf3b993fee50 00958a140c3a6de8 120e745e2961b5d5 e36475c1af5ea3ab ffa9091747ae2466 fc8971756f9ec194 a84cd36608cb8665 b78189788d563693 46315cf30aaee51c 7c9248ed6224aa26 8f578001f9d5f543 0eafda717681bbdc 20d283a232dfd13c fc21db75b354a917 b29ab87af6ea6310 451e7ba901ad661d acae1d29289b1266 d92c0298f76ccf77 b760ebc5f25788d3 d6bbbd6c4968075a 27888817db122597 853e36b1550c6274
222,5b16bae6a0de7c88 73391e0853c1e040 abf90e759d208468 09660f466b38b7ba 0d0368139e9a647f f58ff7f1a6cde683 46b99f864d6a075a b29ab87af6ea6310 72403ecdfe02bba6 8d58da0e1800dc96 01020d1b0821f4c7 70776cdd9bb3b7d4 f9c6286cff30aaa8 00140806971e7a73 f2234bb7ce0c6f59 a9eef13786610446 b749972436ac9791 f705b637f624147e 0fbd0f422e926816 a14394322cf7043d e7cad3748e50b0f8 4a5ac473c9d176ba b6d0f83aad4e4dc7 64267373570e4ea3 c08c3765ac609cc0 387e9cd2e5d4ea7d 05f23e7d05dbf7c2 ac9ee0c09b538140 d35e11d3d1ab3c67 a017f3358d5327aa
223,29bedd00fb2be056 455fde214d16d350 33856365c271aea4 5989fb934598c1a7 07f22a7ad7e4711d 25a3b47fe31bc6b5 ddb3810e0289c148 387e9cd2e5d4ea7d ebfda3b48083e390 42c9b72cc77dcb28 025a148c3a53bd9f c5830f9d0f1e29e5 7155e5a86136eb02 65708d542bd01f39 57113c2a4cacd961 4d954d933e606b70 095bb1b6ecbd0a50 8643165b0f53df11 3ca7964973437917 eff60ceea8817dad 1f423f368aebf7f3 26fc2a95df5659c2 855f2f0354e102c7 63d95d5977c2fe98 7ee52d2519eea367 44d324ebd3e22ad7 1398b478b71773ed 4d417b203b333363 587e0b2a4811fab1 b6a1c97f19af78d0
224,d63b7f083330247f d216e5458ad70e60 fb8bd6b95eb4702a b6e646c13d0753ae e8684734f2e587bd 8a5635c748344d47 3ca7964973437917 60a070db9f1869b5 8bf446c0455e3c5c d5952b2e031c4e7e da7d3c2d591c4295 1d12acf7349196b0 522bd6887960c25d 828f5dfbbf1272ee e228204ae08d1355 72b80b099fd64ec4 99e833818ec4bbf2 e1460af4a7044067 4d7653ea9499eed4 db69d4cbfef8d22f 7f95168400948588 f25bfcffedaccf28 01b3da54ffb158a0 538c7bb968b2154c 2cebd52b41930f0a ec1b3d7ccd3984d0 a853f13216170123 24c47959ea77b15b 3c565c1fc2316d16 5b4c879fc9c316fb
225,ecb768ef6fd223ca 1a8e5d6512d9e2d8 fab14d178b24a67f 6461a9faa871b3ac 2820628e65a062e2 af8e70f978cd5aee 155600e5f1221f8c cc861214a89ef1f4 4b8c7061102517ef 976baf0e84752a68 bd9cd6b87a4fe0ce 4105533fe46dfba9 059bbdbdb843af6a 5c4b7558c942a224 190ab585fd379f0f d73a65673e3f1d78 128d583954b18074 702d8f1064ab3e30 3986b68500d7704b c28bc62802b90f82 9a0f5ee4f845c9b2 3fa57d488e979d74 ff88049e61f0f4ef e0269da736ddf004 bd713b37b67866c3 fd30682593995748 2a06f5614060e3b6 39f6296778264878 0bcaac840d5e66d7 bd0f175ee98c613e
226,095bb1b6ecbd0a50 ec4ef2f727e7a03f 8fc68213b63951dc b3ad55963554f220 8faeacf8ca08f62d 942a7d26d81c841f f46601a9955f9949 528161039994b4dc a04d6febd82a4389 d5805cdb9e8f0f48 0b0021aa60d05daa bb7515be835dea49 eec6b281e236b500 bd0f175ee98c613e 9100ea6cd0e084bf 4491016efed845f1 1f4f62844c3cb99c 33856365c271aea4 a292248bb2bffb3d 393f49286db04aeb 702d8f1064ab3e30 ce2fe99a7cda4a17 636224e349e561bf 955e465ce0788ea6 12af6a34778710db 39075e303166355e a813c15b46ceaf68 40583079f57235a6 6c017e548aa138f2 b3e75fdca5ca2f1a
227,bc2ae5f4e5d53e00 99e833818ec4bbf2 522bd6887960c25d 01b3da54ffb158a0 061f3e1feeaa3094 4d32dae7b43c489a 3c565c1fc2316d16 24c47959ea77b15b 88b62355670ec8f8 4b29fc21f912754d d7d937303a6d5a9d c015590d6a6fe833 3b6d27775fce1c7b 3e66b4855d0dddbe a65e30106ea50423 aa0789b403bcd839 a60934e6b473097a 87c5481930cfe126 65ad9c583823162d dc12cc503ac0eddb 81bd116c786bf9ae 65708d542bd01f39 f209d29f991432f0 f48d0fbea7dc2782 bd713b37b67866c3 a5d5ba33b5b1dc95 54a11cbcd7a32af4 0647acc4602d4e8f 455fde214d16d350 b9d966ad9e04127a
228,5d26da95786b3a3a 10ad13170242ecae 5ebb4d2f5f1c1f13 828f5dfbbf1272ee e228204ae08d1355 e1460af4a7044067 4d7653ea9499eed4 2394b08708475900 98dbd15aa33ebc18 22dc81380cf4baec b6d0f83aad4e4dc7 d980375fbd40c75f 73f770f2643a2135 106204cd0e07e1b2 939a1f686ea36c05 1d0f5fdc58e3efb5 796888cc3443006c 8700059e85433b32 4c3802a1bd3c842e 853e36b1550c6274 acae1d29289b1266 eab15ee21e126f6a 96e82fa141db9a4b 59bf6d6df9146d60 6a9aa1bd93e36e66 2901e5309bb3f8f6 da7d3c2d591c4295 5c4b7558c942a224 033d905aec273595 65d44c6393907290
229,9269d2b0d877352d bc27d5dc9bab1c18 016da874bd04df55 26fc2a95df5659c2 c28bc62802b90f82 18b1d2d84c97a364 d16da1fb61813db9 025a148c3a53bd9f 5570ef88d970e9b4 fab14d178b24a67f 316382267dcd804f fc21db75b354a917 74244a8703c03720 39f6296778264878 d92c0298f76ccf77 2e44fbb8bc3d8d71 83f8aca6ee2caabc d72363ddd958d906 36d33c41812ce7dc c810ac016901e8ac d64c06baf5ef1c90 059bbdbdb843af6a cc861214a89ef1f4 fc8971756f9ec194 3d93a60f990a0a7c a14394322cf7043d a677c3a76055a6d2 f28fb3d9880c5d4c 828f5dfbbf1272ee bf3ccaba4a3450a8
230,d73a65673e3f1d78 522bd6887960c25d 828f5dfbbf1272ee d216e5458ad70e60 fb8bd6b95eb4702a e228204ae08d1355 72b80b099fd64ec4 99e833818ec4bbf2 e1460af4a7044067 128d583954b18074 4d7653ea9499eed4 db69d4cbfef8d22f 7f95168400948588 f25bfcffedaccf28 01b3da54ffb158a0 538c7bb968b2154c 2cebd52b41930f0a ec1b3d7ccd3984d0 a853f13216170123 24c47959ea77b15b 3c565c1fc2316d16 5b4c879fc9c316fb f76f44d372517a9a 964a50d33717c26d 9cf6709de35bf0f3 d980375fbd40c75f 16b11706660177ff 4d32dae7b43c489a 061f3e1feeaa3094 0a79fabc6f5d93c9
231,d73a65673e3f1d78 128d583954b18074 47fbe21f5c35c7b4 52370bea1acd0600 4d7653ea9499eed4 9a0f5ee4f845c9b2 0bcaac840d5e66d7 c28bc62802b90f82 702d8f1064ab3e30 3986b68500d7704b c31a456b544a40a8 ff88049e61f0f4ef e0269da736ddf004 bd713b37b67866c3 fd30682593995748 2a06f5614060e3b6 39f6296778264878 e25a1da6ca187350 3fa57d488e979d74 e7cad3748e50b0f8 0708923badf2ff5d 734dabb98795c35c 942a7d26d81c841f bd0f175ee98c613e ae94d8435a6847f4 b6d0f83aad4e4dc7 b24820ae14e16a24 bbbd5d2fd957e8f7 4b8c7061102517ef af8e70f978cd5aee
232,c08c3765ac609cc0 74e59c5820900b17 05f23e7d05dbf7c2 2359719a0f40ffac fab14d178b24a67f 54f55c74d37db3c0 44d324ebd3e22ad7 af8e70f978cd5aee cc861214a89ef1f4 4b8c7061102517ef 0d0368139e9a647f 42a5cae2a3a45557 4105533fe46dfba9 8d58da0e1800dc96 bed3e73d52011f68 5b34da30b93eb123 65fac1ba1840000f dac29ed8400b50cc 2a06f5614060e3b6 e14a893f1918277e 00140806971e7a73 a9eef13786610446 f2234bb7ce0c6f59 b749972436ac9791 f705b637f624147e 2810fb6f81d1711c 0fbd0f422e926816 e7cad3748e50b0f8 4a5ac473c9d176ba ffc688c4c1c2a068
233,f58ff7f1a6cde683 828f5dfbbf1272ee e228204ae08d1355 72403ecdfe02bba6 e1460af4a7044067 8dc313a2cf9da354 e14a893f1918277e 4d7653ea9499eed4 0fbd0f422e926816 e7cad3748e50b0f8 ffc688c4c1c2a068 b6d0f83aad4e4dc7 d980375fbd40c75f db7342eff9200020 939a1f686ea36c05 1d0f5fdc58e3efb5 eab15ee21e126f6a 96e82fa141db9a4b 366a22fce0614fb8 8566d15270eb5e83 bf973f9ec3600199 26140b225c4f8d3f fb2ebcb5335ad2e2 a492bd402afd5c71 8e0760918e88e4a9 5c8c6d9a1fd4c1e0 e878efab7c37179e 9269d2b0d877352d a860b682add9de1c 877672967d3f70bb
234,26f72a4eb15ea8c0 b50b4e27b03c7b37 0cd920bad11c716d 50ba507a268872e1 628accd9be98503c 70776cdd9bb3b7d4 9f27aa36c1ea793c d64c7c3b658689f4 2b48ab08c915c0ad 0b774cf90856c4da 9d5edf3b993fee50 fd30682593995748 e7828f0ea9749505 9b2adcf4041227d7 d6ed7e4b14c51296 52e459a551d4ac2d da904d2a54ff8cf2 4c0eee2c1a5e76e2 f05fa5f57dc03e81 af8e70f978cd5aee 6461a9faa871b3ac 7cea1f637ea3f37d 8df3f13d6af34cb3 8dc313a2cf9da354 a1314cd417504572 5057551fc55e9ed2 d72363ddd958d906 83f8aca6ee2caabc 120e745e2961b5d5 b0b5e62a93a2c37c
235,72b80b099fd64ec4 f25bfcffedaccf28 7f95168400948588 2cebd52b41930f0a 16b11706660177ff 01020d1b0821f4c7 5547f9f1638ac345 45bd99d5d2eef776 5fb2d8e734956af0 ca43e349133fc0e3 6899956cd6c683f0 19e8f436d4b2fc25 cc0c9419f8a20603 b84b6c0b2e4d0306 b05b5f6850cfa158 01ecc81f6341e902 c11b97f245a9dfd0 52aa48c07b34dc88 0add47a043c64d7f 92f42fbd0c38f7fd 1d72229ebcc00faf 43c354dbf952caaa 5879096a38d69fc5 a0566ca9daca7778 0195950ce0f47e34 c28bc62802b90f82 702d8f1064ab3e30 3986b68500d7704b fd30682593995748 e0269da736ddf004
236,dc17b07476183764 64c2e323906b42d3 404031ab9d5977c4 bc27d5dc9bab1c18 016da874bd04df55 26fc2a95df5659c2 c28bc62802b90f82 18b1d2d84c97a364 025a148c3a53bd9f 5570ef88d970e9b4 fab14d178b24a67f 316382267dcd804f fc21db75b354a917 74244a8703c03720 39f6296778264878 d92c0298f76ccf77 83f8aca6ee2caabc d72363ddd958d906 c810ac016901e8ac d64c06baf5ef1c90 36d33c41812ce7dc cc861214a89ef1f4 b1dcaca98bb76736 fc8971756f9ec194 3d93a60f990a0a7c 2e4b00c01d58e79e a14394322cf7043d a677c3a76055a6d2 f28fb3d9880c5d4c bf3ccaba4a3450a8
237,29bedd00fb2be056 455fde214d16d350 33856365c271aea4 5989fb934598c1a7 07f22a7ad7e4711d 25a3b47fe31bc6b5 ddb3810e0289c148 387e9cd2e5d4ea7d ebfda3b48083e390 42c9b72cc77dcb28 025a148c3a53bd9f c5830f9d0f1e29e5 7155e5a86136eb02 65708d542bd01f39 57113c2a4cacd961 4d954d933e606b70 095bb1b6ecbd0a50 8643165b0f53df11 3ca7964973437917 eff60ceea8817dad 1f423f368aebf7f3 26fc2a95df5659c2 855f2f0354e102c7 63d95d5977c2fe98 7ee52d2519eea367 44d324ebd3e22ad7 1398b478b71773ed 4d417b203b333363 587e0b2a4811fab1 b6a1c97f19af78d0
238,522bd6887960c25d 24c47959ea77b15b 3c565c1fc2316d16 4b29fc21f912754d c015590d6a6fe833 3b6d27775fce1c7b 3e66b4855d0dddbe a60934e6b473097a 81bd116c786bf9ae f48d0fbea7dc2782 bd713b37b67866c3 54a11cbcd7a32af4 b9d966ad9e04127a 81b639b74256b45b 64b31699d7d15934 5897953fdf87b60f f1a3b8b13e9401c0 0e45c4c185f35df6 395b26d91f98bd92 48a76e3aff69d605 4d954d933e606b70 9fda36f260eec24e 0db6584e3bdfa1c4 62431fd374eb99fb 4f915ad69e1dca36 28a2067685cb3e97 a76ffccd2f5df1a7 0f4c71d341e2d939 8dedff0a79784abc 50cb6a6c60ad711a
239,d73a65673e3f1d78 128d583954b18074 47fbe21f5c35c7b4 52370bea1acd0600 4d7653ea9499eed4 9a0f5ee4f845c9b2 0bcaac840d5e66d7 c28bc62802b90f82 702d8f1064ab3e30 3986b68500d7704b c31a456b544a40a8 ff88049e61f0f4ef e0269da736ddf004 bd713b37b67866c3 fd30682593995748 2a06f5614060e3b6 39f6296778264878 e25a1da6ca187350 3fa57d488e979d74 e7cad3748e50b0f8 0708923badf2ff5d 734dabb98795c35c 942a7d26d81c841f bd0f175ee98c613e ae94d8435a6847f4 b6d0f83aad4e4dc7 b24820ae14e16a24 bbbd5d2fd957e8f7 4b8c7061102517ef af8e70f978cd5aee
240,898a4921ab9f4cce 9100ea6cd0e084bf bd0f175ee98c613e 1f4f62844c3cb99c 2e44fbb8bc3d8d71 059bbdbdb843af6a 016da874bd04df55 bc27d5dc9bab1c18 c28bc62802b90f82 26fc2a95df5659c2 18b1d2d84c97a364 025a148c3a53bd9f 5570ef88d970e9b4 fab14d178b24a67f 8f578001f9d5f543 316382267dcd804f fc21db75b354a917 74244a8703c03720 39f6296778264878 bed3e73d52011f68 d92c0298f76ccf77 6cb9ab508a0678a0 2820628e65a062e2 d72363ddd958d906 83f8aca6ee2caabc c810ac016901e8ac 36d33c41812ce7dc d64c06baf5ef1c90 f9c6286cff30aaa8 b7d7d9ae1cbe0d8a
241,fab14d178b24a67f cc861214a89ef1f4 059bbdbdb843af6a 4105533fe46dfba9 af8e70f978cd5aee 4b8c7061102517ef bd0f175ee98c613e 9100ea6cd0e084bf 1f4f62844c3cb99c 2e44fbb8bc3d8d71 016da874bd04df55 bc27d5dc9bab1c18 c28bc62802b90f82 26fc2a95df5659c2 18b1d2d84c97a364 025a148c3a53bd9f 5570ef88d970e9b4 8f578001f9d5f543 316382267dcd804f fc21db75b354a917 74244a8703c03720 39f6296778264878 bed3e73d52011f68 d92c0298f76ccf77 6cb9ab508a0678a0 2820628e65a062e2 d72363ddd958d906 83f8aca6ee2caabc d64c06baf5ef1c90 c810ac016901e8ac
242,964a50d33717c26d 6a3919ad9ed8197e feddfcf56818968e b24820ae14e16a24 0bcaac840d5e66d7 5867d40811c0229f 96445bec1579ec97 ced9c56f2be86774 781f4d0147aef776 9fbffc521da97c54 52370bea1acd0600 9a0f5ee4f845c9b2 c28bc62802b90f82 702d8f1064ab3e30 3986b68500d7704b 3fa57d488e979d74 ff88049e61f0f4ef e0269da736ddf004 bd713b37b67866c3 fd30682593995748 2a06f5614060e3b6 39f6296778264878 4d7653ea9499eed4 734dabb98795c35c 942a7d26d81c841f bd0f175ee98c613e ae94d8435a6847f4 b6d0f83aad4e4dc7 622f2e4119882c94 4b8c7061102517ef
243,d216e5458ad70e60 fb8bd6b95eb4702a ba5199dba342af68 d63b7f083330247f b6e646c13d0753ae e8684734f2e587bd 8a5635c748344d47 3ca7964973437917 60a070db9f1869b5 8bf446c0455e3c5c e403278468d84383 e25a1da6ca187350 1fe79c7de59ff6c6 d5952b2e031c4e7e c1f2e3a76d388944 e8b87ed7db1bcb1f da7d3c2d591c4295 3c0873ce078d332b ca4de5b8a7bda9df 013030fd7d29bf3d 1dc7139adba034ec 83b911ff0ff45844 1d12acf7349196b0 c96049ed915ced0a 095bb1b6ecbd0a50 ec4ef2f727e7a03f d1e21234d7cc61d2 a04d6febd82a4389 bb7515be835dea49 d5805cdb9e8f0f48
244,b0b5e62a93a2c37c 37001ade0df85823 f28fb3d9880c5d4c a677c3a76055a6d2 42c9b72cc77dcb28 0c2eeab1e4ce1db8 9f27aa36c1ea793c da904d2a54ff8cf2 d6ed7e4b14c51296 e7828f0ea9749505 52e459a551d4ac2d 9b2adcf4041227d7 7d83ffe83f61bdc4 af8e70f978cd5aee 6461a9faa871b3ac 8df3f13d6af34cb3 a1314cd417504572 5057551fc55e9ed2 83f8aca6ee2caabc d72363ddd958d906 238ec735a13a3f09 36d33c41812ce7dc c810ac016901e8ac d64c06baf5ef1c90 bbbd5d2fd957e8f7 db0e648651f4c92b 49b5678e0d1e5bcd ae77487a89f2610c 00d9f8d3f7d412b3 120e745e2961b5d5
245,4bed80e56ea2e099 46b99f864d6a075a 74244a8703c03720 447fc00f40d71d08 bee46c54461925d0 2e4b00c01d58e79e 419b5dc40744fb9b 4535ce2e3dced00f 29968e8fd13539f8 680bb5c5c3bb6ee1 83f8f2fc471cad74 bfb8032f2183d471 6204e398d8c7f888 4577ae048ef1967d 57113c2a4cacd961 b2ee9eea2d974c90 72c2a95813ea72bd 050544c040f46152 7c98dedd223b36c0 8643165b0f53df11 d73a65673e3f1d78 128d583954b18074 c28bc62802b90f82 702d8f1064ab3e30 9a0f5ee4f845c9b2 3986b68500d7704b 3fa57d488e979d74 ff88049e61f0f4ef e0269da736ddf004 bd713b37b67866c3
246,d216e5458ad70e60 fb8bd6b95eb4702a d63b7f083330247f b6e646c13d0753ae e8684734f2e587bd 8a5635c748344d47 3ca7964973437917 60a070db9f1869b5 8bf446c0455e3c5c d5952b2e031c4e7e da7d3c2d591c4295 1d12acf7349196b0 cea18be9a89d7a81 bbbd5d2fd957e8f7 47fbe21f5c35c7b4 52370bea1acd0600 4d7653ea9499eed4 9a0f5ee4f845c9b2 0bcaac840d5e66d7 c28bc62802b90f82 702d8f1064ab3e30 3986b68500d7704b 3fa57d488e979d74 ff88049e61f0f4ef e0269da736ddf004 5fb2d8e734956af0 0708923badf2ff5d 734dabb98795c35c 942a7d26d81c841f bd0f175ee98c613e
247,6cb9ab508a0678a0 00ff646ca6637bd7 00af886180e9eaec 354d7a327bbcc152 9a439fd1abf95245 9100ea6cd0e084bf bd0f175ee98c613e 1f4f62844c3cb99c 2e44fbb8bc3d8d71 059bbdbdb843af6a bc27d5dc9bab1c18 016da874bd04df55 26fc2a95df5659c2 c28bc62802b90f82 18b1d2d84c97a364 025a148c3a53bd9f 5570ef88d970e9b4 fab14d178b24a67f 8f578001f9d5f543 316382267dcd804f fc21db75b354a917 74244a8703c03720 39f6296778264878 bed3e73d52011f68 d92c0298f76ccf77 2820628e65a062e2 d72363ddd958d906 83f8aca6ee2caabc c810ac016901e8ac d64c06baf5ef1c90
248,828f5dfbbf1272ee e1460af4a7044067 eab15ee21e126f6a 96e82fa141db9a4b e228204ae08d1355 4d7653ea9499eed4 8566d15270eb5e83 bf973f9ec3600199 fb2ebcb5335ad2e2 d980375fbd40c75f 9269d2b0d877352d a860b682add9de1c 877672967d3f70bb 939a1f686ea36c05 1d0f5fdc58e3efb5 4b05967001421eab e740c80fce094788 d16da1fb61813db9 95d25d38ba7df9c7 5ebb4d2f5f1c1f13 366a22fce0614fb8 26140b225c4f8d3f 2394b08708475900 a492bd402afd5c71 8e0760918e88e4a9 5c8c6d9a1fd4c1e0 e878efab7c37179e 50806199c80e215c 95ecdbff44ad0b60 5d26da95786b3a3a
249,d73a65673e3f1d78 128d583954b18074 47fbe21f5c35c7b4 52370bea1acd0600 4d7653ea9499eed4 9a0f5ee4f845c9b2 0bcaac840d5e66d7 c28bc62802b90f82 702d8f1064ab3e30 3986b68500d7704b c31a456b544a40a8 ff88049e61f0f4ef e0269da736ddf004 bd713b37b67866c3 fd30682593995748 2a06f5614060e3b6 39f6296778264878 e25a1da6ca187350 3fa57d488e979d74 e7cad3748e50b0f8 0708923badf2ff5d 734dabb98795c35c 942a7d26d81c841f bd0f175ee98c613e ae94d8435a6847f4 b6d0f83aad4e4dc7 b24820ae14e16a24 bbbd5d2fd957e8f7 4b8c7061102517ef af8e70f978cd5aee
250,7ee52d2519eea367 20db73cf07a45f71 9fda36f260eec24e 95d25d38ba7df9c7 42bb83d7c4b9ecae 05e4165a56bf50eb b6a1c97f19af78d0 3986b68500d7704b 0079f3c74309b582 00e1e2eb13f650e4 d73a65673e3f1d78 128d583954b18074 9a0f5ee4f845c9b2 0bcaac840d5e66d7 c28bc62802b90f82 702d8f1064ab3e30 3fa57d488e979d74 4d7653ea9499eed4 e0269da736ddf004 bd713b37b67866c3 fd30682593995748 2a06f5614060e3b6 39f6296778264878 c31a456b544a40a8 ff88049e61f0f4ef 734dabb98795c35c bd0f175ee98c613e ae94d8435a6847f4 b6d0f83aad4e4dc7 b24820ae14e16a24
251,781f4d0147aef776 964a50d33717c26d feddfcf56818968e 6a3919ad9ed8197e b24820ae14e16a24 0bcaac840d5e66d7 5867d40811c0229f 96445bec1579ec97 ced9c56f2be86774 9fbffc521da97c54 522bd6887960c25d 828f5dfbbf1272ee fb8bd6b95eb4702a d216e5458ad70e60 e228204ae08d1355 72b80b099fd64ec4 99e833818ec4bbf2 e1460af4a7044067 4d7653ea9499eed4 db69d4cbfef8d22f 7f95168400948588 f25bfcffedaccf28 01b3da54ffb158a0 538c7bb968b2154c 2cebd52b41930f0a ec1b3d7ccd3984d0 a853f13216170123 3c565c1fc2316d16 24c47959ea77b15b 5b4c879fc9c316fb
252,72c2a95813ea72bd 095bb1b6ecbd0a50 ec4ef2f727e7a03f bb7515be835dea49 a04d6febd82a4389 d5805cdb9e8f0f48 0b0021aa60d05daa 522bd6887960c25d 828f5dfbbf1272ee 54f55c74d37db3c0 fb8bd6b95eb4702a d216e5458ad70e60 72b80b099fd64ec4 33856365c271aea4 a292248bb2bffb3d 393f49286db04aeb 99e833818ec4bbf2 ce2fe99a7cda4a17 73391e0853c1e040 e1460af4a7044067 7f95168400948588 f25bfcffedaccf28 01b3da54ffb158a0 40583079f57235a6 538c7bb968b2154c 2cebd52b41930f0a ec1b3d7ccd3984d0 9cf6709de35bf0f3 16b11706660177ff 4d32dae7b43c489a
253,855f2f0354e102c7 b1dcaca98bb76736 5dd752753760ced8 77e2f7da1f9d3a8f e0269da736ddf004 520ec719078be07c 377c1150c781e37a edc79e57b20e9036 39075e303166355e bf3ccaba4a3450a8 522bd6887960c25d 47fbe21f5c35c7b4 5570ef88d970e9b4 da011b87595c1019 39f6296778264878 ae94d8435a6847f4 430feb4826a5632e 65fac1ba1840000f f705b637f624147e 4b29fc21f912754d 047769588be1aea9 4a5ac473c9d176ba 3b6d27775fce1c7b c015590d6a6fe833 351c9da399c2b915 72c2a95813ea72bd b9d966ad9e04127a 2901e5309bb3f8f6 81b639b74256b45b 5897953fdf87b60f
254,d73a65673e3f1d78 128d583954b18074 47fbe21f5c35c7b4 52370bea1acd0600 4d7653ea9499eed4 9a0f5ee4f845c9b2 0bcaac840d5e66d7 c28bc62802b90f82 702d8f1064ab3e30 3986b68500d7704b c31a456b544a40a8 ff88049e61f0f4ef e0269da736ddf004 bd713b37b67866c3 fd30682593995748 2a06f5614060e3b6 39f6296778264878 e25a1da6ca187350 3fa57d488e979d74 e7cad3748e50b0f8 0708923badf2ff5d 734dabb98795c35c 942a7d26d81c841f bd0f175ee98c613e ae94d8435a6847f4 b6d0f83aad4e4dc7 b24820ae14e16a24 bbbd5d2fd957e8f7 4b8c7061102517ef af8e70f978cd5aee
255,ec1b3d7ccd3984d0 0a79fabc6f5d93c9 34a62e66e05f9a44 27bc34b9887bec0d 4fe9e4e55585ba4b 48f93f9c2c699e19 e22c35101e190db9 3cb6b40d377e7ca8 8699cc5dd4159b69 25145708d494530b 7155e5a86136eb02 09bbaa171c20bae3 03dfe518713e006c 3d6880bd12f6613f 45630e1451157ff3 522bd6887960c25d 828f5dfbbf1272ee d216e5458ad70e60 fb8bd6b95eb4702a e228204ae08d1355 72b80b099fd64ec4 99e833818ec4bbf2 e1460af4a7044067 4d7653ea9499eed4 db69d4cbfef8d22f f25bfcffedaccf28 7f95168400948588 01b3da54ffb158a0 538c7bb968b2154c 2cebd52b41930f0a
256,f49e13a653cbdad2 99e833818ec4bbf2 01b3da54ffb158a0 061f3e1feeaa3094 4d32dae7b43c489a 88b62355670ec8f8 d7d937303a6d5a9d a65e30106ea50423 aa0789b403bcd839 87c5481930cfe126 dc12cc503ac0eddb 65ad9c583823162d 65708d542bd01f39 f209d29f991432f0 a5d5ba33b5b1dc95 0647acc4602d4e8f 455fde214d16d350 43b3338423d7386c fa173131f15f5534 29968e8fd13539f8 01e5a6edcee7deb0 1c3b74a02a86467d 0772e3ab293a1f30 3e8e56f639a5db5b 22756be6fd061d4c 95166957b2c38794 bc2ae5f4e5d53e00 e6a29676c096f8e8 1efd7bd8a34a1359 4e966bb2768c2b8a
257,01104a026d22ae55 00d9f8d3f7d412b3 00958a140c3a6de8 26f72a4eb15ea8c0 4c0eee2c1a5e76e2 52370bea1acd0600 4d7653ea9499eed4 9a0f5ee4f845c9b2 0bcaac840d5e66d7 c28bc62802b90f82 702d8f1064ab3e30 3986b68500d7704b e25a1da6ca187350 ff88049e61f0f4ef e0269da736ddf004 bd713b37b67866c3 fd30682593995748 2a06f5614060e3b6 39f6296778264878 3fa57d488e979d74 e7cad3748e50b0f8 0708923badf2ff5d 734dabb98795c35c 942a7d26d81c841f bd0f175ee98c613e ae94d8435a6847f4 b6d0f83aad4e4dc7 b24820ae14e16a24 622f2e4119882c94 47fbe21f5c35c7b4
258,d216e5458ad70e60 fb8bd6b95eb4702a d63b7f083330247f b6e646c13d0753ae e8684734f2e587bd 8a5635c748344d47 3ca7964973437917 60a070db9f1869b5 8bf446c0455e3c5c d5952b2e031c4e7e da7d3c2d591c4295 1d12acf7349196b0 d73a65673e3f1d78 128d583954b18074 47fbe21f5c35c7b4 52370bea1acd0600 4d7653ea9499eed4 9a0f5ee4f845c9b2 0bcaac840d5e66d7 c28bc62802b90f82 702d8f1064ab3e30 3986b68500d7704b 3fa57d488e979d74 ff88049e61f0f4ef e0269da736ddf004 bd713b37b67866c3 bbbd5d2fd957e8f7 734dabb98795c35c 942a7d26d81c841f bd0f175ee98c613e
259,522bd6887960c25d 828f5dfbbf1272ee fb8bd6b95eb4702a d216e5458ad70e60 72b80b099fd64ec4 99e833818ec4bbf2 e1460af4a7044067 7f95168400948588 f25bfcffedaccf28 01b3da54ffb158a0 538c7bb968b2154c 2cebd52b41930f0a ec1b3d7ccd3984d0 9cf6709de35bf0f3 16b11706660177ff 4d32dae7b43c489a 061f3e1feeaa3094 0a79fabc6f5d93c9 ec4ef2f727e7a03f 095bb1b6ecbd0a50 5547f9f1638ac345 d5805cdb9e8f0f48 0b0021aa60d05daa a04d6febd82a4389 bb7515be835dea49 88b62355670ec8f8 d7d937303a6d5a9d eab15ee21e126f6a 96e82fa141db9a4b a60934e6b473097a
260,898a4921ab9f4cce 54f55c74d37db3c0 c08c3765ac609cc0 74e59c5820900b17 05f23e7d05dbf7c2 2359719a0f40ffac bed3e73d52011f68 44d324ebd3e22ad7 2a06f5614060e3b6 e14a893f1918277e 2810fb6f81d1711c 0d0368139e9a647f 42a5cae2a3a45557 8d58da0e1800dc96 6d80d2e62d01f6bc 5b34da30b93eb123 65fac1ba1840000f dac29ed8400b50cc f2234bb7ce0c6f59 a9eef13786610446 b749972436ac9791 00140806971e7a73 f705b637f624147e 050544c040f46152 0fbd0f422e926816 e7cad3748e50b0f8 4a5ac473c9d176ba ffc688c4c1c2a068 4d417b203b333363 63d95d5977c2fe98
261,a017f3358d5327aa db7342eff9200020 8df3f13d6af34cb3 bd0f175ee98c613e 9100ea6cd0e084bf 1f4f62844c3cb99c 2e44fbb8bc3d8d71 059bbdbdb843af6a 016da874bd04df55 bc27d5dc9bab1c18 26fc2a95df5659c2 c28bc62802b90f82 18b1d2d84c97a364 025a148c3a53bd9f 5570ef88d970e9b4 fab14d178b24a67f 8f578001f9d5f543 316382267dcd804f fc21db75b354a917 74244a8703c03720 39f6296778264878 bed3e73d52011f68 d92c0298f76ccf77 6cb9ab508a0678a0 2820628e65a062e2 d72363ddd958d906 83f8aca6ee2caabc d64c06baf5ef1c90 c810ac016901e8ac 36d33c41812ce7dc
262,5b16bae6a0de7c88 73391e0853c1e040 abf90e759d208468 09660f466b38b7ba 0d0368139e9a647f f58ff7f1a6cde683 46b99f864d6a075a b29ab87af6ea6310 72403ecdfe02bba6 8d58da0e1800dc96 01020d1b0821f4c7 70776cdd9bb3b7d4 f9c6286cff30aaa8 f2234bb7ce0c6f59 a9eef13786610446 00140806971e7a73 b749972436ac9791 f705b637f624147e 0fbd0f422e926816 a14394322cf7043d e7cad3748e50b0f8 4a5ac473c9d176ba b6d0f83aad4e4dc7 64267373570e4ea3 c08c3765ac609cc0 387e9cd2e5d4ea7d 05f23e7d05dbf7c2 ac9ee0c09b538140 d35e11d3d1ab3c67 63d95d5977c2fe98
263,922e625fae98b3b9 18ced18aee04c48e 8df3f13d6af34cb3 a017f3358d5327aa 3986b68500d7704b 522bd6887960c25d 828f5dfbbf1272ee fb8bd6b95eb4702a d216e5458ad70e60 e228204ae08d1355 72b80b099fd64ec4 99e833818ec4bbf2 e1460af4a7044067 4d7653ea9499eed4 db69d4cbfef8d22f 7f95168400948588 f25bfcffedaccf28 01b3da54ffb158a0 538c7bb968b2154c 2cebd52b41930f0a ec1b3d7ccd3984d0 a853f13216170123 3c565c1fc2316d16 24c47959ea77b15b 5b4c879fc9c316fb f76f44d372517a9a 964a50d33717c26d 9cf6709de35bf0f3 d980375fbd40c75f 16b11706660177ff
264,bee46c54461925d0 2e4b00c01d58e79e 419b5dc40744fb9b 4535ce2e3dced00f 83f8f2fc471cad74 bfb8032f2183d471 6204e398d8c7f888 4577ae048ef1967d 4bed80e56ea2e099 57113c2a4cacd961 b2ee9eea2d974c90 050544c040f46152 7c98dedd223b36c0 8643165b0f53df11 eec6b281e236b500 4491016efed845f1 e228204ae08d1355 702d8f1064ab3e30 ce2fe99a7cda4a17 abf90e759d208468 4d7653ea9499eed4 db69d4cbfef8d22f a813c15b46ceaf68 18b1d2d84c97a364 f76f44d372517a9a 964a50d33717c26d 9cf6709de35bf0f3 d980375fbd40c75f 939a1f686ea36c05 855f2f0354e102c7
265,964a50d33717c26d 96445bec1579ec97 feddfcf56818968e 6a3919ad9ed8197e b24820ae14e16a24 0bcaac840d5e66d7 a5f55580081236f4 5867d40811c0229f 96e82fa141db9a4b ced9c56f2be86774 781f4d0147aef776 9fbffc521da97c54 b84b6c0b2e4d0306 05e4165a56bf50eb 285657fcdf89f00d 83b911ff0ff45844 9a0f5ee4f845c9b2 98dbd15aa33ebc18 0a49074a4158155b f0d53dcf0c296b57 19b4014943e0ad92 e7dd56376be2cf1c 680bb5c5c3bb6ee1 10ad13170242ecae 522bd6887960c25d 828f5dfbbf1272ee fb8bd6b95eb4702a d216e5458ad70e60 e228204ae08d1355 72b80b099fd64ec4
266,dea5e9227fbbac29 d16da1fb61813db9 98dbd15aa33ebc18 f105a53e5cfae611 70ebf53ced736fa4 ad06e9eeea8eb4ea db69d4cbfef8d22f f76f44d372517a9a 9cf6709de35bf0f3 a9223c28b10c131f 4beacc71024f8b08 f2e30efbd27bee51 f44f74b3451aa593 c5830f9d0f1e29e5 3734d3b0b9232538 a017f3358d5327aa d73a65673e3f1d78 702d8f1064ab3e30 c28bc62802b90f82 e0269da736ddf004 0bcaac840d5e66d7 9a0f5ee4f845c9b2 3986b68500d7704b 4d7653ea9499eed4 52370bea1acd0600 ff88049e61f0f4ef 47fbe21f5c35c7b4 3fa57d488e979d74 942a7d26d81c841f bd0f175ee98c613e
267,095bb1b6ecbd0a50 ec4ef2f727e7a03f b3ad55963554f220 8faeacf8ca08f62d 8fc68213b63951dc 942a7d26d81c841f f46601a9955f9949 528161039994b4dc bb7515be835dea49 0b0021aa60d05daa a04d6febd82a4389 d5805cdb9e8f0f48 eec6b281e236b500 9100ea6cd0e084bf bd0f175ee98c613e 4491016efed845f1 1f4f62844c3cb99c 33856365c271aea4 a292248bb2bffb3d 393f49286db04aeb 702d8f1064ab3e30 ce2fe99a7cda4a17 636224e349e561bf 955e465ce0788ea6 12af6a34778710db 39075e303166355e a813c15b46ceaf68 40583079f57235a6 b3e75fdca5ca2f1a 6c017e548aa138f2
268,b0bfe0f426275870 b78189788d563693 46315cf30aaee51c da011b87595c1019 b6cdb608f640e038 0b774cf90856c4da fd30682593995748 9d5edf3b993fee50 2b48ab08c915c0ad 39f6296778264878 52e459a551d4ac2d da904d2a54ff8cf2 e7828f0ea9749505 d6ed7e4b14c51296 9b2adcf4041227d7 7d83ffe83f61bdc4 f05fa5f57dc03e81 74873b42602d8958 7cea1f637ea3f37d 0cd920bad11c716d 8dc313a2cf9da354 238ec735a13a3f09 d64c06baf5ef1c90 c810ac016901e8ac 36d33c41812ce7dc b7d7d9ae1cbe0d8a d64c7c3b658689f4 5bf89d11a25121d9 047769588be1aea9 3d93a60f990a0a7c
269,ecb768ef6fd223ca 1a8e5d6512d9e2d8 155600e5f1221f8c 976baf0e84752a68 bd9cd6b87a4fe0ce 190ab585fd379f0f 6461a9faa871b3ac 2820628e65a062e2 5c4b7558c942a224 e8ad5e31484ef889 aa967ad3c1f65a29 522bd6887960c25d 3c565c1fc2316d16 24c47959ea77b15b 4b29fc21f912754d 3b6d27775fce1c7b c015590d6a6fe833 3e66b4855d0dddbe a60934e6b473097a 81bd116c786bf9ae f48d0fbea7dc2782 bd713b37b67866c3 54a11cbcd7a32af4 b9d966ad9e04127a 81b639b74256b45b 64b31699d7d15934 5897953fdf87b60f f1a3b8b13e9401c0 0e45c4c185f35df6 395b26d91f98bd92
270,587e0b2a4811fab1 a853f13216170123 24c47959ea77b15b 3c565c1fc2316d16 5b4c879fc9c316fb 4b29fc21f912754d 3e66b4855d0dddbe f48d0fbea7dc2782 cc507a0d6fcf4a1c 4d954d933e606b70 62431fd374eb99fb 0f4c71d341e2d939 a76ffccd2f5df1a7 b6e72edcad270be0 ddf332f2b55a2a23 666bdff4faa513ca 66ccd03c9e03ac06 4f2fffd7528de786 172bc0ee09332ae9 a2c35fdf07a13286 486dd77002936dec cea18be9a89d7a81 07f22a7ad7e4711d 6406fcdb7d87b5dc 404031ab9d5977c4 999a52f1d301247c c31a456b544a40a8 238de368bb05c0ec d73a65673e3f1d78 128d583954b18074
271,b50b4e27b03c7b37 0cd920bad11c716d 50ba507a268872e1 26f72a4eb15ea8c0 628accd9be98503c 9f27aa36c1ea793c 2b48ab08c915c0ad 0b774cf90856c4da 9d5edf3b993fee50 fd30682593995748 52e459a551d4ac2d e7828f0ea9749505 da904d2a54ff8cf2 9b2adcf4041227d7 d6ed7e4b14c51296 f05fa5f57dc03e81 af8e70f978cd5aee 6461a9faa871b3ac 7cea1f637ea3f37d 8df3f13d6af34cb3 8dc313a2cf9da354 5057551fc55e9ed2 a1314cd417504572 d72363ddd958d906 83f8aca6ee2caabc 120e745e2961b5d5 b0b5e62a93a2c37c 37001ade0df85823 5a1149fbcbd37376 64907c4568244eb4
272,64c2e323906b42d3 b1dcaca98bb76736 2e4b00c01d58e79e 83b911ff0ff45844 d1e21234d7cc61d2 ba5199dba342af68 50806199c80e215c e403278468d84383 e25a1da6ca187350 1fe79c7de59ff6c6 c1f2e3a76d388944 e8b87ed7db1bcb1f 522bd6887960c25d 828f5dfbbf1272ee fb8bd6b95eb4702a d216e5458ad70e60 72b80b099fd64ec4 8643165b0f53df11 3c0873ce078d332b ca4de5b8a7bda9df 99e833818ec4bbf2 e1460af4a7044067 f25bfcffedaccf28 7f95168400948588 01b3da54ffb158a0 538c7bb968b2154c 2cebd52b41930f0a ec1b3d7ccd3984d0 1dc7139adba034ec 9cf6709de35bf0f3
273,765c0695339c3abe dc576af4ae66e25e bc2552a642ce8497 bc27d5dc9bab1c18 016da874bd04df55 c28bc62802b90f82 26fc2a95df5659c2 18b1d2d84c97a364 025a148c3a53bd9f 522bd6887960c25d 5570ef88d970e9b4 fab14d178b24a67f 316382267dcd804f fc21db75b354a917 74244a8703c03720 39f6296778264878 d92c0298f76ccf77 d72363ddd958d906 83f8aca6ee2caabc 36d33c41812ce7dc c810ac016901e8ac d64c06baf5ef1c90 cc861214a89ef1f4 3c565c1fc2316d16 24c47959ea77b15b fc8971756f9ec194 3d93a60f990a0a7c a14394322cf7043d a677c3a76055a6d2 f28fb3d9880c5d4c
274,ced9c56f2be86774 eec6b281e236b500 ce2fe99a7cda4a17 abf90e759d208468 4d7653ea9499eed4 a813c15b46ceaf68 f76f44d372517a9a 964a50d33717c26d d980375fbd40c75f 939a1f686ea36c05 855f2f0354e102c7 b29ab87af6ea6310 419b5dc40744fb9b eab15ee21e126f6a ae77487a89f2610c c6b615b2589e036d 4491016efed845f1 e228204ae08d1355 702d8f1064ab3e30 e25a1da6ca187350 5dd752753760ced8 366a22fce0614fb8 5897953fdf87b60f 5c8c6d9a1fd4c1e0 db69d4cbfef8d22f c1f2e3a76d388944 83f8f2fc471cad74 77e2f7da1f9d3a8f 48a76e3aff69d605 e8b87ed7db1bcb1f
275,ba5199dba342af68 e403278468d84383 e25a1da6ca187350 1fe79c7de59ff6c6 c1f2e3a76d388944 e8b87ed7db1bcb1f ca4de5b8a7bda9df 3c0873ce078d332b 1dc7139adba034ec 83b911ff0ff45844 d1e21234d7cc61d2 a017f3358d5327aa d73a65673e3f1d78 128d583954b18074 00e1e2eb13f650e4 0bcaac840d5e66d7 c28bc62802b90f82 2a06f5614060e3b6 702d8f1064ab3e30 3986b68500d7704b ff88049e61f0f4ef e0269da736ddf004 bd713b37b67866c3 fd30682593995748 3fa57d488e979d74 734dabb98795c35c bd0f175ee98c613e ae94d8435a6847f4 b6d0f83aad4e4dc7 b24820ae14e16a24
276,6e239f4dd4b6aed7 522bd6887960c25d 3c565c1fc2316d16 24c47959ea77b15b 4b29fc21f912754d 3b6d27775fce1c7b c015590d6a6fe833 3e66b4855d0dddbe a60934e6b473097a 81bd116c786bf9ae f48d0fbea7dc2782 bd713b37b67866c3 54a11cbcd7a32af4 b9d966ad9e04127a 81b639b74256b45b 64b31699d7d15934 5897953fdf87b60f f1a3b8b13e9401c0 0e45c4c185f35df6 395b26d91f98bd92 48a76e3aff69d605 4d954d933e606b70 9fda36f260eec24e 0db6584e3bdfa1c4 62431fd374eb99fb 4f915ad69e1dca36 28a2067685cb3e97 a76ffccd2f5df1a7 0f4c71d341e2d939 50cb6a6c60ad711a
277,83f8f2fc471cad74 522bd6887960c25d 24c47959ea77b15b 3c565c1fc2316d16 4b29fc21f912754d c015590d6a6fe833 3b6d27775fce1c7b 3e66b4855d0dddbe a60934e6b473097a 81bd116c786bf9ae f48d0fbea7dc2782 bd713b37b67866c3 54a11cbcd7a32af4 b9d966ad9e04127a 81b639b74256b45b 64b31699d7d15934 5897953fdf87b60f f1a3b8b13e9401c0 0e45c4c185f35df6 395b26d91f98bd92 48a76e3aff69d605 4d954d933e606b70 9fda36f260eec24e 0db6584e3bdfa1c4 62431fd374eb99fb 4f915ad69e1dca36 28a2067685cb3e97 a76ffccd2f5df1a7 0f4c71d341e2d939 8dedff0a79784abc
278,522bd6887960c25d 828f5dfbbf1272ee d216e5458ad70e60 fb8bd6b95eb4702a e228204ae08d1355 72b80b099fd64ec4 99e833818ec4bbf2 e1460af4a7044067 4d7653ea9499eed4 db69d4cbfef8d22f f25bfcffedaccf28 7f95168400948588 01b3da54ffb158a0 538c7bb968b2154c 2cebd52b41930f0a ec1b3d7ccd3984d0 a853f13216170123 3c565c1fc2316d16 24c47959ea77b15b 5b4c879fc9c316fb f76f44d372517a9a 964a50d33717c26d 9cf6709de35bf0f3 d980375fbd40c75f 16b11706660177ff 061f3e1feeaa3094 4d32dae7b43c489a 0a79fabc6f5d93c9 4b29fc21f912754d f105a53e5cfae611
279,dac29ed8400b50cc 5a1149fbcbd37376 ee3ed9a3f51336cd 50ba507a268872e1 d6bbbd6c4968075a 26f72a4eb15ea8c0 4c0eee2c1a5e76e2 52370bea1acd0600 4d7653ea9499eed4 9a0f5ee4f845c9b2 0bcaac840d5e66d7 c28bc62802b90f82 702d8f1064ab3e30 e25a1da6ca187350 2a06f5614060e3b6 47fbe21f5c35c7b4 3fa57d488e979d74 ff88049e61f0f4ef e0269da736ddf004 bd713b37b67866c3 fd30682593995748 3986b68500d7704b 0708923badf2ff5d 734dabb98795c35c 942a7d26d81c841f bd0f175ee98c613e ae94d8435a6847f4 b6d0f83aad4e4dc7 b24820ae14e16a24 622f2e4119882c94
280,f58ff7f1a6cde683 72403ecdfe02bba6 8dc313a2cf9da354 e14a893f1918277e 0fbd0f422e926816 e7cad3748e50b0f8 ffc688c4c1c2a068 b6d0f83aad4e4dc7 db7342eff9200020 a017f3358d5327aa 095bb1b6ecbd0a50 ec4ef2f727e7a03f f46601a9955f9949 8faeacf8ca08f62d 8fc68213b63951dc 942a7d26d81c841f b3ad55963554f220 528161039994b4dc 0b0021aa60d05daa bb7515be835dea49 d5805cdb9e8f0f48 a04d6febd82a4389 eec6b281e236b500 9100ea6cd0e084bf bd0f175ee98c613e 4491016efed845f1 1f4f62844c3cb99c 33856365c271aea4 a292248bb2bffb3d 393f49286db04aeb
281,b0bfe0f426275870 b78189788d563693 46315cf30aaee51c da011b87595c1019 b6cdb608f640e038 0b774cf90856c4da 9d5edf3b993fee50 2b48ab08c915c0ad fd30682593995748 39f6296778264878 52e459a551d4ac2d d6ed7e4b14c51296 e7828f0ea9749505 9b2adcf4041227d7 da904d2a54ff8cf2 7d83ffe83f61bdc4 f05fa5f57dc03e81 74873b42602d8958 7cea1f637ea3f37d 0cd920bad11c716d 8dc313a2cf9da354 238ec735a13a3f09 c810ac016901e8ac 36d33c41812ce7dc d64c06baf5ef1c90 b7d7d9ae1cbe0d8a d64c7c3b658689f4 5bf89d11a25121d9 047769588be1aea9 3d93a60f990a0a7c
282,1ba7a50457e93996 7d83ffe83f61bdc4 db0e648651f4c92b 49b5678e0d1e5bcd bbbd5d2fd957e8f7 ae77487a89f2610c 7e4a4a1300b77a06 5430097e23000368 d257d1fbcf43abd5 0683b6a78f54be75 522bd6887960c25d 3c565c1fc2316d16 24c47959ea77b15b 4b29fc21f912754d c015590d6a6fe833 3b6d27775fce1c7b 3e66b4855d0dddbe a60934e6b473097a 81bd116c786bf9ae f48d0fbea7dc2782 bd713b37b67866c3 54a11cbcd7a32af4 b9d966ad9e04127a 81b639b74256b45b 64b31699d7d15934 5897953fdf87b60f f1a3b8b13e9401c0 0e45c4c185f35df6 395b26d91f98bd92 48a76e3aff69d605
283,bf973f9ec3600199 ba5199dba342af68 e403278468d84383 e25a1da6ca187350 1fe79c7de59ff6c6 c1f2e3a76d388944 e8b87ed7db1bcb1f 3c0873ce078d332b ca4de5b8a7bda9df 1dc7139adba034ec 83b911ff0ff45844 d1e21234d7cc61d2 d73a65673e3f1d78 00e1e2eb13f650e4 e0269da736ddf004 bd713b37b67866c3 ff88049e61f0f4ef 3fa57d488e979d74 fd30682593995748 3986b68500d7704b 702d8f1064ab3e30 2a06f5614060e3b6 c28bc62802b90f82 39f6296778264878 bd0f175ee98c613e ae94d8435a6847f4 b6d0f83aad4e4dc7 b24820ae14e16a24 622f2e4119882c94 4b8c7061102517ef
284,1ba7a50457e93996 7d83ffe83f61bdc4 bbbd5d2fd957e8f7 49b5678e0d1e5bcd db0e648651f4c92b ae77487a89f2610c 7e4a4a1300b77a06 5430097e23000368 d257d1fbcf43abd5 0683b6a78f54be75 fc21db75b354a917 47fbe21f5c35c7b4 52370bea1acd0600 4d7653ea9499eed4 95166957b2c38794 366a22fce0614fb8 9a0f5ee4f845c9b2 c28bc62802b90f82 702d8f1064ab3e30 00e1e2eb13f650e4 3986b68500d7704b 3fa57d488e979d74 ff88049e61f0f4ef 0772e3ab293a1f30 e0269da736ddf004 0bcaac840d5e66d7 734dabb98795c35c 942a7d26d81c841f bd0f175ee98c613e ae94d8435a6847f4
285,e8ad5e31484ef889 24c47959ea77b15b 3c565c1fc2316d16 4b29fc21f912754d aa967ad3c1f65a29 3e66b4855d0dddbe f48d0fbea7dc2782 a853f13216170123 5b4c879fc9c316fb 4d954d933e606b70 62431fd374eb99fb 0f4c71d341e2d939 a76ffccd2f5df1a7 b6e72edcad270be0 ddf332f2b55a2a23 66ccd03c9e03ac06 172bc0ee09332ae9 a2c35fdf07a13286 cea18be9a89d7a81 6406fcdb7d87b5dc 404031ab9d5977c4 cc507a0d6fcf4a1c 999a52f1d301247c c31a456b544a40a8 238de368bb05c0ec 522bd6887960c25d 666bdff4faa513ca 4f2fffd7528de786 486dd77002936dec 07f22a7ad7e4711d
286,fd57e641d06ebda7 00d9eb862ba3dfc6 0195950ce0f47e34 522bd6887960c25d 828f5dfbbf1272ee fb8bd6b95eb4702a d216e5458ad70e60 e228204ae08d1355 72b80b099fd64ec4 99e833818ec4bbf2 e1460af4a7044067 4d7653ea9499eed4 db69d4cbfef8d22f f25bfcffedaccf28 7f95168400948588 01b3da54ffb158a0 538c7bb968b2154c 2cebd52b41930f0a ec1b3d7ccd3984d0 a853f13216170123 24c47959ea77b15b 3c565c1fc2316d16 5b4c879fc9c316fb f76f44d372517a9a 964a50d33717c26d 9cf6709de35bf0f3 d980375fbd40c75f 16b11706660177ff 4d32dae7b43c489a 061f3e1feeaa3094
287,fd57e641d06ebda7 0195950ce0f47e34 00d9eb862ba3dfc6 cea18be9a89d7a81 bbbd5d2fd957e8f7 47fbe21f5c35c7b4 52370bea1acd0600 4d7653ea9499eed4 9a0f5ee4f845c9b2 0bcaac840d5e66d7 c28bc62802b90f82 5fb2d8e734956af0 3986b68500d7704b 3fa57d488e979d74 ff88049e61f0f4ef e0269da736ddf004 bd713b37b67866c3 fd30682593995748 2a06f5614060e3b6 702d8f1064ab3e30 e36475c1af5ea3ab e7cad3748e50b0f8 0708923badf2ff5d 734dabb98795c35c 942a7d26d81c841f bd0f175ee98c613e ae94d8435a6847f4 b6d0f83aad4e4dc7 447fc00f40d71d08 622f2e4119882c94
288,3986b68500d7704b a853f13216170123 24c47959ea77b15b 3c565c1fc2316d16 5b4c879fc9c316fb 4b29fc21f912754d 3e66b4855d0dddbe f48d0fbea7dc2782 cc507a0d6fcf4a1c 4d954d933e606b70 62431fd374eb99fb 0f4c71d341e2d939 a76ffccd2f5df1a7 b6e72edcad270be0 ddf332f2b55a2a23 666bdff4faa513ca 66ccd03c9e03ac06 4f2fffd7528de786 172bc0ee09332ae9 a2c35fdf07a13286 486dd77002936dec cea18be9a89d7a81 07f22a7ad7e4711d 6406fcdb7d87b5dc 404031ab9d5977c4 999a52f1d301247c c31a456b544a40a8 238de368bb05c0ec 0195950ce0f47e34 d73a65673e3f1d78
289,ec4ef2f727e7a03f 095bb1b6ecbd0a50 528161039994b4dc 8faeacf8ca08f62d f46601a9955f9949 b3ad55963554f220 8fc68213b63951dc 942a7d26d81c841f bb7515be835dea49 0b0021aa60d05daa a04d6febd82a4389 d5805cdb9e8f0f48 eec6b281e236b500 9100ea6cd0e084bf bd0f175ee98c613e 4491016efed845f1 1f4f62844c3cb99c 393f49286db04aeb 33856365c271aea4 a292248bb2bffb3d 702d8f1064ab3e30 ce2fe99a7cda4a17 636224e349e561bf 955e465ce0788ea6 12af6a34778710db 39075e303166355e a813c15b46ceaf68 40583079f57235a6 b3e75fdca5ca2f1a 6c017e548aa138f2
290,24c47959ea77b15b 3c565c1fc2316d16 4b29fc21f912754d 3e66b4855d0dddbe 1ba7a50457e93996 f48d0fbea7dc2782 a853f13216170123 5b4c879fc9c316fb 4d954d933e606b70 62431fd374eb99fb 0f4c71d341e2d939 a76ffccd2f5df1a7 b6e72edcad270be0 ddf332f2b55a2a23 66ccd03c9e03ac06 7d83ffe83f61bdc4 172bc0ee09332ae9 a2c35fdf07a13286 49b5678e0d1e5bcd bbbd5d2fd957e8f7 db0e648651f4c92b ae77487a89f2610c 7e4a4a1300b77a06 cea18be9a89d7a81 5430097e23000368 6406fcdb7d87b5dc 404031ab9d5977c4 cc507a0d6fcf4a1c 999a52f1d301247c c31a456b544a40a8
291,522bd6887960c25d 24c47959ea77b15b 3c565c1fc2316d16 4b29fc21f912754d c015590d6a6fe833 3b6d27775fce1c7b 3e66b4855d0dddbe a60934e6b473097a 81bd116c786bf9ae f48d0fbea7dc2782 bd713b37b67866c3 54a11cbcd7a32af4 b9d966ad9e04127a 81b639b74256b45b 64b31699d7d15934 5897953fdf87b60f f1a3b8b13e9401c0 0e45c4c185f35df6 395b26d91f98bd92 48a76e3aff69d605 4d954d933e606b70 9fda36f260eec24e 0db6584e3bdfa1c4 62431fd374eb99fb 4f915ad69e1dca36 28a2067685cb3e97 a76ffccd2f5df1a7 0f4c71d341e2d939 50cb6a6c60ad711a 8dedff0a79784abc
292,316382267dcd804f a14394322cf7043d 6cb9ab508a0678a0 c6b615b2589e036d 016da874bd04df55 bc27d5dc9bab1c18 c28bc62802b90f82 26fc2a95df5659c2 b3e75fdca5ca2f1a 6c017e548aa138f2 18b1d2d84c97a364 de35d2410e916471 025a148c3a53bd9f 5570ef88d970e9b4 fab14d178b24a67f fc21db75b354a917 74244a8703c03720 39f6296778264878 0eafda717681bbdc 20d283a232dfd13c d92c0298f76ccf77 2e44fbb8bc3d8d71 74873b42602d8958 d72363ddd958d906 83f8aca6ee2caabc d7d937303a6d5a9d d64c06baf5ef1c90 36d33c41812ce7dc c810ac016901e8ac 059bbdbdb843af6a
293,2820628e65a062e2 7cea1f637ea3f37d 155600e5f1221f8c fab14d178b24a67f af8e70f978cd5aee cc861214a89ef1f4 4b8c7061102517ef 4105533fe46dfba9 059bbdbdb843af6a b50b4e27b03c7b37 ecb768ef6fd223ca 1a8e5d6512d9e2d8 50ba507a268872e1 976baf0e84752a68 bd9cd6b87a4fe0ce 0cd920bad11c716d 70776cdd9bb3b7d4 d64c7c3b658689f4 ec4ef2f727e7a03f 095bb1b6ecbd0a50 00d9f8d3f7d412b3 942a7d26d81c841f 8faeacf8ca08f62d b3ad55963554f220 8fc68213b63951dc f46601a9955f9949 528161039994b4dc bb7515be835dea49 0b0021aa60d05daa a04d6febd82a4389
294,01104a026d22ae55 9100ea6cd0e084bf bd0f175ee98c613e 1f4f62844c3cb99c 2e44fbb8bc3d8d71 059bbdbdb843af6a 016da874bd04df55 bc27d5dc9bab1c18 c28bc62802b90f82 26fc2a95df5659c2 18b1d2d84c97a364 025a148c3a53bd9f 5570ef88d970e9b4 fab14d178b24a67f 8f578001f9d5f543 316382267dcd804f fc21db75b354a917 74244a8703c03720 39f6296778264878 bed3e73d52011f68 d92c0298f76ccf77 6cb9ab508a0678a0 2820628e65a062e2 d72363ddd958d906 83f8aca6ee2caabc c810ac016901e8ac 36d33c41812ce7dc d64c06baf5ef1c90 f9c6286cff30aaa8 b7d7d9ae1cbe0d8a
295,a84cd36608cb8665 537a55eda51a3f60 451e7ba901ad661d 190ab585fd379f0f fd30682593995748 9d5edf3b993fee50 2b48ab08c915c0ad 0b774cf90856c4da 7c9248ed6224aa26 120e745e2961b5d5 64907c4568244eb4 e7828f0ea9749505 52e459a551d4ac2d da904d2a54ff8cf2 d6ed7e4b14c51296 9b2adcf4041227d7 f05fa5f57dc03e81 7cea1f637ea3f37d 0cd920bad11c716d 8dc313a2cf9da354 9a439fd1abf95245 5bf89d11a25121d9 055d895a3b26e466 453bc79164d57a01 00ff646ca6637bd7 9c9a9d45c2ea7ddf 61ba7707ef6a5a99 00958a140c3a6de8 4483bbdd3241f11a cec2eea2a1fe566a
296,5b16bae6a0de7c88 73391e0853c1e040 abf90e759d208468 09660f466b38b7ba 0d0368139e9a647f f58ff7f1a6cde683 46b99f864d6a075a b29ab87af6ea6310 72403ecdfe02bba6 8d58da0e1800dc96 01020d1b0821f4c7 70776cdd9bb3b7d4 f9c6286cff30aaa8 f2234bb7ce0c6f59 a9eef13786610446 b749972436ac9791 00140806971e7a73 f705b637f624147e 0fbd0f422e926816 a14394322cf7043d e7cad3748e50b0f8 4a5ac473c9d176ba b6d0f83aad4e4dc7 64267373570e4ea3 c08c3765ac609cc0 387e9cd2e5d4ea7d 05f23e7d05dbf7c2 522bd6887960c25d ac9ee0c09b538140 d35e11d3d1ab3c67
297,e461837f0fb35048 f105a53e5cfae611 70ebf53ced736fa4 ad06e9eeea8eb4ea 72c2a95813ea72bd c03b11a0cdc3fa39 65254e0d209fd66e a9223c28b10c131f 7b81f1f2b6ec2e5f dea5e9227fbbac29 4beacc71024f8b08 9a0f5ee4f845c9b2 0bcaac840d5e66d7 c28bc62802b90f82 702d8f1064ab3e30 3986b68500d7704b 3fa57d488e979d74 ff88049e61f0f4ef e0269da736ddf004 bd713b37b67866c3 fd30682593995748 2a06f5614060e3b6 39f6296778264878 4d7653ea9499eed4 bd0f175ee98c613e ae94d8435a6847f4 b6d0f83aad4e4dc7 b24820ae14e16a24 622f2e4119882c94 4b8c7061102517ef
298,5570ef88d970e9b4 39f6296778264878 bf3ccaba4a3450a8 39075e303166355e 351c9da399c2b915 da011b87595c1019 ae94d8435a6847f4 430feb4826a5632e 65fac1ba1840000f f705b637f624147e 047769588be1aea9 4a5ac473c9d176ba 47fbe21f5c35c7b4 bd0f175ee98c613e 9100ea6cd0e084bf 1f4f62844c3cb99c 2e44fbb8bc3d8d71 059bbdbdb843af6a 0079f3c74309b582 016da874bd04df55 bc27d5dc9bab1c18 c28bc62802b90f82 26fc2a95df5659c2 18b1d2d84c97a364 2901e5309bb3f8f6 5c4b7558c942a224 025a148c3a53bd9f fab14d178b24a67f 8f578001f9d5f543 316382267dcd804f
299,1ba7a50457e93996 7d83ffe83f61bdc4 bbbd5d2fd957e8f7 49b5678e0d1e5bcd db0e648651f4c92b ae77487a89f2610c 7e4a4a1300b77a06 5430097e23000368 d257d1fbcf43abd5 0683b6a78f54be75 fc21db75b354a917 47fbe21f5c35c7b4 52370bea1acd0600 4d7653ea9499eed4 95166957b2c38794 366a22fce0614fb8 9a0f5ee4f845c9b2 c28bc62802b90f82 702d8f1064ab3e30 00e1e2eb13f650e4 3986b68500d7704b 3fa57d488e979d74 ff88049e61f0f4ef 0772e3ab293a1f30 e0269da736ddf004 0bcaac840d5e66d7 734dabb98795c35c 942a7d26d81c841f bd0f175ee98c613e ae94d8435a6847f4
300,00ff646ca6637bd7 fd30682593995748 9d5edf3b993fee50 0b774cf90856c4da 2b48ab08c915c0ad 120e745e2961b5d5 64907c4568244eb4 fc8971756f9ec194 a84cd36608cb8665 b78189788d563693 025a148c3a53bd9f 46315cf30aaee51c 7c9248ed6224aa26 537a55eda51a3f60 8f578001f9d5f543 0eafda717681bbdc 20d283a232dfd13c fc21db75b354a917 b29ab87af6ea6310 451e7ba901ad661d d92c0298f76ccf77 ffa9091747ae2466 b760ebc5f25788d3 d6bbbd6c4968075a 27888817db122597 853e36b1550c6274 2359719a0f40ffac acae1d29289b1266 6d80d2e62d01f6bc ecb768ef6fd223ca
301,58654e3143c6550b 5f94b027039f4e48 ebfda3b48083e390 0688c790d5806540 148ac4a56a18844d 0683b6a78f54be75 4dba7ce835494a63 25a3b47fe31bc6b5 fd30682593995748 bd713b37b67866c3 2a06f5614060e3b6 e0269da736ddf004 9a0f5ee4f845c9b2 ff88049e61f0f4ef 39f6296778264878 e25a1da6ca187350 c31a456b544a40a8 3fa57d488e979d74 3986b68500d7704b 702d8f1064ab3e30 5547f9f1638ac345 c28bc62802b90f82 0bcaac840d5e66d7 734dabb98795c35c bd0f175ee98c613e ae94d8435a6847f4 b6d0f83aad4e4dc7 b24820ae14e16a24 622f2e4119882c94 4b8c7061102517ef
302,9fda36f260eec24e 522bd6887960c25d 7ee52d2519eea367 20db73cf07a45f71 42bb83d7c4b9ecae 05e4165a56bf50eb 24c47959ea77b15b 3c565c1fc2316d16 64c2e323906b42d3 4b29fc21f912754d c015590d6a6fe833 3b6d27775fce1c7b 3e66b4855d0dddbe a60934e6b473097a 81bd116c786bf9ae f48d0fbea7dc2782 bd713b37b67866c3 54a11cbcd7a32af4 b9d966ad9e04127a 81b639b74256b45b 64b31699d7d15934 5897953fdf87b60f f1a3b8b13e9401c0 0e45c4c185f35df6 395b26d91f98bd92 b1dcaca98bb76736 48a76e3aff69d605 2e4b00c01d58e79e 4d954d933e606b70 0db6584e3bdfa1c4
303,c08c3765ac609cc0 0d0368139e9a647f 05f23e7d05dbf7c2 54f55c74d37db3c0 8d58da0e1800dc96 73391e0853c1e040 00140806971e7a73 f2234bb7ce0c6f59 a9eef13786610446 b749972436ac9791 f705b637f624147e 0fbd0f422e926816 e7cad3748e50b0f8 4a5ac473c9d176ba f58ff7f1a6cde683 74e59c5820900b17 46b99f864d6a075a 2359719a0f40ffac 5b16bae6a0de7c88 01020d1b0821f4c7 abf90e759d208468 44d324ebd3e22ad7 63d95d5977c2fe98 09660f466b38b7ba 42a5cae2a3a45557 b29ab87af6ea6310 72403ecdfe02bba6 bed3e73d52011f68 5b34da30b93eb123 65fac1ba1840000f
304,285657fcdf89f00d c015590d6a6fe833 3b6d27775fce1c7b c143c095983a65c2 4f915ad69e1dca36 28a2067685cb3e97 8dedff0a79784abc 50cb6a6c60ad711a 24e582daf6f87158 52370bea1acd0600 7c8324ce28ffb96e e9c20b67a4c5395f 522bd6887960c25d 72b80b099fd64ec4 35488b3b8b781278 0f33ce8d8014f308 0451447dd64f6284 f25bfcffedaccf28 7f95168400948588 2cebd52b41930f0a 3a6e7894dde31c67 16b11706660177ff 3c565c1fc2316d16 24c47959ea77b15b b6a1c97f19af78d0 5547f9f1638ac345 4b29fc21f912754d 3e66b4855d0dddbe a60934e6b473097a 45bd99d5d2eef776
305,522bd6887960c25d 828f5dfbbf1272ee d216e5458ad70e60 fb8bd6b95eb4702a e228204ae08d1355 72b80b099fd64ec4 99e833818ec4bbf2 e1460af4a7044067 4d7653ea9499eed4 db69d4cbfef8d22f f25bfcffedaccf28 7f95168400948588 01b3da54ffb158a0 538c7bb968b2154c 2cebd52b41930f0a ec1b3d7ccd3984d0 a853f13216170123 3c565c1fc2316d16 24c47959ea77b15b 5b4c879fc9c316fb f76f44d372517a9a 964a50d33717c26d 9cf6709de35bf0f3 d980375fbd40c75f 16b11706660177ff 061f3e1feeaa3094 4d32dae7b43c489a 0a79fabc6f5d93c9 4b29fc21f912754d f105a53e5cfae611
306,1ba7a50457e93996 7d83ffe83f61bdc4 49b5678e0d1e5bcd bbbd5d2fd957e8f7 db0e648651f4c92b ae77487a89f2610c 7e4a4a1300b77a06 5430097e23000368 d257d1fbcf43abd5 0683b6a78f54be75 d73a65673e3f1d78 128d583954b18074 e0269da736ddf004 ff88049e61f0f4ef 3fa57d488e979d74 3986b68500d7704b 702d8f1064ab3e30 c28bc62802b90f82 bd713b37b67866c3 fd30682593995748 39f6296778264878 0bcaac840d5e66d7 734dabb98795c35c bd0f175ee98c613e ae94d8435a6847f4 b6d0f83aad4e4dc7 b24820ae14e16a24 622f2e4119882c94 4b8c7061102517ef af8e70f978cd5aee
307,9ab90dfc5c9b0b37 095bb1b6ecbd0a50 ec4ef2f727e7a03f bb7515be835dea49 a04d6febd82a4389 d5805cdb9e8f0f48 0b0021aa60d05daa 522bd6887960c25d 828f5dfbbf1272ee 54f55c74d37db3c0 fb8bd6b95eb4702a d216e5458ad70e60 72b80b099fd64ec4 33856365c271aea4 393f49286db04aeb a292248bb2bffb3d 99e833818ec4bbf2 ce2fe99a7cda4a17 73391e0853c1e040 e1460af4a7044067 7f95168400948588 f25bfcffedaccf28 01b3da54ffb158a0 40583079f57235a6 538c7bb968b2154c 2cebd52b41930f0a ec1b3d7ccd3984d0 9cf6709de35bf0f3 16b11706660177ff 4d32dae7b43c489a
308,18ced18aee04c48e bbbd5d2fd957e8f7 47fbe21f5c35c7b4 52370bea1acd0600 4d7653ea9499eed4 9a0f5ee4f845c9b2 0bcaac840d5e66d7 c28bc62802b90f82 702d8f1064ab3e30 059bbdbdb843af6a 3fa57d488e979d74 ff88049e61f0f4ef e0269da736ddf004 bd713b37b67866c3 fd30682593995748 2a06f5614060e3b6 39f6296778264878 e25a1da6ca187350 3986b68500d7704b e7cad3748e50b0f8 0708923badf2ff5d 734dabb98795c35c 942a7d26d81c841f bd0f175ee98c613e ae94d8435a6847f4 b6d0f83aad4e4dc7 b24820ae14e16a24 cea18be9a89d7a81 4b8c7061102517ef af8e70f978cd5aee
309,26f72a4eb15ea8c0 4c0eee2c1a5e76e2 47fbe21f5c35c7b4 52370bea1acd0600 4d7653ea9499eed4 9a0f5ee4f845c9b2 0bcaac840d5e66d7 c28bc62802b90f82 702d8f1064ab3e30 c31a456b544a40a8 3fa57d488e979d74 ff88049e61f0f4ef e0269da736ddf004 bd713b37b67866c3 fd30682593995748 2a06f5614060e3b6 39f6296778264878 e25a1da6ca187350 3986b68500d7704b e7cad3748e50b0f8 0708923badf2ff5d 734dabb98795c35c 942a7d26d81c841f bd0f175ee98c613e ae94d8435a6847f4 b6d0f83aad4e4dc7 b24820ae14e16a24 bbbd5d2fd957e8f7 4b8c7061102517ef af8e70f978cd5aee
310,8e83d05923cde390 7eec211cc37a1b05 0c15f252d30646fc 249bf372159f33e9 9c9ebf71707d7a37 a0b1f4dd32f3e278 3e8e56f639a5db5b 1dc7139adba034ec 9fbffc521da97c54 069e7e25e43deab3 d1e21234d7cc61d2 72c2a95813ea72bd 6aac5e116b75aa22 106204cd0e07e1b2 00e1e2eb13f650e4 3fa57d488e979d74 3986b68500d7704b 702d8f1064ab3e30 c28bc62802b90f82 ff88049e61f0f4ef bd713b37b67866c3 0bcaac840d5e66d7 9a0f5ee4f845c9b2 4d7653ea9499eed4 52370bea1acd0600 e0269da736ddf004 0708923badf2ff5d 942a7d26d81c841f bd0f175ee98c613e ae94d8435a6847f4
311,2e031d83339759b2 f2e30efbd27bee51 538c7bb968b2154c 447fc00f40d71d08 90ecb28f2edb9d43 73f770f2643a2135 2e79d45ba4d1540d 522bd6887960c25d 9f3d2ca16f358290 a18df74d3a16e9c0 d3c4a7db726191e0 07d688f5e2142b87 a2805ed52b47b8ec b26d8664feb18c8c ce0f56b7190c268a 97d696011258825c 3c565c1fc2316d16 24c47959ea77b15b f29eee8054c061e1 01ecc81f6341e902 4b29fc21f912754d acf5cb026b3c4551 c015590d6a6fe833 3b6d27775fce1c7b eff60ceea8817dad 3e66b4855d0dddbe a60934e6b473097a 81bd116c786bf9ae 5879096a38d69fc5 f48d0fbea7dc2782
312,6e239f4dd4b6aed7 db69d4cbfef8d22f f76f44d372517a9a 9cf6709de35bf0f3 d35e11d3d1ab3c67 9f3d2ca16f358290 42a5cae2a3a45557 8d58da0e1800dc96 bed3e73d52011f68 5b34da30b93eb123 65fac1ba1840000f 2a06f5614060e3b6 e14a893f1918277e f2234bb7ce0c6f59 00140806971e7a73 b749972436ac9791 a9eef13786610446 f705b637f624147e e7cad3748e50b0f8 ffc688c4c1c2a068 f2e30efbd27bee51 c08c3765ac609cc0 74e59c5820900b17 f44f74b3451aa593 05f23e7d05dbf7c2 2359719a0f40ffac 050544c040f46152 c5830f9d0f1e29e5 3fa57d488e979d74 3734d3b0b9232538
313,855f2f0354e102c7 b1dcaca98bb76736 5dd752753760ced8 77e2f7da1f9d3a8f e0269da736ddf004 520ec719078be07c 377c1150c781e37a edc79e57b20e9036 5fb2d8e734956af0 bbbd5d2fd957e8f7 47fbe21f5c35c7b4 52370bea1acd0600 4d7653ea9499eed4 9a0f5ee4f845c9b2 0bcaac840d5e66d7 c28bc62802b90f82 702d8f1064ab3e30 3986b68500d7704b 3fa57d488e979d74 ff88049e61f0f4ef bd713b37b67866c3 fd30682593995748 cea18be9a89d7a81 e7cad3748e50b0f8 0708923badf2ff5d 734dabb98795c35c 942a7d26d81c841f bd0f175ee98c613e ae94d8435a6847f4 b6d0f83aad4e4dc7
314,34a62e66e05f9a44 c11b97f245a9dfd0 acae1d29289b1266 680bb5c5c3bb6ee1 22dc81380cf4baec c606425856952286 ac9ee0c09b538140 781aaf62a955e4e8 8700059e85433b32 a982b5c3aed39396 d46598813fb437e5 6d80d2e62d01f6bc 6a9aa1bd93e36e66 486dd77002936dec a0566ca9daca7778 6aac5e116b75aa22 a9dad59c7055b56c ec4ef2f727e7a03f 095bb1b6ecbd0a50 106204cd0e07e1b2 25a3b47fe31bc6b5 bb7515be835dea49 a04d6febd82a4389 0b0021aa60d05daa d5805cdb9e8f0f48 522bd6887960c25d 828f5dfbbf1272ee 54f55c74d37db3c0 fb8bd6b95eb4702a d216e5458ad70e60
315,5f94b027039f4e48 d5952b2e031c4e7e 7c98dedd223b36c0 522bd6887960c25d 24c47959ea77b15b 3c565c1fc2316d16 4b29fc21f912754d 3b6d27775fce1c7b c015590d6a6fe833 3e66b4855d0dddbe a60934e6b473097a 81bd116c786bf9ae f48d0fbea7dc2782 bd713b37b67866c3 54a11cbcd7a32af4 b9d966ad9e04127a 81b639b74256b45b 64b31699d7d15934 5897953fdf87b60f f1a3b8b13e9401c0 0e45c4c185f35df6 395b26d91f98bd92 48a76e3aff69d605 4d954d933e606b70 9fda36f260eec24e 0db6584e3bdfa1c4 62431fd374eb99fb 4f915ad69e1dca36 28a2067685cb3e97 a76ffccd2f5df1a7
316,a853f13216170123 3c565c1fc2316d16 24c47959ea77b15b 5b4c879fc9c316fb 4b29fc21f912754d 3e66b4855d0dddbe f48d0fbea7dc2782 cc507a0d6fcf4a1c 4d954d933e606b70 62431fd374eb99fb 0f4c71d341e2d939 a76ffccd2f5df1a7 b6e72edcad270be0 ddf332f2b55a2a23 666bdff4faa513ca 66ccd03c9e03ac06 4f2fffd7528de786 172bc0ee09332ae9 a2c35fdf07a13286 486dd77002936dec cea18be9a89d7a81 07f22a7ad7e4711d 6406fcdb7d87b5dc 404031ab9d5977c4 999a52f1d301247c c31a456b544a40a8 238de368bb05c0ec d73a65673e3f1d78 128d583954b18074 3fa57d488e979d74
317,f05fa5f57dc03e81 64907c4568244eb4 ecb768ef6fd223ca 1a8e5d6512d9e2d8 00958a140c3a6de8 e36475c1af5ea3ab 537a55eda51a3f60 6461a9faa871b3ac 2820628e65a062e2 155600e5f1221f8c 976baf0e84752a68 bd9cd6b87a4fe0ce 5c4b7558c942a224 0079f3c74309b582 190ab585fd379f0f d73a65673e3f1d78 128d583954b18074 0bcaac840d5e66d7 9a0f5ee4f845c9b2 c28bc62802b90f82 702d8f1064ab3e30 3986b68500d7704b 3fa57d488e979d74 ff88049e61f0f4ef e0269da736ddf004 bd713b37b67866c3 2a06f5614060e3b6 4d7653ea9499eed4 bd0f175ee98c613e ae94d8435a6847f4
318,26f72a4eb15ea8c0 4c0eee2c1a5e76e2 fc16a50ff0baec53 b6cdb608f640e038 5b4c879fc9c316fb 628accd9be98503c af41e2b6da3e7e02 74873b42602d8958 1c3b74a02a86467d 3e66b4855d0dddbe 5057551fc55e9ed2 a1314cd417504572 238ec735a13a3f09 49b5678e0d1e5bcd db0e648651f4c92b bbbd5d2fd957e8f7 5a1149fbcbd37376 d64c7c3b658689f4 d92c0298f76ccf77 61ba7707ef6a5a99 0220a434aa8bf029 a853f13216170123 702d8f1064ab3e30 3c565c1fc2316d16 24c47959ea77b15b ced9c56f2be86774 4d29c6922b2d0d56 8abe670908f12614 1a05ef8c93af8eed 4b29fc21f912754d
319,bd0f175ee98c613e 9100ea6cd0e084bf 1f4f62844c3cb99c 2e44fbb8bc3d8d71 059bbdbdb843af6a bc27d5dc9bab1c18 016da874bd04df55 26fc2a95df5659c2 c28bc62802b90f82 18b1d2d84c97a364 025a148c3a53bd9f 5570ef88d970e9b4 fab14d178b24a67f 8f578001f9d5f543 316382267dcd804f fc21db75b354a917 74244a8703c03720 39f6296778264878 bed3e73d52011f68 d92c0298f76ccf77 6cb9ab508a0678a0 2820628e65a062e2 83f8aca6ee2caabc d72363ddd958d906 c810ac016901e8ac d64c06baf5ef1c90 36d33c41812ce7dc f9c6286cff30aaa8 b7d7d9ae1cbe0d8a cc861214a89ef1f4
320,9f27aa36c1ea793c 9b2adcf4041227d7 d6ed7e4b14c51296 52e459a551d4ac2d da904d2a54ff8cf2 e7828f0ea9749505 7d83ffe83f61bdc4 af8e70f978cd5aee 6461a9faa871b3ac 8df3f13d6af34cb3 a1314cd417504572 5057551fc55e9ed2 83f8aca6ee2caabc d72363ddd958d906 238ec735a13a3f09 c810ac016901e8ac 36d33c41812ce7dc d64c06baf5ef1c90 bbbd5d2fd957e8f7 db0e648651f4c92b 49b5678e0d1e5bcd ae77487a89f2610c b0b5e62a93a2c37c 37001ade0df85823 00d9f8d3f7d412b3 cc861214a89ef1f4 ee3ed9a3f51336cd 3d93a60f990a0a7c 7e4a4a1300b77a06 a677c3a76055a6d2
321,aa0789b403bcd839 83f5a9732f0de67f bc2552a642ce8497 585f4ee09d8fea46 f0d53dcf0c296b57 c49d8f84a4f87f8a 919b1679fffa7ef1 ce8cb4351b8c0f6e 0079f3c74309b582 06de3ca1148b088b 04886579947a80c2 d73a65673e3f1d78 9100ea6cd0e084bf bd0f175ee98c613e 1f4f62844c3cb99c 2e44fbb8bc3d8d71 059bbdbdb843af6a 016da874bd04df55 bc27d5dc9bab1c18 c28bc62802b90f82 26fc2a95df5659c2 18b1d2d84c97a364 025a148c3a53bd9f 1398b478b71773ed 5570ef88d970e9b4 fab14d178b24a67f 8f578001f9d5f543 316382267dcd804f fc21db75b354a917 74244a8703c03720
322,522bd6887960c25d 828f5dfbbf1272ee d216e5458ad70e60 fb8bd6b95eb4702a e228204ae08d1355 72b80b099fd64ec4 99e833818ec4bbf2 e1460af4a7044067 4d7653ea9499eed4 db69d4cbfef8d22f f25bfcffedaccf28 7f95168400948588 01b3da54ffb158a0 538c7bb968b2154c 2cebd52b41930f0a ec1b3d7ccd3984d0 a853f13216170123 3c565c1fc2316d16 24c47959ea77b15b 5b4c879fc9c316fb f76f44d372517a9a 964a50d33717c26d 9cf6709de35bf0f3 d980375fbd40c75f 16b11706660177ff 061f3e1feeaa3094 4d32dae7b43c489a 0a79fabc6f5d93c9 4b29fc21f912754d f105a53e5cfae611
323,29bedd00fb2be056 455fde214d16d350 33856365c271aea4 5989fb934598c1a7 07f22a7ad7e4711d 25a3b47fe31bc6b5 ddb3810e0289c148 387e9cd2e5d4ea7d ebfda3b48083e390 42c9b72cc77dcb28 025a148c3a53bd9f c5830f9d0f1e29e5 7155e5a86136eb02 65708d542bd01f39 57113c2a4cacd961 4d954d933e606b70 095bb1b6ecbd0a50 8643165b0f53df11 3ca7964973437917 eff60ceea8817dad 1f423f368aebf7f3 26fc2a95df5659c2 855f2f0354e102c7 63d95d5977c2fe98 7ee52d2519eea367 44d324ebd3e22ad7 1398b478b71773ed 4d417b203b333363 587e0b2a4811fab1 b6a1c97f19af78d0
324,5547f9f1638ac345 72b80b099fd64ec4 f25bfcffedaccf28 7f95168400948588 2cebd52b41930f0a 16b11706660177ff b84b6c0b2e4d0306 0add47a043c64d7f 45bd99d5d2eef776 ca43e349133fc0e3 6899956cd6c683f0 19e8f436d4b2fc25 cc0c9419f8a20603 b05b5f6850cfa158 c11b97f245a9dfd0 52aa48c07b34dc88 92f42fbd0c38f7fd 1d72229ebcc00faf 522bd6887960c25d 43c354dbf952caaa 42bb83d7c4b9ecae 3c565c1fc2316d16 24c47959ea77b15b 4b29fc21f912754d c015590d6a6fe833 3b6d27775fce1c7b 3e66b4855d0dddbe a60934e6b473097a a0566ca9daca7778 88b62355670ec8f8
325,64c2e323906b42d3 964a50d33717c26d b1dcaca98bb76736 2e4b00c01d58e79e c96049ed915ced0a 50806199c80e215c 6a3919ad9ed8197e feddfcf56818968e b24820ae14e16a24 0bcaac840d5e66d7 8643165b0f53df11 83b911ff0ff45844 5867d40811c0229f 96445bec1579ec97 ced9c56f2be86774 781f4d0147aef776 9fbffc521da97c54 d1e21234d7cc61d2 013030fd7d29bf3d a017f3358d5327aa 3986b68500d7704b 0a49074a4158155b 522bd6887960c25d 828f5dfbbf1272ee d216e5458ad70e60 fb8bd6b95eb4702a e228204ae08d1355 72b80b099fd64ec4 99e833818ec4bbf2 e1460af4a7044067
326,daa257a37227cd72 29bedd00fb2be056 b69ce8b8154645f8 a52df8083c238c46 c606425856952286 bf3ccaba4a3450a8 796888cc3443006c 4c3802a1bd3c842e c11b97f245a9dfd0 d46598813fb437e5 6d80d2e62d01f6bc 5fb2d8e734956af0 2901e5309bb3f8f6 5ebb4d2f5f1c1f13 ac9ee0c09b538140 01ecc81f6341e902 da7d3c2d591c4295 486dd77002936dec dc17b07476183764 22756be6fd061d4c 7c8324ce28ffb96e 4dba7ce835494a63 bc2ae5f4e5d53e00 a982b5c3aed39396 9a0f5ee4f845c9b2 404031ab9d5977c4 edc79e57b20e9036 2394b08708475900 63d95d5977c2fe98 6aac5e116b75aa22
327,106204cd0e07e1b2 828f5dfbbf1272ee e228204ae08d1355 e1460af4a7044067 4d7653ea9499eed4 d980375fbd40c75f 939a1f686ea36c05 1d0f5fdc58e3efb5 eab15ee21e126f6a 96e82fa141db9a4b 366a22fce0614fb8 bf973f9ec3600199 8566d15270eb5e83 26140b225c4f8d3f fb2ebcb5335ad2e2 a492bd402afd5c71 8e0760918e88e4a9 5c8c6d9a1fd4c1e0 e878efab7c37179e 877672967d3f70bb 9269d2b0d877352d a860b682add9de1c 50806199c80e215c 95ecdbff44ad0b60 5d26da95786b3a3a 1a05ef8c93af8eed 587e0b2a4811fab1 4b05967001421eab c36c2dce0e6e434f e740c80fce094788
328,a9dad59c7055b56c d46598813fb437e5 892074f7c1ef5d5e 486dd77002936dec ac9ee0c09b538140 25a3b47fe31bc6b5 413c55a5ab86881a 6a9aa1bd93e36e66 9f4e0d572b1f4e6c 4522ad78bf79f0c9 6d80d2e62d01f6bc 63d95d5977c2fe98 49224aca40e6e5e3 a853f13216170123 4b29fc21f912754d 3b4a85bac6ead3c8 65d44c6393907290 106204cd0e07e1b2 acae1d29289b1266 b69ce8b8154645f8 a0566ca9daca7778 34a62e66e05f9a44 5879096a38d69fc5 a52df8083c238c46 c606425856952286 8700059e85433b32 999a52f1d301247c 3c565c1fc2316d16 24c47959ea77b15b 5b4c879fc9c316fb
329,74e59c5820900b17 c08c3765ac609cc0 05f23e7d05dbf7c2 2359719a0f40ffac 5b34da30b93eb123 2a06f5614060e3b6 42a5cae2a3a45557 b749972436ac9791 a9eef13786610446 f2234bb7ce0c6f59 00140806971e7a73 8d58da0e1800dc96 bed3e73d52011f68 ffc688c4c1c2a068 65fac1ba1840000f e14a893f1918277e f705b637f624147e e7cad3748e50b0f8 44d324ebd3e22ad7 54f55c74d37db3c0 0d0368139e9a647f dac29ed8400b50cc 050544c040f46152 3fa57d488e979d74 2810fb6f81d1711c 0fbd0f422e926816 63d95d5977c2fe98 4a5ac473c9d176ba 4d417b203b333363 6d80d2e62d01f6bc
330,8df3f13d6af34cb3 522bd6887960c25d bd0f175ee98c613e 9100ea6cd0e084bf 1f4f62844c3cb99c 3c565c1fc2316d16 24c47959ea77b15b 4b29fc21f912754d bc27d5dc9bab1c18 016da874bd04df55 c28bc62802b90f82 26fc2a95df5659c2 c015590d6a6fe833 3b6d27775fce1c7b 2e44fbb8bc3d8d71 18b1d2d84c97a364 3e66b4855d0dddbe 059bbdbdb843af6a a60934e6b473097a 025a148c3a53bd9f 5570ef88d970e9b4 fab14d178b24a67f 8f578001f9d5f543 316382267dcd804f fc21db75b354a917 74244a8703c03720 81bd116c786bf9ae 39f6296778264878 f48d0fbea7dc2782 bd713b37b67866c3
331,4d9214c0925e5af8 9f4e0d572b1f4e6c 3b4a85bac6ead3c8 d9885881381fd10a d0f6c00eec5eb973 81b7c7e312bfa1a0 48cf88c17ff38c5e 9113e9dc940fb287 a9dad59c7055b56c 10ad13170242ecae 522bd6887960c25d 828f5dfbbf1272ee d216e5458ad70e60 fb8bd6b95eb4702a e228204ae08d1355 72b80b099fd64ec4 99e833818ec4bbf2 e1460af4a7044067 4d7653ea9499eed4 db69d4cbfef8d22f f25bfcffedaccf28 7f95168400948588 01b3da54ffb158a0 538c7bb968b2154c 2cebd52b41930f0a ec1b3d7ccd3984d0 a853f13216170123 3c565c1fc2316d16 24c47959ea77b15b 5b4c879fc9c316fb
332,589ef345cb2dccfc 522bd6887960c25d 3c565c1fc2316d16 24c47959ea77b15b 4b29fc21f912754d 3b6d27775fce1c7b c015590d6a6fe833 3e66b4855d0dddbe a60934e6b473097a 81bd116c786bf9ae f48d0fbea7dc2782 bd713b37b67866c3 54a11cbcd7a32af4 b9d966ad9e04127a 81b639b74256b45b 64b31699d7d15934 5897953fdf87b60f f1a3b8b13e9401c0 0e45c4c185f35df6 395b26d91f98bd92 48a76e3aff69d605 4d954d933e606b70 9fda36f260eec24e 0db6584e3bdfa1c4 62431fd374eb99fb 4f915ad69e1dca36 28a2067685cb3e97 0f4c71d341e2d939 a76ffccd2f5df1a7 8dedff0a79784abc
333,522bd6887960c25d 955e465ce0788ea6 7c8324ce28ffb96e 24c47959ea77b15b 3c565c1fc2316d16 a982b5c3aed39396 29bedd00fb2be056 e8ad5e31484ef889 4b29fc21f912754d c015590d6a6fe833 3b6d27775fce1c7b 999a52f1d301247c b69ce8b8154645f8 c31a456b544a40a8 3e66b4855d0dddbe 622f2e4119882c94 a60934e6b473097a a52df8083c238c46 49224aca40e6e5e3 bf3ccaba4a3450a8 73f770f2643a2135 81bd116c786bf9ae f48d0fbea7dc2782 bd713b37b67866c3 34a62e66e05f9a44 54a11cbcd7a32af4 b9d966ad9e04127a d6bbbd6c4968075a 81b639b74256b45b 796888cc3443006c
334,57113c2a4cacd961 419b5dc40744fb9b bee46c54461925d0 2e4b00c01d58e79e 4535ce2e3dced00f 83f8f2fc471cad74 050544c040f46152 7c98dedd223b36c0 eec6b281e236b500 6204e398d8c7f888 bfb8032f2183d471 4577ae048ef1967d 8643165b0f53df11 4bed80e56ea2e099 b2ee9eea2d974c90 ce2fe99a7cda4a17 abf90e759d208468 4d7653ea9499eed4 a813c15b46ceaf68 f76f44d372517a9a 964a50d33717c26d d980375fbd40c75f 939a1f686ea36c05 855f2f0354e102c7 b29ab87af6ea6310 eab15ee21e126f6a ae77487a89f2610c c6b615b2589e036d 4491016efed845f1 e228204ae08d1355
335,628accd9be98503c 9f27aa36c1ea793c 2b48ab08c915c0ad 9d5edf3b993fee50 0b774cf90856c4da fd30682593995748 b50b4e27b03c7b37 e7828f0ea9749505 da904d2a54ff8cf2 9b2adcf4041227d7 d6ed7e4b14c51296 52e459a551d4ac2d f05fa5f57dc03e81 af8e70f978cd5aee 6461a9faa871b3ac 7cea1f637ea3f37d 8df3f13d6af34cb3 0cd920bad11c716d 8dc313a2cf9da354 a1314cd417504572 5057551fc55e9ed2 83f8aca6ee2caabc d72363ddd958d906 120e745e2961b5d5 b0b5e62a93a2c37c 37001ade0df85823 5a1149fbcbd37376 64907c4568244eb4 00d9f8d3f7d412b3 ee3ed9a3f51336cd
336,46b99f864d6a075a 74244a8703c03720 447fc00f40d71d08 29968e8fd13539f8 680bb5c5c3bb6ee1 01b3da54ffb158a0 061f3e1feeaa3094 4d32dae7b43c489a 88b62355670ec8f8 99e833818ec4bbf2 f209d29f991432f0 d7d937303a6d5a9d 43b3338423d7386c f49e13a653cbdad2 1c3b74a02a86467d a65e30106ea50423 aa0789b403bcd839 87c5481930cfe126 22756be6fd061d4c dc12cc503ac0eddb 65ad9c583823162d 65708d542bd01f39 a5d5ba33b5b1dc95 1efd7bd8a34a1359 0647acc4602d4e8f 455fde214d16d350 013030fd7d29bf3d 4e966bb2768c2b8a fa173131f15f5534 01e5a6edcee7deb0
337,522bd6887960c25d 828f5dfbbf1272ee d216e5458ad70e60 fb8bd6b95eb4702a e228204ae08d1355 72b80b099fd64ec4 00e1e2eb13f650e4 99e833818ec4bbf2 e1460af4a7044067 4d7653ea9499eed4 db69d4cbfef8d22f f25bfcffedaccf28 7f95168400948588 01b3da54ffb158a0 538c7bb968b2154c 2cebd52b41930f0a ec1b3d7ccd3984d0 a853f13216170123 3c565c1fc2316d16 24c47959ea77b15b 5b4c879fc9c316fb f76f44d372517a9a 964a50d33717c26d 9cf6709de35bf0f3 d980375fbd40c75f 16b11706660177ff 061f3e1feeaa3094 4d32dae7b43c489a 0a79fabc6f5d93c9 4b29fc21f912754d
338,3e8e56f639a5db5b 46b99f864d6a075a 74244a8703c03720 447fc00f40d71d08 29968e8fd13539f8 cc2cc23a98c14c33 680bb5c5c3bb6ee1 5547f9f1638ac345 88b62355670ec8f8 419b5dc40744fb9b eab15ee21e126f6a 22dc81380cf4baec c606425856952286 34a62e66e05f9a44 b84b6c0b2e4d0306 c11b97f245a9dfd0 781aaf62a955e4e8 0add47a043c64d7f 4b05967001421eab 43b3338423d7386c 8700059e85433b32 97d696011258825c d46598813fb437e5 acae1d29289b1266 f49e13a653cbdad2 6d80d2e62d01f6bc 01e5a6edcee7deb0 486dd77002936dec 42bb83d7c4b9ecae 6a9aa1bd93e36e66
339,10ad13170242ecae 3b6d27775fce1c7b c015590d6a6fe833 c143c095983a65c2 680bb5c5c3bb6ee1 e9c20b67a4c5395f 4f915ad69e1dca36 28a2067685cb3e97 35488b3b8b781278 8dedff0a79784abc 50cb6a6c60ad711a 0f33ce8d8014f308 24e582daf6f87158 0451447dd64f6284 52370bea1acd0600 3a6e7894dde31c67 285657fcdf89f00d b6a1c97f19af78d0 7c8324ce28ffb96e 0195950ce0f47e34 d73a65673e3f1d78 128d583954b18074 c28bc62802b90f82 702d8f1064ab3e30 0bcaac840d5e66d7 3fa57d488e979d74 ff88049e61f0f4ef e0269da736ddf004 bd713b37b67866c3 fd30682593995748
340,bd0f175ee98c613e 9100ea6cd0e084bf 1f4f62844c3cb99c 2e44fbb8bc3d8d71 059bbdbdb843af6a bc27d5dc9bab1c18 016da874bd04df55 26fc2a95df5659c2 c28bc62802b90f82 18b1d2d84c97a364 025a148c3a53bd9f 5570ef88d970e9b4 fab14d178b24a67f 8f578001f9d5f543 316382267dcd804f fc21db75b354a917 74244a8703c03720 39f6296778264878 bed3e73d52011f68 d92c0298f76ccf77 6cb9ab508a0678a0 2820628e65a062e2 83f8aca6ee2caabc d72363ddd958d906 c810ac016901e8ac 36d33c41812ce7dc d64c06baf5ef1c90 f9c6286cff30aaa8 b7d7d9ae1cbe0d8a cc861214a89ef1f4
341,ecb768ef6fd223ca 1a8e5d6512d9e2d8 6461a9faa871b3ac 2820628e65a062e2 155600e5f1221f8c 976baf0e84752a68 bd9cd6b87a4fe0ce 5c4b7558c942a224 190ab585fd379f0f a017f3358d5327aa d73a65673e3f1d78 4d7653ea9499eed4 9a0f5ee4f845c9b2 0bcaac840d5e66d7 c28bc62802b90f82 702d8f1064ab3e30 3986b68500d7704b 3fa57d488e979d74 ff88049e61f0f4ef e0269da736ddf004 bd713b37b67866c3 fd30682593995748 2a06f5614060e3b6 52370bea1acd0600 734dabb98795c35c 942a7d26d81c841f bd0f175ee98c613e ae94d8435a6847f4 b6d0f83aad4e4dc7 b24820ae14e16a24
342,0a49074a4158155b f0d53dcf0c296b57 19b4014943e0ad92 e7dd56376be2cf1c 10ad13170242ecae 1398b478b71773ed 0195950ce0f47e34 522bd6887960c25d 828f5dfbbf1272ee fb8bd6b95eb4702a d216e5458ad70e60 e228204ae08d1355 72b80b099fd64ec4 99e833818ec4bbf2 e1460af4a7044067 4d7653ea9499eed4 db69d4cbfef8d22f f25bfcffedaccf28 7f95168400948588 01b3da54ffb158a0 538c7bb968b2154c 2cebd52b41930f0a ec1b3d7ccd3984d0 a853f13216170123 24c47959ea77b15b 3c565c1fc2316d16 5b4c879fc9c316fb f76f44d372517a9a 964a50d33717c26d 9cf6709de35bf0f3
343,a853f13216170123 3c565c1fc2316d16 24c47959ea77b15b 5b4c879fc9c316fb 4b29fc21f912754d 3e66b4855d0dddbe f48d0fbea7dc2782 cc507a0d6fcf4a1c 4d954d933e606b70 62431fd374eb99fb a76ffccd2f5df1a7 0f4c71d341e2d939 b6e72edcad270be0 ddf332f2b55a2a23 666bdff4faa513ca 66ccd03c9e03ac06 4f2fffd7528de786 172bc0ee09332ae9 a2c35fdf07a13286 486dd77002936dec cea18be9a89d7a81 07f22a7ad7e4711d 6406fcdb7d87b5dc 404031ab9d5977c4 999a52f1d301247c c31a456b544a40a8 238de368bb05c0ec 3fa57d488e979d74 ff88049e61f0f4ef e0269da736ddf004
344,7d83ffe83f61bdc4 bbbd5d2fd957e8f7 49b5678e0d1e5bcd db0e648651f4c92b ae77487a89f2610c 7e4a4a1300b77a06 5430097e23000368 9f27aa36c1ea793c da904d2a54ff8cf2 9b2adcf4041227d7 e7828f0ea9749505 52e459a551d4ac2d d6ed7e4b14c51296 af8e70f978cd5aee 6461a9faa871b3ac 8df3f13d6af34cb3 5057551fc55e9ed2 a1314cd417504572 83f8aca6ee2caabc d72363ddd958d906 238ec735a13a3f09 36d33c41812ce7dc d64c06baf5ef1c90 c810ac016901e8ac b0b5e62a93a2c37c 37001ade0df85823 00d9f8d3f7d412b3 cc861214a89ef1f4 ee3ed9a3f51336cd 3d93a60f990a0a7c
345,6e12311169bcb24c 8abe670908f12614 c96049ed915ced0a 095bb1b6ecbd0a50 ec4ef2f727e7a03f a04d6febd82a4389 bb7515be835dea49 0b0021aa60d05daa d5805cdb9e8f0f48 522bd6887960c25d 828f5dfbbf1272ee a017f3358d5327aa 54f55c74d37db3c0 fb8bd6b95eb4702a d216e5458ad70e60 72b80b099fd64ec4 a292248bb2bffb3d 33856365c271aea4 393f49286db04aeb 99e833818ec4bbf2 ce2fe99a7cda4a17 73391e0853c1e040 e1460af4a7044067 f25bfcffedaccf28 7f95168400948588 01b3da54ffb158a0 40583079f57235a6 538c7bb968b2154c 2cebd52b41930f0a ec1b3d7ccd3984d0
346,238de368bb05c0ec 24c47959ea77b15b 3c565c1fc2316d16 4b29fc21f912754d 3e66b4855d0dddbe f48d0fbea7dc2782 a853f13216170123 5b4c879fc9c316fb 4d954d933e606b70 62431fd374eb99fb 0f4c71d341e2d939 a76ffccd2f5df1a7 b6e72edcad270be0 ddf332f2b55a2a23 66ccd03c9e03ac06 172bc0ee09332ae9 a2c35fdf07a13286 9100ea6cd0e084bf bd0f175ee98c613e 522bd6887960c25d cea18be9a89d7a81 1f4f62844c3cb99c 6406fcdb7d87b5dc 404031ab9d5977c4 cc507a0d6fcf4a1c 2e44fbb8bc3d8d71 016da874bd04df55 bc27d5dc9bab1c18 059bbdbdb843af6a c28bc62802b90f82
347,d92c0298f76ccf77 a853f13216170123 702d8f1064ab3e30 bc27d5dc9bab1c18 016da874bd04df55 c28bc62802b90f82 26fc2a95df5659c2 3c565c1fc2316d16 24c47959ea77b15b 5b4c879fc9c316fb 18b1d2d84c97a364 4b29fc21f912754d 939a1f686ea36c05 a813c15b46ceaf68 bee46c54461925d0 9f4e0d572b1f4e6c 025a148c3a53bd9f 855f2f0354e102c7 5570ef88d970e9b4 fab14d178b24a67f 3b4a85bac6ead3c8 316382267dcd804f fc21db75b354a917 3e66b4855d0dddbe 74244a8703c03720 39f6296778264878 d72363ddd958d906 83f8aca6ee2caabc d64c06baf5ef1c90 36d33c41812ce7dc
348,c03b11a0cdc3fa39 65254e0d209fd66e 7b81f1f2b6ec2e5f 0079f3c74309b582 522bd6887960c25d 3c565c1fc2316d16 24c47959ea77b15b 4b29fc21f912754d 3b6d27775fce1c7b c015590d6a6fe833 3e66b4855d0dddbe a60934e6b473097a 81bd116c786bf9ae f48d0fbea7dc2782 bd713b37b67866c3 54a11cbcd7a32af4 b9d966ad9e04127a 81b639b74256b45b 64b31699d7d15934 5897953fdf87b60f f1a3b8b13e9401c0 0e45c4c185f35df6 395b26d91f98bd92 48a76e3aff69d605 4d954d933e606b70 9fda36f260eec24e 0db6584e3bdfa1c4 62431fd374eb99fb 4f915ad69e1dca36 28a2067685cb3e97
349,29bedd00fb2be056 455fde214d16d350 33856365c271aea4 5989fb934598c1a7 07f22a7ad7e4711d 25a3b47fe31bc6b5 ddb3810e0289c148 387e9cd2e5d4ea7d ebfda3b48083e390 42c9b72cc77dcb28 025a148c3a53bd9f c5830f9d0f1e29e5 7155e5a86136eb02 65708d542bd01f39 57113c2a4cacd961 4d954d933e606b70 095bb1b6ecbd0a50 8643165b0f53df11 3ca7964973437917 eff60ceea8817dad 1f423f368aebf7f3 26fc2a95df5659c2 855f2f0354e102c7 63d95d5977c2fe98 7ee52d2519eea367 44d324ebd3e22ad7 1398b478b71773ed 4d417b203b333363 587e0b2a4811fab1 b6a1c97f19af78d0
350,7d83ffe83f61bdc4 db0e648651f4c92b 49b5678e0d1e5bcd bbbd5d2fd957e8f7 ae77487a89f2610c 7e4a4a1300b77a06 5430097e23000368 1ba7a50457e93996 9f27aa36c1ea793c da904d2a54ff8cf2 d6ed7e4b14c51296 9b2adcf4041227d7 52e459a551d4ac2d e7828f0ea9749505 af8e70f978cd5aee 6461a9faa871b3ac 8df3f13d6af34cb3 5057551fc55e9ed2 a1314cd417504572 d72363ddd958d906 83f8aca6ee2caabc 238ec735a13a3f09 c810ac016901e8ac 36d33c41812ce7dc d64c06baf5ef1c90 b0b5e62a93a2c37c 37001ade0df85823 00d9f8d3f7d412b3 cc861214a89ef1f4 ee3ed9a3f51336cd
351,1d72229ebcc00faf 4beacc71024f8b08 72b80b099fd64ec4 7f95168400948588 f25bfcffedaccf28 2cebd52b41930f0a 16b11706660177ff e8ad5e31484ef889 5547f9f1638ac345 45bd99d5d2eef776 0a49074a4158155b ca43e349133fc0e3 f0d53dcf0c296b57 6899956cd6c683f0 19e8f436d4b2fc25 cc0c9419f8a20603 19b4014943e0ad92 b84b6c0b2e4d0306 b05b5f6850cfa158 c11b97f245a9dfd0 52aa48c07b34dc88 0add47a043c64d7f 92f42fbd0c38f7fd e7dd56376be2cf1c aa967ad3c1f65a29 43c354dbf952caaa 10ad13170242ecae a0566ca9daca7778 1398b478b71773ed 0195950ce0f47e34
352,99e833818ec4bbf2 01b3da54ffb158a0 061f3e1feeaa3094 4d32dae7b43c489a 88b62355670ec8f8 d7d937303a6d5a9d a65e30106ea50423 aa0789b403bcd839 87c5481930cfe126 65ad9c583823162d dc12cc503ac0eddb 65708d542bd01f39 f209d29f991432f0 a5d5ba33b5b1dc95 0647acc4602d4e8f 455fde214d16d350 43b3338423d7386c fa173131f15f5534 29968e8fd13539f8 f49e13a653cbdad2 01e5a6edcee7deb0 1c3b74a02a86467d 0772e3ab293a1f30 3e8e56f639a5db5b 22756be6fd061d4c 95166957b2c38794 bc2ae5f4e5d53e00 e6a29676c096f8e8 1efd7bd8a34a1359 4e966bb2768c2b8a
353,538c7bb968b2154c 73f770f2643a2135 a18df74d3a16e9c0 d3c4a7db726191e0 07d688f5e2142b87 a2805ed52b47b8ec b26d8664feb18c8c ce0f56b7190c268a 97d696011258825c 522bd6887960c25d f29eee8054c061e1 01ecc81f6341e902 acf5cb026b3c4551 eff60ceea8817dad 3c565c1fc2316d16 24c47959ea77b15b a017f3358d5327aa 4b29fc21f912754d 5879096a38d69fc5 c015590d6a6fe833 3b6d27775fce1c7b 3e66b4855d0dddbe a60934e6b473097a 0195950ce0f47e34 81bd116c786bf9ae f48d0fbea7dc2782 bd713b37b67866c3 54a11cbcd7a32af4 b9d966ad9e04127a 81b639b74256b45b
354,d73a65673e3f1d78 128d583954b18074 fc16a50ff0baec53 4d29c6922b2d0d56 af41e2b6da3e7e02 1c3b74a02a86467d ced9c56f2be86774 bc2552a642ce8497 919b1679fffa7ef1 98dbd15aa33ebc18 00e1e2eb13f650e4 522bd6887960c25d 24c47959ea77b15b 3c565c1fc2316d16 4b29fc21f912754d 3b6d27775fce1c7b c015590d6a6fe833 3e66b4855d0dddbe a60934e6b473097a 81bd116c786bf9ae f48d0fbea7dc2782 bd713b37b67866c3 54a11cbcd7a32af4 b9d966ad9e04127a 81b639b74256b45b 64b31699d7d15934 5897953fdf87b60f f1a3b8b13e9401c0 0e45c4c185f35df6 395b26d91f98bd92
355,64c2e323906b42d3 b1dcaca98bb76736 2e4b00c01d58e79e 3b6d27775fce1c7b c015590d6a6fe833 c143c095983a65c2 50806199c80e215c 8643165b0f53df11 e9c20b67a4c5395f 83b911ff0ff45844 4f915ad69e1dca36 28a2067685cb3e97 35488b3b8b781278 8dedff0a79784abc 50cb6a6c60ad711a 0f33ce8d8014f308 24e582daf6f87158 0451447dd64f6284 52370bea1acd0600 d1e21234d7cc61d2 3a6e7894dde31c67 285657fcdf89f00d b6a1c97f19af78d0 7c8324ce28ffb96e d73a65673e3f1d78 522bd6887960c25d 828f5dfbbf1272ee d216e5458ad70e60 fb8bd6b95eb4702a e228204ae08d1355
356,c08c3765ac609cc0 74e59c5820900b17 522bd6887960c25d 05f23e7d05dbf7c2 2359719a0f40ffac 54f55c74d37db3c0 44d324ebd3e22ad7 3c565c1fc2316d16 24c47959ea77b15b 4b29fc21f912754d 0d0368139e9a647f 3b6d27775fce1c7b c015590d6a6fe833 42a5cae2a3a45557 3e66b4855d0dddbe 8d58da0e1800dc96 bed3e73d52011f68 a60934e6b473097a 5b34da30b93eb123 65fac1ba1840000f dac29ed8400b50cc 2a06f5614060e3b6 e14a893f1918277e 00140806971e7a73 a9eef13786610446 b749972436ac9791 f2234bb7ce0c6f59 f705b637f624147e 2810fb6f81d1711c 81bd116c786bf9ae
357,d73a65673e3f1d78 128d583954b18074 47fbe21f5c35c7b4 52370bea1acd0600 4d7653ea9499eed4 9a0f5ee4f845c9b2 0bcaac840d5e66d7 c28bc62802b90f82 702d8f1064ab3e30 3986b68500d7704b c31a456b544a40a8 ff88049e61f0f4ef e0269da736ddf004 bd713b37b67866c3 fd30682593995748 2a06f5614060e3b6 39f6296778264878 e25a1da6ca187350 3fa57d488e979d74 e7cad3748e50b0f8 0708923badf2ff5d 734dabb98795c35c 942a7d26d81c841f bd0f175ee98c613e ae94d8435a6847f4 b6d0f83aad4e4dc7 b24820ae14e16a24 bbbd5d2fd957e8f7 4b8c7061102517ef af8e70f978cd5aee
358,45630e1451157ff3 ec1b3d7ccd3984d0 0a79fabc6f5d93c9 34a62e66e05f9a44 27bc34b9887bec0d 4fe9e4e55585ba4b 48f93f9c2c699e19 3cb6b40d377e7ca8 e22c35101e190db9 8699cc5dd4159b69 25145708d494530b 7155e5a86136eb02 09bbaa171c20bae3 03dfe518713e006c 3d6880bd12f6613f 522bd6887960c25d 828f5dfbbf1272ee d216e5458ad70e60 fb8bd6b95eb4702a e228204ae08d1355 72b80b099fd64ec4 99e833818ec4bbf2 e1460af4a7044067 4d7653ea9499eed4 db69d4cbfef8d22f f25bfcffedaccf28 7f95168400948588 01b3da54ffb158a0 538c7bb968b2154c 2cebd52b41930f0a
359,b371170568146b12 00e1e2eb13f650e4 47fbe21f5c35c7b4 52370bea1acd0600 4d7653ea9499eed4 9a0f5ee4f845c9b2 0bcaac840d5e66d7 c28bc62802b90f82 702d8f1064ab3e30 3986b68500d7704b bbbd5d2fd957e8f7 ff88049e61f0f4ef e0269da736ddf004 bd713b37b67866c3 fd30682593995748 2a06f5614060e3b6 39f6296778264878 e25a1da6ca187350 3fa57d488e979d74 e7cad3748e50b0f8 0708923badf2ff5d 734dabb98795c35c 942a7d26d81c841f bd0f175ee98c613e ae94d8435a6847f4 b6d0f83aad4e4dc7 b24820ae14e16a24 cea18be9a89d7a81 4b8c7061102517ef af8e70f978cd5aee
360,29bedd00fb2be056 455fde214d16d350 33856365c271aea4 5989fb934598c1a7 07f22a7ad7e4711d 25a3b47fe31bc6b5 ddb3810e0289c148 387e9cd2e5d4ea7d ebfda3b48083e390 42c9b72cc77dcb28 025a148c3a53bd9f c5830f9d0f1e29e5 7155e5a86136eb02 65708d542bd01f39 57113c2a4cacd961 4d954d933e606b70 095bb1b6ecbd0a50 8643165b0f53df11 3ca7964973437917 eff60ceea8817dad 1f423f368aebf7f3 26fc2a95df5659c2 855f2f0354e102c7 63d95d5977c2fe98 7ee52d2519eea367 44d324ebd3e22ad7 1398b478b71773ed 4d417b203b333363 587e0b2a4811fab1 b6a1c97f19af78d0
361,4b05967001421eab 1d12acf7349196b0 522bd6887960c25d 24c47959ea77b15b 3c565c1fc2316d16 4b29fc21f912754d c015590d6a6fe833 3b6d27775fce1c7b 3e66b4855d0dddbe a60934e6b473097a 81bd116c786bf9ae f48d0fbea7dc2782 bd713b37b67866c3 54a11cbcd7a32af4 b9d966ad9e04127a 81b639b74256b45b 64b31699d7d15934 5897953fdf87b60f f1a3b8b13e9401c0 0e45c4c185f35df6 395b26d91f98bd92 48a76e3aff69d605 4d954d933e606b70 9fda36f260eec24e 0db6584e3bdfa1c4 62431fd374eb99fb 4f915ad69e1dca36 28a2067685cb3e97 0f4c71d341e2d939 a76ffccd2f5df1a7
362,39075e303166355e 5570ef88d970e9b4 da011b87595c1019 39f6296778264878 ae94d8435a6847f4 430feb4826a5632e 65fac1ba1840000f f705b637f624147e 047769588be1aea9 4a5ac473c9d176ba bf3ccaba4a3450a8 47fbe21f5c35c7b4 351c9da399c2b915 522bd6887960c25d 2901e5309bb3f8f6 5c4b7558c942a224 24c47959ea77b15b 3c565c1fc2316d16 72c2a95813ea72bd 4b29fc21f912754d 6aac5e116b75aa22 e7dd56376be2cf1c c015590d6a6fe833 3b6d27775fce1c7b 3e66b4855d0dddbe a60934e6b473097a 81bd116c786bf9ae f48d0fbea7dc2782 bd713b37b67866c3 54a11cbcd7a32af4
363,5867d40811c0229f 964a50d33717c26d 6a3919ad9ed8197e feddfcf56818968e 522bd6887960c25d b24820ae14e16a24 0bcaac840d5e66d7 96445bec1579ec97 ced9c56f2be86774 781f4d0147aef776 9fbffc521da97c54 24c47959ea77b15b 3c565c1fc2316d16 4b29fc21f912754d 3b6d27775fce1c7b c015590d6a6fe833 3e66b4855d0dddbe a60934e6b473097a 81bd116c786bf9ae f48d0fbea7dc2782 bd713b37b67866c3 54a11cbcd7a32af4 b9d966ad9e04127a 81b639b74256b45b 64b31699d7d15934 5897953fdf87b60f f1a3b8b13e9401c0 0e45c4c185f35df6 395b26d91f98bd92 48a76e3aff69d605
364,4f2fffd7528de786 a04d6febd82a4389 bb7515be835dea49 d5805cdb9e8f0f48 0b0021aa60d05daa 33856365c271aea4 a292248bb2bffb3d 393f49286db04aeb 73391e0853c1e040 c143c095983a65c2 5b4c879fc9c316fb 538c7bb968b2154c 2cebd52b41930f0a 666bdff4faa513ca 66ccd03c9e03ac06 16b11706660177ff 061f3e1feeaa3094 4d32dae7b43c489a a2c35fdf07a13286 0a79fabc6f5d93c9 3e66b4855d0dddbe b6cdb608f640e038 0451447dd64f6284 d7d937303a6d5a9d ffa9091747ae2466 095bb1b6ecbd0a50 ec4ef2f727e7a03f c6b615b2589e036d 35488b3b8b781278 3b6d27775fce1c7b
365,b0bfe0f426275870 b78189788d563693 46315cf30aaee51c da011b87595c1019 b6cdb608f640e038 0b774cf90856c4da fd30682593995748 9d5edf3b993fee50 2b48ab08c915c0ad 39f6296778264878 52e459a551d4ac2d da904d2a54ff8cf2 e7828f0ea9749505 d6ed7e4b14c51296 9b2adcf4041227d7 7d83ffe83f61bdc4 f05fa5f57dc03e81 74873b42602d8958 7cea1f637ea3f37d 0cd920bad11c716d 8dc313a2cf9da354 238ec735a13a3f09 d64c06baf5ef1c90 c810ac016901e8ac 36d33c41812ce7dc b7d7d9ae1cbe0d8a d64c7c3b658689f4 5bf89d11a25121d9 047769588be1aea9 3d93a60f990a0a7c
366,522bd6887960c25d 3c565c1fc2316d16 24c47959ea77b15b 4b29fc21f912754d 3b6d27775fce1c7b c015590d6a6fe833 3e66b4855d0dddbe a60934e6b473097a 81bd116c786bf9ae f48d0fbea7dc2782 bd713b37b67866c3 54a11cbcd7a32af4 b9d966ad9e04127a 81b639b74256b45b 64b31699d7d15934 5897953fdf87b60f f1a3b8b13e9401c0 0e45c4c185f35df6 395b26d91f98bd92 48a76e3aff69d605 4d954d933e606b70 9fda36f260eec24e 0db6584e3bdfa1c4 62431fd374eb99fb 4f915ad69e1dca36 28a2067685cb3e97 0f4c71d341e2d939 a76ffccd2f5df1a7 8dedff0a79784abc 50cb6a6c60ad711a
367,0708923badf2ff5d b0e254dd420faee3 0eedb1a0d3b8ddae 6ae470a7c9ec20fd 52370bea1acd0600 4d7653ea9499eed4 9a0f5ee4f845c9b2 0bcaac840d5e66d7 c28bc62802b90f82 47fbe21f5c35c7b4 3986b68500d7704b 3fa57d488e979d74 ff88049e61f0f4ef e0269da736ddf004 bd713b37b67866c3 fd30682593995748 2a06f5614060e3b6 39f6296778264878 702d8f1064ab3e30 e7cad3748e50b0f8 734dabb98795c35c 942a7d26d81c841f bd0f175ee98c613e ae94d8435a6847f4 b6d0f83aad4e4dc7 b24820ae14e16a24 622f2e4119882c94 bbbd5d2fd957e8f7 af8e70f978cd5aee 5ebb4d2f5f1c1f13
368,63d509cd2a2e0e47 07be6a290720707d e8ad5e31484ef889 1398b478b71773ed a853f13216170123 3c565c1fc2316d16 24c47959ea77b15b 5b4c879fc9c316fb 4b29fc21f912754d 3e66b4855d0dddbe f48d0fbea7dc2782 cc507a0d6fcf4a1c 4d954d933e606b70 62431fd374eb99fb 0f4c71d341e2d939 a76ffccd2f5df1a7 b6e72edcad270be0 ddf332f2b55a2a23 666bdff4faa513ca 66ccd03c9e03ac06 4f2fffd7528de786 172bc0ee09332ae9 a2c35fdf07a13286 486dd77002936dec cea18be9a89d7a81 07f22a7ad7e4711d 6406fcdb7d87b5dc 404031ab9d5977c4 999a52f1d301247c c31a456b544a40a8
369,204ec91c39d1479d cc2cc23a98c14c33 47fbe21f5c35c7b4 52370bea1acd0600 4d7653ea9499eed4 9a0f5ee4f845c9b2 0bcaac840d5e66d7 c28bc62802b90f82 bbbd5d2fd957e8f7 3986b68500d7704b 3fa57d488e979d74 ff88049e61f0f4ef e0269da736ddf004 bd713b37b67866c3 fd30682593995748 2a06f5614060e3b6 39f6296778264878 e25a1da6ca187350 702d8f1064ab3e30 e7cad3748e50b0f8 0708923badf2ff5d 734dabb98795c35c 942a7d26d81c841f bd0f175ee98c613e ae94d8435a6847f4 b6d0f83aad4e4dc7 b24820ae14e16a24 cea18be9a89d7a81 4b8c7061102517ef af8e70f978cd5aee
370,9fda36f260eec24e 7ee52d2519eea367 20db73cf07a45f71 42bb83d7c4b9ecae 05e4165a56bf50eb 95d25d38ba7df9c7 b6a1c97f19af78d0 522bd6887960c25d a60934e6b473097a 3c565c1fc2316d16 24c47959ea77b15b 81bd116c786bf9ae 4b29fc21f912754d bd713b37b67866c3 54a11cbcd7a32af4 b9d966ad9e04127a 3b6d27775fce1c7b c015590d6a6fe833 81b639b74256b45b 3e66b4855d0dddbe 64b31699d7d15934 f1a3b8b13e9401c0 395b26d91f98bd92 39075e303166355e 66ccd03c9e03ac06 f48d0fbea7dc2782 a2c35fdf07a13286 59c231f8fd21260c 5897953fdf87b60f 5570ef88d970e9b4
371,29bedd00fb2be056 455fde214d16d350 33856365c271aea4 5989fb934598c1a7 07f22a7ad7e4711d 25a3b47fe31bc6b5 ddb3810e0289c148 387e9cd2e5d4ea7d ebfda3b48083e390 42c9b72cc77dcb28 025a148c3a53bd9f c5830f9d0f1e29e5 7155e5a86136eb02 65708d542bd01f39 57113c2a4cacd961 4d954d933e606b70 095bb1b6ecbd0a50 8643165b0f53df11 3ca7964973437917 eff60ceea8817dad 1f423f368aebf7f3 26fc2a95df5659c2 855f2f0354e102c7 63d95d5977c2fe98 7ee52d2519eea367 44d324ebd3e22ad7 1398b478b71773ed 4d417b203b333363 587e0b2a4811fab1 b6a1c97f19af78d0
372,8b7c486a910dd004 c05f45f86d0771d5 cec2eea2a1fe566a 9100ea6cd0e084bf bd0f175ee98c613e 1f4f62844c3cb99c 2e44fbb8bc3d8d71 059bbdbdb843af6a bc27d5dc9bab1c18 016da874bd04df55 c28bc62802b90f82 26fc2a95df5659c2 18b1d2d84c97a364 025a148c3a53bd9f 5570ef88d970e9b4 fab14d178b24a67f 8f578001f9d5f543 316382267dcd804f fc21db75b354a917 74244a8703c03720 39f6296778264878 bed3e73d52011f68 d92c0298f76ccf77 6cb9ab508a0678a0 2820628e65a062e2 d72363ddd958d906 83f8aca6ee2caabc d64c06baf5ef1c90 36d33c41812ce7dc c810ac016901e8ac
373,0195950ce0f47e34 00d9eb862ba3dfc6 d73a65673e3f1d78 128d583954b18074 47fbe21f5c35c7b4 52370bea1acd0600 4d7653ea9499eed4 9a0f5ee4f845c9b2 0bcaac840d5e66d7 c28bc62802b90f82 702d8f1064ab3e30 3986b68500d7704b bbbd5d2fd957e8f7 ff88049e61f0f4ef e0269da736ddf004 bd713b37b67866c3 fd30682593995748 2a06f5614060e3b6 39f6296778264878 3fa57d488e979d74 e7cad3748e50b0f8 0708923badf2ff5d 734dabb98795c35c 942a7d26d81c841f bd0f175ee98c613e ae94d8435a6847f4 b6d0f83aad4e4dc7 b24820ae14e16a24 cea18be9a89d7a81 4b8c7061102517ef
374,522bd6887960c25d 828f5dfbbf1272ee d216e5458ad70e60 fb8bd6b95eb4702a e228204ae08d1355 72b80b099fd64ec4 99e833818ec4bbf2 e1460af4a7044067 4d7653ea9499eed4 db69d4cbfef8d22f f25bfcffedaccf28 7f95168400948588 01b3da54ffb158a0 538c7bb968b2154c 2cebd52b41930f0a ec1b3d7ccd3984d0 a853f13216170123 3c565c1fc2316d16 24c47959ea77b15b 5b4c879fc9c316fb f76f44d372517a9a 964a50d33717c26d 9cf6709de35bf0f3 d980375fbd40c75f 16b11706660177ff 061f3e1feeaa3094 4d32dae7b43c489a 0a79fabc6f5d93c9 4b29fc21f912754d f105a53e5cfae611
375,828f5dfbbf1272ee e228204ae08d1355 e1460af4a7044067 4d7653ea9499eed4 d980375fbd40c75f 939a1f686ea36c05 1d0f5fdc58e3efb5 eab15ee21e126f6a 96e82fa141db9a4b 366a22fce0614fb8 bf973f9ec3600199 8566d15270eb5e83 26140b225c4f8d3f fb2ebcb5335ad2e2 a492bd402afd5c71 8e0760918e88e4a9 5c8c6d9a1fd4c1e0 e878efab7c37179e 9269d2b0d877352d a860b682add9de1c 877672967d3f70bb 50806199c80e215c 95ecdbff44ad0b60 5d26da95786b3a3a 1a05ef8c93af8eed 587e0b2a4811fab1 4b05967001421eab c36c2dce0e6e434f e740c80fce094788 cb3e4ce97e7f2881
376,428f9363fa35882d 00e1e2eb13f650e4 63d509cd2a2e0e47 07be6a290720707d e8ad5e31484ef889 1398b478b71773ed d73a65673e3f1d78 9a0f5ee4f845c9b2 0bcaac840d5e66d7 c28bc62802b90f82 702d8f1064ab3e30 3986b68500d7704b 3fa57d488e979d74 e25a1da6ca187350 ff88049e61f0f4ef 4d7653ea9499eed4 e0269da736ddf004 bd713b37b67866c3 fd30682593995748 39f6296778264878 2a06f5614060e3b6 c31a456b544a40a8 0708923badf2ff5d 734dabb98795c35c 942a7d26d81c841f bd0f175ee98c613e ae94d8435a6847f4 b6d0f83aad4e4dc7 b24820ae14e16a24 622f2e4119882c94
377,0772e3ab293a1f30 99e833818ec4bbf2 01b3da54ffb158a0 061f3e1feeaa3094 4d32dae7b43c489a 88b62355670ec8f8 d7d937303a6d5a9d a65e30106ea50423 aa0789b403bcd839 87c5481930cfe126 65ad9c583823162d dc12cc503ac0eddb 65708d542bd01f39 f209d29f991432f0 a5d5ba33b5b1dc95 0647acc4602d4e8f 455fde214d16d350 43b3338423d7386c fa173131f15f5534 29968e8fd13539f8 f49e13a653cbdad2 01e5a6edcee7deb0 1c3b74a02a86467d 3e8e56f639a5db5b 22756be6fd061d4c 95166957b2c38794 bc2ae5f4e5d53e00 e6a29676c096f8e8 1efd7bd8a34a1359 4e966bb2768c2b8a
378,db69d4cbfef8d22f f76f44d372517a9a 9cf6709de35bf0f3 f2e30efbd27bee51 f44f74b3451aa593 c5830f9d0f1e29e5 3734d3b0b9232538 bbbd5d2fd957e8f7 47fbe21f5c35c7b4 52370bea1acd0600 4d7653ea9499eed4 9a0f5ee4f845c9b2 0bcaac840d5e66d7 cea18be9a89d7a81 702d8f1064ab3e30 3986b68500d7704b 3fa57d488e979d74 ff88049e61f0f4ef e0269da736ddf004 bd713b37b67866c3 fd30682593995748 2a06f5614060e3b6 c28bc62802b90f82 0708923badf2ff5d 734dabb98795c35c 942a7d26d81c841f bd0f175ee98c613e ae94d8435a6847f4 b6d0f83aad4e4dc7 b24820ae14e16a24
379,5547f9f1638ac345 88b62355670ec8f8 eab15ee21e126f6a b84b6c0b2e4d0306 0add47a043c64d7f 4b05967001421eab 43b3338423d7386c 97d696011258825c f49e13a653cbdad2 01e5a6edcee7deb0 42bb83d7c4b9ecae 522bd6887960c25d 828f5dfbbf1272ee 419b5dc40744fb9b 095bb1b6ecbd0a50 ec4ef2f727e7a03f d216e5458ad70e60 fb8bd6b95eb4702a 72b80b099fd64ec4 99e833818ec4bbf2 eff60ceea8817dad d5805cdb9e8f0f48 0b0021aa60d05daa bb7515be835dea49 a04d6febd82a4389 e1460af4a7044067 7f95168400948588 f25bfcffedaccf28 01b3da54ffb158a0 54f55c74d37db3c0
380,a017f3358d5327aa d73a65673e3f1d78 128d583954b18074 52370bea1acd0600 4d7653ea9499eed4 9a0f5ee4f845c9b2 0bcaac840d5e66d7 c28bc62802b90f82 702d8f1064ab3e30 3986b68500d7704b c31a456b544a40a8 ff88049e61f0f4ef e0269da736ddf004 bd713b37b67866c3 fd30682593995748 2a06f5614060e3b6 39f6296778264878 e25a1da6ca187350 3fa57d488e979d74 e7cad3748e50b0f8 0708923badf2ff5d 734dabb98795c35c 942a7d26d81c841f bd0f175ee98c613e ae94d8435a6847f4 b6d0f83aad4e4dc7 b24820ae14e16a24 622f2e4119882c94 47fbe21f5c35c7b4 af8e70f978cd5aee
381,d72363ddd958d906 83f8aca6ee2caabc c810ac016901e8ac d64c06baf5ef1c90 36d33c41812ce7dc cc861214a89ef1f4 3d93a60f990a0a7c a677c3a76055a6d2 f28fb3d9880c5d4c 453bc79164d57a01 2dd12c230ab22555 b8e2f75014710ced 2bafd15871caae91 6e1b6b53c9710940 059bbdbdb843af6a e5fb8dc5c9cb4a19 4105533fe46dfba9 42c9b72cc77dcb28 8b7c486a910dd004 cba7e22bb383083a 9f27aa36c1ea793c da904d2a54ff8cf2 d6ed7e4b14c51296 e7828f0ea9749505 52e459a551d4ac2d 9b2adcf4041227d7 7d83ffe83f61bdc4 0c2eeab1e4ce1db8 af8e70f978cd5aee 6461a9faa871b3ac
382,fc8971756f9ec194 059bbdbdb843af6a bd0f175ee98c613e 9100ea6cd0e084bf 1f4f62844c3cb99c d72363ddd958d906 83f8aca6ee2caabc 0b774cf90856c4da 9d5edf3b993fee50 2b48ab08c915c0ad fd30682593995748 2e44fbb8bc3d8d71 453bc79164d57a01 120e745e2961b5d5 9c9a9d45c2ea7ddf 64907c4568244eb4 bc27d5dc9bab1c18 016da874bd04df55 c28bc62802b90f82 26fc2a95df5659c2 18b1d2d84c97a364 a84cd36608cb8665 025a148c3a53bd9f 5570ef88d970e9b4 fab14d178b24a67f 8f578001f9d5f543 8b7c486a910dd004 316382267dcd804f fc21db75b354a917 74244a8703c03720
383,c14d5b16840d3032 d73a65673e3f1d78 128d583954b18074 c31a456b544a40a8 4d7653ea9499eed4 9a0f5ee4f845c9b2 0bcaac840d5e66d7 c28bc62802b90f82 702d8f1064ab3e30 3986b68500d7704b 3fa57d488e979d74 ff88049e61f0f4ef e0269da736ddf004 bd713b37b67866c3 fd30682593995748 2a06f5614060e3b6 39f6296778264878 e25a1da6ca187350 52370bea1acd0600 e7cad3748e50b0f8 0708923badf2ff5d 734dabb98795c35c 942a7d26d81c841f bd0f175ee98c613e ae94d8435a6847f4 b6d0f83aad4e4dc7 b24820ae14e16a24 622f2e4119882c94 47fbe21f5c35c7b4 af8e70f978cd5aee
384,52370bea1acd0600 c015590d6a6fe833 3b6d27775fce1c7b a60934e6b473097a 285657fcdf89f00d 0451447dd64f6284 b6a1c97f19af78d0 c143c095983a65c2 f1a3b8b13e9401c0 395b26d91f98bd92 4f915ad69e1dca36 28a2067685cb3e97 50cb6a6c60ad711a 8dedff0a79784abc 24e582daf6f87158 aa0789b403bcd839 522bd6887960c25d b84b6c0b2e4d0306 7c8324ce28ffb96e e9c20b67a4c5395f 50806199c80e215c e740c80fce094788 b2ee9eea2d974c90 35488b3b8b781278 404031ab9d5977c4 cb3e4ce97e7f2881 133b04350c75770b 48cf88c17ff38c5e 2e79d45ba4d1540d 3c565c1fc2316d16
385,f76f44d372517a9a db69d4cbfef8d22f 9cf6709de35bf0f3 c5830f9d0f1e29e5 ec4ef2f727e7a03f 095bb1b6ecbd0a50 f46601a9955f9949 8fc68213b63951dc b3ad55963554f220 528161039994b4dc 942a7d26d81c841f 8faeacf8ca08f62d eec6b281e236b500 bd0f175ee98c613e 9100ea6cd0e084bf 522bd6887960c25d 54f55c74d37db3c0 393f49286db04aeb a292248bb2bffb3d 33856365c271aea4 b0bfe0f426275870 5b16bae6a0de7c88 1ba7a50457e93996 ce2fe99a7cda4a17 636224e349e561bf 955e465ce0788ea6 abf90e759d208468 e1460af4a7044067 f2e30efbd27bee51 4d7653ea9499eed4
386,1fe79c7de59ff6c6 0add47a043c64d7f ba5199dba342af68 e403278468d84383 e25a1da6ca187350 c1f2e3a76d388944 e8b87ed7db1bcb1f 3c0873ce078d332b ca4de5b8a7bda9df 63d509cd2a2e0e47 1dc7139adba034ec 83b911ff0ff45844 d1e21234d7cc61d2 522bd6887960c25d 828f5dfbbf1272ee fb8bd6b95eb4702a d216e5458ad70e60 72b80b099fd64ec4 99e833818ec4bbf2 e1460af4a7044067 f25bfcffedaccf28 7f95168400948588 07be6a290720707d 01b3da54ffb158a0 538c7bb968b2154c 2cebd52b41930f0a ec1b3d7ccd3984d0 e8ad5e31484ef889 9cf6709de35bf0f3 095bb1b6ecbd0a50
387,09660f466b38b7ba 0d0368139e9a647f 72403ecdfe02bba6 70776cdd9bb3b7d4 00140806971e7a73 f2234bb7ce0c6f59 b749972436ac9791 a9eef13786610446 5b16bae6a0de7c88 0fbd0f422e926816 73391e0853c1e040 abf90e759d208468 387e9cd2e5d4ea7d f58ff7f1a6cde683 05f23e7d05dbf7c2 46b99f864d6a075a b29ab87af6ea6310 8d58da0e1800dc96 01020d1b0821f4c7 f9c6286cff30aaa8 f705b637f624147e a14394322cf7043d e7cad3748e50b0f8 4a5ac473c9d176ba b6d0f83aad4e4dc7 64267373570e4ea3 c08c3765ac609cc0 636224e349e561bf 12af6a34778710db ac9ee0c09b538140
388,09bbaa171c20bae3 ec1b3d7ccd3984d0 0a79fabc6f5d93c9 27bc34b9887bec0d 48f93f9c2c699e19 3cb6b40d377e7ca8 e22c35101e190db9 a813c15b46ceaf68 ec4ef2f727e7a03f 095bb1b6ecbd0a50 a853f13216170123 45630e1451157ff3 522bd6887960c25d 4b29fc21f912754d 939a1f686ea36c05 9f4e0d572b1f4e6c 54f55c74d37db3c0 a292248bb2bffb3d 393f49286db04aeb 33856365c271aea4 855f2f0354e102c7 ce2fe99a7cda4a17 e1460af4a7044067 7f95168400948588 f25bfcffedaccf28 01b3da54ffb158a0 40583079f57235a6 447fc00f40d71d08 34a62e66e05f9a44 16b11706660177ff
389,a017f3358d5327aa 095bb1b6ecbd0a50 ec4ef2f727e7a03f bb7515be835dea49 a04d6febd82a4389 d5805cdb9e8f0f48 0b0021aa60d05daa 522bd6887960c25d 828f5dfbbf1272ee 54f55c74d37db3c0 fb8bd6b95eb4702a d216e5458ad70e60 72b80b099fd64ec4 33856365c271aea4 a292248bb2bffb3d 393f49286db04aeb 99e833818ec4bbf2 ce2fe99a7cda4a17 73391e0853c1e040 e1460af4a7044067 f25bfcffedaccf28 7f95168400948588 01b3da54ffb158a0 40583079f57235a6 538c7bb968b2154c 2cebd52b41930f0a ec1b3d7ccd3984d0 9cf6709de35bf0f3 16b11706660177ff 4d32dae7b43c489a
390,eff60ceea8817dad 22756be6fd061d4c 538c7bb968b2154c 73f770f2643a2135 a18df74d3a16e9c0 d3c4a7db726191e0 07d688f5e2142b87 a2805ed52b47b8ec b26d8664feb18c8c ce0f56b7190c268a 97d696011258825c f29eee8054c061e1 01ecc81f6341e902 acf5cb026b3c4551 5879096a38d69fc5 00e1e2eb13f650e4 702d8f1064ab3e30 39f6296778264878 3986b68500d7704b 3fa57d488e979d74 c28bc62802b90f82 e0269da736ddf004 bd713b37b67866c3 fd30682593995748 2a06f5614060e3b6 ff88049e61f0f4ef bd0f175ee98c613e b6d0f83aad4e4dc7 b24820ae14e16a24 622f2e4119882c94
391,bfb8032f2183d471 bee46c54461925d0 2e4b00c01d58e79e 419b5dc40744fb9b 4535ce2e3dced00f 83f8f2fc471cad74 6204e398d8c7f888 4577ae048ef1967d 4bed80e56ea2e099 57113c2a4cacd961 b2ee9eea2d974c90 050544c040f46152 7c98dedd223b36c0 8643165b0f53df11 eec6b281e236b500 4491016efed845f1 e228204ae08d1355 702d8f1064ab3e30 ce2fe99a7cda4a17 abf90e759d208468 4d7653ea9499eed4 db69d4cbfef8d22f a813c15b46ceaf68 18b1d2d84c97a364 f76f44d372517a9a 964a50d33717c26d 9cf6709de35bf0f3 d980375fbd40c75f 939a1f686ea36c05 855f2f0354e102c7
392,10ad13170242ecae 4a5ac473c9d176ba e7dd56376be2cf1c 72b80b099fd64ec4 f25bfcffedaccf28 7f95168400948588 2cebd52b41930f0a 16b11706660177ff 5547f9f1638ac345 45bd99d5d2eef776 ca43e349133fc0e3 19e8f436d4b2fc25 6899956cd6c683f0 cc0c9419f8a20603 b84b6c0b2e4d0306 b05b5f6850cfa158 a60934e6b473097a c11b97f245a9dfd0 52aa48c07b34dc88 0add47a043c64d7f 40583079f57235a6 92f42fbd0c38f7fd 522bd6887960c25d 1d72229ebcc00faf 43c354dbf952caaa c015590d6a6fe833 3b6d27775fce1c7b 828f5dfbbf1272ee ec4ef2f727e7a03f 095bb1b6ecbd0a50
393,3d6880bd12f6613f ec4ef2f727e7a03f 095bb1b6ecbd0a50 bb7515be835dea49 a04d6febd82a4389 0b0021aa60d05daa d5805cdb9e8f0f48 522bd6887960c25d 828f5dfbbf1272ee 54f55c74d37db3c0 d216e5458ad70e60 fb8bd6b95eb4702a 72b80b099fd64ec4 33856365c271aea4 a292248bb2bffb3d 393f49286db04aeb 99e833818ec4bbf2 ce2fe99a7cda4a17 73391e0853c1e040 e1460af4a7044067 7f95168400948588 f25bfcffedaccf28 01b3da54ffb158a0 40583079f57235a6 538c7bb968b2154c 2cebd52b41930f0a ec1b3d7ccd3984d0 9cf6709de35bf0f3 16b11706660177ff 4d32dae7b43c489a
394,e8ad5e31484ef889 d216e5458ad70e60 fb8bd6b95eb4702a 955e465ce0788ea6 aa967ad3c1f65a29 73f770f2643a2135 34a62e66e05f9a44 d63b7f083330247f b6e646c13d0753ae 29bedd00fb2be056 e8684734f2e587bd 8a5635c748344d47 3ca7964973437917 60a070db9f1869b5 8bf446c0455e3c5c b69ce8b8154645f8 5ebb4d2f5f1c1f13 5fb2d8e734956af0 01ecc81f6341e902 d5952b2e031c4e7e 622f2e4119882c94 da7d3c2d591c4295 a52df8083c238c46 22756be6fd061d4c 49224aca40e6e5e3 ac9ee0c09b538140 bf3ccaba4a3450a8 a982b5c3aed39396 522bd6887960c25d 828f5dfbbf1272ee
395,9f27aa36c1ea793c 9b2adcf4041227d7 d6ed7e4b14c51296 e7828f0ea9749505 52e459a551d4ac2d da904d2a54ff8cf2 7d83ffe83f61bdc4 af8e70f978cd5aee 6461a9faa871b3ac 8df3f13d6af34cb3 a1314cd417504572 5057551fc55e9ed2 d72363ddd958d906 83f8aca6ee2caabc 238ec735a13a3f09 c810ac016901e8ac d64c06baf5ef1c90 36d33c41812ce7dc db0e648651f4c92b bbbd5d2fd957e8f7 49b5678e0d1e5bcd ae77487a89f2610c b0b5e62a93a2c37c 37001ade0df85823 00d9f8d3f7d412b3 cc861214a89ef1f4 ee3ed9a3f51336cd 3d93a60f990a0a7c 7e4a4a1300b77a06 f28fb3d9880c5d4c
396,0e45c4c185f35df6 522bd6887960c25d 3c565c1fc2316d16 24c47959ea77b15b 4b29fc21f912754d 3b6d27775fce1c7b c015590d6a6fe833 3e66b4855d0dddbe a60934e6b473097a 81bd116c786bf9ae f48d0fbea7dc2782 bd713b37b67866c3 54a11cbcd7a32af4 447fc00f40d71d08 b9d966ad9e04127a 81b639b74256b45b 64b31699d7d15934 5897953fdf87b60f f1a3b8b13e9401c0 395b26d91f98bd92 48a76e3aff69d605 4d954d933e606b70 9fda36f260eec24e 0db6584e3bdfa1c4 62431fd374eb99fb 4f915ad69e1dca36 28a2067685cb3e97 a76ffccd2f5df1a7 0f4c71d341e2d939 8dedff0a79784abc
397,ec1b3d7ccd3984d0 d216e5458ad70e60 fb8bd6b95eb4702a 0a79fabc6f5d93c9 34a62e66e05f9a44 27bc34b9887bec0d 4fe9e4e55585ba4b 48f93f9c2c699e19 3cb6b40d377e7ca8 e22c35101e190db9 8699cc5dd4159b69 25145708d494530b 7155e5a86136eb02 09bbaa171c20bae3 03dfe518713e006c 3d6880bd12f6613f 45630e1451157ff3 d63b7f083330247f b6e646c13d0753ae e8684734f2e587bd 8a5635c748344d47 3ca7964973437917 60a070db9f1869b5 8bf446c0455e3c5c d5952b2e031c4e7e da7d3c2d591c4295 0195950ce0f47e34 1d12acf7349196b0 522bd6887960c25d 828f5dfbbf1272ee
398,00e1e2eb13f650e4 d73a65673e3f1d78 128d583954b18074 47fbe21f5c35c7b4 52370bea1acd0600 4d7653ea9499eed4 9a0f5ee4f845c9b2 0bcaac840d5e66d7 c28bc62802b90f82 702d8f1064ab3e30 3986b68500d7704b 3fa57d488e979d74 c31a456b544a40a8 e0269da736ddf004 bd713b37b67866c3 fd30682593995748 2a06f5614060e3b6 39f6296778264878 e25a1da6ca187350 ff88049e61f0f4ef e7cad3748e50b0f8 0708923badf2ff5d 734dabb98795c35c 942a7d26d81c841f bd0f175ee98c613e ae94d8435a6847f4 b6d0f83aad4e4dc7 b24820ae14e16a24 bbbd5d2fd957e8f7 4b8c7061102517ef
399,ecb768ef6fd223ca 1a8e5d6512d9e2d8 976baf0e84752a68 bd9cd6b87a4fe0ce 155600e5f1221f8c 190ab585fd379f0f 6461a9faa871b3ac 2820628e65a062e2 5c4b7558c942a224 522bd6887960c25d 3c565c1fc2316d16 24c47959ea77b15b 4b29fc21f912754d c015590d6a6fe833 3b6d27775fce1c7b 3e66b4855d0dddbe a60934e6b473097a 81bd116c786bf9ae f48d0fbea7dc2782 bd713b37b67866c3 54a11cbcd7a32af4 b9d966ad9e04127a 81b639b74256b45b 64b31699d7d15934 5897953fdf87b60f f1a3b8b13e9401c0 0e45c4c185f35df6 395b26d91f98bd92 48a76e3aff69d605 4d954d933e606b70
400,c08c3765ac609cc0 74e59c5820900b17 05f23e7d05dbf7c2 2359719a0f40ffac 42a5cae2a3a45557 8d58da0e1800dc96 bed3e73d52011f68 54f55c74d37db3c0 5b34da30b93eb123 65fac1ba1840000f 44d324ebd3e22ad7 2a06f5614060e3b6 e14a893f1918277e 00140806971e7a73 a9eef13786610446 b749972436ac9791 f2234bb7ce0c6f59 f705b637f624147e e7cad3748e50b0f8 ffc688c4c1c2a068 0d0368139e9a647f dac29ed8400b50cc 050544c040f46152 2810fb6f81d1711c 3fa57d488e979d74 0fbd0f422e926816 4a5ac473c9d176ba 4d417b203b333363 63d95d5977c2fe98 6d80d2e62d01f6bc
401,c08c3765ac609cc0 05f23e7d05dbf7c2 8d58da0e1800dc96 a9eef13786610446 00140806971e7a73 b749972436ac9791 f2234bb7ce0c6f59 f705b637f624147e 0d0368139e9a647f e7cad3748e50b0f8 74e59c5820900b17 0fbd0f422e926816 4a5ac473c9d176ba 2359719a0f40ffac 42a5cae2a3a45557 bed3e73d52011f68 5b34da30b93eb123 65fac1ba1840000f 54f55c74d37db3c0 5b16bae6a0de7c88 73391e0853c1e040 44d324ebd3e22ad7 abf90e759d208468 2a06f5614060e3b6 e14a893f1918277e 63d95d5977c2fe98 ffc688c4c1c2a068 09660f466b38b7ba f58ff7f1a6cde683 46b99f864d6a075a
402,522bd6887960c25d 095bb1b6ecbd0a50 ec4ef2f727e7a03f 8fc68213b63951dc 528161039994b4dc b3ad55963554f220 f46601a9955f9949 8faeacf8ca08f62d 942a7d26d81c841f 64b31699d7d15934 a04d6febd82a4389 bb7515be835dea49 d5805cdb9e8f0f48 0b0021aa60d05daa eec6b281e236b500 9100ea6cd0e084bf bd0f175ee98c613e 0db6584e3bdfa1c4 4491016efed845f1 1f4f62844c3cb99c a292248bb2bffb3d 393f49286db04aeb 33856365c271aea4 702d8f1064ab3e30 ce2fe99a7cda4a17 3c565c1fc2316d16 24c47959ea77b15b 636224e349e561bf 955e465ce0788ea6 12af6a34778710db
403,af41e2b6da3e7e02 828f5dfbbf1272ee e228204ae08d1355 e1460af4a7044067 4d7653ea9499eed4 d980375fbd40c75f 939a1f686ea36c05 1d0f5fdc58e3efb5 eab15ee21e126f6a 96e82fa141db9a4b 366a22fce0614fb8 bf973f9ec3600199 8566d15270eb5e83 26140b225c4f8d3f fb2ebcb5335ad2e2 a492bd402afd5c71 8e0760918e88e4a9 5c8c6d9a1fd4c1e0 e878efab7c37179e 9269d2b0d877352d a860b682add9de1c 877672967d3f70bb 50806199c80e215c 95ecdbff44ad0b60 5d26da95786b3a3a 1a05ef8c93af8eed 587e0b2a4811fab1 4b05967001421eab c36c2dce0e6e434f e740c80fce094788
404,46b99f864d6a075a 5b16bae6a0de7c88 73391e0853c1e040 abf90e759d208468 09660f466b38b7ba 0d0368139e9a647f f58ff7f1a6cde683 b29ab87af6ea6310 72403ecdfe02bba6 8d58da0e1800dc96 01020d1b0821f4c7 70776cdd9bb3b7d4 f9c6286cff30aaa8 a9eef13786610446 00140806971e7a73 b749972436ac9791 f2234bb7ce0c6f59 f705b637f624147e 0fbd0f422e926816 a14394322cf7043d e7cad3748e50b0f8 4a5ac473c9d176ba b6d0f83aad4e4dc7 74244a8703c03720 64267373570e4ea3 c08c3765ac609cc0 387e9cd2e5d4ea7d 447fc00f40d71d08 05f23e7d05dbf7c2 ac9ee0c09b538140
405,6e239f4dd4b6aed7 c08c3765ac609cc0 0d0368139e9a647f 05f23e7d05dbf7c2 8d58da0e1800dc96 00140806971e7a73 a9eef13786610446 f2234bb7ce0c6f59 b749972436ac9791 f705b637f624147e 0fbd0f422e926816 e7cad3748e50b0f8 4a5ac473c9d176ba 8e83d05923cde390 7eec211cc37a1b05 0c15f252d30646fc 249bf372159f33e9 74e59c5820900b17 522bd6887960c25d 2359719a0f40ffac 54f55c74d37db3c0 5b16bae6a0de7c88 73391e0853c1e040 44d324ebd3e22ad7 abf90e759d208468 9c9ebf71707d7a37 3c565c1fc2316d16 24c47959ea77b15b 4b29fc21f912754d 09660f466b38b7ba
406,095bb1b6ecbd0a50 ec4ef2f727e7a03f a04d6febd82a4389 bb7515be835dea49 0b0021aa60d05daa d5805cdb9e8f0f48 522bd6887960c25d 828f5dfbbf1272ee a017f3358d5327aa 54f55c74d37db3c0 fb8bd6b95eb4702a d216e5458ad70e60 72b80b099fd64ec4 33856365c271aea4 a292248bb2bffb3d 393f49286db04aeb 99e833818ec4bbf2 ce2fe99a7cda4a17 73391e0853c1e040 e1460af4a7044067 f25bfcffedaccf28 7f95168400948588 01b3da54ffb158a0 40583079f57235a6 538c7bb968b2154c 2cebd52b41930f0a ec1b3d7ccd3984d0 9cf6709de35bf0f3 16b11706660177ff 4d32dae7b43c489a
407,898a4921ab9f4cce 9100ea6cd0e084bf bd0f175ee98c613e 1f4f62844c3cb99c 2e44fbb8bc3d8d71 059bbdbdb843af6a bc27d5dc9bab1c18 016da874bd04df55 26fc2a95df5659c2 c28bc62802b90f82 18b1d2d84c97a364 025a148c3a53bd9f 5570ef88d970e9b4 fab14d178b24a67f 8f578001f9d5f543 316382267dcd804f fc21db75b354a917 74244a8703c03720 39f6296778264878 bed3e73d52011f68 d92c0298f76ccf77 6cb9ab508a0678a0 2820628e65a062e2 d72363ddd958d906 83f8aca6ee2caabc d64c06baf5ef1c90 36d33c41812ce7dc c810ac016901e8ac f9c6286cff30aaa8 b7d7d9ae1cbe0d8a
408,48a76e3aff69d605 5c4b7558c942a224 59c231f8fd21260c 95166957b2c38794 63d509cd2a2e0e47 e6a29676c096f8e8 1efd7bd8a34a1359 a0566ca9daca7778 d73a65673e3f1d78 4d7653ea9499eed4 0bcaac840d5e66d7 c28bc62802b90f82 702d8f1064ab3e30 3986b68500d7704b 3fa57d488e979d74 ff88049e61f0f4ef e0269da736ddf004 bd713b37b67866c3 fd30682593995748 2a06f5614060e3b6 39f6296778264878 e25a1da6ca187350 c31a456b544a40a8 9a0f5ee4f845c9b2 734dabb98795c35c 942a7d26d81c841f bd0f175ee98c613e ae94d8435a6847f4 b6d0f83aad4e4dc7 b24820ae14e16a24
409,28403e62105b00f6 9ab90dfc5c9b0b37 919b1679fffa7ef1 ce8cb4351b8c0f6e f6d23cdd2359f7c0 7f29daa16b9b4cda 04886579947a80c2 47fbe21f5c35c7b4 4d7653ea9499eed4 9a0f5ee4f845c9b2 0bcaac840d5e66d7 c28bc62802b90f82 702d8f1064ab3e30 3986b68500d7704b 3fa57d488e979d74 ff88049e61f0f4ef e0269da736ddf004 bd713b37b67866c3 fd30682593995748 2a06f5614060e3b6 39f6296778264878 52370bea1acd0600 734dabb98795c35c 942a7d26d81c841f bd0f175ee98c613e ae94d8435a6847f4 b6d0f83aad4e4dc7 b24820ae14e16a24 622f2e4119882c94 4b8c7061102517ef
410,bb7515be835dea49 0b0021aa60d05daa d5805cdb9e8f0f48 a04d6febd82a4389 393f49286db04aeb a292248bb2bffb3d 33856365c271aea4 942a7d26d81c841f 8fc68213b63951dc 8faeacf8ca08f62d f46601a9955f9949 528161039994b4dc b3ad55963554f220 095bb1b6ecbd0a50 ec4ef2f727e7a03f 4491016efed845f1 1f4f62844c3cb99c 12af6a34778710db 39075e303166355e ce2fe99a7cda4a17 ffa9091747ae2466 daa257a37227cd72 de35d2410e916471 40583079f57235a6 c6b615b2589e036d da011b87595c1019 42a5cae2a3a45557 8f578001f9d5f543 ae94d8435a6847f4 eec6b281e236b500
411,28a2067685cb3e97 a60934e6b473097a 40583079f57235a6 c015590d6a6fe833 3b6d27775fce1c7b 522bd6887960c25d 4f915ad69e1dca36 f105a53e5cfae611 50cb6a6c60ad711a 8dedff0a79784abc 58654e3143c6550b 1d0f5fdc58e3efb5 24e582daf6f87158 52370bea1acd0600 ad06e9eeea8eb4ea 70ebf53ced736fa4 c143c095983a65c2 ce0f56b7190c268a 3b4a85bac6ead3c8 0451447dd64f6284 4beacc71024f8b08 285657fcdf89f00d 7c8324ce28ffb96e 81bd116c786bf9ae eff60ceea8817dad bd713b37b67866c3 1efd7bd8a34a1359 54a11cbcd7a32af4 5f94b027039f4e48 b9d966ad9e04127a
412,636224e349e561bf 12af6a34778710db 09660f466b38b7ba 0d0368139e9a647f a5f55580081236f4 005666aa098abe8e 72403ecdfe02bba6 5b34da30b93eb123 5989fb934598c1a7 dac29ed8400b50cc ffa9091747ae2466 70776cdd9bb3b7d4 2a06f5614060e3b6 a9eef13786610446 b749972436ac9791 00140806971e7a73 f2234bb7ce0c6f59 2810fb6f81d1711c 197fa50b30d91fe8 0fbd0f422e926816 ffc688c4c1c2a068 db7342eff9200020 b760ebc5f25788d3 74e59c5820900b17 387e9cd2e5d4ea7d 8700059e85433b32 65254e0d209fd66e 05f23e7d05dbf7c2 2359719a0f40ffac 522bd6887960c25d
413,d9885881381fd10a 5ebb4d2f5f1c1f13 47fbe21f5c35c7b4 52370bea1acd0600 4d7653ea9499eed4 9a0f5ee4f845c9b2 0bcaac840d5e66d7 c28bc62802b90f82 702d8f1064ab3e30 bbbd5d2fd957e8f7 3fa57d488e979d74 ff88049e61f0f4ef e0269da736ddf004 bd713b37b67866c3 fd30682593995748 2a06f5614060e3b6 39f6296778264878 e25a1da6ca187350 3986b68500d7704b e7cad3748e50b0f8 0708923badf2ff5d 734dabb98795c35c 942a7d26d81c841f bd0f175ee98c613e ae94d8435a6847f4 b6d0f83aad4e4dc7 b24820ae14e16a24 cea18be9a89d7a81 4b8c7061102517ef af8e70f978cd5aee
414,7c9248ed6224aa26 190ab585fd379f0f 628accd9be98503c 9f27aa36c1ea793c 0b774cf90856c4da fd30682593995748 9d5edf3b993fee50 2b48ab08c915c0ad b50b4e27b03c7b37 d6ed7e4b14c51296 e7828f0ea9749505 da904d2a54ff8cf2 9b2adcf4041227d7 52e459a551d4ac2d f05fa5f57dc03e81 af8e70f978cd5aee 6461a9faa871b3ac 7cea1f637ea3f37d 8df3f13d6af34cb3 0cd920bad11c716d 8dc313a2cf9da354 a1314cd417504572 5057551fc55e9ed2 d72363ddd958d906 83f8aca6ee2caabc 120e745e2961b5d5 37001ade0df85823 b0b5e62a93a2c37c 5a1149fbcbd37376 64907c4568244eb4
415,047769588be1aea9 9100ea6cd0e084bf bd0f175ee98c613e 1f4f62844c3cb99c 2e44fbb8bc3d8d71 059bbdbdb843af6a 016da874bd04df55 bc27d5dc9bab1c18 c28bc62802b90f82 26fc2a95df5659c2 18b1d2d84c97a364 025a148c3a53bd9f 5570ef88d970e9b4 fab14d178b24a67f 8f578001f9d5f543 316382267dcd804f fc21db75b354a917 74244a8703c03720 39f6296778264878 bed3e73d52011f68 d92c0298f76ccf77 6cb9ab508a0678a0 2820628e65a062e2 d72363ddd958d906 83f8aca6ee2caabc d64c06baf5ef1c90 36d33c41812ce7dc c810ac016901e8ac f9c6286cff30aaa8 b7d7d9ae1cbe0d8a
416,72b80b099fd64ec4 7f95168400948588 f25bfcffedaccf28 2cebd52b41930f0a 16b11706660177ff 5547f9f1638ac345 45bd99d5d2eef776 ca43e349133fc0e3 19e8f436d4b2fc25 6899956cd6c683f0 cc0c9419f8a20603 b84b6c0b2e4d0306 b05b5f6850cfa158 c11b97f245a9dfd0 52aa48c07b34dc88 0add47a043c64d7f 92f42fbd0c38f7fd 1d72229ebcc00faf 43c354dbf952caaa a0566ca9daca7778 d73a65673e3f1d78 128d583954b18074 622f2e4119882c94 e0269da736ddf004 bd713b37b67866c3 ff88049e61f0f4ef 3fa57d488e979d74 3986b68500d7704b fd30682593995748 2a06f5614060e3b6
417,fd57e641d06ebda7 0195950ce0f47e34 47fbe21f5c35c7b4 52370bea1acd0600 4d7653ea9499eed4 9a0f5ee4f845c9b2 0bcaac840d5e66d7 c28bc62802b90f82 702d8f1064ab3e30 3986b68500d7704b bbbd5d2fd957e8f7 ff88049e61f0f4ef e0269da736ddf004 bd713b37b67866c3 fd30682593995748 2a06f5614060e3b6 39f6296778264878 e25a1da6ca187350 3fa57d488e979d74 e7cad3748e50b0f8 0708923badf2ff5d 734dabb98795c35c 942a7d26d81c841f bd0f175ee98c613e ae94d8435a6847f4 b6d0f83aad4e4dc7 b24820ae14e16a24 cea18be9a89d7a81 4b8c7061102517ef af8e70f978cd5aee
418,d73a65673e3f1d78 128d583954b18074 522bd6887960c25d 828f5dfbbf1272ee fb8bd6b95eb4702a d216e5458ad70e60 e228204ae08d1355 72b80b099fd64ec4 99e833818ec4bbf2 e1460af4a7044067 4d7653ea9499eed4 db69d4cbfef8d22f f25bfcffedaccf28 7f95168400948588 01b3da54ffb158a0 538c7bb968b2154c 2cebd52b41930f0a ec1b3d7ccd3984d0 a853f13216170123 24c47959ea77b15b 3c565c1fc2316d16 5b4c879fc9c316fb f76f44d372517a9a 964a50d33717c26d 9cf6709de35bf0f3 d980375fbd40c75f 16b11706660177ff 061f3e1feeaa3094 4d32dae7b43c489a 0a79fabc6f5d93c9
419,00d9eb862ba3dfc6 522bd6887960c25d 3c565c1fc2316d16 24c47959ea77b15b 4b29fc21f912754d 0195950ce0f47e34 c015590d6a6fe833 3b6d27775fce1c7b 3e66b4855d0dddbe a60934e6b473097a 81bd116c786bf9ae f48d0fbea7dc2782 bd713b37b67866c3 54a11cbcd7a32af4 b9d966ad9e04127a 81b639b74256b45b 64b31699d7d15934 5897953fdf87b60f f1a3b8b13e9401c0 0e45c4c185f35df6 395b26d91f98bd92 48a76e3aff69d605 4d954d933e606b70 9fda36f260eec24e 0db6584e3bdfa1c4 62431fd374eb99fb 4f915ad69e1dca36 28a2067685cb3e97 0f4c71d341e2d939 a76ffccd2f5df1a7
420,9cf6709de35bf0f3 db69d4cbfef8d22f f76f44d372517a9a 522bd6887960c25d f2e30efbd27bee51 f44f74b3451aa593 a60934e6b473097a 81bd116c786bf9ae c5830f9d0f1e29e5 bd713b37b67866c3 54a11cbcd7a32af4 b9d966ad9e04127a 3734d3b0b9232538 81b639b74256b45b 64b31699d7d15934 f1a3b8b13e9401c0 395b26d91f98bd92 9fda36f260eec24e 095bb1b6ecbd0a50 ec4ef2f727e7a03f 66ccd03c9e03ac06 d5805cdb9e8f0f48 0b0021aa60d05daa a04d6febd82a4389 bb7515be835dea49 a2c35fdf07a13286 828f5dfbbf1272ee 3c565c1fc2316d16 24c47959ea77b15b 42bb83d7c4b9ecae
421,955e465ce0788ea6 29bedd00fb2be056 b69ce8b8154645f8 622f2e4119882c94 a52df8083c238c46 49224aca40e6e5e3 bf3ccaba4a3450a8 73f770f2643a2135 34a62e66e05f9a44 d6bbbd6c4968075a 796888cc3443006c d46598813fb437e5 853e36b1550c6274 d257d1fbcf43abd5 6d80d2e62d01f6bc 5fb2d8e734956af0 59bf6d6df9146d60 6a9aa1bd93e36e66 5ebb4d2f5f1c1f13 ac9ee0c09b538140 01ecc81f6341e902 486dd77002936dec 033d905aec273595 22756be6fd061d4c 7c8324ce28ffb96e 65d44c6393907290 a982b5c3aed39396 4e966bb2768c2b8a edc79e57b20e9036 2394b08708475900
422,b50b4e27b03c7b37 0cd920bad11c716d 70776cdd9bb3b7d4 d64c7c3b658689f4 50ba507a268872e1 26f72a4eb15ea8c0 64267373570e4ea3 d35e11d3d1ab3c67 00e1e2eb13f650e4 4d7653ea9499eed4 0bcaac840d5e66d7 c28bc62802b90f82 702d8f1064ab3e30 3986b68500d7704b 3fa57d488e979d74 ff88049e61f0f4ef e0269da736ddf004 bd713b37b67866c3 fd30682593995748 2a06f5614060e3b6 39f6296778264878 e25a1da6ca187350 c31a456b544a40a8 9a0f5ee4f845c9b2 734dabb98795c35c 942a7d26d81c841f bd0f175ee98c613e ae94d8435a6847f4 b6d0f83aad4e4dc7 b24820ae14e16a24
423,4d29c6922b2d0d56 069e7e25e43deab3 2dd12c230ab22555 2bafd15871caae91 6e1b6b53c9710940 b8e2f75014710ced 9b0e8cf8153e3b33 e5fb8dc5c9cb4a19 0c2eeab1e4ce1db8 47fbe21f5c35c7b4 e25a1da6ca187350 2a06f5614060e3b6 52370bea1acd0600 4d7653ea9499eed4 9a0f5ee4f845c9b2 0bcaac840d5e66d7 c28bc62802b90f82 702d8f1064ab3e30 bd713b37b67866c3 3986b68500d7704b 3fa57d488e979d74 e0269da736ddf004 ff88049e61f0f4ef fd30682593995748 942a7d26d81c841f bd0f175ee98c613e ae94d8435a6847f4 b6d0f83aad4e4dc7 b24820ae14e16a24 622f2e4119882c94
424,95d25d38ba7df9c7 cc2cc23a98c14c33 828f5dfbbf1272ee e228204ae08d1355 e1460af4a7044067 4d7653ea9499eed4 d980375fbd40c75f 939a1f686ea36c05 1d0f5fdc58e3efb5 eab15ee21e126f6a 96e82fa141db9a4b 366a22fce0614fb8 bf973f9ec3600199 8566d15270eb5e83 26140b225c4f8d3f fb2ebcb5335ad2e2 a492bd402afd5c71 8e0760918e88e4a9 5c8c6d9a1fd4c1e0 e878efab7c37179e a860b682add9de1c 877672967d3f70bb 9269d2b0d877352d 50806199c80e215c 95ecdbff44ad0b60 5d26da95786b3a3a 1a05ef8c93af8eed 587e0b2a4811fab1 4b05967001421eab c36c2dce0e6e434f
425,428f9363fa35882d 00e1e2eb13f650e4 d73a65673e3f1d78 128d583954b18074 47fbe21f5c35c7b4 52370bea1acd0600 4d7653ea9499eed4 9a0f5ee4f845c9b2 0bcaac840d5e66d7 c28bc62802b90f82 702d8f1064ab3e30 3986b68500d7704b e25a1da6ca187350 ff88049e61f0f4ef e0269da736ddf004 bd713b37b67866c3 fd30682593995748 2a06f5614060e3b6 39f6296778264878 3fa57d488e979d74 e7cad3748e50b0f8 0708923badf2ff5d 734dabb98795c35c 942a7d26d81c841f bd0f175ee98c613e ae94d8435a6847f4 b6d0f83aad4e4dc7 b24820ae14e16a24 bbbd5d2fd957e8f7 4b8c7061102517ef
426,bee46c54461925d0 2e4b00c01d58e79e 419b5dc40744fb9b 4535ce2e3dced00f 83f8f2fc471cad74 6204e398d8c7f888 bfb8032f2183d471 4577ae048ef1967d 4bed80e56ea2e099 57113c2a4cacd961 b2ee9eea2d974c90 050544c040f46152 7c98dedd223b36c0 8643165b0f53df11 ec4ef2f727e7a03f 095bb1b6ecbd0a50 a04d6febd82a4389 0b0021aa60d05daa d5805cdb9e8f0f48 bb7515be835dea49 522bd6887960c25d 828f5dfbbf1272ee 54f55c74d37db3c0 fb8bd6b95eb4702a d216e5458ad70e60 72b80b099fd64ec4 393f49286db04aeb 33856365c271aea4 a292248bb2bffb3d 99e833818ec4bbf2
427,29bedd00fb2be056 455fde214d16d350 33856365c271aea4 5989fb934598c1a7 07f22a7ad7e4711d 25a3b47fe31bc6b5 ddb3810e0289c148 387e9cd2e5d4ea7d ebfda3b48083e390 42c9b72cc77dcb28 025a148c3a53bd9f c5830f9d0f1e29e5 7155e5a86136eb02 65708d542bd01f39 57113c2a4cacd961 4d954d933e606b70 095bb1b6ecbd0a50 8643165b0f53df11 3ca7964973437917 eff60ceea8817dad 1f423f368aebf7f3 26fc2a95df5659c2 855f2f0354e102c7 63d95d5977c2fe98 7ee52d2519eea367 44d324ebd3e22ad7 1398b478b71773ed 4d417b203b333363 587e0b2a4811fab1 b6a1c97f19af78d0
428,24e582daf6f87158 c015590d6a6fe833 3b6d27775fce1c7b c143c095983a65c2 4f915ad69e1dca36 28a2067685cb3e97 8dedff0a79784abc 50cb6a6c60ad711a 52370bea1acd0600 e9c20b67a4c5395f 40583079f57235a6 a60934e6b473097a 35488b3b8b781278 285657fcdf89f00d 7c8324ce28ffb96e 0f33ce8d8014f308 0451447dd64f6284 f105a53e5cfae611 58654e3143c6550b 1d0f5fdc58e3efb5 3a6e7894dde31c67 ad06e9eeea8eb4ea 70ebf53ced736fa4 3b4a85bac6ead3c8 b6a1c97f19af78d0 5f94b027039f4e48 ebfda3b48083e390 0688c790d5806540 587e0b2a4811fab1 148ac4a56a18844d
429,d73a65673e3f1d78 128d583954b18074 47fbe21f5c35c7b4 52370bea1acd0600 4d7653ea9499eed4 9a0f5ee4f845c9b2 0bcaac840d5e66d7 c28bc62802b90f82 702d8f1064ab3e30 3986b68500d7704b c31a456b544a40a8 ff88049e61f0f4ef e0269da736ddf004 bd713b37b67866c3 fd30682593995748 2a06f5614060e3b6 39f6296778264878 e25a1da6ca187350 3fa57d488e979d74 e7cad3748e50b0f8 0708923badf2ff5d 734dabb98795c35c 942a7d26d81c841f bd0f175ee98c613e ae94d8435a6847f4 b6d0f83aad4e4dc7 b24820ae14e16a24 bbbd5d2fd957e8f7 4b8c7061102517ef af8e70f978cd5aee
430,28403e62105b00f6 919b1679fffa7ef1 10ad13170242ecae 00d9eb862ba3dfc6 bbbd5d2fd957e8f7 47fbe21f5c35c7b4 52370bea1acd0600 4d7653ea9499eed4 9a0f5ee4f845c9b2 0bcaac840d5e66d7 cea18be9a89d7a81 702d8f1064ab3e30 3986b68500d7704b 3fa57d488e979d74 ff88049e61f0f4ef e0269da736ddf004 bd713b37b67866c3 fd30682593995748 2a06f5614060e3b6 c28bc62802b90f82 e7cad3748e50b0f8 0708923badf2ff5d 734dabb98795c35c 942a7d26d81c841f bd0f175ee98c613e ae94d8435a6847f4 b6d0f83aad4e4dc7 b24820ae14e16a24 447fc00f40d71d08 4b8c7061102517ef
431,4a5ac473c9d176ba e7dd56376be2cf1c 10ad13170242ecae e403278468d84383 0a49074a4158155b 47fbe21f5c35c7b4 4d7653ea9499eed4 9a0f5ee4f845c9b2 0bcaac840d5e66d7 c28bc62802b90f82 702d8f1064ab3e30 3986b68500d7704b 3fa57d488e979d74 ff88049e61f0f4ef e0269da736ddf004 bd713b37b67866c3 fd30682593995748 2a06f5614060e3b6 39f6296778264878 e25a1da6ca187350 52370bea1acd0600 734dabb98795c35c 942a7d26d81c841f bd0f175ee98c613e ae94d8435a6847f4 b6d0f83aad4e4dc7 b24820ae14e16a24 622f2e4119882c94 4b8c7061102517ef bbbd5d2fd957e8f7
432,120e745e2961b5d5 fc8971756f9ec194 fd30682593995748 2b48ab08c915c0ad 9d5edf3b993fee50 0b774cf90856c4da 37001ade0df85823 b0b5e62a93a2c37c 64907c4568244eb4 a84cd36608cb8665 7c9248ed6224aa26 00ff646ca6637bd7 f28fb3d9880c5d4c a677c3a76055a6d2 351c9da399c2b915 42c9b72cc77dcb28 2e44fbb8bc3d8d71 537a55eda51a3f60 0c2eeab1e4ce1db8 451e7ba901ad661d 628accd9be98503c 9f27aa36c1ea793c b50b4e27b03c7b37 52e459a551d4ac2d da904d2a54ff8cf2 9b2adcf4041227d7 d6ed7e4b14c51296 e7828f0ea9749505 f05fa5f57dc03e81 af8e70f978cd5aee
433,9f4e0d572b1f4e6c 3b4a85bac6ead3c8 fab14d178b24a67f af8e70f978cd5aee cc861214a89ef1f4 d9885881381fd10a d0f6c00eec5eb973 81b7c7e312bfa1a0 48cf88c17ff38c5e 9113e9dc940fb287 4b8c7061102517ef 4d9214c0925e5af8 4105533fe46dfba9 059bbdbdb843af6a a9dad59c7055b56c a017f3358d5327aa 522bd6887960c25d 828f5dfbbf1272ee fb8bd6b95eb4702a d216e5458ad70e60 e228204ae08d1355 72b80b099fd64ec4 99e833818ec4bbf2 e1460af4a7044067 4d7653ea9499eed4 db69d4cbfef8d22f 7f95168400948588 f25bfcffedaccf28 01b3da54ffb158a0 538c7bb968b2154c
434,29bedd00fb2be056 455fde214d16d350 33856365c271aea4 5989fb934598c1a7 07f22a7ad7e4711d 25a3b47fe31bc6b5 ddb3810e0289c148 387e9cd2e5d4ea7d ebfda3b48083e390 42c9b72cc77dcb28 025a148c3a53bd9f c5830f9d0f1e29e5 7155e5a86136eb02 65708d542bd01f39 57113c2a4cacd961 4d954d933e606b70 095bb1b6ecbd0a50 8643165b0f53df11 3ca7964973437917 eff60ceea8817dad 1f423f368aebf7f3 26fc2a95df5659c2 855f2f0354e102c7 63d95d5977c2fe98 7ee52d2519eea367 44d324ebd3e22ad7 1398b478b71773ed 4d417b203b333363 587e0b2a4811fab1 b6a1c97f19af78d0
435,ec1b3d7ccd3984d0 0a79fabc6f5d93c9 34a62e66e05f9a44 27bc34b9887bec0d 4fe9e4e55585ba4b 48f93f9c2c699e19 e22c35101e190db9 3cb6b40d377e7ca8 8699cc5dd4159b69 25145708d494530b 7155e5a86136eb02 09bbaa171c20bae3 03dfe518713e006c 3d6880bd12f6613f 45630e1451157ff3 10ad13170242ecae 00d9eb862ba3dfc6 00e1e2eb13f650e4 c28bc62802b90f82 9a0f5ee4f845c9b2 4d7653ea9499eed4 47fbe21f5c35c7b4 0bcaac840d5e66d7 702d8f1064ab3e30 3986b68500d7704b 3fa57d488e979d74 ff88049e61f0f4ef e0269da736ddf004 bd713b37b67866c3 52370bea1acd0600
436,5897953fdf87b60f 8e83d05923cde390 0c15f252d30646fc 7eec211cc37a1b05 249bf372159f33e9 9c9ebf71707d7a37 a0b1f4dd32f3e278 3e8e56f639a5db5b 1dc7139adba034ec 9fbffc521da97c54 069e7e25e43deab3 d1e21234d7cc61d2 72c2a95813ea72bd 6aac5e116b75aa22 106204cd0e07e1b2 d73a65673e3f1d78 522bd6887960c25d 24c47959ea77b15b 3c565c1fc2316d16 4b29fc21f912754d 3b6d27775fce1c7b c015590d6a6fe833 3e66b4855d0dddbe a60934e6b473097a 81bd116c786bf9ae f48d0fbea7dc2782 bd713b37b67866c3 54a11cbcd7a32af4 b9d966ad9e04127a 81b639b74256b45b
437,b371170568146b12 ba5199dba342af68 e403278468d84383 e25a1da6ca187350 1fe79c7de59ff6c6 c1f2e3a76d388944 e8b87ed7db1bcb1f 3c0873ce078d332b ca4de5b8a7bda9df 1dc7139adba034ec 83b911ff0ff45844 d1e21234d7cc61d2 e0269da736ddf004 39f6296778264878 ff88049e61f0f4ef bd713b37b67866c3 3fa57d488e979d74 3986b68500d7704b 702d8f1064ab3e30 c28bc62802b90f82 fd30682593995748 0bcaac840d5e66d7 2a06f5614060e3b6 942a7d26d81c841f bd0f175ee98c613e ae94d8435a6847f4 b6d0f83aad4e4dc7 b24820ae14e16a24 622f2e4119882c94 4b8c7061102517ef
438,b6a1c97f19af78d0 3b6d27775fce1c7b c015590d6a6fe833 c143c095983a65c2 e9c20b67a4c5395f 4f915ad69e1dca36 28a2067685cb3e97 35488b3b8b781278 8dedff0a79784abc 50cb6a6c60ad711a 0f33ce8d8014f308 24e582daf6f87158 0451447dd64f6284 52370bea1acd0600 3a6e7894dde31c67 285657fcdf89f00d 7c8324ce28ffb96e d73a65673e3f1d78 128d583954b18074 702d8f1064ab3e30 c28bc62802b90f82 3986b68500d7704b 3fa57d488e979d74 ff88049e61f0f4ef e0269da736ddf004 bd713b37b67866c3 fd30682593995748 39f6296778264878 0bcaac840d5e66d7 ae94d8435a6847f4
439,9f27aa36c1ea793c 9b2adcf4041227d7 d6ed7e4b14c51296 e7828f0ea9749505 52e459a551d4ac2d da904d2a54ff8cf2 7d83ffe83f61bdc4 af8e70f978cd5aee 6461a9faa871b3ac 8df3f13d6af34cb3 5057551fc55e9ed2 a1314cd417504572 d72363ddd958d906 83f8aca6ee2caabc 238ec735a13a3f09 d64c06baf5ef1c90 c810ac016901e8ac 36d33c41812ce7dc db0e648651f4c92b bbbd5d2fd957e8f7 49b5678e0d1e5bcd ae77487a89f2610c b0b5e62a93a2c37c 37001ade0df85823 00d9f8d3f7d412b3 cc861214a89ef1f4 ee3ed9a3f51336cd 3d93a60f990a0a7c 7e4a4a1300b77a06 a677c3a76055a6d2
440,522bd6887960c25d 828f5dfbbf1272ee d216e5458ad70e60 fb8bd6b95eb4702a e228204ae08d1355 72b80b099fd64ec4 99e833818ec4bbf2 e1460af4a7044067 4d7653ea9499eed4 db69d4cbfef8d22f f25bfcffedaccf28 7f95168400948588 01b3da54ffb158a0 538c7bb968b2154c 2cebd52b41930f0a ec1b3d7ccd3984d0 a853f13216170123 3c565c1fc2316d16 24c47959ea77b15b 5b4c879fc9c316fb f76f44d372517a9a 964a50d33717c26d 9cf6709de35bf0f3 d980375fbd40c75f 16b11706660177ff 061f3e1feeaa3094 4d32dae7b43c489a 0a79fabc6f5d93c9 4b29fc21f912754d f105a53e5cfae611
441,ca4de5b8a7bda9df ba5199dba342af68 e25a1da6ca187350 c1f2e3a76d388944 e8b87ed7db1bcb1f 3c0873ce078d332b e403278468d84383 1fe79c7de59ff6c6 1dc7139adba034ec 83b911ff0ff45844 d1e21234d7cc61d2 ec4ef2f727e7a03f 095bb1b6ecbd0a50 a017f3358d5327aa 942a7d26d81c841f 528161039994b4dc b3ad55963554f220 8fc68213b63951dc f46601a9955f9949 8faeacf8ca08f62d eec6b281e236b500 9100ea6cd0e084bf bd0f175ee98c613e 522bd6887960c25d 54f55c74d37db3c0 33856365c271aea4 393f49286db04aeb a292248bb2bffb3d b0bfe0f426275870 5b16bae6a0de7c88
442,64c2e323906b42d3 50806199c80e215c b1dcaca98bb76736 2e4b00c01d58e79e 828f5dfbbf1272ee e228204ae08d1355 e1460af4a7044067 4d7653ea9499eed4 d980375fbd40c75f 939a1f686ea36c05 1d0f5fdc58e3efb5 8643165b0f53df11 83b911ff0ff45844 eab15ee21e126f6a 96e82fa141db9a4b d1e21234d7cc61d2 366a22fce0614fb8 bf973f9ec3600199 8566d15270eb5e83 26140b225c4f8d3f fb2ebcb5335ad2e2 a492bd402afd5c71 8e0760918e88e4a9 5c8c6d9a1fd4c1e0 e878efab7c37179e a860b682add9de1c 877672967d3f70bb 9269d2b0d877352d 95ecdbff44ad0b60 5d26da95786b3a3a
443,d73a65673e3f1d78 128d583954b18074 8e0cc5199a0ee659 576dd429db946393 74ae9af23a383bf5 1f423f368aebf7f3 ae000f9d0b5e104e 204ec91c39d1479d dc576af4ae66e25e 765c0695339c3abe bc2552a642ce8497 47fbe21f5c35c7b4 52370bea1acd0600 4d7653ea9499eed4 9a0f5ee4f845c9b2 0bcaac840d5e66d7 c28bc62802b90f82 bbbd5d2fd957e8f7 3986b68500d7704b 3fa57d488e979d74 ff88049e61f0f4ef e0269da736ddf004 fd30682593995748 702d8f1064ab3e30 e7cad3748e50b0f8 0708923badf2ff5d 734dabb98795c35c 942a7d26d81c841f bd0f175ee98c613e ae94d8435a6847f4
444,9a439fd1abf95245 00af886180e9eaec 6cb9ab508a0678a0 354d7a327bbcc152 00ff646ca6637bd7 bd0f175ee98c613e 9100ea6cd0e084bf 1f4f62844c3cb99c 2e44fbb8bc3d8d71 059bbdbdb843af6a bc27d5dc9bab1c18 016da874bd04df55 26fc2a95df5659c2 c28bc62802b90f82 18b1d2d84c97a364 025a148c3a53bd9f 5570ef88d970e9b4 fab14d178b24a67f 8f578001f9d5f543 316382267dcd804f fc21db75b354a917 74244a8703c03720 39f6296778264878 bed3e73d52011f68 d92c0298f76ccf77 2820628e65a062e2 d72363ddd958d906 83f8aca6ee2caabc 36d33c41812ce7dc d64c06baf5ef1c90
445,4beacc71024f8b08 f105a53e5cfae611 ad06e9eeea8eb4ea 70ebf53ced736fa4 1d72229ebcc00faf a9223c28b10c131f dea5e9227fbbac29 00e1e2eb13f650e4 0079f3c74309b582 d73a65673e3f1d78 47fbe21f5c35c7b4 52370bea1acd0600 4d7653ea9499eed4 9a0f5ee4f845c9b2 0bcaac840d5e66d7 c28bc62802b90f82 702d8f1064ab3e30 2a06f5614060e3b6 3986b68500d7704b 3fa57d488e979d74 ff88049e61f0f4ef fd30682593995748 e0269da736ddf004 bd713b37b67866c3 bbbd5d2fd957e8f7 734dabb98795c35c 942a7d26d81c841f bd0f175ee98c613e ae94d8435a6847f4 b6d0f83aad4e4dc7
446,a853f13216170123 3c565c1fc2316d16 24c47959ea77b15b 5b4c879fc9c316fb 4b29fc21f912754d 3e66b4855d0dddbe f48d0fbea7dc2782 cc507a0d6fcf4a1c 4d954d933e606b70 62431fd374eb99fb 0f4c71d341e2d939 a76ffccd2f5df1a7 b6e72edcad270be0 ddf332f2b55a2a23 666bdff4faa513ca 66ccd03c9e03ac06 4f2fffd7528de786 172bc0ee09332ae9 a2c35fdf07a13286 486dd77002936dec cea18be9a89d7a81 07f22a7ad7e4711d 6406fcdb7d87b5dc 404031ab9d5977c4 999a52f1d301247c c31a456b544a40a8 238de368bb05c0ec 3fa57d488e979d74 ff88049e61f0f4ef e0269da736ddf004
447,25a3b47fe31bc6b5 58654e3143c6550b 72b80b099fd64ec4 5f94b027039f4e48 f25bfcffedaccf28 7f95168400948588 ebfda3b48083e390 2cebd52b41930f0a 0688c790d5806540 148ac4a56a18844d 16b11706660177ff 5547f9f1638ac345 0683b6a78f54be75 4dba7ce835494a63 45bd99d5d2eef776 ca43e349133fc0e3 19e8f436d4b2fc25 6899956cd6c683f0 cc0c9419f8a20603 b84b6c0b2e4d0306 b05b5f6850cfa158 c11b97f245a9dfd0 52aa48c07b34dc88 0add47a043c64d7f 92f42fbd0c38f7fd 1d72229ebcc00faf 43c354dbf952caaa a0566ca9daca7778 d73a65673e3f1d78 128d583954b18074
448,095bb1b6ecbd0a50 ec4ef2f727e7a03f a04d6febd82a4389 0b0021aa60d05daa bb7515be835dea49 d5805cdb9e8f0f48 522bd6887960c25d 828f5dfbbf1272ee 54f55c74d37db3c0 fb8bd6b95eb4702a d216e5458ad70e60 72b80b099fd64ec4 393f49286db04aeb 33856365c271aea4 a292248bb2bffb3d 99e833818ec4bbf2 ce2fe99a7cda4a17 73391e0853c1e040 e1460af4a7044067 7f95168400948588 f25bfcffedaccf28 01b3da54ffb158a0 40583079f57235a6 538c7bb968b2154c 2cebd52b41930f0a ec1b3d7ccd3984d0 9cf6709de35bf0f3 16b11706660177ff 4d32dae7b43c489a 061f3e1feeaa3094
449,00d9f8d3f7d412b3 00958a140c3a6de8 26f72a4eb15ea8c0 4c0eee2c1a5e76e2 00e1e2eb13f650e4 52370bea1acd0600 4d7653ea9499eed4 9a0f5ee4f845c9b2 0bcaac840d5e66d7 c28bc62802b90f82 702d8f1064ab3e30 3986b68500d7704b 47fbe21f5c35c7b4 ff88049e61f0f4ef e0269da736ddf004 bd713b37b67866c3 fd30682593995748 2a06f5614060e3b6 39f6296778264878 3fa57d488e979d74 e7cad3748e50b0f8 0708923badf2ff5d 734dabb98795c35c 942a7d26d81c841f bd0f175ee98c613e ae94d8435a6847f4 b6d0f83aad4e4dc7 b24820ae14e16a24 622f2e4119882c94 bbbd5d2fd957e8f7
450,9f27aa36c1ea793c e7828f0ea9749505 9b2adcf4041227d7 d6ed7e4b14c51296 52e459a551d4ac2d da904d2a54ff8cf2 7d83ffe83f61bdc4 af8e70f978cd5aee 6461a9faa871b3ac 8df3f13d6af34cb3 5057551fc55e9ed2 a1314cd417504572 d72363ddd958d906 83f8aca6ee2caabc 238ec735a13a3f09 c810ac016901e8ac d64c06baf5ef1c90 36d33c41812ce7dc bbbd5d2fd957e8f7 49b5678e0d1e5bcd db0e648651f4c92b ae77487a89f2610c b0b5e62a93a2c37c 37001ade0df85823 00d9f8d3f7d412b3 cc861214a89ef1f4 ee3ed9a3f51336cd 3d93a60f990a0a7c 7e4a4a1300b77a06 f28fb3d9880c5d4c
451,628accd9be98503c 9f27aa36c1ea793c fd30682593995748 2b48ab08c915c0ad 9d5edf3b993fee50 0b774cf90856c4da b50b4e27b03c7b37 d6ed7e4b14c51296 52e459a551d4ac2d da904d2a54ff8cf2 9b2adcf4041227d7 e7828f0ea9749505 f05fa5f57dc03e81 af8e70f978cd5aee 6461a9faa871b3ac 7cea1f637ea3f37d 8df3f13d6af34cb3 0cd920bad11c716d 8dc313a2cf9da354 5057551fc55e9ed2 a1314cd417504572 d72363ddd958d906 83f8aca6ee2caabc 120e745e2961b5d5 37001ade0df85823 b0b5e62a93a2c37c 5a1149fbcbd37376 64907c4568244eb4 00d9f8d3f7d412b3 ee3ed9a3f51336cd
452,01104a026d22ae55 9100ea6cd0e084bf bd0f175ee98c613e 1f4f62844c3cb99c 2e44fbb8bc3d8d71 059bbdbdb843af6a 016da874bd04df55 bc27d5dc9bab1c18 c28bc62802b90f82 26fc2a95df5659c2 18b1d2d84c97a364 025a148c3a53bd9f 5570ef88d970e9b4 fab14d178b24a67f 8f578001f9d5f543 316382267dcd804f fc21db75b354a917 74244a8703c03720 39f6296778264878 bed3e73d52011f68 d92c0298f76ccf77 6cb9ab508a0678a0 2820628e65a062e2 d72363ddd958d906 83f8aca6ee2caabc c810ac016901e8ac d64c06baf5ef1c90 36d33c41812ce7dc f9c6286cff30aaa8 b7d7d9ae1cbe0d8a
453,b6e646c13d0753ae cea18be9a89d7a81 47fbe21f5c35c7b4 52370bea1acd0600 4d7653ea9499eed4 9a0f5ee4f845c9b2 0bcaac840d5e66d7 c28bc62802b90f82 702d8f1064ab3e30 3986b68500d7704b 3fa57d488e979d74 ff88049e61f0f4ef e0269da736ddf004 bd713b37b67866c3 fd30682593995748 2a06f5614060e3b6 39f6296778264878 c31a456b544a40a8 bbbd5d2fd957e8f7 781f4d0147aef776 e7cad3748e50b0f8 0708923badf2ff5d 734dabb98795c35c 942a7d26d81c841f bd0f175ee98c613e ae94d8435a6847f4 b6d0f83aad4e4dc7 e25a1da6ca187350 622f2e4119882c94 4b8c7061102517ef
454,fb8bd6b95eb4702a d216e5458ad70e60 bd0f175ee98c613e 9100ea6cd0e084bf 1f4f62844c3cb99c 2e44fbb8bc3d8d71 d63b7f083330247f 059bbdbdb843af6a b6e646c13d0753ae e8684734f2e587bd 8a5635c748344d47 016da874bd04df55 bc27d5dc9bab1c18 26fc2a95df5659c2 c28bc62802b90f82 3ca7964973437917 60a070db9f1869b5 8bf446c0455e3c5c 522bd6887960c25d 18b1d2d84c97a364 025a148c3a53bd9f d5952b2e031c4e7e 5570ef88d970e9b4 fab14d178b24a67f da7d3c2d591c4295 8f578001f9d5f543 316382267dcd804f fc21db75b354a917 74244a8703c03720 39f6296778264878
455,c5830f9d0f1e29e5 db69d4cbfef8d22f d92c0298f76ccf77 249bf372159f33e9 8e83d05923cde390 7eec211cc37a1b05 0c15f252d30646fc f76f44d372517a9a 9cf6709de35bf0f3 069e7e25e43deab3 9c9ebf71707d7a37 72c2a95813ea72bd bc27d5dc9bab1c18 016da874bd04df55 c28bc62802b90f82 26fc2a95df5659c2 702d8f1064ab3e30 106204cd0e07e1b2 18b1d2d84c97a364 f2e30efbd27bee51 f44f74b3451aa593 a813c15b46ceaf68 025a148c3a53bd9f 5570ef88d970e9b4 fab14d178b24a67f a853f13216170123 a0b1f4dd32f3e278 24c47959ea77b15b 3c565c1fc2316d16 5b4c879fc9c316fb
456,b0bfe0f426275870 8df3f13d6af34cb3 b78189788d563693 46315cf30aaee51c da011b87595c1019 b6cdb608f640e038 9d5edf3b993fee50 0b774cf90856c4da 2b48ab08c915c0ad fd30682593995748 39f6296778264878 52e459a551d4ac2d e7828f0ea9749505 da904d2a54ff8cf2 d6ed7e4b14c51296 9b2adcf4041227d7 7d83ffe83f61bdc4 f05fa5f57dc03e81 74873b42602d8958 7cea1f637ea3f37d 0cd920bad11c716d 8dc313a2cf9da354 238ec735a13a3f09 36d33c41812ce7dc d64c06baf5ef1c90 c810ac016901e8ac b7d7d9ae1cbe0d8a d64c7c3b658689f4 5bf89d11a25121d9 047769588be1aea9
457,6e239f4dd4b6aed7 e228204ae08d1355 4d7653ea9499eed4 db69d4cbfef8d22f f76f44d372517a9a 964a50d33717c26d 9cf6709de35bf0f3 d980375fbd40c75f 939a1f686ea36c05 bee46c54461925d0 855f2f0354e102c7 eec6b281e236b500 b1dcaca98bb76736 3e66b4855d0dddbe 4491016efed845f1 2e4b00c01d58e79e 419b5dc40744fb9b eab15ee21e126f6a 96e82fa141db9a4b a60934e6b473097a ba5199dba342af68 702d8f1064ab3e30 ce2fe99a7cda4a17 abf90e759d208468 4535ce2e3dced00f 522bd6887960c25d 828f5dfbbf1272ee fb8bd6b95eb4702a d216e5458ad70e60 a813c15b46ceaf68
458,095bb1b6ecbd0a50 ec4ef2f727e7a03f a04d6febd82a4389 0b0021aa60d05daa bb7515be835dea49 d5805cdb9e8f0f48 522bd6887960c25d 828f5dfbbf1272ee 54f55c74d37db3c0 fb8bd6b95eb4702a d216e5458ad70e60 72b80b099fd64ec4 393f49286db04aeb 33856365c271aea4 a292248bb2bffb3d 99e833818ec4bbf2 ce2fe99a7cda4a17 73391e0853c1e040 e1460af4a7044067 7f95168400948588 f25bfcffedaccf28 01b3da54ffb158a0 40583079f57235a6 538c7bb968b2154c 2cebd52b41930f0a ec1b3d7ccd3984d0 9cf6709de35bf0f3 16b11706660177ff 4d32dae7b43c489a 061f3e1feeaa3094
459,d73a65673e3f1d78 128d583954b18074 47fbe21f5c35c7b4 52370bea1acd0600 4d7653ea9499eed4 9a0f5ee4f845c9b2 0bcaac840d5e66d7 c28bc62802b90f82 702d8f1064ab3e30 3986b68500d7704b c31a456b544a40a8 ff88049e61f0f4ef e0269da736ddf004 bd713b37b67866c3 fd30682593995748 2a06f5614060e3b6 39f6296778264878 e25a1da6ca187350 3fa57d488e979d74 e7cad3748e50b0f8 0708923badf2ff5d 734dabb98795c35c 942a7d26d81c841f bd0f175ee98c613e ae94d8435a6847f4 b6d0f83aad4e4dc7 b24820ae14e16a24 bbbd5d2fd957e8f7 4b8c7061102517ef af8e70f978cd5aee
460,00ff646ca6637bd7 fd30682593995748 9d5edf3b993fee50 0b774cf90856c4da 2b48ab08c915c0ad 964a50d33717c26d 120e745e2961b5d5 64907c4568244eb4 fc8971756f9ec194 a84cd36608cb8665 7c9248ed6224aa26 537a55eda51a3f60 451e7ba901ad661d feddfcf56818968e 6a3919ad9ed8197e b24820ae14e16a24 0bcaac840d5e66d7 5867d40811c0229f 96445bec1579ec97 ced9c56f2be86774 781f4d0147aef776 9fbffc521da97c54 702d8f1064ab3e30 bd0f175ee98c613e 3986b68500d7704b ae94d8435a6847f4 3fa57d488e979d74 ff88049e61f0f4ef e0269da736ddf004 bd713b37b67866c3
461,3cb6b40d377e7ca8 9100ea6cd0e084bf bd0f175ee98c613e 1f4f62844c3cb99c 26fc2a95df5659c2 c28bc62802b90f82 8f578001f9d5f543 316382267dcd804f 2e44fbb8bc3d8d71 bed3e73d52011f68 c6b615b2589e036d e5fb8dc5c9cb4a19 ec4ef2f727e7a03f 095bb1b6ecbd0a50 8faeacf8ca08f62d 8fc68213b63951dc 942a7d26d81c841f b3ad55963554f220 528161039994b4dc f46601a9955f9949 ec1b3d7ccd3984d0 bb7515be835dea49 0b0021aa60d05daa a04d6febd82a4389 d5805cdb9e8f0f48 eec6b281e236b500 4491016efed845f1 059bbdbdb843af6a 0a79fabc6f5d93c9 bc27d5dc9bab1c18
462,050544c040f46152 ec1b3d7ccd3984d0 bee46c54461925d0 0a79fabc6f5d93c9 2e4b00c01d58e79e 419b5dc40744fb9b 4535ce2e3dced00f 34a62e66e05f9a44 27bc34b9887bec0d 4fe9e4e55585ba4b 48f93f9c2c699e19 83f8f2fc471cad74 bfb8032f2183d471 6204e398d8c7f888 e22c35101e190db9 3cb6b40d377e7ca8 4577ae048ef1967d 8699cc5dd4159b69 25145708d494530b 4bed80e56ea2e099 57113c2a4cacd961 7155e5a86136eb02 09bbaa171c20bae3 b2ee9eea2d974c90 03dfe518713e006c 3d6880bd12f6613f 45630e1451157ff3 7c98dedd223b36c0 8643165b0f53df11 522bd6887960c25d
463,cc2cc23a98c14c33 3986b68500d7704b bd0f175ee98c613e 9100ea6cd0e084bf 1f4f62844c3cb99c 2e44fbb8bc3d8d71 059bbdbdb843af6a 016da874bd04df55 bc27d5dc9bab1c18 c28bc62802b90f82 26fc2a95df5659c2 522bd6887960c25d 18b1d2d84c97a364 025a148c3a53bd9f 5570ef88d970e9b4 fab14d178b24a67f 8f578001f9d5f543 316382267dcd804f fc21db75b354a917 74244a8703c03720 39f6296778264878 bed3e73d52011f68 d92c0298f76ccf77 6cb9ab508a0678a0 3c565c1fc2316d16 24c47959ea77b15b 2820628e65a062e2 83f8aca6ee2caabc d72363ddd958d906 d64c06baf5ef1c90
464,538c7bb968b2154c 1d12acf7349196b0 63d509cd2a2e0e47 73f770f2643a2135 a18df74d3a16e9c0 07be6a290720707d d3c4a7db726191e0 e8ad5e31484ef889 07d688f5e2142b87 a2805ed52b47b8ec b26d8664feb18c8c ce0f56b7190c268a 97d696011258825c f29eee8054c061e1 01ecc81f6341e902 acf5cb026b3c4551 eff60ceea8817dad 5879096a38d69fc5 1398b478b71773ed 734dabb98795c35c 428f9363fa35882d 4f31209941bb05fc 83f5a9732f0de67f f54ad8d1eb18212e 2e2904c5373734ae 892074f7c1ef5d5e dc576af4ae66e25e 28403e62105b00f6 765c0695339c3abe bc2552a642ce8497
465,922e625fae98b3b9 18ced18aee04c48e 00e1e2eb13f650e4 0195950ce0f47e34 47fbe21f5c35c7b4 52370bea1acd0600 4d7653ea9499eed4 9a0f5ee4f845c9b2 0bcaac840d5e66d7 c28bc62802b90f82 702d8f1064ab3e30 3986b68500d7704b bbbd5d2fd957e8f7 ff88049e61f0f4ef e0269da736ddf004 bd713b37b67866c3 fd30682593995748 2a06f5614060e3b6 39f6296778264878 c31a456b544a40a8 3fa57d488e979d74 0708923badf2ff5d 734dabb98795c35c 942a7d26d81c841f bd0f175ee98c613e ae94d8435a6847f4 b6d0f83aad4e4dc7 b24820ae14e16a24 622f2e4119882c94 e25a1da6ca187350
466,cea18be9a89d7a81 83b911ff0ff45844 63d509cd2a2e0e47 a853f13216170123 3c565c1fc2316d16 24c47959ea77b15b 5b4c879fc9c316fb 4b29fc21f912754d 07be6a290720707d 3e66b4855d0dddbe e8ad5e31484ef889 f48d0fbea7dc2782 1398b478b71773ed cc507a0d6fcf4a1c 4d954d933e606b70 62431fd374eb99fb 0f4c71d341e2d939 a76ffccd2f5df1a7 b6e72edcad270be0 ddf332f2b55a2a23 666bdff4faa513ca 66ccd03c9e03ac06 4f2fffd7528de786 172bc0ee09332ae9 a2c35fdf07a13286 486dd77002936dec 07f22a7ad7e4711d 6406fcdb7d87b5dc 404031ab9d5977c4 999a52f1d301247c
467,a492bd402afd5c71 7c98dedd223b36c0 828f5dfbbf1272ee e228204ae08d1355 e1460af4a7044067 4d7653ea9499eed4 d980375fbd40c75f 939a1f686ea36c05 1d0f5fdc58e3efb5 eab15ee21e126f6a 96e82fa141db9a4b 366a22fce0614fb8 8566d15270eb5e83 bf973f9ec3600199 26140b225c4f8d3f fb2ebcb5335ad2e2 8e0760918e88e4a9 5c8c6d9a1fd4c1e0 e878efab7c37179e 877672967d3f70bb a860b682add9de1c 9269d2b0d877352d 50806199c80e215c 95ecdbff44ad0b60 5d26da95786b3a3a 1a05ef8c93af8eed 587e0b2a4811fab1 4b05967001421eab c36c2dce0e6e434f e740c80fce094788
468,9c9ebf71707d7a37 8e83d05923cde390 0c15f252d30646fc 7eec211cc37a1b05 249bf372159f33e9 9fbffc521da97c54 d1e21234d7cc61d2 ba5199dba342af68 a0b1f4dd32f3e278 3e8e56f639a5db5b 1dc7139adba034ec 069e7e25e43deab3 0eb4de784c8dd679 964a50d33717c26d 72c2a95813ea72bd 6aac5e116b75aa22 106204cd0e07e1b2 dc576af4ae66e25e 3fa57d488e979d74 3a6e7894dde31c67 919b1679fffa7ef1 feddfcf56818968e 6a3919ad9ed8197e b24820ae14e16a24 0bcaac840d5e66d7 5867d40811c0229f 96445bec1579ec97 ced9c56f2be86774 781f4d0147aef776 0195950ce0f47e34
469,83f8aca6ee2caabc d72363ddd958d906 453bc79164d57a01 3d93a60f990a0a7c 8b7c486a910dd004 059bbdbdb843af6a c810ac016901e8ac d64c06baf5ef1c90 36d33c41812ce7dc cc861214a89ef1f4 9f27aa36c1ea793c a677c3a76055a6d2 f28fb3d9880c5d4c 2dd12c230ab22555 2bafd15871caae91 6e1b6b53c9710940 b8e2f75014710ced 52e459a551d4ac2d e7828f0ea9749505 9b2adcf4041227d7 da904d2a54ff8cf2 d6ed7e4b14c51296 e5fb8dc5c9cb4a19 af8e70f978cd5aee 6461a9faa871b3ac 8df3f13d6af34cb3 5057551fc55e9ed2 a1314cd417504572 b0b5e62a93a2c37c 37001ade0df85823
470,9fbffc521da97c54 bf3ccaba4a3450a8 daa257a37227cd72 29bedd00fb2be056 4c3802a1bd3c842e b69ce8b8154645f8 a52df8083c238c46 c606425856952286 796888cc3443006c c11b97f245a9dfd0 d46598813fb437e5 6d80d2e62d01f6bc 5fb2d8e734956af0 2901e5309bb3f8f6 5ebb4d2f5f1c1f13 ac9ee0c09b538140 01ecc81f6341e902 da7d3c2d591c4295 486dd77002936dec dc17b07476183764 22756be6fd061d4c 7c8324ce28ffb96e 4dba7ce835494a63 bc2ae5f4e5d53e00 a982b5c3aed39396 9a0f5ee4f845c9b2 404031ab9d5977c4 bc27d5dc9bab1c18 016da874bd04df55 c28bc62802b90f82
471,451e7ba901ad661d a84cd36608cb8665 537a55eda51a3f60 fc8971756f9ec194 00ff646ca6637bd7 0b774cf90856c4da fd30682593995748 9d5edf3b993fee50 2b48ab08c915c0ad 120e745e2961b5d5 64907c4568244eb4 190ab585fd379f0f 7c9248ed6224aa26 680bb5c5c3bb6ee1 bd0f175ee98c613e 9100ea6cd0e084bf 1f4f62844c3cb99c 2e44fbb8bc3d8d71 059bbdbdb843af6a 016da874bd04df55 bc27d5dc9bab1c18 c28bc62802b90f82 26fc2a95df5659c2 18b1d2d84c97a364 025a148c3a53bd9f 5570ef88d970e9b4 fab14d178b24a67f 8f578001f9d5f543 316382267dcd804f fc21db75b354a917
472,87c5481930cfe126 26f72a4eb15ea8c0 4c0eee2c1a5e76e2 00e1e2eb13f650e4 47fbe21f5c35c7b4 52370bea1acd0600 4d7653ea9499eed4 9a0f5ee4f845c9b2 0bcaac840d5e66d7 c28bc62802b90f82 702d8f1064ab3e30 3986b68500d7704b ff88049e61f0f4ef e0269da736ddf004 bd713b37b67866c3 fd30682593995748 2a06f5614060e3b6 39f6296778264878 c31a456b544a40a8 3fa57d488e979d74 0708923badf2ff5d 734dabb98795c35c 942a7d26d81c841f bd0f175ee98c613e ae94d8435a6847f4 b6d0f83aad4e4dc7 b24820ae14e16a24 622f2e4119882c94 e25a1da6ca187350 af8e70f978cd5aee
473,39075e303166355e da011b87595c1019 f705b637f624147e ae94d8435a6847f4 430feb4826a5632e 4a5ac473c9d176ba 5b16bae6a0de7c88 73391e0853c1e040 abf90e759d208468 65fac1ba1840000f 095bb1b6ecbd0a50 ec4ef2f727e7a03f 528161039994b4dc f46601a9955f9949 8faeacf8ca08f62d 942a7d26d81c841f 8fc68213b63951dc b3ad55963554f220 bb7515be835dea49 a04d6febd82a4389 d5805cdb9e8f0f48 0b0021aa60d05daa eec6b281e236b500 9100ea6cd0e084bf bd0f175ee98c613e 47fbe21f5c35c7b4 4491016efed845f1 1f4f62844c3cb99c 09660f466b38b7ba 33856365c271aea4
474,05e4165a56bf50eb 48a76e3aff69d605 59c231f8fd21260c 5c4b7558c942a224 1efd7bd8a34a1359 95166957b2c38794 63d509cd2a2e0e47 e6a29676c096f8e8 a5f55580081236f4 a0566ca9daca7778 96e82fa141db9a4b b1e47da7659b675c 285657fcdf89f00d b84b6c0b2e4d0306 9a0f5ee4f845c9b2 83b911ff0ff45844 522bd6887960c25d 96445bec1579ec97 98dbd15aa33ebc18 4b29fc21f912754d c015590d6a6fe833 3b6d27775fce1c7b b9d966ad9e04127a 81b639b74256b45b 5897953fdf87b60f 28a2067685cb3e97 a76ffccd2f5df1a7 0f4c71d341e2d939 ddf332f2b55a2a23 66ccd03c9e03ac06
475,00af886180e9eaec 354d7a327bbcc152 9a439fd1abf95245 6cb9ab508a0678a0 00ff646ca6637bd7 bd0f175ee98c613e 9100ea6cd0e084bf 1f4f62844c3cb99c 2e44fbb8bc3d8d71 016da874bd04df55 bc27d5dc9bab1c18 059bbdbdb843af6a c28bc62802b90f82 26fc2a95df5659c2 18b1d2d84c97a364 025a148c3a53bd9f 5570ef88d970e9b4 fab14d178b24a67f 8f578001f9d5f543 316382267dcd804f fc21db75b354a917 74244a8703c03720 39f6296778264878 bed3e73d52011f68 d92c0298f76ccf77 2820628e65a062e2 83f8aca6ee2caabc d72363ddd958d906 c810ac016901e8ac 36d33c41812ce7dc
476,b78189788d563693 025a148c3a53bd9f 46315cf30aaee51c 8f578001f9d5f543 0eafda717681bbdc 20d283a232dfd13c fc21db75b354a917 b29ab87af6ea6310 d92c0298f76ccf77 ffa9091747ae2466 b760ebc5f25788d3 d6bbbd6c4968075a 27888817db122597 853e36b1550c6274 2359719a0f40ffac acae1d29289b1266 6d80d2e62d01f6bc ecb768ef6fd223ca 6406fcdb7d87b5dc 6aac5e116b75aa22 0195950ce0f47e34 2a06f5614060e3b6 b6d0f83aad4e4dc7 fd30682593995748 bd713b37b67866c3 b24820ae14e16a24 e0269da736ddf004 ff88049e61f0f4ef 622f2e4119882c94 3fa57d488e979d74
477,a017f3358d5327aa 47fbe21f5c35c7b4 52370bea1acd0600 4d7653ea9499eed4 9a0f5ee4f845c9b2 0bcaac840d5e66d7 c28bc62802b90f82 702d8f1064ab3e30 e36475c1af5ea3ab 3fa57d488e979d74 ff88049e61f0f4ef e0269da736ddf004 bd713b37b67866c3 fd30682593995748 2a06f5614060e3b6 39f6296778264878 e25a1da6ca187350 c31a456b544a40a8 3986b68500d7704b e7cad3748e50b0f8 0708923badf2ff5d 734dabb98795c35c 942a7d26d81c841f bd0f175ee98c613e ae94d8435a6847f4 b6d0f83aad4e4dc7 b24820ae14e16a24 bbbd5d2fd957e8f7 4b8c7061102517ef af8e70f978cd5aee
478,26f72a4eb15ea8c0 4c0eee2c1a5e76e2 9100ea6cd0e084bf bd0f175ee98c613e 1f4f62844c3cb99c 2e44fbb8bc3d8d71 059bbdbdb843af6a bc27d5dc9bab1c18 016da874bd04df55 c28bc62802b90f82 26fc2a95df5659c2 18b1d2d84c97a364 025a148c3a53bd9f 5570ef88d970e9b4 fab14d178b24a67f 8f578001f9d5f543 316382267dcd804f fc21db75b354a917 74244a8703c03720 39f6296778264878 bed3e73d52011f68 d92c0298f76ccf77 6cb9ab508a0678a0 2820628e65a062e2 83f8aca6ee2caabc d72363ddd958d906 d64c06baf5ef1c90 c810ac016901e8ac 36d33c41812ce7dc f9c6286cff30aaa8
479,522bd6887960c25d 24c47959ea77b15b 3c565c1fc2316d16 4b29fc21f912754d c015590d6a6fe833 3b6d27775fce1c7b 3e66b4855d0dddbe a60934e6b473097a 81bd116c786bf9ae f48d0fbea7dc2782 bd713b37b67866c3 54a11cbcd7a32af4 b9d966ad9e04127a 81b639b74256b45b 64b31699d7d15934 5897953fdf87b60f f1a3b8b13e9401c0 0e45c4c185f35df6 395b26d91f98bd92 48a76e3aff69d605 4d954d933e606b70 9fda36f260eec24e 0db6584e3bdfa1c4 62431fd374eb99fb 4f915ad69e1dca36 28a2067685cb3e97 a76ffccd2f5df1a7 0f4c71d341e2d939 8dedff0a79784abc 50cb6a6c60ad711a
480,f6d23cdd2359f7c0 ba5199dba342af68 9c9ebf71707d7a37 0eb4de784c8dd679 dc576af4ae66e25e 3fa57d488e979d74 3a6e7894dde31c67 919b1679fffa7ef1 d1e21234d7cc61d2 a017f3358d5327aa 52370bea1acd0600 4d7653ea9499eed4 9a0f5ee4f845c9b2 0bcaac840d5e66d7 c28bc62802b90f82 702d8f1064ab3e30 ff88049e61f0f4ef e0269da736ddf004 bd713b37b67866c3 fd30682593995748 39f6296778264878 3986b68500d7704b 734dabb98795c35c 942a7d26d81c841f bd0f175ee98c613e ae94d8435a6847f4 b6d0f83aad4e4dc7 b24820ae14e16a24 622f2e4119882c94 4b8c7061102517ef
481,522bd6887960c25d 24c47959ea77b15b 3c565c1fc2316d16 4b29fc21f912754d c015590d6a6fe833 3b6d27775fce1c7b 3e66b4855d0dddbe a60934e6b473097a 81bd116c786bf9ae f48d0fbea7dc2782 bd713b37b67866c3 54a11cbcd7a32af4 b9d966ad9e04127a 81b639b74256b45b 64b31699d7d15934 5897953fdf87b60f f1a3b8b13e9401c0 0e45c4c185f35df6 395b26d91f98bd92 48a76e3aff69d605 4d954d933e606b70 9fda36f260eec24e 0db6584e3bdfa1c4 62431fd374eb99fb 4f915ad69e1dca36 28a2067685cb3e97 0f4c71d341e2d939 a76ffccd2f5df1a7 50cb6a6c60ad711a 8dedff0a79784abc
482,9c9a9d45c2ea7ddf 2810fb6f81d1711c 5b16bae6a0de7c88 73391e0853c1e040 abf90e759d208468 f9c6286cff30aaa8 4c0eee2c1a5e76e2 a14394322cf7043d db7342eff9200020 09660f466b38b7ba 0d0368139e9a647f f58ff7f1a6cde683 46b99f864d6a075a b29ab87af6ea6310 72403ecdfe02bba6 8d58da0e1800dc96 01020d1b0821f4c7 70776cdd9bb3b7d4 f2234bb7ce0c6f59 b749972436ac9791 00140806971e7a73 a9eef13786610446 f705b637f624147e 0fbd0f422e926816 e7cad3748e50b0f8 4a5ac473c9d176ba b6d0f83aad4e4dc7 64267373570e4ea3 c08c3765ac609cc0 387e9cd2e5d4ea7d
483,00e1e2eb13f650e4 d73a65673e3f1d78 128d583954b18074 47fbe21f5c35c7b4 52370bea1acd0600 4d7653ea9499eed4 9a0f5ee4f845c9b2 0bcaac840d5e66d7 c28bc62802b90f82 702d8f1064ab3e30 3986b68500d7704b 3fa57d488e979d74 c31a456b544a40a8 e0269da736ddf004 bd713b37b67866c3 fd30682593995748 2a06f5614060e3b6 39f6296778264878 e25a1da6ca187350 ff88049e61f0f4ef e7cad3748e50b0f8 0708923badf2ff5d 734dabb98795c35c 942a7d26d81c841f bd0f175ee98c613e ae94d8435a6847f4 b6d0f83aad4e4dc7 b24820ae14e16a24 bbbd5d2fd957e8f7 4b8c7061102517ef
484,f105a53e5cfae611 ad06e9eeea8eb4ea 70ebf53ced736fa4 a9223c28b10c131f dea5e9227fbbac29 4beacc71024f8b08 d73a65673e3f1d78 128d583954b18074 52370bea1acd0600 4d7653ea9499eed4 9a0f5ee4f845c9b2 0bcaac840d5e66d7 c28bc62802b90f82 702d8f1064ab3e30 3986b68500d7704b 3fa57d488e979d74 e0269da736ddf004 e25a1da6ca187350 bd713b37b67866c3 39f6296778264878 2a06f5614060e3b6 fd30682593995748 ff88049e61f0f4ef 734dabb98795c35c 942a7d26d81c841f bd0f175ee98c613e ae94d8435a6847f4 b6d0f83aad4e4dc7 b24820ae14e16a24 622f2e4119882c94
485,c05f45f86d0771d5 cec2eea2a1fe566a 8b7c486a910dd004 522bd6887960c25d 24c47959ea77b15b 3c565c1fc2316d16 4b29fc21f912754d c015590d6a6fe833 3b6d27775fce1c7b 3e66b4855d0dddbe a60934e6b473097a 81bd116c786bf9ae f48d0fbea7dc2782 bd713b37b67866c3 54a11cbcd7a32af4 b9d966ad9e04127a 81b639b74256b45b 64b31699d7d15934 5897953fdf87b60f f1a3b8b13e9401c0 0e45c4c185f35df6 395b26d91f98bd92 48a76e3aff69d605 00d9eb862ba3dfc6 4d954d933e606b70 9fda36f260eec24e 0db6584e3bdfa1c4 62431fd374eb99fb 4f915ad69e1dca36 28a2067685cb3e97
486,99e833818ec4bbf2 01b3da54ffb158a0 061f3e1feeaa3094 4d32dae7b43c489a 88b62355670ec8f8 d7d937303a6d5a9d a65e30106ea50423 aa0789b403bcd839 87c5481930cfe126 65ad9c583823162d dc12cc503ac0eddb 65708d542bd01f39 f209d29f991432f0 a5d5ba33b5b1dc95 0647acc4602d4e8f 455fde214d16d350 43b3338423d7386c fa173131f15f5534 29968e8fd13539f8 f49e13a653cbdad2 01e5a6edcee7deb0 1c3b74a02a86467d 0772e3ab293a1f30 3e8e56f639a5db5b 22756be6fd061d4c 95166957b2c38794 bc2ae5f4e5d53e00 e6a29676c096f8e8 1efd7bd8a34a1359 4e966bb2768c2b8a
487,72b80b099fd64ec4 7f95168400948588 f25bfcffedaccf28 2cebd52b41930f0a 16b11706660177ff 5547f9f1638ac345 45bd99d5d2eef776 bd0f175ee98c613e 9100ea6cd0e084bf ca43e349133fc0e3 1f4f62844c3cb99c 19e8f436d4b2fc25 6899956cd6c683f0 cc0c9419f8a20603 b84b6c0b2e4d0306 2e44fbb8bc3d8d71 b05b5f6850cfa158 059bbdbdb843af6a c11b97f245a9dfd0 52aa48c07b34dc88 0add47a043c64d7f 92f42fbd0c38f7fd 1d72229ebcc00faf 016da874bd04df55 bc27d5dc9bab1c18 26fc2a95df5659c2 c28bc62802b90f82 18b1d2d84c97a364 025a148c3a53bd9f 5570ef88d970e9b4
488,522bd6887960c25d 3c565c1fc2316d16 24c47959ea77b15b 4b29fc21f912754d c015590d6a6fe833 3b6d27775fce1c7b 3e66b4855d0dddbe a60934e6b473097a 81bd116c786bf9ae f48d0fbea7dc2782 bd713b37b67866c3 54a11cbcd7a32af4 b9d966ad9e04127a 81b639b74256b45b 64b31699d7d15934 5897953fdf87b60f f1a3b8b13e9401c0 0e45c4c185f35df6 395b26d91f98bd92 48a76e3aff69d605 4d954d933e606b70 9fda36f260eec24e 0db6584e3bdfa1c4 62431fd374eb99fb 4f915ad69e1dca36 28a2067685cb3e97 0f4c71d341e2d939 a76ffccd2f5df1a7 8dedff0a79784abc 50cb6a6c60ad711a
489,63d509cd2a2e0e47 e8ad5e31484ef889 07be6a290720707d 1398b478b71773ed aa967ad3c1f65a29 5547f9f1638ac345 9a0f5ee4f845c9b2 0bcaac840d5e66d7 c28bc62802b90f82 702d8f1064ab3e30 3986b68500d7704b 3fa57d488e979d74 e0269da736ddf004 bd713b37b67866c3 fd30682593995748 f58ff7f1a6cde683 2a06f5614060e3b6 39f6296778264878 e25a1da6ca187350 c31a456b544a40a8 ff88049e61f0f4ef 734dabb98795c35c 942a7d26d81c841f bd0f175ee98c613e ae94d8435a6847f4 b6d0f83aad4e4dc7 b24820ae14e16a24 622f2e4119882c94 4b8c7061102517ef af8e70f978cd5aee
490,d73a65673e3f1d78 128d583954b18074 00e1e2eb13f650e4 47fbe21f5c35c7b4 52370bea1acd0600 4d7653ea9499eed4 9a0f5ee4f845c9b2 0bcaac840d5e66d7 c28bc62802b90f82 702d8f1064ab3e30 3986b68500d7704b 3fa57d488e979d74 c31a456b544a40a8 e0269da736ddf004 bd713b37b67866c3 fd30682593995748 2a06f5614060e3b6 39f6296778264878 e25a1da6ca187350 ff88049e61f0f4ef e7cad3748e50b0f8 0708923badf2ff5d 734dabb98795c35c 942a7d26d81c841f bd0f175ee98c613e ae94d8435a6847f4 b6d0f83aad4e4dc7 b24820ae14e16a24 bbbd5d2fd957e8f7 4b8c7061102517ef
491,095bb1b6ecbd0a50 ec4ef2f727e7a03f b3ad55963554f220 8faeacf8ca08f62d 528161039994b4dc 942a7d26d81c841f 8fc68213b63951dc f46601a9955f9949 a04d6febd82a4389 d5805cdb9e8f0f48 bb7515be835dea49 0b0021aa60d05daa eec6b281e236b500 bd0f175ee98c613e 9100ea6cd0e084bf 4491016efed845f1 1f4f62844c3cb99c a292248bb2bffb3d 393f49286db04aeb 33856365c271aea4 702d8f1064ab3e30 ce2fe99a7cda4a17 636224e349e561bf 955e465ce0788ea6 12af6a34778710db 39075e303166355e a813c15b46ceaf68 5b16bae6a0de7c88 40583079f57235a6 73391e0853c1e040
492,d216e5458ad70e60 fb8bd6b95eb4702a d63b7f083330247f b6e646c13d0753ae e8684734f2e587bd 8a5635c748344d47 3ca7964973437917 60a070db9f1869b5 8bf446c0455e3c5c d5952b2e031c4e7e da7d3c2d591c4295 1d12acf7349196b0 d73a65673e3f1d78 128d583954b18074 47fbe21f5c35c7b4 52370bea1acd0600 4d7653ea9499eed4 9a0f5ee4f845c9b2 0bcaac840d5e66d7 c28bc62802b90f82 702d8f1064ab3e30 3986b68500d7704b 3fa57d488e979d74 ff88049e61f0f4ef e0269da736ddf004 bd713b37b67866c3 bbbd5d2fd957e8f7 734dabb98795c35c 942a7d26d81c841f bd0f175ee98c613e
493,ddf332f2b55a2a23 24c47959ea77b15b 3c565c1fc2316d16 4b29fc21f912754d 3e66b4855d0dddbe f48d0fbea7dc2782 ba5199dba342af68 a853f13216170123 5b4c879fc9c316fb 4d954d933e606b70 62431fd374eb99fb 0f4c71d341e2d939 a76ffccd2f5df1a7 b6e72edcad270be0 66ccd03c9e03ac06 e403278468d84383 e25a1da6ca187350 172bc0ee09332ae9 1fe79c7de59ff6c6 a2c35fdf07a13286 c1f2e3a76d388944 e8b87ed7db1bcb1f cea18be9a89d7a81 3c0873ce078d332b ca4de5b8a7bda9df 6406fcdb7d87b5dc 404031ab9d5977c4 1dc7139adba034ec cc507a0d6fcf4a1c 999a52f1d301247c
494,b760ebc5f25788d3 0195950ce0f47e34 964a50d33717c26d 6a3919ad9ed8197e feddfcf56818968e b24820ae14e16a24 0bcaac840d5e66d7 5867d40811c0229f 96445bec1579ec97 ced9c56f2be86774 781f4d0147aef776 9fbffc521da97c54 a017f3358d5327aa 10ad13170242ecae 00d9eb862ba3dfc6 4d7653ea9499eed4 9a0f5ee4f845c9b2 2a06f5614060e3b6 c28bc62802b90f82 bd713b37b67866c3 702d8f1064ab3e30 e0269da736ddf004 3986b68500d7704b ff88049e61f0f4ef 3fa57d488e979d74 fd30682593995748 bd0f175ee98c613e ae94d8435a6847f4 b6d0f83aad4e4dc7 622f2e4119882c94
495,0897dcfae16e280f 04fda7c9d8971ec0 b0bfe0f426275870 b78189788d563693 46315cf30aaee51c da011b87595c1019 b6cdb608f640e038 2b48ab08c915c0ad fd30682593995748 9d5edf3b993fee50 0b774cf90856c4da 39f6296778264878 9b2adcf4041227d7 52e459a551d4ac2d e7828f0ea9749505 d6ed7e4b14c51296 da904d2a54ff8cf2 7d83ffe83f61bdc4 f05fa5f57dc03e81 74873b42602d8958 7cea1f637ea3f37d 0cd920bad11c716d 8dc313a2cf9da354 238ec735a13a3f09 36d33c41812ce7dc c810ac016901e8ac d64c06baf5ef1c90 b7d7d9ae1cbe0d8a d64c7c3b658689f4 5bf89d11a25121d9
496,538c7bb968b2154c 73f770f2643a2135 a18df74d3a16e9c0 d3c4a7db726191e0 07d688f5e2142b87 a2805ed52b47b8ec b26d8664feb18c8c ce0f56b7190c268a 97d696011258825c f29eee8054c061e1 01ecc81f6341e902 acf5cb026b3c4551 eff60ceea8817dad 5879096a38d69fc5 0195950ce0f47e34 3986b68500d7704b 702d8f1064ab3e30 3fa57d488e979d74 c28bc62802b90f82 e0269da736ddf004 bd713b37b67866c3 fd30682593995748 2a06f5614060e3b6 39f6296778264878 e25a1da6ca187350 ff88049e61f0f4ef ae94d8435a6847f4 b6d0f83aad4e4dc7 b24820ae14e16a24 622f2e4119882c94
497,48cf88c17ff38c5e 9f4e0d572b1f4e6c 0451447dd64f6284 52370bea1acd0600 3b4a85bac6ead3c8 285657fcdf89f00d b6a1c97f19af78d0 3b6d27775fce1c7b c015590d6a6fe833 c143c095983a65c2 a60934e6b473097a d9885881381fd10a d0f6c00eec5eb973 aa0789b403bcd839 81b7c7e312bfa1a0 9113e9dc940fb287 4d9214c0925e5af8 b84b6c0b2e4d0306 f1a3b8b13e9401c0 395b26d91f98bd92 50806199c80e215c e9c20b67a4c5395f e740c80fce094788 b2ee9eea2d974c90 cb3e4ce97e7f2881 4f915ad69e1dca36 28a2067685cb3e97 35488b3b8b781278 133b04350c75770b 50cb6a6c60ad711a
498,4f915ad69e1dca36 e9c20b67a4c5395f 3b6d27775fce1c7b c015590d6a6fe833 c143c095983a65c2 28a2067685cb3e97 35488b3b8b781278 50cb6a6c60ad711a 8dedff0a79784abc 0f33ce8d8014f308 24e582daf6f87158 0451447dd64f6284 52370bea1acd0600 3a6e7894dde31c67 285657fcdf89f00d b6a1c97f19af78d0 7c8324ce28ffb96e 522bd6887960c25d 828f5dfbbf1272ee d216e5458ad70e60 fb8bd6b95eb4702a e228204ae08d1355 72b80b099fd64ec4 99e833818ec4bbf2 e1460af4a7044067 4d7653ea9499eed4 db69d4cbfef8d22f f25bfcffedaccf28 7f95168400948588 01b3da54ffb158a0
499,62431fd374eb99fb 24c47959ea77b15b 3c565c1fc2316d16 4b29fc21f912754d 3e66b4855d0dddbe f48d0fbea7dc2782 4d954d933e606b70 522bd6887960c25d 0f4c71d341e2d939 a76ffccd2f5df1a7 b6e72edcad270be0 ddf332f2b55a2a23 66ccd03c9e03ac06 172bc0ee09332ae9 a2c35fdf07a13286 cea18be9a89d7a81 a853f13216170123 e8ad5e31484ef889 6406fcdb7d87b5dc 5b4c879fc9c316fb 404031ab9d5977c4 3b6d27775fce1c7b c015590d6a6fe833 999a52f1d301247c c31a456b544a40a8 238de368bb05c0ec a60934e6b473097a 81bd116c786bf9ae bd713b37b67866c3 54a11cbcd7a32af4
500,4577ae048ef1967d 01104a026d22ae55 bee46c54461925d0 2e4b00c01d58e79e 419b5dc40744fb9b 4535ce2e3dced00f 83f8f2fc471cad74 6204e398d8c7f888 bfb8032f2183d471 4bed80e56ea2e099 57113c2a4cacd961 b2ee9eea2d974c90 050544c040f46152 7c98dedd223b36c0 8643165b0f53df11 a017f3358d5327aa 522bd6887960c25d 828f5dfbbf1272ee d216e5458ad70e60 fb8bd6b95eb4702a e228204ae08d1355 72b80b099fd64ec4 99e833818ec4bbf2 e1460af4a7044067 4d7653ea9499eed4 db69d4cbfef8d22f 7f95168400948588 f25bfcffedaccf28 01b3da54ffb158a0 538c7bb968b2154c
501,0708923badf2ff5d b0e254dd420faee3 0eedb1a0d3b8ddae 6ae470a7c9ec20fd 52370bea1acd0600 4d7653ea9499eed4 9a0f5ee4f845c9b2 0bcaac840d5e66d7 c28bc62802b90f82 47fbe21f5c35c7b4 3986b68500d7704b 3fa57d488e979d74 ff88049e61f0f4ef e0269da736ddf004 bd713b37b67866c3 fd30682593995748 2a06f5614060e3b6 39f6296778264878 702d8f1064ab3e30 e7cad3748e50b0f8 734dabb98795c35c 942a7d26d81c841f bd0f175ee98c613e ae94d8435a6847f4 b6d0f83aad4e4dc7 b24820ae14e16a24 622f2e4119882c94 bbbd5d2fd957e8f7 af8e70f978cd5aee 5ebb4d2f5f1c1f13
502,01e5a6edcee7deb0 99e833818ec4bbf2 01b3da54ffb158a0 061f3e1feeaa3094 4d32dae7b43c489a b78189788d563693 025a148c3a53bd9f 46315cf30aaee51c 88b62355670ec8f8 d7d937303a6d5a9d 8f578001f9d5f543 0eafda717681bbdc 20d283a232dfd13c fc21db75b354a917 b29ab87af6ea6310 d92c0298f76ccf77 ffa9091747ae2466 a65e30106ea50423 aa0789b403bcd839 87c5481930cfe126 65ad9c583823162d dc12cc503ac0eddb 6406fcdb7d87b5dc 65708d542bd01f39 f209d29f991432f0 a5d5ba33b5b1dc95 b760ebc5f25788d3 0647acc4602d4e8f 455fde214d16d350 d6bbbd6c4968075a
503,ecb768ef6fd223ca 190ab585fd379f0f 976baf0e84752a68 b0bfe0f426275870 b78189788d563693 46315cf30aaee51c da011b87595c1019 b6cdb608f640e038 2b48ab08c915c0ad fd30682593995748 9d5edf3b993fee50 0b774cf90856c4da 39f6296778264878 e7828f0ea9749505 52e459a551d4ac2d 9b2adcf4041227d7 d6ed7e4b14c51296 da904d2a54ff8cf2 7d83ffe83f61bdc4 f05fa5f57dc03e81 74873b42602d8958 7cea1f637ea3f37d 0cd920bad11c716d 8dc313a2cf9da354 238ec735a13a3f09 36d33c41812ce7dc c810ac016901e8ac d64c06baf5ef1c90 b7d7d9ae1cbe0d8a d64c7c3b658689f4
504,cc0c9419f8a20603 59c231f8fd21260c 522bd6887960c25d 24c47959ea77b15b 3c565c1fc2316d16 4b29fc21f912754d 3b6d27775fce1c7b c015590d6a6fe833 3e66b4855d0dddbe a60934e6b473097a 81bd116c786bf9ae f48d0fbea7dc2782 bd713b37b67866c3 54a11cbcd7a32af4 b9d966ad9e04127a 81b639b74256b45b 64b31699d7d15934 5897953fdf87b60f f1a3b8b13e9401c0 0e45c4c185f35df6 395b26d91f98bd92 48a76e3aff69d605 4d954d933e606b70 9fda36f260eec24e 0db6584e3bdfa1c4 62431fd374eb99fb 4f915ad69e1dca36 28a2067685cb3e97 0f4c71d341e2d939 a76ffccd2f5df1a7
505,00e1e2eb13f650e4 bbbd5d2fd957e8f7 47fbe21f5c35c7b4 52370bea1acd0600 4d7653ea9499eed4 9a0f5ee4f845c9b2 0bcaac840d5e66d7 c28bc62802b90f82 702d8f1064ab3e30 cea18be9a89d7a81 3fa57d488e979d74 ff88049e61f0f4ef e0269da736ddf004 bd713b37b67866c3 fd30682593995748 2a06f5614060e3b6 39f6296778264878 e25a1da6ca187350 3986b68500d7704b e36475c1af5ea3ab e7cad3748e50b0f8 0708923badf2ff5d 734dabb98795c35c 942a7d26d81c841f bd0f175ee98c613e ae94d8435a6847f4 b6d0f83aad4e4dc7 5fb2d8e734956af0 622f2e4119882c94 4b8c7061102517ef
506,72b80b099fd64ec4 7f95168400948588 f25bfcffedaccf28 2cebd52b41930f0a 16b11706660177ff 5547f9f1638ac345 45bd99d5d2eef776 ca43e349133fc0e3 19e8f436d4b2fc25 6899956cd6c683f0 cc0c9419f8a20603 b84b6c0b2e4d0306 b05b5f6850cfa158 c11b97f245a9dfd0 52aa48c07b34dc88 0add47a043c64d7f 92f42fbd0c38f7fd 1d72229ebcc00faf 43c354dbf952caaa a0566ca9daca7778 d73a65673e3f1d78 128d583954b18074 622f2e4119882c94 e0269da736ddf004 bd713b37b67866c3 ff88049e61f0f4ef 3fa57d488e979d74 3986b68500d7704b fd30682593995748 2a06f5614060e3b6
507,fab14d178b24a67f af8e70f978cd5aee cc861214a89ef1f4 4b8c7061102517ef 4105533fe46dfba9 059bbdbdb843af6a 0079f3c74309b582 a017f3358d5327aa d73a65673e3f1d78 128d583954b18074 9a0f5ee4f845c9b2 c28bc62802b90f82 702d8f1064ab3e30 3986b68500d7704b 3fa57d488e979d74 ff88049e61f0f4ef e0269da736ddf004 bd713b37b67866c3 fd30682593995748 2a06f5614060e3b6 39f6296778264878 e25a1da6ca187350 c31a456b544a40a8 0bcaac840d5e66d7 734dabb98795c35c 942a7d26d81c841f bd0f175ee98c613e ae94d8435a6847f4 b6d0f83aad4e4dc7 b24820ae14e16a24
508,29bedd00fb2be056 455fde214d16d350 33856365c271aea4 5989fb934598c1a7 07f22a7ad7e4711d 25a3b47fe31bc6b5 ddb3810e0289c148 387e9cd2e5d4ea7d ebfda3b48083e390 42c9b72cc77dcb28 025a148c3a53bd9f c5830f9d0f1e29e5 7155e5a86136eb02 65708d542bd01f39 57113c2a4cacd961 4d954d933e606b70 095bb1b6ecbd0a50 8643165b0f53df11 3ca7964973437917 eff60ceea8817dad 1f423f368aebf7f3 26fc2a95df5659c2 855f2f0354e102c7 63d95d5977c2fe98 7ee52d2519eea367 44d324ebd3e22ad7 1398b478b71773ed 4d417b203b333363 587e0b2a4811fab1 b6a1c97f19af78d0
509,8df3f13d6af34cb3 d73a65673e3f1d78 128d583954b18074 47fbe21f5c35c7b4 52370bea1acd0600 4d7653ea9499eed4 9a0f5ee4f845c9b2 0bcaac840d5e66d7 c28bc62802b90f82 702d8f1064ab3e30 3986b68500d7704b ff88049e61f0f4ef e0269da736ddf004 bd713b37b67866c3 fd30682593995748 2a06f5614060e3b6 39f6296778264878 c31a456b544a40a8 3fa57d488e979d74 e7cad3748e50b0f8 0708923badf2ff5d 734dabb98795c35c 942a7d26d81c841f bd0f175ee98c613e ae94d8435a6847f4 b6d0f83aad4e4dc7 b24820ae14e16a24 622f2e4119882c94 e25a1da6ca187350 af8e70f978cd5aee
510,148ac4a56a18844d 58654e3143c6550b 5f94b027039f4e48 ebfda3b48083e390 0688c790d5806540 3b6d27775fce1c7b c015590d6a6fe833 0683b6a78f54be75 40583079f57235a6 4dba7ce835494a63 1d0f5fdc58e3efb5 70ebf53ced736fa4 ad06e9eeea8eb4ea c143c095983a65c2 a60934e6b473097a 522bd6887960c25d 25a3b47fe31bc6b5 28a2067685cb3e97 24e582daf6f87158 f105a53e5cfae611 7c8324ce28ffb96e 4b29fc21f912754d 4f915ad69e1dca36 e9c20b67a4c5395f 50cb6a6c60ad711a 8dedff0a79784abc 3b4a85bac6ead3c8 587e0b2a4811fab1 52370bea1acd0600 ce0f56b7190c268a
511,d73a65673e3f1d78 128d583954b18074 47fbe21f5c35c7b4 52370bea1acd0600 4d7653ea9499eed4 9a0f5ee4f845c9b2 0bcaac840d5e66d7 c28bc62802b90f82 702d8f1064ab3e30 3986b68500d7704b c31a456b544a40a8 ff88049e61f0f4ef e0269da736ddf004 bd713b37b67866c3 fd30682593995748 2a06f5614060e3b6 39f6296778264878 e25a1da6ca187350 3fa57d488e979d74 e7cad3748e50b0f8 0708923badf2ff5d 734dabb98795c35c 942a7d26d81c841f bd0f175ee98c613e ae94d8435a6847f4 b6d0f83aad4e4dc7 b24820ae14e16a24 bbbd5d2fd957e8f7 4b8c7061102517ef af8e70f978cd5aee
512,3c565c1fc2316d16 24c47959ea77b15b 4b29fc21f912754d 3e66b4855d0dddbe f48d0fbea7dc2782 a853f13216170123 5b4c879fc9c316fb 4d954d933e606b70 62431fd374eb99fb 0f4c71d341e2d939 a76ffccd2f5df1a7 b6e72edcad270be0 ddf332f2b55a2a23 66ccd03c9e03ac06 172bc0ee09332ae9 a2c35fdf07a13286 cea18be9a89d7a81 6406fcdb7d87b5dc 404031ab9d5977c4 cc507a0d6fcf4a1c 999a52f1d301247c c31a456b544a40a8 238de368bb05c0ec 522bd6887960c25d 666bdff4faa513ca 4f2fffd7528de786 486dd77002936dec 07f22a7ad7e4711d c015590d6a6fe833 3b6d27775fce1c7b
513,522bd6887960c25d 3c565c1fc2316d16 24c47959ea77b15b 4b29fc21f912754d 3b6d27775fce1c7b c015590d6a6fe833 3e66b4855d0dddbe a60934e6b473097a 81bd116c786bf9ae f48d0fbea7dc2782 bd713b37b67866c3 54a11cbcd7a32af4 b9d966ad9e04127a 81b639b74256b45b 64b31699d7d15934 5897953fdf87b60f f1a3b8b13e9401c0 0e45c4c185f35df6 395b26d91f98bd92 48a76e3aff69d605 4d954d933e606b70 9fda36f260eec24e 0db6584e3bdfa1c4 62431fd374eb99fb 4f915ad69e1dca36 28a2067685cb3e97 0f4c71d341e2d939 a76ffccd2f5df1a7 8dedff0a79784abc 50cb6a6c60ad711a
514,fab14d178b24a67f af8e70f978cd5aee cc861214a89ef1f4 4b8c7061102517ef 4105533fe46dfba9 059bbdbdb843af6a b78189788d563693 025a148c3a53bd9f 46315cf30aaee51c 8f578001f9d5f543 0eafda717681bbdc 20d283a232dfd13c fc21db75b354a917 b29ab87af6ea6310 d92c0298f76ccf77 ffa9091747ae2466 b760ebc5f25788d3 d6bbbd6c4968075a 27888817db122597 853e36b1550c6274 2359719a0f40ffac acae1d29289b1266 6d80d2e62d01f6bc ecb768ef6fd223ca 6406fcdb7d87b5dc 6aac5e116b75aa22 0195950ce0f47e34 0772e3ab293a1f30 4d7653ea9499eed4 9a0f5ee4f845c9b2
515,54a11cbcd7a32af4 522bd6887960c25d e1460af4a7044067 ec4ef2f727e7a03f 095bb1b6ecbd0a50 4d7653ea9499eed4 7f95168400948588 f25bfcffedaccf28 01b3da54ffb158a0 8fc68213b63951dc 942a7d26d81c841f b3ad55963554f220 528161039994b4dc 8faeacf8ca08f62d f46601a9955f9949 ec1b3d7ccd3984d0 a853f13216170123 eec6b281e236b500 bd0f175ee98c613e 9100ea6cd0e084bf f76f44d372517a9a 964a50d33717c26d d980375fbd40c75f 16b11706660177ff 4d32dae7b43c489a 061f3e1feeaa3094 54f55c74d37db3c0 0a79fabc6f5d93c9 4b29fc21f912754d 939a1f686ea36c05
516,29bedd00fb2be056 455fde214d16d350 33856365c271aea4 5989fb934598c1a7 07f22a7ad7e4711d 25a3b47fe31bc6b5 ddb3810e0289c148 387e9cd2e5d4ea7d ebfda3b48083e390 42c9b72cc77dcb28 025a148c3a53bd9f c5830f9d0f1e29e5 7155e5a86136eb02 65708d542bd01f39 57113c2a4cacd961 4d954d933e606b70 095bb1b6ecbd0a50 8643165b0f53df11 3ca7964973437917 eff60ceea8817dad 1f423f368aebf7f3 26fc2a95df5659c2 855f2f0354e102c7 63d95d5977c2fe98 7ee52d2519eea367 44d324ebd3e22ad7 1398b478b71773ed 4d417b203b333363 587e0b2a4811fab1 b6a1c97f19af78d0
517,00ff646ca6637bd7 2b48ab08c915c0ad fd30682593995748 9d5edf3b993fee50 0b774cf90856c4da 120e745e2961b5d5 64907c4568244eb4 fc8971756f9ec194 a84cd36608cb8665 7c9248ed6224aa26 537a55eda51a3f60 451e7ba901ad661d 898a4921ab9f4cce f105a53e5cfae611 70ebf53ced736fa4 ad06e9eeea8eb4ea a9223c28b10c131f ba5199dba342af68 dea5e9227fbbac29 4beacc71024f8b08 e403278468d84383 e25a1da6ca187350 1fe79c7de59ff6c6 c1f2e3a76d388944 e8b87ed7db1bcb1f ca4de5b8a7bda9df 3c0873ce078d332b 1dc7139adba034ec 83b911ff0ff45844 d1e21234d7cc61d2
518,fb8bd6b95eb4702a d216e5458ad70e60 da7d3c2d591c4295 daa257a37227cd72 29bedd00fb2be056 b69ce8b8154645f8 a52df8083c238c46 c606425856952286 bf3ccaba4a3450a8 d63b7f083330247f b6e646c13d0753ae e8684734f2e587bd 8a5635c748344d47 3ca7964973437917 796888cc3443006c 60a070db9f1869b5 8bf446c0455e3c5c 4c3802a1bd3c842e c11b97f245a9dfd0 d46598813fb437e5 6d80d2e62d01f6bc 5fb2d8e734956af0 d5952b2e031c4e7e 2901e5309bb3f8f6 5ebb4d2f5f1c1f13 ac9ee0c09b538140 01ecc81f6341e902 486dd77002936dec dc17b07476183764 22756be6fd061d4c
519,9100ea6cd0e084bf bd0f175ee98c613e 1f4f62844c3cb99c 2e44fbb8bc3d8d71 059bbdbdb843af6a 016da874bd04df55 bc27d5dc9bab1c18 c28bc62802b90f82 26fc2a95df5659c2 18b1d2d84c97a364 025a148c3a53bd9f 5570ef88d970e9b4 fab14d178b24a67f 8f578001f9d5f543 316382267dcd804f fc21db75b354a917 74244a8703c03720 39f6296778264878 bed3e73d52011f68 d92c0298f76ccf77 6cb9ab508a0678a0 2820628e65a062e2 d72363ddd958d906 83f8aca6ee2caabc c810ac016901e8ac d64c06baf5ef1c90 36d33c41812ce7dc f9c6286cff30aaa8 b7d7d9ae1cbe0d8a cc861214a89ef1f4
520,acf5cb026b3c4551 e8ad5e31484ef889 aa967ad3c1f65a29 52370bea1acd0600 4d7653ea9499eed4 9a0f5ee4f845c9b2 0bcaac840d5e66d7 c28bc62802b90f82 702d8f1064ab3e30 3986b68500d7704b f58ff7f1a6cde683 ff88049e61f0f4ef e0269da736ddf004 bd713b37b67866c3 fd30682593995748 2a06f5614060e3b6 39f6296778264878 e25a1da6ca187350 c31a456b544a40a8 3fa57d488e979d74 0708923badf2ff5d 734dabb98795c35c 942a7d26d81c841f bd0f175ee98c613e ae94d8435a6847f4 b6d0f83aad4e4dc7 b24820ae14e16a24 622f2e4119882c94 47fbe21f5c35c7b4 af8e70f978cd5aee
521,538c7bb968b2154c 73f770f2643a2135 a18df74d3a16e9c0 d3c4a7db726191e0 07d688f5e2142b87 a2805ed52b47b8ec b26d8664feb18c8c ce0f56b7190c268a 97d696011258825c f29eee8054c061e1 01ecc81f6341e902 acf5cb026b3c4551 eff60ceea8817dad 5879096a38d69fc5 d73a65673e3f1d78 128d583954b18074 bd713b37b67866c3 e0269da736ddf004 ff88049e61f0f4ef 3fa57d488e979d74 fd30682593995748 2a06f5614060e3b6 3986b68500d7704b 39f6296778264878 702d8f1064ab3e30 e25a1da6ca187350 bd0f175ee98c613e b6d0f83aad4e4dc7 b24820ae14e16a24 622f2e4119882c94
522,430feb4826a5632e eff60ceea8817dad 27888817db122597 c015590d6a6fe833 3b6d27775fce1c7b c143c095983a65c2 e9c20b67a4c5395f 4f915ad69e1dca36 28a2067685cb3e97 35488b3b8b781278 8dedff0a79784abc 50cb6a6c60ad711a 0f33ce8d8014f308 24e582daf6f87158 0451447dd64f6284 52370bea1acd0600 3a6e7894dde31c67 285657fcdf89f00d b6a1c97f19af78d0 7c8324ce28ffb96e d73a65673e3f1d78 3986b68500d7704b 3fa57d488e979d74 ff88049e61f0f4ef 702d8f1064ab3e30 c28bc62802b90f82 e0269da736ddf004 bd713b37b67866c3 fd30682593995748 39f6296778264878
523,3b6d27775fce1c7b c015590d6a6fe833 c143c095983a65c2 e9c20b67a4c5395f 4f915ad69e1dca36 28a2067685cb3e97 35488b3b8b781278 8dedff0a79784abc 50cb6a6c60ad711a 0f33ce8d8014f308 24e582daf6f87158 0451447dd64f6284 52370bea1acd0600 3a6e7894dde31c67 285657fcdf89f00d b6a1c97f19af78d0 7c8324ce28ffb96e d73a65673e3f1d78 128d583954b18074 702d8f1064ab3e30 c28bc62802b90f82 3986b68500d7704b 3fa57d488e979d74 ff88049e61f0f4ef e0269da736ddf004 bd713b37b67866c3 fd30682593995748 39f6296778264878 0bcaac840d5e66d7 ae94d8435a6847f4
524,522bd6887960c25d 828f5dfbbf1272ee fb8bd6b95eb4702a d216e5458ad70e60 e228204ae08d1355 72b80b099fd64ec4 99e833818ec4bbf2 e1460af4a7044067 4d7653ea9499eed4 db69d4cbfef8d22f 7f95168400948588 f25bfcffedaccf28 01b3da54ffb158a0 538c7bb968b2154c 2cebd52b41930f0a ec1b3d7ccd3984d0 a853f13216170123 3c565c1fc2316d16 24c47959ea77b15b 5b4c879fc9c316fb f76f44d372517a9a 964a50d33717c26d 9cf6709de35bf0f3 d980375fbd40c75f 16b11706660177ff 061f3e1feeaa3094 4d32dae7b43c489a 0a79fabc6f5d93c9 4b29fc21f912754d f105a53e5cfae611
525,bc27d5dc9bab1c18 016da874bd04df55 26fc2a95df5659c2 c28bc62802b90f82 18b1d2d84c97a364 025a148c3a53bd9f 2e44fbb8bc3d8d71 5570ef88d970e9b4 fab14d178b24a67f 059bbdbdb843af6a 316382267dcd804f fc21db75b354a917 74244a8703c03720 39f6296778264878 d92c0298f76ccf77 83f8aca6ee2caabc d72363ddd958d906 c810ac016901e8ac d64c06baf5ef1c90 36d33c41812ce7dc cc861214a89ef1f4 fc8971756f9ec194 3d93a60f990a0a7c a14394322cf7043d a677c3a76055a6d2 f28fb3d9880c5d4c bd0f175ee98c613e 9100ea6cd0e084bf bf3ccaba4a3450a8 453bc79164d57a01
526,70ebf53ced736fa4 ad06e9eeea8eb4ea f105a53e5cfae611 c015590d6a6fe833 3b6d27775fce1c7b c143c095983a65c2 dea5e9227fbbac29 f76f44d372517a9a e9c20b67a4c5395f a9223c28b10c131f 28a2067685cb3e97 0f33ce8d8014f308 4beacc71024f8b08 24e582daf6f87158 40583079f57235a6 a853f13216170123 db69d4cbfef8d22f 4f915ad69e1dca36 35488b3b8b781278 8dedff0a79784abc 50cb6a6c60ad711a 7c8324ce28ffb96e 9cf6709de35bf0f3 4b29fc21f912754d 0451447dd64f6284 52370bea1acd0600 1d0f5fdc58e3efb5 3a6e7894dde31c67 285657fcdf89f00d b6a1c97f19af78d0
527,01020d1b0821f4c7 01ecc81f6341e902 5fb2d8e734956af0 5879096a38d69fc5 522bd6887960c25d 3c565c1fc2316d16 24c47959ea77b15b 4b29fc21f912754d c015590d6a6fe833 3b6d27775fce1c7b 3e66b4855d0dddbe a60934e6b473097a 81bd116c786bf9ae f48d0fbea7dc2782 bd713b37b67866c3 54a11cbcd7a32af4 b9d966ad9e04127a 81b639b74256b45b 64b31699d7d15934 5897953fdf87b60f f1a3b8b13e9401c0 0e45c4c185f35df6 395b26d91f98bd92 48a76e3aff69d605 4d954d933e606b70 9fda36f260eec24e 0db6584e3bdfa1c4 62431fd374eb99fb 4f915ad69e1dca36 28a2067685cb3e97
528,99e833818ec4bbf2 01b3da54ffb158a0 4d32dae7b43c489a 061f3e1feeaa3094 01e5a6edcee7deb0 88b62355670ec8f8 d7d937303a6d5a9d a65e30106ea50423 aa0789b403bcd839 87c5481930cfe126 dc12cc503ac0eddb 65ad9c583823162d bd0f175ee98c613e 9100ea6cd0e084bf 65708d542bd01f39 f209d29f991432f0 1f4f62844c3cb99c a5d5ba33b5b1dc95 0647acc4602d4e8f 2e44fbb8bc3d8d71 455fde214d16d350 059bbdbdb843af6a 43b3338423d7386c fa173131f15f5534 29968e8fd13539f8 f49e13a653cbdad2 bc27d5dc9bab1c18 016da874bd04df55 c28bc62802b90f82 26fc2a95df5659c2
529,83f5a9732f0de67f 00e1e2eb13f650e4 cea18be9a89d7a81 bbbd5d2fd957e8f7 47fbe21f5c35c7b4 52370bea1acd0600 4d7653ea9499eed4 9a0f5ee4f845c9b2 0bcaac840d5e66d7 c28bc62802b90f82 5fb2d8e734956af0 3986b68500d7704b 3fa57d488e979d74 ff88049e61f0f4ef e0269da736ddf004 bd713b37b67866c3 fd30682593995748 2a06f5614060e3b6 39f6296778264878 702d8f1064ab3e30 e36475c1af5ea3ab e7cad3748e50b0f8 0708923badf2ff5d 734dabb98795c35c 942a7d26d81c841f bd0f175ee98c613e ae94d8435a6847f4 b6d0f83aad4e4dc7 447fc00f40d71d08 622f2e4119882c94
530,46b99f864d6a075a 447fc00f40d71d08 ac9ee0c09b538140 74244a8703c03720 5b16bae6a0de7c88 abf90e759d208468 486dd77002936dec 34a62e66e05f9a44 6a9aa1bd93e36e66 73391e0853c1e040 09660f466b38b7ba 680bb5c5c3bb6ee1 29968e8fd13539f8 a9dad59c7055b56c b29ab87af6ea6310 49224aca40e6e5e3 63d95d5977c2fe98 b69ce8b8154645f8 f9c6286cff30aaa8 0d0368139e9a647f f58ff7f1a6cde683 622f2e4119882c94 106204cd0e07e1b2 a14394322cf7043d d46598813fb437e5 72403ecdfe02bba6 8d58da0e1800dc96 6d80d2e62d01f6bc 4b29fc21f912754d 955e465ce0788ea6
531,10ad13170242ecae 522bd6887960c25d 24c47959ea77b15b 3c565c1fc2316d16 a017f3358d5327aa 4b29fc21f912754d c015590d6a6fe833 3b6d27775fce1c7b 3e66b4855d0dddbe a60934e6b473097a 81bd116c786bf9ae f48d0fbea7dc2782 bd713b37b67866c3 54a11cbcd7a32af4 b9d966ad9e04127a 81b639b74256b45b 64b31699d7d15934 5897953fdf87b60f f1a3b8b13e9401c0 0e45c4c185f35df6 395b26d91f98bd92 48a76e3aff69d605 4d954d933e606b70 9fda36f260eec24e 0db6584e3bdfa1c4 62431fd374eb99fb 4f915ad69e1dca36 28a2067685cb3e97 0f4c71d341e2d939 a76ffccd2f5df1a7
532,095bb1b6ecbd0a50 ec4ef2f727e7a03f b3ad55963554f220 8faeacf8ca08f62d 8fc68213b63951dc 942a7d26d81c841f f46601a9955f9949 528161039994b4dc bb7515be835dea49 d5805cdb9e8f0f48 0b0021aa60d05daa a04d6febd82a4389 eec6b281e236b500 9100ea6cd0e084bf bd0f175ee98c613e 4491016efed845f1 1f4f62844c3cb99c a292248bb2bffb3d 33856365c271aea4 393f49286db04aeb 702d8f1064ab3e30 ce2fe99a7cda4a17 636224e349e561bf 955e465ce0788ea6 12af6a34778710db 39075e303166355e a813c15b46ceaf68 40583079f57235a6 b3e75fdca5ca2f1a 6c017e548aa138f2
533,72b80b099fd64ec4 7f95168400948588 f25bfcffedaccf28 2cebd52b41930f0a 16b11706660177ff 5547f9f1638ac345 45bd99d5d2eef776 ca43e349133fc0e3 6899956cd6c683f0 19e8f436d4b2fc25 cc0c9419f8a20603 b84b6c0b2e4d0306 b05b5f6850cfa158 c11b97f245a9dfd0 52aa48c07b34dc88 0add47a043c64d7f 92f42fbd0c38f7fd 1d72229ebcc00faf 43c354dbf952caaa a0566ca9daca7778 0a49074a4158155b 522bd6887960c25d 828f5dfbbf1272ee fb8bd6b95eb4702a d216e5458ad70e60 e228204ae08d1355 99e833818ec4bbf2 e1460af4a7044067 4d7653ea9499eed4 db69d4cbfef8d22f
534,42c9b72cc77dcb28 2e44fbb8bc3d8d71 0c2eeab1e4ce1db8 f28fb3d9880c5d4c a677c3a76055a6d2 351c9da399c2b915 83f8aca6ee2caabc d72363ddd958d906 36d33c41812ce7dc d64c06baf5ef1c90 c810ac016901e8ac cc861214a89ef1f4 3d93a60f990a0a7c fc8971756f9ec194 059bbdbdb843af6a 453bc79164d57a01 2dd12c230ab22555 2bafd15871caae91 b8e2f75014710ced 6e1b6b53c9710940 b0b5e62a93a2c37c 37001ade0df85823 e5fb8dc5c9cb4a19 4105533fe46dfba9 8b7c486a910dd004 bc27d5dc9bab1c18 016da874bd04df55 26fc2a95df5659c2 c28bc62802b90f82 18b1d2d84c97a364
535,922e625fae98b3b9 c08c3765ac609cc0 74e59c5820900b17 42a5cae2a3a45557 05f23e7d05dbf7c2 2359719a0f40ffac 8d58da0e1800dc96 bed3e73d52011f68 5b34da30b93eb123 65fac1ba1840000f 2a06f5614060e3b6 e14a893f1918277e f2234bb7ce0c6f59 00140806971e7a73 a9eef13786610446 b749972436ac9791 f705b637f624147e e7cad3748e50b0f8 ffc688c4c1c2a068 18ced18aee04c48e 050544c040f46152 3fa57d488e979d74 54f55c74d37db3c0 44d324ebd3e22ad7 63d95d5977c2fe98 0d0368139e9a647f dac29ed8400b50cc 2810fb6f81d1711c 0fbd0f422e926816 4a5ac473c9d176ba
536,133b04350c75770b a60934e6b473097a 1d0f5fdc58e3efb5 50806199c80e215c e740c80fce094788 cb3e4ce97e7f2881 0451447dd64f6284 52370bea1acd0600 828f5dfbbf1272ee 4beacc71024f8b08 e228204ae08d1355 587e0b2a4811fab1 e1460af4a7044067 285657fcdf89f00d b6a1c97f19af78d0 4d7653ea9499eed4 40583079f57235a6 f105a53e5cfae611 d980375fbd40c75f 58654e3143c6550b aa0789b403bcd839 939a1f686ea36c05 ad06e9eeea8eb4ea 70ebf53ced736fa4 c015590d6a6fe833 3b6d27775fce1c7b c143c095983a65c2 3b4a85bac6ead3c8 b1e47da7659b675c 9b0e8cf8153e3b33
537,6cb9ab508a0678a0 fc8971756f9ec194 a677c3a76055a6d2 f28fb3d9880c5d4c 2e44fbb8bc3d8d71 00ff646ca6637bd7 99e833818ec4bbf2 351c9da399c2b915 42c9b72cc77dcb28 01b3da54ffb158a0 120e745e2961b5d5 37001ade0df85823 b0b5e62a93a2c37c 061f3e1feeaa3094 4d32dae7b43c489a 0c2eeab1e4ce1db8 88b62355670ec8f8 d7d937303a6d5a9d 01e5a6edcee7deb0 00af886180e9eaec a65e30106ea50423 aa0789b403bcd839 87c5481930cfe126 354d7a327bbcc152 9a439fd1abf95245 dc12cc503ac0eddb 65ad9c583823162d bd0f175ee98c613e 9100ea6cd0e084bf 65708d542bd01f39
538,63d509cd2a2e0e47 07be6a290720707d e8ad5e31484ef889 1398b478b71773ed a017f3358d5327aa f58ff7f1a6cde683 9a0f5ee4f845c9b2 0bcaac840d5e66d7 c28bc62802b90f82 702d8f1064ab3e30 3986b68500d7704b 3fa57d488e979d74 ff88049e61f0f4ef e0269da736ddf004 bd713b37b67866c3 fd30682593995748 2a06f5614060e3b6 39f6296778264878 e25a1da6ca187350 c31a456b544a40a8 4d7653ea9499eed4 0708923badf2ff5d 734dabb98795c35c 942a7d26d81c841f bd0f175ee98c613e ae94d8435a6847f4 b6d0f83aad4e4dc7 b24820ae14e16a24 622f2e4119882c94 4b8c7061102517ef
539,ec1b3d7ccd3984d0 0a79fabc6f5d93c9 ce2fe99a7cda4a17 27bc34b9887bec0d 48f93f9c2c699e19 3cb6b40d377e7ca8 e22c35101e190db9 09bbaa171c20bae3 eec6b281e236b500 45630e1451157ff3 eab15ee21e126f6a 34a62e66e05f9a44 4d7653ea9499eed4 4fe9e4e55585ba4b 522bd6887960c25d 8699cc5dd4159b69 25145708d494530b 9cf6709de35bf0f3 abf90e759d208468 ec4ef2f727e7a03f 095bb1b6ecbd0a50 7155e5a86136eb02 f76f44d372517a9a 964a50d33717c26d 03dfe518713e006c d980375fbd40c75f c6b615b2589e036d 3d6880bd12f6613f a813c15b46ceaf68 e1460af4a7044067
540,ca43e349133fc0e3 bbbd5d2fd957e8f7 47fbe21f5c35c7b4 52370bea1acd0600 4d7653ea9499eed4 9a0f5ee4f845c9b2 0bcaac840d5e66d7 c28bc62802b90f82 702d8f1064ab3e30 059bbdbdb843af6a 3fa57d488e979d74 ff88049e61f0f4ef e0269da736ddf004 bd713b37b67866c3 fd30682593995748 2a06f5614060e3b6 39f6296778264878 e25a1da6ca187350 3986b68500d7704b e7cad3748e50b0f8 0708923badf2ff5d 734dabb98795c35c 942a7d26d81c841f bd0f175ee98c613e ae94d8435a6847f4 b6d0f83aad4e4dc7 b24820ae14e16a24 cea18be9a89d7a81 4b8c7061102517ef af8e70f978cd5aee
541,e878efab7c37179e eff60ceea8817dad eab15ee21e126f6a 4b05967001421eab 5547f9f1638ac345 88b62355670ec8f8 419b5dc40744fb9b 828f5dfbbf1272ee e228204ae08d1355 2394b08708475900 e1460af4a7044067 4d7653ea9499eed4 b84b6c0b2e4d0306 d980375fbd40c75f 0add47a043c64d7f 939a1f686ea36c05 43b3338423d7386c 1d0f5fdc58e3efb5 97d696011258825c f49e13a653cbdad2 01e5a6edcee7deb0 42bb83d7c4b9ecae 96e82fa141db9a4b 4e966bb2768c2b8a 366a22fce0614fb8 8566d15270eb5e83 bf973f9ec3600199 26140b225c4f8d3f fb2ebcb5335ad2e2 a492bd402afd5c71
542,29bedd00fb2be056 455fde214d16d350 33856365c271aea4 5989fb934598c1a7 07f22a7ad7e4711d 25a3b47fe31bc6b5 ddb3810e0289c148 387e9cd2e5d4ea7d ebfda3b48083e390 42c9b72cc77dcb28 025a148c3a53bd9f c5830f9d0f1e29e5 7155e5a86136eb02 65708d542bd01f39 57113c2a4cacd961 4d954d933e606b70 095bb1b6ecbd0a50 8643165b0f53df11 3ca7964973437917 eff60ceea8817dad 1f423f368aebf7f3 26fc2a95df5659c2 855f2f0354e102c7 63d95d5977c2fe98 7ee52d2519eea367 44d324ebd3e22ad7 1398b478b71773ed 4d417b203b333363 587e0b2a4811fab1 b6a1c97f19af78d0
543,40583079f57235a6 f105a53e5cfae611 58654e3143c6550b 1d0f5fdc58e3efb5 ad06e9eeea8eb4ea 70ebf53ced736fa4 3b6d27775fce1c7b c015590d6a6fe833 c143c095983a65c2 3b4a85bac6ead3c8 a60934e6b473097a 5f94b027039f4e48 e9c20b67a4c5395f ebfda3b48083e390 0688c790d5806540 587e0b2a4811fab1 4f915ad69e1dca36 28a2067685cb3e97 35488b3b8b781278 148ac4a56a18844d d257d1fbcf43abd5 50cb6a6c60ad711a 8dedff0a79784abc a9223c28b10c131f ce0f56b7190c268a 0f33ce8d8014f308 133b04350c75770b 24e582daf6f87158 0451447dd64f6284 52370bea1acd0600
544,e22c35101e190db9 ec1b3d7ccd3984d0 0a79fabc6f5d93c9 095bb1b6ecbd0a50 ec4ef2f727e7a03f 522bd6887960c25d 27bc34b9887bec0d 48f93f9c2c699e19 3cb6b40d377e7ca8 e1460af4a7044067 54f55c74d37db3c0 393f49286db04aeb a292248bb2bffb3d 33856365c271aea4 09bbaa171c20bae3 7f95168400948588 f25bfcffedaccf28 ce2fe99a7cda4a17 01b3da54ffb158a0 45630e1451157ff3 40583079f57235a6 16b11706660177ff 061f3e1feeaa3094 4d32dae7b43c489a 8fc68213b63951dc b3ad55963554f220 8faeacf8ca08f62d f46601a9955f9949 528161039994b4dc 942a7d26d81c841f
545,404031ab9d5977c4 a853f13216170123 3c565c1fc2316d16 24c47959ea77b15b 5b4c879fc9c316fb 4b29fc21f912754d 3e66b4855d0dddbe f48d0fbea7dc2782 cc507a0d6fcf4a1c 4d954d933e606b70 62431fd374eb99fb 0f4c71d341e2d939 a76ffccd2f5df1a7 b6e72edcad270be0 ddf332f2b55a2a23 666bdff4faa513ca 66ccd03c9e03ac06 4f2fffd7528de786 172bc0ee09332ae9 a2c35fdf07a13286 486dd77002936dec cea18be9a89d7a81 07f22a7ad7e4711d 6406fcdb7d87b5dc 999a52f1d301247c c31a456b544a40a8 238de368bb05c0ec 3fa57d488e979d74 ff88049e61f0f4ef e0269da736ddf004
546,b0e254dd420faee3 0708923badf2ff5d 0eedb1a0d3b8ddae 6ae470a7c9ec20fd 522bd6887960c25d 24c47959ea77b15b 3c565c1fc2316d16 4b29fc21f912754d c015590d6a6fe833 3b6d27775fce1c7b 3e66b4855d0dddbe a60934e6b473097a 81bd116c786bf9ae f48d0fbea7dc2782 bd713b37b67866c3 54a11cbcd7a32af4 b9d966ad9e04127a 81b639b74256b45b 64b31699d7d15934 5897953fdf87b60f f1a3b8b13e9401c0 0e45c4c185f35df6 395b26d91f98bd92 48a76e3aff69d605 4d954d933e606b70 9fda36f260eec24e 0db6584e3bdfa1c4 62431fd374eb99fb 4f915ad69e1dca36 28a2067685cb3e97
547,a5d5ba33b5b1dc95 99e833818ec4bbf2 01b3da54ffb158a0 061f3e1feeaa3094 4d32dae7b43c489a 7c8324ce28ffb96e 88b62355670ec8f8 d7d937303a6d5a9d a65e30106ea50423 aa0789b403bcd839 87c5481930cfe126 01e5a6edcee7deb0 dc12cc503ac0eddb 65ad9c583823162d 65708d542bd01f39 f209d29f991432f0 0647acc4602d4e8f 455fde214d16d350 43b3338423d7386c fa173131f15f5534 29968e8fd13539f8 f49e13a653cbdad2 1c3b74a02a86467d 0772e3ab293a1f30 3e8e56f639a5db5b 22756be6fd061d4c 95166957b2c38794 bc2ae5f4e5d53e00 e6a29676c096f8e8 1efd7bd8a34a1359
548,19e8f436d4b2fc25 72b80b099fd64ec4 f25bfcffedaccf28 7f95168400948588 2cebd52b41930f0a 16b11706660177ff 5547f9f1638ac345 45bd99d5d2eef776 ca43e349133fc0e3 6899956cd6c683f0 cc0c9419f8a20603 b84b6c0b2e4d0306 b05b5f6850cfa158 c11b97f245a9dfd0 52aa48c07b34dc88 0add47a043c64d7f 92f42fbd0c38f7fd 1d72229ebcc00faf 43c354dbf952caaa 522bd6887960c25d a0566ca9daca7778 3c565c1fc2316d16 24c47959ea77b15b 4b29fc21f912754d 3b6d27775fce1c7b c015590d6a6fe833 3e66b4855d0dddbe a60934e6b473097a 81bd116c786bf9ae f48d0fbea7dc2782
549,01104a026d22ae55 00ff646ca6637bd7 6cb9ab508a0678a0 4a5ac473c9d176ba 00af886180e9eaec 354d7a327bbcc152 9a439fd1abf95245 e7dd56376be2cf1c 10ad13170242ecae 47fbe21f5c35c7b4 4d7653ea9499eed4 9a0f5ee4f845c9b2 0bcaac840d5e66d7 c28bc62802b90f82 702d8f1064ab3e30 3986b68500d7704b 3fa57d488e979d74 ff88049e61f0f4ef e0269da736ddf004 bd713b37b67866c3 fd30682593995748 52370bea1acd0600 0708923badf2ff5d 734dabb98795c35c 942a7d26d81c841f bd0f175ee98c613e ae94d8435a6847f4 b6d0f83aad4e4dc7 b24820ae14e16a24 622f2e4119882c94
550,3986b68500d7704b 90ecb28f2edb9d43 47fbe21f5c35c7b4 52370bea1acd0600 4d7653ea9499eed4 9a0f5ee4f845c9b2 0bcaac840d5e66d7 c28bc62802b90f82 702d8f1064ab3e30 3fa57d488e979d74 ff88049e61f0f4ef e0269da736ddf004 bd713b37b67866c3 fd30682593995748 2a06f5614060e3b6 39f6296778264878 e25a1da6ca187350 bbbd5d2fd957e8f7 e36475c1af5ea3ab e7cad3748e50b0f8 0708923badf2ff5d 734dabb98795c35c 942a7d26d81c841f bd0f175ee98c613e ae94d8435a6847f4 b6d0f83aad4e4dc7 cea18be9a89d7a81 622f2e4119882c94 4b8c7061102517ef af8e70f978cd5aee
551,cc2cc23a98c14c33 204ec91c39d1479d a017f3358d5327aa 10ad13170242ecae 00d9eb862ba3dfc6 d73a65673e3f1d78 128d583954b18074 52370bea1acd0600 4d7653ea9499eed4 9a0f5ee4f845c9b2 0bcaac840d5e66d7 c28bc62802b90f82 702d8f1064ab3e30 47fbe21f5c35c7b4 3fa57d488e979d74 ff88049e61f0f4ef e0269da736ddf004 bd713b37b67866c3 fd30682593995748 2a06f5614060e3b6 39f6296778264878 3986b68500d7704b 0708923badf2ff5d 734dabb98795c35c 942a7d26d81c841f bd0f175ee98c613e ae94d8435a6847f4 b6d0f83aad4e4dc7 b24820ae14e16a24 622f2e4119882c94
552,ec4ef2f727e7a03f 095bb1b6ecbd0a50 528161039994b4dc 8faeacf8ca08f62d f46601a9955f9949 b3ad55963554f220 8fc68213b63951dc 942a7d26d81c841f bb7515be835dea49 0b0021aa60d05daa a04d6febd82a4389 d5805cdb9e8f0f48 eec6b281e236b500 9100ea6cd0e084bf bd0f175ee98c613e 4491016efed845f1 1f4f62844c3cb99c 393f49286db04aeb 33856365c271aea4 a292248bb2bffb3d 702d8f1064ab3e30 ce2fe99a7cda4a17 636224e349e561bf 955e465ce0788ea6 12af6a34778710db 39075e303166355e a813c15b46ceaf68 40583079f57235a6 b3e75fdca5ca2f1a 6c017e548aa138f2
553,4b05967001421eab 1d12acf7349196b0 7ee52d2519eea367 20db73cf07a45f71 e403278468d84383 9fda36f260eec24e 42bb83d7c4b9ecae 05e4165a56bf50eb 95d25d38ba7df9c7 b6a1c97f19af78d0 522bd6887960c25d 24c47959ea77b15b 3c565c1fc2316d16 4b29fc21f912754d 3b6d27775fce1c7b c015590d6a6fe833 3e66b4855d0dddbe a60934e6b473097a 81bd116c786bf9ae f48d0fbea7dc2782 bd713b37b67866c3 54a11cbcd7a32af4 b9d966ad9e04127a 81b639b74256b45b 64b31699d7d15934 5897953fdf87b60f f1a3b8b13e9401c0 0e45c4c185f35df6 395b26d91f98bd92 48a76e3aff69d605
554,acf5cb026b3c4551 522bd6887960c25d 3c565c1fc2316d16 24c47959ea77b15b 4b29fc21f912754d 3b6d27775fce1c7b c015590d6a6fe833 3e66b4855d0dddbe a60934e6b473097a 81bd116c786bf9ae f48d0fbea7dc2782 bd713b37b67866c3 54a11cbcd7a32af4 b9d966ad9e04127a 81b639b74256b45b 64b31699d7d15934 5897953fdf87b60f f1a3b8b13e9401c0 0e45c4c185f35df6 395b26d91f98bd92 48a76e3aff69d605 4d954d933e606b70 9fda36f260eec24e 0db6584e3bdfa1c4 62431fd374eb99fb 4f915ad69e1dca36 28a2067685cb3e97 a76ffccd2f5df1a7 0f4c71d341e2d939 8dedff0a79784abc
555,734dabb98795c35c 013030fd7d29bf3d fd57e641d06ebda7 00d9eb862ba3dfc6 00e1e2eb13f650e4 428f9363fa35882d 4f31209941bb05fc 83f5a9732f0de67f f54ad8d1eb18212e 2e2904c5373734ae 892074f7c1ef5d5e 07be6a290720707d dc576af4ae66e25e 28403e62105b00f6 e8ad5e31484ef889 765c0695339c3abe bc2552a642ce8497 585f4ee09d8fea46 63d509cd2a2e0e47 f0d53dcf0c296b57 19b4014943e0ad92 c49d8f84a4f87f8a 3986b68500d7704b 9ab90dfc5c9b0b37 919b1679fffa7ef1 72c2a95813ea72bd e7dd56376be2cf1c ce8cb4351b8c0f6e f6d23cdd2359f7c0 7f29daa16b9b4cda
556,1c3b74a02a86467d 46b99f864d6a075a 01b3da54ffb158a0 29968e8fd13539f8 4d32dae7b43c489a 061f3e1feeaa3094 99e833818ec4bbf2 74244a8703c03720 88b62355670ec8f8 447fc00f40d71d08 f209d29f991432f0 d7d937303a6d5a9d 43b3338423d7386c fc16a50ff0baec53 a65e30106ea50423 4d29c6922b2d0d56 aa0789b403bcd839 87c5481930cfe126 f49e13a653cbdad2 095bb1b6ecbd0a50 ec4ef2f727e7a03f ced9c56f2be86774 65ad9c583823162d dc12cc503ac0eddb 65708d542bd01f39 22756be6fd061d4c a5d5ba33b5b1dc95 680bb5c5c3bb6ee1 0647acc4602d4e8f 522bd6887960c25d
557,fab14d178b24a67f af8e70f978cd5aee 3b6d27775fce1c7b c015590d6a6fe833 c143c095983a65c2 cc861214a89ef1f4 4b8c7061102517ef 4105533fe46dfba9 e9c20b67a4c5395f 4f915ad69e1dca36 28a2067685cb3e97 35488b3b8b781278 059bbdbdb843af6a 50cb6a6c60ad711a 8dedff0a79784abc 0f33ce8d8014f308 24e582daf6f87158 0451447dd64f6284 52370bea1acd0600 3a6e7894dde31c67 285657fcdf89f00d b6a1c97f19af78d0 7c8324ce28ffb96e d73a65673e3f1d78 128d583954b18074 ff88049e61f0f4ef 1a05ef8c93af8eed 3fa57d488e979d74 3986b68500d7704b 702d8f1064ab3e30
558,7ee52d2519eea367 20db73cf07a45f71 9fda36f260eec24e 42bb83d7c4b9ecae 05e4165a56bf50eb 99e833818ec4bbf2 522bd6887960c25d 01b3da54ffb158a0 95d25d38ba7df9c7 061f3e1feeaa3094 4d32dae7b43c489a 24c47959ea77b15b 3c565c1fc2316d16 b6a1c97f19af78d0 88b62355670ec8f8 4b29fc21f912754d d7d937303a6d5a9d 3b6d27775fce1c7b c015590d6a6fe833 3e66b4855d0dddbe a65e30106ea50423 aa0789b403bcd839 a60934e6b473097a 87c5481930cfe126 65ad9c583823162d dc12cc503ac0eddb 81bd116c786bf9ae 65708d542bd01f39 f209d29f991432f0 f48d0fbea7dc2782
559,00e1e2eb13f650e4 bbbd5d2fd957e8f7 47fbe21f5c35c7b4 52370bea1acd0600 4d7653ea9499eed4 9a0f5ee4f845c9b2 0bcaac840d5e66d7 c28bc62802b90f82 702d8f1064ab3e30 cea18be9a89d7a81 3fa57d488e979d74 ff88049e61f0f4ef e0269da736ddf004 bd713b37b67866c3 fd30682593995748 2a06f5614060e3b6 39f6296778264878 e25a1da6ca187350 3986b68500d7704b e36475c1af5ea3ab e7cad3748e50b0f8 0708923badf2ff5d 734dabb98795c35c 942a7d26d81c841f bd0f175ee98c613e ae94d8435a6847f4 b6d0f83aad4e4dc7 5fb2d8e734956af0 622f2e4119882c94 4b8c7061102517ef
560,b26d8664feb18c8c 538c7bb968b2154c 33856365c271aea4 a292248bb2bffb3d 393f49286db04aeb d3c4a7db726191e0 16b11706660177ff 061f3e1feeaa3094 4d32dae7b43c489a ce0f56b7190c268a 0a79fabc6f5d93c9 522bd6887960c25d 07d688f5e2142b87 bb7515be835dea49 0b0021aa60d05daa d5805cdb9e8f0f48 a04d6febd82a4389 a2805ed52b47b8ec a18df74d3a16e9c0 2cebd52b41930f0a 8fc68213b63951dc 942a7d26d81c841f f46601a9955f9949 b3ad55963554f220 528161039994b4dc 8faeacf8ca08f62d e1460af4a7044067 73f770f2643a2135 ec4ef2f727e7a03f 095bb1b6ecbd0a50
561,06de3ca1148b088b 734dabb98795c35c 428f9363fa35882d 4f31209941bb05fc 83f5a9732f0de67f f54ad8d1eb18212e 2e2904c5373734ae 892074f7c1ef5d5e 07be6a290720707d dc576af4ae66e25e 28403e62105b00f6 e8ad5e31484ef889 765c0695339c3abe bc2552a642ce8497 585f4ee09d8fea46 63d509cd2a2e0e47 f0d53dcf0c296b57 19b4014943e0ad92 c49d8f84a4f87f8a 3986b68500d7704b 9ab90dfc5c9b0b37 919b1679fffa7ef1 72c2a95813ea72bd e7dd56376be2cf1c fd57e641d06ebda7 ce8cb4351b8c0f6e f6d23cdd2359f7c0 013030fd7d29bf3d 7f29daa16b9b4cda e461837f0fb35048
562,4483bbdd3241f11a 9f27aa36c1ea793c 9b2adcf4041227d7 d6ed7e4b14c51296 da904d2a54ff8cf2 52e459a551d4ac2d e7828f0ea9749505 7d83ffe83f61bdc4 af8e70f978cd5aee 6461a9faa871b3ac 8df3f13d6af34cb3 a1314cd417504572 5057551fc55e9ed2 83f8aca6ee2caabc d72363ddd958d906 238ec735a13a3f09 c810ac016901e8ac 36d33c41812ce7dc d64c06baf5ef1c90 bbbd5d2fd957e8f7 49b5678e0d1e5bcd db0e648651f4c92b ae77487a89f2610c 37001ade0df85823 b0b5e62a93a2c37c 00d9f8d3f7d412b3 cc861214a89ef1f4 ee3ed9a3f51336cd 3d93a60f990a0a7c 7e4a4a1300b77a06
563,a853f13216170123 3c565c1fc2316d16 24c47959ea77b15b 5b4c879fc9c316fb 4b29fc21f912754d 3e66b4855d0dddbe f48d0fbea7dc2782 cc507a0d6fcf4a1c 4d954d933e606b70 62431fd374eb99fb 0f4c71d341e2d939 a76ffccd2f5df1a7 b6e72edcad270be0 ddf332f2b55a2a23 666bdff4faa513ca 66ccd03c9e03ac06 4f2fffd7528de786 172bc0ee09332ae9 a2c35fdf07a13286 486dd77002936dec cea18be9a89d7a81 a017f3358d5327aa 07f22a7ad7e4711d 6406fcdb7d87b5dc 404031ab9d5977c4 999a52f1d301247c c31a456b544a40a8 238de368bb05c0ec e0269da736ddf004 ff88049e61f0f4ef
564,d6bbbd6c4968075a d6ed7e4b14c51296 da904d2a54ff8cf2 9b2adcf4041227d7 52e459a551d4ac2d e7828f0ea9749505 7d83ffe83f61bdc4 238ec735a13a3f09 d64c06baf5ef1c90 36d33c41812ce7dc c810ac016901e8ac 3d93a60f990a0a7c 453bc79164d57a01 61ba7707ef6a5a99 976baf0e84752a68 4483bbdd3241f11a cec2eea2a1fe566a 898a4921ab9f4cce 9f27aa36c1ea793c af8e70f978cd5aee 6461a9faa871b3ac 8df3f13d6af34cb3 a1314cd417504572 5057551fc55e9ed2 83f8aca6ee2caabc d72363ddd958d906 49b5678e0d1e5bcd bbbd5d2fd957e8f7 db0e648651f4c92b ae77487a89f2610c
565,8df3f13d6af34cb3 47fbe21f5c35c7b4 52370bea1acd0600 4d7653ea9499eed4 9a0f5ee4f845c9b2 0bcaac840d5e66d7 c28bc62802b90f82 702d8f1064ab3e30 09bbaa171c20bae3 3fa57d488e979d74 ff88049e61f0f4ef e0269da736ddf004 bd713b37b67866c3 fd30682593995748 2a06f5614060e3b6 39f6296778264878 e25a1da6ca187350 3986b68500d7704b e7cad3748e50b0f8 0708923badf2ff5d 734dabb98795c35c 942a7d26d81c841f bd0f175ee98c613e ae94d8435a6847f4 b6d0f83aad4e4dc7 b24820ae14e16a24 bbbd5d2fd957e8f7 4b8c7061102517ef af8e70f978cd5aee 5ebb4d2f5f1c1f13
566,f54ad8d1eb18212e f0d53dcf0c296b57 47fbe21f5c35c7b4 52370bea1acd0600 4d7653ea9499eed4 9a0f5ee4f845c9b2 0bcaac840d5e66d7 c28bc62802b90f82 e7cad3748e50b0f8 3986b68500d7704b 3fa57d488e979d74 ff88049e61f0f4ef e0269da736ddf004 bd713b37b67866c3 fd30682593995748 2a06f5614060e3b6 39f6296778264878 e25a1da6ca187350 702d8f1064ab3e30 0708923badf2ff5d 734dabb98795c35c 942a7d26d81c841f bd0f175ee98c613e ae94d8435a6847f4 b6d0f83aad4e4dc7 b24820ae14e16a24 622f2e4119882c94 bbbd5d2fd957e8f7 af8e70f978cd5aee 5ebb4d2f5f1c1f13
567,955e465ce0788ea6 29bedd00fb2be056 b69ce8b8154645f8 7c8324ce28ffb96e 622f2e4119882c94 a52df8083c238c46 49224aca40e6e5e3 bf3ccaba4a3450a8 73f770f2643a2135 34a62e66e05f9a44 d6bbbd6c4968075a 796888cc3443006c d46598813fb437e5 853e36b1550c6274 d257d1fbcf43abd5 6d80d2e62d01f6bc 5fb2d8e734956af0 59bf6d6df9146d60 6a9aa1bd93e36e66 5ebb4d2f5f1c1f13 ac9ee0c09b538140 01ecc81f6341e902 486dd77002936dec 033d905aec273595 22756be6fd061d4c 65d44c6393907290 3b6d27775fce1c7b c015590d6a6fe833 c143c095983a65c2 a982b5c3aed39396
568,ec4ef2f727e7a03f 095bb1b6ecbd0a50 528161039994b4dc 942a7d26d81c841f b3ad55963554f220 f46601a9955f9949 8faeacf8ca08f62d 8fc68213b63951dc a04d6febd82a4389 bb7515be835dea49 d5805cdb9e8f0f48 0b0021aa60d05daa eec6b281e236b500 bd0f175ee98c613e 9100ea6cd0e084bf 4491016efed845f1 1f4f62844c3cb99c 393f49286db04aeb a292248bb2bffb3d 33856365c271aea4 702d8f1064ab3e30 ce2fe99a7cda4a17 636224e349e561bf 955e465ce0788ea6 12af6a34778710db 39075e303166355e a813c15b46ceaf68 40583079f57235a6 b3e75fdca5ca2f1a 6c017e548aa138f2
569,095bb1b6ecbd0a50 ec4ef2f727e7a03f b3ad55963554f220 8faeacf8ca08f62d 8fc68213b63951dc 942a7d26d81c841f f46601a9955f9949 528161039994b4dc bb7515be835dea49 0b0021aa60d05daa a04d6febd82a4389 d5805cdb9e8f0f48 eec6b281e236b500 9100ea6cd0e084bf bd0f175ee98c613e 4491016efed845f1 1f4f62844c3cb99c 33856365c271aea4 a292248bb2bffb3d 393f49286db04aeb 702d8f1064ab3e30 ce2fe99a7cda4a17 636224e349e561bf 955e465ce0788ea6 12af6a34778710db 39075e303166355e a813c15b46ceaf68 40583079f57235a6 b3e75fdca5ca2f1a 6c017e548aa138f2
570,538c7bb968b2154c 73f770f2643a2135 01ecc81f6341e902 522bd6887960c25d a18df74d3a16e9c0 d3c4a7db726191e0 07d688f5e2142b87 a2805ed52b47b8ec b26d8664feb18c8c ce0f56b7190c268a 97d696011258825c f29eee8054c061e1 acf5cb026b3c4551 828f5dfbbf1272ee d216e5458ad70e60 fb8bd6b95eb4702a 72b80b099fd64ec4 eff60ceea8817dad 99e833818ec4bbf2 e1460af4a7044067 f25bfcffedaccf28 7f95168400948588 a60934e6b473097a 01b3da54ffb158a0 24c47959ea77b15b 3c565c1fc2316d16 2cebd52b41930f0a ec1b3d7ccd3984d0 c11b97f245a9dfd0 daa257a37227cd72
571,628accd9be98503c 9f27aa36c1ea793c fd30682593995748 0b774cf90856c4da 2b48ab08c915c0ad 9d5edf3b993fee50 b50b4e27b03c7b37 9b2adcf4041227d7 e7828f0ea9749505 da904d2a54ff8cf2 52e459a551d4ac2d d6ed7e4b14c51296 f05fa5f57dc03e81 af8e70f978cd5aee 6461a9faa871b3ac 7cea1f637ea3f37d 8df3f13d6af34cb3 0cd920bad11c716d 8dc313a2cf9da354 a1314cd417504572 5057551fc55e9ed2 83f8aca6ee2caabc d72363ddd958d906 120e745e2961b5d5 37001ade0df85823 b0b5e62a93a2c37c 5a1149fbcbd37376 64907c4568244eb4 00d9f8d3f7d412b3 ee3ed9a3f51336cd
572,eff60ceea8817dad d216e5458ad70e60 fb8bd6b95eb4702a c015590d6a6fe833 3b6d27775fce1c7b c143c095983a65c2 e9c20b67a4c5395f 4f915ad69e1dca36 28a2067685cb3e97 35488b3b8b781278 8dedff0a79784abc 50cb6a6c60ad711a d63b7f083330247f 0f33ce8d8014f308 24e582daf6f87158 0451447dd64f6284 52370bea1acd0600 b6e646c13d0753ae e8684734f2e587bd 72c2a95813ea72bd 8a5635c748344d47 3a6e7894dde31c67 3ca7964973437917 60a070db9f1869b5 8bf446c0455e3c5c 285657fcdf89f00d b6a1c97f19af78d0 7c8324ce28ffb96e d5952b2e031c4e7e da7d3c2d591c4295
573,26f72a4eb15ea8c0 4c0eee2c1a5e76e2 1ba7a50457e93996 7d83ffe83f61bdc4 bbbd5d2fd957e8f7 49b5678e0d1e5bcd db0e648651f4c92b ae77487a89f2610c 7e4a4a1300b77a06 5430097e23000368 d257d1fbcf43abd5 0683b6a78f54be75 47fbe21f5c35c7b4 52370bea1acd0600 4d7653ea9499eed4 9a0f5ee4f845c9b2 95166957b2c38794 0bcaac840d5e66d7 366a22fce0614fb8 702d8f1064ab3e30 00e1e2eb13f650e4 3986b68500d7704b 3fa57d488e979d74 ff88049e61f0f4ef e0269da736ddf004 bd713b37b67866c3 0772e3ab293a1f30 c28bc62802b90f82 942a7d26d81c841f bd0f175ee98c613e
574,d216e5458ad70e60 fb8bd6b95eb4702a d63b7f083330247f b6e646c13d0753ae e8684734f2e587bd 8a5635c748344d47 3ca7964973437917 60a070db9f1869b5 8bf446c0455e3c5c d5952b2e031c4e7e da7d3c2d591c4295 10ad13170242ecae 1d12acf7349196b0 b0bfe0f426275870 b78189788d563693 46315cf30aaee51c da011b87595c1019 b6cdb608f640e038 9d5edf3b993fee50 0b774cf90856c4da 2b48ab08c915c0ad fd30682593995748 39f6296778264878 da904d2a54ff8cf2 e7828f0ea9749505 9b2adcf4041227d7 d6ed7e4b14c51296 52e459a551d4ac2d 7d83ffe83f61bdc4 f05fa5f57dc03e81
575,8df3f13d6af34cb3 47fbe21f5c35c7b4 52370bea1acd0600 4d7653ea9499eed4 9a0f5ee4f845c9b2 0bcaac840d5e66d7 c28bc62802b90f82 702d8f1064ab3e30 09bbaa171c20bae3 3fa57d488e979d74 ff88049e61f0f4ef e0269da736ddf004 bd713b37b67866c3 fd30682593995748 2a06f5614060e3b6 39f6296778264878 e25a1da6ca187350 3986b68500d7704b e7cad3748e50b0f8 0708923badf2ff5d 734dabb98795c35c 942a7d26d81c841f bd0f175ee98c613e ae94d8435a6847f4 b6d0f83aad4e4dc7 b24820ae14e16a24 bbbd5d2fd957e8f7 4b8c7061102517ef af8e70f978cd5aee 5ebb4d2f5f1c1f13
576,db69d4cbfef8d22f f76f44d372517a9a 9cf6709de35bf0f3 f2e30efbd27bee51 f44f74b3451aa593 c5830f9d0f1e29e5 3734d3b0b9232538 d73a65673e3f1d78 128d583954b18074 52370bea1acd0600 4d7653ea9499eed4 9a0f5ee4f845c9b2 0bcaac840d5e66d7 c28bc62802b90f82 702d8f1064ab3e30 47fbe21f5c35c7b4 3fa57d488e979d74 ff88049e61f0f4ef e0269da736ddf004 bd713b37b67866c3 fd30682593995748 2a06f5614060e3b6 3986b68500d7704b 734dabb98795c35c 942a7d26d81c841f bd0f175ee98c613e ae94d8435a6847f4 b6d0f83aad4e4dc7 b24820ae14e16a24 622f2e4119882c94
577,855f2f0354e102c7 b1dcaca98bb76736 5dd752753760ced8 77e2f7da1f9d3a8f e0269da736ddf004 520ec719078be07c 377c1150c781e37a edc79e57b20e9036 a017f3358d5327aa 10ad13170242ecae 522bd6887960c25d 828f5dfbbf1272ee fb8bd6b95eb4702a d216e5458ad70e60 e228204ae08d1355 72b80b099fd64ec4 99e833818ec4bbf2 e1460af4a7044067 4d7653ea9499eed4 db69d4cbfef8d22f 7f95168400948588 f25bfcffedaccf28 01b3da54ffb158a0 538c7bb968b2154c 2cebd52b41930f0a ec1b3d7ccd3984d0 a853f13216170123 3c565c1fc2316d16 24c47959ea77b15b 5b4c879fc9c316fb
578,03ed286136d7b3cf 522bd6887960c25d 24c47959ea77b15b 3c565c1fc2316d16 4b29fc21f912754d c015590d6a6fe833 3b6d27775fce1c7b 3e66b4855d0dddbe a60934e6b473097a 81bd116c786bf9ae f48d0fbea7dc2782 bd713b37b67866c3 54a11cbcd7a32af4 b9d966ad9e04127a 81b639b74256b45b 64b31699d7d15934 5897953fdf87b60f f1a3b8b13e9401c0 0e45c4c185f35df6 395b26d91f98bd92 48a76e3aff69d605 4d954d933e606b70 9fda36f260eec24e 0db6584e3bdfa1c4 62431fd374eb99fb 4f915ad69e1dca36 28a2067685cb3e97 a76ffccd2f5df1a7 0f4c71d341e2d939 8dedff0a79784abc
579,447fc00f40d71d08 2e031d83339759b2 90ecb28f2edb9d43 2e79d45ba4d1540d 9f3d2ca16f358290 522bd6887960c25d 8df3f13d6af34cb3 3c565c1fc2316d16 24c47959ea77b15b 4b29fc21f912754d c015590d6a6fe833 3b6d27775fce1c7b 3e66b4855d0dddbe a60934e6b473097a 81bd116c786bf9ae f48d0fbea7dc2782 bd713b37b67866c3 54a11cbcd7a32af4 b9d966ad9e04127a 81b639b74256b45b 64b31699d7d15934 5897953fdf87b60f f1a3b8b13e9401c0 0e45c4c185f35df6 395b26d91f98bd92 48a76e3aff69d605 4d954d933e606b70 9fda36f260eec24e 0db6584e3bdfa1c4 62431fd374eb99fb
580,d64c7c3b658689f4 0cd920bad11c716d 26f72a4eb15ea8c0 b6cdb608f640e038 74873b42602d8958 238ec735a13a3f09 da011b87595c1019 b50b4e27b03c7b37 39f6296778264878 70776cdd9bb3b7d4 61ba7707ef6a5a99 047769588be1aea9 8abe670908f12614 50ba507a268872e1 628accd9be98503c 39075e303166355e 5057551fc55e9ed2 a1314cd417504572 bbbd5d2fd957e8f7 db0e648651f4c92b 49b5678e0d1e5bcd 5a1149fbcbd37376 b0bfe0f426275870 fc16a50ff0baec53 5570ef88d970e9b4 b78189788d563693 0220a434aa8bf029 ae94d8435a6847f4 430feb4826a5632e 46315cf30aaee51c
581,2359719a0f40ffac c08c3765ac609cc0 74e59c5820900b17 2810fb6f81d1711c 6d80d2e62d01f6bc 05f23e7d05dbf7c2 54f55c74d37db3c0 44d324ebd3e22ad7 b78189788d563693 025a148c3a53bd9f 46315cf30aaee51c 8f578001f9d5f543 20d283a232dfd13c 0eafda717681bbdc fc21db75b354a917 0d0368139e9a647f b29ab87af6ea6310 42a5cae2a3a45557 d92c0298f76ccf77 ffa9091747ae2466 8d58da0e1800dc96 bed3e73d52011f68 5b34da30b93eb123 65fac1ba1840000f dac29ed8400b50cc 2a06f5614060e3b6 e14a893f1918277e f2234bb7ce0c6f59 a9eef13786610446 b749972436ac9791
582,a017f3358d5327aa 47fbe21f5c35c7b4 52370bea1acd0600 4d7653ea9499eed4 9a0f5ee4f845c9b2 0bcaac840d5e66d7 c28bc62802b90f82 702d8f1064ab3e30 e36475c1af5ea3ab 3fa57d488e979d74 ff88049e61f0f4ef e0269da736ddf004 bd713b37b67866c3 fd30682593995748 2a06f5614060e3b6 39f6296778264878 e25a1da6ca187350 c31a456b544a40a8 3986b68500d7704b e7cad3748e50b0f8 0708923badf2ff5d 734dabb98795c35c 942a7d26d81c841f bd0f175ee98c613e ae94d8435a6847f4 b6d0f83aad4e4dc7 b24820ae14e16a24 bbbd5d2fd957e8f7 4b8c7061102517ef af8e70f978cd5aee
583,a860b682add9de1c 10ad13170242ecae d73a65673e3f1d78 128d583954b18074 52370bea1acd0600 4d7653ea9499eed4 9a0f5ee4f845c9b2 0bcaac840d5e66d7 c28bc62802b90f82 702d8f1064ab3e30 3986b68500d7704b 3fa57d488e979d74 47fbe21f5c35c7b4 e0269da736ddf004 bd713b37b67866c3 fd30682593995748 2a06f5614060e3b6 39f6296778264878 e25a1da6ca187350 ff88049e61f0f4ef 0708923badf2ff5d 734dabb98795c35c 942a7d26d81c841f bd0f175ee98c613e ae94d8435a6847f4 b6d0f83aad4e4dc7 b24820ae14e16a24 622f2e4119882c94 bbbd5d2fd957e8f7 af8e70f978cd5aee
584,b1e47da7659b675c 72b80b099fd64ec4 f25bfcffedaccf28 7f95168400948588 2cebd52b41930f0a 16b11706660177ff 5547f9f1638ac345 45bd99d5d2eef776 ca43e349133fc0e3 19e8f436d4b2fc25 6899956cd6c683f0 cc0c9419f8a20603 b84b6c0b2e4d0306 b05b5f6850cfa158 c11b97f245a9dfd0 52aa48c07b34dc88 0add47a043c64d7f 92f42fbd0c38f7fd 1d72229ebcc00faf 43c354dbf952caaa 10ad13170242ecae a0566ca9daca7778 522bd6887960c25d 828f5dfbbf1272ee fb8bd6b95eb4702a d216e5458ad70e60 e228204ae08d1355 99e833818ec4bbf2 e1460af4a7044067 4d7653ea9499eed4
585,07f22a7ad7e4711d a853f13216170123 3c565c1fc2316d16 24c47959ea77b15b 5b4c879fc9c316fb 4b29fc21f912754d 3e66b4855d0dddbe f48d0fbea7dc2782 cc507a0d6fcf4a1c 4d954d933e606b70 62431fd374eb99fb 0f4c71d341e2d939 a76ffccd2f5df1a7 b6e72edcad270be0 ddf332f2b55a2a23 666bdff4faa513ca 66ccd03c9e03ac06 4f2fffd7528de786 172bc0ee09332ae9 a2c35fdf07a13286 486dd77002936dec cea18be9a89d7a81 6406fcdb7d87b5dc 404031ab9d5977c4 999a52f1d301247c c31a456b544a40a8 238de368bb05c0ec d73a65673e3f1d78 128d583954b18074 3fa57d488e979d74
586,898a4921ab9f4cce bbbd5d2fd957e8f7 47fbe21f5c35c7b4 52370bea1acd0600 4d7653ea9499eed4 9a0f5ee4f845c9b2 0bcaac840d5e66d7 c28bc62802b90f82 702d8f1064ab3e30 781f4d0147aef776 3fa57d488e979d74 ff88049e61f0f4ef e0269da736ddf004 bd713b37b67866c3 fd30682593995748 2a06f5614060e3b6 39f6296778264878 e25a1da6ca187350 3986b68500d7704b e36475c1af5ea3ab e7cad3748e50b0f8 0708923badf2ff5d 734dabb98795c35c 942a7d26d81c841f bd0f175ee98c613e ae94d8435a6847f4 b6d0f83aad4e4dc7 cea18be9a89d7a81 622f2e4119882c94 4b8c7061102517ef
587,1ba7a50457e93996 7d83ffe83f61bdc4 bbbd5d2fd957e8f7 db0e648651f4c92b 49b5678e0d1e5bcd ae77487a89f2610c 7e4a4a1300b77a06 5430097e23000368 d257d1fbcf43abd5 0683b6a78f54be75 522bd6887960c25d 828f5dfbbf1272ee d216e5458ad70e60 fb8bd6b95eb4702a e228204ae08d1355 72b80b099fd64ec4 99e833818ec4bbf2 e1460af4a7044067 4d7653ea9499eed4 db69d4cbfef8d22f 7f95168400948588 f25bfcffedaccf28 01b3da54ffb158a0 538c7bb968b2154c 2cebd52b41930f0a ec1b3d7ccd3984d0 a853f13216170123 24c47959ea77b15b 3c565c1fc2316d16 5b4c879fc9c316fb
588,bc27d5dc9bab1c18 016da874bd04df55 26fc2a95df5659c2 c28bc62802b90f82 18b1d2d84c97a364 025a148c3a53bd9f 5570ef88d970e9b4 fab14d178b24a67f 316382267dcd804f fc21db75b354a917 74244a8703c03720 39f6296778264878 d92c0298f76ccf77 d72363ddd958d906 83f8aca6ee2caabc 2e44fbb8bc3d8d71 c810ac016901e8ac d64c06baf5ef1c90 36d33c41812ce7dc 059bbdbdb843af6a cc861214a89ef1f4 fc8971756f9ec194 3d93a60f990a0a7c a14394322cf7043d f28fb3d9880c5d4c a677c3a76055a6d2 bf3ccaba4a3450a8 453bc79164d57a01 2dd12c230ab22555 b8e2f75014710ced
589,ba5199dba342af68 e403278468d84383 e25a1da6ca187350 1fe79c7de59ff6c6 c1f2e3a76d388944 e8b87ed7db1bcb1f ca4de5b8a7bda9df 3c0873ce078d332b 1dc7139adba034ec 83b911ff0ff45844 bee46c54461925d0 d1e21234d7cc61d2 2e4b00c01d58e79e 8df3f13d6af34cb3 419b5dc40744fb9b 4535ce2e3dced00f 83f8f2fc471cad74 bfb8032f2183d471 6204e398d8c7f888 4577ae048ef1967d 4bed80e56ea2e099 57113c2a4cacd961 b2ee9eea2d974c90 050544c040f46152 7c98dedd223b36c0 8643165b0f53df11 45bd99d5d2eef776 5fb2d8e734956af0 cea18be9a89d7a81 bbbd5d2fd957e8f7
590,1ba7a50457e93996 7d83ffe83f61bdc4 49b5678e0d1e5bcd bbbd5d2fd957e8f7 db0e648651f4c92b ae77487a89f2610c 7e4a4a1300b77a06 5430097e23000368 d257d1fbcf43abd5 0683b6a78f54be75 016da874bd04df55 bc27d5dc9bab1c18 26fc2a95df5659c2 c28bc62802b90f82 18b1d2d84c97a364 025a148c3a53bd9f 5570ef88d970e9b4 fab14d178b24a67f 316382267dcd804f fc21db75b354a917 74244a8703c03720 39f6296778264878 d92c0298f76ccf77 d72363ddd958d906 83f8aca6ee2caabc 36d33c41812ce7dc d64c06baf5ef1c90 c810ac016901e8ac cc861214a89ef1f4 fc8971756f9ec194
591,a2c35fdf07a13286 24c47959ea77b15b 3c565c1fc2316d16 4b29fc21f912754d 3e66b4855d0dddbe f48d0fbea7dc2782 a853f13216170123 5b4c879fc9c316fb 4d954d933e606b70 62431fd374eb99fb 0f4c71d341e2d939 a76ffccd2f5df1a7 b6e72edcad270be0 ddf332f2b55a2a23 66ccd03c9e03ac06 172bc0ee09332ae9 cea18be9a89d7a81 6406fcdb7d87b5dc 404031ab9d5977c4 cc507a0d6fcf4a1c 999a52f1d301247c c31a456b544a40a8 238de368bb05c0ec 522bd6887960c25d 666bdff4faa513ca 4f2fffd7528de786 486dd77002936dec 07f22a7ad7e4711d c015590d6a6fe833 3b6d27775fce1c7b
592,d35e11d3d1ab3c67 9f3d2ca16f358290 d73a65673e3f1d78 128d583954b18074 00e1e2eb13f650e4 52370bea1acd0600 4d7653ea9499eed4 9a0f5ee4f845c9b2 0bcaac840d5e66d7 c28bc62802b90f82 702d8f1064ab3e30 3986b68500d7704b 47fbe21f5c35c7b4 ff88049e61f0f4ef e0269da736ddf004 bd713b37b67866c3 fd30682593995748 2a06f5614060e3b6 39f6296778264878 e25a1da6ca187350 3fa57d488e979d74 0708923badf2ff5d 734dabb98795c35c 942a7d26d81c841f bd0f175ee98c613e ae94d8435a6847f4 b6d0f83aad4e4dc7 b24820ae14e16a24 622f2e4119882c94 bbbd5d2fd957e8f7
593,35488b3b8b781278 3b6d27775fce1c7b c015590d6a6fe833 447fc00f40d71d08 c143c095983a65c2 2e031d83339759b2 90ecb28f2edb9d43 2e79d45ba4d1540d e9c20b67a4c5395f 4f915ad69e1dca36 28a2067685cb3e97 50cb6a6c60ad711a 8dedff0a79784abc 9f3d2ca16f358290 0f33ce8d8014f308 24e582daf6f87158 0451447dd64f6284 52370bea1acd0600 3a6e7894dde31c67 285657fcdf89f00d b6a1c97f19af78d0 7c8324ce28ffb96e d73a65673e3f1d78 128d583954b18074 2a06f5614060e3b6 fd30682593995748 bd713b37b67866c3 3986b68500d7704b e0269da736ddf004 ff88049e61f0f4ef
594,6a3919ad9ed8197e 964a50d33717c26d daa257a37227cd72 29bedd00fb2be056 feddfcf56818968e b24820ae14e16a24 b69ce8b8154645f8 0bcaac840d5e66d7 5867d40811c0229f a52df8083c238c46 96445bec1579ec97 c606425856952286 ced9c56f2be86774 bf3ccaba4a3450a8 781f4d0147aef776 9fbffc521da97c54 796888cc3443006c 4c3802a1bd3c842e c11b97f245a9dfd0 d46598813fb437e5 6d80d2e62d01f6bc 5fb2d8e734956af0 2901e5309bb3f8f6 5ebb4d2f5f1c1f13 ac9ee0c09b538140 01ecc81f6341e902 da7d3c2d591c4295 486dd77002936dec dc17b07476183764 22756be6fd061d4c
595,bd713b37b67866c3 ec4ef2f727e7a03f 095bb1b6ecbd0a50 8faeacf8ca08f62d 942a7d26d81c841f b3ad55963554f220 8fc68213b63951dc f46601a9955f9949 528161039994b4dc 0b0021aa60d05daa d5805cdb9e8f0f48 bb7515be835dea49 a04d6febd82a4389 eec6b281e236b500 9100ea6cd0e084bf bd0f175ee98c613e 4491016efed845f1 1f4f62844c3cb99c a292248bb2bffb3d 33856365c271aea4 393f49286db04aeb 702d8f1064ab3e30 ce2fe99a7cda4a17 636224e349e561bf 955e465ce0788ea6 12af6a34778710db 39075e303166355e a813c15b46ceaf68 40583079f57235a6 b3e75fdca5ca2f1a
596,3c565c1fc2316d16 24c47959ea77b15b 4b29fc21f912754d 3e66b4855d0dddbe f48d0fbea7dc2782 a853f13216170123 5b4c879fc9c316fb 4d954d933e606b70 62431fd374eb99fb 0f4c71d341e2d939 a76ffccd2f5df1a7 b6e72edcad270be0 ddf332f2b55a2a23 66ccd03c9e03ac06 172bc0ee09332ae9 a2c35fdf07a13286 cea18be9a89d7a81 6406fcdb7d87b5dc 404031ab9d5977c4 cc507a0d6fcf4a1c 999a52f1d301247c c31a456b544a40a8 238de368bb05c0ec 522bd6887960c25d 666bdff4faa513ca 4f2fffd7528de786 486dd77002936dec a017f3358d5327aa 07f22a7ad7e4711d c015590d6a6fe833
597,db69d4cbfef8d22f f76f44d372517a9a 9cf6709de35bf0f3 f2e30efbd27bee51 f44f74b3451aa593 c5830f9d0f1e29e5 3734d3b0b9232538 00e1e2eb13f650e4 bbbd5d2fd957e8f7 47fbe21f5c35c7b4 52370bea1acd0600 4d7653ea9499eed4 9a0f5ee4f845c9b2 0bcaac840d5e66d7 cea18be9a89d7a81 702d8f1064ab3e30 3986b68500d7704b 3fa57d488e979d74 ff88049e61f0f4ef e0269da736ddf004 bd713b37b67866c3 fd30682593995748 c28bc62802b90f82 0708923badf2ff5d 734dabb98795c35c 942a7d26d81c841f bd0f175ee98c613e ae94d8435a6847f4 b6d0f83aad4e4dc7 b24820ae14e16a24
598,dc576af4ae66e25e ba5199dba342af68 9c9ebf71707d7a37 0eb4de784c8dd679 3a6e7894dde31c67 3fa57d488e979d74 ae000f9d0b5e104e 576dd429db946393 8e0cc5199a0ee659 74ae9af23a383bf5 1f423f368aebf7f3 d1e21234d7cc61d2 919b1679fffa7ef1 204ec91c39d1479d 522bd6887960c25d 828f5dfbbf1272ee fb8bd6b95eb4702a d216e5458ad70e60 e228204ae08d1355 72b80b099fd64ec4 99e833818ec4bbf2 e1460af4a7044067 4d7653ea9499eed4 db69d4cbfef8d22f 7f95168400948588 f25bfcffedaccf28 01b3da54ffb158a0 538c7bb968b2154c 2cebd52b41930f0a ec1b3d7ccd3984d0
599,828f5dfbbf1272ee 1d0f5fdc58e3efb5 a60934e6b473097a e1460af4a7044067 133b04350c75770b e228204ae08d1355 e740c80fce094788 4d7653ea9499eed4 50806199c80e215c eab15ee21e126f6a 96e82fa141db9a4b d980375fbd40c75f cb3e4ce97e7f2881 939a1f686ea36c05 587e0b2a4811fab1 52370bea1acd0600 0451447dd64f6284 bf973f9ec3600199 8566d15270eb5e83 fb2ebcb5335ad2e2 a860b682add9de1c 877672967d3f70bb 9269d2b0d877352d 4beacc71024f8b08 f1a3b8b13e9401c0 40583079f57235a6 395b26d91f98bd92 4b05967001421eab 285657fcdf89f00d 3b6d27775fce1c7b
600,9100ea6cd0e084bf bd0f175ee98c613e 1f4f62844c3cb99c 2e44fbb8bc3d8d71 059bbdbdb843af6a bc27d5dc9bab1c18 016da874bd04df55 c28bc62802b90f82 26fc2a95df5659c2 18b1d2d84c97a364 025a148c3a53bd9f 5570ef88d970e9b4 fab14d178b24a67f 8f578001f9d5f543 316382267dcd804f fc21db75b354a917 74244a8703c03720 39f6296778264878 bed3e73d52011f68 d92c0298f76ccf77 6cb9ab508a0678a0 2820628e65a062e2 83f8aca6ee2caabc d72363ddd958d906 d64c06baf5ef1c90 36d33c41812ce7dc c810ac016901e8ac f9c6286cff30aaa8 b7d7d9ae1cbe0d8a cc861214a89ef1f4
