dialogue_id,photo_id
1,6406fcdb7d87b5dc f49e13a653cbdad2 a76ffccd2f5df1a7 1efd7bd8a34a1359 172bc0ee09332ae9 3e8e56f639a5db5b c5830f9d0f1e29e5 40583079f57235a6 a2c35fdf07a13286 4b29fc21f912754d 07f22a7ad7e4711d 7f95168400948588 09bbaa171c20bae3 3e66b4855d0dddbe f58ff7f1a6cde683 a292248bb2bffb3d ae77487a89f2610c d5952b2e031c4e7e 88b62355670ec8f8 b6d0f83aad4e4dc7 e25a1da6ca187350 0f4c71d341e2d939 01e5a6edcee7deb0 29968e8fd13539f8 74244a8703c03720 2810fb6f81d1711c 4d9214c0925e5af8 66ccd03c9e03ac06 83b911ff0ff45844 4f2fffd7528de786
2,148ac4a56a18844d 0683b6a78f54be75 28a2067685cb3e97 3b6d27775fce1c7b 7f95168400948588 0451447dd64f6284 6406fcdb7d87b5dc 1efd7bd8a34a1359 5b4c879fc9c316fb 5f94b027039f4e48 70ebf53ced736fa4 48f93f9c2c699e19 f49e13a653cbdad2 4b29fc21f912754d 3e8e56f639a5db5b 25145708d494530b 0772e3ab293a1f30 3cb6b40d377e7ca8 48cf88c17ff38c5e 9113e9dc940fb287 01e5a6edcee7deb0 061f3e1feeaa3094 90ecb28f2edb9d43 97d696011258825c 285657fcdf89f00d 35488b3b8b781278 09bbaa171c20bae3 a18df74d3a16e9c0 f25bfcffedaccf28 cea18be9a89d7a81
3,feddfcf56818968e f58ff7f1a6cde683 ec1b3d7ccd3984d0 0772e3ab293a1f30 7f95168400948588 48f93f9c2c699e19 5430097e23000368 1efd7bd8a34a1359 3cb6b40d377e7ca8 b6d0f83aad4e4dc7 f49e13a653cbdad2 a76ffccd2f5df1a7 27bc34b9887bec0d 095bb1b6ecbd0a50 25145708d494530b 3e8e56f639a5db5b 09bbaa171c20bae3 964a50d33717c26d 7d83ffe83f61bdc4 01b3da54ffb158a0 b24820ae14e16a24 77e2f7da1f9d3a8f db0e648651f4c92b 6406fcdb7d87b5dc 172bc0ee09332ae9 0220a434aa8bf029 4b29fc21f912754d 0bcaac840d5e66d7 a04d6febd82a4389 b1dcaca98bb76736
4,7f95168400948588 0772e3ab293a1f30 f49e13a653cbdad2 27a12f29dceccdbd f25bfcffedaccf28 4483bbdd3241f11a 3e8e56f639a5db5b 27bc34b9887bec0d 1efd7bd8a34a1359 a18df74d3a16e9c0 fd30682593995748 01b3da54ffb158a0 d5952b2e031c4e7e a76ffccd2f5df1a7 0cd920bad11c716d c810ac016901e8ac 8bf446c0455e3c5c fb2ebcb5335ad2e2 01e5a6edcee7deb0 3cb6b40d377e7ca8 5430097e23000368 25145708d494530b 09bbaa171c20bae3 6406fcdb7d87b5dc f58ff7f1a6cde683 b1dcaca98bb76736 ec1b3d7ccd3984d0 e25a1da6ca187350 48f93f9c2c699e19 d64c7c3b658689f4
5,7f95168400948588 f105a53e5cfae611 97d696011258825c 1efd7bd8a34a1359 f49e13a653cbdad2 0683b6a78f54be75 09bbaa171c20bae3 a18df74d3a16e9c0 f25bfcffedaccf28 3cb6b40d377e7ca8 061f3e1feeaa3094 a2805ed52b47b8ec 90ecb28f2edb9d43 0772e3ab293a1f30 27bc34b9887bec0d ad06e9eeea8eb4ea 0451447dd64f6284 70ebf53ced736fa4 34a62e66e05f9a44 07d688f5e2142b87 d5952b2e031c4e7e 48f93f9c2c699e19 07f22a7ad7e4711d 4f2fffd7528de786 da7d3c2d591c4295 0add47a043c64d7f 25145708d494530b 148ac4a56a18844d 3e8e56f639a5db5b 88b62355670ec8f8
6,0451447dd64f6284 f49e13a653cbdad2 f58ff7f1a6cde683 061f3e1feeaa3094 09bbaa171c20bae3 48cf88c17ff38c5e 148ac4a56a18844d b6d0f83aad4e4dc7 0772e3ab293a1f30 5430097e23000368 0683b6a78f54be75 4f2fffd7528de786 3cb6b40d377e7ca8 4d9214c0925e5af8 ebfda3b48083e390 48f93f9c2c699e19 7f95168400948588 855f2f0354e102c7 9113e9dc940fb287 095bb1b6ecbd0a50 81b7c7e312bfa1a0 3e8e56f639a5db5b 1efd7bd8a34a1359 d5952b2e031c4e7e 5f94b027039f4e48 25145708d494530b 07f22a7ad7e4711d 2e79d45ba4d1540d 90ecb28f2edb9d43 88b62355670ec8f8
7,f58ff7f1a6cde683 b6d0f83aad4e4dc7 f49e13a653cbdad2 b1dcaca98bb76736 01e5a6edcee7deb0 5430097e23000368 1efd7bd8a34a1359 77e2f7da1f9d3a8f 7f95168400948588 01b3da54ffb158a0 01020d1b0821f4c7 88b62355670ec8f8 09bbaa171c20bae3 8d58da0e1800dc96 095bb1b6ecbd0a50 27bc34b9887bec0d 0772e3ab293a1f30 a04d6febd82a4389 d5952b2e031c4e7e 061f3e1feeaa3094 e14a893f1918277e f705b637f624147e 25145708d494530b e7cad3748e50b0f8 855f2f0354e102c7 7d83ffe83f61bdc4 1c3b74a02a86467d f9c6286cff30aaa8 3e8e56f639a5db5b 2a06f5614060e3b6
8,0772e3ab293a1f30 f58ff7f1a6cde683 7f95168400948588 095bb1b6ecbd0a50 5430097e23000368 01b3da54ffb158a0 83f5a9732f0de67f 27bc34b9887bec0d 8bf446c0455e3c5c 3cb6b40d377e7ca8 2cebd52b41930f0a b6d0f83aad4e4dc7 cc0c9419f8a20603 07d688f5e2142b87 f49e13a653cbdad2 03dfe518713e006c a04d6febd82a4389 b1dcaca98bb76736 e8b87ed7db1bcb1f e403278468d84383 fb2ebcb5335ad2e2 25145708d494530b f25bfcffedaccf28 0220a434aa8bf029 09bbaa171c20bae3 a18df74d3a16e9c0 da7d3c2d591c4295 c1f2e3a76d388944 2e79d45ba4d1540d 3e8e56f639a5db5b
9,cc861214a89ef1f4 fab14d178b24a67f 7f95168400948588 af8e70f978cd5aee 1efd7bd8a34a1359 4105533fe46dfba9 0c2eeab1e4ce1db8 2bafd15871caae91 34a62e66e05f9a44 a76ffccd2f5df1a7 f49e13a653cbdad2 059bbdbdb843af6a 74244a8703c03720 9a439fd1abf95245 316382267dcd804f 0772e3ab293a1f30 ae77487a89f2610c 351c9da399c2b915 09bbaa171c20bae3 f58ff7f1a6cde683 27bc34b9887bec0d 855f2f0354e102c7 4b29fc21f912754d 88b62355670ec8f8 a18df74d3a16e9c0 3e8e56f639a5db5b 48f93f9c2c699e19 061f3e1feeaa3094 37001ade0df85823 3cb6b40d377e7ca8
10,f58ff7f1a6cde683 25145708d494530b 7f95168400948588 0772e3ab293a1f30 061f3e1feeaa3094 09bbaa171c20bae3 88b62355670ec8f8 27bc34b9887bec0d 3cb6b40d377e7ca8 01b3da54ffb158a0 3e8e56f639a5db5b 48f93f9c2c699e19 da7d3c2d591c4295 07f22a7ad7e4711d e22c35101e190db9 03dfe518713e006c f49e13a653cbdad2 4f2fffd7528de786 b1dcaca98bb76736 ec1b3d7ccd3984d0 e8684734f2e587bd 73391e0853c1e040 8bf446c0455e3c5c 60a070db9f1869b5 d7d937303a6d5a9d 1c3b74a02a86467d d5952b2e031c4e7e f25bfcffedaccf28 b6e646c13d0753ae 77e2f7da1f9d3a8f
11,0772e3ab293a1f30 7f95168400948588 3cb6b40d377e7ca8 f58ff7f1a6cde683 5430097e23000368 27bc34b9887bec0d 095bb1b6ecbd0a50 07d688f5e2142b87 48f93f9c2c699e19 18ced18aee04c48e b6d0f83aad4e4dc7 25145708d494530b 8bf446c0455e3c5c 7d83ffe83f61bdc4 2cebd52b41930f0a f25bfcffedaccf28 b1dcaca98bb76736 01b3da54ffb158a0 c1f2e3a76d388944 74244a8703c03720 db0e648651f4c92b 0220a434aa8bf029 fb2ebcb5335ad2e2 03dfe518713e006c cc0c9419f8a20603 a18df74d3a16e9c0 dc12cc503ac0eddb a04d6febd82a4389 65ad9c583823162d 061f3e1feeaa3094
12,0772e3ab293a1f30 7f95168400948588 feddfcf56818968e dc12cc503ac0eddb 65ad9c583823162d 3cb6b40d377e7ca8 8699cc5dd4159b69 6899956cd6c683f0 6a3919ad9ed8197e a65e30106ea50423 65708d542bd01f39 99e833818ec4bbf2 25145708d494530b bd713b37b67866c3 4fe9e4e55585ba4b b1dcaca98bb76736 03dfe518713e006c 27bc34b9887bec0d 8a5635c748344d47 377c1150c781e37a 48f93f9c2c699e19 d63b7f083330247f 19e8f436d4b2fc25 87c5481930cfe126 01b3da54ffb158a0 2cebd52b41930f0a d216e5458ad70e60 8bf446c0455e3c5c 07d688f5e2142b87 72b80b099fd64ec4
13,4b29fc21f912754d 6406fcdb7d87b5dc 172bc0ee09332ae9 a76ffccd2f5df1a7 1efd7bd8a34a1359 3b6d27775fce1c7b a2c35fdf07a13286 cea18be9a89d7a81 28a2067685cb3e97 90ecb28f2edb9d43 3cb6b40d377e7ca8 f48d0fbea7dc2782 62431fd374eb99fb 3e66b4855d0dddbe 0772e3ab293a1f30 3e8e56f639a5db5b 7f95168400948588 f49e13a653cbdad2 0f4c71d341e2d939 ddf332f2b55a2a23 48f93f9c2c699e19 855f2f0354e102c7 b1e47da7659b675c 285657fcdf89f00d 5b4c879fc9c316fb fb2ebcb5335ad2e2 c015590d6a6fe833 09bbaa171c20bae3 77e2f7da1f9d3a8f 0bcaac840d5e66d7
14,0772e3ab293a1f30 f49e13a653cbdad2 1efd7bd8a34a1359 3e8e56f639a5db5b 7f95168400948588 01b3da54ffb158a0 b1dcaca98bb76736 01e5a6edcee7deb0 27bc34b9887bec0d 8bf446c0455e3c5c 88b62355670ec8f8 25145708d494530b 48f93f9c2c699e19 d5952b2e031c4e7e 29968e8fd13539f8 0451447dd64f6284 061f3e1feeaa3094 3cb6b40d377e7ca8 a18df74d3a16e9c0 e22c35101e190db9 09bbaa171c20bae3 77e2f7da1f9d3a8f 172bc0ee09332ae9 f25bfcffedaccf28 ec1b3d7ccd3984d0 f58ff7f1a6cde683 03dfe518713e006c 455fde214d16d350 e25a1da6ca187350 e8684734f2e587bd
15,4b29fc21f912754d a76ffccd2f5df1a7 172bc0ee09332ae9 7f95168400948588 cea18be9a89d7a81 3b6d27775fce1c7b 28a2067685cb3e97 f48d0fbea7dc2782 ddf332f2b55a2a23 4d954d933e606b70 0f4c71d341e2d939 6406fcdb7d87b5dc f58ff7f1a6cde683 f25bfcffedaccf28 3cb6b40d377e7ca8 0772e3ab293a1f30 62431fd374eb99fb b6e72edcad270be0 a18df74d3a16e9c0 3e66b4855d0dddbe 48f93f9c2c699e19 a2c35fdf07a13286 c015590d6a6fe833 27bc34b9887bec0d 09bbaa171c20bae3 b6d0f83aad4e4dc7 855f2f0354e102c7 5430097e23000368 c1f2e3a76d388944 ec1b3d7ccd3984d0
16,061f3e1feeaa3094 48f93f9c2c699e19 7f95168400948588 25145708d494530b f25bfcffedaccf28 1efd7bd8a34a1359 09bbaa171c20bae3 b05b5f6850cfa158 3cb6b40d377e7ca8 cc0c9419f8a20603 a2805ed52b47b8ec c5830f9d0f1e29e5 97d696011258825c f49e13a653cbdad2 34a62e66e05f9a44 ce0f56b7190c268a 0451447dd64f6284 d5952b2e031c4e7e 1c3b74a02a86467d 4f2fffd7528de786 172bc0ee09332ae9 52aa48c07b34dc88 a18df74d3a16e9c0 28a2067685cb3e97 0683b6a78f54be75 92f42fbd0c38f7fd f44f74b3451aa593 da7d3c2d591c4295 70ebf53ced736fa4 e8684734f2e587bd
17,1efd7bd8a34a1359 88b62355670ec8f8 0c2eeab1e4ce1db8 1c3b74a02a86467d 01e5a6edcee7deb0 f49e13a653cbdad2 09bbaa171c20bae3 07f22a7ad7e4711d b6d0f83aad4e4dc7 34a62e66e05f9a44 351c9da399c2b915 37001ade0df85823 3e8e56f639a5db5b 6406fcdb7d87b5dc 83b911ff0ff45844 061f3e1feeaa3094 da7d3c2d591c4295 4f2fffd7528de786 d7d937303a6d5a9d a76ffccd2f5df1a7 5430097e23000368 29968e8fd13539f8 a017f3358d5327aa d5952b2e031c4e7e 60a070db9f1869b5 2bafd15871caae91 7f95168400948588 ae77487a89f2610c 2a06f5614060e3b6 ced9c56f2be86774
18,061f3e1feeaa3094 28a2067685cb3e97 48f93f9c2c699e19 7f95168400948588 0772e3ab293a1f30 07d688f5e2142b87 25145708d494530b f49e13a653cbdad2 3cb6b40d377e7ca8 3b6d27775fce1c7b f25bfcffedaccf28 a18df74d3a16e9c0 3e8e56f639a5db5b 1efd7bd8a34a1359 a2805ed52b47b8ec 148ac4a56a18844d 01b3da54ffb158a0 09bbaa171c20bae3 fb2ebcb5335ad2e2 27bc34b9887bec0d cc0c9419f8a20603 c1f2e3a76d388944 8bf446c0455e3c5c 855f2f0354e102c7 90ecb28f2edb9d43 97d696011258825c 6406fcdb7d87b5dc 01e5a6edcee7deb0 1c3b74a02a86467d 0451447dd64f6284
19,7f95168400948588 3cb6b40d377e7ca8 4b29fc21f912754d 3b6d27775fce1c7b 28a2067685cb3e97 48f93f9c2c699e19 061f3e1feeaa3094 f25bfcffedaccf28 25145708d494530b 3e8e56f639a5db5b f58ff7f1a6cde683 ddf332f2b55a2a23 cea18be9a89d7a81 1efd7bd8a34a1359 a76ffccd2f5df1a7 172bc0ee09332ae9 07d688f5e2142b87 0683b6a78f54be75 0772e3ab293a1f30 285657fcdf89f00d 09bbaa171c20bae3 70ebf53ced736fa4 f49e13a653cbdad2 a18df74d3a16e9c0 c015590d6a6fe833 f48d0fbea7dc2782 6406fcdb7d87b5dc 3e66b4855d0dddbe a2c35fdf07a13286 a2805ed52b47b8ec
20,0772e3ab293a1f30 377c1150c781e37a 6a3919ad9ed8197e feddfcf56818968e b1dcaca98bb76736 dc12cc503ac0eddb 3cb6b40d377e7ca8 03dfe518713e006c 520ec719078be07c 65708d542bd01f39 65ad9c583823162d 8699cc5dd4159b69 7f95168400948588 27bc34b9887bec0d 96445bec1579ec97 8bf446c0455e3c5c a65e30106ea50423 2cebd52b41930f0a 77e2f7da1f9d3a8f 7155e5a86136eb02 01b3da54ffb158a0 99e833818ec4bbf2 4fe9e4e55585ba4b 455fde214d16d350 cc507a0d6fcf4a1c cc0c9419f8a20603 25145708d494530b 07d688f5e2142b87 d216e5458ad70e60 ba5199dba342af68
21,0bcaac840d5e66d7 25145708d494530b 48f93f9c2c699e19 061f3e1feeaa3094 3cb6b40d377e7ca8 4f2fffd7528de786 172bc0ee09332ae9 77e2f7da1f9d3a8f 6406fcdb7d87b5dc 7f95168400948588 a2c35fdf07a13286 cc0c9419f8a20603 f49e13a653cbdad2 4b29fc21f912754d 2cebd52b41930f0a 538c7bb968b2154c 3d6880bd12f6613f 5b4c879fc9c316fb 90ecb28f2edb9d43 b1dcaca98bb76736 9fbffc521da97c54 07d688f5e2142b87 5867d40811c0229f f44f74b3451aa593 781f4d0147aef776 f25bfcffedaccf28 a2805ed52b47b8ec 3b6d27775fce1c7b cea18be9a89d7a81 a18df74d3a16e9c0
22,9a439fd1abf95245 37001ade0df85823 0c2eeab1e4ce1db8 120e745e2961b5d5 fc8971756f9ec194 2e44fbb8bc3d8d71 42c9b72cc77dcb28 351c9da399c2b915 7f95168400948588 f28fb3d9880c5d4c 2bafd15871caae91 00ff646ca6637bd7 5430097e23000368 0cd920bad11c716d b0b5e62a93a2c37c 3cb6b40d377e7ca8 f58ff7f1a6cde683 898a4921ab9f4cce fab14d178b24a67f 0772e3ab293a1f30 6cb9ab508a0678a0 af8e70f978cd5aee 6461a9faa871b3ac 27bc34b9887bec0d fd30682593995748 00d9f8d3f7d412b3 9f27aa36c1ea793c da904d2a54ff8cf2 d6ed7e4b14c51296 00af886180e9eaec
23,4b29fc21f912754d 6406fcdb7d87b5dc 7f95168400948588 a76ffccd2f5df1a7 cea18be9a89d7a81 3b6d27775fce1c7b 172bc0ee09332ae9 28a2067685cb3e97 5430097e23000368 db0e648651f4c92b 62431fd374eb99fb 7d83ffe83f61bdc4 90ecb28f2edb9d43 a2c35fdf07a13286 f25bfcffedaccf28 285657fcdf89f00d f48d0fbea7dc2782 ae77487a89f2610c ddf332f2b55a2a23 3e66b4855d0dddbe 0f4c71d341e2d939 07d688f5e2142b87 9cf6709de35bf0f3 c015590d6a6fe833 b6e72edcad270be0 3cb6b40d377e7ca8 061f3e1feeaa3094 a18df74d3a16e9c0 1efd7bd8a34a1359 70ebf53ced736fa4
24,172bc0ee09332ae9 1efd7bd8a34a1359 a2c35fdf07a13286 09bbaa171c20bae3 a76ffccd2f5df1a7 6406fcdb7d87b5dc 3e66b4855d0dddbe 7f95168400948588 0f4c71d341e2d939 f49e13a653cbdad2 34a62e66e05f9a44 4b29fc21f912754d 66ccd03c9e03ac06 061f3e1feeaa3094 07f22a7ad7e4711d da7d3c2d591c4295 404031ab9d5977c4 d5952b2e031c4e7e 01e5a6edcee7deb0 1c3b74a02a86467d c015590d6a6fe833 855f2f0354e102c7 285657fcdf89f00d 4f2fffd7528de786 2a06f5614060e3b6 b6e72edcad270be0 88b62355670ec8f8 3cb6b40d377e7ca8 3b6d27775fce1c7b 25145708d494530b
25,09bbaa171c20bae3 061f3e1feeaa3094 4f2fffd7528de786 34a62e66e05f9a44 3cb6b40d377e7ca8 7f95168400948588 07f22a7ad7e4711d 1c3b74a02a86467d da7d3c2d591c4295 172bc0ee09332ae9 25145708d494530b 01b3da54ffb158a0 60a070db9f1869b5 d5952b2e031c4e7e 27bc34b9887bec0d 855f2f0354e102c7 0451447dd64f6284 d7d937303a6d5a9d 77e2f7da1f9d3a8f 1efd7bd8a34a1359 83b911ff0ff45844 a2805ed52b47b8ec 964a50d33717c26d b24820ae14e16a24 f49e13a653cbdad2 3e8e56f639a5db5b b6e646c13d0753ae a76ffccd2f5df1a7 5b4c879fc9c316fb a2c35fdf07a13286
26,a76ffccd2f5df1a7 0772e3ab293a1f30 4b29fc21f912754d f58ff7f1a6cde683 cea18be9a89d7a81 3b6d27775fce1c7b 7f95168400948588 172bc0ee09332ae9 0f4c71d341e2d939 c015590d6a6fe833 5430097e23000368 28a2067685cb3e97 b6d0f83aad4e4dc7 6406fcdb7d87b5dc 7b81f1f2b6ec2e5f 3e66b4855d0dddbe 2e44fbb8bc3d8d71 74244a8703c03720 f48d0fbea7dc2782 b3e75fdca5ca2f1a 3cb6b40d377e7ca8 351c9da399c2b915 a2c35fdf07a13286 a04d6febd82a4389 f49e13a653cbdad2 09bbaa171c20bae3 ae77487a89f2610c 6461a9faa871b3ac 4d954d933e606b70 9b2adcf4041227d7
27,fc8971756f9ec194 d72363ddd958d906 83f8aca6ee2caabc 2bafd15871caae91 059bbdbdb843af6a 0c2eeab1e4ce1db8 42c9b72cc77dcb28 453bc79164d57a01 f9c6286cff30aaa8 ae77487a89f2610c 537a55eda51a3f60 1efd7bd8a34a1359 cc861214a89ef1f4 8b7c486a910dd004 a84cd36608cb8665 f28fb3d9880c5d4c 37001ade0df85823 00d9f8d3f7d412b3 6461a9faa871b3ac e5fb8dc5c9cb4a19 36d33c41812ce7dc 88b62355670ec8f8 83b911ff0ff45844 f49e13a653cbdad2 190ab585fd379f0f d5952b2e031c4e7e a18df74d3a16e9c0 26f72a4eb15ea8c0 c810ac016901e8ac 61ba7707ef6a5a99
28,4483bbdd3241f11a 9f27aa36c1ea793c 8df3f13d6af34cb3 5430097e23000368 6461a9faa871b3ac d6ed7e4b14c51296 da904d2a54ff8cf2 cec2eea2a1fe566a 61ba7707ef6a5a99 9b2adcf4041227d7 d72363ddd958d906 83f8aca6ee2caabc 3d93a60f990a0a7c af8e70f978cd5aee 453bc79164d57a01 db0e648651f4c92b 2bafd15871caae91 00d9f8d3f7d412b3 c810ac016901e8ac 7d83ffe83f61bdc4 c05f45f86d0771d5 36d33c41812ce7dc 976baf0e84752a68 d64c06baf5ef1c90 37001ade0df85823 42c9b72cc77dcb28 898a4921ab9f4cce 52e459a551d4ac2d e7828f0ea9749505 f28fb3d9880c5d4c
29,40583079f57235a6 1efd7bd8a34a1359 a76ffccd2f5df1a7 3b6d27775fce1c7b 9b0e8cf8153e3b33 c015590d6a6fe833 095bb1b6ecbd0a50 7f95168400948588 28a2067685cb3e97 0f4c71d341e2d939 a292248bb2bffb3d f49e13a653cbdad2 4b29fc21f912754d 172bc0ee09332ae9 4d29c6922b2d0d56 fb2ebcb5335ad2e2 74244a8703c03720 01b3da54ffb158a0 54f55c74d37db3c0 ce2fe99a7cda4a17 33856365c271aea4 f58ff7f1a6cde683 e9c20b67a4c5395f 46b99f864d6a075a 0772e3ab293a1f30 b1e47da7659b675c a813c15b46ceaf68 09bbaa171c20bae3 c143c095983a65c2 ae77487a89f2610c
30,62431fd374eb99fb 4f915ad69e1dca36 cea18be9a89d7a81 0772e3ab293a1f30 50cb6a6c60ad711a 4b29fc21f912754d 8dedff0a79784abc 0f4c71d341e2d939 a76ffccd2f5df1a7 dc12cc503ac0eddb 65ad9c583823162d 3c565c1fc2316d16 c015590d6a6fe833 4d954d933e606b70 3b6d27775fce1c7b f48d0fbea7dc2782 b6e72edcad270be0 28a2067685cb3e97 feddfcf56818968e 7f95168400948588 24c47959ea77b15b 3cb6b40d377e7ca8 bd713b37b67866c3 3e66b4855d0dddbe 99e833818ec4bbf2 172bc0ee09332ae9 8699cc5dd4159b69 d63b7f083330247f 25145708d494530b 6e12311169bcb24c
31,172bc0ee09332ae9 a76ffccd2f5df1a7 4b29fc21f912754d 0f4c71d341e2d939 a2c35fdf07a13286 7f95168400948588 c015590d6a6fe833 09bbaa171c20bae3 3e66b4855d0dddbe b6e72edcad270be0 3b6d27775fce1c7b ddf332f2b55a2a23 28a2067685cb3e97 07f22a7ad7e4711d 6406fcdb7d87b5dc cea18be9a89d7a81 f48d0fbea7dc2782 4d954d933e606b70 4f2fffd7528de786 66ccd03c9e03ac06 855f2f0354e102c7 da7d3c2d591c4295 061f3e1feeaa3094 b1dcaca98bb76736 77e2f7da1f9d3a8f 404031ab9d5977c4 d5952b2e031c4e7e 1efd7bd8a34a1359 62431fd374eb99fb f49e13a653cbdad2
32,7f95168400948588 3cb6b40d377e7ca8 dc12cc503ac0eddb 0772e3ab293a1f30 27bc34b9887bec0d feddfcf56818968e 6a3919ad9ed8197e b1dcaca98bb76736 8699cc5dd4159b69 65ad9c583823162d 2cebd52b41930f0a 6899956cd6c683f0 25145708d494530b 07d688f5e2142b87 377c1150c781e37a 65708d542bd01f39 01b3da54ffb158a0 48f93f9c2c699e19 03dfe518713e006c 4fe9e4e55585ba4b cc0c9419f8a20603 a65e30106ea50423 99e833818ec4bbf2 0add47a043c64d7f d216e5458ad70e60 8bf446c0455e3c5c 19e8f436d4b2fc25 96445bec1579ec97 8a5635c748344d47 f25bfcffedaccf28
33,7f95168400948588 09bbaa171c20bae3 8bf446c0455e3c5c da7d3c2d591c4295 d5952b2e031c4e7e 0772e3ab293a1f30 01b3da54ffb158a0 60a070db9f1869b5 f49e13a653cbdad2 27bc34b9887bec0d 3cb6b40d377e7ca8 061f3e1feeaa3094 b6e646c13d0753ae 4f2fffd7528de786 25145708d494530b 1d12acf7349196b0 b1dcaca98bb76736 e403278468d84383 e8684734f2e587bd 34a62e66e05f9a44 f58ff7f1a6cde683 01e5a6edcee7deb0 07f22a7ad7e4711d 88b62355670ec8f8 1efd7bd8a34a1359 92f42fbd0c38f7fd 1c3b74a02a86467d 2cebd52b41930f0a 0451447dd64f6284 03dfe518713e006c
34,0772e3ab293a1f30 7f95168400948588 3cb6b40d377e7ca8 dc12cc503ac0eddb 377c1150c781e37a b1dcaca98bb76736 65708d542bd01f39 01b3da54ffb158a0 cc0c9419f8a20603 a65e30106ea50423 2cebd52b41930f0a 07d688f5e2142b87 27bc34b9887bec0d 77e2f7da1f9d3a8f 8699cc5dd4159b69 feddfcf56818968e 03dfe518713e006c 65ad9c583823162d 8bf446c0455e3c5c 6a3919ad9ed8197e 48f93f9c2c699e19 bd713b37b67866c3 455fde214d16d350 25145708d494530b 87c5481930cfe126 f25bfcffedaccf28 09bbaa171c20bae3 520ec719078be07c c1f2e3a76d388944 fb2ebcb5335ad2e2
35,f25bfcffedaccf28 0772e3ab293a1f30 7f95168400948588 cc0c9419f8a20603 2cebd52b41930f0a 3cb6b40d377e7ca8 0add47a043c64d7f a18df74d3a16e9c0 ca43e349133fc0e3 19e8f436d4b2fc25 48f93f9c2c699e19 6899956cd6c683f0 07d688f5e2142b87 27bc34b9887bec0d 01b3da54ffb158a0 25145708d494530b dc12cc503ac0eddb 03dfe518713e006c 8bf446c0455e3c5c 3e8e56f639a5db5b 8699cc5dd4159b69 09bbaa171c20bae3 ad06e9eeea8eb4ea 061f3e1feeaa3094 b1dcaca98bb76736 b05b5f6850cfa158 72b80b099fd64ec4 65708d542bd01f39 92f42fbd0c38f7fd 3d6880bd12f6613f
36,3cb6b40d377e7ca8 419b5dc40744fb9b 07d688f5e2142b87 7f95168400948588 c1f2e3a76d388944 a18df74d3a16e9c0 7c98dedd223b36c0 f25bfcffedaccf28 bee46c54461925d0 2cebd52b41930f0a cc0c9419f8a20603 90ecb28f2edb9d43 a2805ed52b47b8ec 2e79d45ba4d1540d 2e4b00c01d58e79e 27bc34b9887bec0d 97d696011258825c ad06e9eeea8eb4ea 4577ae048ef1967d 0772e3ab293a1f30 48f93f9c2c699e19 061f3e1feeaa3094 01b3da54ffb158a0 0bcaac840d5e66d7 b2ee9eea2d974c90 538c7bb968b2154c 5b4c879fc9c316fb 45bd99d5d2eef776 25145708d494530b 70ebf53ced736fa4
37,3b6d27775fce1c7b 0683b6a78f54be75 148ac4a56a18844d 58654e3143c6550b 1efd7bd8a34a1359 28a2067685cb3e97 7f95168400948588 25145708d494530b 6406fcdb7d87b5dc 5f94b027039f4e48 172bc0ee09332ae9 0451447dd64f6284 f49e13a653cbdad2 48f93f9c2c699e19 285657fcdf89f00d a76ffccd2f5df1a7 4b29fc21f912754d d5952b2e031c4e7e 70ebf53ced736fa4 a2c35fdf07a13286 c015590d6a6fe833 09bbaa171c20bae3 a2805ed52b47b8ec 48cf88c17ff38c5e cea18be9a89d7a81 e9c20b67a4c5395f 061f3e1feeaa3094 3e8e56f639a5db5b 97d696011258825c 3cb6b40d377e7ca8
38,f58ff7f1a6cde683 a76ffccd2f5df1a7 1efd7bd8a34a1359 3e8e56f639a5db5b 40583079f57235a6 b6d0f83aad4e4dc7 b3e75fdca5ca2f1a 0772e3ab293a1f30 db0e648651f4c92b 7f95168400948588 7d83ffe83f61bdc4 ae77487a89f2610c 7b81f1f2b6ec2e5f bd9cd6b87a4fe0ce 5430097e23000368 09bbaa171c20bae3 f49e13a653cbdad2 4b29fc21f912754d c015590d6a6fe833 061f3e1feeaa3094 0f4c71d341e2d939 9b2adcf4041227d7 3b6d27775fce1c7b 74244a8703c03720 88b62355670ec8f8 a04d6febd82a4389 a2c35fdf07a13286 49b5678e0d1e5bcd 37001ade0df85823 095bb1b6ecbd0a50
39,0772e3ab293a1f30 5430097e23000368 7f95168400948588 f58ff7f1a6cde683 7d83ffe83f61bdc4 3cb6b40d377e7ca8 8bf446c0455e3c5c a18df74d3a16e9c0 db0e648651f4c92b 27bc34b9887bec0d 0220a434aa8bf029 01b3da54ffb158a0 b6d0f83aad4e4dc7 48f93f9c2c699e19 fb2ebcb5335ad2e2 f25bfcffedaccf28 9b2adcf4041227d7 25145708d494530b 061f3e1feeaa3094 43c354dbf952caaa 09bbaa171c20bae3 b1dcaca98bb76736 f49e13a653cbdad2 c1f2e3a76d388944 65ad9c583823162d 3e8e56f639a5db5b 03dfe518713e006c 3ca7964973437917 e25a1da6ca187350 e22c35101e190db9
40,7f95168400948588 9b2adcf4041227d7 5430097e23000368 7d83ffe83f61bdc4 db0e648651f4c92b f58ff7f1a6cde683 6461a9faa871b3ac 061f3e1feeaa3094 a017f3358d5327aa 09bbaa171c20bae3 f49e13a653cbdad2 1efd7bd8a34a1359 da7d3c2d591c4295 3e8e56f639a5db5b a76ffccd2f5df1a7 172bc0ee09332ae9 b6d0f83aad4e4dc7 da904d2a54ff8cf2 d6ed7e4b14c51296 b3e75fdca5ca2f1a af8e70f978cd5aee 8df3f13d6af34cb3 7b81f1f2b6ec2e5f 49b5678e0d1e5bcd 3cb6b40d377e7ca8 01b3da54ffb158a0 d5952b2e031c4e7e 37001ade0df85823 0772e3ab293a1f30 4b29fc21f912754d
41,0451447dd64f6284 28a2067685cb3e97 6406fcdb7d87b5dc 3b6d27775fce1c7b c015590d6a6fe833 285657fcdf89f00d 148ac4a56a18844d 7f95168400948588 0772e3ab293a1f30 a76ffccd2f5df1a7 4b29fc21f912754d 0f4c71d341e2d939 35488b3b8b781278 f49e13a653cbdad2 b1dcaca98bb76736 3a6e7894dde31c67 0683b6a78f54be75 27bc34b9887bec0d e9c20b67a4c5395f 5b4c879fc9c316fb 01e5a6edcee7deb0 b6e72edcad270be0 25145708d494530b 3e8e56f639a5db5b 172bc0ee09332ae9 01b3da54ffb158a0 a2c35fdf07a13286 5f94b027039f4e48 7d83ffe83f61bdc4 db0e648651f4c92b
42,f58ff7f1a6cde683 b6d0f83aad4e4dc7 74244a8703c03720 095bb1b6ecbd0a50 a04d6febd82a4389 7f95168400948588 54f55c74d37db3c0 5430097e23000368 702d8f1064ab3e30 0772e3ab293a1f30 dac29ed8400b50cc 0cd920bad11c716d 005666aa098abe8e 7b81f1f2b6ec2e5f 351c9da399c2b915 40583079f57235a6 3cb6b40d377e7ca8 01020d1b0821f4c7 73391e0853c1e040 a292248bb2bffb3d 7d83ffe83f61bdc4 db0e648651f4c92b 44d324ebd3e22ad7 9100ea6cd0e084bf 5570ef88d970e9b4 d6ed7e4b14c51296 da904d2a54ff8cf2 af8e70f978cd5aee 39f6296778264878 07d688f5e2142b87
43,2e44fbb8bc3d8d71 351c9da399c2b915 fc8971756f9ec194 0c2eeab1e4ce1db8 39f6296778264878 37001ade0df85823 42c9b72cc77dcb28 e5fb8dc5c9cb4a19 2dd12c230ab22555 d92c0298f76ccf77 a677c3a76055a6d2 316382267dcd804f 26fc2a95df5659c2 059bbdbdb843af6a b8e2f75014710ced f28fb3d9880c5d4c 2bafd15871caae91 74244a8703c03720 cc861214a89ef1f4 453bc79164d57a01 fc21db75b354a917 36d33c41812ce7dc 5570ef88d970e9b4 fab14d178b24a67f 9c9a9d45c2ea7ddf 5430097e23000368 83f8aca6ee2caabc d72363ddd958d906 6e1b6b53c9710940 120e745e2961b5d5
44,7f95168400948588 0772e3ab293a1f30 09bbaa171c20bae3 27bc34b9887bec0d 3cb6b40d377e7ca8 5430097e23000368 f58ff7f1a6cde683 25145708d494530b da7d3c2d591c4295 4b29fc21f912754d 3b6d27775fce1c7b 28a2067685cb3e97 f25bfcffedaccf28 48f93f9c2c699e19 b1dcaca98bb76736 a76ffccd2f5df1a7 d5952b2e031c4e7e f49e13a653cbdad2 172bc0ee09332ae9 bee46c54461925d0 cea18be9a89d7a81 01b3da54ffb158a0 005666aa098abe8e fb2ebcb5335ad2e2 97d696011258825c c1f2e3a76d388944 0451447dd64f6284 a18df74d3a16e9c0 4f2fffd7528de786 2cebd52b41930f0a
45,f58ff7f1a6cde683 b6d0f83aad4e4dc7 f49e13a653cbdad2 8d58da0e1800dc96 095bb1b6ecbd0a50 4a5ac473c9d176ba 40583079f57235a6 a04d6febd82a4389 7f95168400948588 1efd7bd8a34a1359 01020d1b0821f4c7 0220a434aa8bf029 dac29ed8400b50cc f9c6286cff30aaa8 74244a8703c03720 73391e0853c1e040 33856365c271aea4 db0e648651f4c92b 5430097e23000368 7d83ffe83f61bdc4 3e8e56f639a5db5b a292248bb2bffb3d 9b2adcf4041227d7 0772e3ab293a1f30 abf90e759d208468 6461a9faa871b3ac 01e5a6edcee7deb0 af8e70f978cd5aee 7b81f1f2b6ec2e5f 46b99f864d6a075a
46,061f3e1feeaa3094 ae77487a89f2610c 5430097e23000368 7e4a4a1300b77a06 172bc0ee09332ae9 da7d3c2d591c4295 1c3b74a02a86467d 60a070db9f1869b5 4f2fffd7528de786 09bbaa171c20bae3 db0e648651f4c92b d5952b2e031c4e7e 7d83ffe83f61bdc4 d7d937303a6d5a9d a2805ed52b47b8ec 3e66b4855d0dddbe 1dc7139adba034ec a2c35fdf07a13286 34a62e66e05f9a44 e8684734f2e587bd 7f95168400948588 404031ab9d5977c4 01e5a6edcee7deb0 25145708d494530b 07f22a7ad7e4711d c143c095983a65c2 66ccd03c9e03ac06 f49e13a653cbdad2 1efd7bd8a34a1359 3e8e56f639a5db5b
47,a76ffccd2f5df1a7 ba5199dba342af68 6406fcdb7d87b5dc 172bc0ee09332ae9 4b29fc21f912754d 07d688f5e2142b87 cea18be9a89d7a81 f48d0fbea7dc2782 28a2067685cb3e97 3b6d27775fce1c7b 3e66b4855d0dddbe 7f95168400948588 1efd7bd8a34a1359 c1f2e3a76d388944 b6e72edcad270be0 62431fd374eb99fb 2e79d45ba4d1540d a2c35fdf07a13286 0f4c71d341e2d939 3cb6b40d377e7ca8 4d954d933e606b70 83b911ff0ff45844 855f2f0354e102c7 cc0c9419f8a20603 b1dcaca98bb76736 5b4c879fc9c316fb ddf332f2b55a2a23 a18df74d3a16e9c0 c015590d6a6fe833 0772e3ab293a1f30
48,0772e3ab293a1f30 f49e13a653cbdad2 7f95168400948588 3cb6b40d377e7ca8 88b62355670ec8f8 3e8e56f639a5db5b 48f93f9c2c699e19 09bbaa171c20bae3 99e833818ec4bbf2 1efd7bd8a34a1359 97d696011258825c 061f3e1feeaa3094 25145708d494530b 01e5a6edcee7deb0 f25bfcffedaccf28 43b3338423d7386c 27bc34b9887bec0d cc0c9419f8a20603 01b3da54ffb158a0 07d688f5e2142b87 0add47a043c64d7f 03dfe518713e006c a18df74d3a16e9c0 b1dcaca98bb76736 77e2f7da1f9d3a8f 455fde214d16d350 0451447dd64f6284 a2805ed52b47b8ec 2cebd52b41930f0a b6d0f83aad4e4dc7
49,0772e3ab293a1f30 7f95168400948588 f25bfcffedaccf28 3b6d27775fce1c7b cea18be9a89d7a81 28a2067685cb3e97 a18df74d3a16e9c0 c015590d6a6fe833 4b29fc21f912754d 0f4c71d341e2d939 cc0c9419f8a20603 a76ffccd2f5df1a7 48f93f9c2c699e19 f58ff7f1a6cde683 f48d0fbea7dc2782 5430097e23000368 25145708d494530b 172bc0ee09332ae9 3cb6b40d377e7ca8 8bf446c0455e3c5c b6e72edcad270be0 ddf332f2b55a2a23 4d954d933e606b70 0add47a043c64d7f 2cebd52b41930f0a 095bb1b6ecbd0a50 0220a434aa8bf029 27bc34b9887bec0d 07d688f5e2142b87 7155e5a86136eb02
50,4535ce2e3dced00f e461837f0fb35048 f58ff7f1a6cde683 b6d0f83aad4e4dc7 3b6d27775fce1c7b bee46c54461925d0 a76ffccd2f5df1a7 4b29fc21f912754d 7f95168400948588 1efd7bd8a34a1359 172bc0ee09332ae9 6406fcdb7d87b5dc a18df74d3a16e9c0 28a2067685cb3e97 0f4c71d341e2d939 90ecb28f2edb9d43 3cb6b40d377e7ca8 f25bfcffedaccf28 97d696011258825c a2c35fdf07a13286 ae77487a89f2610c f49e13a653cbdad2 0eb4de784c8dd679 c015590d6a6fe833 7d83ffe83f61bdc4 061f3e1feeaa3094 db0e648651f4c92b 40583079f57235a6 83f8f2fc471cad74 7b81f1f2b6ec2e5f
51,1efd7bd8a34a1359 09bbaa171c20bae3 27bc34b9887bec0d 01e5a6edcee7deb0 34a62e66e05f9a44 3cb6b40d377e7ca8 25145708d494530b 061f3e1feeaa3094 7155e5a86136eb02 1c3b74a02a86467d 3e8e56f639a5db5b f49e13a653cbdad2 88b62355670ec8f8 ec1b3d7ccd3984d0 7f95168400948588 d7d937303a6d5a9d 01b3da54ffb158a0 b6d0f83aad4e4dc7 45630e1451157ff3 d5952b2e031c4e7e c143c095983a65c2 07f22a7ad7e4711d 4fe9e4e55585ba4b 0772e3ab293a1f30 48f93f9c2c699e19 855f2f0354e102c7 ae77487a89f2610c f58ff7f1a6cde683 4f2fffd7528de786 0a79fabc6f5d93c9
52,1efd7bd8a34a1359 07f22a7ad7e4711d 7f95168400948588 09bbaa171c20bae3 1c3b74a02a86467d f49e13a653cbdad2 88b62355670ec8f8 061f3e1feeaa3094 fb2ebcb5335ad2e2 34a62e66e05f9a44 01e5a6edcee7deb0 4f2fffd7528de786 d5952b2e031c4e7e ae77487a89f2610c f58ff7f1a6cde683 855f2f0354e102c7 b1dcaca98bb76736 0772e3ab293a1f30 b6d0f83aad4e4dc7 60a070db9f1869b5 a76ffccd2f5df1a7 3e8e56f639a5db5b da7d3c2d591c4295 3cb6b40d377e7ca8 01b3da54ffb158a0 83b911ff0ff45844 b1e47da7659b675c 27bc34b9887bec0d a292248bb2bffb3d d7d937303a6d5a9d
53,1efd7bd8a34a1359 f49e13a653cbdad2 0772e3ab293a1f30 3e8e56f639a5db5b 01e5a6edcee7deb0 88b62355670ec8f8 01b3da54ffb158a0 061f3e1feeaa3094 7f95168400948588 b1dcaca98bb76736 77e2f7da1f9d3a8f 29968e8fd13539f8 d5952b2e031c4e7e d7d937303a6d5a9d a76ffccd2f5df1a7 1c3b74a02a86467d 27bc34b9887bec0d 25145708d494530b 8bf446c0455e3c5c 09bbaa171c20bae3 f209d29f991432f0 b1e47da7659b675c e8684734f2e587bd 6406fcdb7d87b5dc da7d3c2d591c4295 3cb6b40d377e7ca8 35488b3b8b781278 a18df74d3a16e9c0 855f2f0354e102c7 0451447dd64f6284
54,4b29fc21f912754d a76ffccd2f5df1a7 172bc0ee09332ae9 cea18be9a89d7a81 0f4c71d341e2d939 f48d0fbea7dc2782 6406fcdb7d87b5dc a2c35fdf07a13286 3b6d27775fce1c7b c015590d6a6fe833 b6e72edcad270be0 62431fd374eb99fb 0772e3ab293a1f30 3e66b4855d0dddbe 28a2067685cb3e97 7f95168400948588 4d954d933e606b70 ddf332f2b55a2a23 351c9da399c2b915 37001ade0df85823 6461a9faa871b3ac 285657fcdf89f00d 4f2fffd7528de786 27bc34b9887bec0d 09bbaa171c20bae3 b1dcaca98bb76736 c5830f9d0f1e29e5 5b4c879fc9c316fb 3cb6b40d377e7ca8 24c47959ea77b15b
55,b2ee9eea2d974c90 172bc0ee09332ae9 8643165b0f53df11 a2c35fdf07a13286 bee46c54461925d0 97d696011258825c 2e4b00c01d58e79e 6406fcdb7d87b5dc 83b911ff0ff45844 83f8f2fc471cad74 7c98dedd223b36c0 7f95168400948588 1efd7bd8a34a1359 4b29fc21f912754d f49e13a653cbdad2 855f2f0354e102c7 3e66b4855d0dddbe d1e21234d7cc61d2 a76ffccd2f5df1a7 b1dcaca98bb76736 a18df74d3a16e9c0 538c7bb968b2154c c5830f9d0f1e29e5 f44f74b3451aa593 0451447dd64f6284 3e8e56f639a5db5b 285657fcdf89f00d 1dc7139adba034ec a2805ed52b47b8ec 050544c040f46152
56,7f95168400948588 172bc0ee09332ae9 1efd7bd8a34a1359 3e8e56f639a5db5b a76ffccd2f5df1a7 a2c35fdf07a13286 4b29fc21f912754d 48f93f9c2c699e19 3cb6b40d377e7ca8 25145708d494530b 3b6d27775fce1c7b 6406fcdb7d87b5dc 09bbaa171c20bae3 0772e3ab293a1f30 c015590d6a6fe833 f49e13a653cbdad2 27bc34b9887bec0d 0f4c71d341e2d939 b9d966ad9e04127a 3e66b4855d0dddbe 28a2067685cb3e97 0451447dd64f6284 f25bfcffedaccf28 ec1b3d7ccd3984d0 b6e72edcad270be0 4f2fffd7528de786 4d954d933e606b70 cea18be9a89d7a81 01b3da54ffb158a0 07f22a7ad7e4711d
57,7f95168400948588 52aa48c07b34dc88 19e8f436d4b2fc25 2cebd52b41930f0a ca43e349133fc0e3 f25bfcffedaccf28 3cb6b40d377e7ca8 0772e3ab293a1f30 cc0c9419f8a20603 07d688f5e2142b87 ad06e9eeea8eb4ea b05b5f6850cfa158 3b6d27775fce1c7b 0add47a043c64d7f 28a2067685cb3e97 4b29fc21f912754d 45bd99d5d2eef776 cea18be9a89d7a81 65708d542bd01f39 d216e5458ad70e60 03dfe518713e006c 6899956cd6c683f0 25145708d494530b 62431fd374eb99fb fa173131f15f5534 ddf332f2b55a2a23 4f915ad69e1dca36 27bc34b9887bec0d 48f93f9c2c699e19 8a5635c748344d47
58,f58ff7f1a6cde683 01020d1b0821f4c7 73391e0853c1e040 b6d0f83aad4e4dc7 a04d6febd82a4389 8d58da0e1800dc96 abf90e759d208468 c08c3765ac609cc0 589ef345cb2dccfc 4a5ac473c9d176ba 54f55c74d37db3c0 702d8f1064ab3e30 095bb1b6ecbd0a50 70776cdd9bb3b7d4 005666aa098abe8e f9c6286cff30aaa8 bd0f175ee98c613e 7f95168400948588 46b99f864d6a075a 3cb6b40d377e7ca8 ec4ef2f727e7a03f f705b637f624147e 27bc34b9887bec0d 5b34da30b93eb123 2cebd52b41930f0a 5430097e23000368 03dfe518713e006c 781aaf62a955e4e8 01b3da54ffb158a0 4b8c7061102517ef
59,7f95168400948588 4b29fc21f912754d f49e13a653cbdad2 48f93f9c2c699e19 a76ffccd2f5df1a7 172bc0ee09332ae9 3b6d27775fce1c7b 28a2067685cb3e97 db0e648651f4c92b 1efd7bd8a34a1359 6406fcdb7d87b5dc 25145708d494530b 3cb6b40d377e7ca8 7d83ffe83f61bdc4 0772e3ab293a1f30 09bbaa171c20bae3 f25bfcffedaccf28 a18df74d3a16e9c0 27bc34b9887bec0d 061f3e1feeaa3094 0683b6a78f54be75 97d696011258825c ae77487a89f2610c 285657fcdf89f00d 34a62e66e05f9a44 0f4c71d341e2d939 c015590d6a6fe833 ddf332f2b55a2a23 ec1b3d7ccd3984d0 07d688f5e2142b87
60,00d9eb862ba3dfc6 e461837f0fb35048 aa967ad3c1f65a29 bc2552a642ce8497 83f5a9732f0de67f 0a49074a4158155b 585f4ee09d8fea46 765c0695339c3abe dc576af4ae66e25e 1c3b74a02a86467d 01e5a6edcee7deb0 e7dd56376be2cf1c c96049ed915ced0a 7c98dedd223b36c0 95166957b2c38794 c49d8f84a4f87f8a 0eb4de784c8dd679 da7d3c2d591c4295 172bc0ee09332ae9 7f29daa16b9b4cda 3e66b4855d0dddbe 09bbaa171c20bae3 1dc7139adba034ec e8ad5e31484ef889 0451447dd64f6284 6406fcdb7d87b5dc 07f22a7ad7e4711d f49e13a653cbdad2 a017f3358d5327aa a2c35fdf07a13286
61,5430097e23000368 db0e648651f4c92b 7d83ffe83f61bdc4 ae77487a89f2610c af8e70f978cd5aee 7e4a4a1300b77a06 00d9f8d3f7d412b3 9b2adcf4041227d7 9f27aa36c1ea793c d6ed7e4b14c51296 da904d2a54ff8cf2 8df3f13d6af34cb3 2b48ab08c915c0ad 9d5edf3b993fee50 6461a9faa871b3ac 09bbaa171c20bae3 37001ade0df85823 061f3e1feeaa3094 d72363ddd958d906 83f8aca6ee2caabc c05f45f86d0771d5 b3e75fdca5ca2f1a bbbd5d2fd957e8f7 2bafd15871caae91 8dc313a2cf9da354 f58ff7f1a6cde683 49b5678e0d1e5bcd 0b774cf90856c4da 4483bbdd3241f11a 50ba507a268872e1
62,0772e3ab293a1f30 a76ffccd2f5df1a7 4b29fc21f912754d 855f2f0354e102c7 77e2f7da1f9d3a8f 0f4c71d341e2d939 b1dcaca98bb76736 172bc0ee09332ae9 a2c35fdf07a13286 c015590d6a6fe833 3b6d27775fce1c7b 1efd7bd8a34a1359 7f95168400948588 cea18be9a89d7a81 09bbaa171c20bae3 f58ff7f1a6cde683 f49e13a653cbdad2 0451447dd64f6284 5430097e23000368 6406fcdb7d87b5dc 3e8e56f639a5db5b 01b3da54ffb158a0 5b4c879fc9c316fb 28a2067685cb3e97 4f2fffd7528de786 3cb6b40d377e7ca8 061f3e1feeaa3094 25145708d494530b 27bc34b9887bec0d f48d0fbea7dc2782
63,e0269da736ddf004 7f95168400948588 1efd7bd8a34a1359 3e8e56f639a5db5b 0772e3ab293a1f30 f49e13a653cbdad2 a18df74d3a16e9c0 25145708d494530b 061f3e1feeaa3094 27bc34b9887bec0d 6406fcdb7d87b5dc fb2ebcb5335ad2e2 88b62355670ec8f8 09bbaa171c20bae3 a76ffccd2f5df1a7 b1e47da7659b675c 3cb6b40d377e7ca8 01b3da54ffb158a0 5430097e23000368 d5952b2e031c4e7e f25bfcffedaccf28 01e5a6edcee7deb0 b1dcaca98bb76736 4f2fffd7528de786 35488b3b8b781278 48f93f9c2c699e19 97d696011258825c 855f2f0354e102c7 4b29fc21f912754d f58ff7f1a6cde683
64,1efd7bd8a34a1359 f49e13a653cbdad2 48f93f9c2c699e19 3e8e56f639a5db5b 09bbaa171c20bae3 25145708d494530b 27bc34b9887bec0d ec1b3d7ccd3984d0 7f95168400948588 01e5a6edcee7deb0 3cb6b40d377e7ca8 0772e3ab293a1f30 88b62355670ec8f8 a76ffccd2f5df1a7 34a62e66e05f9a44 01b3da54ffb158a0 d5952b2e031c4e7e 6406fcdb7d87b5dc 061f3e1feeaa3094 97d696011258825c f58ff7f1a6cde683 e22c35101e190db9 172bc0ee09332ae9 29968e8fd13539f8 4b29fc21f912754d b1dcaca98bb76736 d7d937303a6d5a9d 77e2f7da1f9d3a8f 0f4c71d341e2d939 e25a1da6ca187350
65,1efd7bd8a34a1359 f49e13a653cbdad2 7f95168400948588 0772e3ab293a1f30 09bbaa171c20bae3 88b62355670ec8f8 061f3e1feeaa3094 3e8e56f639a5db5b 07f22a7ad7e4711d da7d3c2d591c4295 01e5a6edcee7deb0 34a62e66e05f9a44 1c3b74a02a86467d f58ff7f1a6cde683 4f2fffd7528de786 a76ffccd2f5df1a7 7b81f1f2b6ec2e5f b1dcaca98bb76736 ae77487a89f2610c b6d0f83aad4e4dc7 172bc0ee09332ae9 97d696011258825c d7d937303a6d5a9d d5952b2e031c4e7e 83b911ff0ff45844 a18df74d3a16e9c0 27bc34b9887bec0d 1dc7139adba034ec e8684734f2e587bd a017f3358d5327aa
66,7f95168400948588 09bbaa171c20bae3 1efd7bd8a34a1359 da7d3c2d591c4295 3cb6b40d377e7ca8 061f3e1feeaa3094 d5952b2e031c4e7e 77e2f7da1f9d3a8f 855f2f0354e102c7 b6e646c13d0753ae 01b3da54ffb158a0 4f2fffd7528de786 27bc34b9887bec0d a2805ed52b47b8ec 1c3b74a02a86467d 0772e3ab293a1f30 f25bfcffedaccf28 e25a1da6ca187350 25145708d494530b 48f93f9c2c699e19 c1f2e3a76d388944 60a070db9f1869b5 07f22a7ad7e4711d 1dc7139adba034ec 964a50d33717c26d f49e13a653cbdad2 88b62355670ec8f8 83b911ff0ff45844 e8684734f2e587bd 01e5a6edcee7deb0
67,3b6d27775fce1c7b e8684734f2e587bd 28a2067685cb3e97 4b29fc21f912754d 7f95168400948588 a76ffccd2f5df1a7 172bc0ee09332ae9 c015590d6a6fe833 6406fcdb7d87b5dc cea18be9a89d7a81 62431fd374eb99fb a18df74d3a16e9c0 4f915ad69e1dca36 0f4c71d341e2d939 f48d0fbea7dc2782 ddf332f2b55a2a23 1efd7bd8a34a1359 a2c35fdf07a13286 285657fcdf89f00d d5952b2e031c4e7e b6e72edcad270be0 4d954d933e606b70 061f3e1feeaa3094 f25bfcffedaccf28 48f93f9c2c699e19 09bbaa171c20bae3 8dedff0a79784abc 3cb6b40d377e7ca8 f49e13a653cbdad2 3e66b4855d0dddbe
68,5430097e23000368 f58ff7f1a6cde683 09bbaa171c20bae3 db0e648651f4c92b b6d0f83aad4e4dc7 7d83ffe83f61bdc4 702d8f1064ab3e30 0772e3ab293a1f30 af8e70f978cd5aee 9b2adcf4041227d7 37001ade0df85823 07f22a7ad7e4711d 095bb1b6ecbd0a50 7f95168400948588 855f2f0354e102c7 1efd7bd8a34a1359 6461a9faa871b3ac ae77487a89f2610c 7b81f1f2b6ec2e5f f705b637f624147e 00d9f8d3f7d412b3 a04d6febd82a4389 f49e13a653cbdad2 d6ed7e4b14c51296 da904d2a54ff8cf2 74873b42602d8958 49b5678e0d1e5bcd e7cad3748e50b0f8 27bc34b9887bec0d b3e75fdca5ca2f1a
69,1efd7bd8a34a1359 a2c35fdf07a13286 172bc0ee09332ae9 07f22a7ad7e4711d a76ffccd2f5df1a7 6406fcdb7d87b5dc 855f2f0354e102c7 3e66b4855d0dddbe 66ccd03c9e03ac06 404031ab9d5977c4 09bbaa171c20bae3 7c8324ce28ffb96e 4b29fc21f912754d 0f4c71d341e2d939 4f2fffd7528de786 da7d3c2d591c4295 c015590d6a6fe833 1d72229ebcc00faf 40583079f57235a6 587e0b2a4811fab1 666bdff4faa513ca 3b6d27775fce1c7b 7f95168400948588 061f3e1feeaa3094 28a2067685cb3e97 b1e47da7659b675c b6e72edcad270be0 e8684734f2e587bd f49e13a653cbdad2 285657fcdf89f00d
70,7f95168400948588 07f22a7ad7e4711d 1efd7bd8a34a1359 5430097e23000368 09bbaa171c20bae3 88b62355670ec8f8 6406fcdb7d87b5dc ae77487a89f2610c 4f2fffd7528de786 172bc0ee09332ae9 f49e13a653cbdad2 061f3e1feeaa3094 7e4a4a1300b77a06 a2c35fdf07a13286 da7d3c2d591c4295 0772e3ab293a1f30 a76ffccd2f5df1a7 9b2adcf4041227d7 f58ff7f1a6cde683 855f2f0354e102c7 7d83ffe83f61bdc4 db0e648651f4c92b a2805ed52b47b8ec 3e8e56f639a5db5b f44f74b3451aa593 3e66b4855d0dddbe 6461a9faa871b3ac 4b29fc21f912754d 1c3b74a02a86467d b3e75fdca5ca2f1a
71,7f95168400948588 09bbaa171c20bae3 ae77487a89f2610c af8e70f978cd5aee 0772e3ab293a1f30 4f2fffd7528de786 5430097e23000368 f49e13a653cbdad2 3cb6b40d377e7ca8 27bc34b9887bec0d 25145708d494530b 01b3da54ffb158a0 01e5a6edcee7deb0 d5952b2e031c4e7e 1efd7bd8a34a1359 3e8e56f639a5db5b 07f22a7ad7e4711d f58ff7f1a6cde683 34a62e66e05f9a44 da7d3c2d591c4295 1c3b74a02a86467d db0e648651f4c92b 061f3e1feeaa3094 d7d937303a6d5a9d 60a070db9f1869b5 a2805ed52b47b8ec 0451447dd64f6284 7d83ffe83f61bdc4 88b62355670ec8f8 7e4a4a1300b77a06
72,46315cf30aaee51c b3e75fdca5ca2f1a 2a06f5614060e3b6 bed3e73d52011f68 1efd7bd8a34a1359 8f578001f9d5f543 4483bbdd3241f11a f49e13a653cbdad2 da7d3c2d591c4295 a292248bb2bffb3d 061f3e1feeaa3094 09bbaa171c20bae3 f58ff7f1a6cde683 976baf0e84752a68 a813c15b46ceaf68 b6d0f83aad4e4dc7 33856365c271aea4 ae77487a89f2610c 7f95168400948588 88b62355670ec8f8 fc21db75b354a917 74873b42602d8958 01e5a6edcee7deb0 316382267dcd804f d7d937303a6d5a9d a76ffccd2f5df1a7 172bc0ee09332ae9 bd9cd6b87a4fe0ce 34a62e66e05f9a44 50ba507a268872e1
73,5430097e23000368 7d83ffe83f61bdc4 db0e648651f4c92b 0772e3ab293a1f30 09bbaa171c20bae3 b1dcaca98bb76736 7f95168400948588 f58ff7f1a6cde683 ae77487a89f2610c 0220a434aa8bf029 9b2adcf4041227d7 07f22a7ad7e4711d 0b774cf90856c4da 27bc34b9887bec0d d6ed7e4b14c51296 da904d2a54ff8cf2 7e4a4a1300b77a06 4f2fffd7528de786 8df3f13d6af34cb3 9f27aa36c1ea793c 5b4c879fc9c316fb af8e70f978cd5aee f05fa5f57dc03e81 01b3da54ffb158a0 2b48ab08c915c0ad 9d5edf3b993fee50 77e2f7da1f9d3a8f 3cb6b40d377e7ca8 095bb1b6ecbd0a50 0eb4de784c8dd679
74,2e44fbb8bc3d8d71 0c2eeab1e4ce1db8 2bafd15871caae91 351c9da399c2b915 e5fb8dc5c9cb4a19 42c9b72cc77dcb28 b8e2f75014710ced 059bbdbdb843af6a fc8971756f9ec194 2dd12c230ab22555 f28fb3d9880c5d4c cc861214a89ef1f4 453bc79164d57a01 36d33c41812ce7dc 83f8aca6ee2caabc d72363ddd958d906 6e1b6b53c9710940 37001ade0df85823 74244a8703c03720 316382267dcd804f a677c3a76055a6d2 8b7c486a910dd004 d92c0298f76ccf77 39f6296778264878 26fc2a95df5659c2 4105533fe46dfba9 ae77487a89f2610c 3d93a60f990a0a7c fc21db75b354a917 fab14d178b24a67f
75,1efd7bd8a34a1359 6406fcdb7d87b5dc a76ffccd2f5df1a7 4d9214c0925e5af8 f49e13a653cbdad2 172bc0ee09332ae9 48cf88c17ff38c5e 4b29fc21f912754d 855f2f0354e102c7 0f4c71d341e2d939 447fc00f40d71d08 0772e3ab293a1f30 7f95168400948588 3b6d27775fce1c7b 5b4c879fc9c316fb a853f13216170123 07f22a7ad7e4711d 0683b6a78f54be75 01e5a6edcee7deb0 4f2fffd7528de786 3e8e56f639a5db5b 0451447dd64f6284 77e2f7da1f9d3a8f 28a2067685cb3e97 66ccd03c9e03ac06 3e66b4855d0dddbe c015590d6a6fe833 81b7c7e312bfa1a0 b6e72edcad270be0 4d954d933e606b70
76,2a06f5614060e3b6 bed3e73d52011f68 5b34da30b93eb123 a292248bb2bffb3d 8d58da0e1800dc96 a04d6febd82a4389 b3e75fdca5ca2f1a 33856365c271aea4 1efd7bd8a34a1359 f58ff7f1a6cde683 a813c15b46ceaf68 702d8f1064ab3e30 05f23e7d05dbf7c2 09bbaa171c20bae3 ce2fe99a7cda4a17 50ba507a268872e1 ae77487a89f2610c e7cad3748e50b0f8 34a62e66e05f9a44 4a5ac473c9d176ba e14a893f1918277e 65fac1ba1840000f eec6b281e236b500 f9c6286cff30aaa8 4f2fffd7528de786 bd0f175ee98c613e 07f22a7ad7e4711d 8f578001f9d5f543 b6d0f83aad4e4dc7 2359719a0f40ffac
77,2e44fbb8bc3d8d71 351c9da399c2b915 fc8971756f9ec194 37001ade0df85823 5430097e23000368 42c9b72cc77dcb28 f58ff7f1a6cde683 9100ea6cd0e084bf 120e745e2961b5d5 f28fb3d9880c5d4c b6d0f83aad4e4dc7 0772e3ab293a1f30 f9c6286cff30aaa8 0c2eeab1e4ce1db8 7d83ffe83f61bdc4 af8e70f978cd5aee a04d6febd82a4389 db0e648651f4c92b 01e5a6edcee7deb0 8d58da0e1800dc96 316382267dcd804f 095bb1b6ecbd0a50 2bafd15871caae91 c03b11a0cdc3fa39 7f95168400948588 01020d1b0821f4c7 09bbaa171c20bae3 b3e75fdca5ca2f1a 3cb6b40d377e7ca8 25145708d494530b
78,7f95168400948588 3b6d27775fce1c7b 28a2067685cb3e97 0772e3ab293a1f30 4b29fc21f912754d cea18be9a89d7a81 172bc0ee09332ae9 a76ffccd2f5df1a7 0451447dd64f6284 48f93f9c2c699e19 25145708d494530b 3cb6b40d377e7ca8 5430097e23000368 c015590d6a6fe833 061f3e1feeaa3094 6406fcdb7d87b5dc 3e8e56f639a5db5b 09bbaa171c20bae3 f49e13a653cbdad2 01e5a6edcee7deb0 b3e75fdca5ca2f1a 4f915ad69e1dca36 1efd7bd8a34a1359 f25bfcffedaccf28 a04d6febd82a4389 f48d0fbea7dc2782 b1dcaca98bb76736 ddf332f2b55a2a23 a2c35fdf07a13286 da7d3c2d591c4295
79,ddf332f2b55a2a23 4b29fc21f912754d 172bc0ee09332ae9 0772e3ab293a1f30 cea18be9a89d7a81 a76ffccd2f5df1a7 0f4c71d341e2d939 7f95168400948588 a2c35fdf07a13286 4f2fffd7528de786 c31a456b544a40a8 6406fcdb7d87b5dc c015590d6a6fe833 3b6d27775fce1c7b 0451447dd64f6284 07f22a7ad7e4711d 28a2067685cb3e97 061f3e1feeaa3094 5b4c879fc9c316fb 2e79d45ba4d1540d f49e13a653cbdad2 09bbaa171c20bae3 f48d0fbea7dc2782 4d954d933e606b70 90ecb28f2edb9d43 01b3da54ffb158a0 b6e72edcad270be0 855f2f0354e102c7 3cb6b40d377e7ca8 3e66b4855d0dddbe
80,7f95168400948588 f58ff7f1a6cde683 3cb6b40d377e7ca8 09bbaa171c20bae3 0772e3ab293a1f30 27bc34b9887bec0d 4b29fc21f912754d a76ffccd2f5df1a7 172bc0ee09332ae9 28a2067685cb3e97 5430097e23000368 095bb1b6ecbd0a50 25145708d494530b c015590d6a6fe833 061f3e1feeaa3094 48f93f9c2c699e19 3b6d27775fce1c7b a04d6febd82a4389 da7d3c2d591c4295 0f4c71d341e2d939 d5952b2e031c4e7e cea18be9a89d7a81 b6d0f83aad4e4dc7 ddf332f2b55a2a23 7d83ffe83f61bdc4 03dfe518713e006c db0e648651f4c92b f49e13a653cbdad2 01b3da54ffb158a0 34a62e66e05f9a44
81,0772e3ab293a1f30 7f95168400948588 3b6d27775fce1c7b a76ffccd2f5df1a7 1efd7bd8a34a1359 28a2067685cb3e97 cea18be9a89d7a81 01b3da54ffb158a0 061f3e1feeaa3094 c015590d6a6fe833 4b29fc21f912754d f49e13a653cbdad2 172bc0ee09332ae9 3e8e56f639a5db5b 62431fd374eb99fb 6406fcdb7d87b5dc 0f4c71d341e2d939 27bc34b9887bec0d a2c35fdf07a13286 ddf332f2b55a2a23 f48d0fbea7dc2782 01e5a6edcee7deb0 3cb6b40d377e7ca8 3e66b4855d0dddbe 25145708d494530b 09bbaa171c20bae3 b6e72edcad270be0 e8684734f2e587bd 77e2f7da1f9d3a8f b1dcaca98bb76736
82,7f95168400948588 f49e13a653cbdad2 0772e3ab293a1f30 1efd7bd8a34a1359 f58ff7f1a6cde683 09bbaa171c20bae3 a76ffccd2f5df1a7 25145708d494530b fb2ebcb5335ad2e2 172bc0ee09332ae9 b1dcaca98bb76736 d5952b2e031c4e7e 27bc34b9887bec0d 60a070db9f1869b5 01b3da54ffb158a0 3cb6b40d377e7ca8 061f3e1feeaa3094 88b62355670ec8f8 3e8e56f639a5db5b 4f2fffd7528de786 b6d0f83aad4e4dc7 0f4c71d341e2d939 da7d3c2d591c4295 4b29fc21f912754d 3e66b4855d0dddbe c015590d6a6fe833 095bb1b6ecbd0a50 a04d6febd82a4389 e8684734f2e587bd 8bf446c0455e3c5c
83,7f95168400948588 061f3e1feeaa3094 5430097e23000368 3cb6b40d377e7ca8 0772e3ab293a1f30 09bbaa171c20bae3 48f93f9c2c699e19 29968e8fd13539f8 25145708d494530b f49e13a653cbdad2 1efd7bd8a34a1359 27bc34b9887bec0d da7d3c2d591c4295 f25bfcffedaccf28 3e8e56f639a5db5b 7d83ffe83f61bdc4 88b62355670ec8f8 db0e648651f4c92b a76ffccd2f5df1a7 d5952b2e031c4e7e e25a1da6ca187350 c1f2e3a76d388944 4b29fc21f912754d 97d696011258825c f58ff7f1a6cde683 07d688f5e2142b87 01b3da54ffb158a0 1dc7139adba034ec 46b99f864d6a075a 03dfe518713e006c
84,7f95168400948588 f58ff7f1a6cde683 5430097e23000368 0772e3ab293a1f30 f25bfcffedaccf28 b6d0f83aad4e4dc7 095bb1b6ecbd0a50 1efd7bd8a34a1359 f49e13a653cbdad2 09bbaa171c20bae3 061f3e1feeaa3094 7d83ffe83f61bdc4 01b3da54ffb158a0 db0e648651f4c92b a04d6febd82a4389 a18df74d3a16e9c0 e25a1da6ca187350 3e8e56f639a5db5b 40583079f57235a6 27bc34b9887bec0d 0220a434aa8bf029 3cb6b40d377e7ca8 48f93f9c2c699e19 0cd920bad11c716d 702d8f1064ab3e30 af8e70f978cd5aee 9b2adcf4041227d7 d5952b2e031c4e7e e14a893f1918277e da7d3c2d591c4295
85,de35d2410e916471 316382267dcd804f 8f578001f9d5f543 c606425856952286 6c017e548aa138f2 7e4a4a1300b77a06 d7d937303a6d5a9d 0eafda717681bbdc 20d283a232dfd13c 74873b42602d8958 bb7515be835dea49 b29ab87af6ea6310 09660f466b38b7ba c6b615b2589e036d 18b1d2d84c97a364 a2805ed52b47b8ec a292248bb2bffb3d 4491016efed845f1 daa257a37227cd72 b6e646c13d0753ae 1c3b74a02a86467d 061f3e1feeaa3094 f58ff7f1a6cde683 393f49286db04aeb b3e75fdca5ca2f1a b6d0f83aad4e4dc7 da7d3c2d591c4295 ae77487a89f2610c 6cb9ab508a0678a0 8dc313a2cf9da354
86,f58ff7f1a6cde683 b6d0f83aad4e4dc7 7f95168400948588 73391e0853c1e040 1efd7bd8a34a1359 01020d1b0821f4c7 0772e3ab293a1f30 8d58da0e1800dc96 25145708d494530b 8bf446c0455e3c5c 2cebd52b41930f0a 5430097e23000368 061f3e1feeaa3094 3e8e56f639a5db5b 27bc34b9887bec0d e8684734f2e587bd f25bfcffedaccf28 a76ffccd2f5df1a7 01b3da54ffb158a0 4a5ac473c9d176ba a18df74d3a16e9c0 f49e13a653cbdad2 abf90e759d208468 d7d937303a6d5a9d e14a893f1918277e 09bbaa171c20bae3 3cb6b40d377e7ca8 ec1b3d7ccd3984d0 01e5a6edcee7deb0 60a070db9f1869b5
87,01b3da54ffb158a0 2bafd15871caae91 0772e3ab293a1f30 74244a8703c03720 f58ff7f1a6cde683 0c2eeab1e4ce1db8 7f95168400948588 351c9da399c2b915 0220a434aa8bf029 6e1b6b53c9710940 37001ade0df85823 fab14d178b24a67f 5430097e23000368 2e44fbb8bc3d8d71 f49e13a653cbdad2 b6d0f83aad4e4dc7 7d83ffe83f61bdc4 b8e2f75014710ced 2dd12c230ab22555 0cd920bad11c716d db0e648651f4c92b fc8971756f9ec194 1efd7bd8a34a1359 9a439fd1abf95245 9b2adcf4041227d7 8bf446c0455e3c5c 120e745e2961b5d5 a18df74d3a16e9c0 af8e70f978cd5aee 095bb1b6ecbd0a50
88,4a5ac473c9d176ba 8d58da0e1800dc96 f58ff7f1a6cde683 b6d0f83aad4e4dc7 bed3e73d52011f68 05f23e7d05dbf7c2 2a06f5614060e3b6 5b34da30b93eb123 c08c3765ac609cc0 44d324ebd3e22ad7 01020d1b0821f4c7 dac29ed8400b50cc 2359719a0f40ffac 54f55c74d37db3c0 f9c6286cff30aaa8 da7d3c2d591c4295 a292248bb2bffb3d e7cad3748e50b0f8 e14a893f1918277e 46b99f864d6a075a 00140806971e7a73 0d0368139e9a647f a04d6febd82a4389 5430097e23000368 09660f466b38b7ba b3e75fdca5ca2f1a 73391e0853c1e040 2810fb6f81d1711c f705b637f624147e ce2fe99a7cda4a17
89,5430097e23000368 061f3e1feeaa3094 09bbaa171c20bae3 af8e70f978cd5aee b6d0f83aad4e4dc7 00d9f8d3f7d412b3 da7d3c2d591c4295 6461a9faa871b3ac 7e4a4a1300b77a06 1c3b74a02a86467d d7d937303a6d5a9d db0e648651f4c92b 2bafd15871caae91 7d83ffe83f61bdc4 25145708d494530b 8d58da0e1800dc96 49b5678e0d1e5bcd 7b81f1f2b6ec2e5f 07f22a7ad7e4711d 4483bbdd3241f11a 37001ade0df85823 8df3f13d6af34cb3 9b2adcf4041227d7 1efd7bd8a34a1359 4f2fffd7528de786 ae77487a89f2610c da904d2a54ff8cf2 d6ed7e4b14c51296 a017f3358d5327aa 3e8e56f639a5db5b
90,7f95168400948588 0772e3ab293a1f30 25145708d494530b 48f93f9c2c699e19 07d688f5e2142b87 f58ff7f1a6cde683 8bf446c0455e3c5c a18df74d3a16e9c0 3cb6b40d377e7ca8 3e8e56f639a5db5b b1dcaca98bb76736 27bc34b9887bec0d 2cebd52b41930f0a 538c7bb968b2154c 88b62355670ec8f8 5430097e23000368 095bb1b6ecbd0a50 4b29fc21f912754d 061f3e1feeaa3094 e25a1da6ca187350 cc0c9419f8a20603 f49e13a653cbdad2 01b3da54ffb158a0 35488b3b8b781278 e22c35101e190db9 f25bfcffedaccf28 a76ffccd2f5df1a7 1efd7bd8a34a1359 03dfe518713e006c 97d696011258825c
91,6406fcdb7d87b5dc 3e8e56f639a5db5b a76ffccd2f5df1a7 1efd7bd8a34a1359 01e5a6edcee7deb0 172bc0ee09332ae9 0f4c71d341e2d939 3e66b4855d0dddbe 4d9214c0925e5af8 01b3da54ffb158a0 a2c35fdf07a13286 4b29fc21f912754d 48cf88c17ff38c5e f49e13a653cbdad2 c015590d6a6fe833 4f2fffd7528de786 07f22a7ad7e4711d 66ccd03c9e03ac06 447fc00f40d71d08 09bbaa171c20bae3 3b6d27775fce1c7b 0772e3ab293a1f30 b6e72edcad270be0 42c9b72cc77dcb28 0683b6a78f54be75 855f2f0354e102c7 9113e9dc940fb287 7f95168400948588 d7d937303a6d5a9d 77e2f7da1f9d3a8f
92,f49e13a653cbdad2 7f95168400948588 0772e3ab293a1f30 1efd7bd8a34a1359 01e5a6edcee7deb0 27bc34b9887bec0d 3e8e56f639a5db5b b1dcaca98bb76736 d5952b2e031c4e7e 88b62355670ec8f8 09bbaa171c20bae3 01b3da54ffb158a0 25145708d494530b 3cb6b40d377e7ca8 f58ff7f1a6cde683 a76ffccd2f5df1a7 172bc0ee09332ae9 6406fcdb7d87b5dc 34a62e66e05f9a44 4d9214c0925e5af8 a18df74d3a16e9c0 da7d3c2d591c4295 77e2f7da1f9d3a8f e8684734f2e587bd 48f93f9c2c699e19 f25bfcffedaccf28 8bf446c0455e3c5c 97d696011258825c ec1b3d7ccd3984d0 855f2f0354e102c7
93,3cb6b40d377e7ca8 7f95168400948588 0772e3ab293a1f30 4b29fc21f912754d 576dd429db946393 8e0cc5199a0ee659 1f423f368aebf7f3 ae000f9d0b5e104e 74ae9af23a383bf5 cea18be9a89d7a81 07d688f5e2142b87 da7d3c2d591c4295 25145708d494530b 27bc34b9887bec0d dc12cc503ac0eddb 64c2e323906b42d3 5048a37f10cf2d91 62431fd374eb99fb d5952b2e031c4e7e 65ad9c583823162d 2cebd52b41930f0a b1dcaca98bb76736 c1f2e3a76d388944 6a3919ad9ed8197e a76ffccd2f5df1a7 cc0c9419f8a20603 28a2067685cb3e97 a2805ed52b47b8ec 172bc0ee09332ae9 01b3da54ffb158a0
94,a76ffccd2f5df1a7 6406fcdb7d87b5dc 172bc0ee09332ae9 0f4c71d341e2d939 4b29fc21f912754d 5430097e23000368 db0e648651f4c92b 7f95168400948588 7d83ffe83f61bdc4 a2c35fdf07a13286 1efd7bd8a34a1359 c015590d6a6fe833 855f2f0354e102c7 3b6d27775fce1c7b 3e66b4855d0dddbe f49e13a653cbdad2 66ccd03c9e03ac06 b6e72edcad270be0 28a2067685cb3e97 27bc34b9887bec0d 4d954d933e606b70 447fc00f40d71d08 09bbaa171c20bae3 0772e3ab293a1f30 01b3da54ffb158a0 ddf332f2b55a2a23 cea18be9a89d7a81 77e2f7da1f9d3a8f f48d0fbea7dc2782 0683b6a78f54be75
95,fa173131f15f5534 7f95168400948588 0772e3ab293a1f30 3cb6b40d377e7ca8 48f93f9c2c699e19 2cebd52b41930f0a f25bfcffedaccf28 25145708d494530b a18df74d3a16e9c0 01b3da54ffb158a0 03dfe518713e006c 27bc34b9887bec0d 07d688f5e2142b87 3d6880bd12f6613f cc0c9419f8a20603 3e8e56f639a5db5b ad06e9eeea8eb4ea 77e2f7da1f9d3a8f 061f3e1feeaa3094 f49e13a653cbdad2 65708d542bd01f39 90ecb28f2edb9d43 70ebf53ced736fa4 1efd7bd8a34a1359 e6a29676c096f8e8 0bcaac840d5e66d7 ec1b3d7ccd3984d0 0add47a043c64d7f 2e79d45ba4d1540d 0451447dd64f6284
96,7f95168400948588 a76ffccd2f5df1a7 4b29fc21f912754d 172bc0ee09332ae9 0772e3ab293a1f30 0f4c71d341e2d939 1efd7bd8a34a1359 3b6d27775fce1c7b 28a2067685cb3e97 a18df74d3a16e9c0 c015590d6a6fe833 48f93f9c2c699e19 3cb6b40d377e7ca8 27bc34b9887bec0d 6406fcdb7d87b5dc f49e13a653cbdad2 f25bfcffedaccf28 5430097e23000368 25145708d494530b f58ff7f1a6cde683 c1f2e3a76d388944 cea18be9a89d7a81 3e66b4855d0dddbe b6e72edcad270be0 77e2f7da1f9d3a8f 09bbaa171c20bae3 061f3e1feeaa3094 ddf332f2b55a2a23 a2c35fdf07a13286 3e8e56f639a5db5b
97,0772e3ab293a1f30 a18df74d3a16e9c0 8bf446c0455e3c5c 3ca7964973437917 7f95168400948588 c1f2e3a76d388944 48f93f9c2c699e19 e25a1da6ca187350 a76ffccd2f5df1a7 3b6d27775fce1c7b 07d688f5e2142b87 f25bfcffedaccf28 e8b87ed7db1bcb1f 28a2067685cb3e97 4b29fc21f912754d c015590d6a6fe833 f49e13a653cbdad2 77e2f7da1f9d3a8f cea18be9a89d7a81 27bc34b9887bec0d 01b3da54ffb158a0 ec1b3d7ccd3984d0 e403278468d84383 25145708d494530b 3cb6b40d377e7ca8 d5952b2e031c4e7e cc0c9419f8a20603 538c7bb968b2154c 0f4c71d341e2d939 e22c35101e190db9
98,6406fcdb7d87b5dc 90ecb28f2edb9d43 5b4c879fc9c316fb 4b29fc21f912754d 3b6d27775fce1c7b 7f95168400948588 0683b6a78f54be75 48f93f9c2c699e19 f58ff7f1a6cde683 1efd7bd8a34a1359 f49e13a653cbdad2 172bc0ee09332ae9 cea18be9a89d7a81 70ebf53ced736fa4 28a2067685cb3e97 0772e3ab293a1f30 0451447dd64f6284 cc507a0d6fcf4a1c 9113e9dc940fb287 81b7c7e312bfa1a0 3cb6b40d377e7ca8 148ac4a56a18844d a76ffccd2f5df1a7 b6d0f83aad4e4dc7 25145708d494530b f25bfcffedaccf28 285657fcdf89f00d 48cf88c17ff38c5e a2c35fdf07a13286 2e79d45ba4d1540d
99,0772e3ab293a1f30 1efd7bd8a34a1359 01b3da54ffb158a0 7f95168400948588 3cb6b40d377e7ca8 27bc34b9887bec0d 2cebd52b41930f0a cc0c9419f8a20603 dc12cc503ac0eddb 8bf446c0455e3c5c e9c20b67a4c5395f 48f93f9c2c699e19 455fde214d16d350 07d688f5e2142b87 88b62355670ec8f8 65ad9c583823162d 148ac4a56a18844d a65e30106ea50423 f25bfcffedaccf28 f49e13a653cbdad2 061f3e1feeaa3094 65708d542bd01f39 77e2f7da1f9d3a8f fb2ebcb5335ad2e2 03dfe518713e006c e8b87ed7db1bcb1f a18df74d3a16e9c0 8699cc5dd4159b69 70ebf53ced736fa4 99e833818ec4bbf2
100,d63b7f083330247f 65ad9c583823162d 8a5635c748344d47 0772e3ab293a1f30 fb8bd6b95eb4702a 8bf446c0455e3c5c dc12cc503ac0eddb 6899956cd6c683f0 feddfcf56818968e 99e833818ec4bbf2 249bf372159f33e9 0c15f252d30646fc 8e83d05923cde390 7eec211cc37a1b05 8699cc5dd4159b69 d216e5458ad70e60 4fe9e4e55585ba4b 7f95168400948588 cc2cc23a98c14c33 6e12311169bcb24c 62431fd374eb99fb e8b87ed7db1bcb1f c1f2e3a76d388944 e403278468d84383 3cb6b40d377e7ca8 e25a1da6ca187350 01b3da54ffb158a0 0688c790d5806540 87c5481930cfe126 b1dcaca98bb76736
101,25145708d494530b 3cb6b40d377e7ca8 d16da1fb61813db9 48f93f9c2c699e19 09bbaa171c20bae3 7f95168400948588 cc0c9419f8a20603 061f3e1feeaa3094 fb2ebcb5335ad2e2 b24820ae14e16a24 27bc34b9887bec0d 0772e3ab293a1f30 0bcaac840d5e66d7 03dfe518713e006c ec1b3d7ccd3984d0 0451447dd64f6284 f25bfcffedaccf28 d5952b2e031c4e7e 9cf6709de35bf0f3 3e8e56f639a5db5b 5b4c879fc9c316fb 92f42fbd0c38f7fd da7d3c2d591c4295 ad06e9eeea8eb4ea a2805ed52b47b8ec 2cebd52b41930f0a 781f4d0147aef776 3d6880bd12f6613f 34a62e66e05f9a44 148ac4a56a18844d
102,172bc0ee09332ae9 fd30682593995748 4b29fc21f912754d 09bbaa171c20bae3 a76ffccd2f5df1a7 0cd920bad11c716d 7f95168400948588 f58ff7f1a6cde683 b6e72edcad270be0 27bc34b9887bec0d 5430097e23000368 0f4c71d341e2d939 a04d6febd82a4389 3cb6b40d377e7ca8 095bb1b6ecbd0a50 25145708d494530b c015590d6a6fe833 0772e3ab293a1f30 cea18be9a89d7a81 a2c35fdf07a13286 047769588be1aea9 3e66b4855d0dddbe 4d954d933e606b70 34a62e66e05f9a44 898a4921ab9f4cce 28a2067685cb3e97 48f93f9c2c699e19 da7d3c2d591c4295 061f3e1feeaa3094 4483bbdd3241f11a
103,b6e72edcad270be0 a76ffccd2f5df1a7 4b29fc21f912754d 172bc0ee09332ae9 6406fcdb7d87b5dc 28a2067685cb3e97 3b6d27775fce1c7b f48d0fbea7dc2782 cea18be9a89d7a81 1efd7bd8a34a1359 c015590d6a6fe833 0f4c71d341e2d939 4d954d933e606b70 7f95168400948588 62431fd374eb99fb a2c35fdf07a13286 ddf332f2b55a2a23 5b4c879fc9c316fb 285657fcdf89f00d f49e13a653cbdad2 3e66b4855d0dddbe a18df74d3a16e9c0 0683b6a78f54be75 97d696011258825c f25bfcffedaccf28 48cf88c17ff38c5e 90ecb28f2edb9d43 66ccd03c9e03ac06 48f93f9c2c699e19 77e2f7da1f9d3a8f
104,0772e3ab293a1f30 1efd7bd8a34a1359 a76ffccd2f5df1a7 7f95168400948588 3b6d27775fce1c7b 172bc0ee09332ae9 4b29fc21f912754d f49e13a653cbdad2 c015590d6a6fe833 a18df74d3a16e9c0 f58ff7f1a6cde683 0f4c71d341e2d939 6406fcdb7d87b5dc 3e8e56f639a5db5b 01b3da54ffb158a0 28a2067685cb3e97 8bf446c0455e3c5c 27bc34b9887bec0d d5952b2e031c4e7e 3cb6b40d377e7ca8 48f93f9c2c699e19 e8684734f2e587bd da7d3c2d591c4295 09bbaa171c20bae3 e25a1da6ca187350 cea18be9a89d7a81 f48d0fbea7dc2782 3e66b4855d0dddbe 25145708d494530b 01e5a6edcee7deb0
105,1efd7bd8a34a1359 0772e3ab293a1f30 7f95168400948588 88b62355670ec8f8 25145708d494530b 8bf446c0455e3c5c 061f3e1feeaa3094 07d688f5e2142b87 e8684734f2e587bd 538c7bb968b2154c 60a070db9f1869b5 a18df74d3a16e9c0 d5952b2e031c4e7e e403278468d84383 f25bfcffedaccf28 f49e13a653cbdad2 01b3da54ffb158a0 c1f2e3a76d388944 3cb6b40d377e7ca8 cc0c9419f8a20603 b1dcaca98bb76736 2cebd52b41930f0a 77e2f7da1f9d3a8f 35488b3b8b781278 3e8e56f639a5db5b e8b87ed7db1bcb1f e25a1da6ca187350 bee46c54461925d0 01e5a6edcee7deb0 97d696011258825c
106,7f95168400948588 0772e3ab293a1f30 4b29fc21f912754d 172bc0ee09332ae9 3cb6b40d377e7ca8 a76ffccd2f5df1a7 2cebd52b41930f0a 09bbaa171c20bae3 3b6d27775fce1c7b cc0c9419f8a20603 cea18be9a89d7a81 27bc34b9887bec0d 07d688f5e2142b87 25145708d494530b c015590d6a6fe833 da7d3c2d591c4295 28a2067685cb3e97 3e66b4855d0dddbe 0f4c71d341e2d939 ddf332f2b55a2a23 03dfe518713e006c 061f3e1feeaa3094 77e2f7da1f9d3a8f b1dcaca98bb76736 f25bfcffedaccf28 48f93f9c2c699e19 522bd6887960c25d b6e72edcad270be0 01b3da54ffb158a0 855f2f0354e102c7
107,fc8971756f9ec194 37001ade0df85823 351c9da399c2b915 0c2eeab1e4ce1db8 42c9b72cc77dcb28 120e745e2961b5d5 5430097e23000368 f28fb3d9880c5d4c 2e44fbb8bc3d8d71 00d9f8d3f7d412b3 2bafd15871caae91 fab14d178b24a67f c28bc62802b90f82 f58ff7f1a6cde683 e5fb8dc5c9cb4a19 0772e3ab293a1f30 b3e75fdca5ca2f1a af8e70f978cd5aee 74244a8703c03720 589ef345cb2dccfc 6461a9faa871b3ac a04d6febd82a4389 bd0f175ee98c613e 7f95168400948588 7d83ffe83f61bdc4 a84cd36608cb8665 9b2adcf4041227d7 b0b5e62a93a2c37c db0e648651f4c92b 0220a434aa8bf029
108,0772e3ab293a1f30 7f95168400948588 3cb6b40d377e7ca8 01b3da54ffb158a0 6899956cd6c683f0 07d688f5e2142b87 27bc34b9887bec0d dc12cc503ac0eddb 2cebd52b41930f0a 03dfe518713e006c cc0c9419f8a20603 8bf446c0455e3c5c d216e5458ad70e60 0add47a043c64d7f 65ad9c583823162d 8699cc5dd4159b69 7155e5a86136eb02 6a3919ad9ed8197e 65708d542bd01f39 cea18be9a89d7a81 19e8f436d4b2fc25 b1dcaca98bb76736 e8b87ed7db1bcb1f fb2ebcb5335ad2e2 f25bfcffedaccf28 8a5635c748344d47 a65e30106ea50423 a18df74d3a16e9c0 48f93f9c2c699e19 feddfcf56818968e
109,7f95168400948588 0772e3ab293a1f30 27bc34b9887bec0d f49e13a653cbdad2 09bbaa171c20bae3 f58ff7f1a6cde683 3cb6b40d377e7ca8 fb2ebcb5335ad2e2 01b3da54ffb158a0 8bf446c0455e3c5c a18df74d3a16e9c0 5430097e23000368 061f3e1feeaa3094 d5952b2e031c4e7e f25bfcffedaccf28 1efd7bd8a34a1359 34a62e66e05f9a44 48f93f9c2c699e19 97d696011258825c b1dcaca98bb76736 da7d3c2d591c4295 25145708d494530b b6d0f83aad4e4dc7 e8b87ed7db1bcb1f 3e8e56f639a5db5b e25a1da6ca187350 ec1b3d7ccd3984d0 a292248bb2bffb3d 40583079f57235a6 60a070db9f1869b5
110,0772e3ab293a1f30 f49e13a653cbdad2 01e5a6edcee7deb0 3b6d27775fce1c7b 88b62355670ec8f8 1efd7bd8a34a1359 01b3da54ffb158a0 6406fcdb7d87b5dc cea18be9a89d7a81 3e8e56f639a5db5b 28a2067685cb3e97 c015590d6a6fe833 0451447dd64f6284 a76ffccd2f5df1a7 4b29fc21f912754d 285657fcdf89f00d 7f95168400948588 061f3e1feeaa3094 f48d0fbea7dc2782 8bf446c0455e3c5c b1dcaca98bb76736 27bc34b9887bec0d 3cb6b40d377e7ca8 25145708d494530b 0f4c71d341e2d939 172bc0ee09332ae9 1c3b74a02a86467d a2c35fdf07a13286 65ad9c583823162d 09bbaa171c20bae3
111,0772e3ab293a1f30 01b3da54ffb158a0 f49e13a653cbdad2 7f95168400948588 3e8e56f639a5db5b 27bc34b9887bec0d f58ff7f1a6cde683 5430097e23000368 b1dcaca98bb76736 3cb6b40d377e7ca8 1efd7bd8a34a1359 88b62355670ec8f8 01e5a6edcee7deb0 09bbaa171c20bae3 0220a434aa8bf029 77e2f7da1f9d3a8f 061f3e1feeaa3094 b6d0f83aad4e4dc7 25145708d494530b 48f93f9c2c699e19 095bb1b6ecbd0a50 e22c35101e190db9 ec1b3d7ccd3984d0 455fde214d16d350 29968e8fd13539f8 7d83ffe83f61bdc4 7155e5a86136eb02 f25bfcffedaccf28 db0e648651f4c92b a18df74d3a16e9c0
112,7f95168400948588 1efd7bd8a34a1359 f49e13a653cbdad2 0772e3ab293a1f30 3cb6b40d377e7ca8 48f93f9c2c699e19 09bbaa171c20bae3 3e8e56f639a5db5b 27bc34b9887bec0d 6406fcdb7d87b5dc a76ffccd2f5df1a7 0451447dd64f6284 3b6d27775fce1c7b f25bfcffedaccf28 25145708d494530b 4b29fc21f912754d 88b62355670ec8f8 07d688f5e2142b87 01b3da54ffb158a0 061f3e1feeaa3094 fb2ebcb5335ad2e2 a18df74d3a16e9c0 d5952b2e031c4e7e 01e5a6edcee7deb0 ec1b3d7ccd3984d0 a2c35fdf07a13286 e8684734f2e587bd 8bf446c0455e3c5c 29968e8fd13539f8 28a2067685cb3e97
113,a18df74d3a16e9c0 97d696011258825c f49e13a653cbdad2 1efd7bd8a34a1359 f25bfcffedaccf28 7f95168400948588 88b62355670ec8f8 e8684734f2e587bd 6406fcdb7d87b5dc d5952b2e031c4e7e 01ecc81f6341e902 0772e3ab293a1f30 60a070db9f1869b5 0683b6a78f54be75 da7d3c2d591c4295 172bc0ee09332ae9 061f3e1feeaa3094 285657fcdf89f00d a2805ed52b47b8ec 0451447dd64f6284 7c98dedd223b36c0 01e5a6edcee7deb0 050544c040f46152 48f93f9c2c699e19 4d9214c0925e5af8 83f8f2fc471cad74 28a2067685cb3e97 7c8324ce28ffb96e 07d688f5e2142b87 538c7bb968b2154c
114,37001ade0df85823 351c9da399c2b915 120e745e2961b5d5 2e44fbb8bc3d8d71 42c9b72cc77dcb28 fc8971756f9ec194 0c2eeab1e4ce1db8 f58ff7f1a6cde683 5430097e23000368 74244a8703c03720 f28fb3d9880c5d4c 2bafd15871caae91 9b2adcf4041227d7 b6d0f83aad4e4dc7 00d9f8d3f7d412b3 db0e648651f4c92b 7d83ffe83f61bdc4 7b81f1f2b6ec2e5f af8e70f978cd5aee 6461a9faa871b3ac 0220a434aa8bf029 0cd920bad11c716d ae77487a89f2610c 7f95168400948588 095bb1b6ecbd0a50 1efd7bd8a34a1359 dac29ed8400b50cc 49b5678e0d1e5bcd a84cd36608cb8665 bd9cd6b87a4fe0ce
115,7f29daa16b9b4cda 9ab90dfc5c9b0b37 0772e3ab293a1f30 f58ff7f1a6cde683 7f95168400948588 5430097e23000368 b6d0f83aad4e4dc7 09bbaa171c20bae3 74244a8703c03720 27bc34b9887bec0d 1efd7bd8a34a1359 7d83ffe83f61bdc4 0eb4de784c8dd679 f49e13a653cbdad2 765c0695339c3abe 095bb1b6ecbd0a50 db0e648651f4c92b 0cd920bad11c716d 3cb6b40d377e7ca8 9b2adcf4041227d7 0220a434aa8bf029 a04d6febd82a4389 25145708d494530b 48f93f9c2c699e19 01b3da54ffb158a0 3e8e56f639a5db5b da7d3c2d591c4295 af8e70f978cd5aee ae77487a89f2610c 061f3e1feeaa3094
116,2e44fbb8bc3d8d71 01e5a6edcee7deb0 43b3338423d7386c f58ff7f1a6cde683 74244a8703c03720 f49e13a653cbdad2 b6d0f83aad4e4dc7 1efd7bd8a34a1359 f9c6286cff30aaa8 5430097e23000368 97d696011258825c 9100ea6cd0e084bf 88b62355670ec8f8 453bc79164d57a01 316382267dcd804f 39f6296778264878 7f95168400948588 0772e3ab293a1f30 c28bc62802b90f82 7d83ffe83f61bdc4 db0e648651f4c92b 351c9da399c2b915 d92c0298f76ccf77 ae77487a89f2610c 9b2adcf4041227d7 8dc313a2cf9da354 095bb1b6ecbd0a50 26fc2a95df5659c2 d72363ddd958d906 83f8aca6ee2caabc
117,0772e3ab293a1f30 7f95168400948588 3cb6b40d377e7ca8 8bf446c0455e3c5c f25bfcffedaccf28 27bc34b9887bec0d 48f93f9c2c699e19 4b29fc21f912754d 2cebd52b41930f0a 03dfe518713e006c cea18be9a89d7a81 07d688f5e2142b87 a76ffccd2f5df1a7 28a2067685cb3e97 3b6d27775fce1c7b fb2ebcb5335ad2e2 c015590d6a6fe833 0add47a043c64d7f 01b3da54ffb158a0 a18df74d3a16e9c0 cc0c9419f8a20603 c1f2e3a76d388944 f48d0fbea7dc2782 0f4c71d341e2d939 25145708d494530b f58ff7f1a6cde683 09bbaa171c20bae3 dc12cc503ac0eddb 7155e5a86136eb02 ddf332f2b55a2a23
118,8d58da0e1800dc96 4a5ac473c9d176ba f58ff7f1a6cde683 44d324ebd3e22ad7 01020d1b0821f4c7 b6d0f83aad4e4dc7 f9c6286cff30aaa8 2a06f5614060e3b6 bed3e73d52011f68 4483bbdd3241f11a b3e75fdca5ca2f1a 5b34da30b93eb123 6461a9faa871b3ac dac29ed8400b50cc 54f55c74d37db3c0 e7cad3748e50b0f8 5430097e23000368 c810ac016901e8ac 00d9f8d3f7d412b3 2810fb6f81d1711c c08c3765ac609cc0 ae77487a89f2610c 37001ade0df85823 af8e70f978cd5aee db0e648651f4c92b 73391e0853c1e040 50ba507a268872e1 7d83ffe83f61bdc4 c28bc62802b90f82 0d0368139e9a647f
119,05f23e7d05dbf7c2 c08c3765ac609cc0 44d324ebd3e22ad7 2359719a0f40ffac 8d58da0e1800dc96 4a5ac473c9d176ba 172bc0ee09332ae9 1efd7bd8a34a1359 0d0368139e9a647f 01e5a6edcee7deb0 7f95168400948588 bed3e73d52011f68 1c3b74a02a86467d 4f2fffd7528de786 2a06f5614060e3b6 dac29ed8400b50cc 88b62355670ec8f8 09bbaa171c20bae3 a76ffccd2f5df1a7 061f3e1feeaa3094 da7d3c2d591c4295 d5952b2e031c4e7e f49e13a653cbdad2 a2c35fdf07a13286 54f55c74d37db3c0 4b29fc21f912754d e14a893f1918277e 0772e3ab293a1f30 5b34da30b93eb123 a2805ed52b47b8ec
120,7f95168400948588 f49e13a653cbdad2 88b62355670ec8f8 97d696011258825c 1efd7bd8a34a1359 01e5a6edcee7deb0 061f3e1feeaa3094 b84b6c0b2e4d0306 0772e3ab293a1f30 a2805ed52b47b8ec a9223c28b10c131f 09bbaa171c20bae3 f25bfcffedaccf28 3cb6b40d377e7ca8 27bc34b9887bec0d 3e8e56f639a5db5b 1c3b74a02a86467d 01b3da54ffb158a0 da7d3c2d591c4295 25145708d494530b d7d937303a6d5a9d 83b911ff0ff45844 4f2fffd7528de786 07f22a7ad7e4711d d5952b2e031c4e7e 855f2f0354e102c7 b1dcaca98bb76736 60a070db9f1869b5 a18df74d3a16e9c0 f44f74b3451aa593
121,25145708d494530b 48f93f9c2c699e19 3cb6b40d377e7ca8 0772e3ab293a1f30 3d6880bd12f6613f 27bc34b9887bec0d 09bbaa171c20bae3 03dfe518713e006c 3b6d27775fce1c7b 3e8e56f639a5db5b 061f3e1feeaa3094 01b3da54ffb158a0 0bcaac840d5e66d7 dc12cc503ac0eddb f49e13a653cbdad2 7f95168400948588 ad06e9eeea8eb4ea ec1b3d7ccd3984d0 1efd7bd8a34a1359 65ad9c583823162d 65708d542bd01f39 cc0c9419f8a20603 7155e5a86136eb02 b1dcaca98bb76736 01e5a6edcee7deb0 feddfcf56818968e b24820ae14e16a24 07d688f5e2142b87 a2805ed52b47b8ec 5b4c879fc9c316fb
122,0772e3ab293a1f30 8bf446c0455e3c5c cc0c9419f8a20603 07d688f5e2142b87 7f95168400948588 2cebd52b41930f0a 0add47a043c64d7f 3cb6b40d377e7ca8 ba5199dba342af68 4fe9e4e55585ba4b fb2ebcb5335ad2e2 7155e5a86136eb02 03dfe518713e006c 6a3919ad9ed8197e d216e5458ad70e60 133b04350c75770b 4b05967001421eab 27bc34b9887bec0d 5547f9f1638ac345 e8b87ed7db1bcb1f feddfcf56818968e 6899956cd6c683f0 2e79d45ba4d1540d 95d25d38ba7df9c7 19e8f436d4b2fc25 8699cc5dd4159b69 dc12cc503ac0eddb cea18be9a89d7a81 455fde214d16d350 8a5635c748344d47
123,3cb6b40d377e7ca8 7f95168400948588 4b29fc21f912754d a76ffccd2f5df1a7 48f93f9c2c699e19 3b6d27775fce1c7b 62431fd374eb99fb 0772e3ab293a1f30 cea18be9a89d7a81 25145708d494530b f48d0fbea7dc2782 ad06e9eeea8eb4ea 28a2067685cb3e97 172bc0ee09332ae9 fb2ebcb5335ad2e2 c1f2e3a76d388944 90ecb28f2edb9d43 5b4c879fc9c316fb 855f2f0354e102c7 f25bfcffedaccf28 27bc34b9887bec0d 07d688f5e2142b87 77e2f7da1f9d3a8f cc0c9419f8a20603 2e79d45ba4d1540d 0451447dd64f6284 70ebf53ced736fa4 b6e72edcad270be0 0683b6a78f54be75 6a3919ad9ed8197e
124,9a439fd1abf95245 83f8aca6ee2caabc d72363ddd958d906 2bafd15871caae91 059bbdbdb843af6a fc8971756f9ec194 00d9f8d3f7d412b3 2e44fbb8bc3d8d71 0c2eeab1e4ce1db8 e5fb8dc5c9cb4a19 42c9b72cc77dcb28 37001ade0df85823 f9c6286cff30aaa8 cc861214a89ef1f4 453bc79164d57a01 c810ac016901e8ac 36d33c41812ce7dc f28fb3d9880c5d4c dac29ed8400b50cc 3d93a60f990a0a7c b8e2f75014710ced 351c9da399c2b915 9100ea6cd0e084bf 316382267dcd804f 6cb9ab508a0678a0 ae77487a89f2610c cba7e22bb383083a 2dd12c230ab22555 6461a9faa871b3ac 74244a8703c03720
125,3cb6b40d377e7ca8 7f95168400948588 0772e3ab293a1f30 48f93f9c2c699e19 f25bfcffedaccf28 25145708d494530b 95166957b2c38794 27bc34b9887bec0d cc0c9419f8a20603 061f3e1feeaa3094 2cebd52b41930f0a 01b3da54ffb158a0 09bbaa171c20bae3 3d6880bd12f6613f 1efd7bd8a34a1359 0683b6a78f54be75 ad06e9eeea8eb4ea f49e13a653cbdad2 a2805ed52b47b8ec 07d688f5e2142b87 97d696011258825c 3e8e56f639a5db5b 03dfe518713e006c 70ebf53ced736fa4 fa173131f15f5534 0451447dd64f6284 d5952b2e031c4e7e fb2ebcb5335ad2e2 5b4c879fc9c316fb 77e2f7da1f9d3a8f
126,ae77487a89f2610c 09bbaa171c20bae3 34a62e66e05f9a44 061f3e1feeaa3094 1efd7bd8a34a1359 1c3b74a02a86467d f49e13a653cbdad2 f58ff7f1a6cde683 07f22a7ad7e4711d 4f2fffd7528de786 da7d3c2d591c4295 7e4a4a1300b77a06 bed3e73d52011f68 2a06f5614060e3b6 a292248bb2bffb3d 7f95168400948588 b6d0f83aad4e4dc7 d5952b2e031c4e7e b3e75fdca5ca2f1a 40583079f57235a6 5430097e23000368 fb2ebcb5335ad2e2 a76ffccd2f5df1a7 3cb6b40d377e7ca8 7d83ffe83f61bdc4 db0e648651f4c92b 172bc0ee09332ae9 01e5a6edcee7deb0 7b81f1f2b6ec2e5f 0772e3ab293a1f30
127,1c3b74a02a86467d 8dc313a2cf9da354 4a5ac473c9d176ba f58ff7f1a6cde683 88b62355670ec8f8 01020d1b0821f4c7 f49e13a653cbdad2 f9c6286cff30aaa8 b3e75fdca5ca2f1a 061f3e1feeaa3094 d5952b2e031c4e7e e461837f0fb35048 ae77487a89f2610c 09bbaa171c20bae3 7b81f1f2b6ec2e5f 7f95168400948588 abf90e759d208468 07f22a7ad7e4711d 0772e3ab293a1f30 2810fb6f81d1711c 34a62e66e05f9a44 1d12acf7349196b0 97d696011258825c a292248bb2bffb3d 54f55c74d37db3c0 01e5a6edcee7deb0 37001ade0df85823 60a070db9f1869b5 83b911ff0ff45844 b6e646c13d0753ae
128,a017f3358d5327aa 5430097e23000368 c08c3765ac609cc0 5b34da30b93eb123 8d58da0e1800dc96 da7d3c2d591c4295 0772e3ab293a1f30 0897dcfae16e280f 7f95168400948588 b1dcaca98bb76736 00d9f8d3f7d412b3 7d83ffe83f61bdc4 dac29ed8400b50cc af8e70f978cd5aee 9b2adcf4041227d7 6461a9faa871b3ac db7342eff9200020 4c0eee2c1a5e76e2 f58ff7f1a6cde683 da904d2a54ff8cf2 d6ed7e4b14c51296 db0e648651f4c92b e7cad3748e50b0f8 3cb6b40d377e7ca8 65fac1ba1840000f e14a893f1918277e 3e8e56f639a5db5b 8df3f13d6af34cb3 d5952b2e031c4e7e 05f23e7d05dbf7c2
129,a76ffccd2f5df1a7 0772e3ab293a1f30 c015590d6a6fe833 0f4c71d341e2d939 172bc0ee09332ae9 7f95168400948588 4b29fc21f912754d 3b6d27775fce1c7b f49e13a653cbdad2 6406fcdb7d87b5dc 1efd7bd8a34a1359 a2c35fdf07a13286 f58ff7f1a6cde683 09bbaa171c20bae3 fb2ebcb5335ad2e2 28a2067685cb3e97 3e66b4855d0dddbe b6e72edcad270be0 74244a8703c03720 27bc34b9887bec0d 4d954d933e606b70 3e8e56f639a5db5b b6d0f83aad4e4dc7 855f2f0354e102c7 66ccd03c9e03ac06 5430097e23000368 01b3da54ffb158a0 b1e47da7659b675c 7d83ffe83f61bdc4 285657fcdf89f00d
130,9f27aa36c1ea793c 8df3f13d6af34cb3 da904d2a54ff8cf2 d6ed7e4b14c51296 9b2adcf4041227d7 5430097e23000368 d72363ddd958d906 83f8aca6ee2caabc af8e70f978cd5aee 22e8d6734e4121ae 453bc79164d57a01 00d9f8d3f7d412b3 0220a434aa8bf029 36d33c41812ce7dc db0e648651f4c92b ee3ed9a3f51336cd 7d83ffe83f61bdc4 5057551fc55e9ed2 a1314cd417504572 2bafd15871caae91 b0b5e62a93a2c37c c05f45f86d0771d5 37001ade0df85823 cec2eea2a1fe566a 6461a9faa871b3ac 61ba7707ef6a5a99 e7828f0ea9749505 52e459a551d4ac2d 4483bbdd3241f11a 49b5678e0d1e5bcd
131,7f95168400948588 07d688f5e2142b87 0772e3ab293a1f30 3cb6b40d377e7ca8 2cebd52b41930f0a 8bf446c0455e3c5c cc0c9419f8a20603 83f8f2fc471cad74 bee46c54461925d0 a18df74d3a16e9c0 1efd7bd8a34a1359 27bc34b9887bec0d 4577ae048ef1967d e8b87ed7db1bcb1f 855f2f0354e102c7 f49e13a653cbdad2 a9223c28b10c131f 01b3da54ffb158a0 2e79d45ba4d1540d 97d696011258825c d5952b2e031c4e7e 2e4b00c01d58e79e a76ffccd2f5df1a7 03dfe518713e006c 7c98dedd223b36c0 b1dcaca98bb76736 172bc0ee09332ae9 77e2f7da1f9d3a8f e25a1da6ca187350 c1f2e3a76d388944
132,48f93f9c2c699e19 25145708d494530b a2805ed52b47b8ec 0451447dd64f6284 0772e3ab293a1f30 3b6d27775fce1c7b 4f915ad69e1dca36 3cb6b40d377e7ca8 f49e13a653cbdad2 7f95168400948588 f25bfcffedaccf28 5b4c879fc9c316fb 148ac4a56a18844d 061f3e1feeaa3094 1efd7bd8a34a1359 07d688f5e2142b87 d5952b2e031c4e7e e461837f0fb35048 3e8e56f639a5db5b a18df74d3a16e9c0 1c3b74a02a86467d 90ecb28f2edb9d43 70ebf53ced736fa4 4f2fffd7528de786 01e5a6edcee7deb0 28a2067685cb3e97 97d696011258825c ad06e9eeea8eb4ea 07f22a7ad7e4711d 0bcaac840d5e66d7
133,af8e70f978cd5aee 5430097e23000368 cc861214a89ef1f4 37001ade0df85823 9b2adcf4041227d7 da904d2a54ff8cf2 d6ed7e4b14c51296 8df3f13d6af34cb3 9f27aa36c1ea793c 4b8c7061102517ef 7d83ffe83f61bdc4 00d9f8d3f7d412b3 db0e648651f4c92b fab14d178b24a67f 6461a9faa871b3ac 2bafd15871caae91 42c9b72cc77dcb28 83f8aca6ee2caabc d72363ddd958d906 2b48ab08c915c0ad 9d5edf3b993fee50 36d33c41812ce7dc 49b5678e0d1e5bcd 0220a434aa8bf029 4105533fe46dfba9 f58ff7f1a6cde683 fc8971756f9ec194 0b774cf90856c4da 120e745e2961b5d5 f28fb3d9880c5d4c
134,447fc00f40d71d08 964a50d33717c26d 77e2f7da1f9d3a8f 7f95168400948588 2e79d45ba4d1540d 90ecb28f2edb9d43 70ebf53ced736fa4 3cb6b40d377e7ca8 5b4c879fc9c316fb cc0c9419f8a20603 855f2f0354e102c7 09bbaa171c20bae3 148ac4a56a18844d 9113e9dc940fb287 07d688f5e2142b87 2cebd52b41930f0a d0f6c00eec5eb973 25145708d494530b 4f2fffd7528de786 ec1b3d7ccd3984d0 a2805ed52b47b8ec 0772e3ab293a1f30 bee46c54461925d0 01b3da54ffb158a0 a853f13216170123 3e8e56f639a5db5b a9223c28b10c131f 0683b6a78f54be75 35488b3b8b781278 9f4e0d572b1f4e6c
135,7f95168400948588 a76ffccd2f5df1a7 f49e13a653cbdad2 1efd7bd8a34a1359 01b3da54ffb158a0 0772e3ab293a1f30 09bbaa171c20bae3 27bc34b9887bec0d d5952b2e031c4e7e 0f4c71d341e2d939 f58ff7f1a6cde683 3cb6b40d377e7ca8 095bb1b6ecbd0a50 4b29fc21f912754d 48f93f9c2c699e19 c015590d6a6fe833 77e2f7da1f9d3a8f 5430097e23000368 3b6d27775fce1c7b f25bfcffedaccf28 061f3e1feeaa3094 e14a893f1918277e 88b62355670ec8f8 28a2067685cb3e97 ec1b3d7ccd3984d0 a292248bb2bffb3d 172bc0ee09332ae9 e25a1da6ca187350 e22c35101e190db9 2a06f5614060e3b6
136,f58ff7f1a6cde683 b6d0f83aad4e4dc7 5430097e23000368 a76ffccd2f5df1a7 db0e648651f4c92b 7d83ffe83f61bdc4 7f95168400948588 1efd7bd8a34a1359 095bb1b6ecbd0a50 7b81f1f2b6ec2e5f 172bc0ee09332ae9 0f4c71d341e2d939 f49e13a653cbdad2 f705b637f624147e 74244a8703c03720 0220a434aa8bf029 6406fcdb7d87b5dc c015590d6a6fe833 40583079f57235a6 9b2adcf4041227d7 a04d6febd82a4389 4b29fc21f912754d e14a893f1918277e a292248bb2bffb3d 0772e3ab293a1f30 b3e75fdca5ca2f1a 2a06f5614060e3b6 ae77487a89f2610c 3e66b4855d0dddbe 28a2067685cb3e97
137,6461a9faa871b3ac 6406fcdb7d87b5dc 0772e3ab293a1f30 c015590d6a6fe833 bd9cd6b87a4fe0ce 3b6d27775fce1c7b a76ffccd2f5df1a7 1efd7bd8a34a1359 f48d0fbea7dc2782 172bc0ee09332ae9 28a2067685cb3e97 f49e13a653cbdad2 0f4c71d341e2d939 285657fcdf89f00d 4b29fc21f912754d f58ff7f1a6cde683 0451447dd64f6284 3e8e56f639a5db5b ecb768ef6fd223ca 35488b3b8b781278 b6e72edcad270be0 7f95168400948588 b6d0f83aad4e4dc7 01e5a6edcee7deb0 3e66b4855d0dddbe cea18be9a89d7a81 4d954d933e606b70 a2c35fdf07a13286 01b3da54ffb158a0 5430097e23000368
138,4a5ac473c9d176ba bed3e73d52011f68 2a06f5614060e3b6 dac29ed8400b50cc 8d58da0e1800dc96 2810fb6f81d1711c 05f23e7d05dbf7c2 ae77487a89f2610c a292248bb2bffb3d 54f55c74d37db3c0 09bbaa171c20bae3 33856365c271aea4 c08c3765ac609cc0 44d324ebd3e22ad7 2359719a0f40ffac f9c6286cff30aaa8 34a62e66e05f9a44 a813c15b46ceaf68 5b34da30b93eb123 07f22a7ad7e4711d ce2fe99a7cda4a17 f58ff7f1a6cde683 e14a893f1918277e da7d3c2d591c4295 0fbd0f422e926816 0d0368139e9a647f f705b637f624147e 061f3e1feeaa3094 f49e13a653cbdad2 1c3b74a02a86467d
139,7f95168400948588 0772e3ab293a1f30 a18df74d3a16e9c0 f25bfcffedaccf28 3cb6b40d377e7ca8 2cebd52b41930f0a cc0c9419f8a20603 48f93f9c2c699e19 fb2ebcb5335ad2e2 07d688f5e2142b87 27bc34b9887bec0d 1efd7bd8a34a1359 c1f2e3a76d388944 8bf446c0455e3c5c 25145708d494530b f49e13a653cbdad2 01b3da54ffb158a0 d5952b2e031c4e7e 77e2f7da1f9d3a8f 97d696011258825c 3e8e56f639a5db5b 09bbaa171c20bae3 061f3e1feeaa3094 7c98dedd223b36c0 0683b6a78f54be75 70ebf53ced736fa4 03dfe518713e006c f58ff7f1a6cde683 b1dcaca98bb76736 ec1b3d7ccd3984d0
140,5b4c879fc9c316fb 4b29fc21f912754d 2e79d45ba4d1540d 90ecb28f2edb9d43 7f95168400948588 666bdff4faa513ca 0772e3ab293a1f30 cea18be9a89d7a81 e9c20b67a4c5395f 3cb6b40d377e7ca8 62431fd374eb99fb 6406fcdb7d87b5dc 70ebf53ced736fa4 3b6d27775fce1c7b 5f94b027039f4e48 148ac4a56a18844d 48f93f9c2c699e19 25145708d494530b 0683b6a78f54be75 a76ffccd2f5df1a7 f25bfcffedaccf28 0451447dd64f6284 3e8e56f639a5db5b 0bcaac840d5e66d7 4f2fffd7528de786 f49e13a653cbdad2 28a2067685cb3e97 77e2f7da1f9d3a8f 48cf88c17ff38c5e 1efd7bd8a34a1359
141,f58ff7f1a6cde683 b6d0f83aad4e4dc7 d5952b2e031c4e7e 7f95168400948588 1efd7bd8a34a1359 f49e13a653cbdad2 8d58da0e1800dc96 da7d3c2d591c4295 09bbaa171c20bae3 01020d1b0821f4c7 60a070db9f1869b5 061f3e1feeaa3094 f9c6286cff30aaa8 4a5ac473c9d176ba 0772e3ab293a1f30 5430097e23000368 b6e646c13d0753ae 01e5a6edcee7deb0 a2805ed52b47b8ec 8bf446c0455e3c5c e8684734f2e587bd 3e8e56f639a5db5b 88b62355670ec8f8 4f2fffd7528de786 34a62e66e05f9a44 abf90e759d208468 1d12acf7349196b0 01b3da54ffb158a0 1c3b74a02a86467d 27bc34b9887bec0d
142,0772e3ab293a1f30 2e44fbb8bc3d8d71 7f95168400948588 5430097e23000368 a76ffccd2f5df1a7 cea18be9a89d7a81 27bc34b9887bec0d 8bf446c0455e3c5c 316382267dcd804f 01e5a6edcee7deb0 351c9da399c2b915 3cb6b40d377e7ca8 4b29fc21f912754d 74244a8703c03720 fb2ebcb5335ad2e2 fab14d178b24a67f f49e13a653cbdad2 c015590d6a6fe833 0f4c71d341e2d939 f58ff7f1a6cde683 3b6d27775fce1c7b 28a2067685cb3e97 01b3da54ffb158a0 2bafd15871caae91 b1dcaca98bb76736 09bbaa171c20bae3 b6d0f83aad4e4dc7 f48d0fbea7dc2782 f25bfcffedaccf28 39f6296778264878
143,f58ff7f1a6cde683 f9c6286cff30aaa8 b6d0f83aad4e4dc7 c28bc62802b90f82 8d58da0e1800dc96 01020d1b0821f4c7 74244a8703c03720 a04d6febd82a4389 abf90e759d208468 5b34da30b93eb123 73391e0853c1e040 4a5ac473c9d176ba 7f95168400948588 f49e13a653cbdad2 b3e75fdca5ca2f1a 9100ea6cd0e084bf 27bc34b9887bec0d 5430097e23000368 2a06f5614060e3b6 2e44fbb8bc3d8d71 fab14d178b24a67f e7cad3748e50b0f8 0772e3ab293a1f30 01e5a6edcee7deb0 095bb1b6ecbd0a50 a76ffccd2f5df1a7 26fc2a95df5659c2 702d8f1064ab3e30 bed3e73d52011f68 6461a9faa871b3ac
144,6461a9faa871b3ac d72363ddd958d906 83f8aca6ee2caabc 9f27aa36c1ea793c 8df3f13d6af34cb3 da904d2a54ff8cf2 d6ed7e4b14c51296 9b2adcf4041227d7 5430097e23000368 453bc79164d57a01 2bafd15871caae91 af8e70f978cd5aee 42c9b72cc77dcb28 36d33c41812ce7dc f28fb3d9880c5d4c 00d9f8d3f7d412b3 37001ade0df85823 d64c06baf5ef1c90 c810ac016901e8ac db0e648651f4c92b c05f45f86d0771d5 cc861214a89ef1f4 0220a434aa8bf029 7d83ffe83f61bdc4 ee3ed9a3f51336cd 5057551fc55e9ed2 a1314cd417504572 49b5678e0d1e5bcd 4483bbdd3241f11a b0b5e62a93a2c37c
145,97d696011258825c 07d688f5e2142b87 a2805ed52b47b8ec 538c7bb968b2154c cc0c9419f8a20603 3cb6b40d377e7ca8 7f95168400948588 25145708d494530b 48f93f9c2c699e19 0772e3ab293a1f30 64c2e323906b42d3 03dfe518713e006c 0451447dd64f6284 f25bfcffedaccf28 a18df74d3a16e9c0 ad06e9eeea8eb4ea 09bbaa171c20bae3 c14d5b16840d3032 061f3e1feeaa3094 5048a37f10cf2d91 2cebd52b41930f0a 20db73cf07a45f71 7ee52d2519eea367 922e625fae98b3b9 3d6880bd12f6613f cea18be9a89d7a81 27bc34b9887bec0d 2e4b00c01d58e79e 2e79d45ba4d1540d b371170568146b12
146,da7d3c2d591c4295 5430097e23000368 7d83ffe83f61bdc4 db0e648651f4c92b ae77487a89f2610c d5952b2e031c4e7e f49e13a653cbdad2 f58ff7f1a6cde683 e25a1da6ca187350 60a070db9f1869b5 a76ffccd2f5df1a7 7e4a4a1300b77a06 172bc0ee09332ae9 7f95168400948588 1efd7bd8a34a1359 09bbaa171c20bae3 e8684734f2e587bd b6d0f83aad4e4dc7 a18df74d3a16e9c0 97d696011258825c 83f8f2fc471cad74 8bf446c0455e3c5c 83b911ff0ff45844 0f4c71d341e2d939 404031ab9d5977c4 0772e3ab293a1f30 4b29fc21f912754d 1dc7139adba034ec 88b62355670ec8f8 a2c35fdf07a13286
147,3cb6b40d377e7ca8 d63b7f083330247f 0772e3ab293a1f30 65ad9c583823162d fb8bd6b95eb4702a 7f95168400948588 8bf446c0455e3c5c dc12cc503ac0eddb 8a5635c748344d47 d216e5458ad70e60 c1f2e3a76d388944 6899956cd6c683f0 07d688f5e2142b87 bee46c54461925d0 27bc34b9887bec0d 8699cc5dd4159b69 feddfcf56818968e da7d3c2d591c4295 e8b87ed7db1bcb1f 99e833818ec4bbf2 b1dcaca98bb76736 4fe9e4e55585ba4b 6a3919ad9ed8197e d5952b2e031c4e7e a18df74d3a16e9c0 65708d542bd01f39 bd713b37b67866c3 4535ce2e3dced00f ba5199dba342af68 09bbaa171c20bae3
148,09bbaa171c20bae3 34a62e66e05f9a44 da7d3c2d591c4295 ae77487a89f2610c 7f95168400948588 061f3e1feeaa3094 b6e646c13d0753ae 07f22a7ad7e4711d 1c3b74a02a86467d f49e13a653cbdad2 4f2fffd7528de786 d5952b2e031c4e7e 1efd7bd8a34a1359 88b62355670ec8f8 3cb6b40d377e7ca8 60a070db9f1869b5 27bc34b9887bec0d 172bc0ee09332ae9 a76ffccd2f5df1a7 01e5a6edcee7deb0 a2805ed52b47b8ec a2c35fdf07a13286 1dc7139adba034ec 83b911ff0ff45844 40583079f57235a6 bed3e73d52011f68 b6d0f83aad4e4dc7 2a06f5614060e3b6 d1e21234d7cc61d2 01b3da54ffb158a0
149,0add47a043c64d7f 62431fd374eb99fb 1fe79c7de59ff6c6 4f915ad69e1dca36 28a2067685cb3e97 ca43e349133fc0e3 3b6d27775fce1c7b 19e8f436d4b2fc25 07d688f5e2142b87 3c565c1fc2316d16 cea18be9a89d7a81 8dedff0a79784abc b05b5f6850cfa158 4b29fc21f912754d cc0c9419f8a20603 7f95168400948588 a76ffccd2f5df1a7 f25bfcffedaccf28 ddf332f2b55a2a23 2cebd52b41930f0a 285657fcdf89f00d 6204e398d8c7f888 3cb6b40d377e7ca8 c015590d6a6fe833 f48d0fbea7dc2782 ebfda3b48083e390 52370bea1acd0600 ad06e9eeea8eb4ea 6899956cd6c683f0 a18df74d3a16e9c0
150,2e79d45ba4d1540d 1efd7bd8a34a1359 6406fcdb7d87b5dc 172bc0ee09332ae9 4f2fffd7528de786 90ecb28f2edb9d43 285657fcdf89f00d f49e13a653cbdad2 88b62355670ec8f8 4b29fc21f912754d a2c35fdf07a13286 3e66b4855d0dddbe a76ffccd2f5df1a7 3b6d27775fce1c7b 83b911ff0ff45844 0683b6a78f54be75 28a2067685cb3e97 81b7c7e312bfa1a0 061f3e1feeaa3094 8643165b0f53df11 07f22a7ad7e4711d 0451447dd64f6284 97d696011258825c 70ebf53ced736fa4 1dc7139adba034ec 9fbffc521da97c54 3e8e56f639a5db5b f44f74b3451aa593 447fc00f40d71d08 7f95168400948588
151,1efd7bd8a34a1359 f49e13a653cbdad2 7f95168400948588 172bc0ee09332ae9 a76ffccd2f5df1a7 0772e3ab293a1f30 09bbaa171c20bae3 f58ff7f1a6cde683 40583079f57235a6 c96049ed915ced0a 66ccd03c9e03ac06 d5952b2e031c4e7e e461837f0fb35048 3e8e56f639a5db5b 74244a8703c03720 061f3e1feeaa3094 4b29fc21f912754d 6406fcdb7d87b5dc da7d3c2d591c4295 48f93f9c2c699e19 c015590d6a6fe833 0f4c71d341e2d939 e8684734f2e587bd b6d0f83aad4e4dc7 97d696011258825c 88b62355670ec8f8 07f22a7ad7e4711d 27bc34b9887bec0d 3b6d27775fce1c7b ae77487a89f2610c
152,0772e3ab293a1f30 7f95168400948588 09bbaa171c20bae3 a2c35fdf07a13286 f49e13a653cbdad2 27bc34b9887bec0d b1dcaca98bb76736 172bc0ee09332ae9 3cb6b40d377e7ca8 3e8e56f639a5db5b 01b3da54ffb158a0 855f2f0354e102c7 77e2f7da1f9d3a8f 48f93f9c2c699e19 25145708d494530b fb2ebcb5335ad2e2 8bf446c0455e3c5c e25a1da6ca187350 a76ffccd2f5df1a7 1efd7bd8a34a1359 d5952b2e031c4e7e 964a50d33717c26d a18df74d3a16e9c0 f58ff7f1a6cde683 061f3e1feeaa3094 01e5a6edcee7deb0 bee46c54461925d0 4b29fc21f912754d 9113e9dc940fb287 0bcaac840d5e66d7
153,172bc0ee09332ae9 a76ffccd2f5df1a7 7f95168400948588 a04d6febd82a4389 f58ff7f1a6cde683 f49e13a653cbdad2 0f4c71d341e2d939 09bbaa171c20bae3 25145708d494530b 2a06f5614060e3b6 66ccd03c9e03ac06 0772e3ab293a1f30 a2c35fdf07a13286 f705b637f624147e d5952b2e031c4e7e 4b29fc21f912754d 3e8e56f639a5db5b bed3e73d52011f68 c015590d6a6fe833 a292248bb2bffb3d 3e66b4855d0dddbe 48f93f9c2c699e19 061f3e1feeaa3094 3cb6b40d377e7ca8 6406fcdb7d87b5dc 5b34da30b93eb123 b6e72edcad270be0 01e5a6edcee7deb0 3b6d27775fce1c7b 702d8f1064ab3e30
154,da7d3c2d591c4295 a2805ed52b47b8ec 09bbaa171c20bae3 1c3b74a02a86467d 7f95168400948588 061f3e1feeaa3094 97d696011258825c d5952b2e031c4e7e 1efd7bd8a34a1359 4f2fffd7528de786 b6e646c13d0753ae 4dba7ce835494a63 bee46c54461925d0 88b62355670ec8f8 07f22a7ad7e4711d 34a62e66e05f9a44 25145708d494530b d3c4a7db726191e0 60a070db9f1869b5 e8684734f2e587bd c11b97f245a9dfd0 3cb6b40d377e7ca8 f49e13a653cbdad2 ce0f56b7190c268a 83b911ff0ff45844 01b3da54ffb158a0 01e5a6edcee7deb0 7c98dedd223b36c0 3e8e56f639a5db5b a18df74d3a16e9c0
155,8d58da0e1800dc96 e7cad3748e50b0f8 f58ff7f1a6cde683 b6d0f83aad4e4dc7 0fbd0f422e926816 05f23e7d05dbf7c2 dac29ed8400b50cc 5b34da30b93eb123 bed3e73d52011f68 2a06f5614060e3b6 e14a893f1918277e c08c3765ac609cc0 f2234bb7ce0c6f59 b749972436ac9791 44d324ebd3e22ad7 0d0368139e9a647f 54f55c74d37db3c0 5430097e23000368 f705b637f624147e 4a5ac473c9d176ba db0e648651f4c92b 7d83ffe83f61bdc4 a04d6febd82a4389 2810fb6f81d1711c a292248bb2bffb3d 2359719a0f40ffac 095bb1b6ecbd0a50 0772e3ab293a1f30 b3e75fdca5ca2f1a 7b81f1f2b6ec2e5f
156,1efd7bd8a34a1359 25145708d494530b 7f95168400948588 48f93f9c2c699e19 01e5a6edcee7deb0 061f3e1feeaa3094 0772e3ab293a1f30 09bbaa171c20bae3 88b62355670ec8f8 1c3b74a02a86467d 3cb6b40d377e7ca8 e22c35101e190db9 ec1b3d7ccd3984d0 29968e8fd13539f8 f25bfcffedaccf28 27bc34b9887bec0d f49e13a653cbdad2 f58ff7f1a6cde683 3e8e56f639a5db5b 77e2f7da1f9d3a8f da7d3c2d591c4295 07f22a7ad7e4711d 855f2f0354e102c7 0451447dd64f6284 d7d937303a6d5a9d 095bb1b6ecbd0a50 b1dcaca98bb76736 34a62e66e05f9a44 01b3da54ffb158a0 d5952b2e031c4e7e
157,7f95168400948588 1efd7bd8a34a1359 e461837f0fb35048 0772e3ab293a1f30 3cb6b40d377e7ca8 27bc34b9887bec0d 061f3e1feeaa3094 09bbaa171c20bae3 aa967ad3c1f65a29 d5952b2e031c4e7e f49e13a653cbdad2 01b3da54ffb158a0 88b62355670ec8f8 f58ff7f1a6cde683 3e8e56f639a5db5b 25145708d494530b 5430097e23000368 a18df74d3a16e9c0 da7d3c2d591c4295 01e5a6edcee7deb0 4f2fffd7528de786 48f93f9c2c699e19 97d696011258825c b6d0f83aad4e4dc7 e25a1da6ca187350 8bf446c0455e3c5c f25bfcffedaccf28 1c3b74a02a86467d 07f22a7ad7e4711d a2805ed52b47b8ec
158,6aefb6531736648a 1efd7bd8a34a1359 27bc34b9887bec0d 7f95168400948588 f49e13a653cbdad2 e461837f0fb35048 0772e3ab293a1f30 88b62355670ec8f8 3e8e56f639a5db5b 0451447dd64f6284 e22c35101e190db9 d5952b2e031c4e7e 48f93f9c2c699e19 40583079f57235a6 09bbaa171c20bae3 ca4de5b8a7bda9df a18df74d3a16e9c0 172bc0ee09332ae9 25145708d494530b a76ffccd2f5df1a7 01b3da54ffb158a0 07f22a7ad7e4711d 97d696011258825c 061f3e1feeaa3094 f58ff7f1a6cde683 34a62e66e05f9a44 4f2fffd7528de786 e25a1da6ca187350 e8684734f2e587bd 855f2f0354e102c7
159,172bc0ee09332ae9 6406fcdb7d87b5dc 7f95168400948588 4b29fc21f912754d 3cb6b40d377e7ca8 a2c35fdf07a13286 1efd7bd8a34a1359 f44f74b3451aa593 a2805ed52b47b8ec 3e66b4855d0dddbe f49e13a653cbdad2 cea18be9a89d7a81 a76ffccd2f5df1a7 90ecb28f2edb9d43 f25bfcffedaccf28 855f2f0354e102c7 28a2067685cb3e97 c5830f9d0f1e29e5 3b6d27775fce1c7b 2e79d45ba4d1540d 07d688f5e2142b87 97d696011258825c f58ff7f1a6cde683 62431fd374eb99fb 050544c040f46152 ae77487a89f2610c b6e72edcad270be0 ddf332f2b55a2a23 061f3e1feeaa3094 cc0c9419f8a20603
160,7f95168400948588 a76ffccd2f5df1a7 172bc0ee09332ae9 4b29fc21f912754d 0772e3ab293a1f30 f49e13a653cbdad2 0f4c71d341e2d939 c015590d6a6fe833 f58ff7f1a6cde683 09bbaa171c20bae3 01b3da54ffb158a0 3cb6b40d377e7ca8 27bc34b9887bec0d 48f93f9c2c699e19 3b6d27775fce1c7b 1efd7bd8a34a1359 3e8e56f639a5db5b b1dcaca98bb76736 28a2067685cb3e97 25145708d494530b b6e72edcad270be0 66ccd03c9e03ac06 cea18be9a89d7a81 061f3e1feeaa3094 5430097e23000368 e22c35101e190db9 4d954d933e606b70 095bb1b6ecbd0a50 da7d3c2d591c4295 77e2f7da1f9d3a8f
161,1efd7bd8a34a1359 a76ffccd2f5df1a7 3b6d27775fce1c7b 6406fcdb7d87b5dc 28a2067685cb3e97 c015590d6a6fe833 0451447dd64f6284 0f4c71d341e2d939 285657fcdf89f00d f49e13a653cbdad2 4b29fc21f912754d 172bc0ee09332ae9 148ac4a56a18844d 09bbaa171c20bae3 07f22a7ad7e4711d 35488b3b8b781278 e9c20b67a4c5395f 3e8e56f639a5db5b 4f2fffd7528de786 a2c35fdf07a13286 0683b6a78f54be75 7f95168400948588 0772e3ab293a1f30 70ebf53ced736fa4 66ccd03c9e03ac06 40583079f57235a6 061f3e1feeaa3094 88b62355670ec8f8 a853f13216170123 d5952b2e031c4e7e
162,00d9f8d3f7d412b3 7f95168400948588 5430097e23000368 f58ff7f1a6cde683 da7d3c2d591c4295 09bbaa171c20bae3 27bc34b9887bec0d 0772e3ab293a1f30 af8e70f978cd5aee 25145708d494530b 2bafd15871caae91 3cb6b40d377e7ca8 4f2fffd7528de786 b6d0f83aad4e4dc7 061f3e1feeaa3094 120e745e2961b5d5 f49e13a653cbdad2 9b2adcf4041227d7 34a62e66e05f9a44 2e44fbb8bc3d8d71 d5952b2e031c4e7e 37001ade0df85823 351c9da399c2b915 b1dcaca98bb76736 0220a434aa8bf029 6461a9faa871b3ac 3e8e56f639a5db5b ae77487a89f2610c 7d83ffe83f61bdc4 42c9b72cc77dcb28
163,5dd752753760ced8 f49e13a653cbdad2 77e2f7da1f9d3a8f 1efd7bd8a34a1359 3e8e56f639a5db5b b1dcaca98bb76736 7f95168400948588 6406fcdb7d87b5dc 855f2f0354e102c7 a76ffccd2f5df1a7 0772e3ab293a1f30 172bc0ee09332ae9 48f93f9c2c699e19 a18df74d3a16e9c0 4b29fc21f912754d 88b62355670ec8f8 01e5a6edcee7deb0 3b6d27775fce1c7b 061f3e1feeaa3094 28a2067685cb3e97 29968e8fd13539f8 3e66b4855d0dddbe 01b3da54ffb158a0 0f4c71d341e2d939 09bbaa171c20bae3 3cb6b40d377e7ca8 285657fcdf89f00d 0bcaac840d5e66d7 d5952b2e031c4e7e 66ccd03c9e03ac06
164,af8e70f978cd5aee 9a439fd1abf95245 5430097e23000368 cc861214a89ef1f4 059bbdbdb843af6a 37001ade0df85823 00d9f8d3f7d412b3 4105533fe46dfba9 fab14d178b24a67f 4b8c7061102517ef dac29ed8400b50cc 6461a9faa871b3ac 351c9da399c2b915 120e745e2961b5d5 2bafd15871caae91 ae77487a89f2610c 0c2eeab1e4ce1db8 db0e648651f4c92b 2e44fbb8bc3d8d71 7d83ffe83f61bdc4 4483bbdd3241f11a fc8971756f9ec194 f58ff7f1a6cde683 50ba507a268872e1 42c9b72cc77dcb28 7e4a4a1300b77a06 8df3f13d6af34cb3 9b2adcf4041227d7 9f27aa36c1ea793c b6d0f83aad4e4dc7
165,3cb6b40d377e7ca8 0772e3ab293a1f30 f58ff7f1a6cde683 25145708d494530b 48f93f9c2c699e19 7f95168400948588 27bc34b9887bec0d 09bbaa171c20bae3 03dfe518713e006c b24820ae14e16a24 feddfcf56818968e 65ad9c583823162d 01b3da54ffb158a0 dc12cc503ac0eddb 8699cc5dd4159b69 6a3919ad9ed8197e 061f3e1feeaa3094 01020d1b0821f4c7 da7d3c2d591c4295 7155e5a86136eb02 65708d542bd01f39 b1dcaca98bb76736 07d688f5e2142b87 4b29fc21f912754d 9cf6709de35bf0f3 99e833818ec4bbf2 4fe9e4e55585ba4b 6899956cd6c683f0 96445bec1579ec97 b6e72edcad270be0
166,3b6d27775fce1c7b 172bc0ee09332ae9 a76ffccd2f5df1a7 c015590d6a6fe833 4b29fc21f912754d 7f95168400948588 0f4c71d341e2d939 28a2067685cb3e97 cea18be9a89d7a81 6406fcdb7d87b5dc 4d954d933e606b70 f48d0fbea7dc2782 b6e72edcad270be0 3e66b4855d0dddbe f25bfcffedaccf28 a2c35fdf07a13286 62431fd374eb99fb 1efd7bd8a34a1359 0772e3ab293a1f30 cc0c9419f8a20603 ddf332f2b55a2a23 48f93f9c2c699e19 25145708d494530b 285657fcdf89f00d f49e13a653cbdad2 2cebd52b41930f0a 3cb6b40d377e7ca8 3e8e56f639a5db5b 4f915ad69e1dca36 27bc34b9887bec0d
167,2bafd15871caae91 8d58da0e1800dc96 2e44fbb8bc3d8d71 0772e3ab293a1f30 7f95168400948588 5430097e23000368 d72363ddd958d906 83f8aca6ee2caabc c08c3765ac609cc0 74244a8703c03720 fab14d178b24a67f 44d324ebd3e22ad7 5b34da30b93eb123 01e5a6edcee7deb0 e7cad3748e50b0f8 b6d0f83aad4e4dc7 cc861214a89ef1f4 316382267dcd804f dac29ed8400b50cc 351c9da399c2b915 f58ff7f1a6cde683 f9c6286cff30aaa8 fc8971756f9ec194 54f55c74d37db3c0 4a5ac473c9d176ba 061f3e1feeaa3094 e14a893f1918277e 0c2eeab1e4ce1db8 09bbaa171c20bae3 42c9b72cc77dcb28
168,7f95168400948588 f25bfcffedaccf28 a18df74d3a16e9c0 3b6d27775fce1c7b a76ffccd2f5df1a7 1efd7bd8a34a1359 c015590d6a6fe833 4b29fc21f912754d 28a2067685cb3e97 172bc0ee09332ae9 f49e13a653cbdad2 48f93f9c2c699e19 29968e8fd13539f8 0772e3ab293a1f30 0f4c71d341e2d939 70ebf53ced736fa4 77e2f7da1f9d3a8f 97d696011258825c 34a62e66e05f9a44 cea18be9a89d7a81 061f3e1feeaa3094 cc0c9419f8a20603 3cb6b40d377e7ca8 09bbaa171c20bae3 2cebd52b41930f0a d5952b2e031c4e7e 01b3da54ffb158a0 88b62355670ec8f8 25145708d494530b e8684734f2e587bd
169,43c354dbf952caaa f58ff7f1a6cde683 6406fcdb7d87b5dc b6d0f83aad4e4dc7 7f95168400948588 172bc0ee09332ae9 4b29fc21f912754d 5430097e23000368 f49e13a653cbdad2 40583079f57235a6 a76ffccd2f5df1a7 095bb1b6ecbd0a50 a04d6febd82a4389 0451447dd64f6284 1efd7bd8a34a1359 28a2067685cb3e97 a2c35fdf07a13286 09bbaa171c20bae3 f25bfcffedaccf28 a292248bb2bffb3d 97d696011258825c cea18be9a89d7a81 ae77487a89f2610c 7d83ffe83f61bdc4 3b6d27775fce1c7b 3cb6b40d377e7ca8 db0e648651f4c92b 4f2fffd7528de786 5b4c879fc9c316fb 061f3e1feeaa3094
170,8d58da0e1800dc96 5b34da30b93eb123 bed3e73d52011f68 2a06f5614060e3b6 e7cad3748e50b0f8 e14a893f1918277e c08c3765ac609cc0 65fac1ba1840000f 3fa57d488e979d74 05f23e7d05dbf7c2 f705b637f624147e a9eef13786610446 b749972436ac9791 f2234bb7ce0c6f59 74e59c5820900b17 2810fb6f81d1711c 2359719a0f40ffac 1efd7bd8a34a1359 b3e75fdca5ca2f1a a76ffccd2f5df1a7 172bc0ee09332ae9 8f578001f9d5f543 c28bc62802b90f82 316382267dcd804f 83f8aca6ee2caabc d72363ddd958d906 fc21db75b354a917 dac29ed8400b50cc 7f95168400948588 4b29fc21f912754d
171,b6d0f83aad4e4dc7 7f95168400948588 5430097e23000368 bee46c54461925d0 f58ff7f1a6cde683 01e5a6edcee7deb0 7b81f1f2b6ec2e5f 83f8f2fc471cad74 a2805ed52b47b8ec 1efd7bd8a34a1359 09bbaa171c20bae3 f705b637f624147e f49e13a653cbdad2 1c3b74a02a86467d d5952b2e031c4e7e 0772e3ab293a1f30 095bb1b6ecbd0a50 7c98dedd223b36c0 e14a893f1918277e 27bc34b9887bec0d a18df74d3a16e9c0 3e8e56f639a5db5b 01b3da54ffb158a0 07d688f5e2142b87 a76ffccd2f5df1a7 f25bfcffedaccf28 050544c040f46152 88b62355670ec8f8 25145708d494530b 172bc0ee09332ae9
172,0772e3ab293a1f30 7f95168400948588 07d688f5e2142b87 8bf446c0455e3c5c 2cebd52b41930f0a 3ca7964973437917 cc0c9419f8a20603 27bc34b9887bec0d 64c2e323906b42d3 3cb6b40d377e7ca8 a18df74d3a16e9c0 01b3da54ffb158a0 5048a37f10cf2d91 fb2ebcb5335ad2e2 e8b87ed7db1bcb1f f25bfcffedaccf28 576dd429db946393 74ae9af23a383bf5 1f423f368aebf7f3 8e0cc5199a0ee659 ae000f9d0b5e104e c14d5b16840d3032 48f93f9c2c699e19 7ee52d2519eea367 20db73cf07a45f71 cea18be9a89d7a81 c1f2e3a76d388944 0add47a043c64d7f ba5199dba342af68 03dfe518713e006c
173,f58ff7f1a6cde683 0772e3ab293a1f30 b6d0f83aad4e4dc7 4b29fc21f912754d 0f4c71d341e2d939 a76ffccd2f5df1a7 5430097e23000368 3b6d27775fce1c7b 01b3da54ffb158a0 c015590d6a6fe833 095bb1b6ecbd0a50 172bc0ee09332ae9 7f95168400948588 cea18be9a89d7a81 3cb6b40d377e7ca8 09bbaa171c20bae3 a04d6febd82a4389 28a2067685cb3e97 8abe670908f12614 db0e648651f4c92b 7d83ffe83f61bdc4 a2c35fdf07a13286 3e66b4855d0dddbe 6406fcdb7d87b5dc b3e75fdca5ca2f1a f49e13a653cbdad2 b6e72edcad270be0 f48d0fbea7dc2782 74244a8703c03720 8bf446c0455e3c5c
174,7f95168400948588 0772e3ab293a1f30 005666aa098abe8e 3cb6b40d377e7ca8 01b3da54ffb158a0 8bf446c0455e3c5c 3e8e56f639a5db5b 12af6a34778710db 2cebd52b41930f0a 387e9cd2e5d4ea7d 27bc34b9887bec0d 03dfe518713e006c b1dcaca98bb76736 07d688f5e2142b87 636224e349e561bf 25145708d494530b cc0c9419f8a20603 f58ff7f1a6cde683 48f93f9c2c699e19 f25bfcffedaccf28 a5f55580081236f4 d5952b2e031c4e7e 77e2f7da1f9d3a8f a18df74d3a16e9c0 f49e13a653cbdad2 5430097e23000368 a9223c28b10c131f c1f2e3a76d388944 70776cdd9bb3b7d4 e403278468d84383
175,44d324ebd3e22ad7 c08c3765ac609cc0 05f23e7d05dbf7c2 dac29ed8400b50cc 8d58da0e1800dc96 4a5ac473c9d176ba 54f55c74d37db3c0 e7cad3748e50b0f8 2810fb6f81d1711c 0d0368139e9a647f bed3e73d52011f68 2359719a0f40ffac 2a06f5614060e3b6 5b34da30b93eb123 e14a893f1918277e f705b637f624147e 09bbaa171c20bae3 7f95168400948588 0fbd0f422e926816 b3e75fdca5ca2f1a fc21db75b354a917 f58ff7f1a6cde683 46315cf30aaee51c 7e4a4a1300b77a06 34a62e66e05f9a44 316382267dcd804f b6d0f83aad4e4dc7 ae77487a89f2610c f49e13a653cbdad2 a76ffccd2f5df1a7
176,7f95168400948588 702d8f1064ab3e30 0772e3ab293a1f30 09bbaa171c20bae3 3cb6b40d377e7ca8 172bc0ee09332ae9 f58ff7f1a6cde683 ecb768ef6fd223ca 855f2f0354e102c7 b1dcaca98bb76736 77e2f7da1f9d3a8f 095bb1b6ecbd0a50 bd9cd6b87a4fe0ce 48f93f9c2c699e19 27bc34b9887bec0d 2e79d45ba4d1540d 4b29fc21f912754d 92f42fbd0c38f7fd bee46c54461925d0 d92c0298f76ccf77 a76ffccd2f5df1a7 0451447dd64f6284 5430097e23000368 6461a9faa871b3ac 964a50d33717c26d 25145708d494530b 90ecb28f2edb9d43 b24820ae14e16a24 a853f13216170123 03dfe518713e006c
177,f58ff7f1a6cde683 b6d0f83aad4e4dc7 8d58da0e1800dc96 00140806971e7a73 7f95168400948588 f9c6286cff30aaa8 44d324ebd3e22ad7 01020d1b0821f4c7 05f23e7d05dbf7c2 4a5ac473c9d176ba 2bafd15871caae91 0772e3ab293a1f30 f2234bb7ce0c6f59 b749972436ac9791 0d0368139e9a647f 2359719a0f40ffac 5430097e23000368 3cb6b40d377e7ca8 09bbaa171c20bae3 27bc34b9887bec0d 6461a9faa871b3ac 0c2eeab1e4ce1db8 25145708d494530b d72363ddd958d906 83f8aca6ee2caabc af8e70f978cd5aee f49e13a653cbdad2 42c9b72cc77dcb28 351c9da399c2b915 abf90e759d208468
178,bd9cd6b87a4fe0ce 781aaf62a955e4e8 5430097e23000368 f58ff7f1a6cde683 ae77487a89f2610c b6d0f83aad4e4dc7 0772e3ab293a1f30 0220a434aa8bf029 9b2adcf4041227d7 34a62e66e05f9a44 1efd7bd8a34a1359 7f95168400948588 f705b637f624147e af8e70f978cd5aee 09bbaa171c20bae3 7d83ffe83f61bdc4 2a06f5614060e3b6 f49e13a653cbdad2 dac29ed8400b50cc 00d9f8d3f7d412b3 db0e648651f4c92b bed3e73d52011f68 6461a9faa871b3ac e14a893f1918277e 095bb1b6ecbd0a50 74244a8703c03720 26f72a4eb15ea8c0 9f27aa36c1ea793c 4483bbdd3241f11a 061f3e1feeaa3094
179,0772e3ab293a1f30 520ec719078be07c f49e13a653cbdad2 f58ff7f1a6cde683 b1dcaca98bb76736 061f3e1feeaa3094 01b3da54ffb158a0 7f95168400948588 095bb1b6ecbd0a50 27bc34b9887bec0d 88b62355670ec8f8 7b81f1f2b6ec2e5f 1efd7bd8a34a1359 09bbaa171c20bae3 74244a8703c03720 3cb6b40d377e7ca8 3e8e56f639a5db5b 5430097e23000368 b6d0f83aad4e4dc7 cea18be9a89d7a81 8bf446c0455e3c5c 77e2f7da1f9d3a8f 64c2e323906b42d3 ae77487a89f2610c f705b637f624147e a04d6febd82a4389 0220a434aa8bf029 db0e648651f4c92b 7d83ffe83f61bdc4 4b29fc21f912754d
180,1efd7bd8a34a1359 40583079f57235a6 07f22a7ad7e4711d ae77487a89f2610c 061f3e1feeaa3094 7f95168400948588 4f2fffd7528de786 f49e13a653cbdad2 0451447dd64f6284 6406fcdb7d87b5dc 88b62355670ec8f8 a76ffccd2f5df1a7 f58ff7f1a6cde683 09bbaa171c20bae3 172bc0ee09332ae9 0772e3ab293a1f30 3e8e56f639a5db5b a2c35fdf07a13286 285657fcdf89f00d 1c3b74a02a86467d d7d937303a6d5a9d b6d0f83aad4e4dc7 da7d3c2d591c4295 3b6d27775fce1c7b 7e4a4a1300b77a06 c015590d6a6fe833 01e5a6edcee7deb0 d5952b2e031c4e7e 5430097e23000368 0f4c71d341e2d939
181,7f95168400948588 3cb6b40d377e7ca8 0772e3ab293a1f30 c1f2e3a76d388944 dc12cc503ac0eddb a18df74d3a16e9c0 27bc34b9887bec0d 6899956cd6c683f0 f25bfcffedaccf28 feddfcf56818968e 07d688f5e2142b87 48f93f9c2c699e19 8699cc5dd4159b69 77e2f7da1f9d3a8f 25145708d494530b 6a3919ad9ed8197e f76f44d372517a9a 65ad9c583823162d 2cebd52b41930f0a ca43e349133fc0e3 01b3da54ffb158a0 d63b7f083330247f 19e8f436d4b2fc25 09bbaa171c20bae3 90ecb28f2edb9d43 b1dcaca98bb76736 92f42fbd0c38f7fd bee46c54461925d0 ad06e9eeea8eb4ea f105a53e5cfae611
182,5430097e23000368 af8e70f978cd5aee f58ff7f1a6cde683 9f27aa36c1ea793c 351c9da399c2b915 8df3f13d6af34cb3 f05fa5f57dc03e81 da904d2a54ff8cf2 d6ed7e4b14c51296 2e44fbb8bc3d8d71 64907c4568244eb4 2b48ab08c915c0ad 9d5edf3b993fee50 42c9b72cc77dcb28 3cb6b40d377e7ca8 0772e3ab293a1f30 00d9f8d3f7d412b3 453bc79164d57a01 4b8c7061102517ef b6d0f83aad4e4dc7 9b2adcf4041227d7 6461a9faa871b3ac 37001ade0df85823 07d688f5e2142b87 7f95168400948588 0b774cf90856c4da fc8971756f9ec194 2bafd15871caae91 fd30682593995748 120e745e2961b5d5
183,b6cdb608f640e038 d64c7c3b658689f4 5a1149fbcbd37376 8bf446c0455e3c5c 25145708d494530b 628accd9be98503c 0cd920bad11c716d fd30682593995748 e403278468d84383 2cebd52b41930f0a 60a070db9f1869b5 49b5678e0d1e5bcd 7f95168400948588 cc0c9419f8a20603 07d688f5e2142b87 047769588be1aea9 b6e646c13d0753ae e8684734f2e587bd 061f3e1feeaa3094 238ec735a13a3f09 a9223c28b10c131f 8abe670908f12614 da7d3c2d591c4295 3cb6b40d377e7ca8 73391e0853c1e040 03dfe518713e006c a2805ed52b47b8ec 5b4c879fc9c316fb 455fde214d16d350 5570ef88d970e9b4
184,7f95168400948588 48f93f9c2c699e19 28a2067685cb3e97 f25bfcffedaccf28 3b6d27775fce1c7b 4b29fc21f912754d cea18be9a89d7a81 a18df74d3a16e9c0 a76ffccd2f5df1a7 172bc0ee09332ae9 ddf332f2b55a2a23 25145708d494530b 90ecb28f2edb9d43 0772e3ab293a1f30 62431fd374eb99fb a2c35fdf07a13286 f48d0fbea7dc2782 c015590d6a6fe833 522bd6887960c25d 4f915ad69e1dca36 3cb6b40d377e7ca8 0add47a043c64d7f 6406fcdb7d87b5dc 27bc34b9887bec0d 061f3e1feeaa3094 1dc7139adba034ec 4d954d933e606b70 c1f2e3a76d388944 e25a1da6ca187350 0451447dd64f6284
185,0772e3ab293a1f30 a76ffccd2f5df1a7 4b29fc21f912754d 7f95168400948588 28a2067685cb3e97 f58ff7f1a6cde683 cea18be9a89d7a81 3b6d27775fce1c7b a18df74d3a16e9c0 6406fcdb7d87b5dc c015590d6a6fe833 172bc0ee09332ae9 f49e13a653cbdad2 0f4c71d341e2d939 ddf332f2b55a2a23 f25bfcffedaccf28 061f3e1feeaa3094 b6d0f83aad4e4dc7 f48d0fbea7dc2782 1efd7bd8a34a1359 48f93f9c2c699e19 3cb6b40d377e7ca8 0451447dd64f6284 27bc34b9887bec0d 5430097e23000368 e8b87ed7db1bcb1f 4d954d933e606b70 3e66b4855d0dddbe 74244a8703c03720 3e8e56f639a5db5b
186,0772e3ab293a1f30 7f95168400948588 a76ffccd2f5df1a7 3cb6b40d377e7ca8 f49e13a653cbdad2 09bbaa171c20bae3 4b29fc21f912754d b1dcaca98bb76736 27bc34b9887bec0d f58ff7f1a6cde683 c015590d6a6fe833 0451447dd64f6284 cea18be9a89d7a81 28a2067685cb3e97 da7d3c2d591c4295 0f4c71d341e2d939 25145708d494530b 01b3da54ffb158a0 3b6d27775fce1c7b 172bc0ee09332ae9 b6d0f83aad4e4dc7 964a50d33717c26d 5430097e23000368 8bf446c0455e3c5c 4f2fffd7528de786 48f93f9c2c699e19 77e2f7da1f9d3a8f f25bfcffedaccf28 061f3e1feeaa3094 3e8e56f639a5db5b
187,7f95168400948588 7f29daa16b9b4cda f49e13a653cbdad2 d5952b2e031c4e7e da7d3c2d591c4295 09bbaa171c20bae3 3cb6b40d377e7ca8 172bc0ee09332ae9 27bc34b9887bec0d 9ab90dfc5c9b0b37 25145708d494530b 34a62e66e05f9a44 a76ffccd2f5df1a7 1efd7bd8a34a1359 97d696011258825c 88b62355670ec8f8 4b29fc21f912754d 061f3e1feeaa3094 f58ff7f1a6cde683 01e5a6edcee7deb0 e8684734f2e587bd 01b3da54ffb158a0 4f2fffd7528de786 f25bfcffedaccf28 0772e3ab293a1f30 48f93f9c2c699e19 1c3b74a02a86467d 60a070db9f1869b5 40583079f57235a6 a18df74d3a16e9c0
188,f58ff7f1a6cde683 a292248bb2bffb3d 7f95168400948588 40583079f57235a6 33856365c271aea4 f49e13a653cbdad2 a04d6febd82a4389 ae77487a89f2610c b6d0f83aad4e4dc7 2a06f5614060e3b6 095bb1b6ecbd0a50 a813c15b46ceaf68 bed3e73d52011f68 1efd7bd8a34a1359 74244a8703c03720 ce2fe99a7cda4a17 34a62e66e05f9a44 f705b637f624147e 7b81f1f2b6ec2e5f 0772e3ab293a1f30 09bbaa171c20bae3 d5952b2e031c4e7e b3e75fdca5ca2f1a e7cad3748e50b0f8 061f3e1feeaa3094 44d324ebd3e22ad7 8dc313a2cf9da354 e14a893f1918277e da7d3c2d591c4295 8d58da0e1800dc96
189,26f72a4eb15ea8c0 4c0eee2c1a5e76e2 7f95168400948588 43c354dbf952caaa ae77487a89f2610c 5430097e23000368 6461a9faa871b3ac 061f3e1feeaa3094 095bb1b6ecbd0a50 a292248bb2bffb3d 09bbaa171c20bae3 2bafd15871caae91 74244a8703c03720 f49e13a653cbdad2 f58ff7f1a6cde683 f9c6286cff30aaa8 4f2fffd7528de786 fc21db75b354a917 3cb6b40d377e7ca8 bd9cd6b87a4fe0ce 37001ade0df85823 db0e648651f4c92b 88b62355670ec8f8 da7d3c2d591c4295 d5952b2e031c4e7e 00d9f8d3f7d412b3 2e44fbb8bc3d8d71 7d83ffe83f61bdc4 2a06f5614060e3b6 49b5678e0d1e5bcd
190,9b2adcf4041227d7 9f27aa36c1ea793c 8df3f13d6af34cb3 d6ed7e4b14c51296 da904d2a54ff8cf2 5430097e23000368 d72363ddd958d906 83f8aca6ee2caabc db0e648651f4c92b 7d83ffe83f61bdc4 c05f45f86d0771d5 453bc79164d57a01 cec2eea2a1fe566a 26f72a4eb15ea8c0 9d5edf3b993fee50 2b48ab08c915c0ad 4483bbdd3241f11a 0b774cf90856c4da af8e70f978cd5aee f05fa5f57dc03e81 2bafd15871caae91 5bf89d11a25121d9 50ba507a268872e1 6461a9faa871b3ac 7e4a4a1300b77a06 628accd9be98503c 00d9f8d3f7d412b3 ae77487a89f2610c 61ba7707ef6a5a99 5a1149fbcbd37376
191,0772e3ab293a1f30 7f95168400948588 48f93f9c2c699e19 01b3da54ffb158a0 3cb6b40d377e7ca8 f49e13a653cbdad2 3e8e56f639a5db5b 27bc34b9887bec0d a18df74d3a16e9c0 87c5481930cfe126 25145708d494530b f25bfcffedaccf28 8bf446c0455e3c5c 09bbaa171c20bae3 1efd7bd8a34a1359 b1dcaca98bb76736 cc0c9419f8a20603 77e2f7da1f9d3a8f 65ad9c583823162d 2cebd52b41930f0a dc12cc503ac0eddb 061f3e1feeaa3094 03dfe518713e006c ec1b3d7ccd3984d0 455fde214d16d350 01e5a6edcee7deb0 65708d542bd01f39 88b62355670ec8f8 0451447dd64f6284 07d688f5e2142b87
192,7f95168400948588 0772e3ab293a1f30 65ad9c583823162d 3cb6b40d377e7ca8 dc12cc503ac0eddb d63b7f083330247f a84cd36608cb8665 6899956cd6c683f0 8699cc5dd4159b69 feddfcf56818968e d16da1fb61813db9 99e833818ec4bbf2 fb8bd6b95eb4702a 27bc34b9887bec0d 62431fd374eb99fb b1dcaca98bb76736 c1f2e3a76d388944 451e7ba901ad661d 8a5635c748344d47 d216e5458ad70e60 a76ffccd2f5df1a7 4b29fc21f912754d 2bafd15871caae91 25145708d494530b 3e8e56f639a5db5b 72b80b099fd64ec4 6a3919ad9ed8197e f25bfcffedaccf28 cea18be9a89d7a81 19e8f436d4b2fc25
193,0772e3ab293a1f30 7f95168400948588 5430097e23000368 3cb6b40d377e7ca8 48f93f9c2c699e19 f25bfcffedaccf28 cc0c9419f8a20603 005666aa098abe8e 2cebd52b41930f0a 01b3da54ffb158a0 25145708d494530b 5b4c879fc9c316fb c1f2e3a76d388944 27bc34b9887bec0d 03dfe518713e006c f58ff7f1a6cde683 3e8e56f639a5db5b b6d0f83aad4e4dc7 07d688f5e2142b87 2e79d45ba4d1540d 77e2f7da1f9d3a8f 7d83ffe83f61bdc4 db0e648651f4c92b 0add47a043c64d7f e403278468d84383 a18df74d3a16e9c0 e25a1da6ca187350 b1dcaca98bb76736 da7d3c2d591c4295 8bf446c0455e3c5c
194,64907c4568244eb4 5430097e23000368 9b2adcf4041227d7 9f27aa36c1ea793c 8df3f13d6af34cb3 af8e70f978cd5aee d6ed7e4b14c51296 da904d2a54ff8cf2 db0e648651f4c92b 120e745e2961b5d5 7d83ffe83f61bdc4 a84cd36608cb8665 a76ffccd2f5df1a7 0772e3ab293a1f30 00d9f8d3f7d412b3 7f95168400948588 37001ade0df85823 49b5678e0d1e5bcd 4b29fc21f912754d 6461a9faa871b3ac 0f4c71d341e2d939 c015590d6a6fe833 0b774cf90856c4da 0220a434aa8bf029 2b48ab08c915c0ad 9d5edf3b993fee50 3b6d27775fce1c7b 537a55eda51a3f60 27bc34b9887bec0d cea18be9a89d7a81
195,6461a9faa871b3ac bd9cd6b87a4fe0ce 7f95168400948588 ecb768ef6fd223ca 48f93f9c2c699e19 5430097e23000368 f25bfcffedaccf28 25145708d494530b 190ab585fd379f0f 0772e3ab293a1f30 37001ade0df85823 1efd7bd8a34a1359 09bbaa171c20bae3 f49e13a653cbdad2 061f3e1feeaa3094 2bafd15871caae91 3cb6b40d377e7ca8 f58ff7f1a6cde683 7d83ffe83f61bdc4 27bc34b9887bec0d db0e648651f4c92b af8e70f978cd5aee 3e8e56f639a5db5b b6d0f83aad4e4dc7 5bf89d11a25121d9 0220a434aa8bf029 9b2adcf4041227d7 a18df74d3a16e9c0 00d9f8d3f7d412b3 0c2eeab1e4ce1db8
196,83f8aca6ee2caabc d72363ddd958d906 2bafd15871caae91 9b2adcf4041227d7 453bc79164d57a01 9f27aa36c1ea793c 8df3f13d6af34cb3 cc861214a89ef1f4 d6ed7e4b14c51296 da904d2a54ff8cf2 0c2eeab1e4ce1db8 42c9b72cc77dcb28 f05fa5f57dc03e81 2b48ab08c915c0ad 9d5edf3b993fee50 5430097e23000368 fc8971756f9ec194 f28fb3d9880c5d4c 059bbdbdb843af6a c810ac016901e8ac 50ba507a268872e1 2e44fbb8bc3d8d71 26f72a4eb15ea8c0 fab14d178b24a67f cec2eea2a1fe566a af8e70f978cd5aee 00958a140c3a6de8 c05f45f86d0771d5 cba7e22bb383083a f9c6286cff30aaa8
197,5430097e23000368 7b81f1f2b6ec2e5f af8e70f978cd5aee b8e2f75014710ced 44d324ebd3e22ad7 da904d2a54ff8cf2 d6ed7e4b14c51296 8df3f13d6af34cb3 9f27aa36c1ea793c 976baf0e84752a68 e7828f0ea9749505 52e459a551d4ac2d 00d9f8d3f7d412b3 bbbd5d2fd957e8f7 65254e0d209fd66e ee3ed9a3f51336cd b0b5e62a93a2c37c 36d33c41812ce7dc 6e1b6b53c9710940 7f95168400948588 5057551fc55e9ed2 a1314cd417504572 c05f45f86d0771d5 a677c3a76055a6d2 387e9cd2e5d4ea7d e5fb8dc5c9cb4a19 005666aa098abe8e b3e75fdca5ca2f1a 238ec735a13a3f09 4483bbdd3241f11a
198,34a62e66e05f9a44 7f95168400948588 27bc34b9887bec0d c015590d6a6fe833 a76ffccd2f5df1a7 4b29fc21f912754d 3cb6b40d377e7ca8 01b3da54ffb158a0 172bc0ee09332ae9 0f4c71d341e2d939 28a2067685cb3e97 09bbaa171c20bae3 3b6d27775fce1c7b 48f93f9c2c699e19 f49e13a653cbdad2 0772e3ab293a1f30 88b62355670ec8f8 f25bfcffedaccf28 e22c35101e190db9 77e2f7da1f9d3a8f 25145708d494530b cea18be9a89d7a81 ddf332f2b55a2a23 061f3e1feeaa3094 b6e72edcad270be0 62431fd374eb99fb dc12cc503ac0eddb ec1b3d7ccd3984d0 fb2ebcb5335ad2e2 a18df74d3a16e9c0
199,dac29ed8400b50cc c08c3765ac609cc0 05f23e7d05dbf7c2 f58ff7f1a6cde683 4a5ac473c9d176ba 8d58da0e1800dc96 54f55c74d37db3c0 0d0368139e9a647f 5b34da30b93eb123 74244a8703c03720 b6d0f83aad4e4dc7 f705b637f624147e 2359719a0f40ffac 44d324ebd3e22ad7 e7cad3748e50b0f8 e14a893f1918277e 5430097e23000368 095bb1b6ecbd0a50 db0e648651f4c92b 7d83ffe83f61bdc4 9b2adcf4041227d7 6461a9faa871b3ac a04d6febd82a4389 ae77487a89f2610c 2810fb6f81d1711c 2a06f5614060e3b6 0fbd0f422e926816 bed3e73d52011f68 0220a434aa8bf029 49b5678e0d1e5bcd
200,8dedff0a79784abc 3b6d27775fce1c7b 6406fcdb7d87b5dc 28a2067685cb3e97 c015590d6a6fe833 a76ffccd2f5df1a7 285657fcdf89f00d 4d954d933e606b70 0f4c71d341e2d939 a2c35fdf07a13286 4b29fc21f912754d 172bc0ee09332ae9 1efd7bd8a34a1359 4f915ad69e1dca36 7f95168400948588 b6e72edcad270be0 0772e3ab293a1f30 3e66b4855d0dddbe f49e13a653cbdad2 f58ff7f1a6cde683 f48d0fbea7dc2782 cea18be9a89d7a81 62431fd374eb99fb 66ccd03c9e03ac06 07f22a7ad7e4711d 24e582daf6f87158 35488b3b8b781278 5430097e23000368 ddf332f2b55a2a23 7d83ffe83f61bdc4
201,1efd7bd8a34a1359 3e8e56f639a5db5b 7f95168400948588 f49e13a653cbdad2 0772e3ab293a1f30 b6d0f83aad4e4dc7 01b3da54ffb158a0 09bbaa171c20bae3 01e5a6edcee7deb0 27bc34b9887bec0d f58ff7f1a6cde683 db0e648651f4c92b a76ffccd2f5df1a7 25145708d494530b 7d83ffe83f61bdc4 061f3e1feeaa3094 3cb6b40d377e7ca8 88b62355670ec8f8 b3e75fdca5ca2f1a ec1b3d7ccd3984d0 a017f3358d5327aa 77e2f7da1f9d3a8f 5430097e23000368 9b2adcf4041227d7 7b81f1f2b6ec2e5f 07f22a7ad7e4711d b1dcaca98bb76736 855f2f0354e102c7 49b5678e0d1e5bcd da7d3c2d591c4295
202,48f93f9c2c699e19 25145708d494530b 1efd7bd8a34a1359 f49e13a653cbdad2 3cb6b40d377e7ca8 ec1b3d7ccd3984d0 3e8e56f639a5db5b 01e5a6edcee7deb0 a2805ed52b47b8ec 09bbaa171c20bae3 27bc34b9887bec0d 7f95168400948588 061f3e1feeaa3094 0772e3ab293a1f30 01b3da54ffb158a0 3b6d27775fce1c7b d5952b2e031c4e7e 855f2f0354e102c7 e22c35101e190db9 34a62e66e05f9a44 88b62355670ec8f8 77e2f7da1f9d3a8f 172bc0ee09332ae9 1c3b74a02a86467d 0451447dd64f6284 6406fcdb7d87b5dc e8684734f2e587bd 964a50d33717c26d 43b3338423d7386c 0bcaac840d5e66d7
203,5430097e23000368 9b2adcf4041227d7 9f27aa36c1ea793c 8df3f13d6af34cb3 da904d2a54ff8cf2 d6ed7e4b14c51296 d72363ddd958d906 83f8aca6ee2caabc af8e70f978cd5aee 7d83ffe83f61bdc4 db0e648651f4c92b 00d9f8d3f7d412b3 6461a9faa871b3ac 37001ade0df85823 453bc79164d57a01 4483bbdd3241f11a 0220a434aa8bf029 2bafd15871caae91 49b5678e0d1e5bcd 36d33c41812ce7dc 898a4921ab9f4cce f28fb3d9880c5d4c c810ac016901e8ac d64c06baf5ef1c90 cc861214a89ef1f4 9d5edf3b993fee50 2b48ab08c915c0ad 42c9b72cc77dcb28 7e4a4a1300b77a06 cba7e22bb383083a
204,0772e3ab293a1f30 7f95168400948588 27bc34b9887bec0d 3cb6b40d377e7ca8 feddfcf56818968e 03dfe518713e006c b1dcaca98bb76736 8bf446c0455e3c5c 90ecb28f2edb9d43 6a3919ad9ed8197e 2cebd52b41930f0a 2e79d45ba4d1540d 77e2f7da1f9d3a8f 48f93f9c2c699e19 a9223c28b10c131f 07d688f5e2142b87 09bbaa171c20bae3 964a50d33717c26d 01b3da54ffb158a0 a18df74d3a16e9c0 92f42fbd0c38f7fd 96445bec1579ec97 b24820ae14e16a24 0add47a043c64d7f 25145708d494530b c1f2e3a76d388944 7155e5a86136eb02 a76ffccd2f5df1a7 8699cc5dd4159b69 dc12cc503ac0eddb
205,4d954d933e606b70 4b29fc21f912754d 172bc0ee09332ae9 a76ffccd2f5df1a7 6406fcdb7d87b5dc 3b6d27775fce1c7b cea18be9a89d7a81 28a2067685cb3e97 f48d0fbea7dc2782 0f4c71d341e2d939 ddf332f2b55a2a23 b6e72edcad270be0 7f95168400948588 a2c35fdf07a13286 90ecb28f2edb9d43 62431fd374eb99fb 5b4c879fc9c316fb 09bbaa171c20bae3 2e79d45ba4d1540d 0772e3ab293a1f30 c015590d6a6fe833 1efd7bd8a34a1359 9113e9dc940fb287 148ac4a56a18844d 07f22a7ad7e4711d 702d8f1064ab3e30 3e66b4855d0dddbe 3cb6b40d377e7ca8 855f2f0354e102c7 48cf88c17ff38c5e
206,05f23e7d05dbf7c2 0d0368139e9a647f e14a893f1918277e 8d58da0e1800dc96 2359719a0f40ffac 2a06f5614060e3b6 5b34da30b93eb123 bed3e73d52011f68 44d324ebd3e22ad7 54f55c74d37db3c0 a9eef13786610446 005666aa098abe8e dac29ed8400b50cc 74e59c5820900b17 c08c3765ac609cc0 b749972436ac9791 f2234bb7ce0c6f59 f58ff7f1a6cde683 4a5ac473c9d176ba f705b637f624147e 0fbd0f422e926816 e7cad3748e50b0f8 2810fb6f81d1711c b6d0f83aad4e4dc7 65fac1ba1840000f 636224e349e561bf a04d6febd82a4389 095bb1b6ecbd0a50 a292248bb2bffb3d 702d8f1064ab3e30
207,f58ff7f1a6cde683 2bafd15871caae91 b6d0f83aad4e4dc7 8d58da0e1800dc96 5430097e23000368 7f95168400948588 a04d6febd82a4389 af8e70f978cd5aee e5fb8dc5c9cb4a19 351c9da399c2b915 0c2eeab1e4ce1db8 5b34da30b93eb123 6461a9faa871b3ac 0772e3ab293a1f30 bd9cd6b87a4fe0ce 00d9f8d3f7d412b3 01020d1b0821f4c7 b8e2f75014710ced c28bc62802b90f82 09bbaa171c20bae3 4a5ac473c9d176ba da7d3c2d591c4295 cc861214a89ef1f4 b3e75fdca5ca2f1a 36d33c41812ce7dc 42c9b72cc77dcb28 db0e648651f4c92b fab14d178b24a67f bed3e73d52011f68 7d83ffe83f61bdc4
208,6461a9faa871b3ac 9f27aa36c1ea793c 8df3f13d6af34cb3 9b2adcf4041227d7 da904d2a54ff8cf2 d6ed7e4b14c51296 5430097e23000368 af8e70f978cd5aee 0220a434aa8bf029 453bc79164d57a01 7d83ffe83f61bdc4 db0e648651f4c92b 0cd920bad11c716d 00d9f8d3f7d412b3 50ba507a268872e1 37001ade0df85823 83f8aca6ee2caabc d72363ddd958d906 36d33c41812ce7dc bd9cd6b87a4fe0ce 61ba7707ef6a5a99 ee3ed9a3f51336cd 4483bbdd3241f11a 0b774cf90856c4da 2bafd15871caae91 c05f45f86d0771d5 42c9b72cc77dcb28 2b48ab08c915c0ad 9d5edf3b993fee50 49b5678e0d1e5bcd
209,9f3d2ca16f358290 a76ffccd2f5df1a7 4b29fc21f912754d 7f95168400948588 62431fd374eb99fb 0772e3ab293a1f30 172bc0ee09332ae9 90ecb28f2edb9d43 cea18be9a89d7a81 a18df74d3a16e9c0 1efd7bd8a34a1359 c015590d6a6fe833 f25bfcffedaccf28 a2c35fdf07a13286 0f4c71d341e2d939 3b6d27775fce1c7b 28a2067685cb3e97 8bf446c0455e3c5c 27bc34b9887bec0d 09bbaa171c20bae3 3cb6b40d377e7ca8 f48d0fbea7dc2782 6406fcdb7d87b5dc 01b3da54ffb158a0 4d954d933e606b70 25145708d494530b 3e8e56f639a5db5b a9223c28b10c131f e25a1da6ca187350 07d688f5e2142b87
210,7f95168400948588 a76ffccd2f5df1a7 0772e3ab293a1f30 f49e13a653cbdad2 1efd7bd8a34a1359 4b29fc21f912754d 27bc34b9887bec0d 172bc0ee09332ae9 c015590d6a6fe833 09bbaa171c20bae3 3cb6b40d377e7ca8 0f4c71d341e2d939 3e8e56f639a5db5b f58ff7f1a6cde683 b6d0f83aad4e4dc7 3b6d27775fce1c7b 01b3da54ffb158a0 48f93f9c2c699e19 a18df74d3a16e9c0 ec1b3d7ccd3984d0 28a2067685cb3e97 061f3e1feeaa3094 6406fcdb7d87b5dc 25145708d494530b f25bfcffedaccf28 da7d3c2d591c4295 d5952b2e031c4e7e 88b62355670ec8f8 34a62e66e05f9a44 5430097e23000368
211,7f95168400948588 a76ffccd2f5df1a7 1efd7bd8a34a1359 0772e3ab293a1f30 3e8e56f639a5db5b 01b3da54ffb158a0 f49e13a653cbdad2 855f2f0354e102c7 27bc34b9887bec0d 4b29fc21f912754d 3cb6b40d377e7ca8 061f3e1feeaa3094 c015590d6a6fe833 77e2f7da1f9d3a8f a18df74d3a16e9c0 0f4c71d341e2d939 c1f2e3a76d388944 b1dcaca98bb76736 5430097e23000368 f25bfcffedaccf28 172bc0ee09332ae9 09bbaa171c20bae3 ec1b3d7ccd3984d0 b6e72edcad270be0 25145708d494530b 3b6d27775fce1c7b e22c35101e190db9 48f93f9c2c699e19 e8684734f2e587bd e25a1da6ca187350
212,0772e3ab293a1f30 7f95168400948588 3cb6b40d377e7ca8 f58ff7f1a6cde683 27bc34b9887bec0d 8bf446c0455e3c5c 48f93f9c2c699e19 01b3da54ffb158a0 f25bfcffedaccf28 a18df74d3a16e9c0 5430097e23000368 095bb1b6ecbd0a50 25145708d494530b dc12cc503ac0eddb b1dcaca98bb76736 65ad9c583823162d 03dfe518713e006c 09bbaa171c20bae3 c1f2e3a76d388944 77e2f7da1f9d3a8f e8b87ed7db1bcb1f fb2ebcb5335ad2e2 feddfcf56818968e 35488b3b8b781278 e403278468d84383 3ca7964973437917 ec1b3d7ccd3984d0 a04d6febd82a4389 e22c35101e190db9 2cebd52b41930f0a
213,3b6d27775fce1c7b 28a2067685cb3e97 a76ffccd2f5df1a7 4b29fc21f912754d cea18be9a89d7a81 c015590d6a6fe833 4f915ad69e1dca36 62431fd374eb99fb f48d0fbea7dc2782 0f4c71d341e2d939 7f95168400948588 172bc0ee09332ae9 6406fcdb7d87b5dc ddf332f2b55a2a23 4d954d933e606b70 0772e3ab293a1f30 b6e72edcad270be0 f58ff7f1a6cde683 3e66b4855d0dddbe 8dedff0a79784abc 24c47959ea77b15b 285657fcdf89f00d 50cb6a6c60ad711a 52370bea1acd0600 74244a8703c03720 3cb6b40d377e7ca8 3c565c1fc2316d16 c03b11a0cdc3fa39 a2c35fdf07a13286 2bafd15871caae91
214,dac29ed8400b50cc 1efd7bd8a34a1359 f49e13a653cbdad2 0772e3ab293a1f30 01e5a6edcee7deb0 01b3da54ffb158a0 061f3e1feeaa3094 3e8e56f639a5db5b d7d937303a6d5a9d 88b62355670ec8f8 09bbaa171c20bae3 0cd920bad11c716d f58ff7f1a6cde683 34a62e66e05f9a44 1c3b74a02a86467d 9a439fd1abf95245 7f95168400948588 25145708d494530b ec1b3d7ccd3984d0 27bc34b9887bec0d 855f2f0354e102c7 b1dcaca98bb76736 ae77487a89f2610c 77e2f7da1f9d3a8f b6d0f83aad4e4dc7 5430097e23000368 a76ffccd2f5df1a7 3cb6b40d377e7ca8 48f93f9c2c699e19 29968e8fd13539f8
215,0772e3ab293a1f30 7f95168400948588 2cebd52b41930f0a 07d688f5e2142b87 cc0c9419f8a20603 3cb6b40d377e7ca8 25145708d494530b 03dfe518713e006c 5430097e23000368 8bf446c0455e3c5c 7155e5a86136eb02 64c2e323906b42d3 5b4c879fc9c316fb e403278468d84383 a9223c28b10c131f 455fde214d16d350 a2805ed52b47b8ec 27bc34b9887bec0d 5570ef88d970e9b4 061f3e1feeaa3094 73391e0853c1e040 b1dcaca98bb76736 f58ff7f1a6cde683 0bcaac840d5e66d7 dc12cc503ac0eddb b0bfe0f426275870 de35d2410e916471 01b3da54ffb158a0 2e79d45ba4d1540d 5048a37f10cf2d91
216,7f95168400948588 0772e3ab293a1f30 07d688f5e2142b87 4dba7ce835494a63 a76ffccd2f5df1a7 01b3da54ffb158a0 0683b6a78f54be75 1efd7bd8a34a1359 148ac4a56a18844d f49e13a653cbdad2 3cb6b40d377e7ca8 3b6d27775fce1c7b fb2ebcb5335ad2e2 a18df74d3a16e9c0 f25bfcffedaccf28 48f93f9c2c699e19 c1f2e3a76d388944 25145708d494530b cc0c9419f8a20603 ad06e9eeea8eb4ea 2cebd52b41930f0a ec1b3d7ccd3984d0 8bf446c0455e3c5c 4b29fc21f912754d 5f94b027039f4e48 3e8e56f639a5db5b 27bc34b9887bec0d 061f3e1feeaa3094 28a2067685cb3e97 0add47a043c64d7f
217,2bafd15871caae91 83f8aca6ee2caabc d72363ddd958d906 2e44fbb8bc3d8d71 42c9b72cc77dcb28 0c2eeab1e4ce1db8 27a12f29dceccdbd 74244a8703c03720 c810ac016901e8ac 059bbdbdb843af6a fc8971756f9ec194 351c9da399c2b915 453bc79164d57a01 b7d7d9ae1cbe0d8a f28fb3d9880c5d4c e5fb8dc5c9cb4a19 37001ade0df85823 316382267dcd804f cba7e22bb383083a 9a439fd1abf95245 cc861214a89ef1f4 ae77487a89f2610c f9c6286cff30aaa8 36d33c41812ce7dc 2dd12c230ab22555 c28bc62802b90f82 6461a9faa871b3ac 1efd7bd8a34a1359 3d93a60f990a0a7c 9b2adcf4041227d7
218,0772e3ab293a1f30 f58ff7f1a6cde683 7f95168400948588 095bb1b6ecbd0a50 f49e13a653cbdad2 27bc34b9887bec0d a04d6febd82a4389 3cb6b40d377e7ca8 48f93f9c2c699e19 25145708d494530b a18df74d3a16e9c0 74244a8703c03720 5430097e23000368 3e8e56f639a5db5b b6d0f83aad4e4dc7 8bf446c0455e3c5c f25bfcffedaccf28 40583079f57235a6 7b81f1f2b6ec2e5f d5952b2e031c4e7e bb7515be835dea49 01b3da54ffb158a0 03dfe518713e006c a292248bb2bffb3d 09bbaa171c20bae3 f705b637f624147e b1dcaca98bb76736 97d696011258825c 88b62355670ec8f8 e8684734f2e587bd
219,2e44fbb8bc3d8d71 351c9da399c2b915 0c2eeab1e4ce1db8 42c9b72cc77dcb28 26fc2a95df5659c2 e5fb8dc5c9cb4a19 fc8971756f9ec194 39f6296778264878 37001ade0df85823 a677c3a76055a6d2 316382267dcd804f 2bafd15871caae91 74244a8703c03720 b8e2f75014710ced 2dd12c230ab22555 f28fb3d9880c5d4c 36d33c41812ce7dc fc21db75b354a917 453bc79164d57a01 059bbdbdb843af6a d92c0298f76ccf77 cc861214a89ef1f4 fab14d178b24a67f 9c9a9d45c2ea7ddf c28bc62802b90f82 5570ef88d970e9b4 b3e75fdca5ca2f1a c03b11a0cdc3fa39 d72363ddd958d906 83f8aca6ee2caabc
220,0772e3ab293a1f30 a18df74d3a16e9c0 7f95168400948588 8bf446c0455e3c5c 5430097e23000368 07d688f5e2142b87 f25bfcffedaccf28 f58ff7f1a6cde683 a9223c28b10c131f 3b6d27775fce1c7b 3e8e56f639a5db5b a76ffccd2f5df1a7 01b3da54ffb158a0 6899956cd6c683f0 c015590d6a6fe833 27bc34b9887bec0d 65ad9c583823162d 0220a434aa8bf029 83f8f2fc471cad74 7d83ffe83f61bdc4 28a2067685cb3e97 cea18be9a89d7a81 3cb6b40d377e7ca8 2cebd52b41930f0a 538c7bb968b2154c feddfcf56818968e cc0c9419f8a20603 4b29fc21f912754d 3ca7964973437917 dc12cc503ac0eddb
221,7c9248ed6224aa26 537a55eda51a3f60 190ab585fd379f0f fc8971756f9ec194 a84cd36608cb8665 64907c4568244eb4 d72363ddd958d906 83f8aca6ee2caabc 50ba507a268872e1 2bafd15871caae91 453bc79164d57a01 120e745e2961b5d5 9b2adcf4041227d7 37001ade0df85823 4483bbdd3241f11a ae77487a89f2610c 7e4a4a1300b77a06 0cd920bad11c716d 5430097e23000368 0c2eeab1e4ce1db8 6461a9faa871b3ac db0e648651f4c92b 8df3f13d6af34cb3 00d9f8d3f7d412b3 9f27aa36c1ea793c fd30682593995748 42c9b72cc77dcb28 7d83ffe83f61bdc4 0b774cf90856c4da af8e70f978cd5aee
222,f58ff7f1a6cde683 b6d0f83aad4e4dc7 f49e13a653cbdad2 1efd7bd8a34a1359 01020d1b0821f4c7 0772e3ab293a1f30 09bbaa171c20bae3 7f95168400948588 d5952b2e031c4e7e ae77487a89f2610c 5430097e23000368 01e5a6edcee7deb0 3e8e56f639a5db5b 061f3e1feeaa3094 abf90e759d208468 a76ffccd2f5df1a7 da7d3c2d591c4295 db0e648651f4c92b 34a62e66e05f9a44 f9c6286cff30aaa8 88b62355670ec8f8 b1dcaca98bb76736 74244a8703c03720 4f2fffd7528de786 01b3da54ffb158a0 7d83ffe83f61bdc4 60a070db9f1869b5 0220a434aa8bf029 27bc34b9887bec0d 6406fcdb7d87b5dc
223,5430097e23000368 0772e3ab293a1f30 4b29fc21f912754d db0e648651f4c92b 7d83ffe83f61bdc4 af8e70f978cd5aee a76ffccd2f5df1a7 f58ff7f1a6cde683 9b2adcf4041227d7 0451447dd64f6284 09bbaa171c20bae3 0220a434aa8bf029 cea18be9a89d7a81 3b6d27775fce1c7b 172bc0ee09332ae9 0f4c71d341e2d939 3cb6b40d377e7ca8 49b5678e0d1e5bcd c015590d6a6fe833 36d33c41812ce7dc da904d2a54ff8cf2 d6ed7e4b14c51296 25145708d494530b 48f93f9c2c699e19 00d9f8d3f7d412b3 6461a9faa871b3ac 061f3e1feeaa3094 28a2067685cb3e97 8df3f13d6af34cb3 9f27aa36c1ea793c
224,d63b7f083330247f 8a5635c748344d47 0772e3ab293a1f30 7f95168400948588 ca43e349133fc0e3 d216e5458ad70e60 a18df74d3a16e9c0 62431fd374eb99fb fb8bd6b95eb4702a 48f93f9c2c699e19 8bf446c0455e3c5c 3b6d27775fce1c7b 4f915ad69e1dca36 3cb6b40d377e7ca8 07d688f5e2142b87 4b29fc21f912754d cea18be9a89d7a81 19e8f436d4b2fc25 f25bfcffedaccf28 28a2067685cb3e97 6899956cd6c683f0 65ad9c583823162d b05b5f6850cfa158 dc12cc503ac0eddb c1f2e3a76d388944 cc0c9419f8a20603 25145708d494530b ad06e9eeea8eb4ea 65708d542bd01f39 8699cc5dd4159b69
225,6461a9faa871b3ac cc861214a89ef1f4 af8e70f978cd5aee bd9cd6b87a4fe0ce 4105533fe46dfba9 fab14d178b24a67f 059bbdbdb843af6a 37001ade0df85823 ae77487a89f2610c 09bbaa171c20bae3 5430097e23000368 d72363ddd958d906 83f8aca6ee2caabc 0c2eeab1e4ce1db8 9b2adcf4041227d7 2bafd15871caae91 07f22a7ad7e4711d 4483bbdd3241f11a 88b62355670ec8f8 01e5a6edcee7deb0 b3e75fdca5ca2f1a d5952b2e031c4e7e db0e648651f4c92b 7d83ffe83f61bdc4 4b8c7061102517ef 7e4a4a1300b77a06 061f3e1feeaa3094 976baf0e84752a68 ecb768ef6fd223ca 34a62e66e05f9a44
226,7f95168400948588 0772e3ab293a1f30 f49e13a653cbdad2 3e8e56f639a5db5b 1efd7bd8a34a1359 25145708d494530b 01e5a6edcee7deb0 09bbaa171c20bae3 01b3da54ffb158a0 27bc34b9887bec0d 8bf446c0455e3c5c 3cb6b40d377e7ca8 d5952b2e031c4e7e 061f3e1feeaa3094 b3e75fdca5ca2f1a a18df74d3a16e9c0 48f93f9c2c699e19 f25bfcffedaccf28 fb2ebcb5335ad2e2 ec1b3d7ccd3984d0 b1dcaca98bb76736 5430097e23000368 a04d6febd82a4389 0451447dd64f6284 97d696011258825c da7d3c2d591c4295 f58ff7f1a6cde683 c28bc62802b90f82 03dfe518713e006c b6d0f83aad4e4dc7
227,f49e13a653cbdad2 1efd7bd8a34a1359 172bc0ee09332ae9 01e5a6edcee7deb0 061f3e1feeaa3094 3e8e56f639a5db5b 7f95168400948588 88b62355670ec8f8 0772e3ab293a1f30 25145708d494530b a76ffccd2f5df1a7 09bbaa171c20bae3 48f93f9c2c699e19 4b29fc21f912754d 28a2067685cb3e97 34a62e66e05f9a44 6406fcdb7d87b5dc 3b6d27775fce1c7b 01b3da54ffb158a0 1c3b74a02a86467d 3e66b4855d0dddbe a2c35fdf07a13286 c015590d6a6fe833 ec1b3d7ccd3984d0 3cb6b40d377e7ca8 29968e8fd13539f8 d7d937303a6d5a9d 27bc34b9887bec0d 77e2f7da1f9d3a8f 0f4c71d341e2d939
228,4b29fc21f912754d 28a2067685cb3e97 62431fd374eb99fb 3b6d27775fce1c7b 172bc0ee09332ae9 cea18be9a89d7a81 a76ffccd2f5df1a7 3cb6b40d377e7ca8 ddf332f2b55a2a23 7f95168400948588 5b4c879fc9c316fb 77e2f7da1f9d3a8f f48d0fbea7dc2782 c015590d6a6fe833 b6d0f83aad4e4dc7 3c565c1fc2316d16 90ecb28f2edb9d43 4f915ad69e1dca36 4d7653ea9499eed4 f25bfcffedaccf28 0f4c71d341e2d939 70ebf53ced736fa4 cc0c9419f8a20603 48f93f9c2c699e19 c1f2e3a76d388944 fb2ebcb5335ad2e2 6406fcdb7d87b5dc 27bc34b9887bec0d 0772e3ab293a1f30 2e79d45ba4d1540d
229,b1e47da7659b675c 1efd7bd8a34a1359 7f95168400948588 3e8e56f639a5db5b 3cb6b40d377e7ca8 d72363ddd958d906 83f8aca6ee2caabc c28bc62802b90f82 0772e3ab293a1f30 a76ffccd2f5df1a7 2cebd52b41930f0a 6406fcdb7d87b5dc 4b29fc21f912754d 35488b3b8b781278 25145708d494530b cea18be9a89d7a81 0683b6a78f54be75 27bc34b9887bec0d f25bfcffedaccf28 01e5a6edcee7deb0 3b6d27775fce1c7b fb2ebcb5335ad2e2 5b4c879fc9c316fb f48d0fbea7dc2782 9b2adcf4041227d7 ec1b3d7ccd3984d0 a18df74d3a16e9c0 855f2f0354e102c7 148ac4a56a18844d 28a2067685cb3e97
230,0c2eeab1e4ce1db8 74244a8703c03720 f58ff7f1a6cde683 1efd7bd8a34a1359 2bafd15871caae91 2e44fbb8bc3d8d71 f49e13a653cbdad2 7f95168400948588 ae77487a89f2610c a76ffccd2f5df1a7 b6d0f83aad4e4dc7 9b2adcf4041227d7 40583079f57235a6 351c9da399c2b915 37001ade0df85823 095bb1b6ecbd0a50 172bc0ee09332ae9 b3e75fdca5ca2f1a db0e648651f4c92b 7d83ffe83f61bdc4 3e8e56f639a5db5b 061f3e1feeaa3094 855f2f0354e102c7 d72363ddd958d906 83f8aca6ee2caabc 5430097e23000368 d5952b2e031c4e7e 01e5a6edcee7deb0 f705b637f624147e 09bbaa171c20bae3
231,7f95168400948588 f49e13a653cbdad2 d5952b2e031c4e7e 09bbaa171c20bae3 1efd7bd8a34a1359 da7d3c2d591c4295 0772e3ab293a1f30 27bc34b9887bec0d 88b62355670ec8f8 3cb6b40d377e7ca8 97d696011258825c 061f3e1feeaa3094 4f2fffd7528de786 34a62e66e05f9a44 01b3da54ffb158a0 60a070db9f1869b5 83b911ff0ff45844 e8684734f2e587bd a2805ed52b47b8ec 07f22a7ad7e4711d 01e5a6edcee7deb0 b1dcaca98bb76736 1c3b74a02a86467d b6e646c13d0753ae a18df74d3a16e9c0 8bf446c0455e3c5c 25145708d494530b f25bfcffedaccf28 77e2f7da1f9d3a8f 48f93f9c2c699e19
232,af8e70f978cd5aee dac29ed8400b50cc cc861214a89ef1f4 fab14d178b24a67f 4a5ac473c9d176ba f58ff7f1a6cde683 5430097e23000368 059bbdbdb843af6a 54f55c74d37db3c0 f49e13a653cbdad2 c08c3765ac609cc0 2e44fbb8bc3d8d71 05f23e7d05dbf7c2 fc8971756f9ec194 2810fb6f81d1711c ae77487a89f2610c 7f95168400948588 0d0368139e9a647f 2bafd15871caae91 8d58da0e1800dc96 4b8c7061102517ef 44d324ebd3e22ad7 01e5a6edcee7deb0 4105533fe46dfba9 00d9f8d3f7d412b3 d5952b2e031c4e7e 09bbaa171c20bae3 2a06f5614060e3b6 a292248bb2bffb3d 37001ade0df85823
233,7f95168400948588 0772e3ab293a1f30 fb2ebcb5335ad2e2 3cb6b40d377e7ca8 27bc34b9887bec0d 09bbaa171c20bae3 25145708d494530b 01b3da54ffb158a0 b1dcaca98bb76736 5430097e23000368 a0b1f4dd32f3e278 d16da1fb61813db9 da7d3c2d591c4295 48f93f9c2c699e19 061f3e1feeaa3094 b1e47da7659b675c 3e8e56f639a5db5b 03dfe518713e006c 2cebd52b41930f0a f25bfcffedaccf28 0451447dd64f6284 6a3919ad9ed8197e 77e2f7da1f9d3a8f 855f2f0354e102c7 8bf446c0455e3c5c d5952b2e031c4e7e ec1b3d7ccd3984d0 5b4c879fc9c316fb f49e13a653cbdad2 b24820ae14e16a24
234,26f72a4eb15ea8c0 4c0eee2c1a5e76e2 5430097e23000368 9f27aa36c1ea793c 8df3f13d6af34cb3 d6ed7e4b14c51296 da904d2a54ff8cf2 9b2adcf4041227d7 0cd920bad11c716d 50ba507a268872e1 dac29ed8400b50cc 2b48ab08c915c0ad 9d5edf3b993fee50 af8e70f978cd5aee 7d83ffe83f61bdc4 db0e648651f4c92b d72363ddd958d906 83f8aca6ee2caabc 00d9f8d3f7d412b3 37001ade0df85823 453bc79164d57a01 6461a9faa871b3ac 0b774cf90856c4da 2bafd15871caae91 7f95168400948588 f05fa5f57dc03e81 09bbaa171c20bae3 4483bbdd3241f11a 5a1149fbcbd37376 0897dcfae16e280f
235,7f95168400948588 1efd7bd8a34a1359 0772e3ab293a1f30 cc0c9419f8a20603 f25bfcffedaccf28 2cebd52b41930f0a 3cb6b40d377e7ca8 f49e13a653cbdad2 a76ffccd2f5df1a7 01b3da54ffb158a0 3e8e56f639a5db5b 855f2f0354e102c7 b1e47da7659b675c 07d688f5e2142b87 061f3e1feeaa3094 27bc34b9887bec0d 25145708d494530b 0451447dd64f6284 a18df74d3a16e9c0 48f93f9c2c699e19 01e5a6edcee7deb0 da7d3c2d591c4295 43c354dbf952caaa ec1b3d7ccd3984d0 4d9214c0925e5af8 92f42fbd0c38f7fd b1dcaca98bb76736 77e2f7da1f9d3a8f c1f2e3a76d388944 88b62355670ec8f8
236,f49e13a653cbdad2 1efd7bd8a34a1359 6406fcdb7d87b5dc 3e8e56f639a5db5b b6d0f83aad4e4dc7 db0e648651f4c92b 25145708d494530b 5b4c879fc9c316fb 48f93f9c2c699e19 7f95168400948588 a18df74d3a16e9c0 97d696011258825c 7d83ffe83f61bdc4 404031ab9d5977c4 f58ff7f1a6cde683 74244a8703c03720 01e5a6edcee7deb0 ae77487a89f2610c 061f3e1feeaa3094 3cb6b40d377e7ca8 4b29fc21f912754d 0683b6a78f54be75 172bc0ee09332ae9 0451447dd64f6284 fb2ebcb5335ad2e2 0bcaac840d5e66d7 09bbaa171c20bae3 781f4d0147aef776 07f22a7ad7e4711d 88b62355670ec8f8
237,7f95168400948588 3cb6b40d377e7ca8 0772e3ab293a1f30 09bbaa171c20bae3 27bc34b9887bec0d 25145708d494530b 2cebd52b41930f0a 03dfe518713e006c da7d3c2d591c4295 01b3da54ffb158a0 061f3e1feeaa3094 b1dcaca98bb76736 cc0c9419f8a20603 48f93f9c2c699e19 8bf446c0455e3c5c 3e8e56f639a5db5b c1f2e3a76d388944 f58ff7f1a6cde683 5430097e23000368 d5952b2e031c4e7e 07d688f5e2142b87 7155e5a86136eb02 77e2f7da1f9d3a8f 92f42fbd0c38f7fd f49e13a653cbdad2 4f2fffd7528de786 60a070db9f1869b5 f25bfcffedaccf28 855f2f0354e102c7 fb2ebcb5335ad2e2
238,5430097e23000368 2bafd15871caae91 36d33c41812ce7dc af8e70f978cd5aee d72363ddd958d906 83f8aca6ee2caabc 00d9f8d3f7d412b3 2e44fbb8bc3d8d71 8df3f13d6af34cb3 9f27aa36c1ea793c 898a4921ab9f4cce da904d2a54ff8cf2 d6ed7e4b14c51296 f58ff7f1a6cde683 db0e648651f4c92b 453bc79164d57a01 7d83ffe83f61bdc4 9b2adcf4041227d7 6461a9faa871b3ac 42c9b72cc77dcb28 351c9da399c2b915 74244a8703c03720 f28fb3d9880c5d4c 0220a434aa8bf029 37001ade0df85823 cc861214a89ef1f4 c810ac016901e8ac 095bb1b6ecbd0a50 d64c06baf5ef1c90 49b5678e0d1e5bcd
239,7f95168400948588 dc12cc503ac0eddb 0772e3ab293a1f30 65ad9c583823162d 3cb6b40d377e7ca8 6899956cd6c683f0 8699cc5dd4159b69 27bc34b9887bec0d d63b7f083330247f 01b3da54ffb158a0 feddfcf56818968e 99e833818ec4bbf2 da7d3c2d591c4295 d216e5458ad70e60 b1dcaca98bb76736 8bf446c0455e3c5c 3e8e56f639a5db5b 65708d542bd01f39 4fe9e4e55585ba4b fb8bd6b95eb4702a c1f2e3a76d388944 6a3919ad9ed8197e f25bfcffedaccf28 25145708d494530b a65e30106ea50423 19e8f436d4b2fc25 8a5635c748344d47 72b80b099fd64ec4 377c1150c781e37a 2cebd52b41930f0a
240,2bafd15871caae91 7f95168400948588 2e44fbb8bc3d8d71 0c2eeab1e4ce1db8 83f8aca6ee2caabc d72363ddd958d906 42c9b72cc77dcb28 0772e3ab293a1f30 cc861214a89ef1f4 74244a8703c03720 fab14d178b24a67f 898a4921ab9f4cce 3cb6b40d377e7ca8 351c9da399c2b915 cba7e22bb383083a 5430097e23000368 b8e2f75014710ced f28fb3d9880c5d4c fc8971756f9ec194 059bbdbdb843af6a d16da1fb61813db9 f25bfcffedaccf28 36d33c41812ce7dc 316382267dcd804f 27bc34b9887bec0d 09bbaa171c20bae3 25145708d494530b a18df74d3a16e9c0 c810ac016901e8ac 48f93f9c2c699e19
241,af8e70f978cd5aee cc861214a89ef1f4 fab14d178b24a67f 42c9b72cc77dcb28 d72363ddd958d906 83f8aca6ee2caabc 5430097e23000368 2bafd15871caae91 f28fb3d9880c5d4c 00d9f8d3f7d412b3 059bbdbdb843af6a 453bc79164d57a01 fc8971756f9ec194 8df3f13d6af34cb3 9f27aa36c1ea793c d6ed7e4b14c51296 da904d2a54ff8cf2 36d33c41812ce7dc 9b2adcf4041227d7 37001ade0df85823 db0e648651f4c92b 0c2eeab1e4ce1db8 7d83ffe83f61bdc4 cba7e22bb383083a 2e44fbb8bc3d8d71 c810ac016901e8ac d64c06baf5ef1c90 4105533fe46dfba9 6461a9faa871b3ac 0772e3ab293a1f30
242,172bc0ee09332ae9 09bbaa171c20bae3 a76ffccd2f5df1a7 a2c35fdf07a13286 4b29fc21f912754d 34a62e66e05f9a44 27bc34b9887bec0d ced9c56f2be86774 3cb6b40d377e7ca8 f49e13a653cbdad2 0f4c71d341e2d939 25145708d494530b b24820ae14e16a24 3e66b4855d0dddbe 964a50d33717c26d 1efd7bd8a34a1359 855f2f0354e102c7 7f95168400948588 4f2fffd7528de786 77e2f7da1f9d3a8f 48f93f9c2c699e19 0bcaac840d5e66d7 07f22a7ad7e4711d 6406fcdb7d87b5dc 781f4d0147aef776 ec1b3d7ccd3984d0 c015590d6a6fe833 b1dcaca98bb76736 66ccd03c9e03ac06 061f3e1feeaa3094
243,0772e3ab293a1f30 da7d3c2d591c4295 7f95168400948588 1efd7bd8a34a1359 a76ffccd2f5df1a7 09bbaa171c20bae3 d5952b2e031c4e7e f49e13a653cbdad2 172bc0ee09332ae9 061f3e1feeaa3094 a2c35fdf07a13286 4b29fc21f912754d 60a070db9f1869b5 4f2fffd7528de786 8bf446c0455e3c5c 83b911ff0ff45844 3e8e56f639a5db5b e8684734f2e587bd e25a1da6ca187350 07f22a7ad7e4711d 0f4c71d341e2d939 3cb6b40d377e7ca8 c015590d6a6fe833 27bc34b9887bec0d 1c3b74a02a86467d 28a2067685cb3e97 88b62355670ec8f8 a18df74d3a16e9c0 25145708d494530b ca4de5b8a7bda9df
244,37001ade0df85823 f28fb3d9880c5d4c 5430097e23000368 42c9b72cc77dcb28 af8e70f978cd5aee 2bafd15871caae91 8df3f13d6af34cb3 00d9f8d3f7d412b3 9f27aa36c1ea793c d6ed7e4b14c51296 da904d2a54ff8cf2 0c2eeab1e4ce1db8 9b2adcf4041227d7 36d33c41812ce7dc db0e648651f4c92b 7d83ffe83f61bdc4 4483bbdd3241f11a 453bc79164d57a01 6461a9faa871b3ac cc861214a89ef1f4 83f8aca6ee2caabc d72363ddd958d906 0220a434aa8bf029 d64c06baf5ef1c90 898a4921ab9f4cce 3d93a60f990a0a7c c810ac016901e8ac 49b5678e0d1e5bcd 2e44fbb8bc3d8d71 351c9da399c2b915
245,07d688f5e2142b87 2e79d45ba4d1540d 4bed80e56ea2e099 0772e3ab293a1f30 cc0c9419f8a20603 7f95168400948588 2e4b00c01d58e79e 2cebd52b41930f0a 3cb6b40d377e7ca8 5b4c879fc9c316fb a18df74d3a16e9c0 90ecb28f2edb9d43 a2805ed52b47b8ec 0add47a043c64d7f ad06e9eeea8eb4ea 48f93f9c2c699e19 25145708d494530b 03dfe518713e006c 97d696011258825c 4577ae048ef1967d f25bfcffedaccf28 0bcaac840d5e66d7 ba5199dba342af68 8bf446c0455e3c5c 538c7bb968b2154c 27bc34b9887bec0d 1efd7bd8a34a1359 e8b87ed7db1bcb1f d5952b2e031c4e7e e403278468d84383
246,1efd7bd8a34a1359 01b3da54ffb158a0 d5952b2e031c4e7e f58ff7f1a6cde683 f49e13a653cbdad2 7f95168400948588 da7d3c2d591c4295 e8684734f2e587bd 60a070db9f1869b5 40583079f57235a6 88b62355670ec8f8 ae77487a89f2610c b6d0f83aad4e4dc7 3e8e56f639a5db5b 7b81f1f2b6ec2e5f 061f3e1feeaa3094 09bbaa171c20bae3 83b911ff0ff45844 095bb1b6ecbd0a50 1dc7139adba034ec 07f22a7ad7e4711d 1d12acf7349196b0 a292248bb2bffb3d 01e5a6edcee7deb0 97d696011258825c 0772e3ab293a1f30 a18df74d3a16e9c0 1c3b74a02a86467d a04d6febd82a4389 0451447dd64f6284
247,a76ffccd2f5df1a7 1efd7bd8a34a1359 f49e13a653cbdad2 6406fcdb7d87b5dc 01e5a6edcee7deb0 3e8e56f639a5db5b 3b6d27775fce1c7b 7f95168400948588 4b29fc21f912754d 172bc0ee09332ae9 0f4c71d341e2d939 c015590d6a6fe833 09bbaa171c20bae3 0772e3ab293a1f30 3e66b4855d0dddbe 28a2067685cb3e97 b6d0f83aad4e4dc7 6cb9ab508a0678a0 316382267dcd804f 2e44fbb8bc3d8d71 061f3e1feeaa3094 d5952b2e031c4e7e 25145708d494530b 2bafd15871caae91 f9c6286cff30aaa8 88b62355670ec8f8 9a439fd1abf95245 0c2eeab1e4ce1db8 5430097e23000368 a2c35fdf07a13286
248,e1460af4a7044067 25145708d494530b 48f93f9c2c699e19 061f3e1feeaa3094 f25bfcffedaccf28 0451447dd64f6284 1efd7bd8a34a1359 0683b6a78f54be75 09bbaa171c20bae3 7f95168400948588 3cb6b40d377e7ca8 0bcaac840d5e66d7 52aa48c07b34dc88 3e8e56f639a5db5b fb2ebcb5335ad2e2 5b4c879fc9c316fb 4f2fffd7528de786 148ac4a56a18844d 855f2f0354e102c7 70ebf53ced736fa4 90ecb28f2edb9d43 9113e9dc940fb287 1c3b74a02a86467d ce0f56b7190c268a 0772e3ab293a1f30 e8684734f2e587bd 07f22a7ad7e4711d 666bdff4faa513ca cc0c9419f8a20603 538c7bb968b2154c
249,f58ff7f1a6cde683 b6d0f83aad4e4dc7 1efd7bd8a34a1359 7f95168400948588 5430097e23000368 f49e13a653cbdad2 db0e648651f4c92b 7d83ffe83f61bdc4 9b2adcf4041227d7 0220a434aa8bf029 74244a8703c03720 7b81f1f2b6ec2e5f 6406fcdb7d87b5dc 09bbaa171c20bae3 a76ffccd2f5df1a7 3e8e56f639a5db5b 095bb1b6ecbd0a50 061f3e1feeaa3094 0772e3ab293a1f30 37001ade0df85823 ae77487a89f2610c a04d6febd82a4389 27bc34b9887bec0d b3e75fdca5ca2f1a 49b5678e0d1e5bcd af8e70f978cd5aee da7d3c2d591c4295 40583079f57235a6 01b3da54ffb158a0 6461a9faa871b3ac
250,0772e3ab293a1f30 a76ffccd2f5df1a7 f58ff7f1a6cde683 4b29fc21f912754d f49e13a653cbdad2 172bc0ee09332ae9 c015590d6a6fe833 7f95168400948588 3b6d27775fce1c7b 0f4c71d341e2d939 25145708d494530b 1efd7bd8a34a1359 3cb6b40d377e7ca8 09bbaa171c20bae3 b1dcaca98bb76736 28a2067685cb3e97 061f3e1feeaa3094 a2c35fdf07a13286 095bb1b6ecbd0a50 8bf446c0455e3c5c 48f93f9c2c699e19 3e8e56f639a5db5b 27bc34b9887bec0d 3e66b4855d0dddbe d5952b2e031c4e7e cea18be9a89d7a81 88b62355670ec8f8 6406fcdb7d87b5dc 01b3da54ffb158a0 fb2ebcb5335ad2e2
251,01b3da54ffb158a0 7f95168400948588 b1dcaca98bb76736 27bc34b9887bec0d 09bbaa171c20bae3 3cb6b40d377e7ca8 f49e13a653cbdad2 01e5a6edcee7deb0 964a50d33717c26d 0772e3ab293a1f30 77e2f7da1f9d3a8f 25145708d494530b 061f3e1feeaa3094 da7d3c2d591c4295 d5952b2e031c4e7e 781f4d0147aef776 e22c35101e190db9 48f93f9c2c699e19 3e8e56f639a5db5b 88b62355670ec8f8 4f2fffd7528de786 d7d937303a6d5a9d 855f2f0354e102c7 1efd7bd8a34a1359 ec1b3d7ccd3984d0 f25bfcffedaccf28 60a070db9f1869b5 03dfe518713e006c 34a62e66e05f9a44 1d12acf7349196b0
252,1efd7bd8a34a1359 a2c35fdf07a13286 09bbaa171c20bae3 88b62355670ec8f8 061f3e1feeaa3094 d7d937303a6d5a9d 1c3b74a02a86467d 07f22a7ad7e4711d 4f2fffd7528de786 da7d3c2d591c4295 3e66b4855d0dddbe 7f95168400948588 83b911ff0ff45844 25145708d494530b 01e5a6edcee7deb0 3e8e56f639a5db5b e8684734f2e587bd d5952b2e031c4e7e 34a62e66e05f9a44 172bc0ee09332ae9 b6d0f83aad4e4dc7 60a070db9f1869b5 f49e13a653cbdad2 a76ffccd2f5df1a7 855f2f0354e102c7 a2805ed52b47b8ec b1dcaca98bb76736 0772e3ab293a1f30 01b3da54ffb158a0 1d72229ebcc00faf
253,1efd7bd8a34a1359 f49e13a653cbdad2 77e2f7da1f9d3a8f a76ffccd2f5df1a7 88b62355670ec8f8 7f95168400948588 01b3da54ffb158a0 855f2f0354e102c7 29968e8fd13539f8 172bc0ee09332ae9 09bbaa171c20bae3 0f4c71d341e2d939 3b6d27775fce1c7b d5952b2e031c4e7e c015590d6a6fe833 095bb1b6ecbd0a50 0772e3ab293a1f30 4b29fc21f912754d 27bc34b9887bec0d 061f3e1feeaa3094 a18df74d3a16e9c0 74244a8703c03720 28a2067685cb3e97 3e8e56f639a5db5b 66ccd03c9e03ac06 e8684734f2e587bd 48f93f9c2c699e19 6406fcdb7d87b5dc 97d696011258825c 3cb6b40d377e7ca8
254,9a439fd1abf95245 5430097e23000368 af8e70f978cd5aee f58ff7f1a6cde683 b6d0f83aad4e4dc7 37001ade0df85823 00d9f8d3f7d412b3 ae77487a89f2610c 9b2adcf4041227d7 db0e648651f4c92b 8df3f13d6af34cb3 6461a9faa871b3ac 351c9da399c2b915 7d83ffe83f61bdc4 0220a434aa8bf029 a04d6febd82a4389 095bb1b6ecbd0a50 49b5678e0d1e5bcd 9f27aa36c1ea793c da904d2a54ff8cf2 d6ed7e4b14c51296 36d33c41812ce7dc a292248bb2bffb3d 4483bbdd3241f11a 316382267dcd804f a017f3358d5327aa 453bc79164d57a01 b3e75fdca5ca2f1a 74244a8703c03720 2a06f5614060e3b6
255,3cb6b40d377e7ca8 f49e13a653cbdad2 48f93f9c2c699e19 25145708d494530b 1efd7bd8a34a1359 09bbaa171c20bae3 7f95168400948588 27bc34b9887bec0d ec1b3d7ccd3984d0 d5952b2e031c4e7e 0772e3ab293a1f30 061f3e1feeaa3094 01e5a6edcee7deb0 3e8e56f639a5db5b 0451447dd64f6284 97d696011258825c f25bfcffedaccf28 88b62355670ec8f8 34a62e66e05f9a44 0a79fabc6f5d93c9 03dfe518713e006c 0683b6a78f54be75 a18df74d3a16e9c0 172bc0ee09332ae9 01b3da54ffb158a0 6406fcdb7d87b5dc 29968e8fd13539f8 e8684734f2e587bd 781f4d0147aef776 28a2067685cb3e97
256,f49e13a653cbdad2 48f93f9c2c699e19 25145708d494530b 09bbaa171c20bae3 061f3e1feeaa3094 1efd7bd8a34a1359 3cb6b40d377e7ca8 34a62e66e05f9a44 3e8e56f639a5db5b 29968e8fd13539f8 27bc34b9887bec0d 0772e3ab293a1f30 43b3338423d7386c 01b3da54ffb158a0 7f95168400948588 1c3b74a02a86467d d7d937303a6d5a9d 01e5a6edcee7deb0 88b62355670ec8f8 b1dcaca98bb76736 0451447dd64f6284 77e2f7da1f9d3a8f d5952b2e031c4e7e 03dfe518713e006c 855f2f0354e102c7 0bcaac840d5e66d7 4f2fffd7528de786 ec1b3d7ccd3984d0 95166957b2c38794 b24820ae14e16a24
257,351c9da399c2b915 5430097e23000368 2e44fbb8bc3d8d71 af8e70f978cd5aee f58ff7f1a6cde683 dac29ed8400b50cc 9b2adcf4041227d7 37001ade0df85823 00d9f8d3f7d412b3 8df3f13d6af34cb3 d6ed7e4b14c51296 da904d2a54ff8cf2 9f27aa36c1ea793c 39f6296778264878 6461a9faa871b3ac 7d83ffe83f61bdc4 74244a8703c03720 db0e648651f4c92b 26f72a4eb15ea8c0 42c9b72cc77dcb28 36d33c41812ce7dc 453bc79164d57a01 9a439fd1abf95245 b6d0f83aad4e4dc7 059bbdbdb843af6a 0c2eeab1e4ce1db8 49b5678e0d1e5bcd 4483bbdd3241f11a 2b48ab08c915c0ad 9d5edf3b993fee50
258,da7d3c2d591c4295 5430097e23000368 f58ff7f1a6cde683 c08c3765ac609cc0 5b34da30b93eb123 a04d6febd82a4389 589ef345cb2dccfc 60a070db9f1869b5 0772e3ab293a1f30 d5952b2e031c4e7e 2a06f5614060e3b6 7f95168400948588 8d58da0e1800dc96 27bc34b9887bec0d bed3e73d52011f68 bd0f175ee98c613e 172bc0ee09332ae9 4b29fc21f912754d e403278468d84383 25145708d494530b 702d8f1064ab3e30 061f3e1feeaa3094 8bf446c0455e3c5c 4f2fffd7528de786 cea18be9a89d7a81 b1dcaca98bb76736 f705b637f624147e da904d2a54ff8cf2 d6ed7e4b14c51296 af8e70f978cd5aee
259,1efd7bd8a34a1359 7f95168400948588 f49e13a653cbdad2 01e5a6edcee7deb0 f58ff7f1a6cde683 3e8e56f639a5db5b 40583079f57235a6 0772e3ab293a1f30 a18df74d3a16e9c0 fb2ebcb5335ad2e2 d5952b2e031c4e7e f25bfcffedaccf28 b1e47da7659b675c 095bb1b6ecbd0a50 88b62355670ec8f8 855f2f0354e102c7 1c3b74a02a86467d 061f3e1feeaa3094 09bbaa171c20bae3 07f22a7ad7e4711d da7d3c2d591c4295 a292248bb2bffb3d a04d6febd82a4389 e8684734f2e587bd 0451447dd64f6284 b6d0f83aad4e4dc7 25145708d494530b 29968e8fd13539f8 77e2f7da1f9d3a8f 34a62e66e05f9a44
260,7f95168400948588 0772e3ab293a1f30 f25bfcffedaccf28 48f93f9c2c699e19 f49e13a653cbdad2 dac29ed8400b50cc a18df74d3a16e9c0 3cb6b40d377e7ca8 898a4921ab9f4cce 54f55c74d37db3c0 27bc34b9887bec0d 3b6d27775fce1c7b f58ff7f1a6cde683 fb2ebcb5335ad2e2 01b3da54ffb158a0 25145708d494530b 97d696011258825c 3e8e56f639a5db5b b6d0f83aad4e4dc7 09bbaa171c20bae3 28a2067685cb3e97 a76ffccd2f5df1a7 1efd7bd8a34a1359 ec1b3d7ccd3984d0 8d58da0e1800dc96 6406fcdb7d87b5dc e14a893f1918277e 061f3e1feeaa3094 43b3338423d7386c 5430097e23000368
261,a017f3358d5327aa 5430097e23000368 af8e70f978cd5aee 00d9f8d3f7d412b3 8df3f13d6af34cb3 316382267dcd804f d6ed7e4b14c51296 da904d2a54ff8cf2 7e4a4a1300b77a06 9f27aa36c1ea793c 7d83ffe83f61bdc4 db0e648651f4c92b f58ff7f1a6cde683 9b2adcf4041227d7 7f95168400948588 6461a9faa871b3ac b6d0f83aad4e4dc7 36d33c41812ce7dc 2bafd15871caae91 49b5678e0d1e5bcd db7342eff9200020 4483bbdd3241f11a c03b11a0cdc3fa39 37001ade0df85823 453bc79164d57a01 74873b42602d8958 42c9b72cc77dcb28 0220a434aa8bf029 b3e75fdca5ca2f1a 83f8aca6ee2caabc
262,f58ff7f1a6cde683 8d58da0e1800dc96 b6d0f83aad4e4dc7 2a06f5614060e3b6 a292248bb2bffb3d 01020d1b0821f4c7 bed3e73d52011f68 f9c6286cff30aaa8 a04d6febd82a4389 4a5ac473c9d176ba 0772e3ab293a1f30 46b99f864d6a075a b3e75fdca5ca2f1a abf90e759d208468 33856365c271aea4 ce2fe99a7cda4a17 5b34da30b93eb123 095bb1b6ecbd0a50 73391e0853c1e040 a813c15b46ceaf68 e14a893f1918277e e7cad3748e50b0f8 589ef345cb2dccfc 00140806971e7a73 44d324ebd3e22ad7 5430097e23000368 bd9cd6b87a4fe0ce bd0f175ee98c613e 50ba507a268872e1 40583079f57235a6
263,f58ff7f1a6cde683 b6d0f83aad4e4dc7 1efd7bd8a34a1359 5430097e23000368 a017f3358d5327aa db0e648651f4c92b 7d83ffe83f61bdc4 ae77487a89f2610c 09bbaa171c20bae3 8d58da0e1800dc96 a2c35fdf07a13286 7e4a4a1300b77a06 a76ffccd2f5df1a7 a04d6febd82a4389 b3e75fdca5ca2f1a f49e13a653cbdad2 2a06f5614060e3b6 095bb1b6ecbd0a50 e14a893f1918277e 7b81f1f2b6ec2e5f 6406fcdb7d87b5dc bed3e73d52011f68 af8e70f978cd5aee 9b2adcf4041227d7 172bc0ee09332ae9 37001ade0df85823 e7cad3748e50b0f8 40583079f57235a6 0772e3ab293a1f30 3e66b4855d0dddbe
264,bee46c54461925d0 7f95168400948588 a18df74d3a16e9c0 f25bfcffedaccf28 0772e3ab293a1f30 c1f2e3a76d388944 83f8f2fc471cad74 48f93f9c2c699e19 3cb6b40d377e7ca8 77e2f7da1f9d3a8f 97d696011258825c 538c7bb968b2154c e25a1da6ca187350 0bcaac840d5e66d7 07d688f5e2142b87 2cebd52b41930f0a cc0c9419f8a20603 09bbaa171c20bae3 f58ff7f1a6cde683 90ecb28f2edb9d43 b1dcaca98bb76736 7c98dedd223b36c0 27bc34b9887bec0d 061f3e1feeaa3094 4535ce2e3dced00f 25145708d494530b 2e4b00c01d58e79e 855f2f0354e102c7 4577ae048ef1967d 9113e9dc940fb287
265,25145708d494530b 09bbaa171c20bae3 0bcaac840d5e66d7 48f93f9c2c699e19 3cb6b40d377e7ca8 1c3b74a02a86467d 83b911ff0ff45844 96445bec1579ec97 77e2f7da1f9d3a8f 061f3e1feeaa3094 855f2f0354e102c7 b24820ae14e16a24 4f2fffd7528de786 7f95168400948588 1efd7bd8a34a1359 ced9c56f2be86774 34a62e66e05f9a44 781f4d0147aef776 27bc34b9887bec0d 0451447dd64f6284 88b62355670ec8f8 5b4c879fc9c316fb 07f22a7ad7e4711d ec1b3d7ccd3984d0 964a50d33717c26d f49e13a653cbdad2 90ecb28f2edb9d43 b1dcaca98bb76736 3e8e56f639a5db5b d7d937303a6d5a9d
266,3b6d27775fce1c7b 28a2067685cb3e97 6406fcdb7d87b5dc dea5e9227fbbac29 7f95168400948588 a76ffccd2f5df1a7 172bc0ee09332ae9 0451447dd64f6284 148ac4a56a18844d c015590d6a6fe833 4b29fc21f912754d 0772e3ab293a1f30 a2c35fdf07a13286 d16da1fb61813db9 52370bea1acd0600 70ebf53ced736fa4 3e8e56f639a5db5b 25145708d494530b 1efd7bd8a34a1359 ad06e9eeea8eb4ea cea18be9a89d7a81 285657fcdf89f00d f49e13a653cbdad2 09bbaa171c20bae3 3cb6b40d377e7ca8 b6d0f83aad4e4dc7 061f3e1feeaa3094 cc0c9419f8a20603 0683b6a78f54be75 a2805ed52b47b8ec
267,7f95168400948588 2bafd15871caae91 b3e75fdca5ca2f1a a04d6febd82a4389 d72363ddd958d906 83f8aca6ee2caabc c28bc62802b90f82 09bbaa171c20bae3 50ba507a268872e1 01b3da54ffb158a0 061f3e1feeaa3094 f58ff7f1a6cde683 a292248bb2bffb3d 0772e3ab293a1f30 9b2adcf4041227d7 5430097e23000368 da7d3c2d591c4295 3cb6b40d377e7ca8 e5fb8dc5c9cb4a19 33856365c271aea4 3e8e56f639a5db5b a76ffccd2f5df1a7 0c2eeab1e4ce1db8 2a06f5614060e3b6 27bc34b9887bec0d 4f2fffd7528de786 6461a9faa871b3ac 589ef345cb2dccfc b6d0f83aad4e4dc7 ae77487a89f2610c
268,2bafd15871caae91 0c2eeab1e4ce1db8 5430097e23000368 4483bbdd3241f11a 351c9da399c2b915 fd30682593995748 c810ac016901e8ac b8e2f75014710ced fc8971756f9ec194 120e745e2961b5d5 6e1b6b53c9710940 37001ade0df85823 42c9b72cc77dcb28 537a55eda51a3f60 898a4921ab9f4cce af8e70f978cd5aee 2e44fbb8bc3d8d71 f28fb3d9880c5d4c 7b81f1f2b6ec2e5f cec2eea2a1fe566a 0cd920bad11c716d a84cd36608cb8665 d72363ddd958d906 83f8aca6ee2caabc c05f45f86d0771d5 f58ff7f1a6cde683 e5fb8dc5c9cb4a19 d64c7c3b658689f4 cc861214a89ef1f4 2dd12c230ab22555
269,155600e5f1221f8c 1a8e5d6512d9e2d8 ecb768ef6fd223ca bd9cd6b87a4fe0ce 1efd7bd8a34a1359 6461a9faa871b3ac 09bbaa171c20bae3 7f95168400948588 34a62e66e05f9a44 3e8e56f639a5db5b 25145708d494530b 061f3e1feeaa3094 8d58da0e1800dc96 f49e13a653cbdad2 e14a893f1918277e d7d937303a6d5a9d 07f22a7ad7e4711d da7d3c2d591c4295 05f23e7d05dbf7c2 27bc34b9887bec0d 0772e3ab293a1f30 f705b637f624147e bed3e73d52011f68 d5952b2e031c4e7e 2a06f5614060e3b6 3cb6b40d377e7ca8 5b34da30b93eb123 172bc0ee09332ae9 855f2f0354e102c7 2359719a0f40ffac
270,5b4c879fc9c316fb 0451447dd64f6284 3cb6b40d377e7ca8 587e0b2a4811fab1 b24820ae14e16a24 4f2fffd7528de786 0772e3ab293a1f30 9113e9dc940fb287 7f95168400948588 25145708d494530b 09bbaa171c20bae3 2e79d45ba4d1540d 35488b3b8b781278 ad06e9eeea8eb4ea 90ecb28f2edb9d43 d0f6c00eec5eb973 061f3e1feeaa3094 3a6e7894dde31c67 a2805ed52b47b8ec 666bdff4faa513ca e9c20b67a4c5395f 27bc34b9887bec0d a853f13216170123 9cf6709de35bf0f3 01b3da54ffb158a0 07f22a7ad7e4711d 48f93f9c2c699e19 b1dcaca98bb76736 d5952b2e031c4e7e cc507a0d6fcf4a1c
271,d72363ddd958d906 83f8aca6ee2caabc 9b2adcf4041227d7 ee3ed9a3f51336cd 0772e3ab293a1f30 9f27aa36c1ea793c d6ed7e4b14c51296 da904d2a54ff8cf2 8df3f13d6af34cb3 7f95168400948588 50ba507a268872e1 0cd920bad11c716d 5430097e23000368 dac29ed8400b50cc 2b48ab08c915c0ad 9d5edf3b993fee50 2bafd15871caae91 26f72a4eb15ea8c0 453bc79164d57a01 f05fa5f57dc03e81 db0e648651f4c92b 7d83ffe83f61bdc4 27bc34b9887bec0d 5a1149fbcbd37376 f58ff7f1a6cde683 0b774cf90856c4da 0220a434aa8bf029 8bf446c0455e3c5c 01b3da54ffb158a0 f49e13a653cbdad2
272,1efd7bd8a34a1359 a2c35fdf07a13286 83b911ff0ff45844 e25a1da6ca187350 07f22a7ad7e4711d a76ffccd2f5df1a7 e8684734f2e587bd 0772e3ab293a1f30 172bc0ee09332ae9 061f3e1feeaa3094 855f2f0354e102c7 3e66b4855d0dddbe e403278468d84383 25145708d494530b 09bbaa171c20bae3 b1dcaca98bb76736 77e2f7da1f9d3a8f a18df74d3a16e9c0 88b62355670ec8f8 3e8e56f639a5db5b 4b29fc21f912754d 66ccd03c9e03ac06 8bf446c0455e3c5c 01e5a6edcee7deb0 f49e13a653cbdad2 da7d3c2d591c4295 0f4c71d341e2d939 d5952b2e031c4e7e 4f2fffd7528de786 7f95168400948588
273,765c0695339c3abe 7f95168400948588 0772e3ab293a1f30 27bc34b9887bec0d 3cb6b40d377e7ca8 01b3da54ffb158a0 f25bfcffedaccf28 48f93f9c2c699e19 09bbaa171c20bae3 25145708d494530b dc576af4ae66e25e 2cebd52b41930f0a 77e2f7da1f9d3a8f b1dcaca98bb76736 a18df74d3a16e9c0 f49e13a653cbdad2 3e8e56f639a5db5b 97d696011258825c 8bf446c0455e3c5c da7d3c2d591c4295 03dfe518713e006c d5952b2e031c4e7e cc0c9419f8a20603 061f3e1feeaa3094 855f2f0354e102c7 5430097e23000368 c1f2e3a76d388944 0451447dd64f6284 07d688f5e2142b87 ec1b3d7ccd3984d0
274,7f95168400948588 ced9c56f2be86774 77e2f7da1f9d3a8f 172bc0ee09332ae9 3cb6b40d377e7ca8 a18df74d3a16e9c0 48f93f9c2c699e19 c1f2e3a76d388944 4b29fc21f912754d f25bfcffedaccf28 855f2f0354e102c7 e25a1da6ca187350 3ca7964973437917 a76ffccd2f5df1a7 27bc34b9887bec0d 09bbaa171c20bae3 ec1b3d7ccd3984d0 e8b87ed7db1bcb1f 90ecb28f2edb9d43 5dd752753760ced8 0772e3ab293a1f30 ddf332f2b55a2a23 964a50d33717c26d 01b3da54ffb158a0 0bcaac840d5e66d7 0f4c71d341e2d939 f76f44d372517a9a f49e13a653cbdad2 28a2067685cb3e97 5b4c879fc9c316fb
275,f49e13a653cbdad2 7f95168400948588 0772e3ab293a1f30 01b3da54ffb158a0 0220a434aa8bf029 f58ff7f1a6cde683 e8b87ed7db1bcb1f 3e8e56f639a5db5b 74244a8703c03720 27bc34b9887bec0d d5952b2e031c4e7e a18df74d3a16e9c0 e25a1da6ca187350 8bf446c0455e3c5c b1dcaca98bb76736 1efd7bd8a34a1359 fb2ebcb5335ad2e2 01e5a6edcee7deb0 1dc7139adba034ec 09bbaa171c20bae3 4483bbdd3241f11a 88b62355670ec8f8 3cb6b40d377e7ca8 c1f2e3a76d388944 97d696011258825c 6406fcdb7d87b5dc a76ffccd2f5df1a7 b6d0f83aad4e4dc7 0451447dd64f6284 095bb1b6ecbd0a50
276,7f95168400948588 3cb6b40d377e7ca8 0772e3ab293a1f30 3e8e56f639a5db5b 09bbaa171c20bae3 27bc34b9887bec0d 25145708d494530b fb2ebcb5335ad2e2 01b3da54ffb158a0 48f93f9c2c699e19 f49e13a653cbdad2 b1dcaca98bb76736 f25bfcffedaccf28 061f3e1feeaa3094 da7d3c2d591c4295 03dfe518713e006c a76ffccd2f5df1a7 e22c35101e190db9 8bf446c0455e3c5c ec1b3d7ccd3984d0 1efd7bd8a34a1359 5430097e23000368 2cebd52b41930f0a f58ff7f1a6cde683 88b62355670ec8f8 4b29fc21f912754d 77e2f7da1f9d3a8f 964a50d33717c26d a18df74d3a16e9c0 07d688f5e2142b87
277,6406fcdb7d87b5dc 4b29fc21f912754d a76ffccd2f5df1a7 172bc0ee09332ae9 3b6d27775fce1c7b 28a2067685cb3e97 cea18be9a89d7a81 ddf332f2b55a2a23 0f4c71d341e2d939 c015590d6a6fe833 a2c35fdf07a13286 74244a8703c03720 f58ff7f1a6cde683 4d954d933e606b70 285657fcdf89f00d 3e66b4855d0dddbe f48d0fbea7dc2782 7f95168400948588 b6e72edcad270be0 f49e13a653cbdad2 0772e3ab293a1f30 1efd7bd8a34a1359 48f93f9c2c699e19 90ecb28f2edb9d43 b6d0f83aad4e4dc7 62431fd374eb99fb 0220a434aa8bf029 66ccd03c9e03ac06 095bb1b6ecbd0a50 7d83ffe83f61bdc4
278,7f95168400948588 09bbaa171c20bae3 d5952b2e031c4e7e 1efd7bd8a34a1359 da7d3c2d591c4295 f49e13a653cbdad2 172bc0ee09332ae9 061f3e1feeaa3094 a2c35fdf07a13286 34a62e66e05f9a44 4f2fffd7528de786 f58ff7f1a6cde683 a76ffccd2f5df1a7 0772e3ab293a1f30 88b62355670ec8f8 b6e646c13d0753ae 1c3b74a02a86467d 60a070db9f1869b5 27bc34b9887bec0d 01e5a6edcee7deb0 07f22a7ad7e4711d e8684734f2e587bd 0451447dd64f6284 83b911ff0ff45844 4b29fc21f912754d 404031ab9d5977c4 1d12acf7349196b0 6406fcdb7d87b5dc 97d696011258825c 40583079f57235a6
279,dac29ed8400b50cc 2bafd15871caae91 9a439fd1abf95245 26f72a4eb15ea8c0 5430097e23000368 ee3ed9a3f51336cd 0cd920bad11c716d 4c0eee2c1a5e76e2 0c2eeab1e4ce1db8 4483bbdd3241f11a 6461a9faa871b3ac 9b2adcf4041227d7 74244a8703c03720 00d9f8d3f7d412b3 059bbdbdb843af6a 37001ade0df85823 bd9cd6b87a4fe0ce f58ff7f1a6cde683 8df3f13d6af34cb3 50ba507a268872e1 d6ed7e4b14c51296 da904d2a54ff8cf2 d72363ddd958d906 83f8aca6ee2caabc ae77487a89f2610c 2e44fbb8bc3d8d71 7d83ffe83f61bdc4 9f27aa36c1ea793c 7f95168400948588 af8e70f978cd5aee
280,e7cad3748e50b0f8 8dc313a2cf9da354 2a06f5614060e3b6 72403ecdfe02bba6 bed3e73d52011f68 a292248bb2bffb3d 5b34da30b93eb123 b3e75fdca5ca2f1a f58ff7f1a6cde683 a04d6febd82a4389 50ba507a268872e1 33856365c271aea4 9a439fd1abf95245 0fbd0f422e926816 6461a9faa871b3ac ce2fe99a7cda4a17 37001ade0df85823 f705b637f624147e a813c15b46ceaf68 8d58da0e1800dc96 5430097e23000368 b6d0f83aad4e4dc7 7d83ffe83f61bdc4 db0e648651f4c92b bd0f175ee98c613e e14a893f1918277e dac29ed8400b50cc 702d8f1064ab3e30 9b2adcf4041227d7 ae77487a89f2610c
281,4483bbdd3241f11a 7f95168400948588 fd30682593995748 5430097e23000368 c810ac016901e8ac 3d93a60f990a0a7c 2bafd15871caae91 d72363ddd958d906 83f8aca6ee2caabc 0772e3ab293a1f30 cec2eea2a1fe566a 0cd920bad11c716d 61ba7707ef6a5a99 a76ffccd2f5df1a7 09bbaa171c20bae3 74873b42602d8958 27bc34b9887bec0d 172bc0ee09332ae9 898a4921ab9f4cce 3cb6b40d377e7ca8 f58ff7f1a6cde683 453bc79164d57a01 d64c7c3b658689f4 9b2adcf4041227d7 4b29fc21f912754d af8e70f978cd5aee 00958a140c3a6de8 01b3da54ffb158a0 537a55eda51a3f60 0c2eeab1e4ce1db8
282,7f95168400948588 5430097e23000368 3cb6b40d377e7ca8 da7d3c2d591c4295 27bc34b9887bec0d 0772e3ab293a1f30 d5952b2e031c4e7e 09bbaa171c20bae3 f49e13a653cbdad2 a18df74d3a16e9c0 c1f2e3a76d388944 97d696011258825c 48f93f9c2c699e19 db0e648651f4c92b f25bfcffedaccf28 e8b87ed7db1bcb1f 7d83ffe83f61bdc4 e25a1da6ca187350 01b3da54ffb158a0 25145708d494530b 77e2f7da1f9d3a8f 3e8e56f639a5db5b 0683b6a78f54be75 8bf446c0455e3c5c 061f3e1feeaa3094 ae77487a89f2610c 2cebd52b41930f0a 88b62355670ec8f8 60a070db9f1869b5 1dc7139adba034ec
283,a76ffccd2f5df1a7 4b29fc21f912754d 3b6d27775fce1c7b 28a2067685cb3e97 172bc0ee09332ae9 1efd7bd8a34a1359 a2c35fdf07a13286 6406fcdb7d87b5dc c015590d6a6fe833 0f4c71d341e2d939 48f93f9c2c699e19 27bc34b9887bec0d cea18be9a89d7a81 b6e72edcad270be0 4d954d933e606b70 a18df74d3a16e9c0 3e66b4855d0dddbe 66ccd03c9e03ac06 7f95168400948588 e25a1da6ca187350 ddf332f2b55a2a23 09bbaa171c20bae3 f48d0fbea7dc2782 d5952b2e031c4e7e 061f3e1feeaa3094 0772e3ab293a1f30 f49e13a653cbdad2 285657fcdf89f00d e8b87ed7db1bcb1f 855f2f0354e102c7
284,a76ffccd2f5df1a7 7f95168400948588 3b6d27775fce1c7b 4b29fc21f912754d 3cb6b40d377e7ca8 172bc0ee09332ae9 c015590d6a6fe833 48f93f9c2c699e19 db0e648651f4c92b 25145708d494530b 7d83ffe83f61bdc4 28a2067685cb3e97 f49e13a653cbdad2 f48d0fbea7dc2782 5430097e23000368 cea18be9a89d7a81 0772e3ab293a1f30 0f4c71d341e2d939 b6e72edcad270be0 0bcaac840d5e66d7 061f3e1feeaa3094 62431fd374eb99fb 27bc34b9887bec0d ddf332f2b55a2a23 6406fcdb7d87b5dc 3e8e56f639a5db5b 4d954d933e606b70 01b3da54ffb158a0 b1dcaca98bb76736 ec1b3d7ccd3984d0
285,6406fcdb7d87b5dc a76ffccd2f5df1a7 0f4c71d341e2d939 4b29fc21f912754d cea18be9a89d7a81 172bc0ee09332ae9 c015590d6a6fe833 f48d0fbea7dc2782 3b6d27775fce1c7b 4d954d933e606b70 a2c35fdf07a13286 b6e72edcad270be0 3e66b4855d0dddbe 28a2067685cb3e97 62431fd374eb99fb ddf332f2b55a2a23 285657fcdf89f00d 66ccd03c9e03ac06 4f915ad69e1dca36 50cb6a6c60ad711a 24c47959ea77b15b 3c565c1fc2316d16 404031ab9d5977c4 8dedff0a79784abc f58ff7f1a6cde683 0772e3ab293a1f30 52370bea1acd0600 1efd7bd8a34a1359 24e582daf6f87158 5430097e23000368
286,a76ffccd2f5df1a7 4b29fc21f912754d 7f95168400948588 e25a1da6ca187350 172bc0ee09332ae9 0f4c71d341e2d939 a2c35fdf07a13286 3b6d27775fce1c7b da7d3c2d591c4295 28a2067685cb3e97 77e2f7da1f9d3a8f 09bbaa171c20bae3 c015590d6a6fe833 ddf332f2b55a2a23 d5952b2e031c4e7e 3cb6b40d377e7ca8 3e66b4855d0dddbe a18df74d3a16e9c0 e8b87ed7db1bcb1f 855f2f0354e102c7 4f2fffd7528de786 c1f2e3a76d388944 01b3da54ffb158a0 27bc34b9887bec0d cea18be9a89d7a81 6406fcdb7d87b5dc f49e13a653cbdad2 0451447dd64f6284 48f93f9c2c699e19 bee46c54461925d0
287,7f95168400948588 f58ff7f1a6cde683 f49e13a653cbdad2 b6d0f83aad4e4dc7 5430097e23000368 27bc34b9887bec0d 0772e3ab293a1f30 a76ffccd2f5df1a7 095bb1b6ecbd0a50 01b3da54ffb158a0 09bbaa171c20bae3 fb2ebcb5335ad2e2 b1dcaca98bb76736 40583079f57235a6 34a62e66e05f9a44 a18df74d3a16e9c0 0220a434aa8bf029 a292248bb2bffb3d e25a1da6ca187350 3e8e56f639a5db5b 1efd7bd8a34a1359 a04d6febd82a4389 3cb6b40d377e7ca8 0f4c71d341e2d939 d5952b2e031c4e7e db0e648651f4c92b 4b29fc21f912754d 7d83ffe83f61bdc4 48f93f9c2c699e19 25145708d494530b
288,0772e3ab293a1f30 7f95168400948588 35488b3b8b781278 5b4c879fc9c316fb 01b3da54ffb158a0 b1dcaca98bb76736 3e8e56f639a5db5b b1e47da7659b675c 4beacc71024f8b08 a853f13216170123 a9223c28b10c131f f49e13a653cbdad2 27bc34b9887bec0d 5430097e23000368 dc12cc503ac0eddb 8bf446c0455e3c5c 77e2f7da1f9d3a8f 3cb6b40d377e7ca8 fb2ebcb5335ad2e2 65ad9c583823162d e9c20b67a4c5395f f25bfcffedaccf28 4f2fffd7528de786 2e79d45ba4d1540d 07f22a7ad7e4711d 25145708d494530b 09bbaa171c20bae3 90ecb28f2edb9d43 01e5a6edcee7deb0 148ac4a56a18844d
289,0772e3ab293a1f30 7f95168400948588 3cb6b40d377e7ca8 f58ff7f1a6cde683 27bc34b9887bec0d a04d6febd82a4389 5430097e23000368 03dfe518713e006c 01b3da54ffb158a0 25145708d494530b 48f93f9c2c699e19 b3e75fdca5ca2f1a 702d8f1064ab3e30 5b34da30b93eb123 bd0f175ee98c613e e7cad3748e50b0f8 589ef345cb2dccfc b1dcaca98bb76736 77e2f7da1f9d3a8f b6d0f83aad4e4dc7 8bf446c0455e3c5c 09bbaa171c20bae3 c28bc62802b90f82 ec1b3d7ccd3984d0 f705b637f624147e 6a3919ad9ed8197e b50b4e27b03c7b37 c1f2e3a76d388944 e22c35101e190db9 7d83ffe83f61bdc4
290,5430097e23000368 db0e648651f4c92b ae77487a89f2610c 07f22a7ad7e4711d 1efd7bd8a34a1359 7d83ffe83f61bdc4 4f2fffd7528de786 0683b6a78f54be75 09bbaa171c20bae3 855f2f0354e102c7 7e4a4a1300b77a06 48cf88c17ff38c5e 7f95168400948588 f49e13a653cbdad2 447fc00f40d71d08 a853f13216170123 4d9214c0925e5af8 a76ffccd2f5df1a7 172bc0ee09332ae9 6406fcdb7d87b5dc 3e8e56f639a5db5b 77e2f7da1f9d3a8f 5b4c879fc9c316fb da7d3c2d591c4295 0451447dd64f6284 9113e9dc940fb287 01e5a6edcee7deb0 061f3e1feeaa3094 35488b3b8b781278 27bc34b9887bec0d
291,7f95168400948588 0772e3ab293a1f30 3cb6b40d377e7ca8 27bc34b9887bec0d 01b3da54ffb158a0 09bbaa171c20bae3 25145708d494530b 5430097e23000368 061f3e1feeaa3094 8bf446c0455e3c5c a2805ed52b47b8ec f49e13a653cbdad2 03dfe518713e006c f25bfcffedaccf28 d5952b2e031c4e7e 2cebd52b41930f0a b1dcaca98bb76736 07d688f5e2142b87 a18df74d3a16e9c0 48f93f9c2c699e19 da7d3c2d591c4295 01e5a6edcee7deb0 c1f2e3a76d388944 3e8e56f639a5db5b af8e70f978cd5aee cc0c9419f8a20603 fab14d178b24a67f fb2ebcb5335ad2e2 e8b87ed7db1bcb1f 0451447dd64f6284
292,316382267dcd804f b3e75fdca5ca2f1a e5fb8dc5c9cb4a19 2e44fbb8bc3d8d71 fc21db75b354a917 7e4a4a1300b77a06 d92c0298f76ccf77 26fc2a95df5659c2 059bbdbdb843af6a 453bc79164d57a01 025a148c3a53bd9f 20d283a232dfd13c 0eafda717681bbdc 6c017e548aa138f2 9c9a9d45c2ea7ddf 36d33c41812ce7dc 2bafd15871caae91 46315cf30aaee51c a14394322cf7043d 351c9da399c2b915 74244a8703c03720 39f6296778264878 3d93a60f990a0a7c 83f8aca6ee2caabc d72363ddd958d906 74873b42602d8958 de35d2410e916471 b8e2f75014710ced c28bc62802b90f82 cc861214a89ef1f4
293,ecb768ef6fd223ca 1a8e5d6512d9e2d8 0cd920bad11c716d bd9cd6b87a4fe0ce 6461a9faa871b3ac 155600e5f1221f8c af8e70f978cd5aee 70776cdd9bb3b7d4 5430097e23000368 2820628e65a062e2 50ba507a268872e1 7cea1f637ea3f37d fab14d178b24a67f 976baf0e84752a68 cc861214a89ef1f4 00d9f8d3f7d412b3 b6d0f83aad4e4dc7 f58ff7f1a6cde683 7f95168400948588 1efd7bd8a34a1359 8d58da0e1800dc96 4105533fe46dfba9 b50b4e27b03c7b37 059bbdbdb843af6a 5b34da30b93eb123 4b8c7061102517ef dac29ed8400b50cc e14a893f1918277e 351c9da399c2b915 09bbaa171c20bae3
294,fab14d178b24a67f 2e44fbb8bc3d8d71 351c9da399c2b915 5430097e23000368 7f95168400948588 42c9b72cc77dcb28 0772e3ab293a1f30 2bafd15871caae91 74244a8703c03720 cc861214a89ef1f4 f58ff7f1a6cde683 fc8971756f9ec194 d72363ddd958d906 83f8aca6ee2caabc 3cb6b40d377e7ca8 b6d0f83aad4e4dc7 af8e70f978cd5aee 025a148c3a53bd9f a76ffccd2f5df1a7 c28bc62802b90f82 f28fb3d9880c5d4c 4b29fc21f912754d 316382267dcd804f 36d33c41812ce7dc 25145708d494530b 01b3da54ffb158a0 27bc34b9887bec0d 09bbaa171c20bae3 cba7e22bb383083a 0c2eeab1e4ce1db8
295,537a55eda51a3f60 a84cd36608cb8665 0b774cf90856c4da fd30682593995748 9d5edf3b993fee50 2b48ab08c915c0ad 9b2adcf4041227d7 451e7ba901ad661d 120e745e2961b5d5 7c9248ed6224aa26 d6ed7e4b14c51296 da904d2a54ff8cf2 9f27aa36c1ea793c 5430097e23000368 cec2eea2a1fe566a 055d895a3b26e466 8df3f13d6af34cb3 4483bbdd3241f11a d72363ddd958d906 83f8aca6ee2caabc 0772e3ab293a1f30 0220a434aa8bf029 0cd920bad11c716d 7d83ffe83f61bdc4 7f95168400948588 db0e648651f4c92b 5bf89d11a25121d9 fc8971756f9ec194 61ba7707ef6a5a99 00958a140c3a6de8
296,f58ff7f1a6cde683 4a5ac473c9d176ba 01020d1b0821f4c7 f9c6286cff30aaa8 8d58da0e1800dc96 b6d0f83aad4e4dc7 09bbaa171c20bae3 0772e3ab293a1f30 7f95168400948588 3cb6b40d377e7ca8 abf90e759d208468 061f3e1feeaa3094 34a62e66e05f9a44 27bc34b9887bec0d 1efd7bd8a34a1359 da7d3c2d591c4295 73391e0853c1e040 f49e13a653cbdad2 25145708d494530b 88b62355670ec8f8 4b29fc21f912754d 172bc0ee09332ae9 b3e75fdca5ca2f1a 07f22a7ad7e4711d a292248bb2bffb3d 2a06f5614060e3b6 a76ffccd2f5df1a7 bed3e73d52011f68 d5952b2e031c4e7e 6461a9faa871b3ac
297,e461837f0fb35048 7f95168400948588 f49e13a653cbdad2 1efd7bd8a34a1359 f58ff7f1a6cde683 0772e3ab293a1f30 b6d0f83aad4e4dc7 3e8e56f639a5db5b 09bbaa171c20bae3 ae77487a89f2610c 27bc34b9887bec0d 40583079f57235a6 4f2fffd7528de786 d5952b2e031c4e7e 5430097e23000368 a76ffccd2f5df1a7 07f22a7ad7e4711d 061f3e1feeaa3094 447fc00f40d71d08 da7d3c2d591c4295 34a62e66e05f9a44 a18df74d3a16e9c0 0451447dd64f6284 a292248bb2bffb3d 01b3da54ffb158a0 3cb6b40d377e7ca8 97d696011258825c 88b62355670ec8f8 a04d6febd82a4389 f25bfcffedaccf28
298,65ad9c583823162d dc12cc503ac0eddb 0772e3ab293a1f30 8e83d05923cde390 249bf372159f33e9 0c15f252d30646fc 7eec211cc37a1b05 c28bc62802b90f82 7f95168400948588 d63b7f083330247f feddfcf56818968e cc2cc23a98c14c33 6e12311169bcb24c 3cb6b40d377e7ca8 62431fd374eb99fb 8699cc5dd4159b69 99e833818ec4bbf2 b1dcaca98bb76736 6899956cd6c683f0 fb8bd6b95eb4702a a76ffccd2f5df1a7 f9c6286cff30aaa8 4fe9e4e55585ba4b 25145708d494530b 316382267dcd804f cea18be9a89d7a81 4b29fc21f912754d 8bf446c0455e3c5c 0f4c71d341e2d939 01e5a6edcee7deb0
299,7f95168400948588 0772e3ab293a1f30 5430097e23000368 db0e648651f4c92b 3cb6b40d377e7ca8 7d83ffe83f61bdc4 a18df74d3a16e9c0 27bc34b9887bec0d 25145708d494530b 48f93f9c2c699e19 f49e13a653cbdad2 07d688f5e2142b87 f25bfcffedaccf28 061f3e1feeaa3094 09bbaa171c20bae3 c1f2e3a76d388944 01b3da54ffb158a0 b1dcaca98bb76736 7e4a4a1300b77a06 2cebd52b41930f0a 3e8e56f639a5db5b d5952b2e031c4e7e 8bf446c0455e3c5c ec1b3d7ccd3984d0 77e2f7da1f9d3a8f 03dfe518713e006c cc0c9419f8a20603 e25a1da6ca187350 f58ff7f1a6cde683 e9c20b67a4c5395f
300,5430097e23000368 120e745e2961b5d5 6461a9faa871b3ac a84cd36608cb8665 7e4a4a1300b77a06 4483bbdd3241f11a 37001ade0df85823 9b2adcf4041227d7 af8e70f978cd5aee 537a55eda51a3f60 00d9f8d3f7d412b3 fd30682593995748 0b774cf90856c4da 2bafd15871caae91 8df3f13d6af34cb3 9f27aa36c1ea793c da904d2a54ff8cf2 d6ed7e4b14c51296 db0e648651f4c92b b3e75fdca5ca2f1a 7d83ffe83f61bdc4 ae77487a89f2610c fc8971756f9ec194 d72363ddd958d906 83f8aca6ee2caabc 2b48ab08c915c0ad 9d5edf3b993fee50 cec2eea2a1fe566a 64907c4568244eb4 49b5678e0d1e5bcd
301,0772e3ab293a1f30 cea18be9a89d7a81 7f95168400948588 cc0c9419f8a20603 28a2067685cb3e97 4b29fc21f912754d 3b6d27775fce1c7b f48d0fbea7dc2782 c015590d6a6fe833 a76ffccd2f5df1a7 172bc0ee09332ae9 0683b6a78f54be75 ddf332f2b55a2a23 62431fd374eb99fb 9f4e0d572b1f4e6c 4d954d933e606b70 3cb6b40d377e7ca8 b6e72edcad270be0 148ac4a56a18844d 8bf446c0455e3c5c 0f4c71d341e2d939 a18df74d3a16e9c0 01b3da54ffb158a0 07d688f5e2142b87 77e2f7da1f9d3a8f 52370bea1acd0600 2cebd52b41930f0a c1f2e3a76d388944 f25bfcffedaccf28 0add47a043c64d7f
302,88b62355670ec8f8 09bbaa171c20bae3 83b911ff0ff45844 4f2fffd7528de786 a2c35fdf07a13286 b1dcaca98bb76736 7f95168400948588 1efd7bd8a34a1359 01e5a6edcee7deb0 f49e13a653cbdad2 f58ff7f1a6cde683 1c3b74a02a86467d d7d937303a6d5a9d 25145708d494530b 061f3e1feeaa3094 34a62e66e05f9a44 27bc34b9887bec0d 3e66b4855d0dddbe 3cb6b40d377e7ca8 172bc0ee09332ae9 0451447dd64f6284 da7d3c2d591c4295 a76ffccd2f5df1a7 a2805ed52b47b8ec 07f22a7ad7e4711d b6d0f83aad4e4dc7 5430097e23000368 ae77487a89f2610c 01b3da54ffb158a0 60a070db9f1869b5
303,48f93f9c2c699e19 f58ff7f1a6cde683 7f95168400948588 0772e3ab293a1f30 0add47a043c64d7f 25145708d494530b 07d688f5e2142b87 a18df74d3a16e9c0 3cb6b40d377e7ca8 f25bfcffedaccf28 8d58da0e1800dc96 4a5ac473c9d176ba ec1b3d7ccd3984d0 c1f2e3a76d388944 19e8f436d4b2fc25 27bc34b9887bec0d 28a2067685cb3e97 2cebd52b41930f0a 60a070db9f1869b5 03dfe518713e006c 3b6d27775fce1c7b f49e13a653cbdad2 ca43e349133fc0e3 3d6880bd12f6613f 061f3e1feeaa3094 b24820ae14e16a24 7155e5a86136eb02 cc0c9419f8a20603 d5952b2e031c4e7e 8a5635c748344d47
304,285657fcdf89f00d 28a2067685cb3e97 3b6d27775fce1c7b 6406fcdb7d87b5dc a76ffccd2f5df1a7 4b29fc21f912754d 172bc0ee09332ae9 c015590d6a6fe833 1efd7bd8a34a1359 0f4c71d341e2d939 7c8324ce28ffb96e 4f915ad69e1dca36 62431fd374eb99fb a2c35fdf07a13286 7f95168400948588 cea18be9a89d7a81 66ccd03c9e03ac06 148ac4a56a18844d 09bbaa171c20bae3 0451447dd64f6284 3e66b4855d0dddbe 07f22a7ad7e4711d 4d954d933e606b70 8dedff0a79784abc 404031ab9d5977c4 f49e13a653cbdad2 b6e72edcad270be0 0683b6a78f54be75 5b4c879fc9c316fb f48d0fbea7dc2782
305,f58ff7f1a6cde683 7f95168400948588 1efd7bd8a34a1359 f49e13a653cbdad2 0772e3ab293a1f30 b6d0f83aad4e4dc7 5430097e23000368 09bbaa171c20bae3 3e8e56f639a5db5b 095bb1b6ecbd0a50 d5952b2e031c4e7e 0451447dd64f6284 061f3e1feeaa3094 a76ffccd2f5df1a7 27bc34b9887bec0d 6406fcdb7d87b5dc 01e5a6edcee7deb0 7d83ffe83f61bdc4 db0e648651f4c92b 01b3da54ffb158a0 25145708d494530b 40583079f57235a6 48f93f9c2c699e19 3cb6b40d377e7ca8 a04d6febd82a4389 3b6d27775fce1c7b f25bfcffedaccf28 88b62355670ec8f8 7b81f1f2b6ec2e5f e14a893f1918277e
306,5430097e23000368 7d83ffe83f61bdc4 db0e648651f4c92b 0220a434aa8bf029 9b2adcf4041227d7 da904d2a54ff8cf2 d6ed7e4b14c51296 8df3f13d6af34cb3 9f27aa36c1ea793c af8e70f978cd5aee 0772e3ab293a1f30 f05fa5f57dc03e81 0b774cf90856c4da 4b29fc21f912754d 9d5edf3b993fee50 2b48ab08c915c0ad 5a1149fbcbd37376 f58ff7f1a6cde683 a76ffccd2f5df1a7 00d9f8d3f7d412b3 7f95168400948588 0f4c71d341e2d939 3b6d27775fce1c7b bbbd5d2fd957e8f7 dac29ed8400b50cc c015590d6a6fe833 28a2067685cb3e97 5bf89d11a25121d9 37001ade0df85823 8bf446c0455e3c5c
307,7f95168400948588 f58ff7f1a6cde683 0772e3ab293a1f30 095bb1b6ecbd0a50 a04d6febd82a4389 da7d3c2d591c4295 09bbaa171c20bae3 3cb6b40d377e7ca8 27bc34b9887bec0d 061f3e1feeaa3094 3e8e56f639a5db5b 25145708d494530b 01b3da54ffb158a0 48f93f9c2c699e19 4f2fffd7528de786 f49e13a653cbdad2 ec1b3d7ccd3984d0 f25bfcffedaccf28 a18df74d3a16e9c0 8bf446c0455e3c5c b1dcaca98bb76736 40583079f57235a6 d5952b2e031c4e7e 1efd7bd8a34a1359 e22c35101e190db9 a292248bb2bffb3d 07f22a7ad7e4711d 77e2f7da1f9d3a8f 03dfe518713e006c e25a1da6ca187350
308,7f95168400948588 f49e13a653cbdad2 1efd7bd8a34a1359 3e8e56f639a5db5b a76ffccd2f5df1a7 43c354dbf952caaa 0772e3ab293a1f30 a18df74d3a16e9c0 d5952b2e031c4e7e 01e5a6edcee7deb0 09bbaa171c20bae3 27bc34b9887bec0d 88b62355670ec8f8 3cb6b40d377e7ca8 97d696011258825c b1dcaca98bb76736 da7d3c2d591c4295 855f2f0354e102c7 172bc0ee09332ae9 01b3da54ffb158a0 e8684734f2e587bd 77e2f7da1f9d3a8f 6406fcdb7d87b5dc 1dc7139adba034ec 061f3e1feeaa3094 f25bfcffedaccf28 07f22a7ad7e4711d 25145708d494530b 4f2fffd7528de786 34a62e66e05f9a44
309,5430097e23000368 af8e70f978cd5aee 7d83ffe83f61bdc4 db0e648651f4c92b da904d2a54ff8cf2 d6ed7e4b14c51296 9f27aa36c1ea793c 8df3f13d6af34cb3 9b2adcf4041227d7 0220a434aa8bf029 00d9f8d3f7d412b3 37001ade0df85823 42c9b72cc77dcb28 6461a9faa871b3ac 4483bbdd3241f11a 36d33c41812ce7dc 453bc79164d57a01 2bafd15871caae91 49b5678e0d1e5bcd d72363ddd958d906 83f8aca6ee2caabc dac29ed8400b50cc 7f95168400948588 351c9da399c2b915 cc861214a89ef1f4 26f72a4eb15ea8c0 f28fb3d9880c5d4c 7e4a4a1300b77a06 0cd920bad11c716d 0c2eeab1e4ce1db8
310,3e8e56f639a5db5b 1dc7139adba034ec 061f3e1feeaa3094 7f95168400948588 25145708d494530b 1c3b74a02a86467d a0b1f4dd32f3e278 4f2fffd7528de786 a2805ed52b47b8ec 09bbaa171c20bae3 d7d937303a6d5a9d d1e21234d7cc61d2 1efd7bd8a34a1359 07f22a7ad7e4711d 3cb6b40d377e7ca8 da7d3c2d591c4295 f49e13a653cbdad2 34a62e66e05f9a44 83b911ff0ff45844 60a070db9f1869b5 88b62355670ec8f8 d5952b2e031c4e7e 01b3da54ffb158a0 e8684734f2e587bd 27bc34b9887bec0d b1dcaca98bb76736 01e5a6edcee7deb0 855f2f0354e102c7 77e2f7da1f9d3a8f b6e646c13d0753ae
311,172bc0ee09332ae9 4b29fc21f912754d 6406fcdb7d87b5dc a76ffccd2f5df1a7 90ecb28f2edb9d43 f49e13a653cbdad2 285657fcdf89f00d ddf332f2b55a2a23 7f95168400948588 3e66b4855d0dddbe a2c35fdf07a13286 01e5a6edcee7deb0 2e79d45ba4d1540d 28a2067685cb3e97 07d688f5e2142b87 f58ff7f1a6cde683 cea18be9a89d7a81 3b6d27775fce1c7b 97d696011258825c 0451447dd64f6284 3cb6b40d377e7ca8 1efd7bd8a34a1359 0f4c71d341e2d939 855f2f0354e102c7 27bc34b9887bec0d f48d0fbea7dc2782 a18df74d3a16e9c0 d5952b2e031c4e7e 09bbaa171c20bae3 781f4d0147aef776
312,f76f44d372517a9a 7f95168400948588 172bc0ee09332ae9 f25bfcffedaccf28 6406fcdb7d87b5dc 9cf6709de35bf0f3 a76ffccd2f5df1a7 3cb6b40d377e7ca8 1efd7bd8a34a1359 3e66b4855d0dddbe 4b29fc21f912754d a18df74d3a16e9c0 b1dcaca98bb76736 f49e13a653cbdad2 855f2f0354e102c7 cea18be9a89d7a81 28a2067685cb3e97 c5830f9d0f1e29e5 97d696011258825c f44f74b3451aa593 a853f13216170123 48f93f9c2c699e19 3b6d27775fce1c7b f48d0fbea7dc2782 d5952b2e031c4e7e cc0c9419f8a20603 061f3e1feeaa3094 3e8e56f639a5db5b 2e79d45ba4d1540d 522bd6887960c25d
313,7f95168400948588 0772e3ab293a1f30 27bc34b9887bec0d 09bbaa171c20bae3 01b3da54ffb158a0 77e2f7da1f9d3a8f b1dcaca98bb76736 3cb6b40d377e7ca8 f49e13a653cbdad2 48f93f9c2c699e19 f25bfcffedaccf28 8bf446c0455e3c5c 0add47a043c64d7f e25a1da6ca187350 5dd752753760ced8 061f3e1feeaa3094 03dfe518713e006c a18df74d3a16e9c0 25145708d494530b e8b87ed7db1bcb1f 65ad9c583823162d 2cebd52b41930f0a dc12cc503ac0eddb c1f2e3a76d388944 6899956cd6c683f0 3e8e56f639a5db5b 88b62355670ec8f8 e0269da736ddf004 377c1150c781e37a fb2ebcb5335ad2e2
314,f49e13a653cbdad2 7f95168400948588 1efd7bd8a34a1359 6406fcdb7d87b5dc a76ffccd2f5df1a7 a18df74d3a16e9c0 48f93f9c2c699e19 97d696011258825c 0772e3ab293a1f30 4b29fc21f912754d 3e8e56f639a5db5b 3b6d27775fce1c7b 25145708d494530b 285657fcdf89f00d f25bfcffedaccf28 172bc0ee09332ae9 28a2067685cb3e97 88b62355670ec8f8 3cb6b40d377e7ca8 34a62e66e05f9a44 c015590d6a6fe833 27bc34b9887bec0d 061f3e1feeaa3094 77e2f7da1f9d3a8f ec1b3d7ccd3984d0 855f2f0354e102c7 0f4c71d341e2d939 01e5a6edcee7deb0 e8684734f2e587bd 781f4d0147aef776
315,0772e3ab293a1f30 7f95168400948588 5430097e23000368 27bc34b9887bec0d 8bf446c0455e3c5c 3cb6b40d377e7ca8 01b3da54ffb158a0 f58ff7f1a6cde683 f25bfcffedaccf28 b1dcaca98bb76736 b6d0f83aad4e4dc7 7b81f1f2b6ec2e5f 2cebd52b41930f0a fb2ebcb5335ad2e2 03dfe518713e006c 25145708d494530b d5952b2e031c4e7e 07d688f5e2142b87 8699cc5dd4159b69 01e5a6edcee7deb0 0220a434aa8bf029 feddfcf56818968e 65ad9c583823162d dc12cc503ac0eddb 48f93f9c2c699e19 f49e13a653cbdad2 09bbaa171c20bae3 cc0c9419f8a20603 a9223c28b10c131f a18df74d3a16e9c0
316,f58ff7f1a6cde683 5430097e23000368 db0e648651f4c92b 7d83ffe83f61bdc4 9b2adcf4041227d7 b6d0f83aad4e4dc7 7b81f1f2b6ec2e5f b3e75fdca5ca2f1a 6461a9faa871b3ac a04d6febd82a4389 702d8f1064ab3e30 49b5678e0d1e5bcd 37001ade0df85823 e7cad3748e50b0f8 bd9cd6b87a4fe0ce 0cd920bad11c716d 4f2fffd7528de786 0451447dd64f6284 8d58da0e1800dc96 8dc313a2cf9da354 40583079f57235a6 095bb1b6ecbd0a50 ae77487a89f2610c 5b34da30b93eb123 061f3e1feeaa3094 4483bbdd3241f11a af8e70f978cd5aee f705b637f624147e 07f22a7ad7e4711d d64c7c3b658689f4
317,6461a9faa871b3ac 5430097e23000368 db0e648651f4c92b 7d83ffe83f61bdc4 9b2adcf4041227d7 37001ade0df85823 bd9cd6b87a4fe0ce af8e70f978cd5aee 7e4a4a1300b77a06 9f27aa36c1ea793c 8df3f13d6af34cb3 ae77487a89f2610c da904d2a54ff8cf2 d6ed7e4b14c51296 00d9f8d3f7d412b3 49b5678e0d1e5bcd d72363ddd958d906 83f8aca6ee2caabc 4483bbdd3241f11a f05fa5f57dc03e81 64907c4568244eb4 453bc79164d57a01 36d33c41812ce7dc 0220a434aa8bf029 2b48ab08c915c0ad 9d5edf3b993fee50 2bafd15871caae91 b6d0f83aad4e4dc7 42c9b72cc77dcb28 f58ff7f1a6cde683
318,4c0eee2c1a5e76e2 26f72a4eb15ea8c0 7f95168400948588 09bbaa171c20bae3 3cb6b40d377e7ca8 0772e3ab293a1f30 d5952b2e031c4e7e 8bf446c0455e3c5c 27bc34b9887bec0d da7d3c2d591c4295 a76ffccd2f5df1a7 01b3da54ffb158a0 b1dcaca98bb76736 061f3e1feeaa3094 855f2f0354e102c7 01e5a6edcee7deb0 5430097e23000368 4b29fc21f912754d d92c0298f76ccf77 172bc0ee09332ae9 2cebd52b41930f0a 0f4c71d341e2d939 1c3b74a02a86467d e403278468d84383 25145708d494530b 3e8e56f639a5db5b 702d8f1064ab3e30 ced9c56f2be86774 92f42fbd0c38f7fd 5a1149fbcbd37376
319,2e44fbb8bc3d8d71 351c9da399c2b915 0c2eeab1e4ce1db8 2bafd15871caae91 fc8971756f9ec194 42c9b72cc77dcb28 74244a8703c03720 37001ade0df85823 e5fb8dc5c9cb4a19 2dd12c230ab22555 120e745e2961b5d5 f58ff7f1a6cde683 39f6296778264878 453bc79164d57a01 26fc2a95df5659c2 059bbdbdb843af6a fab14d178b24a67f 316382267dcd804f f9c6286cff30aaa8 b6d0f83aad4e4dc7 537a55eda51a3f60 5430097e23000368 b8e2f75014710ced a84cd36608cb8665 36d33c41812ce7dc f28fb3d9880c5d4c d92c0298f76ccf77 6e1b6b53c9710940 9100ea6cd0e084bf af8e70f978cd5aee
320,2bafd15871caae91 5430097e23000368 af8e70f978cd5aee 00d9f8d3f7d412b3 8df3f13d6af34cb3 9f27aa36c1ea793c d6ed7e4b14c51296 da904d2a54ff8cf2 42c9b72cc77dcb28 0c2eeab1e4ce1db8 37001ade0df85823 6e1b6b53c9710940 36d33c41812ce7dc db0e648651f4c92b f28fb3d9880c5d4c 7d83ffe83f61bdc4 2dd12c230ab22555 b8e2f75014710ced 9b2adcf4041227d7 6461a9faa871b3ac 898a4921ab9f4cce 0220a434aa8bf029 d72363ddd958d906 83f8aca6ee2caabc 453bc79164d57a01 4483bbdd3241f11a cc861214a89ef1f4 d64c06baf5ef1c90 49b5678e0d1e5bcd e5fb8dc5c9cb4a19
321,2bafd15871caae91 83f8aca6ee2caabc d72363ddd958d906 0c2eeab1e4ce1db8 36d33c41812ce7dc 453bc79164d57a01 2e44fbb8bc3d8d71 42c9b72cc77dcb28 74244a8703c03720 7f95168400948588 5430097e23000368 059bbdbdb843af6a 316382267dcd804f c810ac016901e8ac 351c9da399c2b915 0220a434aa8bf029 6461a9faa871b3ac 00d9f8d3f7d412b3 cc861214a89ef1f4 3d93a60f990a0a7c 1efd7bd8a34a1359 f49e13a653cbdad2 49b5678e0d1e5bcd af8e70f978cd5aee 01e5a6edcee7deb0 3e8e56f639a5db5b a76ffccd2f5df1a7 6406fcdb7d87b5dc ae77487a89f2610c db0e648651f4c92b
322,0772e3ab293a1f30 01e5a6edcee7deb0 f49e13a653cbdad2 cea18be9a89d7a81 1efd7bd8a34a1359 8bf446c0455e3c5c 7f95168400948588 172bc0ee09332ae9 0451447dd64f6284 f48d0fbea7dc2782 6406fcdb7d87b5dc a76ffccd2f5df1a7 43c354dbf952caaa 0f4c71d341e2d939 27bc34b9887bec0d d5952b2e031c4e7e 3cb6b40d377e7ca8 b1dcaca98bb76736 fb2ebcb5335ad2e2 01b3da54ffb158a0 4b29fc21f912754d 4d954d933e606b70 88b62355670ec8f8 48cf88c17ff38c5e c015590d6a6fe833 3e66b4855d0dddbe 09bbaa171c20bae3 b6e72edcad270be0 855f2f0354e102c7 4d9214c0925e5af8
323,3cb6b40d377e7ca8 09bbaa171c20bae3 7f95168400948588 48f93f9c2c699e19 5b4c879fc9c316fb 90ecb28f2edb9d43 0bcaac840d5e66d7 f25bfcffedaccf28 25145708d494530b 061f3e1feeaa3094 0772e3ab293a1f30 b24820ae14e16a24 a18df74d3a16e9c0 c1f2e3a76d388944 27bc34b9887bec0d 781f4d0147aef776 855f2f0354e102c7 cc0c9419f8a20603 ec1b3d7ccd3984d0 77e2f7da1f9d3a8f 2cebd52b41930f0a 4f2fffd7528de786 ad06e9eeea8eb4ea 83b911ff0ff45844 70ebf53ced736fa4 0451447dd64f6284 2e79d45ba4d1540d 07f22a7ad7e4711d 03dfe518713e006c da7d3c2d591c4295
324,1efd7bd8a34a1359 01e5a6edcee7deb0 f49e13a653cbdad2 88b62355670ec8f8 7f95168400948588 97d696011258825c 07f22a7ad7e4711d 3e8e56f639a5db5b a2c35fdf07a13286 1c3b74a02a86467d 6406fcdb7d87b5dc 43b3338423d7386c 09bbaa171c20bae3 d5952b2e031c4e7e 29968e8fd13539f8 061f3e1feeaa3094 83b911ff0ff45844 855f2f0354e102c7 34a62e66e05f9a44 40583079f57235a6 172bc0ee09332ae9 4f2fffd7528de786 a76ffccd2f5df1a7 e8684734f2e587bd b84b6c0b2e4d0306 66ccd03c9e03ac06 da7d3c2d591c4295 f25bfcffedaccf28 3e66b4855d0dddbe d7d937303a6d5a9d
325,09bbaa171c20bae3 6406fcdb7d87b5dc 1efd7bd8a34a1359 25145708d494530b b1dcaca98bb76736 3cb6b40d377e7ca8 48f93f9c2c699e19 0bcaac840d5e66d7 855f2f0354e102c7 3e8e56f639a5db5b f49e13a653cbdad2 83b911ff0ff45844 a2c35fdf07a13286 07f22a7ad7e4711d 061f3e1feeaa3094 172bc0ee09332ae9 a76ffccd2f5df1a7 4b29fc21f912754d 781f4d0147aef776 88b62355670ec8f8 7f95168400948588 0f4c71d341e2d939 77e2f7da1f9d3a8f 27bc34b9887bec0d 4f2fffd7528de786 97d696011258825c 0772e3ab293a1f30 3e66b4855d0dddbe 01e5a6edcee7deb0 34a62e66e05f9a44
326,f58ff7f1a6cde683 1efd7bd8a34a1359 da7d3c2d591c4295 0772e3ab293a1f30 7f95168400948588 061f3e1feeaa3094 f49e13a653cbdad2 d5952b2e031c4e7e 3e8e56f639a5db5b 09bbaa171c20bae3 25145708d494530b 48f93f9c2c699e19 095bb1b6ecbd0a50 e8684734f2e587bd ec1b3d7ccd3984d0 a04d6febd82a4389 bb7515be835dea49 88b62355670ec8f8 34a62e66e05f9a44 3cb6b40d377e7ca8 40583079f57235a6 07f22a7ad7e4711d 4f2fffd7528de786 b6d0f83aad4e4dc7 01b3da54ffb158a0 27bc34b9887bec0d a18df74d3a16e9c0 f25bfcffedaccf28 e22c35101e190db9 5430097e23000368
327,3cb6b40d377e7ca8 7f95168400948588 fb2ebcb5335ad2e2 25145708d494530b 48f93f9c2c699e19 0772e3ab293a1f30 07d688f5e2142b87 b24820ae14e16a24 6a3919ad9ed8197e 27bc34b9887bec0d 03dfe518713e006c cb3e4ce97e7f2881 09bbaa171c20bae3 95d25d38ba7df9c7 2cebd52b41930f0a 96445bec1579ec97 7155e5a86136eb02 3d6880bd12f6613f 0bcaac840d5e66d7 5430097e23000368 f58ff7f1a6cde683 cc0c9419f8a20603 781f4d0147aef776 ad06e9eeea8eb4ea 5b4c879fc9c316fb f25bfcffedaccf28 a2805ed52b47b8ec 2e79d45ba4d1540d 0add47a043c64d7f 095bb1b6ecbd0a50
328,a9dad59c7055b56c 34a62e66e05f9a44 25a3b47fe31bc6b5 486dd77002936dec d46598813fb437e5 b69ce8b8154645f8 7c8324ce28ffb96e 404031ab9d5977c4 4b29fc21f912754d 4f2fffd7528de786 1efd7bd8a34a1359 a76ffccd2f5df1a7 29bedd00fb2be056 413c55a5ab86881a 07f22a7ad7e4711d a982b5c3aed39396 148ac4a56a18844d 0683b6a78f54be75 81b7c7e312bfa1a0 48cf88c17ff38c5e 97d696011258825c 666bdff4faa513ca 0f4c71d341e2d939 4d9214c0925e5af8 172bc0ee09332ae9 061f3e1feeaa3094 447fc00f40d71d08 4dba7ce835494a63 1c3b74a02a86467d 3b6d27775fce1c7b
329,05f23e7d05dbf7c2 2359719a0f40ffac 8d58da0e1800dc96 5b34da30b93eb123 f2234bb7ce0c6f59 b749972436ac9791 c08c3765ac609cc0 74e59c5820900b17 e14a893f1918277e a9eef13786610446 2a06f5614060e3b6 e7cad3748e50b0f8 bed3e73d52011f68 65fac1ba1840000f f705b637f624147e 44d324ebd3e22ad7 0fbd0f422e926816 0d0368139e9a647f 00140806971e7a73 2810fb6f81d1711c ffc688c4c1c2a068 1efd7bd8a34a1359 f49e13a653cbdad2 b6d0f83aad4e4dc7 dac29ed8400b50cc 3e8e56f639a5db5b f58ff7f1a6cde683 01e5a6edcee7deb0 5430097e23000368 09bbaa171c20bae3
330,01e5a6edcee7deb0 1efd7bd8a34a1359 f49e13a653cbdad2 b3e75fdca5ca2f1a 09bbaa171c20bae3 6406fcdb7d87b5dc c28bc62802b90f82 a76ffccd2f5df1a7 172bc0ee09332ae9 e5fb8dc5c9cb4a19 d5952b2e031c4e7e 1c3b74a02a86467d a2c35fdf07a13286 07f22a7ad7e4711d 0772e3ab293a1f30 f9c6286cff30aaa8 b6d0f83aad4e4dc7 d7d937303a6d5a9d 061f3e1feeaa3094 7f95168400948588 83f8aca6ee2caabc d72363ddd958d906 88b62355670ec8f8 da7d3c2d591c4295 ae77487a89f2610c c015590d6a6fe833 34a62e66e05f9a44 4f2fffd7528de786 2bafd15871caae91 4b29fc21f912754d
331,4d9214c0925e5af8 90ecb28f2edb9d43 148ac4a56a18844d 7f95168400948588 9113e9dc940fb287 2e79d45ba4d1540d 48cf88c17ff38c5e a18df74d3a16e9c0 9f4e0d572b1f4e6c a853f13216170123 a76ffccd2f5df1a7 5b4c879fc9c316fb 3b4a85bac6ead3c8 e25a1da6ca187350 0772e3ab293a1f30 77e2f7da1f9d3a8f f25bfcffedaccf28 70ebf53ced736fa4 01b3da54ffb158a0 3cb6b40d377e7ca8 0683b6a78f54be75 bee46c54461925d0 81b7c7e312bfa1a0 c1f2e3a76d388944 27bc34b9887bec0d 4f2fffd7528de786 447fc00f40d71d08 b1dcaca98bb76736 0451447dd64f6284 07f22a7ad7e4711d
332,d72363ddd958d906 83f8aca6ee2caabc 2bafd15871caae91 1efd7bd8a34a1359 f49e13a653cbdad2 d92c0298f76ccf77 74244a8703c03720 2e44fbb8bc3d8d71 351c9da399c2b915 ae77487a89f2610c cc861214a89ef1f4 fc21db75b354a917 4f2fffd7528de786 a76ffccd2f5df1a7 0c2eeab1e4ce1db8 fab14d178b24a67f 172bc0ee09332ae9 316382267dcd804f 7f95168400948588 061f3e1feeaa3094 09bbaa171c20bae3 b6d0f83aad4e4dc7 f58ff7f1a6cde683 34a62e66e05f9a44 6406fcdb7d87b5dc e5fb8dc5c9cb4a19 059bbdbdb843af6a f9c6286cff30aaa8 2a06f5614060e3b6 453bc79164d57a01
333,7f95168400948588 f49e13a653cbdad2 1efd7bd8a34a1359 09bbaa171c20bae3 34a62e66e05f9a44 27bc34b9887bec0d 0772e3ab293a1f30 88b62355670ec8f8 01b3da54ffb158a0 77e2f7da1f9d3a8f 172bc0ee09332ae9 a76ffccd2f5df1a7 3cb6b40d377e7ca8 b1dcaca98bb76736 6406fcdb7d87b5dc 3e8e56f639a5db5b d5952b2e031c4e7e 48f93f9c2c699e19 061f3e1feeaa3094 07f22a7ad7e4711d 855f2f0354e102c7 4b29fc21f912754d 66ccd03c9e03ac06 25145708d494530b 97d696011258825c e8684734f2e587bd 0f4c71d341e2d939 ced9c56f2be86774 fb2ebcb5335ad2e2 4f2fffd7528de786
334,97d696011258825c 57113c2a4cacd961 a18df74d3a16e9c0 7f95168400948588 48f93f9c2c699e19 83f8f2fc471cad74 172bc0ee09332ae9 09bbaa171c20bae3 4b29fc21f912754d 050544c040f46152 f25bfcffedaccf28 77e2f7da1f9d3a8f 1efd7bd8a34a1359 855f2f0354e102c7 28a2067685cb3e97 f49e13a653cbdad2 a76ffccd2f5df1a7 3b6d27775fce1c7b bee46c54461925d0 3cb6b40d377e7ca8 a2c35fdf07a13286 061f3e1feeaa3094 7c98dedd223b36c0 07f22a7ad7e4711d e25a1da6ca187350 27bc34b9887bec0d 90ecb28f2edb9d43 c5830f9d0f1e29e5 0f4c71d341e2d939 e8684734f2e587bd
335,2b48ab08c915c0ad 9d5edf3b993fee50 d6ed7e4b14c51296 da904d2a54ff8cf2 9b2adcf4041227d7 9f27aa36c1ea793c 8df3f13d6af34cb3 5430097e23000368 0b774cf90856c4da f58ff7f1a6cde683 f05fa5f57dc03e81 5a1149fbcbd37376 7f95168400948588 628accd9be98503c 055d895a3b26e466 26f72a4eb15ea8c0 0772e3ab293a1f30 d72363ddd958d906 83f8aca6ee2caabc af8e70f978cd5aee 7d83ffe83f61bdc4 095bb1b6ecbd0a50 0cd920bad11c716d db0e648651f4c92b 50ba507a268872e1 c05f45f86d0771d5 7cea1f637ea3f37d fd30682593995748 453bc79164d57a01 0220a434aa8bf029
336,29968e8fd13539f8 f49e13a653cbdad2 1efd7bd8a34a1359 88b62355670ec8f8 095bb1b6ecbd0a50 01b3da54ffb158a0 7f95168400948588 0772e3ab293a1f30 46b99f864d6a075a 77e2f7da1f9d3a8f 48f93f9c2c699e19 447fc00f40d71d08 27bc34b9887bec0d 74244a8703c03720 e22c35101e190db9 855f2f0354e102c7 a18df74d3a16e9c0 ec1b3d7ccd3984d0 061f3e1feeaa3094 3e8e56f639a5db5b f209d29f991432f0 e14a893f1918277e 09bbaa171c20bae3 f25bfcffedaccf28 f58ff7f1a6cde683 e25a1da6ca187350 43b3338423d7386c 3cb6b40d377e7ca8 40583079f57235a6 d5952b2e031c4e7e
337,f58ff7f1a6cde683 b6d0f83aad4e4dc7 1efd7bd8a34a1359 74244a8703c03720 40583079f57235a6 095bb1b6ecbd0a50 f49e13a653cbdad2 f9c6286cff30aaa8 ae77487a89f2610c db0e648651f4c92b 7f95168400948588 a292248bb2bffb3d 7d83ffe83f61bdc4 a04d6febd82a4389 a017f3358d5327aa 7b81f1f2b6ec2e5f 9b2adcf4041227d7 f705b637f624147e 01e5a6edcee7deb0 d5952b2e031c4e7e 8dc313a2cf9da354 5430097e23000368 b3e75fdca5ca2f1a 33856365c271aea4 dac29ed8400b50cc 09bbaa171c20bae3 2a06f5614060e3b6 3e8e56f639a5db5b e7cad3748e50b0f8 0772e3ab293a1f30
338,88b62355670ec8f8 3e8e56f639a5db5b 01e5a6edcee7deb0 f49e13a653cbdad2 97d696011258825c 7f95168400948588 1efd7bd8a34a1359 0772e3ab293a1f30 3cb6b40d377e7ca8 1c3b74a02a86467d 29968e8fd13539f8 27bc34b9887bec0d 061f3e1feeaa3094 01b3da54ffb158a0 25145708d494530b b6d0f83aad4e4dc7 f58ff7f1a6cde683 d5952b2e031c4e7e 8bf446c0455e3c5c 09bbaa171c20bae3 fb2ebcb5335ad2e2 b1dcaca98bb76736 f25bfcffedaccf28 5430097e23000368 6406fcdb7d87b5dc 48f93f9c2c699e19 da7d3c2d591c4295 83b911ff0ff45844 a2805ed52b47b8ec b84b6c0b2e4d0306
339,0451447dd64f6284 1efd7bd8a34a1359 0772e3ab293a1f30 7f95168400948588 f49e13a653cbdad2 172bc0ee09332ae9 09bbaa171c20bae3 01e5a6edcee7deb0 6406fcdb7d87b5dc 3cb6b40d377e7ca8 01b3da54ffb158a0 3e8e56f639a5db5b c015590d6a6fe833 25145708d494530b 061f3e1feeaa3094 27bc34b9887bec0d cea18be9a89d7a81 d5952b2e031c4e7e 28a2067685cb3e97 a76ffccd2f5df1a7 da7d3c2d591c4295 4b29fc21f912754d 48f93f9c2c699e19 4f2fffd7528de786 b1dcaca98bb76736 a2c35fdf07a13286 5f94b027039f4e48 97d696011258825c ad06e9eeea8eb4ea 07f22a7ad7e4711d
340,7f95168400948588 4b29fc21f912754d 3cb6b40d377e7ca8 0772e3ab293a1f30 f58ff7f1a6cde683 a76ffccd2f5df1a7 48f93f9c2c699e19 25145708d494530b cea18be9a89d7a81 5430097e23000368 07d688f5e2142b87 3b6d27775fce1c7b ddf332f2b55a2a23 b6d0f83aad4e4dc7 09bbaa171c20bae3 27bc34b9887bec0d 351c9da399c2b915 a04d6febd82a4389 7155e5a86136eb02 3d6880bd12f6613f 28a2067685cb3e97 74244a8703c03720 62431fd374eb99fb 03dfe518713e006c b6e72edcad270be0 172bc0ee09332ae9 2cebd52b41930f0a c015590d6a6fe833 fab14d178b24a67f 77e2f7da1f9d3a8f
341,6461a9faa871b3ac 5430097e23000368 bd9cd6b87a4fe0ce ae77487a89f2610c f58ff7f1a6cde683 af8e70f978cd5aee 190ab585fd379f0f 1efd7bd8a34a1359 ecb768ef6fd223ca 0220a434aa8bf029 9b2adcf4041227d7 da904d2a54ff8cf2 d6ed7e4b14c51296 8df3f13d6af34cb3 7d83ffe83f61bdc4 9f27aa36c1ea793c db0e648651f4c92b b6d0f83aad4e4dc7 00d9f8d3f7d412b3 4483bbdd3241f11a 37001ade0df85823 f49e13a653cbdad2 2bafd15871caae91 7f95168400948588 34a62e66e05f9a44 09bbaa171c20bae3 0c2eeab1e4ce1db8 061f3e1feeaa3094 a292248bb2bffb3d 01e5a6edcee7deb0
342,a76ffccd2f5df1a7 0772e3ab293a1f30 4b29fc21f912754d 7f95168400948588 0f4c71d341e2d939 172bc0ee09332ae9 6406fcdb7d87b5dc 3b6d27775fce1c7b c015590d6a6fe833 f58ff7f1a6cde683 3e8e56f639a5db5b 27bc34b9887bec0d 25145708d494530b 1efd7bd8a34a1359 cea18be9a89d7a81 da7d3c2d591c4295 3cb6b40d377e7ca8 8bf446c0455e3c5c f49e13a653cbdad2 b6e72edcad270be0 3e66b4855d0dddbe 28a2067685cb3e97 01e5a6edcee7deb0 a2c35fdf07a13286 4d954d933e606b70 01b3da54ffb158a0 09bbaa171c20bae3 f48d0fbea7dc2782 b6d0f83aad4e4dc7 62431fd374eb99fb
343,0688c790d5806540 65ad9c583823162d dc12cc503ac0eddb feddfcf56818968e 7f95168400948588 58654e3143c6550b d0f6c00eec5eb973 a853f13216170123 5b4c879fc9c316fb 0772e3ab293a1f30 6899956cd6c683f0 d63b7f083330247f 99e833818ec4bbf2 8699cc5dd4159b69 148ac4a56a18844d f105a53e5cfae611 3cb6b40d377e7ca8 cc507a0d6fcf4a1c 6a3919ad9ed8197e 90ecb28f2edb9d43 4b29fc21f912754d 77e2f7da1f9d3a8f a76ffccd2f5df1a7 b1dcaca98bb76736 2e79d45ba4d1540d fb8bd6b95eb4702a 9113e9dc940fb287 4fe9e4e55585ba4b 62431fd374eb99fb 01b3da54ffb158a0
344,5430097e23000368 db0e648651f4c92b 7d83ffe83f61bdc4 af8e70f978cd5aee 00d9f8d3f7d412b3 8df3f13d6af34cb3 9f27aa36c1ea793c 2bafd15871caae91 42c9b72cc77dcb28 7e4a4a1300b77a06 36d33c41812ce7dc 6461a9faa871b3ac da904d2a54ff8cf2 d6ed7e4b14c51296 37001ade0df85823 49b5678e0d1e5bcd d72363ddd958d906 83f8aca6ee2caabc 453bc79164d57a01 9b2adcf4041227d7 f28fb3d9880c5d4c cc861214a89ef1f4 bbbd5d2fd957e8f7 0220a434aa8bf029 3d93a60f990a0a7c 4483bbdd3241f11a c05f45f86d0771d5 ae77487a89f2610c 7f95168400948588 dc12cc503ac0eddb
345,7f95168400948588 8abe670908f12614 f49e13a653cbdad2 6e12311169bcb24c d5952b2e031c4e7e 3cb6b40d377e7ca8 09bbaa171c20bae3 27bc34b9887bec0d 01e5a6edcee7deb0 da7d3c2d591c4295 34a62e66e05f9a44 4f2fffd7528de786 25145708d494530b 0772e3ab293a1f30 01b3da54ffb158a0 061f3e1feeaa3094 b1dcaca98bb76736 60a070db9f1869b5 f58ff7f1a6cde683 88b62355670ec8f8 8bf446c0455e3c5c 1c3b74a02a86467d 1d12acf7349196b0 3e8e56f639a5db5b 172bc0ee09332ae9 1efd7bd8a34a1359 0451447dd64f6284 97d696011258825c e8684734f2e587bd 1dc7139adba034ec
346,62431fd374eb99fb 3c565c1fc2316d16 4f915ad69e1dca36 4b29fc21f912754d a76ffccd2f5df1a7 cea18be9a89d7a81 3b6d27775fce1c7b f48d0fbea7dc2782 24c47959ea77b15b 172bc0ee09332ae9 0f4c71d341e2d939 ddf332f2b55a2a23 28a2067685cb3e97 c015590d6a6fe833 8dedff0a79784abc b6e72edcad270be0 4d954d933e606b70 50cb6a6c60ad711a 3e66b4855d0dddbe 6406fcdb7d87b5dc a2c35fdf07a13286 52370bea1acd0600 285657fcdf89f00d 3cb6b40d377e7ca8 0772e3ab293a1f30 7f95168400948588 24e582daf6f87158 66ccd03c9e03ac06 07d688f5e2142b87 404031ab9d5977c4
347,a2c35fdf07a13286 4f2fffd7528de786 172bc0ee09332ae9 6406fcdb7d87b5dc 0451447dd64f6284 a76ffccd2f5df1a7 07f22a7ad7e4711d 09bbaa171c20bae3 3e66b4855d0dddbe 0f4c71d341e2d939 855f2f0354e102c7 1efd7bd8a34a1359 4b29fc21f912754d 5b4c879fc9c316fb 48cf88c17ff38c5e 4d9214c0925e5af8 c015590d6a6fe833 a853f13216170123 35488b3b8b781278 061f3e1feeaa3094 0772e3ab293a1f30 c143c095983a65c2 b6e72edcad270be0 9113e9dc940fb287 3b6d27775fce1c7b 404031ab9d5977c4 f49e13a653cbdad2 447fc00f40d71d08 f48d0fbea7dc2782 01e5a6edcee7deb0
348,7b81f1f2b6ec2e5f c03b11a0cdc3fa39 65254e0d209fd66e f58ff7f1a6cde683 7f95168400948588 b3e75fdca5ca2f1a a017f3358d5327aa 0772e3ab293a1f30 ec1b3d7ccd3984d0 b6d0f83aad4e4dc7 a04d6febd82a4389 172bc0ee09332ae9 09bbaa171c20bae3 bd9cd6b87a4fe0ce 702d8f1064ab3e30 34a62e66e05f9a44 1efd7bd8a34a1359 a76ffccd2f5df1a7 e5fb8dc5c9cb4a19 5430097e23000368 50ba507a268872e1 27bc34b9887bec0d 4b29fc21f912754d 589ef345cb2dccfc 5b34da30b93eb123 2a06f5614060e3b6 8d58da0e1800dc96 f49e13a653cbdad2 bed3e73d52011f68 af8e70f978cd5aee
349,0772e3ab293a1f30 7f95168400948588 3cb6b40d377e7ca8 07d688f5e2142b87 27bc34b9887bec0d 8bf446c0455e3c5c b1dcaca98bb76736 2cebd52b41930f0a 01b3da54ffb158a0 5430097e23000368 03dfe518713e006c f58ff7f1a6cde683 cc0c9419f8a20603 c1f2e3a76d388944 dc12cc503ac0eddb fb2ebcb5335ad2e2 7155e5a86136eb02 8699cc5dd4159b69 ba5199dba342af68 6a3919ad9ed8197e 0eb4de784c8dd679 e403278468d84383 0add47a043c64d7f 25145708d494530b e8b87ed7db1bcb1f feddfcf56818968e 48f93f9c2c699e19 a18df74d3a16e9c0 09bbaa171c20bae3 f25bfcffedaccf28
350,5430097e23000368 db0e648651f4c92b 7d83ffe83f61bdc4 af8e70f978cd5aee 8df3f13d6af34cb3 9f27aa36c1ea793c da904d2a54ff8cf2 d6ed7e4b14c51296 00d9f8d3f7d412b3 9b2adcf4041227d7 0220a434aa8bf029 36d33c41812ce7dc 6461a9faa871b3ac 4483bbdd3241f11a 37001ade0df85823 453bc79164d57a01 49b5678e0d1e5bcd 7e4a4a1300b77a06 2bafd15871caae91 ae77487a89f2610c 83f8aca6ee2caabc d72363ddd958d906 3d93a60f990a0a7c 42c9b72cc77dcb28 61ba7707ef6a5a99 0c2eeab1e4ce1db8 f28fb3d9880c5d4c 059bbdbdb843af6a f58ff7f1a6cde683 cc861214a89ef1f4
351,7f95168400948588 0772e3ab293a1f30 cc0c9419f8a20603 2cebd52b41930f0a 4beacc71024f8b08 1d72229ebcc00faf 07d688f5e2142b87 f25bfcffedaccf28 8bf446c0455e3c5c f58ff7f1a6cde683 061f3e1feeaa3094 a18df74d3a16e9c0 a9223c28b10c131f a76ffccd2f5df1a7 3cb6b40d377e7ca8 25145708d494530b 4b29fc21f912754d 538c7bb968b2154c 3b6d27775fce1c7b 27bc34b9887bec0d 6406fcdb7d87b5dc 03dfe518713e006c c015590d6a6fe833 01b3da54ffb158a0 b6e72edcad270be0 f49e13a653cbdad2 172bc0ee09332ae9 0add47a043c64d7f 28a2067685cb3e97 b1dcaca98bb76736
352,1efd7bd8a34a1359 0772e3ab293a1f30 3e8e56f639a5db5b f49e13a653cbdad2 7f95168400948588 01e5a6edcee7deb0 01b3da54ffb158a0 061f3e1feeaa3094 29968e8fd13539f8 25145708d494530b 09bbaa171c20bae3 a76ffccd2f5df1a7 88b62355670ec8f8 48f93f9c2c699e19 27bc34b9887bec0d 3cb6b40d377e7ca8 ec1b3d7ccd3984d0 77e2f7da1f9d3a8f b1dcaca98bb76736 3b6d27775fce1c7b a18df74d3a16e9c0 d7d937303a6d5a9d 855f2f0354e102c7 c015590d6a6fe833 6406fcdb7d87b5dc 172bc0ee09332ae9 da7d3c2d591c4295 f25bfcffedaccf28 4b29fc21f912754d 0f4c71d341e2d939
353,7f95168400948588 a18df74d3a16e9c0 97d696011258825c 1efd7bd8a34a1359 3e8e56f639a5db5b d3c4a7db726191e0 f49e13a653cbdad2 f25bfcffedaccf28 09bbaa171c20bae3 d5952b2e031c4e7e 01e5a6edcee7deb0 0772e3ab293a1f30 77e2f7da1f9d3a8f 3cb6b40d377e7ca8 061f3e1feeaa3094 a76ffccd2f5df1a7 172bc0ee09332ae9 855f2f0354e102c7 6406fcdb7d87b5dc 07d688f5e2142b87 7c98dedd223b36c0 a2805ed52b47b8ec 88b62355670ec8f8 0683b6a78f54be75 447fc00f40d71d08 538c7bb968b2154c 83f8f2fc471cad74 70ebf53ced736fa4 4b29fc21f912754d ec1b3d7ccd3984d0
354,7f95168400948588 a76ffccd2f5df1a7 0772e3ab293a1f30 3b6d27775fce1c7b c015590d6a6fe833 0f4c71d341e2d939 4b29fc21f912754d 8bf446c0455e3c5c 01b3da54ffb158a0 28a2067685cb3e97 27bc34b9887bec0d f49e13a653cbdad2 3e8e56f639a5db5b f25bfcffedaccf28 3cb6b40d377e7ca8 1c3b74a02a86467d a18df74d3a16e9c0 172bc0ee09332ae9 1efd7bd8a34a1359 cea18be9a89d7a81 09bbaa171c20bae3 fb2ebcb5335ad2e2 061f3e1feeaa3094 48f93f9c2c699e19 25145708d494530b b1dcaca98bb76736 c1f2e3a76d388944 f48d0fbea7dc2782 ec1b3d7ccd3984d0 3e66b4855d0dddbe
355,c015590d6a6fe833 f49e13a653cbdad2 f58ff7f1a6cde683 1efd7bd8a34a1359 b6d0f83aad4e4dc7 7f95168400948588 3e8e56f639a5db5b 095bb1b6ecbd0a50 5430097e23000368 6406fcdb7d87b5dc 01e5a6edcee7deb0 88b62355670ec8f8 a76ffccd2f5df1a7 0772e3ab293a1f30 7d83ffe83f61bdc4 db0e648651f4c92b 0220a434aa8bf029 d5952b2e031c4e7e 27bc34b9887bec0d f705b637f624147e b1dcaca98bb76736 172bc0ee09332ae9 061f3e1feeaa3094 4d9214c0925e5af8 09bbaa171c20bae3 01b3da54ffb158a0 4f2fffd7528de786 855f2f0354e102c7 da7d3c2d591c4295 35488b3b8b781278
356,dac29ed8400b50cc f58ff7f1a6cde683 c08c3765ac609cc0 27bc34b9887bec0d 7f95168400948588 4a5ac473c9d176ba 5b34da30b93eb123 54f55c74d37db3c0 8d58da0e1800dc96 a04d6febd82a4389 05f23e7d05dbf7c2 2a06f5614060e3b6 f705b637f624147e 1efd7bd8a34a1359 bed3e73d52011f68 0d0368139e9a647f 09bbaa171c20bae3 b6d0f83aad4e4dc7 f49e13a653cbdad2 a292248bb2bffb3d e14a893f1918277e 3cb6b40d377e7ca8 44d324ebd3e22ad7 702d8f1064ab3e30 40583079f57235a6 b3e75fdca5ca2f1a e7cad3748e50b0f8 061f3e1feeaa3094 095bb1b6ecbd0a50 0772e3ab293a1f30
357,7f95168400948588 0772e3ab293a1f30 f58ff7f1a6cde683 3cb6b40d377e7ca8 a76ffccd2f5df1a7 25145708d494530b cea18be9a89d7a81 3b6d27775fce1c7b 4b29fc21f912754d 07d688f5e2142b87 8bf446c0455e3c5c f25bfcffedaccf28 48f93f9c2c699e19 a18df74d3a16e9c0 27bc34b9887bec0d 28a2067685cb3e97 f48d0fbea7dc2782 0f4c71d341e2d939 c1f2e3a76d388944 c015590d6a6fe833 2cebd52b41930f0a 5430097e23000368 03dfe518713e006c cc0c9419f8a20603 3e8e56f639a5db5b b1dcaca98bb76736 09bbaa171c20bae3 1efd7bd8a34a1359 62431fd374eb99fb ec1b3d7ccd3984d0
358,45630e1451157ff3 09bbaa171c20bae3 7f95168400948588 3cb6b40d377e7ca8 27bc34b9887bec0d 48f93f9c2c699e19 25145708d494530b 34a62e66e05f9a44 061f3e1feeaa3094 0772e3ab293a1f30 ec1b3d7ccd3984d0 f49e13a653cbdad2 a76ffccd2f5df1a7 01b3da54ffb158a0 28a2067685cb3e97 1efd7bd8a34a1359 03dfe518713e006c c015590d6a6fe833 3e8e56f639a5db5b 3b6d27775fce1c7b 77e2f7da1f9d3a8f 172bc0ee09332ae9 da7d3c2d591c4295 1c3b74a02a86467d d5952b2e031c4e7e 964a50d33717c26d 4b29fc21f912754d 01e5a6edcee7deb0 88b62355670ec8f8 f25bfcffedaccf28
359,5430097e23000368 f58ff7f1a6cde683 3cb6b40d377e7ca8 0772e3ab293a1f30 7f95168400948588 09bbaa171c20bae3 7b81f1f2b6ec2e5f db0e648651f4c92b 7d83ffe83f61bdc4 6461a9faa871b3ac b6d0f83aad4e4dc7 061f3e1feeaa3094 3e8e56f639a5db5b 25145708d494530b b3e75fdca5ca2f1a 9b2adcf4041227d7 bd9cd6b87a4fe0ce ae77487a89f2610c a04d6febd82a4389 8d58da0e1800dc96 7e4a4a1300b77a06 27bc34b9887bec0d 01020d1b0821f4c7 49b5678e0d1e5bcd 44d324ebd3e22ad7 da7d3c2d591c4295 2bafd15871caae91 a292248bb2bffb3d 37001ade0df85823 1dc7139adba034ec
360,a76ffccd2f5df1a7 4b29fc21f912754d 172bc0ee09332ae9 5b4c879fc9c316fb 09bbaa171c20bae3 4f2fffd7528de786 a853f13216170123 9113e9dc940fb287 3cb6b40d377e7ca8 b6d0f83aad4e4dc7 7f95168400948588 0f4c71d341e2d939 da7d3c2d591c4295 0683b6a78f54be75 5430097e23000368 148ac4a56a18844d 07f22a7ad7e4711d f58ff7f1a6cde683 061f3e1feeaa3094 0451447dd64f6284 ddf332f2b55a2a23 77e2f7da1f9d3a8f 4dba7ce835494a63 90ecb28f2edb9d43 a2c35fdf07a13286 f48d0fbea7dc2782 25145708d494530b 3b6d27775fce1c7b b6e72edcad270be0 48cf88c17ff38c5e
361,28a2067685cb3e97 7f95168400948588 3b6d27775fce1c7b cea18be9a89d7a81 4b29fc21f912754d 3cb6b40d377e7ca8 48f93f9c2c699e19 172bc0ee09332ae9 f25bfcffedaccf28 6406fcdb7d87b5dc 285657fcdf89f00d 62431fd374eb99fb 4f915ad69e1dca36 a76ffccd2f5df1a7 c015590d6a6fe833 ddf332f2b55a2a23 25145708d494530b 52370bea1acd0600 f48d0fbea7dc2782 4d954d933e606b70 a2c35fdf07a13286 07d688f5e2142b87 5f94b027039f4e48 0add47a043c64d7f 1d12acf7349196b0 cc0c9419f8a20603 1efd7bd8a34a1359 0772e3ab293a1f30 a18df74d3a16e9c0 8dedff0a79784abc
362,f705b637f624147e f58ff7f1a6cde683 095bb1b6ecbd0a50 b6d0f83aad4e4dc7 39f6296778264878 5430097e23000368 a04d6febd82a4389 2e44fbb8bc3d8d71 7f95168400948588 7d83ffe83f61bdc4 db0e648651f4c92b 351c9da399c2b915 40583079f57235a6 ae77487a89f2610c 7b81f1f2b6ec2e5f bd9cd6b87a4fe0ce 9b2adcf4041227d7 e14a893f1918277e 74244a8703c03720 f49e13a653cbdad2 4a5ac473c9d176ba 8dc313a2cf9da354 0cd920bad11c716d f9c6286cff30aaa8 af8e70f978cd5aee e7cad3748e50b0f8 6406fcdb7d87b5dc 37001ade0df85823 d92c0298f76ccf77 a292248bb2bffb3d
363,90ecb28f2edb9d43 48f93f9c2c699e19 172bc0ee09332ae9 0bcaac840d5e66d7 5b4c879fc9c316fb 09bbaa171c20bae3 3cb6b40d377e7ca8 4b29fc21f912754d 77e2f7da1f9d3a8f 25145708d494530b 855f2f0354e102c7 061f3e1feeaa3094 2e79d45ba4d1540d 4f2fffd7528de786 bee46c54461925d0 7f95168400948588 5867d40811c0229f 9113e9dc940fb287 3b6d27775fce1c7b a2c35fdf07a13286 b24820ae14e16a24 70ebf53ced736fa4 148ac4a56a18844d 27bc34b9887bec0d f25bfcffedaccf28 0683b6a78f54be75 cea18be9a89d7a81 6406fcdb7d87b5dc e9c20b67a4c5395f 9cf6709de35bf0f3
364,4f2fffd7528de786 0bcaac840d5e66d7 a2c35fdf07a13286 0451447dd64f6284 5b4c879fc9c316fb 25145708d494530b 90ecb28f2edb9d43 1efd7bd8a34a1359 6406fcdb7d87b5dc 061f3e1feeaa3094 4b29fc21f912754d 3e66b4855d0dddbe 666bdff4faa513ca 66ccd03c9e03ac06 172bc0ee09332ae9 2e79d45ba4d1540d 3b6d27775fce1c7b 07f22a7ad7e4711d 09bbaa171c20bae3 81b7c7e312bfa1a0 bb7515be835dea49 a76ffccd2f5df1a7 855f2f0354e102c7 48f93f9c2c699e19 9113e9dc940fb287 538c7bb968b2154c 5430097e23000368 35488b3b8b781278 28a2067685cb3e97 07d688f5e2142b87
365,0772e3ab293a1f30 7f95168400948588 3cb6b40d377e7ca8 a76ffccd2f5df1a7 4b29fc21f912754d 27bc34b9887bec0d 01b3da54ffb158a0 3b6d27775fce1c7b cea18be9a89d7a81 74873b42602d8958 28a2067685cb3e97 0f4c71d341e2d939 3e8e56f639a5db5b 172bc0ee09332ae9 c015590d6a6fe833 8bf446c0455e3c5c 5430097e23000368 f49e13a653cbdad2 b1dcaca98bb76736 09bbaa171c20bae3 48f93f9c2c699e19 07d688f5e2142b87 25145708d494530b 4483bbdd3241f11a fb2ebcb5335ad2e2 fd30682593995748 061f3e1feeaa3094 f25bfcffedaccf28 f48d0fbea7dc2782 d5952b2e031c4e7e
366,0772e3ab293a1f30 7f95168400948588 cea18be9a89d7a81 4b29fc21f912754d a76ffccd2f5df1a7 c015590d6a6fe833 62431fd374eb99fb 0f4c71d341e2d939 f48d0fbea7dc2782 28a2067685cb3e97 27bc34b9887bec0d 3b6d27775fce1c7b 3cb6b40d377e7ca8 8bf446c0455e3c5c 172bc0ee09332ae9 b6e72edcad270be0 4f915ad69e1dca36 4d954d933e606b70 ddf332f2b55a2a23 24c47959ea77b15b 03dfe518713e006c 01b3da54ffb158a0 50cb6a6c60ad711a dc12cc503ac0eddb 3c565c1fc2316d16 fb2ebcb5335ad2e2 b1dcaca98bb76736 f58ff7f1a6cde683 8699cc5dd4159b69 07d688f5e2142b87
367,65ad9c583823162d 0772e3ab293a1f30 6e12311169bcb24c dc12cc503ac0eddb 7f95168400948588 feddfcf56818968e 3cb6b40d377e7ca8 d63b7f083330247f 99e833818ec4bbf2 6899956cd6c683f0 8699cc5dd4159b69 c1f2e3a76d388944 4fe9e4e55585ba4b fb8bd6b95eb4702a 8bf446c0455e3c5c b1dcaca98bb76736 27bc34b9887bec0d a65e30106ea50423 cc2cc23a98c14c33 72b80b099fd64ec4 01b3da54ffb158a0 d216e5458ad70e60 3e8e56f639a5db5b 0647acc4602d4e8f 0688c790d5806540 87c5481930cfe126 65708d542bd01f39 377c1150c781e37a 8a5635c748344d47 f25bfcffedaccf28
368,3cb6b40d377e7ca8 855f2f0354e102c7 3e66b4855d0dddbe a853f13216170123 7f95168400948588 5b4c879fc9c316fb 0683b6a78f54be75 061f3e1feeaa3094 0451447dd64f6284 172bc0ee09332ae9 90ecb28f2edb9d43 70ebf53ced736fa4 07d688f5e2142b87 cc0c9419f8a20603 148ac4a56a18844d ad06e9eeea8eb4ea 2e79d45ba4d1540d 2cebd52b41930f0a f49e13a653cbdad2 3a6e7894dde31c67 447fc00f40d71d08 77e2f7da1f9d3a8f 4f2fffd7528de786 f25bfcffedaccf28 0772e3ab293a1f30 27bc34b9887bec0d 48f93f9c2c699e19 f76f44d372517a9a 25145708d494530b 3e8e56f639a5db5b
369,7f95168400948588 cc2cc23a98c14c33 0772e3ab293a1f30 3cb6b40d377e7ca8 f25bfcffedaccf28 27bc34b9887bec0d 2cebd52b41930f0a c1f2e3a76d388944 01b3da54ffb158a0 f49e13a653cbdad2 48f93f9c2c699e19 b1dcaca98bb76736 8bf446c0455e3c5c 09bbaa171c20bae3 061f3e1feeaa3094 a18df74d3a16e9c0 77e2f7da1f9d3a8f 07d688f5e2142b87 da7d3c2d591c4295 cc0c9419f8a20603 d5952b2e031c4e7e fb2ebcb5335ad2e2 03dfe518713e006c f76f44d372517a9a 25145708d494530b e25a1da6ca187350 97d696011258825c 0add47a043c64d7f e8b87ed7db1bcb1f b6e646c13d0753ae
370,1efd7bd8a34a1359 48f93f9c2c699e19 25145708d494530b 3cb6b40d377e7ca8 7f95168400948588 172bc0ee09332ae9 88b62355670ec8f8 061f3e1feeaa3094 3e8e56f639a5db5b a2c35fdf07a13286 4b29fc21f912754d f25bfcffedaccf28 09bbaa171c20bae3 f49e13a653cbdad2 0772e3ab293a1f30 52aa48c07b34dc88 3b6d27775fce1c7b 28a2067685cb3e97 a76ffccd2f5df1a7 01e5a6edcee7deb0 3e66b4855d0dddbe e8684734f2e587bd a18df74d3a16e9c0 45bd99d5d2eef776 07f22a7ad7e4711d ec1b3d7ccd3984d0 855f2f0354e102c7 0451447dd64f6284 c1f2e3a76d388944 27bc34b9887bec0d
371,7f95168400948588 5430097e23000368 0772e3ab293a1f30 3cb6b40d377e7ca8 27bc34b9887bec0d dc12cc503ac0eddb 2bafd15871caae91 f25bfcffedaccf28 01b3da54ffb158a0 25145708d494530b 8bf446c0455e3c5c 09bbaa171c20bae3 48f93f9c2c699e19 7d83ffe83f61bdc4 2cebd52b41930f0a feddfcf56818968e 03dfe518713e006c db0e648651f4c92b f58ff7f1a6cde683 351c9da399c2b915 65ad9c583823162d 8699cc5dd4159b69 a18df74d3a16e9c0 b1dcaca98bb76736 b6d0f83aad4e4dc7 cc0c9419f8a20603 af8e70f978cd5aee da7d3c2d591c4295 77e2f7da1f9d3a8f fb2ebcb5335ad2e2
372,5430097e23000368 2bafd15871caae91 0772e3ab293a1f30 c05f45f86d0771d5 d72363ddd958d906 83f8aca6ee2caabc fc8971756f9ec194 42c9b72cc77dcb28 c810ac016901e8ac 7d83ffe83f61bdc4 db0e648651f4c92b 0220a434aa8bf029 cec2eea2a1fe566a 9b2adcf4041227d7 f28fb3d9880c5d4c a84cd36608cb8665 2e44fbb8bc3d8d71 cc861214a89ef1f4 af8e70f978cd5aee 0c2eeab1e4ce1db8 d64c06baf5ef1c90 74244a8703c03720 c28bc62802b90f82 37001ade0df85823 6461a9faa871b3ac 7f95168400948588 f58ff7f1a6cde683 da904d2a54ff8cf2 d6ed7e4b14c51296 9f27aa36c1ea793c
373,6406fcdb7d87b5dc f49e13a653cbdad2 0451447dd64f6284 09bbaa171c20bae3 1efd7bd8a34a1359 a76ffccd2f5df1a7 01e5a6edcee7deb0 3e8e56f639a5db5b b6d0f83aad4e4dc7 061f3e1feeaa3094 4b29fc21f912754d 7f95168400948588 f58ff7f1a6cde683 172bc0ee09332ae9 a2c35fdf07a13286 4f2fffd7528de786 25145708d494530b d5952b2e031c4e7e 3cb6b40d377e7ca8 88b62355670ec8f8 28a2067685cb3e97 3b6d27775fce1c7b 27bc34b9887bec0d 5430097e23000368 97d696011258825c 1c3b74a02a86467d 07f22a7ad7e4711d db0e648651f4c92b 0772e3ab293a1f30 0f4c71d341e2d939
374,3cb6b40d377e7ca8 7f95168400948588 2cebd52b41930f0a cc0c9419f8a20603 0772e3ab293a1f30 0bcaac840d5e66d7 07d688f5e2142b87 48f93f9c2c699e19 c1f2e3a76d388944 27bc34b9887bec0d 25145708d494530b 90ecb28f2edb9d43 5b4c879fc9c316fb f25bfcffedaccf28 a18df74d3a16e9c0 09bbaa171c20bae3 6a3919ad9ed8197e 0451447dd64f6284 03dfe518713e006c 061f3e1feeaa3094 77e2f7da1f9d3a8f 01b3da54ffb158a0 ad06e9eeea8eb4ea 4b29fc21f912754d b1dcaca98bb76736 0add47a043c64d7f 3d6880bd12f6613f 855f2f0354e102c7 2e79d45ba4d1540d b24820ae14e16a24
375,62431fd374eb99fb cea18be9a89d7a81 4f915ad69e1dca36 28a2067685cb3e97 e228204ae08d1355 8dedff0a79784abc 3c565c1fc2316d16 3b4a85bac6ead3c8 4b29fc21f912754d 0772e3ab293a1f30 50cb6a6c60ad711a 520ec719078be07c a76ffccd2f5df1a7 65ad9c583823162d 6e12311169bcb24c 3b6d27775fce1c7b cc2cc23a98c14c33 f48d0fbea7dc2782 24c47959ea77b15b 8e83d05923cde390 7eec211cc37a1b05 0c15f252d30646fc 249bf372159f33e9 c015590d6a6fe833 3cb6b40d377e7ca8 ddf332f2b55a2a23 dc12cc503ac0eddb d63b7f083330247f 0f4c71d341e2d939 7f95168400948588
376,7f95168400948588 0772e3ab293a1f30 a76ffccd2f5df1a7 1efd7bd8a34a1359 f49e13a653cbdad2 27bc34b9887bec0d 3cb6b40d377e7ca8 3e8e56f639a5db5b 01b3da54ffb158a0 4b29fc21f912754d 09bbaa171c20bae3 25145708d494530b c015590d6a6fe833 0f4c71d341e2d939 3b6d27775fce1c7b 8bf446c0455e3c5c b1dcaca98bb76736 061f3e1feeaa3094 48f93f9c2c699e19 dc12cc503ac0eddb a18df74d3a16e9c0 fb2ebcb5335ad2e2 b6d0f83aad4e4dc7 88b62355670ec8f8 d5952b2e031c4e7e 28a2067685cb3e97 01e5a6edcee7deb0 f25bfcffedaccf28 65ad9c583823162d e22c35101e190db9
377,0772e3ab293a1f30 28a2067685cb3e97 f49e13a653cbdad2 48f93f9c2c699e19 3b6d27775fce1c7b f58ff7f1a6cde683 1efd7bd8a34a1359 061f3e1feeaa3094 f25bfcffedaccf28 3e8e56f639a5db5b 6406fcdb7d87b5dc b6d0f83aad4e4dc7 7f95168400948588 25145708d494530b 3cb6b40d377e7ca8 a18df74d3a16e9c0 a76ffccd2f5df1a7 4b29fc21f912754d 09bbaa171c20bae3 172bc0ee09332ae9 cea18be9a89d7a81 43b3338423d7386c 855f2f0354e102c7 77e2f7da1f9d3a8f 5430097e23000368 01b3da54ffb158a0 095bb1b6ecbd0a50 01e5a6edcee7deb0 88b62355670ec8f8 97d696011258825c
378,7f95168400948588 172bc0ee09332ae9 1efd7bd8a34a1359 a2c35fdf07a13286 09bbaa171c20bae3 97d696011258825c da7d3c2d591c4295 07f22a7ad7e4711d a76ffccd2f5df1a7 4f2fffd7528de786 f49e13a653cbdad2 4b29fc21f912754d 34a62e66e05f9a44 3cb6b40d377e7ca8 061f3e1feeaa3094 29968e8fd13539f8 6406fcdb7d87b5dc 3e8e56f639a5db5b d5952b2e031c4e7e 66ccd03c9e03ac06 c5830f9d0f1e29e5 f44f74b3451aa593 ae77487a89f2610c 855f2f0354e102c7 83b911ff0ff45844 f25bfcffedaccf28 1c3b74a02a86467d 88b62355670ec8f8 3e66b4855d0dddbe a2805ed52b47b8ec
379,f49e13a653cbdad2 25145708d494530b 48f93f9c2c699e19 1efd7bd8a34a1359 88b62355670ec8f8 01e5a6edcee7deb0 97d696011258825c 7f95168400948588 0451447dd64f6284 09bbaa171c20bae3 061f3e1feeaa3094 3e8e56f639a5db5b 43b3338423d7386c 3cb6b40d377e7ca8 0772e3ab293a1f30 ec1b3d7ccd3984d0 f25bfcffedaccf28 4f2fffd7528de786 27bc34b9887bec0d 1c3b74a02a86467d 855f2f0354e102c7 a2805ed52b47b8ec d5952b2e031c4e7e 01b3da54ffb158a0 da7d3c2d591c4295 e9c20b67a4c5395f d7d937303a6d5a9d 07f22a7ad7e4711d 0bcaac840d5e66d7 77e2f7da1f9d3a8f
380,0772e3ab293a1f30 f49e13a653cbdad2 1efd7bd8a34a1359 7f95168400948588 09bbaa171c20bae3 27bc34b9887bec0d 172bc0ee09332ae9 3e8e56f639a5db5b f58ff7f1a6cde683 a76ffccd2f5df1a7 01e5a6edcee7deb0 3cb6b40d377e7ca8 6406fcdb7d87b5dc 25145708d494530b 0451447dd64f6284 48f93f9c2c699e19 34a62e66e05f9a44 d5952b2e031c4e7e da7d3c2d591c4295 77e2f7da1f9d3a8f a2c35fdf07a13286 01b3da54ffb158a0 b1dcaca98bb76736 88b62355670ec8f8 061f3e1feeaa3094 855f2f0354e102c7 0f4c71d341e2d939 74244a8703c03720 07f22a7ad7e4711d c015590d6a6fe833
381,3d93a60f990a0a7c 453bc79164d57a01 36d33c41812ce7dc 059bbdbdb843af6a 4483bbdd3241f11a c810ac016901e8ac d72363ddd958d906 83f8aca6ee2caabc 2bafd15871caae91 cc861214a89ef1f4 d64c06baf5ef1c90 61ba7707ef6a5a99 42c9b72cc77dcb28 8b7c486a910dd004 2dd12c230ab22555 e5fb8dc5c9cb4a19 2e44fbb8bc3d8d71 af8e70f978cd5aee f28fb3d9880c5d4c 0c2eeab1e4ce1db8 5430097e23000368 b8e2f75014710ced 8df3f13d6af34cb3 9c9a9d45c2ea7ddf 4105533fe46dfba9 9f27aa36c1ea793c 6e1b6b53c9710940 d6ed7e4b14c51296 da904d2a54ff8cf2 9b2adcf4041227d7
382,d72363ddd958d906 83f8aca6ee2caabc 9b2adcf4041227d7 9d5edf3b993fee50 2b48ab08c915c0ad 8df3f13d6af34cb3 9f27aa36c1ea793c 42c9b72cc77dcb28 453bc79164d57a01 d6ed7e4b14c51296 da904d2a54ff8cf2 2bafd15871caae91 fc8971756f9ec194 5430097e23000368 059bbdbdb843af6a 0c2eeab1e4ce1db8 c810ac016901e8ac af8e70f978cd5aee 0b774cf90856c4da 00d9f8d3f7d412b3 36d33c41812ce7dc f28fb3d9880c5d4c 49b5678e0d1e5bcd 6461a9faa871b3ac db0e648651f4c92b 7d83ffe83f61bdc4 2e44fbb8bc3d8d71 01e5a6edcee7deb0 cba7e22bb383083a 50ba507a268872e1
383,7f95168400948588 09bbaa171c20bae3 40583079f57235a6 3cb6b40d377e7ca8 da7d3c2d591c4295 0451447dd64f6284 f49e13a653cbdad2 34a62e66e05f9a44 f58ff7f1a6cde683 a292248bb2bffb3d 0772e3ab293a1f30 d5952b2e031c4e7e 061f3e1feeaa3094 b6d0f83aad4e4dc7 25145708d494530b 27bc34b9887bec0d 4f2fffd7528de786 172bc0ee09332ae9 ae77487a89f2610c 33856365c271aea4 095bb1b6ecbd0a50 b6e646c13d0753ae a04d6febd82a4389 b1dcaca98bb76736 97d696011258825c ce2fe99a7cda4a17 2a06f5614060e3b6 88b62355670ec8f8 01b3da54ffb158a0 1efd7bd8a34a1359
384,52370bea1acd0600 3b6d27775fce1c7b 28a2067685cb3e97 6406fcdb7d87b5dc 4b29fc21f912754d 48f93f9c2c699e19 285657fcdf89f00d a76ffccd2f5df1a7 c015590d6a6fe833 7f95168400948588 172bc0ee09332ae9 25145708d494530b 148ac4a56a18844d 0683b6a78f54be75 3cb6b40d377e7ca8 cea18be9a89d7a81 0451447dd64f6284 f48d0fbea7dc2782 ddf332f2b55a2a23 b6e72edcad270be0 4d954d933e606b70 1efd7bd8a34a1359 5b4c879fc9c316fb 70ebf53ced736fa4 a18df74d3a16e9c0 f25bfcffedaccf28 f49e13a653cbdad2 0f4c71d341e2d939 90ecb28f2edb9d43 f58ff7f1a6cde683
385,7f95168400948588 09bbaa171c20bae3 f25bfcffedaccf28 34a62e66e05f9a44 27bc34b9887bec0d 3cb6b40d377e7ca8 1efd7bd8a34a1359 c5830f9d0f1e29e5 061f3e1feeaa3094 050544c040f46152 4f2fffd7528de786 855f2f0354e102c7 f49e13a653cbdad2 07f22a7ad7e4711d 48f93f9c2c699e19 ec1b3d7ccd3984d0 01b3da54ffb158a0 97d696011258825c d5952b2e031c4e7e 88b62355670ec8f8 77e2f7da1f9d3a8f c36c2dce0e6e434f 1c3b74a02a86467d db69d4cbfef8d22f 83b911ff0ff45844 a18df74d3a16e9c0 f76f44d372517a9a 7c98dedd223b36c0 90ecb28f2edb9d43 48cf88c17ff38c5e
386,0add47a043c64d7f 1fe79c7de59ff6c6 0772e3ab293a1f30 7f95168400948588 07d688f5e2142b87 d5952b2e031c4e7e 48f93f9c2c699e19 f49e13a653cbdad2 a18df74d3a16e9c0 c1f2e3a76d388944 061f3e1feeaa3094 f25bfcffedaccf28 3cb6b40d377e7ca8 25145708d494530b 2e79d45ba4d1540d 8bf446c0455e3c5c 0451447dd64f6284 3e8e56f639a5db5b 27bc34b9887bec0d e8b87ed7db1bcb1f 09bbaa171c20bae3 a2805ed52b47b8ec b1dcaca98bb76736 da7d3c2d591c4295 ec1b3d7ccd3984d0 90ecb28f2edb9d43 97d696011258825c e25a1da6ca187350 1dc7139adba034ec cc0c9419f8a20603
387,f58ff7f1a6cde683 7f95168400948588 8d58da0e1800dc96 05f23e7d05dbf7c2 00140806971e7a73 b6d0f83aad4e4dc7 e14a893f1918277e 4a5ac473c9d176ba f2234bb7ce0c6f59 b749972436ac9791 5b34da30b93eb123 0d0368139e9a647f 44d324ebd3e22ad7 72403ecdfe02bba6 f705b637f624147e a9eef13786610446 2359719a0f40ffac f49e13a653cbdad2 01020d1b0821f4c7 a04d6febd82a4389 2a06f5614060e3b6 005666aa098abe8e 74e59c5820900b17 f9c6286cff30aaa8 c08c3765ac609cc0 bed3e73d52011f68 3cb6b40d377e7ca8 73391e0853c1e040 f25bfcffedaccf28 bd9cd6b87a4fe0ce
388,09bbaa171c20bae3 48f93f9c2c699e19 3cb6b40d377e7ca8 27bc34b9887bec0d f49e13a653cbdad2 ec1b3d7ccd3984d0 061f3e1feeaa3094 f25bfcffedaccf28 7f95168400948588 d5952b2e031c4e7e a18df74d3a16e9c0 25145708d494530b 1efd7bd8a34a1359 855f2f0354e102c7 97d696011258825c 01b3da54ffb158a0 0772e3ab293a1f30 77e2f7da1f9d3a8f e22c35101e190db9 095bb1b6ecbd0a50 172bc0ee09332ae9 e8684734f2e587bd 43b3338423d7386c 28a2067685cb3e97 0451447dd64f6284 90ecb28f2edb9d43 48cf88c17ff38c5e 964a50d33717c26d 4b29fc21f912754d 29968e8fd13539f8
389,f49e13a653cbdad2 7f95168400948588 48f93f9c2c699e19 f25bfcffedaccf28 1efd7bd8a34a1359 a18df74d3a16e9c0 28a2067685cb3e97 3e8e56f639a5db5b 6406fcdb7d87b5dc 25145708d494530b 97d696011258825c fb2ebcb5335ad2e2 3b6d27775fce1c7b 0772e3ab293a1f30 a76ffccd2f5df1a7 09bbaa171c20bae3 4b29fc21f912754d 0451447dd64f6284 061f3e1feeaa3094 3cb6b40d377e7ca8 172bc0ee09332ae9 0683b6a78f54be75 ec1b3d7ccd3984d0 148ac4a56a18844d 27bc34b9887bec0d d5952b2e031c4e7e e8684734f2e587bd 01e5a6edcee7deb0 285657fcdf89f00d a2c35fdf07a13286
390,f58ff7f1a6cde683 095bb1b6ecbd0a50 b6d0f83aad4e4dc7 eff60ceea8817dad a04d6febd82a4389 5430097e23000368 0220a434aa8bf029 702d8f1064ab3e30 7d83ffe83f61bdc4 db0e648651f4c92b f705b637f624147e 74244a8703c03720 01020d1b0821f4c7 54f55c74d37db3c0 0cd920bad11c716d 9b2adcf4041227d7 589ef345cb2dccfc 8dc313a2cf9da354 73391e0853c1e040 72403ecdfe02bba6 40583079f57235a6 bb7515be835dea49 70776cdd9bb3b7d4 0772e3ab293a1f30 e7cad3748e50b0f8 bd0f175ee98c613e d64c7c3b658689f4 781aaf62a955e4e8 e14a893f1918277e dac29ed8400b50cc
391,bfb8032f2183d471 4b29fc21f912754d bee46c54461925d0 c1f2e3a76d388944 a18df74d3a16e9c0 07d688f5e2142b87 3cb6b40d377e7ca8 172bc0ee09332ae9 0bcaac840d5e66d7 f25bfcffedaccf28 48f93f9c2c699e19 90ecb28f2edb9d43 cea18be9a89d7a81 7c98dedd223b36c0 5b4c879fc9c316fb b6e72edcad270be0 9113e9dc940fb287 25145708d494530b 538c7bb968b2154c 3b6d27775fce1c7b 7f95168400948588 28a2067685cb3e97 a76ffccd2f5df1a7 ddf332f2b55a2a23 2e4b00c01d58e79e 83f8f2fc471cad74 77e2f7da1f9d3a8f 9cf6709de35bf0f3 4535ce2e3dced00f b2ee9eea2d974c90
392,0772e3ab293a1f30 7f95168400948588 6899956cd6c683f0 07d688f5e2142b87 19e8f436d4b2fc25 8bf446c0455e3c5c dc12cc503ac0eddb 0add47a043c64d7f 27bc34b9887bec0d cc0c9419f8a20603 72b80b099fd64ec4 f25bfcffedaccf28 2cebd52b41930f0a a18df74d3a16e9c0 3cb6b40d377e7ca8 65ad9c583823162d 8699cc5dd4159b69 ca43e349133fc0e3 48f93f9c2c699e19 25145708d494530b 99e833818ec4bbf2 feddfcf56818968e a65e30106ea50423 8a5635c748344d47 03dfe518713e006c 65708d542bd01f39 061f3e1feeaa3094 01b3da54ffb158a0 d63b7f083330247f c1f2e3a76d388944
393,3d6880bd12f6613f 48f93f9c2c699e19 25145708d494530b f49e13a653cbdad2 f58ff7f1a6cde683 3cb6b40d377e7ca8 0bcaac840d5e66d7 061f3e1feeaa3094 1efd7bd8a34a1359 0772e3ab293a1f30 a2c35fdf07a13286 172bc0ee09332ae9 09bbaa171c20bae3 4b29fc21f912754d 781f4d0147aef776 7f95168400948588 3e8e56f639a5db5b 3b6d27775fce1c7b 6406fcdb7d87b5dc a2805ed52b47b8ec 0451447dd64f6284 95166957b2c38794 a18df74d3a16e9c0 1c3b74a02a86467d 97d696011258825c 28a2067685cb3e97 095bb1b6ecbd0a50 40583079f57235a6 43b3338423d7386c f25bfcffedaccf28
394,1efd7bd8a34a1359 d5952b2e031c4e7e 01e5a6edcee7deb0 e8684734f2e587bd 1c3b74a02a86467d 8bf446c0455e3c5c f49e13a653cbdad2 60a070db9f1869b5 061f3e1feeaa3094 3e8e56f639a5db5b da7d3c2d591c4295 88b62355670ec8f8 25145708d494530b d7d937303a6d5a9d 0772e3ab293a1f30 09bbaa171c20bae3 01b3da54ffb158a0 83b911ff0ff45844 07f22a7ad7e4711d 7f95168400948588 4f2fffd7528de786 34a62e66e05f9a44 1d12acf7349196b0 b6e646c13d0753ae e25a1da6ca187350 b1dcaca98bb76736 27bc34b9887bec0d e403278468d84383 3ca7964973437917 a18df74d3a16e9c0
395,5430097e23000368 af8e70f978cd5aee 8df3f13d6af34cb3 4483bbdd3241f11a 9f27aa36c1ea793c d6ed7e4b14c51296 da904d2a54ff8cf2 7d83ffe83f61bdc4 db0e648651f4c92b 00d9f8d3f7d412b3 0220a434aa8bf029 9b2adcf4041227d7 f28fb3d9880c5d4c 6461a9faa871b3ac 36d33c41812ce7dc 42c9b72cc77dcb28 2bafd15871caae91 37001ade0df85823 83f8aca6ee2caabc d72363ddd958d906 453bc79164d57a01 d64c06baf5ef1c90 cc861214a89ef1f4 5bf89d11a25121d9 c810ac016901e8ac 7e4a4a1300b77a06 49b5678e0d1e5bcd 0c2eeab1e4ce1db8 bbbd5d2fd957e8f7 3d93a60f990a0a7c
396,4b29fc21f912754d 7f95168400948588 172bc0ee09332ae9 6406fcdb7d87b5dc a76ffccd2f5df1a7 28a2067685cb3e97 90ecb28f2edb9d43 cea18be9a89d7a81 ddf332f2b55a2a23 62431fd374eb99fb f48d0fbea7dc2782 3b6d27775fce1c7b a2c35fdf07a13286 b6e72edcad270be0 70ebf53ced736fa4 a18df74d3a16e9c0 0f4c71d341e2d939 f25bfcffedaccf28 bee46c54461925d0 3e66b4855d0dddbe 1efd7bd8a34a1359 c015590d6a6fe833 97d696011258825c 9113e9dc940fb287 2e79d45ba4d1540d 48f93f9c2c699e19 48cf88c17ff38c5e 4d954d933e606b70 061f3e1feeaa3094 285657fcdf89f00d
397,25145708d494530b 27bc34b9887bec0d 0772e3ab293a1f30 09bbaa171c20bae3 48f93f9c2c699e19 3cb6b40d377e7ca8 ec1b3d7ccd3984d0 e22c35101e190db9 3e8e56f639a5db5b a76ffccd2f5df1a7 7f95168400948588 f49e13a653cbdad2 d5952b2e031c4e7e 1efd7bd8a34a1359 03dfe518713e006c 01b3da54ffb158a0 34a62e66e05f9a44 4b29fc21f912754d 8bf446c0455e3c5c 01e5a6edcee7deb0 0f4c71d341e2d939 da7d3c2d591c4295 c015590d6a6fe833 e8684734f2e587bd 3b6d27775fce1c7b 061f3e1feeaa3094 a18df74d3a16e9c0 77e2f7da1f9d3a8f 3ca7964973437917 b1dcaca98bb76736
398,4b29fc21f912754d 172bc0ee09332ae9 a76ffccd2f5df1a7 f58ff7f1a6cde683 25145708d494530b cea18be9a89d7a81 5430097e23000368 48f93f9c2c699e19 7f95168400948588 b24820ae14e16a24 62431fd374eb99fb a2c35fdf07a13286 0bcaac840d5e66d7 3b6d27775fce1c7b 3cb6b40d377e7ca8 09bbaa171c20bae3 b6d0f83aad4e4dc7 061f3e1feeaa3094 781f4d0147aef776 ddf332f2b55a2a23 28a2067685cb3e97 6406fcdb7d87b5dc 0772e3ab293a1f30 5b4c879fc9c316fb a2805ed52b47b8ec f48d0fbea7dc2782 d5952b2e031c4e7e 2bafd15871caae91 4f2fffd7528de786 7b81f1f2b6ec2e5f
399,ecb768ef6fd223ca bd9cd6b87a4fe0ce 6461a9faa871b3ac 1a8e5d6512d9e2d8 5430097e23000368 7f95168400948588 f58ff7f1a6cde683 0772e3ab293a1f30 e14a893f1918277e c08c3765ac609cc0 095bb1b6ecbd0a50 8d58da0e1800dc96 3cb6b40d377e7ca8 f705b637f624147e 5b34da30b93eb123 09bbaa171c20bae3 b6d0f83aad4e4dc7 27bc34b9887bec0d f25bfcffedaccf28 7d83ffe83f61bdc4 2a06f5614060e3b6 a04d6febd82a4389 01b3da54ffb158a0 bed3e73d52011f68 af8e70f978cd5aee db0e648651f4c92b 48f93f9c2c699e19 8bf446c0455e3c5c 2cebd52b41930f0a 25145708d494530b
400,8d58da0e1800dc96 c08c3765ac609cc0 05f23e7d05dbf7c2 2359719a0f40ffac 5b34da30b93eb123 bed3e73d52011f68 dac29ed8400b50cc 2a06f5614060e3b6 e14a893f1918277e 4a5ac473c9d176ba e7cad3748e50b0f8 54f55c74d37db3c0 0d0368139e9a647f 2810fb6f81d1711c f58ff7f1a6cde683 f705b637f624147e b6d0f83aad4e4dc7 44d324ebd3e22ad7 0fbd0f422e926816 74e59c5820900b17 a9eef13786610446 bd9cd6b87a4fe0ce 65fac1ba1840000f f2234bb7ce0c6f59 b749972436ac9791 ae77487a89f2610c 1efd7bd8a34a1359 6461a9faa871b3ac 5430097e23000368 a292248bb2bffb3d
401,8d58da0e1800dc96 f58ff7f1a6cde683 c08c3765ac609cc0 4a5ac473c9d176ba 5b34da30b93eb123 dac29ed8400b50cc b6d0f83aad4e4dc7 05f23e7d05dbf7c2 e7cad3748e50b0f8 e14a893f1918277e f705b637f624147e 2359719a0f40ffac 54f55c74d37db3c0 0d0368139e9a647f 2a06f5614060e3b6 01020d1b0821f4c7 bed3e73d52011f68 a9eef13786610446 65fac1ba1840000f 74e59c5820900b17 5430097e23000368 a04d6febd82a4389 73391e0853c1e040 f2234bb7ce0c6f59 b749972436ac9791 6461a9faa871b3ac 44d324ebd3e22ad7 00d9f8d3f7d412b3 702d8f1064ab3e30 abf90e759d208468
402,702d8f1064ab3e30 2a06f5614060e3b6 bed3e73d52011f68 b3e75fdca5ca2f1a a292248bb2bffb3d a04d6febd82a4389 09bbaa171c20bae3 5b34da30b93eb123 ce2fe99a7cda4a17 7f95168400948588 a813c15b46ceaf68 33856365c271aea4 589ef345cb2dccfc 8f578001f9d5f543 f58ff7f1a6cde683 061f3e1feeaa3094 bd0f175ee98c613e da7d3c2d591c4295 8d58da0e1800dc96 4f2fffd7528de786 3cb6b40d377e7ca8 50ba507a268872e1 855f2f0354e102c7 07f22a7ad7e4711d b50b4e27b03c7b37 25145708d494530b daa257a37227cd72 01e5a6edcee7deb0 f49e13a653cbdad2 92f42fbd0c38f7fd
403,7f95168400948588 3cb6b40d377e7ca8 0772e3ab293a1f30 4b29fc21f912754d 48f93f9c2c699e19 25145708d494530b 172bc0ee09332ae9 0bcaac840d5e66d7 5b4c879fc9c316fb 1efd7bd8a34a1359 fb2ebcb5335ad2e2 f25bfcffedaccf28 3e8e56f639a5db5b a76ffccd2f5df1a7 09bbaa171c20bae3 90ecb28f2edb9d43 77e2f7da1f9d3a8f 3b6d27775fce1c7b f49e13a653cbdad2 c1f2e3a76d388944 07d688f5e2142b87 061f3e1feeaa3094 855f2f0354e102c7 ad06e9eeea8eb4ea 2cebd52b41930f0a 70ebf53ced736fa4 0683b6a78f54be75 cea18be9a89d7a81 e25a1da6ca187350 0451447dd64f6284
404,7f95168400948588 f58ff7f1a6cde683 3cb6b40d377e7ca8 46b99f864d6a075a 8d58da0e1800dc96 a76ffccd2f5df1a7 4b29fc21f912754d 25145708d494530b 0772e3ab293a1f30 3b6d27775fce1c7b 28a2067685cb3e97 b6d0f83aad4e4dc7 27bc34b9887bec0d 48f93f9c2c699e19 01020d1b0821f4c7 061f3e1feeaa3094 f25bfcffedaccf28 2cebd52b41930f0a c1f2e3a76d388944 ec1b3d7ccd3984d0 07d688f5e2142b87 172bc0ee09332ae9 5b34da30b93eb123 09bbaa171c20bae3 c015590d6a6fe833 a18df74d3a16e9c0 cea18be9a89d7a81 62431fd374eb99fb bed3e73d52011f68 cc0c9419f8a20603
405,4a5ac473c9d176ba 8d58da0e1800dc96 3e8e56f639a5db5b f58ff7f1a6cde683 dac29ed8400b50cc 1efd7bd8a34a1359 b6d0f83aad4e4dc7 5b34da30b93eb123 e7cad3748e50b0f8 01e5a6edcee7deb0 1dc7139adba034ec bed3e73d52011f68 0d0368139e9a647f 44d324ebd3e22ad7 f49e13a653cbdad2 2a06f5614060e3b6 6406fcdb7d87b5dc 2810fb6f81d1711c 88b62355670ec8f8 54f55c74d37db3c0 a76ffccd2f5df1a7 d1e21234d7cc61d2 061f3e1feeaa3094 09bbaa171c20bae3 05f23e7d05dbf7c2 1c3b74a02a86467d f9c6286cff30aaa8 d7d937303a6d5a9d e14a893f1918277e 09660f466b38b7ba
406,0772e3ab293a1f30 65ad9c583823162d dc12cc503ac0eddb 7f95168400948588 fb8bd6b95eb4702a 99e833818ec4bbf2 d63b7f083330247f feddfcf56818968e 0647acc4602d4e8f 6899956cd6c683f0 62431fd374eb99fb 8699cc5dd4159b69 8bf446c0455e3c5c 3cb6b40d377e7ca8 b1dcaca98bb76736 3e8e56f639a5db5b cea18be9a89d7a81 4fe9e4e55585ba4b 25145708d494530b a65e30106ea50423 4b29fc21f912754d c015590d6a6fe833 3c565c1fc2316d16 01b3da54ffb158a0 27bc34b9887bec0d a76ffccd2f5df1a7 7155e5a86136eb02 65708d542bd01f39 8a5635c748344d47 b6e72edcad270be0
407,2bafd15871caae91 7f95168400948588 0c2eeab1e4ce1db8 0772e3ab293a1f30 a76ffccd2f5df1a7 4b29fc21f912754d 2e44fbb8bc3d8d71 898a4921ab9f4cce d72363ddd958d906 83f8aca6ee2caabc 3cb6b40d377e7ca8 172bc0ee09332ae9 6406fcdb7d87b5dc 0f4c71d341e2d939 3b6d27775fce1c7b 25145708d494530b 42c9b72cc77dcb28 fc8971756f9ec194 cc861214a89ef1f4 061f3e1feeaa3094 01e5a6edcee7deb0 5430097e23000368 27bc34b9887bec0d 09bbaa171c20bae3 351c9da399c2b915 74244a8703c03720 cea18be9a89d7a81 f49e13a653cbdad2 f28fb3d9880c5d4c 855f2f0354e102c7
408,0772e3ab293a1f30 f58ff7f1a6cde683 7f95168400948588 b6d0f83aad4e4dc7 b3e75fdca5ca2f1a e7cad3748e50b0f8 a04d6febd82a4389 8d58da0e1800dc96 5b34da30b93eb123 5430097e23000368 43c354dbf952caaa db0e648651f4c92b f49e13a653cbdad2 7d83ffe83f61bdc4 a76ffccd2f5df1a7 3e8e56f639a5db5b 061f3e1feeaa3094 bed3e73d52011f68 8bf446c0455e3c5c 9b2adcf4041227d7 2a06f5614060e3b6 6461a9faa871b3ac a292248bb2bffb3d 27bc34b9887bec0d a18df74d3a16e9c0 25145708d494530b 01b3da54ffb158a0 1efd7bd8a34a1359 3cb6b40d377e7ca8 7b81f1f2b6ec2e5f
409,f58ff7f1a6cde683 7f95168400948588 a04d6febd82a4389 095bb1b6ecbd0a50 b6d0f83aad4e4dc7 a76ffccd2f5df1a7 172bc0ee09332ae9 0772e3ab293a1f30 3cb6b40d377e7ca8 83f5a9732f0de67f 4b29fc21f912754d da7d3c2d591c4295 c015590d6a6fe833 27bc34b9887bec0d f49e13a653cbdad2 09bbaa171c20bae3 5430097e23000368 0f4c71d341e2d939 a292248bb2bffb3d 3b6d27775fce1c7b d5952b2e031c4e7e 28a2067685cb3e97 702d8f1064ab3e30 a2c35fdf07a13286 cea18be9a89d7a81 40583079f57235a6 0cd920bad11c716d 0451447dd64f6284 f48d0fbea7dc2782 3e66b4855d0dddbe
410,f58ff7f1a6cde683 a04d6febd82a4389 25145708d494530b 0772e3ab293a1f30 061f3e1feeaa3094 a292248bb2bffb3d 09bbaa171c20bae3 1efd7bd8a34a1359 bb7515be835dea49 34a62e66e05f9a44 bed3e73d52011f68 2a06f5614060e3b6 5b34da30b93eb123 33856365c271aea4 27bc34b9887bec0d f49e13a653cbdad2 eec6b281e236b500 07f22a7ad7e4711d 702d8f1064ab3e30 e7cad3748e50b0f8 7f95168400948588 a2c35fdf07a13286 a813c15b46ceaf68 60a070db9f1869b5 8f578001f9d5f543 095bb1b6ecbd0a50 4f2fffd7528de786 3e8e56f639a5db5b e8684734f2e587bd ce2fe99a7cda4a17
411,28a2067685cb3e97 7f95168400948588 061f3e1feeaa3094 0772e3ab293a1f30 f25bfcffedaccf28 3cb6b40d377e7ca8 0451447dd64f6284 48f93f9c2c699e19 a18df74d3a16e9c0 3b6d27775fce1c7b 855f2f0354e102c7 148ac4a56a18844d a76ffccd2f5df1a7 07d688f5e2142b87 4b29fc21f912754d 70ebf53ced736fa4 25145708d494530b f49e13a653cbdad2 1efd7bd8a34a1359 27bc34b9887bec0d 285657fcdf89f00d 09bbaa171c20bae3 172bc0ee09332ae9 ec1b3d7ccd3984d0 0add47a043c64d7f c1f2e3a76d388944 e9c20b67a4c5395f 6406fcdb7d87b5dc 3e8e56f639a5db5b 0683b6a78f54be75
412,7f95168400948588 0772e3ab293a1f30 3cb6b40d377e7ca8 f58ff7f1a6cde683 a76ffccd2f5df1a7 44d324ebd3e22ad7 25145708d494530b 005666aa098abe8e 27bc34b9887bec0d 4b29fc21f912754d 48f93f9c2c699e19 3b6d27775fce1c7b a04d6febd82a4389 f49e13a653cbdad2 2bafd15871caae91 28a2067685cb3e97 09bbaa171c20bae3 172bc0ee09332ae9 b3e75fdca5ca2f1a a18df74d3a16e9c0 5430097e23000368 c015590d6a6fe833 8bf446c0455e3c5c f25bfcffedaccf28 061f3e1feeaa3094 fb2ebcb5335ad2e2 a292248bb2bffb3d d5952b2e031c4e7e 01b3da54ffb158a0 0f4c71d341e2d939
413,f58ff7f1a6cde683 0772e3ab293a1f30 a292248bb2bffb3d a04d6febd82a4389 b3e75fdca5ca2f1a e7cad3748e50b0f8 bed3e73d52011f68 2a06f5614060e3b6 b6d0f83aad4e4dc7 8d58da0e1800dc96 f49e13a653cbdad2 3e8e56f639a5db5b 5b34da30b93eb123 1efd7bd8a34a1359 f9c6286cff30aaa8 4a5ac473c9d176ba 5430097e23000368 33856365c271aea4 ce2fe99a7cda4a17 a813c15b46ceaf68 db0e648651f4c92b 2810fb6f81d1711c 7d83ffe83f61bdc4 7f95168400948588 8dc313a2cf9da354 e14a893f1918277e 09bbaa171c20bae3 01b3da54ffb158a0 40583079f57235a6 ae77487a89f2610c
414,190ab585fd379f0f 7c9248ed6224aa26 9b2adcf4041227d7 5bf89d11a25121d9 9f27aa36c1ea793c d72363ddd958d906 83f8aca6ee2caabc 8df3f13d6af34cb3 da904d2a54ff8cf2 d6ed7e4b14c51296 cec2eea2a1fe566a 5430097e23000368 c05f45f86d0771d5 a84cd36608cb8665 0c2eeab1e4ce1db8 2b48ab08c915c0ad 9d5edf3b993fee50 453bc79164d57a01 2bafd15871caae91 37001ade0df85823 26f72a4eb15ea8c0 7f95168400948588 0772e3ab293a1f30 537a55eda51a3f60 0b774cf90856c4da 50ba507a268872e1 ae77487a89f2610c 09bbaa171c20bae3 42c9b72cc77dcb28 f49e13a653cbdad2
415,f58ff7f1a6cde683 b6d0f83aad4e4dc7 5430097e23000368 01e5a6edcee7deb0 047769588be1aea9 351c9da399c2b915 af8e70f978cd5aee f9c6286cff30aaa8 f49e13a653cbdad2 8d58da0e1800dc96 db0e648651f4c92b 2e44fbb8bc3d8d71 7d83ffe83f61bdc4 095bb1b6ecbd0a50 a04d6febd82a4389 7f95168400948588 27bc34b9887bec0d ae77487a89f2610c 316382267dcd804f 9100ea6cd0e084bf 00d9f8d3f7d412b3 01020d1b0821f4c7 9b2adcf4041227d7 4f2fffd7528de786 09bbaa171c20bae3 b3e75fdca5ca2f1a 74873b42602d8958 6461a9faa871b3ac 0eb4de784c8dd679 2a06f5614060e3b6
416,2cebd52b41930f0a 7f95168400948588 f25bfcffedaccf28 4b29fc21f912754d 3cb6b40d377e7ca8 28a2067685cb3e97 70ebf53ced736fa4 cc0c9419f8a20603 3b6d27775fce1c7b 48f93f9c2c699e19 07d688f5e2142b87 a18df74d3a16e9c0 25145708d494530b 09bbaa171c20bae3 52aa48c07b34dc88 061f3e1feeaa3094 a76ffccd2f5df1a7 172bc0ee09332ae9 ec1b3d7ccd3984d0 0683b6a78f54be75 1efd7bd8a34a1359 148ac4a56a18844d ad06e9eeea8eb4ea 27bc34b9887bec0d 0772e3ab293a1f30 cea18be9a89d7a81 6406fcdb7d87b5dc 90ecb28f2edb9d43 97d696011258825c 3e8e56f639a5db5b
417,65ad9c583823162d 6e12311169bcb24c 249bf372159f33e9 7eec211cc37a1b05 8e83d05923cde390 0c15f252d30646fc dc12cc503ac0eddb 0772e3ab293a1f30 feddfcf56818968e cc2cc23a98c14c33 d63b7f083330247f 8699cc5dd4159b69 6899956cd6c683f0 99e833818ec4bbf2 fb2ebcb5335ad2e2 3cb6b40d377e7ca8 fb8bd6b95eb4702a 01b3da54ffb158a0 0688c790d5806540 4fe9e4e55585ba4b 8bf446c0455e3c5c 27bc34b9887bec0d 7f95168400948588 6a3919ad9ed8197e b1dcaca98bb76736 0647acc4602d4e8f a65e30106ea50423 b1e47da7659b675c 25145708d494530b 87c5481930cfe126
418,1efd7bd8a34a1359 7f95168400948588 f58ff7f1a6cde683 f49e13a653cbdad2 b6d0f83aad4e4dc7 40583079f57235a6 d5952b2e031c4e7e 855f2f0354e102c7 061f3e1feeaa3094 09bbaa171c20bae3 3e8e56f639a5db5b 07f22a7ad7e4711d ae77487a89f2610c 3cb6b40d377e7ca8 1c3b74a02a86467d 095bb1b6ecbd0a50 34a62e66e05f9a44 2a06f5614060e3b6 f705b637f624147e 77e2f7da1f9d3a8f 88b62355670ec8f8 48f93f9c2c699e19 74244a8703c03720 a292248bb2bffb3d db0e648651f4c92b e7cad3748e50b0f8 a18df74d3a16e9c0 01b3da54ffb158a0 e14a893f1918277e 01e5a6edcee7deb0
419,a76ffccd2f5df1a7 7f95168400948588 1efd7bd8a34a1359 4b29fc21f912754d 6406fcdb7d87b5dc 0772e3ab293a1f30 3b6d27775fce1c7b 3cb6b40d377e7ca8 28a2067685cb3e97 172bc0ee09332ae9 0f4c71d341e2d939 3e66b4855d0dddbe a2c35fdf07a13286 09bbaa171c20bae3 c015590d6a6fe833 3e8e56f639a5db5b 855f2f0354e102c7 061f3e1feeaa3094 27bc34b9887bec0d f49e13a653cbdad2 b6e72edcad270be0 25145708d494530b 4d954d933e606b70 01b3da54ffb158a0 62431fd374eb99fb f58ff7f1a6cde683 f25bfcffedaccf28 cea18be9a89d7a81 b1dcaca98bb76736 d5952b2e031c4e7e
420,0772e3ab293a1f30 7f95168400948588 a76ffccd2f5df1a7 4b29fc21f912754d 25145708d494530b 0f4c71d341e2d939 8bf446c0455e3c5c c015590d6a6fe833 2cebd52b41930f0a cea18be9a89d7a81 061f3e1feeaa3094 a2c35fdf07a13286 28a2067685cb3e97 3b6d27775fce1c7b f25bfcffedaccf28 a18df74d3a16e9c0 07d688f5e2142b87 172bc0ee09332ae9 cc0c9419f8a20603 62431fd374eb99fb 3e66b4855d0dddbe f48d0fbea7dc2782 01b3da54ffb158a0 3e8e56f639a5db5b 6899956cd6c683f0 6406fcdb7d87b5dc 66ccd03c9e03ac06 ddf332f2b55a2a23 3cb6b40d377e7ca8 538c7bb968b2154c
421,0772e3ab293a1f30 f58ff7f1a6cde683 7f95168400948588 3cb6b40d377e7ca8 a04d6febd82a4389 27bc34b9887bec0d 5430097e23000368 095bb1b6ecbd0a50 f49e13a653cbdad2 8bf446c0455e3c5c b6d0f83aad4e4dc7 01b3da54ffb158a0 b1dcaca98bb76736 7d83ffe83f61bdc4 3e8e56f639a5db5b 061f3e1feeaa3094 25145708d494530b 48f93f9c2c699e19 db0e648651f4c92b fb2ebcb5335ad2e2 09bbaa171c20bae3 f25bfcffedaccf28 65ad9c583823162d b3e75fdca5ca2f1a a76ffccd2f5df1a7 0f4c71d341e2d939 da7d3c2d591c4295 a18df74d3a16e9c0 03dfe518713e006c 0220a434aa8bf029
422,0cd920bad11c716d 5430097e23000368 50ba507a268872e1 dac29ed8400b50cc 09bbaa171c20bae3 70776cdd9bb3b7d4 7f95168400948588 351c9da399c2b915 37001ade0df85823 01104a026d22ae55 f58ff7f1a6cde683 9a439fd1abf95245 2bafd15871caae91 b50b4e27b03c7b37 db0e648651f4c92b ae77487a89f2610c 1efd7bd8a34a1359 061f3e1feeaa3094 7d83ffe83f61bdc4 9b2adcf4041227d7 0c2eeab1e4ce1db8 b6d0f83aad4e4dc7 f49e13a653cbdad2 25145708d494530b bd9cd6b87a4fe0ce 6461a9faa871b3ac 316382267dcd804f 3cb6b40d377e7ca8 b3e75fdca5ca2f1a 0772e3ab293a1f30
423,2bafd15871caae91 0c2eeab1e4ce1db8 b8e2f75014710ced 6e1b6b53c9710940 2dd12c230ab22555 09bbaa171c20bae3 e5fb8dc5c9cb4a19 da7d3c2d591c4295 061f3e1feeaa3094 7f95168400948588 ae77487a89f2610c b6d0f83aad4e4dc7 34a62e66e05f9a44 37001ade0df85823 3cb6b40d377e7ca8 351c9da399c2b915 6461a9faa871b3ac 4f2fffd7528de786 3e8e56f639a5db5b 5430097e23000368 25145708d494530b 1efd7bd8a34a1359 07f22a7ad7e4711d 059bbdbdb843af6a a2805ed52b47b8ec d5952b2e031c4e7e 1c3b74a02a86467d f58ff7f1a6cde683 0772e3ab293a1f30 42c9b72cc77dcb28
424,25145708d494530b 48f93f9c2c699e19 95d25d38ba7df9c7 3cb6b40d377e7ca8 7f95168400948588 3b6d27775fce1c7b ad06e9eeea8eb4ea fb2ebcb5335ad2e2 f49e13a653cbdad2 061f3e1feeaa3094 f25bfcffedaccf28 0772e3ab293a1f30 0bcaac840d5e66d7 a2805ed52b47b8ec 0451447dd64f6284 09bbaa171c20bae3 5b4c879fc9c316fb 3d6880bd12f6613f 0683b6a78f54be75 3e8e56f639a5db5b 4b29fc21f912754d 4f915ad69e1dca36 90ecb28f2edb9d43 27bc34b9887bec0d b24820ae14e16a24 28a2067685cb3e97 1efd7bd8a34a1359 d5952b2e031c4e7e d16da1fb61813db9 97d696011258825c
425,7f95168400948588 09bbaa171c20bae3 1efd7bd8a34a1359 5430097e23000368 0772e3ab293a1f30 ae77487a89f2610c 0451447dd64f6284 34a62e66e05f9a44 07f22a7ad7e4711d 061f3e1feeaa3094 d5952b2e031c4e7e da7d3c2d591c4295 3cb6b40d377e7ca8 27bc34b9887bec0d 25145708d494530b 4f2fffd7528de786 1c3b74a02a86467d 3e8e56f639a5db5b f58ff7f1a6cde683 e461837f0fb35048 01b3da54ffb158a0 7d83ffe83f61bdc4 f49e13a653cbdad2 db0e648651f4c92b a2805ed52b47b8ec d7d937303a6d5a9d 7e4a4a1300b77a06 4483bbdd3241f11a b6d0f83aad4e4dc7 6461a9faa871b3ac
426,a18df74d3a16e9c0 7f95168400948588 97d696011258825c f25bfcffedaccf28 3cb6b40d377e7ca8 061f3e1feeaa3094 f49e13a653cbdad2 27bc34b9887bec0d 07d688f5e2142b87 172bc0ee09332ae9 4b29fc21f912754d 48f93f9c2c699e19 2cebd52b41930f0a 0451447dd64f6284 1efd7bd8a34a1359 d5952b2e031c4e7e 90ecb28f2edb9d43 7c98dedd223b36c0 ec1b3d7ccd3984d0 a2c35fdf07a13286 a76ffccd2f5df1a7 bee46c54461925d0 2e4b00c01d58e79e 0772e3ab293a1f30 09bbaa171c20bae3 a2805ed52b47b8ec 538c7bb968b2154c 855f2f0354e102c7 4f2fffd7528de786 07f22a7ad7e4711d
427,7f95168400948588 f58ff7f1a6cde683 0772e3ab293a1f30 3cb6b40d377e7ca8 172bc0ee09332ae9 095bb1b6ecbd0a50 4b29fc21f912754d a76ffccd2f5df1a7 27bc34b9887bec0d a04d6febd82a4389 5430097e23000368 b1dcaca98bb76736 09bbaa171c20bae3 25145708d494530b b6e72edcad270be0 48f93f9c2c699e19 f49e13a653cbdad2 c015590d6a6fe833 4d954d933e606b70 b6d0f83aad4e4dc7 0f4c71d341e2d939 da7d3c2d591c4295 03dfe518713e006c c28bc62802b90f82 3b6d27775fce1c7b 01b3da54ffb158a0 f705b637f624147e cea18be9a89d7a81 74244a8703c03720 964a50d33717c26d
428,24e582daf6f87158 3b6d27775fce1c7b 285657fcdf89f00d 28a2067685cb3e97 6406fcdb7d87b5dc 172bc0ee09332ae9 4b29fc21f912754d 1efd7bd8a34a1359 a76ffccd2f5df1a7 c015590d6a6fe833 0451447dd64f6284 4d954d933e606b70 3e66b4855d0dddbe 0683b6a78f54be75 a2c35fdf07a13286 7c8324ce28ffb96e ddf332f2b55a2a23 cea18be9a89d7a81 b6e72edcad270be0 0f4c71d341e2d939 f49e13a653cbdad2 f48d0fbea7dc2782 4f915ad69e1dca36 52370bea1acd0600 66ccd03c9e03ac06 7f95168400948588 8dedff0a79784abc 404031ab9d5977c4 9fbffc521da97c54 62431fd374eb99fb
429,3cb6b40d377e7ca8 6461a9faa871b3ac 5430097e23000368 09bbaa171c20bae3 061f3e1feeaa3094 7f95168400948588 2bafd15871caae91 37001ade0df85823 0772e3ab293a1f30 00d9f8d3f7d412b3 7d83ffe83f61bdc4 9b2adcf4041227d7 db0e648651f4c92b 4b29fc21f912754d f58ff7f1a6cde683 af8e70f978cd5aee c05f45f86d0771d5 27bc34b9887bec0d 48f93f9c2c699e19 351c9da399c2b915 b6d0f83aad4e4dc7 0c2eeab1e4ce1db8 25145708d494530b 83f8aca6ee2caabc d72363ddd958d906 26f72a4eb15ea8c0 4483bbdd3241f11a d6ed7e4b14c51296 da904d2a54ff8cf2 7e4a4a1300b77a06
430,7f95168400948588 0772e3ab293a1f30 27bc34b9887bec0d f49e13a653cbdad2 01b3da54ffb158a0 3cb6b40d377e7ca8 09bbaa171c20bae3 b1dcaca98bb76736 1efd7bd8a34a1359 d5952b2e031c4e7e 77e2f7da1f9d3a8f 25145708d494530b da7d3c2d591c4295 3e8e56f639a5db5b f25bfcffedaccf28 061f3e1feeaa3094 88b62355670ec8f8 5430097e23000368 0eb4de784c8dd679 01e5a6edcee7deb0 a18df74d3a16e9c0 8bf446c0455e3c5c 34a62e66e05f9a44 b6d0f83aad4e4dc7 c1f2e3a76d388944 ec1b3d7ccd3984d0 e8b87ed7db1bcb1f fb2ebcb5335ad2e2 48f93f9c2c699e19 4f2fffd7528de786
431,e7dd56376be2cf1c 0a49074a4158155b b6d0f83aad4e4dc7 83f5a9732f0de67f c96049ed915ced0a 74244a8703c03720 f58ff7f1a6cde683 5430097e23000368 0eb4de784c8dd679 351c9da399c2b915 e461837f0fb35048 aa967ad3c1f65a29 2e44fbb8bc3d8d71 01104a026d22ae55 095bb1b6ecbd0a50 db0e648651f4c92b 585f4ee09d8fea46 7d83ffe83f61bdc4 7f95168400948588 09bbaa171c20bae3 2bafd15871caae91 bc2552a642ce8497 27bc34b9887bec0d da7d3c2d591c4295 a04d6febd82a4389 1efd7bd8a34a1359 9b2adcf4041227d7 9a439fd1abf95245 af8e70f978cd5aee ae77487a89f2610c
432,120e745e2961b5d5 fc8971756f9ec194 37001ade0df85823 0b774cf90856c4da 9d5edf3b993fee50 2b48ab08c915c0ad 9b2adcf4041227d7 a84cd36608cb8665 b0b5e62a93a2c37c 537a55eda51a3f60 9f27aa36c1ea793c fd30682593995748 8df3f13d6af34cb3 42c9b72cc77dcb28 d72363ddd958d906 83f8aca6ee2caabc da904d2a54ff8cf2 d6ed7e4b14c51296 0c2eeab1e4ce1db8 8dc313a2cf9da354 351c9da399c2b915 50ba507a268872e1 628accd9be98503c 6461a9faa871b3ac bd9cd6b87a4fe0ce 5430097e23000368 db0e648651f4c92b 7d83ffe83f61bdc4 26f72a4eb15ea8c0 af8e70f978cd5aee
433,9f4e0d572b1f4e6c 6406fcdb7d87b5dc a76ffccd2f5df1a7 172bc0ee09332ae9 66ccd03c9e03ac06 4d9214c0925e5af8 48cf88c17ff38c5e 0f4c71d341e2d939 4b29fc21f912754d 3b6d27775fce1c7b a2c35fdf07a13286 f49e13a653cbdad2 4d954d933e606b70 b6e72edcad270be0 3e66b4855d0dddbe 1efd7bd8a34a1359 447fc00f40d71d08 0451447dd64f6284 c015590d6a6fe833 9113e9dc940fb287 01e5a6edcee7deb0 f48d0fbea7dc2782 0772e3ab293a1f30 25145708d494530b 7f95168400948588 3e8e56f639a5db5b 90ecb28f2edb9d43 855f2f0354e102c7 28a2067685cb3e97 09bbaa171c20bae3
434,7f95168400948588 3cb6b40d377e7ca8 c1f2e3a76d388944 da7d3c2d591c4295 07d688f5e2142b87 d5952b2e031c4e7e d216e5458ad70e60 27bc34b9887bec0d bee46c54461925d0 b1dcaca98bb76736 feddfcf56818968e dc12cc503ac0eddb a2805ed52b47b8ec 0772e3ab293a1f30 01b3da54ffb158a0 77e2f7da1f9d3a8f 8bf446c0455e3c5c a18df74d3a16e9c0 6a3919ad9ed8197e e8b87ed7db1bcb1f d63b7f083330247f 2cebd52b41930f0a 65ad9c583823162d 7c98dedd223b36c0 8a5635c748344d47 3e8e56f639a5db5b 4b29fc21f912754d 061f3e1feeaa3094 60a070db9f1869b5 a76ffccd2f5df1a7
435,0c2eeab1e4ce1db8 09bbaa171c20bae3 ae77487a89f2610c 2bafd15871caae91 059bbdbdb843af6a 5430097e23000368 27bc34b9887bec0d 01e5a6edcee7deb0 34a62e66e05f9a44 f49e13a653cbdad2 4483bbdd3241f11a 42c9b72cc77dcb28 1efd7bd8a34a1359 37001ade0df85823 1c3b74a02a86467d 00d9f8d3f7d412b3 2e44fbb8bc3d8d71 b6d0f83aad4e4dc7 25145708d494530b da7d3c2d591c4295 83f8aca6ee2caabc d72363ddd958d906 3cb6b40d377e7ca8 88b62355670ec8f8 af8e70f978cd5aee 2a06f5614060e3b6 f58ff7f1a6cde683 453bc79164d57a01 0772e3ab293a1f30 351c9da399c2b915
436,6406fcdb7d87b5dc 28a2067685cb3e97 7f95168400948588 4b29fc21f912754d 172bc0ee09332ae9 3b6d27775fce1c7b 3e8e56f639a5db5b a2c35fdf07a13286 cea18be9a89d7a81 a76ffccd2f5df1a7 3cb6b40d377e7ca8 5897953fdf87b60f f25bfcffedaccf28 0bcaac840d5e66d7 285657fcdf89f00d 48f93f9c2c699e19 3e66b4855d0dddbe 061f3e1feeaa3094 07d688f5e2142b87 a18df74d3a16e9c0 97d696011258825c ddf332f2b55a2a23 09bbaa171c20bae3 855f2f0354e102c7 f49e13a653cbdad2 1efd7bd8a34a1359 62431fd374eb99fb 0772e3ab293a1f30 25145708d494530b f48d0fbea7dc2782
437,7f95168400948588 09bbaa171c20bae3 da7d3c2d591c4295 0772e3ab293a1f30 8bf446c0455e3c5c 83b911ff0ff45844 061f3e1feeaa3094 d5952b2e031c4e7e 27bc34b9887bec0d e25a1da6ca187350 3cb6b40d377e7ca8 1dc7139adba034ec 60a070db9f1869b5 a2805ed52b47b8ec e403278468d84383 e8b87ed7db1bcb1f 25145708d494530b b1dcaca98bb76736 f49e13a653cbdad2 f58ff7f1a6cde683 07d688f5e2142b87 34a62e66e05f9a44 01b3da54ffb158a0 a18df74d3a16e9c0 b6e646c13d0753ae 5430097e23000368 01e5a6edcee7deb0 48f93f9c2c699e19 1c3b74a02a86467d 4f2fffd7528de786
438,b6a1c97f19af78d0 4f2fffd7528de786 0451447dd64f6284 0683b6a78f54be75 01e5a6edcee7deb0 c143c095983a65c2 172bc0ee09332ae9 09bbaa171c20bae3 1efd7bd8a34a1359 07f22a7ad7e4711d f49e13a653cbdad2 5b4c879fc9c316fb 1c3b74a02a86467d d7d937303a6d5a9d 3e8e56f639a5db5b a2c35fdf07a13286 061f3e1feeaa3094 25145708d494530b 35488b3b8b781278 7f95168400948588 da7d3c2d591c4295 6406fcdb7d87b5dc d5952b2e031c4e7e e9c20b67a4c5395f a76ffccd2f5df1a7 4dba7ce835494a63 34a62e66e05f9a44 48cf88c17ff38c5e 3b6d27775fce1c7b 3cb6b40d377e7ca8
439,5430097e23000368 af8e70f978cd5aee 4483bbdd3241f11a 00d9f8d3f7d412b3 8df3f13d6af34cb3 9f27aa36c1ea793c 37001ade0df85823 db0e648651f4c92b da904d2a54ff8cf2 d6ed7e4b14c51296 7d83ffe83f61bdc4 9b2adcf4041227d7 6461a9faa871b3ac 537a55eda51a3f60 a84cd36608cb8665 453bc79164d57a01 36d33c41812ce7dc 0220a434aa8bf029 49b5678e0d1e5bcd ae77487a89f2610c 2bafd15871caae91 7e4a4a1300b77a06 42c9b72cc77dcb28 190ab585fd379f0f 61ba7707ef6a5a99 0c2eeab1e4ce1db8 3d93a60f990a0a7c d72363ddd958d906 83f8aca6ee2caabc f28fb3d9880c5d4c
440,0772e3ab293a1f30 3cb6b40d377e7ca8 7f95168400948588 6a3919ad9ed8197e 07d688f5e2142b87 03dfe518713e006c feddfcf56818968e 2cebd52b41930f0a cc0c9419f8a20603 dc12cc503ac0eddb 65708d542bd01f39 27bc34b9887bec0d d216e5458ad70e60 8699cc5dd4159b69 cea18be9a89d7a81 c1f2e3a76d388944 25145708d494530b 7155e5a86136eb02 4b29fc21f912754d 48f93f9c2c699e19 8bf446c0455e3c5c 19e8f436d4b2fc25 62431fd374eb99fb 6899956cd6c683f0 96445bec1579ec97 b1dcaca98bb76736 ba5199dba342af68 bd713b37b67866c3 65ad9c583823162d a65e30106ea50423
441,ca4de5b8a7bda9df 061f3e1feeaa3094 7f95168400948588 3cb6b40d377e7ca8 09bbaa171c20bae3 f49e13a653cbdad2 1efd7bd8a34a1359 c1f2e3a76d388944 d5952b2e031c4e7e 97d696011258825c 7c98dedd223b36c0 90ecb28f2edb9d43 83b911ff0ff45844 48f93f9c2c699e19 1dc7139adba034ec e25a1da6ca187350 27bc34b9887bec0d f25bfcffedaccf28 77e2f7da1f9d3a8f 4f2fffd7528de786 60a070db9f1869b5 a18df74d3a16e9c0 050544c040f46152 da7d3c2d591c4295 1c3b74a02a86467d 855f2f0354e102c7 34a62e66e05f9a44 a2805ed52b47b8ec 07f22a7ad7e4711d e8b87ed7db1bcb1f
442,b1dcaca98bb76736 feddfcf56818968e dc12cc503ac0eddb 65ad9c583823162d 8699cc5dd4159b69 b1e47da7659b675c 7f95168400948588 3cb6b40d377e7ca8 a0b1f4dd32f3e278 6a3919ad9ed8197e 0772e3ab293a1f30 27bc34b9887bec0d 6899956cd6c683f0 01b3da54ffb158a0 fb2ebcb5335ad2e2 4fe9e4e55585ba4b 25145708d494530b 377c1150c781e37a 99e833818ec4bbf2 0bcaac840d5e66d7 8bf446c0455e3c5c 964a50d33717c26d d63b7f083330247f a65e30106ea50423 72b80b099fd64ec4 7155e5a86136eb02 828f5dfbbf1272ee 2cebd52b41930f0a 77e2f7da1f9d3a8f 0647acc4602d4e8f
443,1efd7bd8a34a1359 f49e13a653cbdad2 88b62355670ec8f8 0772e3ab293a1f30 bc2552a642ce8497 ae77487a89f2610c 09bbaa171c20bae3 07f22a7ad7e4711d 7f95168400948588 01e5a6edcee7deb0 a2c35fdf07a13286 b6d0f83aad4e4dc7 34a62e66e05f9a44 a292248bb2bffb3d f58ff7f1a6cde683 27bc34b9887bec0d 1c3b74a02a86467d d5952b2e031c4e7e 2a06f5614060e3b6 4f2fffd7528de786 40583079f57235a6 172bc0ee09332ae9 01b3da54ffb158a0 8bf446c0455e3c5c 97d696011258825c 6406fcdb7d87b5dc 2810fb6f81d1711c 60a070db9f1869b5 061f3e1feeaa3094 bed3e73d52011f68
444,9a439fd1abf95245 00af886180e9eaec f9c6286cff30aaa8 2e44fbb8bc3d8d71 b3e75fdca5ca2f1a f58ff7f1a6cde683 50ba507a268872e1 bed3e73d52011f68 2a06f5614060e3b6 26fc2a95df5659c2 8dc313a2cf9da354 a292248bb2bffb3d a04d6febd82a4389 5430097e23000368 c28bc62802b90f82 e7cad3748e50b0f8 dac29ed8400b50cc 9100ea6cd0e084bf 6461a9faa871b3ac e5fb8dc5c9cb4a19 37001ade0df85823 453bc79164d57a01 0897dcfae16e280f 059bbdbdb843af6a 74244a8703c03720 ae77487a89f2610c 6cb9ab508a0678a0 83f8aca6ee2caabc d72363ddd958d906 ce2fe99a7cda4a17
445,4beacc71024f8b08 061f3e1feeaa3094 7f95168400948588 70ebf53ced736fa4 0683b6a78f54be75 148ac4a56a18844d 1d72229ebcc00faf 1efd7bd8a34a1359 90ecb28f2edb9d43 f25bfcffedaccf28 3cb6b40d377e7ca8 a18df74d3a16e9c0 4f2fffd7528de786 ad06e9eeea8eb4ea 09bbaa171c20bae3 f49e13a653cbdad2 48f93f9c2c699e19 0772e3ab293a1f30 0451447dd64f6284 43b3338423d7386c 97d696011258825c 25145708d494530b 81b7c7e312bfa1a0 48cf88c17ff38c5e 447fc00f40d71d08 2e79d45ba4d1540d a2805ed52b47b8ec 538c7bb968b2154c 35488b3b8b781278 07d688f5e2142b87
446,7f95168400948588 0772e3ab293a1f30 2cebd52b41930f0a 3cb6b40d377e7ca8 cc0c9419f8a20603 b1dcaca98bb76736 27bc34b9887bec0d 07d688f5e2142b87 f25bfcffedaccf28 03dfe518713e006c 6a3919ad9ed8197e 8bf446c0455e3c5c a9223c28b10c131f 377c1150c781e37a fb2ebcb5335ad2e2 25145708d494530b dc12cc503ac0eddb c1f2e3a76d388944 cc507a0d6fcf4a1c ad06e9eeea8eb4ea feddfcf56818968e ba5199dba342af68 5b4c879fc9c316fb 01b3da54ffb158a0 e403278468d84383 522bd6887960c25d 48f93f9c2c699e19 455fde214d16d350 8699cc5dd4159b69 96445bec1579ec97
447,148ac4a56a18844d 28a2067685cb3e97 0683b6a78f54be75 3b6d27775fce1c7b 285657fcdf89f00d 7f95168400948588 5f94b027039f4e48 6406fcdb7d87b5dc 0451447dd64f6284 4b29fc21f912754d 172bc0ee09332ae9 70ebf53ced736fa4 1efd7bd8a34a1359 5b4c879fc9c316fb f49e13a653cbdad2 9113e9dc940fb287 4f915ad69e1dca36 25145708d494530b a2c35fdf07a13286 a76ffccd2f5df1a7 cea18be9a89d7a81 35488b3b8b781278 81b7c7e312bfa1a0 a18df74d3a16e9c0 061f3e1feeaa3094 58654e3143c6550b a2805ed52b47b8ec 0772e3ab293a1f30 90ecb28f2edb9d43 f25bfcffedaccf28
448,0772e3ab293a1f30 7f95168400948588 48f93f9c2c699e19 f49e13a653cbdad2 f58ff7f1a6cde683 a18df74d3a16e9c0 3b6d27775fce1c7b 25145708d494530b 3e8e56f639a5db5b a04d6febd82a4389 f25bfcffedaccf28 27bc34b9887bec0d b6d0f83aad4e4dc7 a76ffccd2f5df1a7 3cb6b40d377e7ca8 8bf446c0455e3c5c 1efd7bd8a34a1359 d5952b2e031c4e7e 4b29fc21f912754d 5430097e23000368 01b3da54ffb158a0 0220a434aa8bf029 061f3e1feeaa3094 ec1b3d7ccd3984d0 74244a8703c03720 095bb1b6ecbd0a50 09bbaa171c20bae3 a292248bb2bffb3d b3e75fdca5ca2f1a e25a1da6ca187350
449,9b2adcf4041227d7 5430097e23000368 8df3f13d6af34cb3 9f27aa36c1ea793c d6ed7e4b14c51296 da904d2a54ff8cf2 00d9f8d3f7d412b3 4483bbdd3241f11a 83f8aca6ee2caabc d72363ddd958d906 7d83ffe83f61bdc4 db0e648651f4c92b af8e70f978cd5aee 453bc79164d57a01 6461a9faa871b3ac 0220a434aa8bf029 26f72a4eb15ea8c0 49b5678e0d1e5bcd 37001ade0df85823 2bafd15871caae91 61ba7707ef6a5a99 42c9b72cc77dcb28 2b48ab08c915c0ad 9d5edf3b993fee50 36d33c41812ce7dc 7e4a4a1300b77a06 ae77487a89f2610c f05fa5f57dc03e81 c05f45f86d0771d5 cec2eea2a1fe566a
450,2bafd15871caae91 5430097e23000368 00d9f8d3f7d412b3 af8e70f978cd5aee 42c9b72cc77dcb28 6461a9faa871b3ac 898a4921ab9f4cce 37001ade0df85823 8df3f13d6af34cb3 36d33c41812ce7dc 9f27aa36c1ea793c 83f8aca6ee2caabc d72363ddd958d906 db0e648651f4c92b da904d2a54ff8cf2 d6ed7e4b14c51296 cc861214a89ef1f4 f28fb3d9880c5d4c 49b5678e0d1e5bcd 7d83ffe83f61bdc4 0c2eeab1e4ce1db8 9b2adcf4041227d7 2dd12c230ab22555 453bc79164d57a01 7e4a4a1300b77a06 cba7e22bb383083a 4483bbdd3241f11a 0220a434aa8bf029 3d93a60f990a0a7c 4105533fe46dfba9
451,9b2adcf4041227d7 9f27aa36c1ea793c d6ed7e4b14c51296 da904d2a54ff8cf2 8df3f13d6af34cb3 5430097e23000368 9d5edf3b993fee50 2b48ab08c915c0ad 0b774cf90856c4da f05fa5f57dc03e81 5a1149fbcbd37376 628accd9be98503c 453bc79164d57a01 26f72a4eb15ea8c0 055d895a3b26e466 f58ff7f1a6cde683 50ba507a268872e1 7d83ffe83f61bdc4 d72363ddd958d906 83f8aca6ee2caabc 095bb1b6ecbd0a50 db0e648651f4c92b 0cd920bad11c716d 7cea1f637ea3f37d ae77487a89f2610c 5bf89d11a25121d9 af8e70f978cd5aee 00958a140c3a6de8 0772e3ab293a1f30 4483bbdd3241f11a
452,2bafd15871caae91 fab14d178b24a67f 5430097e23000368 2e44fbb8bc3d8d71 42c9b72cc77dcb28 fc8971756f9ec194 351c9da399c2b915 cc861214a89ef1f4 01104a026d22ae55 af8e70f978cd5aee 83f8aca6ee2caabc d72363ddd958d906 0c2eeab1e4ce1db8 f28fb3d9880c5d4c 453bc79164d57a01 e5fb8dc5c9cb4a19 059bbdbdb843af6a 6cb9ab508a0678a0 da904d2a54ff8cf2 d6ed7e4b14c51296 37001ade0df85823 8df3f13d6af34cb3 36d33c41812ce7dc 9f27aa36c1ea793c 00d9f8d3f7d412b3 316382267dcd804f f58ff7f1a6cde683 4483bbdd3241f11a 9b2adcf4041227d7 7f95168400948588
453,f58ff7f1a6cde683 5430097e23000368 b6d0f83aad4e4dc7 ae77487a89f2610c 37001ade0df85823 351c9da399c2b915 af8e70f978cd5aee db0e648651f4c92b 7d83ffe83f61bdc4 6461a9faa871b3ac cba7e22bb383083a f9c6286cff30aaa8 2e44fbb8bc3d8d71 9b2adcf4041227d7 a292248bb2bffb3d 4483bbdd3241f11a 2a06f5614060e3b6 a04d6febd82a4389 40583079f57235a6 8dc313a2cf9da354 8d58da0e1800dc96 49b5678e0d1e5bcd 453bc79164d57a01 bed3e73d52011f68 00d9f8d3f7d412b3 7b81f1f2b6ec2e5f 316382267dcd804f e7cad3748e50b0f8 d92c0298f76ccf77 8df3f13d6af34cb3
454,f9c6286cff30aaa8 f58ff7f1a6cde683 b6d0f83aad4e4dc7 f49e13a653cbdad2 83f8aca6ee2caabc d72363ddd958d906 d5952b2e031c4e7e 01e5a6edcee7deb0 01020d1b0821f4c7 6406fcdb7d87b5dc 8d58da0e1800dc96 a76ffccd2f5df1a7 09bbaa171c20bae3 c28bc62802b90f82 9b2adcf4041227d7 3e8e56f639a5db5b 7f95168400948588 4a5ac473c9d176ba 5430097e23000368 abf90e759d208468 da7d3c2d591c4295 db0e648651f4c92b 27bc34b9887bec0d 8bf446c0455e3c5c 0772e3ab293a1f30 1efd7bd8a34a1359 60a070db9f1869b5 2bafd15871caae91 316382267dcd804f 7d83ffe83f61bdc4
455,c5830f9d0f1e29e5 172bc0ee09332ae9 6406fcdb7d87b5dc 7f95168400948588 3e8e56f639a5db5b a76ffccd2f5df1a7 4b29fc21f912754d 1efd7bd8a34a1359 a2c35fdf07a13286 28a2067685cb3e97 f25bfcffedaccf28 3b6d27775fce1c7b f49e13a653cbdad2 3cb6b40d377e7ca8 855f2f0354e102c7 3e66b4855d0dddbe f44f74b3451aa593 f48d0fbea7dc2782 061f3e1feeaa3094 25145708d494530b 90ecb28f2edb9d43 a18df74d3a16e9c0 97d696011258825c 62431fd374eb99fb 09bbaa171c20bae3 a2805ed52b47b8ec 5b4c879fc9c316fb cea18be9a89d7a81 c015590d6a6fe833 0772e3ab293a1f30
456,fd30682593995748 0cd920bad11c716d 4483bbdd3241f11a 0772e3ab293a1f30 0f4c71d341e2d939 7f95168400948588 d64c7c3b658689f4 a76ffccd2f5df1a7 5430097e23000368 c810ac016901e8ac 0220a434aa8bf029 055d895a3b26e466 9b2adcf4041227d7 f58ff7f1a6cde683 3cb6b40d377e7ca8 4b29fc21f912754d 74244a8703c03720 7d83ffe83f61bdc4 db0e648651f4c92b 172bc0ee09332ae9 01b3da54ffb158a0 047769588be1aea9 d6ed7e4b14c51296 da904d2a54ff8cf2 f49e13a653cbdad2 74873b42602d8958 b6d0f83aad4e4dc7 8df3f13d6af34cb3 a18df74d3a16e9c0 27a12f29dceccdbd
457,88b62355670ec8f8 855f2f0354e102c7 7f95168400948588 0772e3ab293a1f30 07f22a7ad7e4711d 77e2f7da1f9d3a8f 09bbaa171c20bae3 3e8e56f639a5db5b b1dcaca98bb76736 1efd7bd8a34a1359 25145708d494530b 4f2fffd7528de786 061f3e1feeaa3094 e25a1da6ca187350 f49e13a653cbdad2 01b3da54ffb158a0 1dc7139adba034ec 27bc34b9887bec0d 01e5a6edcee7deb0 da7d3c2d591c4295 d5952b2e031c4e7e 3cb6b40d377e7ca8 8bf446c0455e3c5c 1c3b74a02a86467d e403278468d84383 d7d937303a6d5a9d 83b911ff0ff45844 bee46c54461925d0 e8684734f2e587bd 964a50d33717c26d
458,0772e3ab293a1f30 f58ff7f1a6cde683 f49e13a653cbdad2 b6d0f83aad4e4dc7 7f95168400948588 3e8e56f639a5db5b 061f3e1feeaa3094 d5952b2e031c4e7e 74244a8703c03720 5430097e23000368 3cb6b40d377e7ca8 1efd7bd8a34a1359 09bbaa171c20bae3 25145708d494530b 095bb1b6ecbd0a50 01e5a6edcee7deb0 a04d6febd82a4389 7d83ffe83f61bdc4 db0e648651f4c92b 01b3da54ffb158a0 27bc34b9887bec0d af8e70f978cd5aee 0451447dd64f6284 48f93f9c2c699e19 b1dcaca98bb76736 a76ffccd2f5df1a7 a18df74d3a16e9c0 da7d3c2d591c4295 ec1b3d7ccd3984d0 40583079f57235a6
459,7f95168400948588 01b3da54ffb158a0 b6d0f83aad4e4dc7 5430097e23000368 f58ff7f1a6cde683 061f3e1feeaa3094 f49e13a653cbdad2 da7d3c2d591c4295 09bbaa171c20bae3 0772e3ab293a1f30 40583079f57235a6 af8e70f978cd5aee 1efd7bd8a34a1359 34a62e66e05f9a44 27bc34b9887bec0d a76ffccd2f5df1a7 3cb6b40d377e7ca8 fb2ebcb5335ad2e2 a292248bb2bffb3d 3e8e56f639a5db5b 316382267dcd804f bed3e73d52011f68 ae77487a89f2610c 00d9f8d3f7d412b3 48f93f9c2c699e19 2a06f5614060e3b6 25145708d494530b 095bb1b6ecbd0a50 7b81f1f2b6ec2e5f 88b62355670ec8f8
460,120e745e2961b5d5 5430097e23000368 0b774cf90856c4da fc8971756f9ec194 fd30682593995748 3cb6b40d377e7ca8 a84cd36608cb8665 6461a9faa871b3ac 9b2adcf4041227d7 09bbaa171c20bae3 9d5edf3b993fee50 2b48ab08c915c0ad 2bafd15871caae91 37001ade0df85823 00d9f8d3f7d412b3 0772e3ab293a1f30 64907c4568244eb4 7f95168400948588 db0e648651f4c92b 7d83ffe83f61bdc4 537a55eda51a3f60 af8e70f978cd5aee 48f93f9c2c699e19 d72363ddd958d906 83f8aca6ee2caabc ae77487a89f2610c da904d2a54ff8cf2 d6ed7e4b14c51296 b3e75fdca5ca2f1a 27bc34b9887bec0d
461,3cb6b40d377e7ca8 172bc0ee09332ae9 a76ffccd2f5df1a7 4b29fc21f912754d 1efd7bd8a34a1359 6406fcdb7d87b5dc f49e13a653cbdad2 c015590d6a6fe833 3e66b4855d0dddbe 48f93f9c2c699e19 25145708d494530b 0f4c71d341e2d939 27bc34b9887bec0d 3b6d27775fce1c7b 09bbaa171c20bae3 ec1b3d7ccd3984d0 01e5a6edcee7deb0 28a2067685cb3e97 f48d0fbea7dc2782 7f95168400948588 3e8e56f639a5db5b f58ff7f1a6cde683 061f3e1feeaa3094 01b3da54ffb158a0 62431fd374eb99fb 66ccd03c9e03ac06 b6e72edcad270be0 34a62e66e05f9a44 ddf332f2b55a2a23 0772e3ab293a1f30
462,050544c040f46152 48f93f9c2c699e19 25145708d494530b 3cb6b40d377e7ca8 0bcaac840d5e66d7 0772e3ab293a1f30 09bbaa171c20bae3 7f95168400948588 01b3da54ffb158a0 061f3e1feeaa3094 f49e13a653cbdad2 90ecb28f2edb9d43 27bc34b9887bec0d ec1b3d7ccd3984d0 a2805ed52b47b8ec 1efd7bd8a34a1359 3e8e56f639a5db5b a18df74d3a16e9c0 34a62e66e05f9a44 f25bfcffedaccf28 07d688f5e2142b87 97d696011258825c 03dfe518713e006c 01e5a6edcee7deb0 1c3b74a02a86467d c1f2e3a76d388944 ad06e9eeea8eb4ea 70ebf53ced736fa4 964a50d33717c26d 88b62355670ec8f8
463,2e44fbb8bc3d8d71 74244a8703c03720 37001ade0df85823 351c9da399c2b915 0c2eeab1e4ce1db8 42c9b72cc77dcb28 fc8971756f9ec194 f58ff7f1a6cde683 120e745e2961b5d5 9b2adcf4041227d7 316382267dcd804f db0e648651f4c92b b6d0f83aad4e4dc7 49b5678e0d1e5bcd 7d83ffe83f61bdc4 39f6296778264878 ae77487a89f2610c 2bafd15871caae91 f9c6286cff30aaa8 059bbdbdb843af6a 5430097e23000368 9100ea6cd0e084bf f28fb3d9880c5d4c c03b11a0cdc3fa39 1efd7bd8a34a1359 40583079f57235a6 6461a9faa871b3ac 36d33c41812ce7dc 0220a434aa8bf029 d92c0298f76ccf77
464,07d688f5e2142b87 a18df74d3a16e9c0 7f95168400948588 f58ff7f1a6cde683 a76ffccd2f5df1a7 83f5a9732f0de67f 28a2067685cb3e97 97d696011258825c ec1b3d7ccd3984d0 3b6d27775fce1c7b 4b29fc21f912754d 095bb1b6ecbd0a50 0772e3ab293a1f30 6406fcdb7d87b5dc f25bfcffedaccf28 0add47a043c64d7f 285657fcdf89f00d cea18be9a89d7a81 172bc0ee09332ae9 3cb6b40d377e7ca8 cc0c9419f8a20603 f49e13a653cbdad2 2cebd52b41930f0a 1efd7bd8a34a1359 40583079f57235a6 8bf446c0455e3c5c b6d0f83aad4e4dc7 48f93f9c2c699e19 a04d6febd82a4389 dac29ed8400b50cc
465,f58ff7f1a6cde683 b6d0f83aad4e4dc7 1efd7bd8a34a1359 5430097e23000368 db0e648651f4c92b 7d83ffe83f61bdc4 095bb1b6ecbd0a50 0772e3ab293a1f30 a04d6febd82a4389 7b81f1f2b6ec2e5f 0220a434aa8bf029 9b2adcf4041227d7 bd9cd6b87a4fe0ce b3e75fdca5ca2f1a 6406fcdb7d87b5dc f49e13a653cbdad2 7f95168400948588 e14a893f1918277e f705b637f624147e 0cd920bad11c716d 37001ade0df85823 09bbaa171c20bae3 351c9da399c2b915 af8e70f978cd5aee 07f22a7ad7e4711d a76ffccd2f5df1a7 40583079f57235a6 dac29ed8400b50cc e7cad3748e50b0f8 8d58da0e1800dc96
466,cea18be9a89d7a81 4b29fc21f912754d 6406fcdb7d87b5dc a76ffccd2f5df1a7 28a2067685cb3e97 3b6d27775fce1c7b 172bc0ee09332ae9 a2c35fdf07a13286 ddf332f2b55a2a23 62431fd374eb99fb f48d0fbea7dc2782 5b4c879fc9c316fb 285657fcdf89f00d 1efd7bd8a34a1359 0f4c71d341e2d939 90ecb28f2edb9d43 b6e72edcad270be0 3e66b4855d0dddbe 83b911ff0ff45844 0683b6a78f54be75 3c565c1fc2316d16 c015590d6a6fe833 4d954d933e606b70 7f95168400948588 4f915ad69e1dca36 0451447dd64f6284 4f2fffd7528de786 061f3e1feeaa3094 9113e9dc940fb287 148ac4a56a18844d
467,7c98dedd223b36c0 a492bd402afd5c71 172bc0ee09332ae9 3e66b4855d0dddbe 3cb6b40d377e7ca8 c5830f9d0f1e29e5 f44f74b3451aa593 a2c35fdf07a13286 4f2fffd7528de786 855f2f0354e102c7 6406fcdb7d87b5dc 83b911ff0ff45844 781f4d0147aef776 09bbaa171c20bae3 1efd7bd8a34a1359 07f22a7ad7e4711d 061f3e1feeaa3094 4b29fc21f912754d 25145708d494530b f49e13a653cbdad2 b1dcaca98bb76736 7f95168400948588 d1e21234d7cc61d2 404031ab9d5977c4 1dc7139adba034ec f48d0fbea7dc2782 0683b6a78f54be75 a76ffccd2f5df1a7 50806199c80e215c 88b62355670ec8f8
468,3e8e56f639a5db5b 09bbaa171c20bae3 ced9c56f2be86774 1dc7139adba034ec 25145708d494530b 34a62e66e05f9a44 3cb6b40d377e7ca8 7f95168400948588 d1e21234d7cc61d2 5430097e23000368 27bc34b9887bec0d 9fbffc521da97c54 f49e13a653cbdad2 061f3e1feeaa3094 0772e3ab293a1f30 b1dcaca98bb76736 4f2fffd7528de786 964a50d33717c26d 0bcaac840d5e66d7 01b3da54ffb158a0 77e2f7da1f9d3a8f 48f93f9c2c699e19 07f22a7ad7e4711d 1efd7bd8a34a1359 88b62355670ec8f8 855f2f0354e102c7 0eb4de784c8dd679 b24820ae14e16a24 1c3b74a02a86467d 01e5a6edcee7deb0
469,453bc79164d57a01 d72363ddd958d906 83f8aca6ee2caabc c05f45f86d0771d5 8b7c486a910dd004 36d33c41812ce7dc cec2eea2a1fe566a 2bafd15871caae91 b8e2f75014710ced 9f27aa36c1ea793c 8df3f13d6af34cb3 0c2eeab1e4ce1db8 da904d2a54ff8cf2 d6ed7e4b14c51296 cc861214a89ef1f4 e5fb8dc5c9cb4a19 059bbdbdb843af6a 9b2adcf4041227d7 3d93a60f990a0a7c 6e1b6b53c9710940 a677c3a76055a6d2 42c9b72cc77dcb28 2dd12c230ab22555 ee3ed9a3f51336cd 4105533fe46dfba9 f28fb3d9880c5d4c 5430097e23000368 2e44fbb8bc3d8d71 af8e70f978cd5aee 4483bbdd3241f11a
470,9fbffc521da97c54 0bcaac840d5e66d7 4b29fc21f912754d 3cb6b40d377e7ca8 172bc0ee09332ae9 90ecb28f2edb9d43 25145708d494530b b1dcaca98bb76736 2e79d45ba4d1540d 781f4d0147aef776 0772e3ab293a1f30 cea18be9a89d7a81 77e2f7da1f9d3a8f 48f93f9c2c699e19 061f3e1feeaa3094 a2c35fdf07a13286 3e66b4855d0dddbe 855f2f0354e102c7 09bbaa171c20bae3 7b81f1f2b6ec2e5f 3e8e56f639a5db5b ddf332f2b55a2a23 7f95168400948588 f58ff7f1a6cde683 5430097e23000368 6406fcdb7d87b5dc c1f2e3a76d388944 4491016efed845f1 5dd752753760ced8 03dfe518713e006c
471,a84cd36608cb8665 451e7ba901ad661d 537a55eda51a3f60 fc8971756f9ec194 120e745e2961b5d5 0772e3ab293a1f30 7c9248ed6224aa26 7f95168400948588 5430097e23000368 01e5a6edcee7deb0 fd30682593995748 2e44fbb8bc3d8d71 0b774cf90856c4da 2b48ab08c915c0ad 9d5edf3b993fee50 061f3e1feeaa3094 351c9da399c2b915 2bafd15871caae91 42c9b72cc77dcb28 f49e13a653cbdad2 3e8e56f639a5db5b 9b2adcf4041227d7 db0e648651f4c92b 7d83ffe83f61bdc4 b6d0f83aad4e4dc7 25145708d494530b f58ff7f1a6cde683 27bc34b9887bec0d 01b3da54ffb158a0 74244a8703c03720
472,0772e3ab293a1f30 4c0eee2c1a5e76e2 26f72a4eb15ea8c0 7f95168400948588 5430097e23000368 f58ff7f1a6cde683 0220a434aa8bf029 a76ffccd2f5df1a7 74244a8703c03720 8bf446c0455e3c5c 48f93f9c2c699e19 3b6d27775fce1c7b 7b81f1f2b6ec2e5f 7d83ffe83f61bdc4 3cb6b40d377e7ca8 db0e648651f4c92b 4b29fc21f912754d 3ca7964973437917 01b3da54ffb158a0 b6d0f83aad4e4dc7 0f4c71d341e2d939 c015590d6a6fe833 a18df74d3a16e9c0 dc12cc503ac0eddb dac29ed8400b50cc 65ad9c583823162d 9b2adcf4041227d7 27bc34b9887bec0d 28a2067685cb3e97 b1dcaca98bb76736
473,f58ff7f1a6cde683 4a5ac473c9d176ba f49e13a653cbdad2 a04d6febd82a4389 172bc0ee09332ae9 2a06f5614060e3b6 4f2fffd7528de786 7f95168400948588 a292248bb2bffb3d 061f3e1feeaa3094 f705b637f624147e b1dcaca98bb76736 33856365c271aea4 bed3e73d52011f68 09bbaa171c20bae3 25145708d494530b da7d3c2d591c4295 1efd7bd8a34a1359 8d58da0e1800dc96 ce2fe99a7cda4a17 07f22a7ad7e4711d 3cb6b40d377e7ca8 01e5a6edcee7deb0 b6d0f83aad4e4dc7 34a62e66e05f9a44 5b34da30b93eb123 a813c15b46ceaf68 88b62355670ec8f8 01020d1b0821f4c7 27bc34b9887bec0d
474,1efd7bd8a34a1359 40583079f57235a6 172bc0ee09332ae9 095bb1b6ecbd0a50 a292248bb2bffb3d 88b62355670ec8f8 33856365c271aea4 3e66b4855d0dddbe ae77487a89f2610c f49e13a653cbdad2 a813c15b46ceaf68 a2c35fdf07a13286 f58ff7f1a6cde683 66ccd03c9e03ac06 83b911ff0ff45844 ce2fe99a7cda4a17 09bbaa171c20bae3 a76ffccd2f5df1a7 285657fcdf89f00d e8684734f2e587bd 2a06f5614060e3b6 46b99f864d6a075a 1c3b74a02a86467d 6406fcdb7d87b5dc 4b29fc21f912754d bf3ccaba4a3450a8 4f2fffd7528de786 061f3e1feeaa3094 7f95168400948588 b29ab87af6ea6310
475,9a439fd1abf95245 7f95168400948588 354d7a327bbcc152 00af886180e9eaec 3e8e56f639a5db5b 0772e3ab293a1f30 01e5a6edcee7deb0 f49e13a653cbdad2 00ff646ca6637bd7 1efd7bd8a34a1359 09bbaa171c20bae3 a76ffccd2f5df1a7 5430097e23000368 6cb9ab508a0678a0 01b3da54ffb158a0 27bc34b9887bec0d 2e44fbb8bc3d8d71 42c9b72cc77dcb28 88b62355670ec8f8 4b29fc21f912754d 3cb6b40d377e7ca8 da7d3c2d591c4295 d7d937303a6d5a9d 25145708d494530b 061f3e1feeaa3094 74244a8703c03720 48f93f9c2c699e19 e25a1da6ca187350 a18df74d3a16e9c0 b1dcaca98bb76736
476,8d58da0e1800dc96 5b34da30b93eb123 0d0368139e9a647f 44d324ebd3e22ad7 65fac1ba1840000f f58ff7f1a6cde683 c08c3765ac609cc0 ecb768ef6fd223ca 05f23e7d05dbf7c2 dac29ed8400b50cc b3e75fdca5ca2f1a e14a893f1918277e 54f55c74d37db3c0 2359719a0f40ffac 74e59c5820900b17 a9eef13786610446 a04d6febd82a4389 4a5ac473c9d176ba 0772e3ab293a1f30 e7cad3748e50b0f8 bed3e73d52011f68 a76ffccd2f5df1a7 2a06f5614060e3b6 b749972436ac9791 f2234bb7ce0c6f59 bd9cd6b87a4fe0ce b6d0f83aad4e4dc7 1a8e5d6512d9e2d8 7f95168400948588 025a148c3a53bd9f
477,0772e3ab293a1f30 7f95168400948588 3cb6b40d377e7ca8 f58ff7f1a6cde683 172bc0ee09332ae9 27bc34b9887bec0d 01b3da54ffb158a0 5430097e23000368 cea18be9a89d7a81 4b29fc21f912754d 1efd7bd8a34a1359 061f3e1feeaa3094 09bbaa171c20bae3 a76ffccd2f5df1a7 095bb1b6ecbd0a50 b6d0f83aad4e4dc7 7d83ffe83f61bdc4 db0e648651f4c92b d5952b2e031c4e7e fb2ebcb5335ad2e2 6406fcdb7d87b5dc 0220a434aa8bf029 25145708d494530b f48d0fbea7dc2782 f49e13a653cbdad2 07d688f5e2142b87 9b2adcf4041227d7 03dfe518713e006c 0f4c71d341e2d939 005666aa098abe8e
478,26f72a4eb15ea8c0 4c0eee2c1a5e76e2 2e44fbb8bc3d8d71 5430097e23000368 0c2eeab1e4ce1db8 2bafd15871caae91 42c9b72cc77dcb28 9b2adcf4041227d7 83f8aca6ee2caabc d72363ddd958d906 9100ea6cd0e084bf 453bc79164d57a01 f58ff7f1a6cde683 af8e70f978cd5aee 9f27aa36c1ea793c 8df3f13d6af34cb3 37001ade0df85823 7d83ffe83f61bdc4 db0e648651f4c92b 74244a8703c03720 351c9da399c2b915 da904d2a54ff8cf2 d6ed7e4b14c51296 b6d0f83aad4e4dc7 2b48ab08c915c0ad 9d5edf3b993fee50 bd9cd6b87a4fe0ce 059bbdbdb843af6a ae77487a89f2610c fc8971756f9ec194
479,7f95168400948588 09bbaa171c20bae3 f49e13a653cbdad2 a76ffccd2f5df1a7 172bc0ee09332ae9 1efd7bd8a34a1359 3cb6b40d377e7ca8 4b29fc21f912754d 0772e3ab293a1f30 061f3e1feeaa3094 01b3da54ffb158a0 27bc34b9887bec0d 48f93f9c2c699e19 a2c35fdf07a13286 4f2fffd7528de786 d5952b2e031c4e7e 88b62355670ec8f8 da7d3c2d591c4295 25145708d494530b 77e2f7da1f9d3a8f 855f2f0354e102c7 34a62e66e05f9a44 1c3b74a02a86467d 3b6d27775fce1c7b c015590d6a6fe833 07f22a7ad7e4711d 28a2067685cb3e97 0451447dd64f6284 3e8e56f639a5db5b 0f4c71d341e2d939
480,0eb4de784c8dd679 0772e3ab293a1f30 f58ff7f1a6cde683 5430097e23000368 b6d0f83aad4e4dc7 a76ffccd2f5df1a7 7f95168400948588 0220a434aa8bf029 1efd7bd8a34a1359 db0e648651f4c92b 7d83ffe83f61bdc4 9b2adcf4041227d7 0f4c71d341e2d939 8bf446c0455e3c5c 7b81f1f2b6ec2e5f 3e8e56f639a5db5b 4b29fc21f912754d af8e70f978cd5aee 09bbaa171c20bae3 a04d6febd82a4389 01b3da54ffb158a0 f49e13a653cbdad2 fb2ebcb5335ad2e2 3cb6b40d377e7ca8 3b6d27775fce1c7b 27bc34b9887bec0d 0cd920bad11c716d 74244a8703c03720 e25a1da6ca187350 095bb1b6ecbd0a50
481,0772e3ab293a1f30 62431fd374eb99fb cea18be9a89d7a81 feddfcf56818968e 4f915ad69e1dca36 8699cc5dd4159b69 7f95168400948588 6899956cd6c683f0 dc12cc503ac0eddb 6a3919ad9ed8197e bd713b37b67866c3 4b29fc21f912754d 65ad9c583823162d 3cb6b40d377e7ca8 3b6d27775fce1c7b 8bf446c0455e3c5c f48d0fbea7dc2782 03dfe518713e006c a76ffccd2f5df1a7 19e8f436d4b2fc25 d216e5458ad70e60 24c47959ea77b15b 50cb6a6c60ad711a 8dedff0a79784abc 2cebd52b41930f0a a65e30106ea50423 4fe9e4e55585ba4b 65708d542bd01f39 cc0c9419f8a20603 c015590d6a6fe833
482,8d58da0e1800dc96 c08c3765ac609cc0 00140806971e7a73 f58ff7f1a6cde683 5430097e23000368 b6d0f83aad4e4dc7 2bafd15871caae91 5b34da30b93eb123 f9c6286cff30aaa8 05f23e7d05dbf7c2 42c9b72cc77dcb28 db7342eff9200020 fc8971756f9ec194 e7cad3748e50b0f8 01020d1b0821f4c7 bed3e73d52011f68 2e44fbb8bc3d8d71 0c2eeab1e4ce1db8 2a06f5614060e3b6 f28fb3d9880c5d4c 4c0eee2c1a5e76e2 da7d3c2d591c4295 af8e70f978cd5aee 09bbaa171c20bae3 f705b637f624147e e14a893f1918277e 2359719a0f40ffac 01e5a6edcee7deb0 061f3e1feeaa3094 2810fb6f81d1711c
483,f49e13a653cbdad2 1efd7bd8a34a1359 3e8e56f639a5db5b 01e5a6edcee7deb0 da7d3c2d591c4295 09bbaa171c20bae3 061f3e1feeaa3094 0772e3ab293a1f30 7f95168400948588 34a62e66e05f9a44 25145708d494530b d5952b2e031c4e7e b1dcaca98bb76736 88b62355670ec8f8 855f2f0354e102c7 01b3da54ffb158a0 4f2fffd7528de786 27bc34b9887bec0d 3cb6b40d377e7ca8 07f22a7ad7e4711d 1c3b74a02a86467d 1dc7139adba034ec f58ff7f1a6cde683 b6d0f83aad4e4dc7 d7d937303a6d5a9d e8684734f2e587bd 77e2f7da1f9d3a8f a76ffccd2f5df1a7 964a50d33717c26d 172bc0ee09332ae9
484,ad06e9eeea8eb4ea 3b6d27775fce1c7b 28a2067685cb3e97 4f915ad69e1dca36 4b29fc21f912754d cea18be9a89d7a81 62431fd374eb99fb f48d0fbea7dc2782 70ebf53ced736fa4 90ecb28f2edb9d43 c015590d6a6fe833 a76ffccd2f5df1a7 6406fcdb7d87b5dc 8dedff0a79784abc 285657fcdf89f00d 48f93f9c2c699e19 ddf332f2b55a2a23 172bc0ee09332ae9 52370bea1acd0600 148ac4a56a18844d 3c565c1fc2316d16 4d954d933e606b70 3cb6b40d377e7ca8 0f4c71d341e2d939 b6e72edcad270be0 0772e3ab293a1f30 0683b6a78f54be75 25145708d494530b 7f95168400948588 2e79d45ba4d1540d
485,5430097e23000368 7f95168400948588 ae77487a89f2610c 7d83ffe83f61bdc4 db0e648651f4c92b f58ff7f1a6cde683 c05f45f86d0771d5 09bbaa171c20bae3 27bc34b9887bec0d 0772e3ab293a1f30 3cb6b40d377e7ca8 af8e70f978cd5aee 095bb1b6ecbd0a50 f49e13a653cbdad2 01b3da54ffb158a0 9b2adcf4041227d7 4483bbdd3241f11a d5952b2e031c4e7e cec2eea2a1fe566a 6461a9faa871b3ac 8b7c486a910dd004 2bafd15871caae91 37001ade0df85823 b1dcaca98bb76736 061f3e1feeaa3094 a84cd36608cb8665 da7d3c2d591c4295 b6d0f83aad4e4dc7 d6ed7e4b14c51296 da904d2a54ff8cf2
486,01b3da54ffb158a0 dc12cc503ac0eddb 0772e3ab293a1f30 65ad9c583823162d 3cb6b40d377e7ca8 65708d542bd01f39 8699cc5dd4159b69 99e833818ec4bbf2 27bc34b9887bec0d a65e30106ea50423 b1dcaca98bb76736 feddfcf56818968e 7f95168400948588 377c1150c781e37a 6899956cd6c683f0 87c5481930cfe126 3e8e56f639a5db5b 77e2f7da1f9d3a8f 25145708d494530b 061f3e1feeaa3094 6a3919ad9ed8197e 03dfe518713e006c 09bbaa171c20bae3 f49e13a653cbdad2 4fe9e4e55585ba4b d63b7f083330247f 964a50d33717c26d 0647acc4602d4e8f 7155e5a86136eb02 455fde214d16d350
487,7f95168400948588 0772e3ab293a1f30 2bafd15871caae91 172bc0ee09332ae9 a76ffccd2f5df1a7 1efd7bd8a34a1359 c03b11a0cdc3fa39 3b6d27775fce1c7b 4b29fc21f912754d 28a2067685cb3e97 d72363ddd958d906 83f8aca6ee2caabc a2c35fdf07a13286 74244a8703c03720 6406fcdb7d87b5dc f58ff7f1a6cde683 01e5a6edcee7deb0 5430097e23000368 f25bfcffedaccf28 36d33c41812ce7dc b6d0f83aad4e4dc7 2e44fbb8bc3d8d71 061f3e1feeaa3094 c015590d6a6fe833 3cb6b40d377e7ca8 3e66b4855d0dddbe 0f4c71d341e2d939 09bbaa171c20bae3 7d83ffe83f61bdc4 db0e648651f4c92b
488,3b6d27775fce1c7b 4b29fc21f912754d cea18be9a89d7a81 6406fcdb7d87b5dc 28a2067685cb3e97 ddf332f2b55a2a23 48f93f9c2c699e19 7f95168400948588 a76ffccd2f5df1a7 90ecb28f2edb9d43 62431fd374eb99fb 4d954d933e606b70 172bc0ee09332ae9 f48d0fbea7dc2782 0f4c71d341e2d939 c015590d6a6fe833 0772e3ab293a1f30 a2c35fdf07a13286 25145708d494530b 3cb6b40d377e7ca8 0add47a043c64d7f 3c565c1fc2316d16 f25bfcffedaccf28 4f915ad69e1dca36 0bcaac840d5e66d7 f49e13a653cbdad2 b6e72edcad270be0 27bc34b9887bec0d 285657fcdf89f00d a18df74d3a16e9c0
489,0772e3ab293a1f30 f58ff7f1a6cde683 7f95168400948588 09bbaa171c20bae3 f49e13a653cbdad2 b6d0f83aad4e4dc7 5430097e23000368 0451447dd64f6284 27bc34b9887bec0d 1efd7bd8a34a1359 3cb6b40d377e7ca8 8bf446c0455e3c5c 4f2fffd7528de786 095bb1b6ecbd0a50 061f3e1feeaa3094 b1dcaca98bb76736 a76ffccd2f5df1a7 a04d6febd82a4389 e8ad5e31484ef889 3e8e56f639a5db5b 35488b3b8b781278 da7d3c2d591c4295 01b3da54ffb158a0 5b4c879fc9c316fb 25145708d494530b 88b62355670ec8f8 4b29fc21f912754d 48f93f9c2c699e19 3b6d27775fce1c7b db0e648651f4c92b
490,f49e13a653cbdad2 1efd7bd8a34a1359 7f95168400948588 b6d0f83aad4e4dc7 3e8e56f639a5db5b 09bbaa171c20bae3 f58ff7f1a6cde683 0772e3ab293a1f30 27bc34b9887bec0d db0e648651f4c92b da7d3c2d591c4295 7d83ffe83f61bdc4 97d696011258825c 88b62355670ec8f8 6406fcdb7d87b5dc 061f3e1feeaa3094 07f22a7ad7e4711d ae77487a89f2610c 5430097e23000368 855f2f0354e102c7 01e5a6edcee7deb0 40583079f57235a6 d5952b2e031c4e7e 48f93f9c2c699e19 25145708d494530b 1dc7139adba034ec d7d937303a6d5a9d 7b81f1f2b6ec2e5f 34a62e66e05f9a44 a76ffccd2f5df1a7
491,f58ff7f1a6cde683 7f95168400948588 0772e3ab293a1f30 b6d0f83aad4e4dc7 01020d1b0821f4c7 a04d6febd82a4389 3cb6b40d377e7ca8 73391e0853c1e040 8d58da0e1800dc96 5430097e23000368 48f93f9c2c699e19 07d688f5e2142b87 27bc34b9887bec0d f25bfcffedaccf28 8bf446c0455e3c5c 01b3da54ffb158a0 a18df74d3a16e9c0 4a5ac473c9d176ba 589ef345cb2dccfc cea18be9a89d7a81 dac29ed8400b50cc 25145708d494530b 351c9da399c2b915 4b29fc21f912754d 03dfe518713e006c f9c6286cff30aaa8 abf90e759d208468 a76ffccd2f5df1a7 b3e75fdca5ca2f1a 74244a8703c03720
492,09bbaa171c20bae3 3cb6b40d377e7ca8 855f2f0354e102c7 7f95168400948588 061f3e1feeaa3094 77e2f7da1f9d3a8f 0772e3ab293a1f30 da7d3c2d591c4295 3e8e56f639a5db5b 8bf446c0455e3c5c b1dcaca98bb76736 d5952b2e031c4e7e c1f2e3a76d388944 25145708d494530b 48f93f9c2c699e19 60a070db9f1869b5 4f2fffd7528de786 e25a1da6ca187350 07f22a7ad7e4711d f49e13a653cbdad2 1dc7139adba034ec 27bc34b9887bec0d e8684734f2e587bd 0bcaac840d5e66d7 bee46c54461925d0 1c3b74a02a86467d b6e646c13d0753ae 1efd7bd8a34a1359 964a50d33717c26d 01b3da54ffb158a0
493,ddf332f2b55a2a23 4b29fc21f912754d 6406fcdb7d87b5dc 62431fd374eb99fb cea18be9a89d7a81 3b6d27775fce1c7b 28a2067685cb3e97 a76ffccd2f5df1a7 172bc0ee09332ae9 f48d0fbea7dc2782 3c565c1fc2316d16 285657fcdf89f00d a2c35fdf07a13286 0f4c71d341e2d939 4f915ad69e1dca36 b6e72edcad270be0 4d954d933e606b70 c015590d6a6fe833 7f95168400948588 3e66b4855d0dddbe 8dedff0a79784abc 0683b6a78f54be75 90ecb28f2edb9d43 3cb6b40d377e7ca8 f49e13a653cbdad2 24c47959ea77b15b 781f4d0147aef776 01e5a6edcee7deb0 2e79d45ba4d1540d 0451447dd64f6284
494,0772e3ab293a1f30 09bbaa171c20bae3 7f95168400948588 3cb6b40d377e7ca8 27bc34b9887bec0d f49e13a653cbdad2 01b3da54ffb158a0 01e5a6edcee7deb0 25145708d494530b 48f93f9c2c699e19 b1dcaca98bb76736 964a50d33717c26d 061f3e1feeaa3094 d5952b2e031c4e7e 03dfe518713e006c 77e2f7da1f9d3a8f 88b62355670ec8f8 3e8e56f639a5db5b ced9c56f2be86774 8bf446c0455e3c5c 34a62e66e05f9a44 1efd7bd8a34a1359 1c3b74a02a86467d 4f2fffd7528de786 855f2f0354e102c7 ec1b3d7ccd3984d0 0451447dd64f6284 f25bfcffedaccf28 60a070db9f1869b5 1d12acf7349196b0
495,0cd920bad11c716d 5430097e23000368 4483bbdd3241f11a 898a4921ab9f4cce fd30682593995748 c810ac016901e8ac 9b2adcf4041227d7 0897dcfae16e280f 74873b42602d8958 d64c7c3b658689f4 047769588be1aea9 d64c06baf5ef1c90 7f95168400948588 2bafd15871caae91 7d83ffe83f61bdc4 8df3f13d6af34cb3 db0e648651f4c92b d6ed7e4b14c51296 da904d2a54ff8cf2 9f27aa36c1ea793c 055d895a3b26e466 537a55eda51a3f60 37001ade0df85823 04fda7c9d8971ec0 3cb6b40d377e7ca8 09bbaa171c20bae3 af8e70f978cd5aee 6461a9faa871b3ac bd9cd6b87a4fe0ce cec2eea2a1fe566a
496,a2805ed52b47b8ec f58ff7f1a6cde683 2a06f5614060e3b6 bed3e73d52011f68 061f3e1feeaa3094 09bbaa171c20bae3 01e5a6edcee7deb0 a04d6febd82a4389 da7d3c2d591c4295 d5952b2e031c4e7e 702d8f1064ab3e30 b3e75fdca5ca2f1a 60a070db9f1869b5 0772e3ab293a1f30 1c3b74a02a86467d 5b34da30b93eb123 7f95168400948588 34a62e66e05f9a44 b6e646c13d0753ae 27bc34b9887bec0d 3cb6b40d377e7ca8 4f2fffd7528de786 d7d937303a6d5a9d a292248bb2bffb3d b6d0f83aad4e4dc7 25145708d494530b 8d58da0e1800dc96 f49e13a653cbdad2 172bc0ee09332ae9 5430097e23000368
497,1efd7bd8a34a1359 f49e13a653cbdad2 a76ffccd2f5df1a7 7f95168400948588 0772e3ab293a1f30 6406fcdb7d87b5dc 48cf88c17ff38c5e 88b62355670ec8f8 447fc00f40d71d08 07f22a7ad7e4711d 4d9214c0925e5af8 3e8e56f639a5db5b 01b3da54ffb158a0 01e5a6edcee7deb0 4f2fffd7528de786 855f2f0354e102c7 148ac4a56a18844d f25bfcffedaccf28 0683b6a78f54be75 35488b3b8b781278 09bbaa171c20bae3 77e2f7da1f9d3a8f 061f3e1feeaa3094 0f4c71d341e2d939 172bc0ee09332ae9 3b6d27775fce1c7b e25a1da6ca187350 81b7c7e312bfa1a0 9f4e0d572b1f4e6c 29968e8fd13539f8
498,e9c20b67a4c5395f 3b6d27775fce1c7b 28a2067685cb3e97 25145708d494530b 0451447dd64f6284 48f93f9c2c699e19 4b29fc21f912754d 172bc0ee09332ae9 4f915ad69e1dca36 5b4c879fc9c316fb a2c35fdf07a13286 cea18be9a89d7a81 6406fcdb7d87b5dc 148ac4a56a18844d 7f95168400948588 a76ffccd2f5df1a7 90ecb28f2edb9d43 4f2fffd7528de786 1efd7bd8a34a1359 09bbaa171c20bae3 285657fcdf89f00d 70ebf53ced736fa4 c015590d6a6fe833 3a6e7894dde31c67 061f3e1feeaa3094 f49e13a653cbdad2 0bcaac840d5e66d7 3cb6b40d377e7ca8 3e8e56f639a5db5b 07f22a7ad7e4711d
499,62431fd374eb99fb 172bc0ee09332ae9 6406fcdb7d87b5dc 4b29fc21f912754d a76ffccd2f5df1a7 a2c35fdf07a13286 f48d0fbea7dc2782 28a2067685cb3e97 cea18be9a89d7a81 404031ab9d5977c4 3b6d27775fce1c7b 0f4c71d341e2d939 3e66b4855d0dddbe 285657fcdf89f00d b6e72edcad270be0 c015590d6a6fe833 ddf332f2b55a2a23 4d954d933e606b70 66ccd03c9e03ac06 3c565c1fc2316d16 c31a456b544a40a8 4f915ad69e1dca36 4f2fffd7528de786 7c8324ce28ffb96e 1efd7bd8a34a1359 24e582daf6f87158 8dedff0a79784abc 5b4c879fc9c316fb 24c47959ea77b15b 07f22a7ad7e4711d
500,1efd7bd8a34a1359 a76ffccd2f5df1a7 a2c35fdf07a13286 855f2f0354e102c7 7f95168400948588 172bc0ee09332ae9 050544c040f46152 061f3e1feeaa3094 3e66b4855d0dddbe 09bbaa171c20bae3 a2805ed52b47b8ec bee46c54461925d0 4f2fffd7528de786 3e8e56f639a5db5b a18df74d3a16e9c0 07f22a7ad7e4711d 4b29fc21f912754d 7c98dedd223b36c0 6406fcdb7d87b5dc 83b911ff0ff45844 1c3b74a02a86467d da7d3c2d591c4295 f49e13a653cbdad2 0451447dd64f6284 0f4c71d341e2d939 1dc7139adba034ec 4577ae048ef1967d d5952b2e031c4e7e 3cb6b40d377e7ca8 97d696011258825c
501,1efd7bd8a34a1359 09bbaa171c20bae3 f49e13a653cbdad2 061f3e1feeaa3094 07f22a7ad7e4711d 3e8e56f639a5db5b da7d3c2d591c4295 34a62e66e05f9a44 7f95168400948588 1c3b74a02a86467d d5952b2e031c4e7e f58ff7f1a6cde683 4f2fffd7528de786 b6d0f83aad4e4dc7 d7d937303a6d5a9d ae77487a89f2610c 88b62355670ec8f8 e8684734f2e587bd a017f3358d5327aa 5430097e23000368 1dc7139adba034ec 855f2f0354e102c7 db0e648651f4c92b 01e5a6edcee7deb0 27bc34b9887bec0d 25145708d494530b e25a1da6ca187350 7d83ffe83f61bdc4 01b3da54ffb158a0 83b911ff0ff45844
502,6406fcdb7d87b5dc 172bc0ee09332ae9 01e5a6edcee7deb0 a76ffccd2f5df1a7 4b29fc21f912754d 1efd7bd8a34a1359 a2c35fdf07a13286 3b6d27775fce1c7b f49e13a653cbdad2 f58ff7f1a6cde683 cea18be9a89d7a81 28a2067685cb3e97 b6d0f83aad4e4dc7 f48d0fbea7dc2782 3e66b4855d0dddbe 0772e3ab293a1f30 0f4c71d341e2d939 7f95168400948588 3e8e56f639a5db5b c015590d6a6fe833 88b62355670ec8f8 62431fd374eb99fb 09bbaa171c20bae3 855f2f0354e102c7 48f93f9c2c699e19 404031ab9d5977c4 316382267dcd804f b3e75fdca5ca2f1a 7e4a4a1300b77a06 1c3b74a02a86467d
503,6461a9faa871b3ac bd9cd6b87a4fe0ce a76ffccd2f5df1a7 5430097e23000368 0772e3ab293a1f30 7f95168400948588 4483bbdd3241f11a 976baf0e84752a68 190ab585fd379f0f c810ac016901e8ac fd30682593995748 4b29fc21f912754d 537a55eda51a3f60 c015590d6a6fe833 0f4c71d341e2d939 09bbaa171c20bae3 0cd920bad11c716d 898a4921ab9f4cce 3b6d27775fce1c7b 37001ade0df85823 ecb768ef6fd223ca 27bc34b9887bec0d 172bc0ee09332ae9 28a2067685cb3e97 9b2adcf4041227d7 da904d2a54ff8cf2 d6ed7e4b14c51296 9f27aa36c1ea793c 3cb6b40d377e7ca8 af8e70f978cd5aee
504,cc0c9419f8a20603 28a2067685cb3e97 cea18be9a89d7a81 3b6d27775fce1c7b 52370bea1acd0600 7f95168400948588 2cebd52b41930f0a 3cb6b40d377e7ca8 07d688f5e2142b87 4b29fc21f912754d f25bfcffedaccf28 62431fd374eb99fb 172bc0ee09332ae9 a18df74d3a16e9c0 c015590d6a6fe833 4f915ad69e1dca36 a76ffccd2f5df1a7 0772e3ab293a1f30 0add47a043c64d7f 48f93f9c2c699e19 6406fcdb7d87b5dc f48d0fbea7dc2782 ddf332f2b55a2a23 25145708d494530b 285657fcdf89f00d 27bc34b9887bec0d 2e79d45ba4d1540d b05b5f6850cfa158 ad06e9eeea8eb4ea 81b639b74256b45b
505,25145708d494530b 7f95168400948588 3e8e56f639a5db5b f49e13a653cbdad2 3cb6b40d377e7ca8 061f3e1feeaa3094 0772e3ab293a1f30 48f93f9c2c699e19 5430097e23000368 03dfe518713e006c a2805ed52b47b8ec 77e2f7da1f9d3a8f da7d3c2d591c4295 1efd7bd8a34a1359 5b4c879fc9c316fb 09bbaa171c20bae3 01b3da54ffb158a0 d5952b2e031c4e7e 27bc34b9887bec0d d7d937303a6d5a9d 855f2f0354e102c7 60a070db9f1869b5 e403278468d84383 f58ff7f1a6cde683 e22c35101e190db9 e25a1da6ca187350 01e5a6edcee7deb0 9b2adcf4041227d7 0bcaac840d5e66d7 a18df74d3a16e9c0
506,7f95168400948588 28a2067685cb3e97 3b6d27775fce1c7b f25bfcffedaccf28 4b29fc21f912754d a18df74d3a16e9c0 70ebf53ced736fa4 48f93f9c2c699e19 172bc0ee09332ae9 1efd7bd8a34a1359 6406fcdb7d87b5dc 3cb6b40d377e7ca8 a76ffccd2f5df1a7 40583079f57235a6 c015590d6a6fe833 f58ff7f1a6cde683 97d696011258825c 74244a8703c03720 25145708d494530b 09bbaa171c20bae3 cc0c9419f8a20603 855f2f0354e102c7 0451447dd64f6284 0772e3ab293a1f30 095bb1b6ecbd0a50 b6d0f83aad4e4dc7 f49e13a653cbdad2 3e66b4855d0dddbe ddf332f2b55a2a23 a2c35fdf07a13286
507,cc861214a89ef1f4 537a55eda51a3f60 a84cd36608cb8665 af8e70f978cd5aee 451e7ba901ad661d fab14d178b24a67f 37001ade0df85823 059bbdbdb843af6a 2bafd15871caae91 190ab585fd379f0f fc8971756f9ec194 4105533fe46dfba9 6461a9faa871b3ac 00d9f8d3f7d412b3 83f8aca6ee2caabc d72363ddd958d906 42c9b72cc77dcb28 0c2eeab1e4ce1db8 9b2adcf4041227d7 0220a434aa8bf029 db0e648651f4c92b 5430097e23000368 f28fb3d9880c5d4c 74244a8703c03720 7c9248ed6224aa26 7d83ffe83f61bdc4 4b8c7061102517ef 453bc79164d57a01 f58ff7f1a6cde683 49b5678e0d1e5bcd
508,09bbaa171c20bae3 7f95168400948588 3cb6b40d377e7ca8 07f22a7ad7e4711d 4f2fffd7528de786 061f3e1feeaa3094 855f2f0354e102c7 25145708d494530b 9cf6709de35bf0f3 f58ff7f1a6cde683 92f42fbd0c38f7fd 095bb1b6ecbd0a50 27bc34b9887bec0d 40583079f57235a6 b24820ae14e16a24 bee46c54461925d0 5430097e23000368 48f93f9c2c699e19 da7d3c2d591c4295 d5952b2e031c4e7e 77e2f7da1f9d3a8f 587e0b2a4811fab1 f49e13a653cbdad2 0451447dd64f6284 0772e3ab293a1f30 01b3da54ffb158a0 a292248bb2bffb3d f25bfcffedaccf28 702d8f1064ab3e30 c1f2e3a76d388944
509,172bc0ee09332ae9 1efd7bd8a34a1359 a76ffccd2f5df1a7 f49e13a653cbdad2 7f95168400948588 40583079f57235a6 4b29fc21f912754d ae77487a89f2610c 0f4c71d341e2d939 da7d3c2d591c4295 09bbaa171c20bae3 3e66b4855d0dddbe a2c35fdf07a13286 66ccd03c9e03ac06 855f2f0354e102c7 07f22a7ad7e4711d f58ff7f1a6cde683 a18df74d3a16e9c0 34a62e66e05f9a44 97d696011258825c c015590d6a6fe833 3b6d27775fce1c7b 0772e3ab293a1f30 77e2f7da1f9d3a8f a292248bb2bffb3d 74244a8703c03720 d5952b2e031c4e7e 6406fcdb7d87b5dc 88b62355670ec8f8 e8684734f2e587bd
510,148ac4a56a18844d 28a2067685cb3e97 3b6d27775fce1c7b a76ffccd2f5df1a7 4b29fc21f912754d c015590d6a6fe833 70ebf53ced736fa4 0f4c71d341e2d939 285657fcdf89f00d 0683b6a78f54be75 172bc0ee09332ae9 6406fcdb7d87b5dc 4f915ad69e1dca36 1efd7bd8a34a1359 7f95168400948588 0451447dd64f6284 ddf332f2b55a2a23 cea18be9a89d7a81 48cf88c17ff38c5e 90ecb28f2edb9d43 e9c20b67a4c5395f 5f94b027039f4e48 f25bfcffedaccf28 f48d0fbea7dc2782 a2c35fdf07a13286 a18df74d3a16e9c0 48f93f9c2c699e19 f49e13a653cbdad2 4d954d933e606b70 8dedff0a79784abc
511,5430097e23000368 f58ff7f1a6cde683 7f95168400948588 5b34da30b93eb123 a04d6febd82a4389 bed3e73d52011f68 2a06f5614060e3b6 b3e75fdca5ca2f1a af8e70f978cd5aee a292248bb2bffb3d 8d58da0e1800dc96 b6d0f83aad4e4dc7 0772e3ab293a1f30 09bbaa171c20bae3 db0e648651f4c92b e7cad3748e50b0f8 7d83ffe83f61bdc4 a76ffccd2f5df1a7 589ef345cb2dccfc e14a893f1918277e 27bc34b9887bec0d c08c3765ac609cc0 d6ed7e4b14c51296 da904d2a54ff8cf2 f49e13a653cbdad2 6461a9faa871b3ac da7d3c2d591c4295 00d9f8d3f7d412b3 f705b637f624147e f9c6286cff30aaa8
512,a76ffccd2f5df1a7 0f4c71d341e2d939 6406fcdb7d87b5dc 4b29fc21f912754d 172bc0ee09332ae9 c015590d6a6fe833 a2c35fdf07a13286 3b6d27775fce1c7b b6e72edcad270be0 3e66b4855d0dddbe 66ccd03c9e03ac06 4d954d933e606b70 28a2067685cb3e97 f48d0fbea7dc2782 285657fcdf89f00d cea18be9a89d7a81 62431fd374eb99fb 404031ab9d5977c4 ddf332f2b55a2a23 50cb6a6c60ad711a 4f915ad69e1dca36 24c47959ea77b15b 8dedff0a79784abc 3c565c1fc2316d16 7c8324ce28ffb96e 24e582daf6f87158 c31a456b544a40a8 1efd7bd8a34a1359 52370bea1acd0600 07f22a7ad7e4711d
513,27bc34b9887bec0d e22c35101e190db9 3cb6b40d377e7ca8 7f95168400948588 d5952b2e031c4e7e 01b3da54ffb158a0 0772e3ab293a1f30 25145708d494530b b1dcaca98bb76736 964a50d33717c26d 09bbaa171c20bae3 77e2f7da1f9d3a8f 061f3e1feeaa3094 f49e13a653cbdad2 da7d3c2d591c4295 03dfe518713e006c 7c98dedd223b36c0 01e5a6edcee7deb0 7155e5a86136eb02 095bb1b6ecbd0a50 48f93f9c2c699e19 1c3b74a02a86467d 8bf446c0455e3c5c 4f2fffd7528de786 f58ff7f1a6cde683 e403278468d84383 855f2f0354e102c7 e8b87ed7db1bcb1f ca4de5b8a7bda9df 3e8e56f639a5db5b
514,fab14d178b24a67f af8e70f978cd5aee 7f95168400948588 cc861214a89ef1f4 5430097e23000368 0772e3ab293a1f30 3cb6b40d377e7ca8 f58ff7f1a6cde683 4b8c7061102517ef 48f93f9c2c699e19 025a148c3a53bd9f 4b29fc21f912754d cea18be9a89d7a81 a18df74d3a16e9c0 fc8971756f9ec194 b6d0f83aad4e4dc7 7d83ffe83f61bdc4 90ecb28f2edb9d43 4105533fe46dfba9 25145708d494530b b3e75fdca5ca2f1a db0e648651f4c92b f25bfcffedaccf28 27bc34b9887bec0d a2805ed52b47b8ec d92c0298f76ccf77 172bc0ee09332ae9 00d9f8d3f7d412b3 28a2067685cb3e97 3b6d27775fce1c7b
515,7f95168400948588 3cb6b40d377e7ca8 f25bfcffedaccf28 48f93f9c2c699e19 a18df74d3a16e9c0 f49e13a653cbdad2 27bc34b9887bec0d 97d696011258825c 061f3e1feeaa3094 0683b6a78f54be75 d5952b2e031c4e7e c1f2e3a76d388944 01b3da54ffb158a0 09bbaa171c20bae3 77e2f7da1f9d3a8f ec1b3d7ccd3984d0 4b29fc21f912754d 52aa48c07b34dc88 90ecb28f2edb9d43 25145708d494530b 7c98dedd223b36c0 1efd7bd8a34a1359 fb2ebcb5335ad2e2 07d688f5e2142b87 ad06e9eeea8eb4ea 16b11706660177ff 855f2f0354e102c7 172bc0ee09332ae9 e22c35101e190db9 e8b87ed7db1bcb1f
516,7f95168400948588 3cb6b40d377e7ca8 0772e3ab293a1f30 f58ff7f1a6cde683 2cebd52b41930f0a ad06e9eeea8eb4ea 27bc34b9887bec0d 095bb1b6ecbd0a50 b1dcaca98bb76736 cc0c9419f8a20603 03dfe518713e006c 8bf446c0455e3c5c fb2ebcb5335ad2e2 07d688f5e2142b87 a04d6febd82a4389 005666aa098abe8e f25bfcffedaccf28 25145708d494530b 0add47a043c64d7f 5430097e23000368 48f93f9c2c699e19 7155e5a86136eb02 01b3da54ffb158a0 97d696011258825c b6d0f83aad4e4dc7 a18df74d3a16e9c0 96445bec1579ec97 e8b87ed7db1bcb1f ba5199dba342af68 d5952b2e031c4e7e
517,7f95168400948588 0772e3ab293a1f30 f25bfcffedaccf28 a18df74d3a16e9c0 3cb6b40d377e7ca8 f49e13a653cbdad2 1efd7bd8a34a1359 70ebf53ced736fa4 01e5a6edcee7deb0 90ecb28f2edb9d43 fc8971756f9ec194 a9223c28b10c131f 27bc34b9887bec0d 09bbaa171c20bae3 ad06e9eeea8eb4ea 07d688f5e2142b87 c1f2e3a76d388944 48f93f9c2c699e19 8bf446c0455e3c5c 25145708d494530b a2805ed52b47b8ec 5430097e23000368 e25a1da6ca187350 061f3e1feeaa3094 3e8e56f639a5db5b 01b3da54ffb158a0 07f22a7ad7e4711d 0683b6a78f54be75 2bafd15871caae91 d5952b2e031c4e7e
518,0772e3ab293a1f30 da7d3c2d591c4295 f49e13a653cbdad2 8bf446c0455e3c5c 7f95168400948588 d5952b2e031c4e7e e25a1da6ca187350 a18df74d3a16e9c0 f58ff7f1a6cde683 3e8e56f639a5db5b 1efd7bd8a34a1359 a76ffccd2f5df1a7 60a070db9f1869b5 5430097e23000368 09bbaa171c20bae3 27bc34b9887bec0d 3ca7964973437917 061f3e1feeaa3094 01b3da54ffb158a0 e8684734f2e587bd e8b87ed7db1bcb1f 01e5a6edcee7deb0 25145708d494530b 0220a434aa8bf029 e403278468d84383 88b62355670ec8f8 b6e646c13d0753ae b6d0f83aad4e4dc7 c1f2e3a76d388944 1d12acf7349196b0
519,0772e3ab293a1f30 7f95168400948588 8bf446c0455e3c5c f58ff7f1a6cde683 fab14d178b24a67f 3cb6b40d377e7ca8 27bc34b9887bec0d 01b3da54ffb158a0 2cebd52b41930f0a b1dcaca98bb76736 fb2ebcb5335ad2e2 03dfe518713e006c e403278468d84383 01e5a6edcee7deb0 5430097e23000368 5b4c879fc9c316fb cc0c9419f8a20603 07d688f5e2142b87 74244a8703c03720 a9223c28b10c131f 025a148c3a53bd9f 9100ea6cd0e084bf 2bafd15871caae91 0451447dd64f6284 25145708d494530b 09bbaa171c20bae3 d5952b2e031c4e7e f49e13a653cbdad2 5a1149fbcbd37376 0add47a043c64d7f
520,7f95168400948588 7b81f1f2b6ec2e5f 1efd7bd8a34a1359 2bafd15871caae91 acf5cb026b3c4551 061f3e1feeaa3094 3e8e56f639a5db5b 48f93f9c2c699e19 44d324ebd3e22ad7 3cb6b40d377e7ca8 83f8aca6ee2caabc d72363ddd958d906 09bbaa171c20bae3 25145708d494530b b6d0f83aad4e4dc7 5430097e23000368 97d696011258825c 0c2eeab1e4ce1db8 f58ff7f1a6cde683 07f22a7ad7e4711d 34a62e66e05f9a44 29968e8fd13539f8 f49e13a653cbdad2 da7d3c2d591c4295 a2805ed52b47b8ec 1d12acf7349196b0 ae77487a89f2610c 88b62355670ec8f8 6461a9faa871b3ac b3e75fdca5ca2f1a
521,538c7bb968b2154c 97d696011258825c 1efd7bd8a34a1359 a18df74d3a16e9c0 f49e13a653cbdad2 7f95168400948588 f25bfcffedaccf28 3e8e56f639a5db5b 3b6d27775fce1c7b 48f93f9c2c699e19 ce0f56b7190c268a 0683b6a78f54be75 70ebf53ced736fa4 a2805ed52b47b8ec e8684734f2e587bd 6406fcdb7d87b5dc 061f3e1feeaa3094 a76ffccd2f5df1a7 1c3b74a02a86467d 34a62e66e05f9a44 d5952b2e031c4e7e 0451447dd64f6284 88b62355670ec8f8 90ecb28f2edb9d43 09bbaa171c20bae3 4b29fc21f912754d 0772e3ab293a1f30 7c98dedd223b36c0 28a2067685cb3e97 07f22a7ad7e4711d
522,7f95168400948588 0451447dd64f6284 f49e13a653cbdad2 0772e3ab293a1f30 01e5a6edcee7deb0 09bbaa171c20bae3 4f2fffd7528de786 88b62355670ec8f8 0f4c71d341e2d939 d5952b2e031c4e7e 1c3b74a02a86467d 92f42fbd0c38f7fd 01b3da54ffb158a0 061f3e1feeaa3094 da7d3c2d591c4295 3e8e56f639a5db5b 3cb6b40d377e7ca8 07f22a7ad7e4711d f58ff7f1a6cde683 1efd7bd8a34a1359 b1dcaca98bb76736 b6d0f83aad4e4dc7 40583079f57235a6 a76ffccd2f5df1a7 60a070db9f1869b5 97d696011258825c 7b81f1f2b6ec2e5f 27bc34b9887bec0d 77e2f7da1f9d3a8f 34a62e66e05f9a44
523,0772e3ab293a1f30 8699cc5dd4159b69 65708d542bd01f39 65ad9c583823162d dc12cc503ac0eddb 3cb6b40d377e7ca8 d216e5458ad70e60 cc507a0d6fcf4a1c 7f95168400948588 4fe9e4e55585ba4b 35488b3b8b781278 27bc34b9887bec0d 6899956cd6c683f0 feddfcf56818968e a65e30106ea50423 8a5635c748344d47 8bf446c0455e3c5c 5b4c879fc9c316fb 6a3919ad9ed8197e fb8bd6b95eb4702a 01b3da54ffb158a0 99e833818ec4bbf2 d0f6c00eec5eb973 0688c790d5806540 72b80b099fd64ec4 e9c20b67a4c5395f 03dfe518713e006c d63b7f083330247f 377c1150c781e37a 87c5481930cfe126
524,7f95168400948588 3cb6b40d377e7ca8 0772e3ab293a1f30 f58ff7f1a6cde683 f25bfcffedaccf28 f49e13a653cbdad2 48f93f9c2c699e19 97d696011258825c 27bc34b9887bec0d b6d0f83aad4e4dc7 d5952b2e031c4e7e a18df74d3a16e9c0 1efd7bd8a34a1359 09bbaa171c20bae3 061f3e1feeaa3094 3e8e56f639a5db5b 01b3da54ffb158a0 1d12acf7349196b0 8bf446c0455e3c5c 74244a8703c03720 25145708d494530b 07d688f5e2142b87 a2805ed52b47b8ec 5430097e23000368 fb2ebcb5335ad2e2 88b62355670ec8f8 095bb1b6ecbd0a50 da7d3c2d591c4295 2cebd52b41930f0a e8b87ed7db1bcb1f
525,2e44fbb8bc3d8d71 2bafd15871caae91 fc21db75b354a917 d92c0298f76ccf77 2dd12c230ab22555 351c9da399c2b915 39f6296778264878 fab14d178b24a67f 059bbdbdb843af6a b8e2f75014710ced e5fb8dc5c9cb4a19 74244a8703c03720 cc861214a89ef1f4 0c2eeab1e4ce1db8 453bc79164d57a01 36d33c41812ce7dc 26fc2a95df5659c2 316382267dcd804f 6e1b6b53c9710940 9c9a9d45c2ea7ddf 0772e3ab293a1f30 5570ef88d970e9b4 fc8971756f9ec194 4105533fe46dfba9 d72363ddd958d906 83f8aca6ee2caabc 3d93a60f990a0a7c a677c3a76055a6d2 42c9b72cc77dcb28 f28fb3d9880c5d4c
526,70ebf53ced736fa4 4b29fc21f912754d 28a2067685cb3e97 3b6d27775fce1c7b 148ac4a56a18844d a76ffccd2f5df1a7 172bc0ee09332ae9 0683b6a78f54be75 90ecb28f2edb9d43 7f95168400948588 ad06e9eeea8eb4ea 0f4c71d341e2d939 c015590d6a6fe833 3cb6b40d377e7ca8 1efd7bd8a34a1359 7c8324ce28ffb96e 48cf88c17ff38c5e 48f93f9c2c699e19 ddf332f2b55a2a23 855f2f0354e102c7 447fc00f40d71d08 81b7c7e312bfa1a0 6406fcdb7d87b5dc f48d0fbea7dc2782 f25bfcffedaccf28 e9c20b67a4c5395f f49e13a653cbdad2 77e2f7da1f9d3a8f 285657fcdf89f00d a853f13216170123
527,9a439fd1abf95245 1efd7bd8a34a1359 34a62e66e05f9a44 da7d3c2d591c4295 09bbaa171c20bae3 bed3e73d52011f68 07f22a7ad7e4711d 2a06f5614060e3b6 1c3b74a02a86467d 061f3e1feeaa3094 7f95168400948588 3e8e56f639a5db5b d1e21234d7cc61d2 f9c6286cff30aaa8 538c7bb968b2154c 0eb4de784c8dd679 d7d937303a6d5a9d 88b62355670ec8f8 83b911ff0ff45844 a292248bb2bffb3d a2805ed52b47b8ec d5952b2e031c4e7e 25145708d494530b 4a5ac473c9d176ba 97d696011258825c b3e75fdca5ca2f1a f49e13a653cbdad2 a2c35fdf07a13286 3fa57d488e979d74 e8684734f2e587bd
528,0772e3ab293a1f30 48f93f9c2c699e19 3cb6b40d377e7ca8 28a2067685cb3e97 4f915ad69e1dca36 25145708d494530b 3b6d27775fce1c7b 7f95168400948588 4b29fc21f912754d 62431fd374eb99fb 07d688f5e2142b87 cea18be9a89d7a81 d7d937303a6d5a9d a76ffccd2f5df1a7 cc0c9419f8a20603 f25bfcffedaccf28 2cebd52b41930f0a 01b3da54ffb158a0 27bc34b9887bec0d ec1b3d7ccd3984d0 3c565c1fc2316d16 dc12cc503ac0eddb f48d0fbea7dc2782 061f3e1feeaa3094 c015590d6a6fe833 03dfe518713e006c a18df74d3a16e9c0 8dedff0a79784abc f49e13a653cbdad2 01e5a6edcee7deb0
529,83f5a9732f0de67f 7f95168400948588 3cb6b40d377e7ca8 0772e3ab293a1f30 5430097e23000368 0eb4de784c8dd679 09bbaa171c20bae3 f58ff7f1a6cde683 27bc34b9887bec0d 2cebd52b41930f0a da7d3c2d591c4295 03dfe518713e006c 7d83ffe83f61bdc4 01b3da54ffb158a0 db0e648651f4c92b b6d0f83aad4e4dc7 b1dcaca98bb76736 8bf446c0455e3c5c 48f93f9c2c699e19 25145708d494530b 77e2f7da1f9d3a8f d5952b2e031c4e7e 07d688f5e2142b87 cc0c9419f8a20603 351c9da399c2b915 095bb1b6ecbd0a50 f25bfcffedaccf28 5b4c879fc9c316fb a18df74d3a16e9c0 005666aa098abe8e
530,46b99f864d6a075a f58ff7f1a6cde683 09bbaa171c20bae3 34a62e66e05f9a44 f9c6286cff30aaa8 09660f466b38b7ba 07f22a7ad7e4711d 88b62355670ec8f8 1efd7bd8a34a1359 b6d0f83aad4e4dc7 01020d1b0821f4c7 a292248bb2bffb3d 27bc34b9887bec0d 855f2f0354e102c7 abf90e759d208468 f49e13a653cbdad2 29968e8fd13539f8 8d58da0e1800dc96 4a5ac473c9d176ba 7f95168400948588 bed3e73d52011f68 ae77487a89f2610c 2a06f5614060e3b6 2810fb6f81d1711c 77e2f7da1f9d3a8f 447fc00f40d71d08 d5952b2e031c4e7e 1c3b74a02a86467d 01b3da54ffb158a0 4f2fffd7528de786
531,f58ff7f1a6cde683 1efd7bd8a34a1359 74244a8703c03720 b6d0f83aad4e4dc7 0220a434aa8bf029 5430097e23000368 0772e3ab293a1f30 f49e13a653cbdad2 7f95168400948588 095bb1b6ecbd0a50 a76ffccd2f5df1a7 db0e648651f4c92b 7d83ffe83f61bdc4 9b2adcf4041227d7 a04d6febd82a4389 e14a893f1918277e 0cd920bad11c716d f705b637f624147e 7b81f1f2b6ec2e5f 3e8e56f639a5db5b 3b6d27775fce1c7b 0f4c71d341e2d939 40583079f57235a6 a18df74d3a16e9c0 c015590d6a6fe833 b1e47da7659b675c 6406fcdb7d87b5dc 4b29fc21f912754d 27bc34b9887bec0d f25bfcffedaccf28
532,bed3e73d52011f68 5b34da30b93eb123 2a06f5614060e3b6 f58ff7f1a6cde683 e7cad3748e50b0f8 a04d6febd82a4389 8d58da0e1800dc96 a292248bb2bffb3d 7f95168400948588 b3e75fdca5ca2f1a 702d8f1064ab3e30 33856365c271aea4 b6d0f83aad4e4dc7 dac29ed8400b50cc 0772e3ab293a1f30 da7d3c2d591c4295 f49e13a653cbdad2 a813c15b46ceaf68 5430097e23000368 65fac1ba1840000f 05f23e7d05dbf7c2 1efd7bd8a34a1359 c08c3765ac609cc0 589ef345cb2dccfc b1dcaca98bb76736 061f3e1feeaa3094 44d324ebd3e22ad7 ce2fe99a7cda4a17 bd0f175ee98c613e 09bbaa171c20bae3
533,7f95168400948588 0a49074a4158155b 0772e3ab293a1f30 2cebd52b41930f0a f25bfcffedaccf28 3cb6b40d377e7ca8 cc0c9419f8a20603 27bc34b9887bec0d 07d688f5e2142b87 01b3da54ffb158a0 a76ffccd2f5df1a7 4b29fc21f912754d 3b6d27775fce1c7b 92f42fbd0c38f7fd 0f4c71d341e2d939 8bf446c0455e3c5c c015590d6a6fe833 28a2067685cb3e97 a18df74d3a16e9c0 cea18be9a89d7a81 83f5a9732f0de67f 6899956cd6c683f0 5430097e23000368 0add47a043c64d7f 585f4ee09d8fea46 09bbaa171c20bae3 f48d0fbea7dc2782 2e79d45ba4d1540d 03dfe518713e006c a9223c28b10c131f
534,42c9b72cc77dcb28 0c2eeab1e4ce1db8 2bafd15871caae91 2e44fbb8bc3d8d71 36d33c41812ce7dc f28fb3d9880c5d4c 453bc79164d57a01 a677c3a76055a6d2 cc861214a89ef1f4 351c9da399c2b915 37001ade0df85823 2dd12c230ab22555 b8e2f75014710ced 3d93a60f990a0a7c d72363ddd958d906 83f8aca6ee2caabc e5fb8dc5c9cb4a19 af8e70f978cd5aee 059bbdbdb843af6a 6e1b6b53c9710940 fc8971756f9ec194 00d9f8d3f7d412b3 5430097e23000368 b0b5e62a93a2c37c 8b7c486a910dd004 8df3f13d6af34cb3 c810ac016901e8ac 9f27aa36c1ea793c da904d2a54ff8cf2 d6ed7e4b14c51296
535,8d58da0e1800dc96 5b34da30b93eb123 c08c3765ac609cc0 e14a893f1918277e 05f23e7d05dbf7c2 44d324ebd3e22ad7 dac29ed8400b50cc f58ff7f1a6cde683 65fac1ba1840000f 5430097e23000368 f705b637f624147e 54f55c74d37db3c0 e7cad3748e50b0f8 2a06f5614060e3b6 bed3e73d52011f68 4a5ac473c9d176ba 0d0368139e9a647f b6d0f83aad4e4dc7 2bafd15871caae91 74244a8703c03720 2e44fbb8bc3d8d71 2359719a0f40ffac 351c9da399c2b915 0220a434aa8bf029 6461a9faa871b3ac 7d83ffe83f61bdc4 0772e3ab293a1f30 db0e648651f4c92b 7f95168400948588 af8e70f978cd5aee
536,1efd7bd8a34a1359 133b04350c75770b 7f95168400948588 0451447dd64f6284 35488b3b8b781278 b1e47da7659b675c a76ffccd2f5df1a7 28a2067685cb3e97 a18df74d3a16e9c0 f25bfcffedaccf28 e9c20b67a4c5395f 3b6d27775fce1c7b 285657fcdf89f00d 48f93f9c2c699e19 148ac4a56a18844d 25145708d494530b f49e13a653cbdad2 09bbaa171c20bae3 6406fcdb7d87b5dc 0683b6a78f54be75 0772e3ab293a1f30 70ebf53ced736fa4 fb2ebcb5335ad2e2 172bc0ee09332ae9 3cb6b40d377e7ca8 3e8e56f639a5db5b 061f3e1feeaa3094 4b29fc21f912754d 5b4c879fc9c316fb c015590d6a6fe833
537,2e44fbb8bc3d8d71 fc8971756f9ec194 42c9b72cc77dcb28 351c9da399c2b915 37001ade0df85823 0c2eeab1e4ce1db8 0772e3ab293a1f30 1efd7bd8a34a1359 01e5a6edcee7deb0 01b3da54ffb158a0 3e8e56f639a5db5b f28fb3d9880c5d4c f49e13a653cbdad2 7f95168400948588 25145708d494530b 3cb6b40d377e7ca8 4d32dae7b43c489a 061f3e1feeaa3094 120e745e2961b5d5 2bafd15871caae91 77e2f7da1f9d3a8f 27bc34b9887bec0d b1dcaca98bb76736 855f2f0354e102c7 d7d937303a6d5a9d d72363ddd958d906 83f8aca6ee2caabc 6cb9ab508a0678a0 88b62355670ec8f8 ec1b3d7ccd3984d0
538,f58ff7f1a6cde683 27bc34b9887bec0d 5430097e23000368 b6d0f83aad4e4dc7 db0e648651f4c92b 7d83ffe83f61bdc4 095bb1b6ecbd0a50 0772e3ab293a1f30 a04d6febd82a4389 9b2adcf4041227d7 061f3e1feeaa3094 7f95168400948588 f705b637f624147e af8e70f978cd5aee 01020d1b0821f4c7 7b81f1f2b6ec2e5f 09bbaa171c20bae3 3cb6b40d377e7ca8 0451447dd64f6284 351c9da399c2b915 f49e13a653cbdad2 b3e75fdca5ca2f1a 8d58da0e1800dc96 37001ade0df85823 49b5678e0d1e5bcd e14a893f1918277e 0220a434aa8bf029 0eb4de784c8dd679 d6ed7e4b14c51296 da904d2a54ff8cf2
539,ec1b3d7ccd3984d0 1efd7bd8a34a1359 48f93f9c2c699e19 09bbaa171c20bae3 a18df74d3a16e9c0 f49e13a653cbdad2 25145708d494530b f25bfcffedaccf28 855f2f0354e102c7 061f3e1feeaa3094 a76ffccd2f5df1a7 172bc0ee09332ae9 77e2f7da1f9d3a8f 7f95168400948588 3cb6b40d377e7ca8 3e8e56f639a5db5b 0772e3ab293a1f30 b24820ae14e16a24 a2c35fdf07a13286 07f22a7ad7e4711d 27bc34b9887bec0d 3b6d27775fce1c7b 29968e8fd13539f8 88b62355670ec8f8 28a2067685cb3e97 e22c35101e190db9 e25a1da6ca187350 34a62e66e05f9a44 01b3da54ffb158a0 43b3338423d7386c
540,ca43e349133fc0e3 7f95168400948588 48f93f9c2c699e19 f49e13a653cbdad2 3b6d27775fce1c7b 25145708d494530b f25bfcffedaccf28 3cb6b40d377e7ca8 a18df74d3a16e9c0 0772e3ab293a1f30 1efd7bd8a34a1359 28a2067685cb3e97 4b29fc21f912754d 3e8e56f639a5db5b 061f3e1feeaa3094 6406fcdb7d87b5dc 97d696011258825c a76ffccd2f5df1a7 ad06e9eeea8eb4ea a2805ed52b47b8ec 0add47a043c64d7f 09bbaa171c20bae3 07d688f5e2142b87 f58ff7f1a6cde683 0bcaac840d5e66d7 0451447dd64f6284 90ecb28f2edb9d43 172bc0ee09332ae9 c015590d6a6fe833 27bc34b9887bec0d
541,6406fcdb7d87b5dc 97d696011258825c f49e13a653cbdad2 28a2067685cb3e97 3b6d27775fce1c7b 0772e3ab293a1f30 f58ff7f1a6cde683 48f93f9c2c699e19 7f95168400948588 1efd7bd8a34a1359 88b62355670ec8f8 3cb6b40d377e7ca8 01e5a6edcee7deb0 4b29fc21f912754d b3e75fdca5ca2f1a a76ffccd2f5df1a7 a18df74d3a16e9c0 43b3338423d7386c a04d6febd82a4389 f25bfcffedaccf28 3e8e56f639a5db5b 25145708d494530b cea18be9a89d7a81 fb2ebcb5335ad2e2 90ecb28f2edb9d43 0451447dd64f6284 061f3e1feeaa3094 07d688f5e2142b87 f48d0fbea7dc2782 70ebf53ced736fa4
542,3b6d27775fce1c7b 48f93f9c2c699e19 25145708d494530b 4b29fc21f912754d 28a2067685cb3e97 172bc0ee09332ae9 3cb6b40d377e7ca8 7f95168400948588 f58ff7f1a6cde683 a76ffccd2f5df1a7 ad06e9eeea8eb4ea cea18be9a89d7a81 061f3e1feeaa3094 f25bfcffedaccf28 ddf332f2b55a2a23 a2c35fdf07a13286 c015590d6a6fe833 0bcaac840d5e66d7 09bbaa171c20bae3 0772e3ab293a1f30 90ecb28f2edb9d43 f49e13a653cbdad2 a2805ed52b47b8ec a292248bb2bffb3d b3e75fdca5ca2f1a a04d6febd82a4389 e7cad3748e50b0f8 0f4c71d341e2d939 4f915ad69e1dca36 97d696011258825c
543,0772e3ab293a1f30 f49e13a653cbdad2 1efd7bd8a34a1359 7f95168400948588 6406fcdb7d87b5dc 3cb6b40d377e7ca8 3e8e56f639a5db5b 172bc0ee09332ae9 a76ffccd2f5df1a7 01b3da54ffb158a0 d5952b2e031c4e7e 01e5a6edcee7deb0 27bc34b9887bec0d f58ff7f1a6cde683 a18df74d3a16e9c0 8bf446c0455e3c5c 25145708d494530b 061f3e1feeaa3094 4b29fc21f912754d b6d0f83aad4e4dc7 b1dcaca98bb76736 0451447dd64f6284 09bbaa171c20bae3 e8b87ed7db1bcb1f 4d9214c0925e5af8 88b62355670ec8f8 5430097e23000368 da7d3c2d591c4295 0f4c71d341e2d939 3b6d27775fce1c7b
544,27bc34b9887bec0d e22c35101e190db9 ec1b3d7ccd3984d0 48f93f9c2c699e19 01b3da54ffb158a0 7f95168400948588 3cb6b40d377e7ca8 f49e13a653cbdad2 77e2f7da1f9d3a8f 09bbaa171c20bae3 25145708d494530b f25bfcffedaccf28 061f3e1feeaa3094 964a50d33717c26d 1efd7bd8a34a1359 855f2f0354e102c7 a18df74d3a16e9c0 34a62e66e05f9a44 d5952b2e031c4e7e 3e8e56f639a5db5b f209d29f991432f0 29968e8fd13539f8 88b62355670ec8f8 1c3b74a02a86467d 0772e3ab293a1f30 3ca7964973437917 e25a1da6ca187350 03dfe518713e006c fb2ebcb5335ad2e2 e0269da736ddf004
545,5b4c879fc9c316fb 4b29fc21f912754d 3c565c1fc2316d16 cea18be9a89d7a81 90ecb28f2edb9d43 62431fd374eb99fb 3b6d27775fce1c7b a76ffccd2f5df1a7 7f95168400948588 ddf332f2b55a2a23 f48d0fbea7dc2782 0bcaac840d5e66d7 28a2067685cb3e97 172bc0ee09332ae9 07d688f5e2142b87 b6e72edcad270be0 4f915ad69e1dca36 25145708d494530b ad06e9eeea8eb4ea 48f93f9c2c699e19 6406fcdb7d87b5dc 2e79d45ba4d1540d 4d954d933e606b70 70ebf53ced736fa4 2cebd52b41930f0a 3cb6b40d377e7ca8 c1f2e3a76d388944 0f4c71d341e2d939 f25bfcffedaccf28 cc0c9419f8a20603
546,7f95168400948588 0772e3ab293a1f30 27bc34b9887bec0d a76ffccd2f5df1a7 8bf446c0455e3c5c 4b29fc21f912754d f49e13a653cbdad2 172bc0ee09332ae9 3cb6b40d377e7ca8 e22c35101e190db9 b1dcaca98bb76736 01b3da54ffb158a0 d5952b2e031c4e7e a18df74d3a16e9c0 e25a1da6ca187350 3e8e56f639a5db5b 855f2f0354e102c7 09bbaa171c20bae3 da7d3c2d591c4295 4d954d933e606b70 c015590d6a6fe833 3b6d27775fce1c7b 1efd7bd8a34a1359 f25bfcffedaccf28 061f3e1feeaa3094 e8b87ed7db1bcb1f c1f2e3a76d388944 0f4c71d341e2d939 77e2f7da1f9d3a8f 28a2067685cb3e97
547,a5d5ba33b5b1dc95 f9c6286cff30aaa8 9100ea6cd0e084bf 2e44fbb8bc3d8d71 01e5a6edcee7deb0 7c8324ce28ffb96e b6d0f83aad4e4dc7 316382267dcd804f 5430097e23000368 39f6296778264878 f58ff7f1a6cde683 351c9da399c2b915 c03b11a0cdc3fa39 061f3e1feeaa3094 db0e648651f4c92b d92c0298f76ccf77 059bbdbdb843af6a 7d83ffe83f61bdc4 453bc79164d57a01 ae77487a89f2610c 26fc2a95df5659c2 49b5678e0d1e5bcd 1efd7bd8a34a1359 36d33c41812ce7dc af8e70f978cd5aee 74244a8703c03720 9b2adcf4041227d7 7b81f1f2b6ec2e5f a292248bb2bffb3d 2bafd15871caae91
548,7f95168400948588 f25bfcffedaccf28 07d688f5e2142b87 f58ff7f1a6cde683 19e8f436d4b2fc25 a18df74d3a16e9c0 f49e13a653cbdad2 48f93f9c2c699e19 1efd7bd8a34a1359 b6d0f83aad4e4dc7 28a2067685cb3e97 0add47a043c64d7f 6406fcdb7d87b5dc a2805ed52b47b8ec 25145708d494530b 5430097e23000368 3b6d27775fce1c7b 70ebf53ced736fa4 285657fcdf89f00d 0683b6a78f54be75 cc0c9419f8a20603 0772e3ab293a1f30 061f3e1feeaa3094 3cb6b40d377e7ca8 a76ffccd2f5df1a7 3e8e56f639a5db5b 095bb1b6ecbd0a50 7d83ffe83f61bdc4 2cebd52b41930f0a db0e648651f4c92b
549,01104a026d22ae55 5430097e23000368 351c9da399c2b915 0c2eeab1e4ce1db8 9a439fd1abf95245 af8e70f978cd5aee 42c9b72cc77dcb28 2bafd15871caae91 2e44fbb8bc3d8d71 b6d0f83aad4e4dc7 6cb9ab508a0678a0 37001ade0df85823 09bbaa171c20bae3 fc8971756f9ec194 f58ff7f1a6cde683 061f3e1feeaa3094 00d9f8d3f7d412b3 6461a9faa871b3ac 36d33c41812ce7dc db0e648651f4c92b cc861214a89ef1f4 7d83ffe83f61bdc4 7f95168400948588 3cb6b40d377e7ca8 d6ed7e4b14c51296 da904d2a54ff8cf2 4105533fe46dfba9 00ff646ca6637bd7 8df3f13d6af34cb3 d72363ddd958d906
550,0772e3ab293a1f30 7f95168400948588 3cb6b40d377e7ca8 48f93f9c2c699e19 f58ff7f1a6cde683 095bb1b6ecbd0a50 25145708d494530b 2cebd52b41930f0a 3d6880bd12f6613f 27bc34b9887bec0d f25bfcffedaccf28 03dfe518713e006c 74244a8703c03720 ad06e9eeea8eb4ea a18df74d3a16e9c0 0add47a043c64d7f 0220a434aa8bf029 f49e13a653cbdad2 b6d0f83aad4e4dc7 5430097e23000368 97d696011258825c cc0c9419f8a20603 fb2ebcb5335ad2e2 a04d6febd82a4389 09bbaa171c20bae3 b1dcaca98bb76736 07d688f5e2142b87 95d25d38ba7df9c7 ec1b3d7ccd3984d0 0bcaac840d5e66d7
551,cc2cc23a98c14c33 6e12311169bcb24c 7f95168400948588 0772e3ab293a1f30 dc12cc503ac0eddb 3cb6b40d377e7ca8 b1dcaca98bb76736 65ad9c583823162d 27bc34b9887bec0d c1f2e3a76d388944 3e8e56f639a5db5b feddfcf56818968e 01b3da54ffb158a0 6a3919ad9ed8197e 25145708d494530b 99e833818ec4bbf2 d63b7f083330247f 8699cc5dd4159b69 061f3e1feeaa3094 6899956cd6c683f0 2cebd52b41930f0a 65708d542bd01f39 77e2f7da1f9d3a8f 377c1150c781e37a da7d3c2d591c4295 48f93f9c2c699e19 09bbaa171c20bae3 8bf446c0455e3c5c 7eec211cc37a1b05 0c15f252d30646fc
552,dac29ed8400b50cc b3e75fdca5ca2f1a 5b34da30b93eb123 f58ff7f1a6cde683 a04d6febd82a4389 2a06f5614060e3b6 bed3e73d52011f68 5430097e23000368 a292248bb2bffb3d e7cad3748e50b0f8 bd0f175ee98c613e b6d0f83aad4e4dc7 0772e3ab293a1f30 8d58da0e1800dc96 589ef345cb2dccfc 702d8f1064ab3e30 7f95168400948588 db0e648651f4c92b 50ba507a268872e1 eec6b281e236b500 f49e13a653cbdad2 7d83ffe83f61bdc4 09bbaa171c20bae3 e14a893f1918277e 6461a9faa871b3ac 33856365c271aea4 2bafd15871caae91 9b2adcf4041227d7 3cb6b40d377e7ca8 ae77487a89f2610c
553,07d688f5e2142b87 0772e3ab293a1f30 7f95168400948588 3cb6b40d377e7ca8 48f93f9c2c699e19 25145708d494530b 0add47a043c64d7f 2cebd52b41930f0a cc0c9419f8a20603 03dfe518713e006c c1f2e3a76d388944 7155e5a86136eb02 f25bfcffedaccf28 8bf446c0455e3c5c 3d6880bd12f6613f 27bc34b9887bec0d 95d25d38ba7df9c7 a18df74d3a16e9c0 0bcaac840d5e66d7 b05b5f6850cfa158 96445bec1579ec97 ba5199dba342af68 ad06e9eeea8eb4ea fb2ebcb5335ad2e2 19e8f436d4b2fc25 061f3e1feeaa3094 45bd99d5d2eef776 5f94b027039f4e48 1d12acf7349196b0 01b3da54ffb158a0
554,4b29fc21f912754d 172bc0ee09332ae9 a76ffccd2f5df1a7 cea18be9a89d7a81 a2c35fdf07a13286 f48d0fbea7dc2782 7f95168400948588 28a2067685cb3e97 3b6d27775fce1c7b 6406fcdb7d87b5dc 3cb6b40d377e7ca8 48f93f9c2c699e19 c015590d6a6fe833 3e66b4855d0dddbe 0f4c71d341e2d939 62431fd374eb99fb 09bbaa171c20bae3 25145708d494530b f25bfcffedaccf28 b6e72edcad270be0 ddf332f2b55a2a23 1efd7bd8a34a1359 061f3e1feeaa3094 27bc34b9887bec0d c1f2e3a76d388944 d5952b2e031c4e7e a2805ed52b47b8ec f49e13a653cbdad2 4d954d933e606b70 9cf6709de35bf0f3
555,5430097e23000368 f58ff7f1a6cde683 01b3da54ffb158a0 7f95168400948588 0772e3ab293a1f30 b6d0f83aad4e4dc7 09bbaa171c20bae3 061f3e1feeaa3094 d5952b2e031c4e7e 7b81f1f2b6ec2e5f 83f5a9732f0de67f a04d6febd82a4389 da7d3c2d591c4295 b1dcaca98bb76736 3cb6b40d377e7ca8 095bb1b6ecbd0a50 f49e13a653cbdad2 27bc34b9887bec0d 25145708d494530b 1d12acf7349196b0 f25bfcffedaccf28 7d83ffe83f61bdc4 db0e648651f4c92b 01020d1b0821f4c7 8bf446c0455e3c5c e8684734f2e587bd 48f93f9c2c699e19 0eb4de784c8dd679 b3e75fdca5ca2f1a 97d696011258825c
556,1c3b74a02a86467d 1efd7bd8a34a1359 29968e8fd13539f8 f49e13a653cbdad2 88b62355670ec8f8 48f93f9c2c699e19 3b6d27775fce1c7b 4b29fc21f912754d 061f3e1feeaa3094 28a2067685cb3e97 46b99f864d6a075a 285657fcdf89f00d 25145708d494530b 6406fcdb7d87b5dc 7f95168400948588 f25bfcffedaccf28 3cb6b40d377e7ca8 d5952b2e031c4e7e 01b3da54ffb158a0 172bc0ee09332ae9 43b3338423d7386c a76ffccd2f5df1a7 77e2f7da1f9d3a8f 095bb1b6ecbd0a50 97d696011258825c 01e5a6edcee7deb0 f58ff7f1a6cde683 0772e3ab293a1f30 3e8e56f639a5db5b 0683b6a78f54be75
557,3cb6b40d377e7ca8 0688c790d5806540 0772e3ab293a1f30 cc507a0d6fcf4a1c 58654e3143c6550b 0647acc4602d4e8f dc12cc503ac0eddb 65ad9c583823162d 0451447dd64f6284 35488b3b8b781278 5b4c879fc9c316fb 7f95168400948588 65708d542bd01f39 25145708d494530b 01e5a6edcee7deb0 6899956cd6c683f0 d0f6c00eec5eb973 148ac4a56a18844d b1dcaca98bb76736 e9c20b67a4c5395f 77e2f7da1f9d3a8f 061f3e1feeaa3094 feddfcf56818968e 3a6e7894dde31c67 01b3da54ffb158a0 da7d3c2d591c4295 3e8e56f639a5db5b 6a3919ad9ed8197e 48f93f9c2c699e19 c1f2e3a76d388944
558,0772e3ab293a1f30 dc12cc503ac0eddb cea18be9a89d7a81 01b3da54ffb158a0 65ad9c583823162d 4b29fc21f912754d a65e30106ea50423 3b6d27775fce1c7b 65708d542bd01f39 03dfe518713e006c 3cb6b40d377e7ca8 c015590d6a6fe833 27bc34b9887bec0d 8699cc5dd4159b69 28a2067685cb3e97 7f95168400948588 0f4c71d341e2d939 62431fd374eb99fb a76ffccd2f5df1a7 8bf446c0455e3c5c f58ff7f1a6cde683 455fde214d16d350 48f93f9c2c699e19 f48d0fbea7dc2782 25145708d494530b b1dcaca98bb76736 99e833818ec4bbf2 09bbaa171c20bae3 4d954d933e606b70 5430097e23000368
559,7f95168400948588 3cb6b40d377e7ca8 0772e3ab293a1f30 da7d3c2d591c4295 09bbaa171c20bae3 25145708d494530b 061f3e1feeaa3094 d5952b2e031c4e7e b6d0f83aad4e4dc7 48f93f9c2c699e19 2cebd52b41930f0a 3e8e56f639a5db5b f58ff7f1a6cde683 f49e13a653cbdad2 27bc34b9887bec0d 0451447dd64f6284 5430097e23000368 cc0c9419f8a20603 a18df74d3a16e9c0 f25bfcffedaccf28 a2805ed52b47b8ec 01b3da54ffb158a0 1c3b74a02a86467d b1dcaca98bb76736 60a070db9f1869b5 c1f2e3a76d388944 5b4c879fc9c316fb 4f2fffd7528de786 03dfe518713e006c 07d688f5e2142b87
560,b26d8664feb18c8c a18df74d3a16e9c0 07d688f5e2142b87 538c7bb968b2154c 7f95168400948588 48f93f9c2c699e19 a2805ed52b47b8ec 97d696011258825c f25bfcffedaccf28 ec1b3d7ccd3984d0 25145708d494530b 1efd7bd8a34a1359 60a070db9f1869b5 2cebd52b41930f0a cc0c9419f8a20603 061f3e1feeaa3094 f49e13a653cbdad2 e8684734f2e587bd 3cb6b40d377e7ca8 c1f2e3a76d388944 8bf446c0455e3c5c ce0f56b7190c268a 70ebf53ced736fa4 d5952b2e031c4e7e 5b4c879fc9c316fb 1c3b74a02a86467d d3c4a7db726191e0 83f8f2fc471cad74 0772e3ab293a1f30 0add47a043c64d7f
561,7f95168400948588 83f5a9732f0de67f e461837f0fb35048 09bbaa171c20bae3 da7d3c2d591c4295 172bc0ee09332ae9 c96049ed915ced0a b6d0f83aad4e4dc7 f58ff7f1a6cde683 095bb1b6ecbd0a50 061f3e1feeaa3094 34a62e66e05f9a44 ae77487a89f2610c 25145708d494530b 3cb6b40d377e7ca8 5430097e23000368 855f2f0354e102c7 1efd7bd8a34a1359 0eb4de784c8dd679 d5952b2e031c4e7e 77e2f7da1f9d3a8f 40583079f57235a6 765c0695339c3abe 3e8e56f639a5db5b 4f2fffd7528de786 48f93f9c2c699e19 7d83ffe83f61bdc4 1dc7139adba034ec a292248bb2bffb3d f49e13a653cbdad2
562,5430097e23000368 4483bbdd3241f11a 8df3f13d6af34cb3 af8e70f978cd5aee 0220a434aa8bf029 7d83ffe83f61bdc4 da904d2a54ff8cf2 d6ed7e4b14c51296 9f27aa36c1ea793c db0e648651f4c92b 00d9f8d3f7d412b3 ae77487a89f2610c 6461a9faa871b3ac f58ff7f1a6cde683 9b2adcf4041227d7 37001ade0df85823 b6d0f83aad4e4dc7 f49e13a653cbdad2 49b5678e0d1e5bcd 095bb1b6ecbd0a50 dac29ed8400b50cc 7f95168400948588 f705b637f624147e 7e4a4a1300b77a06 01020d1b0821f4c7 70776cdd9bb3b7d4 0772e3ab293a1f30 1efd7bd8a34a1359 3cb6b40d377e7ca8 0cd920bad11c716d
563,7f95168400948588 4b29fc21f912754d 172bc0ee09332ae9 5b4c879fc9c316fb 90ecb28f2edb9d43 a76ffccd2f5df1a7 3cb6b40d377e7ca8 0683b6a78f54be75 3b6d27775fce1c7b e9c20b67a4c5395f a853f13216170123 0772e3ab293a1f30 77e2f7da1f9d3a8f 25145708d494530b 48f93f9c2c699e19 2e79d45ba4d1540d f25bfcffedaccf28 061f3e1feeaa3094 0451447dd64f6284 70ebf53ced736fa4 ddf332f2b55a2a23 cea18be9a89d7a81 4f2fffd7528de786 07d688f5e2142b87 f48d0fbea7dc2782 148ac4a56a18844d 0bcaac840d5e66d7 855f2f0354e102c7 2cebd52b41930f0a 0f4c71d341e2d939
564,5430097e23000368 4483bbdd3241f11a d64c06baf5ef1c90 00d9f8d3f7d412b3 c810ac016901e8ac af8e70f978cd5aee d6ed7e4b14c51296 da904d2a54ff8cf2 898a4921ab9f4cce 9f27aa36c1ea793c 8df3f13d6af34cb3 7d83ffe83f61bdc4 db0e648651f4c92b 0220a434aa8bf029 2bafd15871caae91 9b2adcf4041227d7 83f8aca6ee2caabc d72363ddd958d906 6461a9faa871b3ac 36d33c41812ce7dc 49b5678e0d1e5bcd 37001ade0df85823 f28fb3d9880c5d4c 3d93a60f990a0a7c 42c9b72cc77dcb28 cc861214a89ef1f4 453bc79164d57a01 bbbd5d2fd957e8f7 238ec735a13a3f09 61ba7707ef6a5a99
565,7f95168400948588 da7d3c2d591c4295 f58ff7f1a6cde683 3cb6b40d377e7ca8 f49e13a653cbdad2 09bbaa171c20bae3 d5952b2e031c4e7e b6d0f83aad4e4dc7 07d688f5e2142b87 061f3e1feeaa3094 97d696011258825c 1efd7bd8a34a1359 2e44fbb8bc3d8d71 5430097e23000368 095bb1b6ecbd0a50 a18df74d3a16e9c0 48f93f9c2c699e19 a2805ed52b47b8ec 0772e3ab293a1f30 25145708d494530b e8684734f2e587bd f25bfcffedaccf28 8bf446c0455e3c5c 34a62e66e05f9a44 01e5a6edcee7deb0 4f2fffd7528de786 3e8e56f639a5db5b 0683b6a78f54be75 351c9da399c2b915 c1f2e3a76d388944
566,7f95168400948588 0772e3ab293a1f30 3cb6b40d377e7ca8 a76ffccd2f5df1a7 8bf446c0455e3c5c d5952b2e031c4e7e 25145708d494530b 07d688f5e2142b87 27bc34b9887bec0d b1dcaca98bb76736 a18df74d3a16e9c0 f49e13a653cbdad2 09bbaa171c20bae3 3e8e56f639a5db5b 2cebd52b41930f0a 01b3da54ffb158a0 4b29fc21f912754d 172bc0ee09332ae9 77e2f7da1f9d3a8f da7d3c2d591c4295 5430097e23000368 03dfe518713e006c f25bfcffedaccf28 48f93f9c2c699e19 061f3e1feeaa3094 1efd7bd8a34a1359 0add47a043c64d7f cc0c9419f8a20603 c1f2e3a76d388944 3b6d27775fce1c7b
567,6406fcdb7d87b5dc 285657fcdf89f00d 1efd7bd8a34a1359 c015590d6a6fe833 a2c35fdf07a13286 a76ffccd2f5df1a7 3b6d27775fce1c7b 28a2067685cb3e97 172bc0ee09332ae9 0f4c71d341e2d939 f49e13a653cbdad2 4b29fc21f912754d 66ccd03c9e03ac06 3e66b4855d0dddbe 07f22a7ad7e4711d f58ff7f1a6cde683 4f2fffd7528de786 0772e3ab293a1f30 88b62355670ec8f8 0451447dd64f6284 061f3e1feeaa3094 09bbaa171c20bae3 01e5a6edcee7deb0 3e8e56f639a5db5b b6e72edcad270be0 404031ab9d5977c4 4d954d933e606b70 7c8324ce28ffb96e 7f95168400948588 f48d0fbea7dc2782
568,a04d6febd82a4389 f58ff7f1a6cde683 5430097e23000368 a76ffccd2f5df1a7 0f4c71d341e2d939 b3e75fdca5ca2f1a b6d0f83aad4e4dc7 c015590d6a6fe833 4b29fc21f912754d 0220a434aa8bf029 7f95168400948588 6461a9faa871b3ac af8e70f978cd5aee 172bc0ee09332ae9 74244a8703c03720 a292248bb2bffb3d 50ba507a268872e1 f48d0fbea7dc2782 0772e3ab293a1f30 3b6d27775fce1c7b b6e72edcad270be0 5b34da30b93eb123 28a2067685cb3e97 589ef345cb2dccfc f49e13a653cbdad2 7d83ffe83f61bdc4 6406fcdb7d87b5dc a2c35fdf07a13286 9b2adcf4041227d7 da904d2a54ff8cf2
569,0772e3ab293a1f30 702d8f1064ab3e30 7f95168400948588 f49e13a653cbdad2 09bbaa171c20bae3 48f93f9c2c699e19 4b29fc21f912754d f58ff7f1a6cde683 b3e75fdca5ca2f1a a292248bb2bffb3d a04d6febd82a4389 27bc34b9887bec0d 2a06f5614060e3b6 855f2f0354e102c7 3cb6b40d377e7ca8 a76ffccd2f5df1a7 6406fcdb7d87b5dc bed3e73d52011f68 172bc0ee09332ae9 a813c15b46ceaf68 ce2fe99a7cda4a17 061f3e1feeaa3094 90ecb28f2edb9d43 0bcaac840d5e66d7 8bf446c0455e3c5c 1efd7bd8a34a1359 3e8e56f639a5db5b 77e2f7da1f9d3a8f d5952b2e031c4e7e 25145708d494530b
570,73f770f2643a2135 1efd7bd8a34a1359 a18df74d3a16e9c0 7c8324ce28ffb96e 97d696011258825c f49e13a653cbdad2 538c7bb968b2154c 061f3e1feeaa3094 da7d3c2d591c4295 7c98dedd223b36c0 07d688f5e2142b87 d5952b2e031c4e7e 01e5a6edcee7deb0 a2805ed52b47b8ec ce0f56b7190c268a 25145708d494530b f25bfcffedaccf28 3e8e56f639a5db5b bee46c54461925d0 77e2f7da1f9d3a8f a2c35fdf07a13286 e8684734f2e587bd 0451447dd64f6284 1c3b74a02a86467d 0683b6a78f54be75 7f95168400948588 01ecc81f6341e902 8643165b0f53df11 48f93f9c2c699e19 88b62355670ec8f8
571,9f27aa36c1ea793c 8df3f13d6af34cb3 9b2adcf4041227d7 d6ed7e4b14c51296 da904d2a54ff8cf2 5430097e23000368 26f72a4eb15ea8c0 af8e70f978cd5aee d72363ddd958d906 83f8aca6ee2caabc 453bc79164d57a01 2b48ab08c915c0ad 9d5edf3b993fee50 db0e648651f4c92b 7d83ffe83f61bdc4 f05fa5f57dc03e81 50ba507a268872e1 4483bbdd3241f11a 0b774cf90856c4da 00d9f8d3f7d412b3 5a1149fbcbd37376 628accd9be98503c 61ba7707ef6a5a99 055d895a3b26e466 49b5678e0d1e5bcd 6461a9faa871b3ac 37001ade0df85823 00958a140c3a6de8 7e4a4a1300b77a06 7cea1f637ea3f37d
572,28a2067685cb3e97 3b6d27775fce1c7b 148ac4a56a18844d 4f915ad69e1dca36 5b4c879fc9c316fb 285657fcdf89f00d 0451447dd64f6284 061f3e1feeaa3094 4b29fc21f912754d 6406fcdb7d87b5dc 25145708d494530b 7f95168400948588 48f93f9c2c699e19 f25bfcffedaccf28 172bc0ee09332ae9 0772e3ab293a1f30 c015590d6a6fe833 cc0c9419f8a20603 e9c20b67a4c5395f ad06e9eeea8eb4ea cea18be9a89d7a81 0683b6a78f54be75 35488b3b8b781278 70ebf53ced736fa4 a2c35fdf07a13286 3cb6b40d377e7ca8 f49e13a653cbdad2 ddf332f2b55a2a23 07d688f5e2142b87 88b62355670ec8f8
573,5430097e23000368 7d83ffe83f61bdc4 9b2adcf4041227d7 db0e648651f4c92b d6ed7e4b14c51296 da904d2a54ff8cf2 9f27aa36c1ea793c 8df3f13d6af34cb3 26f72a4eb15ea8c0 0772e3ab293a1f30 af8e70f978cd5aee 0220a434aa8bf029 f05fa5f57dc03e81 7f95168400948588 5a1149fbcbd37376 0b774cf90856c4da 83f8aca6ee2caabc d72363ddd958d906 4c0eee2c1a5e76e2 2b48ab08c915c0ad 9d5edf3b993fee50 3cb6b40d377e7ca8 bbbd5d2fd957e8f7 c05f45f86d0771d5 00d9f8d3f7d412b3 6461a9faa871b3ac 628accd9be98503c 49b5678e0d1e5bcd 48f93f9c2c699e19 01b3da54ffb158a0
574,1efd7bd8a34a1359 da7d3c2d591c4295 d5952b2e031c4e7e f49e13a653cbdad2 3e8e56f639a5db5b 60a070db9f1869b5 01e5a6edcee7deb0 1c3b74a02a86467d 0772e3ab293a1f30 061f3e1feeaa3094 d7d937303a6d5a9d 09bbaa171c20bae3 88b62355670ec8f8 a76ffccd2f5df1a7 8bf446c0455e3c5c e8684734f2e587bd 83b911ff0ff45844 b6e646c13d0753ae 07f22a7ad7e4711d 4d32dae7b43c489a 1dc7139adba034ec 1d12acf7349196b0 6406fcdb7d87b5dc 0f4c71d341e2d939 34a62e66e05f9a44 a18df74d3a16e9c0 c015590d6a6fe833 4f2fffd7528de786 25145708d494530b e25a1da6ca187350
575,7f95168400948588 0772e3ab293a1f30 a76ffccd2f5df1a7 3cb6b40d377e7ca8 4b29fc21f912754d fb2ebcb5335ad2e2 27bc34b9887bec0d b1dcaca98bb76736 77e2f7da1f9d3a8f b1e47da7659b675c 01b3da54ffb158a0 f58ff7f1a6cde683 095bb1b6ecbd0a50 3b6d27775fce1c7b 172bc0ee09332ae9 c015590d6a6fe833 0f4c71d341e2d939 25145708d494530b 5430097e23000368 e25a1da6ca187350 09bbaa171c20bae3 48f93f9c2c699e19 e8b87ed7db1bcb1f f25bfcffedaccf28 28a2067685cb3e97 cea18be9a89d7a81 3e8e56f639a5db5b 03dfe518713e006c 8bf446c0455e3c5c a18df74d3a16e9c0
576,a76ffccd2f5df1a7 172bc0ee09332ae9 7f95168400948588 4b29fc21f912754d 0f4c71d341e2d939 a2c35fdf07a13286 3b6d27775fce1c7b c015590d6a6fe833 3e66b4855d0dddbe cea18be9a89d7a81 855f2f0354e102c7 b6e72edcad270be0 28a2067685cb3e97 0772e3ab293a1f30 ddf332f2b55a2a23 f48d0fbea7dc2782 09bbaa171c20bae3 6406fcdb7d87b5dc 4f2fffd7528de786 f25bfcffedaccf28 4d954d933e606b70 3cb6b40d377e7ca8 62431fd374eb99fb 77e2f7da1f9d3a8f 07f22a7ad7e4711d 66ccd03c9e03ac06 061f3e1feeaa3094 a18df74d3a16e9c0 f58ff7f1a6cde683 f49e13a653cbdad2
577,a76ffccd2f5df1a7 1efd7bd8a34a1359 172bc0ee09332ae9 6406fcdb7d87b5dc a2c35fdf07a13286 f49e13a653cbdad2 07f22a7ad7e4711d 0451447dd64f6284 3b6d27775fce1c7b 4f2fffd7528de786 4b29fc21f912754d 28a2067685cb3e97 c015590d6a6fe833 77e2f7da1f9d3a8f 285657fcdf89f00d 0f4c71d341e2d939 7f95168400948588 88b62355670ec8f8 09bbaa171c20bae3 34a62e66e05f9a44 0772e3ab293a1f30 3e66b4855d0dddbe b1dcaca98bb76736 66ccd03c9e03ac06 1c3b74a02a86467d 01e5a6edcee7deb0 855f2f0354e102c7 061f3e1feeaa3094 3e8e56f639a5db5b 404031ab9d5977c4
578,0772e3ab293a1f30 7f95168400948588 3cb6b40d377e7ca8 27bc34b9887bec0d b1dcaca98bb76736 f58ff7f1a6cde683 09bbaa171c20bae3 01b3da54ffb158a0 da7d3c2d591c4295 8bf446c0455e3c5c 03ed286136d7b3cf d5952b2e031c4e7e fb2ebcb5335ad2e2 f49e13a653cbdad2 fab14d178b24a67f 7155e5a86136eb02 025a148c3a53bd9f 172bc0ee09332ae9 061f3e1feeaa3094 e22c35101e190db9 4f2fffd7528de786 25145708d494530b b6d0f83aad4e4dc7 e8b87ed7db1bcb1f 095bb1b6ecbd0a50 1d12acf7349196b0 03dfe518713e006c 5430097e23000368 48f93f9c2c699e19 964a50d33717c26d
579,6406fcdb7d87b5dc 172bc0ee09332ae9 a76ffccd2f5df1a7 3e66b4855d0dddbe 66ccd03c9e03ac06 285657fcdf89f00d a2c35fdf07a13286 404031ab9d5977c4 0f4c71d341e2d939 4b29fc21f912754d 1efd7bd8a34a1359 c015590d6a6fe833 b6d0f83aad4e4dc7 40583079f57235a6 f58ff7f1a6cde683 f49e13a653cbdad2 b6e72edcad270be0 2a06f5614060e3b6 4d954d933e606b70 33856365c271aea4 7c8324ce28ffb96e ae77487a89f2610c 3b6d27775fce1c7b a292248bb2bffb3d bed3e73d52011f68 999a52f1d301247c c31a456b544a40a8 f705b637f624147e 01e5a6edcee7deb0 28a2067685cb3e97
580,0cd920bad11c716d d64c7c3b658689f4 0772e3ab293a1f30 898a4921ab9f4cce 5a1149fbcbd37376 fd30682593995748 49b5678e0d1e5bcd 628accd9be98503c 047769588be1aea9 7f95168400948588 b6cdb608f640e038 27a12f29dceccdbd f58ff7f1a6cde683 5430097e23000368 c810ac016901e8ac 70776cdd9bb3b7d4 8abe670908f12614 d64c06baf5ef1c90 055d895a3b26e466 74873b42602d8958 4483bbdd3241f11a 27bc34b9887bec0d 8bf446c0455e3c5c 238ec735a13a3f09 a1314cd417504572 5057551fc55e9ed2 74244a8703c03720 9b2adcf4041227d7 3cb6b40d377e7ca8 b6d0f83aad4e4dc7
581,c08c3765ac609cc0 8d58da0e1800dc96 5b34da30b93eb123 05f23e7d05dbf7c2 e14a893f1918277e 2a06f5614060e3b6 2359719a0f40ffac bed3e73d52011f68 65fac1ba1840000f f705b637f624147e e7cad3748e50b0f8 2810fb6f81d1711c a9eef13786610446 74e59c5820900b17 f2234bb7ce0c6f59 b749972436ac9791 b3e75fdca5ca2f1a f58ff7f1a6cde683 0d0368139e9a647f 54f55c74d37db3c0 b6d0f83aad4e4dc7 6c017e548aa138f2 5430097e23000368 dac29ed8400b50cc 4a5ac473c9d176ba 74873b42602d8958 a04d6febd82a4389 ecb768ef6fd223ca 095bb1b6ecbd0a50 7e4a4a1300b77a06
582,f58ff7f1a6cde683 0772e3ab293a1f30 7f95168400948588 4b29fc21f912754d 3cb6b40d377e7ca8 a76ffccd2f5df1a7 3b6d27775fce1c7b 09bbaa171c20bae3 a04d6febd82a4389 0f4c71d341e2d939 c015590d6a6fe833 172bc0ee09332ae9 27bc34b9887bec0d 8d58da0e1800dc96 cea18be9a89d7a81 48f93f9c2c699e19 28a2067685cb3e97 b6d0f83aad4e4dc7 5430097e23000368 e7cad3748e50b0f8 ddf332f2b55a2a23 a292248bb2bffb3d f48d0fbea7dc2782 f49e13a653cbdad2 bed3e73d52011f68 2a06f5614060e3b6 25145708d494530b 061f3e1feeaa3094 5b34da30b93eb123 702d8f1064ab3e30
583,7f95168400948588 1efd7bd8a34a1359 f58ff7f1a6cde683 3cb6b40d377e7ca8 48f93f9c2c699e19 f49e13a653cbdad2 0772e3ab293a1f30 3e8e56f639a5db5b a18df74d3a16e9c0 27bc34b9887bec0d db0e648651f4c92b 7d83ffe83f61bdc4 5430097e23000368 f25bfcffedaccf28 25145708d494530b 77e2f7da1f9d3a8f ec1b3d7ccd3984d0 0451447dd64f6284 09bbaa171c20bae3 74244a8703c03720 855f2f0354e102c7 97d696011258825c b6d0f83aad4e4dc7 c1f2e3a76d388944 0220a434aa8bf029 9b2adcf4041227d7 07d688f5e2142b87 095bb1b6ecbd0a50 03dfe518713e006c 0683b6a78f54be75
584,7f95168400948588 1efd7bd8a34a1359 0772e3ab293a1f30 f25bfcffedaccf28 b1e47da7659b675c 27bc34b9887bec0d cc0c9419f8a20603 3cb6b40d377e7ca8 2cebd52b41930f0a 09bbaa171c20bae3 07d688f5e2142b87 01b3da54ffb158a0 5430097e23000368 a18df74d3a16e9c0 3e8e56f639a5db5b f58ff7f1a6cde683 8bf446c0455e3c5c 92f42fbd0c38f7fd 43c354dbf952caaa 25145708d494530b 01e5a6edcee7deb0 a9223c28b10c131f 48f93f9c2c699e19 f49e13a653cbdad2 da7d3c2d591c4295 97d696011258825c b6d0f83aad4e4dc7 5547f9f1638ac345 07f22a7ad7e4711d 88b62355670ec8f8
585,4b29fc21f912754d 7f95168400948588 cea18be9a89d7a81 3cb6b40d377e7ca8 0772e3ab293a1f30 62431fd374eb99fb a76ffccd2f5df1a7 5b4c879fc9c316fb 3c565c1fc2316d16 3b6d27775fce1c7b ddf332f2b55a2a23 2cebd52b41930f0a 28a2067685cb3e97 90ecb28f2edb9d43 f48d0fbea7dc2782 0451447dd64f6284 0f4c71d341e2d939 172bc0ee09332ae9 27bc34b9887bec0d 2e79d45ba4d1540d f25bfcffedaccf28 48f93f9c2c699e19 ad06e9eeea8eb4ea c015590d6a6fe833 b24820ae14e16a24 9cf6709de35bf0f3 4d954d933e606b70 cc0c9419f8a20603 b6e72edcad270be0 148ac4a56a18844d
586,898a4921ab9f4cce 2bafd15871caae91 fab14d178b24a67f 351c9da399c2b915 5430097e23000368 7f95168400948588 0c2eeab1e4ce1db8 37001ade0df85823 2e44fbb8bc3d8d71 fc8971756f9ec194 f58ff7f1a6cde683 af8e70f978cd5aee f49e13a653cbdad2 d16da1fb61813db9 120e745e2961b5d5 061f3e1feeaa3094 0772e3ab293a1f30 fc21db75b354a917 09bbaa171c20bae3 74244a8703c03720 3cb6b40d377e7ca8 6461a9faa871b3ac 42c9b72cc77dcb28 cc861214a89ef1f4 27bc34b9887bec0d f28fb3d9880c5d4c d92c0298f76ccf77 316382267dcd804f db0e648651f4c92b 7d83ffe83f61bdc4
587,5430097e23000368 7d83ffe83f61bdc4 db0e648651f4c92b 7f95168400948588 0772e3ab293a1f30 3cb6b40d377e7ca8 ae77487a89f2610c 01b3da54ffb158a0 27bc34b9887bec0d b1dcaca98bb76736 25145708d494530b 8bf446c0455e3c5c 09bbaa171c20bae3 fb2ebcb5335ad2e2 77e2f7da1f9d3a8f 9b2adcf4041227d7 3e8e56f639a5db5b d5952b2e031c4e7e 0683b6a78f54be75 855f2f0354e102c7 48f93f9c2c699e19 f25bfcffedaccf28 da904d2a54ff8cf2 d6ed7e4b14c51296 03dfe518713e006c f49e13a653cbdad2 da7d3c2d591c4295 061f3e1feeaa3094 2cebd52b41930f0a 0220a434aa8bf029
588,0772e3ab293a1f30 7f95168400948588 2e44fbb8bc3d8d71 27bc34b9887bec0d 74244a8703c03720 39f6296778264878 3cb6b40d377e7ca8 a18df74d3a16e9c0 8bf446c0455e3c5c a76ffccd2f5df1a7 01b3da54ffb158a0 25145708d494530b f49e13a653cbdad2 316382267dcd804f 26fc2a95df5659c2 351c9da399c2b915 3e8e56f639a5db5b f25bfcffedaccf28 5570ef88d970e9b4 01e5a6edcee7deb0 fab14d178b24a67f b1dcaca98bb76736 fb2ebcb5335ad2e2 48f93f9c2c699e19 1efd7bd8a34a1359 3b6d27775fce1c7b d92c0298f76ccf77 c015590d6a6fe833 4b29fc21f912754d 061f3e1feeaa3094
589,2e4b00c01d58e79e 3cb6b40d377e7ca8 7c98dedd223b36c0 97d696011258825c 09bbaa171c20bae3 7f95168400948588 83b911ff0ff45844 1dc7139adba034ec da7d3c2d591c4295 f49e13a653cbdad2 a2805ed52b47b8ec d5952b2e031c4e7e a18df74d3a16e9c0 050544c040f46152 061f3e1feeaa3094 bee46c54461925d0 c5830f9d0f1e29e5 e8684734f2e587bd 60a070db9f1869b5 90ecb28f2edb9d43 4f2fffd7528de786 ca4de5b8a7bda9df 781f4d0147aef776 34a62e66e05f9a44 77e2f7da1f9d3a8f c1f2e3a76d388944 0bcaac840d5e66d7 8643165b0f53df11 48f93f9c2c699e19 07d688f5e2142b87
590,5430097e23000368 db0e648651f4c92b 7d83ffe83f61bdc4 7e4a4a1300b77a06 ae77487a89f2610c 9b2adcf4041227d7 af8e70f978cd5aee 8df3f13d6af34cb3 da904d2a54ff8cf2 d6ed7e4b14c51296 00d9f8d3f7d412b3 9f27aa36c1ea793c 37001ade0df85823 0220a434aa8bf029 6461a9faa871b3ac 83f8aca6ee2caabc d72363ddd958d906 49b5678e0d1e5bcd a84cd36608cb8665 4483bbdd3241f11a 453bc79164d57a01 b6d0f83aad4e4dc7 42c9b72cc77dcb28 2bafd15871caae91 0772e3ab293a1f30 bbbd5d2fd957e8f7 f58ff7f1a6cde683 2b48ab08c915c0ad 9d5edf3b993fee50 0c2eeab1e4ce1db8
591,a2c35fdf07a13286 172bc0ee09332ae9 4b29fc21f912754d 7f95168400948588 5b4c879fc9c316fb 3cb6b40d377e7ca8 cea18be9a89d7a81 0451447dd64f6284 09bbaa171c20bae3 90ecb28f2edb9d43 4f2fffd7528de786 a76ffccd2f5df1a7 6406fcdb7d87b5dc 2e79d45ba4d1540d 0bcaac840d5e66d7 ddf332f2b55a2a23 061f3e1feeaa3094 25145708d494530b 07f22a7ad7e4711d 0683b6a78f54be75 ad06e9eeea8eb4ea da7d3c2d591c4295 0772e3ab293a1f30 28a2067685cb3e97 48f93f9c2c699e19 f48d0fbea7dc2782 3b6d27775fce1c7b 5430097e23000368 855f2f0354e102c7 781f4d0147aef776
592,0772e3ab293a1f30 5430097e23000368 7f95168400948588 d35e11d3d1ab3c67 f58ff7f1a6cde683 3cb6b40d377e7ca8 25145708d494530b b6d0f83aad4e4dc7 48f93f9c2c699e19 27bc34b9887bec0d 7d83ffe83f61bdc4 09bbaa171c20bae3 db0e648651f4c92b 061f3e1feeaa3094 f25bfcffedaccf28 095bb1b6ecbd0a50 07d688f5e2142b87 01b3da54ffb158a0 c1f2e3a76d388944 ec1b3d7ccd3984d0 0220a434aa8bf029 9b2adcf4041227d7 d6ed7e4b14c51296 da904d2a54ff8cf2 a18df74d3a16e9c0 af8e70f978cd5aee 6461a9faa871b3ac 3e8e56f639a5db5b 2cebd52b41930f0a 047769588be1aea9
593,35488b3b8b781278 172bc0ee09332ae9 28a2067685cb3e97 c015590d6a6fe833 3b6d27775fce1c7b 4b29fc21f912754d f48d0fbea7dc2782 a76ffccd2f5df1a7 7f95168400948588 3cb6b40d377e7ca8 a2c35fdf07a13286 0683b6a78f54be75 70ebf53ced736fa4 3e66b4855d0dddbe 5b4c879fc9c316fb 6406fcdb7d87b5dc 90ecb28f2edb9d43 09bbaa171c20bae3 9113e9dc940fb287 061f3e1feeaa3094 148ac4a56a18844d 4f2fffd7528de786 0f4c71d341e2d939 0451447dd64f6284 b6e72edcad270be0 e9c20b67a4c5395f cea18be9a89d7a81 62431fd374eb99fb f49e13a653cbdad2 ddf332f2b55a2a23
594,a76ffccd2f5df1a7 2a06f5614060e3b6 bed3e73d52011f68 172bc0ee09332ae9 09bbaa171c20bae3 a292248bb2bffb3d 855f2f0354e102c7 8f578001f9d5f543 a813c15b46ceaf68 ce2fe99a7cda4a17 33856365c271aea4 2810fb6f81d1711c b3e75fdca5ca2f1a 404031ab9d5977c4 a52df8083c238c46 da7d3c2d591c4295 f58ff7f1a6cde683 a2c35fdf07a13286 e7cad3748e50b0f8 34a62e66e05f9a44 f49e13a653cbdad2 ae77487a89f2610c f9c6286cff30aaa8 1efd7bd8a34a1359 3e66b4855d0dddbe 8dc313a2cf9da354 48f93f9c2c699e19 4b29fc21f912754d 50ba507a268872e1 3cb6b40d377e7ca8
595,7f95168400948588 f25bfcffedaccf28 3cb6b40d377e7ca8 48f93f9c2c699e19 09bbaa171c20bae3 0772e3ab293a1f30 28a2067685cb3e97 061f3e1feeaa3094 25145708d494530b 4b29fc21f912754d a18df74d3a16e9c0 cc0c9419f8a20603 3b6d27775fce1c7b 27bc34b9887bec0d 97d696011258825c cea18be9a89d7a81 07d688f5e2142b87 f49e13a653cbdad2 3e8e56f639a5db5b a76ffccd2f5df1a7 172bc0ee09332ae9 01b3da54ffb158a0 da7d3c2d591c4295 0451447dd64f6284 2cebd52b41930f0a 1efd7bd8a34a1359 6406fcdb7d87b5dc ec1b3d7ccd3984d0 d5952b2e031c4e7e 70ebf53ced736fa4
596,3c565c1fc2316d16 4b29fc21f912754d 62431fd374eb99fb cea18be9a89d7a81 172bc0ee09332ae9 a76ffccd2f5df1a7 ddf332f2b55a2a23 f48d0fbea7dc2782 3b6d27775fce1c7b b6e72edcad270be0 0f4c71d341e2d939 4d954d933e606b70 28a2067685cb3e97 a2c35fdf07a13286 4f915ad69e1dca36 c015590d6a6fe833 24c47959ea77b15b 6406fcdb7d87b5dc 3e66b4855d0dddbe 8dedff0a79784abc 5b4c879fc9c316fb 52370bea1acd0600 404031ab9d5977c4 24e582daf6f87158 50cb6a6c60ad711a 7f95168400948588 2cebd52b41930f0a 285657fcdf89f00d 0bcaac840d5e66d7 0772e3ab293a1f30
597,f44f74b3451aa593 7f95168400948588 f25bfcffedaccf28 2cebd52b41930f0a 90ecb28f2edb9d43 07d688f5e2142b87 cc0c9419f8a20603 5b4c879fc9c316fb 0772e3ab293a1f30 0add47a043c64d7f a18df74d3a16e9c0 3cb6b40d377e7ca8 48f93f9c2c699e19 c1f2e3a76d388944 19e8f436d4b2fc25 ca43e349133fc0e3 ad06e9eeea8eb4ea 2e79d45ba4d1540d 0bcaac840d5e66d7 538c7bb968b2154c f76f44d372517a9a 25145708d494530b 70ebf53ced736fa4 27bc34b9887bec0d b05b5f6850cfa158 f58ff7f1a6cde683 8bf446c0455e3c5c 5430097e23000368 03dfe518713e006c b1dcaca98bb76736
598,dc576af4ae66e25e 7f95168400948588 0772e3ab293a1f30 f49e13a653cbdad2 0eb4de784c8dd679 1efd7bd8a34a1359 b1dcaca98bb76736 da7d3c2d591c4295 09bbaa171c20bae3 f58ff7f1a6cde683 3e8e56f639a5db5b 27bc34b9887bec0d 01b3da54ffb158a0 fb2ebcb5335ad2e2 01e5a6edcee7deb0 5430097e23000368 a76ffccd2f5df1a7 34a62e66e05f9a44 a18df74d3a16e9c0 e25a1da6ca187350 b6d0f83aad4e4dc7 88b62355670ec8f8 061f3e1feeaa3094 172bc0ee09332ae9 07f22a7ad7e4711d 3cb6b40d377e7ca8 db0e648651f4c92b 0220a434aa8bf029 77e2f7da1f9d3a8f 7d83ffe83f61bdc4
599,1efd7bd8a34a1359 f49e13a653cbdad2 09bbaa171c20bae3 7f95168400948588 01e5a6edcee7deb0 0451447dd64f6284 d5952b2e031c4e7e 4f2fffd7528de786 fb2ebcb5335ad2e2 0772e3ab293a1f30 07f22a7ad7e4711d b1e47da7659b675c 172bc0ee09332ae9 3e8e56f639a5db5b a2c35fdf07a13286 40583079f57235a6 061f3e1feeaa3094 f58ff7f1a6cde683 da7d3c2d591c4295 01b3da54ffb158a0 25145708d494530b 855f2f0354e102c7 e8684734f2e587bd 88b62355670ec8f8 27bc34b9887bec0d ec1b3d7ccd3984d0 587e0b2a4811fab1 4d9214c0925e5af8 a76ffccd2f5df1a7 48f93f9c2c699e19
600,7f95168400948588 0772e3ab293a1f30 1efd7bd8a34a1359 01e5a6edcee7deb0 3e8e56f639a5db5b f49e13a653cbdad2 27bc34b9887bec0d 3cb6b40d377e7ca8 d72363ddd958d906 83f8aca6ee2caabc 2e44fbb8bc3d8d71 2bafd15871caae91 d5952b2e031c4e7e 25145708d494530b 42c9b72cc77dcb28 5430097e23000368 29968e8fd13539f8 09bbaa171c20bae3 a18df74d3a16e9c0 77e2f7da1f9d3a8f 061f3e1feeaa3094 74244a8703c03720 01b3da54ffb158a0 d7d937303a6d5a9d f25bfcffedaccf28 f58ff7f1a6cde683 e25a1da6ca187350 48f93f9c2c699e19 f9c6286cff30aaa8 fab14d178b24a67f
