dialogue_id,photo_id
1,f48d0fbea7dc2782 128d583954b18074 d73a65673e3f1d78 e25a1da6ca187350 c5830f9d0f1e29e5 cc507a0d6fcf4a1c 3986b68500d7704b 04886579947a80c2 a853f13216170123 5b4c879fc9c316fb 62431fd374eb99fb 24c47959ea77b15b 3c565c1fc2316d16 cea18be9a89d7a81 b6e72edcad270be0 4b29fc21f912754d 4d954d933e606b70 a76ffccd2f5df1a7 0f4c71d341e2d939 ddf332f2b55a2a23 666bdff4faa513ca 6406fcdb7d87b5dc 07f22a7ad7e4711d 4f2fffd7528de786 3e66b4855d0dddbe 172bc0ee09332ae9 5430097e23000368 52e459a551d4ac2d af8e70f978cd5aee 6461a9faa871b3ac
2,0688c790d5806540 58654e3143c6550b ebfda3b48083e390 5f94b027039f4e48 148ac4a56a18844d 0683b6a78f54be75 4dba7ce835494a63 25a3b47fe31bc6b5 128d583954b18074 d73a65673e3f1d78 49b5678e0d1e5bcd 238ec735a13a3f09 ee3ed9a3f51336cd c05f45f86d0771d5 9f27aa36c1ea793c 00d9f8d3f7d412b3 d6ed7e4b14c51296 0220a434aa8bf029 e7828f0ea9749505 9b2adcf4041227d7 37001ade0df85823 5057551fc55e9ed2 db0e648651f4c92b af8e70f978cd5aee a1314cd417504572 8df3f13d6af34cb3 cba7e22bb383083a da904d2a54ff8cf2 b0b5e62a93a2c37c 5430097e23000368
3,5430097e23000368 e461837f0fb35048 feddfcf56818968e f9c6286cff30aaa8 4535ce2e3dced00f 128d583954b18074 d73a65673e3f1d78 033d905aec273595 72c2a95813ea72bd 6a3919ad9ed8197e 96445bec1579ec97 964a50d33717c26d 0bcaac840d5e66d7 b24820ae14e16a24 9fbffc521da97c54 5867d40811c0229f ced9c56f2be86774 781f4d0147aef776 cba7e22bb383083a 52e459a551d4ac2d 238ec735a13a3f09 00d9f8d3f7d412b3 c05f45f86d0771d5 7d83ffe83f61bdc4 49b5678e0d1e5bcd d6ed7e4b14c51296 da904d2a54ff8cf2 db0e648651f4c92b 9b2adcf4041227d7 bbbd5d2fd957e8f7
4,b6cdb608f640e038 fd30682593995748 0b774cf90856c4da b0bfe0f426275870 2b48ab08c915c0ad 7cea1f637ea3f37d 5bf89d11a25121d9 0cd920bad11c716d 9d5edf3b993fee50 047769588be1aea9 b78189788d563693 0eb4de784c8dd679 b7d7d9ae1cbe0d8a e36475c1af5ea3ab 74873b42602d8958 055d895a3b26e466 ff88049e61f0f4ef f05fa5f57dc03e81 d64c7c3b658689f4 da904d2a54ff8cf2 238ec735a13a3f09 27a12f29dceccdbd 52e459a551d4ac2d 7c9248ed6224aa26 39f6296778264878 46315cf30aaee51c c03b11a0cdc3fa39 00958a140c3a6de8 8abe670908f12614 d6ed7e4b14c51296
5,f105a53e5cfae611 4d29c6922b2d0d56 a9223c28b10c131f 70ebf53ced736fa4 ad06e9eeea8eb4ea 9b0e8cf8153e3b33 4beacc71024f8b08 dea5e9227fbbac29 069e7e25e43deab3 47fbe21f5c35c7b4 52370bea1acd0600 4d7653ea9499eed4 9a0f5ee4f845c9b2 0bcaac840d5e66d7 c28bc62802b90f82 702d8f1064ab3e30 3fa57d488e979d74 ff88049e61f0f4ef e0269da736ddf004 bd713b37b67866c3 fd30682593995748 2a06f5614060e3b6 39f6296778264878 3986b68500d7704b 734dabb98795c35c 942a7d26d81c841f bd0f175ee98c613e ae94d8435a6847f4 b6d0f83aad4e4dc7 b24820ae14e16a24
6,ebfda3b48083e390 005666aa098abe8e 0079f3c74309b582 00d9eb862ba3dfc6 0688c790d5806540 58654e3143c6550b 5f94b027039f4e48 148ac4a56a18844d 0683b6a78f54be75 4dba7ce835494a63 680bb5c5c3bb6ee1 0195950ce0f47e34 25a3b47fe31bc6b5 bbbd5d2fd957e8f7 52370bea1acd0600 4d7653ea9499eed4 9a0f5ee4f845c9b2 0bcaac840d5e66d7 c28bc62802b90f82 702d8f1064ab3e30 3986b68500d7704b 3fa57d488e979d74 ff88049e61f0f4ef e0269da736ddf004 bd713b37b67866c3 fd30682593995748 2a06f5614060e3b6 39f6296778264878 c31a456b544a40a8 47fbe21f5c35c7b4
7,520ec719078be07c 377c1150c781e37a b1dcaca98bb76736 77e2f7da1f9d3a8f 5dd752753760ced8 e0269da736ddf004 855f2f0354e102c7 ee3ed9a3f51336cd 5430097e23000368 da904d2a54ff8cf2 b0b5e62a93a2c37c 52e459a551d4ac2d 5057551fc55e9ed2 238ec735a13a3f09 cba7e22bb383083a 8df3f13d6af34cb3 37001ade0df85823 db0e648651f4c92b 9b2adcf4041227d7 0220a434aa8bf029 bbbd5d2fd957e8f7 af8e70f978cd5aee 9f27aa36c1ea793c 7d83ffe83f61bdc4 6461a9faa871b3ac 00d9f8d3f7d412b3 a1314cd417504572 d6ed7e4b14c51296 49b5678e0d1e5bcd e7828f0ea9749505
8,585f4ee09d8fea46 4f31209941bb05fc 428f9363fa35882d 734dabb98795c35c 83f5a9732f0de67f 07be6a290720707d f54ad8d1eb18212e 28403e62105b00f6 dc576af4ae66e25e 892074f7c1ef5d5e 03ed286136d7b3cf f0d53dcf0c296b57 c49d8f84a4f87f8a e8ad5e31484ef889 bc2552a642ce8497 3986b68500d7704b 63d509cd2a2e0e47 9ab90dfc5c9b0b37 c96049ed915ced0a e461837f0fb35048 fd57e641d06ebda7 765c0695339c3abe 2e2904c5373734ae 7f29daa16b9b4cda 919b1679fffa7ef1 f6d23cdd2359f7c0 ce8cb4351b8c0f6e aa967ad3c1f65a29 19b4014943e0ad92 e7dd56376be2cf1c
9,64267373570e4ea3 d35e11d3d1ab3c67 4b8c7061102517ef af8e70f978cd5aee fab14d178b24a67f cc861214a89ef1f4 4105533fe46dfba9 059bbdbdb843af6a 781aaf62a955e4e8 c606425856952286 22dc81380cf4baec 0079f3c74309b582 8700059e85433b32 34a62e66e05f9a44 d46598813fb437e5 6a9aa1bd93e36e66 6d80d2e62d01f6bc acae1d29289b1266 c11b97f245a9dfd0 a982b5c3aed39396 486dd77002936dec ac9ee0c09b538140 a9dad59c7055b56c 6aac5e116b75aa22 106204cd0e07e1b2 25a3b47fe31bc6b5 a0566ca9daca7778 3986b68500d7704b 622f2e4119882c94 3fa57d488e979d74
10,73391e0853c1e040 f58ff7f1a6cde683 01020d1b0821f4c7 46b99f864d6a075a ac9ee0c09b538140 128d583954b18074 63d95d5977c2fe98 acae1d29289b1266 5879096a38d69fc5 54f55c74d37db3c0 ec4ef2f727e7a03f 095bb1b6ecbd0a50 a04d6febd82a4389 bb7515be835dea49 d5805cdb9e8f0f48 0b0021aa60d05daa d73a65673e3f1d78 413c55a5ab86881a 387e9cd2e5d4ea7d abf90e759d208468 0d0368139e9a647f 5b16bae6a0de7c88 64267373570e4ea3 70776cdd9bb3b7d4 72403ecdfe02bba6 a292248bb2bffb3d bf973f9ec3600199 19e8f436d4b2fc25 a860b682add9de1c dc12cc503ac0eddb
11,18ced18aee04c48e 922e625fae98b3b9 128d583954b18074 d73a65673e3f1d78 10ad13170242ecae 00d9eb862ba3dfc6 00e1e2eb13f650e4 47fbe21f5c35c7b4 52370bea1acd0600 4d7653ea9499eed4 9a0f5ee4f845c9b2 0bcaac840d5e66d7 c28bc62802b90f82 702d8f1064ab3e30 3986b68500d7704b bbbd5d2fd957e8f7 ff88049e61f0f4ef e0269da736ddf004 bd713b37b67866c3 fd30682593995748 2a06f5614060e3b6 39f6296778264878 3fa57d488e979d74 0708923badf2ff5d 734dabb98795c35c 942a7d26d81c841f bd0f175ee98c613e ae94d8435a6847f4 b6d0f83aad4e4dc7 b24820ae14e16a24
12,10ad13170242ecae bd713b37b67866c3 54a11cbcd7a32af4 81bd116c786bf9ae 5430097e23000368 db0e648651f4c92b bbbd5d2fd957e8f7 af8e70f978cd5aee 6461a9faa871b3ac ee3ed9a3f51336cd 238ec735a13a3f09 52e459a551d4ac2d 5057551fc55e9ed2 7d83ffe83f61bdc4 49b5678e0d1e5bcd 0220a434aa8bf029 d6ed7e4b14c51296 00d9f8d3f7d412b3 c05f45f86d0771d5 e7828f0ea9749505 9b2adcf4041227d7 9f27aa36c1ea793c 8df3f13d6af34cb3 37001ade0df85823 cba7e22bb383083a b0b5e62a93a2c37c da904d2a54ff8cf2 a1314cd417504572 f1a3b8b13e9401c0 0e45c4c185f35df6
13,013030fd7d29bf3d c96049ed915ced0a ddb3810e0289c148 1f423f368aebf7f3 8e0cc5199a0ee659 576dd429db946393 ae000f9d0b5e104e 74ae9af23a383bf5 a0b1f4dd32f3e278 204ec91c39d1479d 069e7e25e43deab3 7eec211cc37a1b05 8e83d05923cde390 249bf372159f33e9 0c15f252d30646fc 9c9ebf71707d7a37 0a49074a4158155b 106204cd0e07e1b2 9fbffc521da97c54 3e8e56f639a5db5b 1dc7139adba034ec e228204ae08d1355 a860b682add9de1c 9269d2b0d877352d e878efab7c37179e 828f5dfbbf1272ee 8e0760918e88e4a9 877672967d3f70bb 95ecdbff44ad0b60 8566d15270eb5e83
14,65708d542bd01f39 a65e30106ea50423 65ad9c583823162d 99e833818ec4bbf2 0647acc4602d4e8f dc12cc503ac0eddb 87c5481930cfe126 0772e3ab293a1f30 fa173131f15f5534 455fde214d16d350 a5d5ba33b5b1dc95 01b3da54ffb158a0 f209d29f991432f0 29968e8fd13539f8 3e8e56f639a5db5b 88b62355670ec8f8 4d32dae7b43c489a 061f3e1feeaa3094 aa0789b403bcd839 f49e13a653cbdad2 d7d937303a6d5a9d 01e5a6edcee7deb0 43b3338423d7386c e6a29676c096f8e8 1c3b74a02a86467d 1efd7bd8a34a1359 95166957b2c38794 22756be6fd061d4c bc2ae5f4e5d53e00 4e966bb2768c2b8a
15,bd713b37b67866c3 54a11cbcd7a32af4 81bd116c786bf9ae 24c47959ea77b15b 50cb6a6c60ad711a 4f915ad69e1dca36 b9d966ad9e04127a 81b639b74256b45b 9fda36f260eec24e 8dedff0a79784abc 5897953fdf87b60f 522bd6887960c25d 62431fd374eb99fb 395b26d91f98bd92 64b31699d7d15934 3c565c1fc2316d16 0e45c4c185f35df6 f1a3b8b13e9401c0 c015590d6a6fe833 ddf332f2b55a2a23 f48d0fbea7dc2782 59c231f8fd21260c 0db6584e3bdfa1c4 a76ffccd2f5df1a7 52370bea1acd0600 4d954d933e606b70 4b29fc21f912754d cea18be9a89d7a81 28a2067685cb3e97 05e4165a56bf50eb
16,b05b5f6850cfa158 e7828f0ea9749505 9f27aa36c1ea793c 52e459a551d4ac2d cba7e22bb383083a 238ec735a13a3f09 9b2adcf4041227d7 0220a434aa8bf029 5057551fc55e9ed2 8df3f13d6af34cb3 c05f45f86d0771d5 49b5678e0d1e5bcd 7d83ffe83f61bdc4 d6ed7e4b14c51296 a1314cd417504572 bbbd5d2fd957e8f7 5430097e23000368 37001ade0df85823 ee3ed9a3f51336cd 00d9f8d3f7d412b3 af8e70f978cd5aee 6461a9faa871b3ac db0e648651f4c92b da904d2a54ff8cf2 b0b5e62a93a2c37c 7e4a4a1300b77a06 b8e2f75014710ced 898a4921ab9f4cce 976baf0e84752a68 2dd12c230ab22555
17,d73a65673e3f1d78 128d583954b18074 a65e30106ea50423 f48d0fbea7dc2782 8df3f13d6af34cb3 bd713b37b67866c3 81bd116c786bf9ae 54a11cbcd7a32af4 74244a8703c03720 46b99f864d6a075a c5830f9d0f1e29e5 b9d966ad9e04127a 3c565c1fc2316d16 50cb6a6c60ad711a 4f915ad69e1dca36 81b639b74256b45b 8dedff0a79784abc 24c47959ea77b15b 62431fd374eb99fb 0e45c4c185f35df6 395b26d91f98bd92 f1a3b8b13e9401c0 5897953fdf87b60f 9fda36f260eec24e 522bd6887960c25d 64b31699d7d15934 59c231f8fd21260c b6e72edcad270be0 0f4c71d341e2d939 4d954d933e606b70
18,061f3e1feeaa3094 128d583954b18074 d73a65673e3f1d78 db0e648651f4c92b bbbd5d2fd957e8f7 af8e70f978cd5aee 49b5678e0d1e5bcd 7d83ffe83f61bdc4 5430097e23000368 238ec735a13a3f09 52e459a551d4ac2d 8df3f13d6af34cb3 cba7e22bb383083a b0b5e62a93a2c37c da904d2a54ff8cf2 a1314cd417504572 37001ade0df85823 9b2adcf4041227d7 00d9f8d3f7d412b3 c05f45f86d0771d5 e7828f0ea9749505 9f27aa36c1ea793c d6ed7e4b14c51296 0220a434aa8bf029 5057551fc55e9ed2 ee3ed9a3f51336cd 6461a9faa871b3ac 4483bbdd3241f11a 2bafd15871caae91 2dd12c230ab22555
19,8566d15270eb5e83 81bd116c786bf9ae 54a11cbcd7a32af4 bd713b37b67866c3 b9d966ad9e04127a 64b31699d7d15934 395b26d91f98bd92 522bd6887960c25d 8dedff0a79784abc 9fda36f260eec24e f1a3b8b13e9401c0 0e45c4c185f35df6 5897953fdf87b60f 62431fd374eb99fb 3c565c1fc2316d16 50cb6a6c60ad711a 24c47959ea77b15b 81b639b74256b45b 4f915ad69e1dca36 ddf332f2b55a2a23 59c231f8fd21260c c015590d6a6fe833 a76ffccd2f5df1a7 0f4c71d341e2d939 4b29fc21f912754d 52370bea1acd0600 cea18be9a89d7a81 b6e72edcad270be0 28a2067685cb3e97 f48d0fbea7dc2782
20,377c1150c781e37a 520ec719078be07c 855f2f0354e102c7 77e2f7da1f9d3a8f e0269da736ddf004 b1dcaca98bb76736 5dd752753760ced8 edc79e57b20e9036 cc507a0d6fcf4a1c 5b4c879fc9c316fb 24c47959ea77b15b a853f13216170123 3c565c1fc2316d16 62431fd374eb99fb 0f4c71d341e2d939 ddf332f2b55a2a23 4d954d933e606b70 4b29fc21f912754d b6e72edcad270be0 a76ffccd2f5df1a7 f48d0fbea7dc2782 cea18be9a89d7a81 6a3919ad9ed8197e feddfcf56818968e 07f22a7ad7e4711d 4f2fffd7528de786 666bdff4faa513ca 6406fcdb7d87b5dc 172bc0ee09332ae9 3e66b4855d0dddbe
21,0bcaac840d5e66d7 5867d40811c0229f 64c2e323906b42d3 0897dcfae16e280f feddfcf56818968e 6a3919ad9ed8197e 2e4b00c01d58e79e b1dcaca98bb76736 04fda7c9d8971ec0 b24820ae14e16a24 964a50d33717c26d 96445bec1579ec97 781f4d0147aef776 9fbffc521da97c54 ced9c56f2be86774 83b911ff0ff45844 8643165b0f53df11 50806199c80e215c 4491016efed845f1 18b1d2d84c97a364 0e45c4c185f35df6 e403278468d84383 4577ae048ef1967d d1e21234d7cc61d2 b29ab87af6ea6310 8f578001f9d5f543 f44f74b3451aa593 3c0873ce078d332b 5c8c6d9a1fd4c1e0 e4a7a996ed6a5a81
22,00af886180e9eaec 354d7a327bbcc152 00ff646ca6637bd7 6cb9ab508a0678a0 9a439fd1abf95245 120e745e2961b5d5 fc8971756f9ec194 b0b5e62a93a2c37c 37001ade0df85823 351c9da399c2b915 a677c3a76055a6d2 f28fb3d9880c5d4c 128d583954b18074 2e44fbb8bc3d8d71 42c9b72cc77dcb28 d73a65673e3f1d78 0c2eeab1e4ce1db8 702d8f1064ab3e30 c28bc62802b90f82 9a0f5ee4f845c9b2 3986b68500d7704b 3fa57d488e979d74 ff88049e61f0f4ef e0269da736ddf004 bd713b37b67866c3 fd30682593995748 0bcaac840d5e66d7 942a7d26d81c841f bd0f175ee98c613e ae94d8435a6847f4
23,1ba7a50457e93996 f2e30efbd27bee51 db69d4cbfef8d22f 49b5678e0d1e5bcd bbbd5d2fd957e8f7 db0e648651f4c92b 5430097e23000368 7d83ffe83f61bdc4 3734d3b0b9232538 f76f44d372517a9a 9cf6709de35bf0f3 d257d1fbcf43abd5 7e4a4a1300b77a06 f44f74b3451aa593 c5830f9d0f1e29e5 ae77487a89f2610c 0683b6a78f54be75 bd713b37b67866c3 81bd116c786bf9ae 54a11cbcd7a32af4 64b31699d7d15934 8dedff0a79784abc 3c565c1fc2316d16 62431fd374eb99fb 395b26d91f98bd92 f1a3b8b13e9401c0 0e45c4c185f35df6 24c47959ea77b15b 5897953fdf87b60f b9d966ad9e04127a
24,81bd116c786bf9ae 54a11cbcd7a32af4 bd713b37b67866c3 0e45c4c185f35df6 b9d966ad9e04127a 5897953fdf87b60f 9fda36f260eec24e 62431fd374eb99fb 24c47959ea77b15b 3c565c1fc2316d16 f1a3b8b13e9401c0 522bd6887960c25d 81b639b74256b45b 64b31699d7d15934 395b26d91f98bd92 4f915ad69e1dca36 8dedff0a79784abc 50cb6a6c60ad711a 59c231f8fd21260c 0f4c71d341e2d939 cea18be9a89d7a81 05e4165a56bf50eb 52370bea1acd0600 b6e72edcad270be0 28a2067685cb3e97 4b29fc21f912754d a76ffccd2f5df1a7 0db6584e3bdfa1c4 ddf332f2b55a2a23 4d954d933e606b70
25,c96049ed915ced0a 0079f3c74309b582 734dabb98795c35c 4f31209941bb05fc 428f9363fa35882d 83f5a9732f0de67f 28403e62105b00f6 f54ad8d1eb18212e 585f4ee09d8fea46 07be6a290720707d dc576af4ae66e25e 892074f7c1ef5d5e e8ad5e31484ef889 bc2552a642ce8497 c49d8f84a4f87f8a f0d53dcf0c296b57 03ed286136d7b3cf 3986b68500d7704b 63d509cd2a2e0e47 9ab90dfc5c9b0b37 2e2904c5373734ae fd57e641d06ebda7 e461837f0fb35048 765c0695339c3abe 7f29daa16b9b4cda aa967ad3c1f65a29 919b1679fffa7ef1 ce8cb4351b8c0f6e f6d23cdd2359f7c0 19b4014943e0ad92
26,54a11cbcd7a32af4 bd713b37b67866c3 81bd116c786bf9ae 395b26d91f98bd92 f1a3b8b13e9401c0 0e45c4c185f35df6 64b31699d7d15934 9fda36f260eec24e b9d966ad9e04127a 5897953fdf87b60f 62431fd374eb99fb 24c47959ea77b15b 50cb6a6c60ad711a 3c565c1fc2316d16 4f915ad69e1dca36 8dedff0a79784abc 522bd6887960c25d 81b639b74256b45b 0f4c71d341e2d939 f48d0fbea7dc2782 4b29fc21f912754d 59c231f8fd21260c c015590d6a6fe833 cea18be9a89d7a81 52370bea1acd0600 b6e72edcad270be0 28a2067685cb3e97 05e4165a56bf50eb 4d954d933e606b70 a76ffccd2f5df1a7
27,c14d5b16840d3032 04fda7c9d8971ec0 0897dcfae16e280f 9a439fd1abf95245 8df3f13d6af34cb3 e36475c1af5ea3ab 64907c4568244eb4 f05fa5f57dc03e81 00958a140c3a6de8 537a55eda51a3f60 128d583954b18074 d73a65673e3f1d78 bd0f175ee98c613e 9100ea6cd0e084bf 74244a8703c03720 bc27d5dc9bab1c18 c28bc62802b90f82 26fc2a95df5659c2 016da874bd04df55 f9c6286cff30aaa8 fab14d178b24a67f fc21db75b354a917 bed3e73d52011f68 2e44fbb8bc3d8d71 bf3ccaba4a3450a8 a14394322cf7043d 013030fd7d29bf3d 1f4f62844c3cb99c b7d7d9ae1cbe0d8a 6cb9ab508a0678a0
28,52e459a551d4ac2d e7828f0ea9749505 da904d2a54ff8cf2 d6ed7e4b14c51296 9b2adcf4041227d7 976baf0e84752a68 6461a9faa871b3ac 4483bbdd3241f11a cec2eea2a1fe566a 7d83ffe83f61bdc4 238ec735a13a3f09 453bc79164d57a01 61ba7707ef6a5a99 36d33c41812ce7dc 898a4921ab9f4cce d64c06baf5ef1c90 c810ac016901e8ac 8df3f13d6af34cb3 37001ade0df85823 c05f45f86d0771d5 b0b5e62a93a2c37c 5057551fc55e9ed2 00d9f8d3f7d412b3 9f27aa36c1ea793c af8e70f978cd5aee a1314cd417504572 ee3ed9a3f51336cd 3d93a60f990a0a7c d72363ddd958d906 83f8aca6ee2caabc
29,9b0e8cf8153e3b33 4d29c6922b2d0d56 069e7e25e43deab3 5430097e23000368 e461837f0fb35048 f9c6286cff30aaa8 1d0f5fdc58e3efb5 587e0b2a4811fab1 133b04350c75770b b1e47da7659b675c 4535ce2e3dced00f 98dbd15aa33ebc18 033d905aec273595 40583079f57235a6 72c2a95813ea72bd e1460af4a7044067 ad06e9eeea8eb4ea e9c20b67a4c5395f 366a22fce0614fb8 4d7653ea9499eed4 c36c2dce0e6e434f 70ebf53ced736fa4 148ac4a56a18844d fb2ebcb5335ad2e2 28a2067685cb3e97 e4a7a996ed6a5a81 3b6d27775fce1c7b 1a05ef8c93af8eed de8e1345e8c305c4 c143c095983a65c2
30,64b31699d7d15934 9f27aa36c1ea793c 0db6584e3bdfa1c4 bd713b37b67866c3 81bd116c786bf9ae 54a11cbcd7a32af4 128d583954b18074 61ba7707ef6a5a99 e5fb8dc5c9cb4a19 d73a65673e3f1d78 81b639b74256b45b f1a3b8b13e9401c0 522bd6887960c25d 9fda36f260eec24e 395b26d91f98bd92 b9d966ad9e04127a 095bb1b6ecbd0a50 bb7515be835dea49 a04d6febd82a4389 ec4ef2f727e7a03f d5805cdb9e8f0f48 0b0021aa60d05daa 05e4165a56bf50eb 59c231f8fd21260c 42bb83d7c4b9ecae a60934e6b473097a a292248bb2bffb3d 40583079f57235a6 393f49286db04aeb ce2fe99a7cda4a17
31,cc507a0d6fcf4a1c 6e12311169bcb24c 62431fd374eb99fb 24c47959ea77b15b 3c565c1fc2316d16 a853f13216170123 5b4c879fc9c316fb ddf332f2b55a2a23 cea18be9a89d7a81 4b29fc21f912754d 0f4c71d341e2d939 a76ffccd2f5df1a7 f48d0fbea7dc2782 4d954d933e606b70 b6e72edcad270be0 8abe670908f12614 6406fcdb7d87b5dc 07f22a7ad7e4711d 4f2fffd7528de786 172bc0ee09332ae9 666bdff4faa513ca 3e66b4855d0dddbe a2c35fdf07a13286 66ccd03c9e03ac06 404031ab9d5977c4 486dd77002936dec 4105533fe46dfba9 c31a456b544a40a8 999a52f1d301247c 238de368bb05c0ec
32,095bb1b6ecbd0a50 628accd9be98503c 636224e349e561bf 702d8f1064ab3e30 bd0f175ee98c613e 942a7d26d81c841f 955e465ce0788ea6 9100ea6cd0e084bf 589ef345cb2dccfc bb7515be835dea49 8fc68213b63951dc 39075e303166355e 197fa50b30d91fe8 ec4ef2f727e7a03f 6c017e548aa138f2 d5805cdb9e8f0f48 eec6b281e236b500 0897dcfae16e280f 12af6a34778710db f46601a9955f9949 4491016efed845f1 0b0021aa60d05daa b50b4e27b03c7b37 005666aa098abe8e 430feb4826a5632e b3ad55963554f220 a5f55580081236f4 a04d6febd82a4389 8faeacf8ca08f62d de35d2410e916471
33,d63b7f083330247f d216e5458ad70e60 8a5635c748344d47 fb8bd6b95eb4702a 8bf446c0455e3c5c 3ca7964973437917 d5952b2e031c4e7e 1d12acf7349196b0 e8684734f2e587bd b6e646c13d0753ae 60a070db9f1869b5 da7d3c2d591c4295 bd713b37b67866c3 cea18be9a89d7a81 bbbd5d2fd957e8f7 00e1e2eb13f650e4 47fbe21f5c35c7b4 52370bea1acd0600 4d7653ea9499eed4 9a0f5ee4f845c9b2 0bcaac840d5e66d7 c28bc62802b90f82 702d8f1064ab3e30 3986b68500d7704b 3fa57d488e979d74 ff88049e61f0f4ef e0269da736ddf004 5fb2d8e734956af0 0708923badf2ff5d 734dabb98795c35c
34,bd713b37b67866c3 54a11cbcd7a32af4 81bd116c786bf9ae 0e45c4c185f35df6 f1a3b8b13e9401c0 b9d966ad9e04127a 64b31699d7d15934 4f915ad69e1dca36 522bd6887960c25d 9fda36f260eec24e 3c565c1fc2316d16 62431fd374eb99fb 5897953fdf87b60f 395b26d91f98bd92 81b639b74256b45b 24c47959ea77b15b 50cb6a6c60ad711a 8dedff0a79784abc 520ec719078be07c 377c1150c781e37a a76ffccd2f5df1a7 ddf332f2b55a2a23 f48d0fbea7dc2782 05e4165a56bf50eb 52370bea1acd0600 cea18be9a89d7a81 c015590d6a6fe833 59c231f8fd21260c 28a2067685cb3e97 b6e72edcad270be0
35,f25bfcffedaccf28 b05b5f6850cfa158 6899956cd6c683f0 19e8f436d4b2fc25 72b80b099fd64ec4 ca43e349133fc0e3 2cebd52b41930f0a 43c354dbf952caaa 7f95168400948588 45bd99d5d2eef776 5547f9f1638ac345 92f42fbd0c38f7fd cc0c9419f8a20603 0add47a043c64d7f 52aa48c07b34dc88 16b11706660177ff b84b6c0b2e4d0306 1d72229ebcc00faf c11b97f245a9dfd0 a0566ca9daca7778 81bd116c786bf9ae 54a11cbcd7a32af4 bd713b37b67866c3 db0e648651f4c92b 5430097e23000368 238ec735a13a3f09 ee3ed9a3f51336cd 52e459a551d4ac2d af8e70f978cd5aee 49b5678e0d1e5bcd
36,419b5dc40744fb9b bfb8032f2183d471 6204e398d8c7f888 4bed80e56ea2e099 83f8f2fc471cad74 2e4b00c01d58e79e bee46c54461925d0 b2ee9eea2d974c90 4577ae048ef1967d 4535ce2e3dced00f 57113c2a4cacd961 7c98dedd223b36c0 8643165b0f53df11 050544c040f46152 0195950ce0f47e34 c28bc62802b90f82 0bcaac840d5e66d7 4d7653ea9499eed4 9a0f5ee4f845c9b2 702d8f1064ab3e30 52370bea1acd0600 3fa57d488e979d74 ff88049e61f0f4ef e0269da736ddf004 bd713b37b67866c3 fd30682593995748 39f6296778264878 3986b68500d7704b 734dabb98795c35c bd0f175ee98c613e
37,58654e3143c6550b 0688c790d5806540 ebfda3b48083e390 148ac4a56a18844d 5f94b027039f4e48 0683b6a78f54be75 4dba7ce835494a63 25a3b47fe31bc6b5 0195950ce0f47e34 e878efab7c37179e 6204e398d8c7f888 feddfcf56818968e fb8bd6b95eb4702a b05b5f6850cfa158 6899956cd6c683f0 99e833818ec4bbf2 9269d2b0d877352d e228204ae08d1355 8699cc5dd4159b69 2e031d83339759b2 d216e5458ad70e60 4bed80e56ea2e099 d63b7f083330247f f2e30efbd27bee51 54a11cbcd7a32af4 65ad9c583823162d a65e30106ea50423 377c1150c781e37a cc507a0d6fcf4a1c f105a53e5cfae611
38,5048a37f10cf2d91 128d583954b18074 d73a65673e3f1d78 238ec735a13a3f09 5430097e23000368 5057551fc55e9ed2 0220a434aa8bf029 49b5678e0d1e5bcd 6461a9faa871b3ac af8e70f978cd5aee ee3ed9a3f51336cd 52e459a551d4ac2d e7828f0ea9749505 7d83ffe83f61bdc4 8df3f13d6af34cb3 b0b5e62a93a2c37c 9f27aa36c1ea793c da904d2a54ff8cf2 a1314cd417504572 cba7e22bb383083a 00d9f8d3f7d412b3 9b2adcf4041227d7 bbbd5d2fd957e8f7 37001ade0df85823 c05f45f86d0771d5 d6ed7e4b14c51296 db0e648651f4c92b b8e2f75014710ced 976baf0e84752a68 83f8aca6ee2caabc
39,7f29daa16b9b4cda 9ab90dfc5c9b0b37 ce8cb4351b8c0f6e 04886579947a80c2 28403e62105b00f6 781aaf62a955e4e8 f6d23cdd2359f7c0 919b1679fffa7ef1 c606425856952286 22dc81380cf4baec 8700059e85433b32 34a62e66e05f9a44 d46598813fb437e5 6d80d2e62d01f6bc 6a9aa1bd93e36e66 acae1d29289b1266 7d83ffe83f61bdc4 c05f45f86d0771d5 d6ed7e4b14c51296 37001ade0df85823 9b2adcf4041227d7 bbbd5d2fd957e8f7 5430097e23000368 cba7e22bb383083a 00d9f8d3f7d412b3 da904d2a54ff8cf2 8df3f13d6af34cb3 9f27aa36c1ea793c af8e70f978cd5aee 6461a9faa871b3ac
40,8e0cc5199a0ee659 74ae9af23a383bf5 576dd429db946393 ae000f9d0b5e104e 1f423f368aebf7f3 204ec91c39d1479d 3986b68500d7704b 00e1e2eb13f650e4 bbbd5d2fd957e8f7 52370bea1acd0600 4d7653ea9499eed4 9a0f5ee4f845c9b2 0bcaac840d5e66d7 c28bc62802b90f82 702d8f1064ab3e30 3fa57d488e979d74 ff88049e61f0f4ef e0269da736ddf004 bd713b37b67866c3 fd30682593995748 39f6296778264878 47fbe21f5c35c7b4 e36475c1af5ea3ab 0708923badf2ff5d 734dabb98795c35c 942a7d26d81c841f bd0f175ee98c613e ae94d8435a6847f4 b6d0f83aad4e4dc7 b24820ae14e16a24
41,0f33ce8d8014f308 e9c20b67a4c5395f 4f915ad69e1dca36 50cb6a6c60ad711a 3a6e7894dde31c67 8dedff0a79784abc 35488b3b8b781278 0451447dd64f6284 c143c095983a65c2 b6a1c97f19af78d0 28a2067685cb3e97 c015590d6a6fe833 3b6d27775fce1c7b 52370bea1acd0600 43c354dbf952caaa 24e582daf6f87158 285657fcdf89f00d 7c8324ce28ffb96e d257d1fbcf43abd5 0683b6a78f54be75 db0e648651f4c92b 7d83ffe83f61bdc4 49b5678e0d1e5bcd 5430097e23000368 bbbd5d2fd957e8f7 7e4a4a1300b77a06 1ba7a50457e93996 ae77487a89f2610c 3b4a85bac6ead3c8 9f3d2ca16f358290
42,52e459a551d4ac2d da904d2a54ff8cf2 b0b5e62a93a2c37c 238ec735a13a3f09 5057551fc55e9ed2 d6ed7e4b14c51296 7d83ffe83f61bdc4 00d9f8d3f7d412b3 5430097e23000368 49b5678e0d1e5bcd c05f45f86d0771d5 db0e648651f4c92b a1314cd417504572 9b2adcf4041227d7 bbbd5d2fd957e8f7 af8e70f978cd5aee ee3ed9a3f51336cd 0220a434aa8bf029 e7828f0ea9749505 8df3f13d6af34cb3 6461a9faa871b3ac cba7e22bb383083a 9f27aa36c1ea793c 37001ade0df85823 2dd12c230ab22555 2bafd15871caae91 c810ac016901e8ac cec2eea2a1fe566a 898a4921ab9f4cce 7e4a4a1300b77a06
43,351c9da399c2b915 a677c3a76055a6d2 f28fb3d9880c5d4c fc8971756f9ec194 2e44fbb8bc3d8d71 42c9b72cc77dcb28 0c2eeab1e4ce1db8 5570ef88d970e9b4 39f6296778264878 bf3ccaba4a3450a8 b8e2f75014710ced 2dd12c230ab22555 83f8aca6ee2caabc 6e1b6b53c9710940 d64c06baf5ef1c90 cc861214a89ef1f4 c810ac016901e8ac d72363ddd958d906 2bafd15871caae91 36d33c41812ce7dc 059bbdbdb843af6a 453bc79164d57a01 3d93a60f990a0a7c e5fb8dc5c9cb4a19 74244a8703c03720 316382267dcd804f 18b1d2d84c97a364 fab14d178b24a67f c28bc62802b90f82 bc27d5dc9bab1c18
44,29bedd00fb2be056 455fde214d16d350 33856365c271aea4 5989fb934598c1a7 07f22a7ad7e4711d 25a3b47fe31bc6b5 ddb3810e0289c148 387e9cd2e5d4ea7d ebfda3b48083e390 42c9b72cc77dcb28 025a148c3a53bd9f c5830f9d0f1e29e5 7155e5a86136eb02 65708d542bd01f39 57113c2a4cacd961 4d954d933e606b70 095bb1b6ecbd0a50 8643165b0f53df11 3ca7964973437917 eff60ceea8817dad 1f423f368aebf7f3 26fc2a95df5659c2 855f2f0354e102c7 63d95d5977c2fe98 7ee52d2519eea367 44d324ebd3e22ad7 1398b478b71773ed 4d417b203b333363 587e0b2a4811fab1 b6a1c97f19af78d0
45,73391e0853c1e040 f58ff7f1a6cde683 01020d1b0821f4c7 46b99f864d6a075a 70776cdd9bb3b7d4 64267373570e4ea3 72403ecdfe02bba6 5b16bae6a0de7c88 387e9cd2e5d4ea7d abf90e759d208468 0d0368139e9a647f 4a5ac473c9d176ba b6d0f83aad4e4dc7 e7cad3748e50b0f8 c08c3765ac609cc0 8d58da0e1800dc96 00140806971e7a73 a9eef13786610446 09660f466b38b7ba f9c6286cff30aaa8 f705b637f624147e b749972436ac9791 d35e11d3d1ab3c67 f2234bb7ce0c6f59 0fbd0f422e926816 b29ab87af6ea6310 05f23e7d05dbf7c2 ac9ee0c09b538140 a14394322cf7043d 63d95d5977c2fe98
46,d257d1fbcf43abd5 7e4a4a1300b77a06 3d93a60f990a0a7c ae77487a89f2610c 8b7c486a910dd004 52e459a551d4ac2d ee3ed9a3f51336cd af8e70f978cd5aee b0b5e62a93a2c37c 0220a434aa8bf029 37001ade0df85823 c05f45f86d0771d5 e7828f0ea9749505 7d83ffe83f61bdc4 5057551fc55e9ed2 bbbd5d2fd957e8f7 d6ed7e4b14c51296 a1314cd417504572 9f27aa36c1ea793c 00d9f8d3f7d412b3 9b2adcf4041227d7 cba7e22bb383083a 8df3f13d6af34cb3 5430097e23000368 6461a9faa871b3ac 49b5678e0d1e5bcd da904d2a54ff8cf2 238ec735a13a3f09 db0e648651f4c92b 2dd12c230ab22555
47,64c2e323906b42d3 83b911ff0ff45844 b1dcaca98bb76736 2e4b00c01d58e79e d1e21234d7cc61d2 8643165b0f53df11 50806199c80e215c ba5199dba342af68 1fe79c7de59ff6c6 e8b87ed7db1bcb1f e403278468d84383 c1f2e3a76d388944 e25a1da6ca187350 3c0873ce078d332b ca4de5b8a7bda9df 1dc7139adba034ec f2e30efbd27bee51 b05b5f6850cfa158 fb8bd6b95eb4702a feddfcf56818968e 6204e398d8c7f888 e878efab7c37179e bd713b37b67866c3 99e833818ec4bbf2 6899956cd6c683f0 cc507a0d6fcf4a1c d63b7f083330247f 9269d2b0d877352d e228204ae08d1355 d216e5458ad70e60
48,99e833818ec4bbf2 128d583954b18074 d73a65673e3f1d78 01e5a6edcee7deb0 43b3338423d7386c 88b62355670ec8f8 f49e13a653cbdad2 db0e648651f4c92b 238ec735a13a3f09 a1314cd417504572 ee3ed9a3f51336cd 52e459a551d4ac2d af8e70f978cd5aee 7d83ffe83f61bdc4 d6ed7e4b14c51296 e7828f0ea9749505 c05f45f86d0771d5 00d9f8d3f7d412b3 0220a434aa8bf029 5057551fc55e9ed2 49b5678e0d1e5bcd 6461a9faa871b3ac 5430097e23000368 9b2adcf4041227d7 37001ade0df85823 cba7e22bb383083a da904d2a54ff8cf2 b0b5e62a93a2c37c 9f27aa36c1ea793c 8df3f13d6af34cb3
49,395b26d91f98bd92 128d583954b18074 d73a65673e3f1d78 bd713b37b67866c3 54a11cbcd7a32af4 81bd116c786bf9ae 62431fd374eb99fb 24c47959ea77b15b 50cb6a6c60ad711a 4f915ad69e1dca36 81b639b74256b45b 9fda36f260eec24e 8dedff0a79784abc 64b31699d7d15934 5897953fdf87b60f 522bd6887960c25d 0e45c4c185f35df6 f1a3b8b13e9401c0 3c565c1fc2316d16 b9d966ad9e04127a 4b29fc21f912754d c015590d6a6fe833 0db6584e3bdfa1c4 05e4165a56bf50eb f48d0fbea7dc2782 ddf332f2b55a2a23 59c231f8fd21260c cea18be9a89d7a81 a76ffccd2f5df1a7 4d954d933e606b70
50,4f31209941bb05fc 4535ce2e3dced00f 5430097e23000368 e461837f0fb35048 f9c6286cff30aaa8 4bed80e56ea2e099 6204e398d8c7f888 bfb8032f2183d471 bee46c54461925d0 b2ee9eea2d974c90 4577ae048ef1967d 2e4b00c01d58e79e 83f8f2fc471cad74 033d905aec273595 7c98dedd223b36c0 57113c2a4cacd961 419b5dc40744fb9b 050544c040f46152 8643165b0f53df11 10ad13170242ecae 72c2a95813ea72bd bbbd5d2fd957e8f7 af8e70f978cd5aee ee3ed9a3f51336cd 52e459a551d4ac2d 238ec735a13a3f09 db0e648651f4c92b 7d83ffe83f61bdc4 00d9f8d3f7d412b3 d6ed7e4b14c51296
51,4fe9e4e55585ba4b 8699cc5dd4159b69 25145708d494530b 27bc34b9887bec0d ec1b3d7ccd3984d0 7155e5a86136eb02 e22c35101e190db9 48f93f9c2c699e19 03dfe518713e006c 3d6880bd12f6613f 3cb6b40d377e7ca8 09bbaa171c20bae3 0a79fabc6f5d93c9 45630e1451157ff3 34a62e66e05f9a44 d73a65673e3f1d78 0079f3c74309b582 10ad13170242ecae b0b5e62a93a2c37c cba7e22bb383083a da904d2a54ff8cf2 6461a9faa871b3ac 49b5678e0d1e5bcd 8df3f13d6af34cb3 00d9f8d3f7d412b3 9f27aa36c1ea793c ee3ed9a3f51336cd db0e648651f4c92b d6ed7e4b14c51296 37001ade0df85823
52,50806199c80e215c 64c2e323906b42d3 005666aa098abe8e 9269d2b0d877352d 5d26da95786b3a3a bf973f9ec3600199 26140b225c4f8d3f a860b682add9de1c 95ecdbff44ad0b60 8566d15270eb5e83 e878efab7c37179e 877672967d3f70bb 828f5dfbbf1272ee 8e0760918e88e4a9 e228204ae08d1355 cb3e4ce97e7f2881 95d25d38ba7df9c7 c36c2dce0e6e434f a492bd402afd5c71 4d7653ea9499eed4 e1460af4a7044067 4b05967001421eab e740c80fce094788 133b04350c75770b 366a22fce0614fb8 fb2ebcb5335ad2e2 af41e2b6da3e7e02 a0b1f4dd32f3e278 1a05ef8c93af8eed 96e82fa141db9a4b
53,10ad13170242ecae 128d583954b18074 d73a65673e3f1d78 00d9eb862ba3dfc6 87c5481930cfe126 65ad9c583823162d dc12cc503ac0eddb 0647acc4602d4e8f a65e30106ea50423 99e833818ec4bbf2 65708d542bd01f39 455fde214d16d350 a5d5ba33b5b1dc95 01b3da54ffb158a0 fa173131f15f5534 0772e3ab293a1f30 061f3e1feeaa3094 43b3338423d7386c 01e5a6edcee7deb0 3e8e56f639a5db5b e6a29676c096f8e8 29968e8fd13539f8 aa0789b403bcd839 f209d29f991432f0 4d32dae7b43c489a f49e13a653cbdad2 d7d937303a6d5a9d 88b62355670ec8f8 1c3b74a02a86467d 00d9f8d3f7d412b3
54,120e745e2961b5d5 37001ade0df85823 fc8971756f9ec194 b0b5e62a93a2c37c f28fb3d9880c5d4c 351c9da399c2b915 a677c3a76055a6d2 2e44fbb8bc3d8d71 42c9b72cc77dcb28 0c2eeab1e4ce1db8 f48d0fbea7dc2782 128d583954b18074 d73a65673e3f1d78 1a8e5d6512d9e2d8 ecb768ef6fd223ca 3c565c1fc2316d16 24c47959ea77b15b 62431fd374eb99fb 155600e5f1221f8c c5830f9d0f1e29e5 4d954d933e606b70 b6e72edcad270be0 cea18be9a89d7a81 ddf332f2b55a2a23 0f4c71d341e2d939 a76ffccd2f5df1a7 4b29fc21f912754d 2820628e65a062e2 6406fcdb7d87b5dc 3e66b4855d0dddbe
55,b2ee9eea2d974c90 8643165b0f53df11 2e4b00c01d58e79e f29eee8054c061e1 680bb5c5c3bb6ee1 50806199c80e215c d1e21234d7cc61d2 64c2e323906b42d3 b1dcaca98bb76736 bfb8032f2183d471 4bed80e56ea2e099 6204e398d8c7f888 83f8f2fc471cad74 bee46c54461925d0 4577ae048ef1967d 4535ce2e3dced00f 83b911ff0ff45844 419b5dc40744fb9b 7c98dedd223b36c0 57113c2a4cacd961 cb3e4ce97e7f2881 050544c040f46152 a60934e6b473097a 538c7bb968b2154c a18df74d3a16e9c0 07d688f5e2142b87 128d583954b18074 acf5cb026b3c4551 97d696011258825c b26d8664feb18c8c
56,a65e30106ea50423 b9d966ad9e04127a bd713b37b67866c3 81bd116c786bf9ae 54a11cbcd7a32af4 522bd6887960c25d 81b639b74256b45b 395b26d91f98bd92 64b31699d7d15934 9fda36f260eec24e f1a3b8b13e9401c0 59c231f8fd21260c 05e4165a56bf50eb 3c565c1fc2316d16 50cb6a6c60ad711a 62431fd374eb99fb 8dedff0a79784abc 24c47959ea77b15b 5897953fdf87b60f 4f915ad69e1dca36 0e45c4c185f35df6 42bb83d7c4b9ecae a60934e6b473097a 52370bea1acd0600 0db6584e3bdfa1c4 f48d0fbea7dc2782 c015590d6a6fe833 b6e72edcad270be0 0f4c71d341e2d939 a76ffccd2f5df1a7
57,52aa48c07b34dc88 72b80b099fd64ec4 ca43e349133fc0e3 19e8f436d4b2fc25 6899956cd6c683f0 b05b5f6850cfa158 cc0c9419f8a20603 5547f9f1638ac345 43c354dbf952caaa 2cebd52b41930f0a 0add47a043c64d7f f25bfcffedaccf28 92f42fbd0c38f7fd 7f95168400948588 45bd99d5d2eef776 16b11706660177ff 1d72229ebcc00faf b84b6c0b2e4d0306 c11b97f245a9dfd0 a0566ca9daca7778 622f2e4119882c94 702d8f1064ab3e30 3986b68500d7704b b24820ae14e16a24 3fa57d488e979d74 ff88049e61f0f4ef 4b8c7061102517ef e0269da736ddf004 bd713b37b67866c3 ae94d8435a6847f4
58,5b16bae6a0de7c88 f58ff7f1a6cde683 70776cdd9bb3b7d4 01020d1b0821f4c7 64267373570e4ea3 387e9cd2e5d4ea7d 72403ecdfe02bba6 0d0368139e9a647f abf90e759d208468 73391e0853c1e040 00140806971e7a73 c08c3765ac609cc0 b749972436ac9791 4a5ac473c9d176ba 46b99f864d6a075a f9c6286cff30aaa8 f2234bb7ce0c6f59 f705b637f624147e 8d58da0e1800dc96 a9eef13786610446 0fbd0f422e926816 09660f466b38b7ba d35e11d3d1ab3c67 e7cad3748e50b0f8 b6d0f83aad4e4dc7 b29ab87af6ea6310 05f23e7d05dbf7c2 a14394322cf7043d ac9ee0c09b538140 63d95d5977c2fe98
59,5430097e23000368 49b5678e0d1e5bcd db0e648651f4c92b bbbd5d2fd957e8f7 7d83ffe83f61bdc4 9f27aa36c1ea793c 7e4a4a1300b77a06 64b31699d7d15934 ae77487a89f2610c 0db6584e3bdfa1c4 e5fb8dc5c9cb4a19 61ba7707ef6a5a99 81bd116c786bf9ae bd713b37b67866c3 54a11cbcd7a32af4 ee3ed9a3f51336cd af8e70f978cd5aee c05f45f86d0771d5 e7828f0ea9749505 0220a434aa8bf029 5057551fc55e9ed2 6461a9faa871b3ac 238ec735a13a3f09 52e459a551d4ac2d d6ed7e4b14c51296 37001ade0df85823 9b2adcf4041227d7 00d9f8d3f7d412b3 8df3f13d6af34cb3 b0b5e62a93a2c37c
60,00d9eb862ba3dfc6 013030fd7d29bf3d 07be6a290720707d e8ad5e31484ef889 63d509cd2a2e0e47 e461837f0fb35048 2e2904c5373734ae aa967ad3c1f65a29 d73a65673e3f1d78 734dabb98795c35c 4f31209941bb05fc 428f9363fa35882d 00e1e2eb13f650e4 83f5a9732f0de67f 128d583954b18074 0079f3c74309b582 28403e62105b00f6 dc576af4ae66e25e 585f4ee09d8fea46 f54ad8d1eb18212e 892074f7c1ef5d5e 03ed286136d7b3cf f0d53dcf0c296b57 c49d8f84a4f87f8a bc2552a642ce8497 3986b68500d7704b 765c0695339c3abe c96049ed915ced0a fd57e641d06ebda7 9ab90dfc5c9b0b37
61,db0e648651f4c92b 5430097e23000368 7d83ffe83f61bdc4 49b5678e0d1e5bcd bbbd5d2fd957e8f7 7e4a4a1300b77a06 ae77487a89f2610c 1ba7a50457e93996 d257d1fbcf43abd5 128d583954b18074 0683b6a78f54be75 d73a65673e3f1d78 81bd116c786bf9ae 54a11cbcd7a32af4 bd713b37b67866c3 ee3ed9a3f51336cd 52e459a551d4ac2d af8e70f978cd5aee d6ed7e4b14c51296 c05f45f86d0771d5 e7828f0ea9749505 0220a434aa8bf029 5057551fc55e9ed2 6461a9faa871b3ac 238ec735a13a3f09 9f27aa36c1ea793c 37001ade0df85823 9b2adcf4041227d7 00d9f8d3f7d412b3 8df3f13d6af34cb3
62,520ec719078be07c 377c1150c781e37a e0269da736ddf004 77e2f7da1f9d3a8f b1dcaca98bb76736 5dd752753760ced8 855f2f0354e102c7 cc507a0d6fcf4a1c a853f13216170123 24c47959ea77b15b 3c565c1fc2316d16 5b4c879fc9c316fb 62431fd374eb99fb cea18be9a89d7a81 b6e72edcad270be0 f48d0fbea7dc2782 ddf332f2b55a2a23 4b29fc21f912754d 4d954d933e606b70 a76ffccd2f5df1a7 0f4c71d341e2d939 edc79e57b20e9036 666bdff4faa513ca 6406fcdb7d87b5dc 07f22a7ad7e4711d 4f2fffd7528de786 3e66b4855d0dddbe 172bc0ee09332ae9 52e459a551d4ac2d 238ec735a13a3f09
63,8e0760918e88e4a9 e0269da736ddf004 e228204ae08d1355 e878efab7c37179e 9269d2b0d877352d 5d26da95786b3a3a a860b682add9de1c 828f5dfbbf1272ee 95ecdbff44ad0b60 877672967d3f70bb 8566d15270eb5e83 bf973f9ec3600199 26140b225c4f8d3f e740c80fce094788 c36c2dce0e6e434f e1460af4a7044067 366a22fce0614fb8 a492bd402afd5c71 133b04350c75770b 4d7653ea9499eed4 cb3e4ce97e7f2881 fb2ebcb5335ad2e2 95d25d38ba7df9c7 4b05967001421eab ddb3810e0289c148 dc17b07476183764 af41e2b6da3e7e02 d980375fbd40c75f 1d0f5fdc58e3efb5 a0b1f4dd32f3e278
64,430feb4826a5632e 27888817db122597 9f27aa36c1ea793c 64b31699d7d15934 4fe9e4e55585ba4b 8699cc5dd4159b69 128d583954b18074 0db6584e3bdfa1c4 e5fb8dc5c9cb4a19 61ba7707ef6a5a99 3d6880bd12f6613f e22c35101e190db9 25145708d494530b ec1b3d7ccd3984d0 27bc34b9887bec0d 03dfe518713e006c 3cb6b40d377e7ca8 7155e5a86136eb02 48f93f9c2c699e19 d73a65673e3f1d78 0a79fabc6f5d93c9 45630e1451157ff3 09bbaa171c20bae3 34a62e66e05f9a44 10ad13170242ecae 54a11cbcd7a32af4 81bd116c786bf9ae bd713b37b67866c3 52e459a551d4ac2d bbbd5d2fd957e8f7
65,20db73cf07a45f71 7ee52d2519eea367 a017f3358d5327aa 83f5a9732f0de67f 95d25d38ba7df9c7 9fda36f260eec24e 585f4ee09d8fea46 b6a1c97f19af78d0 05e4165a56bf50eb 42bb83d7c4b9ecae bc2552a642ce8497 f0d53dcf0c296b57 c49d8f84a4f87f8a aa0789b403bcd839 919b1679fffa7ef1 ce8cb4351b8c0f6e 06de3ca1148b088b d73a65673e3f1d78 04886579947a80c2 0a49074a4158155b 1398b478b71773ed 0079f3c74309b582 fd30682593995748 bd713b37b67866c3 e0269da736ddf004 ff88049e61f0f4ef 0772e3ab293a1f30 00e1e2eb13f650e4 3fa57d488e979d74 366a22fce0614fb8
66,29bedd00fb2be056 455fde214d16d350 33856365c271aea4 5989fb934598c1a7 07f22a7ad7e4711d 25a3b47fe31bc6b5 ddb3810e0289c148 387e9cd2e5d4ea7d ebfda3b48083e390 42c9b72cc77dcb28 025a148c3a53bd9f c5830f9d0f1e29e5 7155e5a86136eb02 65708d542bd01f39 57113c2a4cacd961 4d954d933e606b70 095bb1b6ecbd0a50 8643165b0f53df11 3ca7964973437917 eff60ceea8817dad 1f423f368aebf7f3 26fc2a95df5659c2 855f2f0354e102c7 63d95d5977c2fe98 7ee52d2519eea367 44d324ebd3e22ad7 1398b478b71773ed 4d417b203b333363 587e0b2a4811fab1 b6a1c97f19af78d0
67,892074f7c1ef5d5e e8684734f2e587bd 3ca7964973437917 60a070db9f1869b5 b6e646c13d0753ae d5952b2e031c4e7e fb8bd6b95eb4702a d216e5458ad70e60 d63b7f083330247f 8a5635c748344d47 8bf446c0455e3c5c 128d583954b18074 1d12acf7349196b0 d73a65673e3f1d78 ae77487a89f2610c da7d3c2d591c4295 b0b5e62a93a2c37c ee3ed9a3f51336cd 5430097e23000368 52e459a551d4ac2d 49b5678e0d1e5bcd db0e648651f4c92b 5057551fc55e9ed2 da904d2a54ff8cf2 238ec735a13a3f09 af8e70f978cd5aee 6461a9faa871b3ac bbbd5d2fd957e8f7 9f27aa36c1ea793c 7d83ffe83f61bdc4
68,62431fd374eb99fb 24c47959ea77b15b 3c565c1fc2316d16 f48d0fbea7dc2782 0f4c71d341e2d939 a76ffccd2f5df1a7 cea18be9a89d7a81 4b29fc21f912754d b6e72edcad270be0 ddf332f2b55a2a23 4d954d933e606b70 6406fcdb7d87b5dc 172bc0ee09332ae9 3e66b4855d0dddbe 128d583954b18074 d73a65673e3f1d78 66ccd03c9e03ac06 a2c35fdf07a13286 404031ab9d5977c4 c31a456b544a40a8 999a52f1d301247c 238de368bb05c0ec bd713b37b67866c3 81bd116c786bf9ae 54a11cbcd7a32af4 ee3ed9a3f51336cd 6461a9faa871b3ac bbbd5d2fd957e8f7 af8e70f978cd5aee 5430097e23000368
69,3b4a85bac6ead3c8 999a52f1d301247c 4dba7ce835494a63 9f3d2ca16f358290 7c8324ce28ffb96e 128d583954b18074 404031ab9d5977c4 d73a65673e3f1d78 486dd77002936dec a9dad59c7055b56c 25a3b47fe31bc6b5 daa257a37227cd72 29bedd00fb2be056 b69ce8b8154645f8 a52df8083c238c46 c606425856952286 4522ad78bf79f0c9 58654e3143c6550b f105a53e5cfae611 40583079f57235a6 ebfda3b48083e390 0688c790d5806540 702d8f1064ab3e30 dc17b07476183764 bf3ccaba4a3450a8 133b04350c75770b d257d1fbcf43abd5 3a6e7894dde31c67 5f94b027039f4e48 148ac4a56a18844d
70,f2e30efbd27bee51 db69d4cbfef8d22f f76f44d372517a9a 3734d3b0b9232538 9cf6709de35bf0f3 f44f74b3451aa593 c5830f9d0f1e29e5 013030fd7d29bf3d 81bd116c786bf9ae 54a11cbcd7a32af4 bd713b37b67866c3 238ec735a13a3f09 52e459a551d4ac2d af8e70f978cd5aee 6461a9faa871b3ac 5430097e23000368 ee3ed9a3f51336cd db0e648651f4c92b bbbd5d2fd957e8f7 c05f45f86d0771d5 e7828f0ea9749505 0220a434aa8bf029 5057551fc55e9ed2 7d83ffe83f61bdc4 49b5678e0d1e5bcd 00d9f8d3f7d412b3 d6ed7e4b14c51296 8df3f13d6af34cb3 37001ade0df85823 9b2adcf4041227d7
71,af8e70f978cd5aee cc861214a89ef1f4 4b8c7061102517ef fab14d178b24a67f 4105533fe46dfba9 059bbdbdb843af6a db0e648651f4c92b 5430097e23000368 7d83ffe83f61bdc4 49b5678e0d1e5bcd bbbd5d2fd957e8f7 7e4a4a1300b77a06 ae77487a89f2610c 1ba7a50457e93996 81bd116c786bf9ae 54a11cbcd7a32af4 bd713b37b67866c3 d257d1fbcf43abd5 0683b6a78f54be75 81b639b74256b45b 395b26d91f98bd92 9fda36f260eec24e 64b31699d7d15934 522bd6887960c25d f1a3b8b13e9401c0 b9d966ad9e04127a 59c231f8fd21260c 05e4165a56bf50eb 42bb83d7c4b9ecae a60934e6b473097a
72,46315cf30aaee51c b78189788d563693 61ba7707ef6a5a99 ecb768ef6fd223ca a017f3358d5327aa 27888817db122597 0eafda717681bbdc 20d283a232dfd13c e7828f0ea9749505 d6ed7e4b14c51296 da904d2a54ff8cf2 9b2adcf4041227d7 7d83ffe83f61bdc4 238ec735a13a3f09 52e459a551d4ac2d 8f578001f9d5f543 6406fcdb7d87b5dc c810ac016901e8ac 898a4921ab9f4cce 36d33c41812ce7dc cec2eea2a1fe566a 976baf0e84752a68 d64c06baf5ef1c90 4483bbdd3241f11a b760ebc5f25788d3 ffa9091747ae2466 d6bbbd6c4968075a da011b87595c1019 9f27aa36c1ea793c 453bc79164d57a01
73,1ba7a50457e93996 bbbd5d2fd957e8f7 49b5678e0d1e5bcd db0e648651f4c92b 7d83ffe83f61bdc4 5430097e23000368 d257d1fbcf43abd5 7e4a4a1300b77a06 0683b6a78f54be75 ae77487a89f2610c 013030fd7d29bf3d 0eb4de784c8dd679 9c9ebf71707d7a37 dc576af4ae66e25e 3a6e7894dde31c67 ba5199dba342af68 3fa57d488e979d74 919b1679fffa7ef1 cc507a0d6fcf4a1c 5b4c879fc9c316fb 62431fd374eb99fb 3c565c1fc2316d16 24c47959ea77b15b a853f13216170123 d1e21234d7cc61d2 4d954d933e606b70 0f4c71d341e2d939 f48d0fbea7dc2782 cea18be9a89d7a81 a76ffccd2f5df1a7
74,a677c3a76055a6d2 f28fb3d9880c5d4c 42c9b72cc77dcb28 0c2eeab1e4ce1db8 37001ade0df85823 b0b5e62a93a2c37c 36d33c41812ce7dc c810ac016901e8ac d64c06baf5ef1c90 2bafd15871caae91 83f8aca6ee2caabc cc861214a89ef1f4 6e1b6b53c9710940 d72363ddd958d906 2dd12c230ab22555 b8e2f75014710ced 453bc79164d57a01 3d93a60f990a0a7c e5fb8dc5c9cb4a19 059bbdbdb843af6a cba7e22bb383083a 8b7c486a910dd004 4105533fe46dfba9 fc8971756f9ec194 2e44fbb8bc3d8d71 351c9da399c2b915 4a5ac473c9d176ba 7d83ffe83f61bdc4 bbbd5d2fd957e8f7 49b5678e0d1e5bcd
75,10ad13170242ecae cc507a0d6fcf4a1c 24c47959ea77b15b 5b4c879fc9c316fb 62431fd374eb99fb 3c565c1fc2316d16 a853f13216170123 48a76e3aff69d605 b6e72edcad270be0 0f4c71d341e2d939 4d954d933e606b70 cea18be9a89d7a81 f48d0fbea7dc2782 ddf332f2b55a2a23 a76ffccd2f5df1a7 4b29fc21f912754d 4f2fffd7528de786 172bc0ee09332ae9 666bdff4faa513ca 3e66b4855d0dddbe 6406fcdb7d87b5dc 07f22a7ad7e4711d a2c35fdf07a13286 66ccd03c9e03ac06 404031ab9d5977c4 128d583954b18074 d73a65673e3f1d78 486dd77002936dec c31a456b544a40a8 999a52f1d301247c
76,64b31699d7d15934 0db6584e3bdfa1c4 bd713b37b67866c3 54a11cbcd7a32af4 81bd116c786bf9ae 395b26d91f98bd92 b9d966ad9e04127a 81b639b74256b45b 62431fd374eb99fb 8dedff0a79784abc 3c565c1fc2316d16 4f915ad69e1dca36 522bd6887960c25d f1a3b8b13e9401c0 0e45c4c185f35df6 5897953fdf87b60f 24c47959ea77b15b 9fda36f260eec24e 50cb6a6c60ad711a 05e4165a56bf50eb 4b29fc21f912754d 0f4c71d341e2d939 a76ffccd2f5df1a7 28a2067685cb3e97 52370bea1acd0600 c015590d6a6fe833 cea18be9a89d7a81 b6e72edcad270be0 f48d0fbea7dc2782 ddf332f2b55a2a23
77,a677c3a76055a6d2 f28fb3d9880c5d4c 42c9b72cc77dcb28 0c2eeab1e4ce1db8 b0b5e62a93a2c37c 37001ade0df85823 fc8971756f9ec194 2e44fbb8bc3d8d71 351c9da399c2b915 cba7e22bb383083a 120e745e2961b5d5 d64c06baf5ef1c90 2bafd15871caae91 36d33c41812ce7dc 2dd12c230ab22555 d72363ddd958d906 b8e2f75014710ced 6e1b6b53c9710940 83f8aca6ee2caabc cc861214a89ef1f4 c810ac016901e8ac 059bbdbdb843af6a 453bc79164d57a01 e5fb8dc5c9cb4a19 3d93a60f990a0a7c 8b7c486a910dd004 4105533fe46dfba9 b7d7d9ae1cbe0d8a 2820628e65a062e2 bd0f175ee98c613e
78,64b31699d7d15934 0db6584e3bdfa1c4 a04d6febd82a4389 ec4ef2f727e7a03f 39075e303166355e b3ad55963554f220 8faeacf8ca08f62d 628accd9be98503c 528161039994b4dc 430feb4826a5632e 005666aa098abe8e 197fa50b30d91fe8 b50b4e27b03c7b37 b3e75fdca5ca2f1a a5f55580081236f4 8fc68213b63951dc 0897dcfae16e280f d5805cdb9e8f0f48 eec6b281e236b500 6c017e548aa138f2 1f4f62844c3cb99c 942a7d26d81c841f bb7515be835dea49 de35d2410e916471 bd0f175ee98c613e 955e465ce0788ea6 702d8f1064ab3e30 589ef345cb2dccfc 9100ea6cd0e084bf 12af6a34778710db
79,c31a456b544a40a8 cc507a0d6fcf4a1c 62431fd374eb99fb 3c565c1fc2316d16 24c47959ea77b15b 5b4c879fc9c316fb a853f13216170123 f48d0fbea7dc2782 4b29fc21f912754d cea18be9a89d7a81 a76ffccd2f5df1a7 0f4c71d341e2d939 b6e72edcad270be0 4d954d933e606b70 ddf332f2b55a2a23 07f22a7ad7e4711d 666bdff4faa513ca 3e66b4855d0dddbe 6406fcdb7d87b5dc 4f2fffd7528de786 172bc0ee09332ae9 a2c35fdf07a13286 66ccd03c9e03ac06 404031ab9d5977c4 486dd77002936dec 238de368bb05c0ec 999a52f1d301247c 3fa57d488e979d74 ff88049e61f0f4ef 3986b68500d7704b
80,128d583954b18074 d73a65673e3f1d78 bd713b37b67866c3 54a11cbcd7a32af4 81bd116c786bf9ae 5430097e23000368 db0e648651f4c92b bbbd5d2fd957e8f7 af8e70f978cd5aee 6461a9faa871b3ac ee3ed9a3f51336cd 238ec735a13a3f09 52e459a551d4ac2d 5057551fc55e9ed2 7d83ffe83f61bdc4 49b5678e0d1e5bcd 0220a434aa8bf029 d6ed7e4b14c51296 c05f45f86d0771d5 00d9f8d3f7d412b3 e7828f0ea9749505 9f27aa36c1ea793c 9b2adcf4041227d7 8df3f13d6af34cb3 37001ade0df85823 cba7e22bb383083a b0b5e62a93a2c37c da904d2a54ff8cf2 a1314cd417504572 b9d966ad9e04127a
81,d73a65673e3f1d78 4e966bb2768c2b8a 128d583954b18074 428f9363fa35882d 734dabb98795c35c 4f31209941bb05fc dc12cc503ac0eddb 65ad9c583823162d 0647acc4602d4e8f 99e833818ec4bbf2 a65e30106ea50423 65708d542bd01f39 87c5481930cfe126 01b3da54ffb158a0 0772e3ab293a1f30 fa173131f15f5534 a5d5ba33b5b1dc95 455fde214d16d350 83f5a9732f0de67f 88b62355670ec8f8 43b3338423d7386c d7d937303a6d5a9d aa0789b403bcd839 e6a29676c096f8e8 3e8e56f639a5db5b 29968e8fd13539f8 f49e13a653cbdad2 4d32dae7b43c489a 061f3e1feeaa3094 f209d29f991432f0
82,1efd7bd8a34a1359 047769588be1aea9 430feb4826a5632e 39075e303166355e 39f6296778264878 f705b637f624147e 4a5ac473c9d176ba da011b87595c1019 5570ef88d970e9b4 65fac1ba1840000f 47fbe21f5c35c7b4 ae94d8435a6847f4 351c9da399c2b915 5c4b7558c942a224 bf3ccaba4a3450a8 e878efab7c37179e e228204ae08d1355 9269d2b0d877352d 8e0760918e88e4a9 877672967d3f70bb a860b682add9de1c 26140b225c4f8d3f bf973f9ec3600199 5d26da95786b3a3a 8566d15270eb5e83 95ecdbff44ad0b60 828f5dfbbf1272ee 2901e5309bb3f8f6 e7dd56376be2cf1c 52e459a551d4ac2d
83,46b99f864d6a075a 74244a8703c03720 29968e8fd13539f8 447fc00f40d71d08 128d583954b18074 680bb5c5c3bb6ee1 d73a65673e3f1d78 013030fd7d29bf3d c96049ed915ced0a 0a49074a4158155b 52370bea1acd0600 9a0f5ee4f845c9b2 0bcaac840d5e66d7 c28bc62802b90f82 702d8f1064ab3e30 3986b68500d7704b 3fa57d488e979d74 ff88049e61f0f4ef e0269da736ddf004 bd713b37b67866c3 fd30682593995748 2a06f5614060e3b6 39f6296778264878 4d7653ea9499eed4 734dabb98795c35c 942a7d26d81c841f bd0f175ee98c613e ae94d8435a6847f4 b6d0f83aad4e4dc7 b24820ae14e16a24
84,b0b5e62a93a2c37c ee3ed9a3f51336cd cba7e22bb383083a 9f27aa36c1ea793c 7d83ffe83f61bdc4 d6ed7e4b14c51296 af8e70f978cd5aee c05f45f86d0771d5 49b5678e0d1e5bcd 00d9f8d3f7d412b3 52e459a551d4ac2d 5057551fc55e9ed2 238ec735a13a3f09 e7828f0ea9749505 37001ade0df85823 5430097e23000368 6461a9faa871b3ac 9b2adcf4041227d7 a1314cd417504572 0220a434aa8bf029 db0e648651f4c92b bbbd5d2fd957e8f7 8df3f13d6af34cb3 da904d2a54ff8cf2 4483bbdd3241f11a cec2eea2a1fe566a 976baf0e84752a68 6e1b6b53c9710940 a677c3a76055a6d2 c810ac016901e8ac
85,680bb5c5c3bb6ee1 de35d2410e916471 a2805ed52b47b8ec d7d937303a6d5a9d c6b615b2589e036d c606425856952286 7e4a4a1300b77a06 a14394322cf7043d b3e75fdca5ca2f1a 6c017e548aa138f2 74873b42602d8958 6cb9ab508a0678a0 0eafda717681bbdc 20d283a232dfd13c 622f2e4119882c94 316382267dcd804f 22e8d6734e4121ae 0195950ce0f47e34 155600e5f1221f8c d5805cdb9e8f0f48 bb7515be835dea49 a04d6febd82a4389 73391e0853c1e040 0b0021aa60d05daa 013030fd7d29bf3d 33856365c271aea4 a292248bb2bffb3d b6cdb608f640e038 393f49286db04aeb 3d6880bd12f6613f
86,73391e0853c1e040 5b16bae6a0de7c88 8d58da0e1800dc96 09660f466b38b7ba b29ab87af6ea6310 64267373570e4ea3 70776cdd9bb3b7d4 0d0368139e9a647f 01020d1b0821f4c7 f58ff7f1a6cde683 abf90e759d208468 72403ecdfe02bba6 387e9cd2e5d4ea7d a14394322cf7043d b6d0f83aad4e4dc7 c08c3765ac609cc0 a9eef13786610446 00140806971e7a73 e7cad3748e50b0f8 d35e11d3d1ab3c67 f2234bb7ce0c6f59 0fbd0f422e926816 46b99f864d6a075a f705b637f624147e f9c6286cff30aaa8 4a5ac473c9d176ba b749972436ac9791 05f23e7d05dbf7c2 ac9ee0c09b538140 59c231f8fd21260c
87,00ff646ca6637bd7 354d7a327bbcc152 6cb9ab508a0678a0 00af886180e9eaec 9a439fd1abf95245 238ec735a13a3f09 7d83ffe83f61bdc4 00d9f8d3f7d412b3 52e459a551d4ac2d 5430097e23000368 49b5678e0d1e5bcd db0e648651f4c92b 5057551fc55e9ed2 e7828f0ea9749505 d6ed7e4b14c51296 a1314cd417504572 9f27aa36c1ea793c c05f45f86d0771d5 6461a9faa871b3ac 8df3f13d6af34cb3 b0b5e62a93a2c37c 0220a434aa8bf029 37001ade0df85823 ee3ed9a3f51336cd af8e70f978cd5aee bbbd5d2fd957e8f7 da904d2a54ff8cf2 9b2adcf4041227d7 cba7e22bb383083a c810ac016901e8ac
88,c08c3765ac609cc0 05f23e7d05dbf7c2 6d80d2e62d01f6bc b69ce8b8154645f8 29bedd00fb2be056 0d0368139e9a647f 63d95d5977c2fe98 a52df8083c238c46 8d58da0e1800dc96 b749972436ac9791 a9eef13786610446 0fbd0f422e926816 00140806971e7a73 e7cad3748e50b0f8 4a5ac473c9d176ba f705b637f624147e f2234bb7ce0c6f59 44d324ebd3e22ad7 74e59c5820900b17 796888cc3443006c d46598813fb437e5 2359719a0f40ffac 65fac1ba1840000f 42a5cae2a3a45557 5b34da30b93eb123 daa257a37227cd72 5fb2d8e734956af0 ac9ee0c09b538140 bed3e73d52011f68 2a06f5614060e3b6
89,0708923badf2ff5d b0e254dd420faee3 0eedb1a0d3b8ddae 6ae470a7c9ec20fd d73a65673e3f1d78 0195950ce0f47e34 52370bea1acd0600 4d7653ea9499eed4 9a0f5ee4f845c9b2 0bcaac840d5e66d7 c28bc62802b90f82 702d8f1064ab3e30 47fbe21f5c35c7b4 3fa57d488e979d74 ff88049e61f0f4ef e0269da736ddf004 bd713b37b67866c3 fd30682593995748 2a06f5614060e3b6 3986b68500d7704b e7cad3748e50b0f8 734dabb98795c35c 942a7d26d81c841f bd0f175ee98c613e ae94d8435a6847f4 b6d0f83aad4e4dc7 b24820ae14e16a24 622f2e4119882c94 bbbd5d2fd957e8f7 af8e70f978cd5aee
90,8df3f13d6af34cb3 47fbe21f5c35c7b4 45bd99d5d2eef776 b1e47da7659b675c 128d583954b18074 d73a65673e3f1d78 4d7653ea9499eed4 9a0f5ee4f845c9b2 0bcaac840d5e66d7 c28bc62802b90f82 702d8f1064ab3e30 3986b68500d7704b 52370bea1acd0600 ff88049e61f0f4ef e0269da736ddf004 bd713b37b67866c3 fd30682593995748 2a06f5614060e3b6 39f6296778264878 c31a456b544a40a8 3fa57d488e979d74 0708923badf2ff5d 734dabb98795c35c 942a7d26d81c841f bd0f175ee98c613e ae94d8435a6847f4 b6d0f83aad4e4dc7 b24820ae14e16a24 622f2e4119882c94 e25a1da6ca187350
91,025a148c3a53bd9f 059bbdbdb843af6a cba7e22bb383083a fc21db75b354a917 d92c0298f76ccf77 8f578001f9d5f543 2e44fbb8bc3d8d71 b8e2f75014710ced 2bafd15871caae91 d64c06baf5ef1c90 c810ac016901e8ac 36d33c41812ce7dc f28fb3d9880c5d4c cc861214a89ef1f4 83f8aca6ee2caabc a677c3a76055a6d2 6e1b6b53c9710940 d72363ddd958d906 2dd12c230ab22555 9100ea6cd0e084bf 1f4f62844c3cb99c 6cb9ab508a0678a0 bd0f175ee98c613e b7d7d9ae1cbe0d8a 2820628e65a062e2 e5fb8dc5c9cb4a19 453bc79164d57a01 42c9b72cc77dcb28 3d93a60f990a0a7c f9c6286cff30aaa8
92,bd713b37b67866c3 54a11cbcd7a32af4 81bd116c786bf9ae 50cb6a6c60ad711a b9d966ad9e04127a 4f915ad69e1dca36 8dedff0a79784abc 62431fd374eb99fb 81b639b74256b45b 9fda36f260eec24e 5897953fdf87b60f 3c565c1fc2316d16 522bd6887960c25d 395b26d91f98bd92 24c47959ea77b15b 0e45c4c185f35df6 64b31699d7d15934 f1a3b8b13e9401c0 c015590d6a6fe833 ddf332f2b55a2a23 0db6584e3bdfa1c4 59c231f8fd21260c f48d0fbea7dc2782 4b29fc21f912754d 52370bea1acd0600 4d954d933e606b70 a76ffccd2f5df1a7 3b6d27775fce1c7b cea18be9a89d7a81 0f4c71d341e2d939
93,29bedd00fb2be056 455fde214d16d350 33856365c271aea4 5989fb934598c1a7 07f22a7ad7e4711d 25a3b47fe31bc6b5 ddb3810e0289c148 387e9cd2e5d4ea7d ebfda3b48083e390 42c9b72cc77dcb28 025a148c3a53bd9f c5830f9d0f1e29e5 7155e5a86136eb02 65708d542bd01f39 57113c2a4cacd961 4d954d933e606b70 095bb1b6ecbd0a50 8643165b0f53df11 3ca7964973437917 eff60ceea8817dad 1f423f368aebf7f3 26fc2a95df5659c2 855f2f0354e102c7 63d95d5977c2fe98 7ee52d2519eea367 44d324ebd3e22ad7 1398b478b71773ed 4d417b203b333363 587e0b2a4811fab1 b6a1c97f19af78d0
94,128d583954b18074 d73a65673e3f1d78 e878efab7c37179e 5d26da95786b3a3a 26140b225c4f8d3f 1ba7a50457e93996 a492bd402afd5c71 c36c2dce0e6e434f 5430097e23000368 db0e648651f4c92b bbbd5d2fd957e8f7 7d83ffe83f61bdc4 49b5678e0d1e5bcd de8e1345e8c305c4 939a1f686ea36c05 1a05ef8c93af8eed af41e2b6da3e7e02 7e4a4a1300b77a06 d257d1fbcf43abd5 0683b6a78f54be75 ae77487a89f2610c 50806199c80e215c 069e7e25e43deab3 106204cd0e07e1b2 8e0760918e88e4a9 e228204ae08d1355 bf973f9ec3600199 a860b682add9de1c 877672967d3f70bb 828f5dfbbf1272ee
95,fa173131f15f5534 1c3b74a02a86467d fc16a50ff0baec53 4d29c6922b2d0d56 bc2552a642ce8497 ced9c56f2be86774 af41e2b6da3e7e02 919b1679fffa7ef1 99e833818ec4bbf2 0647acc4602d4e8f 65ad9c583823162d dc12cc503ac0eddb 87c5481930cfe126 65708d542bd01f39 a65e30106ea50423 10ad13170242ecae 455fde214d16d350 0772e3ab293a1f30 01b3da54ffb158a0 a5d5ba33b5b1dc95 29968e8fd13539f8 4d32dae7b43c489a aa0789b403bcd839 3e8e56f639a5db5b e6a29676c096f8e8 f49e13a653cbdad2 f209d29f991432f0 061f3e1feeaa3094 43b3338423d7386c d7d937303a6d5a9d
96,63d509cd2a2e0e47 07be6a290720707d e8ad5e31484ef889 1398b478b71773ed 52370bea1acd0600 9a0f5ee4f845c9b2 0bcaac840d5e66d7 c28bc62802b90f82 702d8f1064ab3e30 3986b68500d7704b 3fa57d488e979d74 ff88049e61f0f4ef e0269da736ddf004 bd713b37b67866c3 fd30682593995748 2a06f5614060e3b6 39f6296778264878 e25a1da6ca187350 c31a456b544a40a8 4d7653ea9499eed4 0708923badf2ff5d 734dabb98795c35c 942a7d26d81c841f bd0f175ee98c613e ae94d8435a6847f4 b6d0f83aad4e4dc7 b24820ae14e16a24 622f2e4119882c94 4b8c7061102517ef 47fbe21f5c35c7b4
97,d63b7f083330247f d216e5458ad70e60 8a5635c748344d47 fb8bd6b95eb4702a 8bf446c0455e3c5c 3ca7964973437917 d5952b2e031c4e7e 1d12acf7349196b0 e8684734f2e587bd b6e646c13d0753ae 60a070db9f1869b5 da7d3c2d591c4295 bd713b37b67866c3 cea18be9a89d7a81 bbbd5d2fd957e8f7 00e1e2eb13f650e4 47fbe21f5c35c7b4 52370bea1acd0600 4d7653ea9499eed4 9a0f5ee4f845c9b2 0bcaac840d5e66d7 c28bc62802b90f82 702d8f1064ab3e30 3986b68500d7704b 3fa57d488e979d74 ff88049e61f0f4ef e0269da736ddf004 5fb2d8e734956af0 0708923badf2ff5d 734dabb98795c35c
98,cc507a0d6fcf4a1c 24c47959ea77b15b 62431fd374eb99fb a853f13216170123 3c565c1fc2316d16 5b4c879fc9c316fb cea18be9a89d7a81 a76ffccd2f5df1a7 b6e72edcad270be0 ddf332f2b55a2a23 0f4c71d341e2d939 4b29fc21f912754d f48d0fbea7dc2782 4d954d933e606b70 666bdff4faa513ca 6406fcdb7d87b5dc 07f22a7ad7e4711d 172bc0ee09332ae9 4f2fffd7528de786 3e66b4855d0dddbe a2c35fdf07a13286 66ccd03c9e03ac06 404031ab9d5977c4 486dd77002936dec c31a456b544a40a8 238de368bb05c0ec 999a52f1d301247c 2e031d83339759b2 6204e398d8c7f888 e878efab7c37179e
99,1efd7bd8a34a1359 e6a29676c096f8e8 95166957b2c38794 48a76e3aff69d605 63d509cd2a2e0e47 59c231f8fd21260c 5c4b7558c942a224 01b3da54ffb158a0 40583079f57235a6 43b3338423d7386c 4d32dae7b43c489a 061f3e1feeaa3094 f209d29f991432f0 29968e8fd13539f8 f49e13a653cbdad2 88b62355670ec8f8 ad06e9eeea8eb4ea 70ebf53ced736fa4 148ac4a56a18844d e9c20b67a4c5395f a65e30106ea50423 87c5481930cfe126 65ad9c583823162d 65708d542bd01f39 dc12cc503ac0eddb 99e833818ec4bbf2 0647acc4602d4e8f 1c3b74a02a86467d 0683b6a78f54be75 c015590d6a6fe833
100,1fe79c7de59ff6c6 c1f2e3a76d388944 ba5199dba342af68 e403278468d84383 e8b87ed7db1bcb1f e25a1da6ca187350 ca4de5b8a7bda9df 3c0873ce078d332b 83b911ff0ff45844 1dc7139adba034ec d1e21234d7cc61d2 d63b7f083330247f 6204e398d8c7f888 e878efab7c37179e 9269d2b0d877352d f2e30efbd27bee51 6899956cd6c683f0 feddfcf56818968e b05b5f6850cfa158 fb8bd6b95eb4702a 8a5635c748344d47 bd713b37b67866c3 99e833818ec4bbf2 4bed80e56ea2e099 d216e5458ad70e60 8699cc5dd4159b69 e228204ae08d1355 2e031d83339759b2 65ad9c583823162d cc507a0d6fcf4a1c
101,d16da1fb61813db9 dea5e9227fbbac29 98dbd15aa33ebc18 e228204ae08d1355 95ecdbff44ad0b60 9269d2b0d877352d 8566d15270eb5e83 877672967d3f70bb 26140b225c4f8d3f e878efab7c37179e 8e0760918e88e4a9 a860b682add9de1c 828f5dfbbf1272ee bf973f9ec3600199 5d26da95786b3a3a 54a11cbcd7a32af4 bd713b37b67866c3 81bd116c786bf9ae 133b04350c75770b e740c80fce094788 cb3e4ce97e7f2881 e1460af4a7044067 a492bd402afd5c71 c36c2dce0e6e434f 95d25d38ba7df9c7 366a22fce0614fb8 4d7653ea9499eed4 4b05967001421eab fb2ebcb5335ad2e2 8dedff0a79784abc
102,54a11cbcd7a32af4 bd713b37b67866c3 81bd116c786bf9ae f1a3b8b13e9401c0 b9d966ad9e04127a 395b26d91f98bd92 81b639b74256b45b 522bd6887960c25d 8dedff0a79784abc 4f915ad69e1dca36 3c565c1fc2316d16 24c47959ea77b15b 50cb6a6c60ad711a 62431fd374eb99fb 64b31699d7d15934 0e45c4c185f35df6 5897953fdf87b60f 9fda36f260eec24e 4d954d933e606b70 59c231f8fd21260c 28a2067685cb3e97 c015590d6a6fe833 4b29fc21f912754d cea18be9a89d7a81 f48d0fbea7dc2782 a76ffccd2f5df1a7 0db6584e3bdfa1c4 0f4c71d341e2d939 3b6d27775fce1c7b ddf332f2b55a2a23
103,b6e72edcad270be0 128d583954b18074 d73a65673e3f1d78 62431fd374eb99fb 3c565c1fc2316d16 24c47959ea77b15b cea18be9a89d7a81 a76ffccd2f5df1a7 4b29fc21f912754d 0f4c71d341e2d939 4d954d933e606b70 ddf332f2b55a2a23 f48d0fbea7dc2782 6406fcdb7d87b5dc 172bc0ee09332ae9 3e66b4855d0dddbe a2c35fdf07a13286 66ccd03c9e03ac06 404031ab9d5977c4 c31a456b544a40a8 238de368bb05c0ec 999a52f1d301247c 10ad13170242ecae cc507a0d6fcf4a1c 5b4c879fc9c316fb a853f13216170123 bd713b37b67866c3 54a11cbcd7a32af4 81bd116c786bf9ae 666bdff4faa513ca
104,d63b7f083330247f d216e5458ad70e60 fb8bd6b95eb4702a 8a5635c748344d47 8bf446c0455e3c5c 3ca7964973437917 b6e646c13d0753ae 1d12acf7349196b0 60a070db9f1869b5 d5952b2e031c4e7e e8684734f2e587bd da7d3c2d591c4295 81bd116c786bf9ae 54a11cbcd7a32af4 bd713b37b67866c3 238ec735a13a3f09 52e459a551d4ac2d bbbd5d2fd957e8f7 af8e70f978cd5aee 6461a9faa871b3ac db0e648651f4c92b 5430097e23000368 ee3ed9a3f51336cd e7828f0ea9749505 0220a434aa8bf029 7d83ffe83f61bdc4 5057551fc55e9ed2 49b5678e0d1e5bcd 9f27aa36c1ea793c c05f45f86d0771d5
105,1efd7bd8a34a1359 54a11cbcd7a32af4 bd713b37b67866c3 81bd116c786bf9ae f1a3b8b13e9401c0 0e45c4c185f35df6 b9d966ad9e04127a 64b31699d7d15934 395b26d91f98bd92 50cb6a6c60ad711a 24c47959ea77b15b 81b639b74256b45b 62431fd374eb99fb 8dedff0a79784abc 3c565c1fc2316d16 4f915ad69e1dca36 522bd6887960c25d 5897953fdf87b60f 9fda36f260eec24e 404031ab9d5977c4 a76ffccd2f5df1a7 3b6d27775fce1c7b 4b29fc21f912754d ddf332f2b55a2a23 0f4c71d341e2d939 59c231f8fd21260c 4d954d933e606b70 28a2067685cb3e97 c015590d6a6fe833 f48d0fbea7dc2782
106,54a11cbcd7a32af4 bd713b37b67866c3 81bd116c786bf9ae 395b26d91f98bd92 f1a3b8b13e9401c0 0e45c4c185f35df6 64b31699d7d15934 9fda36f260eec24e b9d966ad9e04127a 5897953fdf87b60f 62431fd374eb99fb 24c47959ea77b15b 50cb6a6c60ad711a 3c565c1fc2316d16 4f915ad69e1dca36 8dedff0a79784abc 522bd6887960c25d 81b639b74256b45b 0f4c71d341e2d939 f48d0fbea7dc2782 4b29fc21f912754d 59c231f8fd21260c c015590d6a6fe833 cea18be9a89d7a81 52370bea1acd0600 b6e72edcad270be0 28a2067685cb3e97 05e4165a56bf50eb 4d954d933e606b70 a76ffccd2f5df1a7
107,00958a140c3a6de8 00d9f8d3f7d412b3 2e44fbb8bc3d8d71 120e745e2961b5d5 37001ade0df85823 fc8971756f9ec194 b0b5e62a93a2c37c f28fb3d9880c5d4c a677c3a76055a6d2 351c9da399c2b915 42c9b72cc77dcb28 0c2eeab1e4ce1db8 589ef345cb2dccfc b50b4e27b03c7b37 ec4ef2f727e7a03f a5f55580081236f4 bd0f175ee98c613e 942a7d26d81c841f 8fc68213b63951dc b3e75fdca5ca2f1a 955e465ce0788ea6 9100ea6cd0e084bf 702d8f1064ab3e30 197fa50b30d91fe8 430feb4826a5632e 528161039994b4dc a04d6febd82a4389 6c017e548aa138f2 12af6a34778710db 0b0021aa60d05daa
108,128d583954b18074 bc2552a642ce8497 d73a65673e3f1d78 52370bea1acd0600 4d7653ea9499eed4 9a0f5ee4f845c9b2 0bcaac840d5e66d7 c28bc62802b90f82 702d8f1064ab3e30 3986b68500d7704b c31a456b544a40a8 ff88049e61f0f4ef e0269da736ddf004 bd713b37b67866c3 fd30682593995748 2a06f5614060e3b6 39f6296778264878 e25a1da6ca187350 3fa57d488e979d74 e7cad3748e50b0f8 0708923badf2ff5d 734dabb98795c35c 942a7d26d81c841f bd0f175ee98c613e ae94d8435a6847f4 b6d0f83aad4e4dc7 b24820ae14e16a24 622f2e4119882c94 47fbe21f5c35c7b4 af8e70f978cd5aee
109,128d583954b18074 d73a65673e3f1d78 47fbe21f5c35c7b4 52370bea1acd0600 4d7653ea9499eed4 9a0f5ee4f845c9b2 0bcaac840d5e66d7 c28bc62802b90f82 702d8f1064ab3e30 3986b68500d7704b c31a456b544a40a8 ff88049e61f0f4ef e0269da736ddf004 bd713b37b67866c3 fd30682593995748 2a06f5614060e3b6 39f6296778264878 e25a1da6ca187350 3fa57d488e979d74 e7cad3748e50b0f8 0708923badf2ff5d 734dabb98795c35c 942a7d26d81c841f bd0f175ee98c613e ae94d8435a6847f4 b6d0f83aad4e4dc7 b24820ae14e16a24 bbbd5d2fd957e8f7 4b8c7061102517ef af8e70f978cd5aee
110,52e459a551d4ac2d ee3ed9a3f51336cd 238ec735a13a3f09 5430097e23000368 e7828f0ea9749505 6461a9faa871b3ac 49b5678e0d1e5bcd 7d83ffe83f61bdc4 5057551fc55e9ed2 0220a434aa8bf029 bbbd5d2fd957e8f7 af8e70f978cd5aee db0e648651f4c92b cba7e22bb383083a 9b2adcf4041227d7 37001ade0df85823 8df3f13d6af34cb3 9f27aa36c1ea793c a1314cd417504572 da904d2a54ff8cf2 b0b5e62a93a2c37c d6ed7e4b14c51296 00d9f8d3f7d412b3 c05f45f86d0771d5 b8e2f75014710ced 2bafd15871caae91 2dd12c230ab22555 a677c3a76055a6d2 898a4921ab9f4cce 7e4a4a1300b77a06
111,a1314cd417504572 52e459a551d4ac2d ee3ed9a3f51336cd 5430097e23000368 00d9f8d3f7d412b3 c05f45f86d0771d5 d6ed7e4b14c51296 0220a434aa8bf029 5057551fc55e9ed2 6461a9faa871b3ac 49b5678e0d1e5bcd 7d83ffe83f61bdc4 af8e70f978cd5aee 238ec735a13a3f09 bbbd5d2fd957e8f7 db0e648651f4c92b 9b2adcf4041227d7 da904d2a54ff8cf2 b0b5e62a93a2c37c cba7e22bb383083a e7828f0ea9749505 8df3f13d6af34cb3 37001ade0df85823 9f27aa36c1ea793c 83f8aca6ee2caabc a677c3a76055a6d2 898a4921ab9f4cce cc861214a89ef1f4 cec2eea2a1fe566a 36d33c41812ce7dc
112,9a0f5ee4f845c9b2 d73a65673e3f1d78 e228204ae08d1355 2e031d83339759b2 d216e5458ad70e60 8699cc5dd4159b69 d63b7f083330247f 4bed80e56ea2e099 9269d2b0d877352d e878efab7c37179e 6204e398d8c7f888 f2e30efbd27bee51 feddfcf56818968e fb8bd6b95eb4702a 6899956cd6c683f0 b05b5f6850cfa158 99e833818ec4bbf2 bd713b37b67866c3 8a5635c748344d47 f105a53e5cfae611 cc507a0d6fcf4a1c 377c1150c781e37a a65e30106ea50423 65ad9c583823162d 54a11cbcd7a32af4 4fe9e4e55585ba4b 95ecdbff44ad0b60 8566d15270eb5e83 877672967d3f70bb 87c5481930cfe126
113,a18df74d3a16e9c0 73f770f2643a2135 955e465ce0788ea6 01ecc81f6341e902 29bedd00fb2be056 5879096a38d69fc5 49224aca40e6e5e3 b69ce8b8154645f8 622f2e4119882c94 bf3ccaba4a3450a8 d6bbbd6c4968075a d257d1fbcf43abd5 a52df8083c238c46 796888cc3443006c d46598813fb437e5 853e36b1550c6274 5fb2d8e734956af0 6a9aa1bd93e36e66 59bf6d6df9146d60 6d80d2e62d01f6bc 34a62e66e05f9a44 22756be6fd061d4c 7c8324ce28ffb96e 4e966bb2768c2b8a ac9ee0c09b538140 486dd77002936dec a982b5c3aed39396 033d905aec273595 b26d8664feb18c8c 97d696011258825c
114,b0b5e62a93a2c37c 37001ade0df85823 120e745e2961b5d5 a677c3a76055a6d2 f28fb3d9880c5d4c 42c9b72cc77dcb28 fc8971756f9ec194 0c2eeab1e4ce1db8 351c9da399c2b915 2e44fbb8bc3d8d71 c05f45f86d0771d5 5057551fc55e9ed2 52e459a551d4ac2d 00d9f8d3f7d412b3 9f27aa36c1ea793c 238ec735a13a3f09 49b5678e0d1e5bcd d6ed7e4b14c51296 6461a9faa871b3ac 8df3f13d6af34cb3 cba7e22bb383083a da904d2a54ff8cf2 e7828f0ea9749505 7d83ffe83f61bdc4 9b2adcf4041227d7 a1314cd417504572 ee3ed9a3f51336cd db0e648651f4c92b af8e70f978cd5aee 0220a434aa8bf029
115,9ab90dfc5c9b0b37 7f29daa16b9b4cda ce8cb4351b8c0f6e 04886579947a80c2 28403e62105b00f6 f6d23cdd2359f7c0 919b1679fffa7ef1 00e1e2eb13f650e4 0195950ce0f47e34 52370bea1acd0600 9a0f5ee4f845c9b2 0bcaac840d5e66d7 c28bc62802b90f82 702d8f1064ab3e30 3986b68500d7704b 3fa57d488e979d74 ff88049e61f0f4ef e0269da736ddf004 bd713b37b67866c3 fd30682593995748 2a06f5614060e3b6 39f6296778264878 4d7653ea9499eed4 942a7d26d81c841f bd0f175ee98c613e ae94d8435a6847f4 b6d0f83aad4e4dc7 b24820ae14e16a24 622f2e4119882c94 4b8c7061102517ef
116,43b3338423d7386c 01e5a6edcee7deb0 cba7e22bb383083a 2dd12c230ab22555 f28fb3d9880c5d4c 2bafd15871caae91 b8e2f75014710ced c810ac016901e8ac 36d33c41812ce7dc d64c06baf5ef1c90 6e1b6b53c9710940 83f8aca6ee2caabc a677c3a76055a6d2 cc861214a89ef1f4 d72363ddd958d906 059bbdbdb843af6a e5fb8dc5c9cb4a19 42c9b72cc77dcb28 3d93a60f990a0a7c 453bc79164d57a01 0c2eeab1e4ce1db8 8b7c486a910dd004 4105533fe46dfba9 4b05967001421eab 0add47a043c64d7f 5547f9f1638ac345 97d696011258825c 419b5dc40744fb9b 88b62355670ec8f8 f49e13a653cbdad2
117,29bedd00fb2be056 455fde214d16d350 33856365c271aea4 5989fb934598c1a7 07f22a7ad7e4711d 25a3b47fe31bc6b5 ddb3810e0289c148 387e9cd2e5d4ea7d ebfda3b48083e390 42c9b72cc77dcb28 025a148c3a53bd9f c5830f9d0f1e29e5 7155e5a86136eb02 65708d542bd01f39 57113c2a4cacd961 4d954d933e606b70 095bb1b6ecbd0a50 8643165b0f53df11 3ca7964973437917 eff60ceea8817dad 1f423f368aebf7f3 26fc2a95df5659c2 855f2f0354e102c7 63d95d5977c2fe98 7ee52d2519eea367 44d324ebd3e22ad7 1398b478b71773ed 4d417b203b333363 587e0b2a4811fab1 b6a1c97f19af78d0
118,52e459a551d4ac2d 238ec735a13a3f09 d6ed7e4b14c51296 7d83ffe83f61bdc4 e7828f0ea9749505 da904d2a54ff8cf2 9b2adcf4041227d7 61ba7707ef6a5a99 c810ac016901e8ac 976baf0e84752a68 898a4921ab9f4cce 4483bbdd3241f11a cec2eea2a1fe566a 36d33c41812ce7dc d64c06baf5ef1c90 453bc79164d57a01 3d93a60f990a0a7c 9f27aa36c1ea793c 6461a9faa871b3ac af8e70f978cd5aee 5430097e23000368 ee3ed9a3f51336cd 0220a434aa8bf029 b0b5e62a93a2c37c 8df3f13d6af34cb3 37001ade0df85823 00d9f8d3f7d412b3 c05f45f86d0771d5 bbbd5d2fd957e8f7 db0e648651f4c92b
119,74e59c5820900b17 44d324ebd3e22ad7 2359719a0f40ffac 05f23e7d05dbf7c2 c08c3765ac609cc0 dac29ed8400b50cc 0d0368139e9a647f b749972436ac9791 ffc688c4c1c2a068 00140806971e7a73 2810fb6f81d1711c 0fbd0f422e926816 5b34da30b93eb123 f2234bb7ce0c6f59 a9eef13786610446 2a06f5614060e3b6 54f55c74d37db3c0 4d417b203b333363 f705b637f624147e e7cad3748e50b0f8 e14a893f1918277e 42a5cae2a3a45557 4a5ac473c9d176ba 8d58da0e1800dc96 65fac1ba1840000f bed3e73d52011f68 3fa57d488e979d74 050544c040f46152 6d80d2e62d01f6bc 63d95d5977c2fe98
120,5547f9f1638ac345 0add47a043c64d7f b84b6c0b2e4d0306 00e1e2eb13f650e4 72b80b099fd64ec4 ca43e349133fc0e3 19e8f436d4b2fc25 6899956cd6c683f0 b05b5f6850cfa158 4b05967001421eab 3986b68500d7704b 45bd99d5d2eef776 f25bfcffedaccf28 92f42fbd0c38f7fd 43c354dbf952caaa 2cebd52b41930f0a 7f95168400948588 cc0c9419f8a20603 01e5a6edcee7deb0 97d696011258825c 88b62355670ec8f8 f49e13a653cbdad2 419b5dc40744fb9b 43b3338423d7386c 42bb83d7c4b9ecae eab15ee21e126f6a 52aa48c07b34dc88 16b11706660177ff eff60ceea8817dad 1d72229ebcc00faf
121,25145708d494530b d73a65673e3f1d78 4fe9e4e55585ba4b 8699cc5dd4159b69 128d583954b18074 3d6880bd12f6613f ec1b3d7ccd3984d0 e22c35101e190db9 48f93f9c2c699e19 03dfe518713e006c 27bc34b9887bec0d 3cb6b40d377e7ca8 7155e5a86136eb02 09bbaa171c20bae3 0a79fabc6f5d93c9 45630e1451157ff3 34a62e66e05f9a44 65ad9c583823162d 0647acc4602d4e8f a65e30106ea50423 99e833818ec4bbf2 dc12cc503ac0eddb 87c5481930cfe126 65708d542bd01f39 a5d5ba33b5b1dc95 fa173131f15f5534 0772e3ab293a1f30 01b3da54ffb158a0 455fde214d16d350 aa0789b403bcd839
122,e878efab7c37179e 828f5dfbbf1272ee 5d26da95786b3a3a e228204ae08d1355 bf973f9ec3600199 877672967d3f70bb a860b682add9de1c 95ecdbff44ad0b60 8e0760918e88e4a9 26140b225c4f8d3f 8566d15270eb5e83 9269d2b0d877352d e1460af4a7044067 fb2ebcb5335ad2e2 a492bd402afd5c71 c36c2dce0e6e434f 4d7653ea9499eed4 95d25d38ba7df9c7 cb3e4ce97e7f2881 133b04350c75770b 366a22fce0614fb8 4b05967001421eab e740c80fce094788 5c8c6d9a1fd4c1e0 af41e2b6da3e7e02 587e0b2a4811fab1 96e82fa141db9a4b a0b1f4dd32f3e278 d16da1fb61813db9 1a05ef8c93af8eed
123,de8e1345e8c305c4 9269d2b0d877352d e878efab7c37179e a860b682add9de1c e228204ae08d1355 828f5dfbbf1272ee 95ecdbff44ad0b60 8566d15270eb5e83 877672967d3f70bb 8e0760918e88e4a9 5d26da95786b3a3a bf973f9ec3600199 26140b225c4f8d3f cb3e4ce97e7f2881 95d25d38ba7df9c7 a492bd402afd5c71 e1460af4a7044067 366a22fce0614fb8 4d7653ea9499eed4 c36c2dce0e6e434f fb2ebcb5335ad2e2 e740c80fce094788 133b04350c75770b 4b05967001421eab af41e2b6da3e7e02 ddb3810e0289c148 96e82fa141db9a4b 1d0f5fdc58e3efb5 dc17b07476183764 a0b1f4dd32f3e278
124,00d9f8d3f7d412b3 c810ac016901e8ac 6e1b6b53c9710940 b8e2f75014710ced 83f8aca6ee2caabc cc861214a89ef1f4 2bafd15871caae91 2dd12c230ab22555 f28fb3d9880c5d4c d72363ddd958d906 a677c3a76055a6d2 36d33c41812ce7dc d64c06baf5ef1c90 e5fb8dc5c9cb4a19 453bc79164d57a01 3d93a60f990a0a7c 42c9b72cc77dcb28 9a439fd1abf95245 059bbdbdb843af6a 0c2eeab1e4ce1db8 4105533fe46dfba9 8b7c486a910dd004 00958a140c3a6de8 2e44fbb8bc3d8d71 bc27d5dc9bab1c18 27a12f29dceccdbd 18b1d2d84c97a364 016da874bd04df55 316382267dcd804f fc8971756f9ec194
125,95166957b2c38794 10ad13170242ecae 128d583954b18074 d73a65673e3f1d78 99e833818ec4bbf2 0647acc4602d4e8f a65e30106ea50423 dc12cc503ac0eddb 87c5481930cfe126 65ad9c583823162d 65708d542bd01f39 01b3da54ffb158a0 0772e3ab293a1f30 a5d5ba33b5b1dc95 fa173131f15f5534 455fde214d16d350 3e8e56f639a5db5b 29968e8fd13539f8 d7d937303a6d5a9d 061f3e1feeaa3094 aa0789b403bcd839 f209d29f991432f0 4d32dae7b43c489a f49e13a653cbdad2 43b3338423d7386c 01e5a6edcee7deb0 88b62355670ec8f8 e6a29676c096f8e8 1c3b74a02a86467d 6461a9faa871b3ac
126,a1314cd417504572 ee3ed9a3f51336cd 238ec735a13a3f09 52e459a551d4ac2d 5430097e23000368 af8e70f978cd5aee bbbd5d2fd957e8f7 0220a434aa8bf029 7d83ffe83f61bdc4 5057551fc55e9ed2 e7828f0ea9749505 49b5678e0d1e5bcd 6461a9faa871b3ac db0e648651f4c92b d6ed7e4b14c51296 c05f45f86d0771d5 9f27aa36c1ea793c 9b2adcf4041227d7 37001ade0df85823 8df3f13d6af34cb3 cba7e22bb383083a 00d9f8d3f7d412b3 da904d2a54ff8cf2 b0b5e62a93a2c37c 898a4921ab9f4cce 6e1b6b53c9710940 2bafd15871caae91 d72363ddd958d906 d64c06baf5ef1c90 2dd12c230ab22555
127,734dabb98795c35c c03b11a0cdc3fa39 65254e0d209fd66e 7b81f1f2b6ec2e5f 013030fd7d29bf3d e461837f0fb35048 fd57e641d06ebda7 72c2a95813ea72bd 6461a9faa871b3ac 5057551fc55e9ed2 52e459a551d4ac2d 9f27aa36c1ea793c c05f45f86d0771d5 8df3f13d6af34cb3 da904d2a54ff8cf2 d6ed7e4b14c51296 db0e648651f4c92b 7d83ffe83f61bdc4 cba7e22bb383083a 5430097e23000368 00d9f8d3f7d412b3 49b5678e0d1e5bcd b0b5e62a93a2c37c bbbd5d2fd957e8f7 37001ade0df85823 9b2adcf4041227d7 e7828f0ea9749505 af8e70f978cd5aee 0220a434aa8bf029 238ec735a13a3f09
128,f2b5098ac9c92da9 a017f3358d5327aa db7342eff9200020 1fe79c7de59ff6c6 ba5199dba342af68 e8b87ed7db1bcb1f c1f2e3a76d388944 e25a1da6ca187350 e403278468d84383 54a11cbcd7a32af4 bd713b37b67866c3 81bd116c786bf9ae 3c0873ce078d332b ca4de5b8a7bda9df 8dedff0a79784abc b9d966ad9e04127a 81b639b74256b45b 0e45c4c185f35df6 62431fd374eb99fb 64b31699d7d15934 522bd6887960c25d 3c565c1fc2316d16 9fda36f260eec24e f1a3b8b13e9401c0 5897953fdf87b60f 395b26d91f98bd92 4f915ad69e1dca36 50cb6a6c60ad711a 24c47959ea77b15b 83b911ff0ff45844
129,39075e303166355e 047769588be1aea9 430feb4826a5632e da011b87595c1019 5570ef88d970e9b4 f705b637f624147e ae94d8435a6847f4 47fbe21f5c35c7b4 65fac1ba1840000f 39f6296778264878 4a5ac473c9d176ba 351c9da399c2b915 bf3ccaba4a3450a8 5c4b7558c942a224 2901e5309bb3f8f6 e7dd56376be2cf1c db0e648651f4c92b 52e459a551d4ac2d 5430097e23000368 b0b5e62a93a2c37c c05f45f86d0771d5 49b5678e0d1e5bcd cba7e22bb383083a 238ec735a13a3f09 da904d2a54ff8cf2 7d83ffe83f61bdc4 00d9f8d3f7d412b3 bbbd5d2fd957e8f7 9b2adcf4041227d7 af8e70f978cd5aee
130,22e8d6734e4121ae c05f45f86d0771d5 d6ed7e4b14c51296 6461a9faa871b3ac 8df3f13d6af34cb3 00d9f8d3f7d412b3 e7828f0ea9749505 b0b5e62a93a2c37c da904d2a54ff8cf2 37001ade0df85823 5057551fc55e9ed2 9f27aa36c1ea793c ee3ed9a3f51336cd 9b2adcf4041227d7 af8e70f978cd5aee 52e459a551d4ac2d a1314cd417504572 d72363ddd958d906 cec2eea2a1fe566a 4483bbdd3241f11a 83f8aca6ee2caabc 453bc79164d57a01 61ba7707ef6a5a99 8b7c486a910dd004 059bbdbdb843af6a 5a1149fbcbd37376 f05fa5f57dc03e81 0b774cf90856c4da 9d5edf3b993fee50 055d895a3b26e466
131,83f8f2fc471cad74 6204e398d8c7f888 bfb8032f2183d471 4bed80e56ea2e099 bee46c54461925d0 4577ae048ef1967d 4535ce2e3dced00f b2ee9eea2d974c90 2e4b00c01d58e79e 419b5dc40744fb9b 57113c2a4cacd961 7c98dedd223b36c0 64267373570e4ea3 050544c040f46152 8643165b0f53df11 d35e11d3d1ab3c67 128d583954b18074 d73a65673e3f1d78 5430097e23000368 ee3ed9a3f51336cd 238ec735a13a3f09 52e459a551d4ac2d 7d83ffe83f61bdc4 6461a9faa871b3ac db0e648651f4c92b bbbd5d2fd957e8f7 d6ed7e4b14c51296 c05f45f86d0771d5 e7828f0ea9749505 0220a434aa8bf029
132,aa967ad3c1f65a29 6aefb6531736648a d73a65673e3f1d78 734dabb98795c35c 428f9363fa35882d 4f31209941bb05fc 00e1e2eb13f650e4 83f5a9732f0de67f 4f915ad69e1dca36 10ad13170242ecae 28403e62105b00f6 dc576af4ae66e25e 07be6a290720707d 892074f7c1ef5d5e f54ad8d1eb18212e 585f4ee09d8fea46 00d9eb862ba3dfc6 4d29c6922b2d0d56 c49d8f84a4f87f8a f0d53dcf0c296b57 03ed286136d7b3cf bc2552a642ce8497 e8ad5e31484ef889 3986b68500d7704b 63d509cd2a2e0e47 c96049ed915ced0a 765c0695339c3abe e461837f0fb35048 2e2904c5373734ae fd57e641d06ebda7
133,af8e70f978cd5aee cc861214a89ef1f4 4105533fe46dfba9 059bbdbdb843af6a 4b8c7061102517ef b0b5e62a93a2c37c da904d2a54ff8cf2 52e459a551d4ac2d c05f45f86d0771d5 5057551fc55e9ed2 d6ed7e4b14c51296 7d83ffe83f61bdc4 5430097e23000368 49b5678e0d1e5bcd 238ec735a13a3f09 cba7e22bb383083a 9f27aa36c1ea793c 6461a9faa871b3ac 8df3f13d6af34cb3 37001ade0df85823 ee3ed9a3f51336cd bbbd5d2fd957e8f7 9b2adcf4041227d7 db0e648651f4c92b 0220a434aa8bf029 00d9f8d3f7d412b3 a1314cd417504572 e7828f0ea9749505 fab14d178b24a67f f28fb3d9880c5d4c
134,447fc00f40d71d08 2e031d83339759b2 2e79d45ba4d1540d 90ecb28f2edb9d43 9f3d2ca16f358290 128d583954b18074 d73a65673e3f1d78 d216e5458ad70e60 f2e30efbd27bee51 d63b7f083330247f 4bed80e56ea2e099 9269d2b0d877352d 6204e398d8c7f888 feddfcf56818968e fb8bd6b95eb4702a e878efab7c37179e b05b5f6850cfa158 6899956cd6c683f0 99e833818ec4bbf2 bd713b37b67866c3 8a5635c748344d47 f105a53e5cfae611 e228204ae08d1355 8699cc5dd4159b69 377c1150c781e37a cc507a0d6fcf4a1c 65ad9c583823162d a65e30106ea50423 54a11cbcd7a32af4 4fe9e4e55585ba4b
135,9f27aa36c1ea793c e5fb8dc5c9cb4a19 61ba7707ef6a5a99 ee3ed9a3f51336cd 5430097e23000368 52e459a551d4ac2d 5057551fc55e9ed2 6461a9faa871b3ac 49b5678e0d1e5bcd 7d83ffe83f61bdc4 bbbd5d2fd957e8f7 af8e70f978cd5aee db0e648651f4c92b 238ec735a13a3f09 e7828f0ea9749505 00d9f8d3f7d412b3 c05f45f86d0771d5 b0b5e62a93a2c37c a1314cd417504572 cba7e22bb383083a da904d2a54ff8cf2 8df3f13d6af34cb3 0220a434aa8bf029 d6ed7e4b14c51296 37001ade0df85823 9b2adcf4041227d7 ae77487a89f2610c 2bafd15871caae91 898a4921ab9f4cce 4483bbdd3241f11a
136,bd713b37b67866c3 81bd116c786bf9ae 54a11cbcd7a32af4 238ec735a13a3f09 5430097e23000368 db0e648651f4c92b bbbd5d2fd957e8f7 af8e70f978cd5aee 6461a9faa871b3ac 52e459a551d4ac2d ee3ed9a3f51336cd 7d83ffe83f61bdc4 49b5678e0d1e5bcd e7828f0ea9749505 5057551fc55e9ed2 c05f45f86d0771d5 d6ed7e4b14c51296 00d9f8d3f7d412b3 0220a434aa8bf029 9f27aa36c1ea793c 9b2adcf4041227d7 8df3f13d6af34cb3 37001ade0df85823 cba7e22bb383083a b0b5e62a93a2c37c da904d2a54ff8cf2 a1314cd417504572 b9d966ad9e04127a 395b26d91f98bd92 9fda36f260eec24e
137,8dedff0a79784abc 4f915ad69e1dca36 50cb6a6c60ad711a 10ad13170242ecae 3b6d27775fce1c7b 28a2067685cb3e97 52370bea1acd0600 c015590d6a6fe833 24e582daf6f87158 285657fcdf89f00d 5c4b7558c942a224 3a6e7894dde31c67 35488b3b8b781278 e9c20b67a4c5395f 7c8324ce28ffb96e 6461a9faa871b3ac b6a1c97f19af78d0 0f33ce8d8014f308 0451447dd64f6284 c143c095983a65c2 976baf0e84752a68 59c231f8fd21260c 1a8e5d6512d9e2d8 ecb768ef6fd223ca 48a76e3aff69d605 155600e5f1221f8c 2820628e65a062e2 0a49074a4158155b bd9cd6b87a4fe0ce f0d53dcf0c296b57
138,a017f3358d5327aa c08c3765ac609cc0 44d324ebd3e22ad7 74e59c5820900b17 2359719a0f40ffac 05f23e7d05dbf7c2 dac29ed8400b50cc 0d0368139e9a647f 4d417b203b333363 54f55c74d37db3c0 8d58da0e1800dc96 ffc688c4c1c2a068 a9eef13786610446 5b34da30b93eb123 00140806971e7a73 e14a893f1918277e f705b637f624147e b749972436ac9791 f2234bb7ce0c6f59 65fac1ba1840000f 42a5cae2a3a45557 0fbd0f422e926816 2810fb6f81d1711c e7cad3748e50b0f8 4a5ac473c9d176ba bed3e73d52011f68 2a06f5614060e3b6 3fa57d488e979d74 8df3f13d6af34cb3 9f27aa36c1ea793c
139,e8ad5e31484ef889 19b4014943e0ad92 aa967ad3c1f65a29 2e031d83339759b2 8699cc5dd4159b69 4bed80e56ea2e099 d216e5458ad70e60 d63b7f083330247f f2e30efbd27bee51 6204e398d8c7f888 feddfcf56818968e 9269d2b0d877352d e878efab7c37179e b05b5f6850cfa158 fb8bd6b95eb4702a 6899956cd6c683f0 99e833818ec4bbf2 8a5635c748344d47 bd713b37b67866c3 f105a53e5cfae611 e228204ae08d1355 cc507a0d6fcf4a1c 377c1150c781e37a 65ad9c583823162d a65e30106ea50423 4fe9e4e55585ba4b 95ecdbff44ad0b60 8566d15270eb5e83 54a11cbcd7a32af4 87c5481930cfe126
140,666bdff4faa513ca 63d509cd2a2e0e47 07be6a290720707d ee3ed9a3f51336cd 5430097e23000368 6461a9faa871b3ac 49b5678e0d1e5bcd 7d83ffe83f61bdc4 db0e648651f4c92b af8e70f978cd5aee 52e459a551d4ac2d 238ec735a13a3f09 b0b5e62a93a2c37c da904d2a54ff8cf2 a1314cd417504572 cba7e22bb383083a 8df3f13d6af34cb3 37001ade0df85823 9b2adcf4041227d7 bbbd5d2fd957e8f7 e7828f0ea9749505 c05f45f86d0771d5 00d9f8d3f7d412b3 d6ed7e4b14c51296 5057551fc55e9ed2 0220a434aa8bf029 9f27aa36c1ea793c e8ad5e31484ef889 36d33c41812ce7dc 83f8aca6ee2caabc
141,d216e5458ad70e60 fb8bd6b95eb4702a d63b7f083330247f 8a5635c748344d47 3ca7964973437917 8bf446c0455e3c5c e8684734f2e587bd d5952b2e031c4e7e 60a070db9f1869b5 b6e646c13d0753ae 1d12acf7349196b0 70776cdd9bb3b7d4 f58ff7f1a6cde683 72403ecdfe02bba6 01020d1b0821f4c7 abf90e759d208468 387e9cd2e5d4ea7d 5b16bae6a0de7c88 0d0368139e9a647f 73391e0853c1e040 64267373570e4ea3 da7d3c2d591c4295 f9c6286cff30aaa8 e7cad3748e50b0f8 8d58da0e1800dc96 b6d0f83aad4e4dc7 4a5ac473c9d176ba 0fbd0f422e926816 b749972436ac9791 46b99f864d6a075a
142,ff88049e61f0f4ef 4d417b203b333363 bd713b37b67866c3 54a11cbcd7a32af4 81bd116c786bf9ae cba7e22bb383083a 64b31699d7d15934 395b26d91f98bd92 f1a3b8b13e9401c0 522bd6887960c25d 0e45c4c185f35df6 9fda36f260eec24e b9d966ad9e04127a 5897953fdf87b60f 62431fd374eb99fb 81b639b74256b45b 8dedff0a79784abc 3c565c1fc2316d16 4f915ad69e1dca36 50cb6a6c60ad711a 24c47959ea77b15b cc861214a89ef1f4 2bafd15871caae91 6e1b6b53c9710940 d72363ddd958d906 c810ac016901e8ac 36d33c41812ce7dc a677c3a76055a6d2 83f8aca6ee2caabc f28fb3d9880c5d4c
143,781f4d0147aef776 f9c6286cff30aaa8 1f4f62844c3cb99c 9100ea6cd0e084bf bd0f175ee98c613e a14394322cf7043d 2e44fbb8bc3d8d71 feddfcf56818968e 6a3919ad9ed8197e 26fc2a95df5659c2 c28bc62802b90f82 316382267dcd804f 964a50d33717c26d b24820ae14e16a24 96445bec1579ec97 0bcaac840d5e66d7 8f578001f9d5f543 bed3e73d52011f68 9fbffc521da97c54 ced9c56f2be86774 5867d40811c0229f e5fb8dc5c9cb4a19 f58ff7f1a6cde683 01020d1b0821f4c7 72403ecdfe02bba6 70776cdd9bb3b7d4 64267373570e4ea3 387e9cd2e5d4ea7d abf90e759d208468 5b16bae6a0de7c88
144,6461a9faa871b3ac 976baf0e84752a68 2820628e65a062e2 1a8e5d6512d9e2d8 ecb768ef6fd223ca 155600e5f1221f8c d72363ddd958d906 83f8aca6ee2caabc bd9cd6b87a4fe0ce 453bc79164d57a01 190ab585fd379f0f 059bbdbdb843af6a 8b7c486a910dd004 5057551fc55e9ed2 d6ed7e4b14c51296 e7828f0ea9749505 00d9f8d3f7d412b3 af8e70f978cd5aee 9b2adcf4041227d7 8df3f13d6af34cb3 37001ade0df85823 9f27aa36c1ea793c b0b5e62a93a2c37c c05f45f86d0771d5 da904d2a54ff8cf2 a1314cd417504572 52e459a551d4ac2d ee3ed9a3f51336cd 5c4b7558c942a224 cba7e22bb383083a
145,97d696011258825c d73a65673e3f1d78 538c7bb968b2154c 07d688f5e2142b87 a18df74d3a16e9c0 128d583954b18074 f29eee8054c061e1 b26d8664feb18c8c a2805ed52b47b8ec d3c4a7db726191e0 acf5cb026b3c4551 73f770f2643a2135 ce0f56b7190c268a eff60ceea8817dad 01ecc81f6341e902 bbbd5d2fd957e8f7 7d83ffe83f61bdc4 52e459a551d4ac2d 6461a9faa871b3ac db0e648651f4c92b ee3ed9a3f51336cd 5057551fc55e9ed2 49b5678e0d1e5bcd af8e70f978cd5aee d6ed7e4b14c51296 c05f45f86d0771d5 0220a434aa8bf029 cba7e22bb383083a a1314cd417504572 9b2adcf4041227d7
146,3fa57d488e979d74 49b5678e0d1e5bcd bbbd5d2fd957e8f7 db0e648651f4c92b 7d83ffe83f61bdc4 5430097e23000368 7e4a4a1300b77a06 ae77487a89f2610c a017f3358d5327aa 1ba7a50457e93996 d257d1fbcf43abd5 0683b6a78f54be75 3986b68500d7704b daa257a37227cd72 29bedd00fb2be056 b69ce8b8154645f8 dc17b07476183764 a52df8083c238c46 c606425856952286 4dba7ce835494a63 da7d3c2d591c4295 9b2adcf4041227d7 a1314cd417504572 d6ed7e4b14c51296 c05f45f86d0771d5 6461a9faa871b3ac 238ec735a13a3f09 52e459a551d4ac2d 8df3f13d6af34cb3 9f27aa36c1ea793c
147,54a11cbcd7a32af4 81bd116c786bf9ae bd713b37b67866c3 b9d966ad9e04127a 395b26d91f98bd92 9fda36f260eec24e 5897953fdf87b60f 0e45c4c185f35df6 522bd6887960c25d 8dedff0a79784abc 62431fd374eb99fb 81b639b74256b45b 4f915ad69e1dca36 f1a3b8b13e9401c0 64b31699d7d15934 50cb6a6c60ad711a 24c47959ea77b15b 3c565c1fc2316d16 4d954d933e606b70 a76ffccd2f5df1a7 3b6d27775fce1c7b ddf332f2b55a2a23 28a2067685cb3e97 b6e72edcad270be0 59c231f8fd21260c 0db6584e3bdfa1c4 4b29fc21f912754d f48d0fbea7dc2782 cea18be9a89d7a81 05e4165a56bf50eb
148,10ad13170242ecae 4a5ac473c9d176ba e7dd56376be2cf1c 238ec735a13a3f09 52e459a551d4ac2d 5057551fc55e9ed2 b0b5e62a93a2c37c c05f45f86d0771d5 6461a9faa871b3ac d6ed7e4b14c51296 7d83ffe83f61bdc4 ee3ed9a3f51336cd 00d9f8d3f7d412b3 5430097e23000368 49b5678e0d1e5bcd cba7e22bb383083a db0e648651f4c92b 9f27aa36c1ea793c 8df3f13d6af34cb3 37001ade0df85823 0220a434aa8bf029 da904d2a54ff8cf2 a1314cd417504572 9b2adcf4041227d7 af8e70f978cd5aee e7828f0ea9749505 bbbd5d2fd957e8f7 c810ac016901e8ac 7e4a4a1300b77a06 976baf0e84752a68
149,0add47a043c64d7f 5547f9f1638ac345 1fe79c7de59ff6c6 b84b6c0b2e4d0306 ca43e349133fc0e3 b05b5f6850cfa158 6899956cd6c683f0 72b80b099fd64ec4 19e8f436d4b2fc25 4b05967001421eab 43c354dbf952caaa f25bfcffedaccf28 2cebd52b41930f0a 92f42fbd0c38f7fd 7f95168400948588 45bd99d5d2eef776 cc0c9419f8a20603 43b3338423d7386c 419b5dc40744fb9b 01e5a6edcee7deb0 88b62355670ec8f8 f49e13a653cbdad2 97d696011258825c 42bb83d7c4b9ecae eab15ee21e126f6a 52aa48c07b34dc88 16b11706660177ff eff60ceea8817dad 1d72229ebcc00faf 4e966bb2768c2b8a
150,2e79d45ba4d1540d 2e031d83339759b2 90ecb28f2edb9d43 447fc00f40d71d08 9f3d2ca16f358290 128d583954b18074 d73a65673e3f1d78 0195950ce0f47e34 4d7653ea9499eed4 9a0f5ee4f845c9b2 0bcaac840d5e66d7 c28bc62802b90f82 702d8f1064ab3e30 3986b68500d7704b 3fa57d488e979d74 52370bea1acd0600 e0269da736ddf004 bd713b37b67866c3 fd30682593995748 2a06f5614060e3b6 39f6296778264878 e25a1da6ca187350 ff88049e61f0f4ef 0708923badf2ff5d 734dabb98795c35c 942a7d26d81c841f bd0f175ee98c613e ae94d8435a6847f4 b6d0f83aad4e4dc7 b24820ae14e16a24
151,c49d8f84a4f87f8a d73a65673e3f1d78 128d583954b18074 428f9363fa35882d 4f31209941bb05fc 734dabb98795c35c 83f5a9732f0de67f 07be6a290720707d 585f4ee09d8fea46 28403e62105b00f6 f54ad8d1eb18212e 892074f7c1ef5d5e dc576af4ae66e25e 8df3f13d6af34cb3 00d9f8d3f7d412b3 6461a9faa871b3ac e7828f0ea9749505 7d83ffe83f61bdc4 52e459a551d4ac2d d6ed7e4b14c51296 49b5678e0d1e5bcd cba7e22bb383083a 238ec735a13a3f09 37001ade0df85823 bbbd5d2fd957e8f7 a1314cd417504572 ee3ed9a3f51336cd 5430097e23000368 5057551fc55e9ed2 db0e648651f4c92b
152,abf90e759d208468 4491016efed845f1 eec6b281e236b500 702d8f1064ab3e30 e228204ae08d1355 4bed80e56ea2e099 f2e30efbd27bee51 a813c15b46ceaf68 8e0760918e88e4a9 feddfcf56818968e 6204e398d8c7f888 6a3919ad9ed8197e 520ec719078be07c 18b1d2d84c97a364 95ecdbff44ad0b60 db69d4cbfef8d22f 377c1150c781e37a ce2fe99a7cda4a17 1fe79c7de59ff6c6 bfb8032f2183d471 96445bec1579ec97 4535ce2e3dced00f 3734d3b0b9232538 2e4b00c01d58e79e 5897953fdf87b60f 0e45c4c185f35df6 5dd752753760ced8 b1dcaca98bb76736 8f578001f9d5f543 cb3e4ce97e7f2881
153,9f27aa36c1ea793c 64b31699d7d15934 0db6584e3bdfa1c4 e5fb8dc5c9cb4a19 61ba7707ef6a5a99 54a11cbcd7a32af4 bd713b37b67866c3 81bd116c786bf9ae db0e648651f4c92b af8e70f978cd5aee bbbd5d2fd957e8f7 238ec735a13a3f09 52e459a551d4ac2d 5430097e23000368 ee3ed9a3f51336cd 0220a434aa8bf029 5057551fc55e9ed2 7d83ffe83f61bdc4 49b5678e0d1e5bcd 6461a9faa871b3ac 00d9f8d3f7d412b3 e7828f0ea9749505 c05f45f86d0771d5 37001ade0df85823 9b2adcf4041227d7 d6ed7e4b14c51296 8df3f13d6af34cb3 b0b5e62a93a2c37c cba7e22bb383083a da904d2a54ff8cf2
154,0897dcfae16e280f 04fda7c9d8971ec0 01ecc81f6341e902 538c7bb968b2154c 07d688f5e2142b87 a18df74d3a16e9c0 f29eee8054c061e1 a2805ed52b47b8ec b26d8664feb18c8c 97d696011258825c d3c4a7db726191e0 acf5cb026b3c4551 73f770f2643a2135 ce0f56b7190c268a eff60ceea8817dad b69ce8b8154645f8 daa257a37227cd72 29bedd00fb2be056 dc17b07476183764 a52df8083c238c46 c606425856952286 4dba7ce835494a63 da7d3c2d591c4295 5879096a38d69fc5 bf3ccaba4a3450a8 7c8324ce28ffb96e 9a0f5ee4f845c9b2 404031ab9d5977c4 22756be6fd061d4c c11b97f245a9dfd0
155,5b34da30b93eb123 2a06f5614060e3b6 a5f55580081236f4 197fa50b30d91fe8 636224e349e561bf 005666aa098abe8e 12af6a34778710db 65fac1ba1840000f 42a5cae2a3a45557 65254e0d209fd66e bed3e73d52011f68 44d324ebd3e22ad7 74e59c5820900b17 64b31699d7d15934 3fa57d488e979d74 8700059e85433b32 b760ebc5f25788d3 ffa9091747ae2466 05f23e7d05dbf7c2 2359719a0f40ffac dac29ed8400b50cc 0d0368139e9a647f 0db6584e3bdfa1c4 00140806971e7a73 2810fb6f81d1711c ffc688c4c1c2a068 0fbd0f422e926816 f2234bb7ce0c6f59 b749972436ac9791 a9eef13786610446
156,eff60ceea8817dad 238ec735a13a3f09 52e459a551d4ac2d ee3ed9a3f51336cd bbbd5d2fd957e8f7 af8e70f978cd5aee 5430097e23000368 7d83ffe83f61bdc4 5057551fc55e9ed2 49b5678e0d1e5bcd db0e648651f4c92b 6461a9faa871b3ac cba7e22bb383083a b0b5e62a93a2c37c da904d2a54ff8cf2 00d9f8d3f7d412b3 9f27aa36c1ea793c 9b2adcf4041227d7 37001ade0df85823 c05f45f86d0771d5 d6ed7e4b14c51296 0220a434aa8bf029 e7828f0ea9749505 8df3f13d6af34cb3 a1314cd417504572 c810ac016901e8ac cc861214a89ef1f4 83f8aca6ee2caabc b8e2f75014710ced 2dd12c230ab22555
157,aa967ad3c1f65a29 6aefb6531736648a d73a65673e3f1d78 128d583954b18074 734dabb98795c35c 4f31209941bb05fc 428f9363fa35882d 83f5a9732f0de67f f54ad8d1eb18212e 892074f7c1ef5d5e 585f4ee09d8fea46 07be6a290720707d 28403e62105b00f6 dc576af4ae66e25e e8ad5e31484ef889 03ed286136d7b3cf c49d8f84a4f87f8a bc2552a642ce8497 f0d53dcf0c296b57 3986b68500d7704b 9ab90dfc5c9b0b37 c96049ed915ced0a 765c0695339c3abe fd57e641d06ebda7 2e2904c5373734ae e461837f0fb35048 63d509cd2a2e0e47 7f29daa16b9b4cda ce8cb4351b8c0f6e f6d23cdd2359f7c0
158,6aefb6531736648a aa967ad3c1f65a29 e461837f0fb35048 72c2a95813ea72bd d73a65673e3f1d78 128d583954b18074 013030fd7d29bf3d 734dabb98795c35c 4f31209941bb05fc 428f9363fa35882d 83f5a9732f0de67f 585f4ee09d8fea46 28403e62105b00f6 f54ad8d1eb18212e 892074f7c1ef5d5e dc576af4ae66e25e 07be6a290720707d 8df3f13d6af34cb3 d6ed7e4b14c51296 00d9f8d3f7d412b3 6461a9faa871b3ac c05f45f86d0771d5 37001ade0df85823 e7828f0ea9749505 7d83ffe83f61bdc4 52e459a551d4ac2d 238ec735a13a3f09 a1314cd417504572 ee3ed9a3f51336cd 5057551fc55e9ed2
159,3734d3b0b9232538 238ec735a13a3f09 5057551fc55e9ed2 ee3ed9a3f51336cd 52e459a551d4ac2d 9f27aa36c1ea793c 37001ade0df85823 0220a434aa8bf029 5430097e23000368 7d83ffe83f61bdc4 6461a9faa871b3ac e7828f0ea9749505 c05f45f86d0771d5 cba7e22bb383083a d6ed7e4b14c51296 da904d2a54ff8cf2 49b5678e0d1e5bcd af8e70f978cd5aee b0b5e62a93a2c37c 9b2adcf4041227d7 db0e648651f4c92b bbbd5d2fd957e8f7 00d9f8d3f7d412b3 8df3f13d6af34cb3 a1314cd417504572 f2e30efbd27bee51 db69d4cbfef8d22f 7e4a4a1300b77a06 83f8aca6ee2caabc 6e1b6b53c9710940
160,bd713b37b67866c3 81bd116c786bf9ae 54a11cbcd7a32af4 238ec735a13a3f09 5430097e23000368 db0e648651f4c92b bbbd5d2fd957e8f7 af8e70f978cd5aee 6461a9faa871b3ac 52e459a551d4ac2d ee3ed9a3f51336cd 7d83ffe83f61bdc4 49b5678e0d1e5bcd e7828f0ea9749505 5057551fc55e9ed2 c05f45f86d0771d5 d6ed7e4b14c51296 00d9f8d3f7d412b3 0220a434aa8bf029 9f27aa36c1ea793c 9b2adcf4041227d7 8df3f13d6af34cb3 37001ade0df85823 cba7e22bb383083a b0b5e62a93a2c37c da904d2a54ff8cf2 a1314cd417504572 b9d966ad9e04127a 395b26d91f98bd92 9fda36f260eec24e
161,00e1e2eb13f650e4 128d583954b18074 d73a65673e3f1d78 ebfda3b48083e390 58654e3143c6550b 40583079f57235a6 f105a53e5cfae611 0688c790d5806540 4f915ad69e1dca36 d257d1fbcf43abd5 ad06e9eeea8eb4ea e9c20b67a4c5395f 8dedff0a79784abc 35488b3b8b781278 50cb6a6c60ad711a 70ebf53ced736fa4 148ac4a56a18844d a9223c28b10c131f 133b04350c75770b 3a6e7894dde31c67 5f94b027039f4e48 3b4a85bac6ead3c8 28a2067685cb3e97 b6a1c97f19af78d0 dea5e9227fbbac29 1d0f5fdc58e3efb5 3b6d27775fce1c7b 0451447dd64f6284 4beacc71024f8b08 b1e47da7659b675c
162,00958a140c3a6de8 00d9f8d3f7d412b3 128d583954b18074 d73a65673e3f1d78 52370bea1acd0600 4d7653ea9499eed4 9a0f5ee4f845c9b2 0bcaac840d5e66d7 c28bc62802b90f82 702d8f1064ab3e30 3986b68500d7704b 3fa57d488e979d74 c31a456b544a40a8 e0269da736ddf004 bd713b37b67866c3 fd30682593995748 2a06f5614060e3b6 39f6296778264878 e25a1da6ca187350 ff88049e61f0f4ef e7cad3748e50b0f8 0708923badf2ff5d 734dabb98795c35c 942a7d26d81c841f bd0f175ee98c613e ae94d8435a6847f4 b6d0f83aad4e4dc7 b24820ae14e16a24 622f2e4119882c94 47fbe21f5c35c7b4
163,5dd752753760ced8 898a4921ab9f4cce 377c1150c781e37a 520ec719078be07c b1dcaca98bb76736 e0269da736ddf004 77e2f7da1f9d3a8f 855f2f0354e102c7 edc79e57b20e9036 238ec735a13a3f09 ee3ed9a3f51336cd 52e459a551d4ac2d 5057551fc55e9ed2 c05f45f86d0771d5 6461a9faa871b3ac b0b5e62a93a2c37c da904d2a54ff8cf2 00d9f8d3f7d412b3 db0e648651f4c92b 49b5678e0d1e5bcd 37001ade0df85823 5430097e23000368 cba7e22bb383083a 9f27aa36c1ea793c 8df3f13d6af34cb3 7d83ffe83f61bdc4 bbbd5d2fd957e8f7 d6ed7e4b14c51296 e7828f0ea9749505 9b2adcf4041227d7
164,af8e70f978cd5aee cc861214a89ef1f4 4b8c7061102517ef fab14d178b24a67f 4105533fe46dfba9 059bbdbdb843af6a 128d583954b18074 d73a65673e3f1d78 005666aa098abe8e 0079f3c74309b582 5430097e23000368 49b5678e0d1e5bcd 238ec735a13a3f09 00d9f8d3f7d412b3 cba7e22bb383083a 5057551fc55e9ed2 7d83ffe83f61bdc4 c05f45f86d0771d5 b0b5e62a93a2c37c da904d2a54ff8cf2 52e459a551d4ac2d bbbd5d2fd957e8f7 9b2adcf4041227d7 ee3ed9a3f51336cd 37001ade0df85823 0220a434aa8bf029 e7828f0ea9749505 6461a9faa871b3ac 8df3f13d6af34cb3 9f27aa36c1ea793c
165,01020d1b0821f4c7 73391e0853c1e040 f58ff7f1a6cde683 5fb2d8e734956af0 46b99f864d6a075a 01ecc81f6341e902 5879096a38d69fc5 bd713b37b67866c3 54a11cbcd7a32af4 81bd116c786bf9ae 387e9cd2e5d4ea7d 0d0368139e9a647f 72403ecdfe02bba6 5b16bae6a0de7c88 abf90e759d208468 64267373570e4ea3 70776cdd9bb3b7d4 64b31699d7d15934 395b26d91f98bd92 522bd6887960c25d f1a3b8b13e9401c0 9fda36f260eec24e b9d966ad9e04127a 81b639b74256b45b d35e11d3d1ab3c67 a9eef13786610446 b749972436ac9791 f2234bb7ce0c6f59 f9c6286cff30aaa8 09660f466b38b7ba
166,1f423f368aebf7f3 74ae9af23a383bf5 8e0cc5199a0ee659 576dd429db946393 ae000f9d0b5e104e 204ec91c39d1479d 81bd116c786bf9ae bd713b37b67866c3 54a11cbcd7a32af4 64b31699d7d15934 0e45c4c185f35df6 522bd6887960c25d b9d966ad9e04127a 4f915ad69e1dca36 3c565c1fc2316d16 81b639b74256b45b 62431fd374eb99fb f1a3b8b13e9401c0 395b26d91f98bd92 5897953fdf87b60f 9fda36f260eec24e 50cb6a6c60ad711a 8dedff0a79784abc 24c47959ea77b15b cea18be9a89d7a81 52370bea1acd0600 a76ffccd2f5df1a7 05e4165a56bf50eb f48d0fbea7dc2782 28a2067685cb3e97
167,bed3e73d52011f68 2e44fbb8bc3d8d71 74e59c5820900b17 44d324ebd3e22ad7 c08c3765ac609cc0 2359719a0f40ffac 05f23e7d05dbf7c2 6cb9ab508a0678a0 9100ea6cd0e084bf bd0f175ee98c613e b7d7d9ae1cbe0d8a 1f4f62844c3cb99c 2820628e65a062e2 059bbdbdb843af6a 016da874bd04df55 27a12f29dceccdbd bc27d5dc9bab1c18 18b1d2d84c97a364 74244a8703c03720 316382267dcd804f db7342eff9200020 fc8971756f9ec194 04fda7c9d8971ec0 26fc2a95df5659c2 39f6296778264878 025a148c3a53bd9f 5570ef88d970e9b4 cba7e22bb383083a fab14d178b24a67f c03b11a0cdc3fa39
168,6899956cd6c683f0 72b80b099fd64ec4 19e8f436d4b2fc25 ca43e349133fc0e3 b05b5f6850cfa158 45bd99d5d2eef776 0add47a043c64d7f f25bfcffedaccf28 7f95168400948588 92f42fbd0c38f7fd cc0c9419f8a20603 43c354dbf952caaa 2cebd52b41930f0a 5547f9f1638ac345 52aa48c07b34dc88 16b11706660177ff 1d72229ebcc00faf b84b6c0b2e4d0306 c11b97f245a9dfd0 a0566ca9daca7778 955e465ce0788ea6 622f2e4119882c94 b69ce8b8154645f8 29bedd00fb2be056 49224aca40e6e5e3 a52df8083c238c46 d257d1fbcf43abd5 d6bbbd6c4968075a bf3ccaba4a3450a8 73f770f2643a2135
169,43c354dbf952caaa 238ec735a13a3f09 b0b5e62a93a2c37c e7828f0ea9749505 da904d2a54ff8cf2 00d9f8d3f7d412b3 52e459a551d4ac2d db0e648651f4c92b 8df3f13d6af34cb3 49b5678e0d1e5bcd 0220a434aa8bf029 5057551fc55e9ed2 a1314cd417504572 6461a9faa871b3ac af8e70f978cd5aee 7d83ffe83f61bdc4 bbbd5d2fd957e8f7 9b2adcf4041227d7 37001ade0df85823 ee3ed9a3f51336cd 9f27aa36c1ea793c c05f45f86d0771d5 d6ed7e4b14c51296 cba7e22bb383083a 5430097e23000368 b8e2f75014710ced 898a4921ab9f4cce f28fb3d9880c5d4c d64c06baf5ef1c90 c810ac016901e8ac
170,3fa57d488e979d74 2359719a0f40ffac bed3e73d52011f68 8f578001f9d5f543 5b34da30b93eb123 42a5cae2a3a45557 65fac1ba1840000f e5fb8dc5c9cb4a19 74e59c5820900b17 c08c3765ac609cc0 2a06f5614060e3b6 cba7e22bb383083a a017f3358d5327aa 05f23e7d05dbf7c2 9f27aa36c1ea793c 2dd12c230ab22555 6e1b6b53c9710940 36d33c41812ce7dc c810ac016901e8ac d64c06baf5ef1c90 d72363ddd958d906 cc861214a89ef1f4 83f8aca6ee2caabc f28fb3d9880c5d4c a677c3a76055a6d2 b8e2f75014710ced 2bafd15871caae91 ffc688c4c1c2a068 00140806971e7a73 2810fb6f81d1711c
171,4bed80e56ea2e099 6204e398d8c7f888 bfb8032f2183d471 b2ee9eea2d974c90 4577ae048ef1967d 83f8f2fc471cad74 2e4b00c01d58e79e 4535ce2e3dced00f bee46c54461925d0 419b5dc40744fb9b 57113c2a4cacd961 7c98dedd223b36c0 050544c040f46152 8643165b0f53df11 0195950ce0f47e34 fb8bd6b95eb4702a 9269d2b0d877352d feddfcf56818968e f2e30efbd27bee51 d63b7f083330247f bd713b37b67866c3 b05b5f6850cfa158 8a5635c748344d47 6899956cd6c683f0 99e833818ec4bbf2 e878efab7c37179e d216e5458ad70e60 8699cc5dd4159b69 e228204ae08d1355 2e031d83339759b2
172,9f27aa36c1ea793c 72c2a95813ea72bd 61ba7707ef6a5a99 e5fb8dc5c9cb4a19 6c017e548aa138f2 636224e349e561bf 955e465ce0788ea6 eec6b281e236b500 942a7d26d81c841f bd0f175ee98c613e f46601a9955f9949 8faeacf8ca08f62d 528161039994b4dc b3ad55963554f220 589ef345cb2dccfc 9100ea6cd0e084bf 8fc68213b63951dc ec4ef2f727e7a03f b3e75fdca5ca2f1a 095bb1b6ecbd0a50 ae77487a89f2610c 33856365c271aea4 26fc2a95df5659c2 a813c15b46ceaf68 29bedd00fb2be056 a292248bb2bffb3d 413c55a5ab86881a 20d283a232dfd13c 46315cf30aaee51c 40583079f57235a6
173,bd713b37b67866c3 54a11cbcd7a32af4 81bd116c786bf9ae 24c47959ea77b15b 50cb6a6c60ad711a 4f915ad69e1dca36 b9d966ad9e04127a 81b639b74256b45b 9fda36f260eec24e 8dedff0a79784abc 5897953fdf87b60f 522bd6887960c25d 62431fd374eb99fb 395b26d91f98bd92 64b31699d7d15934 3c565c1fc2316d16 0e45c4c185f35df6 f1a3b8b13e9401c0 c015590d6a6fe833 ddf332f2b55a2a23 f48d0fbea7dc2782 59c231f8fd21260c 0db6584e3bdfa1c4 a76ffccd2f5df1a7 52370bea1acd0600 4d954d933e606b70 4b29fc21f912754d cea18be9a89d7a81 28a2067685cb3e97 05e4165a56bf50eb
174,5989fb934598c1a7 387e9cd2e5d4ea7d 0d0368139e9a647f dac29ed8400b50cc 12af6a34778710db a5f55580081236f4 72403ecdfe02bba6 197fa50b30d91fe8 636224e349e561bf 005666aa098abe8e 70776cdd9bb3b7d4 74e59c5820900b17 5b34da30b93eb123 09660f466b38b7ba ffc688c4c1c2a068 44d324ebd3e22ad7 f2234bb7ce0c6f59 a9eef13786610446 65254e0d209fd66e 2810fb6f81d1711c b749972436ac9791 0fbd0f422e926816 db7342eff9200020 00140806971e7a73 05f23e7d05dbf7c2 2a06f5614060e3b6 2359719a0f40ffac 8700059e85433b32 b760ebc5f25788d3 ffa9091747ae2466
175,2359719a0f40ffac 6d80d2e62d01f6bc 74e59c5820900b17 44d324ebd3e22ad7 c08c3765ac609cc0 05f23e7d05dbf7c2 b78189788d563693 20d283a232dfd13c 0eafda717681bbdc 025a148c3a53bd9f 27888817db122597 46315cf30aaee51c 54f55c74d37db3c0 dac29ed8400b50cc 0d0368139e9a647f 4d417b203b333363 ecb768ef6fd223ca b29ab87af6ea6310 8f578001f9d5f543 d92c0298f76ccf77 fc21db75b354a917 ffc688c4c1c2a068 2810fb6f81d1711c f2234bb7ce0c6f59 a9eef13786610446 5b34da30b93eb123 e14a893f1918277e 42a5cae2a3a45557 4a5ac473c9d176ba f705b637f624147e
176,24c47959ea77b15b 62431fd374eb99fb 3c565c1fc2316d16 f48d0fbea7dc2782 cea18be9a89d7a81 a76ffccd2f5df1a7 ddf332f2b55a2a23 b6e72edcad270be0 4d954d933e606b70 0f4c71d341e2d939 4b29fc21f912754d 172bc0ee09332ae9 3e66b4855d0dddbe 6406fcdb7d87b5dc bd713b37b67866c3 54a11cbcd7a32af4 81bd116c786bf9ae 128d583954b18074 66ccd03c9e03ac06 a2c35fdf07a13286 d73a65673e3f1d78 b9d966ad9e04127a 9fda36f260eec24e 4f915ad69e1dca36 8dedff0a79784abc 81b639b74256b45b 5897953fdf87b60f f1a3b8b13e9401c0 64b31699d7d15934 522bd6887960c25d
177,7d83ffe83f61bdc4 5430097e23000368 238ec735a13a3f09 8df3f13d6af34cb3 d6ed7e4b14c51296 37001ade0df85823 00d9f8d3f7d412b3 9b2adcf4041227d7 af8e70f978cd5aee c05f45f86d0771d5 a1314cd417504572 52e459a551d4ac2d b0b5e62a93a2c37c 0220a434aa8bf029 e7828f0ea9749505 da904d2a54ff8cf2 5057551fc55e9ed2 49b5678e0d1e5bcd 9f27aa36c1ea793c db0e648651f4c92b cba7e22bb383083a 6461a9faa871b3ac ee3ed9a3f51336cd bbbd5d2fd957e8f7 b8e2f75014710ced 6e1b6b53c9710940 cec2eea2a1fe566a 2dd12c230ab22555 36d33c41812ce7dc d64c06baf5ef1c90
178,781aaf62a955e4e8 bd9cd6b87a4fe0ce a982b5c3aed39396 6aac5e116b75aa22 00d9eb862ba3dfc6 a0566ca9daca7778 c606425856952286 22dc81380cf4baec 8700059e85433b32 59bf6d6df9146d60 95166957b2c38794 2901e5309bb3f8f6 34a62e66e05f9a44 d46598813fb437e5 680bb5c5c3bb6ee1 404031ab9d5977c4 bc2ae5f4e5d53e00 6a9aa1bd93e36e66 acae1d29289b1266 6d80d2e62d01f6bc 8df3f13d6af34cb3 a1314cd417504572 0220a434aa8bf029 7d83ffe83f61bdc4 d6ed7e4b14c51296 e7828f0ea9749505 5430097e23000368 52e459a551d4ac2d db0e648651f4c92b 6461a9faa871b3ac
179,520ec719078be07c 377c1150c781e37a e0269da736ddf004 77e2f7da1f9d3a8f b1dcaca98bb76736 5dd752753760ced8 855f2f0354e102c7 edc79e57b20e9036 5fb2d8e734956af0 bbbd5d2fd957e8f7 47fbe21f5c35c7b4 52370bea1acd0600 4d7653ea9499eed4 9a0f5ee4f845c9b2 0bcaac840d5e66d7 c28bc62802b90f82 702d8f1064ab3e30 3986b68500d7704b 3fa57d488e979d74 ff88049e61f0f4ef bd713b37b67866c3 fd30682593995748 cea18be9a89d7a81 e7cad3748e50b0f8 0708923badf2ff5d 734dabb98795c35c 942a7d26d81c841f bd0f175ee98c613e ae94d8435a6847f4 b6d0f83aad4e4dc7
180,128d583954b18074 d73a65673e3f1d78 3a6e7894dde31c67 35488b3b8b781278 e9c20b67a4c5395f 8dedff0a79784abc 4f915ad69e1dca36 50cb6a6c60ad711a 28a2067685cb3e97 b6a1c97f19af78d0 0451447dd64f6284 c143c095983a65c2 c015590d6a6fe833 0f33ce8d8014f308 3b6d27775fce1c7b 52370bea1acd0600 24e582daf6f87158 285657fcdf89f00d 7c8324ce28ffb96e 702d8f1064ab3e30 c28bc62802b90f82 3986b68500d7704b 3fa57d488e979d74 ff88049e61f0f4ef e0269da736ddf004 bd713b37b67866c3 fd30682593995748 39f6296778264878 0bcaac840d5e66d7 ae94d8435a6847f4
181,52e459a551d4ac2d da904d2a54ff8cf2 b0b5e62a93a2c37c 238ec735a13a3f09 5057551fc55e9ed2 d6ed7e4b14c51296 7d83ffe83f61bdc4 00d9f8d3f7d412b3 5430097e23000368 49b5678e0d1e5bcd c05f45f86d0771d5 db0e648651f4c92b a1314cd417504572 9b2adcf4041227d7 bbbd5d2fd957e8f7 af8e70f978cd5aee ee3ed9a3f51336cd 0220a434aa8bf029 e7828f0ea9749505 8df3f13d6af34cb3 6461a9faa871b3ac cba7e22bb383083a 9f27aa36c1ea793c 37001ade0df85823 2dd12c230ab22555 2bafd15871caae91 c810ac016901e8ac cec2eea2a1fe566a 898a4921ab9f4cce 7e4a4a1300b77a06
182,f05fa5f57dc03e81 64907c4568244eb4 e36475c1af5ea3ab db0e648651f4c92b e7828f0ea9749505 5430097e23000368 49b5678e0d1e5bcd 00d9f8d3f7d412b3 7d83ffe83f61bdc4 d6ed7e4b14c51296 cba7e22bb383083a 5057551fc55e9ed2 52e459a551d4ac2d da904d2a54ff8cf2 c05f45f86d0771d5 b0b5e62a93a2c37c 238ec735a13a3f09 bbbd5d2fd957e8f7 9f27aa36c1ea793c a1314cd417504572 af8e70f978cd5aee 6461a9faa871b3ac 8df3f13d6af34cb3 9b2adcf4041227d7 0220a434aa8bf029 37001ade0df85823 ee3ed9a3f51336cd 00958a140c3a6de8 537a55eda51a3f60 898a4921ab9f4cce
183,238ec735a13a3f09 61ba7707ef6a5a99 a1314cd417504572 5057551fc55e9ed2 bbbd5d2fd957e8f7 49b5678e0d1e5bcd 0220a434aa8bf029 db0e648651f4c92b b6cdb608f640e038 e7828f0ea9749505 9b2adcf4041227d7 7d83ffe83f61bdc4 52e459a551d4ac2d da904d2a54ff8cf2 d6ed7e4b14c51296 3d93a60f990a0a7c 36d33c41812ce7dc d64c06baf5ef1c90 4483bbdd3241f11a 898a4921ab9f4cce 976baf0e84752a68 c810ac016901e8ac cec2eea2a1fe566a 74873b42602d8958 d64c7c3b658689f4 453bc79164d57a01 059bbdbdb843af6a 8abe670908f12614 7e4a4a1300b77a06 ae77487a89f2610c
184,1fe79c7de59ff6c6 ba5199dba342af68 e8b87ed7db1bcb1f c1f2e3a76d388944 e403278468d84383 e25a1da6ca187350 3c0873ce078d332b ca4de5b8a7bda9df 83b911ff0ff45844 1dc7139adba034ec d1e21234d7cc61d2 bd713b37b67866c3 54a11cbcd7a32af4 81bd116c786bf9ae 0e45c4c185f35df6 81b639b74256b45b 24c47959ea77b15b 395b26d91f98bd92 b9d966ad9e04127a f1a3b8b13e9401c0 9fda36f260eec24e 64b31699d7d15934 5897953fdf87b60f 62431fd374eb99fb 522bd6887960c25d 3c565c1fc2316d16 8dedff0a79784abc 4f915ad69e1dca36 50cb6a6c60ad711a 28a2067685cb3e97
185,74ae9af23a383bf5 1f423f368aebf7f3 ae000f9d0b5e104e 8e0cc5199a0ee659 576dd429db946393 204ec91c39d1479d c03b11a0cdc3fa39 7b81f1f2b6ec2e5f 65254e0d209fd66e bd713b37b67866c3 81bd116c786bf9ae 54a11cbcd7a32af4 9fda36f260eec24e 64b31699d7d15934 395b26d91f98bd92 5897953fdf87b60f 24c47959ea77b15b b9d966ad9e04127a 62431fd374eb99fb 50cb6a6c60ad711a 522bd6887960c25d 3c565c1fc2316d16 4f915ad69e1dca36 8dedff0a79784abc f1a3b8b13e9401c0 0e45c4c185f35df6 81b639b74256b45b c015590d6a6fe833 4b29fc21f912754d f48d0fbea7dc2782
186,63d509cd2a2e0e47 07be6a290720707d e8ad5e31484ef889 1398b478b71773ed 52370bea1acd0600 9a0f5ee4f845c9b2 0bcaac840d5e66d7 c28bc62802b90f82 702d8f1064ab3e30 3986b68500d7704b 3fa57d488e979d74 ff88049e61f0f4ef e0269da736ddf004 bd713b37b67866c3 fd30682593995748 2a06f5614060e3b6 39f6296778264878 e25a1da6ca187350 c31a456b544a40a8 4d7653ea9499eed4 0708923badf2ff5d 734dabb98795c35c 942a7d26d81c841f bd0f175ee98c613e ae94d8435a6847f4 b6d0f83aad4e4dc7 b24820ae14e16a24 622f2e4119882c94 4b8c7061102517ef 47fbe21f5c35c7b4
187,7f29daa16b9b4cda 9ab90dfc5c9b0b37 ce8cb4351b8c0f6e 04886579947a80c2 47fbe21f5c35c7b4 52370bea1acd0600 4d7653ea9499eed4 9a0f5ee4f845c9b2 0bcaac840d5e66d7 c28bc62802b90f82 702d8f1064ab3e30 bbbd5d2fd957e8f7 3fa57d488e979d74 ff88049e61f0f4ef e0269da736ddf004 bd713b37b67866c3 fd30682593995748 2a06f5614060e3b6 39f6296778264878 3986b68500d7704b e7cad3748e50b0f8 0708923badf2ff5d 734dabb98795c35c 942a7d26d81c841f bd0f175ee98c613e ae94d8435a6847f4 b6d0f83aad4e4dc7 b24820ae14e16a24 cea18be9a89d7a81 4b8c7061102517ef
188,b0b5e62a93a2c37c 52e459a551d4ac2d da904d2a54ff8cf2 c05f45f86d0771d5 5057551fc55e9ed2 d6ed7e4b14c51296 7d83ffe83f61bdc4 5430097e23000368 49b5678e0d1e5bcd 238ec735a13a3f09 cba7e22bb383083a 9f27aa36c1ea793c 6461a9faa871b3ac 8df3f13d6af34cb3 37001ade0df85823 ee3ed9a3f51336cd af8e70f978cd5aee bbbd5d2fd957e8f7 9b2adcf4041227d7 db0e648651f4c92b 0220a434aa8bf029 e7828f0ea9749505 a1314cd417504572 00d9f8d3f7d412b3 cc861214a89ef1f4 a677c3a76055a6d2 83f8aca6ee2caabc c810ac016901e8ac cec2eea2a1fe566a 7e4a4a1300b77a06
189,4c0eee2c1a5e76e2 26f72a4eb15ea8c0 b0b5e62a93a2c37c da904d2a54ff8cf2 52e459a551d4ac2d 5057551fc55e9ed2 c05f45f86d0771d5 d6ed7e4b14c51296 7d83ffe83f61bdc4 5430097e23000368 238ec735a13a3f09 db0e648651f4c92b cba7e22bb383083a 9f27aa36c1ea793c 6461a9faa871b3ac 8df3f13d6af34cb3 37001ade0df85823 ee3ed9a3f51336cd af8e70f978cd5aee bbbd5d2fd957e8f7 9b2adcf4041227d7 49b5678e0d1e5bcd 0220a434aa8bf029 a1314cd417504572 00d9f8d3f7d412b3 e7828f0ea9749505 c810ac016901e8ac 36d33c41812ce7dc 83f8aca6ee2caabc 7e4a4a1300b77a06
190,6461a9faa871b3ac 37001ade0df85823 b0b5e62a93a2c37c 9f27aa36c1ea793c da904d2a54ff8cf2 e7828f0ea9749505 a1314cd417504572 8df3f13d6af34cb3 5057551fc55e9ed2 52e459a551d4ac2d d6ed7e4b14c51296 af8e70f978cd5aee 9b2adcf4041227d7 c05f45f86d0771d5 00d9f8d3f7d412b3 ee3ed9a3f51336cd 83f8aca6ee2caabc d72363ddd958d906 cec2eea2a1fe566a 4483bbdd3241f11a 61ba7707ef6a5a99 22e8d6734e4121ae 453bc79164d57a01 8b7c486a910dd004 059bbdbdb843af6a 120e745e2961b5d5 5a1149fbcbd37376 b50b4e27b03c7b37 2b48ab08c915c0ad a84cd36608cb8665
191,87c5481930cfe126 0647acc4602d4e8f 65708d542bd01f39 65ad9c583823162d dc12cc503ac0eddb 99e833818ec4bbf2 a65e30106ea50423 0772e3ab293a1f30 fa173131f15f5534 a5d5ba33b5b1dc95 01b3da54ffb158a0 455fde214d16d350 3e8e56f639a5db5b f209d29f991432f0 f49e13a653cbdad2 4d32dae7b43c489a e6a29676c096f8e8 061f3e1feeaa3094 aa0789b403bcd839 d7d937303a6d5a9d 29968e8fd13539f8 43b3338423d7386c 88b62355670ec8f8 01e5a6edcee7deb0 1c3b74a02a86467d 1efd7bd8a34a1359 95166957b2c38794 bc2ae5f4e5d53e00 22756be6fd061d4c 4e966bb2768c2b8a
192,537a55eda51a3f60 451e7ba901ad661d a84cd36608cb8665 64907c4568244eb4 e36475c1af5ea3ab f05fa5f57dc03e81 ee3ed9a3f51336cd 52e459a551d4ac2d 49b5678e0d1e5bcd bbbd5d2fd957e8f7 6461a9faa871b3ac af8e70f978cd5aee db0e648651f4c92b 7d83ffe83f61bdc4 5430097e23000368 238ec735a13a3f09 8df3f13d6af34cb3 cba7e22bb383083a da904d2a54ff8cf2 b0b5e62a93a2c37c a1314cd417504572 9b2adcf4041227d7 37001ade0df85823 9f27aa36c1ea793c e7828f0ea9749505 c05f45f86d0771d5 00d9f8d3f7d412b3 d6ed7e4b14c51296 0220a434aa8bf029 5057551fc55e9ed2
193,005666aa098abe8e 0079f3c74309b582 00d9eb862ba3dfc6 013030fd7d29bf3d c96049ed915ced0a 0195950ce0f47e34 0a49074a4158155b 47fbe21f5c35c7b4 52370bea1acd0600 4d7653ea9499eed4 9a0f5ee4f845c9b2 0bcaac840d5e66d7 c28bc62802b90f82 702d8f1064ab3e30 bbbd5d2fd957e8f7 3fa57d488e979d74 ff88049e61f0f4ef e0269da736ddf004 bd713b37b67866c3 fd30682593995748 2a06f5614060e3b6 39f6296778264878 3986b68500d7704b 0708923badf2ff5d 734dabb98795c35c 942a7d26d81c841f bd0f175ee98c613e ae94d8435a6847f4 b6d0f83aad4e4dc7 b24820ae14e16a24
194,64907c4568244eb4 537a55eda51a3f60 e36475c1af5ea3ab f05fa5f57dc03e81 00958a140c3a6de8 451e7ba901ad661d a84cd36608cb8665 120e745e2961b5d5 9d5edf3b993fee50 0b774cf90856c4da fd30682593995748 00ff646ca6637bd7 2b48ab08c915c0ad 7c9248ed6224aa26 fc8971756f9ec194 cba7e22bb383083a 52e459a551d4ac2d da904d2a54ff8cf2 db0e648651f4c92b c05f45f86d0771d5 5430097e23000368 ee3ed9a3f51336cd e7828f0ea9749505 0220a434aa8bf029 5057551fc55e9ed2 b0b5e62a93a2c37c a1314cd417504572 9b2adcf4041227d7 8df3f13d6af34cb3 37001ade0df85823
195,1a8e5d6512d9e2d8 ecb768ef6fd223ca 6461a9faa871b3ac 155600e5f1221f8c 2820628e65a062e2 976baf0e84752a68 bd9cd6b87a4fe0ce 5c4b7558c942a224 190ab585fd379f0f 898a4921ab9f4cce 128d583954b18074 d73a65673e3f1d78 54a11cbcd7a32af4 bd713b37b67866c3 81bd116c786bf9ae 238ec735a13a3f09 52e459a551d4ac2d 49b5678e0d1e5bcd bbbd5d2fd957e8f7 db0e648651f4c92b 5430097e23000368 ee3ed9a3f51336cd e7828f0ea9749505 0220a434aa8bf029 5057551fc55e9ed2 7d83ffe83f61bdc4 af8e70f978cd5aee 00d9f8d3f7d412b3 d6ed7e4b14c51296 c05f45f86d0771d5
196,64907c4568244eb4 f05fa5f57dc03e81 00958a140c3a6de8 83f8aca6ee2caabc d72363ddd958d906 059bbdbdb843af6a 453bc79164d57a01 8b7c486a910dd004 e36475c1af5ea3ab d6ed7e4b14c51296 52e459a551d4ac2d 00d9f8d3f7d412b3 c05f45f86d0771d5 9b2adcf4041227d7 e7828f0ea9749505 ee3ed9a3f51336cd 8df3f13d6af34cb3 37001ade0df85823 a1314cd417504572 5057551fc55e9ed2 da904d2a54ff8cf2 9f27aa36c1ea793c af8e70f978cd5aee 6461a9faa871b3ac b0b5e62a93a2c37c 537a55eda51a3f60 cba7e22bb383083a cec2eea2a1fe566a 4483bbdd3241f11a 9c9a9d45c2ea7ddf
197,e36475c1af5ea3ab 10ad13170242ecae b0b5e62a93a2c37c 52e459a551d4ac2d da904d2a54ff8cf2 c05f45f86d0771d5 5057551fc55e9ed2 d6ed7e4b14c51296 7d83ffe83f61bdc4 5430097e23000368 49b5678e0d1e5bcd db0e648651f4c92b 238ec735a13a3f09 9f27aa36c1ea793c 8df3f13d6af34cb3 6461a9faa871b3ac 37001ade0df85823 ee3ed9a3f51336cd af8e70f978cd5aee bbbd5d2fd957e8f7 9b2adcf4041227d7 cba7e22bb383083a a1314cd417504572 00d9f8d3f7d412b3 e7828f0ea9749505 0220a434aa8bf029 c810ac016901e8ac cc861214a89ef1f4 83f8aca6ee2caabc 36d33c41812ce7dc
198,622f2e4119882c94 b69ce8b8154645f8 49224aca40e6e5e3 9f27aa36c1ea793c 64b31699d7d15934 5fb2d8e734956af0 6a9aa1bd93e36e66 0db6584e3bdfa1c4 e5fb8dc5c9cb4a19 61ba7707ef6a5a99 7c8324ce28ffb96e 65d44c6393907290 34a62e66e05f9a44 54a11cbcd7a32af4 bd713b37b67866c3 81bd116c786bf9ae a982b5c3aed39396 955e465ce0788ea6 db0e648651f4c92b 238ec735a13a3f09 5430097e23000368 ee3ed9a3f51336cd 52e459a551d4ac2d 6461a9faa871b3ac af8e70f978cd5aee 00d9f8d3f7d412b3 d6ed7e4b14c51296 c05f45f86d0771d5 e7828f0ea9749505 0220a434aa8bf029
199,c08c3765ac609cc0 74e59c5820900b17 44d324ebd3e22ad7 05f23e7d05dbf7c2 2359719a0f40ffac 54f55c74d37db3c0 4d417b203b333363 0d0368139e9a647f dac29ed8400b50cc e14a893f1918277e 42a5cae2a3a45557 a9eef13786610446 f2234bb7ce0c6f59 2810fb6f81d1711c f705b637f624147e ffc688c4c1c2a068 4a5ac473c9d176ba 8d58da0e1800dc96 00140806971e7a73 5b34da30b93eb123 e7cad3748e50b0f8 b749972436ac9791 0fbd0f422e926816 65fac1ba1840000f bed3e73d52011f68 2a06f5614060e3b6 3fa57d488e979d74 050544c040f46152 6d80d2e62d01f6bc 63d95d5977c2fe98
200,8dedff0a79784abc 4f915ad69e1dca36 50cb6a6c60ad711a 52370bea1acd0600 28a2067685cb3e97 3b6d27775fce1c7b c015590d6a6fe833 285657fcdf89f00d a60934e6b473097a 24e582daf6f87158 bd713b37b67866c3 81bd116c786bf9ae 54a11cbcd7a32af4 7c8324ce28ffb96e 64b31699d7d15934 0e45c4c185f35df6 5897953fdf87b60f 395b26d91f98bd92 f1a3b8b13e9401c0 9fda36f260eec24e b9d966ad9e04127a 24c47959ea77b15b 522bd6887960c25d 81b639b74256b45b 3c565c1fc2316d16 62431fd374eb99fb 0f4c71d341e2d939 05e4165a56bf50eb 4d954d933e606b70 f48d0fbea7dc2782
201,a017f3358d5327aa d73a65673e3f1d78 0195950ce0f47e34 47fbe21f5c35c7b4 52370bea1acd0600 4d7653ea9499eed4 9a0f5ee4f845c9b2 0bcaac840d5e66d7 c28bc62802b90f82 702d8f1064ab3e30 3986b68500d7704b c31a456b544a40a8 ff88049e61f0f4ef e0269da736ddf004 bd713b37b67866c3 fd30682593995748 2a06f5614060e3b6 39f6296778264878 e25a1da6ca187350 3fa57d488e979d74 e7cad3748e50b0f8 0708923badf2ff5d 734dabb98795c35c 942a7d26d81c841f bd0f175ee98c613e ae94d8435a6847f4 b6d0f83aad4e4dc7 b24820ae14e16a24 bbbd5d2fd957e8f7 4b8c7061102517ef
202,48f93f9c2c699e19 a2805ed52b47b8ec 52e459a551d4ac2d 5430097e23000368 bbbd5d2fd957e8f7 238ec735a13a3f09 ee3ed9a3f51336cd db0e648651f4c92b 5057551fc55e9ed2 c05f45f86d0771d5 e7828f0ea9749505 7d83ffe83f61bdc4 49b5678e0d1e5bcd af8e70f978cd5aee 6461a9faa871b3ac d6ed7e4b14c51296 00d9f8d3f7d412b3 cba7e22bb383083a 37001ade0df85823 da904d2a54ff8cf2 b0b5e62a93a2c37c 9b2adcf4041227d7 9f27aa36c1ea793c 0220a434aa8bf029 8df3f13d6af34cb3 a1314cd417504572 2dd12c230ab22555 a677c3a76055a6d2 4483bbdd3241f11a 2bafd15871caae91
203,52e459a551d4ac2d ee3ed9a3f51336cd 8df3f13d6af34cb3 9f27aa36c1ea793c 9b2adcf4041227d7 a1314cd417504572 da904d2a54ff8cf2 b0b5e62a93a2c37c 00d9f8d3f7d412b3 37001ade0df85823 6461a9faa871b3ac e7828f0ea9749505 d6ed7e4b14c51296 5057551fc55e9ed2 c05f45f86d0771d5 af8e70f978cd5aee 83f8aca6ee2caabc 4483bbdd3241f11a d72363ddd958d906 cec2eea2a1fe566a 453bc79164d57a01 22e8d6734e4121ae 61ba7707ef6a5a99 8b7c486a910dd004 059bbdbdb843af6a db0e648651f4c92b 0220a434aa8bf029 bbbd5d2fd957e8f7 238ec735a13a3f09 49b5678e0d1e5bcd
204,2e031d83339759b2 90ecb28f2edb9d43 2e79d45ba4d1540d 447fc00f40d71d08 9f3d2ca16f358290 62431fd374eb99fb 24c47959ea77b15b 3c565c1fc2316d16 feddfcf56818968e 6a3919ad9ed8197e 4b29fc21f912754d f48d0fbea7dc2782 0f4c71d341e2d939 cea18be9a89d7a81 b6e72edcad270be0 a76ffccd2f5df1a7 4d954d933e606b70 ddf332f2b55a2a23 b24820ae14e16a24 0bcaac840d5e66d7 96445bec1579ec97 964a50d33717c26d d73a65673e3f1d78 6406fcdb7d87b5dc 172bc0ee09332ae9 3e66b4855d0dddbe 9fbffc521da97c54 5867d40811c0229f 781f4d0147aef776 ced9c56f2be86774
205,63d509cd2a2e0e47 4d954d933e606b70 07be6a290720707d e8ad5e31484ef889 1398b478b71773ed 24c47959ea77b15b 3c565c1fc2316d16 62431fd374eb99fb a76ffccd2f5df1a7 b6e72edcad270be0 4b29fc21f912754d cea18be9a89d7a81 f48d0fbea7dc2782 ddf332f2b55a2a23 0f4c71d341e2d939 6406fcdb7d87b5dc 3e66b4855d0dddbe 172bc0ee09332ae9 66ccd03c9e03ac06 a2c35fdf07a13286 cc507a0d6fcf4a1c 404031ab9d5977c4 5b4c879fc9c316fb a853f13216170123 c31a456b544a40a8 999a52f1d301247c 238de368bb05c0ec 666bdff4faa513ca 4f2fffd7528de786 07f22a7ad7e4711d
206,005666aa098abe8e 0079f3c74309b582 5b34da30b93eb123 44d324ebd3e22ad7 74e59c5820900b17 0d0368139e9a647f dac29ed8400b50cc 2a06f5614060e3b6 05f23e7d05dbf7c2 2359719a0f40ffac ffc688c4c1c2a068 0fbd0f422e926816 b749972436ac9791 00140806971e7a73 f2234bb7ce0c6f59 2810fb6f81d1711c a9eef13786610446 12af6a34778710db 636224e349e561bf 197fa50b30d91fe8 a5f55580081236f4 65254e0d209fd66e 5989fb934598c1a7 128d583954b18074 d73a65673e3f1d78 70776cdd9bb3b7d4 387e9cd2e5d4ea7d 72403ecdfe02bba6 b760ebc5f25788d3 8700059e85433b32
207,b6d0f83aad4e4dc7 22dc81380cf4baec 9f27aa36c1ea793c 8700059e85433b32 796888cc3443006c 61ba7707ef6a5a99 e5fb8dc5c9cb4a19 2901e5309bb3f8f6 59bf6d6df9146d60 acae1d29289b1266 853e36b1550c6274 6a9aa1bd93e36e66 01020d1b0821f4c7 0d0368139e9a647f 70776cdd9bb3b7d4 73391e0853c1e040 72403ecdfe02bba6 5b16bae6a0de7c88 abf90e759d208468 f58ff7f1a6cde683 64267373570e4ea3 387e9cd2e5d4ea7d 63d95d5977c2fe98 f2234bb7ce0c6f59 46b99f864d6a075a 0fbd0f422e926816 f705b637f624147e 4a5ac473c9d176ba 09660f466b38b7ba b749972436ac9791
208,6461a9faa871b3ac 976baf0e84752a68 1a8e5d6512d9e2d8 ecb768ef6fd223ca 155600e5f1221f8c 52e459a551d4ac2d 5057551fc55e9ed2 d6ed7e4b14c51296 c05f45f86d0771d5 ee3ed9a3f51336cd b0b5e62a93a2c37c da904d2a54ff8cf2 37001ade0df85823 00d9f8d3f7d412b3 af8e70f978cd5aee e7828f0ea9749505 9f27aa36c1ea793c 8df3f13d6af34cb3 a1314cd417504572 9b2adcf4041227d7 2820628e65a062e2 64907c4568244eb4 cec2eea2a1fe566a d72363ddd958d906 4483bbdd3241f11a 83f8aca6ee2caabc 5430097e23000368 7d83ffe83f61bdc4 cba7e22bb383083a 238ec735a13a3f09
209,9f3d2ca16f358290 680bb5c5c3bb6ee1 2e031d83339759b2 2e79d45ba4d1540d 90ecb28f2edb9d43 447fc00f40d71d08 128d583954b18074 d73a65673e3f1d78 d216e5458ad70e60 f2e30efbd27bee51 d63b7f083330247f 4bed80e56ea2e099 9269d2b0d877352d 6204e398d8c7f888 feddfcf56818968e fb8bd6b95eb4702a e878efab7c37179e b05b5f6850cfa158 6899956cd6c683f0 99e833818ec4bbf2 bd713b37b67866c3 8a5635c748344d47 f105a53e5cfae611 e228204ae08d1355 8699cc5dd4159b69 377c1150c781e37a cc507a0d6fcf4a1c 65ad9c583823162d a65e30106ea50423 54a11cbcd7a32af4
210,d73a65673e3f1d78 bd713b37b67866c3 81bd116c786bf9ae 54a11cbcd7a32af4 238ec735a13a3f09 5430097e23000368 db0e648651f4c92b bbbd5d2fd957e8f7 af8e70f978cd5aee 6461a9faa871b3ac 52e459a551d4ac2d ee3ed9a3f51336cd 7d83ffe83f61bdc4 49b5678e0d1e5bcd e7828f0ea9749505 5057551fc55e9ed2 c05f45f86d0771d5 d6ed7e4b14c51296 00d9f8d3f7d412b3 0220a434aa8bf029 9f27aa36c1ea793c 9b2adcf4041227d7 8df3f13d6af34cb3 37001ade0df85823 cba7e22bb383083a b0b5e62a93a2c37c da904d2a54ff8cf2 a1314cd417504572 8dedff0a79784abc 62431fd374eb99fb
211,7b81f1f2b6ec2e5f c03b11a0cdc3fa39 65254e0d209fd66e 238ec735a13a3f09 bbbd5d2fd957e8f7 7d83ffe83f61bdc4 5057551fc55e9ed2 db0e648651f4c92b 5430097e23000368 52e459a551d4ac2d ee3ed9a3f51336cd 9b2adcf4041227d7 b0b5e62a93a2c37c cba7e22bb383083a 8df3f13d6af34cb3 9f27aa36c1ea793c da904d2a54ff8cf2 a1314cd417504572 af8e70f978cd5aee 0220a434aa8bf029 e7828f0ea9749505 c05f45f86d0771d5 d6ed7e4b14c51296 6461a9faa871b3ac 37001ade0df85823 49b5678e0d1e5bcd 00d9f8d3f7d412b3 f28fb3d9880c5d4c cc861214a89ef1f4 83f8aca6ee2caabc
212,0079f3c74309b582 47fbe21f5c35c7b4 52370bea1acd0600 4d7653ea9499eed4 9a0f5ee4f845c9b2 0bcaac840d5e66d7 c28bc62802b90f82 702d8f1064ab3e30 3986b68500d7704b bbbd5d2fd957e8f7 ff88049e61f0f4ef e0269da736ddf004 bd713b37b67866c3 fd30682593995748 2a06f5614060e3b6 39f6296778264878 e25a1da6ca187350 c31a456b544a40a8 3fa57d488e979d74 e7cad3748e50b0f8 0708923badf2ff5d 734dabb98795c35c 942a7d26d81c841f bd0f175ee98c613e ae94d8435a6847f4 b6d0f83aad4e4dc7 b24820ae14e16a24 cea18be9a89d7a81 4b8c7061102517ef af8e70f978cd5aee
213,cba7e22bb383083a 2dd12c230ab22555 f28fb3d9880c5d4c 2bafd15871caae91 6e1b6b53c9710940 36d33c41812ce7dc 83f8aca6ee2caabc cc861214a89ef1f4 b8e2f75014710ced c810ac016901e8ac d64c06baf5ef1c90 d72363ddd958d906 a677c3a76055a6d2 059bbdbdb843af6a 3d93a60f990a0a7c 453bc79164d57a01 42c9b72cc77dcb28 e5fb8dc5c9cb4a19 8b7c486a910dd004 4105533fe46dfba9 0c2eeab1e4ce1db8 128d583954b18074 d73a65673e3f1d78 2e44fbb8bc3d8d71 b7d7d9ae1cbe0d8a 6cb9ab508a0678a0 9100ea6cd0e084bf bd0f175ee98c613e 1f4f62844c3cb99c 2820628e65a062e2
214,128d583954b18074 d73a65673e3f1d78 5a1149fbcbd37376 dac29ed8400b50cc ee3ed9a3f51336cd 50ba507a268872e1 65708d542bd01f39 99e833818ec4bbf2 a65e30106ea50423 65ad9c583823162d dc12cc503ac0eddb 0647acc4602d4e8f 87c5481930cfe126 01b3da54ffb158a0 fa173131f15f5534 0772e3ab293a1f30 455fde214d16d350 a5d5ba33b5b1dc95 aa0789b403bcd839 88b62355670ec8f8 e6a29676c096f8e8 43b3338423d7386c 4d32dae7b43c489a 3e8e56f639a5db5b 29968e8fd13539f8 f209d29f991432f0 d7d937303a6d5a9d f49e13a653cbdad2 061f3e1feeaa3094 01e5a6edcee7deb0
215,128d583954b18074 d73a65673e3f1d78 7e4a4a1300b77a06 3d93a60f990a0a7c ae77487a89f2610c 5430097e23000368 a1314cd417504572 9f27aa36c1ea793c db0e648651f4c92b 52e459a551d4ac2d 238ec735a13a3f09 ee3ed9a3f51336cd 6461a9faa871b3ac 49b5678e0d1e5bcd 9b2adcf4041227d7 e7828f0ea9749505 d6ed7e4b14c51296 c05f45f86d0771d5 00d9f8d3f7d412b3 0220a434aa8bf029 af8e70f978cd5aee bbbd5d2fd957e8f7 7d83ffe83f61bdc4 5057551fc55e9ed2 8df3f13d6af34cb3 cba7e22bb383083a b0b5e62a93a2c37c 37001ade0df85823 da904d2a54ff8cf2 8b7c486a910dd004
216,4dba7ce835494a63 5d26da95786b3a3a e878efab7c37179e e228204ae08d1355 95ecdbff44ad0b60 8566d15270eb5e83 8e0760918e88e4a9 9269d2b0d877352d bf973f9ec3600199 877672967d3f70bb 26140b225c4f8d3f 828f5dfbbf1272ee a860b682add9de1c c36c2dce0e6e434f e740c80fce094788 cb3e4ce97e7f2881 95d25d38ba7df9c7 a492bd402afd5c71 133b04350c75770b 4d7653ea9499eed4 e1460af4a7044067 4b05967001421eab fb2ebcb5335ad2e2 366a22fce0614fb8 0688c790d5806540 ebfda3b48083e390 58654e3143c6550b af41e2b6da3e7e02 d16da1fb61813db9 587e0b2a4811fab1
217,b7d7d9ae1cbe0d8a 27a12f29dceccdbd cba7e22bb383083a 2bafd15871caae91 b8e2f75014710ced f28fb3d9880c5d4c 6e1b6b53c9710940 cc861214a89ef1f4 2dd12c230ab22555 a677c3a76055a6d2 d64c06baf5ef1c90 d72363ddd958d906 c810ac016901e8ac 36d33c41812ce7dc 83f8aca6ee2caabc 059bbdbdb843af6a e5fb8dc5c9cb4a19 3d93a60f990a0a7c 453bc79164d57a01 42c9b72cc77dcb28 0c2eeab1e4ce1db8 4105533fe46dfba9 8b7c486a910dd004 c05f45f86d0771d5 da904d2a54ff8cf2 d6ed7e4b14c51296 49b5678e0d1e5bcd b0b5e62a93a2c37c 9f27aa36c1ea793c 8df3f13d6af34cb3
218,095bb1b6ecbd0a50 bb7515be835dea49 f58ff7f1a6cde683 a04d6febd82a4389 01020d1b0821f4c7 54f55c74d37db3c0 73391e0853c1e040 ec4ef2f727e7a03f d5805cdb9e8f0f48 0b0021aa60d05daa 393f49286db04aeb 828f5dfbbf1272ee 877672967d3f70bb 33856365c271aea4 65708d542bd01f39 8566d15270eb5e83 a292248bb2bffb3d 9269d2b0d877352d 46b99f864d6a075a 0647acc4602d4e8f d63b7f083330247f a860b682add9de1c 40583079f57235a6 8699cc5dd4159b69 fb8bd6b95eb4702a b6cdb608f640e038 99e833818ec4bbf2 6899956cd6c683f0 bd713b37b67866c3 b05b5f6850cfa158
219,2e44fbb8bc3d8d71 351c9da399c2b915 42c9b72cc77dcb28 0c2eeab1e4ce1db8 fc8971756f9ec194 120e745e2961b5d5 a677c3a76055a6d2 f28fb3d9880c5d4c 37001ade0df85823 b0b5e62a93a2c37c 7b81f1f2b6ec2e5f 65254e0d209fd66e 26fc2a95df5659c2 c28bc62802b90f82 316382267dcd804f e5fb8dc5c9cb4a19 9100ea6cd0e084bf 1f4f62844c3cb99c bd0f175ee98c613e c03b11a0cdc3fa39 bed3e73d52011f68 8f578001f9d5f543 c6b615b2589e036d 430feb4826a5632e 8faeacf8ca08f62d de35d2410e916471 f46601a9955f9949 a04d6febd82a4389 8fc68213b63951dc a5f55580081236f4
220,00d9eb862ba3dfc6 d73a65673e3f1d78 07d688f5e2142b87 a18df74d3a16e9c0 538c7bb968b2154c f29eee8054c061e1 b26d8664feb18c8c acf5cb026b3c4551 97d696011258825c d3c4a7db726191e0 a2805ed52b47b8ec 73f770f2643a2135 ce0f56b7190c268a eff60ceea8817dad 0195950ce0f47e34 01ecc81f6341e902 da904d2a54ff8cf2 49b5678e0d1e5bcd b0b5e62a93a2c37c 7d83ffe83f61bdc4 cba7e22bb383083a d6ed7e4b14c51296 5430097e23000368 6461a9faa871b3ac db0e648651f4c92b 9f27aa36c1ea793c 8df3f13d6af34cb3 37001ade0df85823 ee3ed9a3f51336cd af8e70f978cd5aee
221,64907c4568244eb4 537a55eda51a3f60 e36475c1af5ea3ab f05fa5f57dc03e81 00958a140c3a6de8 7c9248ed6224aa26 0cd920bad11c716d 70776cdd9bb3b7d4 d64c7c3b658689f4 b50b4e27b03c7b37 50ba507a268872e1 025a148c3a53bd9f 00ff646ca6637bd7 2b48ab08c915c0ad 0b774cf90856c4da 451e7ba901ad661d 120e745e2961b5d5 fd30682593995748 a84cd36608cb8665 9d5edf3b993fee50 26f72a4eb15ea8c0 190ab585fd379f0f fc8971756f9ec194 b78189788d563693 ffa9091747ae2466 27888817db122597 0eafda717681bbdc 46315cf30aaee51c 20d283a232dfd13c acae1d29289b1266
222,00d9f8d3f7d412b3 7d83ffe83f61bdc4 da904d2a54ff8cf2 e7828f0ea9749505 6461a9faa871b3ac 52e459a551d4ac2d bbbd5d2fd957e8f7 238ec735a13a3f09 ee3ed9a3f51336cd 5430097e23000368 cba7e22bb383083a 5057551fc55e9ed2 0220a434aa8bf029 b0b5e62a93a2c37c 8df3f13d6af34cb3 c05f45f86d0771d5 49b5678e0d1e5bcd d6ed7e4b14c51296 db0e648651f4c92b 9f27aa36c1ea793c af8e70f978cd5aee a1314cd417504572 37001ade0df85823 9b2adcf4041227d7 4483bbdd3241f11a 898a4921ab9f4cce b8e2f75014710ced 2dd12c230ab22555 cec2eea2a1fe566a 976baf0e84752a68
223,63d509cd2a2e0e47 07be6a290720707d e8ad5e31484ef889 1398b478b71773ed 0079f3c74309b582 52370bea1acd0600 9a0f5ee4f845c9b2 0bcaac840d5e66d7 c28bc62802b90f82 702d8f1064ab3e30 3986b68500d7704b 3fa57d488e979d74 ff88049e61f0f4ef e0269da736ddf004 bd713b37b67866c3 fd30682593995748 2a06f5614060e3b6 39f6296778264878 e25a1da6ca187350 c31a456b544a40a8 4d7653ea9499eed4 0708923badf2ff5d 734dabb98795c35c 942a7d26d81c841f bd0f175ee98c613e ae94d8435a6847f4 b6d0f83aad4e4dc7 b24820ae14e16a24 622f2e4119882c94 4b8c7061102517ef
224,d63b7f083330247f 238ec735a13a3f09 ee3ed9a3f51336cd 52e459a551d4ac2d 7d83ffe83f61bdc4 5057551fc55e9ed2 db0e648651f4c92b 5430097e23000368 bbbd5d2fd957e8f7 af8e70f978cd5aee 49b5678e0d1e5bcd 6461a9faa871b3ac c05f45f86d0771d5 d6ed7e4b14c51296 e7828f0ea9749505 0220a434aa8bf029 9f27aa36c1ea793c 37001ade0df85823 9b2adcf4041227d7 8df3f13d6af34cb3 a1314cd417504572 cba7e22bb383083a b0b5e62a93a2c37c da904d2a54ff8cf2 00d9f8d3f7d412b3 128d583954b18074 d73a65673e3f1d78 2bafd15871caae91 2dd12c230ab22555 f28fb3d9880c5d4c
225,af8e70f978cd5aee 6461a9faa871b3ac cc861214a89ef1f4 976baf0e84752a68 1a8e5d6512d9e2d8 4105533fe46dfba9 ecb768ef6fd223ca 4b8c7061102517ef 059bbdbdb843af6a 155600e5f1221f8c 2820628e65a062e2 fab14d178b24a67f bd9cd6b87a4fe0ce 5c4b7558c942a224 128d583954b18074 d73a65673e3f1d78 190ab585fd379f0f 5057551fc55e9ed2 52e459a551d4ac2d 238ec735a13a3f09 5430097e23000368 49b5678e0d1e5bcd c05f45f86d0771d5 00d9f8d3f7d412b3 7d83ffe83f61bdc4 d6ed7e4b14c51296 da904d2a54ff8cf2 cba7e22bb383083a db0e648651f4c92b 9f27aa36c1ea793c
226,9f27aa36c1ea793c 61ba7707ef6a5a99 e5fb8dc5c9cb4a19 5430097e23000368 b0b5e62a93a2c37c e7828f0ea9749505 c05f45f86d0771d5 00d9f8d3f7d412b3 d6ed7e4b14c51296 0220a434aa8bf029 49b5678e0d1e5bcd 6461a9faa871b3ac af8e70f978cd5aee a1314cd417504572 cba7e22bb383083a 8df3f13d6af34cb3 37001ade0df85823 9b2adcf4041227d7 da904d2a54ff8cf2 bbbd5d2fd957e8f7 ee3ed9a3f51336cd 7d83ffe83f61bdc4 5057551fc55e9ed2 db0e648651f4c92b 238ec735a13a3f09 52e459a551d4ac2d b8e2f75014710ced cec2eea2a1fe566a 36d33c41812ce7dc 4483bbdd3241f11a
227,238ec735a13a3f09 52e459a551d4ac2d 5430097e23000368 ee3ed9a3f51336cd 6461a9faa871b3ac af8e70f978cd5aee bbbd5d2fd957e8f7 db0e648651f4c92b 7d83ffe83f61bdc4 5057551fc55e9ed2 49b5678e0d1e5bcd a1314cd417504572 cba7e22bb383083a b0b5e62a93a2c37c da904d2a54ff8cf2 8df3f13d6af34cb3 00d9f8d3f7d412b3 9f27aa36c1ea793c 37001ade0df85823 9b2adcf4041227d7 c05f45f86d0771d5 d6ed7e4b14c51296 e7828f0ea9749505 0220a434aa8bf029 cc861214a89ef1f4 83f8aca6ee2caabc 7e4a4a1300b77a06 c810ac016901e8ac f28fb3d9880c5d4c 36d33c41812ce7dc
228,10ad13170242ecae 5d26da95786b3a3a 5ebb4d2f5f1c1f13 9269d2b0d877352d 8e0760918e88e4a9 8566d15270eb5e83 95ecdbff44ad0b60 e878efab7c37179e e228204ae08d1355 a860b682add9de1c 828f5dfbbf1272ee 26140b225c4f8d3f bf973f9ec3600199 877672967d3f70bb 2394b08708475900 98dbd15aa33ebc18 e1460af4a7044067 4d7653ea9499eed4 366a22fce0614fb8 c36c2dce0e6e434f e740c80fce094788 95d25d38ba7df9c7 4b05967001421eab 133b04350c75770b a492bd402afd5c71 cb3e4ce97e7f2881 fb2ebcb5335ad2e2 106204cd0e07e1b2 1d0f5fdc58e3efb5 dc17b07476183764
229,9269d2b0d877352d d16da1fb61813db9 316382267dcd804f c28bc62802b90f82 26fc2a95df5659c2 2e44fbb8bc3d8d71 e5fb8dc5c9cb4a19 8566d15270eb5e83 26140b225c4f8d3f 95ecdbff44ad0b60 5d26da95786b3a3a e228204ae08d1355 8e0760918e88e4a9 e878efab7c37179e bf973f9ec3600199 a860b682add9de1c 877672967d3f70bb 828f5dfbbf1272ee 74244a8703c03720 18b1d2d84c97a364 bc27d5dc9bab1c18 27a12f29dceccdbd 025a148c3a53bd9f 016da874bd04df55 39f6296778264878 fab14d178b24a67f 5570ef88d970e9b4 fc8971756f9ec194 e740c80fce094788 133b04350c75770b
230,128d583954b18074 d73a65673e3f1d78 db0e648651f4c92b 238ec735a13a3f09 49b5678e0d1e5bcd 5430097e23000368 ee3ed9a3f51336cd 52e459a551d4ac2d af8e70f978cd5aee bbbd5d2fd957e8f7 da904d2a54ff8cf2 b0b5e62a93a2c37c a1314cd417504572 9b2adcf4041227d7 9f27aa36c1ea793c 37001ade0df85823 e7828f0ea9749505 00d9f8d3f7d412b3 d6ed7e4b14c51296 c05f45f86d0771d5 5057551fc55e9ed2 0220a434aa8bf029 7d83ffe83f61bdc4 6461a9faa871b3ac 8df3f13d6af34cb3 cba7e22bb383083a b8e2f75014710ced 2dd12c230ab22555 898a4921ab9f4cce 4483bbdd3241f11a
231,128d583954b18074 d73a65673e3f1d78 47fbe21f5c35c7b4 52370bea1acd0600 4d7653ea9499eed4 9a0f5ee4f845c9b2 0bcaac840d5e66d7 c28bc62802b90f82 702d8f1064ab3e30 3986b68500d7704b c31a456b544a40a8 ff88049e61f0f4ef e0269da736ddf004 bd713b37b67866c3 fd30682593995748 2a06f5614060e3b6 39f6296778264878 e25a1da6ca187350 3fa57d488e979d74 e7cad3748e50b0f8 0708923badf2ff5d 734dabb98795c35c 942a7d26d81c841f bd0f175ee98c613e ae94d8435a6847f4 b6d0f83aad4e4dc7 b24820ae14e16a24 bbbd5d2fd957e8f7 4b8c7061102517ef af8e70f978cd5aee
232,4b8c7061102517ef af8e70f978cd5aee fab14d178b24a67f cc861214a89ef1f4 74e59c5820900b17 c08c3765ac609cc0 44d324ebd3e22ad7 05f23e7d05dbf7c2 2359719a0f40ffac 4105533fe46dfba9 059bbdbdb843af6a 54f55c74d37db3c0 4d417b203b333363 dac29ed8400b50cc 0d0368139e9a647f e14a893f1918277e a9eef13786610446 42a5cae2a3a45557 ffc688c4c1c2a068 5b34da30b93eb123 4a5ac473c9d176ba 2810fb6f81d1711c 65fac1ba1840000f f705b637f624147e e7cad3748e50b0f8 00140806971e7a73 0fbd0f422e926816 f2234bb7ce0c6f59 b749972436ac9791 8d58da0e1800dc96
233,72403ecdfe02bba6 f58ff7f1a6cde683 e14a893f1918277e db7342eff9200020 e7cad3748e50b0f8 b6d0f83aad4e4dc7 8dc313a2cf9da354 ffc688c4c1c2a068 0fbd0f422e926816 a017f3358d5327aa e878efab7c37179e 9269d2b0d877352d 8e0760918e88e4a9 26140b225c4f8d3f bf973f9ec3600199 8566d15270eb5e83 a860b682add9de1c e228204ae08d1355 828f5dfbbf1272ee 95ecdbff44ad0b60 5d26da95786b3a3a 877672967d3f70bb e740c80fce094788 133b04350c75770b 4b05967001421eab e1460af4a7044067 366a22fce0614fb8 fb2ebcb5335ad2e2 4d7653ea9499eed4 a492bd402afd5c71
234,26f72a4eb15ea8c0 52e459a551d4ac2d 5057551fc55e9ed2 ee3ed9a3f51336cd af8e70f978cd5aee a1314cd417504572 b0b5e62a93a2c37c 6461a9faa871b3ac 00d9f8d3f7d412b3 9b2adcf4041227d7 37001ade0df85823 9f27aa36c1ea793c d6ed7e4b14c51296 c05f45f86d0771d5 e7828f0ea9749505 da904d2a54ff8cf2 8df3f13d6af34cb3 d72363ddd958d906 83f8aca6ee2caabc cec2eea2a1fe566a 4483bbdd3241f11a 61ba7707ef6a5a99 453bc79164d57a01 22e8d6734e4121ae 8b7c486a910dd004 0cd920bad11c716d b50b4e27b03c7b37 059bbdbdb843af6a 4c0eee2c1a5e76e2 238ec735a13a3f09
235,6899956cd6c683f0 ca43e349133fc0e3 72b80b099fd64ec4 b05b5f6850cfa158 19e8f436d4b2fc25 5547f9f1638ac345 92f42fbd0c38f7fd cc0c9419f8a20603 2cebd52b41930f0a 43c354dbf952caaa 7f95168400948588 0add47a043c64d7f f25bfcffedaccf28 45bd99d5d2eef776 16b11706660177ff 52aa48c07b34dc88 01020d1b0821f4c7 1d72229ebcc00faf b84b6c0b2e4d0306 9b2adcf4041227d7 00d9f8d3f7d412b3 ee3ed9a3f51336cd da904d2a54ff8cf2 49b5678e0d1e5bcd b0b5e62a93a2c37c cba7e22bb383083a af8e70f978cd5aee 5430097e23000368 bbbd5d2fd957e8f7 d6ed7e4b14c51296
236,dc17b07476183764 d16da1fb61813db9 50806199c80e215c e228204ae08d1355 8e0760918e88e4a9 e878efab7c37179e a860b682add9de1c 9269d2b0d877352d bf973f9ec3600199 95ecdbff44ad0b60 8566d15270eb5e83 877672967d3f70bb 828f5dfbbf1272ee 5d26da95786b3a3a 26140b225c4f8d3f 4b05967001421eab 366a22fce0614fb8 4d7653ea9499eed4 fb2ebcb5335ad2e2 cb3e4ce97e7f2881 a492bd402afd5c71 e1460af4a7044067 c36c2dce0e6e434f 95d25d38ba7df9c7 e740c80fce094788 133b04350c75770b af41e2b6da3e7e02 a0b1f4dd32f3e278 939a1f686ea36c05 d980375fbd40c75f
237,29bedd00fb2be056 455fde214d16d350 33856365c271aea4 5989fb934598c1a7 07f22a7ad7e4711d 25a3b47fe31bc6b5 ddb3810e0289c148 387e9cd2e5d4ea7d ebfda3b48083e390 42c9b72cc77dcb28 025a148c3a53bd9f c5830f9d0f1e29e5 7155e5a86136eb02 65708d542bd01f39 57113c2a4cacd961 4d954d933e606b70 095bb1b6ecbd0a50 8643165b0f53df11 3ca7964973437917 eff60ceea8817dad 1f423f368aebf7f3 26fc2a95df5659c2 855f2f0354e102c7 63d95d5977c2fe98 7ee52d2519eea367 44d324ebd3e22ad7 1398b478b71773ed 4d417b203b333363 587e0b2a4811fab1 b6a1c97f19af78d0
238,bd713b37b67866c3 81bd116c786bf9ae 54a11cbcd7a32af4 cba7e22bb383083a 0e45c4c185f35df6 5897953fdf87b60f b9d966ad9e04127a 522bd6887960c25d 395b26d91f98bd92 8dedff0a79784abc 3c565c1fc2316d16 4f915ad69e1dca36 64b31699d7d15934 50cb6a6c60ad711a 24c47959ea77b15b 62431fd374eb99fb 81b639b74256b45b f1a3b8b13e9401c0 9fda36f260eec24e 2bafd15871caae91 a677c3a76055a6d2 2dd12c230ab22555 b8e2f75014710ced d72363ddd958d906 6e1b6b53c9710940 c810ac016901e8ac d64c06baf5ef1c90 83f8aca6ee2caabc cc861214a89ef1f4 f28fb3d9880c5d4c
239,128d583954b18074 d73a65673e3f1d78 47fbe21f5c35c7b4 52370bea1acd0600 4d7653ea9499eed4 9a0f5ee4f845c9b2 0bcaac840d5e66d7 c28bc62802b90f82 702d8f1064ab3e30 3986b68500d7704b c31a456b544a40a8 ff88049e61f0f4ef e0269da736ddf004 bd713b37b67866c3 fd30682593995748 2a06f5614060e3b6 39f6296778264878 e25a1da6ca187350 3fa57d488e979d74 e7cad3748e50b0f8 0708923badf2ff5d 734dabb98795c35c 942a7d26d81c841f bd0f175ee98c613e ae94d8435a6847f4 b6d0f83aad4e4dc7 b24820ae14e16a24 bbbd5d2fd957e8f7 4b8c7061102517ef af8e70f978cd5aee
240,898a4921ab9f4cce cba7e22bb383083a b8e2f75014710ced 2bafd15871caae91 d72363ddd958d906 a677c3a76055a6d2 d64c06baf5ef1c90 36d33c41812ce7dc cc861214a89ef1f4 83f8aca6ee2caabc 2dd12c230ab22555 f28fb3d9880c5d4c 6e1b6b53c9710940 c810ac016901e8ac 059bbdbdb843af6a 3d93a60f990a0a7c 453bc79164d57a01 e5fb8dc5c9cb4a19 42c9b72cc77dcb28 8b7c486a910dd004 0c2eeab1e4ce1db8 4105533fe46dfba9 2e44fbb8bc3d8d71 2820628e65a062e2 6cb9ab508a0678a0 1f4f62844c3cb99c b7d7d9ae1cbe0d8a 9100ea6cd0e084bf bd0f175ee98c613e da904d2a54ff8cf2
241,fab14d178b24a67f cc861214a89ef1f4 059bbdbdb843af6a 4105533fe46dfba9 64907c4568244eb4 e36475c1af5ea3ab f05fa5f57dc03e81 4b8c7061102517ef 537a55eda51a3f60 00958a140c3a6de8 af8e70f978cd5aee 2e44fbb8bc3d8d71 6cb9ab508a0678a0 b7d7d9ae1cbe0d8a 9100ea6cd0e084bf 2820628e65a062e2 1f4f62844c3cb99c bd0f175ee98c613e 5570ef88d970e9b4 f9c6286cff30aaa8 26fc2a95df5659c2 316382267dcd804f db7342eff9200020 fc8971756f9ec194 04fda7c9d8971ec0 bc27d5dc9bab1c18 27a12f29dceccdbd c03b11a0cdc3fa39 cba7e22bb383083a 74244a8703c03720
242,6a3919ad9ed8197e feddfcf56818968e 0bcaac840d5e66d7 b24820ae14e16a24 964a50d33717c26d 96445bec1579ec97 781f4d0147aef776 9fbffc521da97c54 ced9c56f2be86774 5867d40811c0229f 52370bea1acd0600 9a0f5ee4f845c9b2 c28bc62802b90f82 702d8f1064ab3e30 3986b68500d7704b 3fa57d488e979d74 ff88049e61f0f4ef e0269da736ddf004 bd713b37b67866c3 fd30682593995748 2a06f5614060e3b6 39f6296778264878 4d7653ea9499eed4 734dabb98795c35c 942a7d26d81c841f bd0f175ee98c613e ae94d8435a6847f4 b6d0f83aad4e4dc7 622f2e4119882c94 4b8c7061102517ef
243,d73a65673e3f1d78 128d583954b18074 d216e5458ad70e60 fb8bd6b95eb4702a d63b7f083330247f 8a5635c748344d47 013030fd7d29bf3d 8bf446c0455e3c5c 3ca7964973437917 c96049ed915ced0a d5952b2e031c4e7e 1d12acf7349196b0 60a070db9f1869b5 e8684734f2e587bd b6e646c13d0753ae 1fe79c7de59ff6c6 da7d3c2d591c4295 e8b87ed7db1bcb1f e25a1da6ca187350 c1f2e3a76d388944 e403278468d84383 ba5199dba342af68 ca4de5b8a7bda9df 3c0873ce078d332b 1dc7139adba034ec 83b911ff0ff45844 d1e21234d7cc61d2 c05f45f86d0771d5 9f27aa36c1ea793c d6ed7e4b14c51296
244,b0b5e62a93a2c37c 37001ade0df85823 a677c3a76055a6d2 f28fb3d9880c5d4c 42c9b72cc77dcb28 0c2eeab1e4ce1db8 52e459a551d4ac2d c05f45f86d0771d5 5057551fc55e9ed2 da904d2a54ff8cf2 d6ed7e4b14c51296 7d83ffe83f61bdc4 db0e648651f4c92b 238ec735a13a3f09 49b5678e0d1e5bcd cba7e22bb383083a 9f27aa36c1ea793c 6461a9faa871b3ac 8df3f13d6af34cb3 ee3ed9a3f51336cd af8e70f978cd5aee bbbd5d2fd957e8f7 9b2adcf4041227d7 5430097e23000368 00d9f8d3f7d412b3 0220a434aa8bf029 a1314cd417504572 e7828f0ea9749505 976baf0e84752a68 4483bbdd3241f11a
245,4bed80e56ea2e099 46b99f864d6a075a 74244a8703c03720 447fc00f40d71d08 29968e8fd13539f8 6204e398d8c7f888 bfb8032f2183d471 128d583954b18074 72c2a95813ea72bd 4535ce2e3dced00f 4577ae048ef1967d b2ee9eea2d974c90 2e4b00c01d58e79e bee46c54461925d0 83f8f2fc471cad74 680bb5c5c3bb6ee1 d73a65673e3f1d78 7c98dedd223b36c0 419b5dc40744fb9b 57113c2a4cacd961 050544c040f46152 8643165b0f53df11 0195950ce0f47e34 fd30682593995748 bd713b37b67866c3 bd0f175ee98c613e e0269da736ddf004 ff88049e61f0f4ef 3fa57d488e979d74 b6d0f83aad4e4dc7
246,d216e5458ad70e60 d63b7f083330247f fb8bd6b95eb4702a 8a5635c748344d47 3ca7964973437917 8bf446c0455e3c5c 60a070db9f1869b5 1d12acf7349196b0 d5952b2e031c4e7e e8684734f2e587bd b6e646c13d0753ae da7d3c2d591c4295 9f27aa36c1ea793c 6461a9faa871b3ac b0b5e62a93a2c37c 52e459a551d4ac2d e7828f0ea9749505 af8e70f978cd5aee 9b2adcf4041227d7 bbbd5d2fd957e8f7 37001ade0df85823 8df3f13d6af34cb3 cba7e22bb383083a db0e648651f4c92b 0220a434aa8bf029 238ec735a13a3f09 ee3ed9a3f51336cd 5057551fc55e9ed2 49b5678e0d1e5bcd 00d9f8d3f7d412b3
247,128d583954b18074 d73a65673e3f1d78 64b31699d7d15934 6cb9ab508a0678a0 0db6584e3bdfa1c4 81bd116c786bf9ae bd713b37b67866c3 54a11cbcd7a32af4 0e45c4c185f35df6 50cb6a6c60ad711a 522bd6887960c25d 3c565c1fc2316d16 4f915ad69e1dca36 81b639b74256b45b f1a3b8b13e9401c0 395b26d91f98bd92 9fda36f260eec24e b9d966ad9e04127a 62431fd374eb99fb 24c47959ea77b15b 5897953fdf87b60f 8dedff0a79784abc 52370bea1acd0600 0f4c71d341e2d939 4b29fc21f912754d f48d0fbea7dc2782 c015590d6a6fe833 cea18be9a89d7a81 28a2067685cb3e97 59c231f8fd21260c
248,e1460af4a7044067 9269d2b0d877352d 877672967d3f70bb bf973f9ec3600199 8566d15270eb5e83 a860b682add9de1c 828f5dfbbf1272ee 95d25d38ba7df9c7 e740c80fce094788 fb2ebcb5335ad2e2 4b05967001421eab 96e82fa141db9a4b d16da1fb61813db9 eab15ee21e126f6a 26140b225c4f8d3f 8e0760918e88e4a9 e878efab7c37179e e228204ae08d1355 95ecdbff44ad0b60 5d26da95786b3a3a a1314cd417504572 9b2adcf4041227d7 b0b5e62a93a2c37c 52e459a551d4ac2d 238ec735a13a3f09 e7828f0ea9749505 d6ed7e4b14c51296 00d9f8d3f7d412b3 0220a434aa8bf029 c05f45f86d0771d5
249,238ec735a13a3f09 b0b5e62a93a2c37c 8df3f13d6af34cb3 52e459a551d4ac2d da904d2a54ff8cf2 cba7e22bb383083a ee3ed9a3f51336cd c05f45f86d0771d5 5057551fc55e9ed2 6461a9faa871b3ac e7828f0ea9749505 9f27aa36c1ea793c af8e70f978cd5aee a1314cd417504572 d6ed7e4b14c51296 49b5678e0d1e5bcd 37001ade0df85823 bbbd5d2fd957e8f7 0220a434aa8bf029 5430097e23000368 7d83ffe83f61bdc4 00d9f8d3f7d412b3 db0e648651f4c92b 9b2adcf4041227d7 cec2eea2a1fe566a 7e4a4a1300b77a06 898a4921ab9f4cce 2bafd15871caae91 c810ac016901e8ac 4483bbdd3241f11a
250,7ee52d2519eea367 20db73cf07a45f71 9fda36f260eec24e 95d25d38ba7df9c7 b6a1c97f19af78d0 05e4165a56bf50eb 42bb83d7c4b9ecae 3986b68500d7704b 00e1e2eb13f650e4 128d583954b18074 d73a65673e3f1d78 0079f3c74309b582 9a0f5ee4f845c9b2 0bcaac840d5e66d7 c28bc62802b90f82 702d8f1064ab3e30 3fa57d488e979d74 4d7653ea9499eed4 e0269da736ddf004 bd713b37b67866c3 fd30682593995748 2a06f5614060e3b6 39f6296778264878 c31a456b544a40a8 ff88049e61f0f4ef 734dabb98795c35c bd0f175ee98c613e ae94d8435a6847f4 b6d0f83aad4e4dc7 b24820ae14e16a24
251,781f4d0147aef776 feddfcf56818968e 6a3919ad9ed8197e 0bcaac840d5e66d7 b24820ae14e16a24 964a50d33717c26d 96445bec1579ec97 9fbffc521da97c54 ced9c56f2be86774 5867d40811c0229f 128d583954b18074 d73a65673e3f1d78 bbbd5d2fd957e8f7 db0e648651f4c92b ee3ed9a3f51336cd 238ec735a13a3f09 5057551fc55e9ed2 49b5678e0d1e5bcd b0b5e62a93a2c37c c05f45f86d0771d5 9b2adcf4041227d7 37001ade0df85823 00d9f8d3f7d412b3 9f27aa36c1ea793c 0220a434aa8bf029 e7828f0ea9749505 d6ed7e4b14c51296 52e459a551d4ac2d 5430097e23000368 7d83ffe83f61bdc4
252,72c2a95813ea72bd 128d583954b18074 d73a65673e3f1d78 ec4ef2f727e7a03f 54f55c74d37db3c0 01020d1b0821f4c7 f58ff7f1a6cde683 73391e0853c1e040 095bb1b6ecbd0a50 0b0021aa60d05daa d5805cdb9e8f0f48 bb7515be835dea49 a04d6febd82a4389 bf973f9ec3600199 19e8f436d4b2fc25 877672967d3f70bb 4fe9e4e55585ba4b 54a11cbcd7a32af4 8699cc5dd4159b69 33856365c271aea4 65708d542bd01f39 393f49286db04aeb 8566d15270eb5e83 0647acc4602d4e8f 9269d2b0d877352d a860b682add9de1c dc12cc503ac0eddb 6899956cd6c683f0 b05b5f6850cfa158 b6cdb608f640e038
253,520ec719078be07c 377c1150c781e37a 77e2f7da1f9d3a8f 5dd752753760ced8 e0269da736ddf004 855f2f0354e102c7 b1dcaca98bb76736 edc79e57b20e9036 47fbe21f5c35c7b4 39075e303166355e 430feb4826a5632e 047769588be1aea9 bf3ccaba4a3450a8 65fac1ba1840000f ae94d8435a6847f4 39f6296778264878 4a5ac473c9d176ba 5570ef88d970e9b4 f705b637f624147e da011b87595c1019 351c9da399c2b915 5897953fdf87b60f 81b639b74256b45b 522bd6887960c25d b9d966ad9e04127a 5c4b7558c942a224 3b6d27775fce1c7b ddf332f2b55a2a23 28a2067685cb3e97 4b29fc21f912754d
254,354d7a327bbcc152 6cb9ab508a0678a0 00af886180e9eaec 00ff646ca6637bd7 9a439fd1abf95245 128d583954b18074 d73a65673e3f1d78 00d9f8d3f7d412b3 ee3ed9a3f51336cd 37001ade0df85823 238ec735a13a3f09 da904d2a54ff8cf2 d6ed7e4b14c51296 52e459a551d4ac2d 5057551fc55e9ed2 c05f45f86d0771d5 b0b5e62a93a2c37c 7d83ffe83f61bdc4 8df3f13d6af34cb3 6461a9faa871b3ac 9b2adcf4041227d7 9f27aa36c1ea793c bbbd5d2fd957e8f7 0220a434aa8bf029 af8e70f978cd5aee e7828f0ea9749505 a1314cd417504572 5430097e23000368 49b5678e0d1e5bcd db0e648651f4c92b
255,0a79fabc6f5d93c9 4fe9e4e55585ba4b 8699cc5dd4159b69 27bc34b9887bec0d 7155e5a86136eb02 3cb6b40d377e7ca8 e22c35101e190db9 25145708d494530b 03dfe518713e006c 3d6880bd12f6613f ec1b3d7ccd3984d0 48f93f9c2c699e19 45630e1451157ff3 09bbaa171c20bae3 34a62e66e05f9a44 db0e648651f4c92b ee3ed9a3f51336cd 5430097e23000368 af8e70f978cd5aee c05f45f86d0771d5 37001ade0df85823 9b2adcf4041227d7 00d9f8d3f7d412b3 e7828f0ea9749505 cba7e22bb383083a 52e459a551d4ac2d 6461a9faa871b3ac bbbd5d2fd957e8f7 49b5678e0d1e5bcd 8df3f13d6af34cb3
256,f49e13a653cbdad2 65ad9c583823162d 65708d542bd01f39 a65e30106ea50423 dc12cc503ac0eddb 87c5481930cfe126 99e833818ec4bbf2 0647acc4602d4e8f fa173131f15f5534 0772e3ab293a1f30 455fde214d16d350 01b3da54ffb158a0 a5d5ba33b5b1dc95 aa0789b403bcd839 e6a29676c096f8e8 88b62355670ec8f8 4d32dae7b43c489a 43b3338423d7386c 3e8e56f639a5db5b f209d29f991432f0 d7d937303a6d5a9d 29968e8fd13539f8 061f3e1feeaa3094 01e5a6edcee7deb0 1c3b74a02a86467d 95166957b2c38794 1efd7bd8a34a1359 bc2ae5f4e5d53e00 22756be6fd061d4c 4e966bb2768c2b8a
257,01104a026d22ae55 00d9f8d3f7d412b3 00958a140c3a6de8 4c0eee2c1a5e76e2 26f72a4eb15ea8c0 c05f45f86d0771d5 da904d2a54ff8cf2 5057551fc55e9ed2 52e459a551d4ac2d b0b5e62a93a2c37c 238ec735a13a3f09 d6ed7e4b14c51296 7d83ffe83f61bdc4 5430097e23000368 e7828f0ea9749505 db0e648651f4c92b 9b2adcf4041227d7 bbbd5d2fd957e8f7 af8e70f978cd5aee ee3ed9a3f51336cd 37001ade0df85823 49b5678e0d1e5bcd 8df3f13d6af34cb3 6461a9faa871b3ac 9f27aa36c1ea793c a1314cd417504572 cba7e22bb383083a 0220a434aa8bf029 a677c3a76055a6d2 2bafd15871caae91
258,9f27aa36c1ea793c d63b7f083330247f d216e5458ad70e60 fb8bd6b95eb4702a 8a5635c748344d47 8bf446c0455e3c5c 3ca7964973437917 e5fb8dc5c9cb4a19 61ba7707ef6a5a99 b6e646c13d0753ae e8684734f2e587bd d5952b2e031c4e7e 1d12acf7349196b0 60a070db9f1869b5 da7d3c2d591c4295 64b31699d7d15934 0db6584e3bdfa1c4 bbbd5d2fd957e8f7 6461a9faa871b3ac db0e648651f4c92b 5430097e23000368 238ec735a13a3f09 52e459a551d4ac2d ee3ed9a3f51336cd da904d2a54ff8cf2 d6ed7e4b14c51296 c05f45f86d0771d5 00d9f8d3f7d412b3 49b5678e0d1e5bcd 5057551fc55e9ed2
259,9269d2b0d877352d a860b682add9de1c 828f5dfbbf1272ee 8566d15270eb5e83 877672967d3f70bb bf973f9ec3600199 95d25d38ba7df9c7 fb2ebcb5335ad2e2 4b05967001421eab e1460af4a7044067 e740c80fce094788 96e82fa141db9a4b d16da1fb61813db9 eab15ee21e126f6a 95ecdbff44ad0b60 8e0760918e88e4a9 e878efab7c37179e 5d26da95786b3a3a e228204ae08d1355 26140b225c4f8d3f cb3e4ce97e7f2881 a492bd402afd5c71 366a22fce0614fb8 133b04350c75770b 4d7653ea9499eed4 c36c2dce0e6e434f 5ebb4d2f5f1c1f13 de8e1345e8c305c4 af41e2b6da3e7e02 b1e47da7659b675c
260,898a4921ab9f4cce 54f55c74d37db3c0 74e59c5820900b17 44d324ebd3e22ad7 c08c3765ac609cc0 05f23e7d05dbf7c2 2359719a0f40ffac e14a893f1918277e 2810fb6f81d1711c bed3e73d52011f68 2a06f5614060e3b6 4d417b203b333363 dac29ed8400b50cc 0d0368139e9a647f f2234bb7ce0c6f59 5b34da30b93eb123 8d58da0e1800dc96 42a5cae2a3a45557 b749972436ac9791 e7cad3748e50b0f8 ffc688c4c1c2a068 a9eef13786610446 f705b637f624147e 4a5ac473c9d176ba 00140806971e7a73 0fbd0f422e926816 65fac1ba1840000f 050544c040f46152 6d80d2e62d01f6bc ae77487a89f2610c
261,a017f3358d5327aa db7342eff9200020 8df3f13d6af34cb3 f2e30efbd27bee51 db69d4cbfef8d22f 9cf6709de35bf0f3 f76f44d372517a9a 3734d3b0b9232538 f44f74b3451aa593 c5830f9d0f1e29e5 128d583954b18074 d73a65673e3f1d78 2e44fbb8bc3d8d71 2820628e65a062e2 9100ea6cd0e084bf 6cb9ab508a0678a0 bd0f175ee98c613e 1f4f62844c3cb99c b7d7d9ae1cbe0d8a 059bbdbdb843af6a 18b1d2d84c97a364 27a12f29dceccdbd bc27d5dc9bab1c18 04fda7c9d8971ec0 fab14d178b24a67f 26fc2a95df5659c2 5570ef88d970e9b4 c03b11a0cdc3fa39 cba7e22bb383083a 016da874bd04df55
262,5b16bae6a0de7c88 f58ff7f1a6cde683 70776cdd9bb3b7d4 01020d1b0821f4c7 64267373570e4ea3 387e9cd2e5d4ea7d 72403ecdfe02bba6 0d0368139e9a647f abf90e759d208468 73391e0853c1e040 00140806971e7a73 c08c3765ac609cc0 b749972436ac9791 4a5ac473c9d176ba 46b99f864d6a075a f9c6286cff30aaa8 f2234bb7ce0c6f59 f705b637f624147e 8d58da0e1800dc96 a9eef13786610446 0fbd0f422e926816 09660f466b38b7ba d35e11d3d1ab3c67 e7cad3748e50b0f8 b6d0f83aad4e4dc7 b29ab87af6ea6310 05f23e7d05dbf7c2 a14394322cf7043d ac9ee0c09b538140 63d95d5977c2fe98
263,8df3f13d6af34cb3 52e459a551d4ac2d db0e648651f4c92b 6461a9faa871b3ac af8e70f978cd5aee bbbd5d2fd957e8f7 7d83ffe83f61bdc4 49b5678e0d1e5bcd 5430097e23000368 238ec735a13a3f09 c05f45f86d0771d5 9f27aa36c1ea793c 00d9f8d3f7d412b3 b0b5e62a93a2c37c a1314cd417504572 cba7e22bb383083a da904d2a54ff8cf2 37001ade0df85823 e7828f0ea9749505 0220a434aa8bf029 9b2adcf4041227d7 d6ed7e4b14c51296 5057551fc55e9ed2 ee3ed9a3f51336cd b8e2f75014710ced 2bafd15871caae91 cec2eea2a1fe566a c810ac016901e8ac 2dd12c230ab22555 a677c3a76055a6d2
264,128d583954b18074 d73a65673e3f1d78 bee46c54461925d0 6204e398d8c7f888 4bed80e56ea2e099 bfb8032f2183d471 4577ae048ef1967d 2e4b00c01d58e79e 4535ce2e3dced00f 83f8f2fc471cad74 b2ee9eea2d974c90 7c98dedd223b36c0 57113c2a4cacd961 419b5dc40744fb9b 8643165b0f53df11 050544c040f46152 ae77487a89f2610c 5430097e23000368 52e459a551d4ac2d 238ec735a13a3f09 ee3ed9a3f51336cd 7d83ffe83f61bdc4 6461a9faa871b3ac db0e648651f4c92b bbbd5d2fd957e8f7 d6ed7e4b14c51296 c05f45f86d0771d5 e7828f0ea9749505 0220a434aa8bf029 5057551fc55e9ed2
265,96445bec1579ec97 feddfcf56818968e 6a3919ad9ed8197e 964a50d33717c26d 0bcaac840d5e66d7 b24820ae14e16a24 9fbffc521da97c54 ced9c56f2be86774 5867d40811c0229f 781f4d0147aef776 a5f55580081236f4 0a49074a4158155b f0d53dcf0c296b57 05e4165a56bf50eb 96e82fa141db9a4b 83b911ff0ff45844 b84b6c0b2e4d0306 285657fcdf89f00d 19b4014943e0ad92 e7dd56376be2cf1c 9a0f5ee4f845c9b2 98dbd15aa33ebc18 af8e70f978cd5aee bbbd5d2fd957e8f7 7d83ffe83f61bdc4 6461a9faa871b3ac ee3ed9a3f51336cd db0e648651f4c92b 5430097e23000368 52e459a551d4ac2d
266,dea5e9227fbbac29 a017f3358d5327aa f105a53e5cfae611 f2e30efbd27bee51 db69d4cbfef8d22f d16da1fb61813db9 a9223c28b10c131f 70ebf53ced736fa4 ad06e9eeea8eb4ea 9cf6709de35bf0f3 3734d3b0b9232538 f76f44d372517a9a 4beacc71024f8b08 c5830f9d0f1e29e5 f44f74b3451aa593 d73a65673e3f1d78 98dbd15aa33ebc18 da904d2a54ff8cf2 49b5678e0d1e5bcd b0b5e62a93a2c37c 7d83ffe83f61bdc4 cba7e22bb383083a d6ed7e4b14c51296 c05f45f86d0771d5 db0e648651f4c92b 5430097e23000368 8df3f13d6af34cb3 9f27aa36c1ea793c 37001ade0df85823 ee3ed9a3f51336cd
267,9f27aa36c1ea793c 64b31699d7d15934 0db6584e3bdfa1c4 e5fb8dc5c9cb4a19 61ba7707ef6a5a99 54a11cbcd7a32af4 bd713b37b67866c3 81bd116c786bf9ae db0e648651f4c92b af8e70f978cd5aee bbbd5d2fd957e8f7 238ec735a13a3f09 52e459a551d4ac2d 5430097e23000368 ee3ed9a3f51336cd 0220a434aa8bf029 5057551fc55e9ed2 7d83ffe83f61bdc4 49b5678e0d1e5bcd 6461a9faa871b3ac 00d9f8d3f7d412b3 e7828f0ea9749505 c05f45f86d0771d5 37001ade0df85823 9b2adcf4041227d7 d6ed7e4b14c51296 8df3f13d6af34cb3 b0b5e62a93a2c37c cba7e22bb383083a da904d2a54ff8cf2
268,da904d2a54ff8cf2 e7828f0ea9749505 238ec735a13a3f09 7d83ffe83f61bdc4 52e459a551d4ac2d 9b2adcf4041227d7 d6ed7e4b14c51296 c810ac016901e8ac 976baf0e84752a68 cec2eea2a1fe566a 898a4921ab9f4cce d64c06baf5ef1c90 4483bbdd3241f11a 36d33c41812ce7dc 61ba7707ef6a5a99 453bc79164d57a01 3d93a60f990a0a7c 0b774cf90856c4da b78189788d563693 047769588be1aea9 b7d7d9ae1cbe0d8a b0bfe0f426275870 055d895a3b26e466 9d5edf3b993fee50 d64c7c3b658689f4 5bf89d11a25121d9 ff88049e61f0f4ef fd30682593995748 7cea1f637ea3f37d 0cd920bad11c716d
269,1a8e5d6512d9e2d8 155600e5f1221f8c ecb768ef6fd223ca bd9cd6b87a4fe0ce 976baf0e84752a68 190ab585fd379f0f 2820628e65a062e2 6461a9faa871b3ac 5c4b7558c942a224 e8ad5e31484ef889 aa967ad3c1f65a29 128d583954b18074 d73a65673e3f1d78 81bd116c786bf9ae bd713b37b67866c3 54a11cbcd7a32af4 64b31699d7d15934 b9d966ad9e04127a 62431fd374eb99fb 24c47959ea77b15b 395b26d91f98bd92 0e45c4c185f35df6 4f915ad69e1dca36 f1a3b8b13e9401c0 3c565c1fc2316d16 9fda36f260eec24e 50cb6a6c60ad711a 81b639b74256b45b 8dedff0a79784abc 5897953fdf87b60f
270,128d583954b18074 d73a65673e3f1d78 587e0b2a4811fab1 cc507a0d6fcf4a1c 62431fd374eb99fb 3c565c1fc2316d16 5b4c879fc9c316fb a853f13216170123 24c47959ea77b15b b6e72edcad270be0 f48d0fbea7dc2782 4b29fc21f912754d 4d954d933e606b70 ddf332f2b55a2a23 a76ffccd2f5df1a7 0f4c71d341e2d939 cea18be9a89d7a81 172bc0ee09332ae9 4f2fffd7528de786 07f22a7ad7e4711d 6406fcdb7d87b5dc 666bdff4faa513ca 3e66b4855d0dddbe a2c35fdf07a13286 66ccd03c9e03ac06 404031ab9d5977c4 486dd77002936dec c31a456b544a40a8 999a52f1d301247c 238de368bb05c0ec
271,ee3ed9a3f51336cd 50ba507a268872e1 5a1149fbcbd37376 0cd920bad11c716d b50b4e27b03c7b37 b0b5e62a93a2c37c 00d9f8d3f7d412b3 37001ade0df85823 6461a9faa871b3ac 9f27aa36c1ea793c 9b2adcf4041227d7 d6ed7e4b14c51296 5057551fc55e9ed2 c05f45f86d0771d5 e7828f0ea9749505 af8e70f978cd5aee 8df3f13d6af34cb3 da904d2a54ff8cf2 52e459a551d4ac2d a1314cd417504572 83f8aca6ee2caabc d72363ddd958d906 cec2eea2a1fe566a 4483bbdd3241f11a 26f72a4eb15ea8c0 453bc79164d57a01 22e8d6734e4121ae 61ba7707ef6a5a99 8b7c486a910dd004 059bbdbdb843af6a
272,83b911ff0ff45844 64c2e323906b42d3 d1e21234d7cc61d2 2e4b00c01d58e79e b1dcaca98bb76736 1fe79c7de59ff6c6 c1f2e3a76d388944 e8b87ed7db1bcb1f e403278468d84383 e25a1da6ca187350 ba5199dba342af68 8643165b0f53df11 d73a65673e3f1d78 ca4de5b8a7bda9df 3c0873ce078d332b 50806199c80e215c 1dc7139adba034ec 0647acc4602d4e8f 65708d542bd01f39 8699cc5dd4159b69 d216e5458ad70e60 fb8bd6b95eb4702a 6899956cd6c683f0 65ad9c583823162d 8a5635c748344d47 72b80b099fd64ec4 8566d15270eb5e83 877672967d3f70bb 87c5481930cfe126 81bd116c786bf9ae
273,765c0695339c3abe dc576af4ae66e25e bc2552a642ce8497 128d583954b18074 734dabb98795c35c 428f9363fa35882d 4f31209941bb05fc 83f5a9732f0de67f fc8971756f9ec194 316382267dcd804f c28bc62802b90f82 74244a8703c03720 fab14d178b24a67f 5570ef88d970e9b4 18b1d2d84c97a364 39f6296778264878 27a12f29dceccdbd 016da874bd04df55 025a148c3a53bd9f bc27d5dc9bab1c18 26fc2a95df5659c2 bd713b37b67866c3 81bd116c786bf9ae 54a11cbcd7a32af4 892074f7c1ef5d5e f54ad8d1eb18212e 28403e62105b00f6 07be6a290720707d 585f4ee09d8fea46 f28fb3d9880c5d4c
274,ced9c56f2be86774 af41e2b6da3e7e02 4d29c6922b2d0d56 1c3b74a02a86467d fc16a50ff0baec53 bc2552a642ce8497 00e1e2eb13f650e4 919b1679fffa7ef1 98dbd15aa33ebc18 eec6b281e236b500 abf90e759d208468 d73a65673e3f1d78 ce2fe99a7cda4a17 a813c15b46ceaf68 77e2f7da1f9d3a8f 964a50d33717c26d b29ab87af6ea6310 f76f44d372517a9a c1f2e3a76d388944 366a22fce0614fb8 83f8f2fc471cad74 5897953fdf87b60f e0269da736ddf004 5dd752753760ced8 e8b87ed7db1bcb1f e25a1da6ca187350 4d7653ea9499eed4 7c98dedd223b36c0 5c8c6d9a1fd4c1e0 3c0873ce078d332b
275,128d583954b18074 d73a65673e3f1d78 1fe79c7de59ff6c6 e8b87ed7db1bcb1f ba5199dba342af68 c1f2e3a76d388944 e403278468d84383 e25a1da6ca187350 3c0873ce078d332b ca4de5b8a7bda9df 83b911ff0ff45844 1dc7139adba034ec a017f3358d5327aa d1e21234d7cc61d2 00e1e2eb13f650e4 c28bc62802b90f82 0bcaac840d5e66d7 702d8f1064ab3e30 3986b68500d7704b 2a06f5614060e3b6 ff88049e61f0f4ef e0269da736ddf004 bd713b37b67866c3 fd30682593995748 3fa57d488e979d74 734dabb98795c35c bd0f175ee98c613e ae94d8435a6847f4 b6d0f83aad4e4dc7 b24820ae14e16a24
276,6e239f4dd4b6aed7 128d583954b18074 d73a65673e3f1d78 54a11cbcd7a32af4 81bd116c786bf9ae bd713b37b67866c3 81b639b74256b45b f1a3b8b13e9401c0 9fda36f260eec24e 5897953fdf87b60f 0e45c4c185f35df6 395b26d91f98bd92 4f915ad69e1dca36 522bd6887960c25d 64b31699d7d15934 62431fd374eb99fb 50cb6a6c60ad711a 8dedff0a79784abc 3c565c1fc2316d16 24c47959ea77b15b b9d966ad9e04127a 59c231f8fd21260c 3b6d27775fce1c7b 28a2067685cb3e97 05e4165a56bf50eb 4d954d933e606b70 a76ffccd2f5df1a7 f48d0fbea7dc2782 c015590d6a6fe833 b6e72edcad270be0
277,128d583954b18074 d73a65673e3f1d78 83f8f2fc471cad74 bd713b37b67866c3 54a11cbcd7a32af4 81bd116c786bf9ae 62431fd374eb99fb 24c47959ea77b15b 50cb6a6c60ad711a 4f915ad69e1dca36 81b639b74256b45b 8dedff0a79784abc 9fda36f260eec24e 64b31699d7d15934 5897953fdf87b60f 3c565c1fc2316d16 522bd6887960c25d 395b26d91f98bd92 0e45c4c185f35df6 f1a3b8b13e9401c0 b9d966ad9e04127a 4b29fc21f912754d 0db6584e3bdfa1c4 05e4165a56bf50eb c015590d6a6fe833 f48d0fbea7dc2782 59c231f8fd21260c a76ffccd2f5df1a7 ddf332f2b55a2a23 4d954d933e606b70
278,128d583954b18074 d73a65673e3f1d78 db0e648651f4c92b 238ec735a13a3f09 49b5678e0d1e5bcd 5430097e23000368 ee3ed9a3f51336cd 52e459a551d4ac2d af8e70f978cd5aee bbbd5d2fd957e8f7 da904d2a54ff8cf2 b0b5e62a93a2c37c a1314cd417504572 9b2adcf4041227d7 9f27aa36c1ea793c 37001ade0df85823 e7828f0ea9749505 00d9f8d3f7d412b3 d6ed7e4b14c51296 c05f45f86d0771d5 5057551fc55e9ed2 0220a434aa8bf029 7d83ffe83f61bdc4 6461a9faa871b3ac 8df3f13d6af34cb3 cba7e22bb383083a b8e2f75014710ced 2dd12c230ab22555 898a4921ab9f4cce 4483bbdd3241f11a
279,ee3ed9a3f51336cd 5a1149fbcbd37376 dac29ed8400b50cc 4c0eee2c1a5e76e2 26f72a4eb15ea8c0 50ba507a268872e1 e7828f0ea9749505 5430097e23000368 49b5678e0d1e5bcd 00d9f8d3f7d412b3 b0b5e62a93a2c37c 7d83ffe83f61bdc4 d6ed7e4b14c51296 52e459a551d4ac2d 5057551fc55e9ed2 da904d2a54ff8cf2 c05f45f86d0771d5 238ec735a13a3f09 bbbd5d2fd957e8f7 9b2adcf4041227d7 af8e70f978cd5aee 37001ade0df85823 0220a434aa8bf029 cba7e22bb383083a 6461a9faa871b3ac 9f27aa36c1ea793c a1314cd417504572 db0e648651f4c92b 8df3f13d6af34cb3 c810ac016901e8ac
280,f58ff7f1a6cde683 72403ecdfe02bba6 e14a893f1918277e e7cad3748e50b0f8 ffc688c4c1c2a068 0fbd0f422e926816 b6d0f83aad4e4dc7 8dc313a2cf9da354 db7342eff9200020 a017f3358d5327aa 9f27aa36c1ea793c e5fb8dc5c9cb4a19 61ba7707ef6a5a99 af8e70f978cd5aee db0e648651f4c92b bbbd5d2fd957e8f7 6461a9faa871b3ac 49b5678e0d1e5bcd 5057551fc55e9ed2 d6ed7e4b14c51296 0220a434aa8bf029 5430097e23000368 238ec735a13a3f09 7d83ffe83f61bdc4 52e459a551d4ac2d ee3ed9a3f51336cd e7828f0ea9749505 c05f45f86d0771d5 da904d2a54ff8cf2 00d9f8d3f7d412b3
281,128d583954b18074 d73a65673e3f1d78 055d895a3b26e466 b7d7d9ae1cbe0d8a b78189788d563693 b0bfe0f426275870 fd30682593995748 ff88049e61f0f4ef 0b774cf90856c4da 74873b42602d8958 0eb4de784c8dd679 e36475c1af5ea3ab d64c7c3b658689f4 9d5edf3b993fee50 5bf89d11a25121d9 0cd920bad11c716d 7cea1f637ea3f37d f05fa5f57dc03e81 2b48ab08c915c0ad 047769588be1aea9 e7828f0ea9749505 da011b87595c1019 8dc313a2cf9da354 39f6296778264878 00958a140c3a6de8 7d83ffe83f61bdc4 46315cf30aaee51c 537a55eda51a3f60 7c9248ed6224aa26 d6ed7e4b14c51296
282,1ba7a50457e93996 5430097e23000368 7d83ffe83f61bdc4 49b5678e0d1e5bcd db0e648651f4c92b bbbd5d2fd957e8f7 d257d1fbcf43abd5 7e4a4a1300b77a06 0683b6a78f54be75 ae77487a89f2610c 81bd116c786bf9ae 54a11cbcd7a32af4 bd713b37b67866c3 f1a3b8b13e9401c0 b9d966ad9e04127a 395b26d91f98bd92 3c565c1fc2316d16 50cb6a6c60ad711a 81b639b74256b45b 64b31699d7d15934 4f915ad69e1dca36 24c47959ea77b15b 62431fd374eb99fb 8dedff0a79784abc 9fda36f260eec24e 0e45c4c185f35df6 522bd6887960c25d 5897953fdf87b60f cea18be9a89d7a81 c015590d6a6fe833
283,1fe79c7de59ff6c6 e25a1da6ca187350 e8b87ed7db1bcb1f ba5199dba342af68 c1f2e3a76d388944 e403278468d84383 3c0873ce078d332b ca4de5b8a7bda9df 1dc7139adba034ec 83b911ff0ff45844 bf973f9ec3600199 d1e21234d7cc61d2 d73a65673e3f1d78 00e1e2eb13f650e4 0195950ce0f47e34 e0269da736ddf004 ff88049e61f0f4ef bd713b37b67866c3 3fa57d488e979d74 3986b68500d7704b 702d8f1064ab3e30 fd30682593995748 2a06f5614060e3b6 c28bc62802b90f82 39f6296778264878 bd0f175ee98c613e ae94d8435a6847f4 b6d0f83aad4e4dc7 b24820ae14e16a24 622f2e4119882c94
284,1ba7a50457e93996 5430097e23000368 7d83ffe83f61bdc4 49b5678e0d1e5bcd db0e648651f4c92b bbbd5d2fd957e8f7 d257d1fbcf43abd5 7e4a4a1300b77a06 0683b6a78f54be75 ae77487a89f2610c 81bd116c786bf9ae 54a11cbcd7a32af4 bd713b37b67866c3 f1a3b8b13e9401c0 b9d966ad9e04127a 395b26d91f98bd92 3c565c1fc2316d16 50cb6a6c60ad711a 81b639b74256b45b 64b31699d7d15934 4f915ad69e1dca36 24c47959ea77b15b 62431fd374eb99fb 8dedff0a79784abc 9fda36f260eec24e 0e45c4c185f35df6 522bd6887960c25d 5897953fdf87b60f cea18be9a89d7a81 c015590d6a6fe833
285,e8ad5e31484ef889 aa967ad3c1f65a29 128d583954b18074 d73a65673e3f1d78 24c47959ea77b15b 62431fd374eb99fb 3c565c1fc2316d16 4b29fc21f912754d a76ffccd2f5df1a7 f48d0fbea7dc2782 0f4c71d341e2d939 4d954d933e606b70 ddf332f2b55a2a23 cea18be9a89d7a81 b6e72edcad270be0 6406fcdb7d87b5dc 3e66b4855d0dddbe 172bc0ee09332ae9 66ccd03c9e03ac06 a2c35fdf07a13286 404031ab9d5977c4 c31a456b544a40a8 999a52f1d301247c 238de368bb05c0ec cc507a0d6fcf4a1c a853f13216170123 5b4c879fc9c316fb 54a11cbcd7a32af4 bd713b37b67866c3 81bd116c786bf9ae
286,238ec735a13a3f09 ee3ed9a3f51336cd 52e459a551d4ac2d 5430097e23000368 7d83ffe83f61bdc4 bbbd5d2fd957e8f7 db0e648651f4c92b 49b5678e0d1e5bcd af8e70f978cd5aee 6461a9faa871b3ac 0220a434aa8bf029 5057551fc55e9ed2 00d9f8d3f7d412b3 9f27aa36c1ea793c 8df3f13d6af34cb3 da904d2a54ff8cf2 a1314cd417504572 cba7e22bb383083a b0b5e62a93a2c37c 37001ade0df85823 c05f45f86d0771d5 e7828f0ea9749505 9b2adcf4041227d7 d6ed7e4b14c51296 128d583954b18074 d73a65673e3f1d78 b8e2f75014710ced f28fb3d9880c5d4c c810ac016901e8ac 2bafd15871caae91
287,b0b5e62a93a2c37c 52e459a551d4ac2d 5057551fc55e9ed2 c05f45f86d0771d5 da904d2a54ff8cf2 d6ed7e4b14c51296 7d83ffe83f61bdc4 5430097e23000368 49b5678e0d1e5bcd 238ec735a13a3f09 cba7e22bb383083a 9f27aa36c1ea793c 6461a9faa871b3ac 8df3f13d6af34cb3 37001ade0df85823 ee3ed9a3f51336cd af8e70f978cd5aee bbbd5d2fd957e8f7 9b2adcf4041227d7 db0e648651f4c92b 00d9f8d3f7d412b3 a1314cd417504572 0220a434aa8bf029 e7828f0ea9749505 2dd12c230ab22555 f28fb3d9880c5d4c 83f8aca6ee2caabc 7e4a4a1300b77a06 cc861214a89ef1f4 cec2eea2a1fe566a
288,3986b68500d7704b 238ec735a13a3f09 ee3ed9a3f51336cd 5430097e23000368 6461a9faa871b3ac 49b5678e0d1e5bcd 7d83ffe83f61bdc4 af8e70f978cd5aee bbbd5d2fd957e8f7 db0e648651f4c92b 52e459a551d4ac2d b0b5e62a93a2c37c da904d2a54ff8cf2 a1314cd417504572 cba7e22bb383083a 8df3f13d6af34cb3 37001ade0df85823 9b2adcf4041227d7 5057551fc55e9ed2 c05f45f86d0771d5 e7828f0ea9749505 00d9f8d3f7d412b3 d6ed7e4b14c51296 0220a434aa8bf029 9f27aa36c1ea793c 128d583954b18074 d73a65673e3f1d78 36d33c41812ce7dc 83f8aca6ee2caabc a677c3a76055a6d2
289,9f27aa36c1ea793c e5fb8dc5c9cb4a19 61ba7707ef6a5a99 64b31699d7d15934 0db6584e3bdfa1c4 ee3ed9a3f51336cd 5430097e23000368 af8e70f978cd5aee 52e459a551d4ac2d 238ec735a13a3f09 7d83ffe83f61bdc4 49b5678e0d1e5bcd 5057551fc55e9ed2 0220a434aa8bf029 a1314cd417504572 b0b5e62a93a2c37c da904d2a54ff8cf2 e7828f0ea9749505 cba7e22bb383083a 8df3f13d6af34cb3 9b2adcf4041227d7 c05f45f86d0771d5 37001ade0df85823 bbbd5d2fd957e8f7 00d9f8d3f7d412b3 d6ed7e4b14c51296 6461a9faa871b3ac db0e648651f4c92b 898a4921ab9f4cce c810ac016901e8ac
290,3fa57d488e979d74 24c47959ea77b15b 3c565c1fc2316d16 62431fd374eb99fb db0e648651f4c92b bbbd5d2fd957e8f7 5430097e23000368 49b5678e0d1e5bcd 7d83ffe83f61bdc4 0f4c71d341e2d939 4b29fc21f912754d 4d954d933e606b70 ddf332f2b55a2a23 cea18be9a89d7a81 b6e72edcad270be0 a76ffccd2f5df1a7 f48d0fbea7dc2782 172bc0ee09332ae9 6406fcdb7d87b5dc 3e66b4855d0dddbe 7e4a4a1300b77a06 66ccd03c9e03ac06 a2c35fdf07a13286 ae77487a89f2610c cc507a0d6fcf4a1c 404031ab9d5977c4 5b4c879fc9c316fb a853f13216170123 c31a456b544a40a8 1ba7a50457e93996
291,bd713b37b67866c3 81bd116c786bf9ae 54a11cbcd7a32af4 238ec735a13a3f09 5430097e23000368 db0e648651f4c92b bbbd5d2fd957e8f7 af8e70f978cd5aee 6461a9faa871b3ac 52e459a551d4ac2d ee3ed9a3f51336cd 7d83ffe83f61bdc4 49b5678e0d1e5bcd e7828f0ea9749505 5057551fc55e9ed2 c05f45f86d0771d5 d6ed7e4b14c51296 00d9f8d3f7d412b3 0220a434aa8bf029 9f27aa36c1ea793c 9b2adcf4041227d7 8df3f13d6af34cb3 37001ade0df85823 cba7e22bb383083a b0b5e62a93a2c37c da904d2a54ff8cf2 a1314cd417504572 395b26d91f98bd92 50cb6a6c60ad711a 5897953fdf87b60f
292,e5fb8dc5c9cb4a19 36d33c41812ce7dc 83f8aca6ee2caabc c810ac016901e8ac cc861214a89ef1f4 6e1b6b53c9710940 d64c06baf5ef1c90 d72363ddd958d906 2bafd15871caae91 2dd12c230ab22555 b8e2f75014710ced a677c3a76055a6d2 f28fb3d9880c5d4c 316382267dcd804f 42c9b72cc77dcb28 3d93a60f990a0a7c 453bc79164d57a01 7e4a4a1300b77a06 059bbdbdb843af6a cba7e22bb383083a 0c2eeab1e4ce1db8 8b7c486a910dd004 4105533fe46dfba9 22e8d6734e4121ae 9f27aa36c1ea793c 61ba7707ef6a5a99 ee3ed9a3f51336cd 238ec735a13a3f09 52e459a551d4ac2d e7828f0ea9749505
293,2820628e65a062e2 7cea1f637ea3f37d 155600e5f1221f8c af8e70f978cd5aee 4b8c7061102517ef cc861214a89ef1f4 fab14d178b24a67f 4105533fe46dfba9 059bbdbdb843af6a 1a8e5d6512d9e2d8 976baf0e84752a68 ecb768ef6fd223ca b50b4e27b03c7b37 bd9cd6b87a4fe0ce 50ba507a268872e1 00d9f8d3f7d412b3 6461a9faa871b3ac 190ab585fd379f0f 9f27aa36c1ea793c 00958a140c3a6de8 64b31699d7d15934 d64c7c3b658689f4 70776cdd9bb3b7d4 0cd920bad11c716d 0db6584e3bdfa1c4 e5fb8dc5c9cb4a19 61ba7707ef6a5a99 26f72a4eb15ea8c0 589ef345cb2dccfc 095bb1b6ecbd0a50
294,cba7e22bb383083a d64c06baf5ef1c90 b8e2f75014710ced a677c3a76055a6d2 d72363ddd958d906 f28fb3d9880c5d4c 36d33c41812ce7dc cc861214a89ef1f4 83f8aca6ee2caabc 2bafd15871caae91 c810ac016901e8ac 6e1b6b53c9710940 2dd12c230ab22555 059bbdbdb843af6a 3d93a60f990a0a7c 42c9b72cc77dcb28 e5fb8dc5c9cb4a19 453bc79164d57a01 0c2eeab1e4ce1db8 4105533fe46dfba9 8b7c486a910dd004 01104a026d22ae55 2e44fbb8bc3d8d71 9100ea6cd0e084bf b7d7d9ae1cbe0d8a 2820628e65a062e2 1f4f62844c3cb99c 6cb9ab508a0678a0 bd0f175ee98c613e 6461a9faa871b3ac
295,a84cd36608cb8665 451e7ba901ad661d 537a55eda51a3f60 190ab585fd379f0f da904d2a54ff8cf2 9b2adcf4041227d7 d6ed7e4b14c51296 e7828f0ea9749505 52e459a551d4ac2d cec2eea2a1fe566a 4483bbdd3241f11a 453bc79164d57a01 61ba7707ef6a5a99 9d5edf3b993fee50 2b48ab08c915c0ad fd30682593995748 0b774cf90856c4da 8df3f13d6af34cb3 c05f45f86d0771d5 6461a9faa871b3ac b0b5e62a93a2c37c 37001ade0df85823 a1314cd417504572 5057551fc55e9ed2 9f27aa36c1ea793c af8e70f978cd5aee 00d9f8d3f7d412b3 ee3ed9a3f51336cd 7d83ffe83f61bdc4 238ec735a13a3f09
296,52e459a551d4ac2d ee3ed9a3f51336cd 238ec735a13a3f09 5430097e23000368 db0e648651f4c92b af8e70f978cd5aee bbbd5d2fd957e8f7 7d83ffe83f61bdc4 5057551fc55e9ed2 49b5678e0d1e5bcd 6461a9faa871b3ac a1314cd417504572 cba7e22bb383083a b0b5e62a93a2c37c da904d2a54ff8cf2 00d9f8d3f7d412b3 9f27aa36c1ea793c 9b2adcf4041227d7 37001ade0df85823 c05f45f86d0771d5 d6ed7e4b14c51296 0220a434aa8bf029 e7828f0ea9749505 8df3f13d6af34cb3 cc861214a89ef1f4 c810ac016901e8ac 7e4a4a1300b77a06 83f8aca6ee2caabc f28fb3d9880c5d4c b8e2f75014710ced
297,e461837f0fb35048 c03b11a0cdc3fa39 7b81f1f2b6ec2e5f 65254e0d209fd66e f105a53e5cfae611 70ebf53ced736fa4 ad06e9eeea8eb4ea a9223c28b10c131f dea5e9227fbbac29 4beacc71024f8b08 72c2a95813ea72bd b0b5e62a93a2c37c 52e459a551d4ac2d 7d83ffe83f61bdc4 5057551fc55e9ed2 238ec735a13a3f09 da904d2a54ff8cf2 d6ed7e4b14c51296 ee3ed9a3f51336cd af8e70f978cd5aee c05f45f86d0771d5 e7828f0ea9749505 8df3f13d6af34cb3 bbbd5d2fd957e8f7 6461a9faa871b3ac 9f27aa36c1ea793c 9b2adcf4041227d7 37001ade0df85823 00d9f8d3f7d412b3 cba7e22bb383083a
298,39075e303166355e 430feb4826a5632e 39f6296778264878 5570ef88d970e9b4 351c9da399c2b915 ae94d8435a6847f4 47fbe21f5c35c7b4 65fac1ba1840000f da011b87595c1019 bf3ccaba4a3450a8 bd0f175ee98c613e 9100ea6cd0e084bf 1f4f62844c3cb99c 2e44fbb8bc3d8d71 26fc2a95df5659c2 c28bc62802b90f82 316382267dcd804f 047769588be1aea9 2901e5309bb3f8f6 bed3e73d52011f68 8f578001f9d5f543 4a5ac473c9d176ba f705b637f624147e e5fb8dc5c9cb4a19 0079f3c74309b582 c6b615b2589e036d 6aac5e116b75aa22 5c4b7558c942a224 b7d7d9ae1cbe0d8a 2820628e65a062e2
299,1ba7a50457e93996 bbbd5d2fd957e8f7 49b5678e0d1e5bcd 7d83ffe83f61bdc4 db0e648651f4c92b 5430097e23000368 d257d1fbcf43abd5 7e4a4a1300b77a06 ae77487a89f2610c 0683b6a78f54be75 fc21db75b354a917 47fbe21f5c35c7b4 52370bea1acd0600 4d7653ea9499eed4 95166957b2c38794 366a22fce0614fb8 9a0f5ee4f845c9b2 c28bc62802b90f82 702d8f1064ab3e30 00e1e2eb13f650e4 3986b68500d7704b 3fa57d488e979d74 ff88049e61f0f4ef 0772e3ab293a1f30 e0269da736ddf004 0bcaac840d5e66d7 734dabb98795c35c 942a7d26d81c841f bd0f175ee98c613e ae94d8435a6847f4
300,5057551fc55e9ed2 37001ade0df85823 b0b5e62a93a2c37c da904d2a54ff8cf2 49b5678e0d1e5bcd 0220a434aa8bf029 c05f45f86d0771d5 6461a9faa871b3ac 9b2adcf4041227d7 52e459a551d4ac2d e7828f0ea9749505 8df3f13d6af34cb3 238ec735a13a3f09 a1314cd417504572 db0e648651f4c92b 5430097e23000368 d6ed7e4b14c51296 af8e70f978cd5aee 9f27aa36c1ea793c ee3ed9a3f51336cd cba7e22bb383083a 00d9f8d3f7d412b3 7d83ffe83f61bdc4 bbbd5d2fd957e8f7 36d33c41812ce7dc 976baf0e84752a68 898a4921ab9f4cce d64c06baf5ef1c90 7e4a4a1300b77a06 2dd12c230ab22555
301,0688c790d5806540 ebfda3b48083e390 58654e3143c6550b 5f94b027039f4e48 148ac4a56a18844d 0683b6a78f54be75 4dba7ce835494a63 af8e70f978cd5aee 6461a9faa871b3ac 52e459a551d4ac2d ee3ed9a3f51336cd 238ec735a13a3f09 5430097e23000368 db0e648651f4c92b bbbd5d2fd957e8f7 c05f45f86d0771d5 e7828f0ea9749505 0220a434aa8bf029 5057551fc55e9ed2 7d83ffe83f61bdc4 49b5678e0d1e5bcd d6ed7e4b14c51296 00d9f8d3f7d412b3 b0b5e62a93a2c37c cba7e22bb383083a 8df3f13d6af34cb3 37001ade0df85823 9b2adcf4041227d7 9f27aa36c1ea793c da904d2a54ff8cf2
302,9fda36f260eec24e 05e4165a56bf50eb 42bb83d7c4b9ecae 81bd116c786bf9ae 54a11cbcd7a32af4 bd713b37b67866c3 81b639b74256b45b 24c47959ea77b15b 62431fd374eb99fb 4f915ad69e1dca36 3c565c1fc2316d16 5897953fdf87b60f 64b31699d7d15934 50cb6a6c60ad711a 8dedff0a79784abc 522bd6887960c25d 395b26d91f98bd92 0e45c4c185f35df6 f1a3b8b13e9401c0 b9d966ad9e04127a 59c231f8fd21260c 0db6584e3bdfa1c4 4b29fc21f912754d 3b6d27775fce1c7b a76ffccd2f5df1a7 c015590d6a6fe833 28a2067685cb3e97 f48d0fbea7dc2782 0f4c71d341e2d939 4d954d933e606b70
303,c08c3765ac609cc0 0d0368139e9a647f 05f23e7d05dbf7c2 f2234bb7ce0c6f59 8d58da0e1800dc96 00140806971e7a73 0fbd0f422e926816 e7cad3748e50b0f8 a9eef13786610446 4a5ac473c9d176ba b749972436ac9791 f705b637f624147e f58ff7f1a6cde683 01020d1b0821f4c7 73391e0853c1e040 46b99f864d6a075a 5b16bae6a0de7c88 387e9cd2e5d4ea7d 72403ecdfe02bba6 abf90e759d208468 70776cdd9bb3b7d4 64267373570e4ea3 b6d0f83aad4e4dc7 09660f466b38b7ba d35e11d3d1ab3c67 f9c6286cff30aaa8 b29ab87af6ea6310 63d95d5977c2fe98 a14394322cf7043d ac9ee0c09b538140
304,285657fcdf89f00d 4f915ad69e1dca36 50cb6a6c60ad711a 8dedff0a79784abc 52370bea1acd0600 c015590d6a6fe833 28a2067685cb3e97 3b6d27775fce1c7b 24e582daf6f87158 7c8324ce28ffb96e 3a6e7894dde31c67 e9c20b67a4c5395f 35488b3b8b781278 0f33ce8d8014f308 c143c095983a65c2 0451447dd64f6284 b6a1c97f19af78d0 81bd116c786bf9ae bd713b37b67866c3 54a11cbcd7a32af4 f1a3b8b13e9401c0 64b31699d7d15934 0e45c4c185f35df6 395b26d91f98bd92 81b639b74256b45b 62431fd374eb99fb 3c565c1fc2316d16 24c47959ea77b15b b9d966ad9e04127a 9fda36f260eec24e
305,128d583954b18074 d73a65673e3f1d78 db0e648651f4c92b 238ec735a13a3f09 49b5678e0d1e5bcd 5430097e23000368 ee3ed9a3f51336cd 52e459a551d4ac2d af8e70f978cd5aee bbbd5d2fd957e8f7 da904d2a54ff8cf2 b0b5e62a93a2c37c a1314cd417504572 9b2adcf4041227d7 9f27aa36c1ea793c 37001ade0df85823 e7828f0ea9749505 00d9f8d3f7d412b3 d6ed7e4b14c51296 c05f45f86d0771d5 5057551fc55e9ed2 0220a434aa8bf029 7d83ffe83f61bdc4 6461a9faa871b3ac 8df3f13d6af34cb3 cba7e22bb383083a b8e2f75014710ced 2dd12c230ab22555 898a4921ab9f4cce 4483bbdd3241f11a
306,1ba7a50457e93996 bbbd5d2fd957e8f7 49b5678e0d1e5bcd 7d83ffe83f61bdc4 db0e648651f4c92b 5430097e23000368 d257d1fbcf43abd5 7e4a4a1300b77a06 128d583954b18074 ae77487a89f2610c 0683b6a78f54be75 d73a65673e3f1d78 0195950ce0f47e34 47fbe21f5c35c7b4 4d7653ea9499eed4 9a0f5ee4f845c9b2 95166957b2c38794 0bcaac840d5e66d7 366a22fce0614fb8 c28bc62802b90f82 702d8f1064ab3e30 00e1e2eb13f650e4 3986b68500d7704b 3fa57d488e979d74 ff88049e61f0f4ef e0269da736ddf004 bd713b37b67866c3 52370bea1acd0600 942a7d26d81c841f bd0f175ee98c613e
307,9ab90dfc5c9b0b37 04886579947a80c2 ce8cb4351b8c0f6e 7f29daa16b9b4cda 73391e0853c1e040 a04d6febd82a4389 f58ff7f1a6cde683 54f55c74d37db3c0 095bb1b6ecbd0a50 d5805cdb9e8f0f48 01020d1b0821f4c7 bb7515be835dea49 0b0021aa60d05daa ec4ef2f727e7a03f 393f49286db04aeb a65e30106ea50423 19e8f436d4b2fc25 87c5481930cfe126 4fe9e4e55585ba4b 65ad9c583823162d 33856365c271aea4 8699cc5dd4159b69 65708d542bd01f39 8566d15270eb5e83 877672967d3f70bb 0647acc4602d4e8f a860b682add9de1c 9269d2b0d877352d 6899956cd6c683f0 b05b5f6850cfa158
308,18ced18aee04c48e b0b5e62a93a2c37c 52e459a551d4ac2d da904d2a54ff8cf2 c05f45f86d0771d5 5057551fc55e9ed2 d6ed7e4b14c51296 7d83ffe83f61bdc4 5430097e23000368 49b5678e0d1e5bcd 238ec735a13a3f09 cba7e22bb383083a 9f27aa36c1ea793c 6461a9faa871b3ac 8df3f13d6af34cb3 37001ade0df85823 ee3ed9a3f51336cd af8e70f978cd5aee bbbd5d2fd957e8f7 9b2adcf4041227d7 db0e648651f4c92b 0220a434aa8bf029 a1314cd417504572 00d9f8d3f7d412b3 e7828f0ea9749505 a677c3a76055a6d2 2bafd15871caae91 83f8aca6ee2caabc c810ac016901e8ac cec2eea2a1fe566a
309,4c0eee2c1a5e76e2 26f72a4eb15ea8c0 52e459a551d4ac2d b0b5e62a93a2c37c 49b5678e0d1e5bcd 238ec735a13a3f09 da904d2a54ff8cf2 c05f45f86d0771d5 cba7e22bb383083a ee3ed9a3f51336cd 9f27aa36c1ea793c e7828f0ea9749505 d6ed7e4b14c51296 db0e648651f4c92b 5057551fc55e9ed2 6461a9faa871b3ac 5430097e23000368 9b2adcf4041227d7 bbbd5d2fd957e8f7 37001ade0df85823 0220a434aa8bf029 00d9f8d3f7d412b3 a1314cd417504572 7d83ffe83f61bdc4 af8e70f978cd5aee 8df3f13d6af34cb3 cec2eea2a1fe566a 898a4921ab9f4cce c810ac016901e8ac 7e4a4a1300b77a06
310,8e83d05923cde390 0c15f252d30646fc 7eec211cc37a1b05 249bf372159f33e9 9c9ebf71707d7a37 a0b1f4dd32f3e278 3e8e56f639a5db5b 9fbffc521da97c54 1dc7139adba034ec 069e7e25e43deab3 d1e21234d7cc61d2 72c2a95813ea72bd 106204cd0e07e1b2 6aac5e116b75aa22 00e1e2eb13f650e4 0195950ce0f47e34 fd30682593995748 4d7653ea9499eed4 9a0f5ee4f845c9b2 0bcaac840d5e66d7 c28bc62802b90f82 bd713b37b67866c3 e0269da736ddf004 702d8f1064ab3e30 3986b68500d7704b 3fa57d488e979d74 ff88049e61f0f4ef 52370bea1acd0600 734dabb98795c35c bd0f175ee98c613e
311,2e031d83339759b2 f2e30efbd27bee51 d73a65673e3f1d78 81bd116c786bf9ae 54a11cbcd7a32af4 bd713b37b67866c3 395b26d91f98bd92 64b31699d7d15934 5897953fdf87b60f 9fda36f260eec24e 522bd6887960c25d f1a3b8b13e9401c0 0e45c4c185f35df6 b9d966ad9e04127a 81b639b74256b45b 62431fd374eb99fb 3c565c1fc2316d16 8dedff0a79784abc 4f915ad69e1dca36 24c47959ea77b15b 50cb6a6c60ad711a 90ecb28f2edb9d43 2e79d45ba4d1540d b6e72edcad270be0 28a2067685cb3e97 f48d0fbea7dc2782 a76ffccd2f5df1a7 c015590d6a6fe833 05e4165a56bf50eb 59c231f8fd21260c
312,f76f44d372517a9a 6e239f4dd4b6aed7 d35e11d3d1ab3c67 f2e30efbd27bee51 db69d4cbfef8d22f 9f3d2ca16f358290 3734d3b0b9232538 9cf6709de35bf0f3 c5830f9d0f1e29e5 f44f74b3451aa593 f2234bb7ce0c6f59 c08c3765ac609cc0 5b34da30b93eb123 2810fb6f81d1711c e7cad3748e50b0f8 8d58da0e1800dc96 b749972436ac9791 74e59c5820900b17 a9eef13786610446 f705b637f624147e e14a893f1918277e ffc688c4c1c2a068 65fac1ba1840000f 00140806971e7a73 42a5cae2a3a45557 2a06f5614060e3b6 bed3e73d52011f68 2359719a0f40ffac 4c0eee2c1a5e76e2 9c9a9d45c2ea7ddf
313,377c1150c781e37a 520ec719078be07c e0269da736ddf004 b1dcaca98bb76736 77e2f7da1f9d3a8f 5dd752753760ced8 855f2f0354e102c7 edc79e57b20e9036 ee3ed9a3f51336cd 238ec735a13a3f09 7d83ffe83f61bdc4 52e459a551d4ac2d 5057551fc55e9ed2 c05f45f86d0771d5 da904d2a54ff8cf2 b0b5e62a93a2c37c 6461a9faa871b3ac 00d9f8d3f7d412b3 d6ed7e4b14c51296 9b2adcf4041227d7 bbbd5d2fd957e8f7 0220a434aa8bf029 af8e70f978cd5aee 9f27aa36c1ea793c cba7e22bb383083a 37001ade0df85823 8df3f13d6af34cb3 5430097e23000368 49b5678e0d1e5bcd e7828f0ea9749505
314,238ec735a13a3f09 52e459a551d4ac2d 5430097e23000368 ee3ed9a3f51336cd 6461a9faa871b3ac db0e648651f4c92b 7d83ffe83f61bdc4 af8e70f978cd5aee bbbd5d2fd957e8f7 49b5678e0d1e5bcd 5057551fc55e9ed2 da904d2a54ff8cf2 cba7e22bb383083a 8df3f13d6af34cb3 37001ade0df85823 9b2adcf4041227d7 00d9f8d3f7d412b3 9f27aa36c1ea793c c05f45f86d0771d5 d6ed7e4b14c51296 e7828f0ea9749505 0220a434aa8bf029 b0b5e62a93a2c37c a1314cd417504572 7e4a4a1300b77a06 c810ac016901e8ac 976baf0e84752a68 a677c3a76055a6d2 d72363ddd958d906 2bafd15871caae91
315,922e625fae98b3b9 18ced18aee04c48e 430feb4826a5632e 27888817db122597 5f94b027039f4e48 d5952b2e031c4e7e 7c98dedd223b36c0 54a11cbcd7a32af4 bd713b37b67866c3 81bd116c786bf9ae 52e459a551d4ac2d af8e70f978cd5aee 6461a9faa871b3ac 238ec735a13a3f09 db0e648651f4c92b bbbd5d2fd957e8f7 5430097e23000368 ee3ed9a3f51336cd c05f45f86d0771d5 e7828f0ea9749505 0220a434aa8bf029 5057551fc55e9ed2 49b5678e0d1e5bcd 7d83ffe83f61bdc4 00d9f8d3f7d412b3 d6ed7e4b14c51296 8df3f13d6af34cb3 37001ade0df85823 9b2adcf4041227d7 9f27aa36c1ea793c
316,62431fd374eb99fb 3c565c1fc2316d16 24c47959ea77b15b f48d0fbea7dc2782 a76ffccd2f5df1a7 cea18be9a89d7a81 b6e72edcad270be0 0f4c71d341e2d939 4b29fc21f912754d 4d954d933e606b70 ddf332f2b55a2a23 172bc0ee09332ae9 6406fcdb7d87b5dc 3e66b4855d0dddbe 66ccd03c9e03ac06 a2c35fdf07a13286 404031ab9d5977c4 128d583954b18074 d73a65673e3f1d78 c31a456b544a40a8 999a52f1d301247c 238de368bb05c0ec cc507a0d6fcf4a1c 5b4c879fc9c316fb a853f13216170123 bd713b37b67866c3 54a11cbcd7a32af4 81bd116c786bf9ae 666bdff4faa513ca 4f2fffd7528de786
317,1a8e5d6512d9e2d8 ecb768ef6fd223ca e36475c1af5ea3ab 64907c4568244eb4 f05fa5f57dc03e81 155600e5f1221f8c 00958a140c3a6de8 537a55eda51a3f60 2820628e65a062e2 1ba7a50457e93996 6461a9faa871b3ac bd9cd6b87a4fe0ce bbbd5d2fd957e8f7 db0e648651f4c92b 49b5678e0d1e5bcd 5430097e23000368 7d83ffe83f61bdc4 976baf0e84752a68 d257d1fbcf43abd5 7e4a4a1300b77a06 5c4b7558c942a224 128d583954b18074 ae77487a89f2610c 0683b6a78f54be75 d73a65673e3f1d78 0079f3c74309b582 190ab585fd379f0f 0195950ce0f47e34 702d8f1064ab3e30 81b7c7e312bfa1a0
318,4c0eee2c1a5e76e2 26f72a4eb15ea8c0 fc16a50ff0baec53 d73a65673e3f1d78 af41e2b6da3e7e02 b6cdb608f640e038 1c3b74a02a86467d 128d583954b18074 628accd9be98503c d64c7c3b658689f4 74873b42602d8958 5a1149fbcbd37376 bc2552a642ce8497 4d29c6922b2d0d56 ced9c56f2be86774 0220a434aa8bf029 5057551fc55e9ed2 8abe670908f12614 db0e648651f4c92b 49b5678e0d1e5bcd bbbd5d2fd957e8f7 238ec735a13a3f09 a1314cd417504572 5b4c879fc9c316fb 919b1679fffa7ef1 d92c0298f76ccf77 1a05ef8c93af8eed de8e1345e8c305c4 81b7c7e312bfa1a0 61ba7707ef6a5a99
319,2e44fbb8bc3d8d71 1f4f62844c3cb99c b7d7d9ae1cbe0d8a 6cb9ab508a0678a0 2820628e65a062e2 bd0f175ee98c613e 9100ea6cd0e084bf 059bbdbdb843af6a 025a148c3a53bd9f 39f6296778264878 c28bc62802b90f82 04fda7c9d8971ec0 26fc2a95df5659c2 016da874bd04df55 27a12f29dceccdbd bc27d5dc9bab1c18 18b1d2d84c97a364 fc8971756f9ec194 cba7e22bb383083a db7342eff9200020 fab14d178b24a67f 316382267dcd804f c03b11a0cdc3fa39 f9c6286cff30aaa8 74244a8703c03720 5570ef88d970e9b4 c810ac016901e8ac 36d33c41812ce7dc fc21db75b354a917 bed3e73d52011f68
320,2dd12c230ab22555 6e1b6b53c9710940 b8e2f75014710ced 2bafd15871caae91 e5fb8dc5c9cb4a19 0c2eeab1e4ce1db8 81bd116c786bf9ae 54a11cbcd7a32af4 bd713b37b67866c3 ee3ed9a3f51336cd bbbd5d2fd957e8f7 238ec735a13a3f09 af8e70f978cd5aee 6461a9faa871b3ac db0e648651f4c92b 5430097e23000368 52e459a551d4ac2d 5057551fc55e9ed2 7d83ffe83f61bdc4 49b5678e0d1e5bcd e7828f0ea9749505 c05f45f86d0771d5 d6ed7e4b14c51296 00d9f8d3f7d412b3 0220a434aa8bf029 9f27aa36c1ea793c 9b2adcf4041227d7 8df3f13d6af34cb3 37001ade0df85823 cba7e22bb383083a
321,83f5a9732f0de67f d73a65673e3f1d78 6cb9ab508a0678a0 585f4ee09d8fea46 f0d53dcf0c296b57 bc2552a642ce8497 c49d8f84a4f87f8a aa0789b403bcd839 ce8cb4351b8c0f6e 919b1679fffa7ef1 0079f3c74309b582 00af886180e9eaec 00ff646ca6637bd7 354d7a327bbcc152 06de3ca1148b088b 9a439fd1abf95245 cba7e22bb383083a 2dd12c230ab22555 d64c06baf5ef1c90 cc861214a89ef1f4 f28fb3d9880c5d4c 83f8aca6ee2caabc b8e2f75014710ced c810ac016901e8ac a677c3a76055a6d2 d72363ddd958d906 36d33c41812ce7dc 6e1b6b53c9710940 2bafd15871caae91 059bbdbdb843af6a
322,128d583954b18074 d73a65673e3f1d78 db0e648651f4c92b 238ec735a13a3f09 49b5678e0d1e5bcd 5430097e23000368 ee3ed9a3f51336cd 52e459a551d4ac2d af8e70f978cd5aee bbbd5d2fd957e8f7 da904d2a54ff8cf2 b0b5e62a93a2c37c a1314cd417504572 9b2adcf4041227d7 9f27aa36c1ea793c 37001ade0df85823 e7828f0ea9749505 00d9f8d3f7d412b3 d6ed7e4b14c51296 c05f45f86d0771d5 5057551fc55e9ed2 0220a434aa8bf029 7d83ffe83f61bdc4 6461a9faa871b3ac 8df3f13d6af34cb3 cba7e22bb383083a b8e2f75014710ced 2dd12c230ab22555 898a4921ab9f4cce 4483bbdd3241f11a
323,a60934e6b473097a 47fbe21f5c35c7b4 52370bea1acd0600 4d7653ea9499eed4 9a0f5ee4f845c9b2 0bcaac840d5e66d7 c28bc62802b90f82 702d8f1064ab3e30 bbbd5d2fd957e8f7 3fa57d488e979d74 ff88049e61f0f4ef e0269da736ddf004 bd713b37b67866c3 fd30682593995748 2a06f5614060e3b6 39f6296778264878 e25a1da6ca187350 c31a456b544a40a8 3986b68500d7704b e7cad3748e50b0f8 0708923badf2ff5d 734dabb98795c35c 942a7d26d81c841f bd0f175ee98c613e ae94d8435a6847f4 b6d0f83aad4e4dc7 b24820ae14e16a24 cea18be9a89d7a81 4b8c7061102517ef af8e70f978cd5aee
324,5547f9f1638ac345 0add47a043c64d7f b84b6c0b2e4d0306 b05b5f6850cfa158 72b80b099fd64ec4 19e8f436d4b2fc25 6899956cd6c683f0 ca43e349133fc0e3 cc0c9419f8a20603 2cebd52b41930f0a 92f42fbd0c38f7fd f25bfcffedaccf28 7f95168400948588 45bd99d5d2eef776 43c354dbf952caaa 16b11706660177ff 52aa48c07b34dc88 42bb83d7c4b9ecae 1d72229ebcc00faf bd713b37b67866c3 81bd116c786bf9ae 54a11cbcd7a32af4 c11b97f245a9dfd0 5897953fdf87b60f f1a3b8b13e9401c0 b9d966ad9e04127a 4f915ad69e1dca36 81b639b74256b45b 62431fd374eb99fb 3c565c1fc2316d16
325,c96049ed915ced0a 64c2e323906b42d3 a017f3358d5327aa 5430097e23000368 238ec735a13a3f09 0220a434aa8bf029 6461a9faa871b3ac 7d83ffe83f61bdc4 49b5678e0d1e5bcd af8e70f978cd5aee bbbd5d2fd957e8f7 db0e648651f4c92b 52e459a551d4ac2d 5057551fc55e9ed2 37001ade0df85823 00d9f8d3f7d412b3 8df3f13d6af34cb3 da904d2a54ff8cf2 a1314cd417504572 b0b5e62a93a2c37c cba7e22bb383083a 9b2adcf4041227d7 d6ed7e4b14c51296 e7828f0ea9749505 9f27aa36c1ea793c c05f45f86d0771d5 ee3ed9a3f51336cd 4483bbdd3241f11a a677c3a76055a6d2 d64c06baf5ef1c90
326,29bedd00fb2be056 b69ce8b8154645f8 daa257a37227cd72 a52df8083c238c46 c606425856952286 db0e648651f4c92b bbbd5d2fd957e8f7 af8e70f978cd5aee a1314cd417504572 52e459a551d4ac2d 238ec735a13a3f09 ee3ed9a3f51336cd 5430097e23000368 0220a434aa8bf029 5057551fc55e9ed2 7d83ffe83f61bdc4 49b5678e0d1e5bcd 6461a9faa871b3ac e7828f0ea9749505 c05f45f86d0771d5 d6ed7e4b14c51296 37001ade0df85823 9b2adcf4041227d7 9f27aa36c1ea793c 00d9f8d3f7d412b3 da904d2a54ff8cf2 b0b5e62a93a2c37c cba7e22bb383083a 8df3f13d6af34cb3 bf3ccaba4a3450a8
327,106204cd0e07e1b2 128d583954b18074 d73a65673e3f1d78 5d26da95786b3a3a 8e0760918e88e4a9 e878efab7c37179e 828f5dfbbf1272ee 877672967d3f70bb 8566d15270eb5e83 95ecdbff44ad0b60 a860b682add9de1c bf973f9ec3600199 9269d2b0d877352d e228204ae08d1355 26140b225c4f8d3f cb3e4ce97e7f2881 a492bd402afd5c71 c36c2dce0e6e434f e1460af4a7044067 fb2ebcb5335ad2e2 95d25d38ba7df9c7 e740c80fce094788 4b05967001421eab 133b04350c75770b 366a22fce0614fb8 4d7653ea9499eed4 d980375fbd40c75f 5c8c6d9a1fd4c1e0 1d0f5fdc58e3efb5 a0b1f4dd32f3e278
328,a9dad59c7055b56c 892074f7c1ef5d5e d46598813fb437e5 486dd77002936dec 25a3b47fe31bc6b5 ac9ee0c09b538140 4522ad78bf79f0c9 6a9aa1bd93e36e66 999a52f1d301247c 6d80d2e62d01f6bc 413c55a5ab86881a 63d95d5977c2fe98 106204cd0e07e1b2 404031ab9d5977c4 4b29fc21f912754d 0f4c71d341e2d939 ddf332f2b55a2a23 a76ffccd2f5df1a7 49224aca40e6e5e3 62431fd374eb99fb 24c47959ea77b15b 3c565c1fc2316d16 5879096a38d69fc5 238de368bb05c0ec 65d44c6393907290 172bc0ee09332ae9 9f4e0d572b1f4e6c 7c8324ce28ffb96e b6e72edcad270be0 cea18be9a89d7a81
329,74e59c5820900b17 2359719a0f40ffac 05f23e7d05dbf7c2 c08c3765ac609cc0 b749972436ac9791 2810fb6f81d1711c a9eef13786610446 00140806971e7a73 5b34da30b93eb123 f2234bb7ce0c6f59 ffc688c4c1c2a068 2a06f5614060e3b6 e7cad3748e50b0f8 e14a893f1918277e 65fac1ba1840000f f705b637f624147e 42a5cae2a3a45557 8d58da0e1800dc96 44d324ebd3e22ad7 bed3e73d52011f68 3fa57d488e979d74 dac29ed8400b50cc 0d0368139e9a647f 050544c040f46152 0fbd0f422e926816 4d417b203b333363 54f55c74d37db3c0 4a5ac473c9d176ba 63d95d5977c2fe98 6d80d2e62d01f6bc
330,8df3f13d6af34cb3 64b31699d7d15934 0db6584e3bdfa1c4 128d583954b18074 e5fb8dc5c9cb4a19 d73a65673e3f1d78 9100ea6cd0e084bf 1f4f62844c3cb99c bd0f175ee98c613e 9f27aa36c1ea793c 26fc2a95df5659c2 316382267dcd804f c28bc62802b90f82 2e44fbb8bc3d8d71 bed3e73d52011f68 8f578001f9d5f543 54a11cbcd7a32af4 81bd116c786bf9ae bd713b37b67866c3 61ba7707ef6a5a99 395b26d91f98bd92 9fda36f260eec24e f1a3b8b13e9401c0 b9d966ad9e04127a 4f915ad69e1dca36 522bd6887960c25d 0e45c4c185f35df6 62431fd374eb99fb 8dedff0a79784abc 3c565c1fc2316d16
331,4d9214c0925e5af8 d0f6c00eec5eb973 9f4e0d572b1f4e6c 9113e9dc940fb287 3b4a85bac6ead3c8 48cf88c17ff38c5e 81b7c7e312bfa1a0 d9885881381fd10a 10ad13170242ecae a9dad59c7055b56c 00d9eb862ba3dfc6 8699cc5dd4159b69 6204e398d8c7f888 e878efab7c37179e 9269d2b0d877352d feddfcf56818968e 6899956cd6c683f0 b05b5f6850cfa158 99e833818ec4bbf2 fb8bd6b95eb4702a bd713b37b67866c3 8a5635c748344d47 4bed80e56ea2e099 d63b7f083330247f f2e30efbd27bee51 d216e5458ad70e60 2e031d83339759b2 e228204ae08d1355 54a11cbcd7a32af4 65ad9c583823162d
332,589ef345cb2dccfc 81bd116c786bf9ae 54a11cbcd7a32af4 bd713b37b67866c3 5897953fdf87b60f 62431fd374eb99fb 50cb6a6c60ad711a 522bd6887960c25d 64b31699d7d15934 9fda36f260eec24e 24c47959ea77b15b 395b26d91f98bd92 4f915ad69e1dca36 f1a3b8b13e9401c0 81b639b74256b45b 8dedff0a79784abc 3c565c1fc2316d16 b9d966ad9e04127a 0e45c4c185f35df6 c015590d6a6fe833 0db6584e3bdfa1c4 f48d0fbea7dc2782 a76ffccd2f5df1a7 4b29fc21f912754d 3b6d27775fce1c7b 28a2067685cb3e97 59c231f8fd21260c 4d954d933e606b70 ddf332f2b55a2a23 52370bea1acd0600
333,d73a65673e3f1d78 128d583954b18074 e8ad5e31484ef889 7c8324ce28ffb96e a982b5c3aed39396 aa967ad3c1f65a29 c31a456b544a40a8 955e465ce0788ea6 999a52f1d301247c b69ce8b8154645f8 29bedd00fb2be056 622f2e4119882c94 49224aca40e6e5e3 d257d1fbcf43abd5 a52df8083c238c46 54a11cbcd7a32af4 bd713b37b67866c3 81bd116c786bf9ae d6bbbd6c4968075a bf3ccaba4a3450a8 522bd6887960c25d 9fda36f260eec24e 5897953fdf87b60f 395b26d91f98bd92 f1a3b8b13e9401c0 0e45c4c185f35df6 64b31699d7d15934 b9d966ad9e04127a 8dedff0a79784abc 81b639b74256b45b
334,57113c2a4cacd961 83f8f2fc471cad74 4bed80e56ea2e099 bfb8032f2183d471 6204e398d8c7f888 419b5dc40744fb9b 7c98dedd223b36c0 4577ae048ef1967d 4535ce2e3dced00f b2ee9eea2d974c90 bee46c54461925d0 2e4b00c01d58e79e 050544c040f46152 8643165b0f53df11 ae77487a89f2610c eec6b281e236b500 abf90e759d208468 ce2fe99a7cda4a17 a813c15b46ceaf68 77e2f7da1f9d3a8f e0269da736ddf004 5dd752753760ced8 b29ab87af6ea6310 964a50d33717c26d e8b87ed7db1bcb1f f76f44d372517a9a c1f2e3a76d388944 366a22fce0614fb8 4d7653ea9499eed4 e25a1da6ca187350
335,c05f45f86d0771d5 cec2eea2a1fe566a 8b7c486a910dd004 00d9f8d3f7d412b3 52e459a551d4ac2d e7828f0ea9749505 6461a9faa871b3ac af8e70f978cd5aee 5057551fc55e9ed2 a1314cd417504572 ee3ed9a3f51336cd 9b2adcf4041227d7 37001ade0df85823 d6ed7e4b14c51296 9f27aa36c1ea793c 8df3f13d6af34cb3 b0b5e62a93a2c37c da904d2a54ff8cf2 4483bbdd3241f11a d72363ddd958d906 83f8aca6ee2caabc 61ba7707ef6a5a99 453bc79164d57a01 22e8d6734e4121ae 2b48ab08c915c0ad 628accd9be98503c 0b774cf90856c4da 64907c4568244eb4 b50b4e27b03c7b37 0cd920bad11c716d
336,29968e8fd13539f8 74244a8703c03720 46b99f864d6a075a 447fc00f40d71d08 680bb5c5c3bb6ee1 013030fd7d29bf3d c96049ed915ced0a 128d583954b18074 01b3da54ffb158a0 d73a65673e3f1d78 f209d29f991432f0 43b3338423d7386c 4d32dae7b43c489a 061f3e1feeaa3094 f49e13a653cbdad2 88b62355670ec8f8 dc12cc503ac0eddb 0647acc4602d4e8f 65708d542bd01f39 a65e30106ea50423 99e833818ec4bbf2 87c5481930cfe126 65ad9c583823162d 1c3b74a02a86467d 1efd7bd8a34a1359 455fde214d16d350 fa173131f15f5534 0772e3ab293a1f30 a5d5ba33b5b1dc95 ae77487a89f2610c
337,128d583954b18074 d73a65673e3f1d78 00e1e2eb13f650e4 0195950ce0f47e34 8699cc5dd4159b69 d216e5458ad70e60 d63b7f083330247f 4bed80e56ea2e099 9269d2b0d877352d f2e30efbd27bee51 e878efab7c37179e 6204e398d8c7f888 feddfcf56818968e fb8bd6b95eb4702a b05b5f6850cfa158 6899956cd6c683f0 99e833818ec4bbf2 bd713b37b67866c3 8a5635c748344d47 f105a53e5cfae611 e228204ae08d1355 2e031d83339759b2 377c1150c781e37a cc507a0d6fcf4a1c 65ad9c583823162d a65e30106ea50423 4fe9e4e55585ba4b 95ecdbff44ad0b60 8566d15270eb5e83 54a11cbcd7a32af4
338,3e8e56f639a5db5b 46b99f864d6a075a 74244a8703c03720 680bb5c5c3bb6ee1 29968e8fd13539f8 447fc00f40d71d08 cc2cc23a98c14c33 0add47a043c64d7f 4b05967001421eab 5547f9f1638ac345 97d696011258825c 43b3338423d7386c 01e5a6edcee7deb0 f49e13a653cbdad2 419b5dc40744fb9b 88b62355670ec8f8 42bb83d7c4b9ecae b84b6c0b2e4d0306 eab15ee21e126f6a eff60ceea8817dad 4e966bb2768c2b8a 9b2adcf4041227d7 da904d2a54ff8cf2 a1314cd417504572 00d9f8d3f7d412b3 af8e70f978cd5aee 49b5678e0d1e5bcd ee3ed9a3f51336cd 52e459a551d4ac2d 238ec735a13a3f09
339,10ad13170242ecae 128d583954b18074 35488b3b8b781278 4f915ad69e1dca36 e9c20b67a4c5395f 50cb6a6c60ad711a 8dedff0a79784abc 3a6e7894dde31c67 d73a65673e3f1d78 52370bea1acd0600 0451447dd64f6284 0f33ce8d8014f308 28a2067685cb3e97 3b6d27775fce1c7b c143c095983a65c2 c015590d6a6fe833 b6a1c97f19af78d0 285657fcdf89f00d 24e582daf6f87158 680bb5c5c3bb6ee1 7c8324ce28ffb96e db0e648651f4c92b 5057551fc55e9ed2 af8e70f978cd5aee bbbd5d2fd957e8f7 7d83ffe83f61bdc4 49b5678e0d1e5bcd 6461a9faa871b3ac e7828f0ea9749505 0220a434aa8bf029
340,cba7e22bb383083a 2bafd15871caae91 36d33c41812ce7dc d64c06baf5ef1c90 d72363ddd958d906 c810ac016901e8ac f28fb3d9880c5d4c a677c3a76055a6d2 2dd12c230ab22555 cc861214a89ef1f4 83f8aca6ee2caabc b8e2f75014710ced 6e1b6b53c9710940 059bbdbdb843af6a 453bc79164d57a01 e5fb8dc5c9cb4a19 42c9b72cc77dcb28 3d93a60f990a0a7c 0c2eeab1e4ce1db8 4105533fe46dfba9 8b7c486a910dd004 c05f45f86d0771d5 6461a9faa871b3ac d6ed7e4b14c51296 9f27aa36c1ea793c 49b5678e0d1e5bcd da904d2a54ff8cf2 7d83ffe83f61bdc4 8df3f13d6af34cb3 52e459a551d4ac2d
341,6461a9faa871b3ac 976baf0e84752a68 e7828f0ea9749505 9f27aa36c1ea793c 238ec735a13a3f09 52e459a551d4ac2d 5057551fc55e9ed2 db0e648651f4c92b c05f45f86d0771d5 cba7e22bb383083a d6ed7e4b14c51296 b0b5e62a93a2c37c da904d2a54ff8cf2 5430097e23000368 7d83ffe83f61bdc4 49b5678e0d1e5bcd 8df3f13d6af34cb3 00d9f8d3f7d412b3 9b2adcf4041227d7 af8e70f978cd5aee 37001ade0df85823 a1314cd417504572 ee3ed9a3f51336cd 0220a434aa8bf029 bbbd5d2fd957e8f7 c810ac016901e8ac 2dd12c230ab22555 4483bbdd3241f11a 6e1b6b53c9710940 cec2eea2a1fe566a
342,0a49074a4158155b f0d53dcf0c296b57 19b4014943e0ad92 e7dd56376be2cf1c 10ad13170242ecae 1398b478b71773ed 0195950ce0f47e34 2e031d83339759b2 8699cc5dd4159b69 e878efab7c37179e 6204e398d8c7f888 fb8bd6b95eb4702a feddfcf56818968e 6899956cd6c683f0 99e833818ec4bbf2 bd713b37b67866c3 b05b5f6850cfa158 8a5635c748344d47 f105a53e5cfae611 d216e5458ad70e60 4bed80e56ea2e099 d63b7f083330247f f2e30efbd27bee51 9269d2b0d877352d e228204ae08d1355 4fe9e4e55585ba4b 54a11cbcd7a32af4 65ad9c583823162d a65e30106ea50423 377c1150c781e37a
343,cc507a0d6fcf4a1c 3c565c1fc2316d16 24c47959ea77b15b 62431fd374eb99fb 5b4c879fc9c316fb a853f13216170123 f48d0fbea7dc2782 4b29fc21f912754d cea18be9a89d7a81 4d954d933e606b70 0f4c71d341e2d939 b6e72edcad270be0 ddf332f2b55a2a23 a76ffccd2f5df1a7 666bdff4faa513ca 6406fcdb7d87b5dc 07f22a7ad7e4711d 3e66b4855d0dddbe 4f2fffd7528de786 172bc0ee09332ae9 66ccd03c9e03ac06 a2c35fdf07a13286 404031ab9d5977c4 486dd77002936dec c31a456b544a40a8 238de368bb05c0ec 999a52f1d301247c 3fa57d488e979d74 ff88049e61f0f4ef e0269da736ddf004
344,5430097e23000368 db0e648651f4c92b 7d83ffe83f61bdc4 49b5678e0d1e5bcd bbbd5d2fd957e8f7 7e4a4a1300b77a06 ae77487a89f2610c 5057551fc55e9ed2 238ec735a13a3f09 8df3f13d6af34cb3 6461a9faa871b3ac af8e70f978cd5aee 9f27aa36c1ea793c 37001ade0df85823 e7828f0ea9749505 c05f45f86d0771d5 b0b5e62a93a2c37c da904d2a54ff8cf2 d6ed7e4b14c51296 a1314cd417504572 ee3ed9a3f51336cd 0220a434aa8bf029 cba7e22bb383083a 9b2adcf4041227d7 00d9f8d3f7d412b3 52e459a551d4ac2d cec2eea2a1fe566a a677c3a76055a6d2 898a4921ab9f4cce c810ac016901e8ac
345,6e12311169bcb24c 8abe670908f12614 a017f3358d5327aa c96049ed915ced0a 013030fd7d29bf3d 0a49074a4158155b 00e1e2eb13f650e4 095bb1b6ecbd0a50 ec4ef2f727e7a03f 73391e0853c1e040 a04d6febd82a4389 54f55c74d37db3c0 d5805cdb9e8f0f48 0b0021aa60d05daa 01020d1b0821f4c7 bb7515be835dea49 f58ff7f1a6cde683 a65e30106ea50423 bf973f9ec3600199 828f5dfbbf1272ee 877672967d3f70bb 4fe9e4e55585ba4b 19e8f436d4b2fc25 54a11cbcd7a32af4 025a148c3a53bd9f 81bd116c786bf9ae 72b80b099fd64ec4 8699cc5dd4159b69 65708d542bd01f39 33856365c271aea4
346,cba7e22bb383083a 238de368bb05c0ec b8e2f75014710ced d64c06baf5ef1c90 83f8aca6ee2caabc 2dd12c230ab22555 a677c3a76055a6d2 d72363ddd958d906 6e1b6b53c9710940 f28fb3d9880c5d4c c810ac016901e8ac cc861214a89ef1f4 2bafd15871caae91 36d33c41812ce7dc 059bbdbdb843af6a 3d93a60f990a0a7c e5fb8dc5c9cb4a19 42c9b72cc77dcb28 453bc79164d57a01 8b7c486a910dd004 0c2eeab1e4ce1db8 4105533fe46dfba9 24c47959ea77b15b 3c565c1fc2316d16 62431fd374eb99fb ee3ed9a3f51336cd 238ec735a13a3f09 0220a434aa8bf029 8df3f13d6af34cb3 5430097e23000368
347,a677c3a76055a6d2 2dd12c230ab22555 2bafd15871caae91 b8e2f75014710ced c810ac016901e8ac d64c06baf5ef1c90 6e1b6b53c9710940 d72363ddd958d906 f28fb3d9880c5d4c 36d33c41812ce7dc 83f8aca6ee2caabc cc861214a89ef1f4 e5fb8dc5c9cb4a19 3d93a60f990a0a7c 42c9b72cc77dcb28 453bc79164d57a01 8b7c486a910dd004 4105533fe46dfba9 0c2eeab1e4ce1db8 059bbdbdb843af6a 49b5678e0d1e5bcd 5057551fc55e9ed2 7d83ffe83f61bdc4 00d9f8d3f7d412b3 db0e648651f4c92b bbbd5d2fd957e8f7 6461a9faa871b3ac af8e70f978cd5aee 52e459a551d4ac2d 238ec735a13a3f09
348,7b81f1f2b6ec2e5f 65254e0d209fd66e c03b11a0cdc3fa39 128d583954b18074 d73a65673e3f1d78 387e9cd2e5d4ea7d 9f27aa36c1ea793c 64b31699d7d15934 0db6584e3bdfa1c4 e5fb8dc5c9cb4a19 61ba7707ef6a5a99 0079f3c74309b582 bd713b37b67866c3 54a11cbcd7a32af4 81bd116c786bf9ae 238ec735a13a3f09 52e459a551d4ac2d ee3ed9a3f51336cd bbbd5d2fd957e8f7 af8e70f978cd5aee 6461a9faa871b3ac db0e648651f4c92b 00d9f8d3f7d412b3 d6ed7e4b14c51296 c05f45f86d0771d5 e7828f0ea9749505 5057551fc55e9ed2 0220a434aa8bf029 7d83ffe83f61bdc4 49b5678e0d1e5bcd
349,f0d53dcf0c296b57 f54ad8d1eb18212e 83f5a9732f0de67f 585f4ee09d8fea46 bc2552a642ce8497 c49d8f84a4f87f8a aa0789b403bcd839 919b1679fffa7ef1 ce8cb4351b8c0f6e 06de3ca1148b088b 6461a9faa871b3ac 238ec735a13a3f09 9f27aa36c1ea793c 52e459a551d4ac2d 5057551fc55e9ed2 af8e70f978cd5aee 7d83ffe83f61bdc4 49b5678e0d1e5bcd c05f45f86d0771d5 00d9f8d3f7d412b3 ee3ed9a3f51336cd d6ed7e4b14c51296 e7828f0ea9749505 bbbd5d2fd957e8f7 9b2adcf4041227d7 37001ade0df85823 8df3f13d6af34cb3 a1314cd417504572 0220a434aa8bf029 b0b5e62a93a2c37c
350,5430097e23000368 db0e648651f4c92b 49b5678e0d1e5bcd 7d83ffe83f61bdc4 bbbd5d2fd957e8f7 7e4a4a1300b77a06 ae77487a89f2610c 1ba7a50457e93996 d257d1fbcf43abd5 ee3ed9a3f51336cd 6461a9faa871b3ac 5057551fc55e9ed2 da904d2a54ff8cf2 a1314cd417504572 9f27aa36c1ea793c 8df3f13d6af34cb3 9b2adcf4041227d7 37001ade0df85823 d6ed7e4b14c51296 c05f45f86d0771d5 e7828f0ea9749505 00d9f8d3f7d412b3 0220a434aa8bf029 52e459a551d4ac2d 238ec735a13a3f09 af8e70f978cd5aee b0b5e62a93a2c37c cba7e22bb383083a 0683b6a78f54be75 d64c06baf5ef1c90
351,7d83ffe83f61bdc4 52e459a551d4ac2d e7828f0ea9749505 238ec735a13a3f09 cba7e22bb383083a 9b2adcf4041227d7 5057551fc55e9ed2 0220a434aa8bf029 8df3f13d6af34cb3 c05f45f86d0771d5 bbbd5d2fd957e8f7 d6ed7e4b14c51296 a1314cd417504572 6461a9faa871b3ac da904d2a54ff8cf2 00d9f8d3f7d412b3 b0b5e62a93a2c37c 37001ade0df85823 49b5678e0d1e5bcd 9f27aa36c1ea793c ee3ed9a3f51336cd af8e70f978cd5aee db0e648651f4c92b 5430097e23000368 1d72229ebcc00faf 2dd12c230ab22555 7e4a4a1300b77a06 f28fb3d9880c5d4c d64c06baf5ef1c90 c810ac016901e8ac
352,65708d542bd01f39 65ad9c583823162d 99e833818ec4bbf2 a65e30106ea50423 dc12cc503ac0eddb 0647acc4602d4e8f 87c5481930cfe126 01b3da54ffb158a0 fa173131f15f5534 0772e3ab293a1f30 455fde214d16d350 a5d5ba33b5b1dc95 aa0789b403bcd839 43b3338423d7386c e6a29676c096f8e8 88b62355670ec8f8 4d32dae7b43c489a 3e8e56f639a5db5b 29968e8fd13539f8 f209d29f991432f0 d7d937303a6d5a9d f49e13a653cbdad2 061f3e1feeaa3094 01e5a6edcee7deb0 1c3b74a02a86467d 95166957b2c38794 1efd7bd8a34a1359 bc2ae5f4e5d53e00 22756be6fd061d4c 00d9eb862ba3dfc6
353,238ec735a13a3f09 52e459a551d4ac2d db0e648651f4c92b bbbd5d2fd957e8f7 5430097e23000368 ee3ed9a3f51336cd da904d2a54ff8cf2 37001ade0df85823 8df3f13d6af34cb3 cba7e22bb383083a af8e70f978cd5aee 5057551fc55e9ed2 49b5678e0d1e5bcd 6461a9faa871b3ac 7d83ffe83f61bdc4 0220a434aa8bf029 c05f45f86d0771d5 e7828f0ea9749505 9b2adcf4041227d7 9f27aa36c1ea793c 00d9f8d3f7d412b3 d6ed7e4b14c51296 a1314cd417504572 b0b5e62a93a2c37c 4483bbdd3241f11a 898a4921ab9f4cce 976baf0e84752a68 7e4a4a1300b77a06 cc861214a89ef1f4 36d33c41812ce7dc
354,d73a65673e3f1d78 128d583954b18074 fc16a50ff0baec53 4d29c6922b2d0d56 bc2552a642ce8497 af41e2b6da3e7e02 ced9c56f2be86774 00e1e2eb13f650e4 1c3b74a02a86467d 919b1679fffa7ef1 98dbd15aa33ebc18 81bd116c786bf9ae 54a11cbcd7a32af4 bd713b37b67866c3 4f915ad69e1dca36 395b26d91f98bd92 24c47959ea77b15b b9d966ad9e04127a f1a3b8b13e9401c0 0e45c4c185f35df6 9fda36f260eec24e 81b639b74256b45b 62431fd374eb99fb 5897953fdf87b60f 64b31699d7d15934 8dedff0a79784abc 50cb6a6c60ad711a 522bd6887960c25d 3c565c1fc2316d16 0f4c71d341e2d939
355,64c2e323906b42d3 c015590d6a6fe833 b1dcaca98bb76736 2e4b00c01d58e79e d73a65673e3f1d78 83b911ff0ff45844 8643165b0f53df11 35488b3b8b781278 4f915ad69e1dca36 8dedff0a79784abc e9c20b67a4c5395f 3a6e7894dde31c67 50cb6a6c60ad711a 50806199c80e215c 0451447dd64f6284 3b6d27775fce1c7b c143c095983a65c2 b6a1c97f19af78d0 52370bea1acd0600 28a2067685cb3e97 0f33ce8d8014f308 d1e21234d7cc61d2 285657fcdf89f00d 24e582daf6f87158 7c8324ce28ffb96e 0195950ce0f47e34 8699cc5dd4159b69 e228204ae08d1355 f2e30efbd27bee51 d63b7f083330247f
356,bd713b37b67866c3 54a11cbcd7a32af4 81bd116c786bf9ae f1a3b8b13e9401c0 b9d966ad9e04127a 395b26d91f98bd92 64b31699d7d15934 522bd6887960c25d 62431fd374eb99fb 3c565c1fc2316d16 0e45c4c185f35df6 24c47959ea77b15b 50cb6a6c60ad711a 4f915ad69e1dca36 81b639b74256b45b 8dedff0a79784abc 9fda36f260eec24e 5897953fdf87b60f b6e72edcad270be0 28a2067685cb3e97 59c231f8fd21260c f48d0fbea7dc2782 cea18be9a89d7a81 52370bea1acd0600 c015590d6a6fe833 a76ffccd2f5df1a7 05e4165a56bf50eb 4b29fc21f912754d ddf332f2b55a2a23 3b6d27775fce1c7b
357,64b31699d7d15934 0db6584e3bdfa1c4 81bd116c786bf9ae 54a11cbcd7a32af4 bd713b37b67866c3 b9d966ad9e04127a f1a3b8b13e9401c0 81b639b74256b45b 522bd6887960c25d 62431fd374eb99fb 9fda36f260eec24e 395b26d91f98bd92 0e45c4c185f35df6 5897953fdf87b60f 24c47959ea77b15b 8dedff0a79784abc 50cb6a6c60ad711a 3c565c1fc2316d16 4f915ad69e1dca36 ddf332f2b55a2a23 59c231f8fd21260c 3b6d27775fce1c7b f48d0fbea7dc2782 05e4165a56bf50eb 4b29fc21f912754d a76ffccd2f5df1a7 cea18be9a89d7a81 c015590d6a6fe833 b6e72edcad270be0 28a2067685cb3e97
358,45630e1451157ff3 8699cc5dd4159b69 4fe9e4e55585ba4b 27bc34b9887bec0d e22c35101e190db9 3d6880bd12f6613f ec1b3d7ccd3984d0 03dfe518713e006c 3cb6b40d377e7ca8 48f93f9c2c699e19 7155e5a86136eb02 25145708d494530b 0a79fabc6f5d93c9 09bbaa171c20bae3 34a62e66e05f9a44 b05b5f6850cfa158 fb8bd6b95eb4702a feddfcf56818968e 6204e398d8c7f888 e878efab7c37179e 9269d2b0d877352d bd713b37b67866c3 6899956cd6c683f0 f105a53e5cfae611 8a5635c748344d47 d63b7f083330247f f2e30efbd27bee51 2e031d83339759b2 d216e5458ad70e60 4bed80e56ea2e099
359,b371170568146b12 00e1e2eb13f650e4 47fbe21f5c35c7b4 52370bea1acd0600 4d7653ea9499eed4 9a0f5ee4f845c9b2 0bcaac840d5e66d7 c28bc62802b90f82 702d8f1064ab3e30 3986b68500d7704b bbbd5d2fd957e8f7 ff88049e61f0f4ef e0269da736ddf004 bd713b37b67866c3 fd30682593995748 2a06f5614060e3b6 39f6296778264878 e25a1da6ca187350 3fa57d488e979d74 e7cad3748e50b0f8 0708923badf2ff5d 734dabb98795c35c 942a7d26d81c841f bd0f175ee98c613e ae94d8435a6847f4 b6d0f83aad4e4dc7 b24820ae14e16a24 cea18be9a89d7a81 4b8c7061102517ef af8e70f978cd5aee
360,cc507a0d6fcf4a1c 3c565c1fc2316d16 24c47959ea77b15b 62431fd374eb99fb 5b4c879fc9c316fb a853f13216170123 f48d0fbea7dc2782 4b29fc21f912754d cea18be9a89d7a81 4d954d933e606b70 0f4c71d341e2d939 b6e72edcad270be0 ddf332f2b55a2a23 a76ffccd2f5df1a7 666bdff4faa513ca 6406fcdb7d87b5dc 07f22a7ad7e4711d 3e66b4855d0dddbe 4f2fffd7528de786 172bc0ee09332ae9 66ccd03c9e03ac06 a2c35fdf07a13286 404031ab9d5977c4 486dd77002936dec c31a456b544a40a8 238de368bb05c0ec 999a52f1d301247c 3fa57d488e979d74 ff88049e61f0f4ef e0269da736ddf004
361,4b05967001421eab 1d12acf7349196b0 81bd116c786bf9ae 54a11cbcd7a32af4 bd713b37b67866c3 db0e648651f4c92b bbbd5d2fd957e8f7 af8e70f978cd5aee 6461a9faa871b3ac 52e459a551d4ac2d 238ec735a13a3f09 5430097e23000368 ee3ed9a3f51336cd 0220a434aa8bf029 5057551fc55e9ed2 7d83ffe83f61bdc4 49b5678e0d1e5bcd 00d9f8d3f7d412b3 d6ed7e4b14c51296 e7828f0ea9749505 c05f45f86d0771d5 9b2adcf4041227d7 9f27aa36c1ea793c 8df3f13d6af34cb3 37001ade0df85823 cba7e22bb383083a b0b5e62a93a2c37c da904d2a54ff8cf2 a1314cd417504572 f1a3b8b13e9401c0
362,047769588be1aea9 39075e303166355e 430feb4826a5632e 128d583954b18074 d73a65673e3f1d78 ae94d8435a6847f4 5570ef88d970e9b4 47fbe21f5c35c7b4 65fac1ba1840000f da011b87595c1019 39f6296778264878 f705b637f624147e 4a5ac473c9d176ba 351c9da399c2b915 bf3ccaba4a3450a8 5c4b7558c942a224 e7dd56376be2cf1c 2901e5309bb3f8f6 54a11cbcd7a32af4 81bd116c786bf9ae bd713b37b67866c3 62431fd374eb99fb b9d966ad9e04127a 50cb6a6c60ad711a 522bd6887960c25d 81b639b74256b45b 64b31699d7d15934 3c565c1fc2316d16 0e45c4c185f35df6 8dedff0a79784abc
363,5867d40811c0229f feddfcf56818968e 6a3919ad9ed8197e 96445bec1579ec97 b24820ae14e16a24 964a50d33717c26d 0bcaac840d5e66d7 ced9c56f2be86774 9fbffc521da97c54 781f4d0147aef776 3c565c1fc2316d16 62431fd374eb99fb 24c47959ea77b15b f48d0fbea7dc2782 4b29fc21f912754d 0f4c71d341e2d939 cea18be9a89d7a81 a76ffccd2f5df1a7 b6e72edcad270be0 4d954d933e606b70 ddf332f2b55a2a23 3e66b4855d0dddbe 172bc0ee09332ae9 6406fcdb7d87b5dc a2c35fdf07a13286 66ccd03c9e03ac06 54a11cbcd7a32af4 bd713b37b67866c3 81bd116c786bf9ae 404031ab9d5977c4
364,4f2fffd7528de786 7e4a4a1300b77a06 db0e648651f4c92b bbbd5d2fd957e8f7 5430097e23000368 49b5678e0d1e5bcd 7d83ffe83f61bdc4 ae77487a89f2610c 1ba7a50457e93996 666bdff4faa513ca 5b4c879fc9c316fb cc507a0d6fcf4a1c 66ccd03c9e03ac06 a2c35fdf07a13286 07f22a7ad7e4711d 24c47959ea77b15b 3c565c1fc2316d16 62431fd374eb99fb a853f13216170123 d257d1fbcf43abd5 3e66b4855d0dddbe f48d0fbea7dc2782 b6e72edcad270be0 a76ffccd2f5df1a7 4b29fc21f912754d ddf332f2b55a2a23 0f4c71d341e2d939 cea18be9a89d7a81 4d954d933e606b70 92f42fbd0c38f7fd
365,0220a434aa8bf029 238ec735a13a3f09 52e459a551d4ac2d d6ed7e4b14c51296 9b2adcf4041227d7 da904d2a54ff8cf2 7d83ffe83f61bdc4 e7828f0ea9749505 898a4921ab9f4cce cec2eea2a1fe566a 976baf0e84752a68 d64c06baf5ef1c90 4483bbdd3241f11a c810ac016901e8ac 36d33c41812ce7dc 3d93a60f990a0a7c 453bc79164d57a01 61ba7707ef6a5a99 b0bfe0f426275870 047769588be1aea9 0b774cf90856c4da b7d7d9ae1cbe0d8a 055d895a3b26e466 b78189788d563693 f05fa5f57dc03e81 9d5edf3b993fee50 d64c7c3b658689f4 5bf89d11a25121d9 ff88049e61f0f4ef fd30682593995748
366,238ec735a13a3f09 52e459a551d4ac2d 5430097e23000368 ee3ed9a3f51336cd 6461a9faa871b3ac db0e648651f4c92b af8e70f978cd5aee bbbd5d2fd957e8f7 7d83ffe83f61bdc4 5057551fc55e9ed2 49b5678e0d1e5bcd 8df3f13d6af34cb3 a1314cd417504572 cba7e22bb383083a b0b5e62a93a2c37c da904d2a54ff8cf2 00d9f8d3f7d412b3 9f27aa36c1ea793c 9b2adcf4041227d7 37001ade0df85823 c05f45f86d0771d5 d6ed7e4b14c51296 0220a434aa8bf029 e7828f0ea9749505 83f8aca6ee2caabc cc861214a89ef1f4 c810ac016901e8ac 7e4a4a1300b77a06 d72363ddd958d906 f28fb3d9880c5d4c
367,0708923badf2ff5d b0e254dd420faee3 0eedb1a0d3b8ddae 6ae470a7c9ec20fd 52370bea1acd0600 4d7653ea9499eed4 9a0f5ee4f845c9b2 0bcaac840d5e66d7 c28bc62802b90f82 47fbe21f5c35c7b4 3986b68500d7704b 3fa57d488e979d74 ff88049e61f0f4ef e0269da736ddf004 bd713b37b67866c3 fd30682593995748 2a06f5614060e3b6 39f6296778264878 702d8f1064ab3e30 e7cad3748e50b0f8 734dabb98795c35c 942a7d26d81c841f bd0f175ee98c613e ae94d8435a6847f4 b6d0f83aad4e4dc7 b24820ae14e16a24 622f2e4119882c94 bbbd5d2fd957e8f7 af8e70f978cd5aee 5ebb4d2f5f1c1f13
368,63d509cd2a2e0e47 07be6a290720707d e8ad5e31484ef889 1398b478b71773ed 3e66b4855d0dddbe 855f2f0354e102c7 128d583954b18074 d73a65673e3f1d78 cc507a0d6fcf4a1c 5b4c879fc9c316fb 24c47959ea77b15b a853f13216170123 3c565c1fc2316d16 62431fd374eb99fb ddf332f2b55a2a23 4b29fc21f912754d 4d954d933e606b70 f48d0fbea7dc2782 cea18be9a89d7a81 0f4c71d341e2d939 a76ffccd2f5df1a7 b6e72edcad270be0 172bc0ee09332ae9 4f2fffd7528de786 07f22a7ad7e4711d 666bdff4faa513ca 6406fcdb7d87b5dc a2c35fdf07a13286 66ccd03c9e03ac06 404031ab9d5977c4
369,cc2cc23a98c14c33 204ec91c39d1479d 47fbe21f5c35c7b4 52370bea1acd0600 4d7653ea9499eed4 9a0f5ee4f845c9b2 0bcaac840d5e66d7 c28bc62802b90f82 bbbd5d2fd957e8f7 3986b68500d7704b 3fa57d488e979d74 ff88049e61f0f4ef e0269da736ddf004 bd713b37b67866c3 fd30682593995748 2a06f5614060e3b6 39f6296778264878 e25a1da6ca187350 702d8f1064ab3e30 e7cad3748e50b0f8 0708923badf2ff5d 734dabb98795c35c 942a7d26d81c841f bd0f175ee98c613e ae94d8435a6847f4 b6d0f83aad4e4dc7 b24820ae14e16a24 cea18be9a89d7a81 4b8c7061102517ef af8e70f978cd5aee
370,9fda36f260eec24e 7ee52d2519eea367 20db73cf07a45f71 05e4165a56bf50eb 42bb83d7c4b9ecae 95d25d38ba7df9c7 b6a1c97f19af78d0 bd713b37b67866c3 54a11cbcd7a32af4 81bd116c786bf9ae 81b639b74256b45b 522bd6887960c25d b9d966ad9e04127a f1a3b8b13e9401c0 64b31699d7d15934 395b26d91f98bd92 ee3ed9a3f51336cd 238ec735a13a3f09 52e459a551d4ac2d 49b5678e0d1e5bcd af8e70f978cd5aee bbbd5d2fd957e8f7 db0e648651f4c92b 5430097e23000368 0220a434aa8bf029 5057551fc55e9ed2 7d83ffe83f61bdc4 6461a9faa871b3ac d6ed7e4b14c51296 00d9f8d3f7d412b3
371,52e459a551d4ac2d da904d2a54ff8cf2 b0b5e62a93a2c37c 238ec735a13a3f09 5057551fc55e9ed2 d6ed7e4b14c51296 7d83ffe83f61bdc4 00d9f8d3f7d412b3 5430097e23000368 49b5678e0d1e5bcd c05f45f86d0771d5 db0e648651f4c92b a1314cd417504572 9b2adcf4041227d7 bbbd5d2fd957e8f7 af8e70f978cd5aee ee3ed9a3f51336cd 0220a434aa8bf029 e7828f0ea9749505 8df3f13d6af34cb3 6461a9faa871b3ac cba7e22bb383083a 9f27aa36c1ea793c 37001ade0df85823 2dd12c230ab22555 2bafd15871caae91 c810ac016901e8ac cec2eea2a1fe566a 898a4921ab9f4cce 7e4a4a1300b77a06
372,8b7c486a910dd004 c05f45f86d0771d5 cec2eea2a1fe566a 2e44fbb8bc3d8d71 9100ea6cd0e084bf bd0f175ee98c613e 6cb9ab508a0678a0 b7d7d9ae1cbe0d8a 2820628e65a062e2 1f4f62844c3cb99c 059bbdbdb843af6a 27a12f29dceccdbd f9c6286cff30aaa8 bc27d5dc9bab1c18 26fc2a95df5659c2 c03b11a0cdc3fa39 18b1d2d84c97a364 db7342eff9200020 5570ef88d970e9b4 04fda7c9d8971ec0 c28bc62802b90f82 fab14d178b24a67f 39f6296778264878 025a148c3a53bd9f fc8971756f9ec194 016da874bd04df55 cba7e22bb383083a 316382267dcd804f 74244a8703c03720 8f578001f9d5f543
373,128d583954b18074 d73a65673e3f1d78 d980375fbd40c75f 0195950ce0f47e34 00d9eb862ba3dfc6 8566d15270eb5e83 e878efab7c37179e 5d26da95786b3a3a 8e0760918e88e4a9 828f5dfbbf1272ee 26140b225c4f8d3f 95ecdbff44ad0b60 a860b682add9de1c 9269d2b0d877352d e228204ae08d1355 bf973f9ec3600199 877672967d3f70bb cb3e4ce97e7f2881 a492bd402afd5c71 c36c2dce0e6e434f 4d7653ea9499eed4 fb2ebcb5335ad2e2 e740c80fce094788 95d25d38ba7df9c7 133b04350c75770b 366a22fce0614fb8 4b05967001421eab e1460af4a7044067 1d0f5fdc58e3efb5 5c8c6d9a1fd4c1e0
374,128d583954b18074 d73a65673e3f1d78 238ec735a13a3f09 db0e648651f4c92b af8e70f978cd5aee bbbd5d2fd957e8f7 5430097e23000368 ee3ed9a3f51336cd 6461a9faa871b3ac 8df3f13d6af34cb3 cba7e22bb383083a da904d2a54ff8cf2 b0b5e62a93a2c37c 9b2adcf4041227d7 00d9f8d3f7d412b3 9f27aa36c1ea793c 37001ade0df85823 0220a434aa8bf029 e7828f0ea9749505 d6ed7e4b14c51296 c05f45f86d0771d5 7d83ffe83f61bdc4 5057551fc55e9ed2 49b5678e0d1e5bcd a1314cd417504572 52e459a551d4ac2d 2dd12c230ab22555 2bafd15871caae91 b8e2f75014710ced 4483bbdd3241f11a
375,e228204ae08d1355 3b4a85bac6ead3c8 e878efab7c37179e 9269d2b0d877352d 26140b225c4f8d3f 8e0760918e88e4a9 bf973f9ec3600199 8566d15270eb5e83 95ecdbff44ad0b60 5d26da95786b3a3a 828f5dfbbf1272ee a860b682add9de1c 877672967d3f70bb 81bd116c786bf9ae bd713b37b67866c3 54a11cbcd7a32af4 db0e648651f4c92b 5430097e23000368 238ec735a13a3f09 ee3ed9a3f51336cd 52e459a551d4ac2d 49b5678e0d1e5bcd af8e70f978cd5aee bbbd5d2fd957e8f7 37001ade0df85823 9b2adcf4041227d7 9f27aa36c1ea793c 00d9f8d3f7d412b3 c05f45f86d0771d5 d6ed7e4b14c51296
376,428f9363fa35882d 00e1e2eb13f650e4 63d509cd2a2e0e47 d73a65673e3f1d78 07be6a290720707d e8ad5e31484ef889 1398b478b71773ed 5430097e23000368 bbbd5d2fd957e8f7 238ec735a13a3f09 ee3ed9a3f51336cd 52e459a551d4ac2d db0e648651f4c92b af8e70f978cd5aee cba7e22bb383083a b0b5e62a93a2c37c da904d2a54ff8cf2 37001ade0df85823 00d9f8d3f7d412b3 9b2adcf4041227d7 9f27aa36c1ea793c d6ed7e4b14c51296 0220a434aa8bf029 c05f45f86d0771d5 e7828f0ea9749505 7d83ffe83f61bdc4 5057551fc55e9ed2 49b5678e0d1e5bcd a1314cd417504572 8df3f13d6af34cb3
377,0772e3ab293a1f30 128d583954b18074 d73a65673e3f1d78 99e833818ec4bbf2 a65e30106ea50423 87c5481930cfe126 65ad9c583823162d 0647acc4602d4e8f dc12cc503ac0eddb 65708d542bd01f39 fa173131f15f5534 01b3da54ffb158a0 a5d5ba33b5b1dc95 455fde214d16d350 10ad13170242ecae 29968e8fd13539f8 4d32dae7b43c489a aa0789b403bcd839 d7d937303a6d5a9d f209d29f991432f0 f49e13a653cbdad2 88b62355670ec8f8 3e8e56f639a5db5b 061f3e1feeaa3094 01e5a6edcee7deb0 e6a29676c096f8e8 43b3338423d7386c 1c3b74a02a86467d 1efd7bd8a34a1359 95166957b2c38794
378,db69d4cbfef8d22f f2e30efbd27bee51 f76f44d372517a9a 3734d3b0b9232538 9cf6709de35bf0f3 f44f74b3451aa593 c5830f9d0f1e29e5 5057551fc55e9ed2 da904d2a54ff8cf2 7d83ffe83f61bdc4 52e459a551d4ac2d d6ed7e4b14c51296 00d9f8d3f7d412b3 238ec735a13a3f09 49b5678e0d1e5bcd 5430097e23000368 db0e648651f4c92b c05f45f86d0771d5 cba7e22bb383083a bbbd5d2fd957e8f7 9b2adcf4041227d7 af8e70f978cd5aee ee3ed9a3f51336cd 0220a434aa8bf029 37001ade0df85823 a1314cd417504572 8df3f13d6af34cb3 6461a9faa871b3ac 9f27aa36c1ea793c e7828f0ea9749505
379,128d583954b18074 d73a65673e3f1d78 5547f9f1638ac345 0add47a043c64d7f 4b05967001421eab 97d696011258825c 01e5a6edcee7deb0 43b3338423d7386c f49e13a653cbdad2 88b62355670ec8f8 eab15ee21e126f6a b84b6c0b2e4d0306 42bb83d7c4b9ecae eff60ceea8817dad 4e966bb2768c2b8a 2394b08708475900 419b5dc40744fb9b 01020d1b0821f4c7 d5805cdb9e8f0f48 f58ff7f1a6cde683 a04d6febd82a4389 0b0021aa60d05daa 54f55c74d37db3c0 ec4ef2f727e7a03f 095bb1b6ecbd0a50 bb7515be835dea49 73391e0853c1e040 65708d542bd01f39 8699cc5dd4159b69 828f5dfbbf1272ee
380,a017f3358d5327aa 128d583954b18074 d73a65673e3f1d78 ee3ed9a3f51336cd b0b5e62a93a2c37c 52e459a551d4ac2d 5057551fc55e9ed2 c05f45f86d0771d5 da904d2a54ff8cf2 d6ed7e4b14c51296 37001ade0df85823 7d83ffe83f61bdc4 00d9f8d3f7d412b3 5430097e23000368 49b5678e0d1e5bcd 8df3f13d6af34cb3 db0e648651f4c92b cba7e22bb383083a 9f27aa36c1ea793c 6461a9faa871b3ac 238ec735a13a3f09 bbbd5d2fd957e8f7 9b2adcf4041227d7 af8e70f978cd5aee e7828f0ea9749505 a1314cd417504572 0220a434aa8bf029 f28fb3d9880c5d4c 36d33c41812ce7dc 976baf0e84752a68
381,d64c06baf5ef1c90 36d33c41812ce7dc c810ac016901e8ac f28fb3d9880c5d4c a677c3a76055a6d2 2dd12c230ab22555 6e1b6b53c9710940 d72363ddd958d906 b8e2f75014710ced cc861214a89ef1f4 83f8aca6ee2caabc 2bafd15871caae91 453bc79164d57a01 3d93a60f990a0a7c cba7e22bb383083a e5fb8dc5c9cb4a19 42c9b72cc77dcb28 059bbdbdb843af6a 8b7c486a910dd004 4105533fe46dfba9 0c2eeab1e4ce1db8 52e459a551d4ac2d 238ec735a13a3f09 d6ed7e4b14c51296 e7828f0ea9749505 da904d2a54ff8cf2 9b2adcf4041227d7 7d83ffe83f61bdc4 4483bbdd3241f11a 976baf0e84752a68
382,fc8971756f9ec194 2b48ab08c915c0ad 9d5edf3b993fee50 64907c4568244eb4 0b774cf90856c4da a84cd36608cb8665 120e745e2961b5d5 fd30682593995748 7c9248ed6224aa26 00ff646ca6637bd7 451e7ba901ad661d 537a55eda51a3f60 059bbdbdb843af6a d72363ddd958d906 83f8aca6ee2caabc 453bc79164d57a01 cba7e22bb383083a 8b7c486a910dd004 9c9a9d45c2ea7ddf 2bafd15871caae91 b8e2f75014710ced a677c3a76055a6d2 f28fb3d9880c5d4c 36d33c41812ce7dc d64c06baf5ef1c90 cc861214a89ef1f4 2dd12c230ab22555 6e1b6b53c9710940 c810ac016901e8ac 2e44fbb8bc3d8d71
383,c14d5b16840d3032 128d583954b18074 d73a65673e3f1d78 c31a456b544a40a8 4d7653ea9499eed4 9a0f5ee4f845c9b2 0bcaac840d5e66d7 c28bc62802b90f82 702d8f1064ab3e30 3986b68500d7704b 3fa57d488e979d74 ff88049e61f0f4ef e0269da736ddf004 bd713b37b67866c3 fd30682593995748 2a06f5614060e3b6 39f6296778264878 e25a1da6ca187350 52370bea1acd0600 e7cad3748e50b0f8 0708923badf2ff5d 734dabb98795c35c 942a7d26d81c841f bd0f175ee98c613e ae94d8435a6847f4 b6d0f83aad4e4dc7 b24820ae14e16a24 622f2e4119882c94 47fbe21f5c35c7b4 af8e70f978cd5aee
384,128d583954b18074 d73a65673e3f1d78 52370bea1acd0600 285657fcdf89f00d 0451447dd64f6284 b6a1c97f19af78d0 4f915ad69e1dca36 8dedff0a79784abc 50cb6a6c60ad711a 395b26d91f98bd92 f1a3b8b13e9401c0 3b6d27775fce1c7b c015590d6a6fe833 28a2067685cb3e97 24e582daf6f87158 a60934e6b473097a 7c8324ce28ffb96e 404031ab9d5977c4 35488b3b8b781278 3a6e7894dde31c67 e9c20b67a4c5395f e740c80fce094788 cb3e4ce97e7f2881 b2ee9eea2d974c90 2e79d45ba4d1540d 133b04350c75770b 0f33ce8d8014f308 c143c095983a65c2 4beacc71024f8b08 aa0789b403bcd839
385,db69d4cbfef8d22f f76f44d372517a9a c5830f9d0f1e29e5 f2e30efbd27bee51 9cf6709de35bf0f3 3734d3b0b9232538 f44f74b3451aa593 b3e75fdca5ca2f1a b0bfe0f426275870 9100ea6cd0e084bf 636224e349e561bf 589ef345cb2dccfc 955e465ce0788ea6 abf90e759d208468 942a7d26d81c841f bd0f175ee98c613e 8fc68213b63951dc ec4ef2f727e7a03f 6c017e548aa138f2 1ba7a50457e93996 8faeacf8ca08f62d 5b16bae6a0de7c88 eec6b281e236b500 528161039994b4dc 095bb1b6ecbd0a50 b3ad55963554f220 f46601a9955f9949 54f55c74d37db3c0 016da874bd04df55 413c55a5ab86881a
386,1fe79c7de59ff6c6 63d509cd2a2e0e47 07be6a290720707d e8ad5e31484ef889 1398b478b71773ed e25a1da6ca187350 e8b87ed7db1bcb1f ba5199dba342af68 c1f2e3a76d388944 e403278468d84383 3c0873ce078d332b ca4de5b8a7bda9df 83b911ff0ff45844 1dc7139adba034ec 0add47a043c64d7f d1e21234d7cc61d2 a017f3358d5327aa db0e648651f4c92b 49b5678e0d1e5bcd 00d9f8d3f7d412b3 0220a434aa8bf029 e7828f0ea9749505 d6ed7e4b14c51296 c05f45f86d0771d5 6461a9faa871b3ac 238ec735a13a3f09 ee3ed9a3f51336cd 52e459a551d4ac2d af8e70f978cd5aee bbbd5d2fd957e8f7
387,70776cdd9bb3b7d4 0d0368139e9a647f 72403ecdfe02bba6 387e9cd2e5d4ea7d 00140806971e7a73 0fbd0f422e926816 f2234bb7ce0c6f59 a9eef13786610446 b749972436ac9791 09660f466b38b7ba 05f23e7d05dbf7c2 f58ff7f1a6cde683 5b16bae6a0de7c88 abf90e759d208468 01020d1b0821f4c7 64267373570e4ea3 73391e0853c1e040 46b99f864d6a075a f705b637f624147e f9c6286cff30aaa8 c08c3765ac609cc0 e7cad3748e50b0f8 4a5ac473c9d176ba b6d0f83aad4e4dc7 8d58da0e1800dc96 d35e11d3d1ab3c67 b29ab87af6ea6310 a14394322cf7043d ac9ee0c09b538140 5989fb934598c1a7
388,09bbaa171c20bae3 e22c35101e190db9 48f93f9c2c699e19 ec1b3d7ccd3984d0 27bc34b9887bec0d 3cb6b40d377e7ca8 0a79fabc6f5d93c9 45630e1451157ff3 4fe9e4e55585ba4b 8699cc5dd4159b69 25145708d494530b 3d6880bd12f6613f 03dfe518713e006c 7155e5a86136eb02 a813c15b46ceaf68 07f22a7ad7e4711d 666bdff4faa513ca 4f2fffd7528de786 34a62e66e05f9a44 66ccd03c9e03ac06 90ecb28f2edb9d43 a853f13216170123 c36c2dce0e6e434f 9f4e0d572b1f4e6c 1a05ef8c93af8eed 855f2f0354e102c7 4b29fc21f912754d 81b7c7e312bfa1a0 48cf88c17ff38c5e ddf332f2b55a2a23
389,a017f3358d5327aa a860b682add9de1c 9269d2b0d877352d 877672967d3f70bb bf973f9ec3600199 8566d15270eb5e83 828f5dfbbf1272ee 95d25d38ba7df9c7 4b05967001421eab e1460af4a7044067 e740c80fce094788 fb2ebcb5335ad2e2 96e82fa141db9a4b d16da1fb61813db9 26140b225c4f8d3f e878efab7c37179e 8e0760918e88e4a9 95ecdbff44ad0b60 e228204ae08d1355 5d26da95786b3a3a da904d2a54ff8cf2 a1314cd417504572 9b2adcf4041227d7 b0b5e62a93a2c37c 52e459a551d4ac2d 238ec735a13a3f09 c05f45f86d0771d5 d6ed7e4b14c51296 5057551fc55e9ed2 9f27aa36c1ea793c
390,eff60ceea8817dad 52e459a551d4ac2d 5057551fc55e9ed2 238ec735a13a3f09 8df3f13d6af34cb3 c05f45f86d0771d5 e7828f0ea9749505 d6ed7e4b14c51296 7d83ffe83f61bdc4 9f27aa36c1ea793c 37001ade0df85823 cba7e22bb383083a 6461a9faa871b3ac ee3ed9a3f51336cd 9b2adcf4041227d7 bbbd5d2fd957e8f7 49b5678e0d1e5bcd db0e648651f4c92b 5430097e23000368 af8e70f978cd5aee da904d2a54ff8cf2 b0b5e62a93a2c37c 0220a434aa8bf029 a1314cd417504572 00d9f8d3f7d412b3 cec2eea2a1fe566a c810ac016901e8ac b8e2f75014710ced 898a4921ab9f4cce 2bafd15871caae91
391,bfb8032f2183d471 6204e398d8c7f888 4bed80e56ea2e099 83f8f2fc471cad74 b2ee9eea2d974c90 4577ae048ef1967d 2e4b00c01d58e79e bee46c54461925d0 4535ce2e3dced00f 57113c2a4cacd961 7c98dedd223b36c0 419b5dc40744fb9b 8643165b0f53df11 050544c040f46152 ae77487a89f2610c 5430097e23000368 ee3ed9a3f51336cd 52e459a551d4ac2d 238ec735a13a3f09 7d83ffe83f61bdc4 49b5678e0d1e5bcd bbbd5d2fd957e8f7 db0e648651f4c92b c05f45f86d0771d5 e7828f0ea9749505 0220a434aa8bf029 5057551fc55e9ed2 af8e70f978cd5aee 6461a9faa871b3ac 9f27aa36c1ea793c
392,10ad13170242ecae 4a5ac473c9d176ba e7dd56376be2cf1c ca43e349133fc0e3 72b80b099fd64ec4 b05b5f6850cfa158 19e8f436d4b2fc25 6899956cd6c683f0 f25bfcffedaccf28 92f42fbd0c38f7fd cc0c9419f8a20603 7f95168400948588 45bd99d5d2eef776 5547f9f1638ac345 0add47a043c64d7f 43c354dbf952caaa 2cebd52b41930f0a 52aa48c07b34dc88 16b11706660177ff c05f45f86d0771d5 8df3f13d6af34cb3 37001ade0df85823 9b2adcf4041227d7 cba7e22bb383083a b0b5e62a93a2c37c 52e459a551d4ac2d ee3ed9a3f51336cd 238ec735a13a3f09 5430097e23000368 a1314cd417504572
393,3d6880bd12f6613f 00e1e2eb13f650e4 54f55c74d37db3c0 01020d1b0821f4c7 f58ff7f1a6cde683 ec4ef2f727e7a03f 73391e0853c1e040 a04d6febd82a4389 095bb1b6ecbd0a50 bb7515be835dea49 0b0021aa60d05daa d5805cdb9e8f0f48 8566d15270eb5e83 877672967d3f70bb 8699cc5dd4159b69 33856365c271aea4 65708d542bd01f39 19e8f436d4b2fc25 a65e30106ea50423 393f49286db04aeb dc12cc503ac0eddb 0647acc4602d4e8f 9269d2b0d877352d 46b99f864d6a075a d216e5458ad70e60 40583079f57235a6 b6cdb608f640e038 99e833818ec4bbf2 b05b5f6850cfa158 fb8bd6b95eb4702a
394,e8ad5e31484ef889 aa967ad3c1f65a29 128d583954b18074 d73a65673e3f1d78 fb8bd6b95eb4702a d216e5458ad70e60 d63b7f083330247f 8a5635c748344d47 8bf446c0455e3c5c 3ca7964973437917 e8684734f2e587bd 60a070db9f1869b5 b6e646c13d0753ae d5952b2e031c4e7e 1d12acf7349196b0 da7d3c2d591c4295 73f770f2643a2135 34a62e66e05f9a44 955e465ce0788ea6 5fb2d8e734956af0 b69ce8b8154645f8 622f2e4119882c94 29bedd00fb2be056 22756be6fd061d4c 01ecc81f6341e902 4e966bb2768c2b8a 5ebb4d2f5f1c1f13 a982b5c3aed39396 49224aca40e6e5e3 a52df8083c238c46
395,5bf89d11a25121d9 238ec735a13a3f09 6461a9faa871b3ac 52e459a551d4ac2d bbbd5d2fd957e8f7 5430097e23000368 ee3ed9a3f51336cd af8e70f978cd5aee db0e648651f4c92b cba7e22bb383083a da904d2a54ff8cf2 b0b5e62a93a2c37c a1314cd417504572 9b2adcf4041227d7 9f27aa36c1ea793c 37001ade0df85823 d6ed7e4b14c51296 00d9f8d3f7d412b3 c05f45f86d0771d5 e7828f0ea9749505 0220a434aa8bf029 5057551fc55e9ed2 7d83ffe83f61bdc4 49b5678e0d1e5bcd 8df3f13d6af34cb3 b8e2f75014710ced 2dd12c230ab22555 a677c3a76055a6d2 898a4921ab9f4cce 4483bbdd3241f11a
396,0e45c4c185f35df6 bd713b37b67866c3 81bd116c786bf9ae 54a11cbcd7a32af4 f1a3b8b13e9401c0 395b26d91f98bd92 b9d966ad9e04127a 5897953fdf87b60f 64b31699d7d15934 24c47959ea77b15b 8dedff0a79784abc 3c565c1fc2316d16 81b639b74256b45b 62431fd374eb99fb 9fda36f260eec24e 50cb6a6c60ad711a 4f915ad69e1dca36 522bd6887960c25d 28a2067685cb3e97 59c231f8fd21260c 0f4c71d341e2d939 a76ffccd2f5df1a7 05e4165a56bf50eb b6e72edcad270be0 cea18be9a89d7a81 52370bea1acd0600 c015590d6a6fe833 f48d0fbea7dc2782 0db6584e3bdfa1c4 4d954d933e606b70
397,d216e5458ad70e60 d63b7f083330247f fb8bd6b95eb4702a 8a5635c748344d47 8699cc5dd4159b69 4fe9e4e55585ba4b 8bf446c0455e3c5c 3ca7964973437917 ee3ed9a3f51336cd 5430097e23000368 6461a9faa871b3ac db0e648651f4c92b 52e459a551d4ac2d 7d83ffe83f61bdc4 af8e70f978cd5aee bbbd5d2fd957e8f7 49b5678e0d1e5bcd e7828f0ea9749505 0220a434aa8bf029 5057551fc55e9ed2 b0b5e62a93a2c37c da904d2a54ff8cf2 8df3f13d6af34cb3 9f27aa36c1ea793c 37001ade0df85823 9b2adcf4041227d7 d6ed7e4b14c51296 00d9f8d3f7d412b3 c05f45f86d0771d5 238ec735a13a3f09
398,128d583954b18074 d73a65673e3f1d78 ee3ed9a3f51336cd b0b5e62a93a2c37c 52e459a551d4ac2d da904d2a54ff8cf2 c05f45f86d0771d5 5057551fc55e9ed2 d6ed7e4b14c51296 37001ade0df85823 7d83ffe83f61bdc4 00d9f8d3f7d412b3 5430097e23000368 49b5678e0d1e5bcd db0e648651f4c92b 8df3f13d6af34cb3 cba7e22bb383083a 9f27aa36c1ea793c 6461a9faa871b3ac 238ec735a13a3f09 9b2adcf4041227d7 bbbd5d2fd957e8f7 0220a434aa8bf029 a1314cd417504572 e7828f0ea9749505 af8e70f978cd5aee 2bafd15871caae91 c810ac016901e8ac 2dd12c230ab22555 83f8aca6ee2caabc
399,1a8e5d6512d9e2d8 ecb768ef6fd223ca bd9cd6b87a4fe0ce 155600e5f1221f8c 976baf0e84752a68 190ab585fd379f0f 2820628e65a062e2 6461a9faa871b3ac 5c4b7558c942a224 128d583954b18074 d73a65673e3f1d78 54a11cbcd7a32af4 81bd116c786bf9ae bd713b37b67866c3 3c565c1fc2316d16 24c47959ea77b15b 8dedff0a79784abc 4f915ad69e1dca36 50cb6a6c60ad711a 81b639b74256b45b b9d966ad9e04127a 395b26d91f98bd92 64b31699d7d15934 9fda36f260eec24e 0e45c4c185f35df6 5897953fdf87b60f 522bd6887960c25d 62431fd374eb99fb f1a3b8b13e9401c0 0f4c71d341e2d939
400,74e59c5820900b17 c08c3765ac609cc0 05f23e7d05dbf7c2 2359719a0f40ffac 44d324ebd3e22ad7 e14a893f1918277e f2234bb7ce0c6f59 f705b637f624147e 8d58da0e1800dc96 e7cad3748e50b0f8 00140806971e7a73 2810fb6f81d1711c a9eef13786610446 5b34da30b93eb123 65fac1ba1840000f ffc688c4c1c2a068 42a5cae2a3a45557 b749972436ac9791 2a06f5614060e3b6 bed3e73d52011f68 3fa57d488e979d74 4d417b203b333363 dac29ed8400b50cc 0d0368139e9a647f 54f55c74d37db3c0 050544c040f46152 0fbd0f422e926816 4a5ac473c9d176ba 63d95d5977c2fe98 6d80d2e62d01f6bc
401,c08c3765ac609cc0 05f23e7d05dbf7c2 f2234bb7ce0c6f59 00140806971e7a73 e7cad3748e50b0f8 f705b637f624147e b749972436ac9791 a9eef13786610446 8d58da0e1800dc96 0d0368139e9a647f 4a5ac473c9d176ba 0fbd0f422e926816 74e59c5820900b17 2359719a0f40ffac 44d324ebd3e22ad7 42a5cae2a3a45557 e14a893f1918277e 65fac1ba1840000f 2810fb6f81d1711c 5b34da30b93eb123 ffc688c4c1c2a068 63d95d5977c2fe98 2a06f5614060e3b6 bed3e73d52011f68 3fa57d488e979d74 abf90e759d208468 72403ecdfe02bba6 5b16bae6a0de7c88 70776cdd9bb3b7d4 4d417b203b333363
402,62431fd374eb99fb 3c565c1fc2316d16 24c47959ea77b15b 64b31699d7d15934 b6e72edcad270be0 cea18be9a89d7a81 0f4c71d341e2d939 4b29fc21f912754d f48d0fbea7dc2782 ddf332f2b55a2a23 a76ffccd2f5df1a7 4d954d933e606b70 0db6584e3bdfa1c4 3e66b4855d0dddbe 6406fcdb7d87b5dc 172bc0ee09332ae9 66ccd03c9e03ac06 a2c35fdf07a13286 bd713b37b67866c3 54a11cbcd7a32af4 81bd116c786bf9ae 404031ab9d5977c4 522bd6887960c25d 9fda36f260eec24e 0e45c4c185f35df6 395b26d91f98bd92 f1a3b8b13e9401c0 b9d966ad9e04127a 5897953fdf87b60f 4f915ad69e1dca36
403,af41e2b6da3e7e02 e228204ae08d1355 e878efab7c37179e 9269d2b0d877352d 8566d15270eb5e83 95ecdbff44ad0b60 877672967d3f70bb 26140b225c4f8d3f a860b682add9de1c 828f5dfbbf1272ee bf973f9ec3600199 5d26da95786b3a3a 8e0760918e88e4a9 cb3e4ce97e7f2881 a492bd402afd5c71 e1460af4a7044067 4b05967001421eab 95d25d38ba7df9c7 c36c2dce0e6e434f fb2ebcb5335ad2e2 e740c80fce094788 133b04350c75770b 4d7653ea9499eed4 366a22fce0614fb8 1d0f5fdc58e3efb5 ddb3810e0289c148 939a1f686ea36c05 96e82fa141db9a4b 1a05ef8c93af8eed d16da1fb61813db9
404,46b99f864d6a075a 0d0368139e9a647f 64267373570e4ea3 f58ff7f1a6cde683 73391e0853c1e040 01020d1b0821f4c7 70776cdd9bb3b7d4 72403ecdfe02bba6 5b16bae6a0de7c88 abf90e759d208468 387e9cd2e5d4ea7d a9eef13786610446 b6d0f83aad4e4dc7 00140806971e7a73 e7cad3748e50b0f8 0fbd0f422e926816 8d58da0e1800dc96 f2234bb7ce0c6f59 f705b637f624147e 4a5ac473c9d176ba c08c3765ac609cc0 d35e11d3d1ab3c67 f9c6286cff30aaa8 b749972436ac9791 09660f466b38b7ba 05f23e7d05dbf7c2 b29ab87af6ea6310 a14394322cf7043d ac9ee0c09b538140 63d95d5977c2fe98
405,6e239f4dd4b6aed7 c08c3765ac609cc0 d73a65673e3f1d78 0d0368139e9a647f 05f23e7d05dbf7c2 64b31699d7d15934 8d58da0e1800dc96 b749972436ac9791 e7cad3748e50b0f8 00140806971e7a73 a9eef13786610446 0fbd0f422e926816 f2234bb7ce0c6f59 4a5ac473c9d176ba f705b637f624147e 0db6584e3bdfa1c4 81bd116c786bf9ae 54a11cbcd7a32af4 bd713b37b67866c3 5b34da30b93eb123 42a5cae2a3a45557 65fac1ba1840000f 8e83d05923cde390 249bf372159f33e9 7eec211cc37a1b05 0c15f252d30646fc 62431fd374eb99fb 81b639b74256b45b 9fda36f260eec24e 8dedff0a79784abc
406,a017f3358d5327aa 128d583954b18074 d73a65673e3f1d78 52e459a551d4ac2d af8e70f978cd5aee db0e648651f4c92b bbbd5d2fd957e8f7 ee3ed9a3f51336cd 00d9f8d3f7d412b3 9f27aa36c1ea793c 9b2adcf4041227d7 d6ed7e4b14c51296 5057551fc55e9ed2 7d83ffe83f61bdc4 e7828f0ea9749505 0220a434aa8bf029 49b5678e0d1e5bcd a1314cd417504572 b0b5e62a93a2c37c da904d2a54ff8cf2 37001ade0df85823 8df3f13d6af34cb3 cba7e22bb383083a c05f45f86d0771d5 238ec735a13a3f09 6461a9faa871b3ac 5430097e23000368 b8e2f75014710ced 2dd12c230ab22555 83f8aca6ee2caabc
407,898a4921ab9f4cce 2e44fbb8bc3d8d71 2820628e65a062e2 1f4f62844c3cb99c 9100ea6cd0e084bf bd0f175ee98c613e b7d7d9ae1cbe0d8a 6cb9ab508a0678a0 059bbdbdb843af6a 016da874bd04df55 fc8971756f9ec194 26fc2a95df5659c2 bc27d5dc9bab1c18 27a12f29dceccdbd c28bc62802b90f82 39f6296778264878 18b1d2d84c97a364 74244a8703c03720 f9c6286cff30aaa8 c03b11a0cdc3fa39 fab14d178b24a67f 04fda7c9d8971ec0 316382267dcd804f cba7e22bb383083a 025a148c3a53bd9f 5570ef88d970e9b4 db7342eff9200020 c810ac016901e8ac d92c0298f76ccf77 a677c3a76055a6d2
408,9f27aa36c1ea793c 61ba7707ef6a5a99 e5fb8dc5c9cb4a19 ee3ed9a3f51336cd 238ec735a13a3f09 db0e648651f4c92b 49b5678e0d1e5bcd 6461a9faa871b3ac af8e70f978cd5aee 7d83ffe83f61bdc4 bbbd5d2fd957e8f7 a1314cd417504572 da904d2a54ff8cf2 0220a434aa8bf029 cba7e22bb383083a 8df3f13d6af34cb3 9b2adcf4041227d7 d6ed7e4b14c51296 00d9f8d3f7d412b3 37001ade0df85823 c05f45f86d0771d5 5057551fc55e9ed2 e7828f0ea9749505 5430097e23000368 52e459a551d4ac2d b0b5e62a93a2c37c 7e4a4a1300b77a06 898a4921ab9f4cce cc861214a89ef1f4 a677c3a76055a6d2
409,28403e62105b00f6 9ab90dfc5c9b0b37 f6d23cdd2359f7c0 ce8cb4351b8c0f6e 7f29daa16b9b4cda 919b1679fffa7ef1 ee3ed9a3f51336cd 52e459a551d4ac2d 5057551fc55e9ed2 c05f45f86d0771d5 b0b5e62a93a2c37c d6ed7e4b14c51296 da904d2a54ff8cf2 7d83ffe83f61bdc4 37001ade0df85823 00d9f8d3f7d412b3 bbbd5d2fd957e8f7 49b5678e0d1e5bcd 5430097e23000368 8df3f13d6af34cb3 db0e648651f4c92b 9f27aa36c1ea793c cba7e22bb383083a 6461a9faa871b3ac 238ec735a13a3f09 9b2adcf4041227d7 af8e70f978cd5aee a1314cd417504572 0220a434aa8bf029 e7828f0ea9749505
410,bb7515be835dea49 a04d6febd82a4389 0b0021aa60d05daa d5805cdb9e8f0f48 393f49286db04aeb 33856365c271aea4 a292248bb2bffb3d 942a7d26d81c841f f46601a9955f9949 1f4f62844c3cb99c de35d2410e916471 39075e303166355e 12af6a34778710db 528161039994b4dc b3ad55963554f220 8faeacf8ca08f62d 4491016efed845f1 8fc68213b63951dc ec4ef2f727e7a03f 095bb1b6ecbd0a50 daa257a37227cd72 ae94d8435a6847f4 42a5cae2a3a45557 da011b87595c1019 ffa9091747ae2466 ce2fe99a7cda4a17 40583079f57235a6 c606425856952286 a52df8083c238c46 8f578001f9d5f543
411,28a2067685cb3e97 a017f3358d5327aa a60934e6b473097a 50cb6a6c60ad711a 4f915ad69e1dca36 8dedff0a79784abc 52370bea1acd0600 c015590d6a6fe833 3b6d27775fce1c7b 24e582daf6f87158 285657fcdf89f00d 40583079f57235a6 81bd116c786bf9ae bd713b37b67866c3 54a11cbcd7a32af4 7c8324ce28ffb96e f1a3b8b13e9401c0 395b26d91f98bd92 9fda36f260eec24e 81b639b74256b45b b9d966ad9e04127a 522bd6887960c25d 64b31699d7d15934 4beacc71024f8b08 0451447dd64f6284 05e4165a56bf50eb 59c231f8fd21260c 999a52f1d301247c ce0f56b7190c268a 42bb83d7c4b9ecae
412,64b31699d7d15934 0db6584e3bdfa1c4 005666aa098abe8e 197fa50b30d91fe8 12af6a34778710db 636224e349e561bf a5f55580081236f4 bd713b37b67866c3 81bd116c786bf9ae 54a11cbcd7a32af4 65254e0d209fd66e 5b34da30b93eb123 50cb6a6c60ad711a 5897953fdf87b60f 9fda36f260eec24e 81b639b74256b45b b9d966ad9e04127a 4f915ad69e1dca36 62431fd374eb99fb 8dedff0a79784abc 3c565c1fc2316d16 522bd6887960c25d f1a3b8b13e9401c0 395b26d91f98bd92 0e45c4c185f35df6 24c47959ea77b15b 2a06f5614060e3b6 4b29fc21f912754d ddf332f2b55a2a23 0f4c71d341e2d939
413,d9885881381fd10a 64b31699d7d15934 5ebb4d2f5f1c1f13 0db6584e3bdfa1c4 65708d542bd01f39 a65e30106ea50423 0647acc4602d4e8f 99e833818ec4bbf2 87c5481930cfe126 65ad9c583823162d dc12cc503ac0eddb 455fde214d16d350 a5d5ba33b5b1dc95 fa173131f15f5534 0772e3ab293a1f30 01b3da54ffb158a0 29968e8fd13539f8 f49e13a653cbdad2 88b62355670ec8f8 f209d29f991432f0 aa0789b403bcd839 3e8e56f639a5db5b 061f3e1feeaa3094 d7d937303a6d5a9d 01e5a6edcee7deb0 43b3338423d7386c e6a29676c096f8e8 4d32dae7b43c489a bd713b37b67866c3 81bd116c786bf9ae
414,52e459a551d4ac2d ee3ed9a3f51336cd 9b2adcf4041227d7 37001ade0df85823 b0b5e62a93a2c37c da904d2a54ff8cf2 a1314cd417504572 00d9f8d3f7d412b3 8df3f13d6af34cb3 af8e70f978cd5aee c05f45f86d0771d5 6461a9faa871b3ac e7828f0ea9749505 5057551fc55e9ed2 9f27aa36c1ea793c d6ed7e4b14c51296 cec2eea2a1fe566a 4483bbdd3241f11a 83f8aca6ee2caabc d72363ddd958d906 453bc79164d57a01 61ba7707ef6a5a99 22e8d6734e4121ae 190ab585fd379f0f 8b7c486a910dd004 7c9248ed6224aa26 059bbdbdb843af6a 238ec735a13a3f09 cba7e22bb383083a 5430097e23000368
415,047769588be1aea9 cba7e22bb383083a 36d33c41812ce7dc 6e1b6b53c9710940 2bafd15871caae91 2dd12c230ab22555 cc861214a89ef1f4 d64c06baf5ef1c90 f28fb3d9880c5d4c a677c3a76055a6d2 b8e2f75014710ced d72363ddd958d906 c810ac016901e8ac 83f8aca6ee2caabc 059bbdbdb843af6a 3d93a60f990a0a7c e5fb8dc5c9cb4a19 42c9b72cc77dcb28 453bc79164d57a01 0c2eeab1e4ce1db8 4105533fe46dfba9 8b7c486a910dd004 128d583954b18074 d73a65673e3f1d78 2e44fbb8bc3d8d71 9100ea6cd0e084bf 6cb9ab508a0678a0 b7d7d9ae1cbe0d8a 2820628e65a062e2 bd0f175ee98c613e
416,2cebd52b41930f0a 128d583954b18074 72b80b099fd64ec4 6899956cd6c683f0 ca43e349133fc0e3 b05b5f6850cfa158 19e8f436d4b2fc25 d73a65673e3f1d78 45bd99d5d2eef776 92f42fbd0c38f7fd 0add47a043c64d7f 7f95168400948588 43c354dbf952caaa 5547f9f1638ac345 cc0c9419f8a20603 f25bfcffedaccf28 52aa48c07b34dc88 16b11706660177ff b84b6c0b2e4d0306 1d72229ebcc00faf c11b97f245a9dfd0 a0566ca9daca7778 3fa57d488e979d74 ff88049e61f0f4ef af8e70f978cd5aee 4b8c7061102517ef 622f2e4119882c94 3986b68500d7704b b24820ae14e16a24 bd713b37b67866c3
417,fd57e641d06ebda7 e878efab7c37179e 8e0760918e88e4a9 9269d2b0d877352d e228204ae08d1355 bf973f9ec3600199 26140b225c4f8d3f 95ecdbff44ad0b60 828f5dfbbf1272ee 8566d15270eb5e83 877672967d3f70bb 5d26da95786b3a3a a860b682add9de1c ee3ed9a3f51336cd 238ec735a13a3f09 52e459a551d4ac2d a1314cd417504572 bbbd5d2fd957e8f7 af8e70f978cd5aee 5430097e23000368 db0e648651f4c92b 9f27aa36c1ea793c 00d9f8d3f7d412b3 d6ed7e4b14c51296 c05f45f86d0771d5 e7828f0ea9749505 0220a434aa8bf029 5057551fc55e9ed2 7d83ffe83f61bdc4 49b5678e0d1e5bcd
418,128d583954b18074 d73a65673e3f1d78 238ec735a13a3f09 af8e70f978cd5aee bbbd5d2fd957e8f7 49b5678e0d1e5bcd 5430097e23000368 ee3ed9a3f51336cd 6461a9faa871b3ac db0e648651f4c92b cba7e22bb383083a da904d2a54ff8cf2 b0b5e62a93a2c37c a1314cd417504572 9b2adcf4041227d7 9f27aa36c1ea793c 37001ade0df85823 e7828f0ea9749505 00d9f8d3f7d412b3 d6ed7e4b14c51296 c05f45f86d0771d5 5057551fc55e9ed2 0220a434aa8bf029 7d83ffe83f61bdc4 52e459a551d4ac2d 8df3f13d6af34cb3 2dd12c230ab22555 2bafd15871caae91 b8e2f75014710ced 4483bbdd3241f11a
419,00d9eb862ba3dfc6 0195950ce0f47e34 bd713b37b67866c3 54a11cbcd7a32af4 81bd116c786bf9ae 5430097e23000368 db0e648651f4c92b bbbd5d2fd957e8f7 af8e70f978cd5aee 6461a9faa871b3ac 52e459a551d4ac2d ee3ed9a3f51336cd 238ec735a13a3f09 5057551fc55e9ed2 7d83ffe83f61bdc4 49b5678e0d1e5bcd 0220a434aa8bf029 d6ed7e4b14c51296 00d9f8d3f7d412b3 c05f45f86d0771d5 e7828f0ea9749505 9b2adcf4041227d7 9f27aa36c1ea793c 8df3f13d6af34cb3 37001ade0df85823 cba7e22bb383083a b0b5e62a93a2c37c da904d2a54ff8cf2 a1314cd417504572 b9d966ad9e04127a
420,9cf6709de35bf0f3 f2e30efbd27bee51 db69d4cbfef8d22f 3734d3b0b9232538 f76f44d372517a9a f44f74b3451aa593 c5830f9d0f1e29e5 128d583954b18074 81bd116c786bf9ae bd713b37b67866c3 54a11cbcd7a32af4 d73a65673e3f1d78 64b31699d7d15934 395b26d91f98bd92 9fda36f260eec24e b9d966ad9e04127a 81b639b74256b45b 522bd6887960c25d f1a3b8b13e9401c0 59c231f8fd21260c 05e4165a56bf50eb 42bb83d7c4b9ecae a60934e6b473097a 66ccd03c9e03ac06 a2c35fdf07a13286 9a0f5ee4f845c9b2 0e45c4c185f35df6 50cb6a6c60ad711a 62431fd374eb99fb 3c565c1fc2316d16
421,955e465ce0788ea6 622f2e4119882c94 29bedd00fb2be056 b69ce8b8154645f8 a52df8083c238c46 49224aca40e6e5e3 d257d1fbcf43abd5 5430097e23000368 ee3ed9a3f51336cd bbbd5d2fd957e8f7 db0e648651f4c92b af8e70f978cd5aee 52e459a551d4ac2d 238ec735a13a3f09 a1314cd417504572 7d83ffe83f61bdc4 49b5678e0d1e5bcd 6461a9faa871b3ac 5057551fc55e9ed2 c05f45f86d0771d5 d6ed7e4b14c51296 0220a434aa8bf029 e7828f0ea9749505 9f27aa36c1ea793c 00d9f8d3f7d412b3 9b2adcf4041227d7 37001ade0df85823 cba7e22bb383083a 8df3f13d6af34cb3 da904d2a54ff8cf2
422,0cd920bad11c716d d64c7c3b658689f4 70776cdd9bb3b7d4 b50b4e27b03c7b37 50ba507a268872e1 26f72a4eb15ea8c0 5057551fc55e9ed2 52e459a551d4ac2d c05f45f86d0771d5 d6ed7e4b14c51296 7d83ffe83f61bdc4 b0b5e62a93a2c37c da904d2a54ff8cf2 00d9f8d3f7d412b3 49b5678e0d1e5bcd 238ec735a13a3f09 cba7e22bb383083a db0e648651f4c92b 6461a9faa871b3ac 9f27aa36c1ea793c 8df3f13d6af34cb3 37001ade0df85823 af8e70f978cd5aee ee3ed9a3f51336cd 9b2adcf4041227d7 5430097e23000368 bbbd5d2fd957e8f7 e7828f0ea9749505 a1314cd417504572 0220a434aa8bf029
423,4d29c6922b2d0d56 2dd12c230ab22555 6e1b6b53c9710940 2bafd15871caae91 b8e2f75014710ced 9b0e8cf8153e3b33 e5fb8dc5c9cb4a19 0c2eeab1e4ce1db8 069e7e25e43deab3 47fbe21f5c35c7b4 e25a1da6ca187350 52370bea1acd0600 4d7653ea9499eed4 9a0f5ee4f845c9b2 0bcaac840d5e66d7 c28bc62802b90f82 702d8f1064ab3e30 fd30682593995748 3986b68500d7704b 3fa57d488e979d74 bd713b37b67866c3 ff88049e61f0f4ef e0269da736ddf004 2a06f5614060e3b6 942a7d26d81c841f bd0f175ee98c613e ae94d8435a6847f4 b6d0f83aad4e4dc7 b24820ae14e16a24 622f2e4119882c94
424,95d25d38ba7df9c7 128d583954b18074 d73a65673e3f1d78 cc2cc23a98c14c33 7ee52d2519eea367 20db73cf07a45f71 8e0760918e88e4a9 95ecdbff44ad0b60 877672967d3f70bb 8566d15270eb5e83 a860b682add9de1c e878efab7c37179e 9269d2b0d877352d e228204ae08d1355 bf973f9ec3600199 828f5dfbbf1272ee 26140b225c4f8d3f 5d26da95786b3a3a 133b04350c75770b 4d7653ea9499eed4 e1460af4a7044067 a492bd402afd5c71 c36c2dce0e6e434f fb2ebcb5335ad2e2 cb3e4ce97e7f2881 366a22fce0614fb8 e740c80fce094788 4b05967001421eab e4a7a996ed6a5a81 d980375fbd40c75f
425,428f9363fa35882d 00e1e2eb13f650e4 128d583954b18074 d73a65673e3f1d78 47fbe21f5c35c7b4 52370bea1acd0600 4d7653ea9499eed4 9a0f5ee4f845c9b2 0bcaac840d5e66d7 c28bc62802b90f82 702d8f1064ab3e30 3986b68500d7704b e25a1da6ca187350 ff88049e61f0f4ef e0269da736ddf004 bd713b37b67866c3 fd30682593995748 2a06f5614060e3b6 39f6296778264878 3fa57d488e979d74 e7cad3748e50b0f8 0708923badf2ff5d 734dabb98795c35c 942a7d26d81c841f bd0f175ee98c613e ae94d8435a6847f4 b6d0f83aad4e4dc7 b24820ae14e16a24 bbbd5d2fd957e8f7 4b8c7061102517ef
426,52e459a551d4ac2d ee3ed9a3f51336cd 238ec735a13a3f09 af8e70f978cd5aee db0e648651f4c92b bbbd5d2fd957e8f7 5430097e23000368 49b5678e0d1e5bcd 7d83ffe83f61bdc4 6461a9faa871b3ac b0b5e62a93a2c37c a1314cd417504572 cba7e22bb383083a da904d2a54ff8cf2 37001ade0df85823 d6ed7e4b14c51296 00d9f8d3f7d412b3 9b2adcf4041227d7 9f27aa36c1ea793c e7828f0ea9749505 c05f45f86d0771d5 0220a434aa8bf029 5057551fc55e9ed2 8df3f13d6af34cb3 83f8aca6ee2caabc c810ac016901e8ac cec2eea2a1fe566a 6e1b6b53c9710940 7e4a4a1300b77a06 976baf0e84752a68
427,bd713b37b67866c3 81bd116c786bf9ae 54a11cbcd7a32af4 238ec735a13a3f09 5430097e23000368 db0e648651f4c92b bbbd5d2fd957e8f7 af8e70f978cd5aee 6461a9faa871b3ac 52e459a551d4ac2d ee3ed9a3f51336cd 7d83ffe83f61bdc4 49b5678e0d1e5bcd e7828f0ea9749505 5057551fc55e9ed2 c05f45f86d0771d5 d6ed7e4b14c51296 00d9f8d3f7d412b3 0220a434aa8bf029 9f27aa36c1ea793c 9b2adcf4041227d7 8df3f13d6af34cb3 37001ade0df85823 cba7e22bb383083a b0b5e62a93a2c37c da904d2a54ff8cf2 a1314cd417504572 b9d966ad9e04127a 395b26d91f98bd92 9fda36f260eec24e
428,24e582daf6f87158 8dedff0a79784abc 50cb6a6c60ad711a 4f915ad69e1dca36 52370bea1acd0600 3b6d27775fce1c7b c015590d6a6fe833 28a2067685cb3e97 285657fcdf89f00d e9c20b67a4c5395f 35488b3b8b781278 3a6e7894dde31c67 7c8324ce28ffb96e 0f33ce8d8014f308 b6a1c97f19af78d0 c143c095983a65c2 0451447dd64f6284 a60934e6b473097a ebfda3b48083e390 40583079f57235a6 0688c790d5806540 58654e3143c6550b f105a53e5cfae611 0220a434aa8bf029 db0e648651f4c92b 238ec735a13a3f09 6461a9faa871b3ac bbbd5d2fd957e8f7 52e459a551d4ac2d 5430097e23000368
429,128d583954b18074 d73a65673e3f1d78 ee3ed9a3f51336cd b0b5e62a93a2c37c 52e459a551d4ac2d da904d2a54ff8cf2 c05f45f86d0771d5 5057551fc55e9ed2 d6ed7e4b14c51296 37001ade0df85823 7d83ffe83f61bdc4 00d9f8d3f7d412b3 5430097e23000368 49b5678e0d1e5bcd db0e648651f4c92b 8df3f13d6af34cb3 cba7e22bb383083a 6461a9faa871b3ac 9f27aa36c1ea793c 238ec735a13a3f09 9b2adcf4041227d7 bbbd5d2fd957e8f7 0220a434aa8bf029 a1314cd417504572 e7828f0ea9749505 af8e70f978cd5aee c810ac016901e8ac 2dd12c230ab22555 2bafd15871caae91 83f8aca6ee2caabc
430,919b1679fffa7ef1 28403e62105b00f6 9c9ebf71707d7a37 0eb4de784c8dd679 dc576af4ae66e25e ba5199dba342af68 3a6e7894dde31c67 3fa57d488e979d74 10ad13170242ecae d1e21234d7cc61d2 00d9eb862ba3dfc6 52370bea1acd0600 4d7653ea9499eed4 9a0f5ee4f845c9b2 0bcaac840d5e66d7 bd0f175ee98c613e 942a7d26d81c841f 734dabb98795c35c 702d8f1064ab3e30 3986b68500d7704b ff88049e61f0f4ef e0269da736ddf004 bd713b37b67866c3 fd30682593995748 c28bc62802b90f82 bbbd5d2fd957e8f7 2a06f5614060e3b6 cea18be9a89d7a81 5fb2d8e734956af0 447fc00f40d71d08
431,4a5ac473c9d176ba e7dd56376be2cf1c 10ad13170242ecae e403278468d84383 0a49074a4158155b 47fbe21f5c35c7b4 4d7653ea9499eed4 9a0f5ee4f845c9b2 0bcaac840d5e66d7 c28bc62802b90f82 702d8f1064ab3e30 3986b68500d7704b 3fa57d488e979d74 ff88049e61f0f4ef e0269da736ddf004 bd713b37b67866c3 fd30682593995748 2a06f5614060e3b6 39f6296778264878 e25a1da6ca187350 52370bea1acd0600 734dabb98795c35c 942a7d26d81c841f bd0f175ee98c613e ae94d8435a6847f4 b6d0f83aad4e4dc7 b24820ae14e16a24 622f2e4119882c94 4b8c7061102517ef bbbd5d2fd957e8f7
432,120e745e2961b5d5 37001ade0df85823 b0b5e62a93a2c37c fc8971756f9ec194 9d5edf3b993fee50 fd30682593995748 2b48ab08c915c0ad 64907c4568244eb4 a84cd36608cb8665 0b774cf90856c4da 7c9248ed6224aa26 a677c3a76055a6d2 f28fb3d9880c5d4c 42c9b72cc77dcb28 0c2eeab1e4ce1db8 a1314cd417504572 e7828f0ea9749505 c05f45f86d0771d5 8df3f13d6af34cb3 9b2adcf4041227d7 5057551fc55e9ed2 9f27aa36c1ea793c 00d9f8d3f7d412b3 d6ed7e4b14c51296 52e459a551d4ac2d 6461a9faa871b3ac af8e70f978cd5aee ee3ed9a3f51336cd da904d2a54ff8cf2 d72363ddd958d906
433,9f4e0d572b1f4e6c af8e70f978cd5aee d0f6c00eec5eb973 cc861214a89ef1f4 3b4a85bac6ead3c8 9113e9dc940fb287 4105533fe46dfba9 4d9214c0925e5af8 48cf88c17ff38c5e 81b7c7e312bfa1a0 059bbdbdb843af6a d9885881381fd10a 62431fd374eb99fb 24c47959ea77b15b 3c565c1fc2316d16 cea18be9a89d7a81 b6e72edcad270be0 f48d0fbea7dc2782 4b29fc21f912754d ddf332f2b55a2a23 0f4c71d341e2d939 a76ffccd2f5df1a7 4d954d933e606b70 3e66b4855d0dddbe 6406fcdb7d87b5dc 172bc0ee09332ae9 a9dad59c7055b56c a017f3358d5327aa 4b8c7061102517ef 66ccd03c9e03ac06
434,52e459a551d4ac2d da904d2a54ff8cf2 b0b5e62a93a2c37c 238ec735a13a3f09 5057551fc55e9ed2 d6ed7e4b14c51296 7d83ffe83f61bdc4 00d9f8d3f7d412b3 5430097e23000368 49b5678e0d1e5bcd c05f45f86d0771d5 db0e648651f4c92b a1314cd417504572 9b2adcf4041227d7 bbbd5d2fd957e8f7 af8e70f978cd5aee ee3ed9a3f51336cd 0220a434aa8bf029 e7828f0ea9749505 8df3f13d6af34cb3 6461a9faa871b3ac cba7e22bb383083a 9f27aa36c1ea793c 37001ade0df85823 2dd12c230ab22555 2bafd15871caae91 c810ac016901e8ac cec2eea2a1fe566a 898a4921ab9f4cce 7e4a4a1300b77a06
435,4fe9e4e55585ba4b 8699cc5dd4159b69 25145708d494530b 3d6880bd12f6613f ec1b3d7ccd3984d0 7155e5a86136eb02 48f93f9c2c699e19 3cb6b40d377e7ca8 03dfe518713e006c 27bc34b9887bec0d e22c35101e190db9 0a79fabc6f5d93c9 09bbaa171c20bae3 45630e1451157ff3 34a62e66e05f9a44 10ad13170242ecae 00d9eb862ba3dfc6 00e1e2eb13f650e4 c28bc62802b90f82 9a0f5ee4f845c9b2 4d7653ea9499eed4 47fbe21f5c35c7b4 0bcaac840d5e66d7 702d8f1064ab3e30 3986b68500d7704b 3fa57d488e979d74 ff88049e61f0f4ef e0269da736ddf004 bd713b37b67866c3 52370bea1acd0600
436,5897953fdf87b60f d73a65673e3f1d78 0c15f252d30646fc 249bf372159f33e9 8e83d05923cde390 7eec211cc37a1b05 9c9ebf71707d7a37 128d583954b18074 9fbffc521da97c54 a0b1f4dd32f3e278 3e8e56f639a5db5b 1dc7139adba034ec 069e7e25e43deab3 d1e21234d7cc61d2 238ec735a13a3f09 52e459a551d4ac2d 00d9f8d3f7d412b3 9f27aa36c1ea793c da904d2a54ff8cf2 5057551fc55e9ed2 bbbd5d2fd957e8f7 af8e70f978cd5aee ee3ed9a3f51336cd 5430097e23000368 d6ed7e4b14c51296 0220a434aa8bf029 c05f45f86d0771d5 b0b5e62a93a2c37c a1314cd417504572 37001ade0df85823
437,b371170568146b12 bd713b37b67866c3 54a11cbcd7a32af4 81bd116c786bf9ae b9d966ad9e04127a 5897953fdf87b60f 522bd6887960c25d 64b31699d7d15934 8dedff0a79784abc 62431fd374eb99fb 9fda36f260eec24e 3c565c1fc2316d16 50cb6a6c60ad711a 24c47959ea77b15b 81b639b74256b45b 4f915ad69e1dca36 f1a3b8b13e9401c0 0e45c4c185f35df6 395b26d91f98bd92 b6e72edcad270be0 59c231f8fd21260c 28a2067685cb3e97 0f4c71d341e2d939 05e4165a56bf50eb 3b6d27775fce1c7b 4b29fc21f912754d ddf332f2b55a2a23 4d954d933e606b70 0db6584e3bdfa1c4 c015590d6a6fe833
438,b6a1c97f19af78d0 3a6e7894dde31c67 35488b3b8b781278 e9c20b67a4c5395f 8dedff0a79784abc 4f915ad69e1dca36 50cb6a6c60ad711a 28a2067685cb3e97 0451447dd64f6284 c143c095983a65c2 c015590d6a6fe833 0f33ce8d8014f308 3b6d27775fce1c7b 52370bea1acd0600 24e582daf6f87158 285657fcdf89f00d 7c8324ce28ffb96e 128d583954b18074 d73a65673e3f1d78 702d8f1064ab3e30 c28bc62802b90f82 3986b68500d7704b 3fa57d488e979d74 ff88049e61f0f4ef e0269da736ddf004 bd713b37b67866c3 fd30682593995748 39f6296778264878 0bcaac840d5e66d7 ae94d8435a6847f4
439,b0b5e62a93a2c37c d6ed7e4b14c51296 7d83ffe83f61bdc4 e7828f0ea9749505 00d9f8d3f7d412b3 c05f45f86d0771d5 49b5678e0d1e5bcd 5430097e23000368 52e459a551d4ac2d db0e648651f4c92b cba7e22bb383083a da904d2a54ff8cf2 238ec735a13a3f09 9f27aa36c1ea793c 6461a9faa871b3ac 0220a434aa8bf029 8df3f13d6af34cb3 37001ade0df85823 ee3ed9a3f51336cd af8e70f978cd5aee bbbd5d2fd957e8f7 9b2adcf4041227d7 5057551fc55e9ed2 a1314cd417504572 898a4921ab9f4cce cec2eea2a1fe566a 2dd12c230ab22555 a677c3a76055a6d2 2bafd15871caae91 976baf0e84752a68
440,e228204ae08d1355 2e031d83339759b2 8699cc5dd4159b69 d216e5458ad70e60 4bed80e56ea2e099 d63b7f083330247f f2e30efbd27bee51 9269d2b0d877352d e878efab7c37179e 6204e398d8c7f888 feddfcf56818968e fb8bd6b95eb4702a b05b5f6850cfa158 6899956cd6c683f0 99e833818ec4bbf2 bd713b37b67866c3 8a5635c748344d47 f105a53e5cfae611 cc507a0d6fcf4a1c 377c1150c781e37a a65e30106ea50423 65ad9c583823162d 54a11cbcd7a32af4 4fe9e4e55585ba4b 95ecdbff44ad0b60 8566d15270eb5e83 877672967d3f70bb 87c5481930cfe126 72b80b099fd64ec4 d0f6c00eec5eb973
441,ca4de5b8a7bda9df c1f2e3a76d388944 e25a1da6ca187350 e8b87ed7db1bcb1f 1fe79c7de59ff6c6 3c0873ce078d332b e403278468d84383 ba5199dba342af68 83b911ff0ff45844 1dc7139adba034ec d1e21234d7cc61d2 a017f3358d5327aa ae77487a89f2610c 49b5678e0d1e5bcd 5057551fc55e9ed2 6461a9faa871b3ac af8e70f978cd5aee bbbd5d2fd957e8f7 b0b5e62a93a2c37c da904d2a54ff8cf2 db0e648651f4c92b 7d83ffe83f61bdc4 5430097e23000368 ee3ed9a3f51336cd 238ec735a13a3f09 52e459a551d4ac2d d6ed7e4b14c51296 c05f45f86d0771d5 00d9f8d3f7d412b3 9b2adcf4041227d7
442,64c2e323906b42d3 069e7e25e43deab3 50806199c80e215c 2e4b00c01d58e79e b1dcaca98bb76736 128d583954b18074 8643165b0f53df11 83b911ff0ff45844 d73a65673e3f1d78 d1e21234d7cc61d2 5d26da95786b3a3a 9269d2b0d877352d e878efab7c37179e e228204ae08d1355 8566d15270eb5e83 877672967d3f70bb bf973f9ec3600199 26140b225c4f8d3f 8e0760918e88e4a9 a860b682add9de1c 95ecdbff44ad0b60 828f5dfbbf1272ee af8e70f978cd5aee bbbd5d2fd957e8f7 db0e648651f4c92b 5430097e23000368 a1314cd417504572 52e459a551d4ac2d 238ec735a13a3f09 ee3ed9a3f51336cd
443,128d583954b18074 d73a65673e3f1d78 1f423f368aebf7f3 8e0cc5199a0ee659 ae000f9d0b5e104e 576dd429db946393 74ae9af23a383bf5 765c0695339c3abe 204ec91c39d1479d dc576af4ae66e25e 5057551fc55e9ed2 c05f45f86d0771d5 d6ed7e4b14c51296 b0b5e62a93a2c37c da904d2a54ff8cf2 7d83ffe83f61bdc4 db0e648651f4c92b 49b5678e0d1e5bcd bbbd5d2fd957e8f7 52e459a551d4ac2d cba7e22bb383083a 5430097e23000368 9f27aa36c1ea793c 6461a9faa871b3ac 8df3f13d6af34cb3 af8e70f978cd5aee ee3ed9a3f51336cd 37001ade0df85823 9b2adcf4041227d7 a1314cd417504572
444,9a439fd1abf95245 00af886180e9eaec 354d7a327bbcc152 6cb9ab508a0678a0 00ff646ca6637bd7 128d583954b18074 d73a65673e3f1d78 9100ea6cd0e084bf 1f4f62844c3cb99c bd0f175ee98c613e e5fb8dc5c9cb4a19 2e44fbb8bc3d8d71 316382267dcd804f 26fc2a95df5659c2 c28bc62802b90f82 8f578001f9d5f543 bed3e73d52011f68 cba7e22bb383083a 059bbdbdb843af6a a677c3a76055a6d2 cc861214a89ef1f4 2bafd15871caae91 6e1b6b53c9710940 2dd12c230ab22555 b8e2f75014710ced d72363ddd958d906 f28fb3d9880c5d4c c810ac016901e8ac d64c06baf5ef1c90 83f8aca6ee2caabc
445,4beacc71024f8b08 f105a53e5cfae611 ad06e9eeea8eb4ea 70ebf53ced736fa4 a9223c28b10c131f dea5e9227fbbac29 1d72229ebcc00faf d73a65673e3f1d78 0079f3c74309b582 00e1e2eb13f650e4 47fbe21f5c35c7b4 52370bea1acd0600 4d7653ea9499eed4 9a0f5ee4f845c9b2 0bcaac840d5e66d7 c28bc62802b90f82 702d8f1064ab3e30 3986b68500d7704b 3fa57d488e979d74 ff88049e61f0f4ef 2a06f5614060e3b6 fd30682593995748 e0269da736ddf004 bd713b37b67866c3 bbbd5d2fd957e8f7 734dabb98795c35c 942a7d26d81c841f bd0f175ee98c613e ae94d8435a6847f4 b6d0f83aad4e4dc7
446,62431fd374eb99fb 3c565c1fc2316d16 24c47959ea77b15b f48d0fbea7dc2782 a76ffccd2f5df1a7 0f4c71d341e2d939 4b29fc21f912754d 4d954d933e606b70 ddf332f2b55a2a23 cea18be9a89d7a81 b6e72edcad270be0 3e66b4855d0dddbe 6406fcdb7d87b5dc 172bc0ee09332ae9 a2c35fdf07a13286 66ccd03c9e03ac06 404031ab9d5977c4 c31a456b544a40a8 999a52f1d301247c 238de368bb05c0ec cc507a0d6fcf4a1c 5b4c879fc9c316fb a853f13216170123 bd713b37b67866c3 54a11cbcd7a32af4 81bd116c786bf9ae 666bdff4faa513ca 4f2fffd7528de786 07f22a7ad7e4711d a1314cd417504572
447,25a3b47fe31bc6b5 0688c790d5806540 ebfda3b48083e390 58654e3143c6550b 148ac4a56a18844d 5f94b027039f4e48 0683b6a78f54be75 ca43e349133fc0e3 19e8f436d4b2fc25 6899956cd6c683f0 b05b5f6850cfa158 72b80b099fd64ec4 128d583954b18074 4dba7ce835494a63 d73a65673e3f1d78 92f42fbd0c38f7fd f25bfcffedaccf28 43c354dbf952caaa 45bd99d5d2eef776 5547f9f1638ac345 0add47a043c64d7f 7f95168400948588 2cebd52b41930f0a cc0c9419f8a20603 16b11706660177ff 52aa48c07b34dc88 1d72229ebcc00faf b84b6c0b2e4d0306 c11b97f245a9dfd0 d6ed7e4b14c51296
448,128d583954b18074 d73a65673e3f1d78 ec4ef2f727e7a03f a04d6febd82a4389 095bb1b6ecbd0a50 0b0021aa60d05daa bb7515be835dea49 d5805cdb9e8f0f48 33856365c271aea4 a292248bb2bffb3d 393f49286db04aeb ce2fe99a7cda4a17 40583079f57235a6 64b31699d7d15934 ffa9091747ae2466 c6b615b2589e036d 5fb2d8e734956af0 acae1d29289b1266 197fa50b30d91fe8 589ef345cb2dccfc 9100ea6cd0e084bf 39075e303166355e 636224e349e561bf a5f55580081236f4 8fc68213b63951dc 8faeacf8ca08f62d 6c017e548aa138f2 702d8f1064ab3e30 528161039994b4dc 955e465ce0788ea6
449,00d9f8d3f7d412b3 00958a140c3a6de8 26f72a4eb15ea8c0 4c0eee2c1a5e76e2 d6ed7e4b14c51296 c05f45f86d0771d5 b0b5e62a93a2c37c da904d2a54ff8cf2 8df3f13d6af34cb3 6461a9faa871b3ac 52e459a551d4ac2d e7828f0ea9749505 37001ade0df85823 9f27aa36c1ea793c ee3ed9a3f51336cd 9b2adcf4041227d7 a1314cd417504572 af8e70f978cd5aee 5057551fc55e9ed2 d72363ddd958d906 83f8aca6ee2caabc 4483bbdd3241f11a cec2eea2a1fe566a 61ba7707ef6a5a99 22e8d6734e4121ae 453bc79164d57a01 00e1e2eb13f650e4 8b7c486a910dd004 059bbdbdb843af6a 5bf89d11a25121d9
450,52e459a551d4ac2d ee3ed9a3f51336cd 238ec735a13a3f09 5430097e23000368 db0e648651f4c92b af8e70f978cd5aee bbbd5d2fd957e8f7 7d83ffe83f61bdc4 5057551fc55e9ed2 49b5678e0d1e5bcd 6461a9faa871b3ac a1314cd417504572 cba7e22bb383083a b0b5e62a93a2c37c da904d2a54ff8cf2 00d9f8d3f7d412b3 9f27aa36c1ea793c 9b2adcf4041227d7 37001ade0df85823 c05f45f86d0771d5 d6ed7e4b14c51296 0220a434aa8bf029 e7828f0ea9749505 8df3f13d6af34cb3 cc861214a89ef1f4 c810ac016901e8ac 7e4a4a1300b77a06 83f8aca6ee2caabc f28fb3d9880c5d4c b8e2f75014710ced
451,63d509cd2a2e0e47 64907c4568244eb4 0b774cf90856c4da fd30682593995748 628accd9be98503c 9d5edf3b993fee50 b50b4e27b03c7b37 5bf89d11a25121d9 4b8c7061102517ef 055d895a3b26e466 2b48ab08c915c0ad 5a1149fbcbd37376 7cea1f637ea3f37d 0cd920bad11c716d a84cd36608cb8665 120e745e2961b5d5 f05fa5f57dc03e81 07be6a290720707d 5057551fc55e9ed2 52e459a551d4ac2d da904d2a54ff8cf2 c05f45f86d0771d5 00d9f8d3f7d412b3 6461a9faa871b3ac 8dc313a2cf9da354 d6ed7e4b14c51296 b0b5e62a93a2c37c 7c9248ed6224aa26 ee3ed9a3f51336cd af8e70f978cd5aee
452,01104a026d22ae55 2e44fbb8bc3d8d71 6cb9ab508a0678a0 b7d7d9ae1cbe0d8a 2820628e65a062e2 bd0f175ee98c613e 1f4f62844c3cb99c 9100ea6cd0e084bf 059bbdbdb843af6a f9c6286cff30aaa8 26fc2a95df5659c2 c03b11a0cdc3fa39 316382267dcd804f db7342eff9200020 18b1d2d84c97a364 04fda7c9d8971ec0 27a12f29dceccdbd cba7e22bb383083a 016da874bd04df55 fc8971756f9ec194 c28bc62802b90f82 74244a8703c03720 39f6296778264878 5570ef88d970e9b4 bc27d5dc9bab1c18 fab14d178b24a67f 025a148c3a53bd9f bed3e73d52011f68 2dd12c230ab22555 83f8aca6ee2caabc
453,cba7e22bb383083a 37001ade0df85823 bbbd5d2fd957e8f7 238ec735a13a3f09 9b2adcf4041227d7 af8e70f978cd5aee 8df3f13d6af34cb3 6461a9faa871b3ac 9f27aa36c1ea793c db0e648651f4c92b 49b5678e0d1e5bcd 00d9f8d3f7d412b3 7d83ffe83f61bdc4 52e459a551d4ac2d a1314cd417504572 d6ed7e4b14c51296 0220a434aa8bf029 b0b5e62a93a2c37c e7828f0ea9749505 da904d2a54ff8cf2 ee3ed9a3f51336cd 5057551fc55e9ed2 c05f45f86d0771d5 5430097e23000368 976baf0e84752a68 a677c3a76055a6d2 898a4921ab9f4cce 36d33c41812ce7dc f28fb3d9880c5d4c b8e2f75014710ced
454,128d583954b18074 d73a65673e3f1d78 f9c6286cff30aaa8 cba7e22bb383083a a14394322cf7043d 2dd12c230ab22555 a677c3a76055a6d2 b8e2f75014710ced d64c06baf5ef1c90 d72363ddd958d906 c810ac016901e8ac 6e1b6b53c9710940 2bafd15871caae91 cc861214a89ef1f4 f28fb3d9880c5d4c 36d33c41812ce7dc 83f8aca6ee2caabc 059bbdbdb843af6a d63b7f083330247f 8a5635c748344d47 fb8bd6b95eb4702a d216e5458ad70e60 42c9b72cc77dcb28 3d93a60f990a0a7c e5fb8dc5c9cb4a19 453bc79164d57a01 4105533fe46dfba9 0c2eeab1e4ce1db8 8b7c486a910dd004 8bf446c0455e3c5c
455,c5830f9d0f1e29e5 2bafd15871caae91 d64c06baf5ef1c90 6e1b6b53c9710940 36d33c41812ce7dc f28fb3d9880c5d4c 83f8aca6ee2caabc cc861214a89ef1f4 c810ac016901e8ac 2dd12c230ab22555 b8e2f75014710ced a677c3a76055a6d2 d72363ddd958d906 3d93a60f990a0a7c e5fb8dc5c9cb4a19 453bc79164d57a01 42c9b72cc77dcb28 4105533fe46dfba9 8b7c486a910dd004 0c2eeab1e4ce1db8 059bbdbdb843af6a 9f27aa36c1ea793c da904d2a54ff8cf2 8df3f13d6af34cb3 37001ade0df85823 a1314cd417504572 cba7e22bb383083a b0b5e62a93a2c37c 49b5678e0d1e5bcd db0e648651f4c92b
456,8df3f13d6af34cb3 0b774cf90856c4da 7cea1f637ea3f37d 0cd920bad11c716d b0bfe0f426275870 5bf89d11a25121d9 fd30682593995748 9d5edf3b993fee50 ff88049e61f0f4ef 055d895a3b26e466 74873b42602d8958 e36475c1af5ea3ab b78189788d563693 d64c7c3b658689f4 b7d7d9ae1cbe0d8a 047769588be1aea9 f05fa5f57dc03e81 0eb4de784c8dd679 2b48ab08c915c0ad 7c9248ed6224aa26 238ec735a13a3f09 8dc313a2cf9da354 7d83ffe83f61bdc4 537a55eda51a3f60 c03b11a0cdc3fa39 e7828f0ea9749505 00958a140c3a6de8 8abe670908f12614 d6ed7e4b14c51296 52e459a551d4ac2d
457,6e239f4dd4b6aed7 4bed80e56ea2e099 377c1150c781e37a bfb8032f2183d471 e228204ae08d1355 6204e398d8c7f888 1fe79c7de59ff6c6 520ec719078be07c 8e0760918e88e4a9 6a3919ad9ed8197e feddfcf56818968e f2e30efbd27bee51 db69d4cbfef8d22f 95ecdbff44ad0b60 964a50d33717c26d 3734d3b0b9232538 83f8f2fc471cad74 2e4b00c01d58e79e 4535ce2e3dced00f 4d7653ea9499eed4 b1dcaca98bb76736 5dd752753760ced8 5897953fdf87b60f 0e45c4c185f35df6 b2ee9eea2d974c90 77e2f7da1f9d3a8f 366a22fce0614fb8 e8b87ed7db1bcb1f c1f2e3a76d388944 e25a1da6ca187350
458,ee3ed9a3f51336cd 52e459a551d4ac2d 238ec735a13a3f09 5430097e23000368 db0e648651f4c92b bbbd5d2fd957e8f7 af8e70f978cd5aee 49b5678e0d1e5bcd 6461a9faa871b3ac 7d83ffe83f61bdc4 5057551fc55e9ed2 b0b5e62a93a2c37c 0220a434aa8bf029 e7828f0ea9749505 c05f45f86d0771d5 d6ed7e4b14c51296 00d9f8d3f7d412b3 9f27aa36c1ea793c 9b2adcf4041227d7 a1314cd417504572 37001ade0df85823 8df3f13d6af34cb3 cba7e22bb383083a da904d2a54ff8cf2 bd713b37b67866c3 54a11cbcd7a32af4 81bd116c786bf9ae 898a4921ab9f4cce a677c3a76055a6d2 b8e2f75014710ced
459,128d583954b18074 d73a65673e3f1d78 8e0760918e88e4a9 e878efab7c37179e 9269d2b0d877352d e228204ae08d1355 a860b682add9de1c 26140b225c4f8d3f bf973f9ec3600199 95ecdbff44ad0b60 828f5dfbbf1272ee 877672967d3f70bb 8566d15270eb5e83 5d26da95786b3a3a ee3ed9a3f51336cd 238ec735a13a3f09 52e459a551d4ac2d a1314cd417504572 bbbd5d2fd957e8f7 af8e70f978cd5aee 6461a9faa871b3ac 5430097e23000368 00d9f8d3f7d412b3 d6ed7e4b14c51296 c05f45f86d0771d5 e7828f0ea9749505 5057551fc55e9ed2 0220a434aa8bf029 7d83ffe83f61bdc4 49b5678e0d1e5bcd
460,fd30682593995748 9d5edf3b993fee50 120e745e2961b5d5 0b774cf90856c4da 64907c4568244eb4 00ff646ca6637bd7 2b48ab08c915c0ad a84cd36608cb8665 451e7ba901ad661d feddfcf56818968e 6a3919ad9ed8197e fc8971756f9ec194 7c9248ed6224aa26 537a55eda51a3f60 b24820ae14e16a24 964a50d33717c26d 96445bec1579ec97 0bcaac840d5e66d7 781f4d0147aef776 ced9c56f2be86774 5867d40811c0229f 9fbffc521da97c54 bd0f175ee98c613e 702d8f1064ab3e30 3986b68500d7704b 3fa57d488e979d74 ae94d8435a6847f4 ff88049e61f0f4ef e0269da736ddf004 bd713b37b67866c3
461,3cb6b40d377e7ca8 1f4f62844c3cb99c 9100ea6cd0e084bf bd0f175ee98c613e 2e44fbb8bc3d8d71 316382267dcd804f c28bc62802b90f82 26fc2a95df5659c2 f9c6286cff30aaa8 8f578001f9d5f543 bed3e73d52011f68 e5fb8dc5c9cb4a19 a14394322cf7043d c6b615b2589e036d 8df3f13d6af34cb3 64b31699d7d15934 0db6584e3bdfa1c4 6cb9ab508a0678a0 2820628e65a062e2 b7d7d9ae1cbe0d8a 059bbdbdb843af6a 016da874bd04df55 cba7e22bb383083a 74244a8703c03720 18b1d2d84c97a364 fc8971756f9ec194 025a148c3a53bd9f 04fda7c9d8971ec0 c03b11a0cdc3fa39 39f6296778264878
462,050544c040f46152 6204e398d8c7f888 4bed80e56ea2e099 bfb8032f2183d471 4fe9e4e55585ba4b 8699cc5dd4159b69 bee46c54461925d0 b2ee9eea2d974c90 4577ae048ef1967d 83f8f2fc471cad74 4535ce2e3dced00f 2e4b00c01d58e79e 25145708d494530b 27bc34b9887bec0d 48f93f9c2c699e19 e22c35101e190db9 3cb6b40d377e7ca8 03dfe518713e006c 3d6880bd12f6613f ec1b3d7ccd3984d0 7155e5a86136eb02 419b5dc40744fb9b 7c98dedd223b36c0 57113c2a4cacd961 09bbaa171c20bae3 0a79fabc6f5d93c9 45630e1451157ff3 8643165b0f53df11 34a62e66e05f9a44 0195950ce0f47e34
463,a677c3a76055a6d2 f28fb3d9880c5d4c 42c9b72cc77dcb28 b0b5e62a93a2c37c 37001ade0df85823 fc8971756f9ec194 0c2eeab1e4ce1db8 2e44fbb8bc3d8d71 351c9da399c2b915 120e745e2961b5d5 cc2cc23a98c14c33 3986b68500d7704b cba7e22bb383083a d72363ddd958d906 2bafd15871caae91 c810ac016901e8ac d64c06baf5ef1c90 6e1b6b53c9710940 36d33c41812ce7dc 83f8aca6ee2caabc cc861214a89ef1f4 2dd12c230ab22555 b8e2f75014710ced 059bbdbdb843af6a 3d93a60f990a0a7c 453bc79164d57a01 e5fb8dc5c9cb4a19 4105533fe46dfba9 8b7c486a910dd004 128d583954b18074
464,63d509cd2a2e0e47 07be6a290720707d e8ad5e31484ef889 07d688f5e2142b87 538c7bb968b2154c a18df74d3a16e9c0 a2805ed52b47b8ec f29eee8054c061e1 acf5cb026b3c4551 d3c4a7db726191e0 97d696011258825c b26d8664feb18c8c ce0f56b7190c268a 73f770f2643a2135 eff60ceea8817dad 1d12acf7349196b0 1398b478b71773ed 01ecc81f6341e902 5879096a38d69fc5 00e1e2eb13f650e4 428f9363fa35882d 4f31209941bb05fc 734dabb98795c35c 83f5a9732f0de67f f54ad8d1eb18212e 892074f7c1ef5d5e 28403e62105b00f6 585f4ee09d8fea46 dc576af4ae66e25e 03ed286136d7b3cf
465,922e625fae98b3b9 18ced18aee04c48e 06de3ca1148b088b 00e1e2eb13f650e4 0195950ce0f47e34 47fbe21f5c35c7b4 52370bea1acd0600 4d7653ea9499eed4 9a0f5ee4f845c9b2 0bcaac840d5e66d7 c28bc62802b90f82 702d8f1064ab3e30 bbbd5d2fd957e8f7 3fa57d488e979d74 ff88049e61f0f4ef e0269da736ddf004 bd713b37b67866c3 fd30682593995748 2a06f5614060e3b6 39f6296778264878 3986b68500d7704b 0708923badf2ff5d 734dabb98795c35c 942a7d26d81c841f bd0f175ee98c613e ae94d8435a6847f4 b6d0f83aad4e4dc7 b24820ae14e16a24 622f2e4119882c94 5fb2d8e734956af0
466,cea18be9a89d7a81 83b911ff0ff45844 72c2a95813ea72bd 63d509cd2a2e0e47 24c47959ea77b15b 62431fd374eb99fb 3c565c1fc2316d16 07be6a290720707d 4b29fc21f912754d b6e72edcad270be0 0f4c71d341e2d939 f48d0fbea7dc2782 a76ffccd2f5df1a7 4d954d933e606b70 ddf332f2b55a2a23 e8ad5e31484ef889 6406fcdb7d87b5dc 172bc0ee09332ae9 3e66b4855d0dddbe 1398b478b71773ed 66ccd03c9e03ac06 a2c35fdf07a13286 404031ab9d5977c4 c31a456b544a40a8 238de368bb05c0ec 999a52f1d301247c cc507a0d6fcf4a1c a853f13216170123 5b4c879fc9c316fb 54a11cbcd7a32af4
467,a492bd402afd5c71 a1314cd417504572 52e459a551d4ac2d ee3ed9a3f51336cd cba7e22bb383083a 9b2adcf4041227d7 8df3f13d6af34cb3 238ec735a13a3f09 bbbd5d2fd957e8f7 db0e648651f4c92b 6461a9faa871b3ac 5430097e23000368 0220a434aa8bf029 e7828f0ea9749505 c05f45f86d0771d5 5057551fc55e9ed2 49b5678e0d1e5bcd 7d83ffe83f61bdc4 d6ed7e4b14c51296 af8e70f978cd5aee 00d9f8d3f7d412b3 9f27aa36c1ea793c da904d2a54ff8cf2 37001ade0df85823 b0b5e62a93a2c37c 7c98dedd223b36c0 83f8aca6ee2caabc 898a4921ab9f4cce 976baf0e84752a68 6e1b6b53c9710940
468,9c9ebf71707d7a37 9fbffc521da97c54 249bf372159f33e9 8e83d05923cde390 7eec211cc37a1b05 0c15f252d30646fc d1e21234d7cc61d2 3e8e56f639a5db5b a0b1f4dd32f3e278 1dc7139adba034ec 069e7e25e43deab3 0eb4de784c8dd679 dc576af4ae66e25e 6aac5e116b75aa22 72c2a95813ea72bd 106204cd0e07e1b2 feddfcf56818968e 6a3919ad9ed8197e ba5199dba342af68 3a6e7894dde31c67 0bcaac840d5e66d7 b24820ae14e16a24 96445bec1579ec97 964a50d33717c26d 3fa57d488e979d74 781f4d0147aef776 5867d40811c0229f ced9c56f2be86774 919b1679fffa7ef1 c05f45f86d0771d5
469,8b7c486a910dd004 c05f45f86d0771d5 cec2eea2a1fe566a d72363ddd958d906 83f8aca6ee2caabc 453bc79164d57a01 059bbdbdb843af6a 3d93a60f990a0a7c a677c3a76055a6d2 c810ac016901e8ac 6e1b6b53c9710940 d64c06baf5ef1c90 36d33c41812ce7dc b8e2f75014710ced 2bafd15871caae91 2dd12c230ab22555 cc861214a89ef1f4 f28fb3d9880c5d4c e5fb8dc5c9cb4a19 42c9b72cc77dcb28 72c2a95813ea72bd 4105533fe46dfba9 0c2eeab1e4ce1db8 a1314cd417504572 8df3f13d6af34cb3 9f27aa36c1ea793c 9b2adcf4041227d7 37001ade0df85823 d6ed7e4b14c51296 e7828f0ea9749505
470,bf3ccaba4a3450a8 9fbffc521da97c54 4c3802a1bd3c842e dc17b07476183764 29bedd00fb2be056 daa257a37227cd72 b69ce8b8154645f8 c606425856952286 a52df8083c238c46 9a0f5ee4f845c9b2 c11b97f245a9dfd0 ac9ee0c09b538140 d46598813fb437e5 da7d3c2d591c4295 796888cc3443006c 4dba7ce835494a63 edc79e57b20e9036 18b1d2d84c97a364 5fb2d8e734956af0 2901e5309bb3f8f6 6d80d2e62d01f6bc 22756be6fd061d4c 404031ab9d5977c4 7c8324ce28ffb96e bc2ae5f4e5d53e00 4522ad78bf79f0c9 01ecc81f6341e902 a982b5c3aed39396 486dd77002936dec 5ebb4d2f5f1c1f13
471,451e7ba901ad661d a84cd36608cb8665 537a55eda51a3f60 fc8971756f9ec194 120e745e2961b5d5 fd30682593995748 64907c4568244eb4 9d5edf3b993fee50 2b48ab08c915c0ad 00ff646ca6637bd7 0b774cf90856c4da 7c9248ed6224aa26 190ab585fd379f0f 2e44fbb8bc3d8d71 680bb5c5c3bb6ee1 6cb9ab508a0678a0 bd0f175ee98c613e 9100ea6cd0e084bf b7d7d9ae1cbe0d8a 1f4f62844c3cb99c 2820628e65a062e2 059bbdbdb843af6a 18b1d2d84c97a364 bc27d5dc9bab1c18 27a12f29dceccdbd 04fda7c9d8971ec0 316382267dcd804f cba7e22bb383083a 016da874bd04df55 db7342eff9200020
472,4c0eee2c1a5e76e2 26f72a4eb15ea8c0 87c5481930cfe126 00e1e2eb13f650e4 47fbe21f5c35c7b4 52370bea1acd0600 4d7653ea9499eed4 9a0f5ee4f845c9b2 0bcaac840d5e66d7 c28bc62802b90f82 702d8f1064ab3e30 3986b68500d7704b ff88049e61f0f4ef e0269da736ddf004 bd713b37b67866c3 fd30682593995748 2a06f5614060e3b6 39f6296778264878 c31a456b544a40a8 3fa57d488e979d74 0708923badf2ff5d 734dabb98795c35c 942a7d26d81c841f bd0f175ee98c613e ae94d8435a6847f4 b6d0f83aad4e4dc7 b24820ae14e16a24 622f2e4119882c94 e25a1da6ca187350 af8e70f978cd5aee
473,39075e303166355e 430feb4826a5632e f705b637f624147e 4a5ac473c9d176ba da011b87595c1019 ae94d8435a6847f4 47fbe21f5c35c7b4 65fac1ba1840000f 9f27aa36c1ea793c 70776cdd9bb3b7d4 f58ff7f1a6cde683 01020d1b0821f4c7 0d0368139e9a647f 72403ecdfe02bba6 5b16bae6a0de7c88 abf90e759d208468 387e9cd2e5d4ea7d 64267373570e4ea3 73391e0853c1e040 e5fb8dc5c9cb4a19 61ba7707ef6a5a99 2901e5309bb3f8f6 d35e11d3d1ab3c67 0fbd0f422e926816 f2234bb7ce0c6f59 8d58da0e1800dc96 46b99f864d6a075a 00140806971e7a73 b6d0f83aad4e4dc7 f9c6286cff30aaa8
474,05e4165a56bf50eb 59c231f8fd21260c 48a76e3aff69d605 e6a29676c096f8e8 63d509cd2a2e0e47 5c4b7558c942a224 1efd7bd8a34a1359 95166957b2c38794 b1e47da7659b675c 285657fcdf89f00d a5f55580081236f4 9a0f5ee4f845c9b2 a0566ca9daca7778 83b911ff0ff45844 96445bec1579ec97 96e82fa141db9a4b b84b6c0b2e4d0306 10ad13170242ecae 98dbd15aa33ebc18 b9d966ad9e04127a 5897953fdf87b60f 522bd6887960c25d 81b639b74256b45b c015590d6a6fe833 28a2067685cb3e97 3b6d27775fce1c7b a76ffccd2f5df1a7 4b29fc21f912754d ddf332f2b55a2a23 0f4c71d341e2d939
475,354d7a327bbcc152 00af886180e9eaec 9a439fd1abf95245 6cb9ab508a0678a0 00ff646ca6637bd7 2e44fbb8bc3d8d71 1f4f62844c3cb99c bd0f175ee98c613e 2820628e65a062e2 b7d7d9ae1cbe0d8a 9100ea6cd0e084bf 059bbdbdb843af6a 39f6296778264878 fc8971756f9ec194 016da874bd04df55 bc27d5dc9bab1c18 26fc2a95df5659c2 f9c6286cff30aaa8 5570ef88d970e9b4 fab14d178b24a67f 04fda7c9d8971ec0 db7342eff9200020 025a148c3a53bd9f 316382267dcd804f cba7e22bb383083a c03b11a0cdc3fa39 74244a8703c03720 18b1d2d84c97a364 c28bc62802b90f82 27a12f29dceccdbd
476,ecb768ef6fd223ca 2359719a0f40ffac 976baf0e84752a68 b78189788d563693 6d80d2e62d01f6bc 0eafda717681bbdc 025a148c3a53bd9f 46315cf30aaee51c 20d283a232dfd13c 27888817db122597 8f578001f9d5f543 b29ab87af6ea6310 d92c0298f76ccf77 fc21db75b354a917 ffa9091747ae2466 d6bbbd6c4968075a b760ebc5f25788d3 6406fcdb7d87b5dc acae1d29289b1266 853e36b1550c6274 8df3f13d6af34cb3 5057551fc55e9ed2 cba7e22bb383083a db0e648651f4c92b 9b2adcf4041227d7 bbbd5d2fd957e8f7 ee3ed9a3f51336cd af8e70f978cd5aee 9f27aa36c1ea793c 0220a434aa8bf029
477,a017f3358d5327aa 54a11cbcd7a32af4 bd713b37b67866c3 81bd116c786bf9ae 24c47959ea77b15b b9d966ad9e04127a 50cb6a6c60ad711a 4f915ad69e1dca36 81b639b74256b45b 9fda36f260eec24e 8dedff0a79784abc 62431fd374eb99fb 522bd6887960c25d 395b26d91f98bd92 64b31699d7d15934 3c565c1fc2316d16 0e45c4c185f35df6 f1a3b8b13e9401c0 5897953fdf87b60f c015590d6a6fe833 4b29fc21f912754d 0db6584e3bdfa1c4 ddf332f2b55a2a23 59c231f8fd21260c f48d0fbea7dc2782 cea18be9a89d7a81 4d954d933e606b70 52370bea1acd0600 a76ffccd2f5df1a7 28a2067685cb3e97
478,26f72a4eb15ea8c0 4c0eee2c1a5e76e2 cba7e22bb383083a 2bafd15871caae91 2dd12c230ab22555 36d33c41812ce7dc f28fb3d9880c5d4c 6e1b6b53c9710940 b8e2f75014710ced 83f8aca6ee2caabc cc861214a89ef1f4 d64c06baf5ef1c90 a677c3a76055a6d2 d72363ddd958d906 c810ac016901e8ac 059bbdbdb843af6a 3d93a60f990a0a7c e5fb8dc5c9cb4a19 42c9b72cc77dcb28 453bc79164d57a01 8b7c486a910dd004 4105533fe46dfba9 0c2eeab1e4ce1db8 2e44fbb8bc3d8d71 6cb9ab508a0678a0 b7d7d9ae1cbe0d8a 9100ea6cd0e084bf bd0f175ee98c613e 1f4f62844c3cb99c 2820628e65a062e2
479,bd713b37b67866c3 81bd116c786bf9ae 54a11cbcd7a32af4 128d583954b18074 395b26d91f98bd92 f1a3b8b13e9401c0 9fda36f260eec24e 522bd6887960c25d 64b31699d7d15934 24c47959ea77b15b 50cb6a6c60ad711a 4f915ad69e1dca36 3c565c1fc2316d16 62431fd374eb99fb 8dedff0a79784abc 81b639b74256b45b 0e45c4c185f35df6 5897953fdf87b60f b9d966ad9e04127a d73a65673e3f1d78 f48d0fbea7dc2782 c015590d6a6fe833 cea18be9a89d7a81 0f4c71d341e2d939 4b29fc21f912754d a76ffccd2f5df1a7 b6e72edcad270be0 28a2067685cb3e97 59c231f8fd21260c 05e4165a56bf50eb
480,f6d23cdd2359f7c0 a017f3358d5327aa 9c9ebf71707d7a37 0eb4de784c8dd679 dc576af4ae66e25e 3a6e7894dde31c67 ba5199dba342af68 3fa57d488e979d74 919b1679fffa7ef1 d1e21234d7cc61d2 52370bea1acd0600 4d7653ea9499eed4 9a0f5ee4f845c9b2 0bcaac840d5e66d7 c28bc62802b90f82 702d8f1064ab3e30 ff88049e61f0f4ef e0269da736ddf004 bd713b37b67866c3 fd30682593995748 39f6296778264878 3986b68500d7704b 734dabb98795c35c 942a7d26d81c841f bd0f175ee98c613e ae94d8435a6847f4 b6d0f83aad4e4dc7 b24820ae14e16a24 622f2e4119882c94 4b8c7061102517ef
481,bd713b37b67866c3 54a11cbcd7a32af4 81bd116c786bf9ae 24c47959ea77b15b 50cb6a6c60ad711a 4f915ad69e1dca36 b9d966ad9e04127a 81b639b74256b45b 9fda36f260eec24e 8dedff0a79784abc 5897953fdf87b60f 522bd6887960c25d 62431fd374eb99fb 395b26d91f98bd92 64b31699d7d15934 3c565c1fc2316d16 0e45c4c185f35df6 f1a3b8b13e9401c0 c015590d6a6fe833 ddf332f2b55a2a23 f48d0fbea7dc2782 59c231f8fd21260c 0db6584e3bdfa1c4 a76ffccd2f5df1a7 52370bea1acd0600 4d954d933e606b70 4b29fc21f912754d cea18be9a89d7a81 28a2067685cb3e97 05e4165a56bf50eb
482,64267373570e4ea3 d35e11d3d1ab3c67 00140806971e7a73 e7cad3748e50b0f8 f2234bb7ce0c6f59 8d58da0e1800dc96 a9eef13786610446 c08c3765ac609cc0 f705b637f624147e b749972436ac9791 05f23e7d05dbf7c2 f9c6286cff30aaa8 bed3e73d52011f68 9c9a9d45c2ea7ddf db7342eff9200020 a14394322cf7043d 63d95d5977c2fe98 72403ecdfe02bba6 387e9cd2e5d4ea7d 73391e0853c1e040 5b16bae6a0de7c88 abf90e759d208468 0d0368139e9a647f 70776cdd9bb3b7d4 01020d1b0821f4c7 f58ff7f1a6cde683 a017f3358d5327aa 5b34da30b93eb123 65fac1ba1840000f 74e59c5820900b17
483,128d583954b18074 d73a65673e3f1d78 238ec735a13a3f09 db0e648651f4c92b af8e70f978cd5aee bbbd5d2fd957e8f7 5430097e23000368 ee3ed9a3f51336cd 6461a9faa871b3ac 8df3f13d6af34cb3 cba7e22bb383083a da904d2a54ff8cf2 b0b5e62a93a2c37c 9b2adcf4041227d7 00d9f8d3f7d412b3 9f27aa36c1ea793c 37001ade0df85823 0220a434aa8bf029 e7828f0ea9749505 d6ed7e4b14c51296 c05f45f86d0771d5 7d83ffe83f61bdc4 5057551fc55e9ed2 49b5678e0d1e5bcd a1314cd417504572 52e459a551d4ac2d 2dd12c230ab22555 2bafd15871caae91 b8e2f75014710ced 4483bbdd3241f11a
484,ad06e9eeea8eb4ea 128d583954b18074 d73a65673e3f1d78 f105a53e5cfae611 a9223c28b10c131f 70ebf53ced736fa4 dea5e9227fbbac29 4beacc71024f8b08 81bd116c786bf9ae 54a11cbcd7a32af4 bd713b37b67866c3 238ec735a13a3f09 52e459a551d4ac2d bbbd5d2fd957e8f7 af8e70f978cd5aee 6461a9faa871b3ac db0e648651f4c92b 5430097e23000368 ee3ed9a3f51336cd 0220a434aa8bf029 e7828f0ea9749505 7d83ffe83f61bdc4 5057551fc55e9ed2 49b5678e0d1e5bcd 00d9f8d3f7d412b3 d6ed7e4b14c51296 c05f45f86d0771d5 37001ade0df85823 9b2adcf4041227d7 9f27aa36c1ea793c
485,c05f45f86d0771d5 cec2eea2a1fe566a 8b7c486a910dd004 81bd116c786bf9ae bd713b37b67866c3 54a11cbcd7a32af4 81b639b74256b45b 395b26d91f98bd92 9fda36f260eec24e 5897953fdf87b60f 64b31699d7d15934 522bd6887960c25d 62431fd374eb99fb f1a3b8b13e9401c0 50cb6a6c60ad711a 24c47959ea77b15b 8dedff0a79784abc 3c565c1fc2316d16 0e45c4c185f35df6 b9d966ad9e04127a 4f915ad69e1dca36 3b6d27775fce1c7b 59c231f8fd21260c 28a2067685cb3e97 a76ffccd2f5df1a7 05e4165a56bf50eb f48d0fbea7dc2782 4d954d933e606b70 c015590d6a6fe833 0db6584e3bdfa1c4
486,01b3da54ffb158a0 65ad9c583823162d 65708d542bd01f39 a65e30106ea50423 dc12cc503ac0eddb 87c5481930cfe126 99e833818ec4bbf2 0647acc4602d4e8f fa173131f15f5534 0772e3ab293a1f30 455fde214d16d350 a5d5ba33b5b1dc95 aa0789b403bcd839 43b3338423d7386c e6a29676c096f8e8 88b62355670ec8f8 4d32dae7b43c489a 3e8e56f639a5db5b 29968e8fd13539f8 f209d29f991432f0 d7d937303a6d5a9d f49e13a653cbdad2 061f3e1feeaa3094 01e5a6edcee7deb0 1c3b74a02a86467d 95166957b2c38794 1efd7bd8a34a1359 bc2ae5f4e5d53e00 22756be6fd061d4c 4e966bb2768c2b8a
487,cba7e22bb383083a d72363ddd958d906 f28fb3d9880c5d4c 36d33c41812ce7dc d64c06baf5ef1c90 2dd12c230ab22555 6e1b6b53c9710940 83f8aca6ee2caabc c810ac016901e8ac cc861214a89ef1f4 b8e2f75014710ced a677c3a76055a6d2 2bafd15871caae91 059bbdbdb843af6a 3d93a60f990a0a7c 453bc79164d57a01 e5fb8dc5c9cb4a19 42c9b72cc77dcb28 0c2eeab1e4ce1db8 8b7c486a910dd004 4105533fe46dfba9 9f27aa36c1ea793c ee3ed9a3f51336cd db0e648651f4c92b bbbd5d2fd957e8f7 49b5678e0d1e5bcd af8e70f978cd5aee d6ed7e4b14c51296 b0b5e62a93a2c37c da904d2a54ff8cf2
488,bd713b37b67866c3 81bd116c786bf9ae 54a11cbcd7a32af4 238ec735a13a3f09 5430097e23000368 db0e648651f4c92b bbbd5d2fd957e8f7 af8e70f978cd5aee 6461a9faa871b3ac 52e459a551d4ac2d ee3ed9a3f51336cd 7d83ffe83f61bdc4 49b5678e0d1e5bcd e7828f0ea9749505 5057551fc55e9ed2 c05f45f86d0771d5 d6ed7e4b14c51296 00d9f8d3f7d412b3 0220a434aa8bf029 9f27aa36c1ea793c 9b2adcf4041227d7 8df3f13d6af34cb3 37001ade0df85823 cba7e22bb383083a b0b5e62a93a2c37c da904d2a54ff8cf2 a1314cd417504572 395b26d91f98bd92 50cb6a6c60ad711a 5897953fdf87b60f
489,e8ad5e31484ef889 63d509cd2a2e0e47 07be6a290720707d 1398b478b71773ed aa967ad3c1f65a29 bbbd5d2fd957e8f7 5057551fc55e9ed2 52e459a551d4ac2d db0e648651f4c92b 238ec735a13a3f09 c05f45f86d0771d5 cba7e22bb383083a 9f27aa36c1ea793c 6461a9faa871b3ac 8df3f13d6af34cb3 b0b5e62a93a2c37c e7828f0ea9749505 00d9f8d3f7d412b3 7d83ffe83f61bdc4 af8e70f978cd5aee ee3ed9a3f51336cd 0220a434aa8bf029 9b2adcf4041227d7 49b5678e0d1e5bcd a1314cd417504572 37001ade0df85823 da904d2a54ff8cf2 d6ed7e4b14c51296 5430097e23000368 2dd12c230ab22555
490,128d583954b18074 d73a65673e3f1d78 00e1e2eb13f650e4 2e031d83339759b2 8699cc5dd4159b69 4bed80e56ea2e099 d216e5458ad70e60 f2e30efbd27bee51 d63b7f083330247f 9269d2b0d877352d e878efab7c37179e 6204e398d8c7f888 feddfcf56818968e fb8bd6b95eb4702a b05b5f6850cfa158 6899956cd6c683f0 99e833818ec4bbf2 bd713b37b67866c3 8a5635c748344d47 f105a53e5cfae611 e228204ae08d1355 cc507a0d6fcf4a1c 377c1150c781e37a a65e30106ea50423 65ad9c583823162d 54a11cbcd7a32af4 4fe9e4e55585ba4b 95ecdbff44ad0b60 8566d15270eb5e83 877672967d3f70bb
491,0897dcfae16e280f 628accd9be98503c 4491016efed845f1 636224e349e561bf b3ad55963554f220 d5805cdb9e8f0f48 197fa50b30d91fe8 eec6b281e236b500 bb7515be835dea49 8faeacf8ca08f62d 430feb4826a5632e 1f4f62844c3cb99c 095bb1b6ecbd0a50 005666aa098abe8e 942a7d26d81c841f de35d2410e916471 702d8f1064ab3e30 528161039994b4dc b50b4e27b03c7b37 a04d6febd82a4389 0b0021aa60d05daa bd0f175ee98c613e 12af6a34778710db b3e75fdca5ca2f1a 8fc68213b63951dc a5f55580081236f4 ec4ef2f727e7a03f 39075e303166355e 9100ea6cd0e084bf f46601a9955f9949
492,fb8bd6b95eb4702a d216e5458ad70e60 d63b7f083330247f 8a5635c748344d47 8bf446c0455e3c5c 3ca7964973437917 e8684734f2e587bd d5952b2e031c4e7e 1d12acf7349196b0 60a070db9f1869b5 b6e646c13d0753ae da7d3c2d591c4295 128d583954b18074 d73a65673e3f1d78 c05f45f86d0771d5 9f27aa36c1ea793c 6461a9faa871b3ac 7d83ffe83f61bdc4 5057551fc55e9ed2 52e459a551d4ac2d b0b5e62a93a2c37c 238ec735a13a3f09 da904d2a54ff8cf2 ee3ed9a3f51336cd 49b5678e0d1e5bcd db0e648651f4c92b e7828f0ea9749505 9b2adcf4041227d7 bbbd5d2fd957e8f7 37001ade0df85823
493,ddf332f2b55a2a23 3c565c1fc2316d16 24c47959ea77b15b 62431fd374eb99fb db0e648651f4c92b 5430097e23000368 52e459a551d4ac2d ee3ed9a3f51336cd 238ec735a13a3f09 49b5678e0d1e5bcd c05f45f86d0771d5 e7828f0ea9749505 9b2adcf4041227d7 8df3f13d6af34cb3 9f27aa36c1ea793c 00d9f8d3f7d412b3 d6ed7e4b14c51296 5057551fc55e9ed2 7d83ffe83f61bdc4 6461a9faa871b3ac 0220a434aa8bf029 af8e70f978cd5aee bbbd5d2fd957e8f7 da904d2a54ff8cf2 cba7e22bb383083a a1314cd417504572 b0b5e62a93a2c37c 37001ade0df85823 b6e72edcad270be0 4d954d933e606b70
494,b760ebc5f25788d3 0195950ce0f47e34 a017f3358d5327aa 6a3919ad9ed8197e feddfcf56818968e 0bcaac840d5e66d7 96445bec1579ec97 b24820ae14e16a24 964a50d33717c26d 9fbffc521da97c54 781f4d0147aef776 5867d40811c0229f ced9c56f2be86774 10ad13170242ecae 00d9eb862ba3dfc6 3fa57d488e979d74 3986b68500d7704b ff88049e61f0f4ef 702d8f1064ab3e30 e0269da736ddf004 bd713b37b67866c3 c28bc62802b90f82 fd30682593995748 2a06f5614060e3b6 9a0f5ee4f845c9b2 4d7653ea9499eed4 bd0f175ee98c613e ae94d8435a6847f4 b6d0f83aad4e4dc7 622f2e4119882c94
495,0897dcfae16e280f 04fda7c9d8971ec0 52e459a551d4ac2d e7828f0ea9749505 d6ed7e4b14c51296 9b2adcf4041227d7 da904d2a54ff8cf2 238ec735a13a3f09 7d83ffe83f61bdc4 898a4921ab9f4cce 4483bbdd3241f11a d64c06baf5ef1c90 976baf0e84752a68 cec2eea2a1fe566a c810ac016901e8ac 36d33c41812ce7dc 61ba7707ef6a5a99 3d93a60f990a0a7c 453bc79164d57a01 6461a9faa871b3ac ee3ed9a3f51336cd db0e648651f4c92b 5430097e23000368 8df3f13d6af34cb3 cba7e22bb383083a 37001ade0df85823 00d9f8d3f7d412b3 49b5678e0d1e5bcd 0220a434aa8bf029 5057551fc55e9ed2
496,07d688f5e2142b87 a18df74d3a16e9c0 538c7bb968b2154c acf5cb026b3c4551 d3c4a7db726191e0 a2805ed52b47b8ec 97d696011258825c f29eee8054c061e1 b26d8664feb18c8c ce0f56b7190c268a 73f770f2643a2135 eff60ceea8817dad 01ecc81f6341e902 5879096a38d69fc5 095bb1b6ecbd0a50 430feb4826a5632e 528161039994b4dc 12af6a34778710db 005666aa098abe8e b3e75fdca5ca2f1a 9100ea6cd0e084bf 955e465ce0788ea6 0b0021aa60d05daa 702d8f1064ab3e30 b50b4e27b03c7b37 f46601a9955f9949 6c017e548aa138f2 a04d6febd82a4389 39075e303166355e 197fa50b30d91fe8
497,48cf88c17ff38c5e 52370bea1acd0600 b6a1c97f19af78d0 0451447dd64f6284 285657fcdf89f00d a017f3358d5327aa d0f6c00eec5eb973 9f4e0d572b1f4e6c 3b4a85bac6ead3c8 9113e9dc940fb287 81b7c7e312bfa1a0 4d9214c0925e5af8 128d583954b18074 d73a65673e3f1d78 d9885881381fd10a 35488b3b8b781278 4f915ad69e1dca36 e9c20b67a4c5395f 50cb6a6c60ad711a 8dedff0a79784abc 3a6e7894dde31c67 f1a3b8b13e9401c0 395b26d91f98bd92 2e79d45ba4d1540d cb3e4ce97e7f2881 b2ee9eea2d974c90 133b04350c75770b e740c80fce094788 0f33ce8d8014f308 c143c095983a65c2
498,e9c20b67a4c5395f 4f915ad69e1dca36 35488b3b8b781278 8dedff0a79784abc 50cb6a6c60ad711a 3a6e7894dde31c67 c143c095983a65c2 b6a1c97f19af78d0 3b6d27775fce1c7b 0451447dd64f6284 28a2067685cb3e97 52370bea1acd0600 0f33ce8d8014f308 c015590d6a6fe833 285657fcdf89f00d 24e582daf6f87158 7c8324ce28ffb96e 128d583954b18074 d73a65673e3f1d78 e228204ae08d1355 2e031d83339759b2 4bed80e56ea2e099 d216e5458ad70e60 8699cc5dd4159b69 99e833818ec4bbf2 6204e398d8c7f888 feddfcf56818968e bd713b37b67866c3 8a5635c748344d47 cc507a0d6fcf4a1c
499,62431fd374eb99fb 24c47959ea77b15b 3c565c1fc2316d16 a76ffccd2f5df1a7 b6e72edcad270be0 f48d0fbea7dc2782 cea18be9a89d7a81 ddf332f2b55a2a23 4d954d933e606b70 4b29fc21f912754d 0f4c71d341e2d939 6406fcdb7d87b5dc 3e66b4855d0dddbe 172bc0ee09332ae9 66ccd03c9e03ac06 a2c35fdf07a13286 404031ab9d5977c4 a017f3358d5327aa e8ad5e31484ef889 81bd116c786bf9ae 54a11cbcd7a32af4 bd713b37b67866c3 c31a456b544a40a8 ee3ed9a3f51336cd 6461a9faa871b3ac af8e70f978cd5aee bbbd5d2fd957e8f7 238ec735a13a3f09 52e459a551d4ac2d 5430097e23000368
500,4577ae048ef1967d 01104a026d22ae55 a017f3358d5327aa 238ec735a13a3f09 ee3ed9a3f51336cd db0e648651f4c92b 7d83ffe83f61bdc4 49b5678e0d1e5bcd af8e70f978cd5aee 5430097e23000368 6461a9faa871b3ac bbbd5d2fd957e8f7 cba7e22bb383083a 9b2adcf4041227d7 e7828f0ea9749505 d6ed7e4b14c51296 00d9f8d3f7d412b3 9f27aa36c1ea793c 0220a434aa8bf029 c05f45f86d0771d5 5057551fc55e9ed2 52e459a551d4ac2d b0b5e62a93a2c37c 37001ade0df85823 a1314cd417504572 da904d2a54ff8cf2 8df3f13d6af34cb3 7e4a4a1300b77a06 83f8aca6ee2caabc 2bafd15871caae91
501,6ae470a7c9ec20fd 0708923badf2ff5d 0eedb1a0d3b8ddae b0e254dd420faee3 b0b5e62a93a2c37c 52e459a551d4ac2d da904d2a54ff8cf2 c05f45f86d0771d5 5057551fc55e9ed2 d6ed7e4b14c51296 7d83ffe83f61bdc4 5430097e23000368 49b5678e0d1e5bcd 238ec735a13a3f09 cba7e22bb383083a 9f27aa36c1ea793c 8df3f13d6af34cb3 6461a9faa871b3ac 37001ade0df85823 ee3ed9a3f51336cd af8e70f978cd5aee bbbd5d2fd957e8f7 9b2adcf4041227d7 db0e648651f4c92b 0220a434aa8bf029 00d9f8d3f7d412b3 a1314cd417504572 e7828f0ea9749505 cc861214a89ef1f4 a677c3a76055a6d2
502,01e5a6edcee7deb0 128d583954b18074 d73a65673e3f1d78 6406fcdb7d87b5dc b78189788d563693 025a148c3a53bd9f 46315cf30aaee51c 27888817db122597 20d283a232dfd13c 0eafda717681bbdc 8f578001f9d5f543 b29ab87af6ea6310 d92c0298f76ccf77 2359719a0f40ffac fc21db75b354a917 ecb768ef6fd223ca 65708d542bd01f39 99e833818ec4bbf2 dc12cc503ac0eddb 87c5481930cfe126 0647acc4602d4e8f a65e30106ea50423 65ad9c583823162d d6bbbd6c4968075a ffa9091747ae2466 b760ebc5f25788d3 a5d5ba33b5b1dc95 455fde214d16d350 fa173131f15f5534 01b3da54ffb158a0
503,976baf0e84752a68 238ec735a13a3f09 e7828f0ea9749505 52e459a551d4ac2d 7d83ffe83f61bdc4 d6ed7e4b14c51296 da904d2a54ff8cf2 9b2adcf4041227d7 6461a9faa871b3ac 190ab585fd379f0f 4483bbdd3241f11a 898a4921ab9f4cce 36d33c41812ce7dc cec2eea2a1fe566a c810ac016901e8ac d64c06baf5ef1c90 453bc79164d57a01 61ba7707ef6a5a99 3d93a60f990a0a7c ecb768ef6fd223ca c05f45f86d0771d5 cba7e22bb383083a 9f27aa36c1ea793c 00d9f8d3f7d412b3 8df3f13d6af34cb3 37001ade0df85823 ee3ed9a3f51336cd 5430097e23000368 0220a434aa8bf029 49b5678e0d1e5bcd
504,59c231f8fd21260c cc0c9419f8a20603 bd713b37b67866c3 81bd116c786bf9ae 54a11cbcd7a32af4 238ec735a13a3f09 5430097e23000368 db0e648651f4c92b bbbd5d2fd957e8f7 af8e70f978cd5aee 6461a9faa871b3ac 52e459a551d4ac2d ee3ed9a3f51336cd 7d83ffe83f61bdc4 49b5678e0d1e5bcd e7828f0ea9749505 5057551fc55e9ed2 c05f45f86d0771d5 d6ed7e4b14c51296 00d9f8d3f7d412b3 0220a434aa8bf029 9f27aa36c1ea793c 9b2adcf4041227d7 8df3f13d6af34cb3 37001ade0df85823 cba7e22bb383083a b0b5e62a93a2c37c da904d2a54ff8cf2 a1314cd417504572 b9d966ad9e04127a
505,8e0cc5199a0ee659 74ae9af23a383bf5 576dd429db946393 ae000f9d0b5e104e 1f423f368aebf7f3 00e1e2eb13f650e4 204ec91c39d1479d bbbd5d2fd957e8f7 52370bea1acd0600 4d7653ea9499eed4 9a0f5ee4f845c9b2 0bcaac840d5e66d7 c28bc62802b90f82 702d8f1064ab3e30 3986b68500d7704b 3fa57d488e979d74 ff88049e61f0f4ef e0269da736ddf004 bd713b37b67866c3 fd30682593995748 39f6296778264878 47fbe21f5c35c7b4 e36475c1af5ea3ab 0708923badf2ff5d 734dabb98795c35c 942a7d26d81c841f bd0f175ee98c613e ae94d8435a6847f4 b6d0f83aad4e4dc7 b24820ae14e16a24
506,7f95168400948588 6899956cd6c683f0 19e8f436d4b2fc25 b05b5f6850cfa158 ca43e349133fc0e3 72b80b099fd64ec4 5547f9f1638ac345 f25bfcffedaccf28 92f42fbd0c38f7fd 0add47a043c64d7f 2cebd52b41930f0a cc0c9419f8a20603 43c354dbf952caaa 45bd99d5d2eef776 16b11706660177ff 52aa48c07b34dc88 1d72229ebcc00faf b84b6c0b2e4d0306 58654e3143c6550b 0688c790d5806540 f105a53e5cfae611 40583079f57235a6 ebfda3b48083e390 c11b97f245a9dfd0 148ac4a56a18844d e9c20b67a4c5395f d257d1fbcf43abd5 70ebf53ced736fa4 8dedff0a79784abc 3b4a85bac6ead3c8
507,af8e70f978cd5aee 451e7ba901ad661d a84cd36608cb8665 cc861214a89ef1f4 4b8c7061102517ef 537a55eda51a3f60 fab14d178b24a67f 4105533fe46dfba9 059bbdbdb843af6a 190ab585fd379f0f a017f3358d5327aa 128d583954b18074 d73a65673e3f1d78 0079f3c74309b582 52e459a551d4ac2d 5057551fc55e9ed2 5430097e23000368 49b5678e0d1e5bcd 00d9f8d3f7d412b3 bbbd5d2fd957e8f7 c05f45f86d0771d5 7d83ffe83f61bdc4 b0b5e62a93a2c37c da904d2a54ff8cf2 238ec735a13a3f09 9b2adcf4041227d7 ee3ed9a3f51336cd 37001ade0df85823 a1314cd417504572 0220a434aa8bf029
508,29bedd00fb2be056 455fde214d16d350 33856365c271aea4 5989fb934598c1a7 07f22a7ad7e4711d 25a3b47fe31bc6b5 ddb3810e0289c148 387e9cd2e5d4ea7d ebfda3b48083e390 42c9b72cc77dcb28 025a148c3a53bd9f c5830f9d0f1e29e5 7155e5a86136eb02 65708d542bd01f39 57113c2a4cacd961 4d954d933e606b70 095bb1b6ecbd0a50 8643165b0f53df11 3ca7964973437917 eff60ceea8817dad 1f423f368aebf7f3 26fc2a95df5659c2 855f2f0354e102c7 63d95d5977c2fe98 7ee52d2519eea367 44d324ebd3e22ad7 1398b478b71773ed 4d417b203b333363 587e0b2a4811fab1 b6a1c97f19af78d0
509,8df3f13d6af34cb3 238ec735a13a3f09 b0b5e62a93a2c37c 52e459a551d4ac2d da904d2a54ff8cf2 cba7e22bb383083a ee3ed9a3f51336cd c05f45f86d0771d5 5057551fc55e9ed2 6461a9faa871b3ac e7828f0ea9749505 9f27aa36c1ea793c af8e70f978cd5aee a1314cd417504572 d6ed7e4b14c51296 49b5678e0d1e5bcd 37001ade0df85823 bbbd5d2fd957e8f7 0220a434aa8bf029 5430097e23000368 7d83ffe83f61bdc4 00d9f8d3f7d412b3 db0e648651f4c92b 9b2adcf4041227d7 cec2eea2a1fe566a 7e4a4a1300b77a06 898a4921ab9f4cce 2bafd15871caae91 c810ac016901e8ac 4483bbdd3241f11a
510,148ac4a56a18844d d73a65673e3f1d78 128d583954b18074 58654e3143c6550b 0688c790d5806540 ebfda3b48083e390 0683b6a78f54be75 5f94b027039f4e48 4dba7ce835494a63 c015590d6a6fe833 3b6d27775fce1c7b 28a2067685cb3e97 4f915ad69e1dca36 50cb6a6c60ad711a 8dedff0a79784abc 24e582daf6f87158 98dbd15aa33ebc18 4d29c6922b2d0d56 52370bea1acd0600 ced9c56f2be86774 25a3b47fe31bc6b5 7c8324ce28ffb96e 285657fcdf89f00d a60934e6b473097a 1c3b74a02a86467d fc16a50ff0baec53 bc2552a642ce8497 af41e2b6da3e7e02 40583079f57235a6 919b1679fffa7ef1
511,d73a65673e3f1d78 64b31699d7d15934 0db6584e3bdfa1c4 197fa50b30d91fe8 8faeacf8ca08f62d b3ad55963554f220 39075e303166355e a04d6febd82a4389 4491016efed845f1 628accd9be98503c 430feb4826a5632e 528161039994b4dc 005666aa098abe8e ec4ef2f727e7a03f b3e75fdca5ca2f1a b50b4e27b03c7b37 8fc68213b63951dc a5f55580081236f4 0897dcfae16e280f d5805cdb9e8f0f48 eec6b281e236b500 6c017e548aa138f2 955e465ce0788ea6 bb7515be835dea49 de35d2410e916471 1f4f62844c3cb99c 942a7d26d81c841f bd0f175ee98c613e 702d8f1064ab3e30 0b0021aa60d05daa
512,3c565c1fc2316d16 24c47959ea77b15b 62431fd374eb99fb ee3ed9a3f51336cd 238ec735a13a3f09 52e459a551d4ac2d 6461a9faa871b3ac af8e70f978cd5aee bbbd5d2fd957e8f7 49b5678e0d1e5bcd db0e648651f4c92b 5430097e23000368 c05f45f86d0771d5 d6ed7e4b14c51296 9b2adcf4041227d7 da904d2a54ff8cf2 cba7e22bb383083a 8df3f13d6af34cb3 37001ade0df85823 a1314cd417504572 b0b5e62a93a2c37c e7828f0ea9749505 0220a434aa8bf029 7d83ffe83f61bdc4 9f27aa36c1ea793c 00d9f8d3f7d412b3 5057551fc55e9ed2 b6e72edcad270be0 4d954d933e606b70 4b29fc21f912754d
513,bd713b37b67866c3 81bd116c786bf9ae 54a11cbcd7a32af4 b9d966ad9e04127a 9fda36f260eec24e 395b26d91f98bd92 64b31699d7d15934 0e45c4c185f35df6 f1a3b8b13e9401c0 4f915ad69e1dca36 24c47959ea77b15b 3c565c1fc2316d16 50cb6a6c60ad711a 81b639b74256b45b 8dedff0a79784abc 522bd6887960c25d 5897953fdf87b60f 62431fd374eb99fb a76ffccd2f5df1a7 0f4c71d341e2d939 4b29fc21f912754d 0db6584e3bdfa1c4 ddf332f2b55a2a23 3b6d27775fce1c7b 4d954d933e606b70 cea18be9a89d7a81 b6e72edcad270be0 28a2067685cb3e97 f48d0fbea7dc2782 52370bea1acd0600
514,af8e70f978cd5aee cc861214a89ef1f4 4b8c7061102517ef fab14d178b24a67f 4105533fe46dfba9 059bbdbdb843af6a b78189788d563693 20d283a232dfd13c 46315cf30aaee51c 27888817db122597 025a148c3a53bd9f 0eafda717681bbdc ecb768ef6fd223ca 8f578001f9d5f543 2359719a0f40ffac fc21db75b354a917 d92c0298f76ccf77 b29ab87af6ea6310 b760ebc5f25788d3 ffa9091747ae2466 d6bbbd6c4968075a 6406fcdb7d87b5dc acae1d29289b1266 6d80d2e62d01f6bc 853e36b1550c6274 9b2adcf4041227d7 c05f45f86d0771d5 7d83ffe83f61bdc4 d6ed7e4b14c51296 da904d2a54ff8cf2
515,54a11cbcd7a32af4 b0bfe0f426275870 ec4ef2f727e7a03f 636224e349e561bf 528161039994b4dc 589ef345cb2dccfc 9100ea6cd0e084bf 54f55c74d37db3c0 8fc68213b63951dc abf90e759d208468 955e465ce0788ea6 eec6b281e236b500 f46601a9955f9949 8faeacf8ca08f62d bd0f175ee98c613e b3ad55963554f220 095bb1b6ecbd0a50 942a7d26d81c841f 5b16bae6a0de7c88 b3e75fdca5ca2f1a 1ba7a50457e93996 6c017e548aa138f2 f76f44d372517a9a 77e2f7da1f9d3a8f c1f2e3a76d388944 148ac4a56a18844d 5897953fdf87b60f e1460af4a7044067 a853f13216170123 e9c20b67a4c5395f
516,2e2904c5373734ae bbbd5d2fd957e8f7 47fbe21f5c35c7b4 52370bea1acd0600 4d7653ea9499eed4 9a0f5ee4f845c9b2 0bcaac840d5e66d7 c28bc62802b90f82 702d8f1064ab3e30 3fa57d488e979d74 ff88049e61f0f4ef e0269da736ddf004 bd713b37b67866c3 fd30682593995748 2a06f5614060e3b6 39f6296778264878 e25a1da6ca187350 3986b68500d7704b e36475c1af5ea3ab e7cad3748e50b0f8 0708923badf2ff5d 734dabb98795c35c 942a7d26d81c841f bd0f175ee98c613e ae94d8435a6847f4 b6d0f83aad4e4dc7 cea18be9a89d7a81 622f2e4119882c94 4b8c7061102517ef af8e70f978cd5aee
517,a84cd36608cb8665 0b774cf90856c4da 00ff646ca6637bd7 fd30682593995748 64907c4568244eb4 9d5edf3b993fee50 120e745e2961b5d5 2b48ab08c915c0ad 451e7ba901ad661d 7c9248ed6224aa26 537a55eda51a3f60 fc8971756f9ec194 898a4921ab9f4cce f105a53e5cfae611 70ebf53ced736fa4 a9223c28b10c131f ad06e9eeea8eb4ea 1fe79c7de59ff6c6 4beacc71024f8b08 dea5e9227fbbac29 ba5199dba342af68 e403278468d84383 e8b87ed7db1bcb1f e25a1da6ca187350 c1f2e3a76d388944 128d583954b18074 ca4de5b8a7bda9df 3c0873ce078d332b d73a65673e3f1d78 1dc7139adba034ec
518,da7d3c2d591c4295 a017f3358d5327aa 238ec735a13a3f09 5430097e23000368 a1314cd417504572 52e459a551d4ac2d 37001ade0df85823 9b2adcf4041227d7 cba7e22bb383083a ee3ed9a3f51336cd af8e70f978cd5aee db0e648651f4c92b 49b5678e0d1e5bcd bbbd5d2fd957e8f7 7d83ffe83f61bdc4 0220a434aa8bf029 c05f45f86d0771d5 e7828f0ea9749505 5057551fc55e9ed2 9f27aa36c1ea793c d6ed7e4b14c51296 6461a9faa871b3ac 00d9f8d3f7d412b3 b0b5e62a93a2c37c da904d2a54ff8cf2 8df3f13d6af34cb3 cc861214a89ef1f4 898a4921ab9f4cce 83f8aca6ee2caabc 36d33c41812ce7dc
519,128d583954b18074 d73a65673e3f1d78 2e44fbb8bc3d8d71 6cb9ab508a0678a0 b7d7d9ae1cbe0d8a 2820628e65a062e2 1f4f62844c3cb99c bd0f175ee98c613e 9100ea6cd0e084bf 059bbdbdb843af6a 26fc2a95df5659c2 c03b11a0cdc3fa39 316382267dcd804f db7342eff9200020 18b1d2d84c97a364 04fda7c9d8971ec0 27a12f29dceccdbd cba7e22bb383083a 016da874bd04df55 fc8971756f9ec194 c28bc62802b90f82 74244a8703c03720 39f6296778264878 f9c6286cff30aaa8 bc27d5dc9bab1c18 5570ef88d970e9b4 fab14d178b24a67f 025a148c3a53bd9f bed3e73d52011f68 f28fb3d9880c5d4c
520,acf5cb026b3c4551 e8ad5e31484ef889 aa967ad3c1f65a29 52370bea1acd0600 4d7653ea9499eed4 9a0f5ee4f845c9b2 0bcaac840d5e66d7 c28bc62802b90f82 702d8f1064ab3e30 3986b68500d7704b f58ff7f1a6cde683 ff88049e61f0f4ef e0269da736ddf004 bd713b37b67866c3 fd30682593995748 2a06f5614060e3b6 39f6296778264878 e25a1da6ca187350 c31a456b544a40a8 3fa57d488e979d74 0708923badf2ff5d 734dabb98795c35c 942a7d26d81c841f bd0f175ee98c613e ae94d8435a6847f4 b6d0f83aad4e4dc7 b24820ae14e16a24 622f2e4119882c94 47fbe21f5c35c7b4 af8e70f978cd5aee
521,538c7bb968b2154c 128d583954b18074 d73a65673e3f1d78 a18df74d3a16e9c0 07d688f5e2142b87 b26d8664feb18c8c 97d696011258825c a2805ed52b47b8ec f29eee8054c061e1 d3c4a7db726191e0 acf5cb026b3c4551 73f770f2643a2135 ce0f56b7190c268a eff60ceea8817dad 01ecc81f6341e902 52e459a551d4ac2d 238ec735a13a3f09 5057551fc55e9ed2 00d9f8d3f7d412b3 49b5678e0d1e5bcd da904d2a54ff8cf2 c05f45f86d0771d5 b0b5e62a93a2c37c ee3ed9a3f51336cd af8e70f978cd5aee d6ed7e4b14c51296 37001ade0df85823 9b2adcf4041227d7 8df3f13d6af34cb3 bbbd5d2fd957e8f7
522,430feb4826a5632e 27888817db122597 4f915ad69e1dca36 8dedff0a79784abc 50cb6a6c60ad711a 28a2067685cb3e97 52370bea1acd0600 3b6d27775fce1c7b c015590d6a6fe833 285657fcdf89f00d 24e582daf6f87158 eff60ceea8817dad 7c8324ce28ffb96e d73a65673e3f1d78 e9c20b67a4c5395f 3a6e7894dde31c67 35488b3b8b781278 0f33ce8d8014f308 c143c095983a65c2 0451447dd64f6284 b6a1c97f19af78d0 54a11cbcd7a32af4 81bd116c786bf9ae bd713b37b67866c3 af8e70f978cd5aee bbbd5d2fd957e8f7 5430097e23000368 db0e648651f4c92b 238ec735a13a3f09 52e459a551d4ac2d
523,128d583954b18074 d73a65673e3f1d78 3a6e7894dde31c67 35488b3b8b781278 e9c20b67a4c5395f 8dedff0a79784abc 4f915ad69e1dca36 50cb6a6c60ad711a 28a2067685cb3e97 b6a1c97f19af78d0 0451447dd64f6284 c143c095983a65c2 c015590d6a6fe833 0f33ce8d8014f308 3b6d27775fce1c7b 52370bea1acd0600 24e582daf6f87158 285657fcdf89f00d 7c8324ce28ffb96e 702d8f1064ab3e30 c28bc62802b90f82 3986b68500d7704b 3fa57d488e979d74 ff88049e61f0f4ef e0269da736ddf004 bd713b37b67866c3 fd30682593995748 39f6296778264878 0bcaac840d5e66d7 ae94d8435a6847f4
524,bd713b37b67866c3 54a11cbcd7a32af4 81bd116c786bf9ae 9fda36f260eec24e 395b26d91f98bd92 f1a3b8b13e9401c0 522bd6887960c25d 64b31699d7d15934 0e45c4c185f35df6 50cb6a6c60ad711a 4f915ad69e1dca36 3c565c1fc2316d16 24c47959ea77b15b 8dedff0a79784abc 81b639b74256b45b 62431fd374eb99fb 5897953fdf87b60f b9d966ad9e04127a f48d0fbea7dc2782 cea18be9a89d7a81 c015590d6a6fe833 a76ffccd2f5df1a7 0f4c71d341e2d939 4b29fc21f912754d 05e4165a56bf50eb b6e72edcad270be0 28a2067685cb3e97 52370bea1acd0600 59c231f8fd21260c 4d954d933e606b70
525,c810ac016901e8ac b8e2f75014710ced d72363ddd958d906 36d33c41812ce7dc f28fb3d9880c5d4c 2dd12c230ab22555 cc861214a89ef1f4 83f8aca6ee2caabc 6e1b6b53c9710940 d64c06baf5ef1c90 a677c3a76055a6d2 2bafd15871caae91 059bbdbdb843af6a 453bc79164d57a01 e5fb8dc5c9cb4a19 42c9b72cc77dcb28 3d93a60f990a0a7c cba7e22bb383083a 8b7c486a910dd004 4105533fe46dfba9 0c2eeab1e4ce1db8 2e44fbb8bc3d8d71 db0e648651f4c92b 7d83ffe83f61bdc4 ee3ed9a3f51336cd c05f45f86d0771d5 49b5678e0d1e5bcd 52e459a551d4ac2d d6ed7e4b14c51296 da904d2a54ff8cf2
526,70ebf53ced736fa4 b84b6c0b2e4d0306 ad06e9eeea8eb4ea f105a53e5cfae611 dea5e9227fbbac29 a9223c28b10c131f e9c20b67a4c5395f 4beacc71024f8b08 0f33ce8d8014f308 c015590d6a6fe833 c143c095983a65c2 3b6d27775fce1c7b 28a2067685cb3e97 3a6e7894dde31c67 35488b3b8b781278 50cb6a6c60ad711a 4f915ad69e1dca36 8dedff0a79784abc 24e582daf6f87158 52370bea1acd0600 b6a1c97f19af78d0 0451447dd64f6284 f76f44d372517a9a 285657fcdf89f00d 7c8324ce28ffb96e f2e30efbd27bee51 db69d4cbfef8d22f c5830f9d0f1e29e5 3734d3b0b9232538 9cf6709de35bf0f3
527,538c7bb968b2154c 9c9ebf71707d7a37 0eb4de784c8dd679 3fa57d488e979d74 dc576af4ae66e25e ba5199dba342af68 3a6e7894dde31c67 919b1679fffa7ef1 0220a434aa8bf029 d1e21234d7cc61d2 01020d1b0821f4c7 5fb2d8e734956af0 64b31699d7d15934 0db6584e3bdfa1c4 01ecc81f6341e902 5879096a38d69fc5 54a11cbcd7a32af4 81bd116c786bf9ae bd713b37b67866c3 522bd6887960c25d 8dedff0a79784abc 4f915ad69e1dca36 24c47959ea77b15b 62431fd374eb99fb 50cb6a6c60ad711a 3c565c1fc2316d16 5897953fdf87b60f 81b639b74256b45b 395b26d91f98bd92 9fda36f260eec24e
528,d7d937303a6d5a9d cba7e22bb383083a 01e5a6edcee7deb0 83f8aca6ee2caabc b8e2f75014710ced d72363ddd958d906 c810ac016901e8ac d64c06baf5ef1c90 2bafd15871caae91 2dd12c230ab22555 36d33c41812ce7dc f28fb3d9880c5d4c 6e1b6b53c9710940 cc861214a89ef1f4 a677c3a76055a6d2 059bbdbdb843af6a 3d93a60f990a0a7c 453bc79164d57a01 42c9b72cc77dcb28 e5fb8dc5c9cb4a19 4105533fe46dfba9 0c2eeab1e4ce1db8 8b7c486a910dd004 a65e30106ea50423 0647acc4602d4e8f 99e833818ec4bbf2 65708d542bd01f39 87c5481930cfe126 dc12cc503ac0eddb 65ad9c583823162d
529,83f5a9732f0de67f 00e1e2eb13f650e4 0195950ce0f47e34 bbbd5d2fd957e8f7 47fbe21f5c35c7b4 52370bea1acd0600 4d7653ea9499eed4 9a0f5ee4f845c9b2 0bcaac840d5e66d7 c28bc62802b90f82 702d8f1064ab3e30 cea18be9a89d7a81 3fa57d488e979d74 ff88049e61f0f4ef e0269da736ddf004 bd713b37b67866c3 fd30682593995748 2a06f5614060e3b6 e25a1da6ca187350 3986b68500d7704b e7cad3748e50b0f8 0708923badf2ff5d 734dabb98795c35c 942a7d26d81c841f bd0f175ee98c613e ae94d8435a6847f4 b6d0f83aad4e4dc7 b24820ae14e16a24 39f6296778264878 4b8c7061102517ef
530,46b99f864d6a075a 447fc00f40d71d08 ac9ee0c09b538140 74244a8703c03720 680bb5c5c3bb6ee1 29968e8fd13539f8 486dd77002936dec 34a62e66e05f9a44 a9dad59c7055b56c 6a9aa1bd93e36e66 5b16bae6a0de7c88 abf90e759d208468 63d95d5977c2fe98 106204cd0e07e1b2 09660f466b38b7ba f9c6286cff30aaa8 64267373570e4ea3 387e9cd2e5d4ea7d 72403ecdfe02bba6 73391e0853c1e040 0d0368139e9a647f f58ff7f1a6cde683 01020d1b0821f4c7 70776cdd9bb3b7d4 49224aca40e6e5e3 b69ce8b8154645f8 622f2e4119882c94 b29ab87af6ea6310 a982b5c3aed39396 c08c3765ac609cc0
531,10ad13170242ecae 59c231f8fd21260c 48a76e3aff69d605 a017f3358d5327aa e6a29676c096f8e8 5c4b7558c942a224 63d509cd2a2e0e47 95166957b2c38794 1efd7bd8a34a1359 81bd116c786bf9ae 54a11cbcd7a32af4 bd713b37b67866c3 64b31699d7d15934 62431fd374eb99fb 395b26d91f98bd92 f1a3b8b13e9401c0 3c565c1fc2316d16 b9d966ad9e04127a 24c47959ea77b15b 50cb6a6c60ad711a 4f915ad69e1dca36 8dedff0a79784abc 81b639b74256b45b 9fda36f260eec24e 522bd6887960c25d 0e45c4c185f35df6 5897953fdf87b60f b6e72edcad270be0 05e4165a56bf50eb f48d0fbea7dc2782
532,128d583954b18074 d73a65673e3f1d78 628accd9be98503c 430feb4826a5632e 636224e349e561bf b3ad55963554f220 de35d2410e916471 005666aa098abe8e 39075e303166355e f46601a9955f9949 8fc68213b63951dc 095bb1b6ecbd0a50 bb7515be835dea49 589ef345cb2dccfc 197fa50b30d91fe8 955e465ce0788ea6 6c017e548aa138f2 9100ea6cd0e084bf 8faeacf8ca08f62d a04d6febd82a4389 eec6b281e236b500 528161039994b4dc 12af6a34778710db d5805cdb9e8f0f48 0b0021aa60d05daa ec4ef2f727e7a03f 0897dcfae16e280f b50b4e27b03c7b37 bd0f175ee98c613e 942a7d26d81c841f
533,0a49074a4158155b 585f4ee09d8fea46 d73a65673e3f1d78 128d583954b18074 10ad13170242ecae b05b5f6850cfa158 72b80b099fd64ec4 19e8f436d4b2fc25 ca43e349133fc0e3 6899956cd6c683f0 0add47a043c64d7f cc0c9419f8a20603 2cebd52b41930f0a 45bd99d5d2eef776 92f42fbd0c38f7fd 5547f9f1638ac345 f25bfcffedaccf28 43c354dbf952caaa 7f95168400948588 4f31209941bb05fc 734dabb98795c35c 428f9363fa35882d 52aa48c07b34dc88 16b11706660177ff 83f5a9732f0de67f b84b6c0b2e4d0306 1d72229ebcc00faf 892074f7c1ef5d5e f54ad8d1eb18212e 07be6a290720707d
534,42c9b72cc77dcb28 0c2eeab1e4ce1db8 f28fb3d9880c5d4c a677c3a76055a6d2 2e44fbb8bc3d8d71 351c9da399c2b915 2dd12c230ab22555 b8e2f75014710ced 6e1b6b53c9710940 d64c06baf5ef1c90 36d33c41812ce7dc c810ac016901e8ac d72363ddd958d906 2bafd15871caae91 cc861214a89ef1f4 83f8aca6ee2caabc 059bbdbdb843af6a 453bc79164d57a01 3d93a60f990a0a7c e5fb8dc5c9cb4a19 cba7e22bb383083a b0b5e62a93a2c37c 37001ade0df85823 fc8971756f9ec194 4105533fe46dfba9 8b7c486a910dd004 238ec735a13a3f09 5430097e23000368 ee3ed9a3f51336cd db0e648651f4c92b
535,922e625fae98b3b9 74e59c5820900b17 c08c3765ac609cc0 18ced18aee04c48e 05f23e7d05dbf7c2 2359719a0f40ffac 5b34da30b93eb123 00140806971e7a73 ffc688c4c1c2a068 e7cad3748e50b0f8 e14a893f1918277e 8d58da0e1800dc96 65fac1ba1840000f f2234bb7ce0c6f59 42a5cae2a3a45557 2810fb6f81d1711c a9eef13786610446 f705b637f624147e b749972436ac9791 2a06f5614060e3b6 bed3e73d52011f68 3fa57d488e979d74 050544c040f46152 44d324ebd3e22ad7 63d95d5977c2fe98 4d417b203b333363 0d0368139e9a647f 54f55c74d37db3c0 dac29ed8400b50cc 0fbd0f422e926816
536,133b04350c75770b 128d583954b18074 d73a65673e3f1d78 cb3e4ce97e7f2881 e740c80fce094788 0451447dd64f6284 52370bea1acd0600 b6a1c97f19af78d0 4beacc71024f8b08 285657fcdf89f00d a60934e6b473097a 1d0f5fdc58e3efb5 b1e47da7659b675c 587e0b2a4811fab1 50806199c80e215c 680bb5c5c3bb6ee1 9b0e8cf8153e3b33 2e79d45ba4d1540d b2ee9eea2d974c90 395b26d91f98bd92 f1a3b8b13e9401c0 98dbd15aa33ebc18 48cf88c17ff38c5e f29eee8054c061e1 aa0789b403bcd839 8643165b0f53df11 b84b6c0b2e4d0306 877672967d3f70bb e228204ae08d1355 0688c790d5806540
537,6cb9ab508a0678a0 354d7a327bbcc152 00ff646ca6637bd7 00af886180e9eaec f28fb3d9880c5d4c a677c3a76055a6d2 9a439fd1abf95245 42c9b72cc77dcb28 37001ade0df85823 b0b5e62a93a2c37c 0c2eeab1e4ce1db8 4d32dae7b43c489a cba7e22bb383083a d72363ddd958d906 83f8aca6ee2caabc 36d33c41812ce7dc cc861214a89ef1f4 6e1b6b53c9710940 c810ac016901e8ac d64c06baf5ef1c90 2bafd15871caae91 2dd12c230ab22555 b8e2f75014710ced fc8971756f9ec194 2e44fbb8bc3d8d71 059bbdbdb843af6a 453bc79164d57a01 3d93a60f990a0a7c e5fb8dc5c9cb4a19 351c9da399c2b915
538,63d509cd2a2e0e47 07be6a290720707d e8ad5e31484ef889 1398b478b71773ed a017f3358d5327aa f58ff7f1a6cde683 9a0f5ee4f845c9b2 0bcaac840d5e66d7 c28bc62802b90f82 702d8f1064ab3e30 3986b68500d7704b 3fa57d488e979d74 ff88049e61f0f4ef e0269da736ddf004 bd713b37b67866c3 fd30682593995748 2a06f5614060e3b6 39f6296778264878 e25a1da6ca187350 c31a456b544a40a8 4d7653ea9499eed4 0708923badf2ff5d 734dabb98795c35c 942a7d26d81c841f bd0f175ee98c613e ae94d8435a6847f4 b6d0f83aad4e4dc7 b24820ae14e16a24 622f2e4119882c94 4b8c7061102517ef
539,ec1b3d7ccd3984d0 27bc34b9887bec0d 3cb6b40d377e7ca8 e22c35101e190db9 48f93f9c2c699e19 8699cc5dd4159b69 4fe9e4e55585ba4b 0a79fabc6f5d93c9 09bbaa171c20bae3 45630e1451157ff3 5897953fdf87b60f 3d6880bd12f6613f 25145708d494530b 7155e5a86136eb02 03dfe518713e006c 00d9eb862ba3dfc6 a60934e6b473097a b9d966ad9e04127a 81b639b74256b45b 522bd6887960c25d 172bc0ee09332ae9 48a76e3aff69d605 0e45c4c185f35df6 34a62e66e05f9a44 a2c35fdf07a13286 81bd116c786bf9ae bd713b37b67866c3 54a11cbcd7a32af4 9a0f5ee4f845c9b2 b6e72edcad270be0
540,ca43e349133fc0e3 b0b5e62a93a2c37c 52e459a551d4ac2d da904d2a54ff8cf2 c05f45f86d0771d5 5057551fc55e9ed2 d6ed7e4b14c51296 7d83ffe83f61bdc4 5430097e23000368 49b5678e0d1e5bcd 238ec735a13a3f09 cba7e22bb383083a 9f27aa36c1ea793c 6461a9faa871b3ac 8df3f13d6af34cb3 37001ade0df85823 ee3ed9a3f51336cd af8e70f978cd5aee bbbd5d2fd957e8f7 9b2adcf4041227d7 db0e648651f4c92b 0220a434aa8bf029 a1314cd417504572 00d9f8d3f7d412b3 e7828f0ea9749505 a677c3a76055a6d2 2bafd15871caae91 83f8aca6ee2caabc c810ac016901e8ac cec2eea2a1fe566a
541,e878efab7c37179e 4b05967001421eab eff60ceea8817dad d73a65673e3f1d78 eab15ee21e126f6a 2394b08708475900 9269d2b0d877352d 26140b225c4f8d3f a860b682add9de1c 8e0760918e88e4a9 e228204ae08d1355 5d26da95786b3a3a 828f5dfbbf1272ee bf973f9ec3600199 95ecdbff44ad0b60 877672967d3f70bb 8566d15270eb5e83 e1460af4a7044067 133b04350c75770b a492bd402afd5c71 cb3e4ce97e7f2881 366a22fce0614fb8 4d7653ea9499eed4 95d25d38ba7df9c7 c36c2dce0e6e434f e740c80fce094788 fb2ebcb5335ad2e2 96e82fa141db9a4b d980375fbd40c75f 587e0b2a4811fab1
542,de35d2410e916471 a04d6febd82a4389 ec4ef2f727e7a03f f46601a9955f9949 197fa50b30d91fe8 095bb1b6ecbd0a50 b50b4e27b03c7b37 bb7515be835dea49 bd0f175ee98c613e 942a7d26d81c841f 636224e349e561bf 12af6a34778710db 702d8f1064ab3e30 39075e303166355e 0b0021aa60d05daa 9100ea6cd0e084bf 8fc68213b63951dc 8faeacf8ca08f62d b3ad55963554f220 b3e75fdca5ca2f1a 955e465ce0788ea6 6c017e548aa138f2 a5f55580081236f4 528161039994b4dc 628accd9be98503c 005666aa098abe8e 4491016efed845f1 430feb4826a5632e 1f4f62844c3cb99c eec6b281e236b500
543,128d583954b18074 d73a65673e3f1d78 f105a53e5cfae611 40583079f57235a6 58654e3143c6550b 0688c790d5806540 ebfda3b48083e390 3a6e7894dde31c67 a9223c28b10c131f 148ac4a56a18844d 70ebf53ced736fa4 3b4a85bac6ead3c8 5f94b027039f4e48 ad06e9eeea8eb4ea 4f915ad69e1dca36 35488b3b8b781278 e9c20b67a4c5395f d257d1fbcf43abd5 133b04350c75770b 50cb6a6c60ad711a 8dedff0a79784abc b6a1c97f19af78d0 28a2067685cb3e97 3b6d27775fce1c7b b1e47da7659b675c c015590d6a6fe833 0451447dd64f6284 dea5e9227fbbac29 1d0f5fdc58e3efb5 4beacc71024f8b08
544,e22c35101e190db9 ec1b3d7ccd3984d0 3cb6b40d377e7ca8 48f93f9c2c699e19 27bc34b9887bec0d 09bbaa171c20bae3 45630e1451157ff3 0a79fabc6f5d93c9 8699cc5dd4159b69 4fe9e4e55585ba4b 3d6880bd12f6613f 25145708d494530b 03dfe518713e006c 7155e5a86136eb02 34a62e66e05f9a44 54f55c74d37db3c0 095bb1b6ecbd0a50 ec4ef2f727e7a03f a292248bb2bffb3d ce2fe99a7cda4a17 393f49286db04aeb 40583079f57235a6 46b99f864d6a075a 33856365c271aea4 f25bfcffedaccf28 01b3da54ffb158a0 7f95168400948588 fb2ebcb5335ad2e2 3ca7964973437917 b9d966ad9e04127a
545,404031ab9d5977c4 cc507a0d6fcf4a1c a853f13216170123 62431fd374eb99fb 5b4c879fc9c316fb 3c565c1fc2316d16 24c47959ea77b15b 0f4c71d341e2d939 b6e72edcad270be0 cea18be9a89d7a81 f48d0fbea7dc2782 4b29fc21f912754d a76ffccd2f5df1a7 4d954d933e606b70 ddf332f2b55a2a23 4f2fffd7528de786 666bdff4faa513ca 172bc0ee09332ae9 3e66b4855d0dddbe 6406fcdb7d87b5dc 07f22a7ad7e4711d 52e459a551d4ac2d 6461a9faa871b3ac af8e70f978cd5aee bbbd5d2fd957e8f7 db0e648651f4c92b 238ec735a13a3f09 ee3ed9a3f51336cd 5430097e23000368 49b5678e0d1e5bcd
546,b0e254dd420faee3 0eedb1a0d3b8ddae 0708923badf2ff5d 6ae470a7c9ec20fd bd713b37b67866c3 54a11cbcd7a32af4 81bd116c786bf9ae 395b26d91f98bd92 64b31699d7d15934 b9d966ad9e04127a 9fda36f260eec24e f1a3b8b13e9401c0 0e45c4c185f35df6 5897953fdf87b60f 24c47959ea77b15b 8dedff0a79784abc 50cb6a6c60ad711a 3c565c1fc2316d16 62431fd374eb99fb 4f915ad69e1dca36 81b639b74256b45b 522bd6887960c25d c015590d6a6fe833 a76ffccd2f5df1a7 4b29fc21f912754d 0f4c71d341e2d939 0db6584e3bdfa1c4 59c231f8fd21260c 52370bea1acd0600 cea18be9a89d7a81
547,81bd116c786bf9ae 54a11cbcd7a32af4 bd713b37b67866c3 7c8324ce28ffb96e cba7e22bb383083a 0e45c4c185f35df6 395b26d91f98bd92 64b31699d7d15934 b9d966ad9e04127a 5897953fdf87b60f 9fda36f260eec24e 62431fd374eb99fb 3c565c1fc2316d16 50cb6a6c60ad711a 24c47959ea77b15b f1a3b8b13e9401c0 81b639b74256b45b 522bd6887960c25d 4f915ad69e1dca36 8dedff0a79784abc d72363ddd958d906 2bafd15871caae91 c810ac016901e8ac d64c06baf5ef1c90 2dd12c230ab22555 b8e2f75014710ced a677c3a76055a6d2 6e1b6b53c9710940 cc861214a89ef1f4 36d33c41812ce7dc
548,19e8f436d4b2fc25 128d583954b18074 ca43e349133fc0e3 72b80b099fd64ec4 b05b5f6850cfa158 6899956cd6c683f0 d73a65673e3f1d78 cc0c9419f8a20603 5547f9f1638ac345 0add47a043c64d7f 45bd99d5d2eef776 7f95168400948588 43c354dbf952caaa f25bfcffedaccf28 2cebd52b41930f0a 92f42fbd0c38f7fd 16b11706660177ff 52aa48c07b34dc88 1d72229ebcc00faf b84b6c0b2e4d0306 c11b97f245a9dfd0 a0566ca9daca7778 54a11cbcd7a32af4 81bd116c786bf9ae bd713b37b67866c3 62431fd374eb99fb 5897953fdf87b60f 522bd6887960c25d 64b31699d7d15934 f1a3b8b13e9401c0
549,01104a026d22ae55 00af886180e9eaec 00ff646ca6637bd7 354d7a327bbcc152 6cb9ab508a0678a0 4a5ac473c9d176ba 9a439fd1abf95245 e7dd56376be2cf1c 10ad13170242ecae 5430097e23000368 49b5678e0d1e5bcd 00d9f8d3f7d412b3 238ec735a13a3f09 c05f45f86d0771d5 5057551fc55e9ed2 52e459a551d4ac2d d6ed7e4b14c51296 7d83ffe83f61bdc4 da904d2a54ff8cf2 cba7e22bb383083a bbbd5d2fd957e8f7 9b2adcf4041227d7 af8e70f978cd5aee ee3ed9a3f51336cd 37001ade0df85823 0220a434aa8bf029 6461a9faa871b3ac 8df3f13d6af34cb3 a1314cd417504572 9f27aa36c1ea793c
550,3986b68500d7704b 90ecb28f2edb9d43 47fbe21f5c35c7b4 52370bea1acd0600 4d7653ea9499eed4 9a0f5ee4f845c9b2 0bcaac840d5e66d7 c28bc62802b90f82 702d8f1064ab3e30 3fa57d488e979d74 ff88049e61f0f4ef e0269da736ddf004 bd713b37b67866c3 fd30682593995748 2a06f5614060e3b6 39f6296778264878 e25a1da6ca187350 bbbd5d2fd957e8f7 e36475c1af5ea3ab e7cad3748e50b0f8 0708923badf2ff5d 734dabb98795c35c 942a7d26d81c841f bd0f175ee98c613e ae94d8435a6847f4 b6d0f83aad4e4dc7 cea18be9a89d7a81 622f2e4119882c94 4b8c7061102517ef af8e70f978cd5aee
551,cc2cc23a98c14c33 204ec91c39d1479d a017f3358d5327aa 128d583954b18074 d73a65673e3f1d78 10ad13170242ecae 00d9eb862ba3dfc6 52370bea1acd0600 4d7653ea9499eed4 9a0f5ee4f845c9b2 0bcaac840d5e66d7 c28bc62802b90f82 702d8f1064ab3e30 47fbe21f5c35c7b4 3fa57d488e979d74 ff88049e61f0f4ef e0269da736ddf004 bd713b37b67866c3 fd30682593995748 2a06f5614060e3b6 39f6296778264878 3986b68500d7704b 0708923badf2ff5d 734dabb98795c35c 942a7d26d81c841f bd0f175ee98c613e ae94d8435a6847f4 b6d0f83aad4e4dc7 b24820ae14e16a24 622f2e4119882c94
552,9f27aa36c1ea793c e5fb8dc5c9cb4a19 61ba7707ef6a5a99 238ec735a13a3f09 52e459a551d4ac2d 5430097e23000368 db0e648651f4c92b 6461a9faa871b3ac af8e70f978cd5aee ee3ed9a3f51336cd c05f45f86d0771d5 49b5678e0d1e5bcd 5057551fc55e9ed2 e7828f0ea9749505 9b2adcf4041227d7 b0b5e62a93a2c37c da904d2a54ff8cf2 37001ade0df85823 a1314cd417504572 cba7e22bb383083a 8df3f13d6af34cb3 0220a434aa8bf029 d6ed7e4b14c51296 bbbd5d2fd957e8f7 00d9f8d3f7d412b3 7d83ffe83f61bdc4 d64c06baf5ef1c90 898a4921ab9f4cce 4483bbdd3241f11a f28fb3d9880c5d4c
553,4b05967001421eab 1d12acf7349196b0 9fda36f260eec24e 7ee52d2519eea367 20db73cf07a45f71 05e4165a56bf50eb e403278468d84383 42bb83d7c4b9ecae 95d25d38ba7df9c7 b6a1c97f19af78d0 54a11cbcd7a32af4 81bd116c786bf9ae bd713b37b67866c3 238ec735a13a3f09 52e459a551d4ac2d ee3ed9a3f51336cd bbbd5d2fd957e8f7 6461a9faa871b3ac af8e70f978cd5aee db0e648651f4c92b 5430097e23000368 e7828f0ea9749505 0220a434aa8bf029 7d83ffe83f61bdc4 5057551fc55e9ed2 49b5678e0d1e5bcd 9f27aa36c1ea793c c05f45f86d0771d5 d6ed7e4b14c51296 37001ade0df85823
554,acf5cb026b3c4551 81bd116c786bf9ae 54a11cbcd7a32af4 bd713b37b67866c3 f1a3b8b13e9401c0 5897953fdf87b60f 4f915ad69e1dca36 522bd6887960c25d 64b31699d7d15934 62431fd374eb99fb 395b26d91f98bd92 0e45c4c185f35df6 9fda36f260eec24e 3c565c1fc2316d16 81b639b74256b45b 8dedff0a79784abc 24c47959ea77b15b b9d966ad9e04127a 50cb6a6c60ad711a 4d954d933e606b70 59c231f8fd21260c 3b6d27775fce1c7b 28a2067685cb3e97 05e4165a56bf50eb a76ffccd2f5df1a7 f48d0fbea7dc2782 0db6584e3bdfa1c4 4b29fc21f912754d cea18be9a89d7a81 b6e72edcad270be0
555,734dabb98795c35c 013030fd7d29bf3d fd57e641d06ebda7 00d9eb862ba3dfc6 4f31209941bb05fc 428f9363fa35882d 00e1e2eb13f650e4 83f5a9732f0de67f 28403e62105b00f6 892074f7c1ef5d5e f54ad8d1eb18212e dc576af4ae66e25e 585f4ee09d8fea46 07be6a290720707d f0d53dcf0c296b57 bc2552a642ce8497 03ed286136d7b3cf c49d8f84a4f87f8a e8ad5e31484ef889 3986b68500d7704b e461837f0fb35048 63d509cd2a2e0e47 c96049ed915ced0a 9ab90dfc5c9b0b37 765c0695339c3abe 2e2904c5373734ae 919b1679fffa7ef1 aa967ad3c1f65a29 ce8cb4351b8c0f6e f6d23cdd2359f7c0
556,1c3b74a02a86467d 4d29c6922b2d0d56 29968e8fd13539f8 ced9c56f2be86774 fc16a50ff0baec53 bc2552a642ce8497 af41e2b6da3e7e02 46b99f864d6a075a 919b1679fffa7ef1 74244a8703c03720 98dbd15aa33ebc18 d73a65673e3f1d78 447fc00f40d71d08 01b3da54ffb158a0 88b62355670ec8f8 f49e13a653cbdad2 43b3338423d7386c f209d29f991432f0 061f3e1feeaa3094 4d32dae7b43c489a 65708d542bd01f39 0647acc4602d4e8f 87c5481930cfe126 99e833818ec4bbf2 a65e30106ea50423 65ad9c583823162d dc12cc503ac0eddb 680bb5c5c3bb6ee1 b9d966ad9e04127a 81b639b74256b45b
557,4b8c7061102517ef fab14d178b24a67f af8e70f978cd5aee cc861214a89ef1f4 4105533fe46dfba9 128d583954b18074 d73a65673e3f1d78 059bbdbdb843af6a 35488b3b8b781278 4f915ad69e1dca36 50cb6a6c60ad711a 3a6e7894dde31c67 8dedff0a79784abc e9c20b67a4c5395f c015590d6a6fe833 28a2067685cb3e97 52370bea1acd0600 b6a1c97f19af78d0 3b6d27775fce1c7b 0451447dd64f6284 0f33ce8d8014f308 c143c095983a65c2 24e582daf6f87158 285657fcdf89f00d 7c8324ce28ffb96e ff88049e61f0f4ef bd9cd6b87a4fe0ce 3fa57d488e979d74 3986b68500d7704b 702d8f1064ab3e30
558,9fda36f260eec24e 05e4165a56bf50eb 42bb83d7c4b9ecae 7ee52d2519eea367 20db73cf07a45f71 64b31699d7d15934 0db6584e3bdfa1c4 bd713b37b67866c3 54a11cbcd7a32af4 81bd116c786bf9ae f1a3b8b13e9401c0 395b26d91f98bd92 522bd6887960c25d 62431fd374eb99fb 3c565c1fc2316d16 24c47959ea77b15b 4f915ad69e1dca36 81b639b74256b45b 8dedff0a79784abc 0e45c4c185f35df6 50cb6a6c60ad711a b9d966ad9e04127a 5897953fdf87b60f 9f27aa36c1ea793c a76ffccd2f5df1a7 3b6d27775fce1c7b 0f4c71d341e2d939 59c231f8fd21260c cea18be9a89d7a81 f48d0fbea7dc2782
559,8e0cc5199a0ee659 74ae9af23a383bf5 576dd429db946393 ae000f9d0b5e104e 1f423f368aebf7f3 204ec91c39d1479d 00e1e2eb13f650e4 bbbd5d2fd957e8f7 52370bea1acd0600 4d7653ea9499eed4 9a0f5ee4f845c9b2 0bcaac840d5e66d7 c28bc62802b90f82 702d8f1064ab3e30 3986b68500d7704b 3fa57d488e979d74 ff88049e61f0f4ef e0269da736ddf004 bd713b37b67866c3 fd30682593995748 39f6296778264878 47fbe21f5c35c7b4 e36475c1af5ea3ab 0708923badf2ff5d 734dabb98795c35c 942a7d26d81c841f bd0f175ee98c613e ae94d8435a6847f4 b6d0f83aad4e4dc7 b24820ae14e16a24
560,b26d8664feb18c8c d3c4a7db726191e0 538c7bb968b2154c 07d688f5e2142b87 ce0f56b7190c268a a18df74d3a16e9c0 acf5cb026b3c4551 a2805ed52b47b8ec 97d696011258825c f29eee8054c061e1 eff60ceea8817dad 73f770f2643a2135 01ecc81f6341e902 ae77487a89f2610c 5879096a38d69fc5 7e4a4a1300b77a06 393f49286db04aeb 33856365c271aea4 a292248bb2bffb3d 3d93a60f990a0a7c 8b7c486a910dd004 52aa48c07b34dc88 45630e1451157ff3 4d32dae7b43c489a 60a070db9f1869b5 0a79fabc6f5d93c9 061f3e1feeaa3094 e8684734f2e587bd b6e646c13d0753ae 16b11706660177ff
561,06de3ca1148b088b 428f9363fa35882d 4f31209941bb05fc 734dabb98795c35c 83f5a9732f0de67f 28403e62105b00f6 f54ad8d1eb18212e 585f4ee09d8fea46 892074f7c1ef5d5e 07be6a290720707d dc576af4ae66e25e 03ed286136d7b3cf f0d53dcf0c296b57 bc2552a642ce8497 c49d8f84a4f87f8a e8ad5e31484ef889 3986b68500d7704b 765c0695339c3abe 9ab90dfc5c9b0b37 c96049ed915ced0a e461837f0fb35048 63d509cd2a2e0e47 2e2904c5373734ae fd57e641d06ebda7 aa967ad3c1f65a29 7f29daa16b9b4cda f6d23cdd2359f7c0 919b1679fffa7ef1 ce8cb4351b8c0f6e 19b4014943e0ad92
562,128d583954b18074 d73a65673e3f1d78 4483bbdd3241f11a ee3ed9a3f51336cd b0b5e62a93a2c37c 52e459a551d4ac2d da904d2a54ff8cf2 c05f45f86d0771d5 5057551fc55e9ed2 d6ed7e4b14c51296 37001ade0df85823 7d83ffe83f61bdc4 00d9f8d3f7d412b3 5430097e23000368 49b5678e0d1e5bcd db0e648651f4c92b 8df3f13d6af34cb3 cba7e22bb383083a 6461a9faa871b3ac 9f27aa36c1ea793c 238ec735a13a3f09 9b2adcf4041227d7 a1314cd417504572 bbbd5d2fd957e8f7 af8e70f978cd5aee e7828f0ea9749505 0220a434aa8bf029 c810ac016901e8ac 2dd12c230ab22555 2bafd15871caae91
563,486dd77002936dec a017f3358d5327aa cc507a0d6fcf4a1c a853f13216170123 3c565c1fc2316d16 5b4c879fc9c316fb 62431fd374eb99fb 24c47959ea77b15b b6e72edcad270be0 cea18be9a89d7a81 f48d0fbea7dc2782 4d954d933e606b70 4b29fc21f912754d a76ffccd2f5df1a7 0f4c71d341e2d939 ddf332f2b55a2a23 666bdff4faa513ca 6406fcdb7d87b5dc 4f2fffd7528de786 172bc0ee09332ae9 3e66b4855d0dddbe 07f22a7ad7e4711d 238ec735a13a3f09 52e459a551d4ac2d 6461a9faa871b3ac af8e70f978cd5aee db0e648651f4c92b bbbd5d2fd957e8f7 ee3ed9a3f51336cd 5430097e23000368
564,e7828f0ea9749505 52e459a551d4ac2d 7d83ffe83f61bdc4 d6ed7e4b14c51296 238ec735a13a3f09 da904d2a54ff8cf2 9b2adcf4041227d7 c810ac016901e8ac 4483bbdd3241f11a 976baf0e84752a68 cec2eea2a1fe566a 898a4921ab9f4cce 36d33c41812ce7dc d64c06baf5ef1c90 d6bbbd6c4968075a 453bc79164d57a01 3d93a60f990a0a7c 61ba7707ef6a5a99 bbbd5d2fd957e8f7 b0b5e62a93a2c37c 9f27aa36c1ea793c cba7e22bb383083a c05f45f86d0771d5 49b5678e0d1e5bcd af8e70f978cd5aee 8df3f13d6af34cb3 00d9f8d3f7d412b3 db0e648651f4c92b 6461a9faa871b3ac a1314cd417504572
565,8df3f13d6af34cb3 47fbe21f5c35c7b4 52370bea1acd0600 4d7653ea9499eed4 9a0f5ee4f845c9b2 0bcaac840d5e66d7 c28bc62802b90f82 702d8f1064ab3e30 09bbaa171c20bae3 3fa57d488e979d74 ff88049e61f0f4ef e0269da736ddf004 bd713b37b67866c3 fd30682593995748 2a06f5614060e3b6 39f6296778264878 e25a1da6ca187350 3986b68500d7704b e7cad3748e50b0f8 0708923badf2ff5d 734dabb98795c35c 942a7d26d81c841f bd0f175ee98c613e ae94d8435a6847f4 b6d0f83aad4e4dc7 b24820ae14e16a24 bbbd5d2fd957e8f7 4b8c7061102517ef af8e70f978cd5aee 5ebb4d2f5f1c1f13
566,f54ad8d1eb18212e f0d53dcf0c296b57 47fbe21f5c35c7b4 52370bea1acd0600 4d7653ea9499eed4 9a0f5ee4f845c9b2 0bcaac840d5e66d7 c28bc62802b90f82 e7cad3748e50b0f8 3986b68500d7704b 3fa57d488e979d74 ff88049e61f0f4ef e0269da736ddf004 bd713b37b67866c3 fd30682593995748 2a06f5614060e3b6 39f6296778264878 e25a1da6ca187350 702d8f1064ab3e30 0708923badf2ff5d 734dabb98795c35c 942a7d26d81c841f bd0f175ee98c613e ae94d8435a6847f4 b6d0f83aad4e4dc7 b24820ae14e16a24 622f2e4119882c94 bbbd5d2fd957e8f7 af8e70f978cd5aee 5ebb4d2f5f1c1f13
567,7c8324ce28ffb96e 955e465ce0788ea6 622f2e4119882c94 29bedd00fb2be056 b69ce8b8154645f8 d257d1fbcf43abd5 49224aca40e6e5e3 a52df8083c238c46 bf3ccaba4a3450a8 d6bbbd6c4968075a 73f770f2643a2135 34a62e66e05f9a44 d46598813fb437e5 796888cc3443006c 853e36b1550c6274 6a9aa1bd93e36e66 033d905aec273595 6d80d2e62d01f6bc 59bf6d6df9146d60 5fb2d8e734956af0 22756be6fd061d4c 128d583954b18074 72c2a95813ea72bd 01ecc81f6341e902 a982b5c3aed39396 486dd77002936dec 5ebb4d2f5f1c1f13 4e966bb2768c2b8a ac9ee0c09b538140 65d44c6393907290
568,b760ebc5f25788d3 64b31699d7d15934 0db6584e3bdfa1c4 54a11cbcd7a32af4 81bd116c786bf9ae bd713b37b67866c3 0195950ce0f47e34 0e45c4c185f35df6 522bd6887960c25d 395b26d91f98bd92 f1a3b8b13e9401c0 4f915ad69e1dca36 62431fd374eb99fb 3c565c1fc2316d16 81b639b74256b45b 9fda36f260eec24e 5897953fdf87b60f 50cb6a6c60ad711a 24c47959ea77b15b 8dedff0a79784abc b9d966ad9e04127a b6e72edcad270be0 cea18be9a89d7a81 c015590d6a6fe833 0f4c71d341e2d939 3b6d27775fce1c7b ddf332f2b55a2a23 4b29fc21f912754d 05e4165a56bf50eb a76ffccd2f5df1a7
569,702d8f1064ab3e30 a813c15b46ceaf68 fc16a50ff0baec53 2e031d83339759b2 d0f6c00eec5eb973 26140b225c4f8d3f 5d26da95786b3a3a e878efab7c37179e cc507a0d6fcf4a1c 4522ad78bf79f0c9 3b4a85bac6ead3c8 3c565c1fc2316d16 90ecb28f2edb9d43 c36c2dce0e6e434f a492bd402afd5c71 a853f13216170123 62431fd374eb99fb 9113e9dc940fb287 5b4c879fc9c316fb 9f4e0d572b1f4e6c 92f42fbd0c38f7fd 24c47959ea77b15b d92c0298f76ccf77 2e79d45ba4d1540d bee46c54461925d0 12af6a34778710db 197fa50b30d91fe8 b50b4e27b03c7b37 a04d6febd82a4389 8faeacf8ca08f62d
570,73f770f2643a2135 128d583954b18074 d73a65673e3f1d78 07d688f5e2142b87 538c7bb968b2154c a18df74d3a16e9c0 d3c4a7db726191e0 97d696011258825c b26d8664feb18c8c f29eee8054c061e1 a2805ed52b47b8ec acf5cb026b3c4551 ce0f56b7190c268a 01ecc81f6341e902 eff60ceea8817dad 5879096a38d69fc5 8df3f13d6af34cb3 9a0f5ee4f845c9b2 bfb8032f2183d471 4bed80e56ea2e099 6204e398d8c7f888 a982b5c3aed39396 bd713b37b67866c3 54a11cbcd7a32af4 81bd116c786bf9ae b2ee9eea2d974c90 83f8f2fc471cad74 4577ae048ef1967d bee46c54461925d0 2e4b00c01d58e79e
571,64907c4568244eb4 5bf89d11a25121d9 0b774cf90856c4da 628accd9be98503c 9d5edf3b993fee50 a84cd36608cb8665 2b48ab08c915c0ad 055d895a3b26e466 f05fa5f57dc03e81 5a1149fbcbd37376 fd30682593995748 0cd920bad11c716d b50b4e27b03c7b37 120e745e2961b5d5 7cea1f637ea3f37d 4b8c7061102517ef 37001ade0df85823 9f27aa36c1ea793c 8dc313a2cf9da354 d6ed7e4b14c51296 6461a9faa871b3ac c05f45f86d0771d5 8df3f13d6af34cb3 00d9f8d3f7d412b3 5057551fc55e9ed2 52e459a551d4ac2d da904d2a54ff8cf2 b0b5e62a93a2c37c 00958a140c3a6de8 af8e70f978cd5aee
572,eff60ceea8817dad d63b7f083330247f d216e5458ad70e60 8a5635c748344d47 fb8bd6b95eb4702a 3ca7964973437917 8bf446c0455e3c5c 128d583954b18074 72c2a95813ea72bd e8684734f2e587bd 1d12acf7349196b0 d5952b2e031c4e7e b6e646c13d0753ae 60a070db9f1869b5 35488b3b8b781278 8dedff0a79784abc 4f915ad69e1dca36 3a6e7894dde31c67 50cb6a6c60ad711a e9c20b67a4c5395f d73a65673e3f1d78 da7d3c2d591c4295 28a2067685cb3e97 3b6d27775fce1c7b 0451447dd64f6284 c143c095983a65c2 b6a1c97f19af78d0 c015590d6a6fe833 52370bea1acd0600 0f33ce8d8014f308
573,26f72a4eb15ea8c0 4c0eee2c1a5e76e2 bbbd5d2fd957e8f7 7d83ffe83f61bdc4 5430097e23000368 49b5678e0d1e5bcd db0e648651f4c92b 7e4a4a1300b77a06 ae77487a89f2610c c05f45f86d0771d5 9f27aa36c1ea793c 37001ade0df85823 5057551fc55e9ed2 6461a9faa871b3ac 52e459a551d4ac2d e7828f0ea9749505 da904d2a54ff8cf2 00d9f8d3f7d412b3 9b2adcf4041227d7 ee3ed9a3f51336cd af8e70f978cd5aee 8df3f13d6af34cb3 a1314cd417504572 d6ed7e4b14c51296 b0b5e62a93a2c37c 83f8aca6ee2caabc d72363ddd958d906 cec2eea2a1fe566a 4483bbdd3241f11a 453bc79164d57a01
574,d216e5458ad70e60 d63b7f083330247f 8a5635c748344d47 fb8bd6b95eb4702a 8bf446c0455e3c5c 3ca7964973437917 60a070db9f1869b5 1d12acf7349196b0 d5952b2e031c4e7e e8684734f2e587bd b6e646c13d0753ae e7828f0ea9749505 da904d2a54ff8cf2 d6ed7e4b14c51296 52e459a551d4ac2d 238ec735a13a3f09 9b2adcf4041227d7 7d83ffe83f61bdc4 da7d3c2d591c4295 4483bbdd3241f11a 976baf0e84752a68 36d33c41812ce7dc 898a4921ab9f4cce d64c06baf5ef1c90 cec2eea2a1fe566a c810ac016901e8ac 453bc79164d57a01 61ba7707ef6a5a99 3d93a60f990a0a7c 49b5678e0d1e5bcd
575,8df3f13d6af34cb3 828f5dfbbf1272ee 8e0760918e88e4a9 e878efab7c37179e 95ecdbff44ad0b60 5d26da95786b3a3a 877672967d3f70bb e228204ae08d1355 26140b225c4f8d3f a860b682add9de1c 8566d15270eb5e83 9269d2b0d877352d bf973f9ec3600199 cb3e4ce97e7f2881 133b04350c75770b 366a22fce0614fb8 fb2ebcb5335ad2e2 4b05967001421eab 4d7653ea9499eed4 c36c2dce0e6e434f 95d25d38ba7df9c7 a492bd402afd5c71 e740c80fce094788 e1460af4a7044067 d16da1fb61813db9 587e0b2a4811fab1 a0b1f4dd32f3e278 b1e47da7659b675c 939a1f686ea36c05 96e82fa141db9a4b
576,db69d4cbfef8d22f f2e30efbd27bee51 9cf6709de35bf0f3 f76f44d372517a9a 3734d3b0b9232538 f44f74b3451aa593 c5830f9d0f1e29e5 128d583954b18074 d73a65673e3f1d78 52370bea1acd0600 4d7653ea9499eed4 9a0f5ee4f845c9b2 0bcaac840d5e66d7 c28bc62802b90f82 702d8f1064ab3e30 47fbe21f5c35c7b4 3fa57d488e979d74 ff88049e61f0f4ef e0269da736ddf004 bd713b37b67866c3 fd30682593995748 2a06f5614060e3b6 3986b68500d7704b 734dabb98795c35c 942a7d26d81c841f bd0f175ee98c613e ae94d8435a6847f4 b6d0f83aad4e4dc7 b24820ae14e16a24 622f2e4119882c94
577,238ec735a13a3f09 52e459a551d4ac2d ee3ed9a3f51336cd 6461a9faa871b3ac 49b5678e0d1e5bcd bbbd5d2fd957e8f7 5430097e23000368 db0e648651f4c92b af8e70f978cd5aee d6ed7e4b14c51296 c05f45f86d0771d5 e7828f0ea9749505 0220a434aa8bf029 5057551fc55e9ed2 7d83ffe83f61bdc4 00d9f8d3f7d412b3 8df3f13d6af34cb3 b0b5e62a93a2c37c da904d2a54ff8cf2 a1314cd417504572 cba7e22bb383083a 9b2adcf4041227d7 9f27aa36c1ea793c 37001ade0df85823 c810ac016901e8ac d64c06baf5ef1c90 cec2eea2a1fe566a 7e4a4a1300b77a06 f28fb3d9880c5d4c 36d33c41812ce7dc
578,03ed286136d7b3cf d73a65673e3f1d78 bd713b37b67866c3 54a11cbcd7a32af4 81bd116c786bf9ae 62431fd374eb99fb 24c47959ea77b15b 50cb6a6c60ad711a 4f915ad69e1dca36 81b639b74256b45b 9fda36f260eec24e 8dedff0a79784abc 64b31699d7d15934 5897953fdf87b60f 395b26d91f98bd92 0e45c4c185f35df6 f1a3b8b13e9401c0 522bd6887960c25d 3c565c1fc2316d16 b9d966ad9e04127a 4b29fc21f912754d c015590d6a6fe833 28a2067685cb3e97 f48d0fbea7dc2782 cea18be9a89d7a81 59c231f8fd21260c ddf332f2b55a2a23 0db6584e3bdfa1c4 05e4165a56bf50eb 52370bea1acd0600
579,8df3f13d6af34cb3 2e031d83339759b2 f105a53e5cfae611 2e79d45ba4d1540d 90ecb28f2edb9d43 a9223c28b10c131f ad06e9eeea8eb4ea 70ebf53ced736fa4 447fc00f40d71d08 4beacc71024f8b08 dea5e9227fbbac29 9f3d2ca16f358290 b0b5e62a93a2c37c da904d2a54ff8cf2 bbbd5d2fd957e8f7 db0e648651f4c92b 0220a434aa8bf029 238ec735a13a3f09 e7828f0ea9749505 5057551fc55e9ed2 7d83ffe83f61bdc4 af8e70f978cd5aee a1314cd417504572 00d9f8d3f7d412b3 cba7e22bb383083a 37001ade0df85823 c05f45f86d0771d5 9b2adcf4041227d7 9f27aa36c1ea793c 49b5678e0d1e5bcd
580,898a4921ab9f4cce 238ec735a13a3f09 d64c7c3b658689f4 61ba7707ef6a5a99 bbbd5d2fd957e8f7 db0e648651f4c92b 5057551fc55e9ed2 49b5678e0d1e5bcd 0220a434aa8bf029 a1314cd417504572 e7828f0ea9749505 da904d2a54ff8cf2 7d83ffe83f61bdc4 d6ed7e4b14c51296 9b2adcf4041227d7 52e459a551d4ac2d cec2eea2a1fe566a 36d33c41812ce7dc 976baf0e84752a68 d64c06baf5ef1c90 c810ac016901e8ac 4483bbdd3241f11a 3d93a60f990a0a7c 453bc79164d57a01 059bbdbdb843af6a 0cd920bad11c716d 26f72a4eb15ea8c0 af8e70f978cd5aee 9f27aa36c1ea793c b0b5e62a93a2c37c
581,2359719a0f40ffac c08c3765ac609cc0 74e59c5820900b17 05f23e7d05dbf7c2 6d80d2e62d01f6bc 44d324ebd3e22ad7 f2234bb7ce0c6f59 5b34da30b93eb123 8d58da0e1800dc96 2810fb6f81d1711c f705b637f624147e b749972436ac9791 a9eef13786610446 e7cad3748e50b0f8 ffc688c4c1c2a068 e14a893f1918277e 00140806971e7a73 65fac1ba1840000f 42a5cae2a3a45557 b78189788d563693 bed3e73d52011f68 2a06f5614060e3b6 3fa57d488e979d74 27888817db122597 46315cf30aaee51c 0eafda717681bbdc 025a148c3a53bd9f 20d283a232dfd13c 54f55c74d37db3c0 0d0368139e9a647f
582,64b31699d7d15934 a017f3358d5327aa 0db6584e3bdfa1c4 197fa50b30d91fe8 b3ad55963554f220 39075e303166355e a04d6febd82a4389 4491016efed845f1 628accd9be98503c 528161039994b4dc 430feb4826a5632e 8faeacf8ca08f62d ec4ef2f727e7a03f 955e465ce0788ea6 b3e75fdca5ca2f1a b50b4e27b03c7b37 a5f55580081236f4 8fc68213b63951dc d5805cdb9e8f0f48 eec6b281e236b500 6c017e548aa138f2 942a7d26d81c841f bb7515be835dea49 de35d2410e916471 1f4f62844c3cb99c 702d8f1064ab3e30 bd0f175ee98c613e 005666aa098abe8e 0b0021aa60d05daa 9100ea6cd0e084bf
583,a860b682add9de1c 128d583954b18074 d73a65673e3f1d78 10ad13170242ecae 52370bea1acd0600 4d7653ea9499eed4 9a0f5ee4f845c9b2 0bcaac840d5e66d7 c28bc62802b90f82 702d8f1064ab3e30 3986b68500d7704b 3fa57d488e979d74 47fbe21f5c35c7b4 e0269da736ddf004 bd713b37b67866c3 fd30682593995748 2a06f5614060e3b6 39f6296778264878 e25a1da6ca187350 ff88049e61f0f4ef 0708923badf2ff5d 734dabb98795c35c 942a7d26d81c841f bd0f175ee98c613e ae94d8435a6847f4 b6d0f83aad4e4dc7 b24820ae14e16a24 622f2e4119882c94 bbbd5d2fd957e8f7 af8e70f978cd5aee
584,b1e47da7659b675c 6899956cd6c683f0 19e8f436d4b2fc25 ca43e349133fc0e3 b05b5f6850cfa158 72b80b099fd64ec4 128d583954b18074 d73a65673e3f1d78 cc0c9419f8a20603 7f95168400948588 43c354dbf952caaa f25bfcffedaccf28 92f42fbd0c38f7fd 5547f9f1638ac345 0add47a043c64d7f 2cebd52b41930f0a 45bd99d5d2eef776 10ad13170242ecae 16b11706660177ff 52aa48c07b34dc88 b84b6c0b2e4d0306 1d72229ebcc00faf c11b97f245a9dfd0 bbbd5d2fd957e8f7 ee3ed9a3f51336cd e7828f0ea9749505 c05f45f86d0771d5 0220a434aa8bf029 d6ed7e4b14c51296 9b2adcf4041227d7
585,07f22a7ad7e4711d 128d583954b18074 d73a65673e3f1d78 cc507a0d6fcf4a1c 62431fd374eb99fb 3c565c1fc2316d16 24c47959ea77b15b 5b4c879fc9c316fb a853f13216170123 cea18be9a89d7a81 f48d0fbea7dc2782 a76ffccd2f5df1a7 4b29fc21f912754d b6e72edcad270be0 0f4c71d341e2d939 4d954d933e606b70 ddf332f2b55a2a23 3e66b4855d0dddbe 666bdff4faa513ca 172bc0ee09332ae9 4f2fffd7528de786 6406fcdb7d87b5dc a2c35fdf07a13286 66ccd03c9e03ac06 404031ab9d5977c4 486dd77002936dec c31a456b544a40a8 238de368bb05c0ec 999a52f1d301247c 3fa57d488e979d74
586,898a4921ab9f4cce 0195950ce0f47e34 47fbe21f5c35c7b4 52370bea1acd0600 4d7653ea9499eed4 9a0f5ee4f845c9b2 0bcaac840d5e66d7 c28bc62802b90f82 702d8f1064ab3e30 3986b68500d7704b bbbd5d2fd957e8f7 ff88049e61f0f4ef e0269da736ddf004 bd713b37b67866c3 fd30682593995748 2a06f5614060e3b6 39f6296778264878 e25a1da6ca187350 3fa57d488e979d74 e7cad3748e50b0f8 0708923badf2ff5d 734dabb98795c35c 942a7d26d81c841f bd0f175ee98c613e ae94d8435a6847f4 b6d0f83aad4e4dc7 b24820ae14e16a24 cea18be9a89d7a81 4b8c7061102517ef af8e70f978cd5aee
587,1ba7a50457e93996 5430097e23000368 db0e648651f4c92b 7d83ffe83f61bdc4 49b5678e0d1e5bcd bbbd5d2fd957e8f7 7e4a4a1300b77a06 d257d1fbcf43abd5 0683b6a78f54be75 ae77487a89f2610c d216e5458ad70e60 d63b7f083330247f 6204e398d8c7f888 e878efab7c37179e 9269d2b0d877352d f2e30efbd27bee51 4bed80e56ea2e099 6899956cd6c683f0 feddfcf56818968e fb8bd6b95eb4702a bd713b37b67866c3 99e833818ec4bbf2 b05b5f6850cfa158 8a5635c748344d47 f105a53e5cfae611 8699cc5dd4159b69 e228204ae08d1355 2e031d83339759b2 a65e30106ea50423 377c1150c781e37a
588,128d583954b18074 d73a65673e3f1d78 2e44fbb8bc3d8d71 bc27d5dc9bab1c18 27a12f29dceccdbd 025a148c3a53bd9f 5570ef88d970e9b4 26fc2a95df5659c2 c28bc62802b90f82 18b1d2d84c97a364 74244a8703c03720 316382267dcd804f 016da874bd04df55 39f6296778264878 fc8971756f9ec194 fab14d178b24a67f 2dd12c230ab22555 9c9a9d45c2ea7ddf b8e2f75014710ced fc21db75b354a917 d72363ddd958d906 d92c0298f76ccf77 351c9da399c2b915 a677c3a76055a6d2 cc861214a89ef1f4 36d33c41812ce7dc f28fb3d9880c5d4c 83f8aca6ee2caabc c810ac016901e8ac d64c06baf5ef1c90
589,1fe79c7de59ff6c6 e8b87ed7db1bcb1f ba5199dba342af68 e403278468d84383 c1f2e3a76d388944 e25a1da6ca187350 ca4de5b8a7bda9df 3c0873ce078d332b 83b911ff0ff45844 1dc7139adba034ec 8df3f13d6af34cb3 d1e21234d7cc61d2 6204e398d8c7f888 bfb8032f2183d471 4bed80e56ea2e099 2e4b00c01d58e79e 4535ce2e3dced00f 4577ae048ef1967d bee46c54461925d0 b2ee9eea2d974c90 83f8f2fc471cad74 57113c2a4cacd961 7c98dedd223b36c0 419b5dc40744fb9b 8643165b0f53df11 050544c040f46152 9c9a9d45c2ea7ddf 447fc00f40d71d08 5fb2d8e734956af0 cea18be9a89d7a81
590,bbbd5d2fd957e8f7 db0e648651f4c92b 7d83ffe83f61bdc4 49b5678e0d1e5bcd 5430097e23000368 1ba7a50457e93996 7e4a4a1300b77a06 ae77487a89f2610c d257d1fbcf43abd5 0683b6a78f54be75 83f8aca6ee2caabc 2dd12c230ab22555 cc861214a89ef1f4 b8e2f75014710ced 36d33c41812ce7dc c810ac016901e8ac f28fb3d9880c5d4c 6e1b6b53c9710940 d64c06baf5ef1c90 2bafd15871caae91 d72363ddd958d906 a677c3a76055a6d2 42c9b72cc77dcb28 453bc79164d57a01 e5fb8dc5c9cb4a19 3d93a60f990a0a7c 0c2eeab1e4ce1db8 4105533fe46dfba9 8b7c486a910dd004 059bbdbdb843af6a
591,a2c35fdf07a13286 24c47959ea77b15b 62431fd374eb99fb 3c565c1fc2316d16 f48d0fbea7dc2782 cea18be9a89d7a81 b6e72edcad270be0 4b29fc21f912754d 0f4c71d341e2d939 4d954d933e606b70 ddf332f2b55a2a23 a76ffccd2f5df1a7 172bc0ee09332ae9 3e66b4855d0dddbe 6406fcdb7d87b5dc 66ccd03c9e03ac06 404031ab9d5977c4 128d583954b18074 d73a65673e3f1d78 c31a456b544a40a8 999a52f1d301247c 238de368bb05c0ec cc507a0d6fcf4a1c 5b4c879fc9c316fb a853f13216170123 bd713b37b67866c3 54a11cbcd7a32af4 81bd116c786bf9ae 666bdff4faa513ca 4f2fffd7528de786
592,d73a65673e3f1d78 128d583954b18074 d35e11d3d1ab3c67 9f3d2ca16f358290 00e1e2eb13f650e4 52370bea1acd0600 4d7653ea9499eed4 9a0f5ee4f845c9b2 0bcaac840d5e66d7 c28bc62802b90f82 702d8f1064ab3e30 3986b68500d7704b 47fbe21f5c35c7b4 ff88049e61f0f4ef e0269da736ddf004 bd713b37b67866c3 fd30682593995748 2a06f5614060e3b6 39f6296778264878 e25a1da6ca187350 3fa57d488e979d74 0708923badf2ff5d 734dabb98795c35c 942a7d26d81c841f bd0f175ee98c613e ae94d8435a6847f4 b6d0f83aad4e4dc7 b24820ae14e16a24 622f2e4119882c94 bbbd5d2fd957e8f7
593,35488b3b8b781278 128d583954b18074 d73a65673e3f1d78 2e031d83339759b2 2e79d45ba4d1540d 90ecb28f2edb9d43 447fc00f40d71d08 9f3d2ca16f358290 e9c20b67a4c5395f 4f915ad69e1dca36 50cb6a6c60ad711a 8dedff0a79784abc 3a6e7894dde31c67 28a2067685cb3e97 0f33ce8d8014f308 52370bea1acd0600 b6a1c97f19af78d0 c143c095983a65c2 3b6d27775fce1c7b 0451447dd64f6284 c015590d6a6fe833 24e582daf6f87158 285657fcdf89f00d 7c8324ce28ffb96e af8e70f978cd5aee bbbd5d2fd957e8f7 5430097e23000368 db0e648651f4c92b 238ec735a13a3f09 52e459a551d4ac2d
594,6a3919ad9ed8197e daa257a37227cd72 b69ce8b8154645f8 29bedd00fb2be056 c606425856952286 a52df8083c238c46 9f27aa36c1ea793c feddfcf56818968e b24820ae14e16a24 0bcaac840d5e66d7 96445bec1579ec97 964a50d33717c26d d46598813fb437e5 796888cc3443006c e5fb8dc5c9cb4a19 61ba7707ef6a5a99 781f4d0147aef776 9fbffc521da97c54 ced9c56f2be86774 5867d40811c0229f 2901e5309bb3f8f6 5fb2d8e734956af0 6aac5e116b75aa22 c05f45f86d0771d5 e7828f0ea9749505 0220a434aa8bf029 b0b5e62a93a2c37c 8df3f13d6af34cb3 da904d2a54ff8cf2 a1314cd417504572
595,bd713b37b67866c3 128d583954b18074 d73a65673e3f1d78 9f27aa36c1ea793c 64b31699d7d15934 0db6584e3bdfa1c4 61ba7707ef6a5a99 e5fb8dc5c9cb4a19 a04d6febd82a4389 8faeacf8ca08f62d 39075e303166355e 702d8f1064ab3e30 bd0f175ee98c613e 955e465ce0788ea6 b3ad55963554f220 ec4ef2f727e7a03f 636224e349e561bf 197fa50b30d91fe8 942a7d26d81c841f bb7515be835dea49 628accd9be98503c 095bb1b6ecbd0a50 de35d2410e916471 1f4f62844c3cb99c 0897dcfae16e280f d5805cdb9e8f0f48 528161039994b4dc 6c017e548aa138f2 b50b4e27b03c7b37 589ef345cb2dccfc
596,3c565c1fc2316d16 a017f3358d5327aa 62431fd374eb99fb 24c47959ea77b15b a76ffccd2f5df1a7 f48d0fbea7dc2782 b6e72edcad270be0 0f4c71d341e2d939 4b29fc21f912754d 4d954d933e606b70 ddf332f2b55a2a23 cea18be9a89d7a81 6406fcdb7d87b5dc 172bc0ee09332ae9 3e66b4855d0dddbe a2c35fdf07a13286 66ccd03c9e03ac06 404031ab9d5977c4 d73a65673e3f1d78 c31a456b544a40a8 999a52f1d301247c 238de368bb05c0ec cc507a0d6fcf4a1c 5b4c879fc9c316fb a853f13216170123 bd713b37b67866c3 54a11cbcd7a32af4 81bd116c786bf9ae 666bdff4faa513ca 4f2fffd7528de786
597,f44f74b3451aa593 db69d4cbfef8d22f f2e30efbd27bee51 9cf6709de35bf0f3 f76f44d372517a9a 3734d3b0b9232538 00e1e2eb13f650e4 c5830f9d0f1e29e5 bbbd5d2fd957e8f7 47fbe21f5c35c7b4 52370bea1acd0600 4d7653ea9499eed4 9a0f5ee4f845c9b2 0bcaac840d5e66d7 cea18be9a89d7a81 702d8f1064ab3e30 3986b68500d7704b 3fa57d488e979d74 ff88049e61f0f4ef e0269da736ddf004 bd713b37b67866c3 fd30682593995748 c28bc62802b90f82 0708923badf2ff5d 734dabb98795c35c 942a7d26d81c841f bd0f175ee98c613e ae94d8435a6847f4 b6d0f83aad4e4dc7 b24820ae14e16a24
598,dc576af4ae66e25e 9c9ebf71707d7a37 0eb4de784c8dd679 919b1679fffa7ef1 3a6e7894dde31c67 ba5199dba342af68 3fa57d488e979d74 cba7e22bb383083a 8df3f13d6af34cb3 52e459a551d4ac2d 238ec735a13a3f09 ee3ed9a3f51336cd d6ed7e4b14c51296 9f27aa36c1ea793c db0e648651f4c92b bbbd5d2fd957e8f7 7d83ffe83f61bdc4 e7828f0ea9749505 5057551fc55e9ed2 0220a434aa8bf029 49b5678e0d1e5bcd 6461a9faa871b3ac 5430097e23000368 af8e70f978cd5aee 37001ade0df85823 9b2adcf4041227d7 b0b5e62a93a2c37c da904d2a54ff8cf2 a1314cd417504572 c05f45f86d0771d5
599,128d583954b18074 d73a65673e3f1d78 133b04350c75770b e740c80fce094788 cb3e4ce97e7f2881 a60934e6b473097a 52370bea1acd0600 285657fcdf89f00d b1e47da7659b675c 1d0f5fdc58e3efb5 587e0b2a4811fab1 395b26d91f98bd92 f1a3b8b13e9401c0 828f5dfbbf1272ee 9269d2b0d877352d a860b682add9de1c 8566d15270eb5e83 877672967d3f70bb bf973f9ec3600199 50806199c80e215c 9b0e8cf8153e3b33 0451447dd64f6284 4beacc71024f8b08 e1460af4a7044067 95d25d38ba7df9c7 4b05967001421eab fb2ebcb5335ad2e2 96e82fa141db9a4b d16da1fb61813db9 e228204ae08d1355
600,cba7e22bb383083a 059bbdbdb843af6a 2bafd15871caae91 cc861214a89ef1f4 36d33c41812ce7dc f28fb3d9880c5d4c d64c06baf5ef1c90 a677c3a76055a6d2 b8e2f75014710ced 6e1b6b53c9710940 d72363ddd958d906 2dd12c230ab22555 c810ac016901e8ac 83f8aca6ee2caabc 453bc79164d57a01 42c9b72cc77dcb28 3d93a60f990a0a7c e5fb8dc5c9cb4a19 0c2eeab1e4ce1db8 8b7c486a910dd004 4105533fe46dfba9 2e44fbb8bc3d8d71 1f4f62844c3cb99c 2820628e65a062e2 bd0f175ee98c613e 6cb9ab508a0678a0 9100ea6cd0e084bf b7d7d9ae1cbe0d8a 27a12f29dceccdbd 26fc2a95df5659c2
