dialogue_id,photo_id
1,7b81f1f2b6ec2e5f 3986b68500d7704b 0451447dd64f6284 387e9cd2e5d4ea7d 66ccd03c9e03ac06 e4a7a996ed6a5a81 3b6d27775fce1c7b 0b774cf90856c4da 00d9f8d3f7d412b3 b6cdb608f640e038 0647acc4602d4e8f 033d905aec273595 061f3e1feeaa3094 3734d3b0b9232538 128d583954b18074 97d696011258825c 1ba7a50457e93996 486dd77002936dec 2e44fbb8bc3d8d71 fb8bd6b95eb4702a 9f3d2ca16f358290 b26d8664feb18c8c 42bb83d7c4b9ecae bfb8032f2183d471 172bc0ee09332ae9 d72363ddd958d906 bc2ae5f4e5d53e00 c810ac016901e8ac ae94d8435a6847f4 72b80b099fd64ec4
2,01e5a6edcee7deb0 ffc688c4c1c2a068 97d696011258825c 0647acc4602d4e8f 7155e5a86136eb02 3734d3b0b9232538 1ba7a50457e93996 172bc0ee09332ae9 316382267dcd804f 0e45c4c185f35df6 4dba7ce835494a63 033d905aec273595 120e745e2961b5d5 f54ad8d1eb18212e 2394b08708475900 70776cdd9bb3b7d4 a853f13216170123 e7cad3748e50b0f8 204ec91c39d1479d 898a4921ab9f4cce 64907c4568244eb4 50cb6a6c60ad711a 77e2f7da1f9d3a8f 061f3e1feeaa3094 e9c20b67a4c5395f 72403ecdfe02bba6 26fc2a95df5659c2 22e8d6734e4121ae ced9c56f2be86774 70ebf53ced736fa4
3,eff60ceea8817dad 4d7653ea9499eed4 f25bfcffedaccf28 5430097e23000368 4d417b203b333363 b8e2f75014710ced 976baf0e84752a68 44d324ebd3e22ad7 ffc688c4c1c2a068 04886579947a80c2 453bc79164d57a01 8a5635c748344d47 999a52f1d301247c d3c4a7db726191e0 e6a29676c096f8e8 db69d4cbfef8d22f b0b5e62a93a2c37c f9c6286cff30aaa8 83b911ff0ff45844 6e239f4dd4b6aed7 83f8f2fc471cad74 aa0789b403bcd839 4fe9e4e55585ba4b 628accd9be98503c 5fb2d8e734956af0 0a49074a4158155b b3e75fdca5ca2f1a da904d2a54ff8cf2 1d12acf7349196b0 bd713b37b67866c3
4,4f31209941bb05fc 83f8f2fc471cad74 ca43e349133fc0e3 bd713b37b67866c3 29968e8fd13539f8 b760ebc5f25788d3 2a06f5614060e3b6 0688c790d5806540 aa0789b403bcd839 c11b97f245a9dfd0 09bbaa171c20bae3 942a7d26d81c841f 5fb2d8e734956af0 f58ff7f1a6cde683 c31a456b544a40a8 e25a1da6ca187350 39f6296778264878 5547f9f1638ac345 fd30682593995748 b6d0f83aad4e4dc7 e0269da736ddf004 ff88049e61f0f4ef 3fa57d488e979d74 3986b68500d7704b 702d8f1064ab3e30 c28bc62802b90f82 0bcaac840d5e66d7 b24820ae14e16a24 4d7653ea9499eed4 52370bea1acd0600
5,cea18be9a89d7a81 f29eee8054c061e1 40583079f57235a6 8566d15270eb5e83 74873b42602d8958 e0269da736ddf004 b8e2f75014710ced 42bb83d7c4b9ecae 5f94b027039f4e48 4e966bb2768c2b8a 5fb2d8e734956af0 0eedb1a0d3b8ddae e36475c1af5ea3ab 8fc68213b63951dc 0f33ce8d8014f308 bfb8032f2183d471 628accd9be98503c 9f4e0d572b1f4e6c 0fbd0f422e926816 98dbd15aa33ebc18 453bc79164d57a01 6aac5e116b75aa22 eff60ceea8817dad e1460af4a7044067 92f42fbd0c38f7fd 7f29daa16b9b4cda de8e1345e8c305c4 9c9a9d45c2ea7ddf bc2552a642ce8497 b1e47da7659b675c
6,172bc0ee09332ae9 01e5a6edcee7deb0 bbbd5d2fd957e8f7 0647acc4602d4e8f 033d905aec273595 3734d3b0b9232538 95166957b2c38794 190ab585fd379f0f a2805ed52b47b8ec 2b48ab08c915c0ad 66ccd03c9e03ac06 7155e5a86136eb02 39075e303166355e 942a7d26d81c841f 26fc2a95df5659c2 70776cdd9bb3b7d4 ffc688c4c1c2a068 a853f13216170123 0db6584e3bdfa1c4 4dba7ce835494a63 6899956cd6c683f0 b3ad55963554f220 061f3e1feeaa3094 0e45c4c185f35df6 97d696011258825c f705b637f624147e 81bd116c786bf9ae 520ec719078be07c 9cf6709de35bf0f3 70ebf53ced736fa4
7,29968e8fd13539f8 942a7d26d81c841f f9c6286cff30aaa8 c11b97f245a9dfd0 ca43e349133fc0e3 eff60ceea8817dad 83f8f2fc471cad74 bd713b37b67866c3 976baf0e84752a68 da904d2a54ff8cf2 8a5635c748344d47 4d7653ea9499eed4 0688c790d5806540 451e7ba901ad661d ffc688c4c1c2a068 6e239f4dd4b6aed7 e6a29676c096f8e8 4d29c6922b2d0d56 04886579947a80c2 453bc79164d57a01 5430097e23000368 d3c4a7db726191e0 5fb2d8e734956af0 4fe9e4e55585ba4b 7c98dedd223b36c0 db7342eff9200020 09bbaa171c20bae3 4f31209941bb05fc ff88049e61f0f4ef e25a1da6ca187350
8,c96049ed915ced0a 781f4d0147aef776 47fbe21f5c35c7b4 52370bea1acd0600 4d7653ea9499eed4 9a0f5ee4f845c9b2 0bcaac840d5e66d7 c28bc62802b90f82 702d8f1064ab3e30 3986b68500d7704b 3fa57d488e979d74 ff88049e61f0f4ef e0269da736ddf004 bd713b37b67866c3 fd30682593995748 2a06f5614060e3b6 39f6296778264878 e25a1da6ca187350 bbbd5d2fd957e8f7 e36475c1af5ea3ab e7cad3748e50b0f8 0708923badf2ff5d 734dabb98795c35c 942a7d26d81c841f bd0f175ee98c613e ae94d8435a6847f4 b6d0f83aad4e4dc7 cea18be9a89d7a81 622f2e4119882c94 4b8c7061102517ef
9,0451447dd64f6284 00d9f8d3f7d412b3 3986b68500d7704b 285657fcdf89f00d a017f3358d5327aa ad06e9eeea8eb4ea 74873b42602d8958 a1314cd417504572 cea18be9a89d7a81 0b774cf90856c4da 60a070db9f1869b5 48a76e3aff69d605 f46601a9955f9949 1ba7a50457e93996 7b81f1f2b6ec2e5f 6461a9faa871b3ac da7d3c2d591c4295 edc79e57b20e9036 acf5cb026b3c4551 bee46c54461925d0 33856365c271aea4 01ecc81f6341e902 6aefb6531736648a 128d583954b18074 c5830f9d0f1e29e5 106204cd0e07e1b2 a853f13216170123 48cf88c17ff38c5e cba7e22bb383083a c08c3765ac609cc0
10,413c55a5ab86881a d257d1fbcf43abd5 106204cd0e07e1b2 2e031d83339759b2 0451447dd64f6284 5430097e23000368 00d9f8d3f7d412b3 853e36b1550c6274 b50b4e27b03c7b37 83f8f2fc471cad74 52370bea1acd0600 4d7653ea9499eed4 9a0f5ee4f845c9b2 0bcaac840d5e66d7 c28bc62802b90f82 702d8f1064ab3e30 47fbe21f5c35c7b4 3fa57d488e979d74 ff88049e61f0f4ef e0269da736ddf004 bd713b37b67866c3 fd30682593995748 2a06f5614060e3b6 3986b68500d7704b e7cad3748e50b0f8 0708923badf2ff5d 734dabb98795c35c 942a7d26d81c841f bd0f175ee98c613e ae94d8435a6847f4
11,f25bfcffedaccf28 0a49074a4158155b db69d4cbfef8d22f 4d7653ea9499eed4 b8e2f75014710ced d216e5458ad70e60 6aac5e116b75aa22 2359719a0f40ffac 5430097e23000368 eff60ceea8817dad 29968e8fd13539f8 ff88049e61f0f4ef 04886579947a80c2 8a5635c748344d47 999a52f1d301247c 0220a434aa8bf029 b0b5e62a93a2c37c f9c6286cff30aaa8 83b911ff0ff45844 6e239f4dd4b6aed7 28a2067685cb3e97 455fde214d16d350 aa0789b403bcd839 5fb2d8e734956af0 b3e75fdca5ca2f1a 01ecc81f6341e902 4d417b203b333363 da904d2a54ff8cf2 96e82fa141db9a4b 64c2e323906b42d3
12,0451447dd64f6284 3986b68500d7704b 1ba7a50457e93996 9a0f5ee4f845c9b2 00d9f8d3f7d412b3 0647acc4602d4e8f 4dba7ce835494a63 120e745e2961b5d5 3734d3b0b9232538 7d83ffe83f61bdc4 cc2cc23a98c14c33 0b774cf90856c4da a18df74d3a16e9c0 7b81f1f2b6ec2e5f 7eec211cc37a1b05 bc27d5dc9bab1c18 853e36b1550c6274 128d583954b18074 106204cd0e07e1b2 72403ecdfe02bba6 26fc2a95df5659c2 ced9c56f2be86774 bee46c54461925d0 e4a7a996ed6a5a81 2e031d83339759b2 148ac4a56a18844d b1dcaca98bb76736 413c55a5ab86881a fb8bd6b95eb4702a f105a53e5cfae611
13,4d7653ea9499eed4 ffc688c4c1c2a068 5430097e23000368 eff60ceea8817dad b8e2f75014710ced f25bfcffedaccf28 628accd9be98503c 04886579947a80c2 8a5635c748344d47 999a52f1d301247c db69d4cbfef8d22f b0b5e62a93a2c37c f9c6286cff30aaa8 83b911ff0ff45844 6e239f4dd4b6aed7 aa0789b403bcd839 5fb2d8e734956af0 0a49074a4158155b b3e75fdca5ca2f1a 4d417b203b333363 da904d2a54ff8cf2 1d12acf7349196b0 bd713b37b67866c3 ff88049e61f0f4ef c11b97f245a9dfd0 e25a1da6ca187350 e9c20b67a4c5395f 238ec735a13a3f09 29968e8fd13539f8 06de3ca1148b088b
14,acf5cb026b3c4551 ba5199dba342af68 2e44fbb8bc3d8d71 2e4b00c01d58e79e 0cd920bad11c716d 00d9f8d3f7d412b3 fc16a50ff0baec53 5b4c879fc9c316fb 65d44c6393907290 01ecc81f6341e902 c5830f9d0f1e29e5 a853f13216170123 cba7e22bb383083a 52370bea1acd0600 36d33c41812ce7dc 42bb83d7c4b9ecae e9c20b67a4c5395f 0eedb1a0d3b8ddae 0451447dd64f6284 33856365c271aea4 c96049ed915ced0a 10ad13170242ecae 19b4014943e0ad92 81b7c7e312bfa1a0 8dedff0a79784abc 07d688f5e2142b87 9a439fd1abf95245 74244a8703c03720 3734d3b0b9232538 1f423f368aebf7f3
15,7155e5a86136eb02 172bc0ee09332ae9 39075e303166355e ffc688c4c1c2a068 a76ffccd2f5df1a7 37001ade0df85823 5057551fc55e9ed2 d72363ddd958d906 0e45c4c185f35df6 486dd77002936dec 4b8c7061102517ef 3b6d27775fce1c7b c606425856952286 01e5a6edcee7deb0 b26d8664feb18c8c bfb8032f2183d471 b0e254dd420faee3 8e0cc5199a0ee659 e9c20b67a4c5395f 4dba7ce835494a63 bc2ae5f4e5d53e00 0fbd0f422e926816 ae94d8435a6847f4 b2ee9eea2d974c90 2820628e65a062e2 0d0368139e9a647f 95166957b2c38794 db69d4cbfef8d22f 63d95d5977c2fe98 f2b5098ac9c92da9
16,19b4014943e0ad92 50ba507a268872e1 bf3ccaba4a3450a8 42bb83d7c4b9ecae 10ad13170242ecae b6e646c13d0753ae ce2fe99a7cda4a17 1f423f368aebf7f3 fc16a50ff0baec53 0647acc4602d4e8f 585f4ee09d8fea46 6e12311169bcb24c 97d696011258825c d16da1fb61813db9 5b4c879fc9c316fb b1dcaca98bb76736 65d44c6393907290 2e2904c5373734ae 06de3ca1148b088b b29ab87af6ea6310 061f3e1feeaa3094 3734d3b0b9232538 ffa9091747ae2466 01e5a6edcee7deb0 622f2e4119882c94 36d33c41812ce7dc d64c06baf5ef1c90 5867d40811c0229f 83f5a9732f0de67f b6e72edcad270be0
17,ffa9091747ae2466 bf3ccaba4a3450a8 19b4014943e0ad92 b6e646c13d0753ae 6e12311169bcb24c 5b4c879fc9c316fb 65d44c6393907290 2e2904c5373734ae 622f2e4119882c94 36d33c41812ce7dc 42bb83d7c4b9ecae 33856365c271aea4 c96049ed915ced0a 10ad13170242ecae 2e44fbb8bc3d8d71 fc16a50ff0baec53 9a439fd1abf95245 74244a8703c03720 1f423f368aebf7f3 3c0873ce078d332b 7c8324ce28ffb96e c03b11a0cdc3fa39 c28bc62802b90f82 b6cdb608f640e038 c606425856952286 7d83ffe83f61bdc4 a18df74d3a16e9c0 a1314cd417504572 9a0f5ee4f845c9b2 bee46c54461925d0
18,0a49074a4158155b ae94d8435a6847f4 d216e5458ad70e60 f25bfcffedaccf28 6aac5e116b75aa22 999a52f1d301247c dac29ed8400b50cc 2359719a0f40ffac db69d4cbfef8d22f b69ce8b8154645f8 2810fb6f81d1711c cc0c9419f8a20603 b8e2f75014710ced 0220a434aa8bf029 b0b5e62a93a2c37c 83b911ff0ff45844 28a2067685cb3e97 455fde214d16d350 4d7653ea9499eed4 aa0789b403bcd839 7f29daa16b9b4cda b3e75fdca5ca2f1a 01ecc81f6341e902 c11b97f245a9dfd0 eff60ceea8817dad 4d417b203b333363 96e82fa141db9a4b 64c2e323906b42d3 1d12acf7349196b0 bd713b37b67866c3
19,6aac5e116b75aa22 d216e5458ad70e60 0a49074a4158155b 0cd920bad11c716d 2359719a0f40ffac 190ab585fd379f0f f25bfcffedaccf28 39075e303166355e 942a7d26d81c841f 0db6584e3bdfa1c4 64c2e323906b42d3 a60934e6b473097a ae94d8435a6847f4 28a2067685cb3e97 b3ad55963554f220 db69d4cbfef8d22f 0220a434aa8bf029 520ec719078be07c 9cf6709de35bf0f3 0eedb1a0d3b8ddae 2b48ab08c915c0ad a84cd36608cb8665 09bbaa171c20bae3 6aefb6531736648a 455fde214d16d350 c08c3765ac609cc0 29968e8fd13539f8 8d58da0e1800dc96 3a6e7894dde31c67 01ecc81f6341e902
20,061f3e1feeaa3094 a76ffccd2f5df1a7 d72363ddd958d906 4dba7ce835494a63 10ad13170242ecae 60a070db9f1869b5 37001ade0df85823 0647acc4602d4e8f 7155e5a86136eb02 c606425856952286 97d696011258825c b0e254dd420faee3 7f29daa16b9b4cda 8699cc5dd4159b69 29bedd00fb2be056 5057551fc55e9ed2 0f4c71d341e2d939 3734d3b0b9232538 fab14d178b24a67f 01e5a6edcee7deb0 07f22a7ad7e4711d 5867d40811c0229f 8bf446c0455e3c5c 3b6d27775fce1c7b 9cf6709de35bf0f3 c05f45f86d0771d5 033d905aec273595 0451447dd64f6284 39075e303166355e 42bb83d7c4b9ecae
21,01e5a6edcee7deb0 7155e5a86136eb02 9a0f5ee4f845c9b2 0647acc4602d4e8f 4dba7ce835494a63 120e745e2961b5d5 172bc0ee09332ae9 3734d3b0b9232538 0e45c4c185f35df6 7d83ffe83f61bdc4 cc2cc23a98c14c33 ffc688c4c1c2a068 a853f13216170123 a18df74d3a16e9c0 7eec211cc37a1b05 bc27d5dc9bab1c18 e9c20b67a4c5395f 72403ecdfe02bba6 26fc2a95df5659c2 ced9c56f2be86774 70ebf53ced736fa4 bee46c54461925d0 4b8c7061102517ef 148ac4a56a18844d b1dcaca98bb76736 f105a53e5cfae611 366a22fce0614fb8 c08c3765ac609cc0 74244a8703c03720 1ba7a50457e93996
22,3b4a85bac6ead3c8 bb7515be835dea49 70776cdd9bb3b7d4 fc8971756f9ec194 b9d966ad9e04127a 95d25d38ba7df9c7 39f6296778264878 72403ecdfe02bba6 26fc2a95df5659c2 9b2adcf4041227d7 ced9c56f2be86774 bee46c54461925d0 2810fb6f81d1711c b1dcaca98bb76736 b78189788d563693 f105a53e5cfae611 9a0f5ee4f845c9b2 01e5a6edcee7deb0 f2e30efbd27bee51 366a22fce0614fb8 c08c3765ac609cc0 74244a8703c03720 f44f74b3451aa593 42bb83d7c4b9ecae 27a12f29dceccdbd dea5e9227fbbac29 1ba7a50457e93996 781aaf62a955e4e8 4beacc71024f8b08 451e7ba901ad661d
23,a76ffccd2f5df1a7 7155e5a86136eb02 37001ade0df85823 5057551fc55e9ed2 b0e254dd420faee3 d72363ddd958d906 01e5a6edcee7deb0 4dba7ce835494a63 354d7a327bbcc152 0e45c4c185f35df6 0647acc4602d4e8f c606425856952286 ffc688c4c1c2a068 97d696011258825c 419b5dc40744fb9b 77e2f7da1f9d3a8f 7eec211cc37a1b05 9b0e8cf8153e3b33 061f3e1feeaa3094 6406fcdb7d87b5dc e740c80fce094788 e9c20b67a4c5395f 3734d3b0b9232538 52e459a551d4ac2d 4b8c7061102517ef 5867d40811c0229f 404031ab9d5977c4 3b6d27775fce1c7b 172bc0ee09332ae9 4577ae048ef1967d
24,47fbe21f5c35c7b4 81b7c7e312bfa1a0 c5830f9d0f1e29e5 a853f13216170123 37001ade0df85823 7155e5a86136eb02 c606425856952286 fd57e641d06ebda7 cba7e22bb383083a 0eedb1a0d3b8ddae 52370bea1acd0600 a76ffccd2f5df1a7 00d9f8d3f7d412b3 4dba7ce835494a63 b0e254dd420faee3 acf5cb026b3c4551 ec4ef2f727e7a03f 5057551fc55e9ed2 d6bbbd6c4968075a 01b3da54ffb158a0 0451447dd64f6284 d72363ddd958d906 39075e303166355e 855f2f0354e102c7 8dedff0a79784abc d6ed7e4b14c51296 01ecc81f6341e902 e461837f0fb35048 54a11cbcd7a32af4 25a3b47fe31bc6b5
25,0647acc4602d4e8f 033d905aec273595 3734d3b0b9232538 172bc0ee09332ae9 66ccd03c9e03ac06 26fc2a95df5659c2 70776cdd9bb3b7d4 01e5a6edcee7deb0 4dba7ce835494a63 061f3e1feeaa3094 97d696011258825c 81bd116c786bf9ae 486dd77002936dec c08c3765ac609cc0 b26d8664feb18c8c 42bb83d7c4b9ecae bfb8032f2183d471 d72363ddd958d906 bc2ae5f4e5d53e00 781aaf62a955e4e8 ae94d8435a6847f4 72403ecdfe02bba6 45630e1451157ff3 72b80b099fd64ec4 b2ee9eea2d974c90 2820628e65a062e2 0d0368139e9a647f 95166957b2c38794 10ad13170242ecae 050544c040f46152
26,b0e254dd420faee3 a76ffccd2f5df1a7 37001ade0df85823 7155e5a86136eb02 5057551fc55e9ed2 d72363ddd958d906 4dba7ce835494a63 00ff646ca6637bd7 354d7a327bbcc152 65d44c6393907290 0647acc4602d4e8f d0f6c00eec5eb973 ced9c56f2be86774 c606425856952286 97d696011258825c 419b5dc40744fb9b 77e2f7da1f9d3a8f 6a9aa1bd93e36e66 7eec211cc37a1b05 da7d3c2d591c4295 33856365c271aea4 0eb4de784c8dd679 9b0e8cf8153e3b33 061f3e1feeaa3094 6406fcdb7d87b5dc e740c80fce094788 3734d3b0b9232538 01e5a6edcee7deb0 52e459a551d4ac2d 5867d40811c0229f
27,97d696011258825c 0647acc4602d4e8f 3734d3b0b9232538 1ba7a50457e93996 01e5a6edcee7deb0 4dba7ce835494a63 033d905aec273595 120e745e2961b5d5 f54ad8d1eb18212e 2394b08708475900 70776cdd9bb3b7d4 e7cad3748e50b0f8 204ec91c39d1479d 898a4921ab9f4cce 64907c4568244eb4 50cb6a6c60ad711a 77e2f7da1f9d3a8f ffc688c4c1c2a068 061f3e1feeaa3094 72403ecdfe02bba6 26fc2a95df5659c2 22e8d6734e4121ae ced9c56f2be86774 bee46c54461925d0 5867d40811c0229f b1dcaca98bb76736 f105a53e5cfae611 9a0f5ee4f845c9b2 366a22fce0614fb8 d257d1fbcf43abd5
28,01e5a6edcee7deb0 366a22fce0614fb8 72403ecdfe02bba6 52e459a551d4ac2d 0647acc4602d4e8f a860b682add9de1c 8700059e85433b32 42bb83d7c4b9ecae b6cdb608f640e038 3734d3b0b9232538 10ad13170242ecae 6cb9ab508a0678a0 64907c4568244eb4 74244a8703c03720 1f423f368aebf7f3 19b4014943e0ad92 033d905aec273595 4dba7ce835494a63 20db73cf07a45f71 33856365c271aea4 70776cdd9bb3b7d4 97d696011258825c 680bb5c5c3bb6ee1 b50b4e27b03c7b37 b0e254dd420faee3 c03b11a0cdc3fa39 5b4c879fc9c316fb 65d44c6393907290 1dc7139adba034ec e403278468d84383
29,249bf372159f33e9 63d509cd2a2e0e47 522bd6887960c25d 9100ea6cd0e084bf 5a1149fbcbd37376 5989fb934598c1a7 a1314cd417504572 8b7c486a910dd004 47fbe21f5c35c7b4 4d7653ea9499eed4 9a0f5ee4f845c9b2 0bcaac840d5e66d7 c28bc62802b90f82 702d8f1064ab3e30 3986b68500d7704b 3fa57d488e979d74 ff88049e61f0f4ef e0269da736ddf004 bd713b37b67866c3 fd30682593995748 2a06f5614060e3b6 39f6296778264878 52370bea1acd0600 0708923badf2ff5d 734dabb98795c35c 942a7d26d81c841f bd0f175ee98c613e ae94d8435a6847f4 b6d0f83aad4e4dc7 b24820ae14e16a24
30,ae94d8435a6847f4 6aac5e116b75aa22 64c2e323906b42d3 d216e5458ad70e60 0a49074a4158155b 2359719a0f40ffac 0220a434aa8bf029 66ccd03c9e03ac06 a18df74d3a16e9c0 f25bfcffedaccf28 4e966bb2768c2b8a f6d23cdd2359f7c0 a60934e6b473097a 0647acc4602d4e8f 28a2067685cb3e97 033d905aec273595 db69d4cbfef8d22f 061f3e1feeaa3094 3734d3b0b9232538 97d696011258825c 39075e303166355e e878efab7c37179e 0a79fabc6f5d93c9 486dd77002936dec 0eedb1a0d3b8ddae 3ca7964973437917 73f770f2643a2135 a84cd36608cb8665 6aefb6531736648a 455fde214d16d350
31,c5830f9d0f1e29e5 a76ffccd2f5df1a7 d72363ddd958d906 3734d3b0b9232538 238de368bb05c0ec 4dba7ce835494a63 0451447dd64f6284 bc2552a642ce8497 37001ade0df85823 0647acc4602d4e8f 7155e5a86136eb02 c606425856952286 b9d966ad9e04127a 97d696011258825c 90ecb28f2edb9d43 b0e254dd420faee3 00d9f8d3f7d412b3 7c9248ed6224aa26 377c1150c781e37a 5057551fc55e9ed2 061f3e1feeaa3094 acf5cb026b3c4551 01ecc81f6341e902 01e5a6edcee7deb0 a853f13216170123 cba7e22bb383083a 52370bea1acd0600 5867d40811c0229f b0bfe0f426275870 e9c20b67a4c5395f
32,7b81f1f2b6ec2e5f 00d9f8d3f7d412b3 5b16bae6a0de7c88 0451447dd64f6284 cea18be9a89d7a81 005666aa098abe8e 047769588be1aea9 3986b68500d7704b f105a53e5cfae611 781aaf62a955e4e8 190ab585fd379f0f f49e13a653cbdad2 6e239f4dd4b6aed7 45630e1451157ff3 9a439fd1abf95245 0647acc4602d4e8f 3734d3b0b9232538 39075e303166355e 1ba7a50457e93996 702d8f1064ab3e30 d3c4a7db726191e0 1a05ef8c93af8eed e4a7a996ed6a5a81 395b26d91f98bd92 74873b42602d8958 6d80d2e62d01f6bc 3b6d27775fce1c7b 0b774cf90856c4da 70776cdd9bb3b7d4 01e5a6edcee7deb0
33,f48d0fbea7dc2782 f25bfcffedaccf28 628accd9be98503c eff60ceea8817dad 6d80d2e62d01f6bc 4d417b203b333363 976baf0e84752a68 ffc688c4c1c2a068 453bc79164d57a01 999a52f1d301247c eec6b281e236b500 d3c4a7db726191e0 e6a29676c096f8e8 ca43e349133fc0e3 b0b5e62a93a2c37c d35e11d3d1ab3c67 83b911ff0ff45844 4d7653ea9499eed4 aa0789b403bcd839 4fe9e4e55585ba4b 0a49074a4158155b b3e75fdca5ca2f1a feddfcf56818968e 1d12acf7349196b0 bd713b37b67866c3 204ec91c39d1479d 451e7ba901ad661d e0269da736ddf004 2b48ab08c915c0ad b8e2f75014710ced
34,2cebd52b41930f0a 0647acc4602d4e8f 3734d3b0b9232538 4dba7ce835494a63 033d905aec273595 01e5a6edcee7deb0 70776cdd9bb3b7d4 97d696011258825c 26fc2a95df5659c2 b1dcaca98bb76736 366a22fce0614fb8 061f3e1feeaa3094 0451447dd64f6284 451e7ba901ad661d 72403ecdfe02bba6 74244a8703c03720 ced9c56f2be86774 bee46c54461925d0 fab14d178b24a67f 5867d40811c0229f 45630e1451157ff3 19b4014943e0ad92 52e459a551d4ac2d 0b0021aa60d05daa f105a53e5cfae611 1a05ef8c93af8eed 9a0f5ee4f845c9b2 c08c3765ac609cc0 33856365c271aea4 42bb83d7c4b9ecae
35,2e4b00c01d58e79e 37001ade0df85823 7155e5a86136eb02 c606425856952286 a76ffccd2f5df1a7 b0e254dd420faee3 f46601a9955f9949 6461a9faa871b3ac da7d3c2d591c4295 5057551fc55e9ed2 bee46c54461925d0 d72363ddd958d906 4dba7ce835494a63 33856365c271aea4 6aefb6531736648a a1314cd417504572 48cf88c17ff38c5e 64267373570e4ea3 c08c3765ac609cc0 4a5ac473c9d176ba d0f6c00eec5eb973 a677c3a76055a6d2 65d44c6393907290 622f2e4119882c94 74873b42602d8958 3b6d27775fce1c7b 64c2e323906b42d3 00d9eb862ba3dfc6 a860b682add9de1c 39075e303166355e
36,f6d23cdd2359f7c0 58654e3143c6550b 27bc34b9887bec0d 2810fb6f81d1711c 65708d542bd01f39 d63b7f083330247f 8e0760918e88e4a9 73f770f2643a2135 a65e30106ea50423 4d7653ea9499eed4 9a0f5ee4f845c9b2 0bcaac840d5e66d7 c28bc62802b90f82 702d8f1064ab3e30 3fa57d488e979d74 ff88049e61f0f4ef e0269da736ddf004 bd713b37b67866c3 fd30682593995748 2a06f5614060e3b6 e25a1da6ca187350 3986b68500d7704b 942a7d26d81c841f bd0f175ee98c613e ae94d8435a6847f4 b6d0f83aad4e4dc7 b24820ae14e16a24 622f2e4119882c94 4b8c7061102517ef af8e70f978cd5aee
37,6aac5e116b75aa22 7b81f1f2b6ec2e5f 3b6d27775fce1c7b 4e966bb2768c2b8a d216e5458ad70e60 0a49074a4158155b 2359719a0f40ffac 0451447dd64f6284 e4a7a996ed6a5a81 f25bfcffedaccf28 0b774cf90856c4da 00d9f8d3f7d412b3 b6cdb608f640e038 64c2e323906b42d3 a60934e6b473097a 3986b68500d7704b ae94d8435a6847f4 0647acc4602d4e8f bc2552a642ce8497 28a2067685cb3e97 db69d4cbfef8d22f 061f3e1feeaa3094 0220a434aa8bf029 3734d3b0b9232538 128d583954b18074 97d696011258825c 0f33ce8d8014f308 1ba7a50457e93996 0eedb1a0d3b8ddae 628accd9be98503c
38,095bb1b6ecbd0a50 7ee52d2519eea367 a1314cd417504572 fd30682593995748 765c0695339c3abe 26f72a4eb15ea8c0 8dc313a2cf9da354 050544c040f46152 00e1e2eb13f650e4 20db73cf07a45f71 2dd12c230ab22555 f54ad8d1eb18212e 5048a37f10cf2d91 d92c0298f76ccf77 8f578001f9d5f543 4c3802a1bd3c842e 9f27aa36c1ea793c 5989fb934598c1a7 059bbdbdb843af6a f44f74b3451aa593 a853f13216170123 0772e3ab293a1f30 128d583954b18074 942a7d26d81c841f 4d7653ea9499eed4 9a0f5ee4f845c9b2 0bcaac840d5e66d7 702d8f1064ab3e30 3986b68500d7704b 3fa57d488e979d74
39,72c2a95813ea72bd 52370bea1acd0600 4105533fe46dfba9 6204e398d8c7f888 9fda36f260eec24e 447fc00f40d71d08 5d26da95786b3a3a acf5cb026b3c4551 8df3f13d6af34cb3 01ecc81f6341e902 c5830f9d0f1e29e5 a853f13216170123 cba7e22bb383083a e9c20b67a4c5395f 0eedb1a0d3b8ddae 0451447dd64f6284 81b7c7e312bfa1a0 8dedff0a79784abc 3734d3b0b9232538 2e44fbb8bc3d8d71 5dd752753760ced8 47fbe21f5c35c7b4 ec4ef2f727e7a03f f2234bb7ce0c6f59 edc79e57b20e9036 00d9f8d3f7d412b3 60a070db9f1869b5 fc16a50ff0baec53 b6cdb608f640e038 c606425856952286
40,285657fcdf89f00d ad06e9eeea8eb4ea 48a76e3aff69d605 a1314cd417504572 60a070db9f1869b5 d5805cdb9e8f0f48 47fbe21f5c35c7b4 4d7653ea9499eed4 9a0f5ee4f845c9b2 0bcaac840d5e66d7 c28bc62802b90f82 702d8f1064ab3e30 3986b68500d7704b 3fa57d488e979d74 ff88049e61f0f4ef e0269da736ddf004 bd713b37b67866c3 fd30682593995748 2a06f5614060e3b6 39f6296778264878 e25a1da6ca187350 f58ff7f1a6cde683 52370bea1acd0600 734dabb98795c35c 942a7d26d81c841f bd0f175ee98c613e ae94d8435a6847f4 b6d0f83aad4e4dc7 b24820ae14e16a24 622f2e4119882c94
41,e9c20b67a4c5395f ffc688c4c1c2a068 172bc0ee09332ae9 a853f13216170123 70776cdd9bb3b7d4 7155e5a86136eb02 cba7e22bb383083a 628accd9be98503c d72363ddd958d906 95d25d38ba7df9c7 ae77487a89f2610c f2234bb7ce0c6f59 0e45c4c185f35df6 52370bea1acd0600 486dd77002936dec 4b8c7061102517ef 0eedb1a0d3b8ddae acf5cb026b3c4551 01e5a6edcee7deb0 b26d8664feb18c8c bfb8032f2183d471 81b7c7e312bfa1a0 bc2ae5f4e5d53e00 19b4014943e0ad92 0fbd0f422e926816 ae94d8435a6847f4 01ecc81f6341e902 c5830f9d0f1e29e5 3734d3b0b9232538 2820628e65a062e2
42,bed3e73d52011f68 01e5a6edcee7deb0 0647acc4602d4e8f 7155e5a86136eb02 74244a8703c03720 3734d3b0b9232538 172bc0ee09332ae9 0e45c4c185f35df6 4dba7ce835494a63 033d905aec273595 6cb9ab508a0678a0 70776cdd9bb3b7d4 ffc688c4c1c2a068 97d696011258825c a853f13216170123 6a3919ad9ed8197e 18b1d2d84c97a364 5b4c879fc9c316fb 522bd6887960c25d 061f3e1feeaa3094 e9c20b67a4c5395f fb8bd6b95eb4702a 8f578001f9d5f543 a0566ca9daca7778 72403ecdfe02bba6 6e12311169bcb24c 26fc2a95df5659c2 0079f3c74309b582 ced9c56f2be86774 70ebf53ced736fa4
43,7b81f1f2b6ec2e5f 285657fcdf89f00d cea18be9a89d7a81 ad06e9eeea8eb4ea 413c55a5ab86881a 3986b68500d7704b bfb8032f2183d471 0451447dd64f6284 4e966bb2768c2b8a 6aac5e116b75aa22 190ab585fd379f0f 2b48ab08c915c0ad 00d9f8d3f7d412b3 387e9cd2e5d4ea7d 39075e303166355e 74873b42602d8958 3b6d27775fce1c7b 0b774cf90856c4da 48a76e3aff69d605 0db6584e3bdfa1c4 b6cdb608f640e038 d257d1fbcf43abd5 b3ad55963554f220 d5805cdb9e8f0f48 128d583954b18074 106204cd0e07e1b2 520ec719078be07c 0f33ce8d8014f308 9cf6709de35bf0f3 1ba7a50457e93996
44,01020d1b0821f4c7 8e0760918e88e4a9 48f93f9c2c699e19 96e82fa141db9a4b 6406fcdb7d87b5dc 9a0f5ee4f845c9b2 0bcaac840d5e66d7 c28bc62802b90f82 702d8f1064ab3e30 3986b68500d7704b 3fa57d488e979d74 ff88049e61f0f4ef 4d7653ea9499eed4 bd713b37b67866c3 fd30682593995748 2a06f5614060e3b6 39f6296778264878 e25a1da6ca187350 c31a456b544a40a8 e0269da736ddf004 942a7d26d81c841f bd0f175ee98c613e ae94d8435a6847f4 b6d0f83aad4e4dc7 b24820ae14e16a24 622f2e4119882c94 4b8c7061102517ef af8e70f978cd5aee 52370bea1acd0600 00140806971e7a73
45,cc2cc23a98c14c33 0647acc4602d4e8f 3734d3b0b9232538 01e5a6edcee7deb0 4dba7ce835494a63 7155e5a86136eb02 9a0f5ee4f845c9b2 120e745e2961b5d5 172bc0ee09332ae9 0e45c4c185f35df6 033d905aec273595 7d83ffe83f61bdc4 70776cdd9bb3b7d4 ffc688c4c1c2a068 97d696011258825c a853f13216170123 a18df74d3a16e9c0 7eec211cc37a1b05 bc27d5dc9bab1c18 061f3e1feeaa3094 e9c20b67a4c5395f 72403ecdfe02bba6 26fc2a95df5659c2 ced9c56f2be86774 70ebf53ced736fa4 bee46c54461925d0 4b8c7061102517ef 5867d40811c0229f 148ac4a56a18844d b1dcaca98bb76736
46,8df3f13d6af34cb3 7155e5a86136eb02 37001ade0df85823 0e45c4c185f35df6 c606425856952286 ffc688c4c1c2a068 a76ffccd2f5df1a7 4dba7ce835494a63 b0e254dd420faee3 01e5a6edcee7deb0 5057551fc55e9ed2 d72363ddd958d906 39075e303166355e e9c20b67a4c5395f 4b8c7061102517ef 172bc0ee09332ae9 3b6d27775fce1c7b 8e0cc5199a0ee659 0fbd0f422e926816 db69d4cbfef8d22f 9d5edf3b993fee50 b9d966ad9e04127a 4d954d933e606b70 3986b68500d7704b a853f13216170123 f209d29f991432f0 a18df74d3a16e9c0 70ebf53ced736fa4 451e7ba901ad661d 0079f3c74309b582
47,ca43e349133fc0e3 29968e8fd13539f8 bd713b37b67866c3 27bc34b9887bec0d f6d23cdd2359f7c0 2810fb6f81d1711c 65708d542bd01f39 0688c790d5806540 8e0760918e88e4a9 d63b7f083330247f c11b97f245a9dfd0 58654e3143c6550b 09bbaa171c20bae3 4f31209941bb05fc 942a7d26d81c841f 73f770f2643a2135 5fb2d8e734956af0 a65e30106ea50423 83f8f2fc471cad74 e25a1da6ca187350 39f6296778264878 c31a456b544a40a8 2a06f5614060e3b6 622f2e4119882c94 4b8c7061102517ef fd30682593995748 b6cdb608f640e038 e0269da736ddf004 ff88049e61f0f4ef 3fa57d488e979d74
48,33856365c271aea4 65d44c6393907290 b0e254dd420faee3 6a9aa1bd93e36e66 26fc2a95df5659c2 b1dcaca98bb76736 366a22fce0614fb8 451e7ba901ad661d 72403ecdfe02bba6 74244a8703c03720 2cebd52b41930f0a ced9c56f2be86774 bee46c54461925d0 fab14d178b24a67f 45630e1451157ff3 52e459a551d4ac2d 033d905aec273595 4dba7ce835494a63 0b0021aa60d05daa f105a53e5cfae611 1a05ef8c93af8eed 9a0f5ee4f845c9b2 01e5a6edcee7deb0 c08c3765ac609cc0 1ba7a50457e93996 781aaf62a955e4e8 98dbd15aa33ebc18 07d688f5e2142b87 28403e62105b00f6 70776cdd9bb3b7d4
49,7155e5a86136eb02 a76ffccd2f5df1a7 d72363ddd958d906 01e5a6edcee7deb0 4dba7ce835494a63 4b05967001421eab 37001ade0df85823 0e45c4c185f35df6 0647acc4602d4e8f c606425856952286 1f423f368aebf7f3 ffc688c4c1c2a068 97d696011258825c b0e254dd420faee3 f46601a9955f9949 6461a9faa871b3ac da7d3c2d591c4295 5057551fc55e9ed2 061f3e1feeaa3094 bee46c54461925d0 e9c20b67a4c5395f 33856365c271aea4 3734d3b0b9232538 6aefb6531736648a a1314cd417504572 48cf88c17ff38c5e 64267373570e4ea3 c08c3765ac609cc0 4a5ac473c9d176ba d0f6c00eec5eb973
50,285657fcdf89f00d ad06e9eeea8eb4ea 5989fb934598c1a7 a492bd402afd5c71 48a76e3aff69d605 d16da1fb61813db9 430feb4826a5632e 39075e303166355e a1314cd417504572 87c5481930cfe126 60a070db9f1869b5 d5805cdb9e8f0f48 0bcaac840d5e66d7 9a0f5ee4f845c9b2 c28bc62802b90f82 52370bea1acd0600 702d8f1064ab3e30 3986b68500d7704b 3fa57d488e979d74 ff88049e61f0f4ef e0269da736ddf004 bd713b37b67866c3 fd30682593995748 2a06f5614060e3b6 39f6296778264878 e25a1da6ca187350 4d7653ea9499eed4 bd0f175ee98c613e ae94d8435a6847f4 b6d0f83aad4e4dc7
51,db69d4cbfef8d22f 6aac5e116b75aa22 d216e5458ad70e60 0a49074a4158155b 01e5a6edcee7deb0 2359719a0f40ffac f25bfcffedaccf28 7155e5a86136eb02 ffc688c4c1c2a068 64c2e323906b42d3 a60934e6b473097a ae94d8435a6847f4 0647acc4602d4e8f 28a2067685cb3e97 061f3e1feeaa3094 0220a434aa8bf029 3734d3b0b9232538 0e45c4c185f35df6 97d696011258825c 0eedb1a0d3b8ddae 4b8c7061102517ef 3ca7964973437917 a84cd36608cb8665 172bc0ee09332ae9 6aefb6531736648a 455fde214d16d350 29968e8fd13539f8 8d58da0e1800dc96 0cd920bad11c716d 42bb83d7c4b9ecae
52,cea18be9a89d7a81 b6cdb608f640e038 1ba7a50457e93996 7b81f1f2b6ec2e5f 52e459a551d4ac2d 18ced18aee04c48e 120e745e2961b5d5 f54ad8d1eb18212e 74873b42602d8958 2394b08708475900 3b6d27775fce1c7b e7cad3748e50b0f8 204ec91c39d1479d 898a4921ab9f4cce 64907c4568244eb4 50cb6a6c60ad711a 77e2f7da1f9d3a8f ffc688c4c1c2a068 b6e72edcad270be0 72403ecdfe02bba6 97d696011258825c 26fc2a95df5659c2 22e8d6734e4121ae ced9c56f2be86774 bee46c54461925d0 b1dcaca98bb76736 2e44fbb8bc3d8d71 387e9cd2e5d4ea7d f105a53e5cfae611 9a0f5ee4f845c9b2
53,f25bfcffedaccf28 6aac5e116b75aa22 b24820ae14e16a24 d216e5458ad70e60 0a49074a4158155b 2359719a0f40ffac 976baf0e84752a68 64c2e323906b42d3 a60934e6b473097a ae94d8435a6847f4 451e7ba901ad661d 28a2067685cb3e97 ffc688c4c1c2a068 4d29c6922b2d0d56 e6a29676c096f8e8 453bc79164d57a01 db69d4cbfef8d22f eff60ceea8817dad 0220a434aa8bf029 d3c4a7db726191e0 4fe9e4e55585ba4b 0eedb1a0d3b8ddae 7c98dedd223b36c0 db7342eff9200020 a84cd36608cb8665 6aefb6531736648a 455fde214d16d350 29968e8fd13539f8 8d58da0e1800dc96 0cd920bad11c716d
54,46b99f864d6a075a 5547f9f1638ac345 2e031d83339759b2 24c47959ea77b15b 8abe670908f12614 7ee52d2519eea367 095bb1b6ecbd0a50 765c0695339c3abe 8dc313a2cf9da354 00e1e2eb13f650e4 20db73cf07a45f71 2dd12c230ab22555 5048a37f10cf2d91 8f578001f9d5f543 4c3802a1bd3c842e 5989fb934598c1a7 059bbdbdb843af6a f44f74b3451aa593 0772e3ab293a1f30 128d583954b18074 fd30682593995748 47fbe21f5c35c7b4 52370bea1acd0600 4d7653ea9499eed4 9a0f5ee4f845c9b2 0bcaac840d5e66d7 c28bc62802b90f82 702d8f1064ab3e30 3986b68500d7704b 3fa57d488e979d74
55,ee3ed9a3f51336cd 6ae470a7c9ec20fd 4535ce2e3dced00f 9fbffc521da97c54 047769588be1aea9 e0269da736ddf004 ff88049e61f0f4ef 3fa57d488e979d74 bd713b37b67866c3 3986b68500d7704b 47fbe21f5c35c7b4 702d8f1064ab3e30 fd30682593995748 c28bc62802b90f82 0bcaac840d5e66d7 9a0f5ee4f845c9b2 4d7653ea9499eed4 2a06f5614060e3b6 52370bea1acd0600 39f6296778264878 0708923badf2ff5d 734dabb98795c35c 942a7d26d81c841f bd0f175ee98c613e ae94d8435a6847f4 b6d0f83aad4e4dc7 b24820ae14e16a24 622f2e4119882c94 bbbd5d2fd957e8f7 af8e70f978cd5aee
56,ca4de5b8a7bda9df 01e5a6edcee7deb0 7155e5a86136eb02 74244a8703c03720 bed3e73d52011f68 172bc0ee09332ae9 0e45c4c185f35df6 6cb9ab508a0678a0 ffc688c4c1c2a068 a853f13216170123 6a3919ad9ed8197e 18b1d2d84c97a364 5b4c879fc9c316fb 522bd6887960c25d e9c20b67a4c5395f fb8bd6b95eb4702a 8f578001f9d5f543 a0566ca9daca7778 72403ecdfe02bba6 6e12311169bcb24c 26fc2a95df5659c2 0079f3c74309b582 ced9c56f2be86774 70ebf53ced736fa4 bee46c54461925d0 4b8c7061102517ef 03ed286136d7b3cf e228204ae08d1355 b1dcaca98bb76736 f105a53e5cfae611
57,39075e303166355e 047769588be1aea9 5b16bae6a0de7c88 190ab585fd379f0f f49e13a653cbdad2 005666aa098abe8e 7b81f1f2b6ec2e5f 8d58da0e1800dc96 9a439fd1abf95245 702d8f1064ab3e30 66ccd03c9e03ac06 a18df74d3a16e9c0 95166957b2c38794 6d80d2e62d01f6bc ae94d8435a6847f4 bbbd5d2fd957e8f7 4e966bb2768c2b8a f6d23cdd2359f7c0 d73a65673e3f1d78 43b3338423d7386c 0647acc4602d4e8f 9ab90dfc5c9b0b37 033d905aec273595 061f3e1feeaa3094 d3c4a7db726191e0 3734d3b0b9232538 97d696011258825c 0683b6a78f54be75 c05f45f86d0771d5 e878efab7c37179e
58,d980375fbd40c75f 33856365c271aea4 65d44c6393907290 b0e254dd420faee3 6a9aa1bd93e36e66 26fc2a95df5659c2 b1dcaca98bb76736 366a22fce0614fb8 451e7ba901ad661d 72403ecdfe02bba6 74244a8703c03720 2cebd52b41930f0a ced9c56f2be86774 bee46c54461925d0 fab14d178b24a67f 45630e1451157ff3 52e459a551d4ac2d 033d905aec273595 4dba7ce835494a63 0b0021aa60d05daa f105a53e5cfae611 1a05ef8c93af8eed 9a0f5ee4f845c9b2 01e5a6edcee7deb0 c08c3765ac609cc0 1ba7a50457e93996 781aaf62a955e4e8 98dbd15aa33ebc18 07d688f5e2142b87 28403e62105b00f6
59,a5d5ba33b5b1dc95 96445bec1579ec97 7ee52d2519eea367 a65e30106ea50423 095bb1b6ecbd0a50 765c0695339c3abe 8dc313a2cf9da354 00e1e2eb13f650e4 20db73cf07a45f71 2dd12c230ab22555 a9dad59c7055b56c 5048a37f10cf2d91 8f578001f9d5f543 4c3802a1bd3c842e 5989fb934598c1a7 059bbdbdb843af6a f44f74b3451aa593 0772e3ab293a1f30 128d583954b18074 bd713b37b67866c3 e0269da736ddf004 fd30682593995748 ff88049e61f0f4ef 3fa57d488e979d74 3986b68500d7704b 702d8f1064ab3e30 734dabb98795c35c c28bc62802b90f82 0bcaac840d5e66d7 9a0f5ee4f845c9b2
60,4c3802a1bd3c842e 8b7c486a910dd004 7ee52d2519eea367 095bb1b6ecbd0a50 765c0695339c3abe 8dc313a2cf9da354 00e1e2eb13f650e4 20db73cf07a45f71 2dd12c230ab22555 5048a37f10cf2d91 8f578001f9d5f543 5989fb934598c1a7 059bbdbdb843af6a f44f74b3451aa593 0772e3ab293a1f30 128d583954b18074 47fbe21f5c35c7b4 52370bea1acd0600 95166957b2c38794 4d7653ea9499eed4 9a0f5ee4f845c9b2 0bcaac840d5e66d7 2a06f5614060e3b6 702d8f1064ab3e30 3986b68500d7704b 3fa57d488e979d74 ff88049e61f0f4ef e0269da736ddf004 bd713b37b67866c3 fd30682593995748
61,249bf372159f33e9 63d509cd2a2e0e47 522bd6887960c25d 9100ea6cd0e084bf 5a1149fbcbd37376 5989fb934598c1a7 a1314cd417504572 8b7c486a910dd004 47fbe21f5c35c7b4 4d7653ea9499eed4 9a0f5ee4f845c9b2 0bcaac840d5e66d7 c28bc62802b90f82 702d8f1064ab3e30 3986b68500d7704b 3fa57d488e979d74 ff88049e61f0f4ef e0269da736ddf004 bd713b37b67866c3 fd30682593995748 2a06f5614060e3b6 39f6296778264878 52370bea1acd0600 0708923badf2ff5d 734dabb98795c35c 942a7d26d81c841f bd0f175ee98c613e ae94d8435a6847f4 b6d0f83aad4e4dc7 b24820ae14e16a24
62,ffc688c4c1c2a068 01e5a6edcee7deb0 7155e5a86136eb02 976baf0e84752a68 451e7ba901ad661d 0647acc4602d4e8f 4d29c6922b2d0d56 e6a29676c096f8e8 453bc79164d57a01 061f3e1feeaa3094 eff60ceea8817dad 3734d3b0b9232538 0e45c4c185f35df6 97d696011258825c d3c4a7db726191e0 4fe9e4e55585ba4b 4b8c7061102517ef db7342eff9200020 7c98dedd223b36c0 172bc0ee09332ae9 42bb83d7c4b9ecae d72363ddd958d906 e9c20b67a4c5395f 2b48ab08c915c0ad 66ccd03c9e03ac06 628accd9be98503c 0fbd0f422e926816 72b80b099fd64ec4 10ad13170242ecae 4d417b203b333363
63,765c0695339c3abe 8dc313a2cf9da354 7ee52d2519eea367 2dd12c230ab22555 095bb1b6ecbd0a50 4dba7ce835494a63 00e1e2eb13f650e4 20db73cf07a45f71 fd30682593995748 5048a37f10cf2d91 cea18be9a89d7a81 ffa9091747ae2466 bbbd5d2fd957e8f7 8f578001f9d5f543 4c3802a1bd3c842e 5989fb934598c1a7 059bbdbdb843af6a 74244a8703c03720 f44f74b3451aa593 bd0f175ee98c613e 033d905aec273595 0772e3ab293a1f30 98dbd15aa33ebc18 c03b11a0cdc3fa39 4b05967001421eab 413c55a5ab86881a 155600e5f1221f8c 59bf6d6df9146d60 128d583954b18074 a853f13216170123
64,a853f13216170123 01e5a6edcee7deb0 3734d3b0b9232538 ec1b3d7ccd3984d0 0647acc4602d4e8f e9c20b67a4c5395f 7155e5a86136eb02 c5830f9d0f1e29e5 00d9f8d3f7d412b3 0451447dd64f6284 81b7c7e312bfa1a0 172bc0ee09332ae9 10ad13170242ecae 0e45c4c185f35df6 033d905aec273595 4dba7ce835494a63 47fbe21f5c35c7b4 70776cdd9bb3b7d4 ffc688c4c1c2a068 97d696011258825c ec4ef2f727e7a03f d6bbbd6c4968075a 061f3e1feeaa3094 fd57e641d06ebda7 acf5cb026b3c4551 855f2f0354e102c7 01ecc81f6341e902 72403ecdfe02bba6 cba7e22bb383083a 52370bea1acd0600
65,00d9f8d3f7d412b3 0451447dd64f6284 3986b68500d7704b 7b81f1f2b6ec2e5f acf5cb026b3c4551 3734d3b0b9232538 2e44fbb8bc3d8d71 b6cdb608f640e038 ba5199dba342af68 0cd920bad11c716d e4a7a996ed6a5a81 0647acc4602d4e8f 3b6d27775fce1c7b 0b774cf90856c4da 97d696011258825c 1ba7a50457e93996 6e239f4dd4b6aed7 061f3e1feeaa3094 b6e72edcad270be0 01ecc81f6341e902 128d583954b18074 c5830f9d0f1e29e5 106204cd0e07e1b2 01e5a6edcee7deb0 a853f13216170123 52e459a551d4ac2d cba7e22bb383083a 52370bea1acd0600 2e031d83339759b2 5867d40811c0229f
66,666bdff4faa513ca 190ab585fd379f0f 2b48ab08c915c0ad 39075e303166355e 0db6584e3bdfa1c4 cec2eea2a1fe566a 1dc7139adba034ec b3ad55963554f220 520ec719078be07c 9cf6709de35bf0f3 486dd77002936dec 09bbaa171c20bae3 b26d8664feb18c8c 172bc0ee09332ae9 bfb8032f2183d471 3a6e7894dde31c67 bc2ae5f4e5d53e00 942a7d26d81c841f ae94d8435a6847f4 2820628e65a062e2 b2ee9eea2d974c90 0d0368139e9a647f 95166957b2c38794 63d95d5977c2fe98 0cd920bad11c716d f2b5098ac9c92da9 83f5a9732f0de67f a18df74d3a16e9c0 ddb3810e0289c148 cea18be9a89d7a81
67,680bb5c5c3bb6ee1 01e5a6edcee7deb0 72403ecdfe02bba6 52e459a551d4ac2d 0647acc4602d4e8f b6cdb608f640e038 3734d3b0b9232538 6cb9ab508a0678a0 4dba7ce835494a63 033d905aec273595 20db73cf07a45f71 70776cdd9bb3b7d4 97d696011258825c b50b4e27b03c7b37 b0e254dd420faee3 e403278468d84383 061f3e1feeaa3094 f1a3b8b13e9401c0 892074f7c1ef5d5e e4a7a996ed6a5a81 26fc2a95df5659c2 ced9c56f2be86774 bee46c54461925d0 72c2a95813ea72bd 5867d40811c0229f b1dcaca98bb76736 19e8f436d4b2fc25 f105a53e5cfae611 9a0f5ee4f845c9b2 a860b682add9de1c
68,feddfcf56818968e a76ffccd2f5df1a7 d72363ddd958d906 c5830f9d0f1e29e5 4dba7ce835494a63 bc2552a642ce8497 37001ade0df85823 0647acc4602d4e8f 7155e5a86136eb02 c606425856952286 b9d966ad9e04127a 97d696011258825c 90ecb28f2edb9d43 b0e254dd420faee3 7c9248ed6224aa26 377c1150c781e37a 5057551fc55e9ed2 061f3e1feeaa3094 3734d3b0b9232538 01e5a6edcee7deb0 5867d40811c0229f b0bfe0f426275870 3b6d27775fce1c7b 033d905aec273595 0451447dd64f6284 39075e303166355e eab15ee21e126f6a 42bb83d7c4b9ecae 765c0695339c3abe 8e0cc5199a0ee659
69,ae94d8435a6847f4 0a49074a4158155b 6aac5e116b75aa22 d216e5458ad70e60 dac29ed8400b50cc 2359719a0f40ffac 64c2e323906b42d3 f25bfcffedaccf28 a18df74d3a16e9c0 b69ce8b8154645f8 2810fb6f81d1711c 0220a434aa8bf029 4e966bb2768c2b8a f6d23cdd2359f7c0 a84cd36608cb8665 455fde214d16d350 29968e8fd13539f8 8d58da0e1800dc96 0cd920bad11c716d a60934e6b473097a 64b31699d7d15934 28a2067685cb3e97 96e82fa141db9a4b db69d4cbfef8d22f 39075e303166355e cc0c9419f8a20603 e878efab7c37179e 73f770f2643a2135 0a79fabc6f5d93c9 7f29daa16b9b4cda
70,3734d3b0b9232538 0451447dd64f6284 0647acc4602d4e8f 1f423f368aebf7f3 97d696011258825c f46601a9955f9949 6461a9faa871b3ac da7d3c2d591c4295 00d9f8d3f7d412b3 edc79e57b20e9036 061f3e1feeaa3094 acf5cb026b3c4551 bee46c54461925d0 33856365c271aea4 01ecc81f6341e902 6aefb6531736648a a1314cd417504572 c5830f9d0f1e29e5 01e5a6edcee7deb0 a853f13216170123 48cf88c17ff38c5e cba7e22bb383083a 64267373570e4ea3 c08c3765ac609cc0 52370bea1acd0600 4a5ac473c9d176ba d0f6c00eec5eb973 65d44c6393907290 a677c3a76055a6d2 5867d40811c0229f
71,7155e5a86136eb02 b0e254dd420faee3 c5830f9d0f1e29e5 00ff646ca6637bd7 37001ade0df85823 d0f6c00eec5eb973 ced9c56f2be86774 c606425856952286 b9d966ad9e04127a a76ffccd2f5df1a7 90ecb28f2edb9d43 7c9248ed6224aa26 377c1150c781e37a da7d3c2d591c4295 5057551fc55e9ed2 0eb4de784c8dd679 d72363ddd958d906 4dba7ce835494a63 bc2552a642ce8497 b0bfe0f426275870 3b6d27775fce1c7b af41e2b6da3e7e02 39075e303166355e feddfcf56818968e eab15ee21e126f6a 765c0695339c3abe 8e0cc5199a0ee659 26f72a4eb15ea8c0 0220a434aa8bf029 6aefb6531736648a
72,29968e8fd13539f8 c11b97f245a9dfd0 ca43e349133fc0e3 eff60ceea8817dad 83f8f2fc471cad74 bd713b37b67866c3 976baf0e84752a68 da904d2a54ff8cf2 8a5635c748344d47 4d7653ea9499eed4 0688c790d5806540 451e7ba901ad661d ffc688c4c1c2a068 6e239f4dd4b6aed7 4d29c6922b2d0d56 e6a29676c096f8e8 04886579947a80c2 453bc79164d57a01 5430097e23000368 d3c4a7db726191e0 5fb2d8e734956af0 4fe9e4e55585ba4b f9c6286cff30aaa8 7c98dedd223b36c0 db7342eff9200020 09bbaa171c20bae3 4f31209941bb05fc ff88049e61f0f4ef 942a7d26d81c841f e25a1da6ca187350
73,65fac1ba1840000f 64c2e323906b42d3 6aefb6531736648a 0a49074a4158155b c08c3765ac609cc0 6aac5e116b75aa22 d216e5458ad70e60 48cf88c17ff38c5e bee46c54461925d0 2359719a0f40ffac 33856365c271aea4 a60934e6b473097a f25bfcffedaccf28 f46601a9955f9949 42a5cae2a3a45557 6461a9faa871b3ac ae94d8435a6847f4 da7d3c2d591c4295 a18df74d3a16e9c0 28a2067685cb3e97 455fde214d16d350 29968e8fd13539f8 db69d4cbfef8d22f 01ecc81f6341e902 0220a434aa8bf029 4c3802a1bd3c842e 0cd920bad11c716d a1314cd417504572 72403ecdfe02bba6 64267373570e4ea3
74,1ba7a50457e93996 120e745e2961b5d5 f54ad8d1eb18212e 2394b08708475900 e7cad3748e50b0f8 204ec91c39d1479d 898a4921ab9f4cce 64907c4568244eb4 50cb6a6c60ad711a 77e2f7da1f9d3a8f ffc688c4c1c2a068 72403ecdfe02bba6 97d696011258825c 26fc2a95df5659c2 22e8d6734e4121ae ced9c56f2be86774 bee46c54461925d0 b1dcaca98bb76736 f105a53e5cfae611 9a0f5ee4f845c9b2 01e5a6edcee7deb0 366a22fce0614fb8 d257d1fbcf43abd5 c08c3765ac609cc0 74244a8703c03720 781aaf62a955e4e8 cb3e4ce97e7f2881 451e7ba901ad661d 52e459a551d4ac2d 45630e1451157ff3
75,0647acc4602d4e8f 033d905aec273595 3734d3b0b9232538 172bc0ee09332ae9 66ccd03c9e03ac06 26fc2a95df5659c2 70776cdd9bb3b7d4 01e5a6edcee7deb0 4dba7ce835494a63 061f3e1feeaa3094 97d696011258825c 81bd116c786bf9ae 486dd77002936dec c08c3765ac609cc0 b26d8664feb18c8c 42bb83d7c4b9ecae bfb8032f2183d471 d72363ddd958d906 bc2ae5f4e5d53e00 781aaf62a955e4e8 ae94d8435a6847f4 72403ecdfe02bba6 45630e1451157ff3 72b80b099fd64ec4 b2ee9eea2d974c90 2820628e65a062e2 0d0368139e9a647f 95166957b2c38794 10ad13170242ecae 050544c040f46152
76,ae94d8435a6847f4 0a49074a4158155b 6aac5e116b75aa22 d216e5458ad70e60 dac29ed8400b50cc 4e966bb2768c2b8a b69ce8b8154645f8 2359719a0f40ffac cc0c9419f8a20603 2810fb6f81d1711c f25bfcffedaccf28 7f29daa16b9b4cda 64c2e323906b42d3 a60934e6b473097a 999a52f1d301247c 28a2067685cb3e97 65708d542bd01f39 db69d4cbfef8d22f 0220a434aa8bf029 64b31699d7d15934 0f33ce8d8014f308 0eedb1a0d3b8ddae bfb8032f2183d471 628accd9be98503c c11b97f245a9dfd0 a84cd36608cb8665 6aefb6531736648a 455fde214d16d350 29968e8fd13539f8 8d58da0e1800dc96
77,bbbd5d2fd957e8f7 047769588be1aea9 d73a65673e3f1d78 5879096a38d69fc5 702d8f1064ab3e30 95166957b2c38794 5b16bae6a0de7c88 190ab585fd379f0f 7b81f1f2b6ec2e5f f49e13a653cbdad2 af8e70f978cd5aee 43b3338423d7386c 9ab90dfc5c9b0b37 6899956cd6c683f0 8a5635c748344d47 8d58da0e1800dc96 f705b637f624147e a2805ed52b47b8ec 0add47a043c64d7f b3ad55963554f220 f105a53e5cfae611 9a439fd1abf95245 62431fd374eb99fb 0db6584e3bdfa1c4 39075e303166355e 6d80d2e62d01f6bc d3c4a7db726191e0 d5805cdb9e8f0f48 3fa57d488e979d74 3986b68500d7704b
78,a52df8083c238c46 b8e2f75014710ced f29eee8054c061e1 8566d15270eb5e83 e0269da736ddf004 5fb2d8e734956af0 0eedb1a0d3b8ddae e36475c1af5ea3ab a84cd36608cb8665 455fde214d16d350 29968e8fd13539f8 8d58da0e1800dc96 0cd920bad11c716d 453bc79164d57a01 6aac5e116b75aa22 0a49074a4158155b eff60ceea8817dad 96e82fa141db9a4b f25bfcffedaccf28 e1460af4a7044067 2359719a0f40ffac dac29ed8400b50cc a18df74d3a16e9c0 7f29daa16b9b4cda d216e5458ad70e60 f05fa5f57dc03e81 f48d0fbea7dc2782 40583079f57235a6 fd57e641d06ebda7 005666aa098abe8e
79,45630e1451157ff3 0fbd0f422e926816 f105a53e5cfae611 172bc0ee09332ae9 1a05ef8c93af8eed 01e5a6edcee7deb0 7155e5a86136eb02 395b26d91f98bd92 781aaf62a955e4e8 ffc688c4c1c2a068 a853f13216170123 5b16bae6a0de7c88 0897dcfae16e280f 005666aa098abe8e f705b637f624147e 0e45c4c185f35df6 bfb8032f2183d471 4d9214c0925e5af8 70ebf53ced736fa4 4b8c7061102517ef cea18be9a89d7a81 0451447dd64f6284 7b81f1f2b6ec2e5f d3c4a7db726191e0 c08c3765ac609cc0 bc2ae5f4e5d53e00 e9c20b67a4c5395f 72403ecdfe02bba6 cb3e4ce97e7f2881 db69d4cbfef8d22f
80,37001ade0df85823 4577ae048ef1967d 5057551fc55e9ed2 a76ffccd2f5df1a7 b0e254dd420faee3 354d7a327bbcc152 7155e5a86136eb02 c606425856952286 419b5dc40744fb9b 77e2f7da1f9d3a8f 7eec211cc37a1b05 9b0e8cf8153e3b33 6406fcdb7d87b5dc e740c80fce094788 d72363ddd958d906 4dba7ce835494a63 52e459a551d4ac2d 404031ab9d5977c4 3b6d27775fce1c7b 39075e303166355e 8e0cc5199a0ee659 9c9ebf71707d7a37 b6cdb608f640e038 7d83ffe83f61bdc4 a18df74d3a16e9c0 a1314cd417504572 9a0f5ee4f845c9b2 bee46c54461925d0 6461a9faa871b3ac 20d283a232dfd13c
81,07f22a7ad7e4711d 7155e5a86136eb02 37001ade0df85823 0e45c4c185f35df6 c606425856952286 ffc688c4c1c2a068 a76ffccd2f5df1a7 b0e254dd420faee3 01e5a6edcee7deb0 8699cc5dd4159b69 5057551fc55e9ed2 0f4c71d341e2d939 d72363ddd958d906 4dba7ce835494a63 e9c20b67a4c5395f fab14d178b24a67f 4b8c7061102517ef 8bf446c0455e3c5c 3b6d27775fce1c7b 172bc0ee09332ae9 061f3e1feeaa3094 9cf6709de35bf0f3 c05f45f86d0771d5 10ad13170242ecae 39075e303166355e c36c2dce0e6e434f 8e0cc5199a0ee659 0fbd0f422e926816 42a5cae2a3a45557 57113c2a4cacd961
82,fc16a50ff0baec53 10ad13170242ecae 01e5a6edcee7deb0 42bb83d7c4b9ecae 7155e5a86136eb02 36d33c41812ce7dc 1f423f368aebf7f3 19b4014943e0ad92 0e45c4c185f35df6 0647acc4602d4e8f 0079f3c74309b582 ffc688c4c1c2a068 97d696011258825c f28fb3d9880c5d4c abf90e759d208468 a853f13216170123 538c7bb968b2154c 5b4c879fc9c316fb f76f44d372517a9a 64907c4568244eb4 65d44c6393907290 40583079f57235a6 061f3e1feeaa3094 e9c20b67a4c5395f 3734d3b0b9232538 055d895a3b26e466 0eb4de784c8dd679 4b8c7061102517ef 5867d40811c0229f 5d26da95786b3a3a
83,0eedb1a0d3b8ddae db69d4cbfef8d22f 6aac5e116b75aa22 d216e5458ad70e60 a853f13216170123 0a49074a4158155b 01ecc81f6341e902 0cd920bad11c716d 2359719a0f40ffac 190ab585fd379f0f e9c20b67a4c5395f f25bfcffedaccf28 39075e303166355e 7155e5a86136eb02 ffc688c4c1c2a068 0db6584e3bdfa1c4 64c2e323906b42d3 a60934e6b473097a ae94d8435a6847f4 28a2067685cb3e97 60a070db9f1869b5 b3ad55963554f220 0220a434aa8bf029 0e45c4c185f35df6 52370bea1acd0600 520ec719078be07c 9cf6709de35bf0f3 4b8c7061102517ef 2b48ab08c915c0ad a84cd36608cb8665
84,249bf372159f33e9 63d509cd2a2e0e47 522bd6887960c25d 9100ea6cd0e084bf 5a1149fbcbd37376 5989fb934598c1a7 a1314cd417504572 8b7c486a910dd004 47fbe21f5c35c7b4 4d7653ea9499eed4 9a0f5ee4f845c9b2 0bcaac840d5e66d7 c28bc62802b90f82 702d8f1064ab3e30 3986b68500d7704b 3fa57d488e979d74 ff88049e61f0f4ef e0269da736ddf004 bd713b37b67866c3 fd30682593995748 2a06f5614060e3b6 39f6296778264878 52370bea1acd0600 0708923badf2ff5d 734dabb98795c35c 942a7d26d81c841f bd0f175ee98c613e ae94d8435a6847f4 b6d0f83aad4e4dc7 b24820ae14e16a24
85,10ad13170242ecae 42bb83d7c4b9ecae 4f2fffd7528de786 1f423f368aebf7f3 19b4014943e0ad92 0647acc4602d4e8f 9fda36f260eec24e 97d696011258825c 5b4c879fc9c316fb 07be6a290720707d 8e83d05923cde390 65d44c6393907290 061f3e1feeaa3094 3734d3b0b9232538 01e5a6edcee7deb0 ca43e349133fc0e3 36d33c41812ce7dc 5c4b7558c942a224 5867d40811c0229f 42a5cae2a3a45557 33856365c271aea4 4dba7ce835494a63 033d905aec273595 0451447dd64f6284 c96049ed915ced0a d72363ddd958d906 66ccd03c9e03ac06 2e44fbb8bc3d8d71 fc16a50ff0baec53 9a439fd1abf95245
86,5b16bae6a0de7c88 7b81f1f2b6ec2e5f bbbd5d2fd957e8f7 f705b637f624147e 047769588be1aea9 d73a65673e3f1d78 f105a53e5cfae611 922e625fae98b3b9 0add47a043c64d7f 702d8f1064ab3e30 d3c4a7db726191e0 6461a9faa871b3ac 95166957b2c38794 395b26d91f98bd92 190ab585fd379f0f f49e13a653cbdad2 0897dcfae16e280f 43b3338423d7386c 005666aa098abe8e 9ab90dfc5c9b0b37 6899956cd6c683f0 8d58da0e1800dc96 bfb8032f2183d471 a2805ed52b47b8ec d5805cdb9e8f0f48 4d9214c0925e5af8 45630e1451157ff3 cea18be9a89d7a81 0451447dd64f6284 0fbd0f422e926816
87,e7cad3748e50b0f8 1ba7a50457e93996 120e745e2961b5d5 f54ad8d1eb18212e 2394b08708475900 204ec91c39d1479d 898a4921ab9f4cce 64907c4568244eb4 50cb6a6c60ad711a 77e2f7da1f9d3a8f ffc688c4c1c2a068 72403ecdfe02bba6 97d696011258825c 26fc2a95df5659c2 22e8d6734e4121ae ced9c56f2be86774 bee46c54461925d0 b1dcaca98bb76736 f105a53e5cfae611 9a0f5ee4f845c9b2 01e5a6edcee7deb0 366a22fce0614fb8 d257d1fbcf43abd5 c08c3765ac609cc0 74244a8703c03720 781aaf62a955e4e8 cb3e4ce97e7f2881 451e7ba901ad661d 52e459a551d4ac2d 45630e1451157ff3
88,65ad9c583823162d ae94d8435a6847f4 07be6a290720707d 5a1149fbcbd37376 1c3b74a02a86467d 486dd77002936dec 9c9a9d45c2ea7ddf b26d8664feb18c8c bfb8032f2183d471 172bc0ee09332ae9 bc2ae5f4e5d53e00 2820628e65a062e2 b2ee9eea2d974c90 0d0368139e9a647f 95166957b2c38794 63d95d5977c2fe98 f2b5098ac9c92da9 a18df74d3a16e9c0 83f5a9732f0de67f ddb3810e0289c148 cea18be9a89d7a81 83f8f2fc471cad74 22e8d6734e4121ae 3986b68500d7704b 7b81f1f2b6ec2e5f 26fc2a95df5659c2 fc21db75b354a917 e8ad5e31484ef889 4e966bb2768c2b8a f6d23cdd2359f7c0
89,8a5635c748344d47 4d7653ea9499eed4 5879096a38d69fc5 5430097e23000368 eff60ceea8817dad b8e2f75014710ced f25bfcffedaccf28 04886579947a80c2 999a52f1d301247c db69d4cbfef8d22f b0b5e62a93a2c37c f9c6286cff30aaa8 83b911ff0ff45844 6e239f4dd4b6aed7 aa0789b403bcd839 5fb2d8e734956af0 0a49074a4158155b b3e75fdca5ca2f1a 4d417b203b333363 da904d2a54ff8cf2 1d12acf7349196b0 bd713b37b67866c3 ff88049e61f0f4ef af8e70f978cd5aee e25a1da6ca187350 c11b97f245a9dfd0 238ec735a13a3f09 29968e8fd13539f8 06de3ca1148b088b 83f8f2fc471cad74
90,7155e5a86136eb02 a853f13216170123 ae000f9d0b5e104e 01e5a6edcee7deb0 e9c20b67a4c5395f 74244a8703c03720 4dba7ce835494a63 bed3e73d52011f68 172bc0ee09332ae9 37001ade0df85823 4f2fffd7528de786 0e45c4c185f35df6 3734d3b0b9232538 c606425856952286 6cb9ab508a0678a0 ffc688c4c1c2a068 a76ffccd2f5df1a7 b0e254dd420faee3 6a3919ad9ed8197e 18b1d2d84c97a364 5057551fc55e9ed2 5b4c879fc9c316fb 522bd6887960c25d acf5cb026b3c4551 d72363ddd958d906 fb8bd6b95eb4702a 01ecc81f6341e902 8f578001f9d5f543 c5830f9d0f1e29e5 a0566ca9daca7778
91,04886579947a80c2 8a5635c748344d47 628accd9be98503c eff60ceea8817dad 877672967d3f70bb 976baf0e84752a68 da904d2a54ff8cf2 4d7653ea9499eed4 451e7ba901ad661d ffc688c4c1c2a068 6e239f4dd4b6aed7 e6a29676c096f8e8 4d29c6922b2d0d56 453bc79164d57a01 5430097e23000368 83f8f2fc471cad74 d3c4a7db726191e0 4fe9e4e55585ba4b f9c6286cff30aaa8 7c98dedd223b36c0 db7342eff9200020 942a7d26d81c841f ff88049e61f0f4ef c11b97f245a9dfd0 e25a1da6ca187350 2b48ab08c915c0ad 59c231f8fd21260c b8e2f75014710ced 29968e8fd13539f8 4d417b203b333363
92,a52df8083c238c46 eff60ceea8817dad 976baf0e84752a68 da904d2a54ff8cf2 8a5635c748344d47 4d7653ea9499eed4 451e7ba901ad661d ffc688c4c1c2a068 6e239f4dd4b6aed7 4d29c6922b2d0d56 e6a29676c096f8e8 04886579947a80c2 453bc79164d57a01 5430097e23000368 83f8f2fc471cad74 d3c4a7db726191e0 4fe9e4e55585ba4b f9c6286cff30aaa8 7c98dedd223b36c0 db7342eff9200020 ff88049e61f0f4ef c11b97f245a9dfd0 e25a1da6ca187350 2b48ab08c915c0ad 59c231f8fd21260c 628accd9be98503c b8e2f75014710ced 29968e8fd13539f8 4d417b203b333363 204ec91c39d1479d
93,36d33c41812ce7dc 10ad13170242ecae 01e5a6edcee7deb0 42bb83d7c4b9ecae 7155e5a86136eb02 fc16a50ff0baec53 0079f3c74309b582 19b4014943e0ad92 1f423f368aebf7f3 0e45c4c185f35df6 0647acc4602d4e8f ffc688c4c1c2a068 97d696011258825c f28fb3d9880c5d4c abf90e759d208468 40583079f57235a6 a853f13216170123 538c7bb968b2154c 5b4c879fc9c316fb 64907c4568244eb4 65d44c6393907290 6a9aa1bd93e36e66 061f3e1feeaa3094 33856365c271aea4 033d905aec273595 4dba7ce835494a63 e9c20b67a4c5395f 0451447dd64f6284 3734d3b0b9232538 055d895a3b26e466
94,7b81f1f2b6ec2e5f 3b6d27775fce1c7b 00d9f8d3f7d412b3 a76ffccd2f5df1a7 d72363ddd958d906 cea18be9a89d7a81 c5830f9d0f1e29e5 0451447dd64f6284 4dba7ce835494a63 b6cdb608f640e038 3986b68500d7704b bc2552a642ce8497 37001ade0df85823 e4a7a996ed6a5a81 0647acc4602d4e8f 7155e5a86136eb02 c606425856952286 74873b42602d8958 b9d966ad9e04127a 0b774cf90856c4da 97d696011258825c 90ecb28f2edb9d43 b0e254dd420faee3 1ba7a50457e93996 6e239f4dd4b6aed7 7c9248ed6224aa26 377c1150c781e37a 5057551fc55e9ed2 061f3e1feeaa3094 b6e72edcad270be0
95,f46601a9955f9949 98dbd15aa33ebc18 c08c3765ac609cc0 b7d7d9ae1cbe0d8a 48cf88c17ff38c5e bee46c54461925d0 33856365c271aea4 6461a9faa871b3ac da7d3c2d591c4295 6aefb6531736648a a1314cd417504572 72403ecdfe02bba6 64267373570e4ea3 0c2eeab1e4ce1db8 4a5ac473c9d176ba 26fc2a95df5659c2 d0f6c00eec5eb973 ced9c56f2be86774 65d44c6393907290 a677c3a76055a6d2 af41e2b6da3e7e02 5c8c6d9a1fd4c1e0 622f2e4119882c94 b1dcaca98bb76736 74873b42602d8958 f105a53e5cfae611 64c2e323906b42d3 00d9eb862ba3dfc6 9a0f5ee4f845c9b2 a860b682add9de1c
96,1f423f368aebf7f3 d0f6c00eec5eb973 285657fcdf89f00d ad06e9eeea8eb4ea a1314cd417504572 37001ade0df85823 7155e5a86136eb02 c606425856952286 c6b615b2589e036d 60a070db9f1869b5 48a76e3aff69d605 a76ffccd2f5df1a7 b0e254dd420faee3 f46601a9955f9949 6461a9faa871b3ac da7d3c2d591c4295 5c4b7558c942a224 5057551fc55e9ed2 edc79e57b20e9036 acf5cb026b3c4551 bee46c54461925d0 d72363ddd958d906 4dba7ce835494a63 33856365c271aea4 01ecc81f6341e902 6aefb6531736648a c5830f9d0f1e29e5 a853f13216170123 48cf88c17ff38c5e cba7e22bb383083a
97,7b81f1f2b6ec2e5f 00d9f8d3f7d412b3 74873b42602d8958 72403ecdfe02bba6 0647acc4602d4e8f c08c3765ac609cc0 cea18be9a89d7a81 1ba7a50457e93996 a860b682add9de1c 0451447dd64f6284 b6cdb608f640e038 48cf88c17ff38c5e bee46c54461925d0 3734d3b0b9232538 01e5a6edcee7deb0 6cb9ab508a0678a0 33856365c271aea4 3986b68500d7704b 52e459a551d4ac2d e4a7a996ed6a5a81 4dba7ce835494a63 033d905aec273595 1f423f368aebf7f3 3b6d27775fce1c7b 0b774cf90856c4da 70776cdd9bb3b7d4 97d696011258825c b50b4e27b03c7b37 f46601a9955f9949 6461a9faa871b3ac
98,95d25d38ba7df9c7 3b4a85bac6ead3c8 bb7515be835dea49 70776cdd9bb3b7d4 fc8971756f9ec194 b9d966ad9e04127a 39f6296778264878 72403ecdfe02bba6 26fc2a95df5659c2 9b2adcf4041227d7 ced9c56f2be86774 bee46c54461925d0 2810fb6f81d1711c b1dcaca98bb76736 b78189788d563693 f105a53e5cfae611 9a0f5ee4f845c9b2 01e5a6edcee7deb0 f2e30efbd27bee51 366a22fce0614fb8 c08c3765ac609cc0 74244a8703c03720 f44f74b3451aa593 42bb83d7c4b9ecae 27a12f29dceccdbd dea5e9227fbbac29 1ba7a50457e93996 781aaf62a955e4e8 4beacc71024f8b08 451e7ba901ad661d
99,98dbd15aa33ebc18 72403ecdfe02bba6 0647acc4602d4e8f b7d7d9ae1cbe0d8a 3734d3b0b9232538 4dba7ce835494a63 033d905aec273595 01e5a6edcee7deb0 6cb9ab508a0678a0 70776cdd9bb3b7d4 af41e2b6da3e7e02 f46601a9955f9949 97d696011258825c 26fc2a95df5659c2 b50b4e27b03c7b37 5c8c6d9a1fd4c1e0 0c2eeab1e4ce1db8 b1dcaca98bb76736 18b1d2d84c97a364 366a22fce0614fb8 e403278468d84383 061f3e1feeaa3094 f1a3b8b13e9401c0 0451447dd64f6284 451e7ba901ad661d 892074f7c1ef5d5e 74244a8703c03720 2cebd52b41930f0a ced9c56f2be86774 bee46c54461925d0
100,bbbd5d2fd957e8f7 95166957b2c38794 a2805ed52b47b8ec 6899956cd6c683f0 f705b637f624147e 0add47a043c64d7f 1d12acf7349196b0 486dd77002936dec b26d8664feb18c8c bfb8032f2183d471 172bc0ee09332ae9 bc2ae5f4e5d53e00 ae94d8435a6847f4 b2ee9eea2d974c90 2820628e65a062e2 0d0368139e9a647f 047769588be1aea9 d73a65673e3f1d78 63d95d5977c2fe98 f2b5098ac9c92da9 83f5a9732f0de67f a18df74d3a16e9c0 ddb3810e0289c148 cea18be9a89d7a81 22e8d6734e4121ae 3986b68500d7704b 7b81f1f2b6ec2e5f 26fc2a95df5659c2 fc21db75b354a917 e8ad5e31484ef889
101,047769588be1aea9 5b16bae6a0de7c88 190ab585fd379f0f f49e13a653cbdad2 39075e303166355e 7b81f1f2b6ec2e5f bfb8032f2183d471 4e966bb2768c2b8a 9a439fd1abf95245 702d8f1064ab3e30 005666aa098abe8e 95166957b2c38794 bbbd5d2fd957e8f7 d73a65673e3f1d78 43b3338423d7386c 9ab90dfc5c9b0b37 d3c4a7db726191e0 8d58da0e1800dc96 0683b6a78f54be75 0f33ce8d8014f308 c05f45f86d0771d5 486dd77002936dec 628accd9be98503c b3ad55963554f220 d5805cdb9e8f0f48 b26d8664feb18c8c 172bc0ee09332ae9 f105a53e5cfae611 bc2ae5f4e5d53e00 98dbd15aa33ebc18
102,1f423f368aebf7f3 70776cdd9bb3b7d4 d72363ddd958d906 66ccd03c9e03ac06 19b4014943e0ad92 c6b615b2589e036d 0647acc4602d4e8f 95d25d38ba7df9c7 5c4b7558c942a224 ae77487a89f2610c 033d905aec273595 061f3e1feeaa3094 3734d3b0b9232538 97d696011258825c 486dd77002936dec e9c20b67a4c5395f 2dd12c230ab22555 b26d8664feb18c8c 42bb83d7c4b9ecae bfb8032f2183d471 172bc0ee09332ae9 bc2ae5f4e5d53e00 ae94d8435a6847f4 72b80b099fd64ec4 b2ee9eea2d974c90 2820628e65a062e2 0d0368139e9a647f 95166957b2c38794 10ad13170242ecae 050544c040f46152
103,0647acc4602d4e8f 3734d3b0b9232538 702d8f1064ab3e30 f105a53e5cfae611 5b16bae6a0de7c88 6d80d2e62d01f6bc 047769588be1aea9 190ab585fd379f0f 70776cdd9bb3b7d4 7b81f1f2b6ec2e5f f49e13a653cbdad2 01e5a6edcee7deb0 d73a65673e3f1d78 033d905aec273595 4dba7ce835494a63 43b3338423d7386c 9ab90dfc5c9b0b37 061f3e1feeaa3094 8d58da0e1800dc96 97d696011258825c b3ad55963554f220 c08c3765ac609cc0 42bb83d7c4b9ecae d72363ddd958d906 66ccd03c9e03ac06 781aaf62a955e4e8 72403ecdfe02bba6 45630e1451157ff3 72b80b099fd64ec4 9a439fd1abf95245
104,1d12acf7349196b0 eff60ceea8817dad 976baf0e84752a68 da904d2a54ff8cf2 8a5635c748344d47 4d7653ea9499eed4 451e7ba901ad661d ffc688c4c1c2a068 6e239f4dd4b6aed7 e6a29676c096f8e8 4d29c6922b2d0d56 04886579947a80c2 453bc79164d57a01 5430097e23000368 83f8f2fc471cad74 d3c4a7db726191e0 4fe9e4e55585ba4b f9c6286cff30aaa8 7c98dedd223b36c0 db7342eff9200020 ff88049e61f0f4ef e25a1da6ca187350 c11b97f245a9dfd0 2b48ab08c915c0ad 59c231f8fd21260c 628accd9be98503c b8e2f75014710ced 29968e8fd13539f8 4d417b203b333363 204ec91c39d1479d
105,0e45c4c185f35df6 ce2fe99a7cda4a17 a853f13216170123 50ba507a268872e1 7155e5a86136eb02 0b774cf90856c4da ffc688c4c1c2a068 585f4ee09d8fea46 fc16a50ff0baec53 d16da1fb61813db9 7b81f1f2b6ec2e5f 3986b68500d7704b 5b4c879fc9c316fb b29ab87af6ea6310 128d583954b18074 36d33c41812ce7dc d64c06baf5ef1c90 1ba7a50457e93996 42bb83d7c4b9ecae e4a7a996ed6a5a81 4b8c7061102517ef 83b911ff0ff45844 fb8bd6b95eb4702a 172bc0ee09332ae9 06de3ca1148b088b e7828f0ea9749505 9f3d2ca16f358290 01e5a6edcee7deb0 0451447dd64f6284 c96049ed915ced0a
106,29968e8fd13539f8 c11b97f245a9dfd0 ca43e349133fc0e3 eff60ceea8817dad 83f8f2fc471cad74 bd713b37b67866c3 976baf0e84752a68 da904d2a54ff8cf2 8a5635c748344d47 4d7653ea9499eed4 0688c790d5806540 451e7ba901ad661d ffc688c4c1c2a068 6e239f4dd4b6aed7 4d29c6922b2d0d56 e6a29676c096f8e8 04886579947a80c2 453bc79164d57a01 5430097e23000368 d3c4a7db726191e0 5fb2d8e734956af0 4fe9e4e55585ba4b f9c6286cff30aaa8 7c98dedd223b36c0 db7342eff9200020 09bbaa171c20bae3 4f31209941bb05fc ff88049e61f0f4ef 942a7d26d81c841f e25a1da6ca187350
107,26fc2a95df5659c2 172bc0ee09332ae9 033d905aec273595 a18df74d3a16e9c0 3986b68500d7704b 486dd77002936dec 83f5a9732f0de67f b1dcaca98bb76736 b26d8664feb18c8c 366a22fce0614fb8 0a79fabc6f5d93c9 fc21db75b354a917 63d95d5977c2fe98 cba7e22bb383083a 451e7ba901ad661d 72403ecdfe02bba6 81bd116c786bf9ae 537a55eda51a3f60 74244a8703c03720 2820628e65a062e2 b2ee9eea2d974c90 2cebd52b41930f0a 0d0368139e9a647f ced9c56f2be86774 73f770f2643a2135 bee46c54461925d0 fab14d178b24a67f a492bd402afd5c71 45630e1451157ff3 52e459a551d4ac2d
108,a76ffccd2f5df1a7 d72363ddd958d906 3734d3b0b9232538 4dba7ce835494a63 66ccd03c9e03ac06 39075e303166355e 0451447dd64f6284 cba7e22bb383083a 37001ade0df85823 00d9f8d3f7d412b3 0647acc4602d4e8f 033d905aec273595 5057551fc55e9ed2 061f3e1feeaa3094 f2234bb7ce0c6f59 97d696011258825c a853f13216170123 52370bea1acd0600 7155e5a86136eb02 486dd77002936dec 0eedb1a0d3b8ddae 3b6d27775fce1c7b c606425856952286 acf5cb026b3c4551 b26d8664feb18c8c 42bb83d7c4b9ecae 172bc0ee09332ae9 bfb8032f2183d471 81b7c7e312bfa1a0 b0e254dd420faee3
109,0647acc4602d4e8f c08c3765ac609cc0 48cf88c17ff38c5e bee46c54461925d0 3734d3b0b9232538 01e5a6edcee7deb0 33856365c271aea4 033d905aec273595 4dba7ce835494a63 1f423f368aebf7f3 70776cdd9bb3b7d4 97d696011258825c f46601a9955f9949 6461a9faa871b3ac da7d3c2d591c4295 061f3e1feeaa3094 6aefb6531736648a a1314cd417504572 72403ecdfe02bba6 64267373570e4ea3 4a5ac473c9d176ba 26fc2a95df5659c2 d0f6c00eec5eb973 ced9c56f2be86774 65d44c6393907290 a677c3a76055a6d2 5867d40811c0229f 622f2e4119882c94 b1dcaca98bb76736 74873b42602d8958
110,72c2a95813ea72bd 37001ade0df85823 7155e5a86136eb02 c606425856952286 a76ffccd2f5df1a7 b0e254dd420faee3 8699cc5dd4159b69 5057551fc55e9ed2 0f4c71d341e2d939 d72363ddd958d906 4dba7ce835494a63 fab14d178b24a67f 07f22a7ad7e4711d 8bf446c0455e3c5c 3b6d27775fce1c7b 9cf6709de35bf0f3 061f3e1feeaa3094 c05f45f86d0771d5 10ad13170242ecae 39075e303166355e c36c2dce0e6e434f 8e0cc5199a0ee659 42a5cae2a3a45557 57113c2a4cacd961 f76f44d372517a9a 60a070db9f1869b5 fc16a50ff0baec53 b6cdb608f640e038 7d83ffe83f61bdc4 a18df74d3a16e9c0
111,190ab585fd379f0f 2b48ab08c915c0ad 0220a434aa8bf029 66ccd03c9e03ac06 39075e303166355e 0db6584e3bdfa1c4 0647acc4602d4e8f 033d905aec273595 b3ad55963554f220 061f3e1feeaa3094 3734d3b0b9232538 97d696011258825c 520ec719078be07c 9cf6709de35bf0f3 486dd77002936dec 09bbaa171c20bae3 b26d8664feb18c8c 42bb83d7c4b9ecae bfb8032f2183d471 172bc0ee09332ae9 3a6e7894dde31c67 d72363ddd958d906 70ebf53ced736fa4 bc2ae5f4e5d53e00 942a7d26d81c841f ae94d8435a6847f4 72b80b099fd64ec4 2820628e65a062e2 b2ee9eea2d974c90 0d0368139e9a647f
112,01e5a6edcee7deb0 0647acc4602d4e8f 7155e5a86136eb02 74244a8703c03720 3734d3b0b9232538 bed3e73d52011f68 172bc0ee09332ae9 0e45c4c185f35df6 4dba7ce835494a63 033d905aec273595 6cb9ab508a0678a0 70776cdd9bb3b7d4 ffc688c4c1c2a068 97d696011258825c a853f13216170123 6a3919ad9ed8197e 18b1d2d84c97a364 5b4c879fc9c316fb 522bd6887960c25d 061f3e1feeaa3094 e9c20b67a4c5395f fb8bd6b95eb4702a 8f578001f9d5f543 a0566ca9daca7778 72403ecdfe02bba6 6e12311169bcb24c 26fc2a95df5659c2 0079f3c74309b582 ced9c56f2be86774 70ebf53ced736fa4
113,7155e5a86136eb02 a76ffccd2f5df1a7 d72363ddd958d906 01e5a6edcee7deb0 4dba7ce835494a63 37001ade0df85823 0e45c4c185f35df6 0647acc4602d4e8f c606425856952286 1f423f368aebf7f3 ffc688c4c1c2a068 97d696011258825c b0e254dd420faee3 f46601a9955f9949 6461a9faa871b3ac da7d3c2d591c4295 5057551fc55e9ed2 061f3e1feeaa3094 bee46c54461925d0 e9c20b67a4c5395f 33856365c271aea4 3734d3b0b9232538 6aefb6531736648a a1314cd417504572 48cf88c17ff38c5e 64267373570e4ea3 c08c3765ac609cc0 4a5ac473c9d176ba d0f6c00eec5eb973 a677c3a76055a6d2
114,01e5a6edcee7deb0 7155e5a86136eb02 74244a8703c03720 04fda7c9d8971ec0 bed3e73d52011f68 172bc0ee09332ae9 0e45c4c185f35df6 6cb9ab508a0678a0 ffc688c4c1c2a068 a853f13216170123 6a3919ad9ed8197e 18b1d2d84c97a364 5b4c879fc9c316fb 522bd6887960c25d e9c20b67a4c5395f fb8bd6b95eb4702a 8f578001f9d5f543 a0566ca9daca7778 72403ecdfe02bba6 6e12311169bcb24c 26fc2a95df5659c2 0079f3c74309b582 ced9c56f2be86774 70ebf53ced736fa4 bee46c54461925d0 4b8c7061102517ef 03ed286136d7b3cf e228204ae08d1355 b1dcaca98bb76736 ca4de5b8a7bda9df
115,0451447dd64f6284 050544c040f46152 70776cdd9bb3b7d4 0897dcfae16e280f 45630e1451157ff3 f105a53e5cfae611 0647acc4602d4e8f 3734d3b0b9232538 1a05ef8c93af8eed 395b26d91f98bd92 781aaf62a955e4e8 d92c0298f76ccf77 5b16bae6a0de7c88 01e5a6edcee7deb0 4dba7ce835494a63 033d905aec273595 005666aa098abe8e 061f3e1feeaa3094 b50b4e27b03c7b37 4577ae048ef1967d f705b637f624147e 97d696011258825c bfb8032f2183d471 4d9214c0925e5af8 cea18be9a89d7a81 0fbd0f422e926816 7b81f1f2b6ec2e5f d3c4a7db726191e0 c08c3765ac609cc0 42bb83d7c4b9ecae
116,7155e5a86136eb02 013030fd7d29bf3d 37001ade0df85823 e740c80fce094788 0e45c4c185f35df6 197fa50b30d91fe8 28403e62105b00f6 c606425856952286 72b80b099fd64ec4 ffc688c4c1c2a068 ced9c56f2be86774 b749972436ac9791 0c2eeab1e4ce1db8 a76ffccd2f5df1a7 b0e254dd420faee3 01e5a6edcee7deb0 c143c095983a65c2 5057551fc55e9ed2 db0e648651f4c92b d72363ddd958d906 e9c20b67a4c5395f 4dba7ce835494a63 a982b5c3aed39396 00ff646ca6637bd7 4b8c7061102517ef 9269d2b0d877352d 3b6d27775fce1c7b 172bc0ee09332ae9 ca43e349133fc0e3 39075e303166355e
117,047769588be1aea9 5b16bae6a0de7c88 190ab585fd379f0f f49e13a653cbdad2 d73a65673e3f1d78 702d8f1064ab3e30 bbbd5d2fd957e8f7 7b81f1f2b6ec2e5f 9a439fd1abf95245 39075e303166355e 43b3338423d7386c 9ab90dfc5c9b0b37 8d58da0e1800dc96 95166957b2c38794 b3ad55963554f220 f105a53e5cfae611 62431fd374eb99fb 005666aa098abe8e 0db6584e3bdfa1c4 6d80d2e62d01f6bc d3c4a7db726191e0 6899956cd6c683f0 d5805cdb9e8f0f48 f705b637f624147e a2805ed52b47b8ec 0683b6a78f54be75 c05f45f86d0771d5 0add47a043c64d7f 9269d2b0d877352d bd713b37b67866c3
118,01e5a6edcee7deb0 52e459a551d4ac2d 0647acc4602d4e8f 7155e5a86136eb02 b6cdb608f640e038 3734d3b0b9232538 172bc0ee09332ae9 0e45c4c185f35df6 033d905aec273595 4dba7ce835494a63 20db73cf07a45f71 70776cdd9bb3b7d4 ffc688c4c1c2a068 97d696011258825c a853f13216170123 680bb5c5c3bb6ee1 b0e254dd420faee3 061f3e1feeaa3094 e9c20b67a4c5395f 72403ecdfe02bba6 e4a7a996ed6a5a81 26fc2a95df5659c2 ced9c56f2be86774 70ebf53ced736fa4 bee46c54461925d0 72c2a95813ea72bd 4b8c7061102517ef 5867d40811c0229f b1dcaca98bb76736 19e8f436d4b2fc25
119,ae77487a89f2610c 8b7c486a910dd004 22dc81380cf4baec 96445bec1579ec97 2dd12c230ab22555 70776cdd9bb3b7d4 f44f74b3451aa593 7ee52d2519eea367 a65e30106ea50423 765c0695339c3abe d72363ddd958d906 095bb1b6ecbd0a50 00e1e2eb13f650e4 95d25d38ba7df9c7 ebfda3b48083e390 8dc313a2cf9da354 e9c20b67a4c5395f 8f578001f9d5f543 20db73cf07a45f71 19b4014943e0ad92 a9dad59c7055b56c 5048a37f10cf2d91 ee3ed9a3f51336cd 059bbdbdb843af6a 48a76e3aff69d605 4c3802a1bd3c842e b84b6c0b2e4d0306 5989fb934598c1a7 680bb5c5c3bb6ee1 52370bea1acd0600
120,97d696011258825c 00d9f8d3f7d412b3 7ee52d2519eea367 095bb1b6ecbd0a50 765c0695339c3abe 8dc313a2cf9da354 00e1e2eb13f650e4 20db73cf07a45f71 2dd12c230ab22555 5048a37f10cf2d91 8f578001f9d5f543 4c3802a1bd3c842e 5989fb934598c1a7 059bbdbdb843af6a f44f74b3451aa593 0772e3ab293a1f30 128d583954b18074 9a0f5ee4f845c9b2 52370bea1acd0600 4d7653ea9499eed4 0bcaac840d5e66d7 c28bc62802b90f82 47fbe21f5c35c7b4 3986b68500d7704b 3fa57d488e979d74 ff88049e61f0f4ef e0269da736ddf004 bd713b37b67866c3 2a06f5614060e3b6 702d8f1064ab3e30
121,19b4014943e0ad92 bf3ccaba4a3450a8 42bb83d7c4b9ecae 10ad13170242ecae b6e646c13d0753ae 1f423f368aebf7f3 0647acc4602d4e8f 6e12311169bcb24c 97d696011258825c 5b4c879fc9c316fb 65d44c6393907290 2e2904c5373734ae 061f3e1feeaa3094 3734d3b0b9232538 ffa9091747ae2466 01e5a6edcee7deb0 622f2e4119882c94 36d33c41812ce7dc 5867d40811c0229f 33856365c271aea4 033d905aec273595 4dba7ce835494a63 0451447dd64f6284 c96049ed915ced0a d72363ddd958d906 66ccd03c9e03ac06 2e44fbb8bc3d8d71 fc16a50ff0baec53 9a439fd1abf95245 74244a8703c03720
122,7b81f1f2b6ec2e5f 01e5a6edcee7deb0 00d9f8d3f7d412b3 70776cdd9bb3b7d4 0647acc4602d4e8f 1ba7a50457e93996 7155e5a86136eb02 0451447dd64f6284 42bb83d7c4b9ecae b6cdb608f640e038 3734d3b0b9232538 3b4a85bac6ead3c8 3986b68500d7704b 050544c040f46152 172bc0ee09332ae9 52e459a551d4ac2d 0e45c4c185f35df6 e4a7a996ed6a5a81 4dba7ce835494a63 033d905aec273595 3b6d27775fce1c7b 0b774cf90856c4da bb7515be835dea49 ffc688c4c1c2a068 97d696011258825c a853f13216170123 fc8971756f9ec194 b9d966ad9e04127a 8700059e85433b32 95d25d38ba7df9c7
123,0a49074a4158155b d216e5458ad70e60 f25bfcffedaccf28 6aac5e116b75aa22 ae94d8435a6847f4 999a52f1d301247c dac29ed8400b50cc 2359719a0f40ffac db69d4cbfef8d22f b69ce8b8154645f8 2810fb6f81d1711c cc0c9419f8a20603 b8e2f75014710ced 0220a434aa8bf029 b0b5e62a93a2c37c 83b911ff0ff45844 28a2067685cb3e97 455fde214d16d350 4d7653ea9499eed4 aa0789b403bcd839 7f29daa16b9b4cda b3e75fdca5ca2f1a 01ecc81f6341e902 c11b97f245a9dfd0 eff60ceea8817dad 4d417b203b333363 96e82fa141db9a4b 64c2e323906b42d3 1d12acf7349196b0 bd713b37b67866c3
124,c03b11a0cdc3fa39 10ad13170242ecae 42bb83d7c4b9ecae 36d33c41812ce7dc fc16a50ff0baec53 0079f3c74309b582 19b4014943e0ad92 1f423f368aebf7f3 0647acc4602d4e8f 97d696011258825c f28fb3d9880c5d4c abf90e759d208468 40583079f57235a6 538c7bb968b2154c 5b4c879fc9c316fb 64907c4568244eb4 65d44c6393907290 6a9aa1bd93e36e66 061f3e1feeaa3094 33856365c271aea4 033d905aec273595 4dba7ce835494a63 0451447dd64f6284 3734d3b0b9232538 055d895a3b26e466 01e5a6edcee7deb0 0eb4de784c8dd679 74244a8703c03720 5867d40811c0229f 1dc7139adba034ec
125,6aac5e116b75aa22 ae94d8435a6847f4 d216e5458ad70e60 0a49074a4158155b 29968e8fd13539f8 dac29ed8400b50cc c11b97f245a9dfd0 ca43e349133fc0e3 b69ce8b8154645f8 2359719a0f40ffac bd713b37b67866c3 cc0c9419f8a20603 4f31209941bb05fc 2810fb6f81d1711c f25bfcffedaccf28 7f29daa16b9b4cda 64c2e323906b42d3 0688c790d5806540 a60934e6b473097a 999a52f1d301247c 28a2067685cb3e97 65708d542bd01f39 db69d4cbfef8d22f 0220a434aa8bf029 64b31699d7d15934 0eedb1a0d3b8ddae 09bbaa171c20bae3 a84cd36608cb8665 6aefb6531736648a 455fde214d16d350
126,047769588be1aea9 5b16bae6a0de7c88 190ab585fd379f0f f49e13a653cbdad2 922e625fae98b3b9 9a439fd1abf95245 39075e303166355e 702d8f1064ab3e30 005666aa098abe8e 6461a9faa871b3ac 6d80d2e62d01f6bc 7b81f1f2b6ec2e5f d73a65673e3f1d78 43b3338423d7386c 0647acc4602d4e8f 9ab90dfc5c9b0b37 061f3e1feeaa3094 8d58da0e1800dc96 3734d3b0b9232538 97d696011258825c 0683b6a78f54be75 c05f45f86d0771d5 b3ad55963554f220 42bb83d7c4b9ecae d72363ddd958d906 f105a53e5cfae611 66ccd03c9e03ac06 72b80b099fd64ec4 10ad13170242ecae 62431fd374eb99fb
127,70776cdd9bb3b7d4 01e5a6edcee7deb0 95d25d38ba7df9c7 d72363ddd958d906 e9c20b67a4c5395f 0647acc4602d4e8f 7155e5a86136eb02 42bb83d7c4b9ecae 3734d3b0b9232538 3b4a85bac6ead3c8 19b4014943e0ad92 050544c040f46152 172bc0ee09332ae9 0e45c4c185f35df6 033d905aec273595 4dba7ce835494a63 bb7515be835dea49 ffc688c4c1c2a068 97d696011258825c a853f13216170123 fc8971756f9ec194 ae77487a89f2610c b9d966ad9e04127a 061f3e1feeaa3094 39f6296778264878 72403ecdfe02bba6 26fc2a95df5659c2 9b2adcf4041227d7 ced9c56f2be86774 70ebf53ced736fa4
128,64c2e323906b42d3 c08c3765ac609cc0 48cf88c17ff38c5e bee46c54461925d0 33856365c271aea4 f46601a9955f9949 6461a9faa871b3ac da7d3c2d591c4295 6aefb6531736648a a1314cd417504572 72403ecdfe02bba6 64267373570e4ea3 4a5ac473c9d176ba 26fc2a95df5659c2 d0f6c00eec5eb973 ced9c56f2be86774 65d44c6393907290 a677c3a76055a6d2 622f2e4119882c94 b1dcaca98bb76736 74873b42602d8958 f105a53e5cfae611 00d9eb862ba3dfc6 9a0f5ee4f845c9b2 a860b682add9de1c 01e5a6edcee7deb0 366a22fce0614fb8 74244a8703c03720 22756be6fd061d4c 1ba7a50457e93996
129,74244a8703c03720 a853f13216170123 bed3e73d52011f68 3734d3b0b9232538 6cb9ab508a0678a0 6a3919ad9ed8197e 18b1d2d84c97a364 5b4c879fc9c316fb 522bd6887960c25d acf5cb026b3c4551 fb8bd6b95eb4702a 8f578001f9d5f543 01ecc81f6341e902 a0566ca9daca7778 c5830f9d0f1e29e5 72403ecdfe02bba6 cba7e22bb383083a 6e12311169bcb24c 52370bea1acd0600 26fc2a95df5659c2 0079f3c74309b582 ced9c56f2be86774 bee46c54461925d0 e228204ae08d1355 03ed286136d7b3cf b1dcaca98bb76736 e9c20b67a4c5395f 0eedb1a0d3b8ddae 0451447dd64f6284 ca4de5b8a7bda9df
130,83b911ff0ff45844 06de3ca1148b088b ce2fe99a7cda4a17 4483bbdd3241f11a f25bfcffedaccf28 999a52f1d301247c b0b5e62a93a2c37c 50ba507a268872e1 1f423f368aebf7f3 4d7653ea9499eed4 aa0789b403bcd839 0a49074a4158155b b3e75fdca5ca2f1a 585f4ee09d8fea46 eff60ceea8817dad 4d417b203b333363 d16da1fb61813db9 1d12acf7349196b0 bd713b37b67866c3 81b7c7e312bfa1a0 9c9ebf71707d7a37 a853f13216170123 74ae9af23a383bf5 83f5a9732f0de67f b8e2f75014710ced b1dcaca98bb76736 b29ab87af6ea6310 238ec735a13a3f09 5fb2d8e734956af0 5430097e23000368
131,1f423f368aebf7f3 65d44c6393907290 42bb83d7c4b9ecae 33856365c271aea4 10ad13170242ecae 19b4014943e0ad92 0647acc4602d4e8f c6b615b2589e036d 97d696011258825c f46601a9955f9949 6461a9faa871b3ac da7d3c2d591c4295 5b4c879fc9c316fb 5c4b7558c942a224 061f3e1feeaa3094 bee46c54461925d0 3734d3b0b9232538 6aefb6531736648a a1314cd417504572 01e5a6edcee7deb0 48cf88c17ff38c5e c08c3765ac609cc0 64267373570e4ea3 36d33c41812ce7dc 4a5ac473c9d176ba d0f6c00eec5eb973 a677c3a76055a6d2 5867d40811c0229f 622f2e4119882c94 74873b42602d8958
132,f25bfcffedaccf28 0a49074a4158155b b3e75fdca5ca2f1a d216e5458ad70e60 6aac5e116b75aa22 2359719a0f40ffac db69d4cbfef8d22f b8e2f75014710ced 999a52f1d301247c 0220a434aa8bf029 b0b5e62a93a2c37c c6b615b2589e036d 83b911ff0ff45844 28a2067685cb3e97 455fde214d16d350 4d7653ea9499eed4 aa0789b403bcd839 01ecc81f6341e902 eff60ceea8817dad 4d417b203b333363 96e82fa141db9a4b 64c2e323906b42d3 1d12acf7349196b0 bd713b37b67866c3 a60934e6b473097a ae94d8435a6847f4 dac29ed8400b50cc 29968e8fd13539f8 fd57e641d06ebda7 6aefb6531736648a
133,3986b68500d7704b 0451447dd64f6284 00d9f8d3f7d412b3 7b81f1f2b6ec2e5f 66ccd03c9e03ac06 e4a7a996ed6a5a81 0b774cf90856c4da 6e239f4dd4b6aed7 0647acc4602d4e8f 033d905aec273595 061f3e1feeaa3094 3734d3b0b9232538 128d583954b18074 97d696011258825c 1ba7a50457e93996 486dd77002936dec 781aaf62a955e4e8 fb8bd6b95eb4702a 9f3d2ca16f358290 b26d8664feb18c8c 42bb83d7c4b9ecae bfb8032f2183d471 172bc0ee09332ae9 d72363ddd958d906 c1f2e3a76d388944 bc2ae5f4e5d53e00 ae94d8435a6847f4 e403278468d84383 72b80b099fd64ec4 2820628e65a062e2
134,f25bfcffedaccf28 0a49074a4158155b d216e5458ad70e60 6aac5e116b75aa22 2359719a0f40ffac db69d4cbfef8d22f 155600e5f1221f8c 855f2f0354e102c7 520ec719078be07c b8e2f75014710ced b1dcaca98bb76736 999a52f1d301247c a52df8083c238c46 0220a434aa8bf029 b0b5e62a93a2c37c b760ebc5f25788d3 83b911ff0ff45844 e5fb8dc5c9cb4a19 e36475c1af5ea3ab 28a2067685cb3e97 455fde214d16d350 4d7653ea9499eed4 49224aca40e6e5e3 43b3338423d7386c aa0789b403bcd839 106204cd0e07e1b2 b3e75fdca5ca2f1a 01ecc81f6341e902 eff60ceea8817dad 4d417b203b333363
135,3986b68500d7704b ffc688c4c1c2a068 00d9f8d3f7d412b3 cea18be9a89d7a81 0451447dd64f6284 4483bbdd3241f11a 7155e5a86136eb02 83b911ff0ff45844 976baf0e84752a68 74873b42602d8958 0b774cf90856c4da 7b81f1f2b6ec2e5f 451e7ba901ad661d e6a29676c096f8e8 4d29c6922b2d0d56 453bc79164d57a01 1f423f368aebf7f3 eff60ceea8817dad 0e45c4c185f35df6 128d583954b18074 d3c4a7db726191e0 1ba7a50457e93996 4fe9e4e55585ba4b e4a7a996ed6a5a81 4b8c7061102517ef 9c9ebf71707d7a37 7c98dedd223b36c0 db7342eff9200020 fb8bd6b95eb4702a 172bc0ee09332ae9
136,6204e398d8c7f888 52370bea1acd0600 65d44c6393907290 4105533fe46dfba9 b0e254dd420faee3 9fda36f260eec24e 447fc00f40d71d08 5d26da95786b3a3a 6a9aa1bd93e36e66 33856365c271aea4 acf5cb026b3c4551 8df3f13d6af34cb3 72c2a95813ea72bd 01ecc81f6341e902 c5830f9d0f1e29e5 a853f13216170123 cba7e22bb383083a e9c20b67a4c5395f 0eedb1a0d3b8ddae 0451447dd64f6284 81b7c7e312bfa1a0 8dedff0a79784abc 07d688f5e2142b87 3734d3b0b9232538 2e44fbb8bc3d8d71 5dd752753760ced8 47fbe21f5c35c7b4 ec4ef2f727e7a03f f2234bb7ce0c6f59 edc79e57b20e9036
137,42bb83d7c4b9ecae 0647acc4602d4e8f 033d905aec273595 3734d3b0b9232538 10ad13170242ecae 1f423f368aebf7f3 172bc0ee09332ae9 66ccd03c9e03ac06 26fc2a95df5659c2 74244a8703c03720 70776cdd9bb3b7d4 01e5a6edcee7deb0 19b4014943e0ad92 c03b11a0cdc3fa39 4dba7ce835494a63 33856365c271aea4 5b4c879fc9c316fb 061f3e1feeaa3094 97d696011258825c 81bd116c786bf9ae 36d33c41812ce7dc 486dd77002936dec c08c3765ac609cc0 65d44c6393907290 c96049ed915ced0a b26d8664feb18c8c bfb8032f2183d471 d72363ddd958d906 bc2ae5f4e5d53e00 2e44fbb8bc3d8d71
138,46b99f864d6a075a 5547f9f1638ac345 8abe670908f12614 2e031d83339759b2 24c47959ea77b15b 7ee52d2519eea367 095bb1b6ecbd0a50 765c0695339c3abe 8dc313a2cf9da354 00e1e2eb13f650e4 20db73cf07a45f71 2dd12c230ab22555 5048a37f10cf2d91 8f578001f9d5f543 4c3802a1bd3c842e 5989fb934598c1a7 059bbdbdb843af6a f44f74b3451aa593 0772e3ab293a1f30 128d583954b18074 fd30682593995748 47fbe21f5c35c7b4 52370bea1acd0600 4d7653ea9499eed4 9a0f5ee4f845c9b2 0bcaac840d5e66d7 c28bc62802b90f82 702d8f1064ab3e30 3986b68500d7704b 3fa57d488e979d74
139,190ab585fd379f0f 2b48ab08c915c0ad 0220a434aa8bf029 66ccd03c9e03ac06 39075e303166355e 0db6584e3bdfa1c4 0647acc4602d4e8f 033d905aec273595 b3ad55963554f220 061f3e1feeaa3094 3734d3b0b9232538 97d696011258825c 520ec719078be07c 9cf6709de35bf0f3 486dd77002936dec 09bbaa171c20bae3 b26d8664feb18c8c 42bb83d7c4b9ecae bfb8032f2183d471 172bc0ee09332ae9 3a6e7894dde31c67 d72363ddd958d906 70ebf53ced736fa4 bc2ae5f4e5d53e00 942a7d26d81c841f ae94d8435a6847f4 72b80b099fd64ec4 2820628e65a062e2 b2ee9eea2d974c90 0d0368139e9a647f
140,4dba7ce835494a63 0647acc4602d4e8f 3734d3b0b9232538 9a0f5ee4f845c9b2 01e5a6edcee7deb0 120e745e2961b5d5 033d905aec273595 7d83ffe83f61bdc4 cc2cc23a98c14c33 70776cdd9bb3b7d4 97d696011258825c a18df74d3a16e9c0 7eec211cc37a1b05 bc27d5dc9bab1c18 061f3e1feeaa3094 72403ecdfe02bba6 26fc2a95df5659c2 ced9c56f2be86774 bee46c54461925d0 5867d40811c0229f 148ac4a56a18844d b1dcaca98bb76736 f105a53e5cfae611 366a22fce0614fb8 0451447dd64f6284 c08c3765ac609cc0 74244a8703c03720 42bb83d7c4b9ecae d72363ddd958d906 66ccd03c9e03ac06
141,b0e254dd420faee3 65d44c6393907290 33856365c271aea4 37001ade0df85823 7155e5a86136eb02 c606425856952286 a76ffccd2f5df1a7 f46601a9955f9949 6461a9faa871b3ac da7d3c2d591c4295 6a9aa1bd93e36e66 5057551fc55e9ed2 bee46c54461925d0 d72363ddd958d906 4dba7ce835494a63 6aefb6531736648a a1314cd417504572 48cf88c17ff38c5e 64267373570e4ea3 c08c3765ac609cc0 4a5ac473c9d176ba d0f6c00eec5eb973 a677c3a76055a6d2 622f2e4119882c94 74873b42602d8958 3b6d27775fce1c7b 00d9eb862ba3dfc6 64c2e323906b42d3 a860b682add9de1c 39075e303166355e
142,72b80b099fd64ec4 a76ffccd2f5df1a7 d72363ddd958d906 4dba7ce835494a63 37001ade0df85823 e740c80fce094788 197fa50b30d91fe8 0647acc4602d4e8f 7155e5a86136eb02 28403e62105b00f6 c606425856952286 ced9c56f2be86774 b749972436ac9791 97d696011258825c b0e254dd420faee3 c143c095983a65c2 5057551fc55e9ed2 db0e648651f4c92b 061f3e1feeaa3094 3734d3b0b9232538 a982b5c3aed39396 01e5a6edcee7deb0 00ff646ca6637bd7 5867d40811c0229f 9269d2b0d877352d 3b6d27775fce1c7b ca43e349133fc0e3 033d905aec273595 0451447dd64f6284 39075e303166355e
143,a860b682add9de1c f46601a9955f9949 6461a9faa871b3ac da7d3c2d591c4295 edc79e57b20e9036 acf5cb026b3c4551 bee46c54461925d0 33856365c271aea4 01ecc81f6341e902 6aefb6531736648a a1314cd417504572 c5830f9d0f1e29e5 a853f13216170123 48cf88c17ff38c5e cba7e22bb383083a 64267373570e4ea3 c08c3765ac609cc0 52370bea1acd0600 4a5ac473c9d176ba d0f6c00eec5eb973 65d44c6393907290 a677c3a76055a6d2 622f2e4119882c94 74873b42602d8958 e9c20b67a4c5395f 0eedb1a0d3b8ddae 0451447dd64f6284 64c2e323906b42d3 00d9eb862ba3dfc6 22756be6fd061d4c
144,f25bfcffedaccf28 0a49074a4158155b b3e75fdca5ca2f1a d216e5458ad70e60 6aac5e116b75aa22 2359719a0f40ffac db69d4cbfef8d22f b8e2f75014710ced 999a52f1d301247c 0220a434aa8bf029 b0b5e62a93a2c37c c6b615b2589e036d 83b911ff0ff45844 28a2067685cb3e97 455fde214d16d350 4d7653ea9499eed4 aa0789b403bcd839 01ecc81f6341e902 eff60ceea8817dad 4d417b203b333363 96e82fa141db9a4b 64c2e323906b42d3 1d12acf7349196b0 bd713b37b67866c3 a60934e6b473097a ae94d8435a6847f4 dac29ed8400b50cc 29968e8fd13539f8 fd57e641d06ebda7 6aefb6531736648a
145,0451447dd64f6284 b0e254dd420faee3 050544c040f46152 b50b4e27b03c7b37 d92c0298f76ccf77 70776cdd9bb3b7d4 765c0695339c3abe 7155e5a86136eb02 65d44c6393907290 70ebf53ced736fa4 4577ae048ef1967d 0897dcfae16e280f 447fc00f40d71d08 172bc0ee09332ae9 ce8cb4351b8c0f6e 01e5a6edcee7deb0 33856365c271aea4 853e36b1550c6274 4dba7ce835494a63 98dbd15aa33ebc18 7ee52d2519eea367 ffc688c4c1c2a068 a853f13216170123 a76ffccd2f5df1a7 4f31209941bb05fc 892074f7c1ef5d5e 095bb1b6ecbd0a50 37001ade0df85823 ffa9091747ae2466 5057551fc55e9ed2
146,54f55c74d37db3c0 81b7c7e312bfa1a0 c5830f9d0f1e29e5 47fbe21f5c35c7b4 a853f13216170123 37001ade0df85823 7155e5a86136eb02 c606425856952286 fd57e641d06ebda7 cba7e22bb383083a 0eedb1a0d3b8ddae 52370bea1acd0600 a76ffccd2f5df1a7 00d9f8d3f7d412b3 4dba7ce835494a63 b0e254dd420faee3 acf5cb026b3c4551 ec4ef2f727e7a03f 5057551fc55e9ed2 d6bbbd6c4968075a 01b3da54ffb158a0 0451447dd64f6284 d72363ddd958d906 39075e303166355e 855f2f0354e102c7 8dedff0a79784abc d6ed7e4b14c51296 01ecc81f6341e902 e461837f0fb35048 54a11cbcd7a32af4
147,a76ffccd2f5df1a7 d72363ddd958d906 c5830f9d0f1e29e5 4dba7ce835494a63 bc2552a642ce8497 37001ade0df85823 0647acc4602d4e8f 7155e5a86136eb02 c606425856952286 b9d966ad9e04127a 97d696011258825c 90ecb28f2edb9d43 b0e254dd420faee3 7c9248ed6224aa26 377c1150c781e37a 5057551fc55e9ed2 061f3e1feeaa3094 3734d3b0b9232538 01e5a6edcee7deb0 5867d40811c0229f b0bfe0f426275870 3b6d27775fce1c7b 033d905aec273595 0451447dd64f6284 39075e303166355e feddfcf56818968e eab15ee21e126f6a 42bb83d7c4b9ecae 765c0695339c3abe 8e0cc5199a0ee659
148,0220a434aa8bf029 db69d4cbfef8d22f 6aac5e116b75aa22 005666aa098abe8e 0fbd0f422e926816 d216e5458ad70e60 0a49074a4158155b 0451447dd64f6284 01e5a6edcee7deb0 2359719a0f40ffac 70ebf53ced736fa4 f25bfcffedaccf28 a18df74d3a16e9c0 7155e5a86136eb02 395b26d91f98bd92 ffc688c4c1c2a068 5b16bae6a0de7c88 64c2e323906b42d3 0897dcfae16e280f a60934e6b473097a ae94d8435a6847f4 e878efab7c37179e 0647acc4602d4e8f 28a2067685cb3e97 061f3e1feeaa3094 f105a53e5cfae611 3734d3b0b9232538 f705b637f624147e 0e45c4c185f35df6 97d696011258825c
149,f6d23cdd2359f7c0 2810fb6f81d1711c 58654e3143c6550b 0220a434aa8bf029 27bc34b9887bec0d 73f770f2643a2135 65708d542bd01f39 8e0760918e88e4a9 d63b7f083330247f a65e30106ea50423 a84cd36608cb8665 455fde214d16d350 29968e8fd13539f8 8d58da0e1800dc96 0cd920bad11c716d 70ebf53ced736fa4 6aac5e116b75aa22 0a49074a4158155b 96e82fa141db9a4b f25bfcffedaccf28 2359719a0f40ffac dac29ed8400b50cc a18df74d3a16e9c0 d216e5458ad70e60 f05fa5f57dc03e81 f48d0fbea7dc2782 005666aa098abe8e fd57e641d06ebda7 4e966bb2768c2b8a c015590d6a6fe833
150,37001ade0df85823 5057551fc55e9ed2 a76ffccd2f5df1a7 b0e254dd420faee3 354d7a327bbcc152 7155e5a86136eb02 c606425856952286 419b5dc40744fb9b 77e2f7da1f9d3a8f 7eec211cc37a1b05 9b0e8cf8153e3b33 6406fcdb7d87b5dc e740c80fce094788 d72363ddd958d906 4dba7ce835494a63 52e459a551d4ac2d 404031ab9d5977c4 3b6d27775fce1c7b 4577ae048ef1967d 39075e303166355e 8e0cc5199a0ee659 9c9ebf71707d7a37 b6cdb608f640e038 7d83ffe83f61bdc4 a18df74d3a16e9c0 a1314cd417504572 9a0f5ee4f845c9b2 bee46c54461925d0 6461a9faa871b3ac 20d283a232dfd13c
151,f25bfcffedaccf28 0a49074a4158155b db69d4cbfef8d22f b8e2f75014710ced d216e5458ad70e60 6aac5e116b75aa22 2359719a0f40ffac 29968e8fd13539f8 4d7653ea9499eed4 ff88049e61f0f4ef 455fde214d16d350 ffc688c4c1c2a068 5430097e23000368 e5fb8dc5c9cb4a19 96e82fa141db9a4b eff60ceea8817dad 0cd920bad11c716d 0220a434aa8bf029 dac29ed8400b50cc 28a2067685cb3e97 a84cd36608cb8665 fd57e641d06ebda7 155600e5f1221f8c 8d58da0e1800dc96 628accd9be98503c 64c2e323906b42d3 520ec719078be07c a60934e6b473097a 04886579947a80c2 f48d0fbea7dc2782
152,249bf372159f33e9 63d509cd2a2e0e47 522bd6887960c25d 9100ea6cd0e084bf 5a1149fbcbd37376 5989fb934598c1a7 a1314cd417504572 8b7c486a910dd004 47fbe21f5c35c7b4 4d7653ea9499eed4 9a0f5ee4f845c9b2 0bcaac840d5e66d7 c28bc62802b90f82 702d8f1064ab3e30 3986b68500d7704b 3fa57d488e979d74 ff88049e61f0f4ef e0269da736ddf004 bd713b37b67866c3 fd30682593995748 2a06f5614060e3b6 39f6296778264878 52370bea1acd0600 0708923badf2ff5d 734dabb98795c35c 942a7d26d81c841f bd0f175ee98c613e ae94d8435a6847f4 b6d0f83aad4e4dc7 b24820ae14e16a24
153,db69d4cbfef8d22f 6aac5e116b75aa22 d216e5458ad70e60 0a49074a4158155b 0cd920bad11c716d 01e5a6edcee7deb0 2359719a0f40ffac 190ab585fd379f0f f25bfcffedaccf28 39075e303166355e 7155e5a86136eb02 ffc688c4c1c2a068 0db6584e3bdfa1c4 64c2e323906b42d3 a60934e6b473097a ae94d8435a6847f4 0647acc4602d4e8f 28a2067685cb3e97 b3ad55963554f220 061f3e1feeaa3094 0220a434aa8bf029 3734d3b0b9232538 0e45c4c185f35df6 97d696011258825c 520ec719078be07c 9cf6709de35bf0f3 0eedb1a0d3b8ddae 4b8c7061102517ef 2b48ab08c915c0ad 3ca7964973437917
154,ffc688c4c1c2a068 628accd9be98503c e9c20b67a4c5395f 451e7ba901ad661d 172bc0ee09332ae9 01e5a6edcee7deb0 7155e5a86136eb02 976baf0e84752a68 a853f13216170123 e6a29676c096f8e8 4d29c6922b2d0d56 453bc79164d57a01 eff60ceea8817dad 0e45c4c185f35df6 d3c4a7db726191e0 70ebf53ced736fa4 4fe9e4e55585ba4b 4b8c7061102517ef 7c98dedd223b36c0 db7342eff9200020 c08c3765ac609cc0 2b48ab08c915c0ad 781aaf62a955e4e8 0fbd0f422e926816 72403ecdfe02bba6 45630e1451157ff3 4d417b203b333363 db69d4cbfef8d22f 0b0021aa60d05daa fab14d178b24a67f
155,fc8971756f9ec194 42bb83d7c4b9ecae 3b4a85bac6ead3c8 d257d1fbcf43abd5 bb7515be835dea49 70776cdd9bb3b7d4 413c55a5ab86881a 5f94b027039f4e48 b9d966ad9e04127a 95d25d38ba7df9c7 39f6296778264878 72403ecdfe02bba6 26fc2a95df5659c2 8fc68213b63951dc 9b2adcf4041227d7 40583079f57235a6 ced9c56f2be86774 bee46c54461925d0 2810fb6f81d1711c b1dcaca98bb76736 0fbd0f422e926816 9f4e0d572b1f4e6c b78189788d563693 f105a53e5cfae611 9a0f5ee4f845c9b2 01e5a6edcee7deb0 f2e30efbd27bee51 366a22fce0614fb8 c08c3765ac609cc0 74244a8703c03720
156,a76ffccd2f5df1a7 d72363ddd958d906 4dba7ce835494a63 37001ade0df85823 0647acc4602d4e8f 7155e5a86136eb02 c606425856952286 1f423f368aebf7f3 97d696011258825c b0e254dd420faee3 f46601a9955f9949 6461a9faa871b3ac da7d3c2d591c4295 5057551fc55e9ed2 061f3e1feeaa3094 bee46c54461925d0 33856365c271aea4 3734d3b0b9232538 6aefb6531736648a a1314cd417504572 01e5a6edcee7deb0 48cf88c17ff38c5e c08c3765ac609cc0 64267373570e4ea3 4a5ac473c9d176ba d0f6c00eec5eb973 a677c3a76055a6d2 65d44c6393907290 5867d40811c0229f 622f2e4119882c94
157,22dc81380cf4baec d46598813fb437e5 765c0695339c3abe 2dd12c230ab22555 8dc313a2cf9da354 7ee52d2519eea367 20db73cf07a45f71 095bb1b6ecbd0a50 ae77487a89f2610c 00e1e2eb13f650e4 5048a37f10cf2d91 9100ea6cd0e084bf 8f578001f9d5f543 4c3802a1bd3c842e d72363ddd958d906 5989fb934598c1a7 4f2fffd7528de786 059bbdbdb843af6a f44f74b3451aa593 70776cdd9bb3b7d4 a9eef13786610446 63d509cd2a2e0e47 0772e3ab293a1f30 522bd6887960c25d 09660f466b38b7ba 128d583954b18074 95d25d38ba7df9c7 249bf372159f33e9 4c0eee2c1a5e76e2 2b48ab08c915c0ad
158,9b2adcf4041227d7 3b4a85bac6ead3c8 bb7515be835dea49 70776cdd9bb3b7d4 fc8971756f9ec194 b9d966ad9e04127a 95d25d38ba7df9c7 39f6296778264878 72403ecdfe02bba6 26fc2a95df5659c2 ced9c56f2be86774 bee46c54461925d0 2810fb6f81d1711c b1dcaca98bb76736 b78189788d563693 f105a53e5cfae611 9a0f5ee4f845c9b2 01e5a6edcee7deb0 f2e30efbd27bee51 366a22fce0614fb8 c08c3765ac609cc0 74244a8703c03720 f44f74b3451aa593 42bb83d7c4b9ecae 27a12f29dceccdbd dea5e9227fbbac29 1ba7a50457e93996 781aaf62a955e4e8 4beacc71024f8b08 451e7ba901ad661d
159,fab14d178b24a67f 4dba7ce835494a63 37001ade0df85823 7155e5a86136eb02 c606425856952286 a76ffccd2f5df1a7 b0e254dd420faee3 8699cc5dd4159b69 5057551fc55e9ed2 0f4c71d341e2d939 d72363ddd958d906 72403ecdfe02bba6 26fc2a95df5659c2 ced9c56f2be86774 bee46c54461925d0 07f22a7ad7e4711d b1dcaca98bb76736 8bf446c0455e3c5c 3b6d27775fce1c7b 9cf6709de35bf0f3 061f3e1feeaa3094 f105a53e5cfae611 c05f45f86d0771d5 9a0f5ee4f845c9b2 01e5a6edcee7deb0 10ad13170242ecae 366a22fce0614fb8 39075e303166355e c08c3765ac609cc0 74244a8703c03720
160,7b81f1f2b6ec2e5f cea18be9a89d7a81 00d9f8d3f7d412b3 3986b68500d7704b 0451447dd64f6284 387e9cd2e5d4ea7d 66ccd03c9e03ac06 e4a7a996ed6a5a81 74873b42602d8958 3b6d27775fce1c7b 0b774cf90856c4da b6cdb608f640e038 0647acc4602d4e8f 033d905aec273595 061f3e1feeaa3094 3734d3b0b9232538 128d583954b18074 97d696011258825c 1ba7a50457e93996 486dd77002936dec 2e44fbb8bc3d8d71 fb8bd6b95eb4702a 9f3d2ca16f358290 b26d8664feb18c8c 42bb83d7c4b9ecae bfb8032f2183d471 172bc0ee09332ae9 d72363ddd958d906 bc2ae5f4e5d53e00 c810ac016901e8ac
161,7b81f1f2b6ec2e5f 00d9f8d3f7d412b3 10ad13170242ecae 0b774cf90856c4da 0451447dd64f6284 3986b68500d7704b 42bb83d7c4b9ecae 36d33c41812ce7dc 2e44fbb8bc3d8d71 fc16a50ff0baec53 b6cdb608f640e038 0079f3c74309b582 19b4014943e0ad92 b78189788d563693 1f423f368aebf7f3 e4a7a996ed6a5a81 0647acc4602d4e8f 3b6d27775fce1c7b 97d696011258825c f28fb3d9880c5d4c abf90e759d208468 128d583954b18074 40583079f57235a6 1ba7a50457e93996 538c7bb968b2154c 5b4c879fc9c316fb 52e459a551d4ac2d 64907c4568244eb4 65d44c6393907290 6a9aa1bd93e36e66
162,f29eee8054c061e1 8566d15270eb5e83 7155e5a86136eb02 a52df8083c238c46 413c55a5ab86881a e0269da736ddf004 ffc688c4c1c2a068 b8e2f75014710ced 0db6584e3bdfa1c4 5fb2d8e734956af0 0e45c4c185f35df6 0eedb1a0d3b8ddae e36475c1af5ea3ab 4b8c7061102517ef 172bc0ee09332ae9 01e5a6edcee7deb0 e9c20b67a4c5395f 453bc79164d57a01 0fbd0f422e926816 eff60ceea8817dad e1460af4a7044067 db69d4cbfef8d22f 7f29daa16b9b4cda 40583079f57235a6 a853f13216170123 b1e47da7659b675c 70ebf53ced736fa4 7c8324ce28ffb96e 3986b68500d7704b 702d8f1064ab3e30
163,7155e5a86136eb02 4483bbdd3241f11a ce8cb4351b8c0f6e 37001ade0df85823 c606425856952286 a9223c28b10c131f a76ffccd2f5df1a7 05e4165a56bf50eb 8dedff0a79784abc b0e254dd420faee3 c5830f9d0f1e29e5 5057551fc55e9ed2 52370bea1acd0600 0688c790d5806540 d72363ddd958d906 4dba7ce835494a63 285657fcdf89f00d 3b6d27775fce1c7b 39075e303166355e 387e9cd2e5d4ea7d 8e0cc5199a0ee659 e878efab7c37179e 26f72a4eb15ea8c0 828f5dfbbf1272ee b6cdb608f640e038 7d83ffe83f61bdc4 a18df74d3a16e9c0 a1314cd417504572 9a0f5ee4f845c9b2 bee46c54461925d0
164,f29eee8054c061e1 8566d15270eb5e83 a52df8083c238c46 e0269da736ddf004 b8e2f75014710ced 5fb2d8e734956af0 0eedb1a0d3b8ddae e36475c1af5ea3ab 453bc79164d57a01 eff60ceea8817dad e1460af4a7044067 7f29daa16b9b4cda 40583079f57235a6 b1e47da7659b675c 0db6584e3bdfa1c4 0220a434aa8bf029 70ebf53ced736fa4 0bcaac840d5e66d7 9a0f5ee4f845c9b2 c28bc62802b90f82 702d8f1064ab3e30 3fa57d488e979d74 ff88049e61f0f4ef bd713b37b67866c3 fd30682593995748 39f6296778264878 3986b68500d7704b bd0f175ee98c613e ae94d8435a6847f4 b6d0f83aad4e4dc7
165,01e5a6edcee7deb0 3734d3b0b9232538 e9c20b67a4c5395f 7155e5a86136eb02 a853f13216170123 0451447dd64f6284 0e45c4c185f35df6 0647acc4602d4e8f 1f423f368aebf7f3 ffc688c4c1c2a068 97d696011258825c f46601a9955f9949 6461a9faa871b3ac da7d3c2d591c4295 00d9f8d3f7d412b3 edc79e57b20e9036 061f3e1feeaa3094 acf5cb026b3c4551 bee46c54461925d0 33856365c271aea4 01ecc81f6341e902 6aefb6531736648a a1314cd417504572 c5830f9d0f1e29e5 48cf88c17ff38c5e cba7e22bb383083a 64267373570e4ea3 c08c3765ac609cc0 52370bea1acd0600 4a5ac473c9d176ba
166,0647acc4602d4e8f 3734d3b0b9232538 033d905aec273595 4dba7ce835494a63 01e5a6edcee7deb0 70776cdd9bb3b7d4 97d696011258825c 26fc2a95df5659c2 b1dcaca98bb76736 366a22fce0614fb8 061f3e1feeaa3094 0451447dd64f6284 451e7ba901ad661d 72403ecdfe02bba6 74244a8703c03720 2cebd52b41930f0a ced9c56f2be86774 bee46c54461925d0 fab14d178b24a67f 5867d40811c0229f 45630e1451157ff3 19b4014943e0ad92 52e459a551d4ac2d 0b0021aa60d05daa f105a53e5cfae611 1a05ef8c93af8eed 9a0f5ee4f845c9b2 c08c3765ac609cc0 33856365c271aea4 42bb83d7c4b9ecae
167,5b16bae6a0de7c88 005666aa098abe8e 047769588be1aea9 190ab585fd379f0f f49e13a653cbdad2 7b81f1f2b6ec2e5f f105a53e5cfae611 0fbd0f422e926816 9a439fd1abf95245 39075e303166355e 702d8f1064ab3e30 d3c4a7db726191e0 7155e5a86136eb02 395b26d91f98bd92 ffc688c4c1c2a068 0897dcfae16e280f d73a65673e3f1d78 43b3338423d7386c 9ab90dfc5c9b0b37 8d58da0e1800dc96 f705b637f624147e 0e45c4c185f35df6 bfb8032f2183d471 0683b6a78f54be75 d5805cdb9e8f0f48 c05f45f86d0771d5 4d9214c0925e5af8 45630e1451157ff3 4b8c7061102517ef cea18be9a89d7a81
168,1ba7a50457e93996 120e745e2961b5d5 f54ad8d1eb18212e 2394b08708475900 e7cad3748e50b0f8 204ec91c39d1479d 898a4921ab9f4cce 64907c4568244eb4 50cb6a6c60ad711a 77e2f7da1f9d3a8f ffc688c4c1c2a068 72403ecdfe02bba6 97d696011258825c 26fc2a95df5659c2 22e8d6734e4121ae ced9c56f2be86774 bee46c54461925d0 b1dcaca98bb76736 f105a53e5cfae611 9a0f5ee4f845c9b2 01e5a6edcee7deb0 366a22fce0614fb8 d257d1fbcf43abd5 c08c3765ac609cc0 74244a8703c03720 781aaf62a955e4e8 cb3e4ce97e7f2881 451e7ba901ad661d 52e459a551d4ac2d 45630e1451157ff3
169,c05f45f86d0771d5 061f3e1feeaa3094 a76ffccd2f5df1a7 d72363ddd958d906 4dba7ce835494a63 10ad13170242ecae 37001ade0df85823 0647acc4602d4e8f 7155e5a86136eb02 c606425856952286 97d696011258825c b0e254dd420faee3 8699cc5dd4159b69 5057551fc55e9ed2 0f4c71d341e2d939 3734d3b0b9232538 fab14d178b24a67f 01e5a6edcee7deb0 07f22a7ad7e4711d 5867d40811c0229f 8bf446c0455e3c5c 3b6d27775fce1c7b 9cf6709de35bf0f3 033d905aec273595 0451447dd64f6284 39075e303166355e 42bb83d7c4b9ecae c36c2dce0e6e434f 8e0cc5199a0ee659 66ccd03c9e03ac06
170,bfb8032f2183d471 172bc0ee09332ae9 4e966bb2768c2b8a 7155e5a86136eb02 ffc688c4c1c2a068 0e45c4c185f35df6 0f33ce8d8014f308 486dd77002936dec 4b8c7061102517ef 628accd9be98503c 01e5a6edcee7deb0 b26d8664feb18c8c e9c20b67a4c5395f bc2ae5f4e5d53e00 98dbd15aa33ebc18 0fbd0f422e926816 ae94d8435a6847f4 6aac5e116b75aa22 b2ee9eea2d974c90 2820628e65a062e2 0d0368139e9a647f 95166957b2c38794 92f42fbd0c38f7fd db69d4cbfef8d22f 63d95d5977c2fe98 de8e1345e8c305c4 f2b5098ac9c92da9 83f5a9732f0de67f a18df74d3a16e9c0 ddb3810e0289c148
171,354d7a327bbcc152 a76ffccd2f5df1a7 37001ade0df85823 5057551fc55e9ed2 b0e254dd420faee3 d72363ddd958d906 4dba7ce835494a63 6cb9ab508a0678a0 0647acc4602d4e8f 7155e5a86136eb02 c606425856952286 97d696011258825c b50b4e27b03c7b37 419b5dc40744fb9b 77e2f7da1f9d3a8f 72403ecdfe02bba6 7eec211cc37a1b05 9b0e8cf8153e3b33 e403278468d84383 061f3e1feeaa3094 6406fcdb7d87b5dc e740c80fce094788 f1a3b8b13e9401c0 3734d3b0b9232538 892074f7c1ef5d5e 01e5a6edcee7deb0 52e459a551d4ac2d 5867d40811c0229f 404031ab9d5977c4 3b6d27775fce1c7b
172,a853f13216170123 01e5a6edcee7deb0 3734d3b0b9232538 0647acc4602d4e8f 00d9f8d3f7d412b3 81b7c7e312bfa1a0 e9c20b67a4c5395f 7155e5a86136eb02 0451447dd64f6284 c5830f9d0f1e29e5 033d905aec273595 4dba7ce835494a63 47fbe21f5c35c7b4 172bc0ee09332ae9 70776cdd9bb3b7d4 10ad13170242ecae 0e45c4c185f35df6 fd57e641d06ebda7 cba7e22bb383083a 0eedb1a0d3b8ddae ffc688c4c1c2a068 97d696011258825c 52370bea1acd0600 26fc2a95df5659c2 acf5cb026b3c4551 ec4ef2f727e7a03f b1dcaca98bb76736 d6bbbd6c4968075a 366a22fce0614fb8 01b3da54ffb158a0
173,0683b6a78f54be75 74244a8703c03720 bed3e73d52011f68 6cb9ab508a0678a0 6a3919ad9ed8197e 18b1d2d84c97a364 5b4c879fc9c316fb 522bd6887960c25d fb8bd6b95eb4702a 8f578001f9d5f543 a0566ca9daca7778 72403ecdfe02bba6 6e12311169bcb24c 26fc2a95df5659c2 0079f3c74309b582 ced9c56f2be86774 bee46c54461925d0 e228204ae08d1355 03ed286136d7b3cf b1dcaca98bb76736 ca4de5b8a7bda9df f105a53e5cfae611 9a0f5ee4f845c9b2 01e5a6edcee7deb0 366a22fce0614fb8 c08c3765ac609cc0 1ba7a50457e93996 781aaf62a955e4e8 451e7ba901ad661d 892074f7c1ef5d5e
174,74244a8703c03720 bed3e73d52011f68 6cb9ab508a0678a0 6a3919ad9ed8197e 18b1d2d84c97a364 5b4c879fc9c316fb 522bd6887960c25d fb8bd6b95eb4702a 8f578001f9d5f543 a0566ca9daca7778 72403ecdfe02bba6 6e12311169bcb24c 26fc2a95df5659c2 0079f3c74309b582 ced9c56f2be86774 bee46c54461925d0 e228204ae08d1355 03ed286136d7b3cf b1dcaca98bb76736 ca4de5b8a7bda9df f105a53e5cfae611 9a0f5ee4f845c9b2 01e5a6edcee7deb0 366a22fce0614fb8 c08c3765ac609cc0 1ba7a50457e93996 0683b6a78f54be75 781aaf62a955e4e8 451e7ba901ad661d 892074f7c1ef5d5e
175,172bc0ee09332ae9 01e5a6edcee7deb0 66ccd03c9e03ac06 7155e5a86136eb02 ffc688c4c1c2a068 0647acc4602d4e8f 033d905aec273595 061f3e1feeaa3094 3734d3b0b9232538 0e45c4c185f35df6 97d696011258825c 486dd77002936dec 4b8c7061102517ef b26d8664feb18c8c 42bb83d7c4b9ecae bfb8032f2183d471 d72363ddd958d906 e9c20b67a4c5395f bc2ae5f4e5d53e00 0fbd0f422e926816 ae94d8435a6847f4 72b80b099fd64ec4 2820628e65a062e2 b2ee9eea2d974c90 0d0368139e9a647f 95166957b2c38794 10ad13170242ecae 050544c040f46152 db69d4cbfef8d22f 63d95d5977c2fe98
176,ee3ed9a3f51336cd 6ae470a7c9ec20fd 4535ce2e3dced00f 9fbffc521da97c54 047769588be1aea9 e0269da736ddf004 ff88049e61f0f4ef 3fa57d488e979d74 bd713b37b67866c3 3986b68500d7704b 47fbe21f5c35c7b4 702d8f1064ab3e30 fd30682593995748 c28bc62802b90f82 0bcaac840d5e66d7 9a0f5ee4f845c9b2 4d7653ea9499eed4 2a06f5614060e3b6 52370bea1acd0600 39f6296778264878 0708923badf2ff5d 734dabb98795c35c 942a7d26d81c841f bd0f175ee98c613e ae94d8435a6847f4 b6d0f83aad4e4dc7 b24820ae14e16a24 622f2e4119882c94 bbbd5d2fd957e8f7 af8e70f978cd5aee
177,6cb9ab508a0678a0 18b1d2d84c97a364 72403ecdfe02bba6 892074f7c1ef5d5e 28403e62105b00f6 74244a8703c03720 bed3e73d52011f68 b50b4e27b03c7b37 6a3919ad9ed8197e 5b4c879fc9c316fb 522bd6887960c25d e403278468d84383 f1a3b8b13e9401c0 fb8bd6b95eb4702a 8f578001f9d5f543 a0566ca9daca7778 6e12311169bcb24c 26fc2a95df5659c2 0079f3c74309b582 ced9c56f2be86774 bee46c54461925d0 03ed286136d7b3cf e228204ae08d1355 b1dcaca98bb76736 ca4de5b8a7bda9df f105a53e5cfae611 9a0f5ee4f845c9b2 a860b682add9de1c 01e5a6edcee7deb0 366a22fce0614fb8
178,00d9f8d3f7d412b3 66ccd03c9e03ac06 6e239f4dd4b6aed7 0647acc4602d4e8f 033d905aec273595 061f3e1feeaa3094 3734d3b0b9232538 97d696011258825c 486dd77002936dec 781aaf62a955e4e8 b26d8664feb18c8c 42bb83d7c4b9ecae 172bc0ee09332ae9 bfb8032f2183d471 d72363ddd958d906 bc2ae5f4e5d53e00 ae94d8435a6847f4 72b80b099fd64ec4 2820628e65a062e2 b2ee9eea2d974c90 0d0368139e9a647f 95166957b2c38794 10ad13170242ecae 050544c040f46152 63d95d5977c2fe98 5867d40811c0229f 70776cdd9bb3b7d4 f2b5098ac9c92da9 a18df74d3a16e9c0 83f5a9732f0de67f
179,4dba7ce835494a63 72403ecdfe02bba6 a76ffccd2f5df1a7 0647acc4602d4e8f d72363ddd958d906 c08c3765ac609cc0 a860b682add9de1c 48cf88c17ff38c5e bee46c54461925d0 3734d3b0b9232538 01e5a6edcee7deb0 6cb9ab508a0678a0 33856365c271aea4 37001ade0df85823 033d905aec273595 7155e5a86136eb02 c606425856952286 1f423f368aebf7f3 70776cdd9bb3b7d4 97d696011258825c b50b4e27b03c7b37 b0e254dd420faee3 f46601a9955f9949 6461a9faa871b3ac da7d3c2d591c4295 5057551fc55e9ed2 e403278468d84383 061f3e1feeaa3094 f1a3b8b13e9401c0 6aefb6531736648a
180,acf5cb026b3c4551 ba5199dba342af68 0cd920bad11c716d 37001ade0df85823 00d9f8d3f7d412b3 7155e5a86136eb02 c606425856952286 a76ffccd2f5df1a7 b0e254dd420faee3 5057551fc55e9ed2 d72363ddd958d906 4dba7ce835494a63 01ecc81f6341e902 c5830f9d0f1e29e5 a853f13216170123 cba7e22bb383083a 52370bea1acd0600 e9c20b67a4c5395f 0eedb1a0d3b8ddae 3b6d27775fce1c7b 0451447dd64f6284 39075e303166355e 81b7c7e312bfa1a0 8dedff0a79784abc 8e0cc5199a0ee659 07d688f5e2142b87 3734d3b0b9232538 2e44fbb8bc3d8d71 5dd752753760ced8 47fbe21f5c35c7b4
181,f1a3b8b13e9401c0 3b4a85bac6ead3c8 bb7515be835dea49 70776cdd9bb3b7d4 fc8971756f9ec194 b9d966ad9e04127a 95d25d38ba7df9c7 39f6296778264878 72403ecdfe02bba6 26fc2a95df5659c2 9b2adcf4041227d7 ced9c56f2be86774 bee46c54461925d0 2810fb6f81d1711c b1dcaca98bb76736 b78189788d563693 f105a53e5cfae611 9a0f5ee4f845c9b2 01e5a6edcee7deb0 f2e30efbd27bee51 366a22fce0614fb8 c08c3765ac609cc0 74244a8703c03720 f44f74b3451aa593 42bb83d7c4b9ecae 27a12f29dceccdbd dea5e9227fbbac29 1ba7a50457e93996 781aaf62a955e4e8 4beacc71024f8b08
182,172bc0ee09332ae9 01e5a6edcee7deb0 66ccd03c9e03ac06 7155e5a86136eb02 ffc688c4c1c2a068 0647acc4602d4e8f 033d905aec273595 061f3e1feeaa3094 3734d3b0b9232538 0e45c4c185f35df6 97d696011258825c 486dd77002936dec 4b8c7061102517ef b26d8664feb18c8c 42bb83d7c4b9ecae bfb8032f2183d471 d72363ddd958d906 e9c20b67a4c5395f bc2ae5f4e5d53e00 0fbd0f422e926816 ae94d8435a6847f4 72b80b099fd64ec4 2820628e65a062e2 b2ee9eea2d974c90 0d0368139e9a647f 95166957b2c38794 10ad13170242ecae 050544c040f46152 db69d4cbfef8d22f 63d95d5977c2fe98
183,047769588be1aea9 5b16bae6a0de7c88 190ab585fd379f0f f49e13a653cbdad2 bbbd5d2fd957e8f7 d73a65673e3f1d78 922e625fae98b3b9 9a439fd1abf95245 39075e303166355e 702d8f1064ab3e30 005666aa098abe8e 6461a9faa871b3ac 95166957b2c38794 7b81f1f2b6ec2e5f 43b3338423d7386c 9ab90dfc5c9b0b37 6899956cd6c683f0 8d58da0e1800dc96 f705b637f624147e a2805ed52b47b8ec 0683b6a78f54be75 c05f45f86d0771d5 0add47a043c64d7f b3ad55963554f220 f105a53e5cfae611 62431fd374eb99fb 0db6584e3bdfa1c4 6d80d2e62d01f6bc 9269d2b0d877352d d3c4a7db726191e0
184,83b911ff0ff45844 ffc688c4c1c2a068 06de3ca1148b088b ce2fe99a7cda4a17 f25bfcffedaccf28 628accd9be98503c 999a52f1d301247c b0b5e62a93a2c37c 50ba507a268872e1 4d7653ea9499eed4 aa0789b403bcd839 0a49074a4158155b b3e75fdca5ca2f1a 585f4ee09d8fea46 eff60ceea8817dad 4d417b203b333363 d16da1fb61813db9 1d12acf7349196b0 bd713b37b67866c3 81b7c7e312bfa1a0 a853f13216170123 74ae9af23a383bf5 83f5a9732f0de67f b8e2f75014710ced b1dcaca98bb76736 e9c20b67a4c5395f b29ab87af6ea6310 238ec735a13a3f09 5fb2d8e734956af0 5430097e23000368
185,8a5635c748344d47 5879096a38d69fc5 ffc688c4c1c2a068 da904d2a54ff8cf2 4d7653ea9499eed4 628accd9be98503c af8e70f978cd5aee 6e239f4dd4b6aed7 04886579947a80c2 e9c20b67a4c5395f 5430097e23000368 f9c6286cff30aaa8 ff88049e61f0f4ef c11b97f245a9dfd0 e25a1da6ca187350 59c231f8fd21260c b8e2f75014710ced 29968e8fd13539f8 eff60ceea8817dad 238ec735a13a3f09 09660f466b38b7ba db69d4cbfef8d22f 83f8f2fc471cad74 5fb2d8e734956af0 3fa57d488e979d74 702d8f1064ab3e30 e0269da736ddf004 bd713b37b67866c3 fd30682593995748 2a06f5614060e3b6
186,172bc0ee09332ae9 01e5a6edcee7deb0 7155e5a86136eb02 26fc2a95df5659c2 ffc688c4c1c2a068 a853f13216170123 0e45c4c185f35df6 81bd116c786bf9ae 033d905aec273595 70ebf53ced736fa4 486dd77002936dec 4b8c7061102517ef c08c3765ac609cc0 b26d8664feb18c8c bfb8032f2183d471 e9c20b67a4c5395f bc2ae5f4e5d53e00 781aaf62a955e4e8 0fbd0f422e926816 ae94d8435a6847f4 72403ecdfe02bba6 45630e1451157ff3 2820628e65a062e2 b2ee9eea2d974c90 0d0368139e9a647f 95166957b2c38794 db69d4cbfef8d22f 0b0021aa60d05daa 63d95d5977c2fe98 fab14d178b24a67f
187,6cb9ab508a0678a0 18b1d2d84c97a364 72403ecdfe02bba6 892074f7c1ef5d5e 74244a8703c03720 bed3e73d52011f68 b50b4e27b03c7b37 6a3919ad9ed8197e 5b4c879fc9c316fb 522bd6887960c25d e403278468d84383 f1a3b8b13e9401c0 fb8bd6b95eb4702a 8f578001f9d5f543 a0566ca9daca7778 6e12311169bcb24c 26fc2a95df5659c2 0079f3c74309b582 ced9c56f2be86774 bee46c54461925d0 03ed286136d7b3cf e228204ae08d1355 b1dcaca98bb76736 ca4de5b8a7bda9df f105a53e5cfae611 9a0f5ee4f845c9b2 a860b682add9de1c 01e5a6edcee7deb0 366a22fce0614fb8 c08c3765ac609cc0
188,45630e1451157ff3 922e625fae98b3b9 f105a53e5cfae611 6461a9faa871b3ac 1a05ef8c93af8eed 395b26d91f98bd92 781aaf62a955e4e8 5b16bae6a0de7c88 0897dcfae16e280f 005666aa098abe8e f705b637f624147e bfb8032f2183d471 4d9214c0925e5af8 cea18be9a89d7a81 0451447dd64f6284 0fbd0f422e926816 7b81f1f2b6ec2e5f d3c4a7db726191e0 c08c3765ac609cc0 bc2ae5f4e5d53e00 72403ecdfe02bba6 cb3e4ce97e7f2881 c49d8f84a4f87f8a 0b0021aa60d05daa fab14d178b24a67f 0add47a043c64d7f 26fc2a95df5659c2 734dabb98795c35c e878efab7c37179e 8abe670908f12614
189,a853f13216170123 0451447dd64f6284 73391e0853c1e040 cea18be9a89d7a81 3986b68500d7704b 81b7c7e312bfa1a0 e9c20b67a4c5395f 7155e5a86136eb02 c5830f9d0f1e29e5 d257d1fbcf43abd5 47fbe21f5c35c7b4 0e45c4c185f35df6 74873b42602d8958 fd57e641d06ebda7 cba7e22bb383083a 0b774cf90856c4da 0eedb1a0d3b8ddae ffc688c4c1c2a068 52370bea1acd0600 128d583954b18074 00d9f8d3f7d412b3 413c55a5ab86881a acf5cb026b3c4551 1ba7a50457e93996 01e5a6edcee7deb0 7b81f1f2b6ec2e5f ec4ef2f727e7a03f d6bbbd6c4968075a 01b3da54ffb158a0 855f2f0354e102c7
190,72b80b099fd64ec4 a76ffccd2f5df1a7 d72363ddd958d906 4dba7ce835494a63 37001ade0df85823 e740c80fce094788 197fa50b30d91fe8 0647acc4602d4e8f 7155e5a86136eb02 28403e62105b00f6 c606425856952286 29bedd00fb2be056 ced9c56f2be86774 b749972436ac9791 97d696011258825c b0e254dd420faee3 c143c095983a65c2 5057551fc55e9ed2 db0e648651f4c92b 061f3e1feeaa3094 3734d3b0b9232538 a982b5c3aed39396 01e5a6edcee7deb0 00ff646ca6637bd7 5867d40811c0229f 9269d2b0d877352d 3b6d27775fce1c7b ca43e349133fc0e3 033d905aec273595 0451447dd64f6284
191,6aac5e116b75aa22 f25bfcffedaccf28 628accd9be98503c 4e966bb2768c2b8a d216e5458ad70e60 0a49074a4158155b 2359719a0f40ffac 976baf0e84752a68 64c2e323906b42d3 a60934e6b473097a ae94d8435a6847f4 451e7ba901ad661d 28a2067685cb3e97 ffc688c4c1c2a068 4d29c6922b2d0d56 e6a29676c096f8e8 453bc79164d57a01 db69d4cbfef8d22f eff60ceea8817dad 0220a434aa8bf029 d3c4a7db726191e0 0f33ce8d8014f308 4fe9e4e55585ba4b 0eedb1a0d3b8ddae db7342eff9200020 7c98dedd223b36c0 bfb8032f2183d471 a84cd36608cb8665 6aefb6531736648a 455fde214d16d350
192,047769588be1aea9 bbbd5d2fd957e8f7 5b16bae6a0de7c88 190ab585fd379f0f f49e13a653cbdad2 95166957b2c38794 39075e303166355e d73a65673e3f1d78 7b81f1f2b6ec2e5f 9a439fd1abf95245 702d8f1064ab3e30 a2805ed52b47b8ec 005666aa098abe8e 66ccd03c9e03ac06 6d80d2e62d01f6bc 43b3338423d7386c 0647acc4602d4e8f 9ab90dfc5c9b0b37 033d905aec273595 6899956cd6c683f0 061f3e1feeaa3094 d3c4a7db726191e0 8d58da0e1800dc96 3734d3b0b9232538 97d696011258825c f705b637f624147e 0683b6a78f54be75 c05f45f86d0771d5 0add47a043c64d7f 486dd77002936dec
193,29968e8fd13539f8 c11b97f245a9dfd0 ca43e349133fc0e3 eff60ceea8817dad 83f8f2fc471cad74 bd713b37b67866c3 976baf0e84752a68 da904d2a54ff8cf2 8a5635c748344d47 4d7653ea9499eed4 0688c790d5806540 451e7ba901ad661d ffc688c4c1c2a068 6e239f4dd4b6aed7 4d29c6922b2d0d56 e6a29676c096f8e8 04886579947a80c2 453bc79164d57a01 5430097e23000368 d3c4a7db726191e0 5fb2d8e734956af0 4fe9e4e55585ba4b f9c6286cff30aaa8 7c98dedd223b36c0 db7342eff9200020 09bbaa171c20bae3 4f31209941bb05fc ff88049e61f0f4ef 942a7d26d81c841f e25a1da6ca187350
194,ddb3810e0289c148 26fc2a95df5659c2 b1dcaca98bb76736 366a22fce0614fb8 451e7ba901ad661d 72403ecdfe02bba6 74244a8703c03720 2cebd52b41930f0a ced9c56f2be86774 bee46c54461925d0 fab14d178b24a67f 45630e1451157ff3 52e459a551d4ac2d 033d905aec273595 4dba7ce835494a63 0b0021aa60d05daa f105a53e5cfae611 1a05ef8c93af8eed 9a0f5ee4f845c9b2 01e5a6edcee7deb0 c08c3765ac609cc0 33856365c271aea4 1ba7a50457e93996 781aaf62a955e4e8 98dbd15aa33ebc18 28403e62105b00f6 70776cdd9bb3b7d4 0647acc4602d4e8f 9d5edf3b993fee50 8abe670908f12614
195,a76ffccd2f5df1a7 d72363ddd958d906 c5830f9d0f1e29e5 4dba7ce835494a63 bc2552a642ce8497 37001ade0df85823 0647acc4602d4e8f 7155e5a86136eb02 c606425856952286 b9d966ad9e04127a 97d696011258825c 00d9eb862ba3dfc6 90ecb28f2edb9d43 b0e254dd420faee3 7c9248ed6224aa26 377c1150c781e37a 5057551fc55e9ed2 061f3e1feeaa3094 3734d3b0b9232538 01e5a6edcee7deb0 5867d40811c0229f b0bfe0f426275870 3b6d27775fce1c7b 033d905aec273595 0451447dd64f6284 39075e303166355e feddfcf56818968e eab15ee21e126f6a 42bb83d7c4b9ecae 765c0695339c3abe
196,ffc688c4c1c2a068 7155e5a86136eb02 976baf0e84752a68 451e7ba901ad661d 4d29c6922b2d0d56 e6a29676c096f8e8 453bc79164d57a01 eff60ceea8817dad c1f2e3a76d388944 0e45c4c185f35df6 d3c4a7db726191e0 4fe9e4e55585ba4b 4b8c7061102517ef db7342eff9200020 7c98dedd223b36c0 172bc0ee09332ae9 01e5a6edcee7deb0 e9c20b67a4c5395f 2b48ab08c915c0ad 628accd9be98503c 0fbd0f422e926816 4d417b203b333363 db69d4cbfef8d22f 204ec91c39d1479d a853f13216170123 f25bfcffedaccf28 70ebf53ced736fa4 83f8f2fc471cad74 3986b68500d7704b 702d8f1064ab3e30
197,39075e303166355e 047769588be1aea9 5b16bae6a0de7c88 190ab585fd379f0f f49e13a653cbdad2 7b81f1f2b6ec2e5f 81b7c7e312bfa1a0 a492bd402afd5c71 9a439fd1abf95245 702d8f1064ab3e30 005666aa098abe8e b6e72edcad270be0 5989fb934598c1a7 95166957b2c38794 a76ffccd2f5df1a7 bbbd5d2fd957e8f7 d73a65673e3f1d78 285657fcdf89f00d d16da1fb61813db9 43b3338423d7386c 37001ade0df85823 9ab90dfc5c9b0b37 5057551fc55e9ed2 430feb4826a5632e d72363ddd958d906 d3c4a7db726191e0 8d58da0e1800dc96 0683b6a78f54be75 7155e5a86136eb02 c05f45f86d0771d5
198,6e1b6b53c9710940 7ee52d2519eea367 b69ce8b8154645f8 095bb1b6ecbd0a50 765c0695339c3abe 8dc313a2cf9da354 00e1e2eb13f650e4 20db73cf07a45f71 2dd12c230ab22555 5048a37f10cf2d91 8f578001f9d5f543 4c3802a1bd3c842e 5989fb934598c1a7 059bbdbdb843af6a f44f74b3451aa593 b7d7d9ae1cbe0d8a 0772e3ab293a1f30 128d583954b18074 892074f7c1ef5d5e 249bf372159f33e9 29bedd00fb2be056 4f915ad69e1dca36 428f9363fa35882d b6e72edcad270be0 26f72a4eb15ea8c0 9269d2b0d877352d c28bc62802b90f82 702d8f1064ab3e30 2a06f5614060e3b6 3fa57d488e979d74
199,39075e303166355e cba7e22bb383083a a76ffccd2f5df1a7 37001ade0df85823 5057551fc55e9ed2 f2234bb7ce0c6f59 d72363ddd958d906 a853f13216170123 52370bea1acd0600 7155e5a86136eb02 486dd77002936dec 0eedb1a0d3b8ddae 3b6d27775fce1c7b c606425856952286 acf5cb026b3c4551 b26d8664feb18c8c bfb8032f2183d471 172bc0ee09332ae9 81b7c7e312bfa1a0 b0e254dd420faee3 8e0cc5199a0ee659 4dba7ce835494a63 bc2ae5f4e5d53e00 ae94d8435a6847f4 01ecc81f6341e902 3734d3b0b9232538 c5830f9d0f1e29e5 2820628e65a062e2 b2ee9eea2d974c90 2e44fbb8bc3d8d71
200,ae94d8435a6847f4 6aac5e116b75aa22 64c2e323906b42d3 d216e5458ad70e60 0a49074a4158155b 2359719a0f40ffac 0220a434aa8bf029 66ccd03c9e03ac06 a18df74d3a16e9c0 f25bfcffedaccf28 4e966bb2768c2b8a f6d23cdd2359f7c0 a60934e6b473097a 0647acc4602d4e8f 28a2067685cb3e97 033d905aec273595 db69d4cbfef8d22f 061f3e1feeaa3094 3734d3b0b9232538 97d696011258825c 39075e303166355e e878efab7c37179e 0a79fabc6f5d93c9 486dd77002936dec 0eedb1a0d3b8ddae 3ca7964973437917 73f770f2643a2135 a84cd36608cb8665 6aefb6531736648a 455fde214d16d350
201,7155e5a86136eb02 ce8cb4351b8c0f6e 37001ade0df85823 0e45c4c185f35df6 c606425856952286 ffc688c4c1c2a068 a9223c28b10c131f a76ffccd2f5df1a7 05e4165a56bf50eb 8dedff0a79784abc b0e254dd420faee3 01e5a6edcee7deb0 c5830f9d0f1e29e5 5057551fc55e9ed2 52370bea1acd0600 0688c790d5806540 d72363ddd958d906 4dba7ce835494a63 e9c20b67a4c5395f 285657fcdf89f00d 4b8c7061102517ef 172bc0ee09332ae9 3b6d27775fce1c7b 39075e303166355e 387e9cd2e5d4ea7d 8e0cc5199a0ee659 e878efab7c37179e 0fbd0f422e926816 4483bbdd3241f11a 26f72a4eb15ea8c0
202,3b6d27775fce1c7b cea18be9a89d7a81 16b11706660177ff ce8cb4351b8c0f6e 4dba7ce835494a63 b6cdb608f640e038 52e459a551d4ac2d 7b81f1f2b6ec2e5f 37001ade0df85823 7155e5a86136eb02 c606425856952286 74873b42602d8958 a76ffccd2f5df1a7 26fc2a95df5659c2 b0e254dd420faee3 b1dcaca98bb76736 5057551fc55e9ed2 5f94b027039f4e48 366a22fce0614fb8 d72363ddd958d906 b6e72edcad270be0 39075e303166355e 451e7ba901ad661d 72403ecdfe02bba6 74244a8703c03720 2cebd52b41930f0a ced9c56f2be86774 bee46c54461925d0 fab14d178b24a67f 45630e1451157ff3
203,a76ffccd2f5df1a7 d72363ddd958d906 4dba7ce835494a63 37001ade0df85823 0647acc4602d4e8f 7155e5a86136eb02 c606425856952286 1f423f368aebf7f3 97d696011258825c b0e254dd420faee3 f46601a9955f9949 6461a9faa871b3ac da7d3c2d591c4295 5057551fc55e9ed2 061f3e1feeaa3094 bee46c54461925d0 33856365c271aea4 3734d3b0b9232538 6aefb6531736648a a1314cd417504572 01e5a6edcee7deb0 48cf88c17ff38c5e c08c3765ac609cc0 64267373570e4ea3 4a5ac473c9d176ba d0f6c00eec5eb973 a677c3a76055a6d2 65d44c6393907290 5867d40811c0229f 622f2e4119882c94
204,6a9aa1bd93e36e66 65d44c6393907290 33856365c271aea4 36d33c41812ce7dc fc16a50ff0baec53 10ad13170242ecae 0079f3c74309b582 07d688f5e2142b87 b0e254dd420faee3 f28fb3d9880c5d4c abf90e759d208468 40583079f57235a6 538c7bb968b2154c 5b4c879fc9c316fb 64907c4568244eb4 055d895a3b26e466 19b4014943e0ad92 0eb4de784c8dd679 42bb83d7c4b9ecae 74244a8703c03720 1dc7139adba034ec 5d26da95786b3a3a ac9ee0c09b538140 c03b11a0cdc3fa39 c96049ed915ced0a c28bc62802b90f82 2e44fbb8bc3d8d71 9a439fd1abf95245 9113e9dc940fb287 1f423f368aebf7f3
205,bfb8032f2183d471 4e966bb2768c2b8a 66ccd03c9e03ac06 0647acc4602d4e8f bc2552a642ce8497 033d905aec273595 1d72229ebcc00faf 061f3e1feeaa3094 3734d3b0b9232538 97d696011258825c 0f33ce8d8014f308 486dd77002936dec 628accd9be98503c b26d8664feb18c8c 42bb83d7c4b9ecae 172bc0ee09332ae9 d72363ddd958d906 bc2ae5f4e5d53e00 98dbd15aa33ebc18 ae94d8435a6847f4 6aac5e116b75aa22 72b80b099fd64ec4 2820628e65a062e2 b2ee9eea2d974c90 0d0368139e9a647f 95166957b2c38794 10ad13170242ecae 92f42fbd0c38f7fd 050544c040f46152 63d95d5977c2fe98
206,83b911ff0ff45844 ffc688c4c1c2a068 06de3ca1148b088b ce2fe99a7cda4a17 f25bfcffedaccf28 628accd9be98503c 999a52f1d301247c b0b5e62a93a2c37c 50ba507a268872e1 4d7653ea9499eed4 aa0789b403bcd839 0a49074a4158155b b3e75fdca5ca2f1a 585f4ee09d8fea46 eff60ceea8817dad 4d417b203b333363 d16da1fb61813db9 1d12acf7349196b0 bd713b37b67866c3 81b7c7e312bfa1a0 a853f13216170123 74ae9af23a383bf5 83f5a9732f0de67f b8e2f75014710ced b1dcaca98bb76736 e9c20b67a4c5395f b29ab87af6ea6310 238ec735a13a3f09 5fb2d8e734956af0 5430097e23000368
207,daa257a37227cd72 81b7c7e312bfa1a0 c5830f9d0f1e29e5 47fbe21f5c35c7b4 a853f13216170123 fd57e641d06ebda7 cba7e22bb383083a 0eedb1a0d3b8ddae 52370bea1acd0600 00d9f8d3f7d412b3 acf5cb026b3c4551 ec4ef2f727e7a03f d6bbbd6c4968075a 01b3da54ffb158a0 0451447dd64f6284 855f2f0354e102c7 8dedff0a79784abc d6ed7e4b14c51296 01ecc81f6341e902 e461837f0fb35048 54a11cbcd7a32af4 25a3b47fe31bc6b5 e9c20b67a4c5395f 5dd752753760ced8 7f29daa16b9b4cda 65254e0d209fd66e 54f55c74d37db3c0 7f95168400948588 fa173131f15f5534 ec1b3d7ccd3984d0
208,7b81f1f2b6ec2e5f 3986b68500d7704b 0451447dd64f6284 172bc0ee09332ae9 00d9f8d3f7d412b3 01e5a6edcee7deb0 1a05ef8c93af8eed 0647acc4602d4e8f 033d905aec273595 3734d3b0b9232538 1ba7a50457e93996 a492bd402afd5c71 387e9cd2e5d4ea7d 66ccd03c9e03ac06 e4a7a996ed6a5a81 7155e5a86136eb02 26fc2a95df5659c2 3b6d27775fce1c7b 0b774cf90856c4da 70776cdd9bb3b7d4 ffc688c4c1c2a068 a853f13216170123 b6cdb608f640e038 4dba7ce835494a63 061f3e1feeaa3094 0e45c4c185f35df6 128d583954b18074 97d696011258825c 52e459a551d4ac2d 81bd116c786bf9ae
209,4105533fe46dfba9 0451447dd64f6284 050544c040f46152 52370bea1acd0600 3734d3b0b9232538 70776cdd9bb3b7d4 6204e398d8c7f888 0647acc4602d4e8f d92c0298f76ccf77 9fda36f260eec24e 97d696011258825c 447fc00f40d71d08 b50b4e27b03c7b37 5d26da95786b3a3a 00d9f8d3f7d412b3 061f3e1feeaa3094 acf5cb026b3c4551 8df3f13d6af34cb3 72c2a95813ea72bd 01ecc81f6341e902 4577ae048ef1967d c5830f9d0f1e29e5 0897dcfae16e280f 01e5a6edcee7deb0 a853f13216170123 cba7e22bb383083a 5867d40811c0229f e9c20b67a4c5395f 0eedb1a0d3b8ddae 033d905aec273595
210,74244a8703c03720 bed3e73d52011f68 6cb9ab508a0678a0 6a3919ad9ed8197e 18b1d2d84c97a364 5b4c879fc9c316fb 522bd6887960c25d 1d72229ebcc00faf fb8bd6b95eb4702a 8f578001f9d5f543 a0566ca9daca7778 72403ecdfe02bba6 6e12311169bcb24c 26fc2a95df5659c2 0079f3c74309b582 ced9c56f2be86774 bee46c54461925d0 e228204ae08d1355 03ed286136d7b3cf b1dcaca98bb76736 ca4de5b8a7bda9df f105a53e5cfae611 9a0f5ee4f845c9b2 01e5a6edcee7deb0 366a22fce0614fb8 c08c3765ac609cc0 1ba7a50457e93996 0683b6a78f54be75 781aaf62a955e4e8 451e7ba901ad661d
211,005666aa098abe8e f25bfcffedaccf28 6aac5e116b75aa22 eff60ceea8817dad db69d4cbfef8d22f d216e5458ad70e60 29968e8fd13539f8 0a49074a4158155b 2359719a0f40ffac ff88049e61f0f4ef 39075e303166355e b8e2f75014710ced 976baf0e84752a68 047769588be1aea9 da904d2a54ff8cf2 64c2e323906b42d3 8a5635c748344d47 4d7653ea9499eed4 a60934e6b473097a ae94d8435a6847f4 451e7ba901ad661d 28a2067685cb3e97 ffc688c4c1c2a068 6e239f4dd4b6aed7 e6a29676c096f8e8 4d29c6922b2d0d56 04886579947a80c2 453bc79164d57a01 0220a434aa8bf029 5430097e23000368
212,5b16bae6a0de7c88 047769588be1aea9 005666aa098abe8e 190ab585fd379f0f f49e13a653cbdad2 7b81f1f2b6ec2e5f bbbd5d2fd957e8f7 f705b637f624147e d73a65673e3f1d78 f105a53e5cfae611 9a439fd1abf95245 0add47a043c64d7f 39075e303166355e 702d8f1064ab3e30 d3c4a7db726191e0 95166957b2c38794 395b26d91f98bd92 0897dcfae16e280f 43b3338423d7386c 9ab90dfc5c9b0b37 6899956cd6c683f0 8d58da0e1800dc96 bfb8032f2183d471 a2805ed52b47b8ec 0683b6a78f54be75 d5805cdb9e8f0f48 c05f45f86d0771d5 4d9214c0925e5af8 45630e1451157ff3 cea18be9a89d7a81
213,7b81f1f2b6ec2e5f 74873b42602d8958 c08c3765ac609cc0 cea18be9a89d7a81 1ba7a50457e93996 01e5a6edcee7deb0 7155e5a86136eb02 b6cdb608f640e038 48cf88c17ff38c5e bee46c54461925d0 33856365c271aea4 3986b68500d7704b 172bc0ee09332ae9 52e459a551d4ac2d 0e45c4c185f35df6 dc17b07476183764 3b6d27775fce1c7b 0b774cf90856c4da ffc688c4c1c2a068 a853f13216170123 f46601a9955f9949 6461a9faa871b3ac da7d3c2d591c4295 0451447dd64f6284 b6e72edcad270be0 e9c20b67a4c5395f 6aefb6531736648a a1314cd417504572 128d583954b18074 72403ecdfe02bba6
214,4d7653ea9499eed4 5430097e23000368 eff60ceea8817dad b8e2f75014710ced f25bfcffedaccf28 155600e5f1221f8c 520ec719078be07c 04886579947a80c2 8a5635c748344d47 b1dcaca98bb76736 999a52f1d301247c db69d4cbfef8d22f a52df8083c238c46 b0b5e62a93a2c37c b760ebc5f25788d3 f9c6286cff30aaa8 83b911ff0ff45844 6e239f4dd4b6aed7 e36475c1af5ea3ab 49224aca40e6e5e3 43b3338423d7386c aa0789b403bcd839 106204cd0e07e1b2 5fb2d8e734956af0 0a49074a4158155b b3e75fdca5ca2f1a 4d417b203b333363 da904d2a54ff8cf2 1d12acf7349196b0 bd713b37b67866c3
215,155600e5f1221f8c 43b3338423d7386c 520ec719078be07c 106204cd0e07e1b2 a52df8083c238c46 b1dcaca98bb76736 da904d2a54ff8cf2 8a5635c748344d47 4d7653ea9499eed4 b760ebc5f25788d3 055d895a3b26e466 6e239f4dd4b6aed7 04886579947a80c2 e36475c1af5ea3ab 5430097e23000368 f9c6286cff30aaa8 49224aca40e6e5e3 e5fb8dc5c9cb4a19 ff88049e61f0f4ef e25a1da6ca187350 c11b97f245a9dfd0 59c231f8fd21260c b8e2f75014710ced 29968e8fd13539f8 eff60ceea8817dad 238ec735a13a3f09 acf5cb026b3c4551 09660f466b38b7ba db69d4cbfef8d22f 83f8f2fc471cad74
216,3986b68500d7704b 7b81f1f2b6ec2e5f 0451447dd64f6284 0220a434aa8bf029 0b774cf90856c4da 128d583954b18074 1ba7a50457e93996 486dd77002936dec e4a7a996ed6a5a81 fb8bd6b95eb4702a 9f3d2ca16f358290 b26d8664feb18c8c bfb8032f2183d471 172bc0ee09332ae9 00d9f8d3f7d412b3 c1f2e3a76d388944 70ebf53ced736fa4 bc2ae5f4e5d53e00 ae94d8435a6847f4 e403278468d84383 2820628e65a062e2 b2ee9eea2d974c90 0d0368139e9a647f 95166957b2c38794 63d95d5977c2fe98 f2b5098ac9c92da9 83f5a9732f0de67f a18df74d3a16e9c0 ddb3810e0289c148 cea18be9a89d7a81
217,7155e5a86136eb02 ce8cb4351b8c0f6e 4dba7ce835494a63 37001ade0df85823 c606425856952286 a9223c28b10c131f a76ffccd2f5df1a7 05e4165a56bf50eb 8dedff0a79784abc b0e254dd420faee3 c5830f9d0f1e29e5 5057551fc55e9ed2 52370bea1acd0600 0688c790d5806540 d72363ddd958d906 72403ecdfe02bba6 26fc2a95df5659c2 285657fcdf89f00d ced9c56f2be86774 bee46c54461925d0 b1dcaca98bb76736 3b6d27775fce1c7b f105a53e5cfae611 9a0f5ee4f845c9b2 01e5a6edcee7deb0 366a22fce0614fb8 39075e303166355e c08c3765ac609cc0 387e9cd2e5d4ea7d 74244a8703c03720
218,cea18be9a89d7a81 922e625fae98b3b9 6461a9faa871b3ac 395b26d91f98bd92 74873b42602d8958 5b16bae6a0de7c88 0897dcfae16e280f 005666aa098abe8e f105a53e5cfae611 f705b637f624147e bfb8032f2183d471 4d9214c0925e5af8 45630e1451157ff3 0451447dd64f6284 0fbd0f422e926816 7b81f1f2b6ec2e5f d3c4a7db726191e0 bc2ae5f4e5d53e00 1a05ef8c93af8eed cb3e4ce97e7f2881 c49d8f84a4f87f8a 0add47a043c64d7f 734dabb98795c35c e878efab7c37179e a18df74d3a16e9c0 7c9248ed6224aa26 781aaf62a955e4e8 3d93a60f990a0a7c d5805cdb9e8f0f48 3fa57d488e979d74
219,bfb8032f2183d471 172bc0ee09332ae9 4e966bb2768c2b8a 7155e5a86136eb02 ffc688c4c1c2a068 0e45c4c185f35df6 0f33ce8d8014f308 486dd77002936dec 4b8c7061102517ef 628accd9be98503c 01e5a6edcee7deb0 b26d8664feb18c8c e9c20b67a4c5395f bc2ae5f4e5d53e00 98dbd15aa33ebc18 0fbd0f422e926816 ae94d8435a6847f4 6aac5e116b75aa22 b2ee9eea2d974c90 2820628e65a062e2 0d0368139e9a647f 95166957b2c38794 92f42fbd0c38f7fd db69d4cbfef8d22f 63d95d5977c2fe98 de8e1345e8c305c4 f2b5098ac9c92da9 83f5a9732f0de67f a18df74d3a16e9c0 ddb3810e0289c148
220,66ccd03c9e03ac06 a18df74d3a16e9c0 ae94d8435a6847f4 4e966bb2768c2b8a f6d23cdd2359f7c0 0647acc4602d4e8f 033d905aec273595 061f3e1feeaa3094 3734d3b0b9232538 97d696011258825c 39075e303166355e e878efab7c37179e 0a79fabc6f5d93c9 486dd77002936dec 64c2e323906b42d3 3ca7964973437917 73f770f2643a2135 a84cd36608cb8665 455fde214d16d350 29968e8fd13539f8 8d58da0e1800dc96 b26d8664feb18c8c 0cd920bad11c716d 42bb83d7c4b9ecae 172bc0ee09332ae9 bfb8032f2183d471 d72363ddd958d906 0220a434aa8bf029 bc2ae5f4e5d53e00 6aac5e116b75aa22
221,172bc0ee09332ae9 01e5a6edcee7deb0 66ccd03c9e03ac06 7155e5a86136eb02 ffc688c4c1c2a068 0647acc4602d4e8f 033d905aec273595 061f3e1feeaa3094 3734d3b0b9232538 0e45c4c185f35df6 97d696011258825c 486dd77002936dec 4b8c7061102517ef b26d8664feb18c8c 42bb83d7c4b9ecae bfb8032f2183d471 d72363ddd958d906 e9c20b67a4c5395f bc2ae5f4e5d53e00 0fbd0f422e926816 ae94d8435a6847f4 72b80b099fd64ec4 2820628e65a062e2 b2ee9eea2d974c90 0d0368139e9a647f 95166957b2c38794 10ad13170242ecae 050544c040f46152 db69d4cbfef8d22f 63d95d5977c2fe98
222,8dc313a2cf9da354 1c3b74a02a86467d 7ee52d2519eea367 095bb1b6ecbd0a50 765c0695339c3abe 00e1e2eb13f650e4 20db73cf07a45f71 2dd12c230ab22555 5048a37f10cf2d91 8f578001f9d5f543 4c3802a1bd3c842e 5989fb934598c1a7 059bbdbdb843af6a f44f74b3451aa593 0772e3ab293a1f30 128d583954b18074 4d7653ea9499eed4 9a0f5ee4f845c9b2 0bcaac840d5e66d7 c28bc62802b90f82 702d8f1064ab3e30 3986b68500d7704b 734dabb98795c35c 3fa57d488e979d74 ff88049e61f0f4ef e0269da736ddf004 bd713b37b67866c3 fd30682593995748 39f6296778264878 52370bea1acd0600
223,ee3ed9a3f51336cd 6ae470a7c9ec20fd 4535ce2e3dced00f 9fbffc521da97c54 047769588be1aea9 e0269da736ddf004 ff88049e61f0f4ef 3fa57d488e979d74 bd713b37b67866c3 3986b68500d7704b 47fbe21f5c35c7b4 702d8f1064ab3e30 fd30682593995748 c28bc62802b90f82 0bcaac840d5e66d7 9a0f5ee4f845c9b2 4d7653ea9499eed4 2a06f5614060e3b6 52370bea1acd0600 39f6296778264878 0708923badf2ff5d 734dabb98795c35c 942a7d26d81c841f bd0f175ee98c613e ae94d8435a6847f4 b6d0f83aad4e4dc7 b24820ae14e16a24 622f2e4119882c94 bbbd5d2fd957e8f7 af8e70f978cd5aee
224,5b16bae6a0de7c88 005666aa098abe8e 047769588be1aea9 190ab585fd379f0f f49e13a653cbdad2 7b81f1f2b6ec2e5f f105a53e5cfae611 922e625fae98b3b9 9a439fd1abf95245 39075e303166355e 702d8f1064ab3e30 d3c4a7db726191e0 6461a9faa871b3ac 395b26d91f98bd92 0897dcfae16e280f d73a65673e3f1d78 43b3338423d7386c 9ab90dfc5c9b0b37 8d58da0e1800dc96 f705b637f624147e bfb8032f2183d471 0683b6a78f54be75 d5805cdb9e8f0f48 c05f45f86d0771d5 4d9214c0925e5af8 45630e1451157ff3 cea18be9a89d7a81 0451447dd64f6284 0fbd0f422e926816 b3ad55963554f220
225,bd713b37b67866c3 3fa57d488e979d74 976baf0e84752a68 942a7d26d81c841f 451e7ba901ad661d ffc688c4c1c2a068 4d29c6922b2d0d56 e6a29676c096f8e8 453bc79164d57a01 2a06f5614060e3b6 eff60ceea8817dad ff88049e61f0f4ef d3c4a7db726191e0 8faeacf8ca08f62d e5fb8dc5c9cb4a19 4fe9e4e55585ba4b 7c98dedd223b36c0 db7342eff9200020 e1460af4a7044067 2b48ab08c915c0ad 628accd9be98503c 4d417b203b333363 3ca7964973437917 204ec91c39d1479d 5fb2d8e734956af0 f25bfcffedaccf28 83f8f2fc471cad74 39f6296778264878 fd30682593995748 ae94d8435a6847f4
226,05e4165a56bf50eb 7155e5a86136eb02 f25bfcffedaccf28 ce8cb4351b8c0f6e 37001ade0df85823 39075e303166355e c606425856952286 e878efab7c37179e a9223c28b10c131f a76ffccd2f5df1a7 8dedff0a79784abc b0e254dd420faee3 a18df74d3a16e9c0 c5830f9d0f1e29e5 5057551fc55e9ed2 52370bea1acd0600 455fde214d16d350 0688c790d5806540 29968e8fd13539f8 d72363ddd958d906 4dba7ce835494a63 0cd920bad11c716d 0a49074a4158155b 285657fcdf89f00d fd57e641d06ebda7 a84cd36608cb8665 3b6d27775fce1c7b 387e9cd2e5d4ea7d 8d58da0e1800dc96 8e0cc5199a0ee659
227,f25bfcffedaccf28 0a49074a4158155b b3e75fdca5ca2f1a d216e5458ad70e60 6aac5e116b75aa22 2359719a0f40ffac db69d4cbfef8d22f b8e2f75014710ced 999a52f1d301247c 0220a434aa8bf029 b0b5e62a93a2c37c c6b615b2589e036d 83b911ff0ff45844 28a2067685cb3e97 455fde214d16d350 4d7653ea9499eed4 aa0789b403bcd839 01ecc81f6341e902 eff60ceea8817dad 4d417b203b333363 96e82fa141db9a4b 64c2e323906b42d3 1d12acf7349196b0 bd713b37b67866c3 a60934e6b473097a ae94d8435a6847f4 dac29ed8400b50cc 29968e8fd13539f8 fd57e641d06ebda7 6aefb6531736648a
228,ffc688c4c1c2a068 628accd9be98503c 976baf0e84752a68 451e7ba901ad661d 4d29c6922b2d0d56 e6a29676c096f8e8 453bc79164d57a01 e9c20b67a4c5395f eff60ceea8817dad 0220a434aa8bf029 d3c4a7db726191e0 4fe9e4e55585ba4b db7342eff9200020 7c98dedd223b36c0 2b48ab08c915c0ad 70ebf53ced736fa4 4d417b203b333363 204ec91c39d1479d f25bfcffedaccf28 83f8f2fc471cad74 3986b68500d7704b fd30682593995748 702d8f1064ab3e30 2a06f5614060e3b6 3fa57d488e979d74 c28bc62802b90f82 0bcaac840d5e66d7 bd713b37b67866c3 9a0f5ee4f845c9b2 e0269da736ddf004
229,00ff646ca6637bd7 d0f6c00eec5eb973 7155e5a86136eb02 ced9c56f2be86774 0eb4de784c8dd679 da7d3c2d591c4295 af41e2b6da3e7e02 b0e254dd420faee3 6aefb6531736648a 26f72a4eb15ea8c0 47fbe21f5c35c7b4 52370bea1acd0600 4d7653ea9499eed4 9a0f5ee4f845c9b2 0bcaac840d5e66d7 702d8f1064ab3e30 3986b68500d7704b 3fa57d488e979d74 ff88049e61f0f4ef e0269da736ddf004 bd713b37b67866c3 fd30682593995748 c28bc62802b90f82 e7cad3748e50b0f8 0708923badf2ff5d 734dabb98795c35c 942a7d26d81c841f bd0f175ee98c613e ae94d8435a6847f4 b6d0f83aad4e4dc7
230,7b81f1f2b6ec2e5f 3986b68500d7704b 0451447dd64f6284 66ccd03c9e03ac06 e4a7a996ed6a5a81 0b774cf90856c4da 0647acc4602d4e8f 033d905aec273595 061f3e1feeaa3094 3734d3b0b9232538 128d583954b18074 97d696011258825c 1ba7a50457e93996 486dd77002936dec fb8bd6b95eb4702a 9f3d2ca16f358290 b26d8664feb18c8c 42bb83d7c4b9ecae 172bc0ee09332ae9 bfb8032f2183d471 d72363ddd958d906 bc2ae5f4e5d53e00 ae94d8435a6847f4 72b80b099fd64ec4 2820628e65a062e2 b2ee9eea2d974c90 0d0368139e9a647f 95166957b2c38794 10ad13170242ecae 050544c040f46152
231,95ecdbff44ad0b60 01e5a6edcee7deb0 7155e5a86136eb02 9a0f5ee4f845c9b2 0647acc4602d4e8f 4dba7ce835494a63 120e745e2961b5d5 172bc0ee09332ae9 3734d3b0b9232538 0e45c4c185f35df6 7d83ffe83f61bdc4 cc2cc23a98c14c33 ffc688c4c1c2a068 a853f13216170123 a18df74d3a16e9c0 7eec211cc37a1b05 bc27d5dc9bab1c18 e9c20b67a4c5395f 72403ecdfe02bba6 26fc2a95df5659c2 ced9c56f2be86774 70ebf53ced736fa4 bee46c54461925d0 4b8c7061102517ef 148ac4a56a18844d b1dcaca98bb76736 f105a53e5cfae611 366a22fce0614fb8 c08c3765ac609cc0 74244a8703c03720
232,e403278468d84383 70776cdd9bb3b7d4 72403ecdfe02bba6 0647acc4602d4e8f f1a3b8b13e9401c0 42bb83d7c4b9ecae 3734d3b0b9232538 3b4a85bac6ead3c8 01e5a6edcee7deb0 6cb9ab508a0678a0 050544c040f46152 033d905aec273595 4dba7ce835494a63 bb7515be835dea49 97d696011258825c fc8971756f9ec194 b50b4e27b03c7b37 b9d966ad9e04127a 95d25d38ba7df9c7 061f3e1feeaa3094 892074f7c1ef5d5e 39f6296778264878 26fc2a95df5659c2 9b2adcf4041227d7 ced9c56f2be86774 bee46c54461925d0 2810fb6f81d1711c 5867d40811c0229f b1dcaca98bb76736 b78189788d563693
233,b8e2f75014710ced eff60ceea8817dad 4d7653ea9499eed4 5fb2d8e734956af0 5430097e23000368 f25bfcffedaccf28 04886579947a80c2 8a5635c748344d47 999a52f1d301247c e0269da736ddf004 db69d4cbfef8d22f b0b5e62a93a2c37c f29eee8054c061e1 f9c6286cff30aaa8 83b911ff0ff45844 6e239f4dd4b6aed7 8566d15270eb5e83 e36475c1af5ea3ab aa0789b403bcd839 453bc79164d57a01 0a49074a4158155b b3e75fdca5ca2f1a 4d417b203b333363 da904d2a54ff8cf2 1d12acf7349196b0 bd713b37b67866c3 ff88049e61f0f4ef c11b97f245a9dfd0 e25a1da6ca187350 238ec735a13a3f09
234,46b99f864d6a075a 5547f9f1638ac345 8abe670908f12614 2e031d83339759b2 96445bec1579ec97 24c47959ea77b15b 7ee52d2519eea367 a65e30106ea50423 095bb1b6ecbd0a50 765c0695339c3abe 29bedd00fb2be056 8dc313a2cf9da354 00e1e2eb13f650e4 20db73cf07a45f71 2dd12c230ab22555 a9dad59c7055b56c 5048a37f10cf2d91 8f578001f9d5f543 4c3802a1bd3c842e 5989fb934598c1a7 059bbdbdb843af6a f44f74b3451aa593 0772e3ab293a1f30 128d583954b18074 b6d0f83aad4e4dc7 c28bc62802b90f82 702d8f1064ab3e30 ae94d8435a6847f4 bd0f175ee98c613e 3fa57d488e979d74
235,636224e349e561bf 7ee52d2519eea367 095bb1b6ecbd0a50 765c0695339c3abe 8dc313a2cf9da354 00e1e2eb13f650e4 20db73cf07a45f71 2dd12c230ab22555 5048a37f10cf2d91 8f578001f9d5f543 4c3802a1bd3c842e 5989fb934598c1a7 059bbdbdb843af6a f44f74b3451aa593 0772e3ab293a1f30 128d583954b18074 95166957b2c38794 52370bea1acd0600 4d7653ea9499eed4 9a0f5ee4f845c9b2 0bcaac840d5e66d7 c28bc62802b90f82 2a06f5614060e3b6 702d8f1064ab3e30 3986b68500d7704b 3fa57d488e979d74 ff88049e61f0f4ef e0269da736ddf004 bd713b37b67866c3 fd30682593995748
236,0772e3ab293a1f30 00e1e2eb13f650e4 5b16bae6a0de7c88 2dd12c230ab22555 bbbd5d2fd957e8f7 47fbe21f5c35c7b4 52370bea1acd0600 4d7653ea9499eed4 9a0f5ee4f845c9b2 0bcaac840d5e66d7 c28bc62802b90f82 cea18be9a89d7a81 3986b68500d7704b 3fa57d488e979d74 ff88049e61f0f4ef e0269da736ddf004 bd713b37b67866c3 fd30682593995748 2a06f5614060e3b6 39f6296778264878 702d8f1064ab3e30 e7cad3748e50b0f8 0708923badf2ff5d 734dabb98795c35c 942a7d26d81c841f bd0f175ee98c613e ae94d8435a6847f4 b6d0f83aad4e4dc7 b24820ae14e16a24 5fb2d8e734956af0
237,285657fcdf89f00d ad06e9eeea8eb4ea 48a76e3aff69d605 a1314cd417504572 60a070db9f1869b5 d5805cdb9e8f0f48 47fbe21f5c35c7b4 4d7653ea9499eed4 9a0f5ee4f845c9b2 0bcaac840d5e66d7 c28bc62802b90f82 702d8f1064ab3e30 3986b68500d7704b 3fa57d488e979d74 ff88049e61f0f4ef e0269da736ddf004 bd713b37b67866c3 fd30682593995748 2a06f5614060e3b6 39f6296778264878 e25a1da6ca187350 f58ff7f1a6cde683 52370bea1acd0600 734dabb98795c35c 942a7d26d81c841f bd0f175ee98c613e ae94d8435a6847f4 b6d0f83aad4e4dc7 b24820ae14e16a24 622f2e4119882c94
238,10ad13170242ecae 0eb4de784c8dd679 42bb83d7c4b9ecae 36d33c41812ce7dc fc16a50ff0baec53 0079f3c74309b582 19b4014943e0ad92 1f423f368aebf7f3 0647acc4602d4e8f 97d696011258825c f28fb3d9880c5d4c abf90e759d208468 40583079f57235a6 538c7bb968b2154c 5b4c879fc9c316fb 64907c4568244eb4 65d44c6393907290 6a9aa1bd93e36e66 061f3e1feeaa3094 33856365c271aea4 033d905aec273595 4dba7ce835494a63 0451447dd64f6284 3734d3b0b9232538 055d895a3b26e466 01e5a6edcee7deb0 74244a8703c03720 5867d40811c0229f 1dc7139adba034ec 5d26da95786b3a3a
239,a76ffccd2f5df1a7 d72363ddd958d906 3734d3b0b9232538 4dba7ce835494a63 0451447dd64f6284 37001ade0df85823 0647acc4602d4e8f 7155e5a86136eb02 c606425856952286 1f423f368aebf7f3 97d696011258825c b0e254dd420faee3 f46601a9955f9949 6461a9faa871b3ac da7d3c2d591c4295 00d9f8d3f7d412b3 5057551fc55e9ed2 edc79e57b20e9036 061f3e1feeaa3094 acf5cb026b3c4551 bee46c54461925d0 33856365c271aea4 01ecc81f6341e902 6aefb6531736648a a1314cd417504572 c5830f9d0f1e29e5 01e5a6edcee7deb0 a853f13216170123 48cf88c17ff38c5e cba7e22bb383083a
240,7f29daa16b9b4cda 81b7c7e312bfa1a0 c5830f9d0f1e29e5 29bedd00fb2be056 47fbe21f5c35c7b4 a853f13216170123 fd57e641d06ebda7 cba7e22bb383083a 0eedb1a0d3b8ddae 52370bea1acd0600 00d9f8d3f7d412b3 acf5cb026b3c4551 ec4ef2f727e7a03f d6bbbd6c4968075a 01b3da54ffb158a0 0451447dd64f6284 855f2f0354e102c7 8dedff0a79784abc d6ed7e4b14c51296 01ecc81f6341e902 e461837f0fb35048 54a11cbcd7a32af4 25a3b47fe31bc6b5 e9c20b67a4c5395f 5dd752753760ced8 65254e0d209fd66e 54f55c74d37db3c0 7f95168400948588 daa257a37227cd72 fa173131f15f5534
241,f25bfcffedaccf28 0a49074a4158155b b3e75fdca5ca2f1a d216e5458ad70e60 6aac5e116b75aa22 2359719a0f40ffac db69d4cbfef8d22f ae94d8435a6847f4 0220a434aa8bf029 64c2e323906b42d3 b8e2f75014710ced 999a52f1d301247c 486dd77002936dec b0b5e62a93a2c37c f6d23cdd2359f7c0 c6b615b2589e036d 83b911ff0ff45844 39075e303166355e a18df74d3a16e9c0 28a2067685cb3e97 455fde214d16d350 4d7653ea9499eed4 aa0789b403bcd839 01ecc81f6341e902 eff60ceea8817dad 4e966bb2768c2b8a 4d417b203b333363 b2ee9eea2d974c90 96e82fa141db9a4b 1d12acf7349196b0
242,10ad13170242ecae 7155e5a86136eb02 4f2fffd7528de786 0e45c4c185f35df6 9fda36f260eec24e ffc688c4c1c2a068 01e5a6edcee7deb0 5b4c879fc9c316fb 8e83d05923cde390 07be6a290720707d 65d44c6393907290 e9c20b67a4c5395f ca43e349133fc0e3 36d33c41812ce7dc 5c4b7558c942a224 42bb83d7c4b9ecae 4b8c7061102517ef 42a5cae2a3a45557 172bc0ee09332ae9 33856365c271aea4 c96049ed915ced0a 19b4014943e0ad92 2e44fbb8bc3d8d71 fc16a50ff0baec53 9a439fd1abf95245 74244a8703c03720 0fbd0f422e926816 1f423f368aebf7f3 3c0873ce078d332b db69d4cbfef8d22f
243,96445bec1579ec97 b6a1c97f19af78d0 7ee52d2519eea367 095bb1b6ecbd0a50 765c0695339c3abe 8dc313a2cf9da354 00e1e2eb13f650e4 20db73cf07a45f71 2dd12c230ab22555 5048a37f10cf2d91 8f578001f9d5f543 4c3802a1bd3c842e 5989fb934598c1a7 059bbdbdb843af6a f44f74b3451aa593 0772e3ab293a1f30 128d583954b18074 9a0f5ee4f845c9b2 0bcaac840d5e66d7 4d7653ea9499eed4 c28bc62802b90f82 702d8f1064ab3e30 3986b68500d7704b ff88049e61f0f4ef e0269da736ddf004 bd713b37b67866c3 fd30682593995748 39f6296778264878 3fa57d488e979d74 734dabb98795c35c
244,00d9f8d3f7d412b3 7b81f1f2b6ec2e5f 2e44fbb8bc3d8d71 0451447dd64f6284 cea18be9a89d7a81 3986b68500d7704b 81b7c7e312bfa1a0 c5830f9d0f1e29e5 b6cdb608f640e038 10ad13170242ecae 47fbe21f5c35c7b4 a853f13216170123 74873b42602d8958 fd57e641d06ebda7 cba7e22bb383083a 3b6d27775fce1c7b 0b774cf90856c4da 0eedb1a0d3b8ddae 52370bea1acd0600 128d583954b18074 acf5cb026b3c4551 1ba7a50457e93996 6e239f4dd4b6aed7 ec4ef2f727e7a03f 36d33c41812ce7dc fc16a50ff0baec53 5b4c879fc9c316fb 52e459a551d4ac2d 65d44c6393907290 d6bbbd6c4968075a
245,7155e5a86136eb02 37001ade0df85823 6406fcdb7d87b5dc 5057551fc55e9ed2 a76ffccd2f5df1a7 b0e254dd420faee3 354d7a327bbcc152 0e45c4c185f35df6 c606425856952286 ffc688c4c1c2a068 419b5dc40744fb9b 01e5a6edcee7deb0 77e2f7da1f9d3a8f 7eec211cc37a1b05 9b0e8cf8153e3b33 e740c80fce094788 d72363ddd958d906 e9c20b67a4c5395f 4dba7ce835494a63 52e459a551d4ac2d 4b8c7061102517ef 404031ab9d5977c4 3b6d27775fce1c7b 172bc0ee09332ae9 4577ae048ef1967d 39075e303166355e 8e0cc5199a0ee659 0fbd0f422e926816 db69d4cbfef8d22f 9c9ebf71707d7a37
246,83b911ff0ff45844 ffc688c4c1c2a068 06de3ca1148b088b ce2fe99a7cda4a17 f25bfcffedaccf28 628accd9be98503c 999a52f1d301247c b0b5e62a93a2c37c 50ba507a268872e1 4d7653ea9499eed4 aa0789b403bcd839 0a49074a4158155b b3e75fdca5ca2f1a 585f4ee09d8fea46 eff60ceea8817dad 4d417b203b333363 d16da1fb61813db9 1d12acf7349196b0 bd713b37b67866c3 81b7c7e312bfa1a0 a853f13216170123 74ae9af23a383bf5 83f5a9732f0de67f b8e2f75014710ced b1dcaca98bb76736 e9c20b67a4c5395f b29ab87af6ea6310 238ec735a13a3f09 5fb2d8e734956af0 5430097e23000368
247,52e459a551d4ac2d cea18be9a89d7a81 1ba7a50457e93996 01e5a6edcee7deb0 b6cdb608f640e038 e4a7a996ed6a5a81 3986b68500d7704b 20db73cf07a45f71 74873b42602d8958 0b774cf90856c4da 680bb5c5c3bb6ee1 7b81f1f2b6ec2e5f b0e254dd420faee3 0451447dd64f6284 128d583954b18074 72403ecdfe02bba6 26fc2a95df5659c2 ced9c56f2be86774 bee46c54461925d0 72c2a95813ea72bd b1dcaca98bb76736 19e8f436d4b2fc25 fb8bd6b95eb4702a f105a53e5cfae611 9a0f5ee4f845c9b2 366a22fce0614fb8 9f3d2ca16f358290 c08c3765ac609cc0 74244a8703c03720 781aaf62a955e4e8
248,5b16bae6a0de7c88 047769588be1aea9 190ab585fd379f0f f49e13a653cbdad2 7b81f1f2b6ec2e5f 702d8f1064ab3e30 f105a53e5cfae611 005666aa098abe8e 9a439fd1abf95245 d73a65673e3f1d78 39075e303166355e 43b3338423d7386c 9ab90dfc5c9b0b37 d3c4a7db726191e0 8d58da0e1800dc96 b3ad55963554f220 d5805cdb9e8f0f48 bbbd5d2fd957e8f7 62431fd374eb99fb 0db6584e3bdfa1c4 395b26d91f98bd92 6d80d2e62d01f6bc 95166957b2c38794 0897dcfae16e280f f705b637f624147e bfb8032f2183d471 0683b6a78f54be75 c05f45f86d0771d5 4d9214c0925e5af8 45630e1451157ff3
249,5989fb934598c1a7 87c5481930cfe126 46b99f864d6a075a 96445bec1579ec97 70776cdd9bb3b7d4 24c47959ea77b15b 7ee52d2519eea367 a492bd402afd5c71 a65e30106ea50423 2e031d83339759b2 d72363ddd958d906 095bb1b6ecbd0a50 285657fcdf89f00d d16da1fb61813db9 95d25d38ba7df9c7 765c0695339c3abe ae77487a89f2610c 430feb4826a5632e 8dc313a2cf9da354 00e1e2eb13f650e4 20db73cf07a45f71 2dd12c230ab22555 a9dad59c7055b56c 5048a37f10cf2d91 39075e303166355e e9c20b67a4c5395f 8f578001f9d5f543 4c3802a1bd3c842e 19b4014943e0ad92 059bbdbdb843af6a
250,b24820ae14e16a24 f25bfcffedaccf28 976baf0e84752a68 451e7ba901ad661d ffc688c4c1c2a068 4d29c6922b2d0d56 e6a29676c096f8e8 453bc79164d57a01 eff60ceea8817dad d3c4a7db726191e0 4fe9e4e55585ba4b db7342eff9200020 7c98dedd223b36c0 a84cd36608cb8665 455fde214d16d350 29968e8fd13539f8 8d58da0e1800dc96 0cd920bad11c716d 2b48ab08c915c0ad 628accd9be98503c 6aac5e116b75aa22 0a49074a4158155b 96e82fa141db9a4b 4d417b203b333363 2359719a0f40ffac dac29ed8400b50cc a18df74d3a16e9c0 204ec91c39d1479d d216e5458ad70e60 f05fa5f57dc03e81
251,98dbd15aa33ebc18 5f94b027039f4e48 ce8cb4351b8c0f6e b7d7d9ae1cbe0d8a af41e2b6da3e7e02 f46601a9955f9949 26fc2a95df5659c2 5c8c6d9a1fd4c1e0 0c2eeab1e4ce1db8 b1dcaca98bb76736 366a22fce0614fb8 451e7ba901ad661d 72403ecdfe02bba6 74244a8703c03720 2cebd52b41930f0a ced9c56f2be86774 bee46c54461925d0 fab14d178b24a67f 45630e1451157ff3 52e459a551d4ac2d 033d905aec273595 4dba7ce835494a63 0b0021aa60d05daa f105a53e5cfae611 1a05ef8c93af8eed 9a0f5ee4f845c9b2 01e5a6edcee7deb0 c08c3765ac609cc0 33856365c271aea4 a9dad59c7055b56c
252,00d9f8d3f7d412b3 cea18be9a89d7a81 7155e5a86136eb02 0451447dd64f6284 3b6d27775fce1c7b 7b81f1f2b6ec2e5f 3986b68500d7704b a76ffccd2f5df1a7 d72363ddd958d906 bbbd5d2fd957e8f7 3734d3b0b9232538 172bc0ee09332ae9 2e44fbb8bc3d8d71 a853f13216170123 95166957b2c38794 01e5a6edcee7deb0 a2805ed52b47b8ec e9c20b67a4c5395f 4dba7ce835494a63 387e9cd2e5d4ea7d 66ccd03c9e03ac06 39075e303166355e 74873b42602d8958 cba7e22bb383083a ffc688c4c1c2a068 413c55a5ab86881a b6cdb608f640e038 6e239f4dd4b6aed7 37001ade0df85823 0647acc4602d4e8f
253,4c3802a1bd3c842e a813c15b46ceaf68 96445bec1579ec97 70776cdd9bb3b7d4 7ee52d2519eea367 a65e30106ea50423 d72363ddd958d906 095bb1b6ecbd0a50 95d25d38ba7df9c7 765c0695339c3abe ae77487a89f2610c 8dc313a2cf9da354 00e1e2eb13f650e4 20db73cf07a45f71 2dd12c230ab22555 a9dad59c7055b56c 5048a37f10cf2d91 8b7c486a910dd004 e9c20b67a4c5395f 8f578001f9d5f543 5989fb934598c1a7 19b4014943e0ad92 059bbdbdb843af6a f44f74b3451aa593 0772e3ab293a1f30 128d583954b18074 ebfda3b48083e390 52370bea1acd0600 4d7653ea9499eed4 9a0f5ee4f845c9b2
254,0647acc4602d4e8f 3734d3b0b9232538 4dba7ce835494a63 9a0f5ee4f845c9b2 01e5a6edcee7deb0 120e745e2961b5d5 033d905aec273595 7d83ffe83f61bdc4 cc2cc23a98c14c33 70776cdd9bb3b7d4 97d696011258825c a18df74d3a16e9c0 7eec211cc37a1b05 bc27d5dc9bab1c18 061f3e1feeaa3094 72403ecdfe02bba6 26fc2a95df5659c2 ced9c56f2be86774 bee46c54461925d0 5867d40811c0229f 148ac4a56a18844d b1dcaca98bb76736 f105a53e5cfae611 366a22fce0614fb8 0451447dd64f6284 c08c3765ac609cc0 74244a8703c03720 42bb83d7c4b9ecae d72363ddd958d906 66ccd03c9e03ac06
255,f25bfcffedaccf28 83b911ff0ff45844 eff60ceea8817dad 4d417b203b333363 976baf0e84752a68 06de3ca1148b088b ce2fe99a7cda4a17 ffc688c4c1c2a068 453bc79164d57a01 999a52f1d301247c d3c4a7db726191e0 e6a29676c096f8e8 b0b5e62a93a2c37c 50ba507a268872e1 4d7653ea9499eed4 aa0789b403bcd839 4fe9e4e55585ba4b 628accd9be98503c 0a49074a4158155b b3e75fdca5ca2f1a 585f4ee09d8fea46 d16da1fb61813db9 1d12acf7349196b0 bd713b37b67866c3 81b7c7e312bfa1a0 a853f13216170123 204ec91c39d1479d 451e7ba901ad661d 74ae9af23a383bf5 2b48ab08c915c0ad
256,172bc0ee09332ae9 01e5a6edcee7deb0 7155e5a86136eb02 26fc2a95df5659c2 ffc688c4c1c2a068 a853f13216170123 0e45c4c185f35df6 81bd116c786bf9ae 033d905aec273595 70ebf53ced736fa4 486dd77002936dec 4b8c7061102517ef c08c3765ac609cc0 b26d8664feb18c8c bfb8032f2183d471 e9c20b67a4c5395f bc2ae5f4e5d53e00 781aaf62a955e4e8 0fbd0f422e926816 ae94d8435a6847f4 72403ecdfe02bba6 45630e1451157ff3 2820628e65a062e2 b2ee9eea2d974c90 0d0368139e9a647f 95166957b2c38794 db69d4cbfef8d22f 0b0021aa60d05daa 63d95d5977c2fe98 fab14d178b24a67f
257,1a05ef8c93af8eed 45630e1451157ff3 f105a53e5cfae611 395b26d91f98bd92 781aaf62a955e4e8 5b16bae6a0de7c88 0897dcfae16e280f 005666aa098abe8e a492bd402afd5c71 f705b637f624147e bfb8032f2183d471 03ed286136d7b3cf 4d9214c0925e5af8 cea18be9a89d7a81 0451447dd64f6284 0fbd0f422e926816 7b81f1f2b6ec2e5f d3c4a7db726191e0 c08c3765ac609cc0 bc2ae5f4e5d53e00 72403ecdfe02bba6 cb3e4ce97e7f2881 c49d8f84a4f87f8a 0b0021aa60d05daa fab14d178b24a67f 0add47a043c64d7f 26fc2a95df5659c2 734dabb98795c35c e878efab7c37179e 8abe670908f12614
258,5430097e23000368 4d7653ea9499eed4 eff60ceea8817dad b8e2f75014710ced f25bfcffedaccf28 04886579947a80c2 8a5635c748344d47 999a52f1d301247c db69d4cbfef8d22f b0b5e62a93a2c37c 0220a434aa8bf029 f9c6286cff30aaa8 83b911ff0ff45844 6e239f4dd4b6aed7 aa0789b403bcd839 5fb2d8e734956af0 0a49074a4158155b b3e75fdca5ca2f1a 4d417b203b333363 da904d2a54ff8cf2 1d12acf7349196b0 bd713b37b67866c3 ff88049e61f0f4ef e25a1da6ca187350 c11b97f245a9dfd0 238ec735a13a3f09 29968e8fd13539f8 06de3ca1148b088b 83f8f2fc471cad74 09660f466b38b7ba
259,5057551fc55e9ed2 37001ade0df85823 a76ffccd2f5df1a7 b0e254dd420faee3 354d7a327bbcc152 7155e5a86136eb02 c606425856952286 419b5dc40744fb9b 77e2f7da1f9d3a8f 7eec211cc37a1b05 9b0e8cf8153e3b33 6406fcdb7d87b5dc e740c80fce094788 acf5cb026b3c4551 d72363ddd958d906 4dba7ce835494a63 01ecc81f6341e902 c5830f9d0f1e29e5 a853f13216170123 cba7e22bb383083a 52370bea1acd0600 52e459a551d4ac2d 404031ab9d5977c4 e9c20b67a4c5395f 0eedb1a0d3b8ddae 3b6d27775fce1c7b 0451447dd64f6284 4577ae048ef1967d 39075e303166355e 81b7c7e312bfa1a0
260,7b81f1f2b6ec2e5f 00d9f8d3f7d412b3 190ab585fd379f0f 0451447dd64f6284 b3ad55963554f220 0db6584e3bdfa1c4 39075e303166355e 01e5a6edcee7deb0 702d8f1064ab3e30 e4a7a996ed6a5a81 7155e5a86136eb02 5b16bae6a0de7c88 6d80d2e62d01f6bc 3b6d27775fce1c7b 0b774cf90856c4da 047769588be1aea9 ffc688c4c1c2a068 f49e13a653cbdad2 b6cdb608f640e038 3986b68500d7704b d73a65673e3f1d78 43b3338423d7386c 0647acc4602d4e8f 9ab90dfc5c9b0b37 061f3e1feeaa3094 8d58da0e1800dc96 3734d3b0b9232538 0e45c4c185f35df6 128d583954b18074 106204cd0e07e1b2
261,ffc688c4c1c2a068 01e5a6edcee7deb0 7155e5a86136eb02 1ba7a50457e93996 172bc0ee09332ae9 0e45c4c185f35df6 120e745e2961b5d5 f54ad8d1eb18212e 2394b08708475900 a853f13216170123 e7cad3748e50b0f8 204ec91c39d1479d 898a4921ab9f4cce 64907c4568244eb4 50cb6a6c60ad711a 77e2f7da1f9d3a8f e9c20b67a4c5395f 72403ecdfe02bba6 97d696011258825c 26fc2a95df5659c2 22e8d6734e4121ae ced9c56f2be86774 70ebf53ced736fa4 bee46c54461925d0 4b8c7061102517ef b1dcaca98bb76736 f105a53e5cfae611 9a0f5ee4f845c9b2 366a22fce0614fb8 d257d1fbcf43abd5
262,ba5199dba342af68 00d9f8d3f7d412b3 acf5cb026b3c4551 3734d3b0b9232538 0451447dd64f6284 451e7ba901ad661d 0cd920bad11c716d 0647acc4602d4e8f 976baf0e84752a68 97d696011258825c db7342eff9200020 ffc688c4c1c2a068 4d29c6922b2d0d56 e6a29676c096f8e8 453bc79164d57a01 061f3e1feeaa3094 eff60ceea8817dad 01ecc81f6341e902 c5830f9d0f1e29e5 01e5a6edcee7deb0 a853f13216170123 cba7e22bb383083a 52370bea1acd0600 d3c4a7db726191e0 4fe9e4e55585ba4b 5867d40811c0229f 7c98dedd223b36c0 e9c20b67a4c5395f 0eedb1a0d3b8ddae 4dba7ce835494a63
263,abf90e759d208468 36d33c41812ce7dc fc16a50ff0baec53 10ad13170242ecae 0079f3c74309b582 f28fb3d9880c5d4c 40583079f57235a6 538c7bb968b2154c 5b4c879fc9c316fb 64907c4568244eb4 65d44c6393907290 6a9aa1bd93e36e66 33856365c271aea4 055d895a3b26e466 19b4014943e0ad92 2dd12c230ab22555 0eb4de784c8dd679 42bb83d7c4b9ecae 74244a8703c03720 1dc7139adba034ec 5d26da95786b3a3a ac9ee0c09b538140 c03b11a0cdc3fa39 c96049ed915ced0a c28bc62802b90f82 2e44fbb8bc3d8d71 9a439fd1abf95245 9113e9dc940fb287 1f423f368aebf7f3 3c0873ce078d332b
264,4d7653ea9499eed4 ffc688c4c1c2a068 5430097e23000368 eff60ceea8817dad b8e2f75014710ced f25bfcffedaccf28 628accd9be98503c 04886579947a80c2 8a5635c748344d47 999a52f1d301247c db69d4cbfef8d22f b0b5e62a93a2c37c f9c6286cff30aaa8 83b911ff0ff45844 6e239f4dd4b6aed7 aa0789b403bcd839 5fb2d8e734956af0 0a49074a4158155b b3e75fdca5ca2f1a 4d417b203b333363 da904d2a54ff8cf2 1d12acf7349196b0 bd713b37b67866c3 ff88049e61f0f4ef c11b97f245a9dfd0 e25a1da6ca187350 e9c20b67a4c5395f 238ec735a13a3f09 29968e8fd13539f8 06de3ca1148b088b
265,46b99f864d6a075a 5547f9f1638ac345 2e031d83339759b2 96445bec1579ec97 24c47959ea77b15b 8abe670908f12614 7ee52d2519eea367 a65e30106ea50423 095bb1b6ecbd0a50 765c0695339c3abe 8dc313a2cf9da354 00e1e2eb13f650e4 20db73cf07a45f71 2dd12c230ab22555 a9dad59c7055b56c 5048a37f10cf2d91 8f578001f9d5f543 4c3802a1bd3c842e 5989fb934598c1a7 059bbdbdb843af6a f44f74b3451aa593 0772e3ab293a1f30 128d583954b18074 47fbe21f5c35c7b4 0708923badf2ff5d 0bcaac840d5e66d7 c28bc62802b90f82 702d8f1064ab3e30 3986b68500d7704b 9a0f5ee4f845c9b2
266,047769588be1aea9 5b16bae6a0de7c88 190ab585fd379f0f f49e13a653cbdad2 39075e303166355e 7b81f1f2b6ec2e5f 172bc0ee09332ae9 9a439fd1abf95245 702d8f1064ab3e30 005666aa098abe8e 95166957b2c38794 7155e5a86136eb02 ffc688c4c1c2a068 bbbd5d2fd957e8f7 d73a65673e3f1d78 43b3338423d7386c 9ab90dfc5c9b0b37 d3c4a7db726191e0 8d58da0e1800dc96 0e45c4c185f35df6 0683b6a78f54be75 c05f45f86d0771d5 486dd77002936dec 4b8c7061102517ef b3ad55963554f220 01e5a6edcee7deb0 d5805cdb9e8f0f48 b26d8664feb18c8c bfb8032f2183d471 f105a53e5cfae611
267,01e5a6edcee7deb0 52e459a551d4ac2d 0647acc4602d4e8f 42bb83d7c4b9ecae 7155e5a86136eb02 b6cdb608f640e038 3734d3b0b9232538 10ad13170242ecae 172bc0ee09332ae9 74244a8703c03720 1f423f368aebf7f3 19b4014943e0ad92 0e45c4c185f35df6 4dba7ce835494a63 033d905aec273595 20db73cf07a45f71 33856365c271aea4 70776cdd9bb3b7d4 ffc688c4c1c2a068 97d696011258825c a853f13216170123 680bb5c5c3bb6ee1 b0e254dd420faee3 c03b11a0cdc3fa39 5b4c879fc9c316fb 65d44c6393907290 061f3e1feeaa3094 e9c20b67a4c5395f 72403ecdfe02bba6 e4a7a996ed6a5a81
268,42bb83d7c4b9ecae 3b4a85bac6ead3c8 bb7515be835dea49 70776cdd9bb3b7d4 fc8971756f9ec194 5f94b027039f4e48 b9d966ad9e04127a 95d25d38ba7df9c7 39f6296778264878 72403ecdfe02bba6 26fc2a95df5659c2 8fc68213b63951dc 9b2adcf4041227d7 40583079f57235a6 ced9c56f2be86774 bee46c54461925d0 2810fb6f81d1711c b1dcaca98bb76736 9f4e0d572b1f4e6c 0fbd0f422e926816 b78189788d563693 f105a53e5cfae611 9a0f5ee4f845c9b2 01e5a6edcee7deb0 f2e30efbd27bee51 366a22fce0614fb8 c08c3765ac609cc0 74244a8703c03720 f44f74b3451aa593 27a12f29dceccdbd
269,b0e254dd420faee3 52e459a551d4ac2d 01e5a6edcee7deb0 b6cdb608f640e038 33856365c271aea4 4dba7ce835494a63 37001ade0df85823 65d44c6393907290 20db73cf07a45f71 7155e5a86136eb02 c606425856952286 a76ffccd2f5df1a7 680bb5c5c3bb6ee1 6a9aa1bd93e36e66 5057551fc55e9ed2 d72363ddd958d906 72403ecdfe02bba6 26fc2a95df5659c2 ced9c56f2be86774 bee46c54461925d0 72c2a95813ea72bd b1dcaca98bb76736 19e8f436d4b2fc25 3b6d27775fce1c7b f105a53e5cfae611 9a0f5ee4f845c9b2 366a22fce0614fb8 39075e303166355e c08c3765ac609cc0 74244a8703c03720
270,7b81f1f2b6ec2e5f 3986b68500d7704b 172bc0ee09332ae9 4d417b203b333363 01e5a6edcee7deb0 190ab585fd379f0f 0451447dd64f6284 2b48ab08c915c0ad 66ccd03c9e03ac06 5879096a38d69fc5 e4a7a996ed6a5a81 7155e5a86136eb02 39075e303166355e 0b774cf90856c4da ffc688c4c1c2a068 0db6584e3bdfa1c4 0647acc4602d4e8f 033d905aec273595 b3ad55963554f220 061f3e1feeaa3094 3734d3b0b9232538 0e45c4c185f35df6 128d583954b18074 97d696011258825c 520ec719078be07c 9cf6709de35bf0f3 1ba7a50457e93996 486dd77002936dec 4b8c7061102517ef fb8bd6b95eb4702a
271,1ba7a50457e93996 120e745e2961b5d5 f54ad8d1eb18212e 2394b08708475900 e7cad3748e50b0f8 204ec91c39d1479d 898a4921ab9f4cce 64907c4568244eb4 50cb6a6c60ad711a 77e2f7da1f9d3a8f ffc688c4c1c2a068 72403ecdfe02bba6 97d696011258825c 26fc2a95df5659c2 22e8d6734e4121ae ced9c56f2be86774 bee46c54461925d0 b1dcaca98bb76736 f105a53e5cfae611 9a0f5ee4f845c9b2 01e5a6edcee7deb0 366a22fce0614fb8 d257d1fbcf43abd5 c08c3765ac609cc0 74244a8703c03720 781aaf62a955e4e8 cb3e4ce97e7f2881 451e7ba901ad661d 52e459a551d4ac2d 45630e1451157ff3
272,d72363ddd958d906 7155e5a86136eb02 70776cdd9bb3b7d4 a76ffccd2f5df1a7 4dba7ce835494a63 ce8cb4351b8c0f6e 19b4014943e0ad92 37001ade0df85823 95d25d38ba7df9c7 0647acc4602d4e8f c606425856952286 97d696011258825c a9223c28b10c131f 05e4165a56bf50eb 8dedff0a79784abc b0e254dd420faee3 e9c20b67a4c5395f ae77487a89f2610c c5830f9d0f1e29e5 5057551fc55e9ed2 52370bea1acd0600 0688c790d5806540 061f3e1feeaa3094 3734d3b0b9232538 01e5a6edcee7deb0 285657fcdf89f00d 5867d40811c0229f 3b6d27775fce1c7b 033d905aec273595 0451447dd64f6284
273,6aac5e116b75aa22 3b6d27775fce1c7b cea18be9a89d7a81 db69d4cbfef8d22f d216e5458ad70e60 0a49074a4158155b 2359719a0f40ffac 7b81f1f2b6ec2e5f f25bfcffedaccf28 7155e5a86136eb02 74873b42602d8958 ffc688c4c1c2a068 b6cdb608f640e038 64c2e323906b42d3 a60934e6b473097a ae94d8435a6847f4 28a2067685cb3e97 0220a434aa8bf029 0e45c4c185f35df6 0eedb1a0d3b8ddae 4b8c7061102517ef 387e9cd2e5d4ea7d 2e44fbb8bc3d8d71 a84cd36608cb8665 172bc0ee09332ae9 6aefb6531736648a 455fde214d16d350 01e5a6edcee7deb0 29968e8fd13539f8 8d58da0e1800dc96
274,f25bfcffedaccf28 0a49074a4158155b db69d4cbfef8d22f 4d7653ea9499eed4 b8e2f75014710ced d216e5458ad70e60 6aac5e116b75aa22 2359719a0f40ffac 5430097e23000368 eff60ceea8817dad 29968e8fd13539f8 ff88049e61f0f4ef 04886579947a80c2 8a5635c748344d47 999a52f1d301247c 0220a434aa8bf029 b0b5e62a93a2c37c f9c6286cff30aaa8 83b911ff0ff45844 6e239f4dd4b6aed7 28a2067685cb3e97 455fde214d16d350 aa0789b403bcd839 5fb2d8e734956af0 b3e75fdca5ca2f1a 01ecc81f6341e902 4d417b203b333363 da904d2a54ff8cf2 96e82fa141db9a4b 64c2e323906b42d3
275,0451447dd64f6284 7b81f1f2b6ec2e5f 01e5a6edcee7deb0 00d9f8d3f7d412b3 413c55a5ab86881a 0647acc4602d4e8f 3986b68500d7704b 1ba7a50457e93996 7155e5a86136eb02 b6cdb608f640e038 d257d1fbcf43abd5 3734d3b0b9232538 033d905aec273595 4dba7ce835494a63 52e459a551d4ac2d 172bc0ee09332ae9 70776cdd9bb3b7d4 0e45c4c185f35df6 e4a7a996ed6a5a81 3b6d27775fce1c7b 0b774cf90856c4da ffc688c4c1c2a068 97d696011258825c a853f13216170123 128d583954b18074 26fc2a95df5659c2 b1dcaca98bb76736 366a22fce0614fb8 061f3e1feeaa3094 853e36b1550c6274
276,f29eee8054c061e1 8566d15270eb5e83 453bc79164d57a01 eff60ceea8817dad e0269da736ddf004 b8e2f75014710ced 0db6584e3bdfa1c4 5fb2d8e734956af0 0eedb1a0d3b8ddae e36475c1af5ea3ab a52df8083c238c46 2b48ab08c915c0ad 190ab585fd379f0f e1460af4a7044067 7f29daa16b9b4cda 976baf0e84752a68 40583079f57235a6 b1e47da7659b675c 451e7ba901ad661d ffc688c4c1c2a068 e6a29676c096f8e8 4d29c6922b2d0d56 b3ad55963554f220 d3c4a7db726191e0 520ec719078be07c 9cf6709de35bf0f3 4fe9e4e55585ba4b 7c98dedd223b36c0 db7342eff9200020 09bbaa171c20bae3
277,00e1e2eb13f650e4 0772e3ab293a1f30 2dd12c230ab22555 5b16bae6a0de7c88 765c0695339c3abe 1a8e5d6512d9e2d8 7f95168400948588 1ba7a50457e93996 7ee52d2519eea367 f29eee8054c061e1 128d583954b18074 095bb1b6ecbd0a50 20d283a232dfd13c 8dc313a2cf9da354 20db73cf07a45f71 e461837f0fb35048 d9885881381fd10a 5048a37f10cf2d91 8f578001f9d5f543 ae000f9d0b5e104e 4c3802a1bd3c842e 0451447dd64f6284 5989fb934598c1a7 059bbdbdb843af6a f44f74b3451aa593 bd713b37b67866c3 e0269da736ddf004 0bcaac840d5e66d7 fd30682593995748 3986b68500d7704b
278,70776cdd9bb3b7d4 72403ecdfe02bba6 0647acc4602d4e8f f1a3b8b13e9401c0 42bb83d7c4b9ecae 3734d3b0b9232538 3b4a85bac6ead3c8 01e5a6edcee7deb0 6cb9ab508a0678a0 050544c040f46152 4dba7ce835494a63 033d905aec273595 bb7515be835dea49 97d696011258825c fc8971756f9ec194 b50b4e27b03c7b37 b9d966ad9e04127a e403278468d84383 95d25d38ba7df9c7 061f3e1feeaa3094 892074f7c1ef5d5e 39f6296778264878 26fc2a95df5659c2 9b2adcf4041227d7 ced9c56f2be86774 bee46c54461925d0 2810fb6f81d1711c 5867d40811c0229f b1dcaca98bb76736 b78189788d563693
279,00d9f8d3f7d412b3 3986b68500d7704b 0451447dd64f6284 01e5a6edcee7deb0 1a05ef8c93af8eed e4a7a996ed6a5a81 52e459a551d4ac2d 0647acc4602d4e8f 1ba7a50457e93996 6e239f4dd4b6aed7 781aaf62a955e4e8 b6cdb608f640e038 3734d3b0b9232538 033d905aec273595 4dba7ce835494a63 20db73cf07a45f71 a492bd402afd5c71 0b774cf90856c4da 70776cdd9bb3b7d4 97d696011258825c 680bb5c5c3bb6ee1 7b81f1f2b6ec2e5f b0e254dd420faee3 061f3e1feeaa3094 128d583954b18074 72403ecdfe02bba6 03ed286136d7b3cf 26fc2a95df5659c2 ced9c56f2be86774 bee46c54461925d0
280,83f8aca6ee2caabc a9eef13786610446 9a439fd1abf95245 4f915ad69e1dca36 cec2eea2a1fe566a 52370bea1acd0600 4d7653ea9499eed4 9a0f5ee4f845c9b2 0bcaac840d5e66d7 c28bc62802b90f82 702d8f1064ab3e30 3986b68500d7704b 47fbe21f5c35c7b4 ff88049e61f0f4ef e0269da736ddf004 bd713b37b67866c3 fd30682593995748 2a06f5614060e3b6 39f6296778264878 e25a1da6ca187350 c31a456b544a40a8 3fa57d488e979d74 0708923badf2ff5d 734dabb98795c35c 942a7d26d81c841f bd0f175ee98c613e ae94d8435a6847f4 b6d0f83aad4e4dc7 b24820ae14e16a24 622f2e4119882c94
281,a76ffccd2f5df1a7 37001ade0df85823 5057551fc55e9ed2 b0e254dd420faee3 d72363ddd958d906 4dba7ce835494a63 354d7a327bbcc152 61ba7707ef6a5a99 0647acc4602d4e8f 7155e5a86136eb02 cec2eea2a1fe566a c606425856952286 97d696011258825c 419b5dc40744fb9b 77e2f7da1f9d3a8f 7eec211cc37a1b05 9b0e8cf8153e3b33 061f3e1feeaa3094 6406fcdb7d87b5dc e740c80fce094788 3734d3b0b9232538 01e5a6edcee7deb0 52e459a551d4ac2d 5867d40811c0229f 404031ab9d5977c4 3b6d27775fce1c7b 4577ae048ef1967d 033d905aec273595 0451447dd64f6284 39075e303166355e
282,5048a37f10cf2d91 8f578001f9d5f543 96445bec1579ec97 7ee52d2519eea367 a65e30106ea50423 095bb1b6ecbd0a50 765c0695339c3abe 8dc313a2cf9da354 00e1e2eb13f650e4 20db73cf07a45f71 2dd12c230ab22555 a9dad59c7055b56c 4c3802a1bd3c842e 5989fb934598c1a7 059bbdbdb843af6a f44f74b3451aa593 0772e3ab293a1f30 128d583954b18074 942a7d26d81c841f 4d7653ea9499eed4 9a0f5ee4f845c9b2 0bcaac840d5e66d7 c28bc62802b90f82 702d8f1064ab3e30 3986b68500d7704b 3fa57d488e979d74 ff88049e61f0f4ef e0269da736ddf004 2a06f5614060e3b6 bd713b37b67866c3
283,10ad13170242ecae 01e5a6edcee7deb0 42bb83d7c4b9ecae 7155e5a86136eb02 fc16a50ff0baec53 36d33c41812ce7dc 1f423f368aebf7f3 19b4014943e0ad92 0e45c4c185f35df6 0647acc4602d4e8f 0079f3c74309b582 ffc688c4c1c2a068 97d696011258825c f28fb3d9880c5d4c abf90e759d208468 a853f13216170123 538c7bb968b2154c 5b4c879fc9c316fb 64907c4568244eb4 65d44c6393907290 40583079f57235a6 061f3e1feeaa3094 e9c20b67a4c5395f 3734d3b0b9232538 055d895a3b26e466 0eb4de784c8dd679 4b8c7061102517ef 5867d40811c0229f 5d26da95786b3a3a 6a9aa1bd93e36e66
284,7155e5a86136eb02 a76ffccd2f5df1a7 d72363ddd958d906 39075e303166355e 0fbd0f422e926816 0451447dd64f6284 01e5a6edcee7deb0 190ab585fd379f0f 4dba7ce835494a63 395b26d91f98bd92 ffc688c4c1c2a068 0db6584e3bdfa1c4 5b16bae6a0de7c88 0897dcfae16e280f 37001ade0df85823 005666aa098abe8e 0647acc4602d4e8f 5057551fc55e9ed2 b3ad55963554f220 061f3e1feeaa3094 f105a53e5cfae611 3734d3b0b9232538 f705b637f624147e 0e45c4c185f35df6 97d696011258825c bfb8032f2183d471 520ec719078be07c 4d9214c0925e5af8 9cf6709de35bf0f3 45630e1451157ff3
285,5b4c879fc9c316fb 0647acc4602d4e8f 74244a8703c03720 3734d3b0b9232538 01e5a6edcee7deb0 bed3e73d52011f68 033d905aec273595 4dba7ce835494a63 6cb9ab508a0678a0 70776cdd9bb3b7d4 97d696011258825c 6a3919ad9ed8197e 18b1d2d84c97a364 522bd6887960c25d 061f3e1feeaa3094 fb8bd6b95eb4702a 8f578001f9d5f543 a0566ca9daca7778 72403ecdfe02bba6 6e12311169bcb24c 26fc2a95df5659c2 0079f3c74309b582 ced9c56f2be86774 bee46c54461925d0 5867d40811c0229f e228204ae08d1355 03ed286136d7b3cf b1dcaca98bb76736 ca4de5b8a7bda9df f105a53e5cfae611
286,7155e5a86136eb02 a76ffccd2f5df1a7 d72363ddd958d906 4dba7ce835494a63 ce8cb4351b8c0f6e 37001ade0df85823 0647acc4602d4e8f c606425856952286 97d696011258825c a9223c28b10c131f 05e4165a56bf50eb 8dedff0a79784abc b0e254dd420faee3 c5830f9d0f1e29e5 5057551fc55e9ed2 52370bea1acd0600 0688c790d5806540 061f3e1feeaa3094 3734d3b0b9232538 01e5a6edcee7deb0 285657fcdf89f00d 5867d40811c0229f 3b6d27775fce1c7b 033d905aec273595 0451447dd64f6284 39075e303166355e 387e9cd2e5d4ea7d 42bb83d7c4b9ecae 8e0cc5199a0ee659 66ccd03c9e03ac06
287,172bc0ee09332ae9 a18df74d3a16e9c0 7155e5a86136eb02 ffc688c4c1c2a068 ae94d8435a6847f4 4e966bb2768c2b8a f6d23cdd2359f7c0 db69d4cbfef8d22f 0e45c4c185f35df6 39075e303166355e e878efab7c37179e 0a79fabc6f5d93c9 486dd77002936dec 64c2e323906b42d3 4b8c7061102517ef 73f770f2643a2135 a84cd36608cb8665 455fde214d16d350 01e5a6edcee7deb0 29968e8fd13539f8 8d58da0e1800dc96 b26d8664feb18c8c 0cd920bad11c716d bfb8032f2183d471 0220a434aa8bf029 e9c20b67a4c5395f bc2ae5f4e5d53e00 0fbd0f422e926816 6aac5e116b75aa22 0a49074a4158155b
288,f25bfcffedaccf28 0a49074a4158155b b3e75fdca5ca2f1a d216e5458ad70e60 6aac5e116b75aa22 2359719a0f40ffac db69d4cbfef8d22f b8e2f75014710ced 999a52f1d301247c 0220a434aa8bf029 b0b5e62a93a2c37c c6b615b2589e036d 83b911ff0ff45844 28a2067685cb3e97 455fde214d16d350 4d7653ea9499eed4 aa0789b403bcd839 01ecc81f6341e902 eff60ceea8817dad 4d417b203b333363 96e82fa141db9a4b 64c2e323906b42d3 1d12acf7349196b0 bd713b37b67866c3 a60934e6b473097a ae94d8435a6847f4 dac29ed8400b50cc 29968e8fd13539f8 fd57e641d06ebda7 6aefb6531736648a
289,b0e254dd420faee3 37001ade0df85823 5057551fc55e9ed2 a76ffccd2f5df1a7 354d7a327bbcc152 65d44c6393907290 7155e5a86136eb02 c606425856952286 419b5dc40744fb9b 77e2f7da1f9d3a8f 6a9aa1bd93e36e66 7eec211cc37a1b05 33856365c271aea4 9b0e8cf8153e3b33 6406fcdb7d87b5dc e740c80fce094788 d72363ddd958d906 4dba7ce835494a63 52e459a551d4ac2d 404031ab9d5977c4 3b6d27775fce1c7b 4577ae048ef1967d 39075e303166355e 8e0cc5199a0ee659 07d688f5e2142b87 9c9ebf71707d7a37 b6cdb608f640e038 7d83ffe83f61bdc4 a18df74d3a16e9c0 a1314cd417504572
290,00d9f8d3f7d412b3 01e5a6edcee7deb0 acf5cb026b3c4551 3734d3b0b9232538 e9c20b67a4c5395f 7155e5a86136eb02 a853f13216170123 ba5199dba342af68 0451447dd64f6284 0cd920bad11c716d 0e45c4c185f35df6 0647acc4602d4e8f ffc688c4c1c2a068 97d696011258825c 061f3e1feeaa3094 01ecc81f6341e902 c5830f9d0f1e29e5 cba7e22bb383083a 52370bea1acd0600 4b8c7061102517ef 5867d40811c0229f 0eedb1a0d3b8ddae 172bc0ee09332ae9 033d905aec273595 4dba7ce835494a63 42bb83d7c4b9ecae 81b7c7e312bfa1a0 d72363ddd958d906 8dedff0a79784abc 66ccd03c9e03ac06
291,172bc0ee09332ae9 70ebf53ced736fa4 0220a434aa8bf029 7155e5a86136eb02 ffc688c4c1c2a068 0e45c4c185f35df6 486dd77002936dec 4b8c7061102517ef 01e5a6edcee7deb0 b26d8664feb18c8c bfb8032f2183d471 e9c20b67a4c5395f bc2ae5f4e5d53e00 0fbd0f422e926816 ae94d8435a6847f4 2820628e65a062e2 b2ee9eea2d974c90 0d0368139e9a647f 95166957b2c38794 db69d4cbfef8d22f 63d95d5977c2fe98 f2b5098ac9c92da9 83f5a9732f0de67f a18df74d3a16e9c0 ddb3810e0289c148 cea18be9a89d7a81 22e8d6734e4121ae 7b81f1f2b6ec2e5f 3986b68500d7704b a853f13216170123
292,ffc688c4c1c2a068 4fe9e4e55585ba4b f25bfcffedaccf28 628accd9be98503c 999a52f1d301247c b0b5e62a93a2c37c 83b911ff0ff45844 4d7653ea9499eed4 aa0789b403bcd839 0a49074a4158155b b3e75fdca5ca2f1a eff60ceea8817dad 4d417b203b333363 1d12acf7349196b0 bd713b37b67866c3 b8e2f75014710ced a492bd402afd5c71 e9c20b67a4c5395f 5fb2d8e734956af0 5430097e23000368 06de3ca1148b088b db69d4cbfef8d22f 44d324ebd3e22ad7 486dd77002936dec d216e5458ad70e60 976baf0e84752a68 f76f44d372517a9a 316382267dcd804f e7cad3748e50b0f8 04886579947a80c2
293,7b81f1f2b6ec2e5f 3986b68500d7704b 172bc0ee09332ae9 00d9f8d3f7d412b3 387e9cd2e5d4ea7d 7155e5a86136eb02 3b6d27775fce1c7b 0b774cf90856c4da ffc688c4c1c2a068 b6cdb608f640e038 6e239f4dd4b6aed7 0e45c4c185f35df6 128d583954b18074 1ba7a50457e93996 486dd77002936dec e4a7a996ed6a5a81 4b8c7061102517ef 781aaf62a955e4e8 2e44fbb8bc3d8d71 fb8bd6b95eb4702a 9f3d2ca16f358290 01e5a6edcee7deb0 0451447dd64f6284 b26d8664feb18c8c bfb8032f2183d471 e9c20b67a4c5395f bc2ae5f4e5d53e00 c810ac016901e8ac 0fbd0f422e926816 ae94d8435a6847f4
294,c08c3765ac609cc0 ce8cb4351b8c0f6e 48cf88c17ff38c5e bee46c54461925d0 4dba7ce835494a63 33856365c271aea4 37001ade0df85823 7155e5a86136eb02 c606425856952286 a76ffccd2f5df1a7 b0e254dd420faee3 f46601a9955f9949 6461a9faa871b3ac da7d3c2d591c4295 5057551fc55e9ed2 d72363ddd958d906 6aefb6531736648a a1314cd417504572 72403ecdfe02bba6 64267373570e4ea3 4a5ac473c9d176ba 26fc2a95df5659c2 d0f6c00eec5eb973 ced9c56f2be86774 a677c3a76055a6d2 65d44c6393907290 622f2e4119882c94 5f94b027039f4e48 b1dcaca98bb76736 74873b42602d8958
295,a76ffccd2f5df1a7 37001ade0df85823 9b0e8cf8153e3b33 5057551fc55e9ed2 b0e254dd420faee3 d72363ddd958d906 4dba7ce835494a63 354d7a327bbcc152 0647acc4602d4e8f 7155e5a86136eb02 c606425856952286 97d696011258825c aa967ad3c1f65a29 419b5dc40744fb9b 77e2f7da1f9d3a8f 7eec211cc37a1b05 061f3e1feeaa3094 6406fcdb7d87b5dc e740c80fce094788 3734d3b0b9232538 01e5a6edcee7deb0 52e459a551d4ac2d 5867d40811c0229f 404031ab9d5977c4 3b6d27775fce1c7b 4577ae048ef1967d 033d905aec273595 0451447dd64f6284 39075e303166355e 42bb83d7c4b9ecae
296,059bbdbdb843af6a 96445bec1579ec97 7ee52d2519eea367 a65e30106ea50423 095bb1b6ecbd0a50 765c0695339c3abe 8dc313a2cf9da354 00e1e2eb13f650e4 20db73cf07a45f71 2dd12c230ab22555 a9dad59c7055b56c 5048a37f10cf2d91 8f578001f9d5f543 4c3802a1bd3c842e 5989fb934598c1a7 f44f74b3451aa593 0772e3ab293a1f30 128d583954b18074 942a7d26d81c841f 4d7653ea9499eed4 9a0f5ee4f845c9b2 0bcaac840d5e66d7 c28bc62802b90f82 702d8f1064ab3e30 3986b68500d7704b 3fa57d488e979d74 ff88049e61f0f4ef e0269da736ddf004 2a06f5614060e3b6 bd713b37b67866c3
297,765c0695339c3abe 20db73cf07a45f71 a04d6febd82a4389 069e7e25e43deab3 1a8e5d6512d9e2d8 238de368bb05c0ec 0708923badf2ff5d 016da874bd04df55 7ee52d2519eea367 095bb1b6ecbd0a50 47fbe21f5c35c7b4 22dc81380cf4baec 28403e62105b00f6 8dc313a2cf9da354 00e1e2eb13f650e4 2dd12c230ab22555 da904d2a54ff8cf2 5048a37f10cf2d91 daa257a37227cd72 8f578001f9d5f543 4c3802a1bd3c842e 5989fb934598c1a7 059bbdbdb843af6a f44f74b3451aa593 ec1b3d7ccd3984d0 0772e3ab293a1f30 c28bc62802b90f82 128d583954b18074 0bcaac840d5e66d7 702d8f1064ab3e30
298,f44f74b3451aa593 70776cdd9bb3b7d4 72403ecdfe02bba6 0647acc4602d4e8f cea18be9a89d7a81 f1a3b8b13e9401c0 1ba7a50457e93996 0451447dd64f6284 42bb83d7c4b9ecae 3734d3b0b9232538 3b4a85bac6ead3c8 01e5a6edcee7deb0 6cb9ab508a0678a0 3986b68500d7704b 050544c040f46152 e4a7a996ed6a5a81 033d905aec273595 4dba7ce835494a63 74873b42602d8958 0b774cf90856c4da bb7515be835dea49 97d696011258825c fc8971756f9ec194 b50b4e27b03c7b37 7b81f1f2b6ec2e5f b9d966ad9e04127a e403278468d84383 95d25d38ba7df9c7 061f3e1feeaa3094 128d583954b18074
299,eff60ceea8817dad 4d7653ea9499eed4 f25bfcffedaccf28 5430097e23000368 4d417b203b333363 b8e2f75014710ced 976baf0e84752a68 ffc688c4c1c2a068 04886579947a80c2 453bc79164d57a01 8a5635c748344d47 999a52f1d301247c d3c4a7db726191e0 e6a29676c096f8e8 db69d4cbfef8d22f b0b5e62a93a2c37c f9c6286cff30aaa8 83b911ff0ff45844 6e239f4dd4b6aed7 83f8f2fc471cad74 aa0789b403bcd839 4fe9e4e55585ba4b 628accd9be98503c 5fb2d8e734956af0 0a49074a4158155b b3e75fdca5ca2f1a da904d2a54ff8cf2 1d12acf7349196b0 bd713b37b67866c3 ff88049e61f0f4ef
300,3734d3b0b9232538 0647acc4602d4e8f 4dba7ce835494a63 a853f13216170123 9a0f5ee4f845c9b2 01e5a6edcee7deb0 0451447dd64f6284 120e745e2961b5d5 033d905aec273595 7d83ffe83f61bdc4 cc2cc23a98c14c33 70776cdd9bb3b7d4 97d696011258825c a18df74d3a16e9c0 7eec211cc37a1b05 bc27d5dc9bab1c18 00d9f8d3f7d412b3 061f3e1feeaa3094 acf5cb026b3c4551 01ecc81f6341e902 c5830f9d0f1e29e5 72403ecdfe02bba6 cba7e22bb383083a 52370bea1acd0600 26fc2a95df5659c2 ced9c56f2be86774 bee46c54461925d0 5867d40811c0229f 148ac4a56a18844d b1dcaca98bb76736
301,765c0695339c3abe 1fe79c7de59ff6c6 7ee52d2519eea367 095bb1b6ecbd0a50 8dc313a2cf9da354 00e1e2eb13f650e4 20db73cf07a45f71 2dd12c230ab22555 5048a37f10cf2d91 8f578001f9d5f543 4c3802a1bd3c842e 5989fb934598c1a7 059bbdbdb843af6a f44f74b3451aa593 0772e3ab293a1f30 128d583954b18074 fd30682593995748 47fbe21f5c35c7b4 366a22fce0614fb8 52370bea1acd0600 4d7653ea9499eed4 9a0f5ee4f845c9b2 0bcaac840d5e66d7 c28bc62802b90f82 702d8f1064ab3e30 3986b68500d7704b 3fa57d488e979d74 ff88049e61f0f4ef e0269da736ddf004 bd713b37b67866c3
302,4a5ac473c9d176ba d72363ddd958d906 e9c20b67a4c5395f 37001ade0df85823 95d25d38ba7df9c7 70776cdd9bb3b7d4 7155e5a86136eb02 c606425856952286 a76ffccd2f5df1a7 b0e254dd420faee3 f46601a9955f9949 6461a9faa871b3ac da7d3c2d591c4295 ae77487a89f2610c 5057551fc55e9ed2 edc79e57b20e9036 acf5cb026b3c4551 bee46c54461925d0 4dba7ce835494a63 33856365c271aea4 01ecc81f6341e902 6aefb6531736648a a1314cd417504572 c5830f9d0f1e29e5 a853f13216170123 48cf88c17ff38c5e cba7e22bb383083a c08c3765ac609cc0 64267373570e4ea3 19b4014943e0ad92
303,5c4b7558c942a224 10ad13170242ecae 4f2fffd7528de786 9fda36f260eec24e 5b4c879fc9c316fb 07be6a290720707d 8e83d05923cde390 65d44c6393907290 ca43e349133fc0e3 36d33c41812ce7dc 42bb83d7c4b9ecae 42a5cae2a3a45557 33856365c271aea4 c96049ed915ced0a 19b4014943e0ad92 2e44fbb8bc3d8d71 fc16a50ff0baec53 9a439fd1abf95245 74244a8703c03720 1f423f368aebf7f3 3c0873ce078d332b 7c8324ce28ffb96e c03b11a0cdc3fa39 c28bc62802b90f82 b6cdb608f640e038 c606425856952286 7d83ffe83f61bdc4 a18df74d3a16e9c0 a1314cd417504572 9a0f5ee4f845c9b2
304,fd30682593995748 ffa9091747ae2466 bbbd5d2fd957e8f7 765c0695339c3abe 095bb1b6ecbd0a50 155600e5f1221f8c da7d3c2d591c4295 7ee52d2519eea367 a65e30106ea50423 0708923badf2ff5d 4e966bb2768c2b8a 4f2fffd7528de786 00140806971e7a73 65ad9c583823162d 106204cd0e07e1b2 8dc313a2cf9da354 00e1e2eb13f650e4 20db73cf07a45f71 2dd12c230ab22555 5048a37f10cf2d91 b760ebc5f25788d3 b7d7d9ae1cbe0d8a 8f578001f9d5f543 e1460af4a7044067 4c3802a1bd3c842e 5989fb934598c1a7 bfb8032f2183d471 059bbdbdb843af6a bc27d5dc9bab1c18 96445bec1579ec97
305,fa173131f15f5534 c5830f9d0f1e29e5 81b7c7e312bfa1a0 a853f13216170123 47fbe21f5c35c7b4 ec4ef2f727e7a03f d6bbbd6c4968075a 00d9f8d3f7d412b3 fd57e641d06ebda7 acf5cb026b3c4551 855f2f0354e102c7 01ecc81f6341e902 cba7e22bb383083a 52370bea1acd0600 54a11cbcd7a32af4 e9c20b67a4c5395f 0eedb1a0d3b8ddae 0451447dd64f6284 65254e0d209fd66e ec1b3d7ccd3984d0 238de368bb05c0ec 00af886180e9eaec 01b3da54ffb158a0 8dedff0a79784abc d6ed7e4b14c51296 3734d3b0b9232538 2e44fbb8bc3d8d71 e8b87ed7db1bcb1f 7f29daa16b9b4cda d16da1fb61813db9
306,f25bfcffedaccf28 0a49074a4158155b eff60ceea8817dad d216e5458ad70e60 6aac5e116b75aa22 2359719a0f40ffac 4d417b203b333363 db69d4cbfef8d22f 976baf0e84752a68 ffc688c4c1c2a068 b8e2f75014710ced 453bc79164d57a01 999a52f1d301247c d3c4a7db726191e0 e6a29676c096f8e8 0220a434aa8bf029 b0b5e62a93a2c37c 83b911ff0ff45844 28a2067685cb3e97 455fde214d16d350 4d7653ea9499eed4 aa0789b403bcd839 4fe9e4e55585ba4b 628accd9be98503c b3e75fdca5ca2f1a 01ecc81f6341e902 96e82fa141db9a4b 64c2e323906b42d3 1d12acf7349196b0 bd713b37b67866c3
307,ffc688c4c1c2a068 628accd9be98503c 9f27aa36c1ea793c 855f2f0354e102c7 976baf0e84752a68 451e7ba901ad661d 4d29c6922b2d0d56 e6a29676c096f8e8 453bc79164d57a01 e9c20b67a4c5395f eff60ceea8817dad d3c4a7db726191e0 4fe9e4e55585ba4b db7342eff9200020 7c98dedd223b36c0 2b48ab08c915c0ad 4d417b203b333363 204ec91c39d1479d f25bfcffedaccf28 83f8f2fc471cad74 702d8f1064ab3e30 ff88049e61f0f4ef c28bc62802b90f82 0bcaac840d5e66d7 e0269da736ddf004 bd713b37b67866c3 9a0f5ee4f845c9b2 3986b68500d7704b fd30682593995748 39f6296778264878
308,0647acc4602d4e8f 3734d3b0b9232538 033d905aec273595 4dba7ce835494a63 01e5a6edcee7deb0 70776cdd9bb3b7d4 97d696011258825c 26fc2a95df5659c2 b1dcaca98bb76736 366a22fce0614fb8 061f3e1feeaa3094 0451447dd64f6284 451e7ba901ad661d 72403ecdfe02bba6 74244a8703c03720 2cebd52b41930f0a ced9c56f2be86774 bee46c54461925d0 fab14d178b24a67f 5867d40811c0229f 45630e1451157ff3 19b4014943e0ad92 52e459a551d4ac2d 0b0021aa60d05daa f105a53e5cfae611 1a05ef8c93af8eed 9a0f5ee4f845c9b2 c08c3765ac609cc0 33856365c271aea4 42bb83d7c4b9ecae
309,97d696011258825c 01e5a6edcee7deb0 ffc688c4c1c2a068 0647acc4602d4e8f 7155e5a86136eb02 3734d3b0b9232538 1ba7a50457e93996 172bc0ee09332ae9 0e45c4c185f35df6 4dba7ce835494a63 033d905aec273595 120e745e2961b5d5 f54ad8d1eb18212e 2394b08708475900 70776cdd9bb3b7d4 a853f13216170123 e7cad3748e50b0f8 204ec91c39d1479d 898a4921ab9f4cce 64907c4568244eb4 50cb6a6c60ad711a 77e2f7da1f9d3a8f 061f3e1feeaa3094 e9c20b67a4c5395f 72403ecdfe02bba6 26fc2a95df5659c2 22e8d6734e4121ae ced9c56f2be86774 70ebf53ced736fa4 bee46c54461925d0
310,8e83d05923cde390 10ad13170242ecae 42bb83d7c4b9ecae 4f2fffd7528de786 1f423f368aebf7f3 19b4014943e0ad92 0647acc4602d4e8f 9fda36f260eec24e 97d696011258825c 5b4c879fc9c316fb 07be6a290720707d 65d44c6393907290 061f3e1feeaa3094 3734d3b0b9232538 01e5a6edcee7deb0 ca43e349133fc0e3 36d33c41812ce7dc 5c4b7558c942a224 5867d40811c0229f 42a5cae2a3a45557 33856365c271aea4 4dba7ce835494a63 033d905aec273595 0451447dd64f6284 c96049ed915ced0a d72363ddd958d906 66ccd03c9e03ac06 2e44fbb8bc3d8d71 fc16a50ff0baec53 9a439fd1abf95245
311,285657fcdf89f00d ad06e9eeea8eb4ea 3734d3b0b9232538 7155e5a86136eb02 a853f13216170123 0772e3ab293a1f30 01e5a6edcee7deb0 4dba7ce835494a63 66ccd03c9e03ac06 db69d4cbfef8d22f a76ffccd2f5df1a7 d72363ddd958d906 1f423f368aebf7f3 4522ad78bf79f0c9 0647acc4602d4e8f e9c20b67a4c5395f 4483bbdd3241f11a 172bc0ee09332ae9 daa257a37227cd72 07be6a290720707d 83b911ff0ff45844 0451447dd64f6284 98dbd15aa33ebc18 7ee52d2519eea367 60a070db9f1869b5 48a76e3aff69d605 70776cdd9bb3b7d4 ffc688c4c1c2a068 1c3b74a02a86467d 033d905aec273595
312,6e239f4dd4b6aed7 4d7653ea9499eed4 db69d4cbfef8d22f 5430097e23000368 eff60ceea8817dad b8e2f75014710ced d64c7c3b658689f4 f25bfcffedaccf28 04886579947a80c2 8a5635c748344d47 999a52f1d301247c b0b5e62a93a2c37c f9c6286cff30aaa8 83b911ff0ff45844 f05fa5f57dc03e81 aa0789b403bcd839 5fb2d8e734956af0 0a49074a4158155b b3e75fdca5ca2f1a 4d417b203b333363 da904d2a54ff8cf2 1d12acf7349196b0 bd713b37b67866c3 ff88049e61f0f4ef e25a1da6ca187350 c11b97f245a9dfd0 238ec735a13a3f09 29968e8fd13539f8 06de3ca1148b088b 83f8f2fc471cad74
313,c5830f9d0f1e29e5 37001ade0df85823 7155e5a86136eb02 c606425856952286 b9d966ad9e04127a a76ffccd2f5df1a7 90ecb28f2edb9d43 b0e254dd420faee3 7c9248ed6224aa26 377c1150c781e37a 5057551fc55e9ed2 d72363ddd958d906 4dba7ce835494a63 bc2552a642ce8497 b0bfe0f426275870 3b6d27775fce1c7b 39075e303166355e feddfcf56818968e eab15ee21e126f6a 765c0695339c3abe 8e0cc5199a0ee659 0220a434aa8bf029 b6cdb608f640e038 7d83ffe83f61bdc4 a18df74d3a16e9c0 a1314cd417504572 9a0f5ee4f845c9b2 bee46c54461925d0 52e459a551d4ac2d 6461a9faa871b3ac
314,cea18be9a89d7a81 7b81f1f2b6ec2e5f 3986b68500d7704b 172bc0ee09332ae9 00d9f8d3f7d412b3 01e5a6edcee7deb0 190ab585fd379f0f 0451447dd64f6284 2b48ab08c915c0ad 66ccd03c9e03ac06 e4a7a996ed6a5a81 7155e5a86136eb02 39075e303166355e 74873b42602d8958 0b774cf90856c4da ffc688c4c1c2a068 0db6584e3bdfa1c4 0647acc4602d4e8f 033d905aec273595 b3ad55963554f220 061f3e1feeaa3094 3734d3b0b9232538 0e45c4c185f35df6 128d583954b18074 97d696011258825c 520ec719078be07c 9cf6709de35bf0f3 1ba7a50457e93996 486dd77002936dec 4b8c7061102517ef
315,eff60ceea8817dad 6e239f4dd4b6aed7 4d7653ea9499eed4 db69d4cbfef8d22f f25bfcffedaccf28 5430097e23000368 4d417b203b333363 b8e2f75014710ced 976baf0e84752a68 d64c7c3b658689f4 ffc688c4c1c2a068 04886579947a80c2 453bc79164d57a01 8a5635c748344d47 999a52f1d301247c d3c4a7db726191e0 e6a29676c096f8e8 b0b5e62a93a2c37c f9c6286cff30aaa8 83b911ff0ff45844 83f8f2fc471cad74 f05fa5f57dc03e81 aa0789b403bcd839 4fe9e4e55585ba4b 628accd9be98503c 5fb2d8e734956af0 0a49074a4158155b b3e75fdca5ca2f1a da904d2a54ff8cf2 1d12acf7349196b0
316,eff60ceea8817dad 4d7653ea9499eed4 f25bfcffedaccf28 5430097e23000368 4d417b203b333363 b8e2f75014710ced 976baf0e84752a68 ffc688c4c1c2a068 04886579947a80c2 453bc79164d57a01 8a5635c748344d47 999a52f1d301247c d3c4a7db726191e0 e6a29676c096f8e8 db69d4cbfef8d22f b0b5e62a93a2c37c f9c6286cff30aaa8 83b911ff0ff45844 6e239f4dd4b6aed7 83f8f2fc471cad74 aa0789b403bcd839 4fe9e4e55585ba4b 628accd9be98503c 5fb2d8e734956af0 0a49074a4158155b b3e75fdca5ca2f1a da904d2a54ff8cf2 1d12acf7349196b0 bd713b37b67866c3 ff88049e61f0f4ef
317,c08c3765ac609cc0 0647acc4602d4e8f 48cf88c17ff38c5e bee46c54461925d0 3734d3b0b9232538 01e5a6edcee7deb0 33856365c271aea4 033d905aec273595 4dba7ce835494a63 1f423f368aebf7f3 70776cdd9bb3b7d4 97d696011258825c f46601a9955f9949 6461a9faa871b3ac da7d3c2d591c4295 061f3e1feeaa3094 6aefb6531736648a a1314cd417504572 72403ecdfe02bba6 64267373570e4ea3 4a5ac473c9d176ba 26fc2a95df5659c2 d0f6c00eec5eb973 ced9c56f2be86774 65d44c6393907290 a677c3a76055a6d2 5867d40811c0229f 622f2e4119882c94 b1dcaca98bb76736 74873b42602d8958
318,abf90e759d208468 10ad13170242ecae 42bb83d7c4b9ecae fc16a50ff0baec53 36d33c41812ce7dc 1f423f368aebf7f3 19b4014943e0ad92 0647acc4602d4e8f 0079f3c74309b582 97d696011258825c f28fb3d9880c5d4c 538c7bb968b2154c 5b4c879fc9c316fb 64907c4568244eb4 65d44c6393907290 40583079f57235a6 061f3e1feeaa3094 3734d3b0b9232538 055d895a3b26e466 01e5a6edcee7deb0 0eb4de784c8dd679 5867d40811c0229f 5d26da95786b3a3a 6a9aa1bd93e36e66 33856365c271aea4 ac9ee0c09b538140 4dba7ce835494a63 033d905aec273595 0451447dd64f6284 c96049ed915ced0a
319,83f8f2fc471cad74 29968e8fd13539f8 4f31209941bb05fc c11b97f245a9dfd0 ca43e349133fc0e3 bd713b37b67866c3 b760ebc5f25788d3 2a06f5614060e3b6 da904d2a54ff8cf2 8a5635c748344d47 4d7653ea9499eed4 0688c790d5806540 6e239f4dd4b6aed7 aa0789b403bcd839 04886579947a80c2 5430097e23000368 5fb2d8e734956af0 f9c6286cff30aaa8 09bbaa171c20bae3 ff88049e61f0f4ef 942a7d26d81c841f e25a1da6ca187350 59c231f8fd21260c b8e2f75014710ced eff60ceea8817dad 238ec735a13a3f09 db69d4cbfef8d22f 09660f466b38b7ba 3fa57d488e979d74 39f6296778264878
320,0220a434aa8bf029 66ccd03c9e03ac06 0647acc4602d4e8f 033d905aec273595 061f3e1feeaa3094 3734d3b0b9232538 97d696011258825c 486dd77002936dec b26d8664feb18c8c 42bb83d7c4b9ecae bfb8032f2183d471 172bc0ee09332ae9 d72363ddd958d906 70ebf53ced736fa4 bc2ae5f4e5d53e00 ae94d8435a6847f4 72b80b099fd64ec4 2820628e65a062e2 b2ee9eea2d974c90 0d0368139e9a647f 95166957b2c38794 10ad13170242ecae 050544c040f46152 63d95d5977c2fe98 70776cdd9bb3b7d4 5867d40811c0229f f2b5098ac9c92da9 a18df74d3a16e9c0 83f5a9732f0de67f a76ffccd2f5df1a7
321,2cebd52b41930f0a 3b4a85bac6ead3c8 bb7515be835dea49 70776cdd9bb3b7d4 fc8971756f9ec194 ebfda3b48083e390 b9d966ad9e04127a 95d25d38ba7df9c7 39f6296778264878 72403ecdfe02bba6 26fc2a95df5659c2 9b2adcf4041227d7 ced9c56f2be86774 bee46c54461925d0 2810fb6f81d1711c b1dcaca98bb76736 b78189788d563693 f105a53e5cfae611 9a0f5ee4f845c9b2 01e5a6edcee7deb0 f2e30efbd27bee51 366a22fce0614fb8 c08c3765ac609cc0 74244a8703c03720 f44f74b3451aa593 42bb83d7c4b9ecae 27a12f29dceccdbd dea5e9227fbbac29 1ba7a50457e93996 781aaf62a955e4e8
322,5d26da95786b3a3a 7155e5a86136eb02 fc16a50ff0baec53 10ad13170242ecae 36d33c41812ce7dc 0e45c4c185f35df6 0079f3c74309b582 ffc688c4c1c2a068 f28fb3d9880c5d4c abf90e759d208468 01e5a6edcee7deb0 a853f13216170123 538c7bb968b2154c 5b4c879fc9c316fb 64907c4568244eb4 65d44c6393907290 40583079f57235a6 e9c20b67a4c5395f 055d895a3b26e466 0eb4de784c8dd679 42bb83d7c4b9ecae 4b8c7061102517ef 6a9aa1bd93e36e66 172bc0ee09332ae9 33856365c271aea4 ac9ee0c09b538140 c96049ed915ced0a 19b4014943e0ad92 2e44fbb8bc3d8d71 9a439fd1abf95245
323,285657fcdf89f00d b0e254dd420faee3 00ff646ca6637bd7 ad06e9eeea8eb4ea 7155e5a86136eb02 ced9c56f2be86774 72b80b099fd64ec4 a76ffccd2f5df1a7 d72363ddd958d906 39075e303166355e 4dba7ce835494a63 5989fb934598c1a7 a492bd402afd5c71 37001ade0df85823 e740c80fce094788 65d44c6393907290 197fa50b30d91fe8 a1314cd417504572 0647acc4602d4e8f d0f6c00eec5eb973 28403e62105b00f6 c606425856952286 48a76e3aff69d605 b749972436ac9791 97d696011258825c c143c095983a65c2 d16da1fb61813db9 6a9aa1bd93e36e66 da7d3c2d591c4295 33856365c271aea4
324,7155e5a86136eb02 db69d4cbfef8d22f 6aac5e116b75aa22 3b6d27775fce1c7b d216e5458ad70e60 0a49074a4158155b 2359719a0f40ffac f25bfcffedaccf28 39075e303166355e ffc688c4c1c2a068 a76ffccd2f5df1a7 64c2e323906b42d3 a60934e6b473097a ae94d8435a6847f4 37001ade0df85823 28a2067685cb3e97 5057551fc55e9ed2 0220a434aa8bf029 d72363ddd958d906 0e45c4c185f35df6 0eedb1a0d3b8ddae 4b8c7061102517ef a84cd36608cb8665 172bc0ee09332ae9 6aefb6531736648a c606425856952286 455fde214d16d350 01e5a6edcee7deb0 29968e8fd13539f8 8d58da0e1800dc96
325,e9c20b67a4c5395f 04886579947a80c2 238ec735a13a3f09 c31a456b544a40a8 26140b225c4f8d3f 628accd9be98503c 8a5635c748344d47 43c354dbf952caaa ffc688c4c1c2a068 5879096a38d69fc5 877672967d3f70bb 09660f466b38b7ba da904d2a54ff8cf2 4d7653ea9499eed4 6e239f4dd4b6aed7 5fb2d8e734956af0 5430097e23000368 f9c6286cff30aaa8 942a7d26d81c841f e8684734f2e587bd ff88049e61f0f4ef e25a1da6ca187350 c11b97f245a9dfd0 59c231f8fd21260c b8e2f75014710ced 29968e8fd13539f8 eff60ceea8817dad a52df8083c238c46 db69d4cbfef8d22f 01020d1b0821f4c7
326,f25bfcffedaccf28 0a49074a4158155b eff60ceea8817dad d216e5458ad70e60 6aac5e116b75aa22 2359719a0f40ffac 4d417b203b333363 db69d4cbfef8d22f 976baf0e84752a68 ffc688c4c1c2a068 b8e2f75014710ced 453bc79164d57a01 999a52f1d301247c d3c4a7db726191e0 e6a29676c096f8e8 0220a434aa8bf029 b0b5e62a93a2c37c 83b911ff0ff45844 28a2067685cb3e97 455fde214d16d350 4d7653ea9499eed4 aa0789b403bcd839 4fe9e4e55585ba4b 628accd9be98503c b3e75fdca5ca2f1a 01ecc81f6341e902 96e82fa141db9a4b 64c2e323906b42d3 1d12acf7349196b0 bd713b37b67866c3
327,8bf446c0455e3c5c 9269d2b0d877352d 005666aa098abe8e 922e625fae98b3b9 6461a9faa871b3ac 39075e303166355e a84cd36608cb8665 db69d4cbfef8d22f 455fde214d16d350 0220a434aa8bf029 48cf88c17ff38c5e 9ab90dfc5c9b0b37 29968e8fd13539f8 8d58da0e1800dc96 0cd920bad11c716d 6aac5e116b75aa22 0a49074a4158155b 96e82fa141db9a4b f25bfcffedaccf28 2359719a0f40ffac dac29ed8400b50cc b26d8664feb18c8c a18df74d3a16e9c0 0bcaac840d5e66d7 05f23e7d05dbf7c2 016da874bd04df55 d216e5458ad70e60 4b29fc21f912754d f05fa5f57dc03e81 f48d0fbea7dc2782
328,4d7653ea9499eed4 5430097e23000368 eff60ceea8817dad b8e2f75014710ced f25bfcffedaccf28 09660f466b38b7ba 04886579947a80c2 8a5635c748344d47 999a52f1d301247c db69d4cbfef8d22f b0b5e62a93a2c37c f9c6286cff30aaa8 83b911ff0ff45844 6e239f4dd4b6aed7 aa0789b403bcd839 5fb2d8e734956af0 0a49074a4158155b b3e75fdca5ca2f1a 4d417b203b333363 da904d2a54ff8cf2 1d12acf7349196b0 64b31699d7d15934 bd713b37b67866c3 ff88049e61f0f4ef c11b97f245a9dfd0 e25a1da6ca187350 28a2067685cb3e97 bd9cd6b87a4fe0ce 238ec735a13a3f09 29968e8fd13539f8
329,628accd9be98503c 5570ef88d970e9b4 976baf0e84752a68 451e7ba901ad661d ffc688c4c1c2a068 e6a29676c096f8e8 4d29c6922b2d0d56 453bc79164d57a01 4e966bb2768c2b8a eff60ceea8817dad d3c4a7db726191e0 0f33ce8d8014f308 4fe9e4e55585ba4b 7c98dedd223b36c0 db7342eff9200020 bfb8032f2183d471 2b48ab08c915c0ad 98dbd15aa33ebc18 6aac5e116b75aa22 4d417b203b333363 92f42fbd0c38f7fd de8e1345e8c305c4 204ec91c39d1479d 9c9a9d45c2ea7ddf bc2552a642ce8497 f25bfcffedaccf28 83f8f2fc471cad74 3fa57d488e979d74 3986b68500d7704b 702d8f1064ab3e30
330,7d83ffe83f61bdc4 0647acc4602d4e8f 3734d3b0b9232538 01e5a6edcee7deb0 4dba7ce835494a63 7155e5a86136eb02 9a0f5ee4f845c9b2 120e745e2961b5d5 172bc0ee09332ae9 0e45c4c185f35df6 033d905aec273595 cc2cc23a98c14c33 70776cdd9bb3b7d4 ffc688c4c1c2a068 97d696011258825c a853f13216170123 a18df74d3a16e9c0 7eec211cc37a1b05 bc27d5dc9bab1c18 061f3e1feeaa3094 e9c20b67a4c5395f 72403ecdfe02bba6 26fc2a95df5659c2 ced9c56f2be86774 70ebf53ced736fa4 bee46c54461925d0 4b8c7061102517ef 5867d40811c0229f 148ac4a56a18844d b1dcaca98bb76736
331,00ff646ca6637bd7 39075e303166355e 5989fb934598c1a7 a492bd402afd5c71 37001ade0df85823 e740c80fce094788 197fa50b30d91fe8 7155e5a86136eb02 28403e62105b00f6 c606425856952286 72b80b099fd64ec4 ced9c56f2be86774 b749972436ac9791 a76ffccd2f5df1a7 b0e254dd420faee3 c143c095983a65c2 285657fcdf89f00d d16da1fb61813db9 5057551fc55e9ed2 db0e648651f4c92b 430feb4826a5632e d72363ddd958d906 4dba7ce835494a63 a982b5c3aed39396 9269d2b0d877352d 87c5481930cfe126 3b6d27775fce1c7b ca43e349133fc0e3 f54ad8d1eb18212e 8e0cc5199a0ee659
332,b749972436ac9791 d5952b2e031c4e7e bbbd5d2fd957e8f7 47fbe21f5c35c7b4 52370bea1acd0600 4d7653ea9499eed4 9a0f5ee4f845c9b2 0bcaac840d5e66d7 c28bc62802b90f82 cea18be9a89d7a81 3986b68500d7704b 3fa57d488e979d74 ff88049e61f0f4ef e0269da736ddf004 bd713b37b67866c3 fd30682593995748 2a06f5614060e3b6 39f6296778264878 e25a1da6ca187350 702d8f1064ab3e30 e7cad3748e50b0f8 0708923badf2ff5d 734dabb98795c35c 942a7d26d81c841f bd0f175ee98c613e ae94d8435a6847f4 b6d0f83aad4e4dc7 b24820ae14e16a24 5fb2d8e734956af0 4b8c7061102517ef
333,ae77487a89f2610c 8b7c486a910dd004 4c3802a1bd3c842e a813c15b46ceaf68 7155e5a86136eb02 765c0695339c3abe 7ee52d2519eea367 4b8c7061102517ef 00e1e2eb13f650e4 ffc688c4c1c2a068 781aaf62a955e4e8 095bb1b6ecbd0a50 8f578001f9d5f543 e9c20b67a4c5395f 8dc313a2cf9da354 0e45c4c185f35df6 059bbdbdb843af6a 20db73cf07a45f71 2dd12c230ab22555 5048a37f10cf2d91 f44f74b3451aa593 db69d4cbfef8d22f 172bc0ee09332ae9 128d583954b18074 01e5a6edcee7deb0 0772e3ab293a1f30 5989fb934598c1a7 0fbd0f422e926816 a853f13216170123 70ebf53ced736fa4
334,3734d3b0b9232538 00d9f8d3f7d412b3 81b7c7e312bfa1a0 0451447dd64f6284 c5830f9d0f1e29e5 47fbe21f5c35c7b4 a853f13216170123 10ad13170242ecae 0647acc4602d4e8f fd57e641d06ebda7 cba7e22bb383083a 0eedb1a0d3b8ddae 97d696011258825c 52370bea1acd0600 acf5cb026b3c4551 ec4ef2f727e7a03f d6bbbd6c4968075a 01b3da54ffb158a0 061f3e1feeaa3094 4dba7ce835494a63 033d905aec273595 855f2f0354e102c7 8dedff0a79784abc d6ed7e4b14c51296 01ecc81f6341e902 01e5a6edcee7deb0 e461837f0fb35048 54a11cbcd7a32af4 5867d40811c0229f 19b4014943e0ad92
335,ecb768ef6fd223ca c05f45f86d0771d5 c606425856952286 d5805cdb9e8f0f48 4d7653ea9499eed4 9a0f5ee4f845c9b2 0bcaac840d5e66d7 c28bc62802b90f82 702d8f1064ab3e30 3986b68500d7704b 3fa57d488e979d74 52370bea1acd0600 e0269da736ddf004 bd713b37b67866c3 fd30682593995748 2a06f5614060e3b6 39f6296778264878 e25a1da6ca187350 c31a456b544a40a8 ff88049e61f0f4ef 734dabb98795c35c 942a7d26d81c841f bd0f175ee98c613e ae94d8435a6847f4 b6d0f83aad4e4dc7 b24820ae14e16a24 622f2e4119882c94 4b8c7061102517ef 47fbe21f5c35c7b4 5ebb4d2f5f1c1f13
336,7eec211cc37a1b05 a76ffccd2f5df1a7 047769588be1aea9 37001ade0df85823 39075e303166355e f49e13a653cbdad2 5b16bae6a0de7c88 190ab585fd379f0f 5057551fc55e9ed2 b0e254dd420faee3 d72363ddd958d906 4dba7ce835494a63 9a439fd1abf95245 702d8f1064ab3e30 005666aa098abe8e 354d7a327bbcc152 0647acc4602d4e8f 7155e5a86136eb02 c606425856952286 6d80d2e62d01f6bc 97d696011258825c 7b81f1f2b6ec2e5f 419b5dc40744fb9b 77e2f7da1f9d3a8f d73a65673e3f1d78 43b3338423d7386c 9ab90dfc5c9b0b37 f105a53e5cfae611 9b0e8cf8153e3b33 061f3e1feeaa3094
337,83b911ff0ff45844 06de3ca1148b088b ffc688c4c1c2a068 a853f13216170123 ce2fe99a7cda4a17 f25bfcffedaccf28 db69d4cbfef8d22f 999a52f1d301247c b0b5e62a93a2c37c 50ba507a268872e1 0220a434aa8bf029 70ebf53ced736fa4 4b8c7061102517ef 0e45c4c185f35df6 7155e5a86136eb02 4d7653ea9499eed4 aa0789b403bcd839 0a49074a4158155b b3e75fdca5ca2f1a 585f4ee09d8fea46 eff60ceea8817dad 4d417b203b333363 d16da1fb61813db9 1d12acf7349196b0 bd713b37b67866c3 81b7c7e312bfa1a0 74ae9af23a383bf5 01e5a6edcee7deb0 83f5a9732f0de67f b8e2f75014710ced
338,04886579947a80c2 8a5635c748344d47 877672967d3f70bb a52df8083c238c46 da904d2a54ff8cf2 4d7653ea9499eed4 6e239f4dd4b6aed7 5430097e23000368 628accd9be98503c 486dd77002936dec f9c6286cff30aaa8 942a7d26d81c841f ff88049e61f0f4ef b26d8664feb18c8c 172bc0ee09332ae9 bfb8032f2183d471 c11b97f245a9dfd0 e25a1da6ca187350 bc2ae5f4e5d53e00 59c231f8fd21260c b8e2f75014710ced ae94d8435a6847f4 b2ee9eea2d974c90 2820628e65a062e2 0d0368139e9a647f 95166957b2c38794 29968e8fd13539f8 5fb2d8e734956af0 63d95d5977c2fe98 eff60ceea8817dad
339,0451447dd64f6284 00d9f8d3f7d412b3 7b81f1f2b6ec2e5f 3986b68500d7704b 7155e5a86136eb02 781aaf62a955e4e8 3b6d27775fce1c7b 01e5a6edcee7deb0 4dba7ce835494a63 a76ffccd2f5df1a7 d72363ddd958d906 6e239f4dd4b6aed7 45630e1451157ff3 0fbd0f422e926816 f105a53e5cfae611 0647acc4602d4e8f 3734d3b0b9232538 1ba7a50457e93996 172bc0ee09332ae9 1a05ef8c93af8eed e4a7a996ed6a5a81 395b26d91f98bd92 0b774cf90856c4da 70776cdd9bb3b7d4 ffc688c4c1c2a068 a853f13216170123 5b16bae6a0de7c88 b6cdb608f640e038 0897dcfae16e280f 033d905aec273595
340,25145708d494530b 3ca7964973437917 47fbe21f5c35c7b4 52370bea1acd0600 4d7653ea9499eed4 9a0f5ee4f845c9b2 0bcaac840d5e66d7 c28bc62802b90f82 702d8f1064ab3e30 bbbd5d2fd957e8f7 3fa57d488e979d74 ff88049e61f0f4ef e0269da736ddf004 bd713b37b67866c3 fd30682593995748 2a06f5614060e3b6 39f6296778264878 e25a1da6ca187350 3986b68500d7704b e7cad3748e50b0f8 0708923badf2ff5d 734dabb98795c35c 942a7d26d81c841f bd0f175ee98c613e ae94d8435a6847f4 b6d0f83aad4e4dc7 b24820ae14e16a24 cea18be9a89d7a81 4b8c7061102517ef af8e70f978cd5aee
341,a0566ca9daca7778 65d44c6393907290 33856365c271aea4 1f423f368aebf7f3 f46601a9955f9949 6461a9faa871b3ac da7d3c2d591c4295 5b4c879fc9c316fb 1d72229ebcc00faf bee46c54461925d0 6aefb6531736648a a1314cd417504572 48cf88c17ff38c5e 64267373570e4ea3 c08c3765ac609cc0 36d33c41812ce7dc 4a5ac473c9d176ba d0f6c00eec5eb973 a677c3a76055a6d2 42bb83d7c4b9ecae 622f2e4119882c94 5f94b027039f4e48 74873b42602d8958 00d9eb862ba3dfc6 64c2e323906b42d3 a860b682add9de1c c96049ed915ced0a 22756be6fd061d4c 10ad13170242ecae 19b4014943e0ad92
342,ff88049e61f0f4ef eff60ceea8817dad bd713b37b67866c3 09660f466b38b7ba 976baf0e84752a68 942a7d26d81c841f da904d2a54ff8cf2 8a5635c748344d47 4d7653ea9499eed4 64b31699d7d15934 451e7ba901ad661d ffc688c4c1c2a068 6e239f4dd4b6aed7 bd9cd6b87a4fe0ce 4d29c6922b2d0d56 e6a29676c096f8e8 04886579947a80c2 453bc79164d57a01 2a06f5614060e3b6 5430097e23000368 83f8f2fc471cad74 d3c4a7db726191e0 8faeacf8ca08f62d 5fb2d8e734956af0 e5fb8dc5c9cb4a19 4fe9e4e55585ba4b f9c6286cff30aaa8 7c98dedd223b36c0 db7342eff9200020 28a2067685cb3e97
343,f6d23cdd2359f7c0 58654e3143c6550b 27bc34b9887bec0d 2810fb6f81d1711c 65708d542bd01f39 d63b7f083330247f 8e0760918e88e4a9 73f770f2643a2135 a65e30106ea50423 4d7653ea9499eed4 9a0f5ee4f845c9b2 0bcaac840d5e66d7 c28bc62802b90f82 702d8f1064ab3e30 3fa57d488e979d74 ff88049e61f0f4ef e0269da736ddf004 bd713b37b67866c3 fd30682593995748 2a06f5614060e3b6 e25a1da6ca187350 3986b68500d7704b 942a7d26d81c841f bd0f175ee98c613e ae94d8435a6847f4 b6d0f83aad4e4dc7 b24820ae14e16a24 622f2e4119882c94 4b8c7061102517ef af8e70f978cd5aee
344,00ff646ca6637bd7 7155e5a86136eb02 ced9c56f2be86774 b0e254dd420faee3 72b80b099fd64ec4 daa257a37227cd72 a76ffccd2f5df1a7 d72363ddd958d906 ce8cb4351b8c0f6e 4dba7ce835494a63 5f94b027039f4e48 37001ade0df85823 e740c80fce094788 197fa50b30d91fe8 0647acc4602d4e8f d0f6c00eec5eb973 28403e62105b00f6 c606425856952286 b749972436ac9791 97d696011258825c c143c095983a65c2 da7d3c2d591c4295 5057551fc55e9ed2 0eb4de784c8dd679 db0e648651f4c92b 061f3e1feeaa3094 3734d3b0b9232538 a982b5c3aed39396 01e5a6edcee7deb0 5867d40811c0229f
345,4d7653ea9499eed4 5430097e23000368 eff60ceea8817dad b8e2f75014710ced f25bfcffedaccf28 04886579947a80c2 8a5635c748344d47 999a52f1d301247c 486dd77002936dec db69d4cbfef8d22f b0b5e62a93a2c37c f9c6286cff30aaa8 83b911ff0ff45844 6e239f4dd4b6aed7 aa0789b403bcd839 5fb2d8e734956af0 0a49074a4158155b b3e75fdca5ca2f1a 4d417b203b333363 b2ee9eea2d974c90 da904d2a54ff8cf2 1d12acf7349196b0 bd713b37b67866c3 ff88049e61f0f4ef c11b97f245a9dfd0 e25a1da6ca187350 bfb8032f2183d471 3986b68500d7704b 83f5a9732f0de67f cea18be9a89d7a81
346,8dc313a2cf9da354 1c3b74a02a86467d 7ee52d2519eea367 4c0eee2c1a5e76e2 964a50d33717c26d 095bb1b6ecbd0a50 765c0695339c3abe 1f4f62844c3cb99c 00e1e2eb13f650e4 20db73cf07a45f71 2dd12c230ab22555 5048a37f10cf2d91 8f578001f9d5f543 4c3802a1bd3c842e 5989fb934598c1a7 059bbdbdb843af6a f44f74b3451aa593 0772e3ab293a1f30 128d583954b18074 9a0f5ee4f845c9b2 0bcaac840d5e66d7 c28bc62802b90f82 702d8f1064ab3e30 4d7653ea9499eed4 3fa57d488e979d74 ff88049e61f0f4ef e0269da736ddf004 bd713b37b67866c3 fd30682593995748 39f6296778264878
347,b6cdb608f640e038 7b81f1f2b6ec2e5f 52e459a551d4ac2d 01e5a6edcee7deb0 00d9f8d3f7d412b3 1a05ef8c93af8eed e4a7a996ed6a5a81 0647acc4602d4e8f 1ba7a50457e93996 0451447dd64f6284 3734d3b0b9232538 3986b68500d7704b 033d905aec273595 4dba7ce835494a63 20db73cf07a45f71 bbbd5d2fd957e8f7 a492bd402afd5c71 3b6d27775fce1c7b 0b774cf90856c4da 70776cdd9bb3b7d4 f705b637f624147e 97d696011258825c 680bb5c5c3bb6ee1 b0e254dd420faee3 6899956cd6c683f0 061f3e1feeaa3094 b6e72edcad270be0 128d583954b18074 72403ecdfe02bba6 a2805ed52b47b8ec
348,3b4a85bac6ead3c8 bb7515be835dea49 70776cdd9bb3b7d4 fc8971756f9ec194 b9d966ad9e04127a 95d25d38ba7df9c7 39f6296778264878 72403ecdfe02bba6 26fc2a95df5659c2 9b2adcf4041227d7 ced9c56f2be86774 bee46c54461925d0 2810fb6f81d1711c b1dcaca98bb76736 b78189788d563693 f105a53e5cfae611 9a0f5ee4f845c9b2 01e5a6edcee7deb0 f2e30efbd27bee51 366a22fce0614fb8 c08c3765ac609cc0 74244a8703c03720 f44f74b3451aa593 42bb83d7c4b9ecae 27a12f29dceccdbd dea5e9227fbbac29 1ba7a50457e93996 781aaf62a955e4e8 4beacc71024f8b08 451e7ba901ad661d
349,ce8cb4351b8c0f6e 7155e5a86136eb02 37001ade0df85823 c606425856952286 a9223c28b10c131f a76ffccd2f5df1a7 05e4165a56bf50eb 8dedff0a79784abc b0e254dd420faee3 c5830f9d0f1e29e5 5057551fc55e9ed2 52370bea1acd0600 0688c790d5806540 d72363ddd958d906 4dba7ce835494a63 285657fcdf89f00d 5f94b027039f4e48 3b6d27775fce1c7b 39075e303166355e 387e9cd2e5d4ea7d 8e0cc5199a0ee659 e878efab7c37179e 4483bbdd3241f11a 26f72a4eb15ea8c0 828f5dfbbf1272ee b6cdb608f640e038 7d83ffe83f61bdc4 a18df74d3a16e9c0 a1314cd417504572 9a0f5ee4f845c9b2
350,7ee52d2519eea367 a9eef13786610446 96445bec1579ec97 a65e30106ea50423 095bb1b6ecbd0a50 765c0695339c3abe 8dc313a2cf9da354 00e1e2eb13f650e4 20db73cf07a45f71 2dd12c230ab22555 a9dad59c7055b56c 5048a37f10cf2d91 8f578001f9d5f543 4c3802a1bd3c842e 5989fb934598c1a7 059bbdbdb843af6a f44f74b3451aa593 0772e3ab293a1f30 128d583954b18074 fd30682593995748 bd713b37b67866c3 2a06f5614060e3b6 e0269da736ddf004 ff88049e61f0f4ef 3fa57d488e979d74 3986b68500d7704b 942a7d26d81c841f 702d8f1064ab3e30 c28bc62802b90f82 0bcaac840d5e66d7
351,249bf372159f33e9 63d509cd2a2e0e47 522bd6887960c25d 9100ea6cd0e084bf 5a1149fbcbd37376 5989fb934598c1a7 a1314cd417504572 8b7c486a910dd004 47fbe21f5c35c7b4 4d7653ea9499eed4 9a0f5ee4f845c9b2 0bcaac840d5e66d7 c28bc62802b90f82 702d8f1064ab3e30 3986b68500d7704b 3fa57d488e979d74 ff88049e61f0f4ef e0269da736ddf004 bd713b37b67866c3 fd30682593995748 2a06f5614060e3b6 39f6296778264878 52370bea1acd0600 0708923badf2ff5d 734dabb98795c35c 942a7d26d81c841f bd0f175ee98c613e ae94d8435a6847f4 b6d0f83aad4e4dc7 b24820ae14e16a24
352,285657fcdf89f00d ad06e9eeea8eb4ea a1314cd417504572 37001ade0df85823 7155e5a86136eb02 c606425856952286 48a76e3aff69d605 a76ffccd2f5df1a7 b0e254dd420faee3 f46601a9955f9949 6461a9faa871b3ac da7d3c2d591c4295 5057551fc55e9ed2 bee46c54461925d0 d72363ddd958d906 4dba7ce835494a63 33856365c271aea4 6aefb6531736648a 48cf88c17ff38c5e c08c3765ac609cc0 64267373570e4ea3 4a5ac473c9d176ba d0f6c00eec5eb973 65d44c6393907290 a677c3a76055a6d2 622f2e4119882c94 74873b42602d8958 3b6d27775fce1c7b 64c2e323906b42d3 00d9eb862ba3dfc6
353,7155e5a86136eb02 238de368bb05c0ec a853f13216170123 81b7c7e312bfa1a0 e9c20b67a4c5395f c5830f9d0f1e29e5 47fbe21f5c35c7b4 37001ade0df85823 0e45c4c185f35df6 c606425856952286 fd57e641d06ebda7 cba7e22bb383083a 0eedb1a0d3b8ddae ffc688c4c1c2a068 52370bea1acd0600 a76ffccd2f5df1a7 00d9f8d3f7d412b3 4dba7ce835494a63 b0e254dd420faee3 acf5cb026b3c4551 01e5a6edcee7deb0 ec4ef2f727e7a03f 5057551fc55e9ed2 d6bbbd6c4968075a 01b3da54ffb158a0 0451447dd64f6284 d72363ddd958d906 39075e303166355e 855f2f0354e102c7 8dedff0a79784abc
354,83b911ff0ff45844 7155e5a86136eb02 a76ffccd2f5df1a7 d72363ddd958d906 06de3ca1148b088b 01e5a6edcee7deb0 ffc688c4c1c2a068 a853f13216170123 ce2fe99a7cda4a17 f25bfcffedaccf28 db69d4cbfef8d22f 999a52f1d301247c 37001ade0df85823 b0b5e62a93a2c37c 5057551fc55e9ed2 4dba7ce835494a63 50ba507a268872e1 4b8c7061102517ef 0e45c4c185f35df6 4d7653ea9499eed4 aa0789b403bcd839 97d696011258825c 39075e303166355e 0a49074a4158155b b3e75fdca5ca2f1a 585f4ee09d8fea46 eff60ceea8817dad 4d417b203b333363 42bb83d7c4b9ecae d16da1fb61813db9
355,5989fb934598c1a7 976baf0e84752a68 a492bd402afd5c71 451e7ba901ad661d 285657fcdf89f00d d16da1fb61813db9 ffc688c4c1c2a068 e6a29676c096f8e8 4d29c6922b2d0d56 453bc79164d57a01 430feb4826a5632e eff60ceea8817dad d3c4a7db726191e0 39075e303166355e 4fe9e4e55585ba4b 7c98dedd223b36c0 db7342eff9200020 87c5481930cfe126 2b48ab08c915c0ad 628accd9be98503c 4d417b203b333363 204ec91c39d1479d f25bfcffedaccf28 83f8f2fc471cad74 3986b68500d7704b 702d8f1064ab3e30 c28bc62802b90f82 3fa57d488e979d74 ff88049e61f0f4ef e0269da736ddf004
356,e461837f0fb35048 81b7c7e312bfa1a0 c5830f9d0f1e29e5 47fbe21f5c35c7b4 a853f13216170123 fd57e641d06ebda7 cba7e22bb383083a 0eedb1a0d3b8ddae 52370bea1acd0600 00d9f8d3f7d412b3 acf5cb026b3c4551 ec4ef2f727e7a03f d6bbbd6c4968075a 01b3da54ffb158a0 0451447dd64f6284 855f2f0354e102c7 8dedff0a79784abc d6ed7e4b14c51296 01ecc81f6341e902 54a11cbcd7a32af4 25a3b47fe31bc6b5 e9c20b67a4c5395f 5dd752753760ced8 7f29daa16b9b4cda 65254e0d209fd66e 54f55c74d37db3c0 7f95168400948588 daa257a37227cd72 fa173131f15f5534 ec1b3d7ccd3984d0
357,bd713b37b67866c3 83f8f2fc471cad74 2a06f5614060e3b6 942a7d26d81c841f 4f31209941bb05fc ca43e349133fc0e3 29968e8fd13539f8 b760ebc5f25788d3 976baf0e84752a68 5fb2d8e734956af0 0688c790d5806540 451e7ba901ad661d ffc688c4c1c2a068 aa0789b403bcd839 4d29c6922b2d0d56 e6a29676c096f8e8 453bc79164d57a01 eff60ceea8817dad ff88049e61f0f4ef d3c4a7db726191e0 c11b97f245a9dfd0 8faeacf8ca08f62d e5fb8dc5c9cb4a19 4fe9e4e55585ba4b db7342eff9200020 7c98dedd223b36c0 09bbaa171c20bae3 e1460af4a7044067 2b48ab08c915c0ad 628accd9be98503c
358,05f23e7d05dbf7c2 6c017e548aa138f2 f46601a9955f9949 b69ce8b8154645f8 b50b4e27b03c7b37 52370bea1acd0600 9a0f5ee4f845c9b2 0bcaac840d5e66d7 c28bc62802b90f82 702d8f1064ab3e30 3986b68500d7704b 3fa57d488e979d74 ff88049e61f0f4ef e0269da736ddf004 bd713b37b67866c3 fd30682593995748 2a06f5614060e3b6 39f6296778264878 e25a1da6ca187350 c31a456b544a40a8 4d7653ea9499eed4 0708923badf2ff5d 942a7d26d81c841f bd0f175ee98c613e ae94d8435a6847f4 b6d0f83aad4e4dc7 b24820ae14e16a24 622f2e4119882c94 4b8c7061102517ef 47fbe21f5c35c7b4
359,97d696011258825c 0647acc4602d4e8f 3734d3b0b9232538 1ba7a50457e93996 01e5a6edcee7deb0 4dba7ce835494a63 033d905aec273595 120e745e2961b5d5 cec2eea2a1fe566a f54ad8d1eb18212e 2394b08708475900 70776cdd9bb3b7d4 e7cad3748e50b0f8 204ec91c39d1479d 898a4921ab9f4cce 64907c4568244eb4 50cb6a6c60ad711a 77e2f7da1f9d3a8f ffc688c4c1c2a068 061f3e1feeaa3094 72403ecdfe02bba6 26fc2a95df5659c2 22e8d6734e4121ae ced9c56f2be86774 bee46c54461925d0 5867d40811c0229f b1dcaca98bb76736 f105a53e5cfae611 9a0f5ee4f845c9b2 366a22fce0614fb8
360,5867d40811c0229f 26fc2a95df5659c2 b1dcaca98bb76736 366a22fce0614fb8 451e7ba901ad661d 72403ecdfe02bba6 74244a8703c03720 2cebd52b41930f0a ced9c56f2be86774 bee46c54461925d0 fab14d178b24a67f 45630e1451157ff3 52e459a551d4ac2d 4dba7ce835494a63 033d905aec273595 0b0021aa60d05daa f105a53e5cfae611 1a05ef8c93af8eed 9a0f5ee4f845c9b2 01e5a6edcee7deb0 c08c3765ac609cc0 33856365c271aea4 1ba7a50457e93996 781aaf62a955e4e8 98dbd15aa33ebc18 28403e62105b00f6 70776cdd9bb3b7d4 0647acc4602d4e8f 9d5edf3b993fee50 8abe670908f12614
361,285657fcdf89f00d ad06e9eeea8eb4ea b50b4e27b03c7b37 3b4a85bac6ead3c8 a1314cd417504572 bb7515be835dea49 48a76e3aff69d605 70776cdd9bb3b7d4 fc8971756f9ec194 b9d966ad9e04127a 95d25d38ba7df9c7 39f6296778264878 72403ecdfe02bba6 26fc2a95df5659c2 9b2adcf4041227d7 ced9c56f2be86774 bee46c54461925d0 2810fb6f81d1711c b1dcaca98bb76736 b78189788d563693 f105a53e5cfae611 9a0f5ee4f845c9b2 01e5a6edcee7deb0 f2e30efbd27bee51 366a22fce0614fb8 c08c3765ac609cc0 74244a8703c03720 f44f74b3451aa593 42bb83d7c4b9ecae 27a12f29dceccdbd
362,a677c3a76055a6d2 01e5a6edcee7deb0 3734d3b0b9232538 e9c20b67a4c5395f 7155e5a86136eb02 a853f13216170123 0451447dd64f6284 0e45c4c185f35df6 0647acc4602d4e8f 1f423f368aebf7f3 ffc688c4c1c2a068 97d696011258825c f46601a9955f9949 6461a9faa871b3ac da7d3c2d591c4295 00d9f8d3f7d412b3 edc79e57b20e9036 061f3e1feeaa3094 acf5cb026b3c4551 bee46c54461925d0 33856365c271aea4 01ecc81f6341e902 6aefb6531736648a a1314cd417504572 c5830f9d0f1e29e5 48cf88c17ff38c5e cba7e22bb383083a 64267373570e4ea3 c08c3765ac609cc0 52370bea1acd0600
363,36d33c41812ce7dc c28bc62802b90f82 fc16a50ff0baec53 10ad13170242ecae 0079f3c74309b582 f28fb3d9880c5d4c abf90e759d208468 40583079f57235a6 538c7bb968b2154c 5b4c879fc9c316fb 64907c4568244eb4 65d44c6393907290 6a9aa1bd93e36e66 33856365c271aea4 055d895a3b26e466 19b4014943e0ad92 0eb4de784c8dd679 42bb83d7c4b9ecae 74244a8703c03720 1dc7139adba034ec 5d26da95786b3a3a ac9ee0c09b538140 c03b11a0cdc3fa39 c96049ed915ced0a 2e44fbb8bc3d8d71 9a439fd1abf95245 9113e9dc940fb287 1f423f368aebf7f3 3c0873ce078d332b 0b774cf90856c4da
364,3734d3b0b9232538 c5830f9d0f1e29e5 00d9f8d3f7d412b3 0451447dd64f6284 81b7c7e312bfa1a0 a853f13216170123 10ad13170242ecae 0647acc4602d4e8f 47fbe21f5c35c7b4 97d696011258825c ec4ef2f727e7a03f d6bbbd6c4968075a 061f3e1feeaa3094 fd57e641d06ebda7 acf5cb026b3c4551 855f2f0354e102c7 01ecc81f6341e902 01e5a6edcee7deb0 cba7e22bb383083a 52370bea1acd0600 54a11cbcd7a32af4 5867d40811c0229f e9c20b67a4c5395f 0eedb1a0d3b8ddae 65254e0d209fd66e 4dba7ce835494a63 033d905aec273595 fa173131f15f5534 ec1b3d7ccd3984d0 42bb83d7c4b9ecae
365,bc27d5dc9bab1c18 9a0f5ee4f845c9b2 0647acc4602d4e8f 4dba7ce835494a63 120e745e2961b5d5 3734d3b0b9232538 7d83ffe83f61bdc4 cc2cc23a98c14c33 a18df74d3a16e9c0 7eec211cc37a1b05 72403ecdfe02bba6 26fc2a95df5659c2 ced9c56f2be86774 bee46c54461925d0 148ac4a56a18844d b1dcaca98bb76736 f105a53e5cfae611 01e5a6edcee7deb0 366a22fce0614fb8 c08c3765ac609cc0 74244a8703c03720 1ba7a50457e93996 781aaf62a955e4e8 451e7ba901ad661d 52e459a551d4ac2d 45630e1451157ff3 28403e62105b00f6 666bdff4faa513ca 1efd7bd8a34a1359 033d905aec273595
366,b0e254dd420faee3 7155e5a86136eb02 d0f6c00eec5eb973 65d44c6393907290 da7d3c2d591c4295 33856365c271aea4 6aefb6531736648a 00ff646ca6637bd7 00d9f8d3f7d412b3 37001ade0df85823 ced9c56f2be86774 c606425856952286 a76ffccd2f5df1a7 f46601a9955f9949 6e239f4dd4b6aed7 6461a9faa871b3ac 6a9aa1bd93e36e66 5057551fc55e9ed2 edc79e57b20e9036 0eb4de784c8dd679 acf5cb026b3c4551 bee46c54461925d0 d72363ddd958d906 4dba7ce835494a63 01ecc81f6341e902 a1314cd417504572 c5830f9d0f1e29e5 a853f13216170123 48cf88c17ff38c5e cba7e22bb383083a
367,9c9ebf71707d7a37 37001ade0df85823 5057551fc55e9ed2 a76ffccd2f5df1a7 b0e254dd420faee3 4483bbdd3241f11a 354d7a327bbcc152 7155e5a86136eb02 83b911ff0ff45844 c606425856952286 419b5dc40744fb9b 77e2f7da1f9d3a8f 7eec211cc37a1b05 9b0e8cf8153e3b33 1f423f368aebf7f3 6406fcdb7d87b5dc e740c80fce094788 d72363ddd958d906 4dba7ce835494a63 52e459a551d4ac2d 404031ab9d5977c4 3b6d27775fce1c7b 4577ae048ef1967d 39075e303166355e 8e0cc5199a0ee659 b6cdb608f640e038 7d83ffe83f61bdc4 a18df74d3a16e9c0 a1314cd417504572 9a0f5ee4f845c9b2
368,fd57e641d06ebda7 00d9f8d3f7d412b3 a76ffccd2f5df1a7 d72363ddd958d906 4dba7ce835494a63 cea18be9a89d7a81 3734d3b0b9232538 81b7c7e312bfa1a0 0451447dd64f6284 c5830f9d0f1e29e5 d257d1fbcf43abd5 47fbe21f5c35c7b4 a853f13216170123 37001ade0df85823 10ad13170242ecae 0647acc4602d4e8f 7155e5a86136eb02 c606425856952286 74873b42602d8958 cba7e22bb383083a 0eedb1a0d3b8ddae 97d696011258825c 52370bea1acd0600 b0e254dd420faee3 413c55a5ab86881a acf5cb026b3c4551 6e239f4dd4b6aed7 ec4ef2f727e7a03f 5057551fc55e9ed2 d6bbbd6c4968075a
369,0220a434aa8bf029 66ccd03c9e03ac06 0647acc4602d4e8f 033d905aec273595 061f3e1feeaa3094 3734d3b0b9232538 97d696011258825c 486dd77002936dec b26d8664feb18c8c 42bb83d7c4b9ecae bfb8032f2183d471 172bc0ee09332ae9 d72363ddd958d906 70ebf53ced736fa4 bc2ae5f4e5d53e00 ae94d8435a6847f4 72b80b099fd64ec4 2820628e65a062e2 b2ee9eea2d974c90 0d0368139e9a647f 95166957b2c38794 10ad13170242ecae 050544c040f46152 63d95d5977c2fe98 70776cdd9bb3b7d4 5867d40811c0229f f2b5098ac9c92da9 a18df74d3a16e9c0 83f5a9732f0de67f a76ffccd2f5df1a7
370,65fac1ba1840000f 74873b42602d8958 19b4014943e0ad92 70776cdd9bb3b7d4 1f423f368aebf7f3 d72363ddd958d906 cea18be9a89d7a81 65d44c6393907290 42bb83d7c4b9ecae ce8cb4351b8c0f6e 33856365c271aea4 0451447dd64f6284 10ad13170242ecae 3986b68500d7704b 5f94b027039f4e48 00d9f8d3f7d412b3 95d25d38ba7df9c7 e4a7a996ed6a5a81 0647acc4602d4e8f 0b774cf90856c4da 97d696011258825c f46601a9955f9949 1ba7a50457e93996 42a5cae2a3a45557 6e239f4dd4b6aed7 7b81f1f2b6ec2e5f 6461a9faa871b3ac da7d3c2d591c4295 5b4c879fc9c316fb e9c20b67a4c5395f
371,cc861214a89ef1f4 a853f13216170123 7155e5a86136eb02 81b7c7e312bfa1a0 4dba7ce835494a63 01e5a6edcee7deb0 e9c20b67a4c5395f c5830f9d0f1e29e5 47fbe21f5c35c7b4 172bc0ee09332ae9 37001ade0df85823 0e45c4c185f35df6 3734d3b0b9232538 c606425856952286 fd57e641d06ebda7 cba7e22bb383083a 0eedb1a0d3b8ddae ffc688c4c1c2a068 52370bea1acd0600 a76ffccd2f5df1a7 00d9f8d3f7d412b3 26fc2a95df5659c2 b0e254dd420faee3 acf5cb026b3c4551 ec4ef2f727e7a03f b1dcaca98bb76736 5057551fc55e9ed2 d6bbbd6c4968075a 366a22fce0614fb8 01b3da54ffb158a0
372,ff88049e61f0f4ef eff60ceea8817dad bd713b37b67866c3 976baf0e84752a68 942a7d26d81c841f da904d2a54ff8cf2 8a5635c748344d47 4d7653ea9499eed4 451e7ba901ad661d ffc688c4c1c2a068 6e239f4dd4b6aed7 e6a29676c096f8e8 4d29c6922b2d0d56 04886579947a80c2 453bc79164d57a01 2a06f5614060e3b6 5430097e23000368 83f8f2fc471cad74 d3c4a7db726191e0 8faeacf8ca08f62d 5fb2d8e734956af0 e5fb8dc5c9cb4a19 4fe9e4e55585ba4b f9c6286cff30aaa8 db7342eff9200020 7c98dedd223b36c0 e1460af4a7044067 c11b97f245a9dfd0 e25a1da6ca187350 2b48ab08c915c0ad
373,72403ecdfe02bba6 c08c3765ac609cc0 0c2eeab1e4ce1db8 a860b682add9de1c 48cf88c17ff38c5e bee46c54461925d0 3e8e56f639a5db5b 6cb9ab508a0678a0 33856365c271aea4 b50b4e27b03c7b37 f46601a9955f9949 6461a9faa871b3ac da7d3c2d591c4295 e403278468d84383 f1a3b8b13e9401c0 6aefb6531736648a a1314cd417504572 892074f7c1ef5d5e 64267373570e4ea3 4a5ac473c9d176ba 26fc2a95df5659c2 d0f6c00eec5eb973 ced9c56f2be86774 65d44c6393907290 a677c3a76055a6d2 622f2e4119882c94 b1dcaca98bb76736 74873b42602d8958 f105a53e5cfae611 00d9eb862ba3dfc6
374,5989fb934598c1a7 4c3802a1bd3c842e 7ee52d2519eea367 a492bd402afd5c71 095bb1b6ecbd0a50 d16da1fb61813db9 285657fcdf89f00d 765c0695339c3abe 430feb4826a5632e 8dc313a2cf9da354 00e1e2eb13f650e4 20db73cf07a45f71 2dd12c230ab22555 5048a37f10cf2d91 8b7c486a910dd004 39075e303166355e 87c5481930cfe126 8f578001f9d5f543 059bbdbdb843af6a f44f74b3451aa593 0772e3ab293a1f30 128d583954b18074 47fbe21f5c35c7b4 52370bea1acd0600 4d7653ea9499eed4 9a0f5ee4f845c9b2 0bcaac840d5e66d7 c28bc62802b90f82 702d8f1064ab3e30 3986b68500d7704b
375,b0e254dd420faee3 37001ade0df85823 7155e5a86136eb02 5057551fc55e9ed2 a76ffccd2f5df1a7 00ff646ca6637bd7 354d7a327bbcc152 d0f6c00eec5eb973 ced9c56f2be86774 c606425856952286 419b5dc40744fb9b 77e2f7da1f9d3a8f 7eec211cc37a1b05 da7d3c2d591c4295 0eb4de784c8dd679 9b0e8cf8153e3b33 6406fcdb7d87b5dc e740c80fce094788 d72363ddd958d906 4dba7ce835494a63 52e459a551d4ac2d 404031ab9d5977c4 3b6d27775fce1c7b 4577ae048ef1967d af41e2b6da3e7e02 39075e303166355e 8e0cc5199a0ee659 26f72a4eb15ea8c0 9c9ebf71707d7a37 6aefb6531736648a
376,cea18be9a89d7a81 172bc0ee09332ae9 7155e5a86136eb02 74873b42602d8958 ffc688c4c1c2a068 0e45c4c185f35df6 106204cd0e07e1b2 486dd77002936dec 4b8c7061102517ef 2e031d83339759b2 413c55a5ab86881a 01e5a6edcee7deb0 0451447dd64f6284 b26d8664feb18c8c 5430097e23000368 bfb8032f2183d471 e9c20b67a4c5395f bc2ae5f4e5d53e00 0fbd0f422e926816 ae94d8435a6847f4 2820628e65a062e2 b2ee9eea2d974c90 0d0368139e9a647f 95166957b2c38794 00d9f8d3f7d412b3 db69d4cbfef8d22f 63d95d5977c2fe98 f2b5098ac9c92da9 a18df74d3a16e9c0 83f5a9732f0de67f
377,eff60ceea8817dad 4d7653ea9499eed4 f25bfcffedaccf28 5430097e23000368 4d417b203b333363 b8e2f75014710ced 976baf0e84752a68 ffc688c4c1c2a068 04886579947a80c2 453bc79164d57a01 8a5635c748344d47 999a52f1d301247c d3c4a7db726191e0 e6a29676c096f8e8 db69d4cbfef8d22f b0b5e62a93a2c37c f9c6286cff30aaa8 83b911ff0ff45844 6e239f4dd4b6aed7 83f8f2fc471cad74 aa0789b403bcd839 4fe9e4e55585ba4b 628accd9be98503c 5fb2d8e734956af0 0a49074a4158155b b3e75fdca5ca2f1a da904d2a54ff8cf2 1d12acf7349196b0 bd713b37b67866c3 ff88049e61f0f4ef
378,3734d3b0b9232538 00d9f8d3f7d412b3 81b7c7e312bfa1a0 0451447dd64f6284 c5830f9d0f1e29e5 47fbe21f5c35c7b4 a853f13216170123 10ad13170242ecae 0647acc4602d4e8f fd57e641d06ebda7 cba7e22bb383083a 0eedb1a0d3b8ddae 97d696011258825c 52370bea1acd0600 acf5cb026b3c4551 ec4ef2f727e7a03f d6bbbd6c4968075a 01b3da54ffb158a0 061f3e1feeaa3094 4dba7ce835494a63 033d905aec273595 855f2f0354e102c7 8dedff0a79784abc d6ed7e4b14c51296 01ecc81f6341e902 01e5a6edcee7deb0 e461837f0fb35048 54a11cbcd7a32af4 5867d40811c0229f 19b4014943e0ad92
379,f705b637f624147e 922e625fae98b3b9 0add47a043c64d7f 6461a9faa871b3ac bbbd5d2fd957e8f7 395b26d91f98bd92 5b16bae6a0de7c88 0897dcfae16e280f 005666aa098abe8e 6899956cd6c683f0 f105a53e5cfae611 bfb8032f2183d471 a2805ed52b47b8ec 4d9214c0925e5af8 45630e1451157ff3 cea18be9a89d7a81 0451447dd64f6284 0fbd0f422e926816 7b81f1f2b6ec2e5f d3c4a7db726191e0 bc2ae5f4e5d53e00 1a05ef8c93af8eed 95166957b2c38794 cb3e4ce97e7f2881 047769588be1aea9 c49d8f84a4f87f8a d73a65673e3f1d78 734dabb98795c35c e878efab7c37179e a18df74d3a16e9c0
380,0647acc4602d4e8f 3734d3b0b9232538 4dba7ce835494a63 9a0f5ee4f845c9b2 01e5a6edcee7deb0 120e745e2961b5d5 033d905aec273595 7d83ffe83f61bdc4 cc2cc23a98c14c33 70776cdd9bb3b7d4 97d696011258825c a18df74d3a16e9c0 7eec211cc37a1b05 bc27d5dc9bab1c18 061f3e1feeaa3094 72403ecdfe02bba6 26fc2a95df5659c2 ced9c56f2be86774 bee46c54461925d0 5867d40811c0229f 148ac4a56a18844d b1dcaca98bb76736 f105a53e5cfae611 366a22fce0614fb8 0451447dd64f6284 c08c3765ac609cc0 74244a8703c03720 42bb83d7c4b9ecae d72363ddd958d906 66ccd03c9e03ac06
381,e228204ae08d1355 0647acc4602d4e8f 74244a8703c03720 3734d3b0b9232538 01e5a6edcee7deb0 bed3e73d52011f68 4dba7ce835494a63 033d905aec273595 6cb9ab508a0678a0 70776cdd9bb3b7d4 97d696011258825c 6a3919ad9ed8197e 18b1d2d84c97a364 5b4c879fc9c316fb 522bd6887960c25d 061f3e1feeaa3094 fb8bd6b95eb4702a 8f578001f9d5f543 a0566ca9daca7778 72403ecdfe02bba6 6e12311169bcb24c 26fc2a95df5659c2 0079f3c74309b582 ced9c56f2be86774 bee46c54461925d0 5867d40811c0229f 03ed286136d7b3cf b1dcaca98bb76736 ca4de5b8a7bda9df f105a53e5cfae611
382,050544c040f46152 70776cdd9bb3b7d4 0451447dd64f6284 0647acc4602d4e8f 42bb83d7c4b9ecae 3734d3b0b9232538 3b4a85bac6ead3c8 01e5a6edcee7deb0 033d905aec273595 4dba7ce835494a63 d92c0298f76ccf77 bb7515be835dea49 97d696011258825c fc8971756f9ec194 b50b4e27b03c7b37 b9d966ad9e04127a 95d25d38ba7df9c7 061f3e1feeaa3094 4577ae048ef1967d 0897dcfae16e280f 39f6296778264878 72403ecdfe02bba6 26fc2a95df5659c2 9b2adcf4041227d7 ced9c56f2be86774 bee46c54461925d0 2810fb6f81d1711c 5867d40811c0229f b1dcaca98bb76736 b78189788d563693
383,148ac4a56a18844d 01e5a6edcee7deb0 7155e5a86136eb02 9a0f5ee4f845c9b2 0647acc4602d4e8f 4dba7ce835494a63 120e745e2961b5d5 172bc0ee09332ae9 3734d3b0b9232538 0e45c4c185f35df6 7d83ffe83f61bdc4 cc2cc23a98c14c33 ffc688c4c1c2a068 a853f13216170123 a18df74d3a16e9c0 7eec211cc37a1b05 bc27d5dc9bab1c18 e9c20b67a4c5395f 72403ecdfe02bba6 26fc2a95df5659c2 ced9c56f2be86774 70ebf53ced736fa4 bee46c54461925d0 4b8c7061102517ef b1dcaca98bb76736 f105a53e5cfae611 366a22fce0614fb8 c08c3765ac609cc0 74244a8703c03720 1ba7a50457e93996
384,0451447dd64f6284 3986b68500d7704b 00d9f8d3f7d412b3 cea18be9a89d7a81 7b81f1f2b6ec2e5f 66ccd03c9e03ac06 e4a7a996ed6a5a81 74873b42602d8958 0b774cf90856c4da 6e239f4dd4b6aed7 0647acc4602d4e8f 033d905aec273595 061f3e1feeaa3094 3734d3b0b9232538 128d583954b18074 106204cd0e07e1b2 97d696011258825c 1ba7a50457e93996 486dd77002936dec 2e031d83339759b2 781aaf62a955e4e8 413c55a5ab86881a fb8bd6b95eb4702a 9f3d2ca16f358290 b26d8664feb18c8c 42bb83d7c4b9ecae 5430097e23000368 bfb8032f2183d471 172bc0ee09332ae9 d72363ddd958d906
385,01e5a6edcee7deb0 70776cdd9bb3b7d4 42c9b72cc77dcb28 0647acc4602d4e8f 7155e5a86136eb02 42bb83d7c4b9ecae 3734d3b0b9232538 3b4a85bac6ead3c8 050544c040f46152 172bc0ee09332ae9 0e45c4c185f35df6 4dba7ce835494a63 033d905aec273595 bb7515be835dea49 ffc688c4c1c2a068 97d696011258825c a853f13216170123 fc8971756f9ec194 b9d966ad9e04127a 95d25d38ba7df9c7 061f3e1feeaa3094 e9c20b67a4c5395f 39f6296778264878 72403ecdfe02bba6 26fc2a95df5659c2 9b2adcf4041227d7 ced9c56f2be86774 70ebf53ced736fa4 bee46c54461925d0 2810fb6f81d1711c
386,46b99f864d6a075a 24c47959ea77b15b 7ee52d2519eea367 87c5481930cfe126 2e031d83339759b2 095bb1b6ecbd0a50 765c0695339c3abe 8dc313a2cf9da354 00e1e2eb13f650e4 20db73cf07a45f71 2dd12c230ab22555 5048a37f10cf2d91 8f578001f9d5f543 4c3802a1bd3c842e 5989fb934598c1a7 059bbdbdb843af6a f44f74b3451aa593 0772e3ab293a1f30 128d583954b18074 9a0f5ee4f845c9b2 2a06f5614060e3b6 0bcaac840d5e66d7 c28bc62802b90f82 702d8f1064ab3e30 3986b68500d7704b 3fa57d488e979d74 bd713b37b67866c3 ff88049e61f0f4ef e0269da736ddf004 4d7653ea9499eed4
387,5b16bae6a0de7c88 005666aa098abe8e 047769588be1aea9 190ab585fd379f0f f49e13a653cbdad2 7b81f1f2b6ec2e5f bfb8032f2183d471 f105a53e5cfae611 9a439fd1abf95245 39075e303166355e 702d8f1064ab3e30 d3c4a7db726191e0 395b26d91f98bd92 0897dcfae16e280f d73a65673e3f1d78 43b3338423d7386c 9ab90dfc5c9b0b37 4e966bb2768c2b8a 8d58da0e1800dc96 f705b637f624147e 0683b6a78f54be75 d5805cdb9e8f0f48 0f33ce8d8014f308 c05f45f86d0771d5 4d9214c0925e5af8 45630e1451157ff3 cea18be9a89d7a81 0451447dd64f6284 628accd9be98503c 0fbd0f422e926816
388,9cf6709de35bf0f3 37001ade0df85823 7155e5a86136eb02 c606425856952286 a76ffccd2f5df1a7 b0e254dd420faee3 8699cc5dd4159b69 5057551fc55e9ed2 0f4c71d341e2d939 d72363ddd958d906 4dba7ce835494a63 fab14d178b24a67f 07f22a7ad7e4711d 8bf446c0455e3c5c 3b6d27775fce1c7b 061f3e1feeaa3094 c05f45f86d0771d5 10ad13170242ecae 39075e303166355e c36c2dce0e6e434f 8e0cc5199a0ee659 42a5cae2a3a45557 57113c2a4cacd961 f76f44d372517a9a 60a070db9f1869b5 fc16a50ff0baec53 b6cdb608f640e038 7d83ffe83f61bdc4 a18df74d3a16e9c0 a1314cd417504572
389,00d9f8d3f7d412b3 acf5cb026b3c4551 3734d3b0b9232538 07d688f5e2142b87 ba5199dba342af68 0451447dd64f6284 0cd920bad11c716d 65d44c6393907290 b0e254dd420faee3 0647acc4602d4e8f 97d696011258825c 6a9aa1bd93e36e66 33856365c271aea4 061f3e1feeaa3094 01ecc81f6341e902 c5830f9d0f1e29e5 01e5a6edcee7deb0 a853f13216170123 cba7e22bb383083a 52370bea1acd0600 5867d40811c0229f e9c20b67a4c5395f 0eedb1a0d3b8ddae 4dba7ce835494a63 033d905aec273595 42bb83d7c4b9ecae 81b7c7e312bfa1a0 d72363ddd958d906 8dedff0a79784abc 66ccd03c9e03ac06
390,cea18be9a89d7a81 bbbd5d2fd957e8f7 00d9f8d3f7d412b3 95166957b2c38794 a2805ed52b47b8ec 74873b42602d8958 6e239f4dd4b6aed7 6899956cd6c683f0 106204cd0e07e1b2 f705b637f624147e 0add47a043c64d7f 486dd77002936dec 2e031d83339759b2 781aaf62a955e4e8 413c55a5ab86881a 0451447dd64f6284 b26d8664feb18c8c 5430097e23000368 172bc0ee09332ae9 bfb8032f2183d471 bc2ae5f4e5d53e00 ae94d8435a6847f4 b2ee9eea2d974c90 2820628e65a062e2 0d0368139e9a647f 047769588be1aea9 d73a65673e3f1d78 63d95d5977c2fe98 f2b5098ac9c92da9 83f5a9732f0de67f
391,999a52f1d301247c 4d7653ea9499eed4 0a49074a4158155b c11b97f245a9dfd0 5430097e23000368 eff60ceea8817dad b8e2f75014710ced cc0c9419f8a20603 f25bfcffedaccf28 d216e5458ad70e60 04886579947a80c2 ae94d8435a6847f4 dac29ed8400b50cc 8a5635c748344d47 db69d4cbfef8d22f b0b5e62a93a2c37c f9c6286cff30aaa8 83b911ff0ff45844 6e239f4dd4b6aed7 b69ce8b8154645f8 6aac5e116b75aa22 aa0789b403bcd839 5fb2d8e734956af0 2810fb6f81d1711c 7f29daa16b9b4cda b3e75fdca5ca2f1a 4d417b203b333363 da904d2a54ff8cf2 1d12acf7349196b0 bd713b37b67866c3
392,050544c040f46152 0451447dd64f6284 6aac5e116b75aa22 70776cdd9bb3b7d4 d216e5458ad70e60 0a49074a4158155b 2359719a0f40ffac f25bfcffedaccf28 d92c0298f76ccf77 64c2e323906b42d3 a60934e6b473097a ae94d8435a6847f4 0647acc4602d4e8f 28a2067685cb3e97 db69d4cbfef8d22f 061f3e1feeaa3094 0220a434aa8bf029 b50b4e27b03c7b37 4577ae048ef1967d 3734d3b0b9232538 0897dcfae16e280f 97d696011258825c 0eedb1a0d3b8ddae 3ca7964973437917 a84cd36608cb8665 6aefb6531736648a 455fde214d16d350 29968e8fd13539f8 8d58da0e1800dc96 0cd920bad11c716d
393,37001ade0df85823 7155e5a86136eb02 c606425856952286 a76ffccd2f5df1a7 b0e254dd420faee3 f46601a9955f9949 6461a9faa871b3ac da7d3c2d591c4295 5057551fc55e9ed2 bee46c54461925d0 d72363ddd958d906 4dba7ce835494a63 33856365c271aea4 6aefb6531736648a a1314cd417504572 48cf88c17ff38c5e 64267373570e4ea3 c08c3765ac609cc0 4a5ac473c9d176ba d0f6c00eec5eb973 65d44c6393907290 a677c3a76055a6d2 622f2e4119882c94 74873b42602d8958 3b6d27775fce1c7b 00d9eb862ba3dfc6 64c2e323906b42d3 a860b682add9de1c 39075e303166355e 22756be6fd061d4c
394,01e5a6edcee7deb0 ce2fe99a7cda4a17 a853f13216170123 50ba507a268872e1 7155e5a86136eb02 ffc688c4c1c2a068 585f4ee09d8fea46 d16da1fb61813db9 0647acc4602d4e8f b29ab87af6ea6310 061f3e1feeaa3094 3734d3b0b9232538 0e45c4c185f35df6 97d696011258825c d64c06baf5ef1c90 4b8c7061102517ef 83b911ff0ff45844 172bc0ee09332ae9 06de3ca1148b088b e7828f0ea9749505 81b7c7e312bfa1a0 42bb83d7c4b9ecae d72363ddd958d906 74ae9af23a383bf5 e9c20b67a4c5395f 66ccd03c9e03ac06 0fbd0f422e926816 b1dcaca98bb76736 72b80b099fd64ec4 10ad13170242ecae
395,0c2eeab1e4ce1db8 20db73cf07a45f71 1ba7a50457e93996 3e8e56f639a5db5b 120e745e2961b5d5 f54ad8d1eb18212e 2394b08708475900 e7cad3748e50b0f8 204ec91c39d1479d 898a4921ab9f4cce 64907c4568244eb4 50cb6a6c60ad711a 77e2f7da1f9d3a8f ffc688c4c1c2a068 72403ecdfe02bba6 97d696011258825c 26fc2a95df5659c2 22e8d6734e4121ae ced9c56f2be86774 bee46c54461925d0 b1dcaca98bb76736 f105a53e5cfae611 9a0f5ee4f845c9b2 01e5a6edcee7deb0 366a22fce0614fb8 d257d1fbcf43abd5 c08c3765ac609cc0 74244a8703c03720 781aaf62a955e4e8 cb3e4ce97e7f2881
396,4d7653ea9499eed4 5430097e23000368 eff60ceea8817dad b8e2f75014710ced f25bfcffedaccf28 04886579947a80c2 8a5635c748344d47 999a52f1d301247c db69d4cbfef8d22f b0b5e62a93a2c37c 2901e5309bb3f8f6 f9c6286cff30aaa8 83b911ff0ff45844 6e239f4dd4b6aed7 4f915ad69e1dca36 aa0789b403bcd839 5fb2d8e734956af0 0a49074a4158155b b3e75fdca5ca2f1a 9fda36f260eec24e 4d417b203b333363 da904d2a54ff8cf2 1d12acf7349196b0 bd713b37b67866c3 0a79fabc6f5d93c9 ff88049e61f0f4ef e25a1da6ca187350 c11b97f245a9dfd0 e740c80fce094788 238ec735a13a3f09
397,c11b97f245a9dfd0 29968e8fd13539f8 ca43e349133fc0e3 ae94d8435a6847f4 bd713b37b67866c3 cc0c9419f8a20603 7f29daa16b9b4cda da904d2a54ff8cf2 8a5635c748344d47 dac29ed8400b50cc 4d7653ea9499eed4 0688c790d5806540 999a52f1d301247c 6e239f4dd4b6aed7 b69ce8b8154645f8 04886579947a80c2 65708d542bd01f39 d216e5458ad70e60 83f8f2fc471cad74 6aac5e116b75aa22 5430097e23000368 64b31699d7d15934 5fb2d8e734956af0 f9c6286cff30aaa8 09bbaa171c20bae3 0a49074a4158155b 4f31209941bb05fc 2810fb6f81d1711c ff88049e61f0f4ef 942a7d26d81c841f
398,96445bec1579ec97 00958a140c3a6de8 b6a1c97f19af78d0 ce8cb4351b8c0f6e 7ee52d2519eea367 a65e30106ea50423 095bb1b6ecbd0a50 765c0695339c3abe ae000f9d0b5e104e 8dc313a2cf9da354 00e1e2eb13f650e4 20db73cf07a45f71 2dd12c230ab22555 a9dad59c7055b56c 5048a37f10cf2d91 8f578001f9d5f543 40583079f57235a6 4c3802a1bd3c842e 5989fb934598c1a7 059bbdbdb843af6a f44f74b3451aa593 0772e3ab293a1f30 128d583954b18074 0bcaac840d5e66d7 9a0f5ee4f845c9b2 c28bc62802b90f82 702d8f1064ab3e30 3986b68500d7704b 3fa57d488e979d74 ff88049e61f0f4ef
399,025a148c3a53bd9f c08c3765ac609cc0 48cf88c17ff38c5e bee46c54461925d0 33856365c271aea4 f46601a9955f9949 6461a9faa871b3ac da7d3c2d591c4295 6aefb6531736648a a1314cd417504572 72403ecdfe02bba6 64267373570e4ea3 4a5ac473c9d176ba 26fc2a95df5659c2 d0f6c00eec5eb973 ced9c56f2be86774 a677c3a76055a6d2 65d44c6393907290 622f2e4119882c94 b1dcaca98bb76736 74873b42602d8958 f105a53e5cfae611 64c2e323906b42d3 00d9eb862ba3dfc6 9a0f5ee4f845c9b2 a860b682add9de1c 01e5a6edcee7deb0 366a22fce0614fb8 74244a8703c03720 22756be6fd061d4c
400,bb7515be835dea49 70776cdd9bb3b7d4 72403ecdfe02bba6 0647acc4602d4e8f f1a3b8b13e9401c0 42bb83d7c4b9ecae 3734d3b0b9232538 3b4a85bac6ead3c8 01e5a6edcee7deb0 6cb9ab508a0678a0 050544c040f46152 4dba7ce835494a63 033d905aec273595 97d696011258825c fc8971756f9ec194 b50b4e27b03c7b37 b9d966ad9e04127a e403278468d84383 95d25d38ba7df9c7 061f3e1feeaa3094 892074f7c1ef5d5e 39f6296778264878 26fc2a95df5659c2 9b2adcf4041227d7 ced9c56f2be86774 bee46c54461925d0 2810fb6f81d1711c 5867d40811c0229f b1dcaca98bb76736 b78189788d563693
401,0fbd0f422e926816 0451447dd64f6284 01e5a6edcee7deb0 7155e5a86136eb02 395b26d91f98bd92 ffc688c4c1c2a068 5b16bae6a0de7c88 0897dcfae16e280f 005666aa098abe8e 0647acc4602d4e8f 061f3e1feeaa3094 f105a53e5cfae611 3734d3b0b9232538 f705b637f624147e 0e45c4c185f35df6 97d696011258825c bfb8032f2183d471 4d9214c0925e5af8 45630e1451157ff3 4b8c7061102517ef cea18be9a89d7a81 172bc0ee09332ae9 7b81f1f2b6ec2e5f d3c4a7db726191e0 42bb83d7c4b9ecae bc2ae5f4e5d53e00 d72363ddd958d906 e9c20b67a4c5395f 66ccd03c9e03ac06 1a05ef8c93af8eed
402,f25bfcffedaccf28 0a49074a4158155b 316382267dcd804f b8e2f75014710ced 999a52f1d301247c b0b5e62a93a2c37c 83b911ff0ff45844 455fde214d16d350 4d7653ea9499eed4 aa0789b403bcd839 db69d4cbfef8d22f b3e75fdca5ca2f1a 2359719a0f40ffac eff60ceea8817dad d216e5458ad70e60 4d417b203b333363 96e82fa141db9a4b 1d12acf7349196b0 bd713b37b67866c3 dac29ed8400b50cc 29968e8fd13539f8 fd57e641d06ebda7 0cd920bad11c716d 6aac5e116b75aa22 f48d0fbea7dc2782 c14d5b16840d3032 bf973f9ec3600199 c015590d6a6fe833 5fb2d8e734956af0 5430097e23000368
403,5b16bae6a0de7c88 013030fd7d29bf3d 7b81f1f2b6ec2e5f 74244a8703c03720 bfb8032f2183d471 f105a53e5cfae611 d216e5458ad70e60 702d8f1064ab3e30 d3c4a7db726191e0 395b26d91f98bd92 047769588be1aea9 190ab585fd379f0f f49e13a653cbdad2 0897dcfae16e280f d73a65673e3f1d78 8e0760918e88e4a9 43b3338423d7386c 005666aa098abe8e 9ab90dfc5c9b0b37 4e966bb2768c2b8a a14394322cf7043d 8d58da0e1800dc96 f705b637f624147e d5805cdb9e8f0f48 0f33ce8d8014f308 4d9214c0925e5af8 45630e1451157ff3 cea18be9a89d7a81 0451447dd64f6284 628accd9be98503c
404,976baf0e84752a68 b6cdb608f640e038 7155e5a86136eb02 486dd77002936dec b26d8664feb18c8c bfb8032f2183d471 172bc0ee09332ae9 bc2ae5f4e5d53e00 3ca7964973437917 ae94d8435a6847f4 b2ee9eea2d974c90 2820628e65a062e2 0d0368139e9a647f 9269d2b0d877352d 95166957b2c38794 63d95d5977c2fe98 f2b5098ac9c92da9 83f5a9732f0de67f a18df74d3a16e9c0 ddb3810e0289c148 cea18be9a89d7a81 22e8d6734e4121ae 7b81f1f2b6ec2e5f 3986b68500d7704b 26fc2a95df5659c2 fc21db75b354a917 e8ad5e31484ef889 4e966bb2768c2b8a f6d23cdd2359f7c0 ce0f56b7190c268a
405,172bc0ee09332ae9 01e5a6edcee7deb0 7155e5a86136eb02 26fc2a95df5659c2 ffc688c4c1c2a068 a853f13216170123 0e45c4c185f35df6 81bd116c786bf9ae 033d905aec273595 70ebf53ced736fa4 486dd77002936dec 4b8c7061102517ef c08c3765ac609cc0 b26d8664feb18c8c bfb8032f2183d471 e9c20b67a4c5395f bc2ae5f4e5d53e00 781aaf62a955e4e8 0fbd0f422e926816 ae94d8435a6847f4 72403ecdfe02bba6 45630e1451157ff3 2820628e65a062e2 b2ee9eea2d974c90 0d0368139e9a647f 95166957b2c38794 db69d4cbfef8d22f 0b0021aa60d05daa 63d95d5977c2fe98 fab14d178b24a67f
406,3734d3b0b9232538 00d9f8d3f7d412b3 81b7c7e312bfa1a0 0451447dd64f6284 c5830f9d0f1e29e5 47fbe21f5c35c7b4 a853f13216170123 10ad13170242ecae 0647acc4602d4e8f fd57e641d06ebda7 cba7e22bb383083a 0eedb1a0d3b8ddae 97d696011258825c 52370bea1acd0600 acf5cb026b3c4551 ec4ef2f727e7a03f d6bbbd6c4968075a 01b3da54ffb158a0 061f3e1feeaa3094 4dba7ce835494a63 033d905aec273595 855f2f0354e102c7 8dedff0a79784abc d6ed7e4b14c51296 01ecc81f6341e902 01e5a6edcee7deb0 e461837f0fb35048 54a11cbcd7a32af4 5867d40811c0229f 19b4014943e0ad92
407,a76ffccd2f5df1a7 d72363ddd958d906 4dba7ce835494a63 66ccd03c9e03ac06 39075e303166355e 37001ade0df85823 0647acc4602d4e8f 033d905aec273595 5057551fc55e9ed2 061f3e1feeaa3094 3734d3b0b9232538 97d696011258825c 7155e5a86136eb02 486dd77002936dec 3b6d27775fce1c7b c606425856952286 b26d8664feb18c8c 42bb83d7c4b9ecae bfb8032f2183d471 172bc0ee09332ae9 b0e254dd420faee3 8e0cc5199a0ee659 bc2ae5f4e5d53e00 ae94d8435a6847f4 72b80b099fd64ec4 b2ee9eea2d974c90 2820628e65a062e2 0d0368139e9a647f 95166957b2c38794 10ad13170242ecae
408,acf5cb026b3c4551 00d9f8d3f7d412b3 3734d3b0b9232538 ba5199dba342af68 0451447dd64f6284 0cd920bad11c716d 0647acc4602d4e8f 97d696011258825c 061f3e1feeaa3094 01ecc81f6341e902 c5830f9d0f1e29e5 01e5a6edcee7deb0 a853f13216170123 cba7e22bb383083a 52370bea1acd0600 5867d40811c0229f e9c20b67a4c5395f 0eedb1a0d3b8ddae 033d905aec273595 4dba7ce835494a63 42bb83d7c4b9ecae 81b7c7e312bfa1a0 d72363ddd958d906 8dedff0a79784abc 66ccd03c9e03ac06 07d688f5e2142b87 72b80b099fd64ec4 19b4014943e0ad92 2e44fbb8bc3d8d71 10ad13170242ecae
409,81b7c7e312bfa1a0 c5830f9d0f1e29e5 47fbe21f5c35c7b4 a853f13216170123 fd57e641d06ebda7 cba7e22bb383083a 0eedb1a0d3b8ddae 52370bea1acd0600 00d9f8d3f7d412b3 acf5cb026b3c4551 ec4ef2f727e7a03f d6bbbd6c4968075a 01b3da54ffb158a0 0451447dd64f6284 855f2f0354e102c7 8dedff0a79784abc d6ed7e4b14c51296 01ecc81f6341e902 e461837f0fb35048 54a11cbcd7a32af4 25a3b47fe31bc6b5 e9c20b67a4c5395f 5dd752753760ced8 7f29daa16b9b4cda 65254e0d209fd66e 54f55c74d37db3c0 7f95168400948588 daa257a37227cd72 fa173131f15f5534 ec1b3d7ccd3984d0
410,a76ffccd2f5df1a7 d72363ddd958d906 4dba7ce835494a63 3734d3b0b9232538 00d9f8d3f7d412b3 81b7c7e312bfa1a0 0451447dd64f6284 c5830f9d0f1e29e5 47fbe21f5c35c7b4 a853f13216170123 37001ade0df85823 10ad13170242ecae 0647acc4602d4e8f 7155e5a86136eb02 c606425856952286 fd57e641d06ebda7 cba7e22bb383083a 0eedb1a0d3b8ddae 97d696011258825c 52370bea1acd0600 b0e254dd420faee3 acf5cb026b3c4551 ec4ef2f727e7a03f 5057551fc55e9ed2 d6bbbd6c4968075a 01b3da54ffb158a0 061f3e1feeaa3094 033d905aec273595 39075e303166355e 855f2f0354e102c7
411,65ad9c583823162d f25bfcffedaccf28 ae94d8435a6847f4 976baf0e84752a68 07be6a290720707d 83f8f2fc471cad74 451e7ba901ad661d ffc688c4c1c2a068 5a1149fbcbd37376 e6a29676c096f8e8 4d29c6922b2d0d56 453bc79164d57a01 1c3b74a02a86467d eff60ceea8817dad d3c4a7db726191e0 4fe9e4e55585ba4b db7342eff9200020 7c98dedd223b36c0 9c9a9d45c2ea7ddf a84cd36608cb8665 455fde214d16d350 29968e8fd13539f8 8d58da0e1800dc96 0cd920bad11c716d 2b48ab08c915c0ad 628accd9be98503c 6aac5e116b75aa22 0a49074a4158155b 96e82fa141db9a4b 4d417b203b333363
412,9a0f5ee4f845c9b2 01e5a6edcee7deb0 52e459a551d4ac2d 70ebf53ced736fa4 7155e5a86136eb02 b6cdb608f640e038 172bc0ee09332ae9 0e45c4c185f35df6 20db73cf07a45f71 ffc688c4c1c2a068 a853f13216170123 680bb5c5c3bb6ee1 b0e254dd420faee3 e9c20b67a4c5395f 72403ecdfe02bba6 0220a434aa8bf029 26fc2a95df5659c2 ced9c56f2be86774 bee46c54461925d0 72c2a95813ea72bd 4b8c7061102517ef b1dcaca98bb76736 19e8f436d4b2fc25 f105a53e5cfae611 366a22fce0614fb8 c08c3765ac609cc0 74244a8703c03720 1ba7a50457e93996 781aaf62a955e4e8 451e7ba901ad661d
413,3b6d27775fce1c7b 6aefb6531736648a b6cdb608f640e038 7b81f1f2b6ec2e5f 37001ade0df85823 7155e5a86136eb02 c606425856952286 a76ffccd2f5df1a7 b0e254dd420faee3 f46601a9955f9949 6461a9faa871b3ac da7d3c2d591c4295 5057551fc55e9ed2 bee46c54461925d0 d72363ddd958d906 b6e72edcad270be0 4dba7ce835494a63 33856365c271aea4 a1314cd417504572 52e459a551d4ac2d 48cf88c17ff38c5e c08c3765ac609cc0 64267373570e4ea3 4a5ac473c9d176ba d0f6c00eec5eb973 65d44c6393907290 a677c3a76055a6d2 622f2e4119882c94 74873b42602d8958 387e9cd2e5d4ea7d
414,005666aa098abe8e 1f423f368aebf7f3 0451447dd64f6284 4483bbdd3241f11a a18df74d3a16e9c0 395b26d91f98bd92 83b911ff0ff45844 5b16bae6a0de7c88 0897dcfae16e280f e878efab7c37179e 0647acc4602d4e8f 061f3e1feeaa3094 f105a53e5cfae611 3734d3b0b9232538 f705b637f624147e 97d696011258825c bfb8032f2183d471 4d9214c0925e5af8 45630e1451157ff3 cea18be9a89d7a81 9c9ebf71707d7a37 0fbd0f422e926816 3ca7964973437917 a84cd36608cb8665 455fde214d16d350 7b81f1f2b6ec2e5f d3c4a7db726191e0 29968e8fd13539f8 8d58da0e1800dc96 0cd920bad11c716d
415,6aac5e116b75aa22 db69d4cbfef8d22f 4e966bb2768c2b8a d216e5458ad70e60 0a49074a4158155b 2359719a0f40ffac f25bfcffedaccf28 7155e5a86136eb02 ffc688c4c1c2a068 64c2e323906b42d3 a60934e6b473097a ae94d8435a6847f4 28a2067685cb3e97 0220a434aa8bf029 0e45c4c185f35df6 0f33ce8d8014f308 0eedb1a0d3b8ddae 4b8c7061102517ef bfb8032f2183d471 628accd9be98503c a84cd36608cb8665 172bc0ee09332ae9 6aefb6531736648a 455fde214d16d350 01e5a6edcee7deb0 29968e8fd13539f8 8d58da0e1800dc96 0cd920bad11c716d e9c20b67a4c5395f 01ecc81f6341e902
416,72b80b099fd64ec4 7155e5a86136eb02 a76ffccd2f5df1a7 d72363ddd958d906 01e5a6edcee7deb0 4dba7ce835494a63 37001ade0df85823 e740c80fce094788 0e45c4c185f35df6 197fa50b30d91fe8 0647acc4602d4e8f 28403e62105b00f6 c606425856952286 ffc688c4c1c2a068 ced9c56f2be86774 b749972436ac9791 97d696011258825c b0e254dd420faee3 c143c095983a65c2 5057551fc55e9ed2 db0e648651f4c92b 061f3e1feeaa3094 e9c20b67a4c5395f 3734d3b0b9232538 a982b5c3aed39396 00ff646ca6637bd7 4b8c7061102517ef 5867d40811c0229f 9269d2b0d877352d 172bc0ee09332ae9
417,e9c20b67a4c5395f c31a456b544a40a8 238ec735a13a3f09 26140b225c4f8d3f 04886579947a80c2 43c354dbf952caaa ffc688c4c1c2a068 005666aa098abe8e 5879096a38d69fc5 047769588be1aea9 628accd9be98503c 5b16bae6a0de7c88 0683b6a78f54be75 c05f45f86d0771d5 190ab585fd379f0f 9a439fd1abf95245 f49e13a653cbdad2 39075e303166355e e8684734f2e587bd 09660f466b38b7ba 9269d2b0d877352d 01020d1b0821f4c7 5fb2d8e734956af0 45bd99d5d2eef776 fd30682593995748 9c9a9d45c2ea7ddf 2a06f5614060e3b6 bd713b37b67866c3 39f6296778264878 5ebb4d2f5f1c1f13
418,172bc0ee09332ae9 01e5a6edcee7deb0 0647acc4602d4e8f 033d905aec273595 3734d3b0b9232538 66ccd03c9e03ac06 7155e5a86136eb02 26fc2a95df5659c2 70776cdd9bb3b7d4 ffc688c4c1c2a068 a853f13216170123 4dba7ce835494a63 061f3e1feeaa3094 0e45c4c185f35df6 97d696011258825c 81bd116c786bf9ae 70ebf53ced736fa4 486dd77002936dec 4b8c7061102517ef c08c3765ac609cc0 b26d8664feb18c8c 42bb83d7c4b9ecae bfb8032f2183d471 d72363ddd958d906 e9c20b67a4c5395f bc2ae5f4e5d53e00 781aaf62a955e4e8 0fbd0f422e926816 ae94d8435a6847f4 72403ecdfe02bba6
419,cea18be9a89d7a81 7b81f1f2b6ec2e5f 3986b68500d7704b 172bc0ee09332ae9 01e5a6edcee7deb0 0451447dd64f6284 00d9f8d3f7d412b3 66ccd03c9e03ac06 e4a7a996ed6a5a81 7155e5a86136eb02 74873b42602d8958 0b774cf90856c4da ffc688c4c1c2a068 413c55a5ab86881a 6e239f4dd4b6aed7 0647acc4602d4e8f 033d905aec273595 d257d1fbcf43abd5 061f3e1feeaa3094 3734d3b0b9232538 0e45c4c185f35df6 128d583954b18074 97d696011258825c 1ba7a50457e93996 486dd77002936dec 4b8c7061102517ef 781aaf62a955e4e8 fb8bd6b95eb4702a 9f3d2ca16f358290 b26d8664feb18c8c
420,6aac5e116b75aa22 d216e5458ad70e60 0a49074a4158155b 2359719a0f40ffac e5fb8dc5c9cb4a19 155600e5f1221f8c f25bfcffedaccf28 43b3338423d7386c 520ec719078be07c 106204cd0e07e1b2 a52df8083c238c46 b1dcaca98bb76736 64c2e323906b42d3 a60934e6b473097a b760ebc5f25788d3 ae94d8435a6847f4 055d895a3b26e466 0647acc4602d4e8f 28a2067685cb3e97 db69d4cbfef8d22f 061f3e1feeaa3094 0220a434aa8bf029 e36475c1af5ea3ab 3734d3b0b9232538 97d696011258825c 0eedb1a0d3b8ddae 3ca7964973437917 a84cd36608cb8665 49224aca40e6e5e3 6aefb6531736648a
421,447fc00f40d71d08 52370bea1acd0600 3734d3b0b9232538 42bb83d7c4b9ecae 10ad13170242ecae 2e44fbb8bc3d8d71 0451447dd64f6284 1f423f368aebf7f3 19b4014943e0ad92 4105533fe46dfba9 6204e398d8c7f888 0647acc4602d4e8f b84b6c0b2e4d0306 c05f45f86d0771d5 9fda36f260eec24e 97d696011258825c fc16a50ff0baec53 5b4c879fc9c316fb 5d26da95786b3a3a 00d9f8d3f7d412b3 65d44c6393907290 061f3e1feeaa3094 acf5cb026b3c4551 8df3f13d6af34cb3 72c2a95813ea72bd 01ecc81f6341e902 c5830f9d0f1e29e5 01e5a6edcee7deb0 a853f13216170123 cba7e22bb383083a
422,c08c3765ac609cc0 48cf88c17ff38c5e bee46c54461925d0 33856365c271aea4 f46601a9955f9949 6461a9faa871b3ac da7d3c2d591c4295 6aefb6531736648a a1314cd417504572 72403ecdfe02bba6 64267373570e4ea3 4a5ac473c9d176ba 26fc2a95df5659c2 d0f6c00eec5eb973 ced9c56f2be86774 a677c3a76055a6d2 65d44c6393907290 622f2e4119882c94 b1dcaca98bb76736 74873b42602d8958 f105a53e5cfae611 00d9eb862ba3dfc6 64c2e323906b42d3 9a0f5ee4f845c9b2 a860b682add9de1c 01e5a6edcee7deb0 366a22fce0614fb8 74244a8703c03720 22756be6fd061d4c 1ba7a50457e93996
423,7155e5a86136eb02 172bc0ee09332ae9 01e5a6edcee7deb0 4dba7ce835494a63 a76ffccd2f5df1a7 d72363ddd958d906 39075e303166355e 0220a434aa8bf029 70ebf53ced736fa4 0647acc4602d4e8f 033d905aec273595 3734d3b0b9232538 66ccd03c9e03ac06 a18df74d3a16e9c0 26fc2a95df5659c2 70776cdd9bb3b7d4 ffc688c4c1c2a068 a853f13216170123 ae94d8435a6847f4 4e966bb2768c2b8a f6d23cdd2359f7c0 db69d4cbfef8d22f 37001ade0df85823 5057551fc55e9ed2 061f3e1feeaa3094 0e45c4c185f35df6 97d696011258825c 81bd116c786bf9ae e878efab7c37179e 0a79fabc6f5d93c9
424,172bc0ee09332ae9 01e5a6edcee7deb0 66ccd03c9e03ac06 7155e5a86136eb02 ffc688c4c1c2a068 0647acc4602d4e8f 033d905aec273595 061f3e1feeaa3094 3734d3b0b9232538 0e45c4c185f35df6 97d696011258825c 486dd77002936dec 4b8c7061102517ef b26d8664feb18c8c 42bb83d7c4b9ecae bfb8032f2183d471 d72363ddd958d906 e9c20b67a4c5395f bc2ae5f4e5d53e00 0fbd0f422e926816 ae94d8435a6847f4 72b80b099fd64ec4 2820628e65a062e2 b2ee9eea2d974c90 0d0368139e9a647f 95166957b2c38794 10ad13170242ecae 050544c040f46152 db69d4cbfef8d22f 63d95d5977c2fe98
425,00d9f8d3f7d412b3 7b81f1f2b6ec2e5f 0451447dd64f6284 3986b68500d7704b 387e9cd2e5d4ea7d 66ccd03c9e03ac06 e4a7a996ed6a5a81 3b6d27775fce1c7b 0b774cf90856c4da b6cdb608f640e038 6e239f4dd4b6aed7 0647acc4602d4e8f 033d905aec273595 061f3e1feeaa3094 3734d3b0b9232538 128d583954b18074 106204cd0e07e1b2 97d696011258825c 1ba7a50457e93996 486dd77002936dec 2e031d83339759b2 781aaf62a955e4e8 413c55a5ab86881a 2e44fbb8bc3d8d71 fb8bd6b95eb4702a 9f3d2ca16f358290 b26d8664feb18c8c 42bb83d7c4b9ecae 5430097e23000368 172bc0ee09332ae9
426,e8b87ed7db1bcb1f 00d9f8d3f7d412b3 81b7c7e312bfa1a0 c5830f9d0f1e29e5 2e44fbb8bc3d8d71 b6cdb608f640e038 d257d1fbcf43abd5 7b81f1f2b6ec2e5f 47fbe21f5c35c7b4 a853f13216170123 65d44c6393907290 b0e254dd420faee3 6a9aa1bd93e36e66 fd57e641d06ebda7 cba7e22bb383083a 33856365c271aea4 3b6d27775fce1c7b 0eedb1a0d3b8ddae 52370bea1acd0600 413c55a5ab86881a acf5cb026b3c4551 ec4ef2f727e7a03f 52e459a551d4ac2d d6bbbd6c4968075a 01b3da54ffb158a0 0451447dd64f6284 b6e72edcad270be0 855f2f0354e102c7 8dedff0a79784abc d6ed7e4b14c51296
427,01e5a6edcee7deb0 2810fb6f81d1711c 70776cdd9bb3b7d4 0647acc4602d4e8f 7155e5a86136eb02 42bb83d7c4b9ecae 3734d3b0b9232538 3b4a85bac6ead3c8 050544c040f46152 172bc0ee09332ae9 0e45c4c185f35df6 4dba7ce835494a63 033d905aec273595 bb7515be835dea49 ffc688c4c1c2a068 97d696011258825c a853f13216170123 fc8971756f9ec194 b9d966ad9e04127a 95d25d38ba7df9c7 061f3e1feeaa3094 e9c20b67a4c5395f 39f6296778264878 72403ecdfe02bba6 26fc2a95df5659c2 9b2adcf4041227d7 ced9c56f2be86774 70ebf53ced736fa4 bee46c54461925d0 4b8c7061102517ef
428,f25bfcffedaccf28 0a49074a4158155b eff60ceea8817dad d216e5458ad70e60 6aac5e116b75aa22 2359719a0f40ffac 4d417b203b333363 db69d4cbfef8d22f 976baf0e84752a68 ffc688c4c1c2a068 b8e2f75014710ced 453bc79164d57a01 999a52f1d301247c d3c4a7db726191e0 e6a29676c096f8e8 0220a434aa8bf029 b0b5e62a93a2c37c 83b911ff0ff45844 28a2067685cb3e97 455fde214d16d350 4d7653ea9499eed4 aa0789b403bcd839 4fe9e4e55585ba4b 628accd9be98503c b3e75fdca5ca2f1a 01ecc81f6341e902 96e82fa141db9a4b 64c2e323906b42d3 1d12acf7349196b0 bd713b37b67866c3
429,cea18be9a89d7a81 00d9f8d3f7d412b3 6e239f4dd4b6aed7 781aaf62a955e4e8 0647acc4602d4e8f 033d905aec273595 3734d3b0b9232538 190ab585fd379f0f 0451447dd64f6284 2b48ab08c915c0ad 172bc0ee09332ae9 66ccd03c9e03ac06 39075e303166355e 942a7d26d81c841f 74873b42602d8958 26fc2a95df5659c2 70776cdd9bb3b7d4 0db6584e3bdfa1c4 01e5a6edcee7deb0 4dba7ce835494a63 b3ad55963554f220 061f3e1feeaa3094 853e36b1550c6274 106204cd0e07e1b2 97d696011258825c 81bd116c786bf9ae 520ec719078be07c 9cf6709de35bf0f3 486dd77002936dec 2e031d83339759b2
430,39f6296778264878 26140b225c4f8d3f 3b4a85bac6ead3c8 bb7515be835dea49 70776cdd9bb3b7d4 fc8971756f9ec194 b9d966ad9e04127a 95d25d38ba7df9c7 72403ecdfe02bba6 26fc2a95df5659c2 9b2adcf4041227d7 ced9c56f2be86774 bee46c54461925d0 2810fb6f81d1711c b1dcaca98bb76736 b78189788d563693 f105a53e5cfae611 9a0f5ee4f845c9b2 01e5a6edcee7deb0 f2e30efbd27bee51 366a22fce0614fb8 c08c3765ac609cc0 74244a8703c03720 f44f74b3451aa593 42bb83d7c4b9ecae 27a12f29dceccdbd dea5e9227fbbac29 1ba7a50457e93996 781aaf62a955e4e8 4beacc71024f8b08
431,8dc313a2cf9da354 765c0695339c3abe 1c3b74a02a86467d 7ee52d2519eea367 a1314cd417504572 095bb1b6ecbd0a50 fd30682593995748 0772e3ab293a1f30 00e1e2eb13f650e4 20db73cf07a45f71 2dd12c230ab22555 5048a37f10cf2d91 050544c040f46152 f54ad8d1eb18212e d92c0298f76ccf77 8f578001f9d5f543 4c3802a1bd3c842e 5989fb934598c1a7 059bbdbdb843af6a f44f74b3451aa593 d16da1fb61813db9 128d583954b18074 26f72a4eb15ea8c0 b3ad55963554f220 702d8f1064ab3e30 f49e13a653cbdad2 c36c2dce0e6e434f 9f27aa36c1ea793c eff60ceea8817dad a853f13216170123
432,7155e5a86136eb02 3b6d27775fce1c7b 01e5a6edcee7deb0 74244a8703c03720 b6cdb608f640e038 4dba7ce835494a63 7b81f1f2b6ec2e5f bed3e73d52011f68 172bc0ee09332ae9 37001ade0df85823 00d9f8d3f7d412b3 52e459a551d4ac2d 0e45c4c185f35df6 c606425856952286 6cb9ab508a0678a0 ffc688c4c1c2a068 a853f13216170123 a76ffccd2f5df1a7 b0e254dd420faee3 6a3919ad9ed8197e 18b1d2d84c97a364 5057551fc55e9ed2 5b4c879fc9c316fb 522bd6887960c25d 0451447dd64f6284 853e36b1550c6274 d72363ddd958d906 b6e72edcad270be0 e9c20b67a4c5395f fb8bd6b95eb4702a
433,01e5a6edcee7deb0 52e459a551d4ac2d d9885881381fd10a 7155e5a86136eb02 b6cdb608f640e038 172bc0ee09332ae9 5b34da30b93eb123 0e45c4c185f35df6 20db73cf07a45f71 ffc688c4c1c2a068 a853f13216170123 680bb5c5c3bb6ee1 b0e254dd420faee3 e9c20b67a4c5395f 72403ecdfe02bba6 26fc2a95df5659c2 ced9c56f2be86774 70ebf53ced736fa4 bee46c54461925d0 72c2a95813ea72bd 4b8c7061102517ef b1dcaca98bb76736 19e8f436d4b2fc25 f105a53e5cfae611 9a0f5ee4f845c9b2 366a22fce0614fb8 c08c3765ac609cc0 74244a8703c03720 1ba7a50457e93996 781aaf62a955e4e8
434,65d44c6393907290 33856365c271aea4 1f423f368aebf7f3 b0e254dd420faee3 f46601a9955f9949 6461a9faa871b3ac da7d3c2d591c4295 5b4c879fc9c316fb 6a9aa1bd93e36e66 bee46c54461925d0 6aefb6531736648a a1314cd417504572 48cf88c17ff38c5e 64267373570e4ea3 c08c3765ac609cc0 36d33c41812ce7dc 4a5ac473c9d176ba d0f6c00eec5eb973 a677c3a76055a6d2 42bb83d7c4b9ecae 622f2e4119882c94 74873b42602d8958 64c2e323906b42d3 00d9eb862ba3dfc6 a860b682add9de1c c96049ed915ced0a 22756be6fd061d4c 10ad13170242ecae 19b4014943e0ad92 12af6a34778710db
435,42bb83d7c4b9ecae d257d1fbcf43abd5 70776cdd9bb3b7d4 0647acc4602d4e8f 5f94b027039f4e48 3734d3b0b9232538 10ad13170242ecae 3b4a85bac6ead3c8 01e5a6edcee7deb0 050544c040f46152 74244a8703c03720 1f423f368aebf7f3 19b4014943e0ad92 033d905aec273595 4dba7ce835494a63 33856365c271aea4 bb7515be835dea49 97d696011258825c 0f33ce8d8014f308 fc8971756f9ec194 c03b11a0cdc3fa39 5b4c879fc9c316fb 65d44c6393907290 b9d966ad9e04127a 95d25d38ba7df9c7 061f3e1feeaa3094 39f6296778264878 72403ecdfe02bba6 36d33c41812ce7dc 26fc2a95df5659c2
436,42bb83d7c4b9ecae a76ffccd2f5df1a7 d72363ddd958d906 4dba7ce835494a63 5f94b027039f4e48 37001ade0df85823 0647acc4602d4e8f 7155e5a86136eb02 c606425856952286 97d696011258825c b0e254dd420faee3 8fc68213b63951dc ec4ef2f727e7a03f 40583079f57235a6 5057551fc55e9ed2 061f3e1feeaa3094 033d905aec273595 39075e303166355e 0451447dd64f6284 3734d3b0b9232538 01e5a6edcee7deb0 5867d40811c0229f 19b4014943e0ad92 0fbd0f422e926816 9f4e0d572b1f4e6c 70776cdd9bb3b7d4 3b6d27775fce1c7b 8e0cc5199a0ee659 66ccd03c9e03ac06 72b80b099fd64ec4
437,5b16bae6a0de7c88 047769588be1aea9 005666aa098abe8e 190ab585fd379f0f f49e13a653cbdad2 7b81f1f2b6ec2e5f bbbd5d2fd957e8f7 f705b637f624147e d73a65673e3f1d78 f105a53e5cfae611 9a439fd1abf95245 0add47a043c64d7f 39075e303166355e 702d8f1064ab3e30 d3c4a7db726191e0 95166957b2c38794 395b26d91f98bd92 0897dcfae16e280f 43b3338423d7386c 9ab90dfc5c9b0b37 6899956cd6c683f0 8d58da0e1800dc96 bfb8032f2183d471 a2805ed52b47b8ec 0683b6a78f54be75 d5805cdb9e8f0f48 c05f45f86d0771d5 4d9214c0925e5af8 45630e1451157ff3 cea18be9a89d7a81
438,0a49074a4158155b d216e5458ad70e60 f25bfcffedaccf28 6aac5e116b75aa22 ae94d8435a6847f4 999a52f1d301247c dac29ed8400b50cc 2359719a0f40ffac db69d4cbfef8d22f b69ce8b8154645f8 2810fb6f81d1711c cc0c9419f8a20603 b8e2f75014710ced 0220a434aa8bf029 b0b5e62a93a2c37c 83b911ff0ff45844 28a2067685cb3e97 455fde214d16d350 4d7653ea9499eed4 aa0789b403bcd839 7f29daa16b9b4cda b3e75fdca5ca2f1a 01ecc81f6341e902 c11b97f245a9dfd0 eff60ceea8817dad 4d417b203b333363 96e82fa141db9a4b 64c2e323906b42d3 1d12acf7349196b0 bd713b37b67866c3
439,33856365c271aea4 3b4a85bac6ead3c8 96445bec1579ec97 65d44c6393907290 b0e254dd420faee3 bb7515be835dea49 70776cdd9bb3b7d4 fc8971756f9ec194 a65e30106ea50423 6a9aa1bd93e36e66 b9d966ad9e04127a 95d25d38ba7df9c7 39f6296778264878 72403ecdfe02bba6 26fc2a95df5659c2 9b2adcf4041227d7 a9dad59c7055b56c ced9c56f2be86774 bee46c54461925d0 2810fb6f81d1711c b1dcaca98bb76736 b78189788d563693 f105a53e5cfae611 9a0f5ee4f845c9b2 01e5a6edcee7deb0 f2e30efbd27bee51 366a22fce0614fb8 c08c3765ac609cc0 74244a8703c03720 f44f74b3451aa593
440,ffc688c4c1c2a068 bfb8032f2183d471 172bc0ee09332ae9 628accd9be98503c 4e966bb2768c2b8a d3c4a7db726191e0 7155e5a86136eb02 2b48ab08c915c0ad 976baf0e84752a68 451e7ba901ad661d e6a29676c096f8e8 4d29c6922b2d0d56 453bc79164d57a01 eff60ceea8817dad 0e45c4c185f35df6 0f33ce8d8014f308 486dd77002936dec 4fe9e4e55585ba4b 4b8c7061102517ef 7c98dedd223b36c0 db7342eff9200020 01e5a6edcee7deb0 b26d8664feb18c8c e9c20b67a4c5395f bc2ae5f4e5d53e00 98dbd15aa33ebc18 0fbd0f422e926816 ae94d8435a6847f4 6aac5e116b75aa22 b2ee9eea2d974c90
441,74244a8703c03720 bed3e73d52011f68 6cb9ab508a0678a0 6a3919ad9ed8197e 18b1d2d84c97a364 5b4c879fc9c316fb 522bd6887960c25d fb8bd6b95eb4702a 8f578001f9d5f543 a0566ca9daca7778 72403ecdfe02bba6 6e12311169bcb24c 26fc2a95df5659c2 0079f3c74309b582 ced9c56f2be86774 bee46c54461925d0 e228204ae08d1355 03ed286136d7b3cf b1dcaca98bb76736 ca4de5b8a7bda9df f105a53e5cfae611 9a0f5ee4f845c9b2 01e5a6edcee7deb0 366a22fce0614fb8 c08c3765ac609cc0 1ba7a50457e93996 0683b6a78f54be75 781aaf62a955e4e8 451e7ba901ad661d 892074f7c1ef5d5e
442,acf5cb026b3c4551 ba5199dba342af68 0cd920bad11c716d 00d9f8d3f7d412b3 01ecc81f6341e902 c5830f9d0f1e29e5 a853f13216170123 cba7e22bb383083a 52370bea1acd0600 e9c20b67a4c5395f 0eedb1a0d3b8ddae 0451447dd64f6284 81b7c7e312bfa1a0 8dedff0a79784abc 07d688f5e2142b87 3734d3b0b9232538 2e44fbb8bc3d8d71 5dd752753760ced8 47fbe21f5c35c7b4 ec4ef2f727e7a03f f2234bb7ce0c6f59 edc79e57b20e9036 60a070db9f1869b5 fc16a50ff0baec53 b6cdb608f640e038 c606425856952286 7d83ffe83f61bdc4 a18df74d3a16e9c0 a1314cd417504572 9a0f5ee4f845c9b2
443,db69d4cbfef8d22f f25bfcffedaccf28 0a49074a4158155b 6e239f4dd4b6aed7 4d7653ea9499eed4 b8e2f75014710ced d216e5458ad70e60 6aac5e116b75aa22 2359719a0f40ffac f05fa5f57dc03e81 5430097e23000368 eff60ceea8817dad 29968e8fd13539f8 d64c7c3b658689f4 ffc688c4c1c2a068 ff88049e61f0f4ef 04886579947a80c2 8a5635c748344d47 999a52f1d301247c 0220a434aa8bf029 b0b5e62a93a2c37c f9c6286cff30aaa8 83b911ff0ff45844 4b8c7061102517ef 28a2067685cb3e97 0e45c4c185f35df6 7155e5a86136eb02 455fde214d16d350 aa0789b403bcd839 5fb2d8e734956af0
444,430feb4826a5632e 46b99f864d6a075a 24c47959ea77b15b 7ee52d2519eea367 2e031d83339759b2 095bb1b6ecbd0a50 765c0695339c3abe 8dc313a2cf9da354 00e1e2eb13f650e4 20db73cf07a45f71 2dd12c230ab22555 5048a37f10cf2d91 8f578001f9d5f543 4c3802a1bd3c842e 5989fb934598c1a7 059bbdbdb843af6a f44f74b3451aa593 0772e3ab293a1f30 128d583954b18074 2a06f5614060e3b6 52370bea1acd0600 4d7653ea9499eed4 9a0f5ee4f845c9b2 366a22fce0614fb8 0bcaac840d5e66d7 c28bc62802b90f82 702d8f1064ab3e30 3986b68500d7704b 3fa57d488e979d74 ff88049e61f0f4ef
445,a853f13216170123 01e5a6edcee7deb0 3734d3b0b9232538 0647acc4602d4e8f e9c20b67a4c5395f 7155e5a86136eb02 c5830f9d0f1e29e5 00d9f8d3f7d412b3 0451447dd64f6284 81b7c7e312bfa1a0 172bc0ee09332ae9 10ad13170242ecae 0e45c4c185f35df6 4dba7ce835494a63 033d905aec273595 47fbe21f5c35c7b4 70776cdd9bb3b7d4 ffc688c4c1c2a068 97d696011258825c ec4ef2f727e7a03f d6bbbd6c4968075a 061f3e1feeaa3094 fd57e641d06ebda7 acf5cb026b3c4551 855f2f0354e102c7 01ecc81f6341e902 72403ecdfe02bba6 cba7e22bb383083a 52370bea1acd0600 26fc2a95df5659c2
446,4beacc71024f8b08 70776cdd9bb3b7d4 0647acc4602d4e8f 42bb83d7c4b9ecae 3734d3b0b9232538 3b4a85bac6ead3c8 01e5a6edcee7deb0 050544c040f46152 033d905aec273595 4dba7ce835494a63 bb7515be835dea49 97d696011258825c fc8971756f9ec194 b9d966ad9e04127a 95d25d38ba7df9c7 061f3e1feeaa3094 39f6296778264878 72403ecdfe02bba6 26fc2a95df5659c2 9b2adcf4041227d7 ced9c56f2be86774 bee46c54461925d0 2810fb6f81d1711c 5867d40811c0229f b1dcaca98bb76736 b78189788d563693 f105a53e5cfae611 9a0f5ee4f845c9b2 f2e30efbd27bee51 366a22fce0614fb8
447,9f27aa36c1ea793c 855f2f0354e102c7 bbbd5d2fd957e8f7 47fbe21f5c35c7b4 52370bea1acd0600 4d7653ea9499eed4 9a0f5ee4f845c9b2 0bcaac840d5e66d7 c28bc62802b90f82 702d8f1064ab3e30 e25a1da6ca187350 3fa57d488e979d74 ff88049e61f0f4ef e0269da736ddf004 bd713b37b67866c3 fd30682593995748 2a06f5614060e3b6 39f6296778264878 3986b68500d7704b e36475c1af5ea3ab e7cad3748e50b0f8 0708923badf2ff5d 734dabb98795c35c 942a7d26d81c841f bd0f175ee98c613e ae94d8435a6847f4 b6d0f83aad4e4dc7 cea18be9a89d7a81 622f2e4119882c94 4b8c7061102517ef
448,26fc2a95df5659c2 b1dcaca98bb76736 366a22fce0614fb8 451e7ba901ad661d 72403ecdfe02bba6 74244a8703c03720 2cebd52b41930f0a ced9c56f2be86774 bee46c54461925d0 fab14d178b24a67f 45630e1451157ff3 52e459a551d4ac2d 033d905aec273595 4dba7ce835494a63 0b0021aa60d05daa f105a53e5cfae611 1a05ef8c93af8eed 9a0f5ee4f845c9b2 01e5a6edcee7deb0 c08c3765ac609cc0 33856365c271aea4 1ba7a50457e93996 781aaf62a955e4e8 98dbd15aa33ebc18 28403e62105b00f6 70776cdd9bb3b7d4 0647acc4602d4e8f 9d5edf3b993fee50 8abe670908f12614 b9d966ad9e04127a
449,f705b637f624147e 0fbd0f422e926816 0add47a043c64d7f 0451447dd64f6284 01e5a6edcee7deb0 bbbd5d2fd957e8f7 7155e5a86136eb02 395b26d91f98bd92 ffc688c4c1c2a068 5b16bae6a0de7c88 0897dcfae16e280f 005666aa098abe8e 0647acc4602d4e8f 6899956cd6c683f0 061f3e1feeaa3094 f105a53e5cfae611 3734d3b0b9232538 0e45c4c185f35df6 97d696011258825c bfb8032f2183d471 a2805ed52b47b8ec 4d9214c0925e5af8 45630e1451157ff3 4b8c7061102517ef cea18be9a89d7a81 172bc0ee09332ae9 7b81f1f2b6ec2e5f d3c4a7db726191e0 42bb83d7c4b9ecae bc2ae5f4e5d53e00
450,999a52f1d301247c 4d7653ea9499eed4 0a49074a4158155b c11b97f245a9dfd0 5430097e23000368 eff60ceea8817dad b8e2f75014710ced cc0c9419f8a20603 f25bfcffedaccf28 d216e5458ad70e60 04886579947a80c2 ae94d8435a6847f4 dac29ed8400b50cc 8a5635c748344d47 db69d4cbfef8d22f b0b5e62a93a2c37c f9c6286cff30aaa8 83b911ff0ff45844 6e239f4dd4b6aed7 b69ce8b8154645f8 6aac5e116b75aa22 aa0789b403bcd839 5fb2d8e734956af0 2810fb6f81d1711c 7f29daa16b9b4cda b3e75fdca5ca2f1a 4d417b203b333363 da904d2a54ff8cf2 1d12acf7349196b0 bd713b37b67866c3
451,eff60ceea8817dad 4d7653ea9499eed4 f25bfcffedaccf28 5430097e23000368 4d417b203b333363 b8e2f75014710ced 976baf0e84752a68 ffc688c4c1c2a068 04886579947a80c2 453bc79164d57a01 8a5635c748344d47 999a52f1d301247c d3c4a7db726191e0 e6a29676c096f8e8 db69d4cbfef8d22f b0b5e62a93a2c37c f9c6286cff30aaa8 83b911ff0ff45844 6e239f4dd4b6aed7 83f8f2fc471cad74 aa0789b403bcd839 4fe9e4e55585ba4b 628accd9be98503c 5fb2d8e734956af0 0a49074a4158155b b3e75fdca5ca2f1a da904d2a54ff8cf2 1d12acf7349196b0 bd713b37b67866c3 ff88049e61f0f4ef
452,9a0f5ee4f845c9b2 0647acc4602d4e8f 3734d3b0b9232538 4dba7ce835494a63 01e5a6edcee7deb0 120e745e2961b5d5 033d905aec273595 7d83ffe83f61bdc4 cc2cc23a98c14c33 70776cdd9bb3b7d4 97d696011258825c a18df74d3a16e9c0 7eec211cc37a1b05 bc27d5dc9bab1c18 061f3e1feeaa3094 72403ecdfe02bba6 26fc2a95df5659c2 ced9c56f2be86774 bee46c54461925d0 5867d40811c0229f 148ac4a56a18844d b1dcaca98bb76736 f105a53e5cfae611 366a22fce0614fb8 0451447dd64f6284 c08c3765ac609cc0 74244a8703c03720 42bb83d7c4b9ecae d72363ddd958d906 66ccd03c9e03ac06
453,0220a434aa8bf029 ae94d8435a6847f4 6aac5e116b75aa22 64c2e323906b42d3 d216e5458ad70e60 0a49074a4158155b 2359719a0f40ffac a18df74d3a16e9c0 f25bfcffedaccf28 4e966bb2768c2b8a f6d23cdd2359f7c0 a60934e6b473097a 28a2067685cb3e97 db69d4cbfef8d22f 39075e303166355e e878efab7c37179e 0a79fabc6f5d93c9 486dd77002936dec 0eedb1a0d3b8ddae 73f770f2643a2135 a84cd36608cb8665 6aefb6531736648a 455fde214d16d350 29968e8fd13539f8 8d58da0e1800dc96 b26d8664feb18c8c 0cd920bad11c716d 172bc0ee09332ae9 bfb8032f2183d471 70ebf53ced736fa4
454,f25bfcffedaccf28 ffc688c4c1c2a068 0a49074a4158155b db69d4cbfef8d22f eff60ceea8817dad d216e5458ad70e60 6aac5e116b75aa22 2359719a0f40ffac 4d417b203b333363 976baf0e84752a68 b8e2f75014710ced 453bc79164d57a01 999a52f1d301247c d3c4a7db726191e0 e6a29676c096f8e8 0220a434aa8bf029 b0b5e62a93a2c37c 83b911ff0ff45844 4b8c7061102517ef 28a2067685cb3e97 0e45c4c185f35df6 7155e5a86136eb02 455fde214d16d350 4d7653ea9499eed4 aa0789b403bcd839 4fe9e4e55585ba4b 628accd9be98503c b3e75fdca5ca2f1a 01ecc81f6341e902 96e82fa141db9a4b
455,01e5a6edcee7deb0 ffc688c4c1c2a068 97d696011258825c 0647acc4602d4e8f 7155e5a86136eb02 3734d3b0b9232538 1ba7a50457e93996 172bc0ee09332ae9 0e45c4c185f35df6 4dba7ce835494a63 033d905aec273595 120e745e2961b5d5 f54ad8d1eb18212e 2394b08708475900 70776cdd9bb3b7d4 a853f13216170123 e7cad3748e50b0f8 204ec91c39d1479d 898a4921ab9f4cce 64907c4568244eb4 50cb6a6c60ad711a 77e2f7da1f9d3a8f 061f3e1feeaa3094 e9c20b67a4c5395f 72403ecdfe02bba6 26fc2a95df5659c2 22e8d6734e4121ae ced9c56f2be86774 70ebf53ced736fa4 bee46c54461925d0
456,005666aa098abe8e 9269d2b0d877352d 8bf446c0455e3c5c 922e625fae98b3b9 6461a9faa871b3ac bbbd5d2fd957e8f7 6899956cd6c683f0 f705b637f624147e a2805ed52b47b8ec 0add47a043c64d7f a84cd36608cb8665 455fde214d16d350 29968e8fd13539f8 8d58da0e1800dc96 0cd920bad11c716d 95166957b2c38794 6aac5e116b75aa22 0a49074a4158155b 96e82fa141db9a4b f25bfcffedaccf28 2359719a0f40ffac 047769588be1aea9 dac29ed8400b50cc d73a65673e3f1d78 a18df74d3a16e9c0 d216e5458ad70e60 f05fa5f57dc03e81 f48d0fbea7dc2782 fd57e641d06ebda7 4e966bb2768c2b8a
457,7b81f1f2b6ec2e5f 172bc0ee09332ae9 00d9f8d3f7d412b3 387e9cd2e5d4ea7d 70ebf53ced736fa4 0220a434aa8bf029 7155e5a86136eb02 3b6d27775fce1c7b ffc688c4c1c2a068 b6cdb608f640e038 0e45c4c185f35df6 106204cd0e07e1b2 486dd77002936dec 4b8c7061102517ef 2e031d83339759b2 413c55a5ab86881a 2e44fbb8bc3d8d71 01e5a6edcee7deb0 0451447dd64f6284 b26d8664feb18c8c 5430097e23000368 bfb8032f2183d471 e9c20b67a4c5395f bc2ae5f4e5d53e00 c810ac016901e8ac 0fbd0f422e926816 ae94d8435a6847f4 2820628e65a062e2 b2ee9eea2d974c90 0d0368139e9a647f
458,172bc0ee09332ae9 01e5a6edcee7deb0 7155e5a86136eb02 26fc2a95df5659c2 ffc688c4c1c2a068 a853f13216170123 0e45c4c185f35df6 81bd116c786bf9ae 033d905aec273595 70ebf53ced736fa4 486dd77002936dec 4b8c7061102517ef c08c3765ac609cc0 b26d8664feb18c8c bfb8032f2183d471 e9c20b67a4c5395f bc2ae5f4e5d53e00 781aaf62a955e4e8 0fbd0f422e926816 ae94d8435a6847f4 72403ecdfe02bba6 45630e1451157ff3 2820628e65a062e2 b2ee9eea2d974c90 0d0368139e9a647f 95166957b2c38794 db69d4cbfef8d22f 0b0021aa60d05daa 63d95d5977c2fe98 fab14d178b24a67f
459,bbbd5d2fd957e8f7 172bc0ee09332ae9 95166957b2c38794 a2805ed52b47b8ec 7155e5a86136eb02 ffc688c4c1c2a068 6899956cd6c683f0 0e45c4c185f35df6 f705b637f624147e 0add47a043c64d7f 486dd77002936dec 4b8c7061102517ef 01e5a6edcee7deb0 b26d8664feb18c8c bfb8032f2183d471 e9c20b67a4c5395f bc2ae5f4e5d53e00 0fbd0f422e926816 ae94d8435a6847f4 2820628e65a062e2 b2ee9eea2d974c90 0d0368139e9a647f 047769588be1aea9 db69d4cbfef8d22f d73a65673e3f1d78 63d95d5977c2fe98 f2b5098ac9c92da9 a18df74d3a16e9c0 83f5a9732f0de67f ddb3810e0289c148
460,b6e646c13d0753ae bf3ccaba4a3450a8 19b4014943e0ad92 6e12311169bcb24c 5b4c879fc9c316fb 65d44c6393907290 2e2904c5373734ae ffa9091747ae2466 622f2e4119882c94 36d33c41812ce7dc 42bb83d7c4b9ecae 33856365c271aea4 c96049ed915ced0a 10ad13170242ecae 2e44fbb8bc3d8d71 fc16a50ff0baec53 9a439fd1abf95245 74244a8703c03720 1f423f368aebf7f3 3c0873ce078d332b 7c8324ce28ffb96e c03b11a0cdc3fa39 c28bc62802b90f82 b6cdb608f640e038 c606425856952286 7d83ffe83f61bdc4 a18df74d3a16e9c0 a1314cd417504572 9a0f5ee4f845c9b2 bee46c54461925d0
461,01e5a6edcee7deb0 52e459a551d4ac2d 0647acc4602d4e8f e4a7a996ed6a5a81 b6cdb608f640e038 3734d3b0b9232538 4dba7ce835494a63 033d905aec273595 20db73cf07a45f71 70776cdd9bb3b7d4 97d696011258825c 680bb5c5c3bb6ee1 b0e254dd420faee3 061f3e1feeaa3094 72403ecdfe02bba6 26fc2a95df5659c2 ced9c56f2be86774 bee46c54461925d0 72c2a95813ea72bd 5867d40811c0229f b1dcaca98bb76736 19e8f436d4b2fc25 f105a53e5cfae611 9a0f5ee4f845c9b2 366a22fce0614fb8 0451447dd64f6284 c08c3765ac609cc0 74244a8703c03720 42bb83d7c4b9ecae d72363ddd958d906
462,285657fcdf89f00d ad06e9eeea8eb4ea 48a76e3aff69d605 a1314cd417504572 60a070db9f1869b5 d5805cdb9e8f0f48 47fbe21f5c35c7b4 4d7653ea9499eed4 9a0f5ee4f845c9b2 0bcaac840d5e66d7 c28bc62802b90f82 702d8f1064ab3e30 3986b68500d7704b 3fa57d488e979d74 ff88049e61f0f4ef e0269da736ddf004 bd713b37b67866c3 fd30682593995748 2a06f5614060e3b6 39f6296778264878 e25a1da6ca187350 f58ff7f1a6cde683 52370bea1acd0600 734dabb98795c35c 942a7d26d81c841f bd0f175ee98c613e ae94d8435a6847f4 b6d0f83aad4e4dc7 b24820ae14e16a24 622f2e4119882c94
463,7b81f1f2b6ec2e5f 3986b68500d7704b 0451447dd64f6284 00d9f8d3f7d412b3 387e9cd2e5d4ea7d 3b6d27775fce1c7b 0b774cf90856c4da b6cdb608f640e038 128d583954b18074 1ba7a50457e93996 486dd77002936dec e4a7a996ed6a5a81 2e44fbb8bc3d8d71 fb8bd6b95eb4702a 9f3d2ca16f358290 b26d8664feb18c8c 172bc0ee09332ae9 bfb8032f2183d471 c1f2e3a76d388944 bc2ae5f4e5d53e00 c810ac016901e8ac ae94d8435a6847f4 e403278468d84383 2820628e65a062e2 b2ee9eea2d974c90 0d0368139e9a647f 6aac5e116b75aa22 95166957b2c38794 b6e72edcad270be0 18ced18aee04c48e
464,b7d7d9ae1cbe0d8a 98dbd15aa33ebc18 f46601a9955f9949 0c2eeab1e4ce1db8 af41e2b6da3e7e02 5c8c6d9a1fd4c1e0 a9dad59c7055b56c 52370bea1acd0600 4d7653ea9499eed4 9a0f5ee4f845c9b2 0bcaac840d5e66d7 c28bc62802b90f82 702d8f1064ab3e30 47fbe21f5c35c7b4 3fa57d488e979d74 ff88049e61f0f4ef e0269da736ddf004 bd713b37b67866c3 fd30682593995748 2a06f5614060e3b6 3986b68500d7704b 0708923badf2ff5d 734dabb98795c35c 942a7d26d81c841f bd0f175ee98c613e ae94d8435a6847f4 b6d0f83aad4e4dc7 b24820ae14e16a24 622f2e4119882c94 cea18be9a89d7a81
465,5b16bae6a0de7c88 047769588be1aea9 005666aa098abe8e 190ab585fd379f0f f49e13a653cbdad2 7b81f1f2b6ec2e5f bbbd5d2fd957e8f7 f705b637f624147e d73a65673e3f1d78 f105a53e5cfae611 9a439fd1abf95245 0add47a043c64d7f 39075e303166355e 702d8f1064ab3e30 d3c4a7db726191e0 95166957b2c38794 395b26d91f98bd92 0897dcfae16e280f 43b3338423d7386c 9ab90dfc5c9b0b37 6899956cd6c683f0 8d58da0e1800dc96 bfb8032f2183d471 a2805ed52b47b8ec 0683b6a78f54be75 d5805cdb9e8f0f48 c05f45f86d0771d5 4d9214c0925e5af8 45630e1451157ff3 cea18be9a89d7a81
466,7b81f1f2b6ec2e5f 172bc0ee09332ae9 01e5a6edcee7deb0 387e9cd2e5d4ea7d 66ccd03c9e03ac06 7155e5a86136eb02 3b6d27775fce1c7b ffc688c4c1c2a068 00d9f8d3f7d412b3 b6cdb608f640e038 0647acc4602d4e8f 033d905aec273595 061f3e1feeaa3094 3734d3b0b9232538 0e45c4c185f35df6 97d696011258825c 486dd77002936dec 4b8c7061102517ef 2e44fbb8bc3d8d71 b26d8664feb18c8c 42bb83d7c4b9ecae bfb8032f2183d471 d72363ddd958d906 e9c20b67a4c5395f bc2ae5f4e5d53e00 c810ac016901e8ac 0fbd0f422e926816 ae94d8435a6847f4 72b80b099fd64ec4 2820628e65a062e2
467,ffc688c4c1c2a068 eff60ceea8817dad 4d7653ea9499eed4 628accd9be98503c f25bfcffedaccf28 5430097e23000368 4d417b203b333363 d3c4a7db726191e0 b8e2f75014710ced 976baf0e84752a68 04886579947a80c2 2b48ab08c915c0ad 453bc79164d57a01 8a5635c748344d47 999a52f1d301247c 486dd77002936dec e6a29676c096f8e8 db69d4cbfef8d22f b0b5e62a93a2c37c f9c6286cff30aaa8 83b911ff0ff45844 6e239f4dd4b6aed7 83f8f2fc471cad74 aa0789b403bcd839 4fe9e4e55585ba4b 5fb2d8e734956af0 0a49074a4158155b b3e75fdca5ca2f1a b2ee9eea2d974c90 da904d2a54ff8cf2
468,0079f3c74309b582 65d44c6393907290 33856365c271aea4 6a9aa1bd93e36e66 36d33c41812ce7dc ce8cb4351b8c0f6e fc16a50ff0baec53 10ad13170242ecae 07d688f5e2142b87 b0e254dd420faee3 f28fb3d9880c5d4c abf90e759d208468 40583079f57235a6 538c7bb968b2154c 5b4c879fc9c316fb 64907c4568244eb4 5f94b027039f4e48 055d895a3b26e466 19b4014943e0ad92 0eb4de784c8dd679 42bb83d7c4b9ecae 74244a8703c03720 1dc7139adba034ec 5d26da95786b3a3a ac9ee0c09b538140 c03b11a0cdc3fa39 c96049ed915ced0a c28bc62802b90f82 2e44fbb8bc3d8d71 9a439fd1abf95245
469,061f3e1feeaa3094 37001ade0df85823 7155e5a86136eb02 c606425856952286 a76ffccd2f5df1a7 b0e254dd420faee3 8699cc5dd4159b69 5057551fc55e9ed2 0f4c71d341e2d939 d72363ddd958d906 4dba7ce835494a63 fab14d178b24a67f 07f22a7ad7e4711d 8bf446c0455e3c5c 3b6d27775fce1c7b 9cf6709de35bf0f3 c05f45f86d0771d5 10ad13170242ecae 39075e303166355e c36c2dce0e6e434f 8e0cc5199a0ee659 42a5cae2a3a45557 57113c2a4cacd961 f76f44d372517a9a 60a070db9f1869b5 fc16a50ff0baec53 b6cdb608f640e038 7d83ffe83f61bdc4 a18df74d3a16e9c0 a1314cd417504572
470,10ad13170242ecae 42bb83d7c4b9ecae 36d33c41812ce7dc fc16a50ff0baec53 0079f3c74309b582 19b4014943e0ad92 1f423f368aebf7f3 0647acc4602d4e8f 97d696011258825c f28fb3d9880c5d4c abf90e759d208468 40583079f57235a6 538c7bb968b2154c 5b4c879fc9c316fb 64907c4568244eb4 65d44c6393907290 6a9aa1bd93e36e66 061f3e1feeaa3094 33856365c271aea4 4dba7ce835494a63 033d905aec273595 0451447dd64f6284 3734d3b0b9232538 055d895a3b26e466 01e5a6edcee7deb0 0eb4de784c8dd679 74244a8703c03720 5867d40811c0229f 1dc7139adba034ec 5d26da95786b3a3a
471,9c9ebf71707d7a37 7ee52d2519eea367 095bb1b6ecbd0a50 765c0695339c3abe 8dc313a2cf9da354 00e1e2eb13f650e4 20db73cf07a45f71 2dd12c230ab22555 5048a37f10cf2d91 8f578001f9d5f543 4c3802a1bd3c842e 5989fb934598c1a7 059bbdbdb843af6a f44f74b3451aa593 0772e3ab293a1f30 128d583954b18074 3986b68500d7704b 702d8f1064ab3e30 c28bc62802b90f82 0bcaac840d5e66d7 47fbe21f5c35c7b4 9a0f5ee4f845c9b2 3fa57d488e979d74 4d7653ea9499eed4 ff88049e61f0f4ef e0269da736ddf004 52370bea1acd0600 bd713b37b67866c3 2a06f5614060e3b6 0708923badf2ff5d
472,f46601a9955f9949 6461a9faa871b3ac da7d3c2d591c4295 edc79e57b20e9036 acf5cb026b3c4551 bee46c54461925d0 33856365c271aea4 01ecc81f6341e902 6aefb6531736648a a1314cd417504572 c5830f9d0f1e29e5 a853f13216170123 48cf88c17ff38c5e cba7e22bb383083a 64267373570e4ea3 c08c3765ac609cc0 52370bea1acd0600 4a5ac473c9d176ba d0f6c00eec5eb973 65d44c6393907290 a677c3a76055a6d2 622f2e4119882c94 74873b42602d8958 e9c20b67a4c5395f 0eedb1a0d3b8ddae 0451447dd64f6284 00d9eb862ba3dfc6 64c2e323906b42d3 a860b682add9de1c 22756be6fd061d4c
473,37001ade0df85823 5057551fc55e9ed2 a76ffccd2f5df1a7 b0e254dd420faee3 354d7a327bbcc152 7155e5a86136eb02 c606425856952286 419b5dc40744fb9b 77e2f7da1f9d3a8f 7eec211cc37a1b05 9b0e8cf8153e3b33 6406fcdb7d87b5dc e740c80fce094788 d72363ddd958d906 4dba7ce835494a63 52e459a551d4ac2d 404031ab9d5977c4 3b6d27775fce1c7b 4577ae048ef1967d 39075e303166355e 8e0cc5199a0ee659 9c9ebf71707d7a37 b6cdb608f640e038 7d83ffe83f61bdc4 a18df74d3a16e9c0 a1314cd417504572 9a0f5ee4f845c9b2 bee46c54461925d0 6461a9faa871b3ac 20d283a232dfd13c
474,bf3ccaba4a3450a8 19b4014943e0ad92 b6e646c13d0753ae cec2eea2a1fe566a 6e12311169bcb24c 5b4c879fc9c316fb 65d44c6393907290 2e2904c5373734ae ffa9091747ae2466 622f2e4119882c94 36d33c41812ce7dc 42bb83d7c4b9ecae 33856365c271aea4 c96049ed915ced0a 10ad13170242ecae 2e44fbb8bc3d8d71 fc16a50ff0baec53 9a439fd1abf95245 74244a8703c03720 1f423f368aebf7f3 3c0873ce078d332b 7c8324ce28ffb96e c03b11a0cdc3fa39 c28bc62802b90f82 b6cdb608f640e038 c606425856952286 7d83ffe83f61bdc4 a18df74d3a16e9c0 a1314cd417504572 9a0f5ee4f845c9b2
475,bf3ccaba4a3450a8 19b4014943e0ad92 b6e646c13d0753ae 6e12311169bcb24c 5b4c879fc9c316fb 65d44c6393907290 2e2904c5373734ae ffa9091747ae2466 622f2e4119882c94 36d33c41812ce7dc 42bb83d7c4b9ecae 33856365c271aea4 c96049ed915ced0a 10ad13170242ecae 2e44fbb8bc3d8d71 fc16a50ff0baec53 9a439fd1abf95245 74244a8703c03720 1f423f368aebf7f3 3c0873ce078d332b 7c8324ce28ffb96e c03b11a0cdc3fa39 c28bc62802b90f82 b6cdb608f640e038 c606425856952286 7d83ffe83f61bdc4 a18df74d3a16e9c0 a1314cd417504572 9a0f5ee4f845c9b2 bee46c54461925d0
476,7155e5a86136eb02 172bc0ee09332ae9 39075e303166355e 37001ade0df85823 0e45c4c185f35df6 c606425856952286 a18df74d3a16e9c0 3986b68500d7704b ffc688c4c1c2a068 486dd77002936dec a76ffccd2f5df1a7 4dba7ce835494a63 b0e254dd420faee3 01e5a6edcee7deb0 83f5a9732f0de67f 26fc2a95df5659c2 5057551fc55e9ed2 b26d8664feb18c8c 0a79fabc6f5d93c9 fc21db75b354a917 63d95d5977c2fe98 d72363ddd958d906 cba7e22bb383083a e9c20b67a4c5395f 537a55eda51a3f60 b2ee9eea2d974c90 2820628e65a062e2 0d0368139e9a647f 73f770f2643a2135 4b8c7061102517ef
477,172bc0ee09332ae9 01e5a6edcee7deb0 66ccd03c9e03ac06 7155e5a86136eb02 ffc688c4c1c2a068 0647acc4602d4e8f 033d905aec273595 061f3e1feeaa3094 3734d3b0b9232538 0e45c4c185f35df6 97d696011258825c 486dd77002936dec 4b8c7061102517ef b26d8664feb18c8c 42bb83d7c4b9ecae bfb8032f2183d471 d72363ddd958d906 e9c20b67a4c5395f bc2ae5f4e5d53e00 0fbd0f422e926816 ae94d8435a6847f4 72b80b099fd64ec4 2820628e65a062e2 b2ee9eea2d974c90 0d0368139e9a647f 95166957b2c38794 10ad13170242ecae 050544c040f46152 db69d4cbfef8d22f 63d95d5977c2fe98
478,f76f44d372517a9a 74244a8703c03720 bed3e73d52011f68 fc16a50ff0baec53 6cb9ab508a0678a0 6a3919ad9ed8197e 18b1d2d84c97a364 5b4c879fc9c316fb 522bd6887960c25d fb8bd6b95eb4702a 8f578001f9d5f543 a0566ca9daca7778 72403ecdfe02bba6 6e12311169bcb24c 26fc2a95df5659c2 0079f3c74309b582 ced9c56f2be86774 bee46c54461925d0 03ed286136d7b3cf e228204ae08d1355 b1dcaca98bb76736 ca4de5b8a7bda9df f105a53e5cfae611 9a0f5ee4f845c9b2 01e5a6edcee7deb0 366a22fce0614fb8 c08c3765ac609cc0 1ba7a50457e93996 0683b6a78f54be75 781aaf62a955e4e8
479,70776cdd9bb3b7d4 0647acc4602d4e8f 42bb83d7c4b9ecae 3734d3b0b9232538 3b4a85bac6ead3c8 01e5a6edcee7deb0 050544c040f46152 4dba7ce835494a63 033d905aec273595 bb7515be835dea49 97d696011258825c fc8971756f9ec194 b9d966ad9e04127a 95d25d38ba7df9c7 061f3e1feeaa3094 39f6296778264878 72403ecdfe02bba6 26fc2a95df5659c2 9b2adcf4041227d7 ced9c56f2be86774 bee46c54461925d0 2810fb6f81d1711c 5867d40811c0229f b1dcaca98bb76736 b78189788d563693 f105a53e5cfae611 9a0f5ee4f845c9b2 f2e30efbd27bee51 366a22fce0614fb8 0451447dd64f6284
480,666bdff4faa513ca bfb8032f2183d471 4e966bb2768c2b8a cec2eea2a1fe566a 1dc7139adba034ec 0f33ce8d8014f308 486dd77002936dec 628accd9be98503c b26d8664feb18c8c 172bc0ee09332ae9 bc2ae5f4e5d53e00 98dbd15aa33ebc18 ae94d8435a6847f4 6aac5e116b75aa22 2820628e65a062e2 b2ee9eea2d974c90 0d0368139e9a647f 95166957b2c38794 92f42fbd0c38f7fd 63d95d5977c2fe98 de8e1345e8c305c4 f2b5098ac9c92da9 a18df74d3a16e9c0 83f5a9732f0de67f ddb3810e0289c148 cea18be9a89d7a81 9c9a9d45c2ea7ddf 22e8d6734e4121ae 3986b68500d7704b 7b81f1f2b6ec2e5f
481,1f423f368aebf7f3 01e5a6edcee7deb0 65d44c6393907290 42bb83d7c4b9ecae 7155e5a86136eb02 33856365c271aea4 10ad13170242ecae 19b4014943e0ad92 0e45c4c185f35df6 0647acc4602d4e8f ffc688c4c1c2a068 97d696011258825c f46601a9955f9949 6461a9faa871b3ac da7d3c2d591c4295 5b4c879fc9c316fb 061f3e1feeaa3094 bee46c54461925d0 e9c20b67a4c5395f 3734d3b0b9232538 6aefb6531736648a a1314cd417504572 48cf88c17ff38c5e c08c3765ac609cc0 64267373570e4ea3 36d33c41812ce7dc 4a5ac473c9d176ba d0f6c00eec5eb973 a677c3a76055a6d2 4b8c7061102517ef
482,bbbd5d2fd957e8f7 fd30682593995748 ffa9091747ae2466 95166957b2c38794 a2805ed52b47b8ec 155600e5f1221f8c 6899956cd6c683f0 da7d3c2d591c4295 f705b637f624147e 0add47a043c64d7f 486dd77002936dec b26d8664feb18c8c bfb8032f2183d471 172bc0ee09332ae9 bc2ae5f4e5d53e00 ae94d8435a6847f4 b2ee9eea2d974c90 2820628e65a062e2 0d0368139e9a647f 047769588be1aea9 d73a65673e3f1d78 63d95d5977c2fe98 f2b5098ac9c92da9 83f5a9732f0de67f a18df74d3a16e9c0 ddb3810e0289c148 cea18be9a89d7a81 22e8d6734e4121ae 7b81f1f2b6ec2e5f 3986b68500d7704b
483,2b48ab08c915c0ad 190ab585fd379f0f d3c4a7db726191e0 66ccd03c9e03ac06 39075e303166355e 976baf0e84752a68 0db6584e3bdfa1c4 451e7ba901ad661d 0647acc4602d4e8f ffc688c4c1c2a068 033d905aec273595 4d29c6922b2d0d56 e6a29676c096f8e8 453bc79164d57a01 b3ad55963554f220 061f3e1feeaa3094 eff60ceea8817dad 3734d3b0b9232538 97d696011258825c 520ec719078be07c 9cf6709de35bf0f3 486dd77002936dec 4fe9e4e55585ba4b db7342eff9200020 7c98dedd223b36c0 09bbaa171c20bae3 b26d8664feb18c8c 42bb83d7c4b9ecae 172bc0ee09332ae9 bfb8032f2183d471
484,285657fcdf89f00d ad06e9eeea8eb4ea 48a76e3aff69d605 a1314cd417504572 60a070db9f1869b5 d5805cdb9e8f0f48 47fbe21f5c35c7b4 4d7653ea9499eed4 9a0f5ee4f845c9b2 0bcaac840d5e66d7 c28bc62802b90f82 702d8f1064ab3e30 3986b68500d7704b 3fa57d488e979d74 ff88049e61f0f4ef e0269da736ddf004 bd713b37b67866c3 fd30682593995748 2a06f5614060e3b6 39f6296778264878 e25a1da6ca187350 f58ff7f1a6cde683 52370bea1acd0600 734dabb98795c35c 942a7d26d81c841f bd0f175ee98c613e ae94d8435a6847f4 b6d0f83aad4e4dc7 b24820ae14e16a24 622f2e4119882c94
485,628accd9be98503c ffc688c4c1c2a068 877672967d3f70bb 976baf0e84752a68 451e7ba901ad661d e6a29676c096f8e8 4d29c6922b2d0d56 453bc79164d57a01 e9c20b67a4c5395f eff60ceea8817dad 04886579947a80c2 d3c4a7db726191e0 4fe9e4e55585ba4b 7c98dedd223b36c0 db7342eff9200020 942a7d26d81c841f 8a5635c748344d47 2b48ab08c915c0ad 4d417b203b333363 204ec91c39d1479d a52df8083c238c46 f25bfcffedaccf28 83f8f2fc471cad74 5fb2d8e734956af0 0772e3ab293a1f30 52370bea1acd0600 4d7653ea9499eed4 9a0f5ee4f845c9b2 9cf6709de35bf0f3 47fbe21f5c35c7b4
486,4f2fffd7528de786 33856365c271aea4 65d44c6393907290 10ad13170242ecae 74244a8703c03720 b0e254dd420faee3 9fda36f260eec24e c03b11a0cdc3fa39 ae000f9d0b5e104e 5b4c879fc9c316fb 6a9aa1bd93e36e66 07be6a290720707d 8e83d05923cde390 72403ecdfe02bba6 ca43e349133fc0e3 36d33c41812ce7dc 26fc2a95df5659c2 5c4b7558c942a224 ced9c56f2be86774 bee46c54461925d0 42bb83d7c4b9ecae b1dcaca98bb76736 42a5cae2a3a45557 f105a53e5cfae611 9a0f5ee4f845c9b2 01e5a6edcee7deb0 366a22fce0614fb8 c08c3765ac609cc0 c96049ed915ced0a 19b4014943e0ad92
487,c08c3765ac609cc0 48cf88c17ff38c5e bee46c54461925d0 33856365c271aea4 c143c095983a65c2 f46601a9955f9949 6461a9faa871b3ac da7d3c2d591c4295 6aefb6531736648a a1314cd417504572 72403ecdfe02bba6 64267373570e4ea3 4a5ac473c9d176ba 26fc2a95df5659c2 d0f6c00eec5eb973 ced9c56f2be86774 a677c3a76055a6d2 65d44c6393907290 622f2e4119882c94 b1dcaca98bb76736 74873b42602d8958 f105a53e5cfae611 64c2e323906b42d3 00d9eb862ba3dfc6 9a0f5ee4f845c9b2 a860b682add9de1c 01e5a6edcee7deb0 366a22fce0614fb8 74244a8703c03720 22756be6fd061d4c
488,0647acc4602d4e8f a18df74d3a16e9c0 3734d3b0b9232538 4dba7ce835494a63 9a0f5ee4f845c9b2 01e5a6edcee7deb0 120e745e2961b5d5 033d905aec273595 7d83ffe83f61bdc4 cc2cc23a98c14c33 70776cdd9bb3b7d4 97d696011258825c 7eec211cc37a1b05 bc27d5dc9bab1c18 061f3e1feeaa3094 72403ecdfe02bba6 26fc2a95df5659c2 ced9c56f2be86774 bee46c54461925d0 5867d40811c0229f 148ac4a56a18844d b1dcaca98bb76736 f105a53e5cfae611 366a22fce0614fb8 0451447dd64f6284 c08c3765ac609cc0 74244a8703c03720 42bb83d7c4b9ecae d72363ddd958d906 66ccd03c9e03ac06
489,f29eee8054c061e1 8566d15270eb5e83 e0269da736ddf004 b8e2f75014710ced 5fb2d8e734956af0 0eedb1a0d3b8ddae e36475c1af5ea3ab a52df8083c238c46 453bc79164d57a01 eff60ceea8817dad e1460af4a7044067 7f29daa16b9b4cda 40583079f57235a6 b1e47da7659b675c 0db6584e3bdfa1c4 e25a1da6ca187350 39f6296778264878 2a06f5614060e3b6 fd30682593995748 bd713b37b67866c3 bd0f175ee98c613e ff88049e61f0f4ef 3fa57d488e979d74 ae94d8435a6847f4 3986b68500d7704b 702d8f1064ab3e30 b6d0f83aad4e4dc7 c28bc62802b90f82 622f2e4119882c94 4b8c7061102517ef
490,172bc0ee09332ae9 01e5a6edcee7deb0 0647acc4602d4e8f 033d905aec273595 3734d3b0b9232538 66ccd03c9e03ac06 7155e5a86136eb02 26fc2a95df5659c2 70776cdd9bb3b7d4 ffc688c4c1c2a068 a853f13216170123 4dba7ce835494a63 061f3e1feeaa3094 0e45c4c185f35df6 97d696011258825c 81bd116c786bf9ae 70ebf53ced736fa4 486dd77002936dec 4b8c7061102517ef c08c3765ac609cc0 b26d8664feb18c8c 42bb83d7c4b9ecae bfb8032f2183d471 d72363ddd958d906 e9c20b67a4c5395f bc2ae5f4e5d53e00 781aaf62a955e4e8 0fbd0f422e926816 ae94d8435a6847f4 72403ecdfe02bba6
491,cea18be9a89d7a81 2bafd15871caae91 01e5a6edcee7deb0 7155e5a86136eb02 b6cdb608f640e038 3b4a85bac6ead3c8 7b81f1f2b6ec2e5f 172bc0ee09332ae9 52e459a551d4ac2d 0e45c4c185f35df6 74873b42602d8958 d257d1fbcf43abd5 3b6d27775fce1c7b bb7515be835dea49 ffc688c4c1c2a068 a853f13216170123 70776cdd9bb3b7d4 fc8971756f9ec194 413c55a5ab86881a b9d966ad9e04127a 95d25d38ba7df9c7 b6e72edcad270be0 e9c20b67a4c5395f 39f6296778264878 72403ecdfe02bba6 26fc2a95df5659c2 9b2adcf4041227d7 ced9c56f2be86774 70ebf53ced736fa4 bee46c54461925d0
492,36d33c41812ce7dc fc16a50ff0baec53 10ad13170242ecae 0079f3c74309b582 f28fb3d9880c5d4c abf90e759d208468 40583079f57235a6 538c7bb968b2154c 5b4c879fc9c316fb 64907c4568244eb4 65d44c6393907290 6a9aa1bd93e36e66 33856365c271aea4 055d895a3b26e466 19b4014943e0ad92 0eb4de784c8dd679 42bb83d7c4b9ecae 74244a8703c03720 1dc7139adba034ec 5d26da95786b3a3a ac9ee0c09b538140 c03b11a0cdc3fa39 c96049ed915ced0a c28bc62802b90f82 2e44fbb8bc3d8d71 9a439fd1abf95245 9113e9dc940fb287 1f423f368aebf7f3 3c0873ce078d332b 0b774cf90856c4da
493,ddf332f2b55a2a23 3734d3b0b9232538 00d9f8d3f7d412b3 81b7c7e312bfa1a0 0451447dd64f6284 c5830f9d0f1e29e5 47fbe21f5c35c7b4 a853f13216170123 10ad13170242ecae 0647acc4602d4e8f fd57e641d06ebda7 cba7e22bb383083a 0eedb1a0d3b8ddae 97d696011258825c 52370bea1acd0600 acf5cb026b3c4551 ec4ef2f727e7a03f d6bbbd6c4968075a 01b3da54ffb158a0 061f3e1feeaa3094 4dba7ce835494a63 033d905aec273595 855f2f0354e102c7 8dedff0a79784abc d6ed7e4b14c51296 01ecc81f6341e902 01e5a6edcee7deb0 e461837f0fb35048 54a11cbcd7a32af4 5867d40811c0229f
494,c08c3765ac609cc0 48cf88c17ff38c5e bee46c54461925d0 33856365c271aea4 f46601a9955f9949 6461a9faa871b3ac da7d3c2d591c4295 6aefb6531736648a a1314cd417504572 72403ecdfe02bba6 64267373570e4ea3 4a5ac473c9d176ba 26fc2a95df5659c2 d0f6c00eec5eb973 ced9c56f2be86774 a677c3a76055a6d2 65d44c6393907290 622f2e4119882c94 b1dcaca98bb76736 74873b42602d8958 f105a53e5cfae611 00d9eb862ba3dfc6 64c2e323906b42d3 9a0f5ee4f845c9b2 a860b682add9de1c 01e5a6edcee7deb0 366a22fce0614fb8 74244a8703c03720 22756be6fd061d4c 1ba7a50457e93996
495,f29eee8054c061e1 8566d15270eb5e83 eff60ceea8817dad 453bc79164d57a01 f25bfcffedaccf28 b8e2f75014710ced 5fb2d8e734956af0 4d417b203b333363 976baf0e84752a68 ffc688c4c1c2a068 999a52f1d301247c a52df8083c238c46 e0269da736ddf004 d3c4a7db726191e0 e6a29676c096f8e8 0db6584e3bdfa1c4 b0b5e62a93a2c37c 83b911ff0ff45844 e36475c1af5ea3ab 4d7653ea9499eed4 aa0789b403bcd839 4fe9e4e55585ba4b 628accd9be98503c 0a49074a4158155b b3e75fdca5ca2f1a 1d12acf7349196b0 bd713b37b67866c3 204ec91c39d1479d 451e7ba901ad661d 2b48ab08c915c0ad
496,6a3919ad9ed8197e 74244a8703c03720 bed3e73d52011f68 6cb9ab508a0678a0 18b1d2d84c97a364 5b4c879fc9c316fb 522bd6887960c25d fb8bd6b95eb4702a 8f578001f9d5f543 a0566ca9daca7778 72403ecdfe02bba6 6e12311169bcb24c 26fc2a95df5659c2 0079f3c74309b582 ced9c56f2be86774 bee46c54461925d0 e228204ae08d1355 03ed286136d7b3cf b1dcaca98bb76736 ca4de5b8a7bda9df f105a53e5cfae611 9a0f5ee4f845c9b2 01e5a6edcee7deb0 366a22fce0614fb8 c08c3765ac609cc0 1ba7a50457e93996 0683b6a78f54be75 781aaf62a955e4e8 451e7ba901ad661d 892074f7c1ef5d5e
497,01e5a6edcee7deb0 52e459a551d4ac2d 7155e5a86136eb02 b6cdb608f640e038 172bc0ee09332ae9 0e45c4c185f35df6 20db73cf07a45f71 ffc688c4c1c2a068 a853f13216170123 680bb5c5c3bb6ee1 b0e254dd420faee3 e9c20b67a4c5395f 72403ecdfe02bba6 26fc2a95df5659c2 ced9c56f2be86774 70ebf53ced736fa4 bee46c54461925d0 72c2a95813ea72bd 4b8c7061102517ef b1dcaca98bb76736 19e8f436d4b2fc25 f105a53e5cfae611 9a0f5ee4f845c9b2 366a22fce0614fb8 c08c3765ac609cc0 74244a8703c03720 1ba7a50457e93996 781aaf62a955e4e8 451e7ba901ad661d 0fbd0f422e926816
498,a76ffccd2f5df1a7 d72363ddd958d906 0451447dd64f6284 4dba7ce835494a63 395b26d91f98bd92 5b16bae6a0de7c88 0897dcfae16e280f 37001ade0df85823 005666aa098abe8e 0647acc4602d4e8f 5057551fc55e9ed2 061f3e1feeaa3094 f105a53e5cfae611 3734d3b0b9232538 f705b637f624147e 97d696011258825c bfb8032f2183d471 7155e5a86136eb02 4d9214c0925e5af8 45630e1451157ff3 cea18be9a89d7a81 0fbd0f422e926816 3b6d27775fce1c7b c606425856952286 7b81f1f2b6ec2e5f d3c4a7db726191e0 39075e303166355e 42bb83d7c4b9ecae bc2ae5f4e5d53e00 b0e254dd420faee3
499,4483bbdd3241f11a 07be6a290720707d 83b911ff0ff45844 765c0695339c3abe 1f423f368aebf7f3 0772e3ab293a1f30 9c9ebf71707d7a37 7ee52d2519eea367 1c3b74a02a86467d 095bb1b6ecbd0a50 8dc313a2cf9da354 00e1e2eb13f650e4 20db73cf07a45f71 2dd12c230ab22555 5048a37f10cf2d91 8f578001f9d5f543 4c3802a1bd3c842e 5989fb934598c1a7 059bbdbdb843af6a f44f74b3451aa593 128d583954b18074 702d8f1064ab3e30 4d7653ea9499eed4 c28bc62802b90f82 0bcaac840d5e66d7 3986b68500d7704b 3fa57d488e979d74 ff88049e61f0f4ef e0269da736ddf004 9a0f5ee4f845c9b2
500,81b7c7e312bfa1a0 c5830f9d0f1e29e5 190ab585fd379f0f 47fbe21f5c35c7b4 a853f13216170123 fd57e641d06ebda7 cba7e22bb383083a 0eedb1a0d3b8ddae 52370bea1acd0600 0db6584e3bdfa1c4 00d9f8d3f7d412b3 acf5cb026b3c4551 ec4ef2f727e7a03f 2b48ab08c915c0ad d6bbbd6c4968075a 01b3da54ffb158a0 b3ad55963554f220 0451447dd64f6284 39075e303166355e 855f2f0354e102c7 8dedff0a79784abc d6ed7e4b14c51296 01ecc81f6341e902 3a6e7894dde31c67 520ec719078be07c e461837f0fb35048 9cf6709de35bf0f3 54a11cbcd7a32af4 25a3b47fe31bc6b5 e9c20b67a4c5395f
501,ee3ed9a3f51336cd 6ae470a7c9ec20fd 4535ce2e3dced00f 9fbffc521da97c54 047769588be1aea9 e0269da736ddf004 ff88049e61f0f4ef 3fa57d488e979d74 bd713b37b67866c3 3986b68500d7704b 47fbe21f5c35c7b4 702d8f1064ab3e30 fd30682593995748 c28bc62802b90f82 0bcaac840d5e66d7 9a0f5ee4f845c9b2 4d7653ea9499eed4 2a06f5614060e3b6 52370bea1acd0600 39f6296778264878 0708923badf2ff5d 734dabb98795c35c 942a7d26d81c841f bd0f175ee98c613e ae94d8435a6847f4 b6d0f83aad4e4dc7 b24820ae14e16a24 622f2e4119882c94 bbbd5d2fd957e8f7 af8e70f978cd5aee
502,fc16a50ff0baec53 10ad13170242ecae 5989fb934598c1a7 36d33c41812ce7dc a492bd402afd5c71 0079f3c74309b582 f28fb3d9880c5d4c abf90e759d208468 538c7bb968b2154c d16da1fb61813db9 285657fcdf89f00d 5b4c879fc9c316fb 64907c4568244eb4 65d44c6393907290 430feb4826a5632e 40583079f57235a6 055d895a3b26e466 39075e303166355e 0eb4de784c8dd679 42bb83d7c4b9ecae 87c5481930cfe126 5d26da95786b3a3a 6a9aa1bd93e36e66 33856365c271aea4 ac9ee0c09b538140 c96049ed915ced0a 19b4014943e0ad92 2e44fbb8bc3d8d71 9a439fd1abf95245 74244a8703c03720
503,f25bfcffedaccf28 eff60ceea8817dad 0a49074a4158155b db69d4cbfef8d22f 4d7653ea9499eed4 b8e2f75014710ced d216e5458ad70e60 6aac5e116b75aa22 2359719a0f40ffac 5430097e23000368 4d417b203b333363 976baf0e84752a68 29968e8fd13539f8 ff88049e61f0f4ef ffc688c4c1c2a068 04886579947a80c2 453bc79164d57a01 8a5635c748344d47 999a52f1d301247c d3c4a7db726191e0 e6a29676c096f8e8 0220a434aa8bf029 b0b5e62a93a2c37c f9c6286cff30aaa8 83b911ff0ff45844 6e239f4dd4b6aed7 83f8f2fc471cad74 28a2067685cb3e97 455fde214d16d350 aa0789b403bcd839
504,976baf0e84752a68 b6cdb608f640e038 3ca7964973437917 7155e5a86136eb02 a84cd36608cb8665 455fde214d16d350 29968e8fd13539f8 8d58da0e1800dc96 0cd920bad11c716d 6aac5e116b75aa22 0a49074a4158155b 96e82fa141db9a4b f25bfcffedaccf28 9269d2b0d877352d 2359719a0f40ffac dac29ed8400b50cc a18df74d3a16e9c0 d216e5458ad70e60 f48d0fbea7dc2782 f05fa5f57dc03e81 fd57e641d06ebda7 005666aa098abe8e c015590d6a6fe833 4e966bb2768c2b8a f6d23cdd2359f7c0 dea5e9227fbbac29 eec6b281e236b500 e403278468d84383 8bf446c0455e3c5c ff88049e61f0f4ef
505,66ccd03c9e03ac06 a18df74d3a16e9c0 ae94d8435a6847f4 4e966bb2768c2b8a f6d23cdd2359f7c0 0647acc4602d4e8f 033d905aec273595 061f3e1feeaa3094 3734d3b0b9232538 97d696011258825c 39075e303166355e e878efab7c37179e 0a79fabc6f5d93c9 486dd77002936dec 64c2e323906b42d3 3ca7964973437917 73f770f2643a2135 a84cd36608cb8665 455fde214d16d350 29968e8fd13539f8 8d58da0e1800dc96 b26d8664feb18c8c 0cd920bad11c716d 42bb83d7c4b9ecae 172bc0ee09332ae9 bfb8032f2183d471 d72363ddd958d906 0220a434aa8bf029 bc2ae5f4e5d53e00 6aac5e116b75aa22
506,a853f13216170123 e9c20b67a4c5395f 7155e5a86136eb02 c5830f9d0f1e29e5 81b7c7e312bfa1a0 0e45c4c185f35df6 47fbe21f5c35c7b4 ffc688c4c1c2a068 01e5a6edcee7deb0 ec4ef2f727e7a03f d6bbbd6c4968075a 00d9f8d3f7d412b3 fd57e641d06ebda7 acf5cb026b3c4551 855f2f0354e102c7 01ecc81f6341e902 cba7e22bb383083a 52370bea1acd0600 54a11cbcd7a32af4 4b8c7061102517ef 0eedb1a0d3b8ddae 172bc0ee09332ae9 0451447dd64f6284 65254e0d209fd66e fa173131f15f5534 ec1b3d7ccd3984d0 238de368bb05c0ec 00af886180e9eaec 01b3da54ffb158a0 8dedff0a79784abc
507,e8ad5e31484ef889 bbbd5d2fd957e8f7 172bc0ee09332ae9 95166957b2c38794 01e5a6edcee7deb0 190ab585fd379f0f a2805ed52b47b8ec 828f5dfbbf1272ee 2b48ab08c915c0ad 66ccd03c9e03ac06 7155e5a86136eb02 39075e303166355e ffc688c4c1c2a068 0db6584e3bdfa1c4 0647acc4602d4e8f 033d905aec273595 6899956cd6c683f0 b3ad55963554f220 061f3e1feeaa3094 3734d3b0b9232538 0e45c4c185f35df6 97d696011258825c f705b637f624147e 520ec719078be07c 9cf6709de35bf0f3 0add47a043c64d7f 486dd77002936dec 4b8c7061102517ef 09bbaa171c20bae3 b26d8664feb18c8c
508,66ccd03c9e03ac06 b371170568146b12 0647acc4602d4e8f 033d905aec273595 061f3e1feeaa3094 3734d3b0b9232538 97d696011258825c 486dd77002936dec b26d8664feb18c8c 42bb83d7c4b9ecae bfb8032f2183d471 172bc0ee09332ae9 d72363ddd958d906 bc2ae5f4e5d53e00 ae94d8435a6847f4 72b80b099fd64ec4 2820628e65a062e2 b2ee9eea2d974c90 0d0368139e9a647f 95166957b2c38794 10ad13170242ecae 050544c040f46152 63d95d5977c2fe98 70776cdd9bb3b7d4 5867d40811c0229f f2b5098ac9c92da9 83f5a9732f0de67f a18df74d3a16e9c0 a76ffccd2f5df1a7 ddb3810e0289c148
509,cea18be9a89d7a81 7b81f1f2b6ec2e5f bfb8032f2183d471 172bc0ee09332ae9 4e966bb2768c2b8a 00d9f8d3f7d412b3 6aac5e116b75aa22 387e9cd2e5d4ea7d 7155e5a86136eb02 74873b42602d8958 3b6d27775fce1c7b ffc688c4c1c2a068 413c55a5ab86881a b6cdb608f640e038 6e239f4dd4b6aed7 d257d1fbcf43abd5 0e45c4c185f35df6 0f33ce8d8014f308 486dd77002936dec 4b8c7061102517ef 628accd9be98503c 781aaf62a955e4e8 2e44fbb8bc3d8d71 01e5a6edcee7deb0 b26d8664feb18c8c e9c20b67a4c5395f bc2ae5f4e5d53e00 98dbd15aa33ebc18 c810ac016901e8ac 0fbd0f422e926816
510,00958a140c3a6de8 20d283a232dfd13c ce8cb4351b8c0f6e 7ee52d2519eea367 095bb1b6ecbd0a50 765c0695339c3abe ae000f9d0b5e104e 8dc313a2cf9da354 00e1e2eb13f650e4 20db73cf07a45f71 2dd12c230ab22555 5048a37f10cf2d91 8f578001f9d5f543 40583079f57235a6 4c3802a1bd3c842e 5989fb934598c1a7 059bbdbdb843af6a f44f74b3451aa593 0772e3ab293a1f30 128d583954b18074 2a06f5614060e3b6 fd30682593995748 bd713b37b67866c3 e0269da736ddf004 ff88049e61f0f4ef 3fa57d488e979d74 3986b68500d7704b 702d8f1064ab3e30 942a7d26d81c841f bd0f175ee98c613e
511,5b16bae6a0de7c88 7b81f1f2b6ec2e5f bbbd5d2fd957e8f7 f705b637f624147e 047769588be1aea9 d73a65673e3f1d78 f105a53e5cfae611 0add47a043c64d7f 702d8f1064ab3e30 d3c4a7db726191e0 95166957b2c38794 395b26d91f98bd92 190ab585fd379f0f f49e13a653cbdad2 0897dcfae16e280f 43b3338423d7386c 005666aa098abe8e 9ab90dfc5c9b0b37 6899956cd6c683f0 8d58da0e1800dc96 bfb8032f2183d471 a2805ed52b47b8ec d5805cdb9e8f0f48 4d9214c0925e5af8 45630e1451157ff3 cea18be9a89d7a81 0451447dd64f6284 0fbd0f422e926816 b3ad55963554f220 bc2ae5f4e5d53e00
512,25a3b47fe31bc6b5 81b7c7e312bfa1a0 c5830f9d0f1e29e5 47fbe21f5c35c7b4 a853f13216170123 fd57e641d06ebda7 cba7e22bb383083a 0eedb1a0d3b8ddae 52370bea1acd0600 00d9f8d3f7d412b3 acf5cb026b3c4551 ec4ef2f727e7a03f d6bbbd6c4968075a 01b3da54ffb158a0 0451447dd64f6284 855f2f0354e102c7 8dedff0a79784abc d6ed7e4b14c51296 01ecc81f6341e902 e461837f0fb35048 54a11cbcd7a32af4 e9c20b67a4c5395f 5dd752753760ced8 7f29daa16b9b4cda 65254e0d209fd66e 54f55c74d37db3c0 7f95168400948588 daa257a37227cd72 fa173131f15f5534 ec1b3d7ccd3984d0
513,01e5a6edcee7deb0 7155e5a86136eb02 9a0f5ee4f845c9b2 0647acc4602d4e8f 4dba7ce835494a63 120e745e2961b5d5 172bc0ee09332ae9 3734d3b0b9232538 0e45c4c185f35df6 7d83ffe83f61bdc4 cc2cc23a98c14c33 ffc688c4c1c2a068 a853f13216170123 a18df74d3a16e9c0 7eec211cc37a1b05 bc27d5dc9bab1c18 e9c20b67a4c5395f 72403ecdfe02bba6 26fc2a95df5659c2 ced9c56f2be86774 70ebf53ced736fa4 bee46c54461925d0 4b8c7061102517ef 148ac4a56a18844d b1dcaca98bb76736 f105a53e5cfae611 366a22fce0614fb8 c08c3765ac609cc0 74244a8703c03720 1ba7a50457e93996
514,eab15ee21e126f6a c5830f9d0f1e29e5 37001ade0df85823 7155e5a86136eb02 c606425856952286 b9d966ad9e04127a a76ffccd2f5df1a7 90ecb28f2edb9d43 b0e254dd420faee3 7c9248ed6224aa26 377c1150c781e37a 5057551fc55e9ed2 d72363ddd958d906 4dba7ce835494a63 bc2552a642ce8497 b0bfe0f426275870 3b6d27775fce1c7b 39075e303166355e feddfcf56818968e 765c0695339c3abe 8e0cc5199a0ee659 0220a434aa8bf029 b6cdb608f640e038 7d83ffe83f61bdc4 a18df74d3a16e9c0 a1314cd417504572 9a0f5ee4f845c9b2 bee46c54461925d0 52e459a551d4ac2d 6461a9faa871b3ac
515,7155e5a86136eb02 8dedff0a79784abc a76ffccd2f5df1a7 d72363ddd958d906 01e5a6edcee7deb0 4dba7ce835494a63 ce8cb4351b8c0f6e 37001ade0df85823 0e45c4c185f35df6 0647acc4602d4e8f c606425856952286 ffc688c4c1c2a068 97d696011258825c a9223c28b10c131f 05e4165a56bf50eb b0e254dd420faee3 c5830f9d0f1e29e5 5057551fc55e9ed2 52370bea1acd0600 0688c790d5806540 061f3e1feeaa3094 e9c20b67a4c5395f 3734d3b0b9232538 285657fcdf89f00d 4b8c7061102517ef 5867d40811c0229f 172bc0ee09332ae9 3b6d27775fce1c7b 033d905aec273595 0451447dd64f6284
516,28403e62105b00f6 6cb9ab508a0678a0 37001ade0df85823 e740c80fce094788 197fa50b30d91fe8 7155e5a86136eb02 c606425856952286 72b80b099fd64ec4 ced9c56f2be86774 b749972436ac9791 a76ffccd2f5df1a7 b0e254dd420faee3 c143c095983a65c2 5057551fc55e9ed2 db0e648651f4c92b d72363ddd958d906 4dba7ce835494a63 a982b5c3aed39396 00ff646ca6637bd7 9269d2b0d877352d 3b6d27775fce1c7b ca43e349133fc0e3 39075e303166355e f54ad8d1eb18212e 8e0cc5199a0ee659 ddf332f2b55a2a23 b6cdb608f640e038 7d83ffe83f61bdc4 a18df74d3a16e9c0 a1314cd417504572
517,74244a8703c03720 dc12cc503ac0eddb bed3e73d52011f68 6cb9ab508a0678a0 6a3919ad9ed8197e 18b1d2d84c97a364 5b4c879fc9c316fb 522bd6887960c25d fb8bd6b95eb4702a 8f578001f9d5f543 a0566ca9daca7778 72403ecdfe02bba6 6e12311169bcb24c 26fc2a95df5659c2 0079f3c74309b582 ced9c56f2be86774 bee46c54461925d0 e228204ae08d1355 03ed286136d7b3cf b1dcaca98bb76736 ca4de5b8a7bda9df f105a53e5cfae611 9a0f5ee4f845c9b2 01e5a6edcee7deb0 366a22fce0614fb8 c08c3765ac609cc0 1ba7a50457e93996 0683b6a78f54be75 781aaf62a955e4e8 451e7ba901ad661d
518,83f8aca6ee2caabc 81b639b74256b45b a9eef13786610446 9a439fd1abf95245 4f915ad69e1dca36 cec2eea2a1fe566a 47fbe21f5c35c7b4 52370bea1acd0600 4d7653ea9499eed4 9a0f5ee4f845c9b2 0bcaac840d5e66d7 c28bc62802b90f82 702d8f1064ab3e30 bbbd5d2fd957e8f7 3fa57d488e979d74 ff88049e61f0f4ef e0269da736ddf004 bd713b37b67866c3 fd30682593995748 2a06f5614060e3b6 39f6296778264878 e25a1da6ca187350 3986b68500d7704b e7cad3748e50b0f8 734dabb98795c35c 942a7d26d81c841f bd0f175ee98c613e ae94d8435a6847f4 b6d0f83aad4e4dc7 b24820ae14e16a24
519,013030fd7d29bf3d 74244a8703c03720 00958a140c3a6de8 d216e5458ad70e60 ce8cb4351b8c0f6e 7ee52d2519eea367 095bb1b6ecbd0a50 8e0760918e88e4a9 765c0695339c3abe 4e966bb2768c2b8a a14394322cf7043d ae000f9d0b5e104e 8dc313a2cf9da354 00e1e2eb13f650e4 20db73cf07a45f71 0f33ce8d8014f308 2dd12c230ab22555 5048a37f10cf2d91 628accd9be98503c bfb8032f2183d471 8f578001f9d5f543 40583079f57235a6 4c3802a1bd3c842e 98dbd15aa33ebc18 5989fb934598c1a7 6aac5e116b75aa22 059bbdbdb843af6a 92f42fbd0c38f7fd f44f74b3451aa593 de8e1345e8c305c4
520,00d9f8d3f7d412b3 acf5cb026b3c4551 3734d3b0b9232538 ba5199dba342af68 0451447dd64f6284 0cd920bad11c716d 0647acc4602d4e8f dc17b07476183764 97d696011258825c 061f3e1feeaa3094 01ecc81f6341e902 c5830f9d0f1e29e5 01e5a6edcee7deb0 a853f13216170123 cba7e22bb383083a 52370bea1acd0600 5867d40811c0229f e9c20b67a4c5395f 0eedb1a0d3b8ddae 033d905aec273595 4dba7ce835494a63 42bb83d7c4b9ecae 81b7c7e312bfa1a0 d72363ddd958d906 8dedff0a79784abc 66ccd03c9e03ac06 07d688f5e2142b87 72b80b099fd64ec4 19b4014943e0ad92 2e44fbb8bc3d8d71
521,bbbd5d2fd957e8f7 95166957b2c38794 a2805ed52b47b8ec ce8cb4351b8c0f6e 6899956cd6c683f0 f705b637f624147e 0add47a043c64d7f 486dd77002936dec 5f94b027039f4e48 b26d8664feb18c8c bfb8032f2183d471 172bc0ee09332ae9 bc2ae5f4e5d53e00 ae94d8435a6847f4 b2ee9eea2d974c90 2820628e65a062e2 0d0368139e9a647f 047769588be1aea9 d73a65673e3f1d78 63d95d5977c2fe98 f2b5098ac9c92da9 83f5a9732f0de67f a18df74d3a16e9c0 ddb3810e0289c148 cea18be9a89d7a81 22e8d6734e4121ae 3986b68500d7704b 7b81f1f2b6ec2e5f 26fc2a95df5659c2 fc21db75b354a917
522,285657fcdf89f00d ad06e9eeea8eb4ea 72b80b099fd64ec4 a76ffccd2f5df1a7 d72363ddd958d906 4dba7ce835494a63 37001ade0df85823 e740c80fce094788 197fa50b30d91fe8 a1314cd417504572 0647acc4602d4e8f 7155e5a86136eb02 28403e62105b00f6 c606425856952286 48a76e3aff69d605 ced9c56f2be86774 b749972436ac9791 97d696011258825c b0e254dd420faee3 c143c095983a65c2 5057551fc55e9ed2 db0e648651f4c92b 061f3e1feeaa3094 3734d3b0b9232538 a982b5c3aed39396 01e5a6edcee7deb0 00ff646ca6637bd7 5867d40811c0229f 9269d2b0d877352d 3b6d27775fce1c7b
523,01e5a6edcee7deb0 a5f55580081236f4 a492bd402afd5c71 52e459a551d4ac2d 7155e5a86136eb02 b6cdb608f640e038 172bc0ee09332ae9 0e45c4c185f35df6 20db73cf07a45f71 ffc688c4c1c2a068 a853f13216170123 680bb5c5c3bb6ee1 b0e254dd420faee3 e9c20b67a4c5395f 72403ecdfe02bba6 26fc2a95df5659c2 ced9c56f2be86774 70ebf53ced736fa4 bee46c54461925d0 72c2a95813ea72bd 4b8c7061102517ef b1dcaca98bb76736 19e8f436d4b2fc25 f105a53e5cfae611 9a0f5ee4f845c9b2 366a22fce0614fb8 c08c3765ac609cc0 74244a8703c03720 1ba7a50457e93996 781aaf62a955e4e8
524,dea5e9227fbbac29 70ebf53ced736fa4 01e5a6edcee7deb0 7155e5a86136eb02 3b4a85bac6ead3c8 172bc0ee09332ae9 0e45c4c185f35df6 bb7515be835dea49 ffc688c4c1c2a068 a853f13216170123 70776cdd9bb3b7d4 fc8971756f9ec194 b9d966ad9e04127a 95d25d38ba7df9c7 e9c20b67a4c5395f 39f6296778264878 72403ecdfe02bba6 0220a434aa8bf029 26fc2a95df5659c2 9b2adcf4041227d7 ced9c56f2be86774 bee46c54461925d0 2810fb6f81d1711c 4b8c7061102517ef b1dcaca98bb76736 b78189788d563693 f105a53e5cfae611 9a0f5ee4f845c9b2 f2e30efbd27bee51 366a22fce0614fb8
525,190ab585fd379f0f 047769588be1aea9 5b16bae6a0de7c88 f49e13a653cbdad2 39075e303166355e d73a65673e3f1d78 702d8f1064ab3e30 b3ad55963554f220 bbbd5d2fd957e8f7 0db6584e3bdfa1c4 7b81f1f2b6ec2e5f 9a439fd1abf95245 43b3338423d7386c 9ab90dfc5c9b0b37 8d58da0e1800dc96 95166957b2c38794 f105a53e5cfae611 62431fd374eb99fb 005666aa098abe8e 6d80d2e62d01f6bc d3c4a7db726191e0 6899956cd6c683f0 d5805cdb9e8f0f48 f705b637f624147e a2805ed52b47b8ec 0683b6a78f54be75 520ec719078be07c c05f45f86d0771d5 9cf6709de35bf0f3 0add47a043c64d7f
526,74244a8703c03720 013030fd7d29bf3d a14394322cf7043d 8f578001f9d5f543 204ec91c39d1479d 00958a140c3a6de8 40583079f57235a6 74873b42602d8958 d216e5458ad70e60 2dd12c230ab22555 fc8971756f9ec194 8fc68213b63951dc 7155e5a86136eb02 ce8cb4351b8c0f6e 7ee52d2519eea367 34a62e66e05f9a44 ac9ee0c09b538140 ffc688c4c1c2a068 095bb1b6ecbd0a50 8e0760918e88e4a9 a853f13216170123 765c0695339c3abe 27a12f29dceccdbd 4e966bb2768c2b8a ec4ef2f727e7a03f 5897953fdf87b60f ae000f9d0b5e104e 8dc313a2cf9da354 0e45c4c185f35df6 00e1e2eb13f650e4
527,61ba7707ef6a5a99 37001ade0df85823 7155e5a86136eb02 c606425856952286 a76ffccd2f5df1a7 b0e254dd420faee3 f46601a9955f9949 6461a9faa871b3ac da7d3c2d591c4295 5057551fc55e9ed2 edc79e57b20e9036 acf5cb026b3c4551 bee46c54461925d0 d72363ddd958d906 4dba7ce835494a63 33856365c271aea4 01ecc81f6341e902 6aefb6531736648a a1314cd417504572 c5830f9d0f1e29e5 a853f13216170123 48cf88c17ff38c5e cba7e22bb383083a 64267373570e4ea3 c08c3765ac609cc0 52370bea1acd0600 4a5ac473c9d176ba d0f6c00eec5eb973 a677c3a76055a6d2 65d44c6393907290
528,10ad13170242ecae 42a5cae2a3a45557 65fac1ba1840000f 01e5a6edcee7deb0 42bb83d7c4b9ecae 7155e5a86136eb02 4f2fffd7528de786 1f423f368aebf7f3 19b4014943e0ad92 0e45c4c185f35df6 0647acc4602d4e8f 9fda36f260eec24e ffc688c4c1c2a068 97d696011258825c 5b4c879fc9c316fb 07be6a290720707d 8e83d05923cde390 65d44c6393907290 061f3e1feeaa3094 e9c20b67a4c5395f 3734d3b0b9232538 ca43e349133fc0e3 36d33c41812ce7dc 5c4b7558c942a224 4b8c7061102517ef 5867d40811c0229f 172bc0ee09332ae9 33856365c271aea4 4dba7ce835494a63 033d905aec273595
529,b78189788d563693 3b4a85bac6ead3c8 4dba7ce835494a63 37001ade0df85823 7155e5a86136eb02 c606425856952286 bb7515be835dea49 70776cdd9bb3b7d4 a76ffccd2f5df1a7 fc8971756f9ec194 b0e254dd420faee3 5057551fc55e9ed2 b9d966ad9e04127a 95d25d38ba7df9c7 d72363ddd958d906 39f6296778264878 72403ecdfe02bba6 26fc2a95df5659c2 9b2adcf4041227d7 ced9c56f2be86774 bee46c54461925d0 2810fb6f81d1711c b1dcaca98bb76736 3b6d27775fce1c7b f105a53e5cfae611 9a0f5ee4f845c9b2 01e5a6edcee7deb0 f2e30efbd27bee51 366a22fce0614fb8 39075e303166355e
530,33856365c271aea4 65d44c6393907290 6a9aa1bd93e36e66 fc16a50ff0baec53 10ad13170242ecae 36d33c41812ce7dc 74244a8703c03720 07d688f5e2142b87 b0e254dd420faee3 0079f3c74309b582 f28fb3d9880c5d4c abf90e759d208468 c03b11a0cdc3fa39 a853f13216170123 538c7bb968b2154c 5b4c879fc9c316fb 64907c4568244eb4 40583079f57235a6 055d895a3b26e466 72403ecdfe02bba6 26fc2a95df5659c2 ced9c56f2be86774 bee46c54461925d0 0eb4de784c8dd679 42bb83d7c4b9ecae b1dcaca98bb76736 5d26da95786b3a3a f105a53e5cfae611 9a0f5ee4f845c9b2 01e5a6edcee7deb0
531,172bc0ee09332ae9 01e5a6edcee7deb0 66ccd03c9e03ac06 7155e5a86136eb02 ffc688c4c1c2a068 0647acc4602d4e8f 033d905aec273595 061f3e1feeaa3094 3734d3b0b9232538 0e45c4c185f35df6 97d696011258825c 486dd77002936dec 4b8c7061102517ef b26d8664feb18c8c 42bb83d7c4b9ecae bfb8032f2183d471 d72363ddd958d906 e9c20b67a4c5395f bc2ae5f4e5d53e00 0fbd0f422e926816 ae94d8435a6847f4 72b80b099fd64ec4 2820628e65a062e2 b2ee9eea2d974c90 0d0368139e9a647f 95166957b2c38794 10ad13170242ecae 050544c040f46152 db69d4cbfef8d22f 63d95d5977c2fe98
532,855f2f0354e102c7 828f5dfbbf1272ee e8ad5e31484ef889 4b05967001421eab 0db6584e3bdfa1c4 120e745e2961b5d5 765c0695339c3abe fd30682593995748 b3ad55963554f220 40583079f57235a6 00958a140c3a6de8 1f4f62844c3cb99c ffa9091747ae2466 bbbd5d2fd957e8f7 b371170568146b12 155600e5f1221f8c ee3ed9a3f51336cd 190ab585fd379f0f ac9ee0c09b538140 4c0eee2c1a5e76e2 03ed286136d7b3cf 285657fcdf89f00d 59bf6d6df9146d60 bd0f175ee98c613e ad06e9eeea8eb4ea 00e1e2eb13f650e4 ce8cb4351b8c0f6e 7ee52d2519eea367 da7d3c2d591c4295 ae000f9d0b5e104e
533,39075e303166355e 7155e5a86136eb02 172bc0ee09332ae9 0cd920bad11c716d 190ab585fd379f0f 2b48ab08c915c0ad a18df74d3a16e9c0 ffc688c4c1c2a068 ae94d8435a6847f4 0db6584e3bdfa1c4 a76ffccd2f5df1a7 4e966bb2768c2b8a f6d23cdd2359f7c0 db69d4cbfef8d22f 37001ade0df85823 5057551fc55e9ed2 b3ad55963554f220 d72363ddd958d906 0e45c4c185f35df6 520ec719078be07c e878efab7c37179e 9cf6709de35bf0f3 0a79fabc6f5d93c9 486dd77002936dec 64c2e323906b42d3 4b8c7061102517ef 73f770f2643a2135 a84cd36608cb8665 3b6d27775fce1c7b 09bbaa171c20bae3
534,8f578001f9d5f543 00958a140c3a6de8 ce8cb4351b8c0f6e ae000f9d0b5e104e 40583079f57235a6 013030fd7d29bf3d 96445bec1579ec97 7ee52d2519eea367 a1314cd417504572 a65e30106ea50423 095bb1b6ecbd0a50 fd30682593995748 765c0695339c3abe 26f72a4eb15ea8c0 8dc313a2cf9da354 050544c040f46152 00e1e2eb13f650e4 20db73cf07a45f71 2dd12c230ab22555 f54ad8d1eb18212e a9dad59c7055b56c 5048a37f10cf2d91 d92c0298f76ccf77 4c3802a1bd3c842e 9f27aa36c1ea793c 5989fb934598c1a7 059bbdbdb843af6a f44f74b3451aa593 a853f13216170123 0772e3ab293a1f30
535,f6d23cdd2359f7c0 58654e3143c6550b 27bc34b9887bec0d 2810fb6f81d1711c 65708d542bd01f39 28a2067685cb3e97 d63b7f083330247f 8e0760918e88e4a9 3ca7964973437917 73f770f2643a2135 83f8f2fc471cad74 a65e30106ea50423 9a0f5ee4f845c9b2 0bcaac840d5e66d7 c28bc62802b90f82 702d8f1064ab3e30 4d7653ea9499eed4 3fa57d488e979d74 ff88049e61f0f4ef e0269da736ddf004 bd713b37b67866c3 fd30682593995748 2a06f5614060e3b6 39f6296778264878 3986b68500d7704b 942a7d26d81c841f bd0f175ee98c613e ae94d8435a6847f4 b6d0f83aad4e4dc7 b24820ae14e16a24
536,3986b68500d7704b 00d9f8d3f7d412b3 cea18be9a89d7a81 bbbd5d2fd957e8f7 7b81f1f2b6ec2e5f 0451447dd64f6284 172bc0ee09332ae9 95166957b2c38794 a2805ed52b47b8ec 7155e5a86136eb02 74873b42602d8958 0b774cf90856c4da ffc688c4c1c2a068 6e239f4dd4b6aed7 6899956cd6c683f0 0e45c4c185f35df6 128d583954b18074 f705b637f624147e 0add47a043c64d7f 1ba7a50457e93996 486dd77002936dec e4a7a996ed6a5a81 4b8c7061102517ef 781aaf62a955e4e8 fb8bd6b95eb4702a 9f3d2ca16f358290 01e5a6edcee7deb0 b26d8664feb18c8c bfb8032f2183d471 c1f2e3a76d388944
537,047769588be1aea9 5b16bae6a0de7c88 190ab585fd379f0f f49e13a653cbdad2 bbbd5d2fd957e8f7 d73a65673e3f1d78 9a439fd1abf95245 39075e303166355e 702d8f1064ab3e30 005666aa098abe8e 95166957b2c38794 6d80d2e62d01f6bc 7b81f1f2b6ec2e5f 43b3338423d7386c 0647acc4602d4e8f 9ab90dfc5c9b0b37 6899956cd6c683f0 061f3e1feeaa3094 8d58da0e1800dc96 3734d3b0b9232538 97d696011258825c f705b637f624147e a2805ed52b47b8ec 0683b6a78f54be75 c05f45f86d0771d5 0add47a043c64d7f b3ad55963554f220 42bb83d7c4b9ecae d72363ddd958d906 f105a53e5cfae611
538,db69d4cbfef8d22f 6aac5e116b75aa22 d216e5458ad70e60 0a49074a4158155b 01e5a6edcee7deb0 2359719a0f40ffac f25bfcffedaccf28 7155e5a86136eb02 ffc688c4c1c2a068 64c2e323906b42d3 a60934e6b473097a ae94d8435a6847f4 0647acc4602d4e8f 28a2067685cb3e97 061f3e1feeaa3094 0220a434aa8bf029 3734d3b0b9232538 0e45c4c185f35df6 97d696011258825c 0eedb1a0d3b8ddae 4b8c7061102517ef 3ca7964973437917 a84cd36608cb8665 172bc0ee09332ae9 6aefb6531736648a 455fde214d16d350 29968e8fd13539f8 8d58da0e1800dc96 0cd920bad11c716d 42bb83d7c4b9ecae
539,622f2e4119882c94 cea18be9a89d7a81 bf3ccaba4a3450a8 2e44fbb8bc3d8d71 b6cdb608f640e038 19b4014943e0ad92 b6e646c13d0753ae 7b81f1f2b6ec2e5f 74873b42602d8958 3b6d27775fce1c7b 6e12311169bcb24c 5b4c879fc9c316fb 65d44c6393907290 2e2904c5373734ae b6e72edcad270be0 ffa9091747ae2466 52e459a551d4ac2d 36d33c41812ce7dc 42bb83d7c4b9ecae 387e9cd2e5d4ea7d 33856365c271aea4 c96049ed915ced0a 10ad13170242ecae c810ac016901e8ac fc16a50ff0baec53 9a439fd1abf95245 74244a8703c03720 1f423f368aebf7f3 6aac5e116b75aa22 18ced18aee04c48e
540,3b4a85bac6ead3c8 bb7515be835dea49 70776cdd9bb3b7d4 fc8971756f9ec194 b9d966ad9e04127a 95d25d38ba7df9c7 39f6296778264878 72403ecdfe02bba6 26fc2a95df5659c2 9b2adcf4041227d7 ced9c56f2be86774 bee46c54461925d0 2810fb6f81d1711c b1dcaca98bb76736 b78189788d563693 f105a53e5cfae611 9a0f5ee4f845c9b2 01e5a6edcee7deb0 f2e30efbd27bee51 366a22fce0614fb8 c08c3765ac609cc0 74244a8703c03720 f44f74b3451aa593 42bb83d7c4b9ecae 27a12f29dceccdbd dea5e9227fbbac29 1ba7a50457e93996 781aaf62a955e4e8 4beacc71024f8b08 451e7ba901ad661d
541,c08c3765ac609cc0 5897953fdf87b60f 48cf88c17ff38c5e bee46c54461925d0 33856365c271aea4 f46601a9955f9949 6461a9faa871b3ac da7d3c2d591c4295 6aefb6531736648a a1314cd417504572 72403ecdfe02bba6 64267373570e4ea3 4a5ac473c9d176ba 26fc2a95df5659c2 d0f6c00eec5eb973 ced9c56f2be86774 a677c3a76055a6d2 65d44c6393907290 622f2e4119882c94 b1dcaca98bb76736 74873b42602d8958 f105a53e5cfae611 64c2e323906b42d3 00d9eb862ba3dfc6 9a0f5ee4f845c9b2 a860b682add9de1c 01e5a6edcee7deb0 366a22fce0614fb8 74244a8703c03720 22756be6fd061d4c
542,9269d2b0d877352d bbbd5d2fd957e8f7 47fbe21f5c35c7b4 52370bea1acd0600 4d7653ea9499eed4 9a0f5ee4f845c9b2 0bcaac840d5e66d7 c28bc62802b90f82 8e0cc5199a0ee659 3986b68500d7704b 3fa57d488e979d74 ff88049e61f0f4ef e0269da736ddf004 bd713b37b67866c3 fd30682593995748 2a06f5614060e3b6 39f6296778264878 e25a1da6ca187350 702d8f1064ab3e30 e36475c1af5ea3ab e7cad3748e50b0f8 0708923badf2ff5d 734dabb98795c35c 942a7d26d81c841f bd0f175ee98c613e ae94d8435a6847f4 b6d0f83aad4e4dc7 cea18be9a89d7a81 622f2e4119882c94 4b8c7061102517ef
543,7155e5a86136eb02 72b80b099fd64ec4 a76ffccd2f5df1a7 d72363ddd958d906 01e5a6edcee7deb0 4dba7ce835494a63 37001ade0df85823 e740c80fce094788 0e45c4c185f35df6 197fa50b30d91fe8 0647acc4602d4e8f 28403e62105b00f6 c606425856952286 ffc688c4c1c2a068 ced9c56f2be86774 b749972436ac9791 97d696011258825c b0e254dd420faee3 c143c095983a65c2 5057551fc55e9ed2 db0e648651f4c92b 061f3e1feeaa3094 e9c20b67a4c5395f 3734d3b0b9232538 a982b5c3aed39396 00ff646ca6637bd7 4b8c7061102517ef 5867d40811c0229f 9269d2b0d877352d 172bc0ee09332ae9
544,3b4a85bac6ead3c8 bb7515be835dea49 70776cdd9bb3b7d4 fc8971756f9ec194 b9d966ad9e04127a 95d25d38ba7df9c7 39f6296778264878 72403ecdfe02bba6 26fc2a95df5659c2 9b2adcf4041227d7 ced9c56f2be86774 bee46c54461925d0 2810fb6f81d1711c b1dcaca98bb76736 b78189788d563693 f105a53e5cfae611 9a0f5ee4f845c9b2 01e5a6edcee7deb0 f2e30efbd27bee51 366a22fce0614fb8 c08c3765ac609cc0 74244a8703c03720 f44f74b3451aa593 42bb83d7c4b9ecae 27a12f29dceccdbd dea5e9227fbbac29 1ba7a50457e93996 781aaf62a955e4e8 4beacc71024f8b08 451e7ba901ad661d
545,72b80b099fd64ec4 a76ffccd2f5df1a7 d72363ddd958d906 4dba7ce835494a63 37001ade0df85823 e740c80fce094788 197fa50b30d91fe8 0647acc4602d4e8f 7155e5a86136eb02 28403e62105b00f6 c606425856952286 ced9c56f2be86774 b749972436ac9791 97d696011258825c b0e254dd420faee3 c143c095983a65c2 5057551fc55e9ed2 db0e648651f4c92b 061f3e1feeaa3094 3734d3b0b9232538 a982b5c3aed39396 01e5a6edcee7deb0 00ff646ca6637bd7 5867d40811c0229f 9269d2b0d877352d 3b6d27775fce1c7b ca43e349133fc0e3 033d905aec273595 0451447dd64f6284 39075e303166355e
546,285657fcdf89f00d ad06e9eeea8eb4ea 7155e5a86136eb02 3b6d27775fce1c7b ce8cb4351b8c0f6e 37001ade0df85823 a1314cd417504572 c606425856952286 48a76e3aff69d605 a9223c28b10c131f a76ffccd2f5df1a7 05e4165a56bf50eb 8dedff0a79784abc b0e254dd420faee3 c5830f9d0f1e29e5 5057551fc55e9ed2 52370bea1acd0600 0688c790d5806540 d72363ddd958d906 4dba7ce835494a63 39075e303166355e 387e9cd2e5d4ea7d 8e0cc5199a0ee659 e878efab7c37179e 4483bbdd3241f11a 26f72a4eb15ea8c0 60a070db9f1869b5 d5805cdb9e8f0f48 828f5dfbbf1272ee b6cdb608f640e038
547,ffc688c4c1c2a068 2b48ab08c915c0ad 190ab585fd379f0f 7155e5a86136eb02 976baf0e84752a68 0db6584e3bdfa1c4 451e7ba901ad661d 4d29c6922b2d0d56 e6a29676c096f8e8 453bc79164d57a01 b3ad55963554f220 eff60ceea8817dad 0e45c4c185f35df6 d3c4a7db726191e0 520ec719078be07c 9cf6709de35bf0f3 4fe9e4e55585ba4b 4b8c7061102517ef db7342eff9200020 7c98dedd223b36c0 172bc0ee09332ae9 09bbaa171c20bae3 01e5a6edcee7deb0 39075e303166355e 3a6e7894dde31c67 e9c20b67a4c5395f 942a7d26d81c841f 628accd9be98503c 0fbd0f422e926816 4d417b203b333363
548,7155e5a86136eb02 387e9cd2e5d4ea7d ce8cb4351b8c0f6e 37001ade0df85823 c606425856952286 a9223c28b10c131f a76ffccd2f5df1a7 05e4165a56bf50eb 8dedff0a79784abc b0e254dd420faee3 c5830f9d0f1e29e5 5057551fc55e9ed2 52370bea1acd0600 0688c790d5806540 d72363ddd958d906 4dba7ce835494a63 285657fcdf89f00d 3b6d27775fce1c7b 39075e303166355e 8e0cc5199a0ee659 e878efab7c37179e 4483bbdd3241f11a 26f72a4eb15ea8c0 828f5dfbbf1272ee b6cdb608f640e038 7d83ffe83f61bdc4 a18df74d3a16e9c0 a1314cd417504572 9a0f5ee4f845c9b2 bee46c54461925d0
549,00d9eb862ba3dfc6 37001ade0df85823 7155e5a86136eb02 c606425856952286 a76ffccd2f5df1a7 b0e254dd420faee3 f46601a9955f9949 6461a9faa871b3ac da7d3c2d591c4295 5057551fc55e9ed2 bee46c54461925d0 d72363ddd958d906 4dba7ce835494a63 33856365c271aea4 6aefb6531736648a a1314cd417504572 48cf88c17ff38c5e 64267373570e4ea3 c08c3765ac609cc0 4a5ac473c9d176ba d0f6c00eec5eb973 65d44c6393907290 a677c3a76055a6d2 622f2e4119882c94 74873b42602d8958 3b6d27775fce1c7b 64c2e323906b42d3 a860b682add9de1c 39075e303166355e 22756be6fd061d4c
550,22dc81380cf4baec d46598813fb437e5 7ee52d2519eea367 095bb1b6ecbd0a50 765c0695339c3abe 8dc313a2cf9da354 00e1e2eb13f650e4 20db73cf07a45f71 2dd12c230ab22555 5048a37f10cf2d91 8f578001f9d5f543 4c3802a1bd3c842e 5989fb934598c1a7 059bbdbdb843af6a f44f74b3451aa593 0772e3ab293a1f30 128d583954b18074 fd30682593995748 bd713b37b67866c3 e0269da736ddf004 ff88049e61f0f4ef 3fa57d488e979d74 942a7d26d81c841f 39f6296778264878 3986b68500d7704b 702d8f1064ab3e30 c28bc62802b90f82 0bcaac840d5e66d7 9a0f5ee4f845c9b2 4d7653ea9499eed4
551,5b16bae6a0de7c88 047769588be1aea9 190ab585fd379f0f f49e13a653cbdad2 7b81f1f2b6ec2e5f d73a65673e3f1d78 702d8f1064ab3e30 bbbd5d2fd957e8f7 f105a53e5cfae611 005666aa098abe8e 9a439fd1abf95245 39075e303166355e 43b3338423d7386c 9ab90dfc5c9b0b37 d3c4a7db726191e0 8d58da0e1800dc96 f705b637f624147e 95166957b2c38794 b3ad55963554f220 0add47a043c64d7f d5805cdb9e8f0f48 62431fd374eb99fb 0db6584e3bdfa1c4 395b26d91f98bd92 6d80d2e62d01f6bc 0897dcfae16e280f 6899956cd6c683f0 bfb8032f2183d471 a2805ed52b47b8ec 0683b6a78f54be75
552,0451447dd64f6284 00d9f8d3f7d412b3 3986b68500d7704b 1398b478b71773ed 7b81f1f2b6ec2e5f 3734d3b0b9232538 c5830f9d0f1e29e5 2e44fbb8bc3d8d71 b6cdb608f640e038 81b7c7e312bfa1a0 a853f13216170123 10ad13170242ecae e4a7a996ed6a5a81 0647acc4602d4e8f 47fbe21f5c35c7b4 3b6d27775fce1c7b 0b774cf90856c4da 97d696011258825c 1ba7a50457e93996 ec4ef2f727e7a03f d6bbbd6c4968075a 061f3e1feeaa3094 fd57e641d06ebda7 acf5cb026b3c4551 b6e72edcad270be0 855f2f0354e102c7 01ecc81f6341e902 128d583954b18074 106204cd0e07e1b2 01e5a6edcee7deb0
553,0a49074a4158155b ae94d8435a6847f4 d216e5458ad70e60 f25bfcffedaccf28 6aac5e116b75aa22 b3e75fdca5ca2f1a 999a52f1d301247c dac29ed8400b50cc 2359719a0f40ffac db69d4cbfef8d22f b69ce8b8154645f8 2810fb6f81d1711c cc0c9419f8a20603 b8e2f75014710ced 0220a434aa8bf029 b0b5e62a93a2c37c c6b615b2589e036d 83b911ff0ff45844 28a2067685cb3e97 455fde214d16d350 4d7653ea9499eed4 aa0789b403bcd839 7f29daa16b9b4cda 01ecc81f6341e902 c11b97f245a9dfd0 eff60ceea8817dad 4d417b203b333363 96e82fa141db9a4b 64c2e323906b42d3 1d12acf7349196b0
554,047769588be1aea9 bbbd5d2fd957e8f7 5b16bae6a0de7c88 190ab585fd379f0f f49e13a653cbdad2 95166957b2c38794 39075e303166355e d73a65673e3f1d78 7b81f1f2b6ec2e5f 9a439fd1abf95245 702d8f1064ab3e30 a2805ed52b47b8ec 005666aa098abe8e 43b3338423d7386c 9ab90dfc5c9b0b37 6899956cd6c683f0 d3c4a7db726191e0 8d58da0e1800dc96 f705b637f624147e 0683b6a78f54be75 c05f45f86d0771d5 0add47a043c64d7f 486dd77002936dec b3ad55963554f220 d5805cdb9e8f0f48 b26d8664feb18c8c 172bc0ee09332ae9 bfb8032f2183d471 f105a53e5cfae611 bc2ae5f4e5d53e00
555,ffc688c4c1c2a068 eff60ceea8817dad 922e625fae98b3b9 6461a9faa871b3ac db69d4cbfef8d22f 7155e5a86136eb02 976baf0e84752a68 da904d2a54ff8cf2 8a5635c748344d47 4d7653ea9499eed4 451e7ba901ad661d 6e239f4dd4b6aed7 e6a29676c096f8e8 4d29c6922b2d0d56 04886579947a80c2 453bc79164d57a01 0e45c4c185f35df6 5430097e23000368 83f8f2fc471cad74 d3c4a7db726191e0 4fe9e4e55585ba4b 4b8c7061102517ef f9c6286cff30aaa8 7c98dedd223b36c0 db7342eff9200020 172bc0ee09332ae9 01e5a6edcee7deb0 ff88049e61f0f4ef e25a1da6ca187350 c11b97f245a9dfd0
556,f705b637f624147e 0add47a043c64d7f 877672967d3f70bb bbbd5d2fd957e8f7 395b26d91f98bd92 5b16bae6a0de7c88 0897dcfae16e280f 005666aa098abe8e 6899956cd6c683f0 f105a53e5cfae611 bfb8032f2183d471 04886579947a80c2 628accd9be98503c a2805ed52b47b8ec 4d9214c0925e5af8 45630e1451157ff3 cea18be9a89d7a81 0451447dd64f6284 0fbd0f422e926816 942a7d26d81c841f 8a5635c748344d47 7b81f1f2b6ec2e5f d3c4a7db726191e0 bc2ae5f4e5d53e00 1a05ef8c93af8eed 95166957b2c38794 cb3e4ce97e7f2881 047769588be1aea9 c49d8f84a4f87f8a d73a65673e3f1d78
557,eff60ceea8817dad 976baf0e84752a68 da904d2a54ff8cf2 8a5635c748344d47 4d7653ea9499eed4 451e7ba901ad661d ffc688c4c1c2a068 6e239f4dd4b6aed7 e6a29676c096f8e8 4d29c6922b2d0d56 04886579947a80c2 453bc79164d57a01 5430097e23000368 83f8f2fc471cad74 d3c4a7db726191e0 4fe9e4e55585ba4b f9c6286cff30aaa8 7c98dedd223b36c0 db7342eff9200020 ff88049e61f0f4ef c11b97f245a9dfd0 e25a1da6ca187350 2b48ab08c915c0ad 59c231f8fd21260c 628accd9be98503c b8e2f75014710ced 29968e8fd13539f8 4d417b203b333363 204ec91c39d1479d 238ec735a13a3f09
558,7155e5a86136eb02 a76ffccd2f5df1a7 d72363ddd958d906 01e5a6edcee7deb0 4dba7ce835494a63 37001ade0df85823 0e45c4c185f35df6 0647acc4602d4e8f c606425856952286 1f423f368aebf7f3 ffc688c4c1c2a068 97d696011258825c b0e254dd420faee3 f46601a9955f9949 6461a9faa871b3ac da7d3c2d591c4295 5057551fc55e9ed2 061f3e1feeaa3094 bee46c54461925d0 e9c20b67a4c5395f 33856365c271aea4 3734d3b0b9232538 6aefb6531736648a a1314cd417504572 48cf88c17ff38c5e 64267373570e4ea3 c08c3765ac609cc0 4a5ac473c9d176ba d0f6c00eec5eb973 a677c3a76055a6d2
559,a04d6febd82a4389 069e7e25e43deab3 20db73cf07a45f71 1a8e5d6512d9e2d8 238de368bb05c0ec 0708923badf2ff5d 016da874bd04df55 765c0695339c3abe 47fbe21f5c35c7b4 22dc81380cf4baec 28403e62105b00f6 da904d2a54ff8cf2 daa257a37227cd72 ec1b3d7ccd3984d0 7ee52d2519eea367 42bb83d7c4b9ecae 5f94b027039f4e48 c28bc62802b90f82 095bb1b6ecbd0a50 8dc313a2cf9da354 00e1e2eb13f650e4 8fc68213b63951dc 2dd12c230ab22555 5048a37f10cf2d91 9f4e0d572b1f4e6c 0fbd0f422e926816 8f578001f9d5f543 4c3802a1bd3c842e 5989fb934598c1a7 40583079f57235a6
560,72403ecdfe02bba6 3a6e7894dde31c67 f1a3b8b13e9401c0 e403278468d84383 3b4a85bac6ead3c8 6cb9ab508a0678a0 2810fb6f81d1711c dea5e9227fbbac29 b78189788d563693 bb7515be835dea49 70776cdd9bb3b7d4 fc8971756f9ec194 b50b4e27b03c7b37 a18df74d3a16e9c0 b9d966ad9e04127a 455fde214d16d350 29968e8fd13539f8 95d25d38ba7df9c7 0cd920bad11c716d 0a49074a4158155b 892074f7c1ef5d5e 39f6296778264878 26fc2a95df5659c2 9b2adcf4041227d7 ced9c56f2be86774 bee46c54461925d0 b1dcaca98bb76736 fd57e641d06ebda7 a84cd36608cb8665 f105a53e5cfae611
561,b7d7d9ae1cbe0d8a 98dbd15aa33ebc18 f46601a9955f9949 0c2eeab1e4ce1db8 af41e2b6da3e7e02 5c8c6d9a1fd4c1e0 a9dad59c7055b56c 52370bea1acd0600 4d7653ea9499eed4 9a0f5ee4f845c9b2 0bcaac840d5e66d7 c28bc62802b90f82 702d8f1064ab3e30 47fbe21f5c35c7b4 3fa57d488e979d74 ff88049e61f0f4ef e0269da736ddf004 bd713b37b67866c3 fd30682593995748 2a06f5614060e3b6 3986b68500d7704b 0708923badf2ff5d 734dabb98795c35c 942a7d26d81c841f bd0f175ee98c613e ae94d8435a6847f4 b6d0f83aad4e4dc7 b24820ae14e16a24 622f2e4119882c94 cea18be9a89d7a81
562,047769588be1aea9 d73a65673e3f1d78 702d8f1064ab3e30 bbbd5d2fd957e8f7 5b16bae6a0de7c88 190ab585fd379f0f 7b81f1f2b6ec2e5f f49e13a653cbdad2 43b3338423d7386c 9ab90dfc5c9b0b37 8d58da0e1800dc96 95166957b2c38794 b3ad55963554f220 f105a53e5cfae611 9a439fd1abf95245 62431fd374eb99fb 0db6584e3bdfa1c4 39075e303166355e 6d80d2e62d01f6bc d3c4a7db726191e0 6899956cd6c683f0 d5805cdb9e8f0f48 f705b637f624147e a2805ed52b47b8ec 0add47a043c64d7f 47fbe21f5c35c7b4 52370bea1acd0600 4d7653ea9499eed4 796888cc3443006c 9a0f5ee4f845c9b2
563,a04d6febd82a4389 069e7e25e43deab3 1a8e5d6512d9e2d8 238de368bb05c0ec 0708923badf2ff5d 016da874bd04df55 20db73cf07a45f71 47fbe21f5c35c7b4 22dc81380cf4baec 28403e62105b00f6 da904d2a54ff8cf2 daa257a37227cd72 765c0695339c3abe ec1b3d7ccd3984d0 00958a140c3a6de8 c28bc62802b90f82 96445bec1579ec97 ce8cb4351b8c0f6e 7ee52d2519eea367 a65e30106ea50423 095bb1b6ecbd0a50 ae000f9d0b5e104e 8dc313a2cf9da354 00e1e2eb13f650e4 2dd12c230ab22555 a9dad59c7055b56c 5048a37f10cf2d91 8f578001f9d5f543 40583079f57235a6 4c3802a1bd3c842e
564,702d8f1064ab3e30 7155e5a86136eb02 5b16bae6a0de7c88 047769588be1aea9 190ab585fd379f0f ffc688c4c1c2a068 7b81f1f2b6ec2e5f f49e13a653cbdad2 d73a65673e3f1d78 43b3338423d7386c 9ab90dfc5c9b0b37 c1f2e3a76d388944 8d58da0e1800dc96 0e45c4c185f35df6 4b8c7061102517ef b3ad55963554f220 172bc0ee09332ae9 01e5a6edcee7deb0 f105a53e5cfae611 e9c20b67a4c5395f 0fbd0f422e926816 9a439fd1abf95245 62431fd374eb99fb bbbd5d2fd957e8f7 db69d4cbfef8d22f 0db6584e3bdfa1c4 39075e303166355e 6d80d2e62d01f6bc a853f13216170123 d3c4a7db726191e0
565,1f423f368aebf7f3 d6bbbd6c4968075a a76ffccd2f5df1a7 d72363ddd958d906 65d44c6393907290 42bb83d7c4b9ecae 33856365c271aea4 4dba7ce835494a63 10ad13170242ecae 37001ade0df85823 19b4014943e0ad92 0647acc4602d4e8f 7155e5a86136eb02 c606425856952286 97d696011258825c b0e254dd420faee3 f46601a9955f9949 6461a9faa871b3ac da7d3c2d591c4295 5b4c879fc9c316fb 5057551fc55e9ed2 061f3e1feeaa3094 bee46c54461925d0 3734d3b0b9232538 6aefb6531736648a a1314cd417504572 01e5a6edcee7deb0 48cf88c17ff38c5e c08c3765ac609cc0 64267373570e4ea3
566,f28fb3d9880c5d4c 65d44c6393907290 33856365c271aea4 6a9aa1bd93e36e66 b7d7d9ae1cbe0d8a fc16a50ff0baec53 98dbd15aa33ebc18 10ad13170242ecae 36d33c41812ce7dc 07d688f5e2142b87 b0e254dd420faee3 0079f3c74309b582 f46601a9955f9949 abf90e759d208468 538c7bb968b2154c 5b4c879fc9c316fb 64907c4568244eb4 40583079f57235a6 055d895a3b26e466 0c2eeab1e4ce1db8 af41e2b6da3e7e02 0eb4de784c8dd679 42bb83d7c4b9ecae 5c8c6d9a1fd4c1e0 5d26da95786b3a3a ac9ee0c09b538140 c96049ed915ced0a 19b4014943e0ad92 a9dad59c7055b56c 2e44fbb8bc3d8d71
567,29968e8fd13539f8 c11b97f245a9dfd0 ca43e349133fc0e3 eff60ceea8817dad 83f8f2fc471cad74 bd713b37b67866c3 976baf0e84752a68 da904d2a54ff8cf2 8a5635c748344d47 4d7653ea9499eed4 0688c790d5806540 451e7ba901ad661d ffc688c4c1c2a068 6e239f4dd4b6aed7 4d29c6922b2d0d56 e6a29676c096f8e8 04886579947a80c2 453bc79164d57a01 5430097e23000368 d3c4a7db726191e0 5fb2d8e734956af0 4fe9e4e55585ba4b f9c6286cff30aaa8 7c98dedd223b36c0 db7342eff9200020 09bbaa171c20bae3 4f31209941bb05fc ff88049e61f0f4ef 942a7d26d81c841f e25a1da6ca187350
568,1a8e5d6512d9e2d8 765c0695339c3abe 20db73cf07a45f71 a04d6febd82a4389 069e7e25e43deab3 238de368bb05c0ec 0708923badf2ff5d 016da874bd04df55 7f95168400948588 1ba7a50457e93996 7ee52d2519eea367 f29eee8054c061e1 128d583954b18074 095bb1b6ecbd0a50 47fbe21f5c35c7b4 22dc81380cf4baec 20d283a232dfd13c 28403e62105b00f6 8dc313a2cf9da354 00e1e2eb13f650e4 e461837f0fb35048 2dd12c230ab22555 da904d2a54ff8cf2 d9885881381fd10a 5048a37f10cf2d91 daa257a37227cd72 8f578001f9d5f543 ae000f9d0b5e104e 4c3802a1bd3c842e 0451447dd64f6284
569,5b16bae6a0de7c88 047769588be1aea9 005666aa098abe8e 190ab585fd379f0f f49e13a653cbdad2 7b81f1f2b6ec2e5f bbbd5d2fd957e8f7 f705b637f624147e d73a65673e3f1d78 f105a53e5cfae611 9a439fd1abf95245 0add47a043c64d7f 39075e303166355e 702d8f1064ab3e30 d3c4a7db726191e0 95166957b2c38794 395b26d91f98bd92 0897dcfae16e280f 43b3338423d7386c 9ab90dfc5c9b0b37 6899956cd6c683f0 8d58da0e1800dc96 bfb8032f2183d471 a2805ed52b47b8ec 0683b6a78f54be75 d5805cdb9e8f0f48 c05f45f86d0771d5 4d9214c0925e5af8 45630e1451157ff3 cea18be9a89d7a81
570,eff60ceea8817dad 4d7653ea9499eed4 f25bfcffedaccf28 5430097e23000368 4d417b203b333363 b8e2f75014710ced 976baf0e84752a68 ffc688c4c1c2a068 04886579947a80c2 453bc79164d57a01 8a5635c748344d47 999a52f1d301247c d3c4a7db726191e0 e6a29676c096f8e8 db69d4cbfef8d22f b0b5e62a93a2c37c f9c6286cff30aaa8 83b911ff0ff45844 6e239f4dd4b6aed7 83f8f2fc471cad74 aa0789b403bcd839 4fe9e4e55585ba4b 628accd9be98503c 5fb2d8e734956af0 0a49074a4158155b b3e75fdca5ca2f1a da904d2a54ff8cf2 1d12acf7349196b0 bd713b37b67866c3 ff88049e61f0f4ef
571,04fda7c9d8971ec0 5f94b027039f4e48 26fc2a95df5659c2 42bb83d7c4b9ecae 8fc68213b63951dc b1dcaca98bb76736 40583079f57235a6 366a22fce0614fb8 451e7ba901ad661d 72403ecdfe02bba6 74244a8703c03720 2cebd52b41930f0a ced9c56f2be86774 bee46c54461925d0 fab14d178b24a67f 45630e1451157ff3 52e459a551d4ac2d 033d905aec273595 4dba7ce835494a63 9f4e0d572b1f4e6c 0fbd0f422e926816 0b0021aa60d05daa f105a53e5cfae611 1a05ef8c93af8eed 9a0f5ee4f845c9b2 01e5a6edcee7deb0 c08c3765ac609cc0 33856365c271aea4 1ba7a50457e93996 781aaf62a955e4e8
572,bd713b37b67866c3 29968e8fd13539f8 942a7d26d81c841f ff88049e61f0f4ef c11b97f245a9dfd0 ca43e349133fc0e3 5fb2d8e734956af0 da904d2a54ff8cf2 8a5635c748344d47 4d7653ea9499eed4 0688c790d5806540 6e239f4dd4b6aed7 04886579947a80c2 2a06f5614060e3b6 83f8f2fc471cad74 5430097e23000368 8faeacf8ca08f62d e5fb8dc5c9cb4a19 f9c6286cff30aaa8 09bbaa171c20bae3 4f31209941bb05fc e1460af4a7044067 e25a1da6ca187350 59c231f8fd21260c b8e2f75014710ced eff60ceea8817dad 3ca7964973437917 238ec735a13a3f09 09660f466b38b7ba db69d4cbfef8d22f
573,ffc688c4c1c2a068 628accd9be98503c f25bfcffedaccf28 eff60ceea8817dad 4d417b203b333363 976baf0e84752a68 453bc79164d57a01 999a52f1d301247c d3c4a7db726191e0 e6a29676c096f8e8 b0b5e62a93a2c37c 83b911ff0ff45844 4d7653ea9499eed4 aa0789b403bcd839 4fe9e4e55585ba4b 0a49074a4158155b b3e75fdca5ca2f1a 1d12acf7349196b0 bd713b37b67866c3 204ec91c39d1479d 451e7ba901ad661d 2b48ab08c915c0ad b8e2f75014710ced 4d29c6922b2d0d56 e9c20b67a4c5395f 5fb2d8e734956af0 5430097e23000368 06de3ca1148b088b db7342eff9200020 7c98dedd223b36c0
574,6c017e548aa138f2 05f23e7d05dbf7c2 249bf372159f33e9 63d509cd2a2e0e47 522bd6887960c25d 9100ea6cd0e084bf 5a1149fbcbd37376 5989fb934598c1a7 a1314cd417504572 8b7c486a910dd004 4d7653ea9499eed4 9a0f5ee4f845c9b2 0bcaac840d5e66d7 c28bc62802b90f82 702d8f1064ab3e30 3986b68500d7704b 3fa57d488e979d74 47fbe21f5c35c7b4 ff88049e61f0f4ef e0269da736ddf004 bd713b37b67866c3 fd30682593995748 2a06f5614060e3b6 52370bea1acd0600 e7cad3748e50b0f8 734dabb98795c35c 942a7d26d81c841f bd0f175ee98c613e ae94d8435a6847f4 b6d0f83aad4e4dc7
575,005666aa098abe8e 106204cd0e07e1b2 395b26d91f98bd92 5b16bae6a0de7c88 0897dcfae16e280f 877672967d3f70bb f105a53e5cfae611 f705b637f624147e bfb8032f2183d471 4d9214c0925e5af8 45630e1451157ff3 cea18be9a89d7a81 0451447dd64f6284 0fbd0f422e926816 7b81f1f2b6ec2e5f d3c4a7db726191e0 bc2ae5f4e5d53e00 1a05ef8c93af8eed 9b0e8cf8153e3b33 cb3e4ce97e7f2881 c49d8f84a4f87f8a 0add47a043c64d7f 734dabb98795c35c e878efab7c37179e a18df74d3a16e9c0 7c9248ed6224aa26 781aaf62a955e4e8 3d93a60f990a0a7c d5805cdb9e8f0f48 2a06f5614060e3b6
576,9a0f5ee4f845c9b2 0647acc4602d4e8f 4dba7ce835494a63 120e745e2961b5d5 3734d3b0b9232538 7d83ffe83f61bdc4 cc2cc23a98c14c33 a18df74d3a16e9c0 7eec211cc37a1b05 bc27d5dc9bab1c18 72403ecdfe02bba6 26fc2a95df5659c2 ced9c56f2be86774 bee46c54461925d0 148ac4a56a18844d b1dcaca98bb76736 f105a53e5cfae611 01e5a6edcee7deb0 366a22fce0614fb8 c08c3765ac609cc0 74244a8703c03720 1ba7a50457e93996 781aaf62a955e4e8 451e7ba901ad661d 52e459a551d4ac2d 45630e1451157ff3 28403e62105b00f6 666bdff4faa513ca 1efd7bd8a34a1359 033d905aec273595
577,52370bea1acd0600 3734d3b0b9232538 0451447dd64f6284 4105533fe46dfba9 6204e398d8c7f888 0647acc4602d4e8f 9fda36f260eec24e 97d696011258825c 447fc00f40d71d08 5d26da95786b3a3a 00d9f8d3f7d412b3 061f3e1feeaa3094 acf5cb026b3c4551 8df3f13d6af34cb3 72c2a95813ea72bd 01ecc81f6341e902 c5830f9d0f1e29e5 01e5a6edcee7deb0 a853f13216170123 cba7e22bb383083a 5867d40811c0229f e9c20b67a4c5395f 0eedb1a0d3b8ddae 4dba7ce835494a63 033d905aec273595 42bb83d7c4b9ecae 81b7c7e312bfa1a0 d72363ddd958d906 8dedff0a79784abc 66ccd03c9e03ac06
578,bbbd5d2fd957e8f7 95166957b2c38794 a2805ed52b47b8ec 66ccd03c9e03ac06 0647acc4602d4e8f 033d905aec273595 6899956cd6c683f0 061f3e1feeaa3094 3734d3b0b9232538 97d696011258825c f705b637f624147e 0add47a043c64d7f 486dd77002936dec b26d8664feb18c8c 42bb83d7c4b9ecae bfb8032f2183d471 172bc0ee09332ae9 d72363ddd958d906 bc2ae5f4e5d53e00 ae94d8435a6847f4 72b80b099fd64ec4 2820628e65a062e2 b2ee9eea2d974c90 0d0368139e9a647f 10ad13170242ecae 050544c040f46152 047769588be1aea9 d73a65673e3f1d78 63d95d5977c2fe98 5867d40811c0229f
579,98dbd15aa33ebc18 b7d7d9ae1cbe0d8a af41e2b6da3e7e02 f46601a9955f9949 26fc2a95df5659c2 5c8c6d9a1fd4c1e0 0c2eeab1e4ce1db8 b1dcaca98bb76736 366a22fce0614fb8 451e7ba901ad661d 72403ecdfe02bba6 74244a8703c03720 2cebd52b41930f0a ced9c56f2be86774 bee46c54461925d0 fab14d178b24a67f 45630e1451157ff3 52e459a551d4ac2d 033d905aec273595 4dba7ce835494a63 0b0021aa60d05daa f105a53e5cfae611 1a05ef8c93af8eed 9a0f5ee4f845c9b2 01e5a6edcee7deb0 c08c3765ac609cc0 33856365c271aea4 a9dad59c7055b56c 1ba7a50457e93996 781aaf62a955e4e8
580,ffc688c4c1c2a068 da904d2a54ff8cf2 8a5635c748344d47 4d7653ea9499eed4 628accd9be98503c 6e239f4dd4b6aed7 04886579947a80c2 e9c20b67a4c5395f 5430097e23000368 486dd77002936dec f9c6286cff30aaa8 ff88049e61f0f4ef b26d8664feb18c8c bfb8032f2183d471 172bc0ee09332ae9 e25a1da6ca187350 c11b97f245a9dfd0 bc2ae5f4e5d53e00 59c231f8fd21260c b8e2f75014710ced ae94d8435a6847f4 b2ee9eea2d974c90 2820628e65a062e2 0d0368139e9a647f 95166957b2c38794 29968e8fd13539f8 63d95d5977c2fe98 eff60ceea8817dad f2b5098ac9c92da9 a18df74d3a16e9c0
581,f29eee8054c061e1 8566d15270eb5e83 453bc79164d57a01 f9c6286cff30aaa8 83f8f2fc471cad74 eff60ceea8817dad b8e2f75014710ced 29968e8fd13539f8 5fb2d8e734956af0 b760ebc5f25788d3 a52df8083c238c46 976baf0e84752a68 e0269da736ddf004 2a06f5614060e3b6 da904d2a54ff8cf2 8a5635c748344d47 4d7653ea9499eed4 451e7ba901ad661d 942a7d26d81c841f ffc688c4c1c2a068 6e239f4dd4b6aed7 aa0789b403bcd839 4d29c6922b2d0d56 e6a29676c096f8e8 04886579947a80c2 0db6584e3bdfa1c4 4f31209941bb05fc 5430097e23000368 0eedb1a0d3b8ddae e36475c1af5ea3ab
582,01e5a6edcee7deb0 52e459a551d4ac2d 0647acc4602d4e8f 7155e5a86136eb02 b6cdb608f640e038 3734d3b0b9232538 172bc0ee09332ae9 0e45c4c185f35df6 033d905aec273595 4dba7ce835494a63 20db73cf07a45f71 70776cdd9bb3b7d4 ffc688c4c1c2a068 97d696011258825c a853f13216170123 680bb5c5c3bb6ee1 b0e254dd420faee3 061f3e1feeaa3094 e9c20b67a4c5395f 72403ecdfe02bba6 e4a7a996ed6a5a81 26fc2a95df5659c2 ced9c56f2be86774 70ebf53ced736fa4 bee46c54461925d0 72c2a95813ea72bd 4b8c7061102517ef 5867d40811c0229f b1dcaca98bb76736 19e8f436d4b2fc25
583,48a76e3aff69d605 a76ffccd2f5df1a7 d72363ddd958d906 4dba7ce835494a63 37001ade0df85823 0647acc4602d4e8f 7155e5a86136eb02 c606425856952286 97d696011258825c b0e254dd420faee3 5057551fc55e9ed2 061f3e1feeaa3094 033d905aec273595 39075e303166355e 0451447dd64f6284 3734d3b0b9232538 01e5a6edcee7deb0 5867d40811c0229f 19b4014943e0ad92 70776cdd9bb3b7d4 3b6d27775fce1c7b 42bb83d7c4b9ecae 8e0cc5199a0ee659 66ccd03c9e03ac06 72b80b099fd64ec4 10ad13170242ecae 050544c040f46152 00d9f8d3f7d412b3 3ca7964973437917 5f94b027039f4e48
584,00d9f8d3f7d412b3 7b81f1f2b6ec2e5f 413c55a5ab86881a fb8bd6b95eb4702a 0451447dd64f6284 cea18be9a89d7a81 1ba7a50457e93996 6e239f4dd4b6aed7 781aaf62a955e4e8 74244a8703c03720 b6cdb608f640e038 3986b68500d7704b bed3e73d52011f68 52e459a551d4ac2d 74873b42602d8958 d257d1fbcf43abd5 3b6d27775fce1c7b 0b774cf90856c4da 6cb9ab508a0678a0 42bb83d7c4b9ecae 5f94b027039f4e48 6a3919ad9ed8197e 18b1d2d84c97a364 5b4c879fc9c316fb 522bd6887960c25d 853e36b1550c6274 b6e72edcad270be0 8f578001f9d5f543 128d583954b18074 a0566ca9daca7778
585,65ad9c583823162d bbbd5d2fd957e8f7 ae94d8435a6847f4 95166957b2c38794 a2805ed52b47b8ec 07be6a290720707d 5a1149fbcbd37376 6899956cd6c683f0 1c3b74a02a86467d f705b637f624147e 0add47a043c64d7f 486dd77002936dec 9c9a9d45c2ea7ddf b26d8664feb18c8c 172bc0ee09332ae9 bfb8032f2183d471 bc2ae5f4e5d53e00 b2ee9eea2d974c90 2820628e65a062e2 0d0368139e9a647f 047769588be1aea9 d73a65673e3f1d78 63d95d5977c2fe98 f2b5098ac9c92da9 a18df74d3a16e9c0 83f5a9732f0de67f ddb3810e0289c148 cea18be9a89d7a81 83f8f2fc471cad74 22e8d6734e4121ae
586,005666aa098abe8e 106204cd0e07e1b2 395b26d91f98bd92 b84b6c0b2e4d0306 c05f45f86d0771d5 5b16bae6a0de7c88 0897dcfae16e280f 877672967d3f70bb f105a53e5cfae611 f705b637f624147e bfb8032f2183d471 4d9214c0925e5af8 45630e1451157ff3 cea18be9a89d7a81 0451447dd64f6284 0fbd0f422e926816 7b81f1f2b6ec2e5f d3c4a7db726191e0 bc2ae5f4e5d53e00 1a05ef8c93af8eed 9b0e8cf8153e3b33 cb3e4ce97e7f2881 c49d8f84a4f87f8a 0add47a043c64d7f 734dabb98795c35c e878efab7c37179e a18df74d3a16e9c0 7c9248ed6224aa26 781aaf62a955e4e8 3d93a60f990a0a7c
587,8a5635c748344d47 04886579947a80c2 5879096a38d69fc5 877672967d3f70bb a52df8083c238c46 da904d2a54ff8cf2 4d7653ea9499eed4 af8e70f978cd5aee 6e239f4dd4b6aed7 5430097e23000368 628accd9be98503c 486dd77002936dec f9c6286cff30aaa8 942a7d26d81c841f ff88049e61f0f4ef b26d8664feb18c8c 172bc0ee09332ae9 bfb8032f2183d471 c11b97f245a9dfd0 e25a1da6ca187350 bc2ae5f4e5d53e00 59c231f8fd21260c b8e2f75014710ced ae94d8435a6847f4 b2ee9eea2d974c90 2820628e65a062e2 0d0368139e9a647f 95166957b2c38794 29968e8fd13539f8 5fb2d8e734956af0
588,33856365c271aea4 d1e21234d7cc61d2 65d44c6393907290 b0e254dd420faee3 4dba7ce835494a63 74244a8703c03720 37001ade0df85823 7155e5a86136eb02 c03b11a0cdc3fa39 c606425856952286 6a9aa1bd93e36e66 a76ffccd2f5df1a7 26fc2a95df5659c2 36d33c41812ce7dc 5b4c879fc9c316fb b1dcaca98bb76736 5057551fc55e9ed2 366a22fce0614fb8 d72363ddd958d906 39075e303166355e 451e7ba901ad661d 72403ecdfe02bba6 19b4014943e0ad92 2cebd52b41930f0a ced9c56f2be86774 bee46c54461925d0 42bb83d7c4b9ecae fab14d178b24a67f 45630e1451157ff3 52e459a551d4ac2d
589,33856365c271aea4 65d44c6393907290 c08c3765ac609cc0 48cf88c17ff38c5e bee46c54461925d0 b0e254dd420faee3 f46601a9955f9949 6461a9faa871b3ac da7d3c2d591c4295 6a9aa1bd93e36e66 6aefb6531736648a a1314cd417504572 72403ecdfe02bba6 64267373570e4ea3 4a5ac473c9d176ba 26fc2a95df5659c2 d0f6c00eec5eb973 ced9c56f2be86774 a677c3a76055a6d2 622f2e4119882c94 b1dcaca98bb76736 74873b42602d8958 f105a53e5cfae611 64c2e323906b42d3 00d9eb862ba3dfc6 9a0f5ee4f845c9b2 a860b682add9de1c 01e5a6edcee7deb0 366a22fce0614fb8 74244a8703c03720
590,4dba7ce835494a63 a76ffccd2f5df1a7 d72363ddd958d906 0647acc4602d4e8f 033d905aec273595 3734d3b0b9232538 172bc0ee09332ae9 66ccd03c9e03ac06 39075e303166355e 26fc2a95df5659c2 70776cdd9bb3b7d4 01e5a6edcee7deb0 37001ade0df85823 5057551fc55e9ed2 061f3e1feeaa3094 97d696011258825c 81bd116c786bf9ae 7155e5a86136eb02 486dd77002936dec 3b6d27775fce1c7b c606425856952286 c08c3765ac609cc0 b26d8664feb18c8c 42bb83d7c4b9ecae bfb8032f2183d471 b0e254dd420faee3 8e0cc5199a0ee659 bc2ae5f4e5d53e00 781aaf62a955e4e8 ae94d8435a6847f4
591,f25bfcffedaccf28 0a49074a4158155b d216e5458ad70e60 6aac5e116b75aa22 2359719a0f40ffac db69d4cbfef8d22f 155600e5f1221f8c 520ec719078be07c b8e2f75014710ced b1dcaca98bb76736 999a52f1d301247c a52df8083c238c46 0220a434aa8bf029 b0b5e62a93a2c37c b760ebc5f25788d3 83b911ff0ff45844 e5fb8dc5c9cb4a19 e36475c1af5ea3ab 28a2067685cb3e97 455fde214d16d350 4d7653ea9499eed4 49224aca40e6e5e3 43b3338423d7386c aa0789b403bcd839 106204cd0e07e1b2 b3e75fdca5ca2f1a 01ecc81f6341e902 eff60ceea8817dad 4d417b203b333363 96e82fa141db9a4b
592,6cb9ab508a0678a0 10ad13170242ecae 18b1d2d84c97a364 72403ecdfe02bba6 892074f7c1ef5d5e ce8cb4351b8c0f6e 74244a8703c03720 33856365c271aea4 bed3e73d52011f68 65d44c6393907290 b0e254dd420faee3 b50b4e27b03c7b37 6a3919ad9ed8197e 6a9aa1bd93e36e66 5b4c879fc9c316fb 522bd6887960c25d e403278468d84383 f1a3b8b13e9401c0 fb8bd6b95eb4702a 8f578001f9d5f543 a0566ca9daca7778 6e12311169bcb24c 26fc2a95df5659c2 0079f3c74309b582 ced9c56f2be86774 bee46c54461925d0 e228204ae08d1355 03ed286136d7b3cf 5f94b027039f4e48 b1dcaca98bb76736
593,74873b42602d8958 f46601a9955f9949 6461a9faa871b3ac da7d3c2d591c4295 edc79e57b20e9036 acf5cb026b3c4551 bee46c54461925d0 33856365c271aea4 01ecc81f6341e902 6aefb6531736648a a1314cd417504572 c5830f9d0f1e29e5 a853f13216170123 48cf88c17ff38c5e cba7e22bb383083a 64267373570e4ea3 c08c3765ac609cc0 52370bea1acd0600 4a5ac473c9d176ba d0f6c00eec5eb973 65d44c6393907290 a677c3a76055a6d2 622f2e4119882c94 e9c20b67a4c5395f 0eedb1a0d3b8ddae 0451447dd64f6284 00d9eb862ba3dfc6 64c2e323906b42d3 a860b682add9de1c 22756be6fd061d4c
594,f705b637f624147e 0add47a043c64d7f 65ad9c583823162d bbbd5d2fd957e8f7 395b26d91f98bd92 5b16bae6a0de7c88 0897dcfae16e280f 005666aa098abe8e 6899956cd6c683f0 f105a53e5cfae611 bfb8032f2183d471 a2805ed52b47b8ec 4d9214c0925e5af8 45630e1451157ff3 cea18be9a89d7a81 0451447dd64f6284 0fbd0f422e926816 7b81f1f2b6ec2e5f d3c4a7db726191e0 bc2ae5f4e5d53e00 1a05ef8c93af8eed 95166957b2c38794 cb3e4ce97e7f2881 047769588be1aea9 c49d8f84a4f87f8a d73a65673e3f1d78 734dabb98795c35c e878efab7c37179e a18df74d3a16e9c0 7c9248ed6224aa26
595,7155e5a86136eb02 a1314cd417504572 a76ffccd2f5df1a7 d72363ddd958d906 01e5a6edcee7deb0 4dba7ce835494a63 37001ade0df85823 0e45c4c185f35df6 0647acc4602d4e8f c606425856952286 1f423f368aebf7f3 ffc688c4c1c2a068 97d696011258825c b0e254dd420faee3 f46601a9955f9949 6461a9faa871b3ac da7d3c2d591c4295 5057551fc55e9ed2 061f3e1feeaa3094 bee46c54461925d0 e9c20b67a4c5395f 33856365c271aea4 3734d3b0b9232538 6aefb6531736648a 48cf88c17ff38c5e 64267373570e4ea3 c08c3765ac609cc0 4a5ac473c9d176ba d0f6c00eec5eb973 a677c3a76055a6d2
596,00d9f8d3f7d412b3 0451447dd64f6284 3986b68500d7704b 7b81f1f2b6ec2e5f 6e12311169bcb24c 19b4014943e0ad92 cea18be9a89d7a81 bf3ccaba4a3450a8 42bb83d7c4b9ecae 2e44fbb8bc3d8d71 b6cdb608f640e038 10ad13170242ecae b6e646c13d0753ae 1f423f368aebf7f3 e4a7a996ed6a5a81 0647acc4602d4e8f 74873b42602d8958 3b6d27775fce1c7b 0b774cf90856c4da 97d696011258825c 1ba7a50457e93996 6e239f4dd4b6aed7 5b4c879fc9c316fb 65d44c6393907290 2e2904c5373734ae 061f3e1feeaa3094 b6e72edcad270be0 3734d3b0b9232538 ffa9091747ae2466 128d583954b18074
597,65254e0d209fd66e 3734d3b0b9232538 a853f13216170123 0647acc4602d4e8f c5830f9d0f1e29e5 00d9f8d3f7d412b3 01e5a6edcee7deb0 0451447dd64f6284 81b7c7e312bfa1a0 10ad13170242ecae 033d905aec273595 4dba7ce835494a63 47fbe21f5c35c7b4 70776cdd9bb3b7d4 97d696011258825c ec4ef2f727e7a03f d6bbbd6c4968075a 061f3e1feeaa3094 fd57e641d06ebda7 acf5cb026b3c4551 855f2f0354e102c7 01ecc81f6341e902 72403ecdfe02bba6 cba7e22bb383083a 52370bea1acd0600 26fc2a95df5659c2 ced9c56f2be86774 54a11cbcd7a32af4 bee46c54461925d0 5867d40811c0229f
598,bbbd5d2fd957e8f7 6899956cd6c683f0 f705b637f624147e a2805ed52b47b8ec 0add47a043c64d7f 95166957b2c38794 047769588be1aea9 d73a65673e3f1d78 4d7653ea9499eed4 9a0f5ee4f845c9b2 0bcaac840d5e66d7 c28bc62802b90f82 702d8f1064ab3e30 3986b68500d7704b 3fa57d488e979d74 ff88049e61f0f4ef e0269da736ddf004 bd713b37b67866c3 fd30682593995748 2a06f5614060e3b6 39f6296778264878 52370bea1acd0600 0708923badf2ff5d 734dabb98795c35c 942a7d26d81c841f bd0f175ee98c613e ae94d8435a6847f4 b6d0f83aad4e4dc7 b24820ae14e16a24 622f2e4119882c94
599,172bc0ee09332ae9 01e5a6edcee7deb0 0647acc4602d4e8f 033d905aec273595 3734d3b0b9232538 66ccd03c9e03ac06 7155e5a86136eb02 26fc2a95df5659c2 70776cdd9bb3b7d4 ffc688c4c1c2a068 a853f13216170123 4dba7ce835494a63 061f3e1feeaa3094 0e45c4c185f35df6 97d696011258825c 81bd116c786bf9ae 70ebf53ced736fa4 486dd77002936dec 4b8c7061102517ef c08c3765ac609cc0 b26d8664feb18c8c 42bb83d7c4b9ecae bfb8032f2183d471 d72363ddd958d906 e9c20b67a4c5395f bc2ae5f4e5d53e00 781aaf62a955e4e8 0fbd0f422e926816 ae94d8435a6847f4 72403ecdfe02bba6
600,01e5a6edcee7deb0 7155e5a86136eb02 3b4a85bac6ead3c8 172bc0ee09332ae9 0e45c4c185f35df6 bb7515be835dea49 ffc688c4c1c2a068 a853f13216170123 70776cdd9bb3b7d4 fc8971756f9ec194 b9d966ad9e04127a 95d25d38ba7df9c7 e9c20b67a4c5395f 39f6296778264878 72403ecdfe02bba6 26fc2a95df5659c2 9b2adcf4041227d7 ced9c56f2be86774 70ebf53ced736fa4 bee46c54461925d0 2810fb6f81d1711c 4b8c7061102517ef b1dcaca98bb76736 b78189788d563693 f105a53e5cfae611 9a0f5ee4f845c9b2 f2e30efbd27bee51 366a22fce0614fb8 c08c3765ac609cc0 74244a8703c03720
