dialogue_id,photo_id
1,9c9ebf71707d7a37 db0e648651f4c92b 52e459a551d4ac2d 50ba507a268872e1 585f4ee09d8fea46 5057551fc55e9ed2 b371170568146b12 ec4ef2f727e7a03f 92f42fbd0c38f7fd ae000f9d0b5e104e 37001ade0df85823 5bf89d11a25121d9 a982b5c3aed39396 a18df74d3a16e9c0 8faeacf8ca08f62d a2805ed52b47b8ec f76f44d372517a9a 587e0b2a4811fab1 27bc34b9887bec0d 72c2a95813ea72bd 9a0f5ee4f845c9b2 4d7653ea9499eed4 a813c15b46ceaf68 daa257a37227cd72 20d283a232dfd13c d3c4a7db726191e0 e878efab7c37179e 8fc68213b63951dc 4d32dae7b43c489a 095bb1b6ecbd0a50
2,a65e30106ea50423 4c0eee2c1a5e76e2 7d83ffe83f61bdc4 d1e21234d7cc61d2 e740c80fce094788 1d0f5fdc58e3efb5 5867d40811c0229f 99e833818ec4bbf2 48f93f9c2c699e19 c28bc62802b90f82 702d8f1064ab3e30 3986b68500d7704b 3fa57d488e979d74 ff88049e61f0f4ef e0269da736ddf004 bd713b37b67866c3 0bcaac840d5e66d7 2a06f5614060e3b6 39f6296778264878 e25a1da6ca187350 c31a456b544a40a8 fd30682593995748 bd0f175ee98c613e ae94d8435a6847f4 b6d0f83aad4e4dc7 b24820ae14e16a24 622f2e4119882c94 4b8c7061102517ef af8e70f978cd5aee 5ebb4d2f5f1c1f13
3,8dedff0a79784abc 106204cd0e07e1b2 07be6a290720707d da011b87595c1019 e8684734f2e587bd ca4de5b8a7bda9df 3b6d27775fce1c7b 2e031d83339759b2 0c2eeab1e4ce1db8 4b8c7061102517ef 5ebb4d2f5f1c1f13 98dbd15aa33ebc18 39f6296778264878 4d7653ea9499eed4 9a0f5ee4f845c9b2 0bcaac840d5e66d7 c28bc62802b90f82 702d8f1064ab3e30 3986b68500d7704b ff88049e61f0f4ef 2a06f5614060e3b6 fd30682593995748 52370bea1acd0600 e0269da736ddf004 bd713b37b67866c3 3fa57d488e979d74 734dabb98795c35c 942a7d26d81c841f bd0f175ee98c613e ae94d8435a6847f4
4,fab14d178b24a67f 5dd752753760ced8 24e582daf6f87158 42bb83d7c4b9ecae e1460af4a7044067 95ecdbff44ad0b60 5867d40811c0229f 855f2f0354e102c7 07f22a7ad7e4711d 64b31699d7d15934 fb2ebcb5335ad2e2 bed3e73d52011f68 3e8e56f639a5db5b 90ecb28f2edb9d43 8d58da0e1800dc96 47fbe21f5c35c7b4 00d9eb862ba3dfc6 050544c040f46152 a14394322cf7043d c606425856952286 a0b1f4dd32f3e278 ae94d8435a6847f4 0db6584e3bdfa1c4 52370bea1acd0600 6c017e548aa138f2 abf90e759d208468 3c565c1fc2316d16 796888cc3443006c 92f42fbd0c38f7fd 88b62355670ec8f8
5,a0b1f4dd32f3e278 47fbe21f5c35c7b4 52370bea1acd0600 4d7653ea9499eed4 9a0f5ee4f845c9b2 0bcaac840d5e66d7 c28bc62802b90f82 702d8f1064ab3e30 e36475c1af5ea3ab 3fa57d488e979d74 ff88049e61f0f4ef e0269da736ddf004 bd713b37b67866c3 fd30682593995748 2a06f5614060e3b6 39f6296778264878 e25a1da6ca187350 3986b68500d7704b e7cad3748e50b0f8 0708923badf2ff5d 734dabb98795c35c 942a7d26d81c841f bd0f175ee98c613e ae94d8435a6847f4 b6d0f83aad4e4dc7 b24820ae14e16a24 bbbd5d2fd957e8f7 4b8c7061102517ef af8e70f978cd5aee 5ebb4d2f5f1c1f13
6,22756be6fd061d4c 005666aa098abe8e 0079f3c74309b582 4d9214c0925e5af8 4d954d933e606b70 1c3b74a02a86467d 9c9a9d45c2ea7ddf 00d9eb862ba3dfc6 26140b225c4f8d3f 2e031d83339759b2 9a0f5ee4f845c9b2 0bcaac840d5e66d7 c28bc62802b90f82 702d8f1064ab3e30 3986b68500d7704b 3fa57d488e979d74 e0269da736ddf004 bd713b37b67866c3 fd30682593995748 2a06f5614060e3b6 39f6296778264878 e25a1da6ca187350 ff88049e61f0f4ef 0708923badf2ff5d 942a7d26d81c841f bd0f175ee98c613e ae94d8435a6847f4 b6d0f83aad4e4dc7 b24820ae14e16a24 622f2e4119882c94
7,796888cc3443006c 387e9cd2e5d4ea7d b8e2f75014710ced 33856365c271aea4 0c15f252d30646fc 62431fd374eb99fb b1dcaca98bb76736 238de368bb05c0ec 8faeacf8ca08f62d 033d905aec273595 c36c2dce0e6e434f 430feb4826a5632e 05f23e7d05dbf7c2 72403ecdfe02bba6 0683b6a78f54be75 c1f2e3a76d388944 f209d29f991432f0 4c3802a1bd3c842e 587e0b2a4811fab1 0fbd0f422e926816 e5fb8dc5c9cb4a19 09660f466b38b7ba 0db6584e3bdfa1c4 0add47a043c64d7f 16b11706660177ff a2805ed52b47b8ec 70776cdd9bb3b7d4 99e833818ec4bbf2 57113c2a4cacd961 abf90e759d208468
8,585f4ee09d8fea46 18ced18aee04c48e a0b1f4dd32f3e278 734dabb98795c35c 2e2904c5373734ae 47fbe21f5c35c7b4 4d7653ea9499eed4 9a0f5ee4f845c9b2 0bcaac840d5e66d7 c28bc62802b90f82 702d8f1064ab3e30 3986b68500d7704b 3fa57d488e979d74 ff88049e61f0f4ef e0269da736ddf004 bd713b37b67866c3 fd30682593995748 2a06f5614060e3b6 39f6296778264878 c31a456b544a40a8 52370bea1acd0600 e7cad3748e50b0f8 942a7d26d81c841f bd0f175ee98c613e ae94d8435a6847f4 b6d0f83aad4e4dc7 b24820ae14e16a24 622f2e4119882c94 4b8c7061102517ef e25a1da6ca187350
9,cc861214a89ef1f4 6cb9ab508a0678a0 fab14d178b24a67f 18b1d2d84c97a364 e7828f0ea9749505 7e4a4a1300b77a06 0f33ce8d8014f308 e228204ae08d1355 bd0f175ee98c613e c5830f9d0f1e29e5 bf3ccaba4a3450a8 64267373570e4ea3 4a5ac473c9d176ba 27a12f29dceccdbd 7d83ffe83f61bdc4 316382267dcd804f 4d9214c0925e5af8 d72363ddd958d906 8dc313a2cf9da354 354d7a327bbcc152 58654e3143c6550b 39f6296778264878 bbbd5d2fd957e8f7 00ff646ca6637bd7 36d33c41812ce7dc d64c06baf5ef1c90 f29eee8054c061e1 ee3ed9a3f51336cd 22e8d6734e4121ae 4105533fe46dfba9
10,26140b225c4f8d3f 24e582daf6f87158 abf90e759d208468 42bb83d7c4b9ecae 796888cc3443006c e1460af4a7044067 01020d1b0821f4c7 95ecdbff44ad0b60 33856365c271aea4 0772e3ab293a1f30 855f2f0354e102c7 07f22a7ad7e4711d 64b31699d7d15934 fb2ebcb5335ad2e2 bed3e73d52011f68 3e8e56f639a5db5b 90ecb28f2edb9d43 8d58da0e1800dc96 47fbe21f5c35c7b4 430feb4826a5632e 050544c040f46152 c606425856952286 a14394322cf7043d a0b1f4dd32f3e278 ae94d8435a6847f4 0db6584e3bdfa1c4 52370bea1acd0600 6c017e548aa138f2 46b99f864d6a075a 3c565c1fc2316d16
11,18ced18aee04c48e 49224aca40e6e5e3 25a3b47fe31bc6b5 922e625fae98b3b9 66ccd03c9e03ac06 db69d4cbfef8d22f 522bd6887960c25d 00d9eb862ba3dfc6 47fbe21f5c35c7b4 39f6296778264878 2a06f5614060e3b6 52370bea1acd0600 4d7653ea9499eed4 9a0f5ee4f845c9b2 0bcaac840d5e66d7 fd30682593995748 c28bc62802b90f82 702d8f1064ab3e30 3986b68500d7704b 3fa57d488e979d74 ff88049e61f0f4ef e0269da736ddf004 bd713b37b67866c3 bbbd5d2fd957e8f7 0708923badf2ff5d 734dabb98795c35c 942a7d26d81c841f bd0f175ee98c613e ae94d8435a6847f4 b6d0f83aad4e4dc7
12,e8b87ed7db1bcb1f 2359719a0f40ffac f46601a9955f9949 9c9a9d45c2ea7ddf 999a52f1d301247c 26140b225c4f8d3f 48a76e3aff69d605 95166957b2c38794 d92c0298f76ccf77 4d9214c0925e5af8 016da874bd04df55 b84b6c0b2e4d0306 f48d0fbea7dc2782 5c4b7558c942a224 50cb6a6c60ad711a b69ce8b8154645f8 3e8e56f639a5db5b d5952b2e031c4e7e 99e833818ec4bbf2 48f93f9c2c699e19 5867d40811c0229f 702d8f1064ab3e30 0bcaac840d5e66d7 9a0f5ee4f845c9b2 4d7653ea9499eed4 52370bea1acd0600 47fbe21f5c35c7b4 bbbd5d2fd957e8f7 cea18be9a89d7a81 5fb2d8e734956af0
13,5867d40811c0229f 2e79d45ba4d1540d ca4de5b8a7bda9df 7ee52d2519eea367 f2b5098ac9c92da9 64267373570e4ea3 b26d8664feb18c8c d72363ddd958d906 22756be6fd061d4c 3d6880bd12f6613f cc861214a89ef1f4 1dc7139adba034ec 6e12311169bcb24c 0b0021aa60d05daa 576dd429db946393 0079f3c74309b582 9b2adcf4041227d7 52aa48c07b34dc88 7f29daa16b9b4cda a1314cd417504572 8643165b0f53df11 2e031d83339759b2 b8e2f75014710ced af8e70f978cd5aee 05e4165a56bf50eb 5d26da95786b3a3a 455fde214d16d350 919b1679fffa7ef1 a84cd36608cb8665 95d25d38ba7df9c7
14,0eafda717681bbdc acae1d29289b1266 01020d1b0821f4c7 4a5ac473c9d176ba 33856365c271aea4 d16da1fb61813db9 4d417b203b333363 680bb5c5c3bb6ee1 40583079f57235a6 3a6e7894dde31c67 7155e5a86136eb02 ce0f56b7190c268a 66ccd03c9e03ac06 bf3ccaba4a3450a8 a0b1f4dd32f3e278 bf973f9ec3600199 46b99f864d6a075a c5830f9d0f1e29e5 18b1d2d84c97a364 4c0eee2c1a5e76e2 19e8f436d4b2fc25 62431fd374eb99fb b1dcaca98bb76736 24e582daf6f87158 0451447dd64f6284 42bb83d7c4b9ecae 54f55c74d37db3c0 a76ffccd2f5df1a7 e1460af4a7044067 49224aca40e6e5e3
15,00e1e2eb13f650e4 99e833818ec4bbf2 48f93f9c2c699e19 47fbe21f5c35c7b4 52370bea1acd0600 4d7653ea9499eed4 9a0f5ee4f845c9b2 0bcaac840d5e66d7 c28bc62802b90f82 702d8f1064ab3e30 3986b68500d7704b bbbd5d2fd957e8f7 ff88049e61f0f4ef e0269da736ddf004 c31a456b544a40a8 bd713b37b67866c3 fd30682593995748 2a06f5614060e3b6 39f6296778264878 3fa57d488e979d74 059bbdbdb843af6a 0708923badf2ff5d 734dabb98795c35c 942a7d26d81c841f bd0f175ee98c613e ae94d8435a6847f4 b6d0f83aad4e4dc7 b24820ae14e16a24 e25a1da6ca187350 4b8c7061102517ef
16,520ec719078be07c 28403e62105b00f6 8e83d05923cde390 0fbd0f422e926816 a18df74d3a16e9c0 29bedd00fb2be056 6c017e548aa138f2 5c8c6d9a1fd4c1e0 c08c3765ac609cc0 e14a893f1918277e 0eafda717681bbdc 316382267dcd804f 01020d1b0821f4c7 622f2e4119882c94 e7cad3748e50b0f8 5b34da30b93eb123 b3ad55963554f220 63d95d5977c2fe98 65fac1ba1840000f 2a06f5614060e3b6 24e582daf6f87158 bb7515be835dea49 4d9214c0925e5af8 33856365c271aea4 6d80d2e62d01f6bc 54f55c74d37db3c0 d46598813fb437e5 f705b637f624147e dac29ed8400b50cc a017f3358d5327aa
17,b9d966ad9e04127a ae94d8435a6847f4 73f770f2643a2135 acae1d29289b1266 3ca7964973437917 65d44c6393907290 1c3b74a02a86467d 4d417b203b333363 54f55c74d37db3c0 b78189788d563693 4bed80e56ea2e099 047769588be1aea9 447fc00f40d71d08 aa0789b403bcd839 05e4165a56bf50eb 919b1679fffa7ef1 a5d5ba33b5b1dc95 99e833818ec4bbf2 8df3f13d6af34cb3 8566d15270eb5e83 74244a8703c03720 ced9c56f2be86774 e7828f0ea9749505 e8684734f2e587bd 8e0760918e88e4a9 a0b1f4dd32f3e278 46b99f864d6a075a 148ac4a56a18844d 3e8e56f639a5db5b 00e1e2eb13f650e4
18,20db73cf07a45f71 62431fd374eb99fb b1dcaca98bb76736 8faeacf8ca08f62d 1d0f5fdc58e3efb5 033d905aec273595 c36c2dce0e6e434f c1f2e3a76d388944 f209d29f991432f0 587e0b2a4811fab1 1f423f368aebf7f3 734dabb98795c35c 4c3802a1bd3c842e a0b1f4dd32f3e278 5867d40811c0229f 9a0f5ee4f845c9b2 0bcaac840d5e66d7 c28bc62802b90f82 39f6296778264878 fd30682593995748 bd713b37b67866c3 3986b68500d7704b 4d7653ea9499eed4 e0269da736ddf004 ff88049e61f0f4ef 3fa57d488e979d74 702d8f1064ab3e30 bd0f175ee98c613e ae94d8435a6847f4 b6d0f83aad4e4dc7
19,a0b1f4dd32f3e278 b1dcaca98bb76736 62431fd374eb99fb 8faeacf8ca08f62d 033d905aec273595 c36c2dce0e6e434f c1f2e3a76d388944 f209d29f991432f0 587e0b2a4811fab1 a2805ed52b47b8ec 52370bea1acd0600 4d7653ea9499eed4 9a0f5ee4f845c9b2 0bcaac840d5e66d7 c28bc62802b90f82 702d8f1064ab3e30 3fa57d488e979d74 ff88049e61f0f4ef e0269da736ddf004 bd713b37b67866c3 fd30682593995748 2a06f5614060e3b6 3986b68500d7704b 734dabb98795c35c 942a7d26d81c841f bd0f175ee98c613e ae94d8435a6847f4 b6d0f83aad4e4dc7 b24820ae14e16a24 622f2e4119882c94
20,d1e21234d7cc61d2 99e833818ec4bbf2 50cb6a6c60ad711a b9d966ad9e04127a da011b87595c1019 5f94b027039f4e48 a65e30106ea50423 70ebf53ced736fa4 3734d3b0b9232538 4d9214c0925e5af8 a853f13216170123 28a2067685cb3e97 a9dad59c7055b56c 9f4e0d572b1f4e6c 0451447dd64f6284 9c9a9d45c2ea7ddf 96445bec1579ec97 b0e254dd420faee3 48a76e3aff69d605 cea18be9a89d7a81 486dd77002936dec 047769588be1aea9 447fc00f40d71d08 0c2eeab1e4ce1db8 7c8324ce28ffb96e 148ac4a56a18844d ae77487a89f2610c 4b8c7061102517ef 00d9eb862ba3dfc6 e740c80fce094788
21,0bcaac840d5e66d7 8699cc5dd4159b69 83b911ff0ff45844 a2805ed52b47b8ec 922e625fae98b3b9 0897dcfae16e280f 106204cd0e07e1b2 feddfcf56818968e 781aaf62a955e4e8 64c2e323906b42d3 50806199c80e215c 8643165b0f53df11 7c98dedd223b36c0 5d26da95786b3a3a b1dcaca98bb76736 62431fd374eb99fb d1e21234d7cc61d2 81b7c7e312bfa1a0 2e79d45ba4d1540d c36c2dce0e6e434f af41e2b6da3e7e02 ba5199dba342af68 95ecdbff44ad0b60 c1f2e3a76d388944 855f2f0354e102c7 07f22a7ad7e4711d 5867d40811c0229f 64b31699d7d15934 fb2ebcb5335ad2e2 bed3e73d52011f68
22,00ff646ca6637bd7 1dc7139adba034ec 6a3919ad9ed8197e af8e70f978cd5aee 0c2eeab1e4ce1db8 016da874bd04df55 351c9da399c2b915 f28fb3d9880c5d4c b0b5e62a93a2c37c 42c9b72cc77dcb28 120e745e2961b5d5 2bafd15871caae91 a677c3a76055a6d2 2e44fbb8bc3d8d71 37001ade0df85823 2dd12c230ab22555 fc8971756f9ec194 a0b1f4dd32f3e278 4d7653ea9499eed4 3986b68500d7704b 3fa57d488e979d74 ff88049e61f0f4ef 702d8f1064ab3e30 c28bc62802b90f82 bd713b37b67866c3 0bcaac840d5e66d7 9a0f5ee4f845c9b2 e0269da736ddf004 bd0f175ee98c613e ae94d8435a6847f4
23,d257d1fbcf43abd5 0683b6a78f54be75 49b5678e0d1e5bcd 26140b225c4f8d3f 42a5cae2a3a45557 fab14d178b24a67f 5dd752753760ced8 d92c0298f76ccf77 4d9214c0925e5af8 bbbd5d2fd957e8f7 2b48ab08c915c0ad 00e1e2eb13f650e4 5430097e23000368 ee3ed9a3f51336cd 95ecdbff44ad0b60 db0e648651f4c92b a04d6febd82a4389 ecb768ef6fd223ca 64907c4568244eb4 6461a9faa871b3ac 9c9a9d45c2ea7ddf 35488b3b8b781278 9b2adcf4041227d7 bed3e73d52011f68 fb2ebcb5335ad2e2 64b31699d7d15934 702d8f1064ab3e30 095bb1b6ecbd0a50 e22c35101e190db9 81b639b74256b45b
24,8700059e85433b32 197fa50b30d91fe8 00e1e2eb13f650e4 26fc2a95df5659c2 d46598813fb437e5 f46601a9955f9949 2901e5309bb3f8f6 c49d8f84a4f87f8a 5867d40811c0229f 99e833818ec4bbf2 48f93f9c2c699e19 3fa57d488e979d74 ff88049e61f0f4ef e0269da736ddf004 3986b68500d7704b 702d8f1064ab3e30 c28bc62802b90f82 0bcaac840d5e66d7 bd713b37b67866c3 fd30682593995748 2a06f5614060e3b6 9a0f5ee4f845c9b2 4d7653ea9499eed4 39f6296778264878 bd0f175ee98c613e ae94d8435a6847f4 b6d0f83aad4e4dc7 b24820ae14e16a24 622f2e4119882c94 4b8c7061102517ef
25,c96049ed915ced0a 18ced18aee04c48e a2805ed52b47b8ec 351c9da399c2b915 734dabb98795c35c 2e2904c5373734ae 62431fd374eb99fb b1dcaca98bb76736 8faeacf8ca08f62d 033d905aec273595 c36c2dce0e6e434f c1f2e3a76d388944 f209d29f991432f0 587e0b2a4811fab1 ff88049e61f0f4ef 52370bea1acd0600 3fa57d488e979d74 3986b68500d7704b 702d8f1064ab3e30 c28bc62802b90f82 e0269da736ddf004 bd713b37b67866c3 0bcaac840d5e66d7 9a0f5ee4f845c9b2 2a06f5614060e3b6 4d7653ea9499eed4 942a7d26d81c841f bd0f175ee98c613e ae94d8435a6847f4 b6d0f83aad4e4dc7
26,ae94d8435a6847f4 73f770f2643a2135 acae1d29289b1266 65d44c6393907290 4d417b203b333363 54f55c74d37db3c0 b78189788d563693 047769588be1aea9 99e833818ec4bbf2 48f93f9c2c699e19 0bcaac840d5e66d7 c28bc62802b90f82 702d8f1064ab3e30 3986b68500d7704b 9a0f5ee4f845c9b2 ff88049e61f0f4ef e0269da736ddf004 bd713b37b67866c3 fd30682593995748 2a06f5614060e3b6 39f6296778264878 e25a1da6ca187350 3fa57d488e979d74 942a7d26d81c841f bd0f175ee98c613e b6d0f83aad4e4dc7 b24820ae14e16a24 622f2e4119882c94 4b8c7061102517ef af8e70f978cd5aee
27,00d9f8d3f7d412b3 0b774cf90856c4da c14d5b16840d3032 9a439fd1abf95245 d72363ddd958d906 2820628e65a062e2 2bafd15871caae91 7c9248ed6224aa26 0bcaac840d5e66d7 0897dcfae16e280f cba7e22bb383083a 8df3f13d6af34cb3 537a55eda51a3f60 e36475c1af5ea3ab f2b5098ac9c92da9 64267373570e4ea3 f05fa5f57dc03e81 3d6880bd12f6613f 0b0021aa60d05daa 4d9214c0925e5af8 65708d542bd01f39 c015590d6a6fe833 e8684734f2e587bd c606425856952286 a14394322cf7043d 0079f3c74309b582 5867d40811c0229f 9b2adcf4041227d7 52aa48c07b34dc88 db69d4cbfef8d22f
28,da904d2a54ff8cf2 9c9a9d45c2ea7ddf d6ed7e4b14c51296 52e459a551d4ac2d 5bf89d11a25121d9 af8e70f978cd5aee 0c2eeab1e4ce1db8 8dc313a2cf9da354 f2b5098ac9c92da9 a2805ed52b47b8ec 64267373570e4ea3 36d33c41812ce7dc 00958a140c3a6de8 d72363ddd958d906 d7d937303a6d5a9d 8f578001f9d5f543 853e36b1550c6274 2820628e65a062e2 351c9da399c2b915 3d6880bd12f6613f 46315cf30aaee51c b50b4e27b03c7b37 ecb768ef6fd223ca 7cea1f637ea3f37d fc21db75b354a917 0688c790d5806540 6461a9faa871b3ac 0b0021aa60d05daa b78189788d563693 016da874bd04df55
29,e9c20b67a4c5395f 8dedff0a79784abc 3b6d27775fce1c7b 07be6a290720707d da011b87595c1019 4f2fffd7528de786 d257d1fbcf43abd5 48cf88c17ff38c5e ad06e9eeea8eb4ea ca4de5b8a7bda9df 0451447dd64f6284 3a6e7894dde31c67 9b0e8cf8153e3b33 4dba7ce835494a63 d6bbbd6c4968075a 58654e3143c6550b b6a1c97f19af78d0 dea5e9227fbbac29 98dbd15aa33ebc18 b6e646c13d0753ae 65708d542bd01f39 047769588be1aea9 c015590d6a6fe833 db69d4cbfef8d22f a9223c28b10c131f a2c35fdf07a13286 4f915ad69e1dca36 ce0f56b7190c268a c143c095983a65c2 4bed80e56ea2e099
30,8d58da0e1800dc96 acae1d29289b1266 40583079f57235a6 24e582daf6f87158 42bb83d7c4b9ecae 5fb2d8e734956af0 1f4f62844c3cb99c e1460af4a7044067 28403e62105b00f6 db7342eff9200020 025a148c3a53bd9f 8e83d05923cde390 a52df8083c238c46 95ecdbff44ad0b60 197fa50b30d91fe8 855f2f0354e102c7 07f22a7ad7e4711d 0451447dd64f6284 fb2ebcb5335ad2e2 64b31699d7d15934 bed3e73d52011f68 49224aca40e6e5e3 3e8e56f639a5db5b 2901e5309bb3f8f6 90ecb28f2edb9d43 47fbe21f5c35c7b4 cc861214a89ef1f4 050544c040f46152 c606425856952286 a14394322cf7043d
31,a853f13216170123 0eb4de784c8dd679 4491016efed845f1 050544c040f46152 d257d1fbcf43abd5 0195950ce0f47e34 4105533fe46dfba9 e25a1da6ca187350 83f8f2fc471cad74 5c8c6d9a1fd4c1e0 955e465ce0788ea6 43b3338423d7386c 01e5a6edcee7deb0 172bc0ee09332ae9 8a5635c748344d47 b6cdb608f640e038 42bb83d7c4b9ecae 4577ae048ef1967d b26d8664feb18c8c 34a62e66e05f9a44 419b5dc40744fb9b 9269d2b0d877352d ec1b3d7ccd3984d0 26140b225c4f8d3f 42a5cae2a3a45557 a0b1f4dd32f3e278 b1dcaca98bb76736 62431fd374eb99fb 8faeacf8ca08f62d 033d905aec273595
32,6ae470a7c9ec20fd 8d58da0e1800dc96 5fb2d8e734956af0 1f4f62844c3cb99c db7342eff9200020 025a148c3a53bd9f a52df8083c238c46 acae1d29289b1266 197fa50b30d91fe8 0451447dd64f6284 40583079f57235a6 49224aca40e6e5e3 2901e5309bb3f8f6 cc861214a89ef1f4 7b81f1f2b6ec2e5f 5a1149fbcbd37376 5867d40811c0229f 0bcaac840d5e66d7 fd30682593995748 9a0f5ee4f845c9b2 c28bc62802b90f82 2a06f5614060e3b6 702d8f1064ab3e30 3986b68500d7704b 4d7653ea9499eed4 3fa57d488e979d74 ff88049e61f0f4ef e0269da736ddf004 bd713b37b67866c3 e25a1da6ca187350
33,ae94d8435a6847f4 0e45c4c185f35df6 e6a29676c096f8e8 a860b682add9de1c f105a53e5cfae611 48a76e3aff69d605 95166957b2c38794 e8684734f2e587bd 8dedff0a79784abc b6e72edcad270be0 81bd116c786bf9ae 4beacc71024f8b08 a0566ca9daca7778 404031ab9d5977c4 bd713b37b67866c3 9a0f5ee4f845c9b2 e0269da736ddf004 ff88049e61f0f4ef fd30682593995748 3fa57d488e979d74 2a06f5614060e3b6 3986b68500d7704b 702d8f1064ab3e30 c28bc62802b90f82 39f6296778264878 e25a1da6ca187350 0bcaac840d5e66d7 c31a456b544a40a8 bd0f175ee98c613e b6d0f83aad4e4dc7
34,62431fd374eb99fb b1dcaca98bb76736 8faeacf8ca08f62d 033d905aec273595 c36c2dce0e6e434f c1f2e3a76d388944 f209d29f991432f0 587e0b2a4811fab1 a2805ed52b47b8ec 99e833818ec4bbf2 5867d40811c0229f 00d9eb862ba3dfc6 52370bea1acd0600 4d7653ea9499eed4 9a0f5ee4f845c9b2 0bcaac840d5e66d7 c28bc62802b90f82 47fbe21f5c35c7b4 3986b68500d7704b 3fa57d488e979d74 ff88049e61f0f4ef e0269da736ddf004 bd713b37b67866c3 fd30682593995748 702d8f1064ab3e30 734dabb98795c35c 942a7d26d81c841f bd0f175ee98c613e ae94d8435a6847f4 b6d0f83aad4e4dc7
35,cec2eea2a1fe566a 5d26da95786b3a3a ac9ee0c09b538140 83b911ff0ff45844 18b1d2d84c97a364 e8b87ed7db1bcb1f 2359719a0f40ffac feddfcf56818968e a2805ed52b47b8ec 055d895a3b26e466 428f9363fa35882d f46601a9955f9949 9c9a9d45c2ea7ddf 47fbe21f5c35c7b4 da904d2a54ff8cf2 999a52f1d301247c 6e239f4dd4b6aed7 07be6a290720707d 26140b225c4f8d3f e25a1da6ca187350 39f6296778264878 b6d0f83aad4e4dc7 2a06f5614060e3b6 b24820ae14e16a24 fd30682593995748 622f2e4119882c94 bd713b37b67866c3 4b8c7061102517ef e0269da736ddf004 ff88049e61f0f4ef
36,a0b1f4dd32f3e278 47fbe21f5c35c7b4 52370bea1acd0600 4d7653ea9499eed4 9a0f5ee4f845c9b2 0bcaac840d5e66d7 c28bc62802b90f82 702d8f1064ab3e30 e36475c1af5ea3ab 3fa57d488e979d74 ff88049e61f0f4ef e0269da736ddf004 bd713b37b67866c3 fd30682593995748 2a06f5614060e3b6 39f6296778264878 e25a1da6ca187350 3986b68500d7704b e7cad3748e50b0f8 0708923badf2ff5d 734dabb98795c35c 942a7d26d81c841f bd0f175ee98c613e ae94d8435a6847f4 b6d0f83aad4e4dc7 b24820ae14e16a24 bbbd5d2fd957e8f7 4b8c7061102517ef af8e70f978cd5aee 5ebb4d2f5f1c1f13
37,6ae470a7c9ec20fd d92c0298f76ccf77 4d9214c0925e5af8 016da874bd04df55 b84b6c0b2e4d0306 f48d0fbea7dc2782 5c4b7558c942a224 50cb6a6c60ad711a b69ce8b8154645f8 3e8e56f639a5db5b 5867d40811c0229f d5952b2e031c4e7e 99e833818ec4bbf2 48f93f9c2c699e19 c28bc62802b90f82 0bcaac840d5e66d7 9a0f5ee4f845c9b2 702d8f1064ab3e30 3986b68500d7704b 3fa57d488e979d74 e0269da736ddf004 bd713b37b67866c3 fd30682593995748 2a06f5614060e3b6 e25a1da6ca187350 ff88049e61f0f4ef b6d0f83aad4e4dc7 b24820ae14e16a24 622f2e4119882c94 4b8c7061102517ef
38,8643165b0f53df11 5048a37f10cf2d91 b6e646c13d0753ae 1dc7139adba034ec 6a3919ad9ed8197e af8e70f978cd5aee d257d1fbcf43abd5 ad06e9eeea8eb4ea 6ae470a7c9ec20fd 0451447dd64f6284 3a6e7894dde31c67 9b0e8cf8153e3b33 d6bbbd6c4968075a 58654e3143c6550b b6a1c97f19af78d0 dea5e9227fbbac29 98dbd15aa33ebc18 c015590d6a6fe833 047769588be1aea9 a9223c28b10c131f 8dedff0a79784abc e9c20b67a4c5395f 4f915ad69e1dca36 ce0f56b7190c268a c143c095983a65c2 702d8f1064ab3e30 5ebb4d2f5f1c1f13 4b8c7061102517ef 3986b68500d7704b 00140806971e7a73
39,1f423f368aebf7f3 734dabb98795c35c 10ad13170242ecae 7f29daa16b9b4cda 9ab90dfc5c9b0b37 27888817db122597 d16da1fb61813db9 528161039994b4dc c5830f9d0f1e29e5 0e45c4c185f35df6 4a5ac473c9d176ba 58654e3143c6550b f29eee8054c061e1 65708d542bd01f39 892074f7c1ef5d5e e740c80fce094788 828f5dfbbf1272ee d92c0298f76ccf77 964a50d33717c26d 4d9214c0925e5af8 016da874bd04df55 781aaf62a955e4e8 b84b6c0b2e4d0306 f48d0fbea7dc2782 5c4b7558c942a224 50cb6a6c60ad711a b69ce8b8154645f8 3e8e56f639a5db5b d5952b2e031c4e7e 0bcaac840d5e66d7
40,576dd429db946393 b3e75fdca5ca2f1a 393f49286db04aeb 24e582daf6f87158 c5830f9d0f1e29e5 74ae9af23a383bf5 feddfcf56818968e 58654e3143c6550b 1f423f368aebf7f3 09bbaa171c20bae3 204ec91c39d1479d ae000f9d0b5e104e 8e0cc5199a0ee659 b6cdb608f640e038 4c3802a1bd3c842e f48d0fbea7dc2782 b69ce8b8154645f8 828f5dfbbf1272ee 28403e62105b00f6 8e83d05923cde390 bd713b37b67866c3 702d8f1064ab3e30 c28bc62802b90f82 0bcaac840d5e66d7 fd30682593995748 e0269da736ddf004 3986b68500d7704b 3fa57d488e979d74 9a0f5ee4f845c9b2 ff88049e61f0f4ef
41,781aaf62a955e4e8 d257d1fbcf43abd5 0451447dd64f6284 49b5678e0d1e5bcd a65e30106ea50423 1d0f5fdc58e3efb5 047769588be1aea9 98dbd15aa33ebc18 b6e646c13d0753ae ad06e9eeea8eb4ea e8684734f2e587bd 6ae470a7c9ec20fd 0683b6a78f54be75 d92c0298f76ccf77 d1e21234d7cc61d2 a9223c28b10c131f ae77487a89f2610c 3a6e7894dde31c67 e25a1da6ca187350 9b0e8cf8153e3b33 d6bbbd6c4968075a 58654e3143c6550b 01e5a6edcee7deb0 b6a1c97f19af78d0 dea5e9227fbbac29 bbbd5d2fd957e8f7 2b48ab08c915c0ad 5430097e23000368 ee3ed9a3f51336cd db0e648651f4c92b
42,4beacc71024f8b08 47fbe21f5c35c7b4 52370bea1acd0600 4d7653ea9499eed4 9a0f5ee4f845c9b2 0bcaac840d5e66d7 c28bc62802b90f82 702d8f1064ab3e30 3986b68500d7704b 059bbdbdb843af6a ff88049e61f0f4ef e0269da736ddf004 bd713b37b67866c3 fd30682593995748 2a06f5614060e3b6 39f6296778264878 e25a1da6ca187350 c31a456b544a40a8 3fa57d488e979d74 e7cad3748e50b0f8 0708923badf2ff5d 734dabb98795c35c 942a7d26d81c841f bd0f175ee98c613e ae94d8435a6847f4 b6d0f83aad4e4dc7 b24820ae14e16a24 bbbd5d2fd957e8f7 4b8c7061102517ef af8e70f978cd5aee
43,b78189788d563693 853e36b1550c6274 016da874bd04df55 46315cf30aaee51c fc21db75b354a917 0688c790d5806540 b6cdb608f640e038 0c2eeab1e4ce1db8 00ff646ca6637bd7 74244a8703c03720 a14394322cf7043d c606425856952286 351c9da399c2b915 27a12f29dceccdbd f28fb3d9880c5d4c b0b5e62a93a2c37c 42c9b72cc77dcb28 316382267dcd804f 120e745e2961b5d5 d72363ddd958d906 4c3802a1bd3c842e 7e4a4a1300b77a06 2bafd15871caae91 a677c3a76055a6d2 39075e303166355e c6b615b2589e036d 2e44fbb8bc3d8d71 3d93a60f990a0a7c 18b1d2d84c97a364 39f6296778264878
44,29bedd00fb2be056 455fde214d16d350 33856365c271aea4 5989fb934598c1a7 07f22a7ad7e4711d 25a3b47fe31bc6b5 ddb3810e0289c148 387e9cd2e5d4ea7d ebfda3b48083e390 42c9b72cc77dcb28 025a148c3a53bd9f c5830f9d0f1e29e5 7155e5a86136eb02 65708d542bd01f39 57113c2a4cacd961 4d954d933e606b70 095bb1b6ecbd0a50 8643165b0f53df11 3ca7964973437917 eff60ceea8817dad 1f423f368aebf7f3 26fc2a95df5659c2 855f2f0354e102c7 63d95d5977c2fe98 7ee52d2519eea367 44d324ebd3e22ad7 1398b478b71773ed 4d417b203b333363 587e0b2a4811fab1 b6a1c97f19af78d0
45,abf90e759d208468 796888cc3443006c 05f23e7d05dbf7c2 72403ecdfe02bba6 01020d1b0821f4c7 0fbd0f422e926816 33856365c271aea4 70776cdd9bb3b7d4 430feb4826a5632e 73391e0853c1e040 387e9cd2e5d4ea7d db7342eff9200020 316382267dcd804f 46b99f864d6a075a 5b34da30b93eb123 d35e11d3d1ab3c67 63d95d5977c2fe98 b3ad55963554f220 24e582daf6f87158 42bb83d7c4b9ecae 26fc2a95df5659c2 e1460af4a7044067 0d0368139e9a647f 5b16bae6a0de7c88 95ecdbff44ad0b60 fa173131f15f5534 07f22a7ad7e4711d 855f2f0354e102c7 4522ad78bf79f0c9 b05b5f6850cfa158
46,26140b225c4f8d3f dc17b07476183764 d257d1fbcf43abd5 42a5cae2a3a45557 5867d40811c0229f f58ff7f1a6cde683 0bcaac840d5e66d7 c28bc62802b90f82 702d8f1064ab3e30 3986b68500d7704b 3fa57d488e979d74 ff88049e61f0f4ef e0269da736ddf004 bd713b37b67866c3 fd30682593995748 2a06f5614060e3b6 39f6296778264878 e25a1da6ca187350 c31a456b544a40a8 9a0f5ee4f845c9b2 734dabb98795c35c bd0f175ee98c613e ae94d8435a6847f4 b6d0f83aad4e4dc7 b24820ae14e16a24 622f2e4119882c94 4b8c7061102517ef af8e70f978cd5aee 4d7653ea9499eed4 00140806971e7a73
47,ba5199dba342af68 3734d3b0b9232538 00958a140c3a6de8 db0e648651f4c92b 83b911ff0ff45844 64c2e323906b42d3 49b5678e0d1e5bcd 106204cd0e07e1b2 feddfcf56818968e a0b1f4dd32f3e278 a2805ed52b47b8ec 0c15f252d30646fc 0bcaac840d5e66d7 d1e21234d7cc61d2 2e79d45ba4d1540d 0220a434aa8bf029 50806199c80e215c 8643165b0f53df11 5d26da95786b3a3a 28a2067685cb3e97 5989fb934598c1a7 3b6d27775fce1c7b 4d9214c0925e5af8 b0e254dd420faee3 9c9a9d45c2ea7ddf 26140b225c4f8d3f 5867d40811c0229f fd30682593995748 b6d0f83aad4e4dc7 bd713b37b67866c3
48,4e966bb2768c2b8a 3c0873ce078d332b 42bb83d7c4b9ecae d63b7f083330247f d16da1fb61813db9 97d696011258825c 419b5dc40744fb9b cc0c9419f8a20603 6899956cd6c683f0 4d29c6922b2d0d56 a2805ed52b47b8ec fa173131f15f5534 b05b5f6850cfa158 9113e9dc940fb287 46b99f864d6a075a ce0f56b7190c268a 05e4165a56bf50eb 8b7c486a910dd004 eff60ceea8817dad c143c095983a65c2 52370bea1acd0600 4d7653ea9499eed4 9a0f5ee4f845c9b2 0bcaac840d5e66d7 c28bc62802b90f82 702d8f1064ab3e30 3986b68500d7704b 3fa57d488e979d74 ff88049e61f0f4ef 942a7d26d81c841f
49,7c8324ce28ffb96e 395b26d91f98bd92 cea18be9a89d7a81 bbbd5d2fd957e8f7 47fbe21f5c35c7b4 52370bea1acd0600 4d7653ea9499eed4 9a0f5ee4f845c9b2 0bcaac840d5e66d7 c28bc62802b90f82 5fb2d8e734956af0 3986b68500d7704b 3fa57d488e979d74 ff88049e61f0f4ef e0269da736ddf004 bd713b37b67866c3 fd30682593995748 2a06f5614060e3b6 781f4d0147aef776 702d8f1064ab3e30 e36475c1af5ea3ab e7cad3748e50b0f8 0708923badf2ff5d 734dabb98795c35c 942a7d26d81c841f bd0f175ee98c613e ae94d8435a6847f4 b6d0f83aad4e4dc7 39f6296778264878 622f2e4119882c94
50,4f31209941bb05fc 4535ce2e3dced00f 22756be6fd061d4c 238de368bb05c0ec 0683b6a78f54be75 8dedff0a79784abc e5fb8dc5c9cb4a19 07be6a290720707d 0add47a043c64d7f 20db73cf07a45f71 da011b87595c1019 f29eee8054c061e1 d92c0298f76ccf77 b6e646c13d0753ae c015590d6a6fe833 4d9214c0925e5af8 c96049ed915ced0a 522bd6887960c25d 66ccd03c9e03ac06 016da874bd04df55 b84b6c0b2e4d0306 f48d0fbea7dc2782 5c4b7558c942a224 50cb6a6c60ad711a b69ce8b8154645f8 3e8e56f639a5db5b d5952b2e031c4e7e 3986b68500d7704b 3fa57d488e979d74 ff88049e61f0f4ef
51,57113c2a4cacd961 e8b87ed7db1bcb1f cb3e4ce97e7f2881 0bcaac840d5e66d7 ce2fe99a7cda4a17 4fe9e4e55585ba4b a9223c28b10c131f 8faeacf8ca08f62d a492bd402afd5c71 d72363ddd958d906 f76f44d372517a9a 587e0b2a4811fab1 a813c15b46ceaf68 daa257a37227cd72 9a0f5ee4f845c9b2 4d7653ea9499eed4 72c2a95813ea72bd 27bc34b9887bec0d 522bd6887960c25d 8fc68213b63951dc bd713b37b67866c3 81b639b74256b45b d3c4a7db726191e0 e22c35101e190db9 20d283a232dfd13c e878efab7c37179e b29ab87af6ea6310 4d32dae7b43c489a eec6b281e236b500 095bb1b6ecbd0a50
52,4f2fffd7528de786 48cf88c17ff38c5e ca4de5b8a7bda9df 4dba7ce835494a63 3c565c1fc2316d16 3b6d27775fce1c7b a2c35fdf07a13286 999a52f1d301247c 22756be6fd061d4c 83b911ff0ff45844 64c2e323906b42d3 005666aa098abe8e 0079f3c74309b582 106204cd0e07e1b2 feddfcf56818968e a2805ed52b47b8ec 0bcaac840d5e66d7 d1e21234d7cc61d2 2e79d45ba4d1540d 50806199c80e215c 8643165b0f53df11 ba5199dba342af68 5d26da95786b3a3a 5867d40811c0229f 3fa57d488e979d74 ff88049e61f0f4ef 3986b68500d7704b 702d8f1064ab3e30 e0269da736ddf004 bd713b37b67866c3
53,522bd6887960c25d cba7e22bb383083a 0c2eeab1e4ce1db8 4b8c7061102517ef 5ebb4d2f5f1c1f13 98dbd15aa33ebc18 62431fd374eb99fb b1dcaca98bb76736 8faeacf8ca08f62d 033d905aec273595 c36c2dce0e6e434f c1f2e3a76d388944 f209d29f991432f0 587e0b2a4811fab1 a2805ed52b47b8ec 00d9eb862ba3dfc6 5867d40811c0229f c28bc62802b90f82 0bcaac840d5e66d7 9a0f5ee4f845c9b2 702d8f1064ab3e30 4d7653ea9499eed4 3fa57d488e979d74 ff88049e61f0f4ef e0269da736ddf004 bd713b37b67866c3 3986b68500d7704b 942a7d26d81c841f bd0f175ee98c613e ae94d8435a6847f4
54,2e44fbb8bc3d8d71 37001ade0df85823 0c2eeab1e4ce1db8 00ff646ca6637bd7 016da874bd04df55 351c9da399c2b915 f28fb3d9880c5d4c b0b5e62a93a2c37c 42c9b72cc77dcb28 120e745e2961b5d5 2bafd15871caae91 a677c3a76055a6d2 2dd12c230ab22555 fc8971756f9ec194 ae94d8435a6847f4 73f770f2643a2135 36d33c41812ce7dc 2820628e65a062e2 acae1d29289b1266 ecb768ef6fd223ca 7cea1f637ea3f37d 65d44c6393907290 6461a9faa871b3ac 4d417b203b333363 a853f13216170123 54f55c74d37db3c0 b78189788d563693 62431fd374eb99fb b1dcaca98bb76736 8faeacf8ca08f62d
55,83b911ff0ff45844 6e239f4dd4b6aed7 106204cd0e07e1b2 feddfcf56818968e a2805ed52b47b8ec 0bcaac840d5e66d7 64c2e323906b42d3 50806199c80e215c 8643165b0f53df11 7c98dedd223b36c0 5d26da95786b3a3a 5867d40811c0229f d1e21234d7cc61d2 81b7c7e312bfa1a0 2e79d45ba4d1540d af41e2b6da3e7e02 ba5199dba342af68 95ecdbff44ad0b60 07f22a7ad7e4711d 855f2f0354e102c7 bed3e73d52011f68 64b31699d7d15934 fb2ebcb5335ad2e2 4491016efed845f1 702d8f1064ab3e30 90ecb28f2edb9d43 29bedd00fb2be056 050544c040f46152 238de368bb05c0ec a14394322cf7043d
56,b9d966ad9e04127a 033d905aec273595 4d9214c0925e5af8 c36c2dce0e6e434f 666bdff4faa513ca 9c9a9d45c2ea7ddf 4c3802a1bd3c842e 7155e5a86136eb02 133b04350c75770b d92c0298f76ccf77 0688c790d5806540 3ca7964973437917 285657fcdf89f00d 0f33ce8d8014f308 45bd99d5d2eef776 ebfda3b48083e390 0e45c4c185f35df6 a76ffccd2f5df1a7 26140b225c4f8d3f 1a05ef8c93af8eed 5b4c879fc9c316fb 25a3b47fe31bc6b5 f105a53e5cfae611 999a52f1d301247c fc16a50ff0baec53 62431fd374eb99fb b1dcaca98bb76736 24e582daf6f87158 42bb83d7c4b9ecae e1460af4a7044067
57,8700059e85433b32 bbbd5d2fd957e8f7 47fbe21f5c35c7b4 52370bea1acd0600 4d7653ea9499eed4 9a0f5ee4f845c9b2 0bcaac840d5e66d7 c28bc62802b90f82 09bbaa171c20bae3 3986b68500d7704b 3fa57d488e979d74 ff88049e61f0f4ef e0269da736ddf004 bd713b37b67866c3 fd30682593995748 2a06f5614060e3b6 39f6296778264878 e25a1da6ca187350 702d8f1064ab3e30 e7cad3748e50b0f8 0708923badf2ff5d 734dabb98795c35c 942a7d26d81c841f bd0f175ee98c613e ae94d8435a6847f4 b6d0f83aad4e4dc7 b24820ae14e16a24 cea18be9a89d7a81 4b8c7061102517ef af8e70f978cd5aee
58,05f23e7d05dbf7c2 72403ecdfe02bba6 0fbd0f422e926816 70776cdd9bb3b7d4 abf90e759d208468 796888cc3443006c 73391e0853c1e040 387e9cd2e5d4ea7d db7342eff9200020 316382267dcd804f 01020d1b0821f4c7 5b34da30b93eb123 d35e11d3d1ab3c67 63d95d5977c2fe98 b3ad55963554f220 26fc2a95df5659c2 33856365c271aea4 0d0368139e9a647f 5b16bae6a0de7c88 430feb4826a5632e 4522ad78bf79f0c9 46b99f864d6a075a f2234bb7ce0c6f59 2a06f5614060e3b6 fd30682593995748 39f6296778264878 bd713b37b67866c3 e25a1da6ca187350 e0269da736ddf004 ff88049e61f0f4ef
59,8d58da0e1800dc96 5fb2d8e734956af0 1f4f62844c3cb99c db7342eff9200020 025a148c3a53bd9f a52df8083c238c46 acae1d29289b1266 197fa50b30d91fe8 0451447dd64f6284 49b5678e0d1e5bcd 40583079f57235a6 49224aca40e6e5e3 2901e5309bb3f8f6 cc861214a89ef1f4 7b81f1f2b6ec2e5f e8b87ed7db1bcb1f 5a1149fbcbd37376 2359719a0f40ffac 0683b6a78f54be75 d92c0298f76ccf77 d257d1fbcf43abd5 bbbd5d2fd957e8f7 2b48ab08c915c0ad f46601a9955f9949 5430097e23000368 ee3ed9a3f51336cd 9c9a9d45c2ea7ddf db0e648651f4c92b a04d6febd82a4389 ecb768ef6fd223ca
60,00d9eb862ba3dfc6 18ced18aee04c48e 734dabb98795c35c 2e2904c5373734ae 6ae470a7c9ec20fd 99e833818ec4bbf2 48f93f9c2c699e19 52370bea1acd0600 9a0f5ee4f845c9b2 0bcaac840d5e66d7 c28bc62802b90f82 702d8f1064ab3e30 3986b68500d7704b 3fa57d488e979d74 ff88049e61f0f4ef e0269da736ddf004 bd713b37b67866c3 fd30682593995748 2a06f5614060e3b6 39f6296778264878 c31a456b544a40a8 4d7653ea9499eed4 942a7d26d81c841f bd0f175ee98c613e ae94d8435a6847f4 b6d0f83aad4e4dc7 b24820ae14e16a24 622f2e4119882c94 4b8c7061102517ef af8e70f978cd5aee
61,d257d1fbcf43abd5 26140b225c4f8d3f 42a5cae2a3a45557 a813c15b46ceaf68 daa257a37227cd72 72c2a95813ea72bd 9a0f5ee4f845c9b2 4d7653ea9499eed4 27bc34b9887bec0d 0683b6a78f54be75 eec6b281e236b500 095bb1b6ecbd0a50 81b639b74256b45b e22c35101e190db9 8fc68213b63951dc b29ab87af6ea6310 e878efab7c37179e bd713b37b67866c3 d3c4a7db726191e0 20d283a232dfd13c 4d32dae7b43c489a b24820ae14e16a24 49b5678e0d1e5bcd e25a1da6ca187350 1f4f62844c3cb99c 4b05967001421eab 6cb9ab508a0678a0 16b11706660177ff 73391e0853c1e040 9cf6709de35bf0f3
62,a65e30106ea50423 bf973f9ec3600199 3c565c1fc2316d16 b0e254dd420faee3 d1e21234d7cc61d2 e740c80fce094788 1d0f5fdc58e3efb5 a853f13216170123 99e833818ec4bbf2 a0b1f4dd32f3e278 48f93f9c2c699e19 c28bc62802b90f82 702d8f1064ab3e30 3986b68500d7704b 3fa57d488e979d74 ff88049e61f0f4ef e0269da736ddf004 bd713b37b67866c3 fd30682593995748 2a06f5614060e3b6 39f6296778264878 e25a1da6ca187350 0bcaac840d5e66d7 bd0f175ee98c613e ae94d8435a6847f4 b6d0f83aad4e4dc7 b24820ae14e16a24 622f2e4119882c94 4b8c7061102517ef af8e70f978cd5aee
63,4f2fffd7528de786 48cf88c17ff38c5e d6ed7e4b14c51296 ca4de5b8a7bda9df 4dba7ce835494a63 39075e303166355e 3b6d27775fce1c7b 60a070db9f1869b5 a2c35fdf07a13286 999a52f1d301247c 4483bbdd3241f11a 5b16bae6a0de7c88 d1e21234d7cc61d2 0220a434aa8bf029 46b99f864d6a075a 05e4165a56bf50eb 8b7c486a910dd004 c143c095983a65c2 62431fd374eb99fb b1dcaca98bb76736 8faeacf8ca08f62d 033d905aec273595 c36c2dce0e6e434f c1f2e3a76d388944 f209d29f991432f0 587e0b2a4811fab1 a2805ed52b47b8ec fd30682593995748 2a06f5614060e3b6 bd713b37b67866c3
64,f2e30efbd27bee51 5ebb4d2f5f1c1f13 ffa9091747ae2466 a2c35fdf07a13286 a65e30106ea50423 8d58da0e1800dc96 5fb2d8e734956af0 1f4f62844c3cb99c 0772e3ab293a1f30 db7342eff9200020 025a148c3a53bd9f 522bd6887960c25d a52df8083c238c46 acae1d29289b1266 197fa50b30d91fe8 0451447dd64f6284 40583079f57235a6 d1e21234d7cc61d2 49224aca40e6e5e3 2901e5309bb3f8f6 e740c80fce094788 cc861214a89ef1f4 1d0f5fdc58e3efb5 7b81f1f2b6ec2e5f 5a1149fbcbd37376 9a0f5ee4f845c9b2 0bcaac840d5e66d7 c28bc62802b90f82 ff88049e61f0f4ef 702d8f1064ab3e30
65,20db73cf07a45f71 3a6e7894dde31c67 ce8cb4351b8c0f6e bf973f9ec3600199 999a52f1d301247c 3c565c1fc2316d16 9c9a9d45c2ea7ddf 4491016efed845f1 dc17b07476183764 050544c040f46152 628accd9be98503c 95d25d38ba7df9c7 e25a1da6ca187350 83f8f2fc471cad74 5c8c6d9a1fd4c1e0 43b3338423d7386c 955e465ce0788ea6 01e5a6edcee7deb0 8f578001f9d5f543 d7d937303a6d5a9d 853e36b1550c6274 172bc0ee09332ae9 46315cf30aaee51c aa0789b403bcd839 fc21db75b354a917 0688c790d5806540 8a5635c748344d47 b6cdb608f640e038 42bb83d7c4b9ecae 4577ae048ef1967d
66,a65e30106ea50423 4c3802a1bd3c842e ffa9091747ae2466 6204e398d8c7f888 b1dcaca98bb76736 62431fd374eb99fb 2e4b00c01d58e79e 0a79fabc6f5d93c9 8faeacf8ca08f62d 9269d2b0d877352d 033d905aec273595 c36c2dce0e6e434f c1f2e3a76d388944 f209d29f991432f0 587e0b2a4811fab1 a2805ed52b47b8ec 01ecc81f6341e902 a0b1f4dd32f3e278 cea18be9a89d7a81 bbbd5d2fd957e8f7 47fbe21f5c35c7b4 52370bea1acd0600 796888cc3443006c 4d7653ea9499eed4 9a0f5ee4f845c9b2 c28bc62802b90f82 702d8f1064ab3e30 3986b68500d7704b 3fa57d488e979d74 ff88049e61f0f4ef
67,c015590d6a6fe833 061f3e1feeaa3094 3e8e56f639a5db5b 65708d542bd01f39 db69d4cbfef8d22f 4bed80e56ea2e099 e8684734f2e587bd 00d9eb862ba3dfc6 5867d40811c0229f bbbd5d2fd957e8f7 47fbe21f5c35c7b4 52370bea1acd0600 4d7653ea9499eed4 9a0f5ee4f845c9b2 0bcaac840d5e66d7 c28bc62802b90f82 cea18be9a89d7a81 3986b68500d7704b 3fa57d488e979d74 ff88049e61f0f4ef e0269da736ddf004 bd713b37b67866c3 fd30682593995748 2a06f5614060e3b6 702d8f1064ab3e30 5fb2d8e734956af0 447fc00f40d71d08 734dabb98795c35c 45bd99d5d2eef776 9c9a9d45c2ea7ddf
68,29968e8fd13539f8 7b81f1f2b6ec2e5f a292248bb2bffb3d 3734d3b0b9232538 351c9da399c2b915 4d9214c0925e5af8 a2805ed52b47b8ec a9dad59c7055b56c 0772e3ab293a1f30 9f4e0d572b1f4e6c 0451447dd64f6284 f76f44d372517a9a 9c9a9d45c2ea7ddf 72c2a95813ea72bd 27bc34b9887bec0d 4d7653ea9499eed4 9a0f5ee4f845c9b2 a813c15b46ceaf68 daa257a37227cd72 96445bec1579ec97 48a76e3aff69d605 cea18be9a89d7a81 20d283a232dfd13c e878efab7c37179e 81b639b74256b45b 4d32dae7b43c489a eec6b281e236b500 095bb1b6ecbd0a50 e22c35101e190db9 8fc68213b63951dc
69,999a52f1d301247c 4c3802a1bd3c842e 0451447dd64f6284 3734d3b0b9232538 047769588be1aea9 ad06e9eeea8eb4ea 81b639b74256b45b eec6b281e236b500 bd713b37b67866c3 095bb1b6ecbd0a50 e878efab7c37179e d3c4a7db726191e0 8fc68213b63951dc 20d283a232dfd13c 4d32dae7b43c489a e22c35101e190db9 b29ab87af6ea6310 9f4e0d572b1f4e6c d6bbbd6c4968075a ddf332f2b55a2a23 1f4f62844c3cb99c d0f6c00eec5eb973 ec4ef2f727e7a03f 96445bec1579ec97 73391e0853c1e040 8f578001f9d5f543 d7d937303a6d5a9d 01e5a6edcee7deb0 a5d5ba33b5b1dc95 73f770f2643a2135
70,3734d3b0b9232538 d92c0298f76ccf77 4d9214c0925e5af8 00958a140c3a6de8 db0e648651f4c92b 016da874bd04df55 f2b5098ac9c92da9 b84b6c0b2e4d0306 64267373570e4ea3 f48d0fbea7dc2782 49b5678e0d1e5bcd 5c4b7558c942a224 d72363ddd958d906 50cb6a6c60ad711a b69ce8b8154645f8 a0b1f4dd32f3e278 3e8e56f639a5db5b 3d6880bd12f6613f 0c15f252d30646fc d5952b2e031c4e7e ba5199dba342af68 0b0021aa60d05daa 0220a434aa8bf029 b6e646c13d0753ae c015590d6a6fe833 0079f3c74309b582 9b2adcf4041227d7 52aa48c07b34dc88 7f29daa16b9b4cda a1314cd417504572
71,fab14d178b24a67f cc861214a89ef1f4 354d7a327bbcc152 6cb9ab508a0678a0 22e8d6734e4121ae 4105533fe46dfba9 af8e70f978cd5aee 5dd752753760ced8 059bbdbdb843af6a 49b5678e0d1e5bcd 5430097e23000368 a04d6febd82a4389 0683b6a78f54be75 d92c0298f76ccf77 d257d1fbcf43abd5 24e582daf6f87158 42bb83d7c4b9ecae e1460af4a7044067 bbbd5d2fd957e8f7 2b48ab08c915c0ad ee3ed9a3f51336cd db0e648651f4c92b 95ecdbff44ad0b60 ecb768ef6fd223ca 64907c4568244eb4 b0e254dd420faee3 6461a9faa871b3ac 07f22a7ad7e4711d 855f2f0354e102c7 35488b3b8b781278
72,8d58da0e1800dc96 5fb2d8e734956af0 1f4f62844c3cb99c 025a148c3a53bd9f 622f2e4119882c94 bed3e73d52011f68 fb2ebcb5335ad2e2 64b31699d7d15934 db7342eff9200020 702d8f1064ab3e30 20d283a232dfd13c eec6b281e236b500 4d32dae7b43c489a 81b639b74256b45b bd713b37b67866c3 e878efab7c37179e 8fc68213b63951dc b29ab87af6ea6310 e22c35101e190db9 095bb1b6ecbd0a50 d3c4a7db726191e0 576dd429db946393 197fa50b30d91fe8 a52df8083c238c46 c606425856952286 a14394322cf7043d d5805cdb9e8f0f48 666bdff4faa513ca 6c017e548aa138f2 abf90e759d208468
73,d257d1fbcf43abd5 d6ed7e4b14c51296 9b2adcf4041227d7 db0e648651f4c92b d92c0298f76ccf77 49b5678e0d1e5bcd f2b5098ac9c92da9 64267373570e4ea3 42a5cae2a3a45557 919b1679fffa7ef1 d72363ddd958d906 0220a434aa8bf029 3d6880bd12f6613f 9d5edf3b993fee50 0683b6a78f54be75 0b0021aa60d05daa bbbd5d2fd957e8f7 9c9ebf71707d7a37 2b48ab08c915c0ad 5430097e23000368 ee3ed9a3f51336cd 0079f3c74309b582 52aa48c07b34dc88 7f29daa16b9b4cda a1314cd417504572 26140b225c4f8d3f a04d6febd82a4389 ecb768ef6fd223ca 64907c4568244eb4 f6d23cdd2359f7c0
74,4a5ac473c9d176ba b78189788d563693 e7dd56376be2cf1c c810ac016901e8ac 10ad13170242ecae 0c2eeab1e4ce1db8 00ff646ca6637bd7 016da874bd04df55 351c9da399c2b915 f28fb3d9880c5d4c b0b5e62a93a2c37c 42c9b72cc77dcb28 120e745e2961b5d5 2bafd15871caae91 a677c3a76055a6d2 2e44fbb8bc3d8d71 37001ade0df85823 a14394322cf7043d c606425856952286 2dd12c230ab22555 27a12f29dceccdbd 853e36b1550c6274 316382267dcd804f fc8971756f9ec194 46315cf30aaee51c d72363ddd958d906 4c3802a1bd3c842e 7e4a4a1300b77a06 fc21db75b354a917 0688c790d5806540
75,48a76e3aff69d605 b6e72edcad270be0 95166957b2c38794 edc79e57b20e9036 285657fcdf89f00d 3734d3b0b9232538 4d9214c0925e5af8 a853f13216170123 a9dad59c7055b56c 9f4e0d572b1f4e6c 0451447dd64f6284 b6e646c13d0753ae c015590d6a6fe833 00e1e2eb13f650e4 9c9a9d45c2ea7ddf 96445bec1579ec97 cea18be9a89d7a81 486dd77002936dec 047769588be1aea9 447fc00f40d71d08 50cb6a6c60ad711a 0c2eeab1e4ce1db8 d1e21234d7cc61d2 7c8324ce28ffb96e 148ac4a56a18844d ae77487a89f2610c 4b8c7061102517ef 2e79d45ba4d1540d 2e031d83339759b2 5ebb4d2f5f1c1f13
76,2901e5309bb3f8f6 26fc2a95df5659c2 d46598813fb437e5 f46601a9955f9949 c49d8f84a4f87f8a 8700059e85433b32 8d58da0e1800dc96 5fb2d8e734956af0 1f4f62844c3cb99c db7342eff9200020 025a148c3a53bd9f a52df8083c238c46 acae1d29289b1266 197fa50b30d91fe8 0451447dd64f6284 40583079f57235a6 49224aca40e6e5e3 cc861214a89ef1f4 7b81f1f2b6ec2e5f 5a1149fbcbd37376 e25a1da6ca187350 2a06f5614060e3b6 9a0f5ee4f845c9b2 fd30682593995748 bd713b37b67866c3 0bcaac840d5e66d7 c28bc62802b90f82 e0269da736ddf004 702d8f1064ab3e30 3986b68500d7704b
77,0c2eeab1e4ce1db8 00ff646ca6637bd7 016da874bd04df55 351c9da399c2b915 f28fb3d9880c5d4c b0b5e62a93a2c37c 42c9b72cc77dcb28 120e745e2961b5d5 2bafd15871caae91 a677c3a76055a6d2 2e44fbb8bc3d8d71 37001ade0df85823 a14394322cf7043d c606425856952286 2dd12c230ab22555 27a12f29dceccdbd 853e36b1550c6274 316382267dcd804f fc8971756f9ec194 46315cf30aaee51c d72363ddd958d906 4c3802a1bd3c842e 7e4a4a1300b77a06 fc21db75b354a917 0688c790d5806540 39075e303166355e c6b615b2589e036d 3d93a60f990a0a7c b6cdb608f640e038 18b1d2d84c97a364
78,acae1d29289b1266 8d58da0e1800dc96 5fb2d8e734956af0 1f4f62844c3cb99c db7342eff9200020 025a148c3a53bd9f a52df8083c238c46 197fa50b30d91fe8 0451447dd64f6284 40583079f57235a6 ae94d8435a6847f4 49224aca40e6e5e3 d257d1fbcf43abd5 2901e5309bb3f8f6 cc861214a89ef1f4 73f770f2643a2135 7b81f1f2b6ec2e5f 5a1149fbcbd37376 65d44c6393907290 4d417b203b333363 54f55c74d37db3c0 b78189788d563693 62431fd374eb99fb b1dcaca98bb76736 8faeacf8ca08f62d d92c0298f76ccf77 4d9214c0925e5af8 033d905aec273595 c36c2dce0e6e434f 047769588be1aea9
79,b84b6c0b2e4d0306 c31a456b544a40a8 d5952b2e031c4e7e 19e8f436d4b2fc25 6ae470a7c9ec20fd a853f13216170123 b6e646c13d0753ae c015590d6a6fe833 0c2eeab1e4ce1db8 4b8c7061102517ef 5ebb4d2f5f1c1f13 98dbd15aa33ebc18 52370bea1acd0600 fc21db75b354a917 4d7653ea9499eed4 9a0f5ee4f845c9b2 0bcaac840d5e66d7 c28bc62802b90f82 b6cdb608f640e038 47fbe21f5c35c7b4 3986b68500d7704b 3fa57d488e979d74 ff88049e61f0f4ef e0269da736ddf004 bd713b37b67866c3 fd30682593995748 702d8f1064ab3e30 bbbd5d2fd957e8f7 5fb2d8e734956af0 059bbdbdb843af6a
80,e8b87ed7db1bcb1f 2359719a0f40ffac f46601a9955f9949 9c9a9d45c2ea7ddf 999a52f1d301247c 26140b225c4f8d3f fd30682593995748 bd713b37b67866c3 e0269da736ddf004 ff88049e61f0f4ef 3fa57d488e979d74 3986b68500d7704b 702d8f1064ab3e30 c28bc62802b90f82 2a06f5614060e3b6 0bcaac840d5e66d7 9a0f5ee4f845c9b2 39f6296778264878 4d7653ea9499eed4 c31a456b544a40a8 734dabb98795c35c 942a7d26d81c841f bd0f175ee98c613e ae94d8435a6847f4 b6d0f83aad4e4dc7 b24820ae14e16a24 622f2e4119882c94 4b8c7061102517ef e25a1da6ca187350 5ebb4d2f5f1c1f13
81,4dba7ce835494a63 ca4de5b8a7bda9df 04886579947a80c2 18ced18aee04c48e 734dabb98795c35c d72363ddd958d906 2e2904c5373734ae 6a3919ad9ed8197e 19b4014943e0ad92 5867d40811c0229f 9a0f5ee4f845c9b2 0bcaac840d5e66d7 c28bc62802b90f82 702d8f1064ab3e30 3986b68500d7704b 3fa57d488e979d74 ff88049e61f0f4ef e0269da736ddf004 bd713b37b67866c3 fd30682593995748 2a06f5614060e3b6 39f6296778264878 e25a1da6ca187350 4d7653ea9499eed4 ae94d8435a6847f4 b6d0f83aad4e4dc7 b24820ae14e16a24 622f2e4119882c94 4b8c7061102517ef af8e70f978cd5aee
82,3b6d27775fce1c7b e1460af4a7044067 8566d15270eb5e83 453bc79164d57a01 4f2fffd7528de786 48cf88c17ff38c5e 64907c4568244eb4 ca4de5b8a7bda9df 4dba7ce835494a63 8b7c486a910dd004 4f915ad69e1dca36 a2c35fdf07a13286 c14d5b16840d3032 c28bc62802b90f82 3986b68500d7704b 3fa57d488e979d74 ff88049e61f0f4ef 81b7c7e312bfa1a0 e0269da736ddf004 bd713b37b67866c3 fd30682593995748 2a06f5614060e3b6 39f6296778264878 e25a1da6ca187350 c31a456b544a40a8 f58ff7f1a6cde683 5547f9f1638ac345 a04d6febd82a4389 622f2e4119882c94 702d8f1064ab3e30
83,7eec211cc37a1b05 447fc00f40d71d08 2e79d45ba4d1540d 05e4165a56bf50eb 74244a8703c03720 8e0760918e88e4a9 46b99f864d6a075a 3e8e56f639a5db5b 4bed80e56ea2e099 404031ab9d5977c4 39075e303166355e 60a070db9f1869b5 7ee52d2519eea367 4c3802a1bd3c842e 4483bbdd3241f11a 5b16bae6a0de7c88 f2b5098ac9c92da9 64267373570e4ea3 5867d40811c0229f b26d8664feb18c8c d72363ddd958d906 22756be6fd061d4c 3d6880bd12f6613f cc861214a89ef1f4 1dc7139adba034ec 6e12311169bcb24c 0b0021aa60d05daa 99e833818ec4bbf2 0079f3c74309b582 9b2adcf4041227d7
84,a65e30106ea50423 e8b87ed7db1bcb1f 2359719a0f40ffac f46601a9955f9949 9c9a9d45c2ea7ddf 999a52f1d301247c 4c3802a1bd3c842e 26140b225c4f8d3f ffa9091747ae2466 6204e398d8c7f888 99e833818ec4bbf2 2e4b00c01d58e79e 0a79fabc6f5d93c9 9269d2b0d877352d 48f93f9c2c699e19 d1e21234d7cc61d2 e740c80fce094788 1d0f5fdc58e3efb5 01ecc81f6341e902 e0269da736ddf004 ff88049e61f0f4ef 3fa57d488e979d74 bd713b37b67866c3 3986b68500d7704b fd30682593995748 2a06f5614060e3b6 702d8f1064ab3e30 e25a1da6ca187350 ae94d8435a6847f4 b6d0f83aad4e4dc7
85,1c3b74a02a86467d 781aaf62a955e4e8 88b62355670ec8f8 5547f9f1638ac345 942a7d26d81c841f 2359719a0f40ffac e0269da736ddf004 5b4c879fc9c316fb 3d6880bd12f6613f 7ee52d2519eea367 4c3802a1bd3c842e 74244a8703c03720 0b0021aa60d05daa f2b5098ac9c92da9 0c15f252d30646fc 64267373570e4ea3 52aa48c07b34dc88 d72363ddd958d906 c810ac016901e8ac 05e4165a56bf50eb 455fde214d16d350 dea5e9227fbbac29 95d25d38ba7df9c7 538c7bb968b2154c 24e582daf6f87158 42bb83d7c4b9ecae e1460af4a7044067 50806199c80e215c 8b7c486a910dd004 0079f3c74309b582
86,05f23e7d05dbf7c2 72403ecdfe02bba6 b3ad55963554f220 63d95d5977c2fe98 73391e0853c1e040 0fbd0f422e926816 70776cdd9bb3b7d4 5b16bae6a0de7c88 26fc2a95df5659c2 abf90e759d208468 00af886180e9eaec 796888cc3443006c 46b99f864d6a075a 387e9cd2e5d4ea7d db7342eff9200020 316382267dcd804f 01020d1b0821f4c7 5b34da30b93eb123 d35e11d3d1ab3c67 33856365c271aea4 0d0368139e9a647f 148ac4a56a18844d 430feb4826a5632e 65ad9c583823162d f25bfcffedaccf28 59bf6d6df9146d60 4522ad78bf79f0c9 d5805cdb9e8f0f48 c143c095983a65c2 09660f466b38b7ba
87,01104a026d22ae55 00ff646ca6637bd7 cba7e22bb383083a 47fbe21f5c35c7b4 52370bea1acd0600 4d7653ea9499eed4 9a0f5ee4f845c9b2 0bcaac840d5e66d7 c28bc62802b90f82 702d8f1064ab3e30 e36475c1af5ea3ab 3fa57d488e979d74 ff88049e61f0f4ef e0269da736ddf004 bd713b37b67866c3 fd30682593995748 2a06f5614060e3b6 39f6296778264878 3986b68500d7704b e7cad3748e50b0f8 0708923badf2ff5d 734dabb98795c35c 942a7d26d81c841f bd0f175ee98c613e ae94d8435a6847f4 b6d0f83aad4e4dc7 b24820ae14e16a24 bbbd5d2fd957e8f7 4b8c7061102517ef af8e70f978cd5aee
88,ffc688c4c1c2a068 b749972436ac9791 a9eef13786610446 f46601a9955f9949 e14a893f1918277e 26fc2a95df5659c2 29bedd00fb2be056 e7cad3748e50b0f8 ddf332f2b55a2a23 2a06f5614060e3b6 65fac1ba1840000f c08c3765ac609cc0 6d80d2e62d01f6bc 0eafda717681bbdc 1dc7139adba034ec 6a3919ad9ed8197e bb7515be835dea49 09bbaa171c20bae3 4d417b203b333363 44d324ebd3e22ad7 db7342eff9200020 54f55c74d37db3c0 2901e5309bb3f8f6 74e59c5820900b17 abf90e759d208468 8d58da0e1800dc96 796888cc3443006c 73391e0853c1e040 005666aa098abe8e 72403ecdfe02bba6
89,6ae470a7c9ec20fd 0eedb1a0d3b8ddae 2e031d83339759b2 587e0b2a4811fab1 0708923badf2ff5d b0e254dd420faee3 d72363ddd958d906 6a3919ad9ed8197e ae94d8435a6847f4 0e45c4c185f35df6 e6a29676c096f8e8 a860b682add9de1c f105a53e5cfae611 48a76e3aff69d605 19b4014943e0ad92 95166957b2c38794 8dedff0a79784abc b6e72edcad270be0 81bd116c786bf9ae 4beacc71024f8b08 a0566ca9daca7778 404031ab9d5977c4 702d8f1064ab3e30 622f2e4119882c94 3fa57d488e979d74 ff88049e61f0f4ef b24820ae14e16a24 e0269da736ddf004 bd713b37b67866c3 fd30682593995748
90,0708923badf2ff5d b0e254dd420faee3 47fbe21f5c35c7b4 5b16bae6a0de7c88 d6ed7e4b14c51296 0772e3ab293a1f30 f209d29f991432f0 39075e303166355e 60a070db9f1869b5 65ad9c583823162d 59bf6d6df9146d60 f25bfcffedaccf28 8df3f13d6af34cb3 4483bbdd3241f11a d5805cdb9e8f0f48 09660f466b38b7ba d1e21234d7cc61d2 5fb2d8e734956af0 3cb6b40d377e7ca8 955e465ce0788ea6 43b3338423d7386c 025a148c3a53bd9f 63d95d5977c2fe98 b3ad55963554f220 2a06f5614060e3b6 65fac1ba1840000f 7f95168400948588 0220a434aa8bf029 bd0f175ee98c613e 6d80d2e62d01f6bc
91,a14394322cf7043d c606425856952286 27a12f29dceccdbd 853e36b1550c6274 46315cf30aaee51c 7e4a4a1300b77a06 fc21db75b354a917 0688c790d5806540 39075e303166355e c015590d6a6fe833 c6b615b2589e036d b6cdb608f640e038 39f6296778264878 bd0f175ee98c613e 36d33c41812ce7dc 316382267dcd804f d72363ddd958d906 4c3802a1bd3c842e d6bbbd6c4968075a 3d93a60f990a0a7c a65e30106ea50423 18b1d2d84c97a364 9100ea6cd0e084bf 453bc79164d57a01 d64c06baf5ef1c90 40583079f57235a6 b78189788d563693 b0bfe0f426275870 6406fcdb7d87b5dc 74244a8703c03720
92,b6e646c13d0753ae 148ac4a56a18844d e8b87ed7db1bcb1f 9f4e0d572b1f4e6c 2359719a0f40ffac 0451447dd64f6284 9b0e8cf8153e3b33 1efd7bd8a34a1359 d6bbbd6c4968075a 58654e3143c6550b 1a05ef8c93af8eed b6a1c97f19af78d0 dea5e9227fbbac29 cea18be9a89d7a81 486dd77002936dec 06de3ca1148b088b c015590d6a6fe833 f46601a9955f9949 50cb6a6c60ad711a a9223c28b10c131f 7c8324ce28ffb96e 9c9a9d45c2ea7ddf a65e30106ea50423 999a52f1d301247c e9c20b67a4c5395f 2e031d83339759b2 3b4a85bac6ead3c8 c143c095983a65c2 4c3802a1bd3c842e 26140b225c4f8d3f
93,27888817db122597 d16da1fb61813db9 528161039994b4dc 892074f7c1ef5d5e 47fbe21f5c35c7b4 52370bea1acd0600 4d7653ea9499eed4 9a0f5ee4f845c9b2 0bcaac840d5e66d7 c28bc62802b90f82 702d8f1064ab3e30 bbbd5d2fd957e8f7 3fa57d488e979d74 ff88049e61f0f4ef e0269da736ddf004 bd713b37b67866c3 fd30682593995748 2a06f5614060e3b6 39f6296778264878 3986b68500d7704b e7cad3748e50b0f8 0708923badf2ff5d 734dabb98795c35c 942a7d26d81c841f bd0f175ee98c613e ae94d8435a6847f4 b6d0f83aad4e4dc7 b24820ae14e16a24 cea18be9a89d7a81 4b8c7061102517ef
94,26140b225c4f8d3f d257d1fbcf43abd5 db0e648651f4c92b 42a5cae2a3a45557 9c9a9d45c2ea7ddf 0683b6a78f54be75 9c9ebf71707d7a37 8faeacf8ca08f62d 49b5678e0d1e5bcd ae77487a89f2610c 4f2fffd7528de786 52e459a551d4ac2d 587e0b2a4811fab1 50ba507a268872e1 48cf88c17ff38c5e 3734d3b0b9232538 585f4ee09d8fea46 5057551fc55e9ed2 e8b87ed7db1bcb1f b371170568146b12 2359719a0f40ffac d92c0298f76ccf77 4d9214c0925e5af8 ca4de5b8a7bda9df 4dba7ce835494a63 ae000f9d0b5e104e 37001ade0df85823 5bf89d11a25121d9 a9dad59c7055b56c b1dcaca98bb76736
95,a65e30106ea50423 4c3802a1bd3c842e ffa9091747ae2466 6204e398d8c7f888 2e4b00c01d58e79e 0a79fabc6f5d93c9 9269d2b0d877352d 999a52f1d301247c a5d5ba33b5b1dc95 01ecc81f6341e902 8566d15270eb5e83 148ac4a56a18844d 00e1e2eb13f650e4 50806199c80e215c 919b1679fffa7ef1 2e2904c5373734ae d73a65673e3f1d78 522bd6887960c25d bc2552a642ce8497 5867d40811c0229f c28bc62802b90f82 0bcaac840d5e66d7 702d8f1064ab3e30 3986b68500d7704b ff88049e61f0f4ef e0269da736ddf004 bd713b37b67866c3 fd30682593995748 3fa57d488e979d74 ae94d8435a6847f4
96,3e66b4855d0dddbe 680bb5c5c3bb6ee1 74e59c5820900b17 bf973f9ec3600199 8dedff0a79784abc e8ad5e31484ef889 1398b478b71773ed 07be6a290720707d ce0f56b7190c268a ca4de5b8a7bda9df 2a06f5614060e3b6 fd30682593995748 bd713b37b67866c3 39f6296778264878 e0269da736ddf004 e25a1da6ca187350 ff88049e61f0f4ef 3fa57d488e979d74 3986b68500d7704b 702d8f1064ab3e30 c28bc62802b90f82 9a0f5ee4f845c9b2 0bcaac840d5e66d7 734dabb98795c35c bd0f175ee98c613e ae94d8435a6847f4 b6d0f83aad4e4dc7 b24820ae14e16a24 622f2e4119882c94 4b8c7061102517ef
97,a65e30106ea50423 66ccd03c9e03ac06 d1e21234d7cc61d2 e740c80fce094788 1d0f5fdc58e3efb5 62431fd374eb99fb b1dcaca98bb76736 8faeacf8ca08f62d 033d905aec273595 c36c2dce0e6e434f c1f2e3a76d388944 f209d29f991432f0 587e0b2a4811fab1 a2805ed52b47b8ec 9a0f5ee4f845c9b2 702d8f1064ab3e30 0bcaac840d5e66d7 c28bc62802b90f82 3986b68500d7704b 3fa57d488e979d74 ff88049e61f0f4ef e0269da736ddf004 bd713b37b67866c3 fd30682593995748 2a06f5614060e3b6 39f6296778264878 4d7653ea9499eed4 734dabb98795c35c bd0f175ee98c613e ae94d8435a6847f4
98,87c5481930cfe126 a853f13216170123 95ecdbff44ad0b60 fb2ebcb5335ad2e2 bed3e73d52011f68 64b31699d7d15934 702d8f1064ab3e30 20d283a232dfd13c d3c4a7db726191e0 8fc68213b63951dc e878efab7c37179e bd713b37b67866c3 095bb1b6ecbd0a50 e22c35101e190db9 81b639b74256b45b 4d32dae7b43c489a eec6b281e236b500 b29ab87af6ea6310 8d58da0e1800dc96 576dd429db946393 c606425856952286 a14394322cf7043d d5805cdb9e8f0f48 666bdff4faa513ca 09660f466b38b7ba 52370bea1acd0600 5fb2d8e734956af0 1f4f62844c3cb99c 6c017e548aa138f2 abf90e759d208468
99,e1460af4a7044067 8dedff0a79784abc 4d954d933e606b70 ae94d8435a6847f4 0e45c4c185f35df6 d257d1fbcf43abd5 ad06e9eeea8eb4ea 0451447dd64f6284 e6a29676c096f8e8 2e031d83339759b2 3a6e7894dde31c67 9b0e8cf8153e3b33 a860b682add9de1c f105a53e5cfae611 d6bbbd6c4968075a 48a76e3aff69d605 58654e3143c6550b b6a1c97f19af78d0 4d9214c0925e5af8 dea5e9227fbbac29 98dbd15aa33ebc18 b6e646c13d0753ae 65708d542bd01f39 95166957b2c38794 047769588be1aea9 c015590d6a6fe833 db69d4cbfef8d22f b6e72edcad270be0 81bd116c786bf9ae a9223c28b10c131f
100,8566d15270eb5e83 1d0f5fdc58e3efb5 453bc79164d57a01 d1e21234d7cc61d2 e740c80fce094788 a65e30106ea50423 ce0f56b7190c268a 0eafda717681bbdc acae1d29289b1266 01020d1b0821f4c7 c5830f9d0f1e29e5 18b1d2d84c97a364 4a5ac473c9d176ba 33856365c271aea4 2e031d83339759b2 d16da1fb61813db9 4d417b203b333363 680bb5c5c3bb6ee1 0451447dd64f6284 40583079f57235a6 54f55c74d37db3c0 a76ffccd2f5df1a7 3a6e7894dde31c67 49224aca40e6e5e3 7155e5a86136eb02 4d29c6922b2d0d56 58654e3143c6550b e228204ae08d1355 5f94b027039f4e48 dea5e9227fbbac29
101,4f2fffd7528de786 48cf88c17ff38c5e e8b87ed7db1bcb1f 2359719a0f40ffac ca4de5b8a7bda9df 4dba7ce835494a63 f46601a9955f9949 9c9a9d45c2ea7ddf 3b6d27775fce1c7b 999a52f1d301247c a2c35fdf07a13286 26140b225c4f8d3f 48f93f9c2c699e19 c28bc62802b90f82 702d8f1064ab3e30 3986b68500d7704b ae94d8435a6847f4 0bcaac840d5e66d7 ff88049e61f0f4ef e0269da736ddf004 bd713b37b67866c3 fd30682593995748 2a06f5614060e3b6 39f6296778264878 e25a1da6ca187350 c31a456b544a40a8 3fa57d488e979d74 4d7653ea9499eed4 f58ff7f1a6cde683 b24820ae14e16a24
102,8f578001f9d5f543 d7d937303a6d5a9d 853e36b1550c6274 fc21db75b354a917 b78189788d563693 46315cf30aaee51c 0688c790d5806540 016da874bd04df55 9c9a9d45c2ea7ddf 74244a8703c03720 f76f44d372517a9a 27bc34b9887bec0d 4d7653ea9499eed4 9a0f5ee4f845c9b2 a813c15b46ceaf68 daa257a37227cd72 72c2a95813ea72bd 047769588be1aea9 4d32dae7b43c489a 81b639b74256b45b eec6b281e236b500 e878efab7c37179e b29ab87af6ea6310 20d283a232dfd13c 095bb1b6ecbd0a50 d3c4a7db726191e0 e22c35101e190db9 bd713b37b67866c3 8fc68213b63951dc 428f9363fa35882d
103,48a76e3aff69d605 b6e72edcad270be0 ca4de5b8a7bda9df 95166957b2c38794 a853f13216170123 b1dcaca98bb76736 62431fd374eb99fb 8faeacf8ca08f62d 033d905aec273595 c36c2dce0e6e434f c1f2e3a76d388944 f209d29f991432f0 587e0b2a4811fab1 a2805ed52b47b8ec 4d7653ea9499eed4 9a0f5ee4f845c9b2 0bcaac840d5e66d7 c28bc62802b90f82 39f6296778264878 fd30682593995748 702d8f1064ab3e30 bd713b37b67866c3 e0269da736ddf004 3986b68500d7704b 3fa57d488e979d74 ff88049e61f0f4ef 52370bea1acd0600 734dabb98795c35c bd0f175ee98c613e ae94d8435a6847f4
104,a2805ed52b47b8ec 351c9da399c2b915 62431fd374eb99fb b1dcaca98bb76736 8faeacf8ca08f62d 033d905aec273595 c36c2dce0e6e434f c1f2e3a76d388944 f209d29f991432f0 587e0b2a4811fab1 47fbe21f5c35c7b4 52370bea1acd0600 4d7653ea9499eed4 9a0f5ee4f845c9b2 0bcaac840d5e66d7 c28bc62802b90f82 702d8f1064ab3e30 bbbd5d2fd957e8f7 3fa57d488e979d74 ff88049e61f0f4ef e0269da736ddf004 bd713b37b67866c3 fd30682593995748 3986b68500d7704b 0708923badf2ff5d 734dabb98795c35c 942a7d26d81c841f bd0f175ee98c613e ae94d8435a6847f4 b6d0f83aad4e4dc7
105,e1460af4a7044067 ca4de5b8a7bda9df a76ffccd2f5df1a7 7c8324ce28ffb96e 8e0760918e88e4a9 395b26d91f98bd92 da7d3c2d591c4295 1a8e5d6512d9e2d8 1dc7139adba034ec 6a3919ad9ed8197e af8e70f978cd5aee f76f44d372517a9a 27bc34b9887bec0d daa257a37227cd72 72c2a95813ea72bd a813c15b46ceaf68 9a0f5ee4f845c9b2 4d7653ea9499eed4 4d32dae7b43c489a eec6b281e236b500 8fc68213b63951dc b29ab87af6ea6310 095bb1b6ecbd0a50 e878efab7c37179e 20d283a232dfd13c bd713b37b67866c3 d3c4a7db726191e0 e22c35101e190db9 81b639b74256b45b b24820ae14e16a24
106,a0b1f4dd32f3e278 4d29c6922b2d0d56 ce0f56b7190c268a 5867d40811c0229f 52370bea1acd0600 4d7653ea9499eed4 9a0f5ee4f845c9b2 0bcaac840d5e66d7 c28bc62802b90f82 702d8f1064ab3e30 47fbe21f5c35c7b4 3fa57d488e979d74 ff88049e61f0f4ef e0269da736ddf004 bd713b37b67866c3 fd30682593995748 2a06f5614060e3b6 39f6296778264878 3986b68500d7704b 0708923badf2ff5d 734dabb98795c35c 942a7d26d81c841f bd0f175ee98c613e ae94d8435a6847f4 b6d0f83aad4e4dc7 b24820ae14e16a24 622f2e4119882c94 bbbd5d2fd957e8f7 af8e70f978cd5aee 5ebb4d2f5f1c1f13
107,351c9da399c2b915 f28fb3d9880c5d4c 01104a026d22ae55 a84cd36608cb8665 451e7ba901ad661d b0e254dd420faee3 cba7e22bb383083a 2dd12c230ab22555 0c2eeab1e4ce1db8 00ff646ca6637bd7 016da874bd04df55 a1314cd417504572 b0b5e62a93a2c37c 42c9b72cc77dcb28 22e8d6734e4121ae 120e745e2961b5d5 b8e2f75014710ced 2bafd15871caae91 8d58da0e1800dc96 a677c3a76055a6d2 2e44fbb8bc3d8d71 059bbdbdb843af6a 5fb2d8e734956af0 1f4f62844c3cb99c 37001ade0df85823 c03b11a0cdc3fa39 db7342eff9200020 025a148c3a53bd9f a52df8083c238c46 acae1d29289b1266
108,bc2552a642ce8497 00e1e2eb13f650e4 765c0695339c3abe d73a65673e3f1d78 d216e5458ad70e60 2e2904c5373734ae d92c0298f76ccf77 4d9214c0925e5af8 016da874bd04df55 b84b6c0b2e4d0306 f48d0fbea7dc2782 5c4b7558c942a224 50cb6a6c60ad711a b69ce8b8154645f8 3e8e56f639a5db5b d5952b2e031c4e7e 942a7d26d81c841f bd713b37b67866c3 bd0f175ee98c613e e0269da736ddf004 ff88049e61f0f4ef ae94d8435a6847f4 b6d0f83aad4e4dc7 3fa57d488e979d74 b24820ae14e16a24 3986b68500d7704b 702d8f1064ab3e30 c28bc62802b90f82 0bcaac840d5e66d7 9a0f5ee4f845c9b2
109,e8b87ed7db1bcb1f 2359719a0f40ffac 0772e3ab293a1f30 f46601a9955f9949 9c9a9d45c2ea7ddf 999a52f1d301247c 26140b225c4f8d3f 00d9eb862ba3dfc6 4d7653ea9499eed4 9a0f5ee4f845c9b2 0bcaac840d5e66d7 c28bc62802b90f82 52370bea1acd0600 3986b68500d7704b 3fa57d488e979d74 ff88049e61f0f4ef e0269da736ddf004 bd713b37b67866c3 fd30682593995748 2a06f5614060e3b6 39f6296778264878 702d8f1064ab3e30 734dabb98795c35c 942a7d26d81c841f bd0f175ee98c613e ae94d8435a6847f4 b6d0f83aad4e4dc7 b24820ae14e16a24 622f2e4119882c94 4b8c7061102517ef
110,4c3802a1bd3c842e 0772e3ab293a1f30 00d9eb862ba3dfc6 5867d40811c0229f 47fbe21f5c35c7b4 52370bea1acd0600 4d7653ea9499eed4 9a0f5ee4f845c9b2 0bcaac840d5e66d7 c28bc62802b90f82 702d8f1064ab3e30 bbbd5d2fd957e8f7 3fa57d488e979d74 ff88049e61f0f4ef e0269da736ddf004 bd713b37b67866c3 fd30682593995748 2a06f5614060e3b6 39f6296778264878 e25a1da6ca187350 3986b68500d7704b 0708923badf2ff5d 734dabb98795c35c 942a7d26d81c841f bd0f175ee98c613e ae94d8435a6847f4 b6d0f83aad4e4dc7 b24820ae14e16a24 622f2e4119882c94 cea18be9a89d7a81
111,16b11706660177ff 47fbe21f5c35c7b4 57113c2a4cacd961 09660f466b38b7ba 0db6584e3bdfa1c4 796888cc3443006c 387e9cd2e5d4ea7d ca43e349133fc0e3 33856365c271aea4 942a7d26d81c841f 430feb4826a5632e a9eef13786610446 155600e5f1221f8c 976baf0e84752a68 d72363ddd958d906 48f93f9c2c699e19 46b99f864d6a075a f76f44d372517a9a 05e4165a56bf50eb 72c2a95813ea72bd a813c15b46ceaf68 daa257a37227cd72 27bc34b9887bec0d 9a0f5ee4f845c9b2 4d7653ea9499eed4 8b7c486a910dd004 20d283a232dfd13c 81b639b74256b45b 8fc68213b63951dc 4d32dae7b43c489a
112,99e833818ec4bbf2 8bf446c0455e3c5c 98dbd15aa33ebc18 238de368bb05c0ec 0683b6a78f54be75 47fbe21f5c35c7b4 e5fb8dc5c9cb4a19 0add47a043c64d7f ca43e349133fc0e3 f29eee8054c061e1 d72363ddd958d906 46b99f864d6a075a c96049ed915ced0a 05e4165a56bf50eb 8b7c486a910dd004 6a3919ad9ed8197e c143c095983a65c2 19b4014943e0ad92 00d9eb862ba3dfc6 5867d40811c0229f af8e70f978cd5aee 2a06f5614060e3b6 fd30682593995748 5ebb4d2f5f1c1f13 bd713b37b67866c3 e0269da736ddf004 00140806971e7a73 ff88049e61f0f4ef 9c9a9d45c2ea7ddf 45bd99d5d2eef776
113,5879096a38d69fc5 892074f7c1ef5d5e bc2552a642ce8497 10ad13170242ecae c14d5b16840d3032 62431fd374eb99fb b1dcaca98bb76736 8faeacf8ca08f62d 65708d542bd01f39 c015590d6a6fe833 033d905aec273595 c36c2dce0e6e434f db69d4cbfef8d22f c1f2e3a76d388944 f209d29f991432f0 587e0b2a4811fab1 a2805ed52b47b8ec 4bed80e56ea2e099 99e833818ec4bbf2 00d9eb862ba3dfc6 48f93f9c2c699e19 0bcaac840d5e66d7 9a0f5ee4f845c9b2 e0269da736ddf004 4d7653ea9499eed4 c28bc62802b90f82 ff88049e61f0f4ef 702d8f1064ab3e30 3986b68500d7704b 3fa57d488e979d74
114,b0b5e62a93a2c37c 0c2eeab1e4ce1db8 00ff646ca6637bd7 016da874bd04df55 351c9da399c2b915 f28fb3d9880c5d4c 42c9b72cc77dcb28 120e745e2961b5d5 2bafd15871caae91 a677c3a76055a6d2 2e44fbb8bc3d8d71 37001ade0df85823 2dd12c230ab22555 fc8971756f9ec194 6ae470a7c9ec20fd 702d8f1064ab3e30 3986b68500d7704b 3fa57d488e979d74 c28bc62802b90f82 ff88049e61f0f4ef 0bcaac840d5e66d7 9a0f5ee4f845c9b2 e0269da736ddf004 4d7653ea9499eed4 bd713b37b67866c3 2a06f5614060e3b6 52370bea1acd0600 bd0f175ee98c613e ae94d8435a6847f4 b6d0f83aad4e4dc7
115,04886579947a80c2 ce8cb4351b8c0f6e 7f29daa16b9b4cda 9ab90dfc5c9b0b37 47fbe21f5c35c7b4 52370bea1acd0600 4d7653ea9499eed4 9a0f5ee4f845c9b2 0bcaac840d5e66d7 c28bc62802b90f82 702d8f1064ab3e30 bbbd5d2fd957e8f7 3fa57d488e979d74 ff88049e61f0f4ef e0269da736ddf004 bd713b37b67866c3 fd30682593995748 2a06f5614060e3b6 39f6296778264878 3986b68500d7704b e7cad3748e50b0f8 0708923badf2ff5d 734dabb98795c35c 942a7d26d81c841f bd0f175ee98c613e ae94d8435a6847f4 b6d0f83aad4e4dc7 b24820ae14e16a24 cea18be9a89d7a81 4b8c7061102517ef
116,b6cdb608f640e038 42bb83d7c4b9ecae 419b5dc40744fb9b d63b7f083330247f 4c3802a1bd3c842e d16da1fb61813db9 97d696011258825c cc0c9419f8a20603 6899956cd6c683f0 377c1150c781e37a a2805ed52b47b8ec fa173131f15f5534 b05b5f6850cfa158 9113e9dc940fb287 f48d0fbea7dc2782 b69ce8b8154645f8 9269d2b0d877352d c606425856952286 a14394322cf7043d a65e30106ea50423 27a12f29dceccdbd eff60ceea8817dad 853e36b1550c6274 4491016efed845f1 316382267dcd804f 46315cf30aaee51c d72363ddd958d906 7e4a4a1300b77a06 fc21db75b354a917 0688c790d5806540
117,4dba7ce835494a63 83f8f2fc471cad74 3cb6b40d377e7ca8 2394b08708475900 9cf6709de35bf0f3 4f2fffd7528de786 54a11cbcd7a32af4 f49e13a653cbdad2 60a070db9f1869b5 520ec719078be07c 72b80b099fd64ec4 9fda36f260eec24e b05b5f6850cfa158 62431fd374eb99fb b1dcaca98bb76736 8faeacf8ca08f62d 033d905aec273595 c36c2dce0e6e434f c1f2e3a76d388944 f209d29f991432f0 587e0b2a4811fab1 a2805ed52b47b8ec c28bc62802b90f82 2a06f5614060e3b6 fd30682593995748 bd713b37b67866c3 702d8f1064ab3e30 3986b68500d7704b e0269da736ddf004 3fa57d488e979d74
118,05f23e7d05dbf7c2 72403ecdfe02bba6 db7342eff9200020 0fbd0f422e926816 70776cdd9bb3b7d4 abf90e759d208468 796888cc3443006c 73391e0853c1e040 387e9cd2e5d4ea7d 316382267dcd804f 01020d1b0821f4c7 5b34da30b93eb123 d35e11d3d1ab3c67 b3ad55963554f220 63d95d5977c2fe98 26fc2a95df5659c2 33856365c271aea4 898a4921ab9f4cce 0d0368139e9a647f 3ca7964973437917 b749972436ac9791 ffc688c4c1c2a068 5b16bae6a0de7c88 a9eef13786610446 430feb4826a5632e 4522ad78bf79f0c9 46b99f864d6a075a 29bedd00fb2be056 c08c3765ac609cc0 e14a893f1918277e
119,b749972436ac9791 ffc688c4c1c2a068 a9eef13786610446 c08c3765ac609cc0 29bedd00fb2be056 4d417b203b333363 44d324ebd3e22ad7 e14a893f1918277e 0eafda717681bbdc e7cad3748e50b0f8 65fac1ba1840000f 2a06f5614060e3b6 005666aa098abe8e bb7515be835dea49 6d80d2e62d01f6bc 65254e0d209fd66e 54f55c74d37db3c0 f46601a9955f9949 74e59c5820900b17 3b6d27775fce1c7b 70776cdd9bb3b7d4 a65e30106ea50423 db7342eff9200020 5b34da30b93eb123 d35e11d3d1ab3c67 0d0368139e9a647f f705b637f624147e a5f55580081236f4 00140806971e7a73 b760ebc5f25788d3
120,cc507a0d6fcf4a1c b05b5f6850cfa158 a813c15b46ceaf68 9a0f5ee4f845c9b2 27bc34b9887bec0d 4d7653ea9499eed4 daa257a37227cd72 72c2a95813ea72bd 8faeacf8ca08f62d 8fc68213b63951dc d3c4a7db726191e0 e878efab7c37179e 20d283a232dfd13c bd713b37b67866c3 b29ab87af6ea6310 eec6b281e236b500 e22c35101e190db9 4d32dae7b43c489a 095bb1b6ecbd0a50 81b639b74256b45b 2e031d83339759b2 03ed286136d7b3cf b24820ae14e16a24 a2805ed52b47b8ec e25a1da6ca187350 42bb83d7c4b9ecae 1f4f62844c3cb99c e461837f0fb35048 d63b7f083330247f 16b11706660177ff
121,680bb5c5c3bb6ee1 59c231f8fd21260c da7d3c2d591c4295 351c9da399c2b915 a2805ed52b47b8ec 238de368bb05c0ec 0683b6a78f54be75 4491016efed845f1 e5fb8dc5c9cb4a19 0add47a043c64d7f 050544c040f46152 e25a1da6ca187350 83f8f2fc471cad74 5c8c6d9a1fd4c1e0 43b3338423d7386c 955e465ce0788ea6 01e5a6edcee7deb0 f29eee8054c061e1 172bc0ee09332ae9 8a5635c748344d47 b6cdb608f640e038 42bb83d7c4b9ecae d72363ddd958d906 4577ae048ef1967d b26d8664feb18c8c 34a62e66e05f9a44 419b5dc40744fb9b e8684734f2e587bd c96049ed915ced0a 9269d2b0d877352d
122,4f2fffd7528de786 48cf88c17ff38c5e ca4de5b8a7bda9df 4dba7ce835494a63 e8684734f2e587bd 3b6d27775fce1c7b a2c35fdf07a13286 62431fd374eb99fb b1dcaca98bb76736 8faeacf8ca08f62d 033d905aec273595 c36c2dce0e6e434f c1f2e3a76d388944 f209d29f991432f0 587e0b2a4811fab1 a2805ed52b47b8ec 702d8f1064ab3e30 3986b68500d7704b c31a456b544a40a8 3fa57d488e979d74 ff88049e61f0f4ef e0269da736ddf004 e25a1da6ca187350 c28bc62802b90f82 bd713b37b67866c3 fd30682593995748 2a06f5614060e3b6 39f6296778264878 f58ff7f1a6cde683 b24820ae14e16a24
123,e8684734f2e587bd 4f2fffd7528de786 48cf88c17ff38c5e ca4de5b8a7bda9df 4dba7ce835494a63 3b6d27775fce1c7b a2c35fdf07a13286 62431fd374eb99fb b1dcaca98bb76736 8faeacf8ca08f62d 033d905aec273595 c36c2dce0e6e434f c1f2e3a76d388944 f209d29f991432f0 587e0b2a4811fab1 99e833818ec4bbf2 a2805ed52b47b8ec 48f93f9c2c699e19 5867d40811c0229f 3986b68500d7704b 0bcaac840d5e66d7 702d8f1064ab3e30 3fa57d488e979d74 ff88049e61f0f4ef e0269da736ddf004 bd713b37b67866c3 fd30682593995748 2a06f5614060e3b6 e25a1da6ca187350 c28bc62802b90f82
124,2e44fbb8bc3d8d71 fc8971756f9ec194 2dd12c230ab22555 00af886180e9eaec 37001ade0df85823 9a439fd1abf95245 b78189788d563693 2bafd15871caae91 b6cdb608f640e038 4491016efed845f1 050544c040f46152 c03b11a0cdc3fa39 f28fb3d9880c5d4c e25a1da6ca187350 83f8f2fc471cad74 5c8c6d9a1fd4c1e0 955e465ce0788ea6 43b3338423d7386c 01e5a6edcee7deb0 a1314cd417504572 22e8d6734e4121ae 172bc0ee09332ae9 b8e2f75014710ced 8a5635c748344d47 42bb83d7c4b9ecae 4577ae048ef1967d b26d8664feb18c8c 34a62e66e05f9a44 059bbdbdb843af6a 419b5dc40744fb9b
125,48a76e3aff69d605 95166957b2c38794 72b80b099fd64ec4 5867d40811c0229f 52370bea1acd0600 4d7653ea9499eed4 9a0f5ee4f845c9b2 0bcaac840d5e66d7 c28bc62802b90f82 702d8f1064ab3e30 3986b68500d7704b 47fbe21f5c35c7b4 ff88049e61f0f4ef e0269da736ddf004 bd713b37b67866c3 fd30682593995748 2a06f5614060e3b6 39f6296778264878 e25a1da6ca187350 c31a456b544a40a8 3fa57d488e979d74 734dabb98795c35c 942a7d26d81c841f bd0f175ee98c613e ae94d8435a6847f4 b6d0f83aad4e4dc7 b24820ae14e16a24 622f2e4119882c94 4b8c7061102517ef cea18be9a89d7a81
126,45bd99d5d2eef776 3c565c1fc2316d16 4f2fffd7528de786 48cf88c17ff38c5e ca4de5b8a7bda9df 4dba7ce835494a63 4d9214c0925e5af8 3b6d27775fce1c7b a2c35fdf07a13286 9c9a9d45c2ea7ddf 26140b225c4f8d3f 0bcaac840d5e66d7 c28bc62802b90f82 702d8f1064ab3e30 3986b68500d7704b c31a456b544a40a8 e25a1da6ca187350 ff88049e61f0f4ef e0269da736ddf004 39f6296778264878 2a06f5614060e3b6 bd713b37b67866c3 fd30682593995748 3fa57d488e979d74 ae94d8435a6847f4 b6d0f83aad4e4dc7 b24820ae14e16a24 622f2e4119882c94 4b8c7061102517ef af8e70f978cd5aee
127,013030fd7d29bf3d 6ae470a7c9ec20fd 734dabb98795c35c 39075e303166355e fd57e641d06ebda7 60a070db9f1869b5 4535ce2e3dced00f 4483bbdd3241f11a 5b16bae6a0de7c88 65254e0d209fd66e d92c0298f76ccf77 4d9214c0925e5af8 016da874bd04df55 b84b6c0b2e4d0306 f48d0fbea7dc2782 5c4b7558c942a224 50cb6a6c60ad711a b69ce8b8154645f8 3e8e56f639a5db5b d5952b2e031c4e7e b6d0f83aad4e4dc7 fd30682593995748 bd713b37b67866c3 b24820ae14e16a24 e0269da736ddf004 ff88049e61f0f4ef 622f2e4119882c94 4b8c7061102517ef 3fa57d488e979d74 3986b68500d7704b
128,a017f3358d5327aa f2b5098ac9c92da9 12af6a34778710db 6ae470a7c9ec20fd 0bcaac840d5e66d7 0897dcfae16e280f 0fbd0f422e926816 29bedd00fb2be056 6c017e548aa138f2 5c8c6d9a1fd4c1e0 c08c3765ac609cc0 e14a893f1918277e 0eafda717681bbdc 316382267dcd804f 01020d1b0821f4c7 622f2e4119882c94 e7cad3748e50b0f8 5b34da30b93eb123 b3ad55963554f220 63d95d5977c2fe98 2a06f5614060e3b6 65fac1ba1840000f 24e582daf6f87158 bb7515be835dea49 0772e3ab293a1f30 33856365c271aea4 6d80d2e62d01f6bc 54f55c74d37db3c0 d46598813fb437e5 f705b637f624147e
129,e8684734f2e587bd 3b6d27775fce1c7b 64907c4568244eb4 8b7c486a910dd004 4f915ad69e1dca36 f76f44d372517a9a 9a0f5ee4f845c9b2 4d7653ea9499eed4 27bc34b9887bec0d 72c2a95813ea72bd a813c15b46ceaf68 daa257a37227cd72 095bb1b6ecbd0a50 eec6b281e236b500 d3c4a7db726191e0 20d283a232dfd13c e878efab7c37179e 4d32dae7b43c489a 8fc68213b63951dc b29ab87af6ea6310 e22c35101e190db9 bd713b37b67866c3 81b639b74256b45b b24820ae14e16a24 c14d5b16840d3032 e25a1da6ca187350 1f4f62844c3cb99c 16b11706660177ff ec4ef2f727e7a03f 5c8c6d9a1fd4c1e0
130,8dc313a2cf9da354 00958a140c3a6de8 b50b4e27b03c7b37 b78189788d563693 fab14d178b24a67f b0bfe0f426275870 de35d2410e916471 047769588be1aea9 bc27d5dc9bab1c18 ae94d8435a6847f4 c5830f9d0f1e29e5 0e45c4c185f35df6 4a5ac473c9d176ba 73f770f2643a2135 d7d937303a6d5a9d 8f578001f9d5f543 853e36b1550c6274 acae1d29289b1266 58654e3143c6550b 46315cf30aaee51c fc21db75b354a917 0688c790d5806540 65d44c6393907290 4d417b203b333363 f29eee8054c061e1 65708d542bd01f39 54f55c74d37db3c0 e740c80fce094788 828f5dfbbf1272ee 016da874bd04df55
131,acf5cb026b3c4551 4d9214c0925e5af8 c1f2e3a76d388944 f209d29f991432f0 1efd7bd8a34a1359 393f49286db04aeb 5b4c879fc9c316fb a84cd36608cb8665 9f4e0d572b1f4e6c 451e7ba901ad661d f46601a9955f9949 522bd6887960c25d feddfcf56818968e a04d6febd82a4389 6a3919ad9ed8197e 64267373570e4ea3 538c7bb968b2154c 09bbaa171c20bae3 27a12f29dceccdbd 5879096a38d69fc5 aa0789b403bcd839 6ae470a7c9ec20fd 316382267dcd804f d72363ddd958d906 7e4a4a1300b77a06 8dc313a2cf9da354 0f33ce8d8014f308 18b1d2d84c97a364 39f6296778264878 bd0f175ee98c613e
132,18ced18aee04c48e 4f915ad69e1dca36 e8684734f2e587bd 734dabb98795c35c 892074f7c1ef5d5e 2e2904c5373734ae 6a3919ad9ed8197e 6aefb6531736648a c1f2e3a76d388944 f209d29f991432f0 393f49286db04aeb c143c095983a65c2 aa967ad3c1f65a29 9f4e0d572b1f4e6c 10ad13170242ecae f46601a9955f9949 feddfcf56818968e a04d6febd82a4389 8700059e85433b32 09bbaa171c20bae3 5879096a38d69fc5 d72363ddd958d906 522bd6887960c25d 0c2eeab1e4ce1db8 4b8c7061102517ef 00d9eb862ba3dfc6 5ebb4d2f5f1c1f13 98dbd15aa33ebc18 19b4014943e0ad92 62431fd374eb99fb
133,b78189788d563693 047769588be1aea9 8f578001f9d5f543 d7d937303a6d5a9d 853e36b1550c6274 46315cf30aaee51c fc21db75b354a917 0688c790d5806540 016da874bd04df55 9c9a9d45c2ea7ddf 74244a8703c03720 428f9363fa35882d ae94d8435a6847f4 bbbd5d2fd957e8f7 4483bbdd3241f11a 73f770f2643a2135 74873b42602d8958 4d29c6922b2d0d56 acae1d29289b1266 b50b4e27b03c7b37 fab14d178b24a67f 65d44c6393907290 4d417b203b333363 19b4014943e0ad92 cc861214a89ef1f4 354d7a327bbcc152 54f55c74d37db3c0 6cb9ab508a0678a0 5bf89d11a25121d9 7d83ffe83f61bdc4
134,a853f13216170123 50cb6a6c60ad711a 1d0f5fdc58e3efb5 3ca7964973437917 1c3b74a02a86467d 5867d40811c0229f 52370bea1acd0600 9a0f5ee4f845c9b2 0bcaac840d5e66d7 c28bc62802b90f82 702d8f1064ab3e30 3986b68500d7704b 3fa57d488e979d74 ff88049e61f0f4ef e0269da736ddf004 bd713b37b67866c3 fd30682593995748 2a06f5614060e3b6 39f6296778264878 e25a1da6ca187350 4d7653ea9499eed4 734dabb98795c35c 942a7d26d81c841f bd0f175ee98c613e ae94d8435a6847f4 b6d0f83aad4e4dc7 b24820ae14e16a24 622f2e4119882c94 4b8c7061102517ef 47fbe21f5c35c7b4
135,393f49286db04aeb 1efd7bd8a34a1359 c1f2e3a76d388944 8d58da0e1800dc96 a04d6febd82a4389 522bd6887960c25d 5b4c879fc9c316fb 09bbaa171c20bae3 5879096a38d69fc5 538c7bb968b2154c 9f4e0d572b1f4e6c f209d29f991432f0 f46601a9955f9949 acae1d29289b1266 feddfcf56818968e 65708d542bd01f39 c015590d6a6fe833 6a3919ad9ed8197e 40583079f57235a6 aa0789b403bcd839 6ae470a7c9ec20fd 24e582daf6f87158 42bb83d7c4b9ecae 5fb2d8e734956af0 1f4f62844c3cb99c e1460af4a7044067 db7342eff9200020 025a148c3a53bd9f 00e1e2eb13f650e4 db69d4cbfef8d22f
136,d0f6c00eec5eb973 a65e30106ea50423 999a52f1d301247c 4c3802a1bd3c842e ffa9091747ae2466 6204e398d8c7f888 4d9214c0925e5af8 2e4b00c01d58e79e 0a79fabc6f5d93c9 a813c15b46ceaf68 4d7653ea9499eed4 9a0f5ee4f845c9b2 72c2a95813ea72bd daa257a37227cd72 27bc34b9887bec0d 9269d2b0d877352d 00e1e2eb13f650e4 702d8f1064ab3e30 4d32dae7b43c489a b29ab87af6ea6310 bd713b37b67866c3 8fc68213b63951dc 81b639b74256b45b 20d283a232dfd13c d3c4a7db726191e0 e878efab7c37179e eec6b281e236b500 e22c35101e190db9 095bb1b6ecbd0a50 b24820ae14e16a24
137,e6a29676c096f8e8 636224e349e561bf 5c4b7558c942a224 48a76e3aff69d605 95166957b2c38794 72b80b099fd64ec4 b1e47da7659b675c 628accd9be98503c 36d33c41812ce7dc d46598813fb437e5 a5f55580081236f4 2820628e65a062e2 b760ebc5f25788d3 0a49074a4158155b ecb768ef6fd223ca 7cea1f637ea3f37d 6461a9faa871b3ac 2e031d83339759b2 bf973f9ec3600199 c49d8f84a4f87f8a 1a8e5d6512d9e2d8 f54ad8d1eb18212e 155600e5f1221f8c 976baf0e84752a68 190ab585fd379f0f aa967ad3c1f65a29 0c2eeab1e4ce1db8 4b8c7061102517ef 5ebb4d2f5f1c1f13 98dbd15aa33ebc18
138,b749972436ac9791 ffc688c4c1c2a068 a9eef13786610446 29bedd00fb2be056 c08c3765ac609cc0 e14a893f1918277e 0eafda717681bbdc e7cad3748e50b0f8 65fac1ba1840000f 2a06f5614060e3b6 bb7515be835dea49 6d80d2e62d01f6bc 4d417b203b333363 44d324ebd3e22ad7 54f55c74d37db3c0 f46601a9955f9949 74e59c5820900b17 005666aa098abe8e 65254e0d209fd66e 39f6296778264878 fd30682593995748 bd713b37b67866c3 e0269da736ddf004 ff88049e61f0f4ef e25a1da6ca187350 3fa57d488e979d74 b6d0f83aad4e4dc7 622f2e4119882c94 4b8c7061102517ef af8e70f978cd5aee
139,19b4014943e0ad92 25145708d494530b 96e82fa141db9a4b e4a7a996ed6a5a81 5570ef88d970e9b4 6a9aa1bd93e36e66 9f3d2ca16f358290 ce2fe99a7cda4a17 133b04350c75770b 6406fcdb7d87b5dc 03ed286136d7b3cf f29eee8054c061e1 1d72229ebcc00faf d216e5458ad70e60 e740c80fce094788 069e7e25e43deab3 2e2904c5373734ae ba5199dba342af68 1398b478b71773ed 01ecc81f6341e902 0c2eeab1e4ce1db8 4b8c7061102517ef 5ebb4d2f5f1c1f13 a0b1f4dd32f3e278 98dbd15aa33ebc18 5867d40811c0229f b1dcaca98bb76736 62431fd374eb99fb 8faeacf8ca08f62d 033d905aec273595
140,ce0f56b7190c268a a2c35fdf07a13286 fa173131f15f5534 9b2adcf4041227d7 b05b5f6850cfa158 9113e9dc940fb287 3e66b4855d0dddbe 4d29c6922b2d0d56 680bb5c5c3bb6ee1 bee46c54461925d0 74e59c5820900b17 a853f13216170123 bf973f9ec3600199 8dedff0a79784abc b6e646c13d0753ae c015590d6a6fe833 e8ad5e31484ef889 1398b478b71773ed 07be6a290720707d 5867d40811c0229f 5ebb4d2f5f1c1f13 9c9a9d45c2ea7ddf 45bd99d5d2eef776 447fc00f40d71d08 5fb2d8e734956af0 cea18be9a89d7a81 bbbd5d2fd957e8f7 47fbe21f5c35c7b4 52370bea1acd0600 4d7653ea9499eed4
141,72403ecdfe02bba6 05f23e7d05dbf7c2 4c3802a1bd3c842e 0fbd0f422e926816 70776cdd9bb3b7d4 abf90e759d208468 796888cc3443006c 73391e0853c1e040 387e9cd2e5d4ea7d db7342eff9200020 316382267dcd804f 01020d1b0821f4c7 5b34da30b93eb123 d35e11d3d1ab3c67 b3ad55963554f220 63d95d5977c2fe98 26fc2a95df5659c2 33856365c271aea4 0d0368139e9a647f 5b16bae6a0de7c88 430feb4826a5632e 4522ad78bf79f0c9 46b99f864d6a075a b1dcaca98bb76736 62431fd374eb99fb f2234bb7ce0c6f59 8faeacf8ca08f62d 033d905aec273595 c36c2dce0e6e434f c1f2e3a76d388944
142,b78189788d563693 73f770f2643a2135 ff88049e61f0f4ef 853e36b1550c6274 4c3802a1bd3c842e 7e4a4a1300b77a06 fc21db75b354a917 04fda7c9d8971ec0 f76f44d372517a9a 9a0f5ee4f845c9b2 4d7653ea9499eed4 a813c15b46ceaf68 72c2a95813ea72bd daa257a37227cd72 27bc34b9887bec0d 8faeacf8ca08f62d eec6b281e236b500 bd713b37b67866c3 81b639b74256b45b 20d283a232dfd13c e22c35101e190db9 b29ab87af6ea6310 8fc68213b63951dc d3c4a7db726191e0 4d32dae7b43c489a e878efab7c37179e 095bb1b6ecbd0a50 b24820ae14e16a24 a2805ed52b47b8ec ae94d8435a6847f4
143,796888cc3443006c 387e9cd2e5d4ea7d 33856365c271aea4 db7342eff9200020 0772e3ab293a1f30 316382267dcd804f 430feb4826a5632e 05f23e7d05dbf7c2 72403ecdfe02bba6 0fbd0f422e926816 09660f466b38b7ba 0db6584e3bdfa1c4 16b11706660177ff 70776cdd9bb3b7d4 40583079f57235a6 4beacc71024f8b08 57113c2a4cacd961 abf90e759d208468 73391e0853c1e040 8d58da0e1800dc96 01020d1b0821f4c7 5b34da30b93eb123 d35e11d3d1ab3c67 b3ad55963554f220 63d95d5977c2fe98 942a7d26d81c841f 4d9214c0925e5af8 26fc2a95df5659c2 5fb2d8e734956af0 1f4f62844c3cb99c
144,36d33c41812ce7dc 2820628e65a062e2 ecb768ef6fd223ca 7cea1f637ea3f37d 6461a9faa871b3ac 6ae470a7c9ec20fd 1a8e5d6512d9e2d8 155600e5f1221f8c 976baf0e84752a68 190ab585fd379f0f b50b4e27b03c7b37 8dc313a2cf9da354 853e36b1550c6274 4c3802a1bd3c842e 7e4a4a1300b77a06 fc21db75b354a917 00958a140c3a6de8 b78189788d563693 c606425856952286 a14394322cf7043d f76f44d372517a9a 9a0f5ee4f845c9b2 4d7653ea9499eed4 72c2a95813ea72bd daa257a37227cd72 a813c15b46ceaf68 27bc34b9887bec0d 27a12f29dceccdbd bc27d5dc9bab1c18 8fc68213b63951dc
145,d257d1fbcf43abd5 26140b225c4f8d3f 42a5cae2a3a45557 999a52f1d301247c a65e30106ea50423 d72363ddd958d906 99e833818ec4bbf2 48f93f9c2c699e19 6a3919ad9ed8197e 0c2eeab1e4ce1db8 d1e21234d7cc61d2 4b8c7061102517ef e740c80fce094788 1d0f5fdc58e3efb5 5ebb4d2f5f1c1f13 98dbd15aa33ebc18 19b4014943e0ad92 5867d40811c0229f ff88049e61f0f4ef 3fa57d488e979d74 e0269da736ddf004 bd713b37b67866c3 2a06f5614060e3b6 39f6296778264878 e25a1da6ca187350 c31a456b544a40a8 fd30682593995748 b6d0f83aad4e4dc7 622f2e4119882c94 af8e70f978cd5aee
146,42a5cae2a3a45557 3fa57d488e979d74 35488b3b8b781278 1ba7a50457e93996 d257d1fbcf43abd5 26140b225c4f8d3f 49b5678e0d1e5bcd a65e30106ea50423 ddf332f2b55a2a23 e8b87ed7db1bcb1f 1dc7139adba034ec 6a3919ad9ed8197e 2359719a0f40ffac 0683b6a78f54be75 d92c0298f76ccf77 09bbaa171c20bae3 bbbd5d2fd957e8f7 2b48ab08c915c0ad f46601a9955f9949 5430097e23000368 ee3ed9a3f51336cd 9c9a9d45c2ea7ddf db0e648651f4c92b a04d6febd82a4389 ecb768ef6fd223ca 5d26da95786b3a3a 64907c4568244eb4 999a52f1d301247c 6461a9faa871b3ac 9fbffc521da97c54
147,ae94d8435a6847f4 0e45c4c185f35df6 e6a29676c096f8e8 a860b682add9de1c f105a53e5cfae611 48a76e3aff69d605 95166957b2c38794 8dedff0a79784abc b6e72edcad270be0 81bd116c786bf9ae 4beacc71024f8b08 a0566ca9daca7778 404031ab9d5977c4 fd30682593995748 bd713b37b67866c3 2a06f5614060e3b6 e0269da736ddf004 ff88049e61f0f4ef 39f6296778264878 3fa57d488e979d74 3986b68500d7704b 702d8f1064ab3e30 e25a1da6ca187350 c28bc62802b90f82 0bcaac840d5e66d7 9a0f5ee4f845c9b2 bd0f175ee98c613e b6d0f83aad4e4dc7 b24820ae14e16a24 622f2e4119882c94
148,10ad13170242ecae 4a5ac473c9d176ba e7dd56376be2cf1c 47fbe21f5c35c7b4 52370bea1acd0600 4d7653ea9499eed4 9a0f5ee4f845c9b2 0bcaac840d5e66d7 c28bc62802b90f82 702d8f1064ab3e30 3986b68500d7704b bbbd5d2fd957e8f7 ff88049e61f0f4ef e0269da736ddf004 bd713b37b67866c3 fd30682593995748 2a06f5614060e3b6 39f6296778264878 059bbdbdb843af6a 3fa57d488e979d74 0708923badf2ff5d 734dabb98795c35c 942a7d26d81c841f bd0f175ee98c613e ae94d8435a6847f4 b6d0f83aad4e4dc7 b24820ae14e16a24 622f2e4119882c94 e25a1da6ca187350 af8e70f978cd5aee
149,3734d3b0b9232538 a2805ed52b47b8ec 00958a140c3a6de8 db0e648651f4c92b 42bb83d7c4b9ecae d63b7f083330247f d16da1fb61813db9 97d696011258825c 419b5dc40744fb9b cc0c9419f8a20603 6899956cd6c683f0 49b5678e0d1e5bcd a0b1f4dd32f3e278 0c15f252d30646fc fa173131f15f5534 ba5199dba342af68 b05b5f6850cfa158 9113e9dc940fb287 0220a434aa8bf029 eff60ceea8817dad 62431fd374eb99fb b1dcaca98bb76736 8faeacf8ca08f62d 033d905aec273595 c36c2dce0e6e434f c1f2e3a76d388944 f209d29f991432f0 587e0b2a4811fab1 5867d40811c0229f 4d7653ea9499eed4
150,a2c35fdf07a13286 3b6d27775fce1c7b d0f6c00eec5eb973 62431fd374eb99fb b1dcaca98bb76736 8faeacf8ca08f62d 033d905aec273595 c36c2dce0e6e434f c1f2e3a76d388944 f209d29f991432f0 587e0b2a4811fab1 a2805ed52b47b8ec ff88049e61f0f4ef e0269da736ddf004 52370bea1acd0600 3fa57d488e979d74 bd713b37b67866c3 3986b68500d7704b fd30682593995748 702d8f1064ab3e30 c28bc62802b90f82 0bcaac840d5e66d7 9a0f5ee4f845c9b2 4d7653ea9499eed4 2a06f5614060e3b6 39f6296778264878 942a7d26d81c841f bd0f175ee98c613e ae94d8435a6847f4 b6d0f83aad4e4dc7
151,c49d8f84a4f87f8a 9fda36f260eec24e 00d9eb862ba3dfc6 18ced18aee04c48e 734dabb98795c35c 99e833818ec4bbf2 2e2904c5373734ae d92c0298f76ccf77 4d9214c0925e5af8 48f93f9c2c699e19 016da874bd04df55 b84b6c0b2e4d0306 f48d0fbea7dc2782 5c4b7558c942a224 50cb6a6c60ad711a b69ce8b8154645f8 3e8e56f639a5db5b d5952b2e031c4e7e 0bcaac840d5e66d7 c28bc62802b90f82 b24820ae14e16a24 702d8f1064ab3e30 b6d0f83aad4e4dc7 3986b68500d7704b 9a0f5ee4f845c9b2 3fa57d488e979d74 ff88049e61f0f4ef e0269da736ddf004 bd713b37b67866c3 fd30682593995748
152,a2805ed52b47b8ec 66ccd03c9e03ac06 5c8c6d9a1fd4c1e0 7c98dedd223b36c0 351c9da399c2b915 8faeacf8ca08f62d b1dcaca98bb76736 62431fd374eb99fb 60a070db9f1869b5 81b7c7e312bfa1a0 c36c2dce0e6e434f af41e2b6da3e7e02 95ecdbff44ad0b60 c1f2e3a76d388944 f76f44d372517a9a 587e0b2a4811fab1 a813c15b46ceaf68 daa257a37227cd72 27bc34b9887bec0d 4d7653ea9499eed4 9a0f5ee4f845c9b2 72c2a95813ea72bd 855f2f0354e102c7 07f22a7ad7e4711d 095bb1b6ecbd0a50 20d283a232dfd13c 81b639b74256b45b e22c35101e190db9 4d32dae7b43c489a eec6b281e236b500
153,1f4f62844c3cb99c a52df8083c238c46 16b11706660177ff 57113c2a4cacd961 8d58da0e1800dc96 5fb2d8e734956af0 db7342eff9200020 025a148c3a53bd9f f76f44d372517a9a daa257a37227cd72 a813c15b46ceaf68 72c2a95813ea72bd 4d7653ea9499eed4 9a0f5ee4f845c9b2 27bc34b9887bec0d acae1d29289b1266 197fa50b30d91fe8 20d283a232dfd13c 095bb1b6ecbd0a50 d3c4a7db726191e0 8fc68213b63951dc 4d32dae7b43c489a 81b639b74256b45b bd713b37b67866c3 e22c35101e190db9 b29ab87af6ea6310 e878efab7c37179e eec6b281e236b500 b24820ae14e16a24 0451447dd64f6284
154,0bcaac840d5e66d7 0897dcfae16e280f ddf332f2b55a2a23 1dc7139adba034ec 6a3919ad9ed8197e 09bbaa171c20bae3 d92c0298f76ccf77 4d9214c0925e5af8 5d26da95786b3a3a 5867d40811c0229f 9fbffc521da97c54 016da874bd04df55 b84b6c0b2e4d0306 8699cc5dd4159b69 f48d0fbea7dc2782 5c4b7558c942a224 50cb6a6c60ad711a b69ce8b8154645f8 3e8e56f639a5db5b d5952b2e031c4e7e 52370bea1acd0600 9a0f5ee4f845c9b2 c28bc62802b90f82 b6cdb608f640e038 702d8f1064ab3e30 3986b68500d7704b 3fa57d488e979d74 ff88049e61f0f4ef e0269da736ddf004 bd713b37b67866c3
155,db7342eff9200020 8d58da0e1800dc96 5fb2d8e734956af0 1f4f62844c3cb99c 025a148c3a53bd9f ffc688c4c1c2a068 b749972436ac9791 c08c3765ac609cc0 a52df8083c238c46 a9eef13786610446 acae1d29289b1266 197fa50b30d91fe8 0451447dd64f6284 40583079f57235a6 4d417b203b333363 49224aca40e6e5e3 44d324ebd3e22ad7 2901e5309bb3f8f6 cc861214a89ef1f4 0772e3ab293a1f30 f46601a9955f9949 7b81f1f2b6ec2e5f 005666aa098abe8e 5a1149fbcbd37376 65254e0d209fd66e 70776cdd9bb3b7d4 29bedd00fb2be056 e14a893f1918277e 0eafda717681bbdc 5b34da30b93eb123
156,e8b87ed7db1bcb1f 2359719a0f40ffac 419b5dc40744fb9b 3e8e56f639a5db5b 6899956cd6c683f0 4bed80e56ea2e099 f46601a9955f9949 9c9a9d45c2ea7ddf 999a52f1d301247c b69ce8b8154645f8 05e4165a56bf50eb 0772e3ab293a1f30 ced9c56f2be86774 eff60ceea8817dad 9113e9dc940fb287 e7828f0ea9749505 e8684734f2e587bd 26140b225c4f8d3f c143c095983a65c2 919b1679fffa7ef1 62431fd374eb99fb b1dcaca98bb76736 24e582daf6f87158 42bb83d7c4b9ecae e1460af4a7044067 033d905aec273595 c1f2e3a76d388944 95ecdbff44ad0b60 855f2f0354e102c7 07f22a7ad7e4711d
157,aa967ad3c1f65a29 6aefb6531736648a 18ced18aee04c48e c143c095983a65c2 a65e30106ea50423 734dabb98795c35c 2e2904c5373734ae 0c2eeab1e4ce1db8 d1e21234d7cc61d2 4b8c7061102517ef e740c80fce094788 1d0f5fdc58e3efb5 5ebb4d2f5f1c1f13 98dbd15aa33ebc18 62431fd374eb99fb b1dcaca98bb76736 8faeacf8ca08f62d 033d905aec273595 c36c2dce0e6e434f c1f2e3a76d388944 f209d29f991432f0 587e0b2a4811fab1 a2805ed52b47b8ec 3986b68500d7704b c28bc62802b90f82 3fa57d488e979d74 ff88049e61f0f4ef e0269da736ddf004 bd713b37b67866c3 fd30682593995748
158,6aefb6531736648a c143c095983a65c2 aa967ad3c1f65a29 734dabb98795c35c 4535ce2e3dced00f af8e70f978cd5aee 892074f7c1ef5d5e 1dc7139adba034ec 18ced18aee04c48e 6a3919ad9ed8197e f2b5098ac9c92da9 10ad13170242ecae 64267373570e4ea3 d72363ddd958d906 3d6880bd12f6613f 28403e62105b00f6 2e2904c5373734ae 0b0021aa60d05daa 8e83d05923cde390 e8684734f2e587bd 0079f3c74309b582 9b2adcf4041227d7 52aa48c07b34dc88 7f29daa16b9b4cda a1314cd417504572 b8e2f75014710ced 05e4165a56bf50eb 455fde214d16d350 919b1679fffa7ef1 95d25d38ba7df9c7
159,a65e30106ea50423 622f2e4119882c94 64b31699d7d15934 fb2ebcb5335ad2e2 bed3e73d52011f68 702d8f1064ab3e30 d3c4a7db726191e0 b29ab87af6ea6310 4d32dae7b43c489a 8fc68213b63951dc e878efab7c37179e e22c35101e190db9 eec6b281e236b500 bd713b37b67866c3 81b639b74256b45b 095bb1b6ecbd0a50 20d283a232dfd13c 8d58da0e1800dc96 576dd429db946393 c606425856952286 a14394322cf7043d d5805cdb9e8f0f48 666bdff4faa513ca 4c3802a1bd3c842e 5fb2d8e734956af0 1f4f62844c3cb99c 6c017e548aa138f2 abf90e759d208468 ec4ef2f727e7a03f 7c98dedd223b36c0
160,3c565c1fc2316d16 a65e30106ea50423 d72363ddd958d906 6a3919ad9ed8197e d1e21234d7cc61d2 e740c80fce094788 1d0f5fdc58e3efb5 19b4014943e0ad92 bd713b37b67866c3 fd30682593995748 e0269da736ddf004 0bcaac840d5e66d7 2a06f5614060e3b6 ff88049e61f0f4ef 3fa57d488e979d74 39f6296778264878 3986b68500d7704b 702d8f1064ab3e30 c28bc62802b90f82 e25a1da6ca187350 c31a456b544a40a8 f58ff7f1a6cde683 bd0f175ee98c613e ae94d8435a6847f4 b6d0f83aad4e4dc7 b24820ae14e16a24 622f2e4119882c94 4b8c7061102517ef af8e70f978cd5aee 5ebb4d2f5f1c1f13
161,8faeacf8ca08f62d 587e0b2a4811fab1 62431fd374eb99fb b1dcaca98bb76736 e8684734f2e587bd 033d905aec273595 c36c2dce0e6e434f 1efd7bd8a34a1359 b9d966ad9e04127a c1f2e3a76d388944 f209d29f991432f0 5b4c879fc9c316fb 5f94b027039f4e48 a2805ed52b47b8ec 522bd6887960c25d 50cb6a6c60ad711a d1e21234d7cc61d2 70ebf53ced736fa4 538c7bb968b2154c d257d1fbcf43abd5 ad06e9eeea8eb4ea aa0789b403bcd839 0451447dd64f6284 3a6e7894dde31c67 9b0e8cf8153e3b33 da011b87595c1019 28a2067685cb3e97 d6bbbd6c4968075a 58654e3143c6550b b6a1c97f19af78d0
162,f28fb3d9880c5d4c 4d29c6922b2d0d56 a1314cd417504572 22e8d6734e4121ae b8e2f75014710ced 059bbdbdb843af6a 2dd12c230ab22555 c03b11a0cdc3fa39 ce0f56b7190c268a 4d7653ea9499eed4 9a0f5ee4f845c9b2 0bcaac840d5e66d7 52370bea1acd0600 c28bc62802b90f82 702d8f1064ab3e30 3986b68500d7704b e25a1da6ca187350 ff88049e61f0f4ef e0269da736ddf004 bd713b37b67866c3 fd30682593995748 2a06f5614060e3b6 39f6296778264878 3fa57d488e979d74 734dabb98795c35c 942a7d26d81c841f bd0f175ee98c613e ae94d8435a6847f4 b6d0f83aad4e4dc7 b24820ae14e16a24
163,1efd7bd8a34a1359 898a4921ab9f4cce 5b4c879fc9c316fb 522bd6887960c25d 538c7bb968b2154c aa0789b403bcd839 6ae470a7c9ec20fd d92c0298f76ccf77 4d9214c0925e5af8 016da874bd04df55 b84b6c0b2e4d0306 99e833818ec4bbf2 f48d0fbea7dc2782 a0b1f4dd32f3e278 5c4b7558c942a224 50cb6a6c60ad711a b69ce8b8154645f8 3e8e56f639a5db5b d5952b2e031c4e7e 62431fd374eb99fb b1dcaca98bb76736 8faeacf8ca08f62d 033d905aec273595 c36c2dce0e6e434f c1f2e3a76d388944 f209d29f991432f0 587e0b2a4811fab1 a2805ed52b47b8ec 00d9eb862ba3dfc6 9a0f5ee4f845c9b2
164,af8e70f978cd5aee 0c2eeab1e4ce1db8 d6ed7e4b14c51296 04886579947a80c2 fab14d178b24a67f cc861214a89ef1f4 354d7a327bbcc152 6cb9ab508a0678a0 22e8d6734e4121ae 4105533fe46dfba9 28a2067685cb3e97 059bbdbdb843af6a 5989fb934598c1a7 22756be6fd061d4c 005666aa098abe8e 0079f3c74309b582 3986b68500d7704b 3fa57d488e979d74 702d8f1064ab3e30 ff88049e61f0f4ef e0269da736ddf004 c28bc62802b90f82 fd30682593995748 2a06f5614060e3b6 39f6296778264878 e25a1da6ca187350 c31a456b544a40a8 bd713b37b67866c3 bd0f175ee98c613e ae94d8435a6847f4
165,33856365c271aea4 796888cc3443006c 01020d1b0821f4c7 387e9cd2e5d4ea7d 9fda36f260eec24e 26fc2a95df5659c2 5879096a38d69fc5 430feb4826a5632e f46601a9955f9949 0db6584e3bdfa1c4 a0566ca9daca7778 8b7c486a910dd004 46b99f864d6a075a abf90e759d208468 0eafda717681bbdc 72403ecdfe02bba6 05f23e7d05dbf7c2 acae1d29289b1266 4522ad78bf79f0c9 4a5ac473c9d176ba d16da1fb61813db9 4d417b203b333363 0fbd0f422e926816 09660f466b38b7ba 680bb5c5c3bb6ee1 40583079f57235a6 16b11706660177ff 3a6e7894dde31c67 942a7d26d81c841f 70776cdd9bb3b7d4
166,576dd429db946393 b3e75fdca5ca2f1a 393f49286db04aeb ae000f9d0b5e104e 24e582daf6f87158 c5830f9d0f1e29e5 74ae9af23a383bf5 feddfcf56818968e 58654e3143c6550b 1f423f368aebf7f3 0708923badf2ff5d 09bbaa171c20bae3 b0e254dd420faee3 204ec91c39d1479d 9c9ebf71707d7a37 0c2eeab1e4ce1db8 4b8c7061102517ef db0e648651f4c92b 5ebb4d2f5f1c1f13 52e459a551d4ac2d 8e0cc5199a0ee659 50ba507a268872e1 98dbd15aa33ebc18 585f4ee09d8fea46 5057551fc55e9ed2 b371170568146b12 37001ade0df85823 5bf89d11a25121d9 f76f44d372517a9a 27bc34b9887bec0d
167,ffc688c4c1c2a068 b749972436ac9791 a9eef13786610446 b6cdb608f640e038 4d417b203b333363 54f55c74d37db3c0 b78189788d563693 29bedd00fb2be056 a14394322cf7043d c606425856952286 c08c3765ac609cc0 27a12f29dceccdbd e14a893f1918277e 0eafda717681bbdc 853e36b1550c6274 316382267dcd804f e7cad3748e50b0f8 46315cf30aaee51c d72363ddd958d906 4c3802a1bd3c842e 7e4a4a1300b77a06 65fac1ba1840000f 2a06f5614060e3b6 fc21db75b354a917 0688c790d5806540 bb7515be835dea49 39075e303166355e c6b615b2589e036d 3d93a60f990a0a7c 6d80d2e62d01f6bc
168,377c1150c781e37a c14d5b16840d3032 62431fd374eb99fb b1dcaca98bb76736 8faeacf8ca08f62d 033d905aec273595 c36c2dce0e6e434f c1f2e3a76d388944 f209d29f991432f0 587e0b2a4811fab1 99e833818ec4bbf2 a2805ed52b47b8ec 48f93f9c2c699e19 9a0f5ee4f845c9b2 0bcaac840d5e66d7 c28bc62802b90f82 702d8f1064ab3e30 2a06f5614060e3b6 3986b68500d7704b fd30682593995748 3fa57d488e979d74 4d7653ea9499eed4 bd713b37b67866c3 e0269da736ddf004 ff88049e61f0f4ef 39f6296778264878 734dabb98795c35c bd0f175ee98c613e ae94d8435a6847f4 b6d0f83aad4e4dc7
169,43c354dbf952caaa 6ae470a7c9ec20fd d72363ddd958d906 4d9214c0925e5af8 6a3919ad9ed8197e 9c9a9d45c2ea7ddf 26140b225c4f8d3f 19b4014943e0ad92 99e833818ec4bbf2 48f93f9c2c699e19 c28bc62802b90f82 702d8f1064ab3e30 3986b68500d7704b 3fa57d488e979d74 ff88049e61f0f4ef e0269da736ddf004 bd713b37b67866c3 fd30682593995748 2a06f5614060e3b6 39f6296778264878 e25a1da6ca187350 c31a456b544a40a8 f58ff7f1a6cde683 ae94d8435a6847f4 b6d0f83aad4e4dc7 b24820ae14e16a24 622f2e4119882c94 4b8c7061102517ef af8e70f978cd5aee 5ebb4d2f5f1c1f13
170,3fa57d488e979d74 e14a893f1918277e 29bedd00fb2be056 e7cad3748e50b0f8 ffc688c4c1c2a068 b749972436ac9791 1ba7a50457e93996 2a06f5614060e3b6 65fac1ba1840000f bb7515be835dea49 35488b3b8b781278 6d80d2e62d01f6bc 6c017e548aa138f2 9c9ebf71707d7a37 c08c3765ac609cc0 a9eef13786610446 0eafda717681bbdc a14394322cf7043d c606425856952286 74e59c5820900b17 622f2e4119882c94 0add47a043c64d7f 27a12f29dceccdbd 46315cf30aaee51c 7c98dedd223b36c0 42a5cae2a3a45557 54f55c74d37db3c0 316382267dcd804f 8d58da0e1800dc96 39075e303166355e
171,03dfe518713e006c e403278468d84383 a982b5c3aed39396 edc79e57b20e9036 34a62e66e05f9a44 f2e30efbd27bee51 f76f44d372517a9a 27bc34b9887bec0d 4d7653ea9499eed4 9a0f5ee4f845c9b2 a813c15b46ceaf68 daa257a37227cd72 72c2a95813ea72bd 4d32dae7b43c489a 8fc68213b63951dc 095bb1b6ecbd0a50 eec6b281e236b500 e878efab7c37179e b29ab87af6ea6310 20d283a232dfd13c bd713b37b67866c3 d3c4a7db726191e0 e22c35101e190db9 81b639b74256b45b 4e966bb2768c2b8a b24820ae14e16a24 e25a1da6ca187350 1f4f62844c3cb99c 16b11706660177ff ec4ef2f727e7a03f
172,10ad13170242ecae 1efd7bd8a34a1359 5b4c879fc9c316fb 522bd6887960c25d ac9ee0c09b538140 3d6880bd12f6613f b26d8664feb18c8c 01b3da54ffb158a0 538c7bb968b2154c aa0789b403bcd839 8d58da0e1800dc96 dea5e9227fbbac29 1dc7139adba034ec 5fb2d8e734956af0 1f4f62844c3cb99c 52aa48c07b34dc88 db7342eff9200020 b69ce8b8154645f8 65708d542bd01f39 c015590d6a6fe833 025a148c3a53bd9f db69d4cbfef8d22f a52df8083c238c46 acae1d29289b1266 197fa50b30d91fe8 4c0eee2c1a5e76e2 0451447dd64f6284 40583079f57235a6 49224aca40e6e5e3 2901e5309bb3f8f6
173,2e031d83339759b2 b6cdb608f640e038 ae94d8435a6847f4 a860b682add9de1c f48d0fbea7dc2782 0e45c4c185f35df6 b69ce8b8154645f8 828f5dfbbf1272ee e6a29676c096f8e8 f105a53e5cfae611 48a76e3aff69d605 95166957b2c38794 8dedff0a79784abc f76f44d372517a9a b6e72edcad270be0 81bd116c786bf9ae 4d7653ea9499eed4 27bc34b9887bec0d a813c15b46ceaf68 9a0f5ee4f845c9b2 72c2a95813ea72bd daa257a37227cd72 4beacc71024f8b08 a0566ca9daca7778 e878efab7c37179e d3c4a7db726191e0 81b639b74256b45b 4d32dae7b43c489a 095bb1b6ecbd0a50 e22c35101e190db9
174,70776cdd9bb3b7d4 c08c3765ac609cc0 db7342eff9200020 5b34da30b93eb123 d35e11d3d1ab3c67 4d417b203b333363 44d324ebd3e22ad7 0d0368139e9a647f f705b637f624147e a5f55580081236f4 00140806971e7a73 b760ebc5f25788d3 72403ecdfe02bba6 05f23e7d05dbf7c2 005666aa098abe8e fc16a50ff0baec53 430feb4826a5632e ffc688c4c1c2a068 b749972436ac9791 877672967d3f70bb 0897dcfae16e280f a9eef13786610446 6aac5e116b75aa22 bf973f9ec3600199 65254e0d209fd66e 5989fb934598c1a7 f2234bb7ce0c6f59 62431fd374eb99fb b1dcaca98bb76736 8faeacf8ca08f62d
175,5d26da95786b3a3a ac9ee0c09b538140 83b911ff0ff45844 18b1d2d84c97a364 055d895a3b26e466 feddfcf56818968e a2805ed52b47b8ec 428f9363fa35882d 47fbe21f5c35c7b4 a9eef13786610446 da904d2a54ff8cf2 6e239f4dd4b6aed7 07be6a290720707d b749972436ac9791 ffc688c4c1c2a068 64267373570e4ea3 e14a893f1918277e f2b5098ac9c92da9 e7cad3748e50b0f8 3d6880bd12f6613f 65fac1ba1840000f 2a06f5614060e3b6 bb7515be835dea49 6d80d2e62d01f6bc 0b0021aa60d05daa 09660f466b38b7ba 0db6584e3bdfa1c4 16b11706660177ff 29bedd00fb2be056 796888cc3443006c
176,6ae470a7c9ec20fd b78189788d563693 36d33c41812ce7dc 2820628e65a062e2 3734d3b0b9232538 ecb768ef6fd223ca 7cea1f637ea3f37d 6461a9faa871b3ac 4d9214c0925e5af8 a9dad59c7055b56c 9f4e0d572b1f4e6c 1a8e5d6512d9e2d8 0451447dd64f6284 155600e5f1221f8c 976baf0e84752a68 9c9a9d45c2ea7ddf 190ab585fd379f0f 96445bec1579ec97 48a76e3aff69d605 cea18be9a89d7a81 486dd77002936dec 047769588be1aea9 447fc00f40d71d08 50cb6a6c60ad711a d1e21234d7cc61d2 7c8324ce28ffb96e 148ac4a56a18844d ae77487a89f2610c 2e79d45ba4d1540d 2e031d83339759b2
177,00140806971e7a73 9f27aa36c1ea793c 70776cdd9bb3b7d4 72403ecdfe02bba6 05f23e7d05dbf7c2 db7342eff9200020 5b34da30b93eb123 d35e11d3d1ab3c67 0d0368139e9a647f 430feb4826a5632e 0fbd0f422e926816 c08c3765ac609cc0 abf90e759d208468 796888cc3443006c 73391e0853c1e040 387e9cd2e5d4ea7d 316382267dcd804f 4d417b203b333363 44d324ebd3e22ad7 01020d1b0821f4c7 f2234bb7ce0c6f59 b3ad55963554f220 63d95d5977c2fe98 f705b637f624147e a5f55580081236f4 b760ebc5f25788d3 26fc2a95df5659c2 33856365c271aea4 005666aa098abe8e fc16a50ff0baec53
178,781aaf62a955e4e8 1c3b74a02a86467d a76ffccd2f5df1a7 3ca7964973437917 bd9cd6b87a4fe0ce 8e0760918e88e4a9 da7d3c2d591c4295 1a8e5d6512d9e2d8 2e031d83339759b2 155600e5f1221f8c 4b05967001421eab 6cb9ab508a0678a0 c5830f9d0f1e29e5 486dd77002936dec 0e45c4c185f35df6 7f29daa16b9b4cda 4a5ac473c9d176ba 65254e0d209fd66e cc2cc23a98c14c33 58654e3143c6550b 765c0695339c3abe 128d583954b18074 f29eee8054c061e1 65708d542bd01f39 e740c80fce094788 828f5dfbbf1272ee 964a50d33717c26d f76f44d372517a9a 72c2a95813ea72bd daa257a37227cd72
179,238ec735a13a3f09 26140b225c4f8d3f 0c2eeab1e4ce1db8 4b8c7061102517ef 99e833818ec4bbf2 5ebb4d2f5f1c1f13 98dbd15aa33ebc18 9a0f5ee4f845c9b2 0bcaac840d5e66d7 c28bc62802b90f82 702d8f1064ab3e30 39f6296778264878 3986b68500d7704b 3fa57d488e979d74 4d7653ea9499eed4 ff88049e61f0f4ef e0269da736ddf004 bd713b37b67866c3 fd30682593995748 2a06f5614060e3b6 e25a1da6ca187350 0708923badf2ff5d 734dabb98795c35c 942a7d26d81c841f bd0f175ee98c613e ae94d8435a6847f4 b6d0f83aad4e4dc7 b24820ae14e16a24 622f2e4119882c94 47fbe21f5c35c7b4
180,3b6d27775fce1c7b 2e031d83339759b2 62431fd374eb99fb b1dcaca98bb76736 8faeacf8ca08f62d 033d905aec273595 c36c2dce0e6e434f c1f2e3a76d388944 f209d29f991432f0 587e0b2a4811fab1 a2805ed52b47b8ec 4d7653ea9499eed4 9a0f5ee4f845c9b2 0bcaac840d5e66d7 c28bc62802b90f82 702d8f1064ab3e30 3986b68500d7704b 52370bea1acd0600 ff88049e61f0f4ef e0269da736ddf004 bd713b37b67866c3 fd30682593995748 2a06f5614060e3b6 39f6296778264878 3fa57d488e979d74 0708923badf2ff5d 942a7d26d81c841f bd0f175ee98c613e ae94d8435a6847f4 b6d0f83aad4e4dc7
181,95ecdbff44ad0b60 bed3e73d52011f68 fb2ebcb5335ad2e2 64b31699d7d15934 0c2eeab1e4ce1db8 702d8f1064ab3e30 20d283a232dfd13c d3c4a7db726191e0 bd713b37b67866c3 8fc68213b63951dc e878efab7c37179e eec6b281e236b500 81b639b74256b45b e22c35101e190db9 b29ab87af6ea6310 095bb1b6ecbd0a50 4d32dae7b43c489a 8d58da0e1800dc96 4b8c7061102517ef 576dd429db946393 a14394322cf7043d c606425856952286 5ebb4d2f5f1c1f13 d5805cdb9e8f0f48 666bdff4faa513ca 09660f466b38b7ba a0b1f4dd32f3e278 52370bea1acd0600 5fb2d8e734956af0 1f4f62844c3cb99c
182,b0b5e62a93a2c37c 0b774cf90856c4da 2820628e65a062e2 a492bd402afd5c71 7c9248ed6224aa26 537a55eda51a3f60 e36475c1af5ea3ab ae94d8435a6847f4 73f770f2643a2135 f05fa5f57dc03e81 acae1d29289b1266 65d44c6393907290 4d417b203b333363 54f55c74d37db3c0 b78189788d563693 047769588be1aea9 702d8f1064ab3e30 c28bc62802b90f82 9a0f5ee4f845c9b2 3986b68500d7704b 3fa57d488e979d74 ff88049e61f0f4ef e0269da736ddf004 bd713b37b67866c3 fd30682593995748 39f6296778264878 0bcaac840d5e66d7 bd0f175ee98c613e b6d0f83aad4e4dc7 b24820ae14e16a24
183,29bedd00fb2be056 455fde214d16d350 33856365c271aea4 5989fb934598c1a7 07f22a7ad7e4711d 25a3b47fe31bc6b5 ddb3810e0289c148 387e9cd2e5d4ea7d ebfda3b48083e390 42c9b72cc77dcb28 025a148c3a53bd9f c5830f9d0f1e29e5 7155e5a86136eb02 65708d542bd01f39 57113c2a4cacd961 4d954d933e606b70 095bb1b6ecbd0a50 8643165b0f53df11 3ca7964973437917 eff60ceea8817dad 1f423f368aebf7f3 26fc2a95df5659c2 855f2f0354e102c7 63d95d5977c2fe98 7ee52d2519eea367 44d324ebd3e22ad7 1398b478b71773ed 4d417b203b333363 587e0b2a4811fab1 b6a1c97f19af78d0
184,29bedd00fb2be056 455fde214d16d350 33856365c271aea4 5989fb934598c1a7 07f22a7ad7e4711d 25a3b47fe31bc6b5 ddb3810e0289c148 387e9cd2e5d4ea7d ebfda3b48083e390 42c9b72cc77dcb28 025a148c3a53bd9f c5830f9d0f1e29e5 7155e5a86136eb02 65708d542bd01f39 57113c2a4cacd961 4d954d933e606b70 095bb1b6ecbd0a50 8643165b0f53df11 3ca7964973437917 eff60ceea8817dad 1f423f368aebf7f3 26fc2a95df5659c2 855f2f0354e102c7 63d95d5977c2fe98 7ee52d2519eea367 44d324ebd3e22ad7 1398b478b71773ed 4d417b203b333363 587e0b2a4811fab1 b6a1c97f19af78d0
185,576dd429db946393 b3e75fdca5ca2f1a 0eedb1a0d3b8ddae 393f49286db04aeb 65254e0d209fd66e 24e582daf6f87158 c5830f9d0f1e29e5 74ae9af23a383bf5 d7d937303a6d5a9d 8f578001f9d5f543 853e36b1550c6274 46315cf30aaee51c feddfcf56818968e 58654e3143c6550b 1f423f368aebf7f3 fc21db75b354a917 0688c790d5806540 09bbaa171c20bae3 b78189788d563693 016da874bd04df55 204ec91c39d1479d 9c9a9d45c2ea7ddf ae000f9d0b5e104e 74244a8703c03720 00e1e2eb13f650e4 047769588be1aea9 428f9363fa35882d 8e0cc5199a0ee659 19b4014943e0ad92 99e833818ec4bbf2
186,3e66b4855d0dddbe 680bb5c5c3bb6ee1 74e59c5820900b17 bf973f9ec3600199 8dedff0a79784abc e8ad5e31484ef889 1398b478b71773ed 07be6a290720707d ce0f56b7190c268a 351c9da399c2b915 a2805ed52b47b8ec 9a0f5ee4f845c9b2 c28bc62802b90f82 702d8f1064ab3e30 3986b68500d7704b 3fa57d488e979d74 ff88049e61f0f4ef e0269da736ddf004 bd713b37b67866c3 fd30682593995748 2a06f5614060e3b6 39f6296778264878 e25a1da6ca187350 96e82fa141db9a4b c31a456b544a40a8 f58ff7f1a6cde683 0bcaac840d5e66d7 ae94d8435a6847f4 b6d0f83aad4e4dc7 b24820ae14e16a24
187,9ab90dfc5c9b0b37 7f29daa16b9b4cda 04886579947a80c2 ce8cb4351b8c0f6e d92c0298f76ccf77 4d9214c0925e5af8 016da874bd04df55 b84b6c0b2e4d0306 f48d0fbea7dc2782 5c4b7558c942a224 50cb6a6c60ad711a b69ce8b8154645f8 3e8e56f639a5db5b d5952b2e031c4e7e 99e833818ec4bbf2 48f93f9c2c699e19 c28bc62802b90f82 702d8f1064ab3e30 3986b68500d7704b 622f2e4119882c94 0bcaac840d5e66d7 b6d0f83aad4e4dc7 3fa57d488e979d74 ff88049e61f0f4ef ae94d8435a6847f4 e0269da736ddf004 bd713b37b67866c3 fd30682593995748 2a06f5614060e3b6 b24820ae14e16a24
188,4491016efed845f1 09660f466b38b7ba 0db6584e3bdfa1c4 16b11706660177ff 050544c040f46152 796888cc3443006c 387e9cd2e5d4ea7d e25a1da6ca187350 83f8f2fc471cad74 5c8c6d9a1fd4c1e0 955e465ce0788ea6 43b3338423d7386c 01e5a6edcee7deb0 57113c2a4cacd961 172bc0ee09332ae9 33856365c271aea4 8a5635c748344d47 b6cdb608f640e038 42bb83d7c4b9ecae 4577ae048ef1967d b26d8664feb18c8c 34a62e66e05f9a44 942a7d26d81c841f 419b5dc40744fb9b 0772e3ab293a1f30 430feb4826a5632e a9eef13786610446 9269d2b0d877352d ec1b3d7ccd3984d0 155600e5f1221f8c
189,238ec735a13a3f09 8abe670908f12614 4c0eee2c1a5e76e2 26f72a4eb15ea8c0 bbbd5d2fd957e8f7 5057551fc55e9ed2 a1314cd417504572 00d9f8d3f7d412b3 99e833818ec4bbf2 00d9eb862ba3dfc6 48f93f9c2c699e19 4d7653ea9499eed4 0bcaac840d5e66d7 c28bc62802b90f82 702d8f1064ab3e30 3986b68500d7704b 3fa57d488e979d74 ff88049e61f0f4ef e0269da736ddf004 bd713b37b67866c3 fd30682593995748 2a06f5614060e3b6 e25a1da6ca187350 9a0f5ee4f845c9b2 0708923badf2ff5d 734dabb98795c35c 942a7d26d81c841f bd0f175ee98c613e ae94d8435a6847f4 b6d0f83aad4e4dc7
190,9c9a9d45c2ea7ddf bc27d5dc9bab1c18 52e459a551d4ac2d 5bf89d11a25121d9 0b774cf90856c4da 40583079f57235a6 354d7a327bbcc152 42c9b72cc77dcb28 04fda7c9d8971ec0 190ab585fd379f0f 8dc313a2cf9da354 377c1150c781e37a 00958a140c3a6de8 e8b87ed7db1bcb1f b50b4e27b03c7b37 2359719a0f40ffac f46601a9955f9949 999a52f1d301247c 26140b225c4f8d3f 99e833818ec4bbf2 48f93f9c2c699e19 39f6296778264878 e25a1da6ca187350 3fa57d488e979d74 ff88049e61f0f4ef 2a06f5614060e3b6 bd713b37b67866c3 fd30682593995748 e0269da736ddf004 b6d0f83aad4e4dc7
191,939a1f686ea36c05 87c5481930cfe126 0647acc4602d4e8f 0f4c71d341e2d939 a0b1f4dd32f3e278 62431fd374eb99fb b1dcaca98bb76736 8faeacf8ca08f62d 033d905aec273595 c36c2dce0e6e434f c1f2e3a76d388944 f209d29f991432f0 587e0b2a4811fab1 a2805ed52b47b8ec 5867d40811c0229f 3986b68500d7704b 3fa57d488e979d74 ff88049e61f0f4ef 702d8f1064ab3e30 e0269da736ddf004 bd713b37b67866c3 c28bc62802b90f82 0bcaac840d5e66d7 9a0f5ee4f845c9b2 fd30682593995748 2a06f5614060e3b6 ae94d8435a6847f4 b6d0f83aad4e4dc7 b24820ae14e16a24 622f2e4119882c94
192,a84cd36608cb8665 0b774cf90856c4da a1314cd417504572 2820628e65a062e2 7c9248ed6224aa26 537a55eda51a3f60 e36475c1af5ea3ab f05fa5f57dc03e81 5867d40811c0229f cea18be9a89d7a81 47fbe21f5c35c7b4 52370bea1acd0600 4d7653ea9499eed4 9a0f5ee4f845c9b2 0bcaac840d5e66d7 c28bc62802b90f82 702d8f1064ab3e30 3986b68500d7704b 3fa57d488e979d74 ff88049e61f0f4ef e0269da736ddf004 bd713b37b67866c3 2a06f5614060e3b6 bbbd5d2fd957e8f7 e7cad3748e50b0f8 0708923badf2ff5d 734dabb98795c35c 942a7d26d81c841f bd0f175ee98c613e ae94d8435a6847f4
193,22756be6fd061d4c 0079f3c74309b582 005666aa098abe8e 2e79d45ba4d1540d 7ee52d2519eea367 f2b5098ac9c92da9 64267373570e4ea3 5867d40811c0229f b26d8664feb18c8c d72363ddd958d906 3d6880bd12f6613f cc861214a89ef1f4 1dc7139adba034ec 28403e62105b00f6 6e12311169bcb24c 0b0021aa60d05daa 8e83d05923cde390 9b2adcf4041227d7 52aa48c07b34dc88 7f29daa16b9b4cda a1314cd417504572 8643165b0f53df11 2e031d83339759b2 b0e254dd420faee3 b8e2f75014710ced af8e70f978cd5aee 05e4165a56bf50eb 5d26da95786b3a3a 455fde214d16d350 919b1679fffa7ef1
194,0b774cf90856c4da d64c06baf5ef1c90 2820628e65a062e2 7c9248ed6224aa26 fd30682593995748 537a55eda51a3f60 e36475c1af5ea3ab f05fa5f57dc03e81 9f27aa36c1ea793c c05f45f86d0771d5 8e83d05923cde390 ee3ed9a3f51336cd c810ac016901e8ac 6461a9faa871b3ac e7828f0ea9749505 83f5a9732f0de67f e8b87ed7db1bcb1f 19e8f436d4b2fc25 2359719a0f40ffac 0eedb1a0d3b8ddae f46601a9955f9949 9c9a9d45c2ea7ddf 522bd6887960c25d 999a52f1d301247c 26140b225c4f8d3f 5867d40811c0229f 9a0f5ee4f845c9b2 0bcaac840d5e66d7 c28bc62802b90f82 e0269da736ddf004
195,36d33c41812ce7dc 6ae470a7c9ec20fd 2820628e65a062e2 ecb768ef6fd223ca 7cea1f637ea3f37d 6461a9faa871b3ac 83f8aca6ee2caabc 1a8e5d6512d9e2d8 155600e5f1221f8c 976baf0e84752a68 190ab585fd379f0f cb3e4ce97e7f2881 898a4921ab9f4cce 0c2eeab1e4ce1db8 4b8c7061102517ef 5ebb4d2f5f1c1f13 98dbd15aa33ebc18 62431fd374eb99fb b1dcaca98bb76736 8faeacf8ca08f62d 033d905aec273595 c36c2dce0e6e434f c1f2e3a76d388944 f209d29f991432f0 587e0b2a4811fab1 a2805ed52b47b8ec 702d8f1064ab3e30 c28bc62802b90f82 3986b68500d7704b 0bcaac840d5e66d7
196,0b774cf90856c4da 2820628e65a062e2 b6e646c13d0753ae c015590d6a6fe833 7c9248ed6224aa26 b50b4e27b03c7b37 285657fcdf89f00d 8dc313a2cf9da354 537a55eda51a3f60 e36475c1af5ea3ab 00958a140c3a6de8 f05fa5f57dc03e81 4d9214c0925e5af8 c606425856952286 a14394322cf7043d 27a12f29dceccdbd bc27d5dc9bab1c18 853e36b1550c6274 9c9a9d45c2ea7ddf 316382267dcd804f 46315cf30aaee51c d72363ddd958d906 4c3802a1bd3c842e 7e4a4a1300b77a06 fc21db75b354a917 0688c790d5806540 39075e303166355e c6b615b2589e036d 3d93a60f990a0a7c b6cdb608f640e038
197,44d324ebd3e22ad7 3d93a60f990a0a7c ad06e9eeea8eb4ea a017f3358d5327aa de35d2410e916471 430feb4826a5632e 734dabb98795c35c cc2cc23a98c14c33 fa173131f15f5534 9b2adcf4041227d7 b05b5f6850cfa158 9113e9dc940fb287 bee46c54461925d0 522bd6887960c25d ae94d8435a6847f4 0bcaac840d5e66d7 c28bc62802b90f82 702d8f1064ab3e30 3986b68500d7704b 9a0f5ee4f845c9b2 3fa57d488e979d74 ff88049e61f0f4ef e0269da736ddf004 942a7d26d81c841f bd713b37b67866c3 fd30682593995748 2a06f5614060e3b6 bd0f175ee98c613e b24820ae14e16a24 622f2e4119882c94
198,e8b87ed7db1bcb1f 8d58da0e1800dc96 2359719a0f40ffac c14d5b16840d3032 5fb2d8e734956af0 1f4f62844c3cb99c db7342eff9200020 f46601a9955f9949 025a148c3a53bd9f 9c9a9d45c2ea7ddf a52df8083c238c46 acae1d29289b1266 197fa50b30d91fe8 999a52f1d301247c 0451447dd64f6284 40583079f57235a6 49224aca40e6e5e3 2901e5309bb3f8f6 cc861214a89ef1f4 7b81f1f2b6ec2e5f 26140b225c4f8d3f 5a1149fbcbd37376 99e833818ec4bbf2 48f93f9c2c699e19 5867d40811c0229f 39f6296778264878 e25a1da6ca187350 2a06f5614060e3b6 fd30682593995748 4b8c7061102517ef
199,ffc688c4c1c2a068 b749972436ac9791 a9eef13786610446 29bedd00fb2be056 c08c3765ac609cc0 e14a893f1918277e 0eafda717681bbdc e7cad3748e50b0f8 d6ed7e4b14c51296 2a06f5614060e3b6 65fac1ba1840000f bb7515be835dea49 6d80d2e62d01f6bc 4d417b203b333363 44d324ebd3e22ad7 54f55c74d37db3c0 f46601a9955f9949 74e59c5820900b17 005666aa098abe8e 65254e0d209fd66e d1e21234d7cc61d2 0220a434aa8bf029 28403e62105b00f6 8e83d05923cde390 f2b5098ac9c92da9 64267373570e4ea3 d72363ddd958d906 3d6880bd12f6613f 0b0021aa60d05daa 0079f3c74309b582
200,8dedff0a79784abc 0451447dd64f6284 9b0e8cf8153e3b33 d6bbbd6c4968075a 58654e3143c6550b b6a1c97f19af78d0 dea5e9227fbbac29 b6e646c13d0753ae a9223c28b10c131f 148ac4a56a18844d 3c565c1fc2316d16 285657fcdf89f00d e9c20b67a4c5395f ae94d8435a6847f4 ce0f56b7190c268a aa967ad3c1f65a29 c143c095983a65c2 0e45c4c185f35df6 3e66b4855d0dddbe d257d1fbcf43abd5 680bb5c5c3bb6ee1 9f4e0d572b1f4e6c ad06e9eeea8eb4ea 74e59c5820900b17 1efd7bd8a34a1359 e6a29676c096f8e8 3a6e7894dde31c67 a860b682add9de1c f105a53e5cfae611 1a05ef8c93af8eed
201,5547f9f1638ac345 a2805ed52b47b8ec 628accd9be98503c a0b1f4dd32f3e278 351c9da399c2b915 d72363ddd958d906 4d9214c0925e5af8 e8684734f2e587bd 6a3919ad9ed8197e 9c9a9d45c2ea7ddf 26140b225c4f8d3f 19b4014943e0ad92 62431fd374eb99fb b1dcaca98bb76736 8faeacf8ca08f62d 033d905aec273595 c36c2dce0e6e434f c1f2e3a76d388944 f209d29f991432f0 587e0b2a4811fab1 00d9eb862ba3dfc6 9a0f5ee4f845c9b2 702d8f1064ab3e30 3986b68500d7704b c28bc62802b90f82 3fa57d488e979d74 0bcaac840d5e66d7 ff88049e61f0f4ef e0269da736ddf004 fd30682593995748
202,016da874bd04df55 3e8e56f639a5db5b d92c0298f76ccf77 4d9214c0925e5af8 f48d0fbea7dc2782 5c4b7558c942a224 b69ce8b8154645f8 ca4de5b8a7bda9df d5952b2e031c4e7e b84b6c0b2e4d0306 50cb6a6c60ad711a 5867d40811c0229f b1dcaca98bb76736 62431fd374eb99fb 24e582daf6f87158 42bb83d7c4b9ecae e1460af4a7044067 033d905aec273595 c1f2e3a76d388944 95ecdbff44ad0b60 07f22a7ad7e4711d 855f2f0354e102c7 a2805ed52b47b8ec fb2ebcb5335ad2e2 64b31699d7d15934 bed3e73d52011f68 90ecb28f2edb9d43 8d58da0e1800dc96 47fbe21f5c35c7b4 00d9eb862ba3dfc6
203,6ae470a7c9ec20fd 8dc313a2cf9da354 00958a140c3a6de8 b50b4e27b03c7b37 7c9248ed6224aa26 bc27d5dc9bab1c18 00d9eb862ba3dfc6 47fbe21f5c35c7b4 52370bea1acd0600 4d7653ea9499eed4 9a0f5ee4f845c9b2 0bcaac840d5e66d7 c28bc62802b90f82 3986b68500d7704b 3fa57d488e979d74 ff88049e61f0f4ef e0269da736ddf004 bd713b37b67866c3 fd30682593995748 2a06f5614060e3b6 702d8f1064ab3e30 e36475c1af5ea3ab 0708923badf2ff5d 734dabb98795c35c 942a7d26d81c841f bd0f175ee98c613e ae94d8435a6847f4 b6d0f83aad4e4dc7 b24820ae14e16a24 cea18be9a89d7a81
204,3734d3b0b9232538 4d9214c0925e5af8 d72363ddd958d906 a9dad59c7055b56c 9f4e0d572b1f4e6c 0451447dd64f6284 9c9a9d45c2ea7ddf 96445bec1579ec97 48a76e3aff69d605 cea18be9a89d7a81 486dd77002936dec 6a3919ad9ed8197e 047769588be1aea9 447fc00f40d71d08 50cb6a6c60ad711a d1e21234d7cc61d2 7c8324ce28ffb96e 148ac4a56a18844d ae77487a89f2610c 2e79d45ba4d1540d 2e031d83339759b2 26140b225c4f8d3f da011b87595c1019 3b4a85bac6ead3c8 48f93f9c2c699e19 19b4014943e0ad92 b1dcaca98bb76736 62431fd374eb99fb 8faeacf8ca08f62d 033d905aec273595
205,3e66b4855d0dddbe 680bb5c5c3bb6ee1 74e59c5820900b17 48a76e3aff69d605 bf973f9ec3600199 8dedff0a79784abc e8ad5e31484ef889 1398b478b71773ed 07be6a290720707d ce0f56b7190c268a 8700059e85433b32 3734d3b0b9232538 aa0789b403bcd839 4d9214c0925e5af8 95166957b2c38794 a853f13216170123 a9dad59c7055b56c 9f4e0d572b1f4e6c 0451447dd64f6284 99e833818ec4bbf2 00e1e2eb13f650e4 9c9a9d45c2ea7ddf 96445bec1579ec97 cea18be9a89d7a81 486dd77002936dec 047769588be1aea9 447fc00f40d71d08 50cb6a6c60ad711a d1e21234d7cc61d2 7c8324ce28ffb96e
206,005666aa098abe8e 22756be6fd061d4c 4d417b203b333363 c08c3765ac609cc0 0079f3c74309b582 ffc688c4c1c2a068 b749972436ac9791 db7342eff9200020 a9eef13786610446 70776cdd9bb3b7d4 44d324ebd3e22ad7 65254e0d209fd66e 5b34da30b93eb123 d35e11d3d1ab3c67 0d0368139e9a647f acae1d29289b1266 f705b637f624147e 54f55c74d37db3c0 a5f55580081236f4 00140806971e7a73 b760ebc5f25788d3 05f23e7d05dbf7c2 72403ecdfe02bba6 fc16a50ff0baec53 430feb4826a5632e 877672967d3f70bb 0897dcfae16e280f 6aac5e116b75aa22 bf973f9ec3600199 29bedd00fb2be056
207,db7342eff9200020 72403ecdfe02bba6 05f23e7d05dbf7c2 0fbd0f422e926816 70776cdd9bb3b7d4 abf90e759d208468 796888cc3443006c 73391e0853c1e040 387e9cd2e5d4ea7d 8d58da0e1800dc96 316382267dcd804f 01020d1b0821f4c7 5b34da30b93eb123 d35e11d3d1ab3c67 63d95d5977c2fe98 b3ad55963554f220 26fc2a95df5659c2 5fb2d8e734956af0 1f4f62844c3cb99c 33856365c271aea4 0d0368139e9a647f 025a148c3a53bd9f 5b16bae6a0de7c88 a52df8083c238c46 acae1d29289b1266 197fa50b30d91fe8 430feb4826a5632e 4522ad78bf79f0c9 0451447dd64f6284 40583079f57235a6
208,2820628e65a062e2 36d33c41812ce7dc ecb768ef6fd223ca 6ae470a7c9ec20fd 7cea1f637ea3f37d 6461a9faa871b3ac 7c9248ed6224aa26 1a8e5d6512d9e2d8 155600e5f1221f8c 976baf0e84752a68 190ab585fd379f0f bbbd5d2fd957e8f7 0b774cf90856c4da 5bf89d11a25121d9 b50b4e27b03c7b37 d64c06baf5ef1c90 537a55eda51a3f60 e36475c1af5ea3ab 4b8c7061102517ef 00d9f8d3f7d412b3 4483bbdd3241f11a 74873b42602d8958 4d29c6922b2d0d56 f05fa5f57dc03e81 fd30682593995748 9f27aa36c1ea793c 2b48ab08c915c0ad 7d83ffe83f61bdc4 ec4ef2f727e7a03f 92f42fbd0c38f7fd
209,013030fd7d29bf3d 999a52f1d301247c 06de3ca1148b088b e8ad5e31484ef889 b84b6c0b2e4d0306 b1e47da7659b675c daa257a37227cd72 72c2a95813ea72bd 27bc34b9887bec0d a813c15b46ceaf68 9a0f5ee4f845c9b2 4d7653ea9499eed4 d92c0298f76ccf77 4d9214c0925e5af8 702d8f1064ab3e30 81b639b74256b45b 4d32dae7b43c489a 095bb1b6ecbd0a50 eec6b281e236b500 e22c35101e190db9 8fc68213b63951dc b29ab87af6ea6310 d3c4a7db726191e0 bd713b37b67866c3 e878efab7c37179e 20d283a232dfd13c b24820ae14e16a24 65ad9c583823162d f25bfcffedaccf28 59bf6d6df9146d60
210,a84cd36608cb8665 09660f466b38b7ba 0db6584e3bdfa1c4 16b11706660177ff 451e7ba901ad661d 796888cc3443006c 387e9cd2e5d4ea7d 57113c2a4cacd961 33856365c271aea4 d72363ddd958d906 942a7d26d81c841f 0772e3ab293a1f30 62431fd374eb99fb b1dcaca98bb76736 8faeacf8ca08f62d 430feb4826a5632e a9eef13786610446 033d905aec273595 c36c2dce0e6e434f c1f2e3a76d388944 f209d29f991432f0 155600e5f1221f8c 6a3919ad9ed8197e 976baf0e84752a68 587e0b2a4811fab1 a2805ed52b47b8ec 19b4014943e0ad92 3fa57d488e979d74 ff88049e61f0f4ef e0269da736ddf004
211,c03b11a0cdc3fa39 47fbe21f5c35c7b4 ca43e349133fc0e3 0c2eeab1e4ce1db8 4b8c7061102517ef 5ebb4d2f5f1c1f13 1f423f368aebf7f3 d980375fbd40c75f acf5cb026b3c4551 ec4ef2f727e7a03f 98dbd15aa33ebc18 92f42fbd0c38f7fd b371170568146b12 65254e0d209fd66e e36475c1af5ea3ab b1dcaca98bb76736 62431fd374eb99fb 8faeacf8ca08f62d a982b5c3aed39396 033d905aec273595 c36c2dce0e6e434f a18df74d3a16e9c0 6899956cd6c683f0 f05fa5f57dc03e81 4fe9e4e55585ba4b c1f2e3a76d388944 f209d29f991432f0 64907c4568244eb4 587e0b2a4811fab1 a2805ed52b47b8ec
212,3ca7964973437917 1c3b74a02a86467d 00d9eb862ba3dfc6 bbbd5d2fd957e8f7 47fbe21f5c35c7b4 52370bea1acd0600 4d7653ea9499eed4 9a0f5ee4f845c9b2 0bcaac840d5e66d7 e25a1da6ca187350 702d8f1064ab3e30 3986b68500d7704b 3fa57d488e979d74 ff88049e61f0f4ef e0269da736ddf004 bd713b37b67866c3 fd30682593995748 2a06f5614060e3b6 39f6296778264878 c28bc62802b90f82 e36475c1af5ea3ab e7cad3748e50b0f8 0708923badf2ff5d 734dabb98795c35c 942a7d26d81c841f bd0f175ee98c613e ae94d8435a6847f4 b6d0f83aad4e4dc7 cea18be9a89d7a81 622f2e4119882c94
213,e8684734f2e587bd 3b6d27775fce1c7b c606425856952286 a14394322cf7043d 27a12f29dceccdbd 853e36b1550c6274 316382267dcd804f 46315cf30aaee51c d72363ddd958d906 4c3802a1bd3c842e 7e4a4a1300b77a06 fc21db75b354a917 0688c790d5806540 39075e303166355e c6b615b2589e036d 3d93a60f990a0a7c b6cdb608f640e038 18b1d2d84c97a364 39f6296778264878 bd0f175ee98c613e 36d33c41812ce7dc d64c06baf5ef1c90 40583079f57235a6 b78189788d563693 b0bfe0f426275870 d6bbbd6c4968075a 74244a8703c03720 e228204ae08d1355 9100ea6cd0e084bf 00af886180e9eaec
214,ee3ed9a3f51336cd dac29ed8400b50cc a0b1f4dd32f3e278 5a1149fbcbd37376 b1dcaca98bb76736 62431fd374eb99fb 8faeacf8ca08f62d 033d905aec273595 c36c2dce0e6e434f c1f2e3a76d388944 f209d29f991432f0 587e0b2a4811fab1 a2805ed52b47b8ec 9a0f5ee4f845c9b2 4d7653ea9499eed4 52370bea1acd0600 0bcaac840d5e66d7 c28bc62802b90f82 47fbe21f5c35c7b4 3986b68500d7704b 3fa57d488e979d74 ff88049e61f0f4ef e0269da736ddf004 bd713b37b67866c3 702d8f1064ab3e30 734dabb98795c35c 942a7d26d81c841f bd0f175ee98c613e ae94d8435a6847f4 b6d0f83aad4e4dc7
215,b50b4e27b03c7b37 1d72229ebcc00faf e8ad5e31484ef889 7eec211cc37a1b05 cba7e22bb383083a 99e833818ec4bbf2 48f93f9c2c699e19 4d7653ea9499eed4 0bcaac840d5e66d7 c28bc62802b90f82 702d8f1064ab3e30 3986b68500d7704b 3fa57d488e979d74 ff88049e61f0f4ef e0269da736ddf004 bd713b37b67866c3 fd30682593995748 2a06f5614060e3b6 39f6296778264878 e25a1da6ca187350 c31a456b544a40a8 9a0f5ee4f845c9b2 942a7d26d81c841f bd0f175ee98c613e ae94d8435a6847f4 b6d0f83aad4e4dc7 b24820ae14e16a24 622f2e4119882c94 4b8c7061102517ef af8e70f978cd5aee
216,4f2fffd7528de786 48cf88c17ff38c5e ca4de5b8a7bda9df 4dba7ce835494a63 3b6d27775fce1c7b a2c35fdf07a13286 62431fd374eb99fb b1dcaca98bb76736 8faeacf8ca08f62d 033d905aec273595 c36c2dce0e6e434f c1f2e3a76d388944 f209d29f991432f0 587e0b2a4811fab1 a2805ed52b47b8ec 702d8f1064ab3e30 3986b68500d7704b 3fa57d488e979d74 ff88049e61f0f4ef e0269da736ddf004 bd713b37b67866c3 fd30682593995748 2a06f5614060e3b6 39f6296778264878 e25a1da6ca187350 c31a456b544a40a8 f58ff7f1a6cde683 c28bc62802b90f82 b24820ae14e16a24 622f2e4119882c94
217,354d7a327bbcc152 6cb9ab508a0678a0 22e8d6734e4121ae 4bed80e56ea2e099 e7828f0ea9749505 04fda7c9d8971ec0 c810ac016901e8ac 0c2eeab1e4ce1db8 4b8c7061102517ef ced9c56f2be86774 5ebb4d2f5f1c1f13 e8684734f2e587bd b69ce8b8154645f8 98dbd15aa33ebc18 05e4165a56bf50eb 919b1679fffa7ef1 a14394322cf7043d c606425856952286 522bd6887960c25d 27a12f29dceccdbd 853e36b1550c6274 316382267dcd804f 46315cf30aaee51c d72363ddd958d906 4c3802a1bd3c842e 7e4a4a1300b77a06 fc21db75b354a917 0688c790d5806540 39075e303166355e c6b615b2589e036d
218,ce2fe99a7cda4a17 c015590d6a6fe833 b6e646c13d0753ae 4beacc71024f8b08 a492bd402afd5c71 24e582daf6f87158 42bb83d7c4b9ecae e1460af4a7044067 95ecdbff44ad0b60 855f2f0354e102c7 07f22a7ad7e4711d fb2ebcb5335ad2e2 64b31699d7d15934 bed3e73d52011f68 3e8e56f639a5db5b 90ecb28f2edb9d43 8d58da0e1800dc96 47fbe21f5c35c7b4 050544c040f46152 c606425856952286 a14394322cf7043d ae94d8435a6847f4 0db6584e3bdfa1c4 52370bea1acd0600 6c017e548aa138f2 abf90e759d208468 3c565c1fc2316d16 796888cc3443006c 92f42fbd0c38f7fd 88b62355670ec8f8
219,0c2eeab1e4ce1db8 00ff646ca6637bd7 016da874bd04df55 351c9da399c2b915 f28fb3d9880c5d4c b0b5e62a93a2c37c 42c9b72cc77dcb28 120e745e2961b5d5 2bafd15871caae91 a677c3a76055a6d2 2e44fbb8bc3d8d71 37001ade0df85823 197fa50b30d91fe8 2dd12c230ab22555 fc8971756f9ec194 7b81f1f2b6ec2e5f 8d58da0e1800dc96 ddb3810e0289c148 5fb2d8e734956af0 1f4f62844c3cb99c 40583079f57235a6 db7342eff9200020 025a148c3a53bd9f f58ff7f1a6cde683 a52df8083c238c46 acae1d29289b1266 29968e8fd13539f8 0451447dd64f6284 49224aca40e6e5e3 2901e5309bb3f8f6
220,6ae470a7c9ec20fd d72363ddd958d906 d92c0298f76ccf77 4d9214c0925e5af8 b0e254dd420faee3 6a3919ad9ed8197e 016da874bd04df55 b84b6c0b2e4d0306 f48d0fbea7dc2782 5c4b7558c942a224 50cb6a6c60ad711a b69ce8b8154645f8 3e8e56f639a5db5b d5952b2e031c4e7e 19b4014943e0ad92 b1dcaca98bb76736 62431fd374eb99fb 8faeacf8ca08f62d 033d905aec273595 c36c2dce0e6e434f c1f2e3a76d388944 f209d29f991432f0 587e0b2a4811fab1 a2805ed52b47b8ec 0bcaac840d5e66d7 c28bc62802b90f82 bd713b37b67866c3 ff88049e61f0f4ef 3986b68500d7704b e0269da736ddf004
221,0b774cf90856c4da 2820628e65a062e2 39075e303166355e 7c9248ed6224aa26 4483bbdd3241f11a 5b16bae6a0de7c88 60a070db9f1869b5 537a55eda51a3f60 e36475c1af5ea3ab f05fa5f57dc03e81 190ab585fd379f0f 46315cf30aaee51c 4b8c7061102517ef 2b48ab08c915c0ad 8f578001f9d5f543 d7d937303a6d5a9d 853e36b1550c6274 50ba507a268872e1 fc21db75b354a917 0688c790d5806540 622f2e4119882c94 00d9f8d3f7d412b3 fb2ebcb5335ad2e2 bed3e73d52011f68 64b31699d7d15934 ca4de5b8a7bda9df d64c06baf5ef1c90 90ecb28f2edb9d43 8d58da0e1800dc96 016da874bd04df55
222,a65e30106ea50423 bf973f9ec3600199 05f23e7d05dbf7c2 72403ecdfe02bba6 0fbd0f422e926816 cba7e22bb383083a d1e21234d7cc61d2 70776cdd9bb3b7d4 e740c80fce094788 1d0f5fdc58e3efb5 4d29c6922b2d0d56 abf90e759d208468 796888cc3443006c 73391e0853c1e040 387e9cd2e5d4ea7d db7342eff9200020 316382267dcd804f d72363ddd958d906 01020d1b0821f4c7 5b34da30b93eb123 d35e11d3d1ab3c67 63d95d5977c2fe98 b3ad55963554f220 26fc2a95df5659c2 33856365c271aea4 0d0368139e9a647f ce0f56b7190c268a 5b16bae6a0de7c88 430feb4826a5632e 6a3919ad9ed8197e
223,3e66b4855d0dddbe 680bb5c5c3bb6ee1 74e59c5820900b17 bf973f9ec3600199 8dedff0a79784abc e8ad5e31484ef889 1398b478b71773ed 07be6a290720707d ce0f56b7190c268a 0c2eeab1e4ce1db8 4b8c7061102517ef 5ebb4d2f5f1c1f13 98dbd15aa33ebc18 702d8f1064ab3e30 3986b68500d7704b c28bc62802b90f82 0bcaac840d5e66d7 3fa57d488e979d74 ff88049e61f0f4ef e0269da736ddf004 fd30682593995748 2a06f5614060e3b6 39f6296778264878 e25a1da6ca187350 bd713b37b67866c3 942a7d26d81c841f bd0f175ee98c613e ae94d8435a6847f4 b6d0f83aad4e4dc7 b24820ae14e16a24
224,b6e72edcad270be0 a0566ca9daca7778 0708923badf2ff5d e36475c1af5ea3ab c03b11a0cdc3fa39 f05fa5f57dc03e81 0c2eeab1e4ce1db8 4b8c7061102517ef 5ebb4d2f5f1c1f13 98dbd15aa33ebc18 5867d40811c0229f 702d8f1064ab3e30 c28bc62802b90f82 0bcaac840d5e66d7 9a0f5ee4f845c9b2 52370bea1acd0600 3986b68500d7704b 3fa57d488e979d74 ff88049e61f0f4ef e0269da736ddf004 bd713b37b67866c3 fd30682593995748 2a06f5614060e3b6 4d7653ea9499eed4 734dabb98795c35c 942a7d26d81c841f bd0f175ee98c613e ae94d8435a6847f4 b6d0f83aad4e4dc7 b24820ae14e16a24
225,a65e30106ea50423 36d33c41812ce7dc 2820628e65a062e2 fab14d178b24a67f ecb768ef6fd223ca 7cea1f637ea3f37d 6461a9faa871b3ac cc861214a89ef1f4 354d7a327bbcc152 6cb9ab508a0678a0 1a8e5d6512d9e2d8 22e8d6734e4121ae 4105533fe46dfba9 155600e5f1221f8c 976baf0e84752a68 190ab585fd379f0f af8e70f978cd5aee 059bbdbdb843af6a d1e21234d7cc61d2 e740c80fce094788 1d0f5fdc58e3efb5 702d8f1064ab3e30 c28bc62802b90f82 3986b68500d7704b 2a06f5614060e3b6 3fa57d488e979d74 ff88049e61f0f4ef 0bcaac840d5e66d7 e0269da736ddf004 bd713b37b67866c3
226,1f4f62844c3cb99c a52df8083c238c46 8d58da0e1800dc96 5fb2d8e734956af0 db7342eff9200020 025a148c3a53bd9f f76f44d372517a9a 4d7653ea9499eed4 9a0f5ee4f845c9b2 72c2a95813ea72bd a813c15b46ceaf68 27bc34b9887bec0d daa257a37227cd72 522bd6887960c25d acae1d29289b1266 197fa50b30d91fe8 095bb1b6ecbd0a50 bd713b37b67866c3 d3c4a7db726191e0 e22c35101e190db9 81b639b74256b45b 8fc68213b63951dc eec6b281e236b500 20d283a232dfd13c e878efab7c37179e b29ab87af6ea6310 4d32dae7b43c489a b24820ae14e16a24 0451447dd64f6284 40583079f57235a6
227,b6cdb608f640e038 4c3802a1bd3c842e a18df74d3a16e9c0 f48d0fbea7dc2782 b69ce8b8154645f8 828f5dfbbf1272ee 62431fd374eb99fb b1dcaca98bb76736 8faeacf8ca08f62d 033d905aec273595 c36c2dce0e6e434f c1f2e3a76d388944 f209d29f991432f0 587e0b2a4811fab1 a2805ed52b47b8ec 0bcaac840d5e66d7 ff88049e61f0f4ef e0269da736ddf004 3fa57d488e979d74 bd713b37b67866c3 3986b68500d7704b 702d8f1064ab3e30 c28bc62802b90f82 fd30682593995748 2a06f5614060e3b6 39f6296778264878 ae94d8435a6847f4 b6d0f83aad4e4dc7 b24820ae14e16a24 622f2e4119882c94
228,48a76e3aff69d605 95166957b2c38794 4f2fffd7528de786 8e0cc5199a0ee659 48cf88c17ff38c5e ca4de5b8a7bda9df 4dba7ce835494a63 f54ad8d1eb18212e 3b6d27775fce1c7b a2c35fdf07a13286 52370bea1acd0600 9a0f5ee4f845c9b2 0bcaac840d5e66d7 c28bc62802b90f82 702d8f1064ab3e30 3986b68500d7704b 3fa57d488e979d74 ff88049e61f0f4ef e0269da736ddf004 bd713b37b67866c3 fd30682593995748 2a06f5614060e3b6 e25a1da6ca187350 4d7653ea9499eed4 bd0f175ee98c613e ae94d8435a6847f4 b6d0f83aad4e4dc7 b24820ae14e16a24 622f2e4119882c94 4b8c7061102517ef
229,4f2fffd7528de786 48cf88c17ff38c5e ca4de5b8a7bda9df 4dba7ce835494a63 b78189788d563693 3b6d27775fce1c7b a2c35fdf07a13286 40583079f57235a6 8d58da0e1800dc96 5fb2d8e734956af0 1f4f62844c3cb99c db7342eff9200020 025a148c3a53bd9f c606425856952286 a14394322cf7043d a52df8083c238c46 acae1d29289b1266 197fa50b30d91fe8 b0e254dd420faee3 27a12f29dceccdbd 853e36b1550c6274 316382267dcd804f 46315cf30aaee51c d72363ddd958d906 4c3802a1bd3c842e 7e4a4a1300b77a06 0451447dd64f6284 fc21db75b354a917 0688c790d5806540 39075e303166355e
230,a65e30106ea50423 d1e21234d7cc61d2 e740c80fce094788 1d0f5fdc58e3efb5 3ca7964973437917 ae94d8435a6847f4 73f770f2643a2135 acae1d29289b1266 65d44c6393907290 4d417b203b333363 54f55c74d37db3c0 b78189788d563693 0772e3ab293a1f30 b6e646c13d0753ae c015590d6a6fe833 047769588be1aea9 0c2eeab1e4ce1db8 4b8c7061102517ef 5ebb4d2f5f1c1f13 98dbd15aa33ebc18 5867d40811c0229f b24820ae14e16a24 3986b68500d7704b b6d0f83aad4e4dc7 3fa57d488e979d74 ff88049e61f0f4ef e0269da736ddf004 bd713b37b67866c3 fd30682593995748 2a06f5614060e3b6
231,3734d3b0b9232538 00958a140c3a6de8 db0e648651f4c92b 49b5678e0d1e5bcd a0b1f4dd32f3e278 0c15f252d30646fc ba5199dba342af68 0220a434aa8bf029 3c0873ce078d332b 99e833818ec4bbf2 62431fd374eb99fb b1dcaca98bb76736 8faeacf8ca08f62d 033d905aec273595 c36c2dce0e6e434f b0e254dd420faee3 c1f2e3a76d388944 f209d29f991432f0 48f93f9c2c699e19 587e0b2a4811fab1 a2805ed52b47b8ec ff88049e61f0f4ef 3fa57d488e979d74 e0269da736ddf004 c28bc62802b90f82 3986b68500d7704b 702d8f1064ab3e30 bd713b37b67866c3 ae94d8435a6847f4 b6d0f83aad4e4dc7
232,b749972436ac9791 ffc688c4c1c2a068 a9eef13786610446 29bedd00fb2be056 c08c3765ac609cc0 e14a893f1918277e 0eafda717681bbdc fab14d178b24a67f e7cad3748e50b0f8 65fac1ba1840000f 2a06f5614060e3b6 bb7515be835dea49 cc861214a89ef1f4 354d7a327bbcc152 6d80d2e62d01f6bc 4d417b203b333363 44d324ebd3e22ad7 6cb9ab508a0678a0 54f55c74d37db3c0 f46601a9955f9949 74e59c5820900b17 22e8d6734e4121ae 4105533fe46dfba9 005666aa098abe8e af8e70f978cd5aee 65254e0d209fd66e 059bbdbdb843af6a b1dcaca98bb76736 62431fd374eb99fb 8faeacf8ca08f62d
233,50ba507a268872e1 4f2fffd7528de786 48cf88c17ff38c5e e8b87ed7db1bcb1f 2359719a0f40ffac ca4de5b8a7bda9df 4dba7ce835494a63 f46601a9955f9949 9c9a9d45c2ea7ddf 3b6d27775fce1c7b 999a52f1d301247c b0e254dd420faee3 a2c35fdf07a13286 26140b225c4f8d3f 5867d40811c0229f 52370bea1acd0600 b6cdb608f640e038 95166957b2c38794 9a0f5ee4f845c9b2 0bcaac840d5e66d7 c28bc62802b90f82 702d8f1064ab3e30 366a22fce0614fb8 00e1e2eb13f650e4 3986b68500d7704b 3fa57d488e979d74 0772e3ab293a1f30 ff88049e61f0f4ef e0269da736ddf004 bd713b37b67866c3
234,26f72a4eb15ea8c0 8dc313a2cf9da354 238ec735a13a3f09 00d9f8d3f7d412b3 00958a140c3a6de8 8abe670908f12614 b50b4e27b03c7b37 4b8c7061102517ef 2b48ab08c915c0ad 4c0eee2c1a5e76e2 537a55eda51a3f60 50ba507a268872e1 cec2eea2a1fe566a bc27d5dc9bab1c18 bbbd5d2fd957e8f7 5057551fc55e9ed2 a1314cd417504572 5867d40811c0229f fd30682593995748 942a7d26d81c841f bd713b37b67866c3 2a06f5614060e3b6 bd0f175ee98c613e e0269da736ddf004 ff88049e61f0f4ef 734dabb98795c35c 3fa57d488e979d74 ae94d8435a6847f4 3986b68500d7704b 702d8f1064ab3e30
235,a0566ca9daca7778 f1a3b8b13e9401c0 72b80b099fd64ec4 b1e47da7659b675c 5879096a38d69fc5 2e031d83339759b2 52370bea1acd0600 4d7653ea9499eed4 9a0f5ee4f845c9b2 0bcaac840d5e66d7 c28bc62802b90f82 702d8f1064ab3e30 3986b68500d7704b 3fa57d488e979d74 47fbe21f5c35c7b4 e0269da736ddf004 bd713b37b67866c3 fd30682593995748 2a06f5614060e3b6 39f6296778264878 c31a456b544a40a8 ff88049e61f0f4ef e7cad3748e50b0f8 734dabb98795c35c 942a7d26d81c841f bd0f175ee98c613e ae94d8435a6847f4 b6d0f83aad4e4dc7 b24820ae14e16a24 622f2e4119882c94
236,4fe9e4e55585ba4b 4f2fffd7528de786 48cf88c17ff38c5e a9223c28b10c131f ca4de5b8a7bda9df 4dba7ce835494a63 3b6d27775fce1c7b a2c35fdf07a13286 b78189788d563693 4c3802a1bd3c842e 0c2eeab1e4ce1db8 83b911ff0ff45844 4b8c7061102517ef 64c2e323906b42d3 5ebb4d2f5f1c1f13 106204cd0e07e1b2 feddfcf56818968e 98dbd15aa33ebc18 a2805ed52b47b8ec 0bcaac840d5e66d7 d1e21234d7cc61d2 2e79d45ba4d1540d 50806199c80e215c 8643165b0f53df11 ba5199dba342af68 5d26da95786b3a3a 702d8f1064ab3e30 c28bc62802b90f82 3986b68500d7704b 3fa57d488e979d74
237,e8b87ed7db1bcb1f 2359719a0f40ffac f46601a9955f9949 9c9a9d45c2ea7ddf 999a52f1d301247c 26140b225c4f8d3f a65e30106ea50423 377c1150c781e37a 4beacc71024f8b08 4c3802a1bd3c842e a0b1f4dd32f3e278 ffa9091747ae2466 6204e398d8c7f888 0a79fabc6f5d93c9 2e4b00c01d58e79e 9269d2b0d877352d 01ecc81f6341e902 62431fd374eb99fb b1dcaca98bb76736 8faeacf8ca08f62d 033d905aec273595 c36c2dce0e6e434f c1f2e3a76d388944 f209d29f991432f0 587e0b2a4811fab1 a2805ed52b47b8ec 702d8f1064ab3e30 3fa57d488e979d74 ff88049e61f0f4ef e0269da736ddf004
238,c606425856952286 a14394322cf7043d 27a12f29dceccdbd 853e36b1550c6274 316382267dcd804f 46315cf30aaee51c d72363ddd958d906 4c3802a1bd3c842e 7e4a4a1300b77a06 fc21db75b354a917 0688c790d5806540 39075e303166355e c6b615b2589e036d 3d93a60f990a0a7c b6cdb608f640e038 00d9eb862ba3dfc6 18b1d2d84c97a364 39f6296778264878 bd0f175ee98c613e 36d33c41812ce7dc d64c06baf5ef1c90 40583079f57235a6 a0b1f4dd32f3e278 b78189788d563693 b0bfe0f426275870 d6bbbd6c4968075a 74244a8703c03720 e228204ae08d1355 9100ea6cd0e084bf 00af886180e9eaec
239,0c2eeab1e4ce1db8 4b8c7061102517ef 5ebb4d2f5f1c1f13 98dbd15aa33ebc18 52370bea1acd0600 4d7653ea9499eed4 9a0f5ee4f845c9b2 0bcaac840d5e66d7 c28bc62802b90f82 702d8f1064ab3e30 47fbe21f5c35c7b4 3fa57d488e979d74 ff88049e61f0f4ef e0269da736ddf004 bd713b37b67866c3 fd30682593995748 2a06f5614060e3b6 39f6296778264878 e25a1da6ca187350 3986b68500d7704b e7cad3748e50b0f8 0708923badf2ff5d 734dabb98795c35c 942a7d26d81c841f bd0f175ee98c613e ae94d8435a6847f4 b6d0f83aad4e4dc7 b24820ae14e16a24 cea18be9a89d7a81 af8e70f978cd5aee
240,898a4921ab9f4cce c606425856952286 a14394322cf7043d 27a12f29dceccdbd 853e36b1550c6274 316382267dcd804f 46315cf30aaee51c d72363ddd958d906 4c3802a1bd3c842e 7e4a4a1300b77a06 fc21db75b354a917 0688c790d5806540 39075e303166355e c6b615b2589e036d 3d93a60f990a0a7c b6cdb608f640e038 18b1d2d84c97a364 39f6296778264878 bd0f175ee98c613e 36d33c41812ce7dc d64c06baf5ef1c90 40583079f57235a6 b78189788d563693 b0bfe0f426275870 d6bbbd6c4968075a 74244a8703c03720 e228204ae08d1355 9100ea6cd0e084bf 00af886180e9eaec b50b4e27b03c7b37
241,4b8c7061102517ef 9b2adcf4041227d7 055d895a3b26e466 39075e303166355e 60a070db9f1869b5 0b774cf90856c4da 2820628e65a062e2 7c9248ed6224aa26 fd30682593995748 9c9a9d45c2ea7ddf 4483bbdd3241f11a cba7e22bb383083a 5b16bae6a0de7c88 537a55eda51a3f60 e36475c1af5ea3ab 853e36b1550c6274 4c3802a1bd3c842e 7e4a4a1300b77a06 fc21db75b354a917 f05fa5f57dc03e81 26140b225c4f8d3f fab14d178b24a67f e8b87ed7db1bcb1f b78189788d563693 2359719a0f40ffac cc861214a89ef1f4 354d7a327bbcc152 6cb9ab508a0678a0 4d9214c0925e5af8 22e8d6734e4121ae
242,b1dcaca98bb76736 62431fd374eb99fb 8faeacf8ca08f62d 033d905aec273595 c36c2dce0e6e434f c1f2e3a76d388944 f209d29f991432f0 587e0b2a4811fab1 a2805ed52b47b8ec 47fbe21f5c35c7b4 52370bea1acd0600 4d7653ea9499eed4 9a0f5ee4f845c9b2 0bcaac840d5e66d7 c28bc62802b90f82 702d8f1064ab3e30 3fa57d488e979d74 ff88049e61f0f4ef e0269da736ddf004 bd713b37b67866c3 fd30682593995748 2a06f5614060e3b6 3986b68500d7704b 0708923badf2ff5d 734dabb98795c35c 942a7d26d81c841f bd0f175ee98c613e ae94d8435a6847f4 b6d0f83aad4e4dc7 b24820ae14e16a24
243,05e4165a56bf50eb d72363ddd958d906 46b99f864d6a075a 2e79d45ba4d1540d b26d8664feb18c8c 8b7c486a910dd004 3d6880bd12f6613f 7ee52d2519eea367 c143c095983a65c2 0b0021aa60d05daa f2b5098ac9c92da9 64267373570e4ea3 5867d40811c0229f 3e8e56f639a5db5b 52aa48c07b34dc88 22756be6fd061d4c 016da874bd04df55 cc861214a89ef1f4 455fde214d16d350 95d25d38ba7df9c7 1dc7139adba034ec 538c7bb968b2154c f48d0fbea7dc2782 6e12311169bcb24c 24e582daf6f87158 5c4b7558c942a224 42bb83d7c4b9ecae e1460af4a7044067 b69ce8b8154645f8 d92c0298f76ccf77
244,016da874bd04df55 8f578001f9d5f543 d7d937303a6d5a9d 853e36b1550c6274 46315cf30aaee51c fc21db75b354a917 0688c790d5806540 b78189788d563693 9c9a9d45c2ea7ddf 74244a8703c03720 047769588be1aea9 428f9363fa35882d 19b4014943e0ad92 0c2eeab1e4ce1db8 00ff646ca6637bd7 351c9da399c2b915 f28fb3d9880c5d4c b0b5e62a93a2c37c 42c9b72cc77dcb28 120e745e2961b5d5 2bafd15871caae91 a677c3a76055a6d2 2e44fbb8bc3d8d71 37001ade0df85823 2dd12c230ab22555 fc8971756f9ec194 99e833818ec4bbf2 48f93f9c2c699e19 cea18be9a89d7a81 2a06f5614060e3b6
245,a65e30106ea50423 cc0c9419f8a20603 05e4165a56bf50eb 4bed80e56ea2e099 4c3802a1bd3c842e 447fc00f40d71d08 46b99f864d6a075a b69ce8b8154645f8 ffa9091747ae2466 6204e398d8c7f888 2e4b00c01d58e79e 0a79fabc6f5d93c9 9269d2b0d877352d 74244a8703c03720 ced9c56f2be86774 e7828f0ea9749505 ac9ee0c09b538140 01ecc81f6341e902 e8684734f2e587bd 8e0760918e88e4a9 3d6880bd12f6613f b26d8664feb18c8c 01b3da54ffb158a0 3e8e56f639a5db5b 2e79d45ba4d1540d 919b1679fffa7ef1 dea5e9227fbbac29 1dc7139adba034ec 7eec211cc37a1b05 404031ab9d5977c4
246,4491016efed845f1 050544c040f46152 e25a1da6ca187350 83f8f2fc471cad74 5c8c6d9a1fd4c1e0 955e465ce0788ea6 43b3338423d7386c 01e5a6edcee7deb0 172bc0ee09332ae9 8a5635c748344d47 b6cdb608f640e038 42bb83d7c4b9ecae 4577ae048ef1967d b26d8664feb18c8c 34a62e66e05f9a44 4d9214c0925e5af8 419b5dc40744fb9b 9269d2b0d877352d ec1b3d7ccd3984d0 9c9a9d45c2ea7ddf 00d9eb862ba3dfc6 26140b225c4f8d3f 62431fd374eb99fb b1dcaca98bb76736 8faeacf8ca08f62d 033d905aec273595 c36c2dce0e6e434f c1f2e3a76d388944 f209d29f991432f0 587e0b2a4811fab1
247,238de368bb05c0ec 00ff646ca6637bd7 5057551fc55e9ed2 0683b6a78f54be75 9c9ebf71707d7a37 e5fb8dc5c9cb4a19 0add47a043c64d7f 40583079f57235a6 db0e648651f4c92b 52e459a551d4ac2d 50ba507a268872e1 f29eee8054c061e1 585f4ee09d8fea46 b371170568146b12 8d58da0e1800dc96 ae000f9d0b5e104e 37001ade0df85823 5bf89d11a25121d9 5fb2d8e734956af0 1f4f62844c3cb99c 0772e3ab293a1f30 db7342eff9200020 025a148c3a53bd9f c96049ed915ced0a a14394322cf7043d c606425856952286 a52df8083c238c46 acae1d29289b1266 197fa50b30d91fe8 27a12f29dceccdbd
248,4dba7ce835494a63 855f2f0354e102c7 07f22a7ad7e4711d 90ecb28f2edb9d43 e1460af4a7044067 0db6584e3bdfa1c4 cea18be9a89d7a81 3c565c1fc2316d16 92f42fbd0c38f7fd 061f3e1feeaa3094 4f2fffd7528de786 ac9ee0c09b538140 3d93a60f990a0a7c 83b911ff0ff45844 48cf88c17ff38c5e f49e13a653cbdad2 eab15ee21e126f6a d63b7f083330247f 942a7d26d81c841f 0772e3ab293a1f30 f76f44d372517a9a b6a1c97f19af78d0 a813c15b46ceaf68 4d7653ea9499eed4 9a0f5ee4f845c9b2 27bc34b9887bec0d daa257a37227cd72 72c2a95813ea72bd ca4de5b8a7bda9df e0269da736ddf004
249,22756be6fd061d4c 6ae470a7c9ec20fd 00d9eb862ba3dfc6 47fbe21f5c35c7b4 52370bea1acd0600 4d7653ea9499eed4 9a0f5ee4f845c9b2 0bcaac840d5e66d7 c28bc62802b90f82 bbbd5d2fd957e8f7 3986b68500d7704b 3fa57d488e979d74 ff88049e61f0f4ef e0269da736ddf004 bd713b37b67866c3 fd30682593995748 2a06f5614060e3b6 39f6296778264878 702d8f1064ab3e30 e7cad3748e50b0f8 0708923badf2ff5d 734dabb98795c35c 942a7d26d81c841f bd0f175ee98c613e ae94d8435a6847f4 b6d0f83aad4e4dc7 b24820ae14e16a24 cea18be9a89d7a81 4b8c7061102517ef af8e70f978cd5aee
250,20db73cf07a45f71 95d25d38ba7df9c7 e461837f0fb35048 666bdff4faa513ca d92c0298f76ccf77 0688c790d5806540 0f33ce8d8014f308 0e45c4c185f35df6 033d905aec273595 c36c2dce0e6e434f e7828f0ea9749505 9b2adcf4041227d7 a76ffccd2f5df1a7 7155e5a86136eb02 1a05ef8c93af8eed 133b04350c75770b 5b4c879fc9c316fb 25a3b47fe31bc6b5 f105a53e5cfae611 999a52f1d301247c 8700059e85433b32 fc16a50ff0baec53 7d83ffe83f61bdc4 2e2904c5373734ae 3ca7964973437917 285657fcdf89f00d 45bd99d5d2eef776 ebfda3b48083e390 de8e1345e8c305c4 1d0f5fdc58e3efb5
251,781f4d0147aef776 b0bfe0f426275870 cba7e22bb383083a fab14d178b24a67f 5dd752753760ced8 b1dcaca98bb76736 62431fd374eb99fb 8faeacf8ca08f62d d92c0298f76ccf77 4d9214c0925e5af8 033d905aec273595 c36c2dce0e6e434f c1f2e3a76d388944 f209d29f991432f0 587e0b2a4811fab1 016da874bd04df55 a2805ed52b47b8ec b84b6c0b2e4d0306 f48d0fbea7dc2782 a0b1f4dd32f3e278 5c4b7558c942a224 50cb6a6c60ad711a b69ce8b8154645f8 3e8e56f639a5db5b d5952b2e031c4e7e 5867d40811c0229f 9a0f5ee4f845c9b2 0bcaac840d5e66d7 4d7653ea9499eed4 c28bc62802b90f82
252,bc2ae5f4e5d53e00 01b3da54ffb158a0 48f93f9c2c699e19 351c9da399c2b915 a2805ed52b47b8ec 9fda36f260eec24e 3d6880bd12f6613f 8b7c486a910dd004 ac9ee0c09b538140 95ecdbff44ad0b60 b26d8664feb18c8c 999a52f1d301247c bed3e73d52011f68 fb2ebcb5335ad2e2 64b31699d7d15934 8d58da0e1800dc96 52aa48c07b34dc88 a14394322cf7043d c606425856952286 b69ce8b8154645f8 52370bea1acd0600 6c017e548aa138f2 abf90e759d208468 796888cc3443006c 77e2f7da1f9d3a8f 366a22fce0614fb8 4c0eee2c1a5e76e2 c28bc62802b90f82 25145708d494530b 46315cf30aaee51c
253,47fbe21f5c35c7b4 ca43e349133fc0e3 ec4ef2f727e7a03f 92f42fbd0c38f7fd 99e833818ec4bbf2 60a070db9f1869b5 8b7c486a910dd004 a982b5c3aed39396 a18df74d3a16e9c0 f1a3b8b13e9401c0 46b99f864d6a075a 39075e303166355e f76f44d372517a9a 05e4165a56bf50eb 9a0f5ee4f845c9b2 4d7653ea9499eed4 27bc34b9887bec0d 72c2a95813ea72bd daa257a37227cd72 a813c15b46ceaf68 8fc68213b63951dc 20d283a232dfd13c 4d32dae7b43c489a e878efab7c37179e d3c4a7db726191e0 095bb1b6ecbd0a50 eec6b281e236b500 e22c35101e190db9 bd713b37b67866c3 b29ab87af6ea6310
254,00ff646ca6637bd7 b6e646c13d0753ae c015590d6a6fe833 0c2eeab1e4ce1db8 4b8c7061102517ef 5ebb4d2f5f1c1f13 98dbd15aa33ebc18 99e833818ec4bbf2 48f93f9c2c699e19 4d7653ea9499eed4 9a0f5ee4f845c9b2 0bcaac840d5e66d7 c28bc62802b90f82 702d8f1064ab3e30 39f6296778264878 3986b68500d7704b 47fbe21f5c35c7b4 3fa57d488e979d74 fd30682593995748 ff88049e61f0f4ef e0269da736ddf004 bd713b37b67866c3 52370bea1acd0600 e7cad3748e50b0f8 734dabb98795c35c 942a7d26d81c841f bd0f175ee98c613e ae94d8435a6847f4 b6d0f83aad4e4dc7 b24820ae14e16a24
255,a65e30106ea50423 4c3802a1bd3c842e ffa9091747ae2466 6204e398d8c7f888 2e4b00c01d58e79e 0a79fabc6f5d93c9 9269d2b0d877352d 01ecc81f6341e902 855f2f0354e102c7 07f22a7ad7e4711d f76f44d372517a9a daa257a37227cd72 a813c15b46ceaf68 4d7653ea9499eed4 9a0f5ee4f845c9b2 72c2a95813ea72bd 27bc34b9887bec0d 90ecb28f2edb9d43 b24820ae14e16a24 59bf6d6df9146d60 f25bfcffedaccf28 65ad9c583823162d d92c0298f76ccf77 238de368bb05c0ec 4d9214c0925e5af8 f44f74b3451aa593 0db6584e3bdfa1c4 e25a1da6ca187350 16b11706660177ff 3c565c1fc2316d16
256,29bedd00fb2be056 455fde214d16d350 33856365c271aea4 5989fb934598c1a7 07f22a7ad7e4711d 25a3b47fe31bc6b5 ddb3810e0289c148 387e9cd2e5d4ea7d ebfda3b48083e390 42c9b72cc77dcb28 025a148c3a53bd9f c5830f9d0f1e29e5 7155e5a86136eb02 65708d542bd01f39 57113c2a4cacd961 4d954d933e606b70 095bb1b6ecbd0a50 8643165b0f53df11 3ca7964973437917 eff60ceea8817dad 1f423f368aebf7f3 26fc2a95df5659c2 855f2f0354e102c7 63d95d5977c2fe98 7ee52d2519eea367 44d324ebd3e22ad7 1398b478b71773ed 4d417b203b333363 587e0b2a4811fab1 b6a1c97f19af78d0
257,01104a026d22ae55 ff88049e61f0f4ef cba7e22bb383083a 0cd920bad11c716d 37001ade0df85823 a1314cd417504572 cb3e4ce97e7f2881 bbbd5d2fd957e8f7 f28fb3d9880c5d4c 238ec735a13a3f09 22e8d6734e4121ae 5057551fc55e9ed2 b8e2f75014710ced 8abe670908f12614 00d9f8d3f7d412b3 059bbdbdb843af6a 2dd12c230ab22555 4c0eee2c1a5e76e2 c03b11a0cdc3fa39 26f72a4eb15ea8c0 3fa57d488e979d74 2a06f5614060e3b6 39f6296778264878 3986b68500d7704b fd30682593995748 702d8f1064ab3e30 bd713b37b67866c3 c28bc62802b90f82 e0269da736ddf004 ae94d8435a6847f4
258,8d58da0e1800dc96 5b4c879fc9c316fb 5fb2d8e734956af0 1f4f62844c3cb99c db7342eff9200020 025a148c3a53bd9f a52df8083c238c46 acae1d29289b1266 197fa50b30d91fe8 0451447dd64f6284 40583079f57235a6 49224aca40e6e5e3 2901e5309bb3f8f6 cc861214a89ef1f4 7b81f1f2b6ec2e5f 781aaf62a955e4e8 5a1149fbcbd37376 48f93f9c2c699e19 c28bc62802b90f82 0bcaac840d5e66d7 4d7653ea9499eed4 702d8f1064ab3e30 3986b68500d7704b 3fa57d488e979d74 ff88049e61f0f4ef e0269da736ddf004 bd713b37b67866c3 fd30682593995748 2a06f5614060e3b6 e25a1da6ca187350
259,3e8e56f639a5db5b 4f2fffd7528de786 48cf88c17ff38c5e 016da874bd04df55 ca4de5b8a7bda9df f48d0fbea7dc2782 4dba7ce835494a63 24e582daf6f87158 5c4b7558c942a224 42bb83d7c4b9ecae e1460af4a7044067 b69ce8b8154645f8 d92c0298f76ccf77 4d9214c0925e5af8 d5952b2e031c4e7e 95ecdbff44ad0b60 3b6d27775fce1c7b 5867d40811c0229f a2c35fdf07a13286 07f22a7ad7e4711d 855f2f0354e102c7 bed3e73d52011f68 fb2ebcb5335ad2e2 64b31699d7d15934 b84b6c0b2e4d0306 90ecb28f2edb9d43 8d58da0e1800dc96 47fbe21f5c35c7b4 050544c040f46152 c606425856952286
260,898a4921ab9f4cce b749972436ac9791 ffc688c4c1c2a068 a9eef13786610446 b6cdb608f640e038 29bedd00fb2be056 628accd9be98503c f48d0fbea7dc2782 c08c3765ac609cc0 b69ce8b8154645f8 e14a893f1918277e 0eafda717681bbdc 828f5dfbbf1272ee e7cad3748e50b0f8 2a06f5614060e3b6 65fac1ba1840000f bb7515be835dea49 6d80d2e62d01f6bc 4d417b203b333363 44d324ebd3e22ad7 54f55c74d37db3c0 f46601a9955f9949 74e59c5820900b17 65708d542bd01f39 c015590d6a6fe833 005666aa098abe8e db69d4cbfef8d22f 65254e0d209fd66e 4bed80e56ea2e099 00d9eb862ba3dfc6
261,a017f3358d5327aa 8df3f13d6af34cb3 c606425856952286 a14394322cf7043d 27a12f29dceccdbd 853e36b1550c6274 316382267dcd804f 46315cf30aaee51c d72363ddd958d906 4c3802a1bd3c842e 7e4a4a1300b77a06 fc21db75b354a917 0688c790d5806540 39075e303166355e c6b615b2589e036d 3d93a60f990a0a7c b6cdb608f640e038 18b1d2d84c97a364 39f6296778264878 bd0f175ee98c613e 36d33c41812ce7dc d64c06baf5ef1c90 40583079f57235a6 b78189788d563693 b0bfe0f426275870 d6bbbd6c4968075a 74244a8703c03720 e228204ae08d1355 9100ea6cd0e084bf 00af886180e9eaec
262,05f23e7d05dbf7c2 72403ecdfe02bba6 0fbd0f422e926816 70776cdd9bb3b7d4 abf90e759d208468 796888cc3443006c 73391e0853c1e040 387e9cd2e5d4ea7d db7342eff9200020 316382267dcd804f 01020d1b0821f4c7 5b34da30b93eb123 d35e11d3d1ab3c67 b3ad55963554f220 63d95d5977c2fe98 26fc2a95df5659c2 0772e3ab293a1f30 33856365c271aea4 0d0368139e9a647f 5b16bae6a0de7c88 430feb4826a5632e 4522ad78bf79f0c9 46b99f864d6a075a f2234bb7ce0c6f59 2a06f5614060e3b6 fd30682593995748 39f6296778264878 e25a1da6ca187350 bd713b37b67866c3 e0269da736ddf004
263,49224aca40e6e5e3 18ced18aee04c48e 25a3b47fe31bc6b5 95ecdbff44ad0b60 922e625fae98b3b9 8df3f13d6af34cb3 64b31699d7d15934 fb2ebcb5335ad2e2 bed3e73d52011f68 702d8f1064ab3e30 81b639b74256b45b e878efab7c37179e 8fc68213b63951dc bd713b37b67866c3 d3c4a7db726191e0 095bb1b6ecbd0a50 20d283a232dfd13c 4d32dae7b43c489a b29ab87af6ea6310 e22c35101e190db9 eec6b281e236b500 8d58da0e1800dc96 576dd429db946393 a14394322cf7043d c606425856952286 d5805cdb9e8f0f48 666bdff4faa513ca 09660f466b38b7ba 52370bea1acd0600 5fb2d8e734956af0
264,a65e30106ea50423 7c98dedd223b36c0 81b7c7e312bfa1a0 af41e2b6da3e7e02 95ecdbff44ad0b60 07f22a7ad7e4711d 855f2f0354e102c7 fb2ebcb5335ad2e2 bed3e73d52011f68 64b31699d7d15934 4491016efed845f1 702d8f1064ab3e30 90ecb28f2edb9d43 d1e21234d7cc61d2 29bedd00fb2be056 050544c040f46152 e740c80fce094788 238de368bb05c0ec a14394322cf7043d c606425856952286 666bdff4faa513ca f44f74b3451aa593 0db6584e3bdfa1c4 83f8f2fc471cad74 1d0f5fdc58e3efb5 6c017e548aa138f2 abf90e759d208468 5c8c6d9a1fd4c1e0 3c565c1fc2316d16 88b62355670ec8f8
265,d46598813fb437e5 4d29c6922b2d0d56 a5f55580081236f4 b760ebc5f25788d3 3ca7964973437917 0a49074a4158155b 1c3b74a02a86467d bf973f9ec3600199 c49d8f84a4f87f8a d92c0298f76ccf77 f54ad8d1eb18212e 4d9214c0925e5af8 ce0f56b7190c268a aa967ad3c1f65a29 016da874bd04df55 b84b6c0b2e4d0306 f48d0fbea7dc2782 5c4b7558c942a224 50cb6a6c60ad711a b69ce8b8154645f8 3e8e56f639a5db5b d5952b2e031c4e7e 5867d40811c0229f bd713b37b67866c3 fd30682593995748 e0269da736ddf004 ff88049e61f0f4ef 3fa57d488e979d74 2a06f5614060e3b6 3986b68500d7704b
266,4d9214c0925e5af8 a677c3a76055a6d2 07be6a290720707d d92c0298f76ccf77 016da874bd04df55 b84b6c0b2e4d0306 f48d0fbea7dc2782 5c4b7558c942a224 50cb6a6c60ad711a b69ce8b8154645f8 3e8e56f639a5db5b d5952b2e031c4e7e d72363ddd958d906 b6e646c13d0753ae c015590d6a6fe833 6a3919ad9ed8197e 9c9a9d45c2ea7ddf 26140b225c4f8d3f 19b4014943e0ad92 b1dcaca98bb76736 62431fd374eb99fb 8faeacf8ca08f62d 033d905aec273595 c36c2dce0e6e434f c1f2e3a76d388944 f209d29f991432f0 587e0b2a4811fab1 a2805ed52b47b8ec 4d7653ea9499eed4 9a0f5ee4f845c9b2
267,8d58da0e1800dc96 5fb2d8e734956af0 1f4f62844c3cb99c db7342eff9200020 025a148c3a53bd9f a52df8083c238c46 acae1d29289b1266 197fa50b30d91fe8 0451447dd64f6284 40583079f57235a6 49224aca40e6e5e3 2901e5309bb3f8f6 cc861214a89ef1f4 7b81f1f2b6ec2e5f 5a1149fbcbd37376 0bcaac840d5e66d7 c28bc62802b90f82 9a0f5ee4f845c9b2 4d7653ea9499eed4 702d8f1064ab3e30 52370bea1acd0600 3fa57d488e979d74 ff88049e61f0f4ef e0269da736ddf004 bd713b37b67866c3 fd30682593995748 2a06f5614060e3b6 39f6296778264878 3986b68500d7704b 47fbe21f5c35c7b4
268,29bedd00fb2be056 455fde214d16d350 33856365c271aea4 5989fb934598c1a7 07f22a7ad7e4711d 25a3b47fe31bc6b5 ddb3810e0289c148 387e9cd2e5d4ea7d ebfda3b48083e390 42c9b72cc77dcb28 025a148c3a53bd9f c5830f9d0f1e29e5 7155e5a86136eb02 65708d542bd01f39 57113c2a4cacd961 4d954d933e606b70 095bb1b6ecbd0a50 8643165b0f53df11 3ca7964973437917 eff60ceea8817dad 1f423f368aebf7f3 26fc2a95df5659c2 855f2f0354e102c7 63d95d5977c2fe98 7ee52d2519eea367 44d324ebd3e22ad7 1398b478b71773ed 4d417b203b333363 587e0b2a4811fab1 b6a1c97f19af78d0
269,36d33c41812ce7dc 2820628e65a062e2 155600e5f1221f8c ecb768ef6fd223ca 7cea1f637ea3f37d 6461a9faa871b3ac 1a8e5d6512d9e2d8 976baf0e84752a68 190ab585fd379f0f 628accd9be98503c bd9cd6b87a4fe0ce 74873b42602d8958 4d29c6922b2d0d56 b0b5e62a93a2c37c 120e745e2961b5d5 6a9aa1bd93e36e66 ce2fe99a7cda4a17 1d72229ebcc00faf d216e5458ad70e60 1398b478b71773ed b1dcaca98bb76736 62431fd374eb99fb 8faeacf8ca08f62d 033d905aec273595 c36c2dce0e6e434f c1f2e3a76d388944 f209d29f991432f0 587e0b2a4811fab1 a2805ed52b47b8ec c28bc62802b90f82
270,a853f13216170123 3b6d27775fce1c7b 5867d40811c0229f 47fbe21f5c35c7b4 52370bea1acd0600 4d7653ea9499eed4 9a0f5ee4f845c9b2 0bcaac840d5e66d7 c28bc62802b90f82 702d8f1064ab3e30 3986b68500d7704b 3fa57d488e979d74 ff88049e61f0f4ef e0269da736ddf004 bd713b37b67866c3 fd30682593995748 2a06f5614060e3b6 39f6296778264878 e25a1da6ca187350 bbbd5d2fd957e8f7 0708923badf2ff5d 734dabb98795c35c 942a7d26d81c841f bd0f175ee98c613e ae94d8435a6847f4 b6d0f83aad4e4dc7 b24820ae14e16a24 622f2e4119882c94 cea18be9a89d7a81 af8e70f978cd5aee
271,8dc313a2cf9da354 00958a140c3a6de8 b50b4e27b03c7b37 4b8c7061102517ef bc27d5dc9bab1c18 2b48ab08c915c0ad 50ba507a268872e1 ee3ed9a3f51336cd 00d9f8d3f7d412b3 dac29ed8400b50cc 00d9eb862ba3dfc6 5a1149fbcbd37376 0c2eeab1e4ce1db8 5ebb4d2f5f1c1f13 98dbd15aa33ebc18 b1dcaca98bb76736 62431fd374eb99fb 8faeacf8ca08f62d 033d905aec273595 c36c2dce0e6e434f c1f2e3a76d388944 f209d29f991432f0 587e0b2a4811fab1 a2805ed52b47b8ec 0708923badf2ff5d ff88049e61f0f4ef 942a7d26d81c841f 3fa57d488e979d74 bd0f175ee98c613e 3986b68500d7704b
272,83b911ff0ff45844 a2805ed52b47b8ec 5d26da95786b3a3a feddfcf56818968e ac9ee0c09b538140 47fbe21f5c35c7b4 64c2e323906b42d3 18b1d2d84c97a364 106204cd0e07e1b2 0bcaac840d5e66d7 d72363ddd958d906 d1e21234d7cc61d2 24e582daf6f87158 2e79d45ba4d1540d 42bb83d7c4b9ecae 50806199c80e215c e1460af4a7044067 055d895a3b26e466 8643165b0f53df11 428f9363fa35882d ba5199dba342af68 95ecdbff44ad0b60 da904d2a54ff8cf2 6e239f4dd4b6aed7 07f22a7ad7e4711d 855f2f0354e102c7 07be6a290720707d 6a3919ad9ed8197e fb2ebcb5335ad2e2 64b31699d7d15934
273,892074f7c1ef5d5e 765c0695339c3abe dc576af4ae66e25e 18ced18aee04c48e 26140b225c4f8d3f b78189788d563693 734dabb98795c35c 2e2904c5373734ae 62431fd374eb99fb b1dcaca98bb76736 8faeacf8ca08f62d 033d905aec273595 c36c2dce0e6e434f c1f2e3a76d388944 f209d29f991432f0 587e0b2a4811fab1 99e833818ec4bbf2 a2805ed52b47b8ec 48f93f9c2c699e19 5867d40811c0229f 3986b68500d7704b 3fa57d488e979d74 702d8f1064ab3e30 ff88049e61f0f4ef e0269da736ddf004 bd713b37b67866c3 c28bc62802b90f82 2a06f5614060e3b6 0bcaac840d5e66d7 ae94d8435a6847f4
274,88b62355670ec8f8 5547f9f1638ac345 a5d5ba33b5b1dc95 942a7d26d81c841f 4491016efed845f1 172bc0ee09332ae9 8a5635c748344d47 050544c040f46152 4577ae048ef1967d 83f8f2fc471cad74 5c8c6d9a1fd4c1e0 7c98dedd223b36c0 43b3338423d7386c 955e465ce0788ea6 01e5a6edcee7deb0 50806199c80e215c 95ecdbff44ad0b60 db69d4cbfef8d22f 62431fd374eb99fb b1dcaca98bb76736 fb2ebcb5335ad2e2 64b31699d7d15934 bed3e73d52011f68 34a62e66e05f9a44 702d8f1064ab3e30 419b5dc40744fb9b 8566d15270eb5e83 c36c2dce0e6e434f a14394322cf7043d c606425856952286
275,da904d2a54ff8cf2 e7dd56376be2cf1c 4483bbdd3241f11a 00d9eb862ba3dfc6 bbbd5d2fd957e8f7 47fbe21f5c35c7b4 52370bea1acd0600 4d7653ea9499eed4 9a0f5ee4f845c9b2 0bcaac840d5e66d7 c28bc62802b90f82 702d8f1064ab3e30 cea18be9a89d7a81 3fa57d488e979d74 ff88049e61f0f4ef e0269da736ddf004 bd713b37b67866c3 fd30682593995748 2a06f5614060e3b6 39f6296778264878 3986b68500d7704b e7cad3748e50b0f8 0708923badf2ff5d 734dabb98795c35c 942a7d26d81c841f bd0f175ee98c613e ae94d8435a6847f4 b6d0f83aad4e4dc7 b24820ae14e16a24 447fc00f40d71d08
276,dc17b07476183764 6e239f4dd4b6aed7 0c15f252d30646fc 4c3802a1bd3c842e 0c2eeab1e4ce1db8 4b8c7061102517ef 5ebb4d2f5f1c1f13 a0b1f4dd32f3e278 98dbd15aa33ebc18 4d7653ea9499eed4 0bcaac840d5e66d7 c28bc62802b90f82 702d8f1064ab3e30 3986b68500d7704b 3fa57d488e979d74 ff88049e61f0f4ef e0269da736ddf004 bd713b37b67866c3 fd30682593995748 2a06f5614060e3b6 39f6296778264878 9a0f5ee4f845c9b2 734dabb98795c35c 942a7d26d81c841f bd0f175ee98c613e ae94d8435a6847f4 b6d0f83aad4e4dc7 b24820ae14e16a24 622f2e4119882c94 af8e70f978cd5aee
277,f44f74b3451aa593 96e82fa141db9a4b e4a7a996ed6a5a81 09660f466b38b7ba 0db6584e3bdfa1c4 16b11706660177ff 796888cc3443006c 387e9cd2e5d4ea7d cb3e4ce97e7f2881 6406fcdb7d87b5dc f29eee8054c061e1 0bcaac840d5e66d7 57113c2a4cacd961 069e7e25e43deab3 395b26d91f98bd92 33856365c271aea4 4beacc71024f8b08 942a7d26d81c841f 430feb4826a5632e a9eef13786610446 155600e5f1221f8c 976baf0e84752a68 9a0f5ee4f845c9b2 4d7653ea9499eed4 52370bea1acd0600 47fbe21f5c35c7b4 bbbd5d2fd957e8f7 c28bc62802b90f82 5fb2d8e734956af0 0add47a043c64d7f
278,1d0f5fdc58e3efb5 6ae470a7c9ec20fd d92c0298f76ccf77 4d9214c0925e5af8 016da874bd04df55 b84b6c0b2e4d0306 f48d0fbea7dc2782 5c4b7558c942a224 50cb6a6c60ad711a b69ce8b8154645f8 3e8e56f639a5db5b 5867d40811c0229f d5952b2e031c4e7e 00d9eb862ba3dfc6 b6d0f83aad4e4dc7 fd30682593995748 bd713b37b67866c3 e0269da736ddf004 2a06f5614060e3b6 b24820ae14e16a24 0bcaac840d5e66d7 ff88049e61f0f4ef 622f2e4119882c94 3fa57d488e979d74 3986b68500d7704b 702d8f1064ab3e30 c28bc62802b90f82 39f6296778264878 9a0f5ee4f845c9b2 4d7653ea9499eed4
279,ee3ed9a3f51336cd dac29ed8400b50cc bbbd5d2fd957e8f7 238ec735a13a3f09 5a1149fbcbd37376 8f578001f9d5f543 d7d937303a6d5a9d 853e36b1550c6274 46315cf30aaee51c 5057551fc55e9ed2 fc21db75b354a917 0688c790d5806540 61ba7707ef6a5a99 fc16a50ff0baec53 a1314cd417504572 8abe670908f12614 00d9f8d3f7d412b3 4c0eee2c1a5e76e2 b78189788d563693 016da874bd04df55 9c9a9d45c2ea7ddf 74244a8703c03720 047769588be1aea9 428f9363fa35882d 26f72a4eb15ea8c0 19b4014943e0ad92 3986b68500d7704b 3fa57d488e979d74 2a06f5614060e3b6 ff88049e61f0f4ef
280,50ba507a268872e1 8df3f13d6af34cb3 20db73cf07a45f71 8d58da0e1800dc96 5fb2d8e734956af0 1f4f62844c3cb99c d92c0298f76ccf77 db7342eff9200020 4d9214c0925e5af8 025a148c3a53bd9f a52df8083c238c46 acae1d29289b1266 197fa50b30d91fe8 66ccd03c9e03ac06 0451447dd64f6284 40583079f57235a6 016da874bd04df55 49224aca40e6e5e3 b84b6c0b2e4d0306 2901e5309bb3f8f6 cc861214a89ef1f4 f48d0fbea7dc2782 7b81f1f2b6ec2e5f 5c4b7558c942a224 50cb6a6c60ad711a b69ce8b8154645f8 3e8e56f639a5db5b 5a1149fbcbd37376 d5952b2e031c4e7e 99e833818ec4bbf2
281,29bedd00fb2be056 455fde214d16d350 33856365c271aea4 5989fb934598c1a7 07f22a7ad7e4711d 25a3b47fe31bc6b5 ddb3810e0289c148 387e9cd2e5d4ea7d ebfda3b48083e390 42c9b72cc77dcb28 025a148c3a53bd9f c5830f9d0f1e29e5 7155e5a86136eb02 65708d542bd01f39 57113c2a4cacd961 4d954d933e606b70 095bb1b6ecbd0a50 8643165b0f53df11 3ca7964973437917 eff60ceea8817dad 1f423f368aebf7f3 26fc2a95df5659c2 855f2f0354e102c7 63d95d5977c2fe98 7ee52d2519eea367 44d324ebd3e22ad7 1398b478b71773ed 4d417b203b333363 587e0b2a4811fab1 b6a1c97f19af78d0
282,d257d1fbcf43abd5 49b5678e0d1e5bcd 0683b6a78f54be75 d92c0298f76ccf77 42a5cae2a3a45557 bbbd5d2fd957e8f7 2b48ab08c915c0ad 5430097e23000368 ee3ed9a3f51336cd db0e648651f4c92b a04d6febd82a4389 ecb768ef6fd223ca 64907c4568244eb4 6461a9faa871b3ac 35488b3b8b781278 9b2adcf4041227d7 ae77487a89f2610c 7d83ffe83f61bdc4 e36475c1af5ea3ab 0220a434aa8bf029 d6ed7e4b14c51296 9d5edf3b993fee50 26140b225c4f8d3f c31a456b544a40a8 e25a1da6ca187350 39f6296778264878 2a06f5614060e3b6 fd30682593995748 bd713b37b67866c3 e0269da736ddf004
283,9269d2b0d877352d edc79e57b20e9036 4491016efed845f1 050544c040f46152 e8ad5e31484ef889 a18df74d3a16e9c0 e25a1da6ca187350 83f8f2fc471cad74 5c8c6d9a1fd4c1e0 955e465ce0788ea6 43b3338423d7386c 01e5a6edcee7deb0 172bc0ee09332ae9 4d954d933e606b70 8a5635c748344d47 b6cdb608f640e038 42bb83d7c4b9ecae d72363ddd958d906 4577ae048ef1967d b26d8664feb18c8c 34a62e66e05f9a44 419b5dc40744fb9b ec1b3d7ccd3984d0 6a3919ad9ed8197e 19b4014943e0ad92 f58ff7f1a6cde683 c31a456b544a40a8 366a22fce0614fb8 de35d2410e916471 39f6296778264878
284,49b5678e0d1e5bcd db0e648651f4c92b 3734d3b0b9232538 0683b6a78f54be75 0220a434aa8bf029 00958a140c3a6de8 a0b1f4dd32f3e278 0c15f252d30646fc d92c0298f76ccf77 ba5199dba342af68 d257d1fbcf43abd5 238de368bb05c0ec bbbd5d2fd957e8f7 2b48ab08c915c0ad 5430097e23000368 ee3ed9a3f51336cd a04d6febd82a4389 ecb768ef6fd223ca 64907c4568244eb4 6461a9faa871b3ac 35488b3b8b781278 9b2adcf4041227d7 e5fb8dc5c9cb4a19 0add47a043c64d7f ae77487a89f2610c 7d83ffe83f61bdc4 e36475c1af5ea3ab f29eee8054c061e1 d6ed7e4b14c51296 42a5cae2a3a45557
285,6a9aa1bd93e36e66 ce2fe99a7cda4a17 1d72229ebcc00faf d216e5458ad70e60 1398b478b71773ed a65e30106ea50423 a853f13216170123 d1e21234d7cc61d2 e740c80fce094788 1d0f5fdc58e3efb5 00d9eb862ba3dfc6 52370bea1acd0600 4d7653ea9499eed4 9a0f5ee4f845c9b2 0bcaac840d5e66d7 c28bc62802b90f82 702d8f1064ab3e30 47fbe21f5c35c7b4 3fa57d488e979d74 ff88049e61f0f4ef e0269da736ddf004 bd713b37b67866c3 fd30682593995748 2a06f5614060e3b6 3986b68500d7704b 734dabb98795c35c 942a7d26d81c841f bd0f175ee98c613e ae94d8435a6847f4 b6d0f83aad4e4dc7
286,a9dad59c7055b56c cea18be9a89d7a81 1efd7bd8a34a1359 b6cdb608f640e038 5b4c879fc9c316fb 522bd6887960c25d f48d0fbea7dc2782 b69ce8b8154645f8 538c7bb968b2154c 828f5dfbbf1272ee aa0789b403bcd839 00d9eb862ba3dfc6 5867d40811c0229f bd713b37b67866c3 e0269da736ddf004 fd30682593995748 ff88049e61f0f4ef 2a06f5614060e3b6 3fa57d488e979d74 3986b68500d7704b 702d8f1064ab3e30 c28bc62802b90f82 e25a1da6ca187350 0bcaac840d5e66d7 9a0f5ee4f845c9b2 4d7653ea9499eed4 52370bea1acd0600 47fbe21f5c35c7b4 bbbd5d2fd957e8f7 ae94d8435a6847f4
287,a9dad59c7055b56c c11b97f245a9dfd0 cea18be9a89d7a81 0eedb1a0d3b8ddae bbbd5d2fd957e8f7 47fbe21f5c35c7b4 52370bea1acd0600 4d7653ea9499eed4 9a0f5ee4f845c9b2 0bcaac840d5e66d7 702d8f1064ab3e30 3986b68500d7704b 3fa57d488e979d74 ff88049e61f0f4ef e0269da736ddf004 bd713b37b67866c3 fd30682593995748 2a06f5614060e3b6 39f6296778264878 c28bc62802b90f82 e7cad3748e50b0f8 0708923badf2ff5d 734dabb98795c35c 942a7d26d81c841f bd0f175ee98c613e ae94d8435a6847f4 b6d0f83aad4e4dc7 b24820ae14e16a24 5fb2d8e734956af0 4b8c7061102517ef
288,3986b68500d7704b 148ac4a56a18844d 26140b225c4f8d3f 9f4e0d572b1f4e6c 0451447dd64f6284 9b0e8cf8153e3b33 1efd7bd8a34a1359 a853f13216170123 d6bbbd6c4968075a 58654e3143c6550b 1a05ef8c93af8eed b6a1c97f19af78d0 dea5e9227fbbac29 62431fd374eb99fb b1dcaca98bb76736 8faeacf8ca08f62d cea18be9a89d7a81 486dd77002936dec 06de3ca1148b088b b6e646c13d0753ae 033d905aec273595 50cb6a6c60ad711a c36c2dce0e6e434f a9223c28b10c131f 7c8324ce28ffb96e e9c20b67a4c5395f c1f2e3a76d388944 f209d29f991432f0 2e031d83339759b2 587e0b2a4811fab1
289,2901e5309bb3f8f6 0897dcfae16e280f 8d58da0e1800dc96 5fb2d8e734956af0 1f4f62844c3cb99c db7342eff9200020 025a148c3a53bd9f a52df8083c238c46 acae1d29289b1266 197fa50b30d91fe8 0451447dd64f6284 09660f466b38b7ba 0db6584e3bdfa1c4 40583079f57235a6 16b11706660177ff 49224aca40e6e5e3 796888cc3443006c 26fc2a95df5659c2 cc861214a89ef1f4 387e9cd2e5d4ea7d d46598813fb437e5 f46601a9955f9949 7b81f1f2b6ec2e5f 57113c2a4cacd961 33856365c271aea4 5a1149fbcbd37376 942a7d26d81c841f 0772e3ab293a1f30 c49d8f84a4f87f8a 430feb4826a5632e
290,42a5cae2a3a45557 3fa57d488e979d74 35488b3b8b781278 1ba7a50457e93996 43c354dbf952caaa d257d1fbcf43abd5 680bb5c5c3bb6ee1 26140b225c4f8d3f 59c231f8fd21260c 9c9a9d45c2ea7ddf da7d3c2d591c4295 49b5678e0d1e5bcd ae77487a89f2610c 4d29c6922b2d0d56 3734d3b0b9232538 e8b87ed7db1bcb1f 2359719a0f40ffac 0683b6a78f54be75 d92c0298f76ccf77 4d9214c0925e5af8 a853f13216170123 a9dad59c7055b56c 9f4e0d572b1f4e6c bbbd5d2fd957e8f7 2b48ab08c915c0ad 0451447dd64f6284 f46601a9955f9949 5430097e23000368 ee3ed9a3f51336cd ce0f56b7190c268a
291,ae94d8435a6847f4 73f770f2643a2135 acae1d29289b1266 65d44c6393907290 4d417b203b333363 54f55c74d37db3c0 b78189788d563693 d92c0298f76ccf77 4d9214c0925e5af8 047769588be1aea9 016da874bd04df55 b84b6c0b2e4d0306 f48d0fbea7dc2782 5c4b7558c942a224 50cb6a6c60ad711a b69ce8b8154645f8 3e8e56f639a5db5b d5952b2e031c4e7e 5867d40811c0229f 3fa57d488e979d74 ff88049e61f0f4ef e0269da736ddf004 bd713b37b67866c3 3986b68500d7704b 702d8f1064ab3e30 2a06f5614060e3b6 c28bc62802b90f82 0bcaac840d5e66d7 b6d0f83aad4e4dc7 b24820ae14e16a24
292,976baf0e84752a68 c810ac016901e8ac b78189788d563693 853e36b1550c6274 46315cf30aaee51c 49b5678e0d1e5bcd fc21db75b354a917 0688c790d5806540 74244a8703c03720 26f72a4eb15ea8c0 40583079f57235a6 8f578001f9d5f543 d7d937303a6d5a9d 8d58da0e1800dc96 5fb2d8e734956af0 1f4f62844c3cb99c 016da874bd04df55 9c9a9d45c2ea7ddf db7342eff9200020 025a148c3a53bd9f c606425856952286 a14394322cf7043d a52df8083c238c46 acae1d29289b1266 197fa50b30d91fe8 047769588be1aea9 27a12f29dceccdbd 428f9363fa35882d 316382267dcd804f d72363ddd958d906
293,b6d0f83aad4e4dc7 cc861214a89ef1f4 22e8d6734e4121ae fab14d178b24a67f 354d7a327bbcc152 6cb9ab508a0678a0 059bbdbdb843af6a ecb768ef6fd223ca 2b48ab08c915c0ad 4bed80e56ea2e099 4105533fe46dfba9 af8e70f978cd5aee 00d9f8d3f7d412b3 ced9c56f2be86774 36d33c41812ce7dc e7828f0ea9749505 2820628e65a062e2 e8684734f2e587bd 8f578001f9d5f543 d7d937303a6d5a9d 853e36b1550c6274 b69ce8b8154645f8 7cea1f637ea3f37d 6461a9faa871b3ac 46315cf30aaee51c fc21db75b354a917 8d58da0e1800dc96 05e4165a56bf50eb 0688c790d5806540 919b1679fffa7ef1
294,01104a026d22ae55 b78189788d563693 ff88049e61f0f4ef c606425856952286 a14394322cf7043d 27a12f29dceccdbd 853e36b1550c6274 316382267dcd804f 46315cf30aaee51c d72363ddd958d906 4c3802a1bd3c842e 7e4a4a1300b77a06 fc21db75b354a917 0688c790d5806540 39075e303166355e c6b615b2589e036d 3d93a60f990a0a7c ae94d8435a6847f4 b6cdb608f640e038 18b1d2d84c97a364 39f6296778264878 bd0f175ee98c613e 36d33c41812ce7dc d64c06baf5ef1c90 73f770f2643a2135 40583079f57235a6 b0bfe0f426275870 d6bbbd6c4968075a acae1d29289b1266 74244a8703c03720
295,a84cd36608cb8665 a1314cd417504572 898a4921ab9f4cce 37001ade0df85823 00d9f8d3f7d412b3 2bafd15871caae91 9a439fd1abf95245 cba7e22bb383083a 8dc313a2cf9da354 d64c06baf5ef1c90 00d9eb862ba3dfc6 c5830f9d0f1e29e5 65254e0d209fd66e 0e45c4c185f35df6 4a5ac473c9d176ba 00958a140c3a6de8 58654e3143c6550b b50b4e27b03c7b37 fd30682593995748 f29eee8054c061e1 9f27aa36c1ea793c 65708d542bd01f39 0772e3ab293a1f30 e740c80fce094788 828f5dfbbf1272ee 964a50d33717c26d bc27d5dc9bab1c18 781aaf62a955e4e8 a0b1f4dd32f3e278 99e833818ec4bbf2
296,796888cc3443006c 3b4a85bac6ead3c8 387e9cd2e5d4ea7d 33856365c271aea4 0772e3ab293a1f30 430feb4826a5632e 05f23e7d05dbf7c2 72403ecdfe02bba6 cec2eea2a1fe566a 0fbd0f422e926816 09660f466b38b7ba 0db6584e3bdfa1c4 16b11706660177ff 70776cdd9bb3b7d4 57113c2a4cacd961 abf90e759d208468 73391e0853c1e040 db7342eff9200020 316382267dcd804f 01020d1b0821f4c7 5b34da30b93eb123 d35e11d3d1ab3c67 b3ad55963554f220 63d95d5977c2fe98 942a7d26d81c841f 26fc2a95df5659c2 0d0368139e9a647f a9eef13786610446 5b16bae6a0de7c88 155600e5f1221f8c
297,e461837f0fb35048 734dabb98795c35c 4535ce2e3dced00f 65254e0d209fd66e 4d9214c0925e5af8 9c9a9d45c2ea7ddf 26140b225c4f8d3f 4d7653ea9499eed4 0bcaac840d5e66d7 c28bc62802b90f82 702d8f1064ab3e30 3986b68500d7704b 3fa57d488e979d74 ff88049e61f0f4ef e0269da736ddf004 bd713b37b67866c3 fd30682593995748 2a06f5614060e3b6 39f6296778264878 e25a1da6ca187350 f58ff7f1a6cde683 9a0f5ee4f845c9b2 942a7d26d81c841f bd0f175ee98c613e ae94d8435a6847f4 b6d0f83aad4e4dc7 b24820ae14e16a24 622f2e4119882c94 4b8c7061102517ef af8e70f978cd5aee
298,e7828f0ea9749505 40583079f57235a6 9b2adcf4041227d7 64907c4568244eb4 8d58da0e1800dc96 e461837f0fb35048 8700059e85433b32 7d83ffe83f61bdc4 2e2904c5373734ae 3b6d27775fce1c7b 5fb2d8e734956af0 1f4f62844c3cb99c 8b7c486a910dd004 4f915ad69e1dca36 db7342eff9200020 025a148c3a53bd9f a14394322cf7043d c606425856952286 a52df8083c238c46 acae1d29289b1266 197fa50b30d91fe8 27a12f29dceccdbd 853e36b1550c6274 316382267dcd804f 46315cf30aaee51c d72363ddd958d906 4c3802a1bd3c842e 7e4a4a1300b77a06 0451447dd64f6284 c14d5b16840d3032
299,49b5678e0d1e5bcd db0e648651f4c92b 3734d3b0b9232538 0220a434aa8bf029 a84cd36608cb8665 00958a140c3a6de8 451e7ba901ad661d a0b1f4dd32f3e278 0c15f252d30646fc 0683b6a78f54be75 d92c0298f76ccf77 ba5199dba342af68 d257d1fbcf43abd5 bbbd5d2fd957e8f7 2b48ab08c915c0ad 5430097e23000368 ee3ed9a3f51336cd a04d6febd82a4389 ecb768ef6fd223ca 64907c4568244eb4 6461a9faa871b3ac 35488b3b8b781278 9b2adcf4041227d7 ae77487a89f2610c 7d83ffe83f61bdc4 e36475c1af5ea3ab d6ed7e4b14c51296 42a5cae2a3a45557 9d5edf3b993fee50 b1dcaca98bb76736
300,83f8aca6ee2caabc 04fda7c9d8971ec0 3ca7964973437917 c810ac016901e8ac d64c06baf5ef1c90 628accd9be98503c fab14d178b24a67f 5dd752753760ced8 622f2e4119882c94 fd30682593995748 9f27aa36c1ea793c b6e646c13d0753ae c015590d6a6fe833 f76f44d372517a9a fb2ebcb5335ad2e2 64b31699d7d15934 bed3e73d52011f68 4491016efed845f1 702d8f1064ab3e30 b29ab87af6ea6310 eec6b281e236b500 095bb1b6ecbd0a50 bd713b37b67866c3 e22c35101e190db9 8fc68213b63951dc 81b639b74256b45b e878efab7c37179e d3c4a7db726191e0 20d283a232dfd13c 4d32dae7b43c489a
301,d257d1fbcf43abd5 26140b225c4f8d3f 42a5cae2a3a45557 0079f3c74309b582 628accd9be98503c 4d7653ea9499eed4 9a0f5ee4f845c9b2 0bcaac840d5e66d7 c28bc62802b90f82 702d8f1064ab3e30 3986b68500d7704b 3fa57d488e979d74 e0269da736ddf004 bd713b37b67866c3 fd30682593995748 2a06f5614060e3b6 39f6296778264878 e25a1da6ca187350 c31a456b544a40a8 ff88049e61f0f4ef 734dabb98795c35c 942a7d26d81c841f bd0f175ee98c613e ae94d8435a6847f4 b6d0f83aad4e4dc7 b24820ae14e16a24 622f2e4119882c94 4b8c7061102517ef af8e70f978cd5aee 52370bea1acd0600
302,b78189788d563693 ae94d8435a6847f4 73f770f2643a2135 8b7c486a910dd004 047769588be1aea9 acae1d29289b1266 65d44c6393907290 2cebd52b41930f0a 4d417b203b333363 54f55c74d37db3c0 74244a8703c03720 50806199c80e215c a2805ed52b47b8ec 46b99f864d6a075a 05e4165a56bf50eb 4491016efed845f1 20db73cf07a45f71 c143c095983a65c2 0eedb1a0d3b8ddae 83b911ff0ff45844 050544c040f46152 64c2e323906b42d3 95d25d38ba7df9c7 e25a1da6ca187350 83f8f2fc471cad74 5c8c6d9a1fd4c1e0 955e465ce0788ea6 43b3338423d7386c a0b1f4dd32f3e278 01e5a6edcee7deb0
303,05f23e7d05dbf7c2 72403ecdfe02bba6 abf90e759d208468 0fbd0f422e926816 796888cc3443006c 70776cdd9bb3b7d4 01020d1b0821f4c7 33856365c271aea4 73391e0853c1e040 387e9cd2e5d4ea7d db7342eff9200020 316382267dcd804f 5b34da30b93eb123 d35e11d3d1ab3c67 63d95d5977c2fe98 b3ad55963554f220 430feb4826a5632e 26fc2a95df5659c2 f46601a9955f9949 0d0368139e9a647f 46b99f864d6a075a 0eafda717681bbdc b749972436ac9791 ffc688c4c1c2a068 5b16bae6a0de7c88 a9eef13786610446 e7cad3748e50b0f8 4522ad78bf79f0c9 4d417b203b333363 0772e3ab293a1f30
304,00d9eb862ba3dfc6 9c9ebf71707d7a37 db0e648651f4c92b 52e459a551d4ac2d 50ba507a268872e1 585f4ee09d8fea46 5057551fc55e9ed2 b371170568146b12 6ae470a7c9ec20fd 3b6d27775fce1c7b ae000f9d0b5e104e 37001ade0df85823 5bf89d11a25121d9 d92c0298f76ccf77 4d9214c0925e5af8 e8684734f2e587bd 016da874bd04df55 b84b6c0b2e4d0306 f48d0fbea7dc2782 5c4b7558c942a224 50cb6a6c60ad711a b69ce8b8154645f8 3e8e56f639a5db5b 5867d40811c0229f d5952b2e031c4e7e c28bc62802b90f82 702d8f1064ab3e30 3986b68500d7704b 3fa57d488e979d74 ff88049e61f0f4ef
305,a2805ed52b47b8ec b1dcaca98bb76736 62431fd374eb99fb 8faeacf8ca08f62d 033d905aec273595 c36c2dce0e6e434f c1f2e3a76d388944 f209d29f991432f0 351c9da399c2b915 587e0b2a4811fab1 d92c0298f76ccf77 b6e646c13d0753ae c015590d6a6fe833 4d9214c0925e5af8 016da874bd04df55 b84b6c0b2e4d0306 f48d0fbea7dc2782 5c4b7558c942a224 50cb6a6c60ad711a b69ce8b8154645f8 3e8e56f639a5db5b d5952b2e031c4e7e 5867d40811c0229f e0269da736ddf004 ff88049e61f0f4ef 3fa57d488e979d74 3986b68500d7704b 702d8f1064ab3e30 bd0f175ee98c613e c28bc62802b90f82
306,ee3ed9a3f51336cd bbbd5d2fd957e8f7 6461a9faa871b3ac d64c06baf5ef1c90 7d83ffe83f61bdc4 c810ac016901e8ac 49b5678e0d1e5bcd e7828f0ea9749505 4483bbdd3241f11a 74873b42602d8958 4d29c6922b2d0d56 fd30682593995748 b50b4e27b03c7b37 83f5a9732f0de67f 19e8f436d4b2fc25 0683b6a78f54be75 d92c0298f76ccf77 d257d1fbcf43abd5 0eedb1a0d3b8ddae 5bf89d11a25121d9 2b48ab08c915c0ad 5430097e23000368 db0e648651f4c92b a04d6febd82a4389 ecb768ef6fd223ca 64907c4568244eb4 35488b3b8b781278 9b2adcf4041227d7 ae77487a89f2610c e36475c1af5ea3ab
307,a65e30106ea50423 04886579947a80c2 ce8cb4351b8c0f6e 3ca7964973437917 d1e21234d7cc61d2 1c3b74a02a86467d e740c80fce094788 1d0f5fdc58e3efb5 24e582daf6f87158 42bb83d7c4b9ecae e1460af4a7044067 95ecdbff44ad0b60 b0e254dd420faee3 855f2f0354e102c7 07f22a7ad7e4711d fb2ebcb5335ad2e2 64b31699d7d15934 bed3e73d52011f68 3e8e56f639a5db5b 90ecb28f2edb9d43 8d58da0e1800dc96 47fbe21f5c35c7b4 050544c040f46152 c606425856952286 a14394322cf7043d ae94d8435a6847f4 0db6584e3bdfa1c4 52370bea1acd0600 6c017e548aa138f2 abf90e759d208468
308,66ccd03c9e03ac06 db69d4cbfef8d22f 0079f3c74309b582 62431fd374eb99fb b1dcaca98bb76736 8faeacf8ca08f62d 033d905aec273595 c36c2dce0e6e434f c1f2e3a76d388944 f209d29f991432f0 587e0b2a4811fab1 a2805ed52b47b8ec 00d9eb862ba3dfc6 9a0f5ee4f845c9b2 4d7653ea9499eed4 52370bea1acd0600 47fbe21f5c35c7b4 0bcaac840d5e66d7 c28bc62802b90f82 3986b68500d7704b 3fa57d488e979d74 ff88049e61f0f4ef e0269da736ddf004 bd713b37b67866c3 fd30682593995748 702d8f1064ab3e30 734dabb98795c35c 942a7d26d81c841f bd0f175ee98c613e ae94d8435a6847f4
309,4b8c7061102517ef 9b2adcf4041227d7 055d895a3b26e466 bbbd5d2fd957e8f7 238ec735a13a3f09 5057551fc55e9ed2 a1314cd417504572 8abe670908f12614 00d9f8d3f7d412b3 4c0eee2c1a5e76e2 26f72a4eb15ea8c0 0bcaac840d5e66d7 702d8f1064ab3e30 3986b68500d7704b 3fa57d488e979d74 ff88049e61f0f4ef e0269da736ddf004 bd713b37b67866c3 fd30682593995748 2a06f5614060e3b6 39f6296778264878 e25a1da6ca187350 c31a456b544a40a8 c28bc62802b90f82 734dabb98795c35c 942a7d26d81c841f bd0f175ee98c613e ae94d8435a6847f4 b6d0f83aad4e4dc7 b24820ae14e16a24
310,b371170568146b12 249bf372159f33e9 520ec719078be07c d92c0298f76ccf77 4d9214c0925e5af8 016da874bd04df55 b84b6c0b2e4d0306 f48d0fbea7dc2782 5c4b7558c942a224 50cb6a6c60ad711a b69ce8b8154645f8 3e8e56f639a5db5b d5952b2e031c4e7e bd713b37b67866c3 ae94d8435a6847f4 e0269da736ddf004 ff88049e61f0f4ef 4d7653ea9499eed4 3fa57d488e979d74 bd0f175ee98c613e fd30682593995748 3986b68500d7704b 702d8f1064ab3e30 c28bc62802b90f82 2a06f5614060e3b6 0bcaac840d5e66d7 9a0f5ee4f845c9b2 b6d0f83aad4e4dc7 b24820ae14e16a24 622f2e4119882c94
311,d72363ddd958d906 6a3919ad9ed8197e 628accd9be98503c 19b4014943e0ad92 0c2eeab1e4ce1db8 4b8c7061102517ef 5ebb4d2f5f1c1f13 98dbd15aa33ebc18 5867d40811c0229f 4d7653ea9499eed4 0bcaac840d5e66d7 c28bc62802b90f82 702d8f1064ab3e30 3986b68500d7704b 3fa57d488e979d74 ff88049e61f0f4ef e0269da736ddf004 bd713b37b67866c3 fd30682593995748 2a06f5614060e3b6 39f6296778264878 e25a1da6ca187350 9a0f5ee4f845c9b2 942a7d26d81c841f bd0f175ee98c613e ae94d8435a6847f4 b6d0f83aad4e4dc7 b24820ae14e16a24 622f2e4119882c94 af8e70f978cd5aee
312,5989fb934598c1a7 6e239f4dd4b6aed7 d35e11d3d1ab3c67 1efd7bd8a34a1359 1fe79c7de59ff6c6 522bd6887960c25d 0fbd0f422e926816 6aefb6531736648a 29bedd00fb2be056 6c017e548aa138f2 5c8c6d9a1fd4c1e0 c08c3765ac609cc0 eff60ceea8817dad e14a893f1918277e 0eafda717681bbdc 316382267dcd804f 01020d1b0821f4c7 622f2e4119882c94 e7cad3748e50b0f8 5b34da30b93eb123 b3ad55963554f220 63d95d5977c2fe98 65fac1ba1840000f 2a06f5614060e3b6 24e582daf6f87158 bb7515be835dea49 33856365c271aea4 6d80d2e62d01f6bc 54f55c74d37db3c0 d46598813fb437e5
313,99e833818ec4bbf2 bbbd5d2fd957e8f7 47fbe21f5c35c7b4 52370bea1acd0600 4d7653ea9499eed4 9a0f5ee4f845c9b2 0bcaac840d5e66d7 c28bc62802b90f82 702d8f1064ab3e30 90ecb28f2edb9d43 3fa57d488e979d74 ff88049e61f0f4ef e0269da736ddf004 bd713b37b67866c3 fd30682593995748 2a06f5614060e3b6 39f6296778264878 e25a1da6ca187350 3986b68500d7704b e36475c1af5ea3ab e7cad3748e50b0f8 0708923badf2ff5d 734dabb98795c35c 942a7d26d81c841f bd0f175ee98c613e ae94d8435a6847f4 b6d0f83aad4e4dc7 cea18be9a89d7a81 622f2e4119882c94 4b8c7061102517ef
314,f46601a9955f9949 8faeacf8ca08f62d b1dcaca98bb76736 62431fd374eb99fb 26fc2a95df5659c2 033d905aec273595 4a5ac473c9d176ba c1f2e3a76d388944 587e0b2a4811fab1 a2805ed52b47b8ec 0772e3ab293a1f30 65708d542bd01f39 c5830f9d0f1e29e5 0e45c4c185f35df6 c36c2dce0e6e434f 3e8e56f639a5db5b 828f5dfbbf1272ee d46598813fb437e5 92f42fbd0c38f7fd f209d29f991432f0 2901e5309bb3f8f6 b84b6c0b2e4d0306 016da874bd04df55 58654e3143c6550b e8b87ed7db1bcb1f 2359719a0f40ffac f29eee8054c061e1 f48d0fbea7dc2782 b26d8664feb18c8c 24e582daf6f87158
315,18ced18aee04c48e a52df8083c238c46 7f95168400948588 49224aca40e6e5e3 4bed80e56ea2e099 25a3b47fe31bc6b5 00d9eb862ba3dfc6 83f8f2fc471cad74 5ebb4d2f5f1c1f13 ffa9091747ae2466 24c47959ea77b15b db69d4cbfef8d22f 3cb6b40d377e7ca8 2394b08708475900 9cf6709de35bf0f3 ebfda3b48083e390 922e625fae98b3b9 4f2fffd7528de786 54a11cbcd7a32af4 ced9c56f2be86774 f49e13a653cbdad2 60a070db9f1869b5 a2c35fdf07a13286 e7828f0ea9749505 e8684734f2e587bd 520ec719078be07c b69ce8b8154645f8 05e4165a56bf50eb 919b1679fffa7ef1 72b80b099fd64ec4
316,00d9eb862ba3dfc6 3ca7964973437917 1c3b74a02a86467d a853f13216170123 b0e254dd420faee3 bbbd5d2fd957e8f7 47fbe21f5c35c7b4 52370bea1acd0600 4d7653ea9499eed4 cea18be9a89d7a81 0bcaac840d5e66d7 c28bc62802b90f82 702d8f1064ab3e30 3986b68500d7704b 3fa57d488e979d74 ff88049e61f0f4ef e0269da736ddf004 bd713b37b67866c3 fd30682593995748 2a06f5614060e3b6 9a0f5ee4f845c9b2 e36475c1af5ea3ab e7cad3748e50b0f8 0708923badf2ff5d 734dabb98795c35c 942a7d26d81c841f bd0f175ee98c613e ae94d8435a6847f4 b6d0f83aad4e4dc7 5fb2d8e734956af0
317,d6ed7e4b14c51296 2820628e65a062e2 4491016efed845f1 da904d2a54ff8cf2 d1e21234d7cc61d2 0220a434aa8bf029 050544c040f46152 e25a1da6ca187350 83f8f2fc471cad74 5c8c6d9a1fd4c1e0 43b3338423d7386c 955e465ce0788ea6 01e5a6edcee7deb0 172bc0ee09332ae9 8a5635c748344d47 b6cdb608f640e038 42bb83d7c4b9ecae 4577ae048ef1967d b26d8664feb18c8c e36475c1af5ea3ab 0b774cf90856c4da 34a62e66e05f9a44 ecb768ef6fd223ca 419b5dc40744fb9b 9b2adcf4041227d7 6461a9faa871b3ac 7c9248ed6224aa26 9269d2b0d877352d ec1b3d7ccd3984d0 7d83ffe83f61bdc4
318,238ec735a13a3f09 8abe670908f12614 4c0eee2c1a5e76e2 26f72a4eb15ea8c0 bbbd5d2fd957e8f7 5057551fc55e9ed2 a1314cd417504572 00d9f8d3f7d412b3 0772e3ab293a1f30 148ac4a56a18844d a5d5ba33b5b1dc95 8566d15270eb5e83 4483bbdd3241f11a 74873b42602d8958 4d29c6922b2d0d56 00e1e2eb13f650e4 3734d3b0b9232538 b50b4e27b03c7b37 3ca7964973437917 50806199c80e215c 919b1679fffa7ef1 4d9214c0925e5af8 1c3b74a02a86467d 2e2904c5373734ae d73a65673e3f1d78 5bf89d11a25121d9 a9dad59c7055b56c 7d83ffe83f61bdc4 9f4e0d572b1f4e6c 0451447dd64f6284
319,b6e72edcad270be0 a0566ca9daca7778 c606425856952286 a14394322cf7043d 27a12f29dceccdbd 853e36b1550c6274 316382267dcd804f 46315cf30aaee51c d72363ddd958d906 4c3802a1bd3c842e 7e4a4a1300b77a06 fc21db75b354a917 0688c790d5806540 39075e303166355e c6b615b2589e036d 3d93a60f990a0a7c b6cdb608f640e038 18b1d2d84c97a364 39f6296778264878 bd0f175ee98c613e 36d33c41812ce7dc d64c06baf5ef1c90 40583079f57235a6 b78189788d563693 b0bfe0f426275870 d6bbbd6c4968075a 74244a8703c03720 e228204ae08d1355 9100ea6cd0e084bf 00af886180e9eaec
320,e5fb8dc5c9cb4a19 b8e2f75014710ced 6e1b6b53c9710940 bbbd5d2fd957e8f7 47fbe21f5c35c7b4 52370bea1acd0600 4d7653ea9499eed4 9a0f5ee4f845c9b2 0bcaac840d5e66d7 c28bc62802b90f82 cea18be9a89d7a81 3986b68500d7704b 3fa57d488e979d74 ff88049e61f0f4ef e0269da736ddf004 bd713b37b67866c3 fd30682593995748 2a06f5614060e3b6 39f6296778264878 e25a1da6ca187350 702d8f1064ab3e30 e7cad3748e50b0f8 0708923badf2ff5d 734dabb98795c35c 942a7d26d81c841f bd0f175ee98c613e ae94d8435a6847f4 b6d0f83aad4e4dc7 b24820ae14e16a24 5fb2d8e734956af0
321,b7d7d9ae1cbe0d8a 9f27aa36c1ea793c 3a6e7894dde31c67 ce8cb4351b8c0f6e f44f74b3451aa593 00ff646ca6637bd7 96e82fa141db9a4b e7828f0ea9749505 e4a7a996ed6a5a81 cb3e4ce97e7f2881 6406fcdb7d87b5dc fab14d178b24a67f f29eee8054c061e1 0bcaac840d5e66d7 5dd752753760ced8 9b2adcf4041227d7 069e7e25e43deab3 395b26d91f98bd92 4beacc71024f8b08 e461837f0fb35048 8700059e85433b32 7d83ffe83f61bdc4 2e2904c5373734ae a14394322cf7043d c606425856952286 27a12f29dceccdbd 853e36b1550c6274 316382267dcd804f 46315cf30aaee51c d72363ddd958d906
322,a65e30106ea50423 1d0f5fdc58e3efb5 d1e21234d7cc61d2 e740c80fce094788 ddf332f2b55a2a23 d92c0298f76ccf77 50cb6a6c60ad711a 9cf6709de35bf0f3 2394b08708475900 09bbaa171c20bae3 a853f13216170123 60a070db9f1869b5 033d905aec273595 c36c2dce0e6e434f 83f8f2fc471cad74 4d954d933e606b70 3cb6b40d377e7ca8 666bdff4faa513ca 4f2fffd7528de786 54a11cbcd7a32af4 f49e13a653cbdad2 b05b5f6850cfa158 0688c790d5806540 0f33ce8d8014f308 0e45c4c185f35df6 520ec719078be07c a0b1f4dd32f3e278 b84b6c0b2e4d0306 a76ffccd2f5df1a7 7155e5a86136eb02
323,855f2f0354e102c7 07f22a7ad7e4711d f76f44d372517a9a a813c15b46ceaf68 4d7653ea9499eed4 9a0f5ee4f845c9b2 27bc34b9887bec0d 72c2a95813ea72bd daa257a37227cd72 90ecb28f2edb9d43 b24820ae14e16a24 65ad9c583823162d 59bf6d6df9146d60 f25bfcffedaccf28 238de368bb05c0ec 00e1e2eb13f650e4 f44f74b3451aa593 0db6584e3bdfa1c4 e25a1da6ca187350 16b11706660177ff 3c565c1fc2316d16 3cb6b40d377e7ca8 9cf6709de35bf0f3 2394b08708475900 92f42fbd0c38f7fd 387e9cd2e5d4ea7d 061f3e1feeaa3094 e403278468d84383 0f33ce8d8014f308 39075e303166355e
324,5547f9f1638ac345 88b62355670ec8f8 4dba7ce835494a63 edc79e57b20e9036 942a7d26d81c841f a65e30106ea50423 a2805ed52b47b8ec ca4de5b8a7bda9df 42bb83d7c4b9ecae d63b7f083330247f d16da1fb61813db9 97d696011258825c 419b5dc40744fb9b cc0c9419f8a20603 4c3802a1bd3c842e 6899956cd6c683f0 fa173131f15f5534 ffa9091747ae2466 b05b5f6850cfa158 9113e9dc940fb287 6204e398d8c7f888 2e4b00c01d58e79e 0a79fabc6f5d93c9 9269d2b0d877352d eff60ceea8817dad 0c2eeab1e4ce1db8 4b8c7061102517ef 5ebb4d2f5f1c1f13 01ecc81f6341e902 98dbd15aa33ebc18
325,2e79d45ba4d1540d 8643165b0f53df11 b26d8664feb18c8c 5d26da95786b3a3a 22756be6fd061d4c cc861214a89ef1f4 1dc7139adba034ec 6e12311169bcb24c 0c15f252d30646fc 42c9b72cc77dcb28 a2805ed52b47b8ec 12af6a34778710db 2e031d83339759b2 7ee52d2519eea367 5867d40811c0229f 81bd116c786bf9ae 19e8f436d4b2fc25 6e1b6b53c9710940 83b911ff0ff45844 9fbffc521da97c54 c96049ed915ced0a 64c2e323906b42d3 106204cd0e07e1b2 feddfcf56818968e 4d29c6922b2d0d56 781aaf62a955e4e8 0bcaac840d5e66d7 d1e21234d7cc61d2 50806199c80e215c 0772e3ab293a1f30
326,9b0e8cf8153e3b33 b6e646c13d0753ae 0683b6a78f54be75 0add47a043c64d7f 238de368bb05c0ec 3c565c1fc2316d16 e5fb8dc5c9cb4a19 ddf332f2b55a2a23 f29eee8054c061e1 1dc7139adba034ec 6a3919ad9ed8197e 09bbaa171c20bae3 4d9214c0925e5af8 c96049ed915ced0a 00e1e2eb13f650e4 f76f44d372517a9a 27bc34b9887bec0d daa257a37227cd72 a813c15b46ceaf68 4d7653ea9499eed4 72c2a95813ea72bd 9a0f5ee4f845c9b2 5d26da95786b3a3a b29ab87af6ea6310 bd713b37b67866c3 e878efab7c37179e 20d283a232dfd13c 81b639b74256b45b d3c4a7db726191e0 095bb1b6ecbd0a50
327,106204cd0e07e1b2 4f2fffd7528de786 48cf88c17ff38c5e ca4de5b8a7bda9df 4dba7ce835494a63 00e1e2eb13f650e4 3b6d27775fce1c7b a2c35fdf07a13286 62431fd374eb99fb b1dcaca98bb76736 8faeacf8ca08f62d 033d905aec273595 c36c2dce0e6e434f c1f2e3a76d388944 f209d29f991432f0 587e0b2a4811fab1 a2805ed52b47b8ec 2a06f5614060e3b6 bd713b37b67866c3 e0269da736ddf004 ff88049e61f0f4ef 9a0f5ee4f845c9b2 3fa57d488e979d74 0bcaac840d5e66d7 3986b68500d7704b 702d8f1064ab3e30 c28bc62802b90f82 52370bea1acd0600 4d7653ea9499eed4 942a7d26d81c841f
328,061f3e1feeaa3094 c015590d6a6fe833 3b6d27775fce1c7b 3e8e56f639a5db5b 0e45c4c185f35df6 005666aa098abe8e 65708d542bd01f39 033d905aec273595 c36c2dce0e6e434f 666bdff4faa513ca d92c0298f76ccf77 3b4a85bac6ead3c8 ddf332f2b55a2a23 c5830f9d0f1e29e5 0688c790d5806540 4a5ac473c9d176ba 0f33ce8d8014f308 3734d3b0b9232538 58654e3143c6550b a76ffccd2f5df1a7 1dc7139adba034ec c810ac016901e8ac 74244a8703c03720 7155e5a86136eb02 6a3919ad9ed8197e dea5e9227fbbac29 4d9214c0925e5af8 1a05ef8c93af8eed 09bbaa171c20bae3 133b04350c75770b
329,ffc688c4c1c2a068 b749972436ac9791 a9eef13786610446 c08c3765ac609cc0 29bedd00fb2be056 e14a893f1918277e 0eafda717681bbdc e7cad3748e50b0f8 2a06f5614060e3b6 65fac1ba1840000f 6d80d2e62d01f6bc bb7515be835dea49 54f55c74d37db3c0 74e59c5820900b17 4d417b203b333363 44d324ebd3e22ad7 005666aa098abe8e b0e254dd420faee3 65254e0d209fd66e f46601a9955f9949 5b34da30b93eb123 0fbd0f422e926816 6c017e548aa138f2 4dba7ce835494a63 4beacc71024f8b08 f705b637f624147e 622f2e4119882c94 b3ad55963554f220 63d95d5977c2fe98 5c8c6d9a1fd4c1e0
330,8df3f13d6af34cb3 8d58da0e1800dc96 40583079f57235a6 5fb2d8e734956af0 1f4f62844c3cb99c 6406fcdb7d87b5dc db7342eff9200020 025a148c3a53bd9f a52df8083c238c46 acae1d29289b1266 197fa50b30d91fe8 0451447dd64f6284 49224aca40e6e5e3 2901e5309bb3f8f6 cc861214a89ef1f4 fab14d178b24a67f 7b81f1f2b6ec2e5f 5dd752753760ced8 5a1149fbcbd37376 b6e646c13d0753ae c015590d6a6fe833 c606425856952286 a14394322cf7043d 27a12f29dceccdbd 853e36b1550c6274 316382267dcd804f 46315cf30aaee51c d72363ddd958d906 4c3802a1bd3c842e 7e4a4a1300b77a06
331,a65e30106ea50423 b6e646c13d0753ae c015590d6a6fe833 522bd6887960c25d d1e21234d7cc61d2 e740c80fce094788 1d0f5fdc58e3efb5 5867d40811c0229f c31a456b544a40a8 4d7653ea9499eed4 9a0f5ee4f845c9b2 39f6296778264878 2a06f5614060e3b6 0bcaac840d5e66d7 c28bc62802b90f82 702d8f1064ab3e30 3986b68500d7704b fd30682593995748 3fa57d488e979d74 ff88049e61f0f4ef e0269da736ddf004 bd713b37b67866c3 52370bea1acd0600 0708923badf2ff5d 942a7d26d81c841f bd0f175ee98c613e ae94d8435a6847f4 b6d0f83aad4e4dc7 b24820ae14e16a24 622f2e4119882c94
332,4d29c6922b2d0d56 589ef345cb2dccfc 892074f7c1ef5d5e 4d9214c0925e5af8 ce0f56b7190c268a 9c9a9d45c2ea7ddf ae94d8435a6847f4 10ad13170242ecae 73f770f2643a2135 acae1d29289b1266 26140b225c4f8d3f 65d44c6393907290 4d417b203b333363 54f55c74d37db3c0 b78189788d563693 047769588be1aea9 3fa57d488e979d74 fd30682593995748 702d8f1064ab3e30 bd713b37b67866c3 2a06f5614060e3b6 e0269da736ddf004 e25a1da6ca187350 ff88049e61f0f4ef 3986b68500d7704b b6d0f83aad4e4dc7 b24820ae14e16a24 622f2e4119882c94 4b8c7061102517ef af8e70f978cd5aee
333,8faeacf8ca08f62d b1dcaca98bb76736 62431fd374eb99fb 587e0b2a4811fab1 033d905aec273595 c36c2dce0e6e434f 60a070db9f1869b5 5b4c879fc9c316fb c1f2e3a76d388944 f209d29f991432f0 c14d5b16840d3032 a2805ed52b47b8ec 39075e303166355e 18ced18aee04c48e b6cdb608f640e038 1d72229ebcc00faf 6a9aa1bd93e36e66 4483bbdd3241f11a 5b16bae6a0de7c88 ce2fe99a7cda4a17 f48d0fbea7dc2782 b69ce8b8154645f8 d216e5458ad70e60 828f5dfbbf1272ee 3ca7964973437917 734dabb98795c35c 1c3b74a02a86467d 2e2904c5373734ae 1398b478b71773ed 0772e3ab293a1f30
334,e8b87ed7db1bcb1f 57113c2a4cacd961 0db6584e3bdfa1c4 387e9cd2e5d4ea7d 7c98dedd223b36c0 ac9ee0c09b538140 83b911ff0ff45844 cb3e4ce97e7f2881 18b1d2d84c97a364 a2805ed52b47b8ec 0bcaac840d5e66d7 5dd752753760ced8 5d26da95786b3a3a 5b4c879fc9c316fb 81b7c7e312bfa1a0 feddfcf56818968e af41e2b6da3e7e02 942a7d26d81c841f 95ecdbff44ad0b60 07f22a7ad7e4711d 855f2f0354e102c7 db69d4cbfef8d22f 62431fd374eb99fb b1dcaca98bb76736 4e966bb2768c2b8a 64b31699d7d15934 fb2ebcb5335ad2e2 bed3e73d52011f68 4491016efed845f1 702d8f1064ab3e30
335,8dc313a2cf9da354 00958a140c3a6de8 b50b4e27b03c7b37 ae94d8435a6847f4 c05f45f86d0771d5 87c5481930cfe126 939a1f686ea36c05 bc27d5dc9bab1c18 cec2eea2a1fe566a 0e45c4c185f35df6 a0566ca9daca7778 e6a29676c096f8e8 a860b682add9de1c f105a53e5cfae611 24e582daf6f87158 48a76e3aff69d605 42bb83d7c4b9ecae e1460af4a7044067 95166957b2c38794 8dedff0a79784abc b6e72edcad270be0 81bd116c786bf9ae 4beacc71024f8b08 95ecdbff44ad0b60 855f2f0354e102c7 07f22a7ad7e4711d bed3e73d52011f68 64b31699d7d15934 fb2ebcb5335ad2e2 404031ab9d5977c4
336,447fc00f40d71d08 2e79d45ba4d1540d 05e4165a56bf50eb 46b99f864d6a075a 74244a8703c03720 8e0760918e88e4a9 4bed80e56ea2e099 3e8e56f639a5db5b 7eec211cc37a1b05 404031ab9d5977c4 7ee52d2519eea367 f2b5098ac9c92da9 64267373570e4ea3 5867d40811c0229f b26d8664feb18c8c d72363ddd958d906 22756be6fd061d4c 3d6880bd12f6613f cc861214a89ef1f4 1dc7139adba034ec 28403e62105b00f6 6e12311169bcb24c 0b0021aa60d05daa 8e83d05923cde390 65708d542bd01f39 c015590d6a6fe833 0079f3c74309b582 9b2adcf4041227d7 52aa48c07b34dc88 db69d4cbfef8d22f
337,16b11706660177ff 73f770f2643a2135 57113c2a4cacd961 b78189788d563693 09660f466b38b7ba 0db6584e3bdfa1c4 ae94d8435a6847f4 796888cc3443006c 387e9cd2e5d4ea7d acae1d29289b1266 33856365c271aea4 65d44c6393907290 4d417b203b333363 54f55c74d37db3c0 942a7d26d81c841f 430feb4826a5632e a9eef13786610446 f76f44d372517a9a 047769588be1aea9 72c2a95813ea72bd daa257a37227cd72 4d7653ea9499eed4 9a0f5ee4f845c9b2 a813c15b46ceaf68 27bc34b9887bec0d 20d283a232dfd13c 8fc68213b63951dc 81b639b74256b45b e878efab7c37179e e22c35101e190db9
338,447fc00f40d71d08 46b99f864d6a075a 05e4165a56bf50eb 42bb83d7c4b9ecae 419b5dc40744fb9b a2805ed52b47b8ec d63b7f083330247f 74244a8703c03720 d16da1fb61813db9 97d696011258825c cc0c9419f8a20603 6899956cd6c683f0 8e0760918e88e4a9 52370bea1acd0600 3e8e56f639a5db5b 2e79d45ba4d1540d fa173131f15f5534 b05b5f6850cfa158 9113e9dc940fb287 48cf88c17ff38c5e 7eec211cc37a1b05 4bed80e56ea2e099 404031ab9d5977c4 8b7c486a910dd004 dc12cc503ac0eddb eff60ceea8817dad 4491016efed845f1 c143c095983a65c2 413c55a5ab86881a 62431fd374eb99fb
339,b1e47da7659b675c 72b80b099fd64ec4 48a76e3aff69d605 f1a3b8b13e9401c0 95166957b2c38794 a0566ca9daca7778 e8684734f2e587bd 5867d40811c0229f 52370bea1acd0600 4d7653ea9499eed4 9a0f5ee4f845c9b2 0bcaac840d5e66d7 c28bc62802b90f82 702d8f1064ab3e30 3986b68500d7704b 3fa57d488e979d74 47fbe21f5c35c7b4 e0269da736ddf004 bd713b37b67866c3 fd30682593995748 2a06f5614060e3b6 39f6296778264878 ff88049e61f0f4ef 734dabb98795c35c 942a7d26d81c841f bd0f175ee98c613e ae94d8435a6847f4 b6d0f83aad4e4dc7 b24820ae14e16a24 622f2e4119882c94
340,09660f466b38b7ba 0db6584e3bdfa1c4 16b11706660177ff 796888cc3443006c 387e9cd2e5d4ea7d 57113c2a4cacd961 33856365c271aea4 942a7d26d81c841f 430feb4826a5632e a9eef13786610446 b6cdb608f640e038 155600e5f1221f8c 976baf0e84752a68 4491016efed845f1 050544c040f46152 26fc2a95df5659c2 e25a1da6ca187350 83f8f2fc471cad74 5c8c6d9a1fd4c1e0 d46598813fb437e5 955e465ce0788ea6 43b3338423d7386c 01e5a6edcee7deb0 f46601a9955f9949 2901e5309bb3f8f6 172bc0ee09332ae9 8a5635c748344d47 42bb83d7c4b9ecae 4577ae048ef1967d b26d8664feb18c8c
341,09660f466b38b7ba 0db6584e3bdfa1c4 16b11706660177ff 796888cc3443006c 387e9cd2e5d4ea7d 155600e5f1221f8c 57113c2a4cacd961 976baf0e84752a68 33856365c271aea4 942a7d26d81c841f 430feb4826a5632e a9eef13786610446 a2805ed52b47b8ec 26fc2a95df5659c2 d46598813fb437e5 36d33c41812ce7dc f46601a9955f9949 8f578001f9d5f543 d7d937303a6d5a9d 2901e5309bb3f8f6 853e36b1550c6274 2820628e65a062e2 351c9da399c2b915 46315cf30aaee51c ecb768ef6fd223ca 7cea1f637ea3f37d fc21db75b354a917 0688c790d5806540 6461a9faa871b3ac d72363ddd958d906
342,d46598813fb437e5 edc79e57b20e9036 a5f55580081236f4 b760ebc5f25788d3 c49d8f84a4f87f8a 0a49074a4158155b bf973f9ec3600199 f54ad8d1eb18212e aa967ad3c1f65a29 26fc2a95df5659c2 f46601a9955f9949 2901e5309bb3f8f6 0c2eeab1e4ce1db8 4b8c7061102517ef 5ebb4d2f5f1c1f13 98dbd15aa33ebc18 5867d40811c0229f 3fa57d488e979d74 3986b68500d7704b ff88049e61f0f4ef e0269da736ddf004 bd713b37b67866c3 702d8f1064ab3e30 fd30682593995748 2a06f5614060e3b6 c28bc62802b90f82 0bcaac840d5e66d7 9a0f5ee4f845c9b2 4d7653ea9499eed4 52370bea1acd0600
343,a853f13216170123 62431fd374eb99fb b1dcaca98bb76736 8faeacf8ca08f62d 033d905aec273595 c36c2dce0e6e434f c1f2e3a76d388944 f209d29f991432f0 587e0b2a4811fab1 a2805ed52b47b8ec 00d9eb862ba3dfc6 47fbe21f5c35c7b4 52370bea1acd0600 4d7653ea9499eed4 9a0f5ee4f845c9b2 0bcaac840d5e66d7 bbbd5d2fd957e8f7 702d8f1064ab3e30 3986b68500d7704b 3fa57d488e979d74 ff88049e61f0f4ef e0269da736ddf004 bd713b37b67866c3 fd30682593995748 c28bc62802b90f82 0708923badf2ff5d 734dabb98795c35c 942a7d26d81c841f bd0f175ee98c613e ae94d8435a6847f4
344,8dedff0a79784abc ca4de5b8a7bda9df 49b5678e0d1e5bcd 07be6a290720707d da011b87595c1019 fab14d178b24a67f 5dd752753760ced8 0683b6a78f54be75 d92c0298f76ccf77 d257d1fbcf43abd5 bbbd5d2fd957e8f7 2b48ab08c915c0ad 5430097e23000368 ee3ed9a3f51336cd db0e648651f4c92b a04d6febd82a4389 ecb768ef6fd223ca 64907c4568244eb4 6461a9faa871b3ac 35488b3b8b781278 9b2adcf4041227d7 0c2eeab1e4ce1db8 4b8c7061102517ef ae77487a89f2610c 5ebb4d2f5f1c1f13 7d83ffe83f61bdc4 e36475c1af5ea3ab 98dbd15aa33ebc18 0220a434aa8bf029 d6ed7e4b14c51296
345,6e12311169bcb24c 2e79d45ba4d1540d b26d8664feb18c8c 0772e3ab293a1f30 d257d1fbcf43abd5 22756be6fd061d4c cc861214a89ef1f4 1dc7139adba034ec 28403e62105b00f6 24e582daf6f87158 8e83d05923cde390 42bb83d7c4b9ecae e1460af4a7044067 8643165b0f53df11 2e031d83339759b2 95ecdbff44ad0b60 26140b225c4f8d3f 7ee52d2519eea367 855f2f0354e102c7 07f22a7ad7e4711d 42a5cae2a3a45557 5d26da95786b3a3a bed3e73d52011f68 64b31699d7d15934 fb2ebcb5335ad2e2 9fbffc521da97c54 3e8e56f639a5db5b 90ecb28f2edb9d43 5867d40811c0229f 8d58da0e1800dc96
346,a0b1f4dd32f3e278 ba5199dba342af68 3734d3b0b9232538 99e833818ec4bbf2 069e7e25e43deab3 00958a140c3a6de8 db0e648651f4c92b aa0789b403bcd839 49b5678e0d1e5bcd 0c15f252d30646fc a853f13216170123 0220a434aa8bf029 c606425856952286 a14394322cf7043d 27a12f29dceccdbd 853e36b1550c6274 316382267dcd804f 46315cf30aaee51c d72363ddd958d906 4c3802a1bd3c842e 7e4a4a1300b77a06 fc21db75b354a917 0688c790d5806540 39075e303166355e c6b615b2589e036d 3d93a60f990a0a7c b6cdb608f640e038 18b1d2d84c97a364 39f6296778264878 bd0f175ee98c613e
347,4d9214c0925e5af8 e8684734f2e587bd 2e031d83339759b2 9c9a9d45c2ea7ddf b78189788d563693 3734d3b0b9232538 26140b225c4f8d3f 6ae470a7c9ec20fd a9dad59c7055b56c 9f4e0d572b1f4e6c 0451447dd64f6284 522bd6887960c25d 96445bec1579ec97 48a76e3aff69d605 cea18be9a89d7a81 486dd77002936dec 047769588be1aea9 447fc00f40d71d08 50cb6a6c60ad711a d1e21234d7cc61d2 7c8324ce28ffb96e 148ac4a56a18844d ae77487a89f2610c 2e79d45ba4d1540d a0b1f4dd32f3e278 da011b87595c1019 3b4a85bac6ead3c8 d0f6c00eec5eb973 5867d40811c0229f bd713b37b67866c3
348,65254e0d209fd66e f44f74b3451aa593 96e82fa141db9a4b e4a7a996ed6a5a81 cb3e4ce97e7f2881 6406fcdb7d87b5dc f29eee8054c061e1 0bcaac840d5e66d7 e7828f0ea9749505 9b2adcf4041227d7 069e7e25e43deab3 395b26d91f98bd92 4beacc71024f8b08 8d58da0e1800dc96 e461837f0fb35048 8700059e85433b32 7d83ffe83f61bdc4 2e2904c5373734ae 5fb2d8e734956af0 1f4f62844c3cb99c db7342eff9200020 025a148c3a53bd9f a52df8083c238c46 acae1d29289b1266 197fa50b30d91fe8 0451447dd64f6284 40583079f57235a6 49224aca40e6e5e3 2901e5309bb3f8f6 cc861214a89ef1f4
349,f0d53dcf0c296b57 3a6e7894dde31c67 c49d8f84a4f87f8a ce8cb4351b8c0f6e bee46c54461925d0 f54ad8d1eb18212e b0e254dd420faee3 62431fd374eb99fb b1dcaca98bb76736 8faeacf8ca08f62d 033d905aec273595 c36c2dce0e6e434f c1f2e3a76d388944 f209d29f991432f0 587e0b2a4811fab1 a2805ed52b47b8ec 00d9eb862ba3dfc6 2a06f5614060e3b6 0bcaac840d5e66d7 bd713b37b67866c3 c28bc62802b90f82 e0269da736ddf004 3fa57d488e979d74 9a0f5ee4f845c9b2 702d8f1064ab3e30 3986b68500d7704b ff88049e61f0f4ef bd0f175ee98c613e ae94d8435a6847f4 b6d0f83aad4e4dc7
350,9d5edf3b993fee50 49b5678e0d1e5bcd 0683b6a78f54be75 d92c0298f76ccf77 d257d1fbcf43abd5 bbbd5d2fd957e8f7 2b48ab08c915c0ad 5430097e23000368 ee3ed9a3f51336cd db0e648651f4c92b a04d6febd82a4389 ecb768ef6fd223ca 64907c4568244eb4 4d954d933e606b70 6461a9faa871b3ac 35488b3b8b781278 9b2adcf4041227d7 ae77487a89f2610c 7d83ffe83f61bdc4 e36475c1af5ea3ab 0220a434aa8bf029 d6ed7e4b14c51296 42a5cae2a3a45557 aa0789b403bcd839 99e833818ec4bbf2 5867d40811c0229f 9a0f5ee4f845c9b2 a52df8083c238c46 0bcaac840d5e66d7 c28bc62802b90f82
351,1d72229ebcc00faf 29968e8fd13539f8 7b81f1f2b6ec2e5f a292248bb2bffb3d 6a9aa1bd93e36e66 ce2fe99a7cda4a17 d46598813fb437e5 a5f55580081236f4 d216e5458ad70e60 b760ebc5f25788d3 0a49074a4158155b bf973f9ec3600199 1398b478b71773ed 4d9214c0925e5af8 0772e3ab293a1f30 c49d8f84a4f87f8a f54ad8d1eb18212e aa967ad3c1f65a29 9c9a9d45c2ea7ddf 26140b225c4f8d3f b1dcaca98bb76736 62431fd374eb99fb 8faeacf8ca08f62d 033d905aec273595 c36c2dce0e6e434f c1f2e3a76d388944 f209d29f991432f0 587e0b2a4811fab1 99e833818ec4bbf2 a2805ed52b47b8ec
352,455fde214d16d350 238de368bb05c0ec a65e30106ea50423 0683b6a78f54be75 e5fb8dc5c9cb4a19 0add47a043c64d7f 4c3802a1bd3c842e a0b1f4dd32f3e278 f29eee8054c061e1 ffa9091747ae2466 6204e398d8c7f888 2e4b00c01d58e79e 0a79fabc6f5d93c9 9269d2b0d877352d c96049ed915ced0a 0c2eeab1e4ce1db8 4b8c7061102517ef 5ebb4d2f5f1c1f13 01ecc81f6341e902 98dbd15aa33ebc18 b1dcaca98bb76736 62431fd374eb99fb 8faeacf8ca08f62d 033d905aec273595 c36c2dce0e6e434f c1f2e3a76d388944 f209d29f991432f0 587e0b2a4811fab1 a2805ed52b47b8ec 3fa57d488e979d74
353,4491016efed845f1 377c1150c781e37a 050544c040f46152 d257d1fbcf43abd5 e25a1da6ca187350 83f8f2fc471cad74 5c8c6d9a1fd4c1e0 43b3338423d7386c 955e465ce0788ea6 01e5a6edcee7deb0 172bc0ee09332ae9 8a5635c748344d47 b6cdb608f640e038 42bb83d7c4b9ecae 4577ae048ef1967d b26d8664feb18c8c 34a62e66e05f9a44 419b5dc40744fb9b 9269d2b0d877352d ec1b3d7ccd3984d0 26140b225c4f8d3f 42a5cae2a3a45557 b1dcaca98bb76736 62431fd374eb99fb 8faeacf8ca08f62d 033d905aec273595 c36c2dce0e6e434f c1f2e3a76d388944 f209d29f991432f0 587e0b2a4811fab1
354,d73a65673e3f1d78 128d583954b18074 2e2904c5373734ae a5d5ba33b5b1dc95 4c3802a1bd3c842e d216e5458ad70e60 8566d15270eb5e83 628accd9be98503c 148ac4a56a18844d 00e1e2eb13f650e4 50806199c80e215c 919b1679fffa7ef1 bc2552a642ce8497 b1dcaca98bb76736 62431fd374eb99fb 8faeacf8ca08f62d 033d905aec273595 c36c2dce0e6e434f c1f2e3a76d388944 f209d29f991432f0 587e0b2a4811fab1 a2805ed52b47b8ec 3986b68500d7704b bd713b37b67866c3 622f2e4119882c94 b24820ae14e16a24 b6d0f83aad4e4dc7 702d8f1064ab3e30 ae94d8435a6847f4 3fa57d488e979d74
355,c015590d6a6fe833 83b911ff0ff45844 64c2e323906b42d3 106204cd0e07e1b2 feddfcf56818968e 4d29c6922b2d0d56 a2805ed52b47b8ec 0bcaac840d5e66d7 d72363ddd958d906 d1e21234d7cc61d2 2e79d45ba4d1540d 50806199c80e215c 8643165b0f53df11 ba5199dba342af68 8dedff0a79784abc ce0f56b7190c268a 3c565c1fc2316d16 5d26da95786b3a3a b6cdb608f640e038 6a3919ad9ed8197e aa967ad3c1f65a29 f48d0fbea7dc2782 b69ce8b8154645f8 828f5dfbbf1272ee 00d9eb862ba3dfc6 19b4014943e0ad92 00e1e2eb13f650e4 f76f44d372517a9a 9a0f5ee4f845c9b2 72c2a95813ea72bd
356,a9eef13786610446 c11b97f245a9dfd0 b749972436ac9791 ffc688c4c1c2a068 4491016efed845f1 ca4de5b8a7bda9df 5d26da95786b3a3a 09660f466b38b7ba 0db6584e3bdfa1c4 16b11706660177ff 29bedd00fb2be056 050544c040f46152 796888cc3443006c 387e9cd2e5d4ea7d e25a1da6ca187350 83f8f2fc471cad74 ac9ee0c09b538140 c08c3765ac609cc0 5c8c6d9a1fd4c1e0 83b911ff0ff45844 43b3338423d7386c 955e465ce0788ea6 01e5a6edcee7deb0 18b1d2d84c97a364 57113c2a4cacd961 e14a893f1918277e 0eafda717681bbdc 172bc0ee09332ae9 33856365c271aea4 e7cad3748e50b0f8
357,9c9ebf71707d7a37 db0e648651f4c92b 52e459a551d4ac2d 50ba507a268872e1 585f4ee09d8fea46 5057551fc55e9ed2 b371170568146b12 8d58da0e1800dc96 ae000f9d0b5e104e 37001ade0df85823 5bf89d11a25121d9 5fb2d8e734956af0 1f4f62844c3cb99c db7342eff9200020 025a148c3a53bd9f a52df8083c238c46 acae1d29289b1266 197fa50b30d91fe8 0451447dd64f6284 40583079f57235a6 49224aca40e6e5e3 2901e5309bb3f8f6 cc861214a89ef1f4 7b81f1f2b6ec2e5f 5a1149fbcbd37376 62431fd374eb99fb b1dcaca98bb76736 8faeacf8ca08f62d 033d905aec273595 c36c2dce0e6e434f
358,62431fd374eb99fb b1dcaca98bb76736 8faeacf8ca08f62d 033d905aec273595 c36c2dce0e6e434f c1f2e3a76d388944 f209d29f991432f0 587e0b2a4811fab1 a2805ed52b47b8ec 5867d40811c0229f 52370bea1acd0600 4d7653ea9499eed4 9a0f5ee4f845c9b2 0bcaac840d5e66d7 c28bc62802b90f82 702d8f1064ab3e30 3986b68500d7704b 47fbe21f5c35c7b4 ff88049e61f0f4ef e0269da736ddf004 bd713b37b67866c3 fd30682593995748 2a06f5614060e3b6 3fa57d488e979d74 734dabb98795c35c 942a7d26d81c841f bd0f175ee98c613e ae94d8435a6847f4 b6d0f83aad4e4dc7 b24820ae14e16a24
359,6ae470a7c9ec20fd 5d26da95786b3a3a 5989fb934598c1a7 00d9eb862ba3dfc6 bbbd5d2fd957e8f7 47fbe21f5c35c7b4 52370bea1acd0600 4d7653ea9499eed4 9a0f5ee4f845c9b2 0bcaac840d5e66d7 cea18be9a89d7a81 702d8f1064ab3e30 3986b68500d7704b 3fa57d488e979d74 ff88049e61f0f4ef e0269da736ddf004 bd713b37b67866c3 fd30682593995748 2a06f5614060e3b6 39f6296778264878 c28bc62802b90f82 e7cad3748e50b0f8 0708923badf2ff5d 734dabb98795c35c 942a7d26d81c841f bd0f175ee98c613e ae94d8435a6847f4 b6d0f83aad4e4dc7 b24820ae14e16a24 5fb2d8e734956af0
360,ae94d8435a6847f4 0e45c4c185f35df6 e6a29676c096f8e8 a853f13216170123 a860b682add9de1c f105a53e5cfae611 48a76e3aff69d605 95166957b2c38794 8dedff0a79784abc b6e72edcad270be0 81bd116c786bf9ae 4beacc71024f8b08 a0566ca9daca7778 b0e254dd420faee3 404031ab9d5977c4 bd0f175ee98c613e b6d0f83aad4e4dc7 39f6296778264878 2a06f5614060e3b6 fd30682593995748 bd713b37b67866c3 e0269da736ddf004 ff88049e61f0f4ef 3fa57d488e979d74 3986b68500d7704b b24820ae14e16a24 702d8f1064ab3e30 c28bc62802b90f82 0bcaac840d5e66d7 9a0f5ee4f845c9b2
361,a0566ca9daca7778 f1a3b8b13e9401c0 ae94d8435a6847f4 0e45c4c185f35df6 e6a29676c096f8e8 3b6d27775fce1c7b a860b682add9de1c f105a53e5cfae611 48a76e3aff69d605 95166957b2c38794 8dedff0a79784abc b6e72edcad270be0 81bd116c786bf9ae 4beacc71024f8b08 404031ab9d5977c4 c28bc62802b90f82 702d8f1064ab3e30 3986b68500d7704b 3fa57d488e979d74 ff88049e61f0f4ef 622f2e4119882c94 bd713b37b67866c3 fd30682593995748 2a06f5614060e3b6 39f6296778264878 e25a1da6ca187350 b24820ae14e16a24 c31a456b544a40a8 b6d0f83aad4e4dc7 e0269da736ddf004
362,09660f466b38b7ba 0db6584e3bdfa1c4 16b11706660177ff ae94d8435a6847f4 796888cc3443006c 387e9cd2e5d4ea7d 73f770f2643a2135 57113c2a4cacd961 64907c4568244eb4 acae1d29289b1266 33856365c271aea4 65d44c6393907290 4d417b203b333363 54f55c74d37db3c0 b78189788d563693 3b6d27775fce1c7b 942a7d26d81c841f 430feb4826a5632e 8b7c486a910dd004 4f915ad69e1dca36 d92c0298f76ccf77 b6e646c13d0753ae c015590d6a6fe833 a9eef13786610446 4d9214c0925e5af8 047769588be1aea9 155600e5f1221f8c 976baf0e84752a68 c14d5b16840d3032 016da874bd04df55
363,4c3802a1bd3c842e a65e30106ea50423 e8b87ed7db1bcb1f ffa9091747ae2466 6204e398d8c7f888 4d9214c0925e5af8 2e4b00c01d58e79e 0a79fabc6f5d93c9 9269d2b0d877352d 57113c2a4cacd961 4e966bb2768c2b8a d216e5458ad70e60 a84cd36608cb8665 cb3e4ce97e7f2881 62431fd374eb99fb b1dcaca98bb76736 8faeacf8ca08f62d 451e7ba901ad661d 0bcaac840d5e66d7 50cb6a6c60ad711a 033d905aec273595 c36c2dce0e6e434f 2e2904c5373734ae 01ecc81f6341e902 c1f2e3a76d388944 f209d29f991432f0 3734d3b0b9232538 587e0b2a4811fab1 a2805ed52b47b8ec a9dad59c7055b56c
364,edc79e57b20e9036 4d9214c0925e5af8 3734d3b0b9232538 2e79d45ba4d1540d ae77487a89f2610c 9f4e0d572b1f4e6c b26d8664feb18c8c cea18be9a89d7a81 d92c0298f76ccf77 42bb83d7c4b9ecae 96445bec1579ec97 a9dad59c7055b56c 49b5678e0d1e5bcd 50cb6a6c60ad711a 2e031d83339759b2 0683b6a78f54be75 0451447dd64f6284 050544c040f46152 5430097e23000368 9c9a9d45c2ea7ddf 8a5635c748344d47 95ecdbff44ad0b60 a04d6febd82a4389 48a76e3aff69d605 486dd77002936dec 047769588be1aea9 447fc00f40d71d08 6ae470a7c9ec20fd d1e21234d7cc61d2 fb2ebcb5335ad2e2
365,3d93a60f990a0a7c ad06e9eeea8eb4ea a017f3358d5327aa de35d2410e916471 0220a434aa8bf029 430feb4826a5632e 8f578001f9d5f543 d7d937303a6d5a9d 853e36b1550c6274 46315cf30aaee51c fc21db75b354a917 0688c790d5806540 b78189788d563693 016da874bd04df55 9c9a9d45c2ea7ddf 74244a8703c03720 047769588be1aea9 428f9363fa35882d 19b4014943e0ad92 62431fd374eb99fb b1dcaca98bb76736 8faeacf8ca08f62d 033d905aec273595 c36c2dce0e6e434f c1f2e3a76d388944 f209d29f991432f0 587e0b2a4811fab1 a2805ed52b47b8ec 3fa57d488e979d74 ff88049e61f0f4ef
366,09660f466b38b7ba 0db6584e3bdfa1c4 16b11706660177ff 796888cc3443006c 387e9cd2e5d4ea7d fab14d178b24a67f 5dd752753760ced8 57113c2a4cacd961 33856365c271aea4 d72363ddd958d906 942a7d26d81c841f 430feb4826a5632e a9eef13786610446 155600e5f1221f8c 6a3919ad9ed8197e 976baf0e84752a68 19b4014943e0ad92 5867d40811c0229f 3986b68500d7704b c28bc62802b90f82 3fa57d488e979d74 ff88049e61f0f4ef e0269da736ddf004 bd713b37b67866c3 fd30682593995748 2a06f5614060e3b6 39f6296778264878 e25a1da6ca187350 c31a456b544a40a8 702d8f1064ab3e30
367,0eedb1a0d3b8ddae 6ae470a7c9ec20fd 587e0b2a4811fab1 0708923badf2ff5d b0e254dd420faee3 48f93f9c2c699e19 52370bea1acd0600 9a0f5ee4f845c9b2 0bcaac840d5e66d7 c28bc62802b90f82 702d8f1064ab3e30 3986b68500d7704b 3fa57d488e979d74 ff88049e61f0f4ef e0269da736ddf004 bd713b37b67866c3 fd30682593995748 2a06f5614060e3b6 39f6296778264878 c31a456b544a40a8 4d7653ea9499eed4 734dabb98795c35c 942a7d26d81c841f bd0f175ee98c613e ae94d8435a6847f4 b6d0f83aad4e4dc7 b24820ae14e16a24 622f2e4119882c94 4b8c7061102517ef e25a1da6ca187350
368,3e66b4855d0dddbe 680bb5c5c3bb6ee1 74e59c5820900b17 bf973f9ec3600199 8dedff0a79784abc e8ad5e31484ef889 1398b478b71773ed 07be6a290720707d ce0f56b7190c268a a853f13216170123 00d9eb862ba3dfc6 62431fd374eb99fb b1dcaca98bb76736 8faeacf8ca08f62d 033d905aec273595 c36c2dce0e6e434f c1f2e3a76d388944 f209d29f991432f0 587e0b2a4811fab1 a2805ed52b47b8ec fd30682593995748 e0269da736ddf004 ff88049e61f0f4ef 52370bea1acd0600 4d7653ea9499eed4 95166957b2c38794 3fa57d488e979d74 3986b68500d7704b 0bcaac840d5e66d7 c28bc62802b90f82
369,204ec91c39d1479d cc2cc23a98c14c33 62431fd374eb99fb b1dcaca98bb76736 8faeacf8ca08f62d 033d905aec273595 c36c2dce0e6e434f c1f2e3a76d388944 f209d29f991432f0 587e0b2a4811fab1 a2805ed52b47b8ec 52370bea1acd0600 9a0f5ee4f845c9b2 0bcaac840d5e66d7 c28bc62802b90f82 702d8f1064ab3e30 3986b68500d7704b 3fa57d488e979d74 ff88049e61f0f4ef e0269da736ddf004 bd713b37b67866c3 fd30682593995748 39f6296778264878 4d7653ea9499eed4 734dabb98795c35c 942a7d26d81c841f bd0f175ee98c613e ae94d8435a6847f4 b6d0f83aad4e4dc7 b24820ae14e16a24
370,20db73cf07a45f71 95d25d38ba7df9c7 8b7c486a910dd004 46b99f864d6a075a 00d9eb862ba3dfc6 05e4165a56bf50eb 781aaf62a955e4e8 c143c095983a65c2 3e8e56f639a5db5b 64907c4568244eb4 016da874bd04df55 f48d0fbea7dc2782 b1dcaca98bb76736 62431fd374eb99fb 24e582daf6f87158 3b6d27775fce1c7b 5c4b7558c942a224 42bb83d7c4b9ecae e1460af4a7044067 b69ce8b8154645f8 033d905aec273595 4f915ad69e1dca36 d92c0298f76ccf77 4d9214c0925e5af8 c1f2e3a76d388944 d5952b2e031c4e7e 95ecdbff44ad0b60 07f22a7ad7e4711d 855f2f0354e102c7 a2805ed52b47b8ec
371,f28fb3d9880c5d4c a677c3a76055a6d2 04fda7c9d8971ec0 fc8971756f9ec194 d92c0298f76ccf77 4d9214c0925e5af8 0c2eeab1e4ce1db8 016da874bd04df55 4b8c7061102517ef b84b6c0b2e4d0306 f48d0fbea7dc2782 5ebb4d2f5f1c1f13 5c4b7558c942a224 50cb6a6c60ad711a b69ce8b8154645f8 98dbd15aa33ebc18 3e8e56f639a5db5b d5952b2e031c4e7e 0bcaac840d5e66d7 c28bc62802b90f82 702d8f1064ab3e30 3986b68500d7704b 9a0f5ee4f845c9b2 ff88049e61f0f4ef e0269da736ddf004 bd713b37b67866c3 fd30682593995748 2a06f5614060e3b6 3fa57d488e979d74 4d7653ea9499eed4
372,c05f45f86d0771d5 cec2eea2a1fe566a c606425856952286 a14394322cf7043d 27a12f29dceccdbd 853e36b1550c6274 316382267dcd804f 46315cf30aaee51c d72363ddd958d906 4c3802a1bd3c842e 7e4a4a1300b77a06 fc21db75b354a917 0688c790d5806540 39075e303166355e c6b615b2589e036d 3d93a60f990a0a7c b6cdb608f640e038 18b1d2d84c97a364 39f6296778264878 bd0f175ee98c613e 36d33c41812ce7dc d64c06baf5ef1c90 40583079f57235a6 b78189788d563693 b0bfe0f426275870 d6bbbd6c4968075a 74244a8703c03720 e228204ae08d1355 9100ea6cd0e084bf 00af886180e9eaec
373,1f423f368aebf7f3 d980375fbd40c75f acf5cb026b3c4551 b371170568146b12 65254e0d209fd66e e36475c1af5ea3ab c03b11a0cdc3fa39 f05fa5f57dc03e81 4d9214c0925e5af8 fab14d178b24a67f 4f2fffd7528de786 5dd752753760ced8 48cf88c17ff38c5e ca4de5b8a7bda9df 4dba7ce835494a63 d92c0298f76ccf77 3b6d27775fce1c7b a2c35fdf07a13286 9c9a9d45c2ea7ddf 016da874bd04df55 b84b6c0b2e4d0306 f48d0fbea7dc2782 5c4b7558c942a224 50cb6a6c60ad711a b69ce8b8154645f8 3e8e56f639a5db5b 26140b225c4f8d3f d5952b2e031c4e7e 62431fd374eb99fb b1dcaca98bb76736
374,a0b1f4dd32f3e278 628accd9be98503c 62431fd374eb99fb b1dcaca98bb76736 8faeacf8ca08f62d 033d905aec273595 c36c2dce0e6e434f c1f2e3a76d388944 f209d29f991432f0 587e0b2a4811fab1 a2805ed52b47b8ec 5867d40811c0229f 52370bea1acd0600 9a0f5ee4f845c9b2 0bcaac840d5e66d7 c28bc62802b90f82 702d8f1064ab3e30 3986b68500d7704b 3fa57d488e979d74 ff88049e61f0f4ef e0269da736ddf004 bd713b37b67866c3 fd30682593995748 2a06f5614060e3b6 4d7653ea9499eed4 942a7d26d81c841f bd0f175ee98c613e ae94d8435a6847f4 b6d0f83aad4e4dc7 b24820ae14e16a24
375,4f2fffd7528de786 48cf88c17ff38c5e ca4de5b8a7bda9df 00d9eb862ba3dfc6 4dba7ce835494a63 3b6d27775fce1c7b b0e254dd420faee3 a2c35fdf07a13286 47fbe21f5c35c7b4 52370bea1acd0600 4d7653ea9499eed4 9a0f5ee4f845c9b2 0bcaac840d5e66d7 bbbd5d2fd957e8f7 702d8f1064ab3e30 3986b68500d7704b 3fa57d488e979d74 ff88049e61f0f4ef e0269da736ddf004 bd713b37b67866c3 fd30682593995748 2a06f5614060e3b6 c28bc62802b90f82 734dabb98795c35c 942a7d26d81c841f bd0f175ee98c613e ae94d8435a6847f4 b6d0f83aad4e4dc7 b24820ae14e16a24 622f2e4119882c94
376,428f9363fa35882d 00e1e2eb13f650e4 3e66b4855d0dddbe 680bb5c5c3bb6ee1 3ca7964973437917 74e59c5820900b17 1c3b74a02a86467d d72363ddd958d906 bf973f9ec3600199 8dedff0a79784abc 96e82fa141db9a4b e8ad5e31484ef889 e4a7a996ed6a5a81 5570ef88d970e9b4 1398b478b71773ed 07be6a290720707d ce0f56b7190c268a 6a3919ad9ed8197e 4491016efed845f1 9f3d2ca16f358290 133b04350c75770b 050544c040f46152 6406fcdb7d87b5dc 03ed286136d7b3cf e25a1da6ca187350 83f8f2fc471cad74 f29eee8054c061e1 5c8c6d9a1fd4c1e0 43b3338423d7386c 955e465ce0788ea6
377,6ae470a7c9ec20fd 20db73cf07a45f71 522bd6887960c25d 66ccd03c9e03ac06 a0b1f4dd32f3e278 5867d40811c0229f 52370bea1acd0600 4d7653ea9499eed4 9a0f5ee4f845c9b2 0bcaac840d5e66d7 47fbe21f5c35c7b4 702d8f1064ab3e30 3986b68500d7704b 3fa57d488e979d74 ff88049e61f0f4ef e0269da736ddf004 bd713b37b67866c3 fd30682593995748 2a06f5614060e3b6 39f6296778264878 c28bc62802b90f82 734dabb98795c35c 942a7d26d81c841f bd0f175ee98c613e ae94d8435a6847f4 b6d0f83aad4e4dc7 b24820ae14e16a24 622f2e4119882c94 4b8c7061102517ef bbbd5d2fd957e8f7
378,00e1e2eb13f650e4 b0e254dd420faee3 62431fd374eb99fb b1dcaca98bb76736 8faeacf8ca08f62d 033d905aec273595 c36c2dce0e6e434f c1f2e3a76d388944 f209d29f991432f0 587e0b2a4811fab1 a2805ed52b47b8ec 52370bea1acd0600 4d7653ea9499eed4 9a0f5ee4f845c9b2 0bcaac840d5e66d7 c28bc62802b90f82 702d8f1064ab3e30 47fbe21f5c35c7b4 3fa57d488e979d74 ff88049e61f0f4ef e0269da736ddf004 bd713b37b67866c3 fd30682593995748 3986b68500d7704b 0708923badf2ff5d 734dabb98795c35c 942a7d26d81c841f bd0f175ee98c613e ae94d8435a6847f4 b6d0f83aad4e4dc7
379,42bb83d7c4b9ecae a2805ed52b47b8ec 4d9214c0925e5af8 3e8e56f639a5db5b 62431fd374eb99fb b1dcaca98bb76736 d63b7f083330247f d16da1fb61813db9 016da874bd04df55 033d905aec273595 419b5dc40744fb9b cc0c9419f8a20603 c1f2e3a76d388944 6899956cd6c683f0 f48d0fbea7dc2782 24e582daf6f87158 5c4b7558c942a224 e1460af4a7044067 b69ce8b8154645f8 fa173131f15f5534 d92c0298f76ccf77 d5952b2e031c4e7e b05b5f6850cfa158 95ecdbff44ad0b60 855f2f0354e102c7 07f22a7ad7e4711d 64b31699d7d15934 bed3e73d52011f68 fb2ebcb5335ad2e2 8faeacf8ca08f62d
380,0c15f252d30646fc 3734d3b0b9232538 3c565c1fc2316d16 00958a140c3a6de8 db0e648651f4c92b 49b5678e0d1e5bcd 4d29c6922b2d0d56 8700059e85433b32 a0b1f4dd32f3e278 ba5199dba342af68 0220a434aa8bf029 d92c0298f76ccf77 b6e646c13d0753ae c015590d6a6fe833 4d9214c0925e5af8 ce0f56b7190c268a 016da874bd04df55 b84b6c0b2e4d0306 f48d0fbea7dc2782 5c4b7558c942a224 50cb6a6c60ad711a b69ce8b8154645f8 3e8e56f639a5db5b d5952b2e031c4e7e b1dcaca98bb76736 62431fd374eb99fb 8faeacf8ca08f62d 033d905aec273595 c36c2dce0e6e434f c1f2e3a76d388944
381,b78189788d563693 a14394322cf7043d c606425856952286 27a12f29dceccdbd 853e36b1550c6274 781f4d0147aef776 316382267dcd804f 46315cf30aaee51c d72363ddd958d906 4c3802a1bd3c842e 7e4a4a1300b77a06 fc21db75b354a917 892074f7c1ef5d5e 0688c790d5806540 39075e303166355e c6b615b2589e036d 3d93a60f990a0a7c b6cdb608f640e038 18b1d2d84c97a364 39f6296778264878 bd0f175ee98c613e 36d33c41812ce7dc d64c06baf5ef1c90 40583079f57235a6 b0bfe0f426275870 d6bbbd6c4968075a 74244a8703c03720 e228204ae08d1355 9100ea6cd0e084bf 00af886180e9eaec
382,d64c06baf5ef1c90 fd30682593995748 9f27aa36c1ea793c c03b11a0cdc3fa39 b50b4e27b03c7b37 c606425856952286 a14394322cf7043d 27a12f29dceccdbd 853e36b1550c6274 316382267dcd804f 46315cf30aaee51c d72363ddd958d906 4c3802a1bd3c842e 7e4a4a1300b77a06 fc21db75b354a917 0688c790d5806540 39075e303166355e c6b615b2589e036d 3d93a60f990a0a7c b6cdb608f640e038 18b1d2d84c97a364 39f6296778264878 bd0f175ee98c613e 428f9363fa35882d 36d33c41812ce7dc 40583079f57235a6 b78189788d563693 b0bfe0f426275870 d6bbbd6c4968075a 74244a8703c03720
383,a0b1f4dd32f3e278 c14d5b16840d3032 bbbd5d2fd957e8f7 47fbe21f5c35c7b4 52370bea1acd0600 4d7653ea9499eed4 9a0f5ee4f845c9b2 0bcaac840d5e66d7 c28bc62802b90f82 781f4d0147aef776 3986b68500d7704b 3fa57d488e979d74 ff88049e61f0f4ef e0269da736ddf004 bd713b37b67866c3 fd30682593995748 2a06f5614060e3b6 39f6296778264878 702d8f1064ab3e30 e36475c1af5ea3ab e7cad3748e50b0f8 0708923badf2ff5d 734dabb98795c35c 942a7d26d81c841f bd0f175ee98c613e ae94d8435a6847f4 b6d0f83aad4e4dc7 cea18be9a89d7a81 622f2e4119882c94 4b8c7061102517ef
384,e8684734f2e587bd 3c565c1fc2316d16 3ca7964973437917 1c3b74a02a86467d 00d9eb862ba3dfc6 00e1e2eb13f650e4 b0e254dd420faee3 5867d40811c0229f bbbd5d2fd957e8f7 52370bea1acd0600 4d7653ea9499eed4 9a0f5ee4f845c9b2 0bcaac840d5e66d7 c28bc62802b90f82 702d8f1064ab3e30 3986b68500d7704b 3fa57d488e979d74 ff88049e61f0f4ef e0269da736ddf004 bd713b37b67866c3 fd30682593995748 2a06f5614060e3b6 47fbe21f5c35c7b4 0708923badf2ff5d 734dabb98795c35c 942a7d26d81c841f bd0f175ee98c613e ae94d8435a6847f4 b6d0f83aad4e4dc7 b24820ae14e16a24
385,07be6a290720707d 28a2067685cb3e97 65708d542bd01f39 c015590d6a6fe833 db69d4cbfef8d22f 47fbe21f5c35c7b4 4bed80e56ea2e099 ca43e349133fc0e3 00e1e2eb13f650e4 62431fd374eb99fb b1dcaca98bb76736 8faeacf8ca08f62d 033d905aec273595 c36c2dce0e6e434f c1f2e3a76d388944 f209d29f991432f0 587e0b2a4811fab1 a2805ed52b47b8ec c28bc62802b90f82 702d8f1064ab3e30 3986b68500d7704b 3fa57d488e979d74 ff88049e61f0f4ef 0bcaac840d5e66d7 9a0f5ee4f845c9b2 e0269da736ddf004 4d7653ea9499eed4 52370bea1acd0600 bd713b37b67866c3 942a7d26d81c841f
386,428f9363fa35882d 680bb5c5c3bb6ee1 522bd6887960c25d 3e66b4855d0dddbe bf973f9ec3600199 74e59c5820900b17 8dedff0a79784abc e8ad5e31484ef889 1398b478b71773ed 07be6a290720707d ce0f56b7190c268a 24e582daf6f87158 42bb83d7c4b9ecae e1460af4a7044067 95ecdbff44ad0b60 07f22a7ad7e4711d 855f2f0354e102c7 fb2ebcb5335ad2e2 bed3e73d52011f68 64b31699d7d15934 3e8e56f639a5db5b 90ecb28f2edb9d43 8d58da0e1800dc96 47fbe21f5c35c7b4 050544c040f46152 a14394322cf7043d c606425856952286 ae94d8435a6847f4 0db6584e3bdfa1c4 52370bea1acd0600
387,70776cdd9bb3b7d4 72403ecdfe02bba6 05f23e7d05dbf7c2 db7342eff9200020 5b34da30b93eb123 d35e11d3d1ab3c67 0fbd0f422e926816 0d0368139e9a647f 430feb4826a5632e abf90e759d208468 796888cc3443006c 73391e0853c1e040 387e9cd2e5d4ea7d 316382267dcd804f 01020d1b0821f4c7 63d95d5977c2fe98 b3ad55963554f220 26fc2a95df5659c2 33856365c271aea4 5b16bae6a0de7c88 4522ad78bf79f0c9 f2234bb7ce0c6f59 46b99f864d6a075a c08c3765ac609cc0 4d417b203b333363 44d324ebd3e22ad7 f705b637f624147e a5f55580081236f4 00140806971e7a73 b760ebc5f25788d3
388,65708d542bd01f39 c015590d6a6fe833 db69d4cbfef8d22f 4bed80e56ea2e099 cea18be9a89d7a81 3734d3b0b9232538 4d9214c0925e5af8 62431fd374eb99fb b1dcaca98bb76736 24e582daf6f87158 42bb83d7c4b9ecae a9dad59c7055b56c e1460af4a7044067 9f4e0d572b1f4e6c 033d905aec273595 0451447dd64f6284 9c9a9d45c2ea7ddf c1f2e3a76d388944 96445bec1579ec97 95ecdbff44ad0b60 48a76e3aff69d605 855f2f0354e102c7 07f22a7ad7e4711d 486dd77002936dec 047769588be1aea9 447fc00f40d71d08 a2805ed52b47b8ec 50cb6a6c60ad711a d1e21234d7cc61d2 7c8324ce28ffb96e
389,9269d2b0d877352d 4f2fffd7528de786 48cf88c17ff38c5e ca4de5b8a7bda9df 4dba7ce835494a63 3b6d27775fce1c7b a2c35fdf07a13286 a18df74d3a16e9c0 62431fd374eb99fb b1dcaca98bb76736 24e582daf6f87158 42bb83d7c4b9ecae e1460af4a7044067 033d905aec273595 c1f2e3a76d388944 95ecdbff44ad0b60 855f2f0354e102c7 07f22a7ad7e4711d a2805ed52b47b8ec fb2ebcb5335ad2e2 64b31699d7d15934 bed3e73d52011f68 3e8e56f639a5db5b 90ecb28f2edb9d43 8d58da0e1800dc96 47fbe21f5c35c7b4 00d9eb862ba3dfc6 050544c040f46152 a14394322cf7043d c606425856952286
390,999a52f1d301247c 9b0e8cf8153e3b33 b6e646c13d0753ae 0772e3ab293a1f30 99e833818ec4bbf2 48f93f9c2c699e19 47fbe21f5c35c7b4 52370bea1acd0600 4d7653ea9499eed4 9a0f5ee4f845c9b2 0bcaac840d5e66d7 c28bc62802b90f82 702d8f1064ab3e30 3986b68500d7704b 3fa57d488e979d74 ff88049e61f0f4ef e0269da736ddf004 bd713b37b67866c3 fd30682593995748 2a06f5614060e3b6 e25a1da6ca187350 e7cad3748e50b0f8 734dabb98795c35c 942a7d26d81c841f bd0f175ee98c613e ae94d8435a6847f4 b6d0f83aad4e4dc7 b24820ae14e16a24 622f2e4119882c94 39f6296778264878
391,7c98dedd223b36c0 81b7c7e312bfa1a0 af41e2b6da3e7e02 95ecdbff44ad0b60 855f2f0354e102c7 07f22a7ad7e4711d fb2ebcb5335ad2e2 64b31699d7d15934 bed3e73d52011f68 4491016efed845f1 702d8f1064ab3e30 90ecb28f2edb9d43 29bedd00fb2be056 050544c040f46152 238de368bb05c0ec a14394322cf7043d c606425856952286 666bdff4faa513ca f44f74b3451aa593 0db6584e3bdfa1c4 83f8f2fc471cad74 6c017e548aa138f2 abf90e759d208468 5c8c6d9a1fd4c1e0 3c565c1fc2316d16 88b62355670ec8f8 27a12f29dceccdbd e8b87ed7db1bcb1f 366a22fce0614fb8 77e2f7da1f9d3a8f
392,4a5ac473c9d176ba 10ad13170242ecae e7dd56376be2cf1c 522bd6887960c25d 24e582daf6f87158 42bb83d7c4b9ecae 3a6e7894dde31c67 e1460af4a7044067 95ecdbff44ad0b60 855f2f0354e102c7 07f22a7ad7e4711d 62431fd374eb99fb b1dcaca98bb76736 bed3e73d52011f68 fb2ebcb5335ad2e2 64b31699d7d15934 033d905aec273595 3e8e56f639a5db5b 90ecb28f2edb9d43 8d58da0e1800dc96 47fbe21f5c35c7b4 c1f2e3a76d388944 050544c040f46152 c606425856952286 a14394322cf7043d ae94d8435a6847f4 0db6584e3bdfa1c4 52370bea1acd0600 d257d1fbcf43abd5 6c017e548aa138f2
393,4d9214c0925e5af8 033d905aec273595 666bdff4faa513ca 9c9a9d45c2ea7ddf 7155e5a86136eb02 133b04350c75770b 1d0f5fdc58e3efb5 3b6d27775fce1c7b d92c0298f76ccf77 a65e30106ea50423 0688c790d5806540 3ca7964973437917 285657fcdf89f00d 0f33ce8d8014f308 45bd99d5d2eef776 ebfda3b48083e390 0e45c4c185f35df6 c36c2dce0e6e434f a76ffccd2f5df1a7 26140b225c4f8d3f 1a05ef8c93af8eed 5b4c879fc9c316fb 25a3b47fe31bc6b5 f105a53e5cfae611 999a52f1d301247c fc16a50ff0baec53 24e582daf6f87158 42bb83d7c4b9ecae e1460af4a7044067 de8e1345e8c305c4
394,6a9aa1bd93e36e66 ce2fe99a7cda4a17 1d72229ebcc00faf d216e5458ad70e60 3c565c1fc2316d16 1398b478b71773ed 1d0f5fdc58e3efb5 148ac4a56a18844d 1efd7bd8a34a1359 a65e30106ea50423 cea18be9a89d7a81 9f4e0d572b1f4e6c 0451447dd64f6284 9b0e8cf8153e3b33 d6bbbd6c4968075a 58654e3143c6550b 1a05ef8c93af8eed 24e582daf6f87158 b6a1c97f19af78d0 c14d5b16840d3032 42bb83d7c4b9ecae dea5e9227fbbac29 e1460af4a7044067 486dd77002936dec 06de3ca1148b088b b6e646c13d0753ae 50cb6a6c60ad711a a9223c28b10c131f 7c8324ce28ffb96e 95ecdbff44ad0b60
395,4483bbdd3241f11a da904d2a54ff8cf2 0079f3c74309b582 5bf89d11a25121d9 b0e254dd420faee3 666bdff4faa513ca d92c0298f76ccf77 bbbd5d2fd957e8f7 0688c790d5806540 0f33ce8d8014f308 74873b42602d8958 0e45c4c185f35df6 4d29c6922b2d0d56 033d905aec273595 c36c2dce0e6e434f b50b4e27b03c7b37 a76ffccd2f5df1a7 7155e5a86136eb02 1a05ef8c93af8eed 133b04350c75770b 5b4c879fc9c316fb 25a3b47fe31bc6b5 f105a53e5cfae611 999a52f1d301247c fc16a50ff0baec53 4d9214c0925e5af8 7d83ffe83f61bdc4 3ca7964973437917 285657fcdf89f00d 45bd99d5d2eef776
396,e25a1da6ca187350 5c8c6d9a1fd4c1e0 01e5a6edcee7deb0 b26d8664feb18c8c 1d0f5fdc58e3efb5 f76f44d372517a9a 4d7653ea9499eed4 a813c15b46ceaf68 27bc34b9887bec0d 9a0f5ee4f845c9b2 daa257a37227cd72 72c2a95813ea72bd 8faeacf8ca08f62d 8fc68213b63951dc d3c4a7db726191e0 20d283a232dfd13c 095bb1b6ecbd0a50 e22c35101e190db9 eec6b281e236b500 4d32dae7b43c489a 81b639b74256b45b e878efab7c37179e bd713b37b67866c3 b29ab87af6ea6310 4491016efed845f1 b24820ae14e16a24 a65e30106ea50423 050544c040f46152 1f4f62844c3cb99c 16b11706660177ff
397,1d0f5fdc58e3efb5 0c2eeab1e4ce1db8 4b8c7061102517ef 00d9eb862ba3dfc6 5ebb4d2f5f1c1f13 98dbd15aa33ebc18 5867d40811c0229f 47fbe21f5c35c7b4 4d7653ea9499eed4 9a0f5ee4f845c9b2 0bcaac840d5e66d7 c28bc62802b90f82 702d8f1064ab3e30 3986b68500d7704b 3fa57d488e979d74 ff88049e61f0f4ef e0269da736ddf004 bd713b37b67866c3 fd30682593995748 2a06f5614060e3b6 39f6296778264878 52370bea1acd0600 0708923badf2ff5d 734dabb98795c35c 942a7d26d81c841f bd0f175ee98c613e ae94d8435a6847f4 b6d0f83aad4e4dc7 b24820ae14e16a24 cea18be9a89d7a81
398,ca4de5b8a7bda9df 00d9eb862ba3dfc6 48f93f9c2c699e19 47fbe21f5c35c7b4 52370bea1acd0600 4d7653ea9499eed4 9a0f5ee4f845c9b2 0bcaac840d5e66d7 c28bc62802b90f82 702d8f1064ab3e30 3986b68500d7704b bbbd5d2fd957e8f7 ff88049e61f0f4ef e0269da736ddf004 bd713b37b67866c3 fd30682593995748 2a06f5614060e3b6 39f6296778264878 e25a1da6ca187350 3fa57d488e979d74 e7cad3748e50b0f8 0708923badf2ff5d 734dabb98795c35c 942a7d26d81c841f bd0f175ee98c613e ae94d8435a6847f4 b6d0f83aad4e4dc7 b24820ae14e16a24 cea18be9a89d7a81 4b8c7061102517ef
399,36d33c41812ce7dc 2820628e65a062e2 ecb768ef6fd223ca 7cea1f637ea3f37d 6461a9faa871b3ac 1a8e5d6512d9e2d8 155600e5f1221f8c 976baf0e84752a68 190ab585fd379f0f 628accd9be98503c bd9cd6b87a4fe0ce 74873b42602d8958 4d29c6922b2d0d56 b0b5e62a93a2c37c 120e745e2961b5d5 b1dcaca98bb76736 62431fd374eb99fb 8faeacf8ca08f62d 033d905aec273595 c36c2dce0e6e434f c1f2e3a76d388944 f209d29f991432f0 587e0b2a4811fab1 a2805ed52b47b8ec 0bcaac840d5e66d7 702d8f1064ab3e30 3986b68500d7704b 3fa57d488e979d74 ff88049e61f0f4ef e0269da736ddf004
400,ffc688c4c1c2a068 b749972436ac9791 a9eef13786610446 29bedd00fb2be056 c08c3765ac609cc0 e14a893f1918277e 0eafda717681bbdc e7cad3748e50b0f8 65fac1ba1840000f 2a06f5614060e3b6 bb7515be835dea49 6d80d2e62d01f6bc 54f55c74d37db3c0 74e59c5820900b17 4d417b203b333363 44d324ebd3e22ad7 f46601a9955f9949 005666aa098abe8e 65254e0d209fd66e 5d26da95786b3a3a 0fbd0f422e926816 f2b5098ac9c92da9 538c7bb968b2154c 64267373570e4ea3 ac9ee0c09b538140 83b911ff0ff45844 18b1d2d84c97a364 d72363ddd958d906 6c017e548aa138f2 5c8c6d9a1fd4c1e0
401,b749972436ac9791 ffc688c4c1c2a068 0fbd0f422e926816 72403ecdfe02bba6 05f23e7d05dbf7c2 a9eef13786610446 29bedd00fb2be056 c08c3765ac609cc0 e14a893f1918277e 0eafda717681bbdc e7cad3748e50b0f8 316382267dcd804f 65fac1ba1840000f 2a06f5614060e3b6 bb7515be835dea49 70776cdd9bb3b7d4 01020d1b0821f4c7 5b34da30b93eb123 b3ad55963554f220 63d95d5977c2fe98 6d80d2e62d01f6bc 33856365c271aea4 54f55c74d37db3c0 74e59c5820900b17 abf90e759d208468 796888cc3443006c 73391e0853c1e040 5b16bae6a0de7c88 387e9cd2e5d4ea7d db7342eff9200020
402,4beacc71024f8b08 ae94d8435a6847f4 48a76e3aff69d605 9c9a9d45c2ea7ddf 0e45c4c185f35df6 e8b87ed7db1bcb1f 2359719a0f40ffac e6a29676c096f8e8 a860b682add9de1c f105a53e5cfae611 26140b225c4f8d3f 95166957b2c38794 f46601a9955f9949 8dedff0a79784abc b6e72edcad270be0 81bd116c786bf9ae 0451447dd64f6284 a0566ca9daca7778 999a52f1d301247c 0c2eeab1e4ce1db8 404031ab9d5977c4 4b8c7061102517ef 5ebb4d2f5f1c1f13 4d29c6922b2d0d56 3734d3b0b9232538 98dbd15aa33ebc18 8d58da0e1800dc96 4d9214c0925e5af8 5fb2d8e734956af0 a9dad59c7055b56c
403,a65e30106ea50423 4f2fffd7528de786 48cf88c17ff38c5e ca4de5b8a7bda9df 4dba7ce835494a63 3b6d27775fce1c7b b0e254dd420faee3 a2c35fdf07a13286 d1e21234d7cc61d2 e740c80fce094788 1d0f5fdc58e3efb5 5867d40811c0229f 0bcaac840d5e66d7 c28bc62802b90f82 702d8f1064ab3e30 3986b68500d7704b ff88049e61f0f4ef e0269da736ddf004 bd713b37b67866c3 fd30682593995748 2a06f5614060e3b6 39f6296778264878 c31a456b544a40a8 3fa57d488e979d74 bd0f175ee98c613e b6d0f83aad4e4dc7 b24820ae14e16a24 622f2e4119882c94 4b8c7061102517ef af8e70f978cd5aee
404,05f23e7d05dbf7c2 72403ecdfe02bba6 0fbd0f422e926816 db7342eff9200020 70776cdd9bb3b7d4 abf90e759d208468 796888cc3443006c 73391e0853c1e040 387e9cd2e5d4ea7d 46b99f864d6a075a 316382267dcd804f 01020d1b0821f4c7 5b34da30b93eb123 d35e11d3d1ab3c67 63d95d5977c2fe98 b3ad55963554f220 26fc2a95df5659c2 33856365c271aea4 0d0368139e9a647f 5b16bae6a0de7c88 447fc00f40d71d08 430feb4826a5632e 4522ad78bf79f0c9 f2234bb7ce0c6f59 74244a8703c03720 8e0760918e88e4a9 4d29c6922b2d0d56 3e8e56f639a5db5b 2e79d45ba4d1540d 05e4165a56bf50eb
405,a18df74d3a16e9c0 6ae470a7c9ec20fd 6e239f4dd4b6aed7 db7342eff9200020 b749972436ac9791 ffc688c4c1c2a068 05f23e7d05dbf7c2 72403ecdfe02bba6 a9eef13786610446 ca4de5b8a7bda9df 0fbd0f422e926816 5d26da95786b3a3a 29bedd00fb2be056 70776cdd9bb3b7d4 ac9ee0c09b538140 c08c3765ac609cc0 83b911ff0ff45844 18b1d2d84c97a364 e14a893f1918277e 0eafda717681bbdc abf90e759d208468 796888cc3443006c 73391e0853c1e040 387e9cd2e5d4ea7d e7cad3748e50b0f8 2a06f5614060e3b6 65fac1ba1840000f 8d58da0e1800dc96 316382267dcd804f bb7515be835dea49
406,48f93f9c2c699e19 a84cd36608cb8665 451e7ba901ad661d 24e582daf6f87158 42bb83d7c4b9ecae e1460af4a7044067 95ecdbff44ad0b60 855f2f0354e102c7 07f22a7ad7e4711d bed3e73d52011f68 64b31699d7d15934 fb2ebcb5335ad2e2 3e8e56f639a5db5b 90ecb28f2edb9d43 8d58da0e1800dc96 47fbe21f5c35c7b4 00d9eb862ba3dfc6 050544c040f46152 a14394322cf7043d c606425856952286 ae94d8435a6847f4 0db6584e3bdfa1c4 52370bea1acd0600 6c017e548aa138f2 abf90e759d208468 3c565c1fc2316d16 796888cc3443006c 92f42fbd0c38f7fd 88b62355670ec8f8 366a22fce0614fb8
407,b6cdb608f640e038 898a4921ab9f4cce c606425856952286 a14394322cf7043d 27a12f29dceccdbd 853e36b1550c6274 316382267dcd804f 46315cf30aaee51c d72363ddd958d906 4c3802a1bd3c842e 7e4a4a1300b77a06 fc21db75b354a917 0688c790d5806540 39075e303166355e c6b615b2589e036d 3d93a60f990a0a7c d257d1fbcf43abd5 18b1d2d84c97a364 39f6296778264878 bd0f175ee98c613e 36d33c41812ce7dc f48d0fbea7dc2782 d64c06baf5ef1c90 40583079f57235a6 b78189788d563693 4d29c6922b2d0d56 b0bfe0f426275870 b69ce8b8154645f8 d6bbbd6c4968075a 74244a8703c03720
408,0772e3ab293a1f30 26140b225c4f8d3f 0c2eeab1e4ce1db8 4b8c7061102517ef 5ebb4d2f5f1c1f13 98dbd15aa33ebc18 8d58da0e1800dc96 d72363ddd958d906 5fb2d8e734956af0 1f4f62844c3cb99c db7342eff9200020 b6e646c13d0753ae c015590d6a6fe833 025a148c3a53bd9f a52df8083c238c46 acae1d29289b1266 197fa50b30d91fe8 6a3919ad9ed8197e 0451447dd64f6284 40583079f57235a6 49224aca40e6e5e3 2901e5309bb3f8f6 cc861214a89ef1f4 7b81f1f2b6ec2e5f 5a1149fbcbd37376 19b4014943e0ad92 702d8f1064ab3e30 3fa57d488e979d74 c31a456b544a40a8 ff88049e61f0f4ef
409,dc17b07476183764 d92c0298f76ccf77 4d9214c0925e5af8 016da874bd04df55 b84b6c0b2e4d0306 f48d0fbea7dc2782 5c4b7558c942a224 50cb6a6c60ad711a b69ce8b8154645f8 3e8e56f639a5db5b d5952b2e031c4e7e 4d7653ea9499eed4 9a0f5ee4f845c9b2 0bcaac840d5e66d7 c28bc62802b90f82 702d8f1064ab3e30 3986b68500d7704b 52370bea1acd0600 ff88049e61f0f4ef e0269da736ddf004 bd713b37b67866c3 fd30682593995748 2a06f5614060e3b6 39f6296778264878 3fa57d488e979d74 bd0f175ee98c613e ae94d8435a6847f4 b6d0f83aad4e4dc7 b24820ae14e16a24 622f2e4119882c94
410,8d58da0e1800dc96 0db6584e3bdfa1c4 796888cc3443006c acae1d29289b1266 09660f466b38b7ba 5fb2d8e734956af0 1f4f62844c3cb99c 16b11706660177ff 33856365c271aea4 db7342eff9200020 387e9cd2e5d4ea7d 025a148c3a53bd9f 40583079f57235a6 a52df8083c238c46 197fa50b30d91fe8 57113c2a4cacd961 942a7d26d81c841f 430feb4826a5632e 0451447dd64f6284 49224aca40e6e5e3 2901e5309bb3f8f6 cc861214a89ef1f4 7b81f1f2b6ec2e5f a9eef13786610446 5a1149fbcbd37376 155600e5f1221f8c 976baf0e84752a68 24e582daf6f87158 42bb83d7c4b9ecae e1460af4a7044067
411,b9d966ad9e04127a 5f94b027039f4e48 50cb6a6c60ad711a d1e21234d7cc61d2 70ebf53ced736fa4 da011b87595c1019 28a2067685cb3e97 1efd7bd8a34a1359 522bd6887960c25d 5b4c879fc9c316fb 538c7bb968b2154c 3a6e7894dde31c67 d257d1fbcf43abd5 ad06e9eeea8eb4ea aa0789b403bcd839 0451447dd64f6284 9b0e8cf8153e3b33 b1dcaca98bb76736 62431fd374eb99fb 24e582daf6f87158 d6bbbd6c4968075a 58654e3143c6550b 42bb83d7c4b9ecae b6a1c97f19af78d0 e1460af4a7044067 dea5e9227fbbac29 033d905aec273595 98dbd15aa33ebc18 b6e646c13d0753ae 047769588be1aea9
412,db7342eff9200020 0772e3ab293a1f30 70776cdd9bb3b7d4 c08c3765ac609cc0 5b34da30b93eb123 d35e11d3d1ab3c67 8d58da0e1800dc96 4d417b203b333363 44d324ebd3e22ad7 0d0368139e9a647f f705b637f624147e a5f55580081236f4 00140806971e7a73 b760ebc5f25788d3 5fb2d8e734956af0 05f23e7d05dbf7c2 72403ecdfe02bba6 1f4f62844c3cb99c 005666aa098abe8e fc16a50ff0baec53 430feb4826a5632e d92c0298f76ccf77 ffc688c4c1c2a068 b749972436ac9791 877672967d3f70bb 4d9214c0925e5af8 025a148c3a53bd9f 0897dcfae16e280f a9eef13786610446 6aac5e116b75aa22
413,351c9da399c2b915 a84cd36608cb8665 97d696011258825c 451e7ba901ad661d 5ebb4d2f5f1c1f13 bfb8032f2183d471 a853f13216170123 1f4f62844c3cb99c 025a148c3a53bd9f 377c1150c781e37a e8684734f2e587bd 8d58da0e1800dc96 5fb2d8e734956af0 9a0f5ee4f845c9b2 a813c15b46ceaf68 4d7653ea9499eed4 daa257a37227cd72 27bc34b9887bec0d 72c2a95813ea72bd db7342eff9200020 00e1e2eb13f650e4 702d8f1064ab3e30 b29ab87af6ea6310 bd713b37b67866c3 e878efab7c37179e 20d283a232dfd13c 8fc68213b63951dc d3c4a7db726191e0 095bb1b6ecbd0a50 81b639b74256b45b
414,8dc313a2cf9da354 00958a140c3a6de8 190ab585fd379f0f b50b4e27b03c7b37 bc27d5dc9bab1c18 d7d937303a6d5a9d 8f578001f9d5f543 853e36b1550c6274 46315cf30aaee51c fc21db75b354a917 0688c790d5806540 b78189788d563693 016da874bd04df55 9c9a9d45c2ea7ddf 74244a8703c03720 047769588be1aea9 428f9363fa35882d 19b4014943e0ad92 bd713b37b67866c3 e0269da736ddf004 fd30682593995748 2a06f5614060e3b6 ff88049e61f0f4ef 39f6296778264878 3fa57d488e979d74 3986b68500d7704b e25a1da6ca187350 702d8f1064ab3e30 b6d0f83aad4e4dc7 b24820ae14e16a24
415,05e4165a56bf50eb e8684734f2e587bd a65e30106ea50423 0772e3ab293a1f30 a14394322cf7043d c606425856952286 27a12f29dceccdbd 853e36b1550c6274 316382267dcd804f 46315cf30aaee51c d72363ddd958d906 4c3802a1bd3c842e 7e4a4a1300b77a06 fc21db75b354a917 0688c790d5806540 d1e21234d7cc61d2 39075e303166355e c6b615b2589e036d 3d93a60f990a0a7c b6cdb608f640e038 e740c80fce094788 18b1d2d84c97a364 39f6296778264878 bd0f175ee98c613e 36d33c41812ce7dc d64c06baf5ef1c90 1d0f5fdc58e3efb5 40583079f57235a6 b78189788d563693 b0bfe0f426275870
416,2cebd52b41930f0a 4b29fc21f912754d 3c0873ce078d332b 47fbe21f5c35c7b4 52370bea1acd0600 4d7653ea9499eed4 9a0f5ee4f845c9b2 0bcaac840d5e66d7 c28bc62802b90f82 bbbd5d2fd957e8f7 3986b68500d7704b 3fa57d488e979d74 ff88049e61f0f4ef e0269da736ddf004 bd713b37b67866c3 fd30682593995748 2a06f5614060e3b6 39f6296778264878 702d8f1064ab3e30 e7cad3748e50b0f8 0708923badf2ff5d 734dabb98795c35c 942a7d26d81c841f bd0f175ee98c613e ae94d8435a6847f4 b6d0f83aad4e4dc7 b24820ae14e16a24 cea18be9a89d7a81 4b8c7061102517ef af8e70f978cd5aee
417,0b0021aa60d05daa a9dad59c7055b56c 20db73cf07a45f71 cea18be9a89d7a81 3b6d27775fce1c7b 66ccd03c9e03ac06 4f2fffd7528de786 48cf88c17ff38c5e b84b6c0b2e4d0306 ca4de5b8a7bda9df 4dba7ce835494a63 d92c0298f76ccf77 4d9214c0925e5af8 f76f44d372517a9a 4d7653ea9499eed4 72c2a95813ea72bd 27bc34b9887bec0d daa257a37227cd72 a813c15b46ceaf68 9a0f5ee4f845c9b2 a2c35fdf07a13286 20d283a232dfd13c e878efab7c37179e 4d32dae7b43c489a d3c4a7db726191e0 8fc68213b63951dc e22c35101e190db9 bd713b37b67866c3 095bb1b6ecbd0a50 eec6b281e236b500
418,16b11706660177ff 0772e3ab293a1f30 57113c2a4cacd961 09660f466b38b7ba 0db6584e3bdfa1c4 796888cc3443006c 20db73cf07a45f71 387e9cd2e5d4ea7d 33856365c271aea4 942a7d26d81c841f 66ccd03c9e03ac06 430feb4826a5632e a9eef13786610446 f76f44d372517a9a 9a0f5ee4f845c9b2 27bc34b9887bec0d 72c2a95813ea72bd daa257a37227cd72 a813c15b46ceaf68 4d7653ea9499eed4 095bb1b6ecbd0a50 e22c35101e190db9 d3c4a7db726191e0 81b639b74256b45b 20d283a232dfd13c e878efab7c37179e 4d32dae7b43c489a b29ab87af6ea6310 eec6b281e236b500 8fc68213b63951dc
419,4dba7ce835494a63 83f8f2fc471cad74 d64c06baf5ef1c90 3cb6b40d377e7ca8 9cf6709de35bf0f3 2394b08708475900 ee3ed9a3f51336cd c810ac016901e8ac 4f2fffd7528de786 6461a9faa871b3ac 54a11cbcd7a32af4 e7828f0ea9749505 f49e13a653cbdad2 60a070db9f1869b5 520ec719078be07c fd30682593995748 83f5a9732f0de67f 19e8f436d4b2fc25 72b80b099fd64ec4 0eedb1a0d3b8ddae 9fda36f260eec24e b05b5f6850cfa158 b0e254dd420faee3 b1dcaca98bb76736 62431fd374eb99fb 8faeacf8ca08f62d 033d905aec273595 c36c2dce0e6e434f c1f2e3a76d388944 f209d29f991432f0
420,ae94d8435a6847f4 acae1d29289b1266 4d417b203b333363 73f770f2643a2135 65d44c6393907290 28403e62105b00f6 62431fd374eb99fb b1dcaca98bb76736 54f55c74d37db3c0 24e582daf6f87158 b78189788d563693 8e83d05923cde390 42bb83d7c4b9ecae e1460af4a7044067 033d905aec273595 047769588be1aea9 c1f2e3a76d388944 95ecdbff44ad0b60 07f22a7ad7e4711d 855f2f0354e102c7 a2805ed52b47b8ec bed3e73d52011f68 fb2ebcb5335ad2e2 64b31699d7d15934 3e8e56f639a5db5b 90ecb28f2edb9d43 8d58da0e1800dc96 47fbe21f5c35c7b4 050544c040f46152 a14394322cf7043d
421,c14d5b16840d3032 99e833818ec4bbf2 48f93f9c2c699e19 c31a456b544a40a8 52370bea1acd0600 4d7653ea9499eed4 9a0f5ee4f845c9b2 0bcaac840d5e66d7 c28bc62802b90f82 702d8f1064ab3e30 3986b68500d7704b 3fa57d488e979d74 ff88049e61f0f4ef e0269da736ddf004 bd713b37b67866c3 fd30682593995748 2a06f5614060e3b6 39f6296778264878 e25a1da6ca187350 47fbe21f5c35c7b4 e7cad3748e50b0f8 0708923badf2ff5d 734dabb98795c35c 942a7d26d81c841f bd0f175ee98c613e ae94d8435a6847f4 b6d0f83aad4e4dc7 b24820ae14e16a24 bbbd5d2fd957e8f7 4b8c7061102517ef
422,4b8c7061102517ef 2b48ab08c915c0ad 50ba507a268872e1 00d9f8d3f7d412b3 64267373570e4ea3 27a12f29dceccdbd 316382267dcd804f 4d9214c0925e5af8 d72363ddd958d906 7e4a4a1300b77a06 8dc313a2cf9da354 0f33ce8d8014f308 18b1d2d84c97a364 39f6296778264878 bd0f175ee98c613e bbbd5d2fd957e8f7 00ff646ca6637bd7 36d33c41812ce7dc d64c06baf5ef1c90 ee3ed9a3f51336cd c810ac016901e8ac f28fb3d9880c5d4c 74244a8703c03720 cc861214a89ef1f4 7cea1f637ea3f37d e228204ae08d1355 6461a9faa871b3ac 01104a026d22ae55 6cb9ab508a0678a0 00af886180e9eaec
423,bbbd5d2fd957e8f7 4483bbdd3241f11a 74873b42602d8958 4d29c6922b2d0d56 b50b4e27b03c7b37 e5fb8dc5c9cb4a19 5bf89d11a25121d9 7d83ffe83f61bdc4 f28fb3d9880c5d4c a677c3a76055a6d2 b8e2f75014710ced 04fda7c9d8971ec0 6e1b6b53c9710940 fc8971756f9ec194 0bcaac840d5e66d7 c28bc62802b90f82 702d8f1064ab3e30 3986b68500d7704b 9a0f5ee4f845c9b2 ff88049e61f0f4ef e0269da736ddf004 bd713b37b67866c3 fd30682593995748 39f6296778264878 3fa57d488e979d74 bd0f175ee98c613e ae94d8435a6847f4 b6d0f83aad4e4dc7 b24820ae14e16a24 622f2e4119882c94
424,48cf88c17ff38c5e 4f2fffd7528de786 52370bea1acd0600 ca4de5b8a7bda9df 4dba7ce835494a63 dc12cc503ac0eddb 3b6d27775fce1c7b a2c35fdf07a13286 20db73cf07a45f71 413c55a5ab86881a 95d25d38ba7df9c7 5867d40811c0229f 9a0f5ee4f845c9b2 0bcaac840d5e66d7 c28bc62802b90f82 4d7653ea9499eed4 3986b68500d7704b 3fa57d488e979d74 ff88049e61f0f4ef e0269da736ddf004 bd713b37b67866c3 fd30682593995748 2a06f5614060e3b6 39f6296778264878 e25a1da6ca187350 702d8f1064ab3e30 c31a456b544a40a8 bbbd5d2fd957e8f7 cea18be9a89d7a81 5fb2d8e734956af0
425,428f9363fa35882d 00e1e2eb13f650e4 3ca7964973437917 1c3b74a02a86467d 62431fd374eb99fb b1dcaca98bb76736 8faeacf8ca08f62d 033d905aec273595 c36c2dce0e6e434f c1f2e3a76d388944 f209d29f991432f0 587e0b2a4811fab1 a2805ed52b47b8ec 4d7653ea9499eed4 9a0f5ee4f845c9b2 c28bc62802b90f82 0bcaac840d5e66d7 702d8f1064ab3e30 52370bea1acd0600 3fa57d488e979d74 ff88049e61f0f4ef e0269da736ddf004 bd713b37b67866c3 fd30682593995748 3986b68500d7704b 734dabb98795c35c 942a7d26d81c841f bd0f175ee98c613e ae94d8435a6847f4 b6d0f83aad4e4dc7
426,b1dcaca98bb76736 62431fd374eb99fb 24e582daf6f87158 42bb83d7c4b9ecae e1460af4a7044067 033d905aec273595 c1f2e3a76d388944 95ecdbff44ad0b60 855f2f0354e102c7 07f22a7ad7e4711d a2805ed52b47b8ec 64b31699d7d15934 bed3e73d52011f68 fb2ebcb5335ad2e2 3e8e56f639a5db5b 90ecb28f2edb9d43 8d58da0e1800dc96 47fbe21f5c35c7b4 050544c040f46152 a14394322cf7043d c606425856952286 ae94d8435a6847f4 0db6584e3bdfa1c4 52370bea1acd0600 6c017e548aa138f2 abf90e759d208468 3c565c1fc2316d16 796888cc3443006c 92f42fbd0c38f7fd 88b62355670ec8f8
427,3c565c1fc2316d16 0c2eeab1e4ce1db8 4b8c7061102517ef 5ebb4d2f5f1c1f13 a0b1f4dd32f3e278 98dbd15aa33ebc18 47fbe21f5c35c7b4 4d7653ea9499eed4 9a0f5ee4f845c9b2 0bcaac840d5e66d7 c28bc62802b90f82 702d8f1064ab3e30 3986b68500d7704b 3fa57d488e979d74 ff88049e61f0f4ef e0269da736ddf004 bd713b37b67866c3 fd30682593995748 2a06f5614060e3b6 39f6296778264878 52370bea1acd0600 0708923badf2ff5d 734dabb98795c35c 942a7d26d81c841f bd0f175ee98c613e ae94d8435a6847f4 b6d0f83aad4e4dc7 b24820ae14e16a24 cea18be9a89d7a81 af8e70f978cd5aee
428,1f423f368aebf7f3 734dabb98795c35c a2c35fdf07a13286 98dbd15aa33ebc18 d257d1fbcf43abd5 ad06e9eeea8eb4ea 0451447dd64f6284 3a6e7894dde31c67 9b0e8cf8153e3b33 d6bbbd6c4968075a 58654e3143c6550b b6a1c97f19af78d0 dea5e9227fbbac29 b6e646c13d0753ae 047769588be1aea9 a9223c28b10c131f 8dedff0a79784abc e9c20b67a4c5395f 4f915ad69e1dca36 ce0f56b7190c268a c143c095983a65c2 628accd9be98503c 0c2eeab1e4ce1db8 4b8c7061102517ef 5ebb4d2f5f1c1f13 b1dcaca98bb76736 62431fd374eb99fb 8faeacf8ca08f62d 033d905aec273595 c36c2dce0e6e434f
429,c810ac016901e8ac 74244a8703c03720 dea5e9227fbbac29 b6e646c13d0753ae c015590d6a6fe833 50806199c80e215c 8b7c486a910dd004 7ee52d2519eea367 b0e254dd420faee3 3b4a85bac6ead3c8 63d509cd2a2e0e47 a0b1f4dd32f3e278 99e833818ec4bbf2 00d9eb862ba3dfc6 48f93f9c2c699e19 00e1e2eb13f650e4 ae94d8435a6847f4 bd0f175ee98c613e 52370bea1acd0600 4d7653ea9499eed4 9a0f5ee4f845c9b2 0772e3ab293a1f30 c28bc62802b90f82 702d8f1064ab3e30 3986b68500d7704b 3fa57d488e979d74 ff88049e61f0f4ef e0269da736ddf004 942a7d26d81c841f 0bcaac840d5e66d7
430,919b1679fffa7ef1 28403e62105b00f6 9c9ebf71707d7a37 d92c0298f76ccf77 4d9214c0925e5af8 b0e254dd420faee3 f6d23cdd2359f7c0 0add47a043c64d7f db0e648651f4c92b 016da874bd04df55 bee46c54461925d0 b84b6c0b2e4d0306 585f4ee09d8fea46 c05f45f86d0771d5 f48d0fbea7dc2782 5c4b7558c942a224 50cb6a6c60ad711a b69ce8b8154645f8 3e8e56f639a5db5b d5952b2e031c4e7e dc576af4ae66e25e 8e83d05923cde390 b1dcaca98bb76736 62431fd374eb99fb 8faeacf8ca08f62d 033d905aec273595 c36c2dce0e6e434f 522bd6887960c25d c1f2e3a76d388944 f209d29f991432f0
431,4a5ac473c9d176ba e0269da736ddf004 e7dd56376be2cf1c 10ad13170242ecae 0772e3ab293a1f30 d216e5458ad70e60 0c2eeab1e4ce1db8 4b8c7061102517ef 5ebb4d2f5f1c1f13 98dbd15aa33ebc18 52370bea1acd0600 4d7653ea9499eed4 9a0f5ee4f845c9b2 0bcaac840d5e66d7 c28bc62802b90f82 702d8f1064ab3e30 3986b68500d7704b 47fbe21f5c35c7b4 ff88049e61f0f4ef bd713b37b67866c3 fd30682593995748 2a06f5614060e3b6 3fa57d488e979d74 bbbd5d2fd957e8f7 cea18be9a89d7a81 39f6296778264878 447fc00f40d71d08 45bd99d5d2eef776 9c9a9d45c2ea7ddf 00140806971e7a73
432,120e745e2961b5d5 c03b11a0cdc3fa39 8dc313a2cf9da354 d64c06baf5ef1c90 0c2eeab1e4ce1db8 00ff646ca6637bd7 fab14d178b24a67f 016da874bd04df55 351c9da399c2b915 a0b1f4dd32f3e278 00958a140c3a6de8 5dd752753760ced8 f28fb3d9880c5d4c b0b5e62a93a2c37c 42c9b72cc77dcb28 b50b4e27b03c7b37 2bafd15871caae91 fd30682593995748 a677c3a76055a6d2 2e44fbb8bc3d8d71 9f27aa36c1ea793c 37001ade0df85823 2dd12c230ab22555 bc27d5dc9bab1c18 fc8971756f9ec194 702d8f1064ab3e30 c28bc62802b90f82 3986b68500d7704b 3fa57d488e979d74 ff88049e61f0f4ef
433,9c9a9d45c2ea7ddf 26140b225c4f8d3f 148ac4a56a18844d 9f4e0d572b1f4e6c 0451447dd64f6284 cea18be9a89d7a81 486dd77002936dec 3734d3b0b9232538 50cb6a6c60ad711a 7c8324ce28ffb96e af8e70f978cd5aee e8b87ed7db1bcb1f 2359719a0f40ffac 4d9214c0925e5af8 2e031d83339759b2 a9dad59c7055b56c 3b4a85bac6ead3c8 f46601a9955f9949 1dc7139adba034ec 6a3919ad9ed8197e 96445bec1579ec97 999a52f1d301247c 48a76e3aff69d605 047769588be1aea9 447fc00f40d71d08 d1e21234d7cc61d2 ae77487a89f2610c d257d1fbcf43abd5 2e79d45ba4d1540d da011b87595c1019
434,999a52f1d301247c 238de368bb05c0ec 148ac4a56a18844d 0683b6a78f54be75 b6cdb608f640e038 e5fb8dc5c9cb4a19 0add47a043c64d7f f48d0fbea7dc2782 b69ce8b8154645f8 f29eee8054c061e1 828f5dfbbf1272ee 9f4e0d572b1f4e6c 0451447dd64f6284 9b0e8cf8153e3b33 1efd7bd8a34a1359 d6bbbd6c4968075a 58654e3143c6550b 1a05ef8c93af8eed b6a1c97f19af78d0 dea5e9227fbbac29 cea18be9a89d7a81 486dd77002936dec 06de3ca1148b088b b6e646c13d0753ae c96049ed915ced0a 50cb6a6c60ad711a a9223c28b10c131f 7c8324ce28ffb96e e9c20b67a4c5395f 2e031d83339759b2
435,5570ef88d970e9b4 81b7c7e312bfa1a0 7c9248ed6224aa26 6ae470a7c9ec20fd f28fb3d9880c5d4c 939a1f686ea36c05 a677c3a76055a6d2 87c5481930cfe126 04fda7c9d8971ec0 fc8971756f9ec194 4d9214c0925e5af8 b6e646c13d0753ae c015590d6a6fe833 522bd6887960c25d 9c9a9d45c2ea7ddf 26140b225c4f8d3f 99e833818ec4bbf2 48f93f9c2c699e19 e25a1da6ca187350 39f6296778264878 2a06f5614060e3b6 fd30682593995748 bd713b37b67866c3 e0269da736ddf004 c31a456b544a40a8 b6d0f83aad4e4dc7 ff88049e61f0f4ef 3fa57d488e979d74 622f2e4119882c94 3986b68500d7704b
436,d72363ddd958d906 4e966bb2768c2b8a 6a3919ad9ed8197e 19b4014943e0ad92 28403e62105b00f6 8e83d05923cde390 62431fd374eb99fb b1dcaca98bb76736 8faeacf8ca08f62d 033d905aec273595 c36c2dce0e6e434f c1f2e3a76d388944 f209d29f991432f0 587e0b2a4811fab1 a2805ed52b47b8ec 3986b68500d7704b 702d8f1064ab3e30 c28bc62802b90f82 9a0f5ee4f845c9b2 3fa57d488e979d74 ff88049e61f0f4ef e0269da736ddf004 bd713b37b67866c3 fd30682593995748 2a06f5614060e3b6 39f6296778264878 0bcaac840d5e66d7 bd0f175ee98c613e b6d0f83aad4e4dc7 b24820ae14e16a24
437,5d26da95786b3a3a 0772e3ab293a1f30 d92c0298f76ccf77 4d9214c0925e5af8 016da874bd04df55 b84b6c0b2e4d0306 f48d0fbea7dc2782 5c4b7558c942a224 50cb6a6c60ad711a b69ce8b8154645f8 3e8e56f639a5db5b d5952b2e031c4e7e 62431fd374eb99fb b1dcaca98bb76736 8faeacf8ca08f62d 033d905aec273595 c36c2dce0e6e434f c1f2e3a76d388944 f209d29f991432f0 587e0b2a4811fab1 a2805ed52b47b8ec bd713b37b67866c3 9a0f5ee4f845c9b2 e0269da736ddf004 ae94d8435a6847f4 0bcaac840d5e66d7 702d8f1064ab3e30 b6d0f83aad4e4dc7 bd0f175ee98c613e ff88049e61f0f4ef
438,6ae470a7c9ec20fd b1dcaca98bb76736 62431fd374eb99fb 8faeacf8ca08f62d 033d905aec273595 c36c2dce0e6e434f c1f2e3a76d388944 f209d29f991432f0 587e0b2a4811fab1 a2805ed52b47b8ec 00d9eb862ba3dfc6 52370bea1acd0600 4d7653ea9499eed4 9a0f5ee4f845c9b2 0bcaac840d5e66d7 c28bc62802b90f82 702d8f1064ab3e30 3fa57d488e979d74 ff88049e61f0f4ef e0269da736ddf004 bd713b37b67866c3 fd30682593995748 2a06f5614060e3b6 3986b68500d7704b 734dabb98795c35c 942a7d26d81c841f bd0f175ee98c613e ae94d8435a6847f4 b6d0f83aad4e4dc7 b24820ae14e16a24
439,4483bbdd3241f11a da904d2a54ff8cf2 a84cd36608cb8665 7cea1f637ea3f37d a1314cd417504572 28403e62105b00f6 8e83d05923cde390 62431fd374eb99fb b1dcaca98bb76736 8faeacf8ca08f62d 033d905aec273595 c36c2dce0e6e434f c1f2e3a76d388944 f209d29f991432f0 587e0b2a4811fab1 a2805ed52b47b8ec c28bc62802b90f82 0bcaac840d5e66d7 9a0f5ee4f845c9b2 52370bea1acd0600 702d8f1064ab3e30 3986b68500d7704b 3fa57d488e979d74 ff88049e61f0f4ef e0269da736ddf004 bd713b37b67866c3 fd30682593995748 4d7653ea9499eed4 942a7d26d81c841f bd0f175ee98c613e
440,5867d40811c0229f bbbd5d2fd957e8f7 47fbe21f5c35c7b4 52370bea1acd0600 4d7653ea9499eed4 9a0f5ee4f845c9b2 0bcaac840d5e66d7 c28bc62802b90f82 059bbdbdb843af6a 3986b68500d7704b 3fa57d488e979d74 ff88049e61f0f4ef e0269da736ddf004 bd713b37b67866c3 fd30682593995748 2a06f5614060e3b6 39f6296778264878 e25a1da6ca187350 702d8f1064ab3e30 e7cad3748e50b0f8 0708923badf2ff5d 734dabb98795c35c 942a7d26d81c841f bd0f175ee98c613e ae94d8435a6847f4 b6d0f83aad4e4dc7 b24820ae14e16a24 cea18be9a89d7a81 4b8c7061102517ef af8e70f978cd5aee
441,1ba7a50457e93996 65708d542bd01f39 c015590d6a6fe833 db69d4cbfef8d22f 4bed80e56ea2e099 bbbd5d2fd957e8f7 47fbe21f5c35c7b4 52370bea1acd0600 4d7653ea9499eed4 9a0f5ee4f845c9b2 0bcaac840d5e66d7 702d8f1064ab3e30 3986b68500d7704b 3fa57d488e979d74 ff88049e61f0f4ef e0269da736ddf004 bd713b37b67866c3 fd30682593995748 2a06f5614060e3b6 e25a1da6ca187350 c28bc62802b90f82 0708923badf2ff5d 734dabb98795c35c 942a7d26d81c841f bd0f175ee98c613e ae94d8435a6847f4 b6d0f83aad4e4dc7 b24820ae14e16a24 622f2e4119882c94 39f6296778264878
442,3734d3b0b9232538 ba5199dba342af68 00958a140c3a6de8 db0e648651f4c92b 49b5678e0d1e5bcd a0b1f4dd32f3e278 0c15f252d30646fc 0220a434aa8bf029 83b911ff0ff45844 64c2e323906b42d3 4f2fffd7528de786 106204cd0e07e1b2 feddfcf56818968e 48cf88c17ff38c5e a2805ed52b47b8ec 0bcaac840d5e66d7 ca4de5b8a7bda9df d1e21234d7cc61d2 4dba7ce835494a63 2e79d45ba4d1540d 50806199c80e215c 8643165b0f53df11 5d26da95786b3a3a 3b6d27775fce1c7b a2c35fdf07a13286 bd713b37b67866c3 e0269da736ddf004 ae94d8435a6847f4 ff88049e61f0f4ef b24820ae14e16a24
443,d73a65673e3f1d78 128d583954b18074 f1a3b8b13e9401c0 ae000f9d0b5e104e 576dd429db946393 892074f7c1ef5d5e 9c9ebf71707d7a37 47fbe21f5c35c7b4 b3e75fdca5ca2f1a 393f49286db04aeb 24e582daf6f87158 c5830f9d0f1e29e5 ca43e349133fc0e3 74ae9af23a383bf5 db0e648651f4c92b 52e459a551d4ac2d 50ba507a268872e1 585f4ee09d8fea46 5057551fc55e9ed2 b371170568146b12 feddfcf56818968e 58654e3143c6550b 1f423f368aebf7f3 765c0695339c3abe 09bbaa171c20bae3 37001ade0df85823 dc576af4ae66e25e 5bf89d11a25121d9 204ec91c39d1479d b6e646c13d0753ae
444,00ff646ca6637bd7 2e44fbb8bc3d8d71 9a439fd1abf95245 2bafd15871caae91 fc8971756f9ec194 00af886180e9eaec 40583079f57235a6 8699cc5dd4159b69 2dd12c230ab22555 8d58da0e1800dc96 37001ade0df85823 5fb2d8e734956af0 1f4f62844c3cb99c db7342eff9200020 922e625fae98b3b9 025a148c3a53bd9f c606425856952286 a14394322cf7043d a52df8083c238c46 acae1d29289b1266 197fa50b30d91fe8 27a12f29dceccdbd 853e36b1550c6274 cba7e22bb383083a 316382267dcd804f 46315cf30aaee51c d72363ddd958d906 4c3802a1bd3c842e 7e4a4a1300b77a06 0451447dd64f6284
445,5570ef88d970e9b4 2e2904c5373734ae 9f3d2ca16f358290 96e82fa141db9a4b e4a7a996ed6a5a81 0eedb1a0d3b8ddae 133b04350c75770b 6406fcdb7d87b5dc 03ed286136d7b3cf f29eee8054c061e1 e7828f0ea9749505 9b2adcf4041227d7 e740c80fce094788 069e7e25e43deab3 ba5199dba342af68 8faeacf8ca08f62d e461837f0fb35048 d72363ddd958d906 8700059e85433b32 7d83ffe83f61bdc4 f76f44d372517a9a 01ecc81f6341e902 587e0b2a4811fab1 9a0f5ee4f845c9b2 27bc34b9887bec0d a813c15b46ceaf68 daa257a37227cd72 72c2a95813ea72bd 4d7653ea9499eed4 d3c4a7db726191e0
446,b1dcaca98bb76736 62431fd374eb99fb 8faeacf8ca08f62d 033d905aec273595 c36c2dce0e6e434f c1f2e3a76d388944 f209d29f991432f0 587e0b2a4811fab1 a2805ed52b47b8ec a853f13216170123 d92c0298f76ccf77 4d9214c0925e5af8 016da874bd04df55 b84b6c0b2e4d0306 f48d0fbea7dc2782 a0b1f4dd32f3e278 5c4b7558c942a224 50cb6a6c60ad711a b69ce8b8154645f8 3e8e56f639a5db5b d5952b2e031c4e7e 0bcaac840d5e66d7 c28bc62802b90f82 702d8f1064ab3e30 3986b68500d7704b 3fa57d488e979d74 ff88049e61f0f4ef e0269da736ddf004 fd30682593995748 9a0f5ee4f845c9b2
447,148ac4a56a18844d 9f4e0d572b1f4e6c 0451447dd64f6284 9b0e8cf8153e3b33 1efd7bd8a34a1359 d6bbbd6c4968075a 58654e3143c6550b 1a05ef8c93af8eed b6a1c97f19af78d0 dea5e9227fbbac29 cea18be9a89d7a81 486dd77002936dec 06de3ca1148b088b b6e646c13d0753ae 50cb6a6c60ad711a a9223c28b10c131f 7c8324ce28ffb96e e9c20b67a4c5395f 2e031d83339759b2 3b4a85bac6ead3c8 c143c095983a65c2 66ccd03c9e03ac06 a0b1f4dd32f3e278 4d9214c0925e5af8 9c9a9d45c2ea7ddf 26140b225c4f8d3f 5867d40811c0229f bd9cd6b87a4fe0ce ff88049e61f0f4ef 796888cc3443006c
448,1f4f62844c3cb99c a52df8083c238c46 92f42fbd0c38f7fd 8d58da0e1800dc96 f76f44d372517a9a 4d7653ea9499eed4 9a0f5ee4f845c9b2 daa257a37227cd72 27bc34b9887bec0d a813c15b46ceaf68 72c2a95813ea72bd 8faeacf8ca08f62d d3c4a7db726191e0 e878efab7c37179e 20d283a232dfd13c bd713b37b67866c3 8fc68213b63951dc 81b639b74256b45b b29ab87af6ea6310 095bb1b6ecbd0a50 e22c35101e190db9 4d32dae7b43c489a eec6b281e236b500 b26d8664feb18c8c b24820ae14e16a24 e25a1da6ca187350 acae1d29289b1266 16b11706660177ff ec4ef2f727e7a03f 587e0b2a4811fab1
449,537a55eda51a3f60 4483bbdd3241f11a ced9c56f2be86774 da904d2a54ff8cf2 8f578001f9d5f543 d7d937303a6d5a9d 853e36b1550c6274 781f4d0147aef776 fc21db75b354a917 a1314cd417504572 f1a3b8b13e9401c0 b78189788d563693 f76f44d372517a9a daa257a37227cd72 72c2a95813ea72bd 27bc34b9887bec0d 4d7653ea9499eed4 9a0f5ee4f845c9b2 a813c15b46ceaf68 d3c4a7db726191e0 095bb1b6ecbd0a50 8fc68213b63951dc 20d283a232dfd13c e878efab7c37179e 4d32dae7b43c489a b29ab87af6ea6310 e22c35101e190db9 bd713b37b67866c3 81b639b74256b45b eec6b281e236b500
450,c810ac016901e8ac 47fbe21f5c35c7b4 52370bea1acd0600 4d7653ea9499eed4 9a0f5ee4f845c9b2 0bcaac840d5e66d7 c28bc62802b90f82 702d8f1064ab3e30 e36475c1af5ea3ab 3fa57d488e979d74 ff88049e61f0f4ef e0269da736ddf004 bd713b37b67866c3 fd30682593995748 2a06f5614060e3b6 39f6296778264878 e25a1da6ca187350 c31a456b544a40a8 3986b68500d7704b e7cad3748e50b0f8 0708923badf2ff5d 734dabb98795c35c 942a7d26d81c841f bd0f175ee98c613e ae94d8435a6847f4 b6d0f83aad4e4dc7 b24820ae14e16a24 bbbd5d2fd957e8f7 4b8c7061102517ef af8e70f978cd5aee
451,8dc313a2cf9da354 00958a140c3a6de8 b50b4e27b03c7b37 ce0f56b7190c268a bc27d5dc9bab1c18 3e66b4855d0dddbe 4d29c6922b2d0d56 680bb5c5c3bb6ee1 74e59c5820900b17 bf973f9ec3600199 8dedff0a79784abc e8ad5e31484ef889 1398b478b71773ed 07be6a290720707d 99e833818ec4bbf2 48f93f9c2c699e19 c28bc62802b90f82 702d8f1064ab3e30 3986b68500d7704b 3fa57d488e979d74 ff88049e61f0f4ef e0269da736ddf004 2a06f5614060e3b6 bd713b37b67866c3 fd30682593995748 0bcaac840d5e66d7 942a7d26d81c841f ae94d8435a6847f4 b6d0f83aad4e4dc7 b24820ae14e16a24
452,ae94d8435a6847f4 b78189788d563693 73f770f2643a2135 acae1d29289b1266 01104a026d22ae55 65d44c6393907290 4d417b203b333363 54f55c74d37db3c0 ff88049e61f0f4ef 047769588be1aea9 c606425856952286 a14394322cf7043d 27a12f29dceccdbd 853e36b1550c6274 316382267dcd804f 46315cf30aaee51c d72363ddd958d906 4c3802a1bd3c842e 7e4a4a1300b77a06 fc21db75b354a917 0688c790d5806540 39075e303166355e c6b615b2589e036d 3d93a60f990a0a7c b6cdb608f640e038 18b1d2d84c97a364 39f6296778264878 bd0f175ee98c613e 36d33c41812ce7dc d64c06baf5ef1c90
453,f44f74b3451aa593 96e82fa141db9a4b e4a7a996ed6a5a81 cb3e4ce97e7f2881 6406fcdb7d87b5dc f29eee8054c061e1 0bcaac840d5e66d7 069e7e25e43deab3 395b26d91f98bd92 4beacc71024f8b08 00d9eb862ba3dfc6 52370bea1acd0600 4d7653ea9499eed4 9a0f5ee4f845c9b2 fd30682593995748 47fbe21f5c35c7b4 702d8f1064ab3e30 3986b68500d7704b 3fa57d488e979d74 ff88049e61f0f4ef e0269da736ddf004 bd713b37b67866c3 c28bc62802b90f82 734dabb98795c35c 942a7d26d81c841f bd0f175ee98c613e ae94d8435a6847f4 b6d0f83aad4e4dc7 b24820ae14e16a24 622f2e4119882c94
454,238de368bb05c0ec 0683b6a78f54be75 e5fb8dc5c9cb4a19 0add47a043c64d7f f29eee8054c061e1 0772e3ab293a1f30 316382267dcd804f c96049ed915ced0a 72403ecdfe02bba6 05f23e7d05dbf7c2 b78189788d563693 26140b225c4f8d3f 0fbd0f422e926816 ae94d8435a6847f4 70776cdd9bb3b7d4 73f770f2643a2135 abf90e759d208468 acae1d29289b1266 796888cc3443006c 73391e0853c1e040 387e9cd2e5d4ea7d db7342eff9200020 65d44c6393907290 4d417b203b333363 01020d1b0821f4c7 5b34da30b93eb123 d35e11d3d1ab3c67 63d95d5977c2fe98 b3ad55963554f220 54f55c74d37db3c0
455,999a52f1d301247c bee46c54461925d0 b78189788d563693 3734d3b0b9232538 4d9214c0925e5af8 a9dad59c7055b56c 9f4e0d572b1f4e6c 0451447dd64f6284 46b99f864d6a075a 9c9a9d45c2ea7ddf 05e4165a56bf50eb 96445bec1579ec97 8b7c486a910dd004 48a76e3aff69d605 cea18be9a89d7a81 486dd77002936dec 047769588be1aea9 447fc00f40d71d08 c143c095983a65c2 50cb6a6c60ad711a d1e21234d7cc61d2 7c8324ce28ffb96e 148ac4a56a18844d ae77487a89f2610c 2e79d45ba4d1540d 2e031d83339759b2 26140b225c4f8d3f da011b87595c1019 3b4a85bac6ead3c8 b1dcaca98bb76736
456,8df3f13d6af34cb3 d92c0298f76ccf77 4d9214c0925e5af8 016da874bd04df55 b84b6c0b2e4d0306 f48d0fbea7dc2782 a0b1f4dd32f3e278 5c4b7558c942a224 50cb6a6c60ad711a b69ce8b8154645f8 3e8e56f639a5db5b d5952b2e031c4e7e 5867d40811c0229f 4d7653ea9499eed4 9a0f5ee4f845c9b2 0bcaac840d5e66d7 c28bc62802b90f82 702d8f1064ab3e30 3fa57d488e979d74 ff88049e61f0f4ef e0269da736ddf004 bd713b37b67866c3 fd30682593995748 39f6296778264878 3986b68500d7704b ae94d8435a6847f4 b6d0f83aad4e4dc7 b24820ae14e16a24 622f2e4119882c94 4b8c7061102517ef
457,0c15f252d30646fc 3734d3b0b9232538 a0b1f4dd32f3e278 00958a140c3a6de8 db0e648651f4c92b 238de368bb05c0ec 49b5678e0d1e5bcd ba5199dba342af68 6e239f4dd4b6aed7 0220a434aa8bf029 0683b6a78f54be75 e5fb8dc5c9cb4a19 0add47a043c64d7f 5867d40811c0229f 7c98dedd223b36c0 f29eee8054c061e1 62431fd374eb99fb b1dcaca98bb76736 28403e62105b00f6 81b7c7e312bfa1a0 8e83d05923cde390 c36c2dce0e6e434f af41e2b6da3e7e02 95ecdbff44ad0b60 46b99f864d6a075a c1f2e3a76d388944 c96049ed915ced0a 05e4165a56bf50eb 855f2f0354e102c7 07f22a7ad7e4711d
458,a65e30106ea50423 24e582daf6f87158 42bb83d7c4b9ecae e1460af4a7044067 6204e398d8c7f888 95ecdbff44ad0b60 855f2f0354e102c7 07f22a7ad7e4711d 5ebb4d2f5f1c1f13 bed3e73d52011f68 fb2ebcb5335ad2e2 64b31699d7d15934 3e8e56f639a5db5b 90ecb28f2edb9d43 8d58da0e1800dc96 47fbe21f5c35c7b4 050544c040f46152 4c3802a1bd3c842e a14394322cf7043d c606425856952286 ae94d8435a6847f4 0db6584e3bdfa1c4 52370bea1acd0600 6c017e548aa138f2 abf90e759d208468 3c565c1fc2316d16 796888cc3443006c 92f42fbd0c38f7fd 88b62355670ec8f8 77e2f7da1f9d3a8f
459,4f2fffd7528de786 48cf88c17ff38c5e 6ae470a7c9ec20fd ca4de5b8a7bda9df 4dba7ce835494a63 b6e646c13d0753ae c015590d6a6fe833 3b6d27775fce1c7b a2c35fdf07a13286 52370bea1acd0600 4d7653ea9499eed4 9a0f5ee4f845c9b2 c31a456b544a40a8 39f6296778264878 2a06f5614060e3b6 c28bc62802b90f82 702d8f1064ab3e30 3986b68500d7704b 3fa57d488e979d74 fd30682593995748 ff88049e61f0f4ef e0269da736ddf004 bd713b37b67866c3 0bcaac840d5e66d7 942a7d26d81c841f ae94d8435a6847f4 b6d0f83aad4e4dc7 b24820ae14e16a24 622f2e4119882c94 4b8c7061102517ef
460,d64c06baf5ef1c90 fd30682593995748 9f27aa36c1ea793c 99e833818ec4bbf2 48f93f9c2c699e19 52370bea1acd0600 4d7653ea9499eed4 9a0f5ee4f845c9b2 0bcaac840d5e66d7 c28bc62802b90f82 702d8f1064ab3e30 3986b68500d7704b 3fa57d488e979d74 ff88049e61f0f4ef 47fbe21f5c35c7b4 bd713b37b67866c3 2a06f5614060e3b6 39f6296778264878 e25a1da6ca187350 e0269da736ddf004 0708923badf2ff5d 734dabb98795c35c 942a7d26d81c841f bd0f175ee98c613e ae94d8435a6847f4 b6d0f83aad4e4dc7 b24820ae14e16a24 622f2e4119882c94 bbbd5d2fd957e8f7 af8e70f978cd5aee
461,db7342eff9200020 40583079f57235a6 1f4f62844c3cb99c 316382267dcd804f e8b87ed7db1bcb1f a52df8083c238c46 8d58da0e1800dc96 853e36b1550c6274 2359719a0f40ffac 4c3802a1bd3c842e 7e4a4a1300b77a06 26140b225c4f8d3f fc21db75b354a917 5fb2d8e734956af0 73391e0853c1e040 f46601a9955f9949 025a148c3a53bd9f a14394322cf7043d c606425856952286 b78189788d563693 9c9a9d45c2ea7ddf 05f23e7d05dbf7c2 72403ecdfe02bba6 acae1d29289b1266 197fa50b30d91fe8 999a52f1d301247c 27a12f29dceccdbd 26fc2a95df5659c2 8df3f13d6af34cb3 46315cf30aaee51c
462,ba5199dba342af68 f29eee8054c061e1 aa0789b403bcd839 3734d3b0b9232538 238de368bb05c0ec b6e646c13d0753ae c015590d6a6fe833 96e82fa141db9a4b 0683b6a78f54be75 e4a7a996ed6a5a81 5570ef88d970e9b4 9f3d2ca16f358290 e5fb8dc5c9cb4a19 00958a140c3a6de8 db0e648651f4c92b 0add47a043c64d7f 133b04350c75770b 6406fcdb7d87b5dc 03ed286136d7b3cf 49b5678e0d1e5bcd e740c80fce094788 a0b1f4dd32f3e278 069e7e25e43deab3 0c15f252d30646fc 2e2904c5373734ae 0220a434aa8bf029 c96049ed915ced0a 01ecc81f6341e902 5867d40811c0229f 5fb2d8e734956af0
463,0c2eeab1e4ce1db8 00ff646ca6637bd7 016da874bd04df55 351c9da399c2b915 fd30682593995748 ae000f9d0b5e104e f28fb3d9880c5d4c 52370bea1acd0600 b0b5e62a93a2c37c 42c9b72cc77dcb28 5048a37f10cf2d91 120e745e2961b5d5 2bafd15871caae91 a677c3a76055a6d2 2e44fbb8bc3d8d71 48cf88c17ff38c5e 37001ade0df85823 c810ac016901e8ac 2dd12c230ab22555 dc12cc503ac0eddb fc8971756f9ec194 413c55a5ab86881a a14394322cf7043d c606425856952286 27a12f29dceccdbd 853e36b1550c6274 316382267dcd804f 46315cf30aaee51c d72363ddd958d906 4c3802a1bd3c842e
464,1d12acf7349196b0 18ced18aee04c48e c810ac016901e8ac 3e66b4855d0dddbe 680bb5c5c3bb6ee1 734dabb98795c35c 74e59c5820900b17 2e2904c5373734ae bf973f9ec3600199 8dedff0a79784abc e8ad5e31484ef889 1398b478b71773ed 07be6a290720707d ce0f56b7190c268a 99e833818ec4bbf2 48f93f9c2c699e19 bd713b37b67866c3 fd30682593995748 e0269da736ddf004 2a06f5614060e3b6 ff88049e61f0f4ef 3fa57d488e979d74 3986b68500d7704b 39f6296778264878 702d8f1064ab3e30 c31a456b544a40a8 c28bc62802b90f82 b6d0f83aad4e4dc7 b24820ae14e16a24 622f2e4119882c94
465,922e625fae98b3b9 18ced18aee04c48e e9c20b67a4c5395f 49224aca40e6e5e3 25a3b47fe31bc6b5 96445bec1579ec97 65708d542bd01f39 06de3ca1148b088b 964a50d33717c26d 2e2904c5373734ae f76f44d372517a9a 4d7653ea9499eed4 9a0f5ee4f845c9b2 72c2a95813ea72bd daa257a37227cd72 a813c15b46ceaf68 27bc34b9887bec0d 095bb1b6ecbd0a50 e22c35101e190db9 81b639b74256b45b eec6b281e236b500 4d32dae7b43c489a b29ab87af6ea6310 8fc68213b63951dc bd713b37b67866c3 d3c4a7db726191e0 20d283a232dfd13c e878efab7c37179e b24820ae14e16a24 e25a1da6ca187350
466,ac9ee0c09b538140 3d6880bd12f6613f b26d8664feb18c8c 01b3da54ffb158a0 dea5e9227fbbac29 1dc7139adba034ec 52aa48c07b34dc88 b69ce8b8154645f8 4c0eee2c1a5e76e2 4c3802a1bd3c842e 9fbffc521da97c54 3e66b4855d0dddbe 680bb5c5c3bb6ee1 6ae470a7c9ec20fd 74e59c5820900b17 a853f13216170123 62431fd374eb99fb b1dcaca98bb76736 bf973f9ec3600199 8faeacf8ca08f62d 8dedff0a79784abc 033d905aec273595 c36c2dce0e6e434f e8ad5e31484ef889 1398b478b71773ed c1f2e3a76d388944 f209d29f991432f0 07be6a290720707d ce0f56b7190c268a 587e0b2a4811fab1
467,ddf332f2b55a2a23 09bbaa171c20bae3 999a52f1d301247c 4f2fffd7528de786 48cf88c17ff38c5e ca4de5b8a7bda9df 4dba7ce835494a63 3b6d27775fce1c7b a2c35fdf07a13286 4d7653ea9499eed4 9a0f5ee4f845c9b2 0bcaac840d5e66d7 c28bc62802b90f82 702d8f1064ab3e30 3986b68500d7704b 3fa57d488e979d74 e0269da736ddf004 bd713b37b67866c3 fd30682593995748 2a06f5614060e3b6 39f6296778264878 e25a1da6ca187350 ff88049e61f0f4ef bd0f175ee98c613e ae94d8435a6847f4 b6d0f83aad4e4dc7 b24820ae14e16a24 622f2e4119882c94 4b8c7061102517ef af8e70f978cd5aee
468,9c9ebf71707d7a37 f6d23cdd2359f7c0 0add47a043c64d7f 26140b225c4f8d3f db0e648651f4c92b 585f4ee09d8fea46 c05f45f86d0771d5 919b1679fffa7ef1 dc576af4ae66e25e 4d7653ea9499eed4 9a0f5ee4f845c9b2 0bcaac840d5e66d7 c28bc62802b90f82 702d8f1064ab3e30 52370bea1acd0600 3fa57d488e979d74 ff88049e61f0f4ef e0269da736ddf004 bd713b37b67866c3 fd30682593995748 2a06f5614060e3b6 39f6296778264878 3986b68500d7704b 734dabb98795c35c 942a7d26d81c841f bd0f175ee98c613e ae94d8435a6847f4 b6d0f83aad4e4dc7 b24820ae14e16a24 622f2e4119882c94
469,ac9ee0c09b538140 3d6880bd12f6613f b26d8664feb18c8c 01b3da54ffb158a0 d64c06baf5ef1c90 dea5e9227fbbac29 1dc7139adba034ec b78189788d563693 c05f45f86d0771d5 e7828f0ea9749505 52aa48c07b34dc88 b69ce8b8154645f8 b50b4e27b03c7b37 4c0eee2c1a5e76e2 ee3ed9a3f51336cd cec2eea2a1fe566a c810ac016901e8ac 8dc313a2cf9da354 6461a9faa871b3ac 9fbffc521da97c54 00958a140c3a6de8 a0b1f4dd32f3e278 fd30682593995748 83f5a9732f0de67f 19e8f436d4b2fc25 0eedb1a0d3b8ddae 00e1e2eb13f650e4 a14394322cf7043d c606425856952286 27a12f29dceccdbd
470,ddf332f2b55a2a23 1dc7139adba034ec 6a3919ad9ed8197e 3c565c1fc2316d16 09bbaa171c20bae3 9fbffc521da97c54 5d26da95786b3a3a 8699cc5dd4159b69 ec4ef2f727e7a03f 92f42fbd0c38f7fd a982b5c3aed39396 b78189788d563693 a18df74d3a16e9c0 6899956cd6c683f0 7c98dedd223b36c0 4fe9e4e55585ba4b 81b7c7e312bfa1a0 af41e2b6da3e7e02 538c7bb968b2154c 95ecdbff44ad0b60 b6e646c13d0753ae c015590d6a6fe833 855f2f0354e102c7 07f22a7ad7e4711d fb2ebcb5335ad2e2 64b31699d7d15934 bed3e73d52011f68 4491016efed845f1 702d8f1064ab3e30 90ecb28f2edb9d43
471,451e7ba901ad661d d64c06baf5ef1c90 a84cd36608cb8665 a1314cd417504572 1dc7139adba034ec 5057551fc55e9ed2 6a3919ad9ed8197e 9c9ebf71707d7a37 af8e70f978cd5aee 628accd9be98503c db0e648651f4c92b 52e459a551d4ac2d 50ba507a268872e1 585f4ee09d8fea46 b371170568146b12 fd30682593995748 9f27aa36c1ea793c ae000f9d0b5e104e 37001ade0df85823 5bf89d11a25121d9 b1dcaca98bb76736 62431fd374eb99fb 8faeacf8ca08f62d c606425856952286 a14394322cf7043d 033d905aec273595 c36c2dce0e6e434f c1f2e3a76d388944 27a12f29dceccdbd f209d29f991432f0
472,bbbd5d2fd957e8f7 238ec735a13a3f09 8abe670908f12614 4c0eee2c1a5e76e2 26f72a4eb15ea8c0 5057551fc55e9ed2 a1314cd417504572 00d9f8d3f7d412b3 6ae470a7c9ec20fd 4483bbdd3241f11a 74873b42602d8958 4d29c6922b2d0d56 b50b4e27b03c7b37 5bf89d11a25121d9 7d83ffe83f61bdc4 c28bc62802b90f82 0bcaac840d5e66d7 702d8f1064ab3e30 3986b68500d7704b 9a0f5ee4f845c9b2 ff88049e61f0f4ef e0269da736ddf004 bd713b37b67866c3 fd30682593995748 2a06f5614060e3b6 3fa57d488e979d74 942a7d26d81c841f bd0f175ee98c613e ae94d8435a6847f4 b6d0f83aad4e4dc7
473,db7342eff9200020 e8b87ed7db1bcb1f 57113c2a4cacd961 72403ecdfe02bba6 05f23e7d05dbf7c2 26fc2a95df5659c2 8d58da0e1800dc96 2901e5309bb3f8f6 0fbd0f422e926816 5fb2d8e734956af0 1f4f62844c3cb99c cb3e4ce97e7f2881 70776cdd9bb3b7d4 0bcaac840d5e66d7 025a148c3a53bd9f a52df8083c238c46 acae1d29289b1266 197fa50b30d91fe8 abf90e759d208468 796888cc3443006c 73391e0853c1e040 387e9cd2e5d4ea7d 0451447dd64f6284 316382267dcd804f 40583079f57235a6 49224aca40e6e5e3 01020d1b0821f4c7 5b34da30b93eb123 d35e11d3d1ab3c67 b3ad55963554f220
474,05e4165a56bf50eb edc79e57b20e9036 48a76e3aff69d605 95166957b2c38794 46b99f864d6a075a 65708d542bd01f39 c015590d6a6fe833 db69d4cbfef8d22f 8b7c486a910dd004 c143c095983a65c2 4bed80e56ea2e099 59c231f8fd21260c 4d7653ea9499eed4 9a0f5ee4f845c9b2 0bcaac840d5e66d7 c28bc62802b90f82 702d8f1064ab3e30 3986b68500d7704b 52370bea1acd0600 ff88049e61f0f4ef e0269da736ddf004 bd713b37b67866c3 fd30682593995748 2a06f5614060e3b6 39f6296778264878 3fa57d488e979d74 942a7d26d81c841f bd0f175ee98c613e ae94d8435a6847f4 b6d0f83aad4e4dc7
475,520ec719078be07c 00ff646ca6637bd7 d92c0298f76ccf77 4d9214c0925e5af8 a14394322cf7043d c606425856952286 27a12f29dceccdbd 853e36b1550c6274 316382267dcd804f 46315cf30aaee51c d72363ddd958d906 4c3802a1bd3c842e 7e4a4a1300b77a06 fc21db75b354a917 0688c790d5806540 016da874bd04df55 39075e303166355e c6b615b2589e036d 3d93a60f990a0a7c b6cdb608f640e038 b84b6c0b2e4d0306 18b1d2d84c97a364 39f6296778264878 bd0f175ee98c613e 36d33c41812ce7dc d64c06baf5ef1c90 f48d0fbea7dc2782 40583079f57235a6 b78189788d563693 5c4b7558c942a224
476,a18df74d3a16e9c0 ffc688c4c1c2a068 b749972436ac9791 26fc2a95df5659c2 e14a893f1918277e 36d33c41812ce7dc bd9cd6b87a4fe0ce 2820628e65a062e2 e7cad3748e50b0f8 f46601a9955f9949 d46598813fb437e5 622f2e4119882c94 2a06f5614060e3b6 65fac1ba1840000f bb7515be835dea49 ecb768ef6fd223ca b0b5e62a93a2c37c 6d80d2e62d01f6bc edc79e57b20e9036 74e59c5820900b17 f76f44d372517a9a 83f8f2fc471cad74 a9eef13786610446 3cb6b40d377e7ca8 2394b08708475900 9cf6709de35bf0f3 fb2ebcb5335ad2e2 64b31699d7d15934 bed3e73d52011f68 4491016efed845f1
477,4dba7ce835494a63 e8b87ed7db1bcb1f 2359719a0f40ffac 3b6d27775fce1c7b f46601a9955f9949 95ecdbff44ad0b60 9c9a9d45c2ea7ddf 999a52f1d301247c 64b31699d7d15934 fb2ebcb5335ad2e2 bed3e73d52011f68 702d8f1064ab3e30 4d32dae7b43c489a 095bb1b6ecbd0a50 e22c35101e190db9 20d283a232dfd13c bd713b37b67866c3 8fc68213b63951dc d3c4a7db726191e0 b29ab87af6ea6310 e878efab7c37179e 81b639b74256b45b eec6b281e236b500 8d58da0e1800dc96 576dd429db946393 a14394322cf7043d c606425856952286 d5805cdb9e8f0f48 666bdff4faa513ca 09660f466b38b7ba
478,9c9a9d45c2ea7ddf ced9c56f2be86774 238ec735a13a3f09 8abe670908f12614 4c0eee2c1a5e76e2 853e36b1550c6274 46315cf30aaee51c fc21db75b354a917 0688c790d5806540 52e459a551d4ac2d 5057551fc55e9ed2 26f72a4eb15ea8c0 b78189788d563693 74244a8703c03720 bbbd5d2fd957e8f7 5bf89d11a25121d9 8f578001f9d5f543 d7d937303a6d5a9d a1314cd417504572 00d9f8d3f7d412b3 4d9214c0925e5af8 016da874bd04df55 c606425856952286 a14394322cf7043d 047769588be1aea9 27a12f29dceccdbd 428f9363fa35882d 316382267dcd804f d72363ddd958d906 4c3802a1bd3c842e
479,3734d3b0b9232538 238de368bb05c0ec 0683b6a78f54be75 e5fb8dc5c9cb4a19 00958a140c3a6de8 db0e648651f4c92b 0add47a043c64d7f 49b5678e0d1e5bcd f29eee8054c061e1 a0b1f4dd32f3e278 0c15f252d30646fc ba5199dba342af68 0220a434aa8bf029 d92c0298f76ccf77 4d9214c0925e5af8 c96049ed915ced0a 016da874bd04df55 b84b6c0b2e4d0306 f48d0fbea7dc2782 5c4b7558c942a224 50cb6a6c60ad711a b69ce8b8154645f8 3e8e56f639a5db5b d5952b2e031c4e7e 00d9eb862ba3dfc6 5867d40811c0229f 702d8f1064ab3e30 3986b68500d7704b 3fa57d488e979d74 c28bc62802b90f82
480,f6d23cdd2359f7c0 d216e5458ad70e60 9c9ebf71707d7a37 0add47a043c64d7f db0e648651f4c92b 585f4ee09d8fea46 c05f45f86d0771d5 2e2904c5373734ae 919b1679fffa7ef1 f48d0fbea7dc2782 dc576af4ae66e25e 5c4b7558c942a224 d92c0298f76ccf77 4d9214c0925e5af8 95ecdbff44ad0b60 b0e254dd420faee3 bed3e73d52011f68 64b31699d7d15934 fb2ebcb5335ad2e2 702d8f1064ab3e30 016da874bd04df55 095bb1b6ecbd0a50 81b639b74256b45b e22c35101e190db9 8fc68213b63951dc 20d283a232dfd13c b29ab87af6ea6310 4d32dae7b43c489a eec6b281e236b500 bd713b37b67866c3
481,a18df74d3a16e9c0 4d29c6922b2d0d56 ce0f56b7190c268a a0b1f4dd32f3e278 99e833818ec4bbf2 00d9eb862ba3dfc6 48f93f9c2c699e19 4d7653ea9499eed4 9a0f5ee4f845c9b2 0bcaac840d5e66d7 c28bc62802b90f82 702d8f1064ab3e30 52370bea1acd0600 3fa57d488e979d74 ff88049e61f0f4ef e0269da736ddf004 bd713b37b67866c3 fd30682593995748 2a06f5614060e3b6 39f6296778264878 3986b68500d7704b 734dabb98795c35c 942a7d26d81c841f bd0f175ee98c613e ae94d8435a6847f4 b6d0f83aad4e4dc7 b24820ae14e16a24 622f2e4119882c94 4b8c7061102517ef bbbd5d2fd957e8f7
482,316382267dcd804f 0fbd0f422e926816 72403ecdfe02bba6 05f23e7d05dbf7c2 27a12f29dceccdbd 01020d1b0821f4c7 5b34da30b93eb123 b3ad55963554f220 63d95d5977c2fe98 d72363ddd958d906 7e4a4a1300b77a06 a017f3358d5327aa 33856365c271aea4 18b1d2d84c97a364 39f6296778264878 bd0f175ee98c613e 64267373570e4ea3 36d33c41812ce7dc d64c06baf5ef1c90 5b16bae6a0de7c88 4d9214c0925e5af8 8dc313a2cf9da354 74244a8703c03720 0f33ce8d8014f308 e228204ae08d1355 00af886180e9eaec b50b4e27b03c7b37 453bc79164d57a01 e7828f0ea9749505 5057551fc55e9ed2
483,a84cd36608cb8665 451e7ba901ad661d 351c9da399c2b915 a2805ed52b47b8ec 0c2eeab1e4ce1db8 4b8c7061102517ef 5ebb4d2f5f1c1f13 98dbd15aa33ebc18 5867d40811c0229f 47fbe21f5c35c7b4 4d7653ea9499eed4 9a0f5ee4f845c9b2 0bcaac840d5e66d7 c28bc62802b90f82 702d8f1064ab3e30 3986b68500d7704b 3fa57d488e979d74 ff88049e61f0f4ef e0269da736ddf004 bd713b37b67866c3 fd30682593995748 2a06f5614060e3b6 e25a1da6ca187350 52370bea1acd0600 0708923badf2ff5d 734dabb98795c35c 942a7d26d81c841f bd0f175ee98c613e ae94d8435a6847f4 b6d0f83aad4e4dc7
484,a65e30106ea50423 4d9214c0925e5af8 e8684734f2e587bd 00e1e2eb13f650e4 9c9a9d45c2ea7ddf 0c2eeab1e4ce1db8 d1e21234d7cc61d2 4b8c7061102517ef e740c80fce094788 1d0f5fdc58e3efb5 5ebb4d2f5f1c1f13 98dbd15aa33ebc18 26140b225c4f8d3f c31a456b544a40a8 c28bc62802b90f82 702d8f1064ab3e30 3986b68500d7704b 3fa57d488e979d74 ff88049e61f0f4ef e0269da736ddf004 bd713b37b67866c3 0bcaac840d5e66d7 2a06f5614060e3b6 e25a1da6ca187350 39f6296778264878 fd30682593995748 942a7d26d81c841f bd0f175ee98c613e ae94d8435a6847f4 b6d0f83aad4e4dc7
485,c05f45f86d0771d5 cec2eea2a1fe566a 892074f7c1ef5d5e 10ad13170242ecae d7d937303a6d5a9d 8f578001f9d5f543 853e36b1550c6274 46315cf30aaee51c fc21db75b354a917 0688c790d5806540 b78189788d563693 016da874bd04df55 9c9a9d45c2ea7ddf 74244a8703c03720 047769588be1aea9 428f9363fa35882d 19b4014943e0ad92 62431fd374eb99fb b1dcaca98bb76736 8faeacf8ca08f62d 033d905aec273595 c36c2dce0e6e434f c1f2e3a76d388944 f209d29f991432f0 587e0b2a4811fab1 a2805ed52b47b8ec 5ebb4d2f5f1c1f13 af8e70f978cd5aee 3fa57d488e979d74 ff88049e61f0f4ef
486,a0b1f4dd32f3e278 e8b87ed7db1bcb1f 2359719a0f40ffac f46601a9955f9949 9c9a9d45c2ea7ddf 999a52f1d301247c 26140b225c4f8d3f 62431fd374eb99fb b1dcaca98bb76736 8faeacf8ca08f62d 033d905aec273595 c36c2dce0e6e434f c1f2e3a76d388944 f209d29f991432f0 587e0b2a4811fab1 a2805ed52b47b8ec 00d9eb862ba3dfc6 0bcaac840d5e66d7 fd30682593995748 bd713b37b67866c3 e0269da736ddf004 c28bc62802b90f82 702d8f1064ab3e30 ff88049e61f0f4ef 3fa57d488e979d74 3986b68500d7704b 9a0f5ee4f845c9b2 bd0f175ee98c613e ae94d8435a6847f4 b6d0f83aad4e4dc7
487,e25a1da6ca187350 5c8c6d9a1fd4c1e0 01e5a6edcee7deb0 b6cdb608f640e038 b26d8664feb18c8c 4491016efed845f1 853e36b1550c6274 050544c040f46152 4c3802a1bd3c842e 7e4a4a1300b77a06 fc21db75b354a917 83f8f2fc471cad74 955e465ce0788ea6 43b3338423d7386c 172bc0ee09332ae9 b78189788d563693 8a5635c748344d47 42bb83d7c4b9ecae 4577ae048ef1967d 34a62e66e05f9a44 419b5dc40744fb9b a14394322cf7043d c606425856952286 f76f44d372517a9a 72c2a95813ea72bd a813c15b46ceaf68 4d7653ea9499eed4 9a0f5ee4f845c9b2 27bc34b9887bec0d daa257a37227cd72
488,e6a29676c096f8e8 636224e349e561bf 5c4b7558c942a224 ae94d8435a6847f4 0e45c4c185f35df6 351c9da399c2b915 a2805ed52b47b8ec a860b682add9de1c f105a53e5cfae611 48a76e3aff69d605 95166957b2c38794 8dedff0a79784abc b6e72edcad270be0 81bd116c786bf9ae 4beacc71024f8b08 a0566ca9daca7778 99e833818ec4bbf2 404031ab9d5977c4 48f93f9c2c699e19 5867d40811c0229f ff88049e61f0f4ef e0269da736ddf004 0bcaac840d5e66d7 bd713b37b67866c3 fd30682593995748 2a06f5614060e3b6 3fa57d488e979d74 3986b68500d7704b 702d8f1064ab3e30 39f6296778264878
489,1398b478b71773ed 3e66b4855d0dddbe 680bb5c5c3bb6ee1 74e59c5820900b17 6a9aa1bd93e36e66 ce2fe99a7cda4a17 bf973f9ec3600199 8dedff0a79784abc e8ad5e31484ef889 1d72229ebcc00faf 07be6a290720707d ce0f56b7190c268a d216e5458ad70e60 3c565c1fc2316d16 3ca7964973437917 1c3b74a02a86467d 0772e3ab293a1f30 00d9eb862ba3dfc6 bd713b37b67866c3 3986b68500d7704b 702d8f1064ab3e30 c28bc62802b90f82 0bcaac840d5e66d7 9a0f5ee4f845c9b2 3fa57d488e979d74 ff88049e61f0f4ef 4d7653ea9499eed4 52370bea1acd0600 e0269da736ddf004 942a7d26d81c841f
490,1fe79c7de59ff6c6 8bf446c0455e3c5c 22756be6fd061d4c 20db73cf07a45f71 a0b1f4dd32f3e278 28403e62105b00f6 8e83d05923cde390 66ccd03c9e03ac06 62431fd374eb99fb b1dcaca98bb76736 8faeacf8ca08f62d 033d905aec273595 c36c2dce0e6e434f c1f2e3a76d388944 f209d29f991432f0 587e0b2a4811fab1 a2805ed52b47b8ec 5867d40811c0229f 0bcaac840d5e66d7 3fa57d488e979d74 3986b68500d7704b ff88049e61f0f4ef e0269da736ddf004 bd713b37b67866c3 702d8f1064ab3e30 fd30682593995748 c28bc62802b90f82 2a06f5614060e3b6 b6d0f83aad4e4dc7 b24820ae14e16a24
491,db7342eff9200020 8d58da0e1800dc96 5fb2d8e734956af0 1f4f62844c3cb99c 025a148c3a53bd9f 05f23e7d05dbf7c2 72403ecdfe02bba6 a52df8083c238c46 acae1d29289b1266 197fa50b30d91fe8 0fbd0f422e926816 0451447dd64f6284 40583079f57235a6 49224aca40e6e5e3 70776cdd9bb3b7d4 2901e5309bb3f8f6 cc861214a89ef1f4 7b81f1f2b6ec2e5f abf90e759d208468 796888cc3443006c 73391e0853c1e040 387e9cd2e5d4ea7d 5a1149fbcbd37376 316382267dcd804f 01020d1b0821f4c7 5b34da30b93eb123 d35e11d3d1ab3c67 b3ad55963554f220 63d95d5977c2fe98 26fc2a95df5659c2
492,a18df74d3a16e9c0 d92c0298f76ccf77 4d9214c0925e5af8 016da874bd04df55 b84b6c0b2e4d0306 f48d0fbea7dc2782 5c4b7558c942a224 50cb6a6c60ad711a b69ce8b8154645f8 3e8e56f639a5db5b d5952b2e031c4e7e b1dcaca98bb76736 62431fd374eb99fb 8faeacf8ca08f62d 033d905aec273595 c36c2dce0e6e434f c1f2e3a76d388944 f209d29f991432f0 587e0b2a4811fab1 a2805ed52b47b8ec c28bc62802b90f82 9a0f5ee4f845c9b2 702d8f1064ab3e30 3986b68500d7704b 3fa57d488e979d74 ff88049e61f0f4ef e0269da736ddf004 bd713b37b67866c3 2a06f5614060e3b6 0bcaac840d5e66d7
493,edc79e57b20e9036 b78189788d563693 73f770f2643a2135 d7d937303a6d5a9d 8f578001f9d5f543 853e36b1550c6274 148ac4a56a18844d fc21db75b354a917 9c9a9d45c2ea7ddf 047769588be1aea9 b6cdb608f640e038 ae94d8435a6847f4 f48d0fbea7dc2782 b69ce8b8154645f8 acae1d29289b1266 828f5dfbbf1272ee 9f4e0d572b1f4e6c 46315cf30aaee51c 0688c790d5806540 65d44c6393907290 0451447dd64f6284 4d417b203b333363 8faeacf8ca08f62d 9b0e8cf8153e3b33 1efd7bd8a34a1359 a853f13216170123 54f55c74d37db3c0 d6bbbd6c4968075a 58654e3143c6550b 1a05ef8c93af8eed
494,016da874bd04df55 c28bc62802b90f82 f9c6286cff30aaa8 39f6296778264878 0eb4de784c8dd679 b760ebc5f25788d3 bc2ae5f4e5d53e00 12af6a34778710db 0195950ce0f47e34 edc79e57b20e9036 d92c0298f76ccf77 4d9214c0925e5af8 3ca7964973437917 4c3802a1bd3c842e b84b6c0b2e4d0306 f48d0fbea7dc2782 5c4b7558c942a224 50cb6a6c60ad711a b69ce8b8154645f8 3e8e56f639a5db5b d5952b2e031c4e7e 522bd6887960c25d 48f93f9c2c699e19 59c231f8fd21260c 702d8f1064ab3e30 3986b68500d7704b 3fa57d488e979d74 ff88049e61f0f4ef e0269da736ddf004 bd713b37b67866c3
495,0bcaac840d5e66d7 0897dcfae16e280f 4c3802a1bd3c842e e7cad3748e50b0f8 4d7653ea9499eed4 9a0f5ee4f845c9b2 c28bc62802b90f82 702d8f1064ab3e30 3986b68500d7704b 3fa57d488e979d74 ff88049e61f0f4ef e0269da736ddf004 bd713b37b67866c3 fd30682593995748 2a06f5614060e3b6 39f6296778264878 e25a1da6ca187350 c31a456b544a40a8 52370bea1acd0600 0708923badf2ff5d 734dabb98795c35c 942a7d26d81c841f bd0f175ee98c613e ae94d8435a6847f4 b6d0f83aad4e4dc7 b24820ae14e16a24 622f2e4119882c94 47fbe21f5c35c7b4 af8e70f978cd5aee 5ebb4d2f5f1c1f13
496,f44f74b3451aa593 acae1d29289b1266 b0e254dd420faee3 96e82fa141db9a4b e4a7a996ed6a5a81 09660f466b38b7ba 0db6584e3bdfa1c4 16b11706660177ff ae94d8435a6847f4 796888cc3443006c d257d1fbcf43abd5 387e9cd2e5d4ea7d cb3e4ce97e7f2881 6406fcdb7d87b5dc 73f770f2643a2135 f29eee8054c061e1 0bcaac840d5e66d7 57113c2a4cacd961 069e7e25e43deab3 395b26d91f98bd92 33856365c271aea4 4beacc71024f8b08 8d58da0e1800dc96 65d44c6393907290 4d417b203b333363 54f55c74d37db3c0 b78189788d563693 942a7d26d81c841f 5fb2d8e734956af0 1f4f62844c3cb99c
497,d6ed7e4b14c51296 a853f13216170123 96e82fa141db9a4b 99e833818ec4bbf2 50cb6a6c60ad711a e4a7a996ed6a5a81 5570ef88d970e9b4 4e966bb2768c2b8a 1d0f5fdc58e3efb5 9f3d2ca16f358290 d1e21234d7cc61d2 133b04350c75770b 6406fcdb7d87b5dc 48f93f9c2c699e19 03ed286136d7b3cf f29eee8054c061e1 e740c80fce094788 069e7e25e43deab3 0220a434aa8bf029 2e2904c5373734ae ba5199dba342af68 01ecc81f6341e902 62431fd374eb99fb b1dcaca98bb76736 8faeacf8ca08f62d 033d905aec273595 c36c2dce0e6e434f c1f2e3a76d388944 f209d29f991432f0 587e0b2a4811fab1
498,0f4c71d341e2d939 3ca7964973437917 1c3b74a02a86467d b0e254dd420faee3 00d9eb862ba3dfc6 62431fd374eb99fb b1dcaca98bb76736 8faeacf8ca08f62d 033d905aec273595 c36c2dce0e6e434f c1f2e3a76d388944 f209d29f991432f0 587e0b2a4811fab1 a2805ed52b47b8ec 5867d40811c0229f 47fbe21f5c35c7b4 c28bc62802b90f82 0bcaac840d5e66d7 9a0f5ee4f845c9b2 702d8f1064ab3e30 3986b68500d7704b 3fa57d488e979d74 4d7653ea9499eed4 ff88049e61f0f4ef e0269da736ddf004 52370bea1acd0600 fd30682593995748 734dabb98795c35c 942a7d26d81c841f bd0f175ee98c613e
499,6a9aa1bd93e36e66 a84cd36608cb8665 62431fd374eb99fb b1dcaca98bb76736 ce2fe99a7cda4a17 8faeacf8ca08f62d 451e7ba901ad661d a65e30106ea50423 033d905aec273595 c36c2dce0e6e434f c1f2e3a76d388944 1d72229ebcc00faf f209d29f991432f0 d216e5458ad70e60 587e0b2a4811fab1 a2805ed52b47b8ec a853f13216170123 1398b478b71773ed d92c0298f76ccf77 4d9214c0925e5af8 0c2eeab1e4ce1db8 016da874bd04df55 d1e21234d7cc61d2 4b8c7061102517ef b84b6c0b2e4d0306 e740c80fce094788 f48d0fbea7dc2782 1d0f5fdc58e3efb5 5ebb4d2f5f1c1f13 5c4b7558c942a224
500,a65e30106ea50423 01104a026d22ae55 ff88049e61f0f4ef 4c3802a1bd3c842e d1e21234d7cc61d2 e740c80fce094788 1d0f5fdc58e3efb5 62431fd374eb99fb b1dcaca98bb76736 8faeacf8ca08f62d 033d905aec273595 c36c2dce0e6e434f c1f2e3a76d388944 f209d29f991432f0 587e0b2a4811fab1 a2805ed52b47b8ec 5867d40811c0229f 2a06f5614060e3b6 fd30682593995748 0bcaac840d5e66d7 c28bc62802b90f82 702d8f1064ab3e30 3986b68500d7704b bd713b37b67866c3 3fa57d488e979d74 9a0f5ee4f845c9b2 e0269da736ddf004 e25a1da6ca187350 942a7d26d81c841f ae94d8435a6847f4
501,0eedb1a0d3b8ddae 6ae470a7c9ec20fd 587e0b2a4811fab1 c03b11a0cdc3fa39 0708923badf2ff5d b0e254dd420faee3 39075e303166355e 60a070db9f1869b5 ae94d8435a6847f4 4483bbdd3241f11a 5b16bae6a0de7c88 0e45c4c185f35df6 e6a29676c096f8e8 2e031d83339759b2 a860b682add9de1c f105a53e5cfae611 48a76e3aff69d605 d92c0298f76ccf77 4d9214c0925e5af8 95166957b2c38794 8dedff0a79784abc b6e72edcad270be0 81bd116c786bf9ae 4beacc71024f8b08 a0566ca9daca7778 016da874bd04df55 404031ab9d5977c4 b84b6c0b2e4d0306 f48d0fbea7dc2782 5c4b7558c942a224
502,00958a140c3a6de8 3734d3b0b9232538 db0e648651f4c92b 49b5678e0d1e5bcd a0b1f4dd32f3e278 0c15f252d30646fc ba5199dba342af68 0220a434aa8bf029 4d29c6922b2d0d56 ce0f56b7190c268a 3c565c1fc2316d16 6ae470a7c9ec20fd 622f2e4119882c94 f76f44d372517a9a b0e254dd420faee3 bed3e73d52011f68 64b31699d7d15934 fb2ebcb5335ad2e2 4491016efed845f1 702d8f1064ab3e30 81b639b74256b45b b29ab87af6ea6310 8fc68213b63951dc bd713b37b67866c3 20d283a232dfd13c d3c4a7db726191e0 095bb1b6ecbd0a50 e22c35101e190db9 4d32dae7b43c489a eec6b281e236b500
503,fd30682593995748 ae000f9d0b5e104e 5048a37f10cf2d91 b50b4e27b03c7b37 1d72229ebcc00faf e8ad5e31484ef889 36d33c41812ce7dc 2820628e65a062e2 ecb768ef6fd223ca 7cea1f637ea3f37d 6461a9faa871b3ac 4d9214c0925e5af8 1a8e5d6512d9e2d8 155600e5f1221f8c 976baf0e84752a68 190ab585fd379f0f 9c9a9d45c2ea7ddf 26140b225c4f8d3f b24820ae14e16a24 702d8f1064ab3e30 3986b68500d7704b 3fa57d488e979d74 ff88049e61f0f4ef e0269da736ddf004 bd713b37b67866c3 b6d0f83aad4e4dc7 2a06f5614060e3b6 ae94d8435a6847f4 622f2e4119882c94 c28bc62802b90f82
504,a0566ca9daca7778 f1a3b8b13e9401c0 ae94d8435a6847f4 0e45c4c185f35df6 e6a29676c096f8e8 a860b682add9de1c f105a53e5cfae611 48a76e3aff69d605 d92c0298f76ccf77 4d9214c0925e5af8 95166957b2c38794 8dedff0a79784abc b6e72edcad270be0 81bd116c786bf9ae 4beacc71024f8b08 016da874bd04df55 404031ab9d5977c4 b84b6c0b2e4d0306 f48d0fbea7dc2782 5c4b7558c942a224 50cb6a6c60ad711a b69ce8b8154645f8 3e8e56f639a5db5b d5952b2e031c4e7e 3fa57d488e979d74 702d8f1064ab3e30 c28bc62802b90f82 0bcaac840d5e66d7 9a0f5ee4f845c9b2 4d7653ea9499eed4
505,52aa48c07b34dc88 576dd429db946393 b3e75fdca5ca2f1a 393f49286db04aeb 24e582daf6f87158 c5830f9d0f1e29e5 74ae9af23a383bf5 feddfcf56818968e 58654e3143c6550b 1f423f368aebf7f3 09bbaa171c20bae3 204ec91c39d1479d ae000f9d0b5e104e 8e0cc5199a0ee659 62431fd374eb99fb b1dcaca98bb76736 8faeacf8ca08f62d 033d905aec273595 c36c2dce0e6e434f c1f2e3a76d388944 f209d29f991432f0 587e0b2a4811fab1 a2805ed52b47b8ec ff88049e61f0f4ef 3fa57d488e979d74 3986b68500d7704b 52370bea1acd0600 702d8f1064ab3e30 c28bc62802b90f82 0bcaac840d5e66d7
506,d257d1fbcf43abd5 ad06e9eeea8eb4ea 0451447dd64f6284 3a6e7894dde31c67 9b0e8cf8153e3b33 d6bbbd6c4968075a 58654e3143c6550b b6a1c97f19af78d0 dea5e9227fbbac29 98dbd15aa33ebc18 b6e646c13d0753ae 047769588be1aea9 a9223c28b10c131f 8dedff0a79784abc bc2552a642ce8497 e9c20b67a4c5395f 4f915ad69e1dca36 ce0f56b7190c268a c143c095983a65c2 628accd9be98503c 00e1e2eb13f650e4 f76f44d372517a9a a813c15b46ceaf68 27bc34b9887bec0d daa257a37227cd72 4d7653ea9499eed4 9a0f5ee4f845c9b2 72c2a95813ea72bd 095bb1b6ecbd0a50 4d32dae7b43c489a
507,a84cd36608cb8665 a1314cd417504572 cc861214a89ef1f4 fab14d178b24a67f 354d7a327bbcc152 6cb9ab508a0678a0 22e8d6734e4121ae 2b48ab08c915c0ad 4105533fe46dfba9 af8e70f978cd5aee ecb768ef6fd223ca 059bbdbdb843af6a 00d9f8d3f7d412b3 9f27aa36c1ea793c e7828f0ea9749505 9b2adcf4041227d7 e461837f0fb35048 8700059e85433b32 7d83ffe83f61bdc4 2e2904c5373734ae 4d9214c0925e5af8 9c9a9d45c2ea7ddf 26140b225c4f8d3f 702d8f1064ab3e30 3986b68500d7704b 3fa57d488e979d74 ff88049e61f0f4ef e0269da736ddf004 b6d0f83aad4e4dc7 bd713b37b67866c3
508,65ad9c583823162d 59bf6d6df9146d60 f25bfcffedaccf28 d5805cdb9e8f0f48 025a148c3a53bd9f 4d7653ea9499eed4 27bc34b9887bec0d 9a0f5ee4f845c9b2 a813c15b46ceaf68 72c2a95813ea72bd daa257a37227cd72 7f95168400948588 bd0f175ee98c613e 6d80d2e62d01f6bc bd713b37b67866c3 8fc68213b63951dc 81b639b74256b45b b29ab87af6ea6310 095bb1b6ecbd0a50 eec6b281e236b500 e22c35101e190db9 4d32dae7b43c489a 20d283a232dfd13c d3c4a7db726191e0 e878efab7c37179e b24820ae14e16a24 09660f466b38b7ba e25a1da6ca187350 1f4f62844c3cb99c 16b11706660177ff
509,45bd99d5d2eef776 8df3f13d6af34cb3 0c2eeab1e4ce1db8 4b8c7061102517ef 5ebb4d2f5f1c1f13 98dbd15aa33ebc18 00d9eb862ba3dfc6 2a06f5614060e3b6 52370bea1acd0600 4d7653ea9499eed4 fd30682593995748 9a0f5ee4f845c9b2 0bcaac840d5e66d7 47fbe21f5c35c7b4 bd713b37b67866c3 702d8f1064ab3e30 3986b68500d7704b 3fa57d488e979d74 ff88049e61f0f4ef e0269da736ddf004 c28bc62802b90f82 e7cad3748e50b0f8 0708923badf2ff5d 734dabb98795c35c 942a7d26d81c841f bd0f175ee98c613e ae94d8435a6847f4 b6d0f83aad4e4dc7 5fb2d8e734956af0 622f2e4119882c94
510,a5d5ba33b5b1dc95 8566d15270eb5e83 3c565c1fc2316d16 b6e646c13d0753ae a9223c28b10c131f 148ac4a56a18844d d257d1fbcf43abd5 00e1e2eb13f650e4 ad06e9eeea8eb4ea 50806199c80e215c 919b1679fffa7ef1 0451447dd64f6284 2e2904c5373734ae d73a65673e3f1d78 3a6e7894dde31c67 9b0e8cf8153e3b33 d6bbbd6c4968075a 58654e3143c6550b b6a1c97f19af78d0 dea5e9227fbbac29 27bc34b9887bec0d 72c2a95813ea72bd 4d7653ea9499eed4 daa257a37227cd72 a813c15b46ceaf68 9a0f5ee4f845c9b2 98dbd15aa33ebc18 65708d542bd01f39 047769588be1aea9 c015590d6a6fe833
511,8d58da0e1800dc96 5fb2d8e734956af0 1f4f62844c3cb99c db7342eff9200020 025a148c3a53bd9f a52df8083c238c46 acae1d29289b1266 197fa50b30d91fe8 0451447dd64f6284 40583079f57235a6 49224aca40e6e5e3 2901e5309bb3f8f6 cc861214a89ef1f4 7b81f1f2b6ec2e5f 48f93f9c2c699e19 5a1149fbcbd37376 d72363ddd958d906 6a3919ad9ed8197e 0c2eeab1e4ce1db8 4b8c7061102517ef 5ebb4d2f5f1c1f13 98dbd15aa33ebc18 19b4014943e0ad92 fd30682593995748 bd713b37b67866c3 2a06f5614060e3b6 39f6296778264878 e0269da736ddf004 ff88049e61f0f4ef 3fa57d488e979d74
512,522bd6887960c25d 238de368bb05c0ec 0683b6a78f54be75 ca4de5b8a7bda9df 0c2eeab1e4ce1db8 e5fb8dc5c9cb4a19 0add47a043c64d7f 4b8c7061102517ef 5ebb4d2f5f1c1f13 99e833818ec4bbf2 f29eee8054c061e1 98dbd15aa33ebc18 aa0789b403bcd839 a853f13216170123 4d9214c0925e5af8 e8684734f2e587bd c96049ed915ced0a 9c9a9d45c2ea7ddf 26140b225c4f8d3f 00d9eb862ba3dfc6 48f93f9c2c699e19 702d8f1064ab3e30 3986b68500d7704b 3fa57d488e979d74 ff88049e61f0f4ef e0269da736ddf004 c28bc62802b90f82 fd30682593995748 2a06f5614060e3b6 39f6296778264878
513,4c3802a1bd3c842e a0b1f4dd32f3e278 351c9da399c2b915 a2805ed52b47b8ec 4d9214c0925e5af8 00e1e2eb13f650e4 9c9a9d45c2ea7ddf 26140b225c4f8d3f 00d9eb862ba3dfc6 5867d40811c0229f 4d7653ea9499eed4 9a0f5ee4f845c9b2 0bcaac840d5e66d7 c28bc62802b90f82 702d8f1064ab3e30 3986b68500d7704b ff88049e61f0f4ef e0269da736ddf004 bd713b37b67866c3 fd30682593995748 2a06f5614060e3b6 39f6296778264878 3fa57d488e979d74 734dabb98795c35c 942a7d26d81c841f bd0f175ee98c613e ae94d8435a6847f4 b6d0f83aad4e4dc7 b24820ae14e16a24 622f2e4119882c94
514,4491016efed845f1 fab14d178b24a67f 22e8d6734e4121ae 4105533fe46dfba9 050544c040f46152 cc861214a89ef1f4 354d7a327bbcc152 6cb9ab508a0678a0 955e465ce0788ea6 43b3338423d7386c 01e5a6edcee7deb0 af8e70f978cd5aee b6cdb608f640e038 059bbdbdb843af6a d257d1fbcf43abd5 e25a1da6ca187350 83f8f2fc471cad74 5c8c6d9a1fd4c1e0 172bc0ee09332ae9 622f2e4119882c94 8a5635c748344d47 42bb83d7c4b9ecae 4577ae048ef1967d b26d8664feb18c8c 34a62e66e05f9a44 419b5dc40744fb9b 9269d2b0d877352d ec1b3d7ccd3984d0 f76f44d372517a9a 26140b225c4f8d3f
515,0c2eeab1e4ce1db8 4b8c7061102517ef 5ebb4d2f5f1c1f13 98dbd15aa33ebc18 65708d542bd01f39 c015590d6a6fe833 db69d4cbfef8d22f 99e833818ec4bbf2 4bed80e56ea2e099 48f93f9c2c699e19 5867d40811c0229f 4d7653ea9499eed4 0bcaac840d5e66d7 c28bc62802b90f82 702d8f1064ab3e30 3986b68500d7704b 3fa57d488e979d74 942a7d26d81c841f ff88049e61f0f4ef e25a1da6ca187350 e0269da736ddf004 bd713b37b67866c3 fd30682593995748 2a06f5614060e3b6 9a0f5ee4f845c9b2 52370bea1acd0600 47fbe21f5c35c7b4 bd0f175ee98c613e bbbd5d2fd957e8f7 ae94d8435a6847f4
516,29bedd00fb2be056 455fde214d16d350 33856365c271aea4 5989fb934598c1a7 07f22a7ad7e4711d 25a3b47fe31bc6b5 ddb3810e0289c148 387e9cd2e5d4ea7d ebfda3b48083e390 42c9b72cc77dcb28 025a148c3a53bd9f c5830f9d0f1e29e5 7155e5a86136eb02 65708d542bd01f39 57113c2a4cacd961 4d954d933e606b70 095bb1b6ecbd0a50 8643165b0f53df11 3ca7964973437917 eff60ceea8817dad 1f423f368aebf7f3 26fc2a95df5659c2 855f2f0354e102c7 63d95d5977c2fe98 7ee52d2519eea367 44d324ebd3e22ad7 1398b478b71773ed 4d417b203b333363 587e0b2a4811fab1 b6a1c97f19af78d0
517,d64c06baf5ef1c90 fd30682593995748 9f27aa36c1ea793c 898a4921ab9f4cce 016da874bd04df55 4e966bb2768c2b8a d7d937303a6d5a9d 8f578001f9d5f543 853e36b1550c6274 46315cf30aaee51c fc21db75b354a917 0688c790d5806540 b78189788d563693 9c9a9d45c2ea7ddf d92c0298f76ccf77 4d9214c0925e5af8 74244a8703c03720 047769588be1aea9 428f9363fa35882d b84b6c0b2e4d0306 f48d0fbea7dc2782 5c4b7558c942a224 50cb6a6c60ad711a b69ce8b8154645f8 3e8e56f639a5db5b d5952b2e031c4e7e 19b4014943e0ad92 99e833818ec4bbf2 48f93f9c2c699e19 3fa57d488e979d74
518,9b0e8cf8153e3b33 b6e646c13d0753ae ddf332f2b55a2a23 1dc7139adba034ec 6a3919ad9ed8197e 09bbaa171c20bae3 5d26da95786b3a3a 9fbffc521da97c54 8699cc5dd4159b69 52370bea1acd0600 4d7653ea9499eed4 9a0f5ee4f845c9b2 0bcaac840d5e66d7 c28bc62802b90f82 702d8f1064ab3e30 3986b68500d7704b 3fa57d488e979d74 ff88049e61f0f4ef e0269da736ddf004 bd713b37b67866c3 fd30682593995748 2a06f5614060e3b6 e25a1da6ca187350 47fbe21f5c35c7b4 e7cad3748e50b0f8 734dabb98795c35c 942a7d26d81c841f bd0f175ee98c613e ae94d8435a6847f4 b6d0f83aad4e4dc7
519,0c15f252d30646fc 3734d3b0b9232538 eff60ceea8817dad 00958a140c3a6de8 db0e648651f4c92b e8ad5e31484ef889 49b5678e0d1e5bcd a0b1f4dd32f3e278 4d954d933e606b70 ba5199dba342af68 0220a434aa8bf029 e8684734f2e587bd a14394322cf7043d c606425856952286 27a12f29dceccdbd 853e36b1550c6274 316382267dcd804f 46315cf30aaee51c d72363ddd958d906 4c3802a1bd3c842e 7e4a4a1300b77a06 fc21db75b354a917 0688c790d5806540 39075e303166355e c6b615b2589e036d 3d93a60f990a0a7c b6cdb608f640e038 18b1d2d84c97a364 39f6296778264878 bd0f175ee98c613e
520,6ae470a7c9ec20fd 6a9aa1bd93e36e66 ce2fe99a7cda4a17 1d72229ebcc00faf d216e5458ad70e60 1398b478b71773ed b0e254dd420faee3 47fbe21f5c35c7b4 52370bea1acd0600 4d7653ea9499eed4 9a0f5ee4f845c9b2 0bcaac840d5e66d7 c28bc62802b90f82 bbbd5d2fd957e8f7 702d8f1064ab3e30 3986b68500d7704b 3fa57d488e979d74 ff88049e61f0f4ef e0269da736ddf004 bd713b37b67866c3 fd30682593995748 2a06f5614060e3b6 0708923badf2ff5d 734dabb98795c35c 942a7d26d81c841f bd0f175ee98c613e ae94d8435a6847f4 b6d0f83aad4e4dc7 b24820ae14e16a24 622f2e4119882c94
521,e6a29676c096f8e8 a65e30106ea50423 636224e349e561bf 5c4b7558c942a224 ae94d8435a6847f4 d1e21234d7cc61d2 e740c80fce094788 1d0f5fdc58e3efb5 0e45c4c185f35df6 a860b682add9de1c f105a53e5cfae611 48a76e3aff69d605 4d9214c0925e5af8 b1dcaca98bb76736 62431fd374eb99fb 8faeacf8ca08f62d 95166957b2c38794 8dedff0a79784abc 033d905aec273595 c36c2dce0e6e434f b6e72edcad270be0 81bd116c786bf9ae 4beacc71024f8b08 a0566ca9daca7778 c1f2e3a76d388944 f209d29f991432f0 9c9a9d45c2ea7ddf 587e0b2a4811fab1 a2805ed52b47b8ec 404031ab9d5977c4
522,fa173131f15f5534 cc507a0d6fcf4a1c 419b5dc40744fb9b 03ed286136d7b3cf 5ebb4d2f5f1c1f13 ffa9091747ae2466 6899956cd6c683f0 e461837f0fb35048 a65e30106ea50423 3e8e56f639a5db5b 9113e9dc940fb287 a2c35fdf07a13286 c143c095983a65c2 d72363ddd958d906 eff60ceea8817dad 6a3919ad9ed8197e d1e21234d7cc61d2 e740c80fce094788 1d0f5fdc58e3efb5 19b4014943e0ad92 0bcaac840d5e66d7 3fa57d488e979d74 9a0f5ee4f845c9b2 c28bc62802b90f82 ff88049e61f0f4ef 52370bea1acd0600 e0269da736ddf004 bd713b37b67866c3 702d8f1064ab3e30 4d7653ea9499eed4
523,1d0f5fdc58e3efb5 2e031d83339759b2 f58ff7f1a6cde683 4d7653ea9499eed4 9a0f5ee4f845c9b2 0bcaac840d5e66d7 c28bc62802b90f82 702d8f1064ab3e30 3986b68500d7704b 3fa57d488e979d74 ff88049e61f0f4ef e0269da736ddf004 bd713b37b67866c3 fd30682593995748 2a06f5614060e3b6 39f6296778264878 e25a1da6ca187350 c31a456b544a40a8 52370bea1acd0600 059bbdbdb843af6a 0708923badf2ff5d 734dabb98795c35c 942a7d26d81c841f bd0f175ee98c613e ae94d8435a6847f4 b6d0f83aad4e4dc7 b24820ae14e16a24 622f2e4119882c94 47fbe21f5c35c7b4 af8e70f978cd5aee
524,6ae470a7c9ec20fd 09660f466b38b7ba 0db6584e3bdfa1c4 16b11706660177ff 796888cc3443006c 387e9cd2e5d4ea7d 57113c2a4cacd961 33856365c271aea4 942a7d26d81c841f 430feb4826a5632e a9eef13786610446 155600e5f1221f8c 976baf0e84752a68 5867d40811c0229f c28bc62802b90f82 702d8f1064ab3e30 3986b68500d7704b 3fa57d488e979d74 ff88049e61f0f4ef e0269da736ddf004 bd713b37b67866c3 fd30682593995748 2a06f5614060e3b6 39f6296778264878 e25a1da6ca187350 0bcaac840d5e66d7 b6d0f83aad4e4dc7 b24820ae14e16a24 622f2e4119882c94 4b8c7061102517ef
525,b78189788d563693 c606425856952286 a14394322cf7043d 27a12f29dceccdbd 853e36b1550c6274 316382267dcd804f 46315cf30aaee51c d72363ddd958d906 4c3802a1bd3c842e 7e4a4a1300b77a06 fc21db75b354a917 0688c790d5806540 39075e303166355e c6b615b2589e036d 3d93a60f990a0a7c ae94d8435a6847f4 b6cdb608f640e038 18b1d2d84c97a364 39f6296778264878 bd0f175ee98c613e 36d33c41812ce7dc d64c06baf5ef1c90 73f770f2643a2135 40583079f57235a6 b0bfe0f426275870 d6bbbd6c4968075a acae1d29289b1266 74244a8703c03720 e228204ae08d1355 9100ea6cd0e084bf
526,4d9214c0925e5af8 b9d966ad9e04127a 9c9a9d45c2ea7ddf 5f94b027039f4e48 50cb6a6c60ad711a d1e21234d7cc61d2 70ebf53ced736fa4 d257d1fbcf43abd5 ad06e9eeea8eb4ea 26140b225c4f8d3f 0451447dd64f6284 a853f13216170123 3a6e7894dde31c67 9b0e8cf8153e3b33 da011b87595c1019 28a2067685cb3e97 d6bbbd6c4968075a 58654e3143c6550b b6a1c97f19af78d0 dea5e9227fbbac29 98dbd15aa33ebc18 b6e646c13d0753ae 65708d542bd01f39 047769588be1aea9 c015590d6a6fe833 00e1e2eb13f650e4 db69d4cbfef8d22f a9223c28b10c131f 8dedff0a79784abc e9c20b67a4c5395f
527,0add47a043c64d7f bf973f9ec3600199 9c9ebf71707d7a37 f6d23cdd2359f7c0 db0e648651f4c92b 585f4ee09d8fea46 c05f45f86d0771d5 1f4f62844c3cb99c 919b1679fffa7ef1 dc576af4ae66e25e a52df8083c238c46 0220a434aa8bf029 5879096a38d69fc5 f76f44d372517a9a 27bc34b9887bec0d daa257a37227cd72 a813c15b46ceaf68 9a0f5ee4f845c9b2 72c2a95813ea72bd 4d7653ea9499eed4 a0566ca9daca7778 e22c35101e190db9 eec6b281e236b500 4d32dae7b43c489a e878efab7c37179e 20d283a232dfd13c d3c4a7db726191e0 095bb1b6ecbd0a50 8fc68213b63951dc bd713b37b67866c3
528,4beacc71024f8b08 0772e3ab293a1f30 a14394322cf7043d c606425856952286 27a12f29dceccdbd 853e36b1550c6274 316382267dcd804f 46315cf30aaee51c d72363ddd958d906 4c3802a1bd3c842e 7e4a4a1300b77a06 0c2eeab1e4ce1db8 fc21db75b354a917 0688c790d5806540 39075e303166355e c6b615b2589e036d 3d93a60f990a0a7c 4b8c7061102517ef b6cdb608f640e038 18b1d2d84c97a364 39f6296778264878 bd0f175ee98c613e 36d33c41812ce7dc d64c06baf5ef1c90 5ebb4d2f5f1c1f13 40583079f57235a6 b78189788d563693 b0bfe0f426275870 d6bbbd6c4968075a 74244a8703c03720
529,83f5a9732f0de67f cea18be9a89d7a81 bbbd5d2fd957e8f7 47fbe21f5c35c7b4 52370bea1acd0600 4d7653ea9499eed4 9a0f5ee4f845c9b2 0bcaac840d5e66d7 781f4d0147aef776 702d8f1064ab3e30 3986b68500d7704b 3fa57d488e979d74 ff88049e61f0f4ef e0269da736ddf004 bd713b37b67866c3 fd30682593995748 2a06f5614060e3b6 39f6296778264878 c28bc62802b90f82 e36475c1af5ea3ab e7cad3748e50b0f8 0708923badf2ff5d 734dabb98795c35c 942a7d26d81c841f bd0f175ee98c613e ae94d8435a6847f4 b6d0f83aad4e4dc7 5fb2d8e734956af0 622f2e4119882c94 4b8c7061102517ef
530,447fc00f40d71d08 46b99f864d6a075a 4bed80e56ea2e099 72403ecdfe02bba6 05f23e7d05dbf7c2 01020d1b0821f4c7 2e79d45ba4d1540d 0fbd0f422e926816 33856365c271aea4 74244a8703c03720 70776cdd9bb3b7d4 8e0760918e88e4a9 c5830f9d0f1e29e5 abf90e759d208468 4a5ac473c9d176ba 3e8e56f639a5db5b 4522ad78bf79f0c9 796888cc3443006c 73391e0853c1e040 05e4165a56bf50eb 387e9cd2e5d4ea7d db7342eff9200020 316382267dcd804f 58654e3143c6550b 5b34da30b93eb123 d35e11d3d1ab3c67 b3ad55963554f220 63d95d5977c2fe98 7eec211cc37a1b05 26fc2a95df5659c2
531,b1e47da7659b675c 48a76e3aff69d605 9c9ebf71707d7a37 95166957b2c38794 db0e648651f4c92b 52e459a551d4ac2d 50ba507a268872e1 585f4ee09d8fea46 5057551fc55e9ed2 b371170568146b12 edc79e57b20e9036 ae000f9d0b5e104e 37001ade0df85823 5bf89d11a25121d9 00d9eb862ba3dfc6 a65e30106ea50423 4c3802a1bd3c842e ffa9091747ae2466 6204e398d8c7f888 0a79fabc6f5d93c9 2e4b00c01d58e79e 9269d2b0d877352d b0e254dd420faee3 01ecc81f6341e902 59c231f8fd21260c 622f2e4119882c94 b24820ae14e16a24 b6d0f83aad4e4dc7 ae94d8435a6847f4 c28bc62802b90f82
532,4d29c6922b2d0d56 ce0f56b7190c268a 8d58da0e1800dc96 5fb2d8e734956af0 1f4f62844c3cb99c 025a148c3a53bd9f a52df8083c238c46 49224aca40e6e5e3 db7342eff9200020 95ecdbff44ad0b60 acae1d29289b1266 197fa50b30d91fe8 64b31699d7d15934 fb2ebcb5335ad2e2 bed3e73d52011f68 0451447dd64f6284 702d8f1064ab3e30 40583079f57235a6 eec6b281e236b500 095bb1b6ecbd0a50 b29ab87af6ea6310 8fc68213b63951dc d3c4a7db726191e0 e878efab7c37179e bd713b37b67866c3 20d283a232dfd13c 81b639b74256b45b 4d32dae7b43c489a e22c35101e190db9 576dd429db946393
533,0a49074a4158155b 18ced18aee04c48e 734dabb98795c35c 2e2904c5373734ae 5867d40811c0229f bbbd5d2fd957e8f7 52370bea1acd0600 4d7653ea9499eed4 9a0f5ee4f845c9b2 0bcaac840d5e66d7 c28bc62802b90f82 702d8f1064ab3e30 3986b68500d7704b 3fa57d488e979d74 ff88049e61f0f4ef e0269da736ddf004 bd713b37b67866c3 fd30682593995748 2a06f5614060e3b6 39f6296778264878 e25a1da6ca187350 47fbe21f5c35c7b4 0708923badf2ff5d 942a7d26d81c841f bd0f175ee98c613e ae94d8435a6847f4 b6d0f83aad4e4dc7 b24820ae14e16a24 622f2e4119882c94 5fb2d8e734956af0
534,b78189788d563693 ae94d8435a6847f4 73f770f2643a2135 acae1d29289b1266 65d44c6393907290 4d417b203b333363 f44f74b3451aa593 54f55c74d37db3c0 96e82fa141db9a4b a14394322cf7043d c606425856952286 047769588be1aea9 e4a7a996ed6a5a81 27a12f29dceccdbd 853e36b1550c6274 316382267dcd804f 46315cf30aaee51c d72363ddd958d906 4c3802a1bd3c842e 7e4a4a1300b77a06 fc21db75b354a917 0688c790d5806540 39075e303166355e c6b615b2589e036d 0c2eeab1e4ce1db8 3d93a60f990a0a7c b6cdb608f640e038 18b1d2d84c97a364 39f6296778264878 bd0f175ee98c613e
535,54f55c74d37db3c0 29bedd00fb2be056 b749972436ac9791 ffc688c4c1c2a068 c08c3765ac609cc0 a9eef13786610446 18ced18aee04c48e e14a893f1918277e 0eafda717681bbdc e7cad3748e50b0f8 65fac1ba1840000f 2a06f5614060e3b6 4d417b203b333363 bb7515be835dea49 6d80d2e62d01f6bc 49224aca40e6e5e3 238de368bb05c0ec 25a3b47fe31bc6b5 047769588be1aea9 74e59c5820900b17 c810ac016901e8ac 0683b6a78f54be75 922e625fae98b3b9 0fbd0f422e926816 e5fb8dc5c9cb4a19 0add47a043c64d7f ae94d8435a6847f4 73f770f2643a2135 d257d1fbcf43abd5 6c017e548aa138f2
536,c143c095983a65c2 4f2fffd7528de786 d257d1fbcf43abd5 48cf88c17ff38c5e ad06e9eeea8eb4ea ca4de5b8a7bda9df 0451447dd64f6284 3a6e7894dde31c67 9b0e8cf8153e3b33 4dba7ce835494a63 d6bbbd6c4968075a 58654e3143c6550b b6a1c97f19af78d0 0772e3ab293a1f30 dea5e9227fbbac29 98dbd15aa33ebc18 b6e646c13d0753ae 46b99f864d6a075a 047769588be1aea9 05e4165a56bf50eb a9223c28b10c131f 8dedff0a79784abc 8b7c486a910dd004 3b6d27775fce1c7b e9c20b67a4c5395f a2c35fdf07a13286 4f915ad69e1dca36 ce0f56b7190c268a 5867d40811c0229f 9c9a9d45c2ea7ddf
537,00ff646ca6637bd7 b78189788d563693 0c2eeab1e4ce1db8 ae94d8435a6847f4 73f770f2643a2135 016da874bd04df55 351c9da399c2b915 f28fb3d9880c5d4c b0b5e62a93a2c37c acae1d29289b1266 42c9b72cc77dcb28 120e745e2961b5d5 2bafd15871caae91 65d44c6393907290 a677c3a76055a6d2 4d417b203b333363 2e44fbb8bc3d8d71 54f55c74d37db3c0 99e833818ec4bbf2 4d9214c0925e5af8 37001ade0df85823 a14394322cf7043d c606425856952286 047769588be1aea9 2dd12c230ab22555 27a12f29dceccdbd 853e36b1550c6274 48f93f9c2c699e19 9c9a9d45c2ea7ddf 316382267dcd804f
538,e8ad5e31484ef889 3e66b4855d0dddbe 680bb5c5c3bb6ee1 e0269da736ddf004 74e59c5820900b17 a5f55580081236f4 bf973f9ec3600199 8dedff0a79784abc 0a49074a4158155b 06de3ca1148b088b 0079f3c74309b582 3ca7964973437917 4f31209941bb05fc ce8cb4351b8c0f6e 1398b478b71773ed 07be6a290720707d ce0f56b7190c268a 0c2eeab1e4ce1db8 4b8c7061102517ef 5ebb4d2f5f1c1f13 98dbd15aa33ebc18 b1dcaca98bb76736 62431fd374eb99fb 8faeacf8ca08f62d 033d905aec273595 c36c2dce0e6e434f c1f2e3a76d388944 f209d29f991432f0 587e0b2a4811fab1 a2805ed52b47b8ec
539,d980375fbd40c75f 855f2f0354e102c7 07f22a7ad7e4711d acf5cb026b3c4551 050544c040f46152 a18df74d3a16e9c0 522bd6887960c25d 90ecb28f2edb9d43 4491016efed845f1 e25a1da6ca187350 0db6584e3bdfa1c4 8a5635c748344d47 1efd7bd8a34a1359 3c565c1fc2316d16 42bb83d7c4b9ecae 83f8f2fc471cad74 1f423f368aebf7f3 5c8c6d9a1fd4c1e0 419b5dc40744fb9b ac9ee0c09b538140 95ecdbff44ad0b60 83b911ff0ff45844 b371170568146b12 172bc0ee09332ae9 eab15ee21e126f6a 65254e0d209fd66e 81b7c7e312bfa1a0 e1460af4a7044067 5b4c879fc9c316fb 238de368bb05c0ec
540,88b62355670ec8f8 5547f9f1638ac345 ca43e349133fc0e3 942a7d26d81c841f 47fbe21f5c35c7b4 4d7653ea9499eed4 9a0f5ee4f845c9b2 0bcaac840d5e66d7 c28bc62802b90f82 702d8f1064ab3e30 3986b68500d7704b 3fa57d488e979d74 ff88049e61f0f4ef e0269da736ddf004 bd713b37b67866c3 fd30682593995748 2a06f5614060e3b6 39f6296778264878 e25a1da6ca187350 52370bea1acd0600 0708923badf2ff5d 734dabb98795c35c bd0f175ee98c613e ae94d8435a6847f4 b6d0f83aad4e4dc7 b24820ae14e16a24 622f2e4119882c94 4b8c7061102517ef bbbd5d2fd957e8f7 5ebb4d2f5f1c1f13
541,3b6d27775fce1c7b 419b5dc40744fb9b 6899956cd6c683f0 4f2fffd7528de786 48cf88c17ff38c5e 9113e9dc940fb287 ca4de5b8a7bda9df 4dba7ce835494a63 eff60ceea8817dad a2c35fdf07a13286 999a52f1d301247c 42bb83d7c4b9ecae d63b7f083330247f d257d1fbcf43abd5 d16da1fb61813db9 3e8e56f639a5db5b 97d696011258825c cc0c9419f8a20603 a2805ed52b47b8ec c143c095983a65c2 6ae470a7c9ec20fd fa173131f15f5534 8d58da0e1800dc96 d72363ddd958d906 b05b5f6850cfa158 5fb2d8e734956af0 1f4f62844c3cb99c db7342eff9200020 b6e646c13d0753ae c015590d6a6fe833
542,83f8f2fc471cad74 3cb6b40d377e7ca8 9cf6709de35bf0f3 2394b08708475900 4f2fffd7528de786 54a11cbcd7a32af4 f49e13a653cbdad2 60a070db9f1869b5 520ec719078be07c 8d58da0e1800dc96 72b80b099fd64ec4 9fda36f260eec24e 5fb2d8e734956af0 1f4f62844c3cb99c b05b5f6850cfa158 db7342eff9200020 025a148c3a53bd9f a52df8083c238c46 acae1d29289b1266 197fa50b30d91fe8 0451447dd64f6284 40583079f57235a6 49224aca40e6e5e3 2901e5309bb3f8f6 cc861214a89ef1f4 7b81f1f2b6ec2e5f 5a1149fbcbd37376 3986b68500d7704b ff88049e61f0f4ef 3fa57d488e979d74
543,c31a456b544a40a8 047769588be1aea9 ae94d8435a6847f4 73f770f2643a2135 d257d1fbcf43abd5 acae1d29289b1266 ad06e9eeea8eb4ea 65d44c6393907290 4d417b203b333363 0451447dd64f6284 3a6e7894dde31c67 9b0e8cf8153e3b33 54f55c74d37db3c0 b78189788d563693 d6bbbd6c4968075a 58654e3143c6550b b6a1c97f19af78d0 b1dcaca98bb76736 62431fd374eb99fb dea5e9227fbbac29 8faeacf8ca08f62d 98dbd15aa33ebc18 d92c0298f76ccf77 b6e646c13d0753ae 4d9214c0925e5af8 033d905aec273595 c36c2dce0e6e434f a9223c28b10c131f 8dedff0a79784abc c1f2e3a76d388944
544,65708d542bd01f39 c015590d6a6fe833 db69d4cbfef8d22f a0b1f4dd32f3e278 42bb83d7c4b9ecae 050544c040f46152 4bed80e56ea2e099 8a5635c748344d47 b6cdb608f640e038 4491016efed845f1 b26d8664feb18c8c 419b5dc40744fb9b e25a1da6ca187350 83f8f2fc471cad74 5c8c6d9a1fd4c1e0 955e465ce0788ea6 43b3338423d7386c 01e5a6edcee7deb0 172bc0ee09332ae9 4577ae048ef1967d b1dcaca98bb76736 62431fd374eb99fb 34a62e66e05f9a44 24e582daf6f87158 e1460af4a7044067 033d905aec273595 c1f2e3a76d388944 9269d2b0d877352d ec1b3d7ccd3984d0 95ecdbff44ad0b60
545,404031ab9d5977c4 63d509cd2a2e0e47 999a52f1d301247c a853f13216170123 62431fd374eb99fb b1dcaca98bb76736 8faeacf8ca08f62d 033d905aec273595 c36c2dce0e6e434f c1f2e3a76d388944 f209d29f991432f0 587e0b2a4811fab1 99e833818ec4bbf2 a2805ed52b47b8ec 48f93f9c2c699e19 c28bc62802b90f82 9a0f5ee4f845c9b2 702d8f1064ab3e30 3986b68500d7704b 3fa57d488e979d74 ff88049e61f0f4ef e0269da736ddf004 bd713b37b67866c3 fd30682593995748 2a06f5614060e3b6 0bcaac840d5e66d7 bd0f175ee98c613e ae94d8435a6847f4 b6d0f83aad4e4dc7 b24820ae14e16a24
546,0eedb1a0d3b8ddae b0e254dd420faee3 6ae470a7c9ec20fd 587e0b2a4811fab1 0708923badf2ff5d 2e031d83339759b2 0c2eeab1e4ce1db8 4b8c7061102517ef 5ebb4d2f5f1c1f13 a0b1f4dd32f3e278 98dbd15aa33ebc18 00d9eb862ba3dfc6 734dabb98795c35c 4d7653ea9499eed4 9a0f5ee4f845c9b2 0bcaac840d5e66d7 c28bc62802b90f82 702d8f1064ab3e30 3986b68500d7704b 3fa57d488e979d74 ff88049e61f0f4ef 2a06f5614060e3b6 e0269da736ddf004 bd713b37b67866c3 52370bea1acd0600 942a7d26d81c841f 47fbe21f5c35c7b4 bbbd5d2fd957e8f7 cea18be9a89d7a81 5fb2d8e734956af0
547,3c565c1fc2316d16 16b11706660177ff 57113c2a4cacd961 00e1e2eb13f650e4 3ca7964973437917 853e36b1550c6274 09660f466b38b7ba 0db6584e3bdfa1c4 7e4a4a1300b77a06 a65e30106ea50423 796888cc3443006c fc21db75b354a917 387e9cd2e5d4ea7d bd0f175ee98c613e b78189788d563693 33856365c271aea4 942a7d26d81c841f a813c15b46ceaf68 9a0f5ee4f845c9b2 daa257a37227cd72 27bc34b9887bec0d 4d7653ea9499eed4 72c2a95813ea72bd 430feb4826a5632e a9eef13786610446 702d8f1064ab3e30 c606425856952286 a14394322cf7043d e878efab7c37179e 20d283a232dfd13c
548,0772e3ab293a1f30 99e833818ec4bbf2 48f93f9c2c699e19 0c2eeab1e4ce1db8 4b8c7061102517ef 5ebb4d2f5f1c1f13 98dbd15aa33ebc18 5867d40811c0229f 47fbe21f5c35c7b4 4d7653ea9499eed4 9a0f5ee4f845c9b2 0bcaac840d5e66d7 c28bc62802b90f82 702d8f1064ab3e30 3986b68500d7704b 3fa57d488e979d74 ff88049e61f0f4ef e0269da736ddf004 bd713b37b67866c3 fd30682593995748 2a06f5614060e3b6 39f6296778264878 52370bea1acd0600 0708923badf2ff5d 734dabb98795c35c 942a7d26d81c841f bd0f175ee98c613e ae94d8435a6847f4 b6d0f83aad4e4dc7 b24820ae14e16a24
549,01104a026d22ae55 ff88049e61f0f4ef 8699cc5dd4159b69 00ff646ca6637bd7 04fda7c9d8971ec0 cba7e22bb383083a 922e625fae98b3b9 4a5ac473c9d176ba e7dd56376be2cf1c 8f578001f9d5f543 d7d937303a6d5a9d 853e36b1550c6274 46315cf30aaee51c fc21db75b354a917 0688c790d5806540 10ad13170242ecae b78189788d563693 016da874bd04df55 9c9a9d45c2ea7ddf 74244a8703c03720 047769588be1aea9 428f9363fa35882d 19b4014943e0ad92 e0269da736ddf004 3986b68500d7704b bd713b37b67866c3 fd30682593995748 2a06f5614060e3b6 39f6296778264878 e25a1da6ca187350
550,7eec211cc37a1b05 ddf332f2b55a2a23 09bbaa171c20bae3 8bf446c0455e3c5c 52370bea1acd0600 9a0f5ee4f845c9b2 0bcaac840d5e66d7 c28bc62802b90f82 702d8f1064ab3e30 3986b68500d7704b 3fa57d488e979d74 ff88049e61f0f4ef e0269da736ddf004 bd713b37b67866c3 fd30682593995748 2a06f5614060e3b6 39f6296778264878 e25a1da6ca187350 c31a456b544a40a8 4d7653ea9499eed4 0708923badf2ff5d 942a7d26d81c841f bd0f175ee98c613e ae94d8435a6847f4 b6d0f83aad4e4dc7 b24820ae14e16a24 622f2e4119882c94 4b8c7061102517ef f58ff7f1a6cde683 5ebb4d2f5f1c1f13
551,52370bea1acd0600 48cf88c17ff38c5e 204ec91c39d1479d cc2cc23a98c14c33 dc12cc503ac0eddb dc17b07476183764 413c55a5ab86881a 522bd6887960c25d 4d7653ea9499eed4 9a0f5ee4f845c9b2 0bcaac840d5e66d7 47fbe21f5c35c7b4 702d8f1064ab3e30 3986b68500d7704b 3fa57d488e979d74 ff88049e61f0f4ef e0269da736ddf004 bd713b37b67866c3 fd30682593995748 2a06f5614060e3b6 39f6296778264878 c28bc62802b90f82 734dabb98795c35c 942a7d26d81c841f bd0f175ee98c613e ae94d8435a6847f4 b6d0f83aad4e4dc7 b24820ae14e16a24 622f2e4119882c94 4b8c7061102517ef
552,8d58da0e1800dc96 5fb2d8e734956af0 1f4f62844c3cb99c db7342eff9200020 025a148c3a53bd9f a52df8083c238c46 acae1d29289b1266 197fa50b30d91fe8 0451447dd64f6284 40583079f57235a6 49224aca40e6e5e3 2901e5309bb3f8f6 cc861214a89ef1f4 7b81f1f2b6ec2e5f 5a1149fbcbd37376 fab14d178b24a67f 5dd752753760ced8 00e1e2eb13f650e4 0bcaac840d5e66d7 9a0f5ee4f845c9b2 4d7653ea9499eed4 c28bc62802b90f82 702d8f1064ab3e30 3986b68500d7704b 3fa57d488e979d74 ff88049e61f0f4ef e0269da736ddf004 bd713b37b67866c3 fd30682593995748 52370bea1acd0600
553,0772e3ab293a1f30 d216e5458ad70e60 20db73cf07a45f71 0c2eeab1e4ce1db8 4b8c7061102517ef 95d25d38ba7df9c7 5ebb4d2f5f1c1f13 98dbd15aa33ebc18 99e833818ec4bbf2 48f93f9c2c699e19 52370bea1acd0600 4d7653ea9499eed4 9a0f5ee4f845c9b2 0bcaac840d5e66d7 c28bc62802b90f82 702d8f1064ab3e30 47fbe21f5c35c7b4 3fa57d488e979d74 ff88049e61f0f4ef e0269da736ddf004 bd713b37b67866c3 fd30682593995748 2a06f5614060e3b6 3986b68500d7704b 0708923badf2ff5d 734dabb98795c35c 942a7d26d81c841f bd0f175ee98c613e ae94d8435a6847f4 b6d0f83aad4e4dc7
554,a65e30106ea50423 4c3802a1bd3c842e ffa9091747ae2466 6204e398d8c7f888 2e4b00c01d58e79e 0a79fabc6f5d93c9 9269d2b0d877352d 01ecc81f6341e902 47fbe21f5c35c7b4 52370bea1acd0600 4d7653ea9499eed4 9a0f5ee4f845c9b2 0bcaac840d5e66d7 c28bc62802b90f82 702d8f1064ab3e30 3fa57d488e979d74 ff88049e61f0f4ef e0269da736ddf004 bd713b37b67866c3 fd30682593995748 2a06f5614060e3b6 3986b68500d7704b e7cad3748e50b0f8 0708923badf2ff5d 734dabb98795c35c 942a7d26d81c841f bd0f175ee98c613e ae94d8435a6847f4 b6d0f83aad4e4dc7 b24820ae14e16a24
555,013030fd7d29bf3d fd57e641d06ebda7 18ced18aee04c48e 6ae470a7c9ec20fd 734dabb98795c35c 2e2904c5373734ae 62431fd374eb99fb b1dcaca98bb76736 8faeacf8ca08f62d 033d905aec273595 c36c2dce0e6e434f c1f2e3a76d388944 f209d29f991432f0 587e0b2a4811fab1 a2805ed52b47b8ec 4d7653ea9499eed4 9a0f5ee4f845c9b2 0bcaac840d5e66d7 c28bc62802b90f82 702d8f1064ab3e30 3986b68500d7704b 3fa57d488e979d74 ff88049e61f0f4ef e0269da736ddf004 bd713b37b67866c3 fd30682593995748 39f6296778264878 ae94d8435a6847f4 b6d0f83aad4e4dc7 b24820ae14e16a24
556,a5d5ba33b5b1dc95 8566d15270eb5e83 447fc00f40d71d08 148ac4a56a18844d 00e1e2eb13f650e4 50806199c80e215c 919b1679fffa7ef1 2e2904c5373734ae d73a65673e3f1d78 3e8e56f639a5db5b 74244a8703c03720 4bed80e56ea2e099 bc2552a642ce8497 46b99f864d6a075a 3ca7964973437917 05e4165a56bf50eb 1c3b74a02a86467d 65708d542bd01f39 c015590d6a6fe833 8e0760918e88e4a9 2e79d45ba4d1540d b1dcaca98bb76736 62431fd374eb99fb 24e582daf6f87158 7eec211cc37a1b05 42bb83d7c4b9ecae 404031ab9d5977c4 e1460af4a7044067 033d905aec273595 db69d4cbfef8d22f
557,ca4de5b8a7bda9df 351c9da399c2b915 fab14d178b24a67f a2805ed52b47b8ec cc861214a89ef1f4 354d7a327bbcc152 6cb9ab508a0678a0 22e8d6734e4121ae 4105533fe46dfba9 af8e70f978cd5aee 059bbdbdb843af6a fd30682593995748 bd713b37b67866c3 2a06f5614060e3b6 4d7653ea9499eed4 39f6296778264878 e0269da736ddf004 ff88049e61f0f4ef 3fa57d488e979d74 3986b68500d7704b 702d8f1064ab3e30 e25a1da6ca187350 c28bc62802b90f82 0bcaac840d5e66d7 9a0f5ee4f845c9b2 0708923badf2ff5d 942a7d26d81c841f bd0f175ee98c613e ae94d8435a6847f4 b6d0f83aad4e4dc7
558,0647acc4602d4e8f 939a1f686ea36c05 87c5481930cfe126 4bed80e56ea2e099 2901e5309bb3f8f6 0f4c71d341e2d939 26fc2a95df5659c2 ced9c56f2be86774 8d58da0e1800dc96 e8684734f2e587bd e7828f0ea9749505 5fb2d8e734956af0 1f4f62844c3cb99c 20db73cf07a45f71 025a148c3a53bd9f a52df8083c238c46 95d25d38ba7df9c7 d46598813fb437e5 f46601a9955f9949 b69ce8b8154645f8 49224aca40e6e5e3 855f2f0354e102c7 07f22a7ad7e4711d f76f44d372517a9a 05e4165a56bf50eb a813c15b46ceaf68 9a0f5ee4f845c9b2 72c2a95813ea72bd daa257a37227cd72 27bc34b9887bec0d
559,576dd429db946393 b3e75fdca5ca2f1a 393f49286db04aeb 24e582daf6f87158 c5830f9d0f1e29e5 74ae9af23a383bf5 feddfcf56818968e 58654e3143c6550b 1f423f368aebf7f3 09bbaa171c20bae3 204ec91c39d1479d ae000f9d0b5e104e 8e0cc5199a0ee659 47fbe21f5c35c7b4 52370bea1acd0600 4d7653ea9499eed4 9a0f5ee4f845c9b2 c28bc62802b90f82 702d8f1064ab3e30 3986b68500d7704b 3fa57d488e979d74 ff88049e61f0f4ef e0269da736ddf004 bd713b37b67866c3 2a06f5614060e3b6 0bcaac840d5e66d7 0708923badf2ff5d 734dabb98795c35c 942a7d26d81c841f bd0f175ee98c613e
560,e8b87ed7db1bcb1f 2359719a0f40ffac f46601a9955f9949 9c9a9d45c2ea7ddf 999a52f1d301247c 65708d542bd01f39 c015590d6a6fe833 26140b225c4f8d3f 24e582daf6f87158 42bb83d7c4b9ecae e1460af4a7044067 db69d4cbfef8d22f 95ecdbff44ad0b60 855f2f0354e102c7 07f22a7ad7e4711d 64b31699d7d15934 bed3e73d52011f68 fb2ebcb5335ad2e2 3e8e56f639a5db5b 90ecb28f2edb9d43 8d58da0e1800dc96 47fbe21f5c35c7b4 4bed80e56ea2e099 00d9eb862ba3dfc6 050544c040f46152 c606425856952286 a14394322cf7043d ae94d8435a6847f4 0db6584e3bdfa1c4 52370bea1acd0600
561,18ced18aee04c48e 06de3ca1148b088b 734dabb98795c35c 2e2904c5373734ae 47fbe21f5c35c7b4 4d7653ea9499eed4 9a0f5ee4f845c9b2 0bcaac840d5e66d7 c28bc62802b90f82 702d8f1064ab3e30 3986b68500d7704b 3fa57d488e979d74 ff88049e61f0f4ef e0269da736ddf004 bd713b37b67866c3 fd30682593995748 2a06f5614060e3b6 39f6296778264878 c31a456b544a40a8 52370bea1acd0600 e7cad3748e50b0f8 942a7d26d81c841f bd0f175ee98c613e ae94d8435a6847f4 b6d0f83aad4e4dc7 b24820ae14e16a24 622f2e4119882c94 4b8c7061102517ef e25a1da6ca187350 5ebb4d2f5f1c1f13
562,4483bbdd3241f11a 5bf89d11a25121d9 da904d2a54ff8cf2 bbbd5d2fd957e8f7 fab14d178b24a67f 74873b42602d8958 4d29c6922b2d0d56 5dd752753760ced8 b50b4e27b03c7b37 52e459a551d4ac2d 61ba7707ef6a5a99 7d83ffe83f61bdc4 ec4ef2f727e7a03f 92f42fbd0c38f7fd 3c565c1fc2316d16 a2805ed52b47b8ec a982b5c3aed39396 a18df74d3a16e9c0 6899956cd6c683f0 4fe9e4e55585ba4b 351c9da399c2b915 538c7bb968b2154c 22756be6fd061d4c b1dcaca98bb76736 62431fd374eb99fb 8faeacf8ca08f62d 033d905aec273595 c36c2dce0e6e434f c1f2e3a76d388944 f209d29f991432f0
563,3ca7964973437917 1c3b74a02a86467d 3c565c1fc2316d16 a853f13216170123 62431fd374eb99fb b1dcaca98bb76736 8faeacf8ca08f62d 033d905aec273595 c36c2dce0e6e434f c1f2e3a76d388944 f209d29f991432f0 587e0b2a4811fab1 a2805ed52b47b8ec 00d9eb862ba3dfc6 4d7653ea9499eed4 52370bea1acd0600 9a0f5ee4f845c9b2 0bcaac840d5e66d7 c28bc62802b90f82 702d8f1064ab3e30 3986b68500d7704b 3fa57d488e979d74 ff88049e61f0f4ef e0269da736ddf004 bd713b37b67866c3 47fbe21f5c35c7b4 734dabb98795c35c 942a7d26d81c841f bd0f175ee98c613e ae94d8435a6847f4
564,4483bbdd3241f11a 61ba7707ef6a5a99 fc16a50ff0baec53 5bf89d11a25121d9 bbbd5d2fd957e8f7 74873b42602d8958 4d29c6922b2d0d56 b50b4e27b03c7b37 7d83ffe83f61bdc4 da904d2a54ff8cf2 9a0f5ee4f845c9b2 0bcaac840d5e66d7 c28bc62802b90f82 702d8f1064ab3e30 3986b68500d7704b 3fa57d488e979d74 4d7653ea9499eed4 e0269da736ddf004 bd713b37b67866c3 fd30682593995748 2a06f5614060e3b6 e25a1da6ca187350 ff88049e61f0f4ef 0708923badf2ff5d 942a7d26d81c841f bd0f175ee98c613e ae94d8435a6847f4 b6d0f83aad4e4dc7 b24820ae14e16a24 622f2e4119882c94
565,a65e30106ea50423 3c565c1fc2316d16 8df3f13d6af34cb3 d1e21234d7cc61d2 e740c80fce094788 1d0f5fdc58e3efb5 e8b87ed7db1bcb1f 2359719a0f40ffac f46601a9955f9949 9c9a9d45c2ea7ddf 999a52f1d301247c 26140b225c4f8d3f 00d9eb862ba3dfc6 702d8f1064ab3e30 39f6296778264878 2a06f5614060e3b6 3986b68500d7704b 3fa57d488e979d74 c28bc62802b90f82 ff88049e61f0f4ef e0269da736ddf004 bd713b37b67866c3 fd30682593995748 c31a456b544a40a8 ae94d8435a6847f4 b6d0f83aad4e4dc7 b24820ae14e16a24 622f2e4119882c94 4b8c7061102517ef af8e70f978cd5aee
566,f54ad8d1eb18212e f0d53dcf0c296b57 d92c0298f76ccf77 4d9214c0925e5af8 b0e254dd420faee3 016da874bd04df55 b84b6c0b2e4d0306 f48d0fbea7dc2782 5c4b7558c942a224 50cb6a6c60ad711a b69ce8b8154645f8 3e8e56f639a5db5b d5952b2e031c4e7e b1dcaca98bb76736 62431fd374eb99fb 8faeacf8ca08f62d 033d905aec273595 c36c2dce0e6e434f c1f2e3a76d388944 f209d29f991432f0 587e0b2a4811fab1 a2805ed52b47b8ec 0bcaac840d5e66d7 3986b68500d7704b 702d8f1064ab3e30 3fa57d488e979d74 ff88049e61f0f4ef e0269da736ddf004 fd30682593995748 c28bc62802b90f82
567,4c0eee2c1a5e76e2 c14d5b16840d3032 2cebd52b41930f0a 4b29fc21f912754d ac9ee0c09b538140 7d83ffe83f61bdc4 3d6880bd12f6613f b26d8664feb18c8c 01b3da54ffb158a0 dea5e9227fbbac29 1dc7139adba034ec 52aa48c07b34dc88 b69ce8b8154645f8 46b99f864d6a075a 05e4165a56bf50eb 8b7c486a910dd004 c143c095983a65c2 9fbffc521da97c54 3fa57d488e979d74 e0269da736ddf004 bd713b37b67866c3 fd30682593995748 2a06f5614060e3b6 39f6296778264878 e25a1da6ca187350 c31a456b544a40a8 f58ff7f1a6cde683 81b7c7e312bfa1a0 5547f9f1638ac345 de35d2410e916471
568,c28bc62802b90f82 cba7e22bb383083a f9c6286cff30aaa8 39f6296778264878 0eb4de784c8dd679 016da874bd04df55 b760ebc5f25788d3 bc2ae5f4e5d53e00 12af6a34778710db 0195950ce0f47e34 8d58da0e1800dc96 5fb2d8e734956af0 1f4f62844c3cb99c db7342eff9200020 025a148c3a53bd9f a52df8083c238c46 acae1d29289b1266 197fa50b30d91fe8 0451447dd64f6284 40583079f57235a6 49224aca40e6e5e3 2901e5309bb3f8f6 cc861214a89ef1f4 7b81f1f2b6ec2e5f 5a1149fbcbd37376 99e833818ec4bbf2 48f93f9c2c699e19 447fc00f40d71d08 4b8c7061102517ef 2a06f5614060e3b6
569,628accd9be98503c 1ba7a50457e93996 9c9a9d45c2ea7ddf e8b87ed7db1bcb1f 2359719a0f40ffac 26140b225c4f8d3f f46601a9955f9949 0451447dd64f6284 999a52f1d301247c 3734d3b0b9232538 8d58da0e1800dc96 4d9214c0925e5af8 5fb2d8e734956af0 a9dad59c7055b56c 1f4f62844c3cb99c 0772e3ab293a1f30 9f4e0d572b1f4e6c db7342eff9200020 025a148c3a53bd9f a52df8083c238c46 96445bec1579ec97 acae1d29289b1266 197fa50b30d91fe8 48a76e3aff69d605 cea18be9a89d7a81 486dd77002936dec 047769588be1aea9 447fc00f40d71d08 50cb6a6c60ad711a 0c2eeab1e4ce1db8
570,148ac4a56a18844d a65e30106ea50423 9fda36f260eec24e 1efd7bd8a34a1359 cea18be9a89d7a81 9f4e0d572b1f4e6c 6ae470a7c9ec20fd 0451447dd64f6284 9b0e8cf8153e3b33 d6bbbd6c4968075a ae94d8435a6847f4 58654e3143c6550b 1a05ef8c93af8eed b6a1c97f19af78d0 dea5e9227fbbac29 486dd77002936dec 06de3ca1148b088b b6e646c13d0753ae 50cb6a6c60ad711a a9223c28b10c131f 7c8324ce28ffb96e acae1d29289b1266 e9c20b67a4c5395f 2e031d83339759b2 4d417b203b333363 8df3f13d6af34cb3 09bbaa171c20bae3 d1e21234d7cc61d2 3b4a85bac6ead3c8 c143c095983a65c2
571,4b8c7061102517ef 9b2adcf4041227d7 055d895a3b26e466 8dc313a2cf9da354 fab14d178b24a67f 00958a140c3a6de8 5dd752753760ced8 b50b4e27b03c7b37 4d9214c0925e5af8 bc27d5dc9bab1c18 9c9a9d45c2ea7ddf 26140b225c4f8d3f 00d9eb862ba3dfc6 9a0f5ee4f845c9b2 3fa57d488e979d74 ff88049e61f0f4ef e0269da736ddf004 3986b68500d7704b 702d8f1064ab3e30 c28bc62802b90f82 fd30682593995748 0bcaac840d5e66d7 bd713b37b67866c3 734dabb98795c35c 942a7d26d81c841f bd0f175ee98c613e ae94d8435a6847f4 b6d0f83aad4e4dc7 b24820ae14e16a24 622f2e4119882c94
572,4c0eee2c1a5e76e2 419b5dc40744fb9b 6899956cd6c683f0 3e8e56f639a5db5b 9113e9dc940fb287 ac9ee0c09b538140 7d83ffe83f61bdc4 3d6880bd12f6613f b26d8664feb18c8c 01b3da54ffb158a0 c143c095983a65c2 eff60ceea8817dad dea5e9227fbbac29 1dc7139adba034ec 4d9214c0925e5af8 52aa48c07b34dc88 b69ce8b8154645f8 e8684734f2e587bd 9c9a9d45c2ea7ddf 9fbffc521da97c54 26140b225c4f8d3f 5867d40811c0229f 702d8f1064ab3e30 3986b68500d7704b 3fa57d488e979d74 ff88049e61f0f4ef bd713b37b67866c3 fd30682593995748 2a06f5614060e3b6 e25a1da6ca187350
573,238ec735a13a3f09 bbbd5d2fd957e8f7 8abe670908f12614 4c0eee2c1a5e76e2 26f72a4eb15ea8c0 b50b4e27b03c7b37 5057551fc55e9ed2 a1314cd417504572 00d9f8d3f7d412b3 7d83ffe83f61bdc4 8dc313a2cf9da354 49b5678e0d1e5bcd ae94d8435a6847f4 fab14d178b24a67f 4483bbdd3241f11a 73f770f2643a2135 74873b42602d8958 4d29c6922b2d0d56 00958a140c3a6de8 5dd752753760ced8 acae1d29289b1266 0683b6a78f54be75 65d44c6393907290 d92c0298f76ccf77 4d417b203b333363 54f55c74d37db3c0 d257d1fbcf43abd5 b78189788d563693 5bf89d11a25121d9 2b48ab08c915c0ad
574,10ad13170242ecae 377c1150c781e37a 0c2eeab1e4ce1db8 4b8c7061102517ef 5ebb4d2f5f1c1f13 98dbd15aa33ebc18 99e833818ec4bbf2 48f93f9c2c699e19 47fbe21f5c35c7b4 4d7653ea9499eed4 9a0f5ee4f845c9b2 0bcaac840d5e66d7 c28bc62802b90f82 702d8f1064ab3e30 3986b68500d7704b 3fa57d488e979d74 ff88049e61f0f4ef e0269da736ddf004 bd713b37b67866c3 fd30682593995748 2a06f5614060e3b6 39f6296778264878 52370bea1acd0600 0708923badf2ff5d 734dabb98795c35c 942a7d26d81c841f bd0f175ee98c613e ae94d8435a6847f4 b6d0f83aad4e4dc7 b24820ae14e16a24
575,3b6d27775fce1c7b 4f2fffd7528de786 48cf88c17ff38c5e ca4de5b8a7bda9df 4dba7ce835494a63 a2c35fdf07a13286 8df3f13d6af34cb3 00d9eb862ba3dfc6 52370bea1acd0600 4d7653ea9499eed4 9a0f5ee4f845c9b2 0bcaac840d5e66d7 c28bc62802b90f82 47fbe21f5c35c7b4 3986b68500d7704b 3fa57d488e979d74 ff88049e61f0f4ef e0269da736ddf004 bd713b37b67866c3 fd30682593995748 2a06f5614060e3b6 39f6296778264878 702d8f1064ab3e30 942a7d26d81c841f bd0f175ee98c613e ae94d8435a6847f4 b6d0f83aad4e4dc7 b24820ae14e16a24 622f2e4119882c94 4b8c7061102517ef
576,a0b1f4dd32f3e278 ba5199dba342af68 3734d3b0b9232538 069e7e25e43deab3 00958a140c3a6de8 db0e648651f4c92b aa0789b403bcd839 49b5678e0d1e5bcd 0c15f252d30646fc 0220a434aa8bf029 62431fd374eb99fb b1dcaca98bb76736 8faeacf8ca08f62d 033d905aec273595 c36c2dce0e6e434f c1f2e3a76d388944 f209d29f991432f0 587e0b2a4811fab1 a2805ed52b47b8ec 3986b68500d7704b 702d8f1064ab3e30 3fa57d488e979d74 ff88049e61f0f4ef e0269da736ddf004 c28bc62802b90f82 0bcaac840d5e66d7 bd713b37b67866c3 fd30682593995748 ae94d8435a6847f4 b6d0f83aad4e4dc7
577,b9d966ad9e04127a 5f94b027039f4e48 50cb6a6c60ad711a d1e21234d7cc61d2 70ebf53ced736fa4 680bb5c5c3bb6ee1 da011b87595c1019 28a2067685cb3e97 b6e646c13d0753ae c015590d6a6fe833 59c231f8fd21260c da7d3c2d591c4295 522bd6887960c25d 99e833818ec4bbf2 5867d40811c0229f 0bcaac840d5e66d7 c28bc62802b90f82 9a0f5ee4f845c9b2 702d8f1064ab3e30 3986b68500d7704b 3fa57d488e979d74 ff88049e61f0f4ef e0269da736ddf004 bd713b37b67866c3 2a06f5614060e3b6 4d7653ea9499eed4 734dabb98795c35c bd0f175ee98c613e ae94d8435a6847f4 b6d0f83aad4e4dc7
578,03ed286136d7b3cf 83f8f2fc471cad74 3cb6b40d377e7ca8 2394b08708475900 9cf6709de35bf0f3 4f2fffd7528de786 ca4de5b8a7bda9df 54a11cbcd7a32af4 f49e13a653cbdad2 60a070db9f1869b5 520ec719078be07c 351c9da399c2b915 d72363ddd958d906 a2805ed52b47b8ec 72b80b099fd64ec4 9fda36f260eec24e b05b5f6850cfa158 d92c0298f76ccf77 4d9214c0925e5af8 6a3919ad9ed8197e 016da874bd04df55 b84b6c0b2e4d0306 f48d0fbea7dc2782 5c4b7558c942a224 50cb6a6c60ad711a b69ce8b8154645f8 3e8e56f639a5db5b d5952b2e031c4e7e 19b4014943e0ad92 00d9eb862ba3dfc6
579,a0b1f4dd32f3e278 3734d3b0b9232538 00958a140c3a6de8 db0e648651f4c92b ba5199dba342af68 49b5678e0d1e5bcd 0c15f252d30646fc 0220a434aa8bf029 aa0789b403bcd839 88b62355670ec8f8 5547f9f1638ac345 942a7d26d81c841f c1f2e3a76d388944 f209d29f991432f0 393f49286db04aeb 069e7e25e43deab3 8df3f13d6af34cb3 9f4e0d572b1f4e6c a2805ed52b47b8ec f46601a9955f9949 feddfcf56818968e a04d6febd82a4389 6a3919ad9ed8197e 09bbaa171c20bae3 351c9da399c2b915 5879096a38d69fc5 8faeacf8ca08f62d b6e646c13d0753ae c015590d6a6fe833 00e1e2eb13f650e4
580,3b6d27775fce1c7b 4b8c7061102517ef 2b48ab08c915c0ad 04fda7c9d8971ec0 50ba507a268872e1 00d9f8d3f7d412b3 898a4921ab9f4cce 64907c4568244eb4 8b7c486a910dd004 4f915ad69e1dca36 c14d5b16840d3032 e0269da736ddf004 bd713b37b67866c3 ff88049e61f0f4ef fd30682593995748 2a06f5614060e3b6 3fa57d488e979d74 3986b68500d7704b 39f6296778264878 e25a1da6ca187350 702d8f1064ab3e30 c28bc62802b90f82 0bcaac840d5e66d7 9a0f5ee4f845c9b2 942a7d26d81c841f bd0f175ee98c613e ae94d8435a6847f4 b6d0f83aad4e4dc7 b24820ae14e16a24 622f2e4119882c94
581,b749972436ac9791 ffc688c4c1c2a068 e14a893f1918277e e7cad3748e50b0f8 65fac1ba1840000f 2a06f5614060e3b6 bb7515be835dea49 a9eef13786610446 6d80d2e62d01f6bc 29bedd00fb2be056 c08c3765ac609cc0 74e59c5820900b17 0eafda717681bbdc 622f2e4119882c94 54f55c74d37db3c0 6c017e548aa138f2 4d417b203b333363 44d324ebd3e22ad7 f46601a9955f9949 5b34da30b93eb123 b3ad55963554f220 63d95d5977c2fe98 005666aa098abe8e f76f44d372517a9a 65254e0d209fd66e bed3e73d52011f68 fb2ebcb5335ad2e2 64b31699d7d15934 d46598813fb437e5 4491016efed845f1
582,8d58da0e1800dc96 5fb2d8e734956af0 1f4f62844c3cb99c db7342eff9200020 025a148c3a53bd9f a52df8083c238c46 acae1d29289b1266 197fa50b30d91fe8 0451447dd64f6284 40583079f57235a6 49224aca40e6e5e3 2901e5309bb3f8f6 cc861214a89ef1f4 7b81f1f2b6ec2e5f 5a1149fbcbd37376 0bcaac840d5e66d7 c28bc62802b90f82 9a0f5ee4f845c9b2 4d7653ea9499eed4 702d8f1064ab3e30 52370bea1acd0600 3fa57d488e979d74 ff88049e61f0f4ef e0269da736ddf004 bd713b37b67866c3 fd30682593995748 2a06f5614060e3b6 39f6296778264878 3986b68500d7704b 47fbe21f5c35c7b4
583,ce2fe99a7cda4a17 48a76e3aff69d605 95166957b2c38794 ae94d8435a6847f4 0e45c4c185f35df6 e8b87ed7db1bcb1f 2359719a0f40ffac a492bd402afd5c71 e6a29676c096f8e8 a860b682add9de1c f105a53e5cfae611 f46601a9955f9949 8dedff0a79784abc b6e72edcad270be0 9c9a9d45c2ea7ddf 81bd116c786bf9ae 4beacc71024f8b08 a0566ca9daca7778 999a52f1d301247c 404031ab9d5977c4 26140b225c4f8d3f e25a1da6ca187350 39f6296778264878 2a06f5614060e3b6 c31a456b544a40a8 fd30682593995748 4b8c7061102517ef bd713b37b67866c3 e0269da736ddf004 ff88049e61f0f4ef
584,edc79e57b20e9036 83f8f2fc471cad74 3cb6b40d377e7ca8 9cf6709de35bf0f3 2394b08708475900 4491016efed845f1 4f2fffd7528de786 54a11cbcd7a32af4 050544c040f46152 f49e13a653cbdad2 e25a1da6ca187350 60a070db9f1869b5 5c8c6d9a1fd4c1e0 43b3338423d7386c 955e465ce0788ea6 01e5a6edcee7deb0 520ec719078be07c 48a76e3aff69d605 172bc0ee09332ae9 8a5635c748344d47 b6cdb608f640e038 95166957b2c38794 42bb83d7c4b9ecae 72b80b099fd64ec4 4577ae048ef1967d b26d8664feb18c8c 34a62e66e05f9a44 9fda36f260eec24e 419b5dc40744fb9b b05b5f6850cfa158
585,a0b1f4dd32f3e278 aa0789b403bcd839 a853f13216170123 99e833818ec4bbf2 00d9eb862ba3dfc6 cea18be9a89d7a81 47fbe21f5c35c7b4 52370bea1acd0600 4d7653ea9499eed4 9a0f5ee4f845c9b2 0bcaac840d5e66d7 c28bc62802b90f82 702d8f1064ab3e30 3986b68500d7704b 3fa57d488e979d74 ff88049e61f0f4ef e0269da736ddf004 bd713b37b67866c3 fd30682593995748 2a06f5614060e3b6 bbbd5d2fd957e8f7 e7cad3748e50b0f8 0708923badf2ff5d 734dabb98795c35c 942a7d26d81c841f bd0f175ee98c613e ae94d8435a6847f4 b6d0f83aad4e4dc7 b24820ae14e16a24 5fb2d8e734956af0
586,898a4921ab9f4cce 62431fd374eb99fb b1dcaca98bb76736 8faeacf8ca08f62d 033d905aec273595 c36c2dce0e6e434f c1f2e3a76d388944 f209d29f991432f0 587e0b2a4811fab1 a2805ed52b47b8ec 52370bea1acd0600 4d7653ea9499eed4 9a0f5ee4f845c9b2 0bcaac840d5e66d7 c28bc62802b90f82 702d8f1064ab3e30 47fbe21f5c35c7b4 3fa57d488e979d74 ff88049e61f0f4ef e0269da736ddf004 bd713b37b67866c3 fd30682593995748 39f6296778264878 3986b68500d7704b 0708923badf2ff5d 734dabb98795c35c 942a7d26d81c841f bd0f175ee98c613e ae94d8435a6847f4 b6d0f83aad4e4dc7
587,49b5678e0d1e5bcd ee3ed9a3f51336cd 6461a9faa871b3ac 0683b6a78f54be75 d92c0298f76ccf77 d257d1fbcf43abd5 bbbd5d2fd957e8f7 2b48ab08c915c0ad 5430097e23000368 db0e648651f4c92b a04d6febd82a4389 ecb768ef6fd223ca 64907c4568244eb4 35488b3b8b781278 9b2adcf4041227d7 ae77487a89f2610c 7d83ffe83f61bdc4 e36475c1af5ea3ab 0220a434aa8bf029 d6ed7e4b14c51296 42a5cae2a3a45557 9d5edf3b993fee50 b50b4e27b03c7b37 1d72229ebcc00faf d64c06baf5ef1c90 e8ad5e31484ef889 c810ac016901e8ac e7828f0ea9749505 fd30682593995748 83f5a9732f0de67f
588,b78189788d563693 6406fcdb7d87b5dc a65e30106ea50423 a14394322cf7043d c606425856952286 27a12f29dceccdbd 853e36b1550c6274 316382267dcd804f 46315cf30aaee51c d72363ddd958d906 4c3802a1bd3c842e 7e4a4a1300b77a06 fc21db75b354a917 0688c790d5806540 d1e21234d7cc61d2 39075e303166355e c6b615b2589e036d 3d93a60f990a0a7c b6cdb608f640e038 e740c80fce094788 18b1d2d84c97a364 39f6296778264878 bd0f175ee98c613e 36d33c41812ce7dc d64c06baf5ef1c90 1d0f5fdc58e3efb5 40583079f57235a6 b0bfe0f426275870 d6bbbd6c4968075a 74244a8703c03720
589,8df3f13d6af34cb3 47fbe21f5c35c7b4 52370bea1acd0600 4d7653ea9499eed4 9a0f5ee4f845c9b2 0bcaac840d5e66d7 c28bc62802b90f82 702d8f1064ab3e30 09bbaa171c20bae3 3fa57d488e979d74 ff88049e61f0f4ef e0269da736ddf004 bd713b37b67866c3 fd30682593995748 2a06f5614060e3b6 39f6296778264878 e25a1da6ca187350 3986b68500d7704b e7cad3748e50b0f8 0708923badf2ff5d 734dabb98795c35c 942a7d26d81c841f bd0f175ee98c613e ae94d8435a6847f4 b6d0f83aad4e4dc7 b24820ae14e16a24 bbbd5d2fd957e8f7 4b8c7061102517ef af8e70f978cd5aee 5ebb4d2f5f1c1f13
590,49b5678e0d1e5bcd bbbd5d2fd957e8f7 0683b6a78f54be75 d92c0298f76ccf77 d257d1fbcf43abd5 7d83ffe83f61bdc4 2b48ab08c915c0ad 5430097e23000368 ee3ed9a3f51336cd db0e648651f4c92b a04d6febd82a4389 ecb768ef6fd223ca 64907c4568244eb4 6461a9faa871b3ac 35488b3b8b781278 9b2adcf4041227d7 ae77487a89f2610c d6ed7e4b14c51296 e36475c1af5ea3ab 0220a434aa8bf029 42a5cae2a3a45557 9d5edf3b993fee50 4483bbdd3241f11a 74873b42602d8958 4d29c6922b2d0d56 b50b4e27b03c7b37 5bf89d11a25121d9 b78189788d563693 0c2eeab1e4ce1db8 4b8c7061102517ef
591,26140b225c4f8d3f e8b87ed7db1bcb1f 2359719a0f40ffac d257d1fbcf43abd5 f46601a9955f9949 9c9a9d45c2ea7ddf 999a52f1d301247c 42a5cae2a3a45557 6ae470a7c9ec20fd a853f13216170123 e25a1da6ca187350 39f6296778264878 2a06f5614060e3b6 0bcaac840d5e66d7 c28bc62802b90f82 702d8f1064ab3e30 3fa57d488e979d74 ff88049e61f0f4ef fd30682593995748 e0269da736ddf004 bd713b37b67866c3 3986b68500d7704b bd0f175ee98c613e ae94d8435a6847f4 b6d0f83aad4e4dc7 b24820ae14e16a24 622f2e4119882c94 4b8c7061102517ef af8e70f978cd5aee 5ebb4d2f5f1c1f13
592,d35e11d3d1ab3c67 1efd7bd8a34a1359 1fe79c7de59ff6c6 939a1f686ea36c05 87c5481930cfe126 522bd6887960c25d 6aefb6531736648a eff60ceea8817dad d72363ddd958d906 6a3919ad9ed8197e 19b4014943e0ad92 c31a456b544a40a8 4d7653ea9499eed4 39f6296778264878 2a06f5614060e3b6 9a0f5ee4f845c9b2 0bcaac840d5e66d7 fd30682593995748 e0269da736ddf004 c28bc62802b90f82 ff88049e61f0f4ef 702d8f1064ab3e30 52370bea1acd0600 3fa57d488e979d74 3986b68500d7704b bd713b37b67866c3 bd0f175ee98c613e ae94d8435a6847f4 b6d0f83aad4e4dc7 b24820ae14e16a24
593,e8b87ed7db1bcb1f 2359719a0f40ffac 0772e3ab293a1f30 f46601a9955f9949 9c9a9d45c2ea7ddf 999a52f1d301247c 26140b225c4f8d3f 62431fd374eb99fb b1dcaca98bb76736 8faeacf8ca08f62d 033d905aec273595 c36c2dce0e6e434f c1f2e3a76d388944 f209d29f991432f0 587e0b2a4811fab1 a2805ed52b47b8ec c28bc62802b90f82 0bcaac840d5e66d7 702d8f1064ab3e30 3986b68500d7704b 3fa57d488e979d74 ff88049e61f0f4ef e0269da736ddf004 bd713b37b67866c3 fd30682593995748 2a06f5614060e3b6 9a0f5ee4f845c9b2 bd0f175ee98c613e ae94d8435a6847f4 b6d0f83aad4e4dc7
594,6a3919ad9ed8197e 09bbaa171c20bae3 1efd7bd8a34a1359 393f49286db04aeb 5b4c879fc9c316fb 09660f466b38b7ba 9f4e0d572b1f4e6c 0db6584e3bdfa1c4 16b11706660177ff c1f2e3a76d388944 796888cc3443006c f209d29f991432f0 f46601a9955f9949 ddf332f2b55a2a23 522bd6887960c25d 387e9cd2e5d4ea7d feddfcf56818968e a04d6febd82a4389 57113c2a4cacd961 538c7bb968b2154c 1dc7139adba034ec 5879096a38d69fc5 33856365c271aea4 aa0789b403bcd839 8d58da0e1800dc96 942a7d26d81c841f 5fb2d8e734956af0 1f4f62844c3cb99c 28403e62105b00f6 430feb4826a5632e
595,8d58da0e1800dc96 5fb2d8e734956af0 1f4f62844c3cb99c db7342eff9200020 025a148c3a53bd9f a52df8083c238c46 acae1d29289b1266 197fa50b30d91fe8 0451447dd64f6284 09660f466b38b7ba 0db6584e3bdfa1c4 40583079f57235a6 16b11706660177ff 49224aca40e6e5e3 796888cc3443006c 2901e5309bb3f8f6 cc861214a89ef1f4 387e9cd2e5d4ea7d 7b81f1f2b6ec2e5f 57113c2a4cacd961 33856365c271aea4 5a1149fbcbd37376 942a7d26d81c841f 430feb4826a5632e b6e646c13d0753ae c015590d6a6fe833 a9eef13786610446 155600e5f1221f8c 976baf0e84752a68 99e833818ec4bbf2
596,d72363ddd958d906 a853f13216170123 6a3919ad9ed8197e 48f93f9c2c699e19 19b4014943e0ad92 00d9eb862ba3dfc6 52370bea1acd0600 4d7653ea9499eed4 9a0f5ee4f845c9b2 0bcaac840d5e66d7 c28bc62802b90f82 47fbe21f5c35c7b4 3986b68500d7704b 3fa57d488e979d74 ff88049e61f0f4ef e0269da736ddf004 bd713b37b67866c3 fd30682593995748 2a06f5614060e3b6 39f6296778264878 e25a1da6ca187350 702d8f1064ab3e30 734dabb98795c35c 942a7d26d81c841f bd0f175ee98c613e ae94d8435a6847f4 b6d0f83aad4e4dc7 b24820ae14e16a24 622f2e4119882c94 4b8c7061102517ef
597,6ae470a7c9ec20fd d92c0298f76ccf77 4d9214c0925e5af8 016da874bd04df55 b84b6c0b2e4d0306 f48d0fbea7dc2782 5c4b7558c942a224 50cb6a6c60ad711a b69ce8b8154645f8 3e8e56f639a5db5b d5952b2e031c4e7e 4d7653ea9499eed4 9a0f5ee4f845c9b2 0bcaac840d5e66d7 c28bc62802b90f82 702d8f1064ab3e30 3986b68500d7704b ff88049e61f0f4ef e0269da736ddf004 bd713b37b67866c3 fd30682593995748 2a06f5614060e3b6 e25a1da6ca187350 3fa57d488e979d74 bd0f175ee98c613e ae94d8435a6847f4 b6d0f83aad4e4dc7 b24820ae14e16a24 622f2e4119882c94 4b8c7061102517ef
598,9c9ebf71707d7a37 f6d23cdd2359f7c0 0add47a043c64d7f db0e648651f4c92b 585f4ee09d8fea46 c05f45f86d0771d5 919b1679fffa7ef1 dc576af4ae66e25e 576dd429db946393 18ced18aee04c48e 28a2067685cb3e97 5989fb934598c1a7 b3e75fdca5ca2f1a 393f49286db04aeb 24e582daf6f87158 c5830f9d0f1e29e5 74ae9af23a383bf5 feddfcf56818968e 58654e3143c6550b 1f423f368aebf7f3 734dabb98795c35c 2e2904c5373734ae 09bbaa171c20bae3 204ec91c39d1479d ae000f9d0b5e104e 8e0cc5199a0ee659 62431fd374eb99fb b1dcaca98bb76736 8faeacf8ca08f62d 033d905aec273595
599,3ca7964973437917 1c3b74a02a86467d 3b6d27775fce1c7b 4f2fffd7528de786 48cf88c17ff38c5e 0451447dd64f6284 50cb6a6c60ad711a ca4de5b8a7bda9df b9d966ad9e04127a 9b0e8cf8153e3b33 4dba7ce835494a63 d6bbbd6c4968075a 58654e3143c6550b b6a1c97f19af78d0 dea5e9227fbbac29 b6e646c13d0753ae a9223c28b10c131f 148ac4a56a18844d e9c20b67a4c5395f a2c35fdf07a13286 1efd7bd8a34a1359 3a6e7894dde31c67 5f94b027039f4e48 c143c095983a65c2 cea18be9a89d7a81 d1e21234d7cc61d2 70ebf53ced736fa4 d257d1fbcf43abd5 9f4e0d572b1f4e6c ad06e9eeea8eb4ea
600,b78189788d563693 b6cdb608f640e038 853e36b1550c6274 4c3802a1bd3c842e 7e4a4a1300b77a06 fc21db75b354a917 a14394322cf7043d c606425856952286 27a12f29dceccdbd 316382267dcd804f 46315cf30aaee51c d72363ddd958d906 0688c790d5806540 39075e303166355e c6b615b2589e036d 3d93a60f990a0a7c 45bd99d5d2eef776 18b1d2d84c97a364 39f6296778264878 bd0f175ee98c613e 36d33c41812ce7dc d64c06baf5ef1c90 395b26d91f98bd92 40583079f57235a6 b0bfe0f426275870 d6bbbd6c4968075a 74244a8703c03720 e228204ae08d1355 9100ea6cd0e084bf 00af886180e9eaec
