dialogue_id,photo_id
1,b3e75fdca5ca2f1a e0269da736ddf004 b24820ae14e16a24 fc21db75b354a917 587e0b2a4811fab1 4dba7ce835494a63 9f3d2ca16f358290 8faeacf8ca08f62d 73f770f2643a2135 01e5a6edcee7deb0 8f578001f9d5f543 a5d5ba33b5b1dc95 f9c6286cff30aaa8 a65e30106ea50423 4d32dae7b43c489a 4beacc71024f8b08 eab15ee21e126f6a 48a76e3aff69d605 f29eee8054c061e1 0647acc4602d4e8f 52aa48c07b34dc88 1d0f5fdc58e3efb5 6899956cd6c683f0 39f6296778264878 2a06f5614060e3b6 fd30682593995748 4b8c7061102517ef ff88049e61f0f4ef bd713b37b67866c3 af8e70f978cd5aee
2,c1f2e3a76d388944 2e031d83339759b2 8699cc5dd4159b69 98dbd15aa33ebc18 ad06e9eeea8eb4ea 4d7653ea9499eed4 58654e3143c6550b 1d0f5fdc58e3efb5 6899956cd6c683f0 bd713b37b67866c3 e0269da736ddf004 fd30682593995748 ff88049e61f0f4ef 3fa57d488e979d74 3986b68500d7704b 702d8f1064ab3e30 2a06f5614060e3b6 c28bc62802b90f82 0bcaac840d5e66d7 9a0f5ee4f845c9b2 39f6296778264878 e25a1da6ca187350 0708923badf2ff5d 942a7d26d81c841f bd0f175ee98c613e ae94d8435a6847f4 b6d0f83aad4e4dc7 b24820ae14e16a24 622f2e4119882c94 4b8c7061102517ef
3,a9dad59c7055b56c cea18be9a89d7a81 bbbd5d2fd957e8f7 47fbe21f5c35c7b4 52370bea1acd0600 4d7653ea9499eed4 9a0f5ee4f845c9b2 0bcaac840d5e66d7 781f4d0147aef776 702d8f1064ab3e30 3986b68500d7704b 3fa57d488e979d74 ff88049e61f0f4ef e0269da736ddf004 bd713b37b67866c3 fd30682593995748 2a06f5614060e3b6 39f6296778264878 c28bc62802b90f82 e36475c1af5ea3ab e7cad3748e50b0f8 0708923badf2ff5d 734dabb98795c35c 942a7d26d81c841f bd0f175ee98c613e ae94d8435a6847f4 b6d0f83aad4e4dc7 5fb2d8e734956af0 622f2e4119882c94 4b8c7061102517ef
4,6899956cd6c683f0 00d9eb862ba3dfc6 95ecdbff44ad0b60 25145708d494530b 81b639b74256b45b 366a22fce0614fb8 3b6d27775fce1c7b ae94d8435a6847f4 538c7bb968b2154c 87c5481930cfe126 4b05967001421eab f49e13a653cbdad2 a2805ed52b47b8ec 22dc81380cf4baec eff60ceea8817dad 2a06f5614060e3b6 8a5635c748344d47 b1dcaca98bb76736 fa173131f15f5534 95d25d38ba7df9c7 b2ee9eea2d974c90 a982b5c3aed39396 a860b682add9de1c f58ff7f1a6cde683 e6a29676c096f8e8 3a6e7894dde31c67 b3e75fdca5ca2f1a 0772e3ab293a1f30 abf90e759d208468 cea18be9a89d7a81
5,29bedd00fb2be056 455fde214d16d350 33856365c271aea4 5989fb934598c1a7 07f22a7ad7e4711d 25a3b47fe31bc6b5 ddb3810e0289c148 387e9cd2e5d4ea7d ebfda3b48083e390 42c9b72cc77dcb28 025a148c3a53bd9f c5830f9d0f1e29e5 7155e5a86136eb02 65708d542bd01f39 57113c2a4cacd961 4d954d933e606b70 095bb1b6ecbd0a50 8643165b0f53df11 3ca7964973437917 eff60ceea8817dad 1f423f368aebf7f3 26fc2a95df5659c2 855f2f0354e102c7 63d95d5977c2fe98 7ee52d2519eea367 44d324ebd3e22ad7 1398b478b71773ed 4d417b203b333363 587e0b2a4811fab1 b6a1c97f19af78d0
6,0195950ce0f47e34 005666aa098abe8e 0079f3c74309b582 6406fcdb7d87b5dc d1e21234d7cc61d2 48a76e3aff69d605 4d7653ea9499eed4 9a0f5ee4f845c9b2 0bcaac840d5e66d7 c28bc62802b90f82 702d8f1064ab3e30 3986b68500d7704b 3fa57d488e979d74 52370bea1acd0600 e0269da736ddf004 bd713b37b67866c3 fd30682593995748 2a06f5614060e3b6 39f6296778264878 e25a1da6ca187350 c31a456b544a40a8 ff88049e61f0f4ef 734dabb98795c35c 942a7d26d81c841f bd0f175ee98c613e ae94d8435a6847f4 b6d0f83aad4e4dc7 b24820ae14e16a24 622f2e4119882c94 4b8c7061102517ef
7,4c0eee2c1a5e76e2 64267373570e4ea3 b3e75fdca5ca2f1a 52aa48c07b34dc88 0c15f252d30646fc 63d509cd2a2e0e47 1d0f5fdc58e3efb5 8faeacf8ca08f62d 46315cf30aaee51c f2234bb7ce0c6f59 05f23e7d05dbf7c2 0fbd0f422e926816 0d0368139e9a647f 72403ecdfe02bba6 d35e11d3d1ab3c67 33856365c271aea4 a292248bb2bffb3d 01ecc81f6341e902 e1460af4a7044067 1ba7a50457e93996 16b11706660177ff 73391e0853c1e040 ffa9091747ae2466 4522ad78bf79f0c9 3c565c1fc2316d16 765c0695339c3abe 9c9a9d45c2ea7ddf 2a06f5614060e3b6 45bd99d5d2eef776 622f2e4119882c94
8,c49d8f84a4f87f8a 2e2904c5373734ae 9cf6709de35bf0f3 cea18be9a89d7a81 47fbe21f5c35c7b4 52370bea1acd0600 4d7653ea9499eed4 9a0f5ee4f845c9b2 0bcaac840d5e66d7 c28bc62802b90f82 702d8f1064ab3e30 3986b68500d7704b 3fa57d488e979d74 ff88049e61f0f4ef e0269da736ddf004 bd713b37b67866c3 fd30682593995748 2a06f5614060e3b6 39f6296778264878 c31a456b544a40a8 bbbd5d2fd957e8f7 e7cad3748e50b0f8 0708923badf2ff5d 734dabb98795c35c 942a7d26d81c841f bd0f175ee98c613e ae94d8435a6847f4 b6d0f83aad4e4dc7 b24820ae14e16a24 e25a1da6ca187350
9,4105533fe46dfba9 22e8d6734e4121ae 6cb9ab508a0678a0 18b1d2d84c97a364 5057551fc55e9ed2 af8e70f978cd5aee cba7e22bb383083a 83f8aca6ee2caabc 0cd920bad11c716d 316382267dcd804f 7d83ffe83f61bdc4 e740c80fce094788 976baf0e84752a68 9b2adcf4041227d7 2dd12c230ab22555 120e745e2961b5d5 fc8971756f9ec194 2e44fbb8bc3d8d71 0c2eeab1e4ce1db8 f28fb3d9880c5d4c fc16a50ff0baec53 c810ac016901e8ac 64267373570e4ea3 b8e2f75014710ced e7828f0ea9749505 0b774cf90856c4da 52e459a551d4ac2d cec2eea2a1fe566a 01104a026d22ae55 6461a9faa871b3ac
10,33856365c271aea4 25145708d494530b 95ecdbff44ad0b60 00d9eb862ba3dfc6 ffa9091747ae2466 366a22fce0614fb8 3b6d27775fce1c7b ae94d8435a6847f4 538c7bb968b2154c 87c5481930cfe126 4b05967001421eab fa173131f15f5534 b1dcaca98bb76736 a2805ed52b47b8ec f49e13a653cbdad2 8a5635c748344d47 2a06f5614060e3b6 eff60ceea8817dad 22dc81380cf4baec 95d25d38ba7df9c7 b2ee9eea2d974c90 a982b5c3aed39396 f58ff7f1a6cde683 a860b682add9de1c e6a29676c096f8e8 3a6e7894dde31c67 b3e75fdca5ca2f1a 09660f466b38b7ba a14394322cf7043d 0772e3ab293a1f30
11,18ced18aee04c48e 922e625fae98b3b9 48a76e3aff69d605 47fbe21f5c35c7b4 52370bea1acd0600 4d7653ea9499eed4 9a0f5ee4f845c9b2 0bcaac840d5e66d7 c28bc62802b90f82 702d8f1064ab3e30 bbbd5d2fd957e8f7 3fa57d488e979d74 ff88049e61f0f4ef e0269da736ddf004 bd713b37b67866c3 fd30682593995748 2a06f5614060e3b6 39f6296778264878 e25a1da6ca187350 f58ff7f1a6cde683 3986b68500d7704b 0708923badf2ff5d 734dabb98795c35c 942a7d26d81c841f bd0f175ee98c613e ae94d8435a6847f4 b6d0f83aad4e4dc7 b24820ae14e16a24 622f2e4119882c94 c31a456b544a40a8
12,f1a3b8b13e9401c0 00e1e2eb13f650e4 6899956cd6c683f0 81b639b74256b45b bbbd5d2fd957e8f7 47fbe21f5c35c7b4 52370bea1acd0600 4d7653ea9499eed4 9a0f5ee4f845c9b2 0bcaac840d5e66d7 c28bc62802b90f82 702d8f1064ab3e30 cea18be9a89d7a81 3fa57d488e979d74 ff88049e61f0f4ef e0269da736ddf004 bd713b37b67866c3 fd30682593995748 2a06f5614060e3b6 3986b68500d7704b e36475c1af5ea3ab e7cad3748e50b0f8 0708923badf2ff5d 734dabb98795c35c 942a7d26d81c841f bd0f175ee98c613e ae94d8435a6847f4 b6d0f83aad4e4dc7 5fb2d8e734956af0 622f2e4119882c94
13,6899956cd6c683f0 74ae9af23a383bf5 ae000f9d0b5e104e 1fe79c7de59ff6c6 ca43e349133fc0e3 2e4b00c01d58e79e 377c1150c781e37a ce8cb4351b8c0f6e 204ec91c39d1479d 4f31209941bb05fc bd713b37b67866c3 bf3ccaba4a3450a8 172bc0ee09332ae9 28403e62105b00f6 4577ae048ef1967d 7eec211cc37a1b05 cb3e4ce97e7f2881 5057551fc55e9ed2 cba7e22bb383083a af8e70f978cd5aee 83f8aca6ee2caabc af41e2b6da3e7e02 0079f3c74309b582 24e582daf6f87158 0db6584e3bdfa1c4 54f55c74d37db3c0 455fde214d16d350 1c3b74a02a86467d 49224aca40e6e5e3 fab14d178b24a67f
14,f0d53dcf0c296b57 40583079f57235a6 33856365c271aea4 680bb5c5c3bb6ee1 b9d966ad9e04127a b69ce8b8154645f8 acae1d29289b1266 10ad13170242ecae e740c80fce094788 0eafda717681bbdc ffa9091747ae2466 7155e5a86136eb02 a292248bb2bffb3d 4d29c6922b2d0d56 70ebf53ced736fa4 5f94b027039f4e48 a76ffccd2f5df1a7 18b1d2d84c97a364 bf973f9ec3600199 e403278468d84383 f46601a9955f9949 fc16a50ff0baec53 ce0f56b7190c268a b3e75fdca5ca2f1a 45630e1451157ff3 148ac4a56a18844d 52e459a551d4ac2d 9cf6709de35bf0f3 285657fcdf89f00d 7c8324ce28ffb96e
15,5d26da95786b3a3a 64c2e323906b42d3 81b639b74256b45b bbbd5d2fd957e8f7 47fbe21f5c35c7b4 52370bea1acd0600 4d7653ea9499eed4 9a0f5ee4f845c9b2 0bcaac840d5e66d7 c28bc62802b90f82 702d8f1064ab3e30 cea18be9a89d7a81 3fa57d488e979d74 ff88049e61f0f4ef e0269da736ddf004 bd713b37b67866c3 fd30682593995748 2a06f5614060e3b6 39f6296778264878 e25a1da6ca187350 3986b68500d7704b e7cad3748e50b0f8 0708923badf2ff5d 734dabb98795c35c 942a7d26d81c841f bd0f175ee98c613e ae94d8435a6847f4 b6d0f83aad4e4dc7 b24820ae14e16a24 5fb2d8e734956af0
16,538c7bb968b2154c 87c5481930cfe126 3fa57d488e979d74 f2234bb7ce0c6f59 05f23e7d05dbf7c2 0fbd0f422e926816 dac29ed8400b50cc 74e59c5820900b17 b749972436ac9791 acae1d29289b1266 50ba507a268872e1 db7342eff9200020 622f2e4119882c94 61ba7707ef6a5a99 0eafda717681bbdc f46601a9955f9949 65254e0d209fd66e c08c3765ac609cc0 b6d0f83aad4e4dc7 d1e21234d7cc61d2 5989fb934598c1a7 e25a1da6ca187350 39f6296778264878 2a06f5614060e3b6 fd30682593995748 bd713b37b67866c3 e0269da736ddf004 ff88049e61f0f4ef c31a456b544a40a8 3986b68500d7704b
17,81b639b74256b45b 64267373570e4ea3 bc2552a642ce8497 e0269da736ddf004 b8e2f75014710ced 74244a8703c03720 033d905aec273595 3e8e56f639a5db5b d216e5458ad70e60 796888cc3443006c 6aac5e116b75aa22 54a11cbcd7a32af4 c28bc62802b90f82 430feb4826a5632e 4491016efed845f1 393f49286db04aeb d92c0298f76ccf77 8e0760918e88e4a9 e7828f0ea9749505 50cb6a6c60ad711a a9eef13786610446 01020d1b0821f4c7 bd9cd6b87a4fe0ce 05e4165a56bf50eb 2bafd15871caae91 e7cad3748e50b0f8 0683b6a78f54be75 01ecc81f6341e902 e1460af4a7044067 7eec211cc37a1b05
18,1d0f5fdc58e3efb5 8faeacf8ca08f62d 6899956cd6c683f0 52370bea1acd0600 4d7653ea9499eed4 9a0f5ee4f845c9b2 0bcaac840d5e66d7 c28bc62802b90f82 702d8f1064ab3e30 3986b68500d7704b c31a456b544a40a8 ff88049e61f0f4ef e0269da736ddf004 bd713b37b67866c3 fd30682593995748 2a06f5614060e3b6 39f6296778264878 e25a1da6ca187350 3fa57d488e979d74 e7cad3748e50b0f8 0708923badf2ff5d 734dabb98795c35c 942a7d26d81c841f bd0f175ee98c613e ae94d8435a6847f4 b6d0f83aad4e4dc7 b24820ae14e16a24 622f2e4119882c94 47fbe21f5c35c7b4 af8e70f978cd5aee
19,81b639b74256b45b b3e75fdca5ca2f1a 52aa48c07b34dc88 1d0f5fdc58e3efb5 8faeacf8ca08f62d bbbd5d2fd957e8f7 47fbe21f5c35c7b4 52370bea1acd0600 4d7653ea9499eed4 9a0f5ee4f845c9b2 0bcaac840d5e66d7 c28bc62802b90f82 702d8f1064ab3e30 3fa57d488e979d74 ff88049e61f0f4ef 39f6296778264878 e0269da736ddf004 bd713b37b67866c3 fd30682593995748 2a06f5614060e3b6 3986b68500d7704b e7cad3748e50b0f8 0708923badf2ff5d 734dabb98795c35c 942a7d26d81c841f bd0f175ee98c613e ae94d8435a6847f4 b6d0f83aad4e4dc7 b24820ae14e16a24 e25a1da6ca187350
20,da011b87595c1019 a76ffccd2f5df1a7 70ebf53ced736fa4 5f94b027039f4e48 50cb6a6c60ad711a 0683b6a78f54be75 cb3e4ce97e7f2881 d1e21234d7cc61d2 b6e72edcad270be0 1fe79c7de59ff6c6 72c2a95813ea72bd 0e45c4c185f35df6 4522ad78bf79f0c9 0451447dd64f6284 d0f6c00eec5eb973 0f33ce8d8014f308 50806199c80e215c 9f4e0d572b1f4e6c 4d9214c0925e5af8 c36c2dce0e6e434f 1d0f5fdc58e3efb5 2e031d83339759b2 702d8f1064ab3e30 4b29fc21f912754d a492bd402afd5c71 942a7d26d81c841f 5867d40811c0229f ae77487a89f2610c 148ac4a56a18844d 5b4c879fc9c316fb
21,ce2fe99a7cda4a17 0bcaac840d5e66d7 f2e30efbd27bee51 5897953fdf87b60f a853f13216170123 8e83d05923cde390 4fe9e4e55585ba4b 27bc34b9887bec0d 8643165b0f53df11 29bedd00fb2be056 528161039994b4dc 964a50d33717c26d 81b7c7e312bfa1a0 404031ab9d5977c4 e8b87ed7db1bcb1f feddfcf56818968e 83b911ff0ff45844 5b4c879fc9c316fb 2e4b00c01d58e79e 50806199c80e215c c36c2dce0e6e434f ba5199dba342af68 5d26da95786b3a3a 95ecdbff44ad0b60 25145708d494530b 00d9eb862ba3dfc6 069e7e25e43deab3 238de368bb05c0ec de8e1345e8c305c4 6899956cd6c683f0
22,00ff646ca6637bd7 120e745e2961b5d5 0c2eeab1e4ce1db8 fc8971756f9ec194 2dd12c230ab22555 2e44fbb8bc3d8d71 f28fb3d9880c5d4c 351c9da399c2b915 dc12cc503ac0eddb 12af6a34778710db d9885881381fd10a 666bdff4faa513ca b84b6c0b2e4d0306 37001ade0df85823 9f4e0d572b1f4e6c 06de3ca1148b088b 4d9214c0925e5af8 d16da1fb61813db9 8dedff0a79784abc a677c3a76055a6d2 428f9363fa35882d 5048a37f10cf2d91 64907c4568244eb4 d73a65673e3f1d78 42c9b72cc77dcb28 c96049ed915ced0a ffc688c4c1c2a068 537a55eda51a3f60 49b5678e0d1e5bcd 622f2e4119882c94
23,366a22fce0614fb8 7d83ffe83f61bdc4 de8e1345e8c305c4 ee3ed9a3f51336cd bbbd5d2fd957e8f7 db0e648651f4c92b 8fc68213b63951dc 853e36b1550c6274 d7d937303a6d5a9d 26fc2a95df5659c2 636224e349e561bf bc2ae5f4e5d53e00 e22c35101e190db9 4bed80e56ea2e099 1f4f62844c3cb99c 3734d3b0b9232538 48cf88c17ff38c5e 4f2fffd7528de786 a860b682add9de1c f58ff7f1a6cde683 e6a29676c096f8e8 0220a434aa8bf029 42a5cae2a3a45557 b760ebc5f25788d3 c6b615b2589e036d 27a12f29dceccdbd 81b639b74256b45b 6461a9faa871b3ac 2b48ab08c915c0ad 73f770f2643a2135
24,cc861214a89ef1f4 197fa50b30d91fe8 2901e5309bb3f8f6 64c2e323906b42d3 c49d8f84a4f87f8a 81b639b74256b45b 6899956cd6c683f0 52370bea1acd0600 4d7653ea9499eed4 9a0f5ee4f845c9b2 0bcaac840d5e66d7 c28bc62802b90f82 702d8f1064ab3e30 3986b68500d7704b 47fbe21f5c35c7b4 ff88049e61f0f4ef e0269da736ddf004 bd713b37b67866c3 fd30682593995748 2a06f5614060e3b6 39f6296778264878 e25a1da6ca187350 3fa57d488e979d74 734dabb98795c35c 942a7d26d81c841f bd0f175ee98c613e ae94d8435a6847f4 b6d0f83aad4e4dc7 b24820ae14e16a24 622f2e4119882c94
25,b3e75fdca5ca2f1a c49d8f84a4f87f8a 2e2904c5373734ae 9cf6709de35bf0f3 52aa48c07b34dc88 1d0f5fdc58e3efb5 8faeacf8ca08f62d 52370bea1acd0600 4d7653ea9499eed4 9a0f5ee4f845c9b2 0bcaac840d5e66d7 c28bc62802b90f82 702d8f1064ab3e30 3986b68500d7704b 3fa57d488e979d74 e0269da736ddf004 bd713b37b67866c3 fd30682593995748 2a06f5614060e3b6 39f6296778264878 e25a1da6ca187350 c31a456b544a40a8 ff88049e61f0f4ef 942a7d26d81c841f bd0f175ee98c613e ae94d8435a6847f4 b6d0f83aad4e4dc7 734dabb98795c35c b24820ae14e16a24 622f2e4119882c94
26,48a76e3aff69d605 81b639b74256b45b bbbd5d2fd957e8f7 47fbe21f5c35c7b4 52370bea1acd0600 4d7653ea9499eed4 9a0f5ee4f845c9b2 0bcaac840d5e66d7 c28bc62802b90f82 702d8f1064ab3e30 cea18be9a89d7a81 3fa57d488e979d74 ff88049e61f0f4ef e0269da736ddf004 bd713b37b67866c3 fd30682593995748 2a06f5614060e3b6 39f6296778264878 e25a1da6ca187350 3986b68500d7704b e7cad3748e50b0f8 0708923badf2ff5d 734dabb98795c35c 942a7d26d81c841f bd0f175ee98c613e ae94d8435a6847f4 b6d0f83aad4e4dc7 b24820ae14e16a24 5fb2d8e734956af0 4b8c7061102517ef
27,0b774cf90856c4da 4fe9e4e55585ba4b 0bcaac840d5e66d7 5b4c879fc9c316fb d6ed7e4b14c51296 a9dad59c7055b56c 63d95d5977c2fe98 4577ae048ef1967d 316382267dcd804f 0cd920bad11c716d 5057551fc55e9ed2 af8e70f978cd5aee cba7e22bb383083a 83f8aca6ee2caabc af41e2b6da3e7e02 0079f3c74309b582 6899956cd6c683f0 0f4c71d341e2d939 0db6584e3bdfa1c4 54f55c74d37db3c0 b78189788d563693 24e582daf6f87158 395b26d91f98bd92 1c3b74a02a86467d d5805cdb9e8f0f48 7f95168400948588 9113e9dc940fb287 455fde214d16d350 fab14d178b24a67f 49224aca40e6e5e3
28,0683b6a78f54be75 5bf89d11a25121d9 74244a8703c03720 b3e75fdca5ca2f1a 2820628e65a062e2 9b2adcf4041227d7 976baf0e84752a68 155600e5f1221f8c 7cea1f637ea3f37d 047769588be1aea9 351c9da399c2b915 46315cf30aaee51c 4577ae048ef1967d cba7e22bb383083a af8e70f978cd5aee 83f8aca6ee2caabc 5057551fc55e9ed2 af41e2b6da3e7e02 0079f3c74309b582 24e582daf6f87158 0db6584e3bdfa1c4 54f55c74d37db3c0 1c3b74a02a86467d 49224aca40e6e5e3 b78189788d563693 fab14d178b24a67f d5805cdb9e8f0f48 455fde214d16d350 7f95168400948588 0f4c71d341e2d939
29,ca43e349133fc0e3 d6bbbd6c4968075a 63d95d5977c2fe98 4f915ad69e1dca36 ebfda3b48083e390 8dedff0a79784abc 98dbd15aa33ebc18 ad06e9eeea8eb4ea e9c20b67a4c5395f c143c095983a65c2 b6a1c97f19af78d0 d257d1fbcf43abd5 58654e3143c6550b 52370bea1acd0600 35488b3b8b781278 c28bc62802b90f82 702d8f1064ab3e30 3986b68500d7704b 3fa57d488e979d74 ff88049e61f0f4ef e0269da736ddf004 bd713b37b67866c3 fd30682593995748 2a06f5614060e3b6 39f6296778264878 c31a456b544a40a8 0bcaac840d5e66d7 bd0f175ee98c613e ae94d8435a6847f4 b6d0f83aad4e4dc7
30,40583079f57235a6 3ca7964973437917 2901e5309bb3f8f6 25145708d494530b 95ecdbff44ad0b60 00d9eb862ba3dfc6 366a22fce0614fb8 6899956cd6c683f0 3b6d27775fce1c7b ae94d8435a6847f4 87c5481930cfe126 538c7bb968b2154c 4b05967001421eab eff60ceea8817dad f49e13a653cbdad2 8a5635c748344d47 2a06f5614060e3b6 22dc81380cf4baec fa173131f15f5534 b1dcaca98bb76736 a2805ed52b47b8ec b2ee9eea2d974c90 95d25d38ba7df9c7 a982b5c3aed39396 e6a29676c096f8e8 a860b682add9de1c f58ff7f1a6cde683 3a6e7894dde31c67 b3e75fdca5ca2f1a 77e2f7da1f9d3a8f
31,b3e75fdca5ca2f1a 52aa48c07b34dc88 1d0f5fdc58e3efb5 8faeacf8ca08f62d 47fbe21f5c35c7b4 52370bea1acd0600 4d7653ea9499eed4 9a0f5ee4f845c9b2 0bcaac840d5e66d7 c28bc62802b90f82 702d8f1064ab3e30 3986b68500d7704b ff88049e61f0f4ef e0269da736ddf004 bd713b37b67866c3 fd30682593995748 2a06f5614060e3b6 39f6296778264878 e25a1da6ca187350 3fa57d488e979d74 0708923badf2ff5d 734dabb98795c35c 942a7d26d81c841f bd0f175ee98c613e ae94d8435a6847f4 b6d0f83aad4e4dc7 b24820ae14e16a24 622f2e4119882c94 e7cad3748e50b0f8 af8e70f978cd5aee
32,40583079f57235a6 2901e5309bb3f8f6 3ca7964973437917 6899956cd6c683f0 47fbe21f5c35c7b4 52370bea1acd0600 4d7653ea9499eed4 9a0f5ee4f845c9b2 0bcaac840d5e66d7 bbbd5d2fd957e8f7 702d8f1064ab3e30 3986b68500d7704b 3fa57d488e979d74 ff88049e61f0f4ef e0269da736ddf004 bd713b37b67866c3 fd30682593995748 2a06f5614060e3b6 39f6296778264878 c28bc62802b90f82 e7cad3748e50b0f8 0708923badf2ff5d 734dabb98795c35c 942a7d26d81c841f bd0f175ee98c613e ae94d8435a6847f4 b6d0f83aad4e4dc7 b24820ae14e16a24 cea18be9a89d7a81 4b8c7061102517ef
33,ae94d8435a6847f4 a9dad59c7055b56c 4beacc71024f8b08 95166957b2c38794 f105a53e5cfae611 47fbe21f5c35c7b4 52370bea1acd0600 4d7653ea9499eed4 9a0f5ee4f845c9b2 0bcaac840d5e66d7 c28bc62802b90f82 702d8f1064ab3e30 3986b68500d7704b bbbd5d2fd957e8f7 ff88049e61f0f4ef e0269da736ddf004 bd713b37b67866c3 fd30682593995748 2a06f5614060e3b6 39f6296778264878 3fa57d488e979d74 e7cad3748e50b0f8 0708923badf2ff5d 734dabb98795c35c 942a7d26d81c841f bd0f175ee98c613e b6d0f83aad4e4dc7 b24820ae14e16a24 622f2e4119882c94 5fb2d8e734956af0
34,b3e75fdca5ca2f1a 52aa48c07b34dc88 1d0f5fdc58e3efb5 8faeacf8ca08f62d 6899956cd6c683f0 81b639b74256b45b 52370bea1acd0600 4d7653ea9499eed4 9a0f5ee4f845c9b2 0bcaac840d5e66d7 c28bc62802b90f82 702d8f1064ab3e30 3986b68500d7704b 47fbe21f5c35c7b4 ff88049e61f0f4ef e0269da736ddf004 bd713b37b67866c3 fd30682593995748 2a06f5614060e3b6 39f6296778264878 e25a1da6ca187350 3fa57d488e979d74 e7cad3748e50b0f8 0708923badf2ff5d 734dabb98795c35c 942a7d26d81c841f bd0f175ee98c613e ae94d8435a6847f4 b6d0f83aad4e4dc7 b24820ae14e16a24
35,3a6e7894dde31c67 413c55a5ab86881a f25bfcffedaccf28 a0566ca9daca7778 5fb2d8e734956af0 72c2a95813ea72bd daa257a37227cd72 ac9ee0c09b538140 b0bfe0f426275870 27bc34b9887bec0d 0451447dd64f6284 d0f6c00eec5eb973 520ec719078be07c b29ab87af6ea6310 feddfcf56818968e 83b911ff0ff45844 ebfda3b48083e390 0a79fabc6f5d93c9 83f8f2fc471cad74 939a1f686ea36c05 5d26da95786b3a3a 6204e398d8c7f888 055d895a3b26e466 cc2cc23a98c14c33 5430097e23000368 c08c3765ac609cc0 04fda7c9d8971ec0 07be6a290720707d 589ef345cb2dccfc 81b639b74256b45b
36,29bedd00fb2be056 455fde214d16d350 33856365c271aea4 5989fb934598c1a7 07f22a7ad7e4711d 25a3b47fe31bc6b5 ddb3810e0289c148 387e9cd2e5d4ea7d ebfda3b48083e390 42c9b72cc77dcb28 025a148c3a53bd9f c5830f9d0f1e29e5 7155e5a86136eb02 65708d542bd01f39 57113c2a4cacd961 4d954d933e606b70 095bb1b6ecbd0a50 8643165b0f53df11 3ca7964973437917 eff60ceea8817dad 1f423f368aebf7f3 26fc2a95df5659c2 855f2f0354e102c7 63d95d5977c2fe98 7ee52d2519eea367 44d324ebd3e22ad7 1398b478b71773ed 4d417b203b333363 587e0b2a4811fab1 b6a1c97f19af78d0
37,00e1e2eb13f650e4 6899956cd6c683f0 bbbd5d2fd957e8f7 47fbe21f5c35c7b4 52370bea1acd0600 4d7653ea9499eed4 9a0f5ee4f845c9b2 0bcaac840d5e66d7 c28bc62802b90f82 cea18be9a89d7a81 3986b68500d7704b 3fa57d488e979d74 ff88049e61f0f4ef e0269da736ddf004 bd713b37b67866c3 fd30682593995748 2a06f5614060e3b6 39f6296778264878 702d8f1064ab3e30 e36475c1af5ea3ab e7cad3748e50b0f8 0708923badf2ff5d 734dabb98795c35c 942a7d26d81c841f bd0f175ee98c613e ae94d8435a6847f4 b6d0f83aad4e4dc7 5fb2d8e734956af0 622f2e4119882c94 4b8c7061102517ef
38,8dedff0a79784abc e14a893f1918277e dc12cc503ac0eddb 12af6a34778710db d9885881381fd10a 666bdff4faa513ca b84b6c0b2e4d0306 9f4e0d572b1f4e6c ca43e349133fc0e3 06de3ca1148b088b 4d9214c0925e5af8 d16da1fb61813db9 d6bbbd6c4968075a a677c3a76055a6d2 4f915ad69e1dca36 ebfda3b48083e390 428f9363fa35882d 5048a37f10cf2d91 ad06e9eeea8eb4ea 98dbd15aa33ebc18 64907c4568244eb4 e9c20b67a4c5395f c143c095983a65c2 d73a65673e3f1d78 b6a1c97f19af78d0 d257d1fbcf43abd5 58654e3143c6550b c96049ed915ced0a 52370bea1acd0600 ffc688c4c1c2a068
39,7f29daa16b9b4cda a982b5c3aed39396 9ab90dfc5c9b0b37 892074f7c1ef5d5e 63d95d5977c2fe98 e740c80fce094788 fc16a50ff0baec53 52e459a551d4ac2d 781aaf62a955e4e8 00e1e2eb13f650e4 4d7653ea9499eed4 52370bea1acd0600 9a0f5ee4f845c9b2 0bcaac840d5e66d7 39f6296778264878 2a06f5614060e3b6 c28bc62802b90f82 3986b68500d7704b 3fa57d488e979d74 ff88049e61f0f4ef fd30682593995748 bd713b37b67866c3 e0269da736ddf004 702d8f1064ab3e30 0708923badf2ff5d 734dabb98795c35c 942a7d26d81c841f bd0f175ee98c613e ae94d8435a6847f4 b6d0f83aad4e4dc7
40,ae000f9d0b5e104e 74ae9af23a383bf5 b69ce8b8154645f8 576dd429db946393 8e0cc5199a0ee659 cc2cc23a98c14c33 285657fcdf89f00d 47fbe21f5c35c7b4 52370bea1acd0600 4d7653ea9499eed4 9a0f5ee4f845c9b2 734dabb98795c35c 0bcaac840d5e66d7 c28bc62802b90f82 3986b68500d7704b 3fa57d488e979d74 ff88049e61f0f4ef e0269da736ddf004 bd713b37b67866c3 fd30682593995748 2a06f5614060e3b6 39f6296778264878 702d8f1064ab3e30 b6d0f83aad4e4dc7 b24820ae14e16a24 622f2e4119882c94 4b8c7061102517ef af8e70f978cd5aee 5ebb4d2f5f1c1f13 00140806971e7a73
41,a9dad59c7055b56c 52370bea1acd0600 b6e72edcad270be0 35488b3b8b781278 ca43e349133fc0e3 7d83ffe83f61bdc4 ae77487a89f2610c d6bbbd6c4968075a 4f915ad69e1dca36 ebfda3b48083e390 ee3ed9a3f51336cd bbbd5d2fd957e8f7 8dedff0a79784abc db0e648651f4c92b ad06e9eeea8eb4ea 98dbd15aa33ebc18 e9c20b67a4c5395f c143c095983a65c2 0220a434aa8bf029 b6a1c97f19af78d0 d257d1fbcf43abd5 58654e3143c6550b 6461a9faa871b3ac 2b48ab08c915c0ad 1d0f5fdc58e3efb5 cc2cc23a98c14c33 7e4a4a1300b77a06 9d5edf3b993fee50 5430097e23000368 52e459a551d4ac2d
42,4beacc71024f8b08 47fbe21f5c35c7b4 52370bea1acd0600 4d7653ea9499eed4 9a0f5ee4f845c9b2 0bcaac840d5e66d7 c28bc62802b90f82 702d8f1064ab3e30 3986b68500d7704b 059bbdbdb843af6a ff88049e61f0f4ef e0269da736ddf004 bd713b37b67866c3 fd30682593995748 2a06f5614060e3b6 39f6296778264878 e25a1da6ca187350 c31a456b544a40a8 3fa57d488e979d74 e7cad3748e50b0f8 0708923badf2ff5d 734dabb98795c35c 942a7d26d81c841f bd0f175ee98c613e ae94d8435a6847f4 b6d0f83aad4e4dc7 b24820ae14e16a24 bbbd5d2fd957e8f7 4b8c7061102517ef af8e70f978cd5aee
43,351c9da399c2b915 f28fb3d9880c5d4c 120e745e2961b5d5 2e44fbb8bc3d8d71 2dd12c230ab22555 0c2eeab1e4ce1db8 fc8971756f9ec194 316382267dcd804f 0cd920bad11c716d 37001ade0df85823 b0b5e62a93a2c37c 238ec735a13a3f09 00d9f8d3f7d412b3 c810ac016901e8ac 9a439fd1abf95245 e7828f0ea9749505 18b1d2d84c97a364 42c9b72cc77dcb28 d64c06baf5ef1c90 39f6296778264878 8fc68213b63951dc 26fc2a95df5659c2 d7d937303a6d5a9d 4f2fffd7528de786 1f4f62844c3cb99c 48cf88c17ff38c5e 4bed80e56ea2e099 636224e349e561bf bc2ae5f4e5d53e00 3734d3b0b9232538
44,29bedd00fb2be056 455fde214d16d350 33856365c271aea4 5989fb934598c1a7 07f22a7ad7e4711d 25a3b47fe31bc6b5 ddb3810e0289c148 387e9cd2e5d4ea7d ebfda3b48083e390 42c9b72cc77dcb28 025a148c3a53bd9f c5830f9d0f1e29e5 7155e5a86136eb02 65708d542bd01f39 57113c2a4cacd961 4d954d933e606b70 095bb1b6ecbd0a50 8643165b0f53df11 3ca7964973437917 eff60ceea8817dad 1f423f368aebf7f3 26fc2a95df5659c2 855f2f0354e102c7 63d95d5977c2fe98 7ee52d2519eea367 44d324ebd3e22ad7 1398b478b71773ed 4d417b203b333363 587e0b2a4811fab1 b6a1c97f19af78d0
45,33856365c271aea4 ffa9091747ae2466 0fbd0f422e926816 f2234bb7ce0c6f59 05f23e7d05dbf7c2 72403ecdfe02bba6 0d0368139e9a647f d35e11d3d1ab3c67 a292248bb2bffb3d 73391e0853c1e040 00d9eb862ba3dfc6 25145708d494530b 95ecdbff44ad0b60 366a22fce0614fb8 3b6d27775fce1c7b ae94d8435a6847f4 87c5481930cfe126 538c7bb968b2154c 4b05967001421eab 22dc81380cf4baec 2a06f5614060e3b6 8a5635c748344d47 b1dcaca98bb76736 fa173131f15f5534 f49e13a653cbdad2 eff60ceea8817dad a2805ed52b47b8ec b2ee9eea2d974c90 95d25d38ba7df9c7 a982b5c3aed39396
46,6899956cd6c683f0 bbbd5d2fd957e8f7 47fbe21f5c35c7b4 52370bea1acd0600 4d7653ea9499eed4 9a0f5ee4f845c9b2 0bcaac840d5e66d7 c28bc62802b90f82 90ecb28f2edb9d43 3986b68500d7704b 3fa57d488e979d74 ff88049e61f0f4ef e0269da736ddf004 bd713b37b67866c3 fd30682593995748 2a06f5614060e3b6 39f6296778264878 e25a1da6ca187350 702d8f1064ab3e30 e36475c1af5ea3ab e7cad3748e50b0f8 0708923badf2ff5d 734dabb98795c35c 942a7d26d81c841f bd0f175ee98c613e ae94d8435a6847f4 b6d0f83aad4e4dc7 cea18be9a89d7a81 622f2e4119882c94 4b8c7061102517ef
47,ba5199dba342af68 238de368bb05c0ec 5897953fdf87b60f a853f13216170123 f2e30efbd27bee51 27bc34b9887bec0d 81b7c7e312bfa1a0 29bedd00fb2be056 528161039994b4dc 8643165b0f53df11 964a50d33717c26d 404031ab9d5977c4 e8b87ed7db1bcb1f 50806199c80e215c 83b911ff0ff45844 feddfcf56818968e c36c2dce0e6e434f 2e4b00c01d58e79e 5d26da95786b3a3a 0bcaac840d5e66d7 ce2fe99a7cda4a17 069e7e25e43deab3 a52df8083c238c46 09bbaa171c20bae3 39075e303166355e 5b4c879fc9c316fb 07f22a7ad7e4711d f6d23cdd2359f7c0 5989fb934598c1a7 d1e21234d7cc61d2
48,eff60ceea8817dad b1dcaca98bb76736 fa173131f15f5534 2a06f5614060e3b6 a2805ed52b47b8ec f49e13a653cbdad2 8a5635c748344d47 22dc81380cf4baec 0add47a043c64d7f 99e833818ec4bbf2 88b62355670ec8f8 48f93f9c2c699e19 d16da1fb61813db9 8699cc5dd4159b69 d63b7f083330247f bb7515be835dea49 03dfe518713e006c ce0f56b7190c268a edc79e57b20e9036 b7d7d9ae1cbe0d8a 3b6d27775fce1c7b 6899956cd6c683f0 87c5481930cfe126 538c7bb968b2154c 95d25d38ba7df9c7 b2ee9eea2d974c90 3fa57d488e979d74 f2e30efbd27bee51 5897953fdf87b60f a853f13216170123
49,45630e1451157ff3 7c8324ce28ffb96e 5d26da95786b3a3a 81b639b74256b45b bbbd5d2fd957e8f7 47fbe21f5c35c7b4 52370bea1acd0600 4d7653ea9499eed4 9a0f5ee4f845c9b2 0bcaac840d5e66d7 c28bc62802b90f82 702d8f1064ab3e30 cea18be9a89d7a81 3fa57d488e979d74 ff88049e61f0f4ef e0269da736ddf004 bd713b37b67866c3 fd30682593995748 2a06f5614060e3b6 39f6296778264878 3986b68500d7704b e36475c1af5ea3ab e7cad3748e50b0f8 0708923badf2ff5d 734dabb98795c35c 942a7d26d81c841f bd0f175ee98c613e ae94d8435a6847f4 b6d0f83aad4e4dc7 447fc00f40d71d08
50,4f31209941bb05fc 5b4c879fc9c316fb 00e1e2eb13f650e4 47fbe21f5c35c7b4 52370bea1acd0600 4d7653ea9499eed4 9a0f5ee4f845c9b2 0bcaac840d5e66d7 c28bc62802b90f82 702d8f1064ab3e30 3fa57d488e979d74 ff88049e61f0f4ef e0269da736ddf004 bd713b37b67866c3 fd30682593995748 2a06f5614060e3b6 39f6296778264878 e25a1da6ca187350 3986b68500d7704b 0708923badf2ff5d 734dabb98795c35c 942a7d26d81c841f bd0f175ee98c613e ae94d8435a6847f4 b6d0f83aad4e4dc7 b24820ae14e16a24 622f2e4119882c94 bbbd5d2fd957e8f7 af8e70f978cd5aee 5ebb4d2f5f1c1f13
51,e1460af4a7044067 01ecc81f6341e902 16b11706660177ff 1ba7a50457e93996 b24820ae14e16a24 4dba7ce835494a63 587e0b2a4811fab1 9f3d2ca16f358290 fc21db75b354a917 8faeacf8ca08f62d 4522ad78bf79f0c9 3c565c1fc2316d16 01e5a6edcee7deb0 73f770f2643a2135 8f578001f9d5f543 a5d5ba33b5b1dc95 f9c6286cff30aaa8 a65e30106ea50423 4d32dae7b43c489a 4beacc71024f8b08 eab15ee21e126f6a 48a76e3aff69d605 f29eee8054c061e1 765c0695339c3abe 0647acc4602d4e8f b3e75fdca5ca2f1a 52aa48c07b34dc88 1d0f5fdc58e3efb5 45bd99d5d2eef776 00140806971e7a73
52,0195950ce0f47e34 a853f13216170123 f2e30efbd27bee51 5897953fdf87b60f 005666aa098abe8e 27bc34b9887bec0d 81b7c7e312bfa1a0 29bedd00fb2be056 8643165b0f53df11 964a50d33717c26d 528161039994b4dc 404031ab9d5977c4 e8b87ed7db1bcb1f 50806199c80e215c 83b911ff0ff45844 feddfcf56818968e c36c2dce0e6e434f 2e4b00c01d58e79e ba5199dba342af68 5d26da95786b3a3a 0bcaac840d5e66d7 0079f3c74309b582 ce2fe99a7cda4a17 069e7e25e43deab3 238de368bb05c0ec 6899956cd6c683f0 0772e3ab293a1f30 47fbe21f5c35c7b4 52370bea1acd0600 4d7653ea9499eed4
53,b3e75fdca5ca2f1a 52aa48c07b34dc88 1d0f5fdc58e3efb5 8faeacf8ca08f62d 6899956cd6c683f0 52370bea1acd0600 4d7653ea9499eed4 9a0f5ee4f845c9b2 0bcaac840d5e66d7 c28bc62802b90f82 702d8f1064ab3e30 3986b68500d7704b ff88049e61f0f4ef e0269da736ddf004 bd713b37b67866c3 fd30682593995748 2a06f5614060e3b6 39f6296778264878 e25a1da6ca187350 3fa57d488e979d74 0708923badf2ff5d 734dabb98795c35c 942a7d26d81c841f bd0f175ee98c613e ae94d8435a6847f4 b6d0f83aad4e4dc7 b24820ae14e16a24 622f2e4119882c94 4b8c7061102517ef 47fbe21f5c35c7b4
54,120e745e2961b5d5 fc8971756f9ec194 f28fb3d9880c5d4c 2dd12c230ab22555 0c2eeab1e4ce1db8 2e44fbb8bc3d8d71 351c9da399c2b915 37001ade0df85823 42c9b72cc77dcb28 e0269da736ddf004 155600e5f1221f8c 7cea1f637ea3f37d 2820628e65a062e2 b3e75fdca5ca2f1a 52aa48c07b34dc88 a017f3358d5327aa 1d0f5fdc58e3efb5 8faeacf8ca08f62d 6899956cd6c683f0 81b639b74256b45b 52370bea1acd0600 4d7653ea9499eed4 bd0f175ee98c613e 9a0f5ee4f845c9b2 942a7d26d81c841f 0bcaac840d5e66d7 702d8f1064ab3e30 3986b68500d7704b 3fa57d488e979d74 ff88049e61f0f4ef
55,5897953fdf87b60f f2e30efbd27bee51 a853f13216170123 27bc34b9887bec0d 29bedd00fb2be056 964a50d33717c26d 81b7c7e312bfa1a0 8643165b0f53df11 528161039994b4dc 404031ab9d5977c4 e8b87ed7db1bcb1f feddfcf56818968e 83b911ff0ff45844 2e4b00c01d58e79e 0bcaac840d5e66d7 ce2fe99a7cda4a17 50806199c80e215c c36c2dce0e6e434f ba5199dba342af68 6899956cd6c683f0 5d26da95786b3a3a 00d9eb862ba3dfc6 95ecdbff44ad0b60 25145708d494530b 069e7e25e43deab3 238de368bb05c0ec de8e1345e8c305c4 af41e2b6da3e7e02 3fa57d488e979d74 42a5cae2a3a45557
56,b9d966ad9e04127a 3b4a85bac6ead3c8 999a52f1d301247c 047769588be1aea9 1a05ef8c93af8eed d1e21234d7cc61d2 81b639b74256b45b f105a53e5cfae611 b3e75fdca5ca2f1a 7c8324ce28ffb96e 00d9eb862ba3dfc6 95ecdbff44ad0b60 25145708d494530b 366a22fce0614fb8 6899956cd6c683f0 3b6d27775fce1c7b ae94d8435a6847f4 52aa48c07b34dc88 87c5481930cfe126 538c7bb968b2154c 4b05967001421eab b1dcaca98bb76736 fa173131f15f5534 2a06f5614060e3b6 f49e13a653cbdad2 eff60ceea8817dad 22dc81380cf4baec a2805ed52b47b8ec 8a5635c748344d47 b2ee9eea2d974c90
57,29bedd00fb2be056 455fde214d16d350 33856365c271aea4 5989fb934598c1a7 07f22a7ad7e4711d 25a3b47fe31bc6b5 ddb3810e0289c148 387e9cd2e5d4ea7d ebfda3b48083e390 42c9b72cc77dcb28 025a148c3a53bd9f c5830f9d0f1e29e5 7155e5a86136eb02 65708d542bd01f39 57113c2a4cacd961 4d954d933e606b70 095bb1b6ecbd0a50 8643165b0f53df11 3ca7964973437917 eff60ceea8817dad 1f423f368aebf7f3 26fc2a95df5659c2 855f2f0354e102c7 63d95d5977c2fe98 7ee52d2519eea367 44d324ebd3e22ad7 1398b478b71773ed 4d417b203b333363 587e0b2a4811fab1 b6a1c97f19af78d0
58,0fbd0f422e926816 05f23e7d05dbf7c2 f2234bb7ce0c6f59 72403ecdfe02bba6 0d0368139e9a647f d35e11d3d1ab3c67 33856365c271aea4 a292248bb2bffb3d 73391e0853c1e040 ffa9091747ae2466 4d7653ea9499eed4 0bcaac840d5e66d7 c28bc62802b90f82 702d8f1064ab3e30 3986b68500d7704b 3fa57d488e979d74 ff88049e61f0f4ef e0269da736ddf004 bd713b37b67866c3 fd30682593995748 2a06f5614060e3b6 39f6296778264878 c31a456b544a40a8 9a0f5ee4f845c9b2 bd0f175ee98c613e ae94d8435a6847f4 b6d0f83aad4e4dc7 b24820ae14e16a24 622f2e4119882c94 4b8c7061102517ef
59,40583079f57235a6 2901e5309bb3f8f6 3ca7964973437917 7d83ffe83f61bdc4 bbbd5d2fd957e8f7 ee3ed9a3f51336cd db0e648651f4c92b 0220a434aa8bf029 6461a9faa871b3ac 2b48ab08c915c0ad 7e4a4a1300b77a06 9d5edf3b993fee50 ae77487a89f2610c 5430097e23000368 52e459a551d4ac2d 81b639b74256b45b e36475c1af5ea3ab 35488b3b8b781278 6899956cd6c683f0 702d8f1064ab3e30 c28bc62802b90f82 3986b68500d7704b 0bcaac840d5e66d7 3fa57d488e979d74 9a0f5ee4f845c9b2 ff88049e61f0f4ef 4d7653ea9499eed4 e0269da736ddf004 52370bea1acd0600 942a7d26d81c841f
60,c49d8f84a4f87f8a 2e2904c5373734ae 9cf6709de35bf0f3 cc2cc23a98c14c33 81b639b74256b45b cea18be9a89d7a81 bbbd5d2fd957e8f7 47fbe21f5c35c7b4 52370bea1acd0600 4d7653ea9499eed4 9a0f5ee4f845c9b2 0bcaac840d5e66d7 c28bc62802b90f82 3986b68500d7704b 3fa57d488e979d74 e25a1da6ca187350 ff88049e61f0f4ef e0269da736ddf004 bd713b37b67866c3 fd30682593995748 2a06f5614060e3b6 702d8f1064ab3e30 e36475c1af5ea3ab 0708923badf2ff5d 734dabb98795c35c 942a7d26d81c841f bd0f175ee98c613e ae94d8435a6847f4 b6d0f83aad4e4dc7 b24820ae14e16a24
61,0220a434aa8bf029 9f3d2ca16f358290 b24820ae14e16a24 fc21db75b354a917 4dba7ce835494a63 587e0b2a4811fab1 a5d5ba33b5b1dc95 a65e30106ea50423 4d32dae7b43c489a 8faeacf8ca08f62d 64907c4568244eb4 b6e72edcad270be0 6cb9ab508a0678a0 a9dad59c7055b56c 486dd77002936dec 5ebb4d2f5f1c1f13 3b4a85bac6ead3c8 999a52f1d301247c 7d83ffe83f61bdc4 81b639b74256b45b bbbd5d2fd957e8f7 ee3ed9a3f51336cd db0e648651f4c92b e7dd56376be2cf1c edc79e57b20e9036 8bf446c0455e3c5c e878efab7c37179e 025a148c3a53bd9f 52370bea1acd0600 6461a9faa871b3ac
62,1d0f5fdc58e3efb5 47fbe21f5c35c7b4 52370bea1acd0600 4d7653ea9499eed4 9a0f5ee4f845c9b2 0bcaac840d5e66d7 c28bc62802b90f82 702d8f1064ab3e30 3986b68500d7704b 059bbdbdb843af6a ff88049e61f0f4ef e0269da736ddf004 bd713b37b67866c3 fd30682593995748 2a06f5614060e3b6 39f6296778264878 e25a1da6ca187350 c31a456b544a40a8 3fa57d488e979d74 e7cad3748e50b0f8 0708923badf2ff5d 734dabb98795c35c 942a7d26d81c841f bd0f175ee98c613e ae94d8435a6847f4 b6d0f83aad4e4dc7 b24820ae14e16a24 bbbd5d2fd957e8f7 4b8c7061102517ef af8e70f978cd5aee
63,955e465ce0788ea6 f48d0fbea7dc2782 db69d4cbfef8d22f 0f33ce8d8014f308 8e0760918e88e4a9 d6ed7e4b14c51296 b3e75fdca5ca2f1a 52aa48c07b34dc88 87c5481930cfe126 538c7bb968b2154c b1dcaca98bb76736 fa173131f15f5534 2a06f5614060e3b6 8a5635c748344d47 eff60ceea8817dad 22dc81380cf4baec a2805ed52b47b8ec f49e13a653cbdad2 b2ee9eea2d974c90 95d25d38ba7df9c7 3fa57d488e979d74 f2e30efbd27bee51 a853f13216170123 5897953fdf87b60f 77e2f7da1f9d3a8f 90ecb28f2edb9d43 016da874bd04df55 b3ad55963554f220 a14394322cf7043d 09660f466b38b7ba
64,f44f74b3451aa593 734dabb98795c35c c14d5b16840d3032 cc507a0d6fcf4a1c 5570ef88d970e9b4 5ebb4d2f5f1c1f13 40583079f57235a6 2901e5309bb3f8f6 1d0f5fdc58e3efb5 3ca7964973437917 81b639b74256b45b bd713b37b67866c3 e0269da736ddf004 fd30682593995748 ff88049e61f0f4ef 2a06f5614060e3b6 3fa57d488e979d74 3986b68500d7704b 39f6296778264878 702d8f1064ab3e30 c28bc62802b90f82 0bcaac840d5e66d7 9a0f5ee4f845c9b2 4d7653ea9499eed4 942a7d26d81c841f bd0f175ee98c613e ae94d8435a6847f4 b6d0f83aad4e4dc7 b24820ae14e16a24 622f2e4119882c94
65,148ac4a56a18844d b2ee9eea2d974c90 95d25d38ba7df9c7 5b16bae6a0de7c88 da7d3c2d591c4295 a04d6febd82a4389 d3c4a7db726191e0 bd0f175ee98c613e 19e8f436d4b2fc25 b05b5f6850cfa158 42bb83d7c4b9ecae ec1b3d7ccd3984d0 dc17b07476183764 047769588be1aea9 5c8c6d9a1fd4c1e0 4c3802a1bd3c842e ddf332f2b55a2a23 6d80d2e62d01f6bc 520ec719078be07c b29ab87af6ea6310 dea5e9227fbbac29 0a79fabc6f5d93c9 351c9da399c2b915 46315cf30aaee51c 377c1150c781e37a 74244a8703c03720 4d7653ea9499eed4 3c0873ce078d332b 05e4165a56bf50eb b6a1c97f19af78d0
66,b3e75fdca5ca2f1a 52aa48c07b34dc88 1d0f5fdc58e3efb5 8faeacf8ca08f62d 47fbe21f5c35c7b4 52370bea1acd0600 4d7653ea9499eed4 9a0f5ee4f845c9b2 0bcaac840d5e66d7 c28bc62802b90f82 702d8f1064ab3e30 3986b68500d7704b ff88049e61f0f4ef e0269da736ddf004 bd713b37b67866c3 fd30682593995748 2a06f5614060e3b6 39f6296778264878 e25a1da6ca187350 3fa57d488e979d74 0708923badf2ff5d 734dabb98795c35c 942a7d26d81c841f bd0f175ee98c613e ae94d8435a6847f4 b6d0f83aad4e4dc7 b24820ae14e16a24 622f2e4119882c94 e7cad3748e50b0f8 af8e70f978cd5aee
67,63d95d5977c2fe98 a9dad59c7055b56c 6899956cd6c683f0 47fbe21f5c35c7b4 52370bea1acd0600 4d7653ea9499eed4 9a0f5ee4f845c9b2 0bcaac840d5e66d7 c28bc62802b90f82 702d8f1064ab3e30 bbbd5d2fd957e8f7 3fa57d488e979d74 ff88049e61f0f4ef e0269da736ddf004 bd713b37b67866c3 fd30682593995748 2a06f5614060e3b6 39f6296778264878 e25a1da6ca187350 3986b68500d7704b e7cad3748e50b0f8 0708923badf2ff5d 734dabb98795c35c 942a7d26d81c841f bd0f175ee98c613e ae94d8435a6847f4 b6d0f83aad4e4dc7 b24820ae14e16a24 cea18be9a89d7a81 4b8c7061102517ef
68,7b81f1f2b6ec2e5f b3e75fdca5ca2f1a cb3e4ce97e7f2881 d1e21234d7cc61d2 b6e72edcad270be0 1fe79c7de59ff6c6 72c2a95813ea72bd 0e45c4c185f35df6 587e0b2a4811fab1 9f3d2ca16f358290 b24820ae14e16a24 fc21db75b354a917 4dba7ce835494a63 4522ad78bf79f0c9 0451447dd64f6284 d0f6c00eec5eb973 0f33ce8d8014f308 50806199c80e215c 9f4e0d572b1f4e6c 4d9214c0925e5af8 c36c2dce0e6e434f 8f578001f9d5f543 73f770f2643a2135 01e5a6edcee7deb0 2e031d83339759b2 a5d5ba33b5b1dc95 f9c6286cff30aaa8 702d8f1064ab3e30 942a7d26d81c841f a492bd402afd5c71
69,8dedff0a79784abc 4522ad78bf79f0c9 0451447dd64f6284 d0f6c00eec5eb973 4d9214c0925e5af8 26140b225c4f8d3f 8f578001f9d5f543 01e5a6edcee7deb0 73f770f2643a2135 a492bd402afd5c71 942a7d26d81c841f 4b29fc21f912754d a5d5ba33b5b1dc95 52370bea1acd0600 702d8f1064ab3e30 4d32dae7b43c489a a9dad59c7055b56c 366a22fce0614fb8 cb3e4ce97e7f2881 01b3da54ffb158a0 a18df74d3a16e9c0 0647acc4602d4e8f ca43e349133fc0e3 01ecc81f6341e902 e1460af4a7044067 de8e1345e8c305c4 d1e21234d7cc61d2 16b11706660177ff 1ba7a50457e93996 d6bbbd6c4968075a
70,ba5199dba342af68 00e1e2eb13f650e4 238de368bb05c0ec 4577ae048ef1967d 5057551fc55e9ed2 cba7e22bb383083a af8e70f978cd5aee 83f8aca6ee2caabc af41e2b6da3e7e02 0079f3c74309b582 395b26d91f98bd92 1c3b74a02a86467d 0f4c71d341e2d939 49224aca40e6e5e3 b78189788d563693 0db6584e3bdfa1c4 9113e9dc940fb287 24e582daf6f87158 d5805cdb9e8f0f48 54f55c74d37db3c0 455fde214d16d350 fab14d178b24a67f 7f95168400948588 a18df74d3a16e9c0 1fe79c7de59ff6c6 ca43e349133fc0e3 0e45c4c185f35df6 404031ab9d5977c4 e8b87ed7db1bcb1f d6bbbd6c4968075a
71,4105533fe46dfba9 22e8d6734e4121ae 6cb9ab508a0678a0 059bbdbdb843af6a 7d83ffe83f61bdc4 bbbd5d2fd957e8f7 ee3ed9a3f51336cd db0e648651f4c92b 6899956cd6c683f0 0220a434aa8bf029 6461a9faa871b3ac 2b48ab08c915c0ad 7e4a4a1300b77a06 9d5edf3b993fee50 ae77487a89f2610c 5430097e23000368 52e459a551d4ac2d 00d9eb862ba3dfc6 25145708d494530b 95ecdbff44ad0b60 e36475c1af5ea3ab 366a22fce0614fb8 35488b3b8b781278 3b6d27775fce1c7b ae94d8435a6847f4 538c7bb968b2154c 87c5481930cfe126 4b05967001421eab 8a5635c748344d47 2a06f5614060e3b6
72,e6a29676c096f8e8 a860b682add9de1c f58ff7f1a6cde683 c6b615b2589e036d 27a12f29dceccdbd b760ebc5f25788d3 42a5cae2a3a45557 73f770f2643a2135 8f578001f9d5f543 01e5a6edcee7deb0 64b31699d7d15934 9100ea6cd0e084bf 0195950ce0f47e34 43b3338423d7386c 4d32dae7b43c489a e878efab7c37179e 025a148c3a53bd9f 366a22fce0614fb8 de8e1345e8c305c4 6e12311169bcb24c 01ecc81f6341e902 e1460af4a7044067 853e36b1550c6274 e22c35101e190db9 8fc68213b63951dc d7d937303a6d5a9d 48cf88c17ff38c5e 26fc2a95df5659c2 4f2fffd7528de786 1f4f62844c3cb99c
73,db0e648651f4c92b 0220a434aa8bf029 2b48ab08c915c0ad 9d5edf3b993fee50 7d83ffe83f61bdc4 585f4ee09d8fea46 4577ae048ef1967d bbbd5d2fd957e8f7 ee3ed9a3f51336cd 919b1679fffa7ef1 9c9ebf71707d7a37 cba7e22bb383083a 83f8aca6ee2caabc 5057551fc55e9ed2 af8e70f978cd5aee af41e2b6da3e7e02 6461a9faa871b3ac 0079f3c74309b582 9113e9dc940fb287 24e582daf6f87158 54f55c74d37db3c0 b78189788d563693 395b26d91f98bd92 1c3b74a02a86467d 0f4c71d341e2d939 49224aca40e6e5e3 7f95168400948588 fab14d178b24a67f 455fde214d16d350 0db6584e3bdfa1c4
74,10ad13170242ecae 19b4014943e0ad92 2e44fbb8bc3d8d71 2dd12c230ab22555 fc8971756f9ec194 120e745e2961b5d5 0c2eeab1e4ce1db8 f28fb3d9880c5d4c e7dd56376be2cf1c 351c9da399c2b915 37001ade0df85823 316382267dcd804f 0cd920bad11c716d 42c9b72cc77dcb28 b0b5e62a93a2c37c 00d9f8d3f7d412b3 238ec735a13a3f09 c810ac016901e8ac 9a439fd1abf95245 e7828f0ea9749505 18b1d2d84c97a364 d64c06baf5ef1c90 39f6296778264878 c28bc62802b90f82 702d8f1064ab3e30 3986b68500d7704b 3fa57d488e979d74 ff88049e61f0f4ef e0269da736ddf004 bd713b37b67866c3
75,cb3e4ce97e7f2881 d1e21234d7cc61d2 64267373570e4ea3 b6e72edcad270be0 1fe79c7de59ff6c6 72c2a95813ea72bd 0e45c4c185f35df6 4522ad78bf79f0c9 f1a3b8b13e9401c0 0451447dd64f6284 d0f6c00eec5eb973 0f33ce8d8014f308 50806199c80e215c 9f4e0d572b1f4e6c 4d9214c0925e5af8 c36c2dce0e6e434f 2e031d83339759b2 702d8f1064ab3e30 a492bd402afd5c71 942a7d26d81c841f 4b29fc21f912754d 5867d40811c0229f ae77487a89f2610c 148ac4a56a18844d 64c2e323906b42d3 5b4c879fc9c316fb 9c9a9d45c2ea7ddf b3e75fdca5ca2f1a 52aa48c07b34dc88 1d0f5fdc58e3efb5
76,2901e5309bb3f8f6 c49d8f84a4f87f8a 40583079f57235a6 3ca7964973437917 81b639b74256b45b 47fbe21f5c35c7b4 52370bea1acd0600 4d7653ea9499eed4 9a0f5ee4f845c9b2 0bcaac840d5e66d7 c28bc62802b90f82 702d8f1064ab3e30 bbbd5d2fd957e8f7 3fa57d488e979d74 ff88049e61f0f4ef e0269da736ddf004 bd713b37b67866c3 fd30682593995748 2a06f5614060e3b6 39f6296778264878 e25a1da6ca187350 3986b68500d7704b 0708923badf2ff5d 734dabb98795c35c 942a7d26d81c841f bd0f175ee98c613e ae94d8435a6847f4 b6d0f83aad4e4dc7 b24820ae14e16a24 622f2e4119882c94
77,2e44fbb8bc3d8d71 0c2eeab1e4ce1db8 f28fb3d9880c5d4c 2dd12c230ab22555 fc8971756f9ec194 120e745e2961b5d5 351c9da399c2b915 37001ade0df85823 0cd920bad11c716d 316382267dcd804f 42c9b72cc77dcb28 00d9f8d3f7d412b3 b0b5e62a93a2c37c 238ec735a13a3f09 c810ac016901e8ac 9a439fd1abf95245 e7828f0ea9749505 18b1d2d84c97a364 d64c06baf5ef1c90 39f6296778264878 b3e75fdca5ca2f1a 52aa48c07b34dc88 1d0f5fdc58e3efb5 8faeacf8ca08f62d b6d0f83aad4e4dc7 2a06f5614060e3b6 b24820ae14e16a24 fd30682593995748 bd713b37b67866c3 e0269da736ddf004
78,40583079f57235a6 2901e5309bb3f8f6 3ca7964973437917 b3e75fdca5ca2f1a 52aa48c07b34dc88 1d0f5fdc58e3efb5 00e1e2eb13f650e4 8faeacf8ca08f62d 81b639b74256b45b 47fbe21f5c35c7b4 4d7653ea9499eed4 9a0f5ee4f845c9b2 0bcaac840d5e66d7 c28bc62802b90f82 702d8f1064ab3e30 3986b68500d7704b 3fa57d488e979d74 ff88049e61f0f4ef e0269da736ddf004 bd713b37b67866c3 fd30682593995748 2a06f5614060e3b6 39f6296778264878 52370bea1acd0600 0708923badf2ff5d 734dabb98795c35c 942a7d26d81c841f bd0f175ee98c613e ae94d8435a6847f4 b6d0f83aad4e4dc7
79,c31a456b544a40a8 cc2cc23a98c14c33 bbbd5d2fd957e8f7 47fbe21f5c35c7b4 52370bea1acd0600 4d7653ea9499eed4 9a0f5ee4f845c9b2 0bcaac840d5e66d7 c28bc62802b90f82 3986b68500d7704b 3fa57d488e979d74 ff88049e61f0f4ef e0269da736ddf004 bd713b37b67866c3 fd30682593995748 2a06f5614060e3b6 39f6296778264878 e25a1da6ca187350 702d8f1064ab3e30 e36475c1af5ea3ab 0708923badf2ff5d 734dabb98795c35c 942a7d26d81c841f bd0f175ee98c613e ae94d8435a6847f4 b6d0f83aad4e4dc7 b24820ae14e16a24 cea18be9a89d7a81 4b8c7061102517ef af8e70f978cd5aee
80,cc2cc23a98c14c33 81b639b74256b45b cea18be9a89d7a81 bbbd5d2fd957e8f7 47fbe21f5c35c7b4 52370bea1acd0600 4d7653ea9499eed4 9a0f5ee4f845c9b2 0bcaac840d5e66d7 c28bc62802b90f82 5fb2d8e734956af0 3986b68500d7704b 3fa57d488e979d74 ff88049e61f0f4ef e0269da736ddf004 bd713b37b67866c3 fd30682593995748 2a06f5614060e3b6 e25a1da6ca187350 702d8f1064ab3e30 e36475c1af5ea3ab e7cad3748e50b0f8 0708923badf2ff5d 734dabb98795c35c 942a7d26d81c841f bd0f175ee98c613e ae94d8435a6847f4 b6d0f83aad4e4dc7 39f6296778264878 622f2e4119882c94
81,04886579947a80c2 bc2552a642ce8497 c49d8f84a4f87f8a 2e2904c5373734ae 9cf6709de35bf0f3 e1460af4a7044067 01ecc81f6341e902 1ba7a50457e93996 16b11706660177ff 4522ad78bf79f0c9 3c565c1fc2316d16 765c0695339c3abe 6899956cd6c683f0 0bcaac840d5e66d7 4d7653ea9499eed4 9a0f5ee4f845c9b2 52370bea1acd0600 c28bc62802b90f82 702d8f1064ab3e30 3fa57d488e979d74 ff88049e61f0f4ef e0269da736ddf004 bd713b37b67866c3 fd30682593995748 3986b68500d7704b 942a7d26d81c841f bd0f175ee98c613e ae94d8435a6847f4 b6d0f83aad4e4dc7 b24820ae14e16a24
82,e403278468d84383 8566d15270eb5e83 853e36b1550c6274 636224e349e561bf bc2ae5f4e5d53e00 4f2fffd7528de786 1f4f62844c3cb99c 4bed80e56ea2e099 8fc68213b63951dc 26fc2a95df5659c2 48cf88c17ff38c5e e22c35101e190db9 d7d937303a6d5a9d 3734d3b0b9232538 66ccd03c9e03ac06 9a0f5ee4f845c9b2 92f42fbd0c38f7fd a9223c28b10c131f 22756be6fd061d4c 57113c2a4cacd961 4535ce2e3dced00f b6e646c13d0753ae 1a8e5d6512d9e2d8 128d583954b18074 bc27d5dc9bab1c18 8b7c486a910dd004 dc17b07476183764 fd30682593995748 bd713b37b67866c3 b24820ae14e16a24
83,033d905aec273595 3e8e56f639a5db5b 7eec211cc37a1b05 8e0760918e88e4a9 e7cad3748e50b0f8 1fe79c7de59ff6c6 ca43e349133fc0e3 2e4b00c01d58e79e 377c1150c781e37a ce8cb4351b8c0f6e 204ec91c39d1479d 4f31209941bb05fc bd713b37b67866c3 bf3ccaba4a3450a8 172bc0ee09332ae9 28403e62105b00f6 4577ae048ef1967d 6899956cd6c683f0 cb3e4ce97e7f2881 5057551fc55e9ed2 83f8aca6ee2caabc cba7e22bb383083a af8e70f978cd5aee af41e2b6da3e7e02 0079f3c74309b582 1c3b74a02a86467d 455fde214d16d350 54f55c74d37db3c0 49224aca40e6e5e3 24e582daf6f87158
84,1d0f5fdc58e3efb5 47fbe21f5c35c7b4 52370bea1acd0600 4d7653ea9499eed4 9a0f5ee4f845c9b2 0bcaac840d5e66d7 c28bc62802b90f82 702d8f1064ab3e30 3986b68500d7704b 059bbdbdb843af6a ff88049e61f0f4ef e0269da736ddf004 bd713b37b67866c3 fd30682593995748 2a06f5614060e3b6 39f6296778264878 e25a1da6ca187350 c31a456b544a40a8 3fa57d488e979d74 e7cad3748e50b0f8 0708923badf2ff5d 734dabb98795c35c 942a7d26d81c841f bd0f175ee98c613e ae94d8435a6847f4 b6d0f83aad4e4dc7 b24820ae14e16a24 bbbd5d2fd957e8f7 4b8c7061102517ef af8e70f978cd5aee
85,6406fcdb7d87b5dc e8ad5e31484ef889 4b05967001421eab f76f44d372517a9a 453bc79164d57a01 46b99f864d6a075a e25a1da6ca187350 29968e8fd13539f8 c11b97f245a9dfd0 050544c040f46152 e8684734f2e587bd 45bd99d5d2eef776 6c017e548aa138f2 1efd7bd8a34a1359 8d58da0e1800dc96 bf973f9ec3600199 6d80d2e62d01f6bc b78189788d563693 54f55c74d37db3c0 24e582daf6f87158 49224aca40e6e5e3 1c3b74a02a86467d 395b26d91f98bd92 455fde214d16d350 0db6584e3bdfa1c4 fab14d178b24a67f 7f95168400948588 9113e9dc940fb287 0f4c71d341e2d939 d5805cdb9e8f0f48
86,f2234bb7ce0c6f59 05f23e7d05dbf7c2 0fbd0f422e926816 0d0368139e9a647f d35e11d3d1ab3c67 72403ecdfe02bba6 33856365c271aea4 a292248bb2bffb3d 73391e0853c1e040 ffa9091747ae2466 43b3338423d7386c f209d29f991432f0 de35d2410e916471 edc79e57b20e9036 9ab90dfc5c9b0b37 025a148c3a53bd9f e878efab7c37179e 919b1679fffa7ef1 34a62e66e05f9a44 95166957b2c38794 5547f9f1638ac345 7c8324ce28ffb96e d1e21234d7cc61d2 4dba7ce835494a63 fc21db75b354a917 b24820ae14e16a24 9f3d2ca16f358290 587e0b2a4811fab1 01e5a6edcee7deb0 8f578001f9d5f543
87,00ff646ca6637bd7 81bd116c786bf9ae 47fbe21f5c35c7b4 52370bea1acd0600 4d7653ea9499eed4 9a0f5ee4f845c9b2 0bcaac840d5e66d7 c28bc62802b90f82 702d8f1064ab3e30 3986b68500d7704b bbbd5d2fd957e8f7 ff88049e61f0f4ef e0269da736ddf004 bd713b37b67866c3 fd30682593995748 2a06f5614060e3b6 39f6296778264878 e25a1da6ca187350 3fa57d488e979d74 e7cad3748e50b0f8 0708923badf2ff5d 734dabb98795c35c 942a7d26d81c841f bd0f175ee98c613e ae94d8435a6847f4 b6d0f83aad4e4dc7 b24820ae14e16a24 cea18be9a89d7a81 4b8c7061102517ef af8e70f978cd5aee
88,c08c3765ac609cc0 74e59c5820900b17 dac29ed8400b50cc 5b34da30b93eb123 4d417b203b333363 f705b637f624147e 01b3da54ffb158a0 a18df74d3a16e9c0 01ecc81f6341e902 e1460af4a7044067 2901e5309bb3f8f6 16b11706660177ff 1ba7a50457e93996 b749972436ac9791 2359719a0f40ffac dc12cc503ac0eddb d9885881381fd10a b84b6c0b2e4d0306 666bdff4faa513ca 12af6a34778710db 4522ad78bf79f0c9 d0f6c00eec5eb973 0451447dd64f6284 a9eef13786610446 0eafda717681bbdc f46601a9955f9949 4d9214c0925e5af8 3c565c1fc2316d16 9b0e8cf8153e3b33 005666aa098abe8e
89,b0e254dd420faee3 0708923badf2ff5d 6ae470a7c9ec20fd 0eedb1a0d3b8ddae 01ecc81f6341e902 e1460af4a7044067 16b11706660177ff 1ba7a50457e93996 4522ad78bf79f0c9 3c565c1fc2316d16 ae94d8435a6847f4 765c0695339c3abe 4beacc71024f8b08 95166957b2c38794 f105a53e5cfae611 fd30682593995748 bd713b37b67866c3 e0269da736ddf004 bd0f175ee98c613e ff88049e61f0f4ef 3fa57d488e979d74 3986b68500d7704b 702d8f1064ab3e30 c28bc62802b90f82 b6d0f83aad4e4dc7 0bcaac840d5e66d7 9a0f5ee4f845c9b2 52370bea1acd0600 b24820ae14e16a24 622f2e4119882c94
90,b1e47da7659b675c ffc688c4c1c2a068 43b3338423d7386c f209d29f991432f0 de35d2410e916471 edc79e57b20e9036 955e465ce0788ea6 0f33ce8d8014f308 f48d0fbea7dc2782 e878efab7c37179e 025a148c3a53bd9f 34a62e66e05f9a44 8e0760918e88e4a9 95166957b2c38794 db69d4cbfef8d22f 5547f9f1638ac345 5989fb934598c1a7 d6ed7e4b14c51296 b3e75fdca5ca2f1a 52aa48c07b34dc88 1d0f5fdc58e3efb5 8faeacf8ca08f62d 8df3f13d6af34cb3 3fa57d488e979d74 3986b68500d7704b 702d8f1064ab3e30 c28bc62802b90f82 0bcaac840d5e66d7 9a0f5ee4f845c9b2 ff88049e61f0f4ef
91,316382267dcd804f 0cd920bad11c716d 238ec735a13a3f09 00d9f8d3f7d412b3 b0b5e62a93a2c37c c810ac016901e8ac 39f6296778264878 9a439fd1abf95245 e7828f0ea9749505 18b1d2d84c97a364 d64c06baf5ef1c90 48a76e3aff69d605 1d0f5fdc58e3efb5 f58ff7f1a6cde683 e6a29676c096f8e8 a860b682add9de1c 27a12f29dceccdbd 42a5cae2a3a45557 b760ebc5f25788d3 c6b615b2589e036d 73f770f2643a2135 8f578001f9d5f543 01e5a6edcee7deb0 9100ea6cd0e084bf 64b31699d7d15934 f9c6286cff30aaa8 ff88049e61f0f4ef b749972436ac9791 0195950ce0f47e34 2359719a0f40ffac
92,7c8324ce28ffb96e d1e21234d7cc61d2 b3e75fdca5ca2f1a 52aa48c07b34dc88 1d0f5fdc58e3efb5 81b639b74256b45b 8faeacf8ca08f62d 52370bea1acd0600 4d7653ea9499eed4 9a0f5ee4f845c9b2 0bcaac840d5e66d7 c28bc62802b90f82 702d8f1064ab3e30 3986b68500d7704b 3fa57d488e979d74 ff88049e61f0f4ef e0269da736ddf004 bd713b37b67866c3 fd30682593995748 2a06f5614060e3b6 39f6296778264878 e25a1da6ca187350 e7cad3748e50b0f8 942a7d26d81c841f bd0f175ee98c613e ae94d8435a6847f4 b6d0f83aad4e4dc7 b24820ae14e16a24 734dabb98795c35c 622f2e4119882c94
93,892074f7c1ef5d5e bbbd5d2fd957e8f7 47fbe21f5c35c7b4 52370bea1acd0600 4d7653ea9499eed4 9a0f5ee4f845c9b2 0bcaac840d5e66d7 c28bc62802b90f82 702d8f1064ab3e30 8e0cc5199a0ee659 3fa57d488e979d74 ff88049e61f0f4ef e0269da736ddf004 bd713b37b67866c3 fd30682593995748 2a06f5614060e3b6 39f6296778264878 e25a1da6ca187350 3986b68500d7704b e36475c1af5ea3ab e7cad3748e50b0f8 0708923badf2ff5d 734dabb98795c35c 942a7d26d81c841f bd0f175ee98c613e ae94d8435a6847f4 b6d0f83aad4e4dc7 cea18be9a89d7a81 622f2e4119882c94 4b8c7061102517ef
94,ae77487a89f2610c 8faeacf8ca08f62d cb3e4ce97e7f2881 7d83ffe83f61bdc4 d1e21234d7cc61d2 b6e72edcad270be0 bbbd5d2fd957e8f7 ee3ed9a3f51336cd db0e648651f4c92b 1fe79c7de59ff6c6 b3e75fdca5ca2f1a 52aa48c07b34dc88 72c2a95813ea72bd 0e45c4c185f35df6 587e0b2a4811fab1 fc21db75b354a917 4dba7ce835494a63 b24820ae14e16a24 9f3d2ca16f358290 0220a434aa8bf029 4522ad78bf79f0c9 0451447dd64f6284 d0f6c00eec5eb973 0f33ce8d8014f308 50806199c80e215c 6461a9faa871b3ac 9f4e0d572b1f4e6c 2b48ab08c915c0ad 4d9214c0925e5af8 c36c2dce0e6e434f
95,d216e5458ad70e60 430feb4826a5632e 81b639b74256b45b bc2552a642ce8497 6899956cd6c683f0 bbbd5d2fd957e8f7 52370bea1acd0600 4d7653ea9499eed4 9a0f5ee4f845c9b2 0bcaac840d5e66d7 c28bc62802b90f82 702d8f1064ab3e30 3986b68500d7704b 3fa57d488e979d74 ff88049e61f0f4ef e0269da736ddf004 bd713b37b67866c3 fd30682593995748 2a06f5614060e3b6 39f6296778264878 47fbe21f5c35c7b4 e7cad3748e50b0f8 0708923badf2ff5d 734dabb98795c35c 942a7d26d81c841f bd0f175ee98c613e ae94d8435a6847f4 b6d0f83aad4e4dc7 b24820ae14e16a24 cea18be9a89d7a81
96,680bb5c5c3bb6ee1 1398b478b71773ed ce0f56b7190c268a 63d509cd2a2e0e47 07be6a290720707d 52370bea1acd0600 9a0f5ee4f845c9b2 0bcaac840d5e66d7 c28bc62802b90f82 702d8f1064ab3e30 3986b68500d7704b 3fa57d488e979d74 ff88049e61f0f4ef e0269da736ddf004 bd713b37b67866c3 fd30682593995748 2a06f5614060e3b6 39f6296778264878 e25a1da6ca187350 c31a456b544a40a8 4d7653ea9499eed4 0708923badf2ff5d 734dabb98795c35c 942a7d26d81c841f bd0f175ee98c613e ae94d8435a6847f4 b6d0f83aad4e4dc7 b24820ae14e16a24 622f2e4119882c94 4b8c7061102517ef
97,1d0f5fdc58e3efb5 b3e75fdca5ca2f1a 52aa48c07b34dc88 8faeacf8ca08f62d 52370bea1acd0600 4d7653ea9499eed4 9a0f5ee4f845c9b2 0bcaac840d5e66d7 c28bc62802b90f82 702d8f1064ab3e30 3986b68500d7704b 3fa57d488e979d74 e7cad3748e50b0f8 e0269da736ddf004 bd713b37b67866c3 fd30682593995748 2a06f5614060e3b6 39f6296778264878 e25a1da6ca187350 ff88049e61f0f4ef 734dabb98795c35c 942a7d26d81c841f bd0f175ee98c613e ae94d8435a6847f4 b6d0f83aad4e4dc7 b24820ae14e16a24 622f2e4119882c94 4b8c7061102517ef 47fbe21f5c35c7b4 5ebb4d2f5f1c1f13
98,ca4de5b8a7bda9df 27888817db122597 366a22fce0614fb8 de8e1345e8c305c4 4bed80e56ea2e099 bc2ae5f4e5d53e00 e22c35101e190db9 d7d937303a6d5a9d 636224e349e561bf 26fc2a95df5659c2 8fc68213b63951dc 3734d3b0b9232538 48cf88c17ff38c5e 1f4f62844c3cb99c 4f2fffd7528de786 853e36b1550c6274 e6a29676c096f8e8 f58ff7f1a6cde683 a860b682add9de1c 27a12f29dceccdbd b760ebc5f25788d3 c6b615b2589e036d 42a5cae2a3a45557 01e5a6edcee7deb0 8f578001f9d5f543 73f770f2643a2135 64b31699d7d15934 9100ea6cd0e084bf a5d5ba33b5b1dc95 ecb768ef6fd223ca
99,ae94d8435a6847f4 ca43e349133fc0e3 d6bbbd6c4968075a 4beacc71024f8b08 63d95d5977c2fe98 4f915ad69e1dca36 ebfda3b48083e390 8dedff0a79784abc ad06e9eeea8eb4ea 98dbd15aa33ebc18 e9c20b67a4c5395f c143c095983a65c2 95166957b2c38794 b6a1c97f19af78d0 d257d1fbcf43abd5 58654e3143c6550b 52370bea1acd0600 f105a53e5cfae611 35488b3b8b781278 d1e21234d7cc61d2 b3e75fdca5ca2f1a 52aa48c07b34dc88 1d0f5fdc58e3efb5 8faeacf8ca08f62d 0add47a043c64d7f 413c55a5ab86881a 5fb2d8e734956af0 eab15ee21e126f6a cea18be9a89d7a81 bbbd5d2fd957e8f7
100,e403278468d84383 5dd752753760ced8 8566d15270eb5e83 40583079f57235a6 33856365c271aea4 a292248bb2bffb3d 680bb5c5c3bb6ee1 b9d966ad9e04127a b69ce8b8154645f8 acae1d29289b1266 10ad13170242ecae 4d29c6922b2d0d56 a76ffccd2f5df1a7 5f94b027039f4e48 70ebf53ced736fa4 18b1d2d84c97a364 e740c80fce094788 0eafda717681bbdc ffa9091747ae2466 f46601a9955f9949 fc16a50ff0baec53 ce0f56b7190c268a 7155e5a86136eb02 45630e1451157ff3 148ac4a56a18844d 52e459a551d4ac2d 9cf6709de35bf0f3 1d0f5fdc58e3efb5 285657fcdf89f00d bf973f9ec3600199
101,81b639b74256b45b 47fbe21f5c35c7b4 52370bea1acd0600 4d7653ea9499eed4 9a0f5ee4f845c9b2 0bcaac840d5e66d7 c28bc62802b90f82 702d8f1064ab3e30 3986b68500d7704b bbbd5d2fd957e8f7 ff88049e61f0f4ef e0269da736ddf004 bd713b37b67866c3 fd30682593995748 2a06f5614060e3b6 39f6296778264878 e25a1da6ca187350 c31a456b544a40a8 3fa57d488e979d74 e7cad3748e50b0f8 0708923badf2ff5d 734dabb98795c35c 942a7d26d81c841f bd0f175ee98c613e ae94d8435a6847f4 b6d0f83aad4e4dc7 b24820ae14e16a24 cea18be9a89d7a81 4b8c7061102517ef af8e70f978cd5aee
102,047769588be1aea9 351c9da399c2b915 46315cf30aaee51c 74244a8703c03720 b24820ae14e16a24 4dba7ce835494a63 587e0b2a4811fab1 9f3d2ca16f358290 fc21db75b354a917 8f578001f9d5f543 01e5a6edcee7deb0 73f770f2643a2135 a5d5ba33b5b1dc95 f9c6286cff30aaa8 a65e30106ea50423 4d32dae7b43c489a 81b639b74256b45b 4beacc71024f8b08 eab15ee21e126f6a 48a76e3aff69d605 f29eee8054c061e1 8faeacf8ca08f62d 0647acc4602d4e8f c28bc62802b90f82 702d8f1064ab3e30 95166957b2c38794 fd30682593995748 366a22fce0614fb8 3fa57d488e979d74 ff88049e61f0f4ef
103,b3e75fdca5ca2f1a 52aa48c07b34dc88 f1a3b8b13e9401c0 1d0f5fdc58e3efb5 81b639b74256b45b 8faeacf8ca08f62d 52370bea1acd0600 4d7653ea9499eed4 9a0f5ee4f845c9b2 0bcaac840d5e66d7 c28bc62802b90f82 702d8f1064ab3e30 3986b68500d7704b 3fa57d488e979d74 47fbe21f5c35c7b4 e0269da736ddf004 bd713b37b67866c3 fd30682593995748 2a06f5614060e3b6 39f6296778264878 e25a1da6ca187350 ff88049e61f0f4ef e7cad3748e50b0f8 0708923badf2ff5d 734dabb98795c35c 942a7d26d81c841f bd0f175ee98c613e ae94d8435a6847f4 b6d0f83aad4e4dc7 b24820ae14e16a24
104,b3e75fdca5ca2f1a 52aa48c07b34dc88 1d0f5fdc58e3efb5 81b639b74256b45b 8faeacf8ca08f62d bbbd5d2fd957e8f7 47fbe21f5c35c7b4 52370bea1acd0600 4d7653ea9499eed4 9a0f5ee4f845c9b2 0bcaac840d5e66d7 c28bc62802b90f82 702d8f1064ab3e30 3986b68500d7704b ff88049e61f0f4ef e0269da736ddf004 bd713b37b67866c3 fd30682593995748 2a06f5614060e3b6 39f6296778264878 3fa57d488e979d74 e7cad3748e50b0f8 0708923badf2ff5d 734dabb98795c35c 942a7d26d81c841f bd0f175ee98c613e ae94d8435a6847f4 b6d0f83aad4e4dc7 b24820ae14e16a24 e25a1da6ca187350
105,45630e1451157ff3 7c8324ce28ffb96e b26d8664feb18c8c 81b639b74256b45b dc12cc503ac0eddb 666bdff4faa513ca d9885881381fd10a b84b6c0b2e4d0306 12af6a34778710db 9f4e0d572b1f4e6c 06de3ca1148b088b 4d9214c0925e5af8 d16da1fb61813db9 8dedff0a79784abc a677c3a76055a6d2 428f9363fa35882d 5048a37f10cf2d91 64907c4568244eb4 d73a65673e3f1d78 587e0b2a4811fab1 4dba7ce835494a63 b24820ae14e16a24 9f3d2ca16f358290 fc21db75b354a917 c96049ed915ced0a ffc688c4c1c2a068 73f770f2643a2135 01e5a6edcee7deb0 8f578001f9d5f543 a5d5ba33b5b1dc95
106,ce0f56b7190c268a b7d7d9ae1cbe0d8a 81b639b74256b45b 6899956cd6c683f0 52370bea1acd0600 4d7653ea9499eed4 9a0f5ee4f845c9b2 0bcaac840d5e66d7 c28bc62802b90f82 702d8f1064ab3e30 3986b68500d7704b c31a456b544a40a8 ff88049e61f0f4ef e0269da736ddf004 bd713b37b67866c3 fd30682593995748 2a06f5614060e3b6 39f6296778264878 e25a1da6ca187350 3fa57d488e979d74 0708923badf2ff5d 734dabb98795c35c 942a7d26d81c841f bd0f175ee98c613e ae94d8435a6847f4 b6d0f83aad4e4dc7 b24820ae14e16a24 622f2e4119882c94 47fbe21f5c35c7b4 af8e70f978cd5aee
107,2dd12c230ab22555 0c2eeab1e4ce1db8 f28fb3d9880c5d4c fc8971756f9ec194 2e44fbb8bc3d8d71 120e745e2961b5d5 351c9da399c2b915 81bd116c786bf9ae 37001ade0df85823 e5fb8dc5c9cb4a19 40583079f57235a6 42c9b72cc77dcb28 2901e5309bb3f8f6 3ca7964973437917 c28bc62802b90f82 702d8f1064ab3e30 0bcaac840d5e66d7 3986b68500d7704b 3fa57d488e979d74 ff88049e61f0f4ef 9a0f5ee4f845c9b2 4d7653ea9499eed4 52370bea1acd0600 47fbe21f5c35c7b4 e0269da736ddf004 bd713b37b67866c3 fd30682593995748 942a7d26d81c841f bd0f175ee98c613e ae94d8435a6847f4
108,0a49074a4158155b 00e1e2eb13f650e4 bbbd5d2fd957e8f7 47fbe21f5c35c7b4 52370bea1acd0600 4d7653ea9499eed4 9a0f5ee4f845c9b2 0bcaac840d5e66d7 c28bc62802b90f82 702d8f1064ab3e30 3986b68500d7704b cea18be9a89d7a81 ff88049e61f0f4ef e0269da736ddf004 bd713b37b67866c3 fd30682593995748 2a06f5614060e3b6 39f6296778264878 e25a1da6ca187350 3fa57d488e979d74 e7cad3748e50b0f8 0708923badf2ff5d 734dabb98795c35c 942a7d26d81c841f bd0f175ee98c613e ae94d8435a6847f4 b6d0f83aad4e4dc7 b24820ae14e16a24 5fb2d8e734956af0 4b8c7061102517ef
109,29bedd00fb2be056 455fde214d16d350 33856365c271aea4 5989fb934598c1a7 07f22a7ad7e4711d 25a3b47fe31bc6b5 ddb3810e0289c148 387e9cd2e5d4ea7d ebfda3b48083e390 42c9b72cc77dcb28 025a148c3a53bd9f c5830f9d0f1e29e5 7155e5a86136eb02 65708d542bd01f39 57113c2a4cacd961 4d954d933e606b70 095bb1b6ecbd0a50 8643165b0f53df11 3ca7964973437917 eff60ceea8817dad 1f423f368aebf7f3 26fc2a95df5659c2 855f2f0354e102c7 63d95d5977c2fe98 7ee52d2519eea367 44d324ebd3e22ad7 1398b478b71773ed 4d417b203b333363 587e0b2a4811fab1 b6a1c97f19af78d0
110,6899956cd6c683f0 bbbd5d2fd957e8f7 47fbe21f5c35c7b4 52370bea1acd0600 4d7653ea9499eed4 9a0f5ee4f845c9b2 0bcaac840d5e66d7 c28bc62802b90f82 90ecb28f2edb9d43 3986b68500d7704b 3fa57d488e979d74 ff88049e61f0f4ef e0269da736ddf004 bd713b37b67866c3 fd30682593995748 2a06f5614060e3b6 39f6296778264878 e25a1da6ca187350 702d8f1064ab3e30 e36475c1af5ea3ab e7cad3748e50b0f8 0708923badf2ff5d 734dabb98795c35c 942a7d26d81c841f bd0f175ee98c613e ae94d8435a6847f4 b6d0f83aad4e4dc7 cea18be9a89d7a81 622f2e4119882c94 4b8c7061102517ef
111,47fbe21f5c35c7b4 46315cf30aaee51c 01ecc81f6341e902 e1460af4a7044067 16b11706660177ff 1ba7a50457e93996 587e0b2a4811fab1 4dba7ce835494a63 b24820ae14e16a24 9f3d2ca16f358290 fc21db75b354a917 4522ad78bf79f0c9 3c565c1fc2316d16 8f578001f9d5f543 01e5a6edcee7deb0 73f770f2643a2135 a5d5ba33b5b1dc95 f9c6286cff30aaa8 a65e30106ea50423 4d32dae7b43c489a 4beacc71024f8b08 eab15ee21e126f6a 48a76e3aff69d605 f29eee8054c061e1 765c0695339c3abe 8faeacf8ca08f62d 0647acc4602d4e8f 87c5481930cfe126 538c7bb968b2154c 2a06f5614060e3b6
112,47fbe21f5c35c7b4 e1460af4a7044067 01ecc81f6341e902 1ba7a50457e93996 16b11706660177ff 4522ad78bf79f0c9 3c565c1fc2316d16 765c0695339c3abe 87c5481930cfe126 538c7bb968b2154c fa173131f15f5534 b1dcaca98bb76736 eff60ceea8817dad 2a06f5614060e3b6 f49e13a653cbdad2 22dc81380cf4baec 8a5635c748344d47 a2805ed52b47b8ec 95d25d38ba7df9c7 b2ee9eea2d974c90 3fa57d488e979d74 a853f13216170123 5897953fdf87b60f f2e30efbd27bee51 016da874bd04df55 77e2f7da1f9d3a8f a14394322cf7043d 90ecb28f2edb9d43 cea18be9a89d7a81 b6cdb608f640e038
113,65ad9c583823162d e0269da736ddf004 2394b08708475900 6aefb6531736648a 63d95d5977c2fe98 b3e75fdca5ca2f1a 52aa48c07b34dc88 1d0f5fdc58e3efb5 8faeacf8ca08f62d 39f6296778264878 52370bea1acd0600 4d7653ea9499eed4 9a0f5ee4f845c9b2 0bcaac840d5e66d7 c28bc62802b90f82 702d8f1064ab3e30 2a06f5614060e3b6 fd30682593995748 3986b68500d7704b bd713b37b67866c3 3fa57d488e979d74 ff88049e61f0f4ef 47fbe21f5c35c7b4 0708923badf2ff5d 734dabb98795c35c 942a7d26d81c841f bd0f175ee98c613e ae94d8435a6847f4 b6d0f83aad4e4dc7 b24820ae14e16a24
114,0c2eeab1e4ce1db8 120e745e2961b5d5 f28fb3d9880c5d4c 2e44fbb8bc3d8d71 2dd12c230ab22555 fc8971756f9ec194 9f27aa36c1ea793c 351c9da399c2b915 37001ade0df85823 42c9b72cc77dcb28 47fbe21f5c35c7b4 52370bea1acd0600 4d7653ea9499eed4 9a0f5ee4f845c9b2 0bcaac840d5e66d7 c28bc62802b90f82 3986b68500d7704b 3fa57d488e979d74 ff88049e61f0f4ef e0269da736ddf004 bd713b37b67866c3 fd30682593995748 702d8f1064ab3e30 734dabb98795c35c 942a7d26d81c841f bd0f175ee98c613e ae94d8435a6847f4 b6d0f83aad4e4dc7 b24820ae14e16a24 622f2e4119882c94
115,ce8cb4351b8c0f6e 04886579947a80c2 7f29daa16b9b4cda 9ab90dfc5c9b0b37 47fbe21f5c35c7b4 52370bea1acd0600 4d7653ea9499eed4 9a0f5ee4f845c9b2 0bcaac840d5e66d7 c28bc62802b90f82 702d8f1064ab3e30 bbbd5d2fd957e8f7 3fa57d488e979d74 ff88049e61f0f4ef e0269da736ddf004 bd713b37b67866c3 fd30682593995748 2a06f5614060e3b6 39f6296778264878 3986b68500d7704b e7cad3748e50b0f8 0708923badf2ff5d 734dabb98795c35c 942a7d26d81c841f bd0f175ee98c613e ae94d8435a6847f4 b6d0f83aad4e4dc7 b24820ae14e16a24 cea18be9a89d7a81 4b8c7061102517ef
116,2a06f5614060e3b6 f49e13a653cbdad2 22dc81380cf4baec a2805ed52b47b8ec b1dcaca98bb76736 eff60ceea8817dad 8a5635c748344d47 fa173131f15f5534 bb7515be835dea49 03dfe518713e006c 99e833818ec4bbf2 0add47a043c64d7f 48f93f9c2c699e19 88b62355670ec8f8 d16da1fb61813db9 8699cc5dd4159b69 d63b7f083330247f edc79e57b20e9036 316382267dcd804f 0cd920bad11c716d 65708d542bd01f39 74244a8703c03720 00d9f8d3f7d412b3 b0b5e62a93a2c37c 238ec735a13a3f09 3b6d27775fce1c7b 6899956cd6c683f0 c810ac016901e8ac 9a439fd1abf95245 e7828f0ea9749505
117,de35d2410e916471 b3e75fdca5ca2f1a 52aa48c07b34dc88 1d0f5fdc58e3efb5 8faeacf8ca08f62d bbbd5d2fd957e8f7 47fbe21f5c35c7b4 52370bea1acd0600 4d7653ea9499eed4 9a0f5ee4f845c9b2 0bcaac840d5e66d7 c28bc62802b90f82 702d8f1064ab3e30 3fa57d488e979d74 ff88049e61f0f4ef 39f6296778264878 e0269da736ddf004 bd713b37b67866c3 fd30682593995748 2a06f5614060e3b6 3986b68500d7704b e7cad3748e50b0f8 0708923badf2ff5d 734dabb98795c35c 942a7d26d81c841f bd0f175ee98c613e ae94d8435a6847f4 b6d0f83aad4e4dc7 b24820ae14e16a24 e25a1da6ca187350
118,0fbd0f422e926816 05f23e7d05dbf7c2 f2234bb7ce0c6f59 0d0368139e9a647f 72403ecdfe02bba6 d35e11d3d1ab3c67 33856365c271aea4 a292248bb2bffb3d 73391e0853c1e040 ffa9091747ae2466 c08c3765ac609cc0 dac29ed8400b50cc 74e59c5820900b17 f705b637f624147e 5b34da30b93eb123 4d417b203b333363 b749972436ac9791 2359719a0f40ffac a9eef13786610446 0eafda717681bbdc f46601a9955f9949 005666aa098abe8e 40583079f57235a6 2901e5309bb3f8f6 44d324ebd3e22ad7 3ca7964973437917 3fa57d488e979d74 3986b68500d7704b 4d7653ea9499eed4 0772e3ab293a1f30
119,f705b637f624147e 4d417b203b333363 5b34da30b93eb123 c08c3765ac609cc0 2359719a0f40ffac 74e59c5820900b17 dac29ed8400b50cc a9eef13786610446 005666aa098abe8e b749972436ac9791 44d324ebd3e22ad7 0eafda717681bbdc f46601a9955f9949 00140806971e7a73 0d0368139e9a647f 72403ecdfe02bba6 d35e11d3d1ab3c67 1d0f5fdc58e3efb5 ffa9091747ae2466 fc16a50ff0baec53 0897dcfae16e280f b3e75fdca5ca2f1a 52aa48c07b34dc88 8faeacf8ca08f62d 39f6296778264878 ff88049e61f0f4ef 2a06f5614060e3b6 fd30682593995748 e25a1da6ca187350 bd713b37b67866c3
120,fc21db75b354a917 587e0b2a4811fab1 4dba7ce835494a63 b24820ae14e16a24 9f3d2ca16f358290 a5d5ba33b5b1dc95 edc79e57b20e9036 a65e30106ea50423 8faeacf8ca08f62d 0eedb1a0d3b8ddae 4d32dae7b43c489a c96049ed915ced0a a2805ed52b47b8ec eff60ceea8817dad 8a5635c748344d47 f49e13a653cbdad2 2a06f5614060e3b6 fa173131f15f5534 22dc81380cf4baec b1dcaca98bb76736 b6e72edcad270be0 bb7515be835dea49 a9dad59c7055b56c 03dfe518713e006c 48f93f9c2c699e19 88b62355670ec8f8 99e833818ec4bbf2 0add47a043c64d7f 999a52f1d301247c 3b4a85bac6ead3c8
121,48a76e3aff69d605 b3e75fdca5ca2f1a 6ae470a7c9ec20fd a9dad59c7055b56c e1460af4a7044067 01ecc81f6341e902 1ba7a50457e93996 16b11706660177ff 4522ad78bf79f0c9 3c565c1fc2316d16 765c0695339c3abe 6899956cd6c683f0 fd30682593995748 bd713b37b67866c3 e0269da736ddf004 52370bea1acd0600 9a0f5ee4f845c9b2 0bcaac840d5e66d7 c28bc62802b90f82 702d8f1064ab3e30 ff88049e61f0f4ef 3986b68500d7704b 3fa57d488e979d74 4d7653ea9499eed4 942a7d26d81c841f bd0f175ee98c613e ae94d8435a6847f4 b6d0f83aad4e4dc7 b24820ae14e16a24 622f2e4119882c94
122,a9dad59c7055b56c b3e75fdca5ca2f1a 52aa48c07b34dc88 1d0f5fdc58e3efb5 8faeacf8ca08f62d 47fbe21f5c35c7b4 52370bea1acd0600 4d7653ea9499eed4 9a0f5ee4f845c9b2 0bcaac840d5e66d7 c28bc62802b90f82 702d8f1064ab3e30 3986b68500d7704b ff88049e61f0f4ef e0269da736ddf004 bd713b37b67866c3 fd30682593995748 2a06f5614060e3b6 39f6296778264878 e25a1da6ca187350 3fa57d488e979d74 734dabb98795c35c 942a7d26d81c841f bd0f175ee98c613e ae94d8435a6847f4 b6d0f83aad4e4dc7 b24820ae14e16a24 622f2e4119882c94 4b8c7061102517ef bbbd5d2fd957e8f7
123,28a2067685cb3e97 a9dad59c7055b56c 5430097e23000368 8566d15270eb5e83 b3e75fdca5ca2f1a 52aa48c07b34dc88 1d0f5fdc58e3efb5 6899956cd6c683f0 8faeacf8ca08f62d 4d7653ea9499eed4 9a0f5ee4f845c9b2 0bcaac840d5e66d7 c28bc62802b90f82 702d8f1064ab3e30 3986b68500d7704b 3fa57d488e979d74 ff88049e61f0f4ef e0269da736ddf004 bd713b37b67866c3 fd30682593995748 2a06f5614060e3b6 52370bea1acd0600 0708923badf2ff5d 734dabb98795c35c 942a7d26d81c841f bd0f175ee98c613e ae94d8435a6847f4 b6d0f83aad4e4dc7 b24820ae14e16a24 622f2e4119882c94
124,e5fb8dc5c9cb4a19 2bafd15871caae91 b7d7d9ae1cbe0d8a 00af886180e9eaec 316382267dcd804f 0cd920bad11c716d 238ec735a13a3f09 b0b5e62a93a2c37c 00d9f8d3f7d412b3 c810ac016901e8ac 9a439fd1abf95245 00e1e2eb13f650e4 e7828f0ea9749505 18b1d2d84c97a364 d64c06baf5ef1c90 39f6296778264878 3fa57d488e979d74 3986b68500d7704b 702d8f1064ab3e30 c28bc62802b90f82 ff88049e61f0f4ef 0bcaac840d5e66d7 e0269da736ddf004 bd713b37b67866c3 9a0f5ee4f845c9b2 fd30682593995748 2a06f5614060e3b6 bd0f175ee98c613e ae94d8435a6847f4 b6d0f83aad4e4dc7
125,95166957b2c38794 72b80b099fd64ec4 f1a3b8b13e9401c0 6899956cd6c683f0 bbbd5d2fd957e8f7 52370bea1acd0600 4d7653ea9499eed4 9a0f5ee4f845c9b2 0bcaac840d5e66d7 c28bc62802b90f82 702d8f1064ab3e30 3986b68500d7704b 3fa57d488e979d74 ff88049e61f0f4ef e0269da736ddf004 bd713b37b67866c3 fd30682593995748 2a06f5614060e3b6 39f6296778264878 47fbe21f5c35c7b4 e7cad3748e50b0f8 0708923badf2ff5d 734dabb98795c35c 942a7d26d81c841f bd0f175ee98c613e ae94d8435a6847f4 b6d0f83aad4e4dc7 b24820ae14e16a24 cea18be9a89d7a81 4b8c7061102517ef
126,d1e21234d7cc61d2 47fbe21f5c35c7b4 52370bea1acd0600 4d7653ea9499eed4 9a0f5ee4f845c9b2 0bcaac840d5e66d7 c28bc62802b90f82 702d8f1064ab3e30 e36475c1af5ea3ab 3fa57d488e979d74 ff88049e61f0f4ef e0269da736ddf004 bd713b37b67866c3 fd30682593995748 2a06f5614060e3b6 39f6296778264878 e25a1da6ca187350 c31a456b544a40a8 3986b68500d7704b e7cad3748e50b0f8 0708923badf2ff5d 734dabb98795c35c 942a7d26d81c841f bd0f175ee98c613e ae94d8435a6847f4 b6d0f83aad4e4dc7 b24820ae14e16a24 bbbd5d2fd957e8f7 4b8c7061102517ef af8e70f978cd5aee
127,fd57e641d06ebda7 013030fd7d29bf3d 9cf6709de35bf0f3 cc2cc23a98c14c33 00e1e2eb13f650e4 cea18be9a89d7a81 bbbd5d2fd957e8f7 47fbe21f5c35c7b4 52370bea1acd0600 4d7653ea9499eed4 9a0f5ee4f845c9b2 0bcaac840d5e66d7 c28bc62802b90f82 3986b68500d7704b 3fa57d488e979d74 ff88049e61f0f4ef e0269da736ddf004 bd713b37b67866c3 fd30682593995748 2a06f5614060e3b6 702d8f1064ab3e30 e7cad3748e50b0f8 0708923badf2ff5d 734dabb98795c35c 942a7d26d81c841f bd0f175ee98c613e ae94d8435a6847f4 b6d0f83aad4e4dc7 b24820ae14e16a24 5fb2d8e734956af0
128,db7342eff9200020 4fe9e4e55585ba4b 0bcaac840d5e66d7 5b4c879fc9c316fb 538c7bb968b2154c 87c5481930cfe126 3fa57d488e979d74 05f23e7d05dbf7c2 f2234bb7ce0c6f59 0fbd0f422e926816 74e59c5820900b17 dac29ed8400b50cc b749972436ac9791 acae1d29289b1266 50ba507a268872e1 622f2e4119882c94 81b639b74256b45b 61ba7707ef6a5a99 0eafda717681bbdc f46601a9955f9949 65254e0d209fd66e c08c3765ac609cc0 b6d0f83aad4e4dc7 5989fb934598c1a7 4b8c7061102517ef af8e70f978cd5aee c31a456b544a40a8 e25a1da6ca187350 39f6296778264878 5ebb4d2f5f1c1f13
129,a9dad59c7055b56c 5867d40811c0229f 48a76e3aff69d605 d7d937303a6d5a9d 4bed80e56ea2e099 853e36b1550c6274 e22c35101e190db9 bc2ae5f4e5d53e00 3734d3b0b9232538 8fc68213b63951dc 636224e349e561bf 4f2fffd7528de786 1f4f62844c3cb99c 26fc2a95df5659c2 48cf88c17ff38c5e 57113c2a4cacd961 a9223c28b10c131f 9a0f5ee4f845c9b2 22756be6fd061d4c 92f42fbd0c38f7fd 66ccd03c9e03ac06 b6e646c13d0753ae 4535ce2e3dced00f b24820ae14e16a24 4dba7ce835494a63 9f3d2ca16f358290 587e0b2a4811fab1 fc21db75b354a917 73f770f2643a2135 8f578001f9d5f543
130,976baf0e84752a68 9b2adcf4041227d7 a982b5c3aed39396 63d95d5977c2fe98 e740c80fce094788 fc16a50ff0baec53 047769588be1aea9 52e459a551d4ac2d 351c9da399c2b915 46315cf30aaee51c 74244a8703c03720 781aaf62a955e4e8 4d7653ea9499eed4 9a0f5ee4f845c9b2 0bcaac840d5e66d7 e25a1da6ca187350 c28bc62802b90f82 702d8f1064ab3e30 3fa57d488e979d74 ff88049e61f0f4ef 39f6296778264878 e0269da736ddf004 bd713b37b67866c3 fd30682593995748 2a06f5614060e3b6 3986b68500d7704b 942a7d26d81c841f bd0f175ee98c613e ae94d8435a6847f4 b6d0f83aad4e4dc7
131,522bd6887960c25d 1dc7139adba034ec 65d44c6393907290 f209d29f991432f0 a0b1f4dd32f3e278 5057551fc55e9ed2 cba7e22bb383083a 83f8aca6ee2caabc af8e70f978cd5aee 0cd920bad11c716d 316382267dcd804f 7d83ffe83f61bdc4 22e8d6734e4121ae 4105533fe46dfba9 976baf0e84752a68 9b2adcf4041227d7 120e745e2961b5d5 2e44fbb8bc3d8d71 fc8971756f9ec194 2dd12c230ab22555 0c2eeab1e4ce1db8 f28fb3d9880c5d4c c810ac016901e8ac 64267373570e4ea3 b8e2f75014710ced e7828f0ea9749505 0b774cf90856c4da 18b1d2d84c97a364 cec2eea2a1fe566a 01104a026d22ae55
132,a9dad59c7055b56c c49d8f84a4f87f8a 2e2904c5373734ae 9cf6709de35bf0f3 522bd6887960c25d 65d44c6393907290 1dc7139adba034ec f209d29f991432f0 aa967ad3c1f65a29 a0b1f4dd32f3e278 6aefb6531736648a 01ecc81f6341e902 e1460af4a7044067 e461837f0fb35048 16b11706660177ff 1ba7a50457e93996 4522ad78bf79f0c9 3c565c1fc2316d16 765c0695339c3abe b3e75fdca5ca2f1a 52aa48c07b34dc88 1d0f5fdc58e3efb5 8faeacf8ca08f62d 39f6296778264878 2a06f5614060e3b6 b6d0f83aad4e4dc7 622f2e4119882c94 4b8c7061102517ef fd30682593995748 af8e70f978cd5aee
133,047769588be1aea9 351c9da399c2b915 46315cf30aaee51c 74244a8703c03720 8abe670908f12614 4105533fe46dfba9 22e8d6734e4121ae a9dad59c7055b56c 6cb9ab508a0678a0 da904d2a54ff8cf2 059bbdbdb843af6a 9a0f5ee4f845c9b2 0bcaac840d5e66d7 c28bc62802b90f82 702d8f1064ab3e30 3986b68500d7704b 4d7653ea9499eed4 ff88049e61f0f4ef e0269da736ddf004 bd713b37b67866c3 942a7d26d81c841f fd30682593995748 2a06f5614060e3b6 39f6296778264878 e25a1da6ca187350 3fa57d488e979d74 ae94d8435a6847f4 b6d0f83aad4e4dc7 b24820ae14e16a24 622f2e4119882c94
134,81b639b74256b45b 6899956cd6c683f0 47fbe21f5c35c7b4 52370bea1acd0600 4d7653ea9499eed4 9a0f5ee4f845c9b2 0bcaac840d5e66d7 c28bc62802b90f82 702d8f1064ab3e30 bbbd5d2fd957e8f7 3fa57d488e979d74 ff88049e61f0f4ef e0269da736ddf004 bd713b37b67866c3 fd30682593995748 2a06f5614060e3b6 39f6296778264878 e25a1da6ca187350 3986b68500d7704b e7cad3748e50b0f8 0708923badf2ff5d 734dabb98795c35c 942a7d26d81c841f bd0f175ee98c613e ae94d8435a6847f4 b6d0f83aad4e4dc7 b24820ae14e16a24 cea18be9a89d7a81 4b8c7061102517ef af8e70f978cd5aee
135,522bd6887960c25d 65d44c6393907290 1dc7139adba034ec f209d29f991432f0 a0b1f4dd32f3e278 63d95d5977c2fe98 40583079f57235a6 3ca7964973437917 2901e5309bb3f8f6 25145708d494530b 00d9eb862ba3dfc6 95ecdbff44ad0b60 64c2e323906b42d3 366a22fce0614fb8 6899956cd6c683f0 3b6d27775fce1c7b ae94d8435a6847f4 87c5481930cfe126 538c7bb968b2154c 4b05967001421eab b1dcaca98bb76736 fa173131f15f5534 eff60ceea8817dad 22dc81380cf4baec a2805ed52b47b8ec f49e13a653cbdad2 8a5635c748344d47 2a06f5614060e3b6 95d25d38ba7df9c7 b2ee9eea2d974c90
136,26140b225c4f8d3f 4dba7ce835494a63 fc21db75b354a917 9f3d2ca16f358290 b24820ae14e16a24 587e0b2a4811fab1 b6e72edcad270be0 a9dad59c7055b56c 3b4a85bac6ead3c8 999a52f1d301247c a5d5ba33b5b1dc95 81b639b74256b45b a65e30106ea50423 4d32dae7b43c489a edc79e57b20e9036 8bf446c0455e3c5c e878efab7c37179e 025a148c3a53bd9f 8faeacf8ca08f62d 52370bea1acd0600 72b80b099fd64ec4 64c2e323906b42d3 d1e21234d7cc61d2 fd30682593995748 bd713b37b67866c3 e0269da736ddf004 0bcaac840d5e66d7 c28bc62802b90f82 702d8f1064ab3e30 ff88049e61f0f4ef
137,f1a3b8b13e9401c0 4e966bb2768c2b8a 72b80b099fd64ec4 7cea1f637ea3f37d 155600e5f1221f8c 622f2e4119882c94 f0d53dcf0c296b57 2820628e65a062e2 c49d8f84a4f87f8a f54ad8d1eb18212e aa967ad3c1f65a29 cc2cc23a98c14c33 0a49074a4158155b a017f3358d5327aa ddb3810e0289c148 6899956cd6c683f0 81b639b74256b45b 47fbe21f5c35c7b4 4d7653ea9499eed4 9a0f5ee4f845c9b2 0bcaac840d5e66d7 c28bc62802b90f82 702d8f1064ab3e30 3986b68500d7704b 3fa57d488e979d74 ff88049e61f0f4ef e0269da736ddf004 fd30682593995748 52370bea1acd0600 bbbd5d2fd957e8f7
138,c08c3765ac609cc0 dac29ed8400b50cc 74e59c5820900b17 4d417b203b333363 5b34da30b93eb123 f705b637f624147e b749972436ac9791 2359719a0f40ffac a9eef13786610446 0eafda717681bbdc f46601a9955f9949 005666aa098abe8e 44d324ebd3e22ad7 702d8f1064ab3e30 3986b68500d7704b 0bcaac840d5e66d7 3fa57d488e979d74 ff88049e61f0f4ef e0269da736ddf004 bd713b37b67866c3 fd30682593995748 2a06f5614060e3b6 39f6296778264878 e25a1da6ca187350 c28bc62802b90f82 ae94d8435a6847f4 b6d0f83aad4e4dc7 b24820ae14e16a24 622f2e4119882c94 4b8c7061102517ef
139,96445bec1579ec97 96e82fa141db9a4b f29eee8054c061e1 6406fcdb7d87b5dc ddb3810e0289c148 6899956cd6c683f0 b3e75fdca5ca2f1a 52aa48c07b34dc88 1d0f5fdc58e3efb5 8faeacf8ca08f62d bd713b37b67866c3 e0269da736ddf004 ff88049e61f0f4ef fd30682593995748 3fa57d488e979d74 3986b68500d7704b 702d8f1064ab3e30 c28bc62802b90f82 2a06f5614060e3b6 0bcaac840d5e66d7 39f6296778264878 e25a1da6ca187350 942a7d26d81c841f bd0f175ee98c613e ae94d8435a6847f4 b6d0f83aad4e4dc7 b24820ae14e16a24 622f2e4119882c94 4b8c7061102517ef af8e70f978cd5aee
140,ce0f56b7190c268a 680bb5c5c3bb6ee1 1398b478b71773ed b7d7d9ae1cbe0d8a 63d509cd2a2e0e47 07be6a290720707d 6899956cd6c683f0 9a0f5ee4f845c9b2 0bcaac840d5e66d7 c28bc62802b90f82 702d8f1064ab3e30 3986b68500d7704b 3fa57d488e979d74 ff88049e61f0f4ef 4d7653ea9499eed4 bd713b37b67866c3 fd30682593995748 2a06f5614060e3b6 39f6296778264878 e25a1da6ca187350 c31a456b544a40a8 e0269da736ddf004 734dabb98795c35c 942a7d26d81c841f bd0f175ee98c613e ae94d8435a6847f4 b6d0f83aad4e4dc7 b24820ae14e16a24 622f2e4119882c94 4b8c7061102517ef
141,05f23e7d05dbf7c2 f2234bb7ce0c6f59 0fbd0f422e926816 0d0368139e9a647f 72403ecdfe02bba6 d35e11d3d1ab3c67 33856365c271aea4 a292248bb2bffb3d 73391e0853c1e040 ffa9091747ae2466 b3e75fdca5ca2f1a 52aa48c07b34dc88 1d0f5fdc58e3efb5 81b639b74256b45b 8faeacf8ca08f62d 702d8f1064ab3e30 b24820ae14e16a24 3986b68500d7704b b6d0f83aad4e4dc7 3fa57d488e979d74 ff88049e61f0f4ef c28bc62802b90f82 bd713b37b67866c3 ae94d8435a6847f4 fd30682593995748 2a06f5614060e3b6 39f6296778264878 bd0f175ee98c613e e25a1da6ca187350 e0269da736ddf004
142,b3e75fdca5ca2f1a 9f3d2ca16f358290 fc21db75b354a917 4dba7ce835494a63 b24820ae14e16a24 587e0b2a4811fab1 65708d542bd01f39 04fda7c9d8971ec0 01e5a6edcee7deb0 73f770f2643a2135 8f578001f9d5f543 a5d5ba33b5b1dc95 f9c6286cff30aaa8 8faeacf8ca08f62d a65e30106ea50423 4d32dae7b43c489a 4beacc71024f8b08 eab15ee21e126f6a 48a76e3aff69d605 f29eee8054c061e1 0647acc4602d4e8f 316382267dcd804f 0cd920bad11c716d 238ec735a13a3f09 00d9f8d3f7d412b3 b0b5e62a93a2c37c c810ac016901e8ac 9a439fd1abf95245 e7828f0ea9749505 18b1d2d84c97a364
143,4beacc71024f8b08 46315cf30aaee51c f2234bb7ce0c6f59 0fbd0f422e926816 05f23e7d05dbf7c2 72403ecdfe02bba6 d35e11d3d1ab3c67 0d0368139e9a647f 33856365c271aea4 64267373570e4ea3 a292248bb2bffb3d 316382267dcd804f 0cd920bad11c716d 73391e0853c1e040 40583079f57235a6 ffa9091747ae2466 2901e5309bb3f8f6 238ec735a13a3f09 00d9f8d3f7d412b3 b0b5e62a93a2c37c c810ac016901e8ac 9a439fd1abf95245 e7828f0ea9749505 3ca7964973437917 18b1d2d84c97a364 d64c06baf5ef1c90 39f6296778264878 d1e21234d7cc61d2 af8e70f978cd5aee 4b8c7061102517ef
144,7cea1f637ea3f37d 155600e5f1221f8c 2820628e65a062e2 a017f3358d5327aa 9b2adcf4041227d7 976baf0e84752a68 0cd920bad11c716d 316382267dcd804f 9f3d2ca16f358290 4dba7ce835494a63 587e0b2a4811fab1 fc21db75b354a917 b24820ae14e16a24 8f578001f9d5f543 73f770f2643a2135 01e5a6edcee7deb0 b0b5e62a93a2c37c 238ec735a13a3f09 00d9f8d3f7d412b3 a5d5ba33b5b1dc95 c810ac016901e8ac f9c6286cff30aaa8 9a439fd1abf95245 a65e30106ea50423 e7828f0ea9749505 4d32dae7b43c489a 18b1d2d84c97a364 4beacc71024f8b08 eab15ee21e126f6a 48a76e3aff69d605
145,01ecc81f6341e902 e1460af4a7044067 16b11706660177ff 1ba7a50457e93996 4522ad78bf79f0c9 3c565c1fc2316d16 1d0f5fdc58e3efb5 765c0695339c3abe 6899956cd6c683f0 9a0f5ee4f845c9b2 0bcaac840d5e66d7 c28bc62802b90f82 702d8f1064ab3e30 3986b68500d7704b 3fa57d488e979d74 b6d0f83aad4e4dc7 ae94d8435a6847f4 bd0f175ee98c613e e0269da736ddf004 bd713b37b67866c3 fd30682593995748 2a06f5614060e3b6 942a7d26d81c841f ff88049e61f0f4ef 52370bea1acd0600 47fbe21f5c35c7b4 39f6296778264878 b24820ae14e16a24 622f2e4119882c94 bbbd5d2fd957e8f7
146,35488b3b8b781278 01b3da54ffb158a0 a18df74d3a16e9c0 7d83ffe83f61bdc4 e1460af4a7044067 01ecc81f6341e902 16b11706660177ff 1ba7a50457e93996 dc12cc503ac0eddb d9885881381fd10a 12af6a34778710db b84b6c0b2e4d0306 666bdff4faa513ca 4522ad78bf79f0c9 bbbd5d2fd957e8f7 ee3ed9a3f51336cd d0f6c00eec5eb973 0451447dd64f6284 db0e648651f4c92b 4d9214c0925e5af8 3c565c1fc2316d16 9b0e8cf8153e3b33 8dedff0a79784abc cc0c9419f8a20603 419b5dc40744fb9b 447fc00f40d71d08 0220a434aa8bf029 e14a893f1918277e a492bd402afd5c71 942a7d26d81c841f
147,ae94d8435a6847f4 4beacc71024f8b08 95166957b2c38794 f105a53e5cfae611 81b639b74256b45b 52370bea1acd0600 4d7653ea9499eed4 9a0f5ee4f845c9b2 0bcaac840d5e66d7 c28bc62802b90f82 702d8f1064ab3e30 3986b68500d7704b 3fa57d488e979d74 ff88049e61f0f4ef e0269da736ddf004 47fbe21f5c35c7b4 fd30682593995748 2a06f5614060e3b6 39f6296778264878 e25a1da6ca187350 c31a456b544a40a8 bd713b37b67866c3 e7cad3748e50b0f8 734dabb98795c35c 942a7d26d81c841f bd0f175ee98c613e b6d0f83aad4e4dc7 b24820ae14e16a24 622f2e4119882c94 4b8c7061102517ef
148,10ad13170242ecae 19b4014943e0ad92 64267373570e4ea3 e7dd56376be2cf1c 52370bea1acd0600 4d7653ea9499eed4 9a0f5ee4f845c9b2 0bcaac840d5e66d7 c28bc62802b90f82 702d8f1064ab3e30 3986b68500d7704b 47fbe21f5c35c7b4 ff88049e61f0f4ef e0269da736ddf004 bd713b37b67866c3 fd30682593995748 2a06f5614060e3b6 39f6296778264878 e25a1da6ca187350 c31a456b544a40a8 3fa57d488e979d74 734dabb98795c35c 942a7d26d81c841f bd0f175ee98c613e ae94d8435a6847f4 b6d0f83aad4e4dc7 b24820ae14e16a24 622f2e4119882c94 4b8c7061102517ef bbbd5d2fd957e8f7
149,ba5199dba342af68 fa173131f15f5534 8a5635c748344d47 b1dcaca98bb76736 eff60ceea8817dad a2805ed52b47b8ec 22dc81380cf4baec 2a06f5614060e3b6 f49e13a653cbdad2 bb7515be835dea49 03dfe518713e006c 238de368bb05c0ec 99e833818ec4bbf2 48f93f9c2c699e19 0add47a043c64d7f 88b62355670ec8f8 6899956cd6c683f0 d16da1fb61813db9 8699cc5dd4159b69 d63b7f083330247f edc79e57b20e9036 cc2cc23a98c14c33 3b6d27775fce1c7b b3e75fdca5ca2f1a 52aa48c07b34dc88 1d0f5fdc58e3efb5 8faeacf8ca08f62d 0bcaac840d5e66d7 c28bc62802b90f82 702d8f1064ab3e30
150,b3e75fdca5ca2f1a 52aa48c07b34dc88 1d0f5fdc58e3efb5 8faeacf8ca08f62d 47fbe21f5c35c7b4 52370bea1acd0600 4d7653ea9499eed4 9a0f5ee4f845c9b2 0bcaac840d5e66d7 c28bc62802b90f82 702d8f1064ab3e30 3986b68500d7704b ff88049e61f0f4ef e0269da736ddf004 bd713b37b67866c3 fd30682593995748 2a06f5614060e3b6 39f6296778264878 e25a1da6ca187350 3fa57d488e979d74 0708923badf2ff5d 734dabb98795c35c 942a7d26d81c841f bd0f175ee98c613e ae94d8435a6847f4 b6d0f83aad4e4dc7 b24820ae14e16a24 622f2e4119882c94 e7cad3748e50b0f8 af8e70f978cd5aee
151,eec6b281e236b500 4a5ac473c9d176ba d63b7f083330247f e9c20b67a4c5395f 3c0873ce078d332b 1d72229ebcc00faf b6a1c97f19af78d0 c49d8f84a4f87f8a 8b7c486a910dd004 9c9a9d45c2ea7ddf 2e2904c5373734ae 9cf6709de35bf0f3 00e1e2eb13f650e4 4d7653ea9499eed4 0bcaac840d5e66d7 c28bc62802b90f82 702d8f1064ab3e30 3986b68500d7704b 3fa57d488e979d74 ff88049e61f0f4ef e0269da736ddf004 734dabb98795c35c bd713b37b67866c3 fd30682593995748 2a06f5614060e3b6 39f6296778264878 9a0f5ee4f845c9b2 bd0f175ee98c613e 52370bea1acd0600 bbbd5d2fd957e8f7
152,b3e75fdca5ca2f1a 587e0b2a4811fab1 9f3d2ca16f358290 4dba7ce835494a63 b24820ae14e16a24 fc21db75b354a917 95ecdbff44ad0b60 25145708d494530b 00d9eb862ba3dfc6 8faeacf8ca08f62d 73f770f2643a2135 01e5a6edcee7deb0 8f578001f9d5f543 a5d5ba33b5b1dc95 de8e1345e8c305c4 f9c6286cff30aaa8 a65e30106ea50423 4d32dae7b43c489a af41e2b6da3e7e02 4beacc71024f8b08 3fa57d488e979d74 a853f13216170123 5897953fdf87b60f f2e30efbd27bee51 eab15ee21e126f6a 48a76e3aff69d605 f29eee8054c061e1 b760ebc5f25788d3 27a12f29dceccdbd c6b615b2589e036d
153,fc21db75b354a917 b24820ae14e16a24 587e0b2a4811fab1 4dba7ce835494a63 9f3d2ca16f358290 40583079f57235a6 2901e5309bb3f8f6 73f770f2643a2135 01e5a6edcee7deb0 8f578001f9d5f543 a5d5ba33b5b1dc95 f9c6286cff30aaa8 a65e30106ea50423 3ca7964973437917 4d32dae7b43c489a 4beacc71024f8b08 46315cf30aaee51c eab15ee21e126f6a 48a76e3aff69d605 f29eee8054c061e1 8faeacf8ca08f62d 0647acc4602d4e8f 81b639b74256b45b 6899956cd6c683f0 fd30682593995748 4b8c7061102517ef 2a06f5614060e3b6 39f6296778264878 af8e70f978cd5aee bd713b37b67866c3
154,4fe9e4e55585ba4b 0bcaac840d5e66d7 5b4c879fc9c316fb 01b3da54ffb158a0 a18df74d3a16e9c0 e1460af4a7044067 01ecc81f6341e902 16b11706660177ff 1ba7a50457e93996 dc12cc503ac0eddb d9885881381fd10a b84b6c0b2e4d0306 666bdff4faa513ca 12af6a34778710db 4522ad78bf79f0c9 6899956cd6c683f0 d0f6c00eec5eb973 0451447dd64f6284 4d9214c0925e5af8 3c565c1fc2316d16 9b0e8cf8153e3b33 8dedff0a79784abc cc0c9419f8a20603 419b5dc40744fb9b 447fc00f40d71d08 e14a893f1918277e 4b29fc21f912754d a492bd402afd5c71 942a7d26d81c841f 00e1e2eb13f650e4
155,40583079f57235a6 f705b637f624147e 4d417b203b333363 5b34da30b93eb123 2901e5309bb3f8f6 2359719a0f40ffac 3ca7964973437917 a9eef13786610446 005666aa098abe8e 00140806971e7a73 44d324ebd3e22ad7 c08c3765ac609cc0 d35e11d3d1ab3c67 0d0368139e9a647f 72403ecdfe02bba6 74e59c5820900b17 dac29ed8400b50cc b749972436ac9791 ffa9091747ae2466 fc16a50ff0baec53 0897dcfae16e280f 0eafda717681bbdc f46601a9955f9949 81b639b74256b45b ff88049e61f0f4ef e0269da736ddf004 3986b68500d7704b bd713b37b67866c3 fd30682593995748 2a06f5614060e3b6
156,97d696011258825c 6899956cd6c683f0 c143c095983a65c2 796888cc3443006c 6aac5e116b75aa22 54a11cbcd7a32af4 c28bc62802b90f82 01020d1b0821f4c7 05e4165a56bf50eb d92c0298f76ccf77 4491016efed845f1 393f49286db04aeb e7828f0ea9749505 50cb6a6c60ad711a a9eef13786610446 bd9cd6b87a4fe0ce 2bafd15871caae91 0683b6a78f54be75 bc2552a642ce8497 b3e75fdca5ca2f1a 83f5a9732f0de67f 8566d15270eb5e83 25145708d494530b 95ecdbff44ad0b60 00d9eb862ba3dfc6 366a22fce0614fb8 3b6d27775fce1c7b ae94d8435a6847f4 52aa48c07b34dc88 538c7bb968b2154c
157,aa967ad3c1f65a29 6aefb6531736648a c49d8f84a4f87f8a 1d0f5fdc58e3efb5 2e2904c5373734ae 9cf6709de35bf0f3 e461837f0fb35048 b3e75fdca5ca2f1a 52aa48c07b34dc88 8faeacf8ca08f62d 4d7653ea9499eed4 9a0f5ee4f845c9b2 0bcaac840d5e66d7 c28bc62802b90f82 702d8f1064ab3e30 3986b68500d7704b 3fa57d488e979d74 ff88049e61f0f4ef e0269da736ddf004 bd713b37b67866c3 fd30682593995748 2a06f5614060e3b6 39f6296778264878 52370bea1acd0600 734dabb98795c35c 942a7d26d81c841f bd0f175ee98c613e ae94d8435a6847f4 b6d0f83aad4e4dc7 b24820ae14e16a24
158,6aefb6531736648a aa967ad3c1f65a29 9cf6709de35bf0f3 e461837f0fb35048 cc2cc23a98c14c33 dc12cc503ac0eddb c49d8f84a4f87f8a b84b6c0b2e4d0306 666bdff4faa513ca 12af6a34778710db d9885881381fd10a a9dad59c7055b56c 537a55eda51a3f60 9f4e0d572b1f4e6c 06de3ca1148b088b 4d9214c0925e5af8 d16da1fb61813db9 8dedff0a79784abc 2e2904c5373734ae a677c3a76055a6d2 4577ae048ef1967d 428f9363fa35882d 5048a37f10cf2d91 64907c4568244eb4 d73a65673e3f1d78 cba7e22bb383083a 5057551fc55e9ed2 83f8aca6ee2caabc af8e70f978cd5aee af41e2b6da3e7e02
159,e6a29676c096f8e8 a860b682add9de1c f58ff7f1a6cde683 42a5cae2a3a45557 27a12f29dceccdbd c6b615b2589e036d b760ebc5f25788d3 73f770f2643a2135 8f578001f9d5f543 01e5a6edcee7deb0 9100ea6cd0e084bf 64b31699d7d15934 5d26da95786b3a3a 0195950ce0f47e34 43b3338423d7386c 4d32dae7b43c489a 025a148c3a53bd9f e878efab7c37179e 366a22fce0614fb8 de8e1345e8c305c4 6e12311169bcb24c b3e75fdca5ca2f1a 52aa48c07b34dc88 1f4f62844c3cb99c bc2ae5f4e5d53e00 48cf88c17ff38c5e 3734d3b0b9232538 4bed80e56ea2e099 853e36b1550c6274 e22c35101e190db9
160,e1460af4a7044067 01ecc81f6341e902 16b11706660177ff 1ba7a50457e93996 4522ad78bf79f0c9 3c565c1fc2316d16 1d0f5fdc58e3efb5 81b639b74256b45b 765c0695339c3abe 52370bea1acd0600 4d7653ea9499eed4 9a0f5ee4f845c9b2 0bcaac840d5e66d7 c28bc62802b90f82 702d8f1064ab3e30 3986b68500d7704b 47fbe21f5c35c7b4 ff88049e61f0f4ef e0269da736ddf004 bd713b37b67866c3 fd30682593995748 39f6296778264878 3fa57d488e979d74 734dabb98795c35c 942a7d26d81c841f bd0f175ee98c613e ae94d8435a6847f4 b6d0f83aad4e4dc7 b24820ae14e16a24 622f2e4119882c94
161,a9dad59c7055b56c b3e75fdca5ca2f1a 52aa48c07b34dc88 8faeacf8ca08f62d da011b87595c1019 5f94b027039f4e48 70ebf53ced736fa4 a76ffccd2f5df1a7 50cb6a6c60ad711a 1d0f5fdc58e3efb5 0683b6a78f54be75 ca43e349133fc0e3 d6bbbd6c4968075a 4f915ad69e1dca36 ebfda3b48083e390 8dedff0a79784abc 98dbd15aa33ebc18 ad06e9eeea8eb4ea e9c20b67a4c5395f c143c095983a65c2 fc21db75b354a917 9f3d2ca16f358290 4dba7ce835494a63 587e0b2a4811fab1 b24820ae14e16a24 b6a1c97f19af78d0 d257d1fbcf43abd5 58654e3143c6550b 52370bea1acd0600 8f578001f9d5f543
162,b8e2f75014710ced e5fb8dc5c9cb4a19 ce0f56b7190c268a b7d7d9ae1cbe0d8a 52370bea1acd0600 4d7653ea9499eed4 9a0f5ee4f845c9b2 0bcaac840d5e66d7 c28bc62802b90f82 702d8f1064ab3e30 3986b68500d7704b 47fbe21f5c35c7b4 ff88049e61f0f4ef e0269da736ddf004 bd713b37b67866c3 fd30682593995748 2a06f5614060e3b6 39f6296778264878 e25a1da6ca187350 3fa57d488e979d74 0708923badf2ff5d 734dabb98795c35c 942a7d26d81c841f bd0f175ee98c613e ae94d8435a6847f4 b6d0f83aad4e4dc7 b24820ae14e16a24 622f2e4119882c94 bbbd5d2fd957e8f7 af8e70f978cd5aee
163,898a4921ab9f4cce 48a76e3aff69d605 00e1e2eb13f650e4 b3e75fdca5ca2f1a 52aa48c07b34dc88 1d0f5fdc58e3efb5 8faeacf8ca08f62d 4d7653ea9499eed4 52370bea1acd0600 9a0f5ee4f845c9b2 0bcaac840d5e66d7 c28bc62802b90f82 702d8f1064ab3e30 3986b68500d7704b 3fa57d488e979d74 ff88049e61f0f4ef 39f6296778264878 e0269da736ddf004 bd713b37b67866c3 fd30682593995748 2a06f5614060e3b6 e25a1da6ca187350 0708923badf2ff5d 734dabb98795c35c 942a7d26d81c841f bd0f175ee98c613e ae94d8435a6847f4 b6d0f83aad4e4dc7 b24820ae14e16a24 622f2e4119882c94
164,22e8d6734e4121ae 4105533fe46dfba9 64267373570e4ea3 04886579947a80c2 6cb9ab508a0678a0 bc2552a642ce8497 09bbaa171c20bae3 a52df8083c238c46 39075e303166355e 059bbdbdb843af6a 0195950ce0f47e34 005666aa098abe8e 07f22a7ad7e4711d f6d23cdd2359f7c0 0079f3c74309b582 5989fb934598c1a7 0bcaac840d5e66d7 c28bc62802b90f82 702d8f1064ab3e30 3986b68500d7704b 3fa57d488e979d74 ff88049e61f0f4ef 9a0f5ee4f845c9b2 bd713b37b67866c3 fd30682593995748 2a06f5614060e3b6 39f6296778264878 e25a1da6ca187350 c31a456b544a40a8 f58ff7f1a6cde683
165,33856365c271aea4 5879096a38d69fc5 d5952b2e031c4e7e a292248bb2bffb3d ffa9091747ae2466 061f3e1feeaa3094 01020d1b0821f4c7 40583079f57235a6 680bb5c5c3bb6ee1 fb2ebcb5335ad2e2 b9d966ad9e04127a ced9c56f2be86774 bfb8032f2183d471 b69ce8b8154645f8 83f8f2fc471cad74 acae1d29289b1266 10ad13170242ecae bd9cd6b87a4fe0ce db69d4cbfef8d22f 2901e5309bb3f8f6 e740c80fce094788 0eafda717681bbdc 7155e5a86136eb02 46315cf30aaee51c 0fbd0f422e926816 f2234bb7ce0c6f59 05f23e7d05dbf7c2 8b7c486a910dd004 d35e11d3d1ab3c67 72403ecdfe02bba6
166,74ae9af23a383bf5 ae000f9d0b5e104e b69ce8b8154645f8 576dd429db946393 8e0cc5199a0ee659 81b639b74256b45b 9f3d2ca16f358290 4dba7ce835494a63 587e0b2a4811fab1 b24820ae14e16a24 fc21db75b354a917 01e5a6edcee7deb0 73f770f2643a2135 8f578001f9d5f543 a5d5ba33b5b1dc95 f9c6286cff30aaa8 a65e30106ea50423 4d32dae7b43c489a 4beacc71024f8b08 eab15ee21e126f6a 48a76e3aff69d605 f29eee8054c061e1 8faeacf8ca08f62d 0647acc4602d4e8f 6899956cd6c683f0 39f6296778264878 4b8c7061102517ef 2a06f5614060e3b6 fd30682593995748 bd713b37b67866c3
167,c08c3765ac609cc0 0cd920bad11c716d 316382267dcd804f 74e59c5820900b17 dac29ed8400b50cc 4d417b203b333363 f705b637f624147e 5b34da30b93eb123 238ec735a13a3f09 00d9f8d3f7d412b3 b0b5e62a93a2c37c c810ac016901e8ac 9a439fd1abf95245 b749972436ac9791 64267373570e4ea3 2359719a0f40ffac e7828f0ea9749505 18b1d2d84c97a364 a9eef13786610446 0eafda717681bbdc f46601a9955f9949 005666aa098abe8e d64c06baf5ef1c90 39f6296778264878 44d324ebd3e22ad7 1d0f5fdc58e3efb5 d1e21234d7cc61d2 b3e75fdca5ca2f1a 52aa48c07b34dc88 8faeacf8ca08f62d
168,65ad9c583823162d e0269da736ddf004 2394b08708475900 6aefb6531736648a b3e75fdca5ca2f1a 52aa48c07b34dc88 1d0f5fdc58e3efb5 8faeacf8ca08f62d ff88049e61f0f4ef 3fa57d488e979d74 bd713b37b67866c3 3986b68500d7704b fd30682593995748 702d8f1064ab3e30 c28bc62802b90f82 0bcaac840d5e66d7 9a0f5ee4f845c9b2 4d7653ea9499eed4 52370bea1acd0600 2a06f5614060e3b6 47fbe21f5c35c7b4 0708923badf2ff5d 734dabb98795c35c 942a7d26d81c841f bd0f175ee98c613e ae94d8435a6847f4 b6d0f83aad4e4dc7 b24820ae14e16a24 622f2e4119882c94 39f6296778264878
169,43c354dbf952caaa e1460af4a7044067 01ecc81f6341e902 16b11706660177ff 1ba7a50457e93996 4522ad78bf79f0c9 3c565c1fc2316d16 cc2cc23a98c14c33 765c0695339c3abe d1e21234d7cc61d2 4d7653ea9499eed4 9a0f5ee4f845c9b2 0bcaac840d5e66d7 c28bc62802b90f82 702d8f1064ab3e30 52370bea1acd0600 3fa57d488e979d74 ff88049e61f0f4ef e0269da736ddf004 bd713b37b67866c3 fd30682593995748 39f6296778264878 3986b68500d7704b 942a7d26d81c841f bd0f175ee98c613e ae94d8435a6847f4 b6d0f83aad4e4dc7 b24820ae14e16a24 622f2e4119882c94 4b8c7061102517ef
170,b749972436ac9791 dac29ed8400b50cc 74e59c5820900b17 f46601a9955f9949 585f4ee09d8fea46 c08c3765ac609cc0 0eafda717681bbdc 3fa57d488e979d74 2359719a0f40ffac db0e648651f4c92b 622f2e4119882c94 35488b3b8b781278 dc576af4ae66e25e 42a5cae2a3a45557 b760ebc5f25788d3 c6b615b2589e036d 27a12f29dceccdbd acae1d29289b1266 1ba7a50457e93996 16b11706660177ff 9100ea6cd0e084bf 64b31699d7d15934 2901e5309bb3f8f6 87c5481930cfe126 538c7bb968b2154c 3c565c1fc2316d16 05f23e7d05dbf7c2 0fbd0f422e926816 f2234bb7ce0c6f59 f705b637f624147e
171,fc21db75b354a917 b24820ae14e16a24 587e0b2a4811fab1 4dba7ce835494a63 9f3d2ca16f358290 34a62e66e05f9a44 73f770f2643a2135 01e5a6edcee7deb0 8f578001f9d5f543 a5d5ba33b5b1dc95 f9c6286cff30aaa8 a65e30106ea50423 4d32dae7b43c489a 4beacc71024f8b08 eab15ee21e126f6a 48a76e3aff69d605 f29eee8054c061e1 8faeacf8ca08f62d 0647acc4602d4e8f 6899956cd6c683f0 3fa57d488e979d74 4b8c7061102517ef af8e70f978cd5aee e0269da736ddf004 622f2e4119882c94 bd713b37b67866c3 fd30682593995748 b6d0f83aad4e4dc7 2a06f5614060e3b6 39f6296778264878
172,63d95d5977c2fe98 40583079f57235a6 4577ae048ef1967d 2901e5309bb3f8f6 af41e2b6da3e7e02 4b05967001421eab 3a6e7894dde31c67 3ca7964973437917 90ecb28f2edb9d43 cea18be9a89d7a81 09660f466b38b7ba 77e2f7da1f9d3a8f abf90e759d208468 b3ad55963554f220 b6cdb608f640e038 a14394322cf7043d 59bf6d6df9146d60 016da874bd04df55 0772e3ab293a1f30 0db6584e3bdfa1c4 54f55c74d37db3c0 395b26d91f98bd92 1c3b74a02a86467d 0f4c71d341e2d939 455fde214d16d350 49224aca40e6e5e3 9113e9dc940fb287 b78189788d563693 24e582daf6f87158 fab14d178b24a67f
173,4beacc71024f8b08 ae94d8435a6847f4 285657fcdf89f00d 95166957b2c38794 587e0b2a4811fab1 b24820ae14e16a24 9f3d2ca16f358290 4dba7ce835494a63 fc21db75b354a917 f105a53e5cfae611 73f770f2643a2135 01e5a6edcee7deb0 8f578001f9d5f543 a5d5ba33b5b1dc95 f9c6286cff30aaa8 a65e30106ea50423 4d32dae7b43c489a eab15ee21e126f6a 48a76e3aff69d605 f29eee8054c061e1 8faeacf8ca08f62d 0647acc4602d4e8f 81b639b74256b45b fd30682593995748 bd713b37b67866c3 2a06f5614060e3b6 e0269da736ddf004 ff88049e61f0f4ef 3fa57d488e979d74 3986b68500d7704b
174,00140806971e7a73 0d0368139e9a647f 72403ecdfe02bba6 d35e11d3d1ab3c67 5b34da30b93eb123 f705b637f624147e 4d417b203b333363 2359719a0f40ffac a9eef13786610446 ffa9091747ae2466 005666aa098abe8e fc16a50ff0baec53 0897dcfae16e280f 44d324ebd3e22ad7 b3e75fdca5ca2f1a 52aa48c07b34dc88 1d0f5fdc58e3efb5 8faeacf8ca08f62d 2a06f5614060e3b6 fd30682593995748 39f6296778264878 bd713b37b67866c3 e0269da736ddf004 ff88049e61f0f4ef e25a1da6ca187350 c31a456b544a40a8 3fa57d488e979d74 3986b68500d7704b b6d0f83aad4e4dc7 b24820ae14e16a24
175,3a6e7894dde31c67 c08c3765ac609cc0 413c55a5ab86881a a0566ca9daca7778 f25bfcffedaccf28 5fb2d8e734956af0 72c2a95813ea72bd b0bfe0f426275870 daa257a37227cd72 ac9ee0c09b538140 27bc34b9887bec0d d0f6c00eec5eb973 0451447dd64f6284 520ec719078be07c b29ab87af6ea6310 83b911ff0ff45844 feddfcf56818968e ebfda3b48083e390 0a79fabc6f5d93c9 83f8f2fc471cad74 939a1f686ea36c05 5d26da95786b3a3a 6204e398d8c7f888 055d895a3b26e466 5430097e23000368 04fda7c9d8971ec0 b749972436ac9791 2359719a0f40ffac 07be6a290720707d 589ef345cb2dccfc
176,7cea1f637ea3f37d 155600e5f1221f8c cb3e4ce97e7f2881 2820628e65a062e2 d1e21234d7cc61d2 b6e72edcad270be0 81b639b74256b45b 1fe79c7de59ff6c6 72c2a95813ea72bd 0e45c4c185f35df6 4522ad78bf79f0c9 0451447dd64f6284 d0f6c00eec5eb973 0f33ce8d8014f308 50806199c80e215c 9f4e0d572b1f4e6c 4d9214c0925e5af8 c36c2dce0e6e434f 2e031d83339759b2 a017f3358d5327aa 702d8f1064ab3e30 4b29fc21f912754d a492bd402afd5c71 942a7d26d81c841f 5867d40811c0229f ae77487a89f2610c 148ac4a56a18844d 5b4c879fc9c316fb 9c9a9d45c2ea7ddf ae94d8435a6847f4
177,0d0368139e9a647f 72403ecdfe02bba6 d35e11d3d1ab3c67 ffa9091747ae2466 00140806971e7a73 5b34da30b93eb123 4d417b203b333363 f705b637f624147e 05f23e7d05dbf7c2 f2234bb7ce0c6f59 0fbd0f422e926816 2359719a0f40ffac a9eef13786610446 33856365c271aea4 64267373570e4ea3 a292248bb2bffb3d 005666aa098abe8e fc16a50ff0baec53 0897dcfae16e280f 73391e0853c1e040 44d324ebd3e22ad7 b3e75fdca5ca2f1a 52aa48c07b34dc88 1d0f5fdc58e3efb5 8faeacf8ca08f62d 622f2e4119882c94 2a06f5614060e3b6 39f6296778264878 af8e70f978cd5aee fd30682593995748
178,781aaf62a955e4e8 81b639b74256b45b a982b5c3aed39396 b26d8664feb18c8c 6406fcdb7d87b5dc c96049ed915ced0a 48a76e3aff69d605 0220a434aa8bf029 63d95d5977c2fe98 e740c80fce094788 64907c4568244eb4 fc16a50ff0baec53 6cb9ab508a0678a0 486dd77002936dec 5ebb4d2f5f1c1f13 52e459a551d4ac2d e7dd56376be2cf1c 4dba7ce835494a63 b24820ae14e16a24 fc21db75b354a917 9f3d2ca16f358290 587e0b2a4811fab1 73f770f2643a2135 8f578001f9d5f543 01e5a6edcee7deb0 a5d5ba33b5b1dc95 f9c6286cff30aaa8 a65e30106ea50423 4d32dae7b43c489a 4beacc71024f8b08
179,1f423f368aebf7f3 26140b225c4f8d3f 65708d542bd01f39 52370bea1acd0600 4d7653ea9499eed4 9a0f5ee4f845c9b2 0bcaac840d5e66d7 c28bc62802b90f82 c31a456b544a40a8 3986b68500d7704b 3fa57d488e979d74 ff88049e61f0f4ef e0269da736ddf004 bd713b37b67866c3 fd30682593995748 2a06f5614060e3b6 39f6296778264878 e25a1da6ca187350 702d8f1064ab3e30 e7cad3748e50b0f8 0708923badf2ff5d 734dabb98795c35c 942a7d26d81c841f bd0f175ee98c613e ae94d8435a6847f4 b6d0f83aad4e4dc7 b24820ae14e16a24 622f2e4119882c94 47fbe21f5c35c7b4 af8e70f978cd5aee
180,b3e75fdca5ca2f1a 52aa48c07b34dc88 1d0f5fdc58e3efb5 8faeacf8ca08f62d 47fbe21f5c35c7b4 52370bea1acd0600 4d7653ea9499eed4 9a0f5ee4f845c9b2 0bcaac840d5e66d7 c28bc62802b90f82 702d8f1064ab3e30 3986b68500d7704b ff88049e61f0f4ef e0269da736ddf004 bd713b37b67866c3 fd30682593995748 2a06f5614060e3b6 39f6296778264878 e25a1da6ca187350 3fa57d488e979d74 0708923badf2ff5d 734dabb98795c35c 942a7d26d81c841f bd0f175ee98c613e ae94d8435a6847f4 b6d0f83aad4e4dc7 b24820ae14e16a24 622f2e4119882c94 e7cad3748e50b0f8 af8e70f978cd5aee
181,5b4c879fc9c316fb 366a22fce0614fb8 de8e1345e8c305c4 4bed80e56ea2e099 636224e349e561bf 4f2fffd7528de786 1f4f62844c3cb99c bc2ae5f4e5d53e00 26fc2a95df5659c2 853e36b1550c6274 3734d3b0b9232538 e22c35101e190db9 d7d937303a6d5a9d 8fc68213b63951dc 48cf88c17ff38c5e a860b682add9de1c f58ff7f1a6cde683 e6a29676c096f8e8 27a12f29dceccdbd b760ebc5f25788d3 c6b615b2589e036d 42a5cae2a3a45557 73f770f2643a2135 8f578001f9d5f543 01e5a6edcee7deb0 64b31699d7d15934 9100ea6cd0e084bf a5d5ba33b5b1dc95 ecb768ef6fd223ca 3d6880bd12f6613f
182,9f27aa36c1ea793c 0b774cf90856c4da d6ed7e4b14c51296 47fbe21f5c35c7b4 52370bea1acd0600 4d7653ea9499eed4 9a0f5ee4f845c9b2 0bcaac840d5e66d7 c28bc62802b90f82 702d8f1064ab3e30 3986b68500d7704b c31a456b544a40a8 ff88049e61f0f4ef e0269da736ddf004 bd713b37b67866c3 fd30682593995748 2a06f5614060e3b6 39f6296778264878 e25a1da6ca187350 3fa57d488e979d74 e7cad3748e50b0f8 0708923badf2ff5d 734dabb98795c35c 942a7d26d81c841f bd0f175ee98c613e ae94d8435a6847f4 b6d0f83aad4e4dc7 b24820ae14e16a24 bbbd5d2fd957e8f7 4b8c7061102517ef
183,29bedd00fb2be056 455fde214d16d350 33856365c271aea4 5989fb934598c1a7 07f22a7ad7e4711d 25a3b47fe31bc6b5 ddb3810e0289c148 387e9cd2e5d4ea7d ebfda3b48083e390 42c9b72cc77dcb28 025a148c3a53bd9f c5830f9d0f1e29e5 7155e5a86136eb02 65708d542bd01f39 57113c2a4cacd961 4d954d933e606b70 095bb1b6ecbd0a50 8643165b0f53df11 3ca7964973437917 eff60ceea8817dad 1f423f368aebf7f3 26fc2a95df5659c2 855f2f0354e102c7 63d95d5977c2fe98 7ee52d2519eea367 44d324ebd3e22ad7 1398b478b71773ed 4d417b203b333363 587e0b2a4811fab1 b6a1c97f19af78d0
184,81b639b74256b45b 47fbe21f5c35c7b4 52370bea1acd0600 4d7653ea9499eed4 9a0f5ee4f845c9b2 0bcaac840d5e66d7 c28bc62802b90f82 702d8f1064ab3e30 3986b68500d7704b bbbd5d2fd957e8f7 ff88049e61f0f4ef e0269da736ddf004 bd713b37b67866c3 fd30682593995748 2a06f5614060e3b6 39f6296778264878 e25a1da6ca187350 c31a456b544a40a8 3fa57d488e979d74 e7cad3748e50b0f8 0708923badf2ff5d 734dabb98795c35c 942a7d26d81c841f bd0f175ee98c613e ae94d8435a6847f4 b6d0f83aad4e4dc7 b24820ae14e16a24 cea18be9a89d7a81 4b8c7061102517ef af8e70f978cd5aee
185,74ae9af23a383bf5 ae000f9d0b5e104e b69ce8b8154645f8 576dd429db946393 047769588be1aea9 351c9da399c2b915 46315cf30aaee51c 74244a8703c03720 8e0cc5199a0ee659 64c2e323906b42d3 81b639b74256b45b bbbd5d2fd957e8f7 52370bea1acd0600 4d7653ea9499eed4 9a0f5ee4f845c9b2 0bcaac840d5e66d7 c28bc62802b90f82 702d8f1064ab3e30 3986b68500d7704b 3fa57d488e979d74 ff88049e61f0f4ef e0269da736ddf004 bd713b37b67866c3 2a06f5614060e3b6 47fbe21f5c35c7b4 0708923badf2ff5d 942a7d26d81c841f bd0f175ee98c613e ae94d8435a6847f4 b6d0f83aad4e4dc7
186,680bb5c5c3bb6ee1 1398b478b71773ed ce0f56b7190c268a 63d509cd2a2e0e47 07be6a290720707d b3e75fdca5ca2f1a 9a0f5ee4f845c9b2 0bcaac840d5e66d7 c28bc62802b90f82 702d8f1064ab3e30 3986b68500d7704b 3fa57d488e979d74 ff88049e61f0f4ef e0269da736ddf004 4d7653ea9499eed4 fd30682593995748 2a06f5614060e3b6 39f6296778264878 e25a1da6ca187350 c31a456b544a40a8 f58ff7f1a6cde683 bd713b37b67866c3 734dabb98795c35c 942a7d26d81c841f bd0f175ee98c613e ae94d8435a6847f4 b6d0f83aad4e4dc7 b24820ae14e16a24 622f2e4119882c94 4b8c7061102517ef
187,7f29daa16b9b4cda 9ab90dfc5c9b0b37 ce8cb4351b8c0f6e 04886579947a80c2 00e1e2eb13f650e4 47fbe21f5c35c7b4 52370bea1acd0600 4d7653ea9499eed4 9a0f5ee4f845c9b2 0bcaac840d5e66d7 c28bc62802b90f82 702d8f1064ab3e30 bbbd5d2fd957e8f7 3fa57d488e979d74 ff88049e61f0f4ef e0269da736ddf004 bd713b37b67866c3 fd30682593995748 2a06f5614060e3b6 39f6296778264878 3986b68500d7704b e7cad3748e50b0f8 0708923badf2ff5d 734dabb98795c35c 942a7d26d81c841f bd0f175ee98c613e ae94d8435a6847f4 b6d0f83aad4e4dc7 b24820ae14e16a24 5fb2d8e734956af0
188,46315cf30aaee51c 47fbe21f5c35c7b4 52370bea1acd0600 4d7653ea9499eed4 9a0f5ee4f845c9b2 0bcaac840d5e66d7 c28bc62802b90f82 702d8f1064ab3e30 3986b68500d7704b 059bbdbdb843af6a ff88049e61f0f4ef e0269da736ddf004 bd713b37b67866c3 fd30682593995748 2a06f5614060e3b6 39f6296778264878 e25a1da6ca187350 c31a456b544a40a8 3fa57d488e979d74 e7cad3748e50b0f8 0708923badf2ff5d 734dabb98795c35c 942a7d26d81c841f bd0f175ee98c613e ae94d8435a6847f4 b6d0f83aad4e4dc7 b24820ae14e16a24 bbbd5d2fd957e8f7 4b8c7061102517ef af8e70f978cd5aee
189,74873b42602d8958 bbbd5d2fd957e8f7 47fbe21f5c35c7b4 52370bea1acd0600 4d7653ea9499eed4 9a0f5ee4f845c9b2 0bcaac840d5e66d7 c28bc62802b90f82 702d8f1064ab3e30 e36475c1af5ea3ab 3fa57d488e979d74 ff88049e61f0f4ef e0269da736ddf004 bd713b37b67866c3 fd30682593995748 2a06f5614060e3b6 39f6296778264878 e25a1da6ca187350 3986b68500d7704b e7cad3748e50b0f8 0708923badf2ff5d 734dabb98795c35c 942a7d26d81c841f bd0f175ee98c613e ae94d8435a6847f4 b6d0f83aad4e4dc7 b24820ae14e16a24 cea18be9a89d7a81 4b8c7061102517ef af8e70f978cd5aee
190,5bf89d11a25121d9 00958a140c3a6de8 9b2adcf4041227d7 976baf0e84752a68 47fbe21f5c35c7b4 4d7653ea9499eed4 9a0f5ee4f845c9b2 0bcaac840d5e66d7 c28bc62802b90f82 702d8f1064ab3e30 3986b68500d7704b 3fa57d488e979d74 ff88049e61f0f4ef e0269da736ddf004 bd713b37b67866c3 fd30682593995748 2a06f5614060e3b6 8e0cc5199a0ee659 52370bea1acd0600 0708923badf2ff5d 734dabb98795c35c 942a7d26d81c841f bd0f175ee98c613e ae94d8435a6847f4 b6d0f83aad4e4dc7 b24820ae14e16a24 622f2e4119882c94 39f6296778264878 af8e70f978cd5aee 5ebb4d2f5f1c1f13
191,0647acc4602d4e8f b3e75fdca5ca2f1a 52aa48c07b34dc88 1d0f5fdc58e3efb5 6899956cd6c683f0 8faeacf8ca08f62d 39f6296778264878 52370bea1acd0600 4d7653ea9499eed4 9a0f5ee4f845c9b2 0bcaac840d5e66d7 c28bc62802b90f82 702d8f1064ab3e30 3fa57d488e979d74 ff88049e61f0f4ef e0269da736ddf004 bd713b37b67866c3 fd30682593995748 2a06f5614060e3b6 3986b68500d7704b 0708923badf2ff5d 734dabb98795c35c 942a7d26d81c841f bd0f175ee98c613e ae94d8435a6847f4 b6d0f83aad4e4dc7 b24820ae14e16a24 622f2e4119882c94 4b8c7061102517ef e25a1da6ca187350
192,0b774cf90856c4da 451e7ba901ad661d 537a55eda51a3f60 a84cd36608cb8665 d6ed7e4b14c51296 6899956cd6c683f0 47fbe21f5c35c7b4 52370bea1acd0600 4d7653ea9499eed4 9a0f5ee4f845c9b2 0bcaac840d5e66d7 c28bc62802b90f82 bbbd5d2fd957e8f7 3986b68500d7704b 3fa57d488e979d74 ff88049e61f0f4ef e0269da736ddf004 bd713b37b67866c3 fd30682593995748 2a06f5614060e3b6 e25a1da6ca187350 702d8f1064ab3e30 e7cad3748e50b0f8 0708923badf2ff5d 734dabb98795c35c 942a7d26d81c841f bd0f175ee98c613e ae94d8435a6847f4 b6d0f83aad4e4dc7 b24820ae14e16a24
193,0195950ce0f47e34 005666aa098abe8e 0079f3c74309b582 1fe79c7de59ff6c6 ca43e349133fc0e3 2e4b00c01d58e79e 377c1150c781e37a ce8cb4351b8c0f6e 204ec91c39d1479d 4f31209941bb05fc bd713b37b67866c3 bf3ccaba4a3450a8 172bc0ee09332ae9 28403e62105b00f6 4577ae048ef1967d 6899956cd6c683f0 7eec211cc37a1b05 cb3e4ce97e7f2881 af8e70f978cd5aee 83f8aca6ee2caabc cba7e22bb383083a 5057551fc55e9ed2 af41e2b6da3e7e02 d5805cdb9e8f0f48 7f95168400948588 0f4c71d341e2d939 395b26d91f98bd92 455fde214d16d350 fab14d178b24a67f 49224aca40e6e5e3
194,0b774cf90856c4da fd30682593995748 a1314cd417504572 d6ed7e4b14c51296 64907c4568244eb4 28a2067685cb3e97 5430097e23000368 8566d15270eb5e83 238ec735a13a3f09 b0b5e62a93a2c37c 00d9f8d3f7d412b3 bbbd5d2fd957e8f7 ee3ed9a3f51336cd 5989fb934598c1a7 6461a9faa871b3ac 52e459a551d4ac2d 81b639b74256b45b 6899956cd6c683f0 9a0f5ee4f845c9b2 3fa57d488e979d74 3986b68500d7704b 702d8f1064ab3e30 ff88049e61f0f4ef e0269da736ddf004 bd713b37b67866c3 c28bc62802b90f82 0bcaac840d5e66d7 2a06f5614060e3b6 39f6296778264878 e25a1da6ca187350
195,155600e5f1221f8c 7cea1f637ea3f37d 2820628e65a062e2 a017f3358d5327aa 898a4921ab9f4cce b3e75fdca5ca2f1a 52aa48c07b34dc88 1d0f5fdc58e3efb5 81b639b74256b45b 8faeacf8ca08f62d 47fbe21f5c35c7b4 52370bea1acd0600 4d7653ea9499eed4 9a0f5ee4f845c9b2 0bcaac840d5e66d7 c28bc62802b90f82 bbbd5d2fd957e8f7 3986b68500d7704b 3fa57d488e979d74 ff88049e61f0f4ef e0269da736ddf004 bd713b37b67866c3 fd30682593995748 702d8f1064ab3e30 e7cad3748e50b0f8 0708923badf2ff5d 734dabb98795c35c 942a7d26d81c841f bd0f175ee98c613e ae94d8435a6847f4
196,0b774cf90856c4da 976baf0e84752a68 9b2adcf4041227d7 d6ed7e4b14c51296 0cd920bad11c716d 316382267dcd804f 238ec735a13a3f09 b0b5e62a93a2c37c 00d9f8d3f7d412b3 c810ac016901e8ac 9a439fd1abf95245 e7828f0ea9749505 18b1d2d84c97a364 d64c06baf5ef1c90 39f6296778264878 d1e21234d7cc61d2 b3e75fdca5ca2f1a 52aa48c07b34dc88 1d0f5fdc58e3efb5 8faeacf8ca08f62d 3986b68500d7704b 702d8f1064ab3e30 3fa57d488e979d74 ff88049e61f0f4ef e0269da736ddf004 c28bc62802b90f82 bd713b37b67866c3 fd30682593995748 2a06f5614060e3b6 e25a1da6ca187350
197,65254e0d209fd66e d980375fbd40c75f 44d324ebd3e22ad7 c03b11a0cdc3fa39 4d7653ea9499eed4 9a0f5ee4f845c9b2 0bcaac840d5e66d7 c28bc62802b90f82 702d8f1064ab3e30 3986b68500d7704b 3fa57d488e979d74 ff88049e61f0f4ef e0269da736ddf004 bd713b37b67866c3 fd30682593995748 2a06f5614060e3b6 39f6296778264878 e25a1da6ca187350 c31a456b544a40a8 52370bea1acd0600 e7cad3748e50b0f8 734dabb98795c35c 942a7d26d81c841f bd0f175ee98c613e ae94d8435a6847f4 b6d0f83aad4e4dc7 b24820ae14e16a24 622f2e4119882c94 47fbe21f5c35c7b4 af8e70f978cd5aee
198,65708d542bd01f39 65ad9c583823162d e0269da736ddf004 2394b08708475900 6aefb6531736648a 40583079f57235a6 2901e5309bb3f8f6 3ca7964973437917 81b639b74256b45b 6899956cd6c683f0 bbbd5d2fd957e8f7 47fbe21f5c35c7b4 52370bea1acd0600 4d7653ea9499eed4 9a0f5ee4f845c9b2 c28bc62802b90f82 702d8f1064ab3e30 3986b68500d7704b 3fa57d488e979d74 ff88049e61f0f4ef bd713b37b67866c3 fd30682593995748 39f6296778264878 0bcaac840d5e66d7 0708923badf2ff5d 734dabb98795c35c 942a7d26d81c841f bd0f175ee98c613e ae94d8435a6847f4 b6d0f83aad4e4dc7
199,c08c3765ac609cc0 dac29ed8400b50cc 74e59c5820900b17 f705b637f624147e 5b34da30b93eb123 4d417b203b333363 b749972436ac9791 2359719a0f40ffac a9eef13786610446 0eafda717681bbdc f46601a9955f9949 005666aa098abe8e 44d324ebd3e22ad7 955e465ce0788ea6 0f33ce8d8014f308 f48d0fbea7dc2782 8e0760918e88e4a9 db69d4cbfef8d22f d6ed7e4b14c51296 4577ae048ef1967d af8e70f978cd5aee 83f8aca6ee2caabc cba7e22bb383083a 5057551fc55e9ed2 af41e2b6da3e7e02 0079f3c74309b582 b78189788d563693 0db6584e3bdfa1c4 455fde214d16d350 fab14d178b24a67f
200,ae94d8435a6847f4 d1e21234d7cc61d2 680bb5c5c3bb6ee1 ca43e349133fc0e3 d6bbbd6c4968075a 4beacc71024f8b08 7c8324ce28ffb96e 4f915ad69e1dca36 ebfda3b48083e390 1398b478b71773ed 48a76e3aff69d605 8dedff0a79784abc 81b639b74256b45b ce0f56b7190c268a ad06e9eeea8eb4ea 98dbd15aa33ebc18 e9c20b67a4c5395f c143c095983a65c2 95166957b2c38794 b6a1c97f19af78d0 d257d1fbcf43abd5 58654e3143c6550b 52370bea1acd0600 f105a53e5cfae611 63d509cd2a2e0e47 07be6a290720707d 35488b3b8b781278 b3e75fdca5ca2f1a 52aa48c07b34dc88 1d0f5fdc58e3efb5
201,5547f9f1638ac345 b3e75fdca5ca2f1a a9dad59c7055b56c e1460af4a7044067 01ecc81f6341e902 16b11706660177ff 1ba7a50457e93996 4522ad78bf79f0c9 3c565c1fc2316d16 765c0695339c3abe d1e21234d7cc61d2 52aa48c07b34dc88 1d0f5fdc58e3efb5 8faeacf8ca08f62d 52370bea1acd0600 4d7653ea9499eed4 9a0f5ee4f845c9b2 0bcaac840d5e66d7 c28bc62802b90f82 3986b68500d7704b 3fa57d488e979d74 ff88049e61f0f4ef e0269da736ddf004 fd30682593995748 702d8f1064ab3e30 0708923badf2ff5d 942a7d26d81c841f bd0f175ee98c613e ae94d8435a6847f4 b6d0f83aad4e4dc7
202,cc2cc23a98c14c33 6899956cd6c683f0 00e1e2eb13f650e4 b3e75fdca5ca2f1a 25145708d494530b 95ecdbff44ad0b60 00d9eb862ba3dfc6 366a22fce0614fb8 3b6d27775fce1c7b ae94d8435a6847f4 52aa48c07b34dc88 538c7bb968b2154c 87c5481930cfe126 4b05967001421eab 2a06f5614060e3b6 8a5635c748344d47 a2805ed52b47b8ec 22dc81380cf4baec fa173131f15f5534 b1dcaca98bb76736 f49e13a653cbdad2 eff60ceea8817dad 95d25d38ba7df9c7 b2ee9eea2d974c90 a982b5c3aed39396 e6a29676c096f8e8 f58ff7f1a6cde683 a860b682add9de1c 3a6e7894dde31c67 59bf6d6df9146d60
203,9b2adcf4041227d7 976baf0e84752a68 e7dd56376be2cf1c 81b639b74256b45b 47fbe21f5c35c7b4 4d7653ea9499eed4 9a0f5ee4f845c9b2 0bcaac840d5e66d7 c28bc62802b90f82 702d8f1064ab3e30 3986b68500d7704b 3fa57d488e979d74 ff88049e61f0f4ef e0269da736ddf004 bd713b37b67866c3 fd30682593995748 2a06f5614060e3b6 39f6296778264878 c31a456b544a40a8 52370bea1acd0600 734dabb98795c35c 942a7d26d81c841f bd0f175ee98c613e ae94d8435a6847f4 b6d0f83aad4e4dc7 b24820ae14e16a24 622f2e4119882c94 4b8c7061102517ef e25a1da6ca187350 5ebb4d2f5f1c1f13
204,4522ad78bf79f0c9 cb3e4ce97e7f2881 d1e21234d7cc61d2 b6e72edcad270be0 48a76e3aff69d605 01ecc81f6341e902 e1460af4a7044067 1fe79c7de59ff6c6 16b11706660177ff 1ba7a50457e93996 72c2a95813ea72bd 0e45c4c185f35df6 d0f6c00eec5eb973 0451447dd64f6284 0f33ce8d8014f308 50806199c80e215c 9f4e0d572b1f4e6c 4d9214c0925e5af8 3c565c1fc2316d16 c36c2dce0e6e434f 2e031d83339759b2 702d8f1064ab3e30 4b29fc21f912754d a492bd402afd5c71 942a7d26d81c841f 5867d40811c0229f ae77487a89f2610c 148ac4a56a18844d 5b4c879fc9c316fb 9c9a9d45c2ea7ddf
205,680bb5c5c3bb6ee1 1398b478b71773ed ce0f56b7190c268a e14a893f1918277e 63d509cd2a2e0e47 07be6a290720707d cb3e4ce97e7f2881 d1e21234d7cc61d2 b6e72edcad270be0 1fe79c7de59ff6c6 72c2a95813ea72bd 0e45c4c185f35df6 4522ad78bf79f0c9 d0f6c00eec5eb973 0451447dd64f6284 0f33ce8d8014f308 50806199c80e215c 9f4e0d572b1f4e6c 4d9214c0925e5af8 c36c2dce0e6e434f 2e031d83339759b2 702d8f1064ab3e30 4b29fc21f912754d a492bd402afd5c71 942a7d26d81c841f 5867d40811c0229f ae77487a89f2610c 148ac4a56a18844d 64c2e323906b42d3 5b4c879fc9c316fb
206,005666aa098abe8e 0195950ce0f47e34 4d417b203b333363 5b34da30b93eb123 f705b637f624147e 00140806971e7a73 2359719a0f40ffac a9eef13786610446 d35e11d3d1ab3c67 72403ecdfe02bba6 0d0368139e9a647f 0079f3c74309b582 44d324ebd3e22ad7 ffa9091747ae2466 fc16a50ff0baec53 0897dcfae16e280f c08c3765ac609cc0 65708d542bd01f39 74e59c5820900b17 dac29ed8400b50cc b749972436ac9791 0eafda717681bbdc f46601a9955f9949 40583079f57235a6 2901e5309bb3f8f6 3ca7964973437917 b3e75fdca5ca2f1a 52aa48c07b34dc88 1d0f5fdc58e3efb5 8faeacf8ca08f62d
207,05f23e7d05dbf7c2 0fbd0f422e926816 f2234bb7ce0c6f59 d35e11d3d1ab3c67 0d0368139e9a647f 72403ecdfe02bba6 33856365c271aea4 a292248bb2bffb3d 73391e0853c1e040 40583079f57235a6 ffa9091747ae2466 2901e5309bb3f8f6 3ca7964973437917 c28bc62802b90f82 0bcaac840d5e66d7 9a0f5ee4f845c9b2 4d7653ea9499eed4 702d8f1064ab3e30 3986b68500d7704b 3fa57d488e979d74 52370bea1acd0600 e0269da736ddf004 bd713b37b67866c3 fd30682593995748 2a06f5614060e3b6 ff88049e61f0f4ef 942a7d26d81c841f bd0f175ee98c613e ae94d8435a6847f4 b6d0f83aad4e4dc7
208,7cea1f637ea3f37d 155600e5f1221f8c 2820628e65a062e2 0b774cf90856c4da a017f3358d5327aa d6ed7e4b14c51296 fd30682593995748 a1314cd417504572 8abe670908f12614 64907c4568244eb4 50ba507a268872e1 da904d2a54ff8cf2 a84cd36608cb8665 26f72a4eb15ea8c0 e7dd56376be2cf1c 9b2adcf4041227d7 976baf0e84752a68 74873b42602d8958 6899956cd6c683f0 81b639b74256b45b 52370bea1acd0600 2a06f5614060e3b6 4d7653ea9499eed4 bd713b37b67866c3 9a0f5ee4f845c9b2 0bcaac840d5e66d7 c28bc62802b90f82 ff88049e61f0f4ef 702d8f1064ab3e30 3986b68500d7704b
209,d216e5458ad70e60 26140b225c4f8d3f 4d954d933e606b70 013030fd7d29bf3d 9f3d2ca16f358290 4dba7ce835494a63 fc21db75b354a917 587e0b2a4811fab1 b24820ae14e16a24 b6e72edcad270be0 a9dad59c7055b56c 999a52f1d301247c 3b4a85bac6ead3c8 a5d5ba33b5b1dc95 a65e30106ea50423 4d32dae7b43c489a edc79e57b20e9036 8bf446c0455e3c5c e878efab7c37179e 025a148c3a53bd9f 8faeacf8ca08f62d 52370bea1acd0600 cc2cc23a98c14c33 81b639b74256b45b 72b80b099fd64ec4 00e1e2eb13f650e4 6899956cd6c683f0 9a0f5ee4f845c9b2 4d7653ea9499eed4 fd30682593995748
210,46315cf30aaee51c e1460af4a7044067 01ecc81f6341e902 b3e75fdca5ca2f1a 52aa48c07b34dc88 16b11706660177ff 1ba7a50457e93996 4522ad78bf79f0c9 3c565c1fc2316d16 1d0f5fdc58e3efb5 81b639b74256b45b 8faeacf8ca08f62d 765c0695339c3abe fd30682593995748 ff88049e61f0f4ef e0269da736ddf004 3fa57d488e979d74 3986b68500d7704b 702d8f1064ab3e30 c28bc62802b90f82 0bcaac840d5e66d7 2a06f5614060e3b6 bd713b37b67866c3 9a0f5ee4f845c9b2 734dabb98795c35c bd0f175ee98c613e ae94d8435a6847f4 b6d0f83aad4e4dc7 b24820ae14e16a24 622f2e4119882c94
211,47fbe21f5c35c7b4 f05fa5f57dc03e81 e36475c1af5ea3ab acf5cb026b3c4551 b3e75fdca5ca2f1a 52aa48c07b34dc88 636224e349e561bf 8fc68213b63951dc d7d937303a6d5a9d 4bed80e56ea2e099 bc2ae5f4e5d53e00 4f2fffd7528de786 26fc2a95df5659c2 3734d3b0b9232538 e22c35101e190db9 853e36b1550c6274 1f4f62844c3cb99c 48cf88c17ff38c5e 66ccd03c9e03ac06 92f42fbd0c38f7fd 22756be6fd061d4c 9a0f5ee4f845c9b2 4535ce2e3dced00f a9223c28b10c131f b6e646c13d0753ae 57113c2a4cacd961 1d0f5fdc58e3efb5 8faeacf8ca08f62d 01ecc81f6341e902 e1460af4a7044067
212,81b639b74256b45b 48a76e3aff69d605 bbbd5d2fd957e8f7 47fbe21f5c35c7b4 52370bea1acd0600 4d7653ea9499eed4 9a0f5ee4f845c9b2 0bcaac840d5e66d7 c28bc62802b90f82 702d8f1064ab3e30 cea18be9a89d7a81 3fa57d488e979d74 ff88049e61f0f4ef e0269da736ddf004 bd713b37b67866c3 fd30682593995748 2a06f5614060e3b6 39f6296778264878 e25a1da6ca187350 3986b68500d7704b e7cad3748e50b0f8 0708923badf2ff5d 734dabb98795c35c 942a7d26d81c841f bd0f175ee98c613e ae94d8435a6847f4 b6d0f83aad4e4dc7 b24820ae14e16a24 5fb2d8e734956af0 4b8c7061102517ef
213,a9dad59c7055b56c 316382267dcd804f 0cd920bad11c716d 238ec735a13a3f09 b0b5e62a93a2c37c 00d9f8d3f7d412b3 c810ac016901e8ac 9a439fd1abf95245 e7828f0ea9749505 18b1d2d84c97a364 d64c06baf5ef1c90 39f6296778264878 9a0f5ee4f845c9b2 0bcaac840d5e66d7 c28bc62802b90f82 702d8f1064ab3e30 4d7653ea9499eed4 3fa57d488e979d74 ff88049e61f0f4ef e0269da736ddf004 bd713b37b67866c3 fd30682593995748 2a06f5614060e3b6 e25a1da6ca187350 3986b68500d7704b 942a7d26d81c841f bd0f175ee98c613e ae94d8435a6847f4 b6d0f83aad4e4dc7 b24820ae14e16a24
214,5a1149fbcbd37376 b3e75fdca5ca2f1a 52aa48c07b34dc88 1d0f5fdc58e3efb5 8faeacf8ca08f62d 52370bea1acd0600 4d7653ea9499eed4 9a0f5ee4f845c9b2 0bcaac840d5e66d7 c28bc62802b90f82 702d8f1064ab3e30 3986b68500d7704b 3fa57d488e979d74 e0269da736ddf004 bd713b37b67866c3 e7cad3748e50b0f8 fd30682593995748 2a06f5614060e3b6 39f6296778264878 e25a1da6ca187350 ff88049e61f0f4ef 734dabb98795c35c 942a7d26d81c841f bd0f175ee98c613e ae94d8435a6847f4 b6d0f83aad4e4dc7 b24820ae14e16a24 622f2e4119882c94 4b8c7061102517ef 47fbe21f5c35c7b4
215,29bedd00fb2be056 455fde214d16d350 33856365c271aea4 5989fb934598c1a7 07f22a7ad7e4711d 25a3b47fe31bc6b5 ddb3810e0289c148 387e9cd2e5d4ea7d ebfda3b48083e390 42c9b72cc77dcb28 025a148c3a53bd9f c5830f9d0f1e29e5 7155e5a86136eb02 65708d542bd01f39 57113c2a4cacd961 4d954d933e606b70 095bb1b6ecbd0a50 8643165b0f53df11 3ca7964973437917 eff60ceea8817dad 1f423f368aebf7f3 26fc2a95df5659c2 855f2f0354e102c7 63d95d5977c2fe98 7ee52d2519eea367 44d324ebd3e22ad7 1398b478b71773ed 4d417b203b333363 587e0b2a4811fab1 b6a1c97f19af78d0
216,b3e75fdca5ca2f1a 52aa48c07b34dc88 1d0f5fdc58e3efb5 8faeacf8ca08f62d 47fbe21f5c35c7b4 52370bea1acd0600 4d7653ea9499eed4 9a0f5ee4f845c9b2 0bcaac840d5e66d7 c28bc62802b90f82 702d8f1064ab3e30 3986b68500d7704b ff88049e61f0f4ef e0269da736ddf004 bd713b37b67866c3 fd30682593995748 2a06f5614060e3b6 39f6296778264878 e25a1da6ca187350 3fa57d488e979d74 0708923badf2ff5d 734dabb98795c35c 942a7d26d81c841f bd0f175ee98c613e ae94d8435a6847f4 b6d0f83aad4e4dc7 b24820ae14e16a24 622f2e4119882c94 e7cad3748e50b0f8 af8e70f978cd5aee
217,42c9b72cc77dcb28 e7828f0ea9749505 54a11cbcd7a32af4 6aac5e116b75aa22 796888cc3443006c c28bc62802b90f82 d92c0298f76ccf77 393f49286db04aeb 4491016efed845f1 50cb6a6c60ad711a a9eef13786610446 01020d1b0821f4c7 bd9cd6b87a4fe0ce 05e4165a56bf50eb 2bafd15871caae91 0683b6a78f54be75 bc2552a642ce8497 0cd920bad11c716d 316382267dcd804f 83f5a9732f0de67f 8566d15270eb5e83 00d9f8d3f7d412b3 b0b5e62a93a2c37c 238ec735a13a3f09 c810ac016901e8ac 9a439fd1abf95245 18b1d2d84c97a364 d64c06baf5ef1c90 39f6296778264878 3986b68500d7704b
218,4beacc71024f8b08 00d9eb862ba3dfc6 95ecdbff44ad0b60 25145708d494530b 366a22fce0614fb8 3b6d27775fce1c7b ae94d8435a6847f4 538c7bb968b2154c 87c5481930cfe126 4b05967001421eab 22dc81380cf4baec eff60ceea8817dad a2805ed52b47b8ec f49e13a653cbdad2 fa173131f15f5534 8a5635c748344d47 2a06f5614060e3b6 b1dcaca98bb76736 b2ee9eea2d974c90 95d25d38ba7df9c7 a982b5c3aed39396 f58ff7f1a6cde683 e6a29676c096f8e8 a860b682add9de1c 3a6e7894dde31c67 b3e75fdca5ca2f1a 0772e3ab293a1f30 a14394322cf7043d 016da874bd04df55 abf90e759d208468
219,2e44fbb8bc3d8d71 fc8971756f9ec194 2dd12c230ab22555 120e745e2961b5d5 f28fb3d9880c5d4c 0c2eeab1e4ce1db8 351c9da399c2b915 37001ade0df85823 42c9b72cc77dcb28 40583079f57235a6 2901e5309bb3f8f6 cc861214a89ef1f4 3ca7964973437917 7b81f1f2b6ec2e5f 197fa50b30d91fe8 ddb3810e0289c148 e7dd56376be2cf1c 316382267dcd804f 0cd920bad11c716d 238ec735a13a3f09 00d9f8d3f7d412b3 b0b5e62a93a2c37c c810ac016901e8ac 9a439fd1abf95245 e7828f0ea9749505 18b1d2d84c97a364 d64c06baf5ef1c90 39f6296778264878 3986b68500d7704b 4b8c7061102517ef
220,01ecc81f6341e902 e1460af4a7044067 16b11706660177ff 1ba7a50457e93996 4522ad78bf79f0c9 3c565c1fc2316d16 00e1e2eb13f650e4 765c0695339c3abe b3e75fdca5ca2f1a 52aa48c07b34dc88 1d0f5fdc58e3efb5 8faeacf8ca08f62d 52370bea1acd0600 4d7653ea9499eed4 9a0f5ee4f845c9b2 0bcaac840d5e66d7 c28bc62802b90f82 702d8f1064ab3e30 3986b68500d7704b ff88049e61f0f4ef e0269da736ddf004 bd713b37b67866c3 2a06f5614060e3b6 3fa57d488e979d74 734dabb98795c35c 942a7d26d81c841f bd0f175ee98c613e ae94d8435a6847f4 b6d0f83aad4e4dc7 b24820ae14e16a24
221,0b774cf90856c4da d6ed7e4b14c51296 7c9248ed6224aa26 50ba507a268872e1 190ab585fd379f0f 26f72a4eb15ea8c0 351c9da399c2b915 a860b682add9de1c f58ff7f1a6cde683 e6a29676c096f8e8 fd30682593995748 a1314cd417504572 74244a8703c03720 64b31699d7d15934 9100ea6cd0e084bf 64907c4568244eb4 047769588be1aea9 46315cf30aaee51c 27a12f29dceccdbd c6b615b2589e036d 42a5cae2a3a45557 b760ebc5f25788d3 b3e75fdca5ca2f1a 73f770f2643a2135 8f578001f9d5f543 01e5a6edcee7deb0 f9c6286cff30aaa8 ff88049e61f0f4ef b749972436ac9791 0195950ce0f47e34
222,1d0f5fdc58e3efb5 f2234bb7ce0c6f59 0fbd0f422e926816 05f23e7d05dbf7c2 0d0368139e9a647f d35e11d3d1ab3c67 72403ecdfe02bba6 33856365c271aea4 a292248bb2bffb3d ce0f56b7190c268a e1460af4a7044067 01ecc81f6341e902 16b11706660177ff 1ba7a50457e93996 b7d7d9ae1cbe0d8a 73391e0853c1e040 ffa9091747ae2466 4522ad78bf79f0c9 3c565c1fc2316d16 765c0695339c3abe bd713b37b67866c3 fd30682593995748 e0269da736ddf004 ff88049e61f0f4ef 3fa57d488e979d74 3986b68500d7704b 702d8f1064ab3e30 c28bc62802b90f82 b24820ae14e16a24 622f2e4119882c94
223,680bb5c5c3bb6ee1 1398b478b71773ed ce0f56b7190c268a 63d509cd2a2e0e47 07be6a290720707d 52370bea1acd0600 9a0f5ee4f845c9b2 0bcaac840d5e66d7 c28bc62802b90f82 702d8f1064ab3e30 3986b68500d7704b 3fa57d488e979d74 ff88049e61f0f4ef e0269da736ddf004 bd713b37b67866c3 fd30682593995748 2a06f5614060e3b6 39f6296778264878 e25a1da6ca187350 c31a456b544a40a8 4d7653ea9499eed4 0708923badf2ff5d 734dabb98795c35c 942a7d26d81c841f bd0f175ee98c613e ae94d8435a6847f4 b6d0f83aad4e4dc7 b24820ae14e16a24 622f2e4119882c94 4b8c7061102517ef
224,59c231f8fd21260c e36475c1af5ea3ab 6899956cd6c683f0 c31a456b544a40a8 4d7653ea9499eed4 9a0f5ee4f845c9b2 0bcaac840d5e66d7 c28bc62802b90f82 702d8f1064ab3e30 3986b68500d7704b 3fa57d488e979d74 ff88049e61f0f4ef e0269da736ddf004 bd713b37b67866c3 fd30682593995748 2a06f5614060e3b6 39f6296778264878 e25a1da6ca187350 52370bea1acd0600 e7cad3748e50b0f8 0708923badf2ff5d 734dabb98795c35c 942a7d26d81c841f bd0f175ee98c613e ae94d8435a6847f4 b6d0f83aad4e4dc7 b24820ae14e16a24 622f2e4119882c94 47fbe21f5c35c7b4 af8e70f978cd5aee
225,b50b4e27b03c7b37 4105533fe46dfba9 22e8d6734e4121ae 7cea1f637ea3f37d 155600e5f1221f8c 2820628e65a062e2 6cb9ab508a0678a0 1d0f5fdc58e3efb5 059bbdbdb843af6a a017f3358d5327aa 52370bea1acd0600 4d7653ea9499eed4 9a0f5ee4f845c9b2 47fbe21f5c35c7b4 0bcaac840d5e66d7 c28bc62802b90f82 3986b68500d7704b 3fa57d488e979d74 ff88049e61f0f4ef e0269da736ddf004 bd713b37b67866c3 2a06f5614060e3b6 fd30682593995748 702d8f1064ab3e30 734dabb98795c35c 942a7d26d81c841f bd0f175ee98c613e ae94d8435a6847f4 b6d0f83aad4e4dc7 b24820ae14e16a24
226,b24820ae14e16a24 fc21db75b354a917 587e0b2a4811fab1 4dba7ce835494a63 9f3d2ca16f358290 40583079f57235a6 2901e5309bb3f8f6 73f770f2643a2135 01e5a6edcee7deb0 8f578001f9d5f543 a5d5ba33b5b1dc95 f9c6286cff30aaa8 a65e30106ea50423 3ca7964973437917 4d32dae7b43c489a 4beacc71024f8b08 eab15ee21e126f6a 48a76e3aff69d605 f29eee8054c061e1 8faeacf8ca08f62d 0647acc4602d4e8f 6899956cd6c683f0 3986b68500d7704b af8e70f978cd5aee ff88049e61f0f4ef 4b8c7061102517ef e0269da736ddf004 bd713b37b67866c3 fd30682593995748 2a06f5614060e3b6
227,285657fcdf89f00d b3e75fdca5ca2f1a 52aa48c07b34dc88 1d0f5fdc58e3efb5 81b639b74256b45b 8faeacf8ca08f62d 47fbe21f5c35c7b4 e25a1da6ca187350 52370bea1acd0600 4d7653ea9499eed4 9a0f5ee4f845c9b2 0bcaac840d5e66d7 c28bc62802b90f82 702d8f1064ab3e30 3986b68500d7704b ff88049e61f0f4ef e0269da736ddf004 bd713b37b67866c3 fd30682593995748 2a06f5614060e3b6 39f6296778264878 3fa57d488e979d74 0708923badf2ff5d 734dabb98795c35c 942a7d26d81c841f bd0f175ee98c613e ae94d8435a6847f4 b6d0f83aad4e4dc7 b24820ae14e16a24 622f2e4119882c94
228,f1a3b8b13e9401c0 6ae470a7c9ec20fd 47fbe21f5c35c7b4 52370bea1acd0600 4d7653ea9499eed4 9a0f5ee4f845c9b2 0bcaac840d5e66d7 c28bc62802b90f82 702d8f1064ab3e30 059bbdbdb843af6a 3fa57d488e979d74 ff88049e61f0f4ef e0269da736ddf004 bd713b37b67866c3 fd30682593995748 2a06f5614060e3b6 39f6296778264878 e25a1da6ca187350 3986b68500d7704b e7cad3748e50b0f8 0708923badf2ff5d 734dabb98795c35c 942a7d26d81c841f bd0f175ee98c613e ae94d8435a6847f4 b6d0f83aad4e4dc7 b24820ae14e16a24 bbbd5d2fd957e8f7 4b8c7061102517ef af8e70f978cd5aee
229,48a76e3aff69d605 0cd920bad11c716d 316382267dcd804f 40583079f57235a6 2901e5309bb3f8f6 238ec735a13a3f09 b0b5e62a93a2c37c 00d9f8d3f7d412b3 c810ac016901e8ac 9a439fd1abf95245 e7828f0ea9749505 3ca7964973437917 18b1d2d84c97a364 d64c06baf5ef1c90 39f6296778264878 9a0f5ee4f845c9b2 0bcaac840d5e66d7 4d7653ea9499eed4 c28bc62802b90f82 702d8f1064ab3e30 3fa57d488e979d74 ff88049e61f0f4ef e0269da736ddf004 bd713b37b67866c3 fd30682593995748 2a06f5614060e3b6 e25a1da6ca187350 3986b68500d7704b bd0f175ee98c613e ae94d8435a6847f4
230,b8e2f75014710ced 64267373570e4ea3 1d0f5fdc58e3efb5 6899956cd6c683f0 4d7653ea9499eed4 9a0f5ee4f845c9b2 0bcaac840d5e66d7 c28bc62802b90f82 702d8f1064ab3e30 3986b68500d7704b 3fa57d488e979d74 52370bea1acd0600 e0269da736ddf004 bd713b37b67866c3 fd30682593995748 2a06f5614060e3b6 39f6296778264878 e25a1da6ca187350 c31a456b544a40a8 ff88049e61f0f4ef 0708923badf2ff5d 734dabb98795c35c 942a7d26d81c841f bd0f175ee98c613e ae94d8435a6847f4 b6d0f83aad4e4dc7 b24820ae14e16a24 622f2e4119882c94 4b8c7061102517ef 47fbe21f5c35c7b4
231,ba5199dba342af68 238de368bb05c0ec b3e75fdca5ca2f1a 52aa48c07b34dc88 cc2cc23a98c14c33 1d0f5fdc58e3efb5 8faeacf8ca08f62d 47fbe21f5c35c7b4 52370bea1acd0600 4d7653ea9499eed4 9a0f5ee4f845c9b2 0bcaac840d5e66d7 c28bc62802b90f82 702d8f1064ab3e30 3fa57d488e979d74 39f6296778264878 ff88049e61f0f4ef 2a06f5614060e3b6 e0269da736ddf004 bd713b37b67866c3 fd30682593995748 3986b68500d7704b 0708923badf2ff5d 734dabb98795c35c 942a7d26d81c841f bd0f175ee98c613e ae94d8435a6847f4 b6d0f83aad4e4dc7 b24820ae14e16a24 622f2e4119882c94
232,c08c3765ac609cc0 4105533fe46dfba9 22e8d6734e4121ae dac29ed8400b50cc 74e59c5820900b17 5b34da30b93eb123 4d417b203b333363 f705b637f624147e b749972436ac9791 2359719a0f40ffac a9eef13786610446 0eafda717681bbdc f46601a9955f9949 005666aa098abe8e 6cb9ab508a0678a0 059bbdbdb843af6a 44d324ebd3e22ad7 64267373570e4ea3 b3e75fdca5ca2f1a 52aa48c07b34dc88 1d0f5fdc58e3efb5 8faeacf8ca08f62d 45bd99d5d2eef776 fd30682593995748 9c9a9d45c2ea7ddf 2a06f5614060e3b6 00140806971e7a73 5ebb4d2f5f1c1f13 bd713b37b67866c3 e25a1da6ca187350
233,6899956cd6c683f0 bbbd5d2fd957e8f7 47fbe21f5c35c7b4 52370bea1acd0600 4d7653ea9499eed4 9a0f5ee4f845c9b2 0bcaac840d5e66d7 c28bc62802b90f82 90ecb28f2edb9d43 3986b68500d7704b 3fa57d488e979d74 ff88049e61f0f4ef e0269da736ddf004 bd713b37b67866c3 fd30682593995748 2a06f5614060e3b6 39f6296778264878 e25a1da6ca187350 702d8f1064ab3e30 e36475c1af5ea3ab e7cad3748e50b0f8 0708923badf2ff5d 734dabb98795c35c 942a7d26d81c841f bd0f175ee98c613e ae94d8435a6847f4 b6d0f83aad4e4dc7 cea18be9a89d7a81 622f2e4119882c94 4b8c7061102517ef
234,9b2adcf4041227d7 976baf0e84752a68 74873b42602d8958 50ba507a268872e1 b7d7d9ae1cbe0d8a 26f72a4eb15ea8c0 6899956cd6c683f0 52370bea1acd0600 9a0f5ee4f845c9b2 0bcaac840d5e66d7 c28bc62802b90f82 702d8f1064ab3e30 3986b68500d7704b 3fa57d488e979d74 ff88049e61f0f4ef e0269da736ddf004 bd713b37b67866c3 fd30682593995748 2a06f5614060e3b6 e25a1da6ca187350 4d7653ea9499eed4 734dabb98795c35c 942a7d26d81c841f bd0f175ee98c613e ae94d8435a6847f4 b6d0f83aad4e4dc7 b24820ae14e16a24 622f2e4119882c94 4b8c7061102517ef 39f6296778264878
235,f1a3b8b13e9401c0 59c231f8fd21260c 72b80b099fd64ec4 d5952b2e031c4e7e 5879096a38d69fc5 47fbe21f5c35c7b4 52370bea1acd0600 4d7653ea9499eed4 c31a456b544a40a8 9a0f5ee4f845c9b2 0bcaac840d5e66d7 c28bc62802b90f82 3986b68500d7704b 39f6296778264878 3fa57d488e979d74 2a06f5614060e3b6 fd30682593995748 ff88049e61f0f4ef e0269da736ddf004 bd713b37b67866c3 702d8f1064ab3e30 0708923badf2ff5d 734dabb98795c35c 942a7d26d81c841f bd0f175ee98c613e ae94d8435a6847f4 b6d0f83aad4e4dc7 b24820ae14e16a24 622f2e4119882c94 e25a1da6ca187350
236,5897953fdf87b60f f2e30efbd27bee51 a853f13216170123 27bc34b9887bec0d 29bedd00fb2be056 8643165b0f53df11 81b7c7e312bfa1a0 528161039994b4dc 964a50d33717c26d e8b87ed7db1bcb1f 404031ab9d5977c4 50806199c80e215c feddfcf56818968e 83b911ff0ff45844 c36c2dce0e6e434f 2e4b00c01d58e79e ba5199dba342af68 5d26da95786b3a3a 0bcaac840d5e66d7 ce2fe99a7cda4a17 069e7e25e43deab3 238de368bb05c0ec c28bc62802b90f82 4d7653ea9499eed4 702d8f1064ab3e30 3986b68500d7704b 3fa57d488e979d74 ff88049e61f0f4ef e0269da736ddf004 bd713b37b67866c3
237,4beacc71024f8b08 b3e75fdca5ca2f1a 52aa48c07b34dc88 1d0f5fdc58e3efb5 8faeacf8ca08f62d 4d7653ea9499eed4 9a0f5ee4f845c9b2 0bcaac840d5e66d7 c28bc62802b90f82 702d8f1064ab3e30 3986b68500d7704b 3fa57d488e979d74 ff88049e61f0f4ef e0269da736ddf004 bd713b37b67866c3 fd30682593995748 2a06f5614060e3b6 39f6296778264878 e25a1da6ca187350 52370bea1acd0600 0708923badf2ff5d 734dabb98795c35c 942a7d26d81c841f bd0f175ee98c613e ae94d8435a6847f4 b6d0f83aad4e4dc7 b24820ae14e16a24 622f2e4119882c94 4b8c7061102517ef c31a456b544a40a8
238,d64c06baf5ef1c90 d72363ddd958d906 0cd920bad11c716d 316382267dcd804f 238ec735a13a3f09 00d9f8d3f7d412b3 b0b5e62a93a2c37c c810ac016901e8ac 9a439fd1abf95245 e7828f0ea9749505 18b1d2d84c97a364 81b639b74256b45b 39f6296778264878 9a0f5ee4f845c9b2 702d8f1064ab3e30 0bcaac840d5e66d7 c28bc62802b90f82 3986b68500d7704b 4d7653ea9499eed4 ff88049e61f0f4ef e0269da736ddf004 bd713b37b67866c3 fd30682593995748 2a06f5614060e3b6 e25a1da6ca187350 c31a456b544a40a8 3fa57d488e979d74 942a7d26d81c841f bd0f175ee98c613e ae94d8435a6847f4
239,29bedd00fb2be056 455fde214d16d350 33856365c271aea4 5989fb934598c1a7 07f22a7ad7e4711d 25a3b47fe31bc6b5 ddb3810e0289c148 387e9cd2e5d4ea7d ebfda3b48083e390 42c9b72cc77dcb28 025a148c3a53bd9f c5830f9d0f1e29e5 7155e5a86136eb02 65708d542bd01f39 57113c2a4cacd961 4d954d933e606b70 095bb1b6ecbd0a50 8643165b0f53df11 3ca7964973437917 eff60ceea8817dad 1f423f368aebf7f3 26fc2a95df5659c2 855f2f0354e102c7 63d95d5977c2fe98 7ee52d2519eea367 44d324ebd3e22ad7 1398b478b71773ed 4d417b203b333363 587e0b2a4811fab1 b6a1c97f19af78d0
240,898a4921ab9f4cce 316382267dcd804f 0cd920bad11c716d b0b5e62a93a2c37c 238ec735a13a3f09 00d9f8d3f7d412b3 c810ac016901e8ac 9a439fd1abf95245 e7828f0ea9749505 18b1d2d84c97a364 d64c06baf5ef1c90 39f6296778264878 b3e75fdca5ca2f1a 52aa48c07b34dc88 1d0f5fdc58e3efb5 8faeacf8ca08f62d 3fa57d488e979d74 3986b68500d7704b 702d8f1064ab3e30 ff88049e61f0f4ef e0269da736ddf004 bd713b37b67866c3 c28bc62802b90f82 fd30682593995748 2a06f5614060e3b6 0bcaac840d5e66d7 c31a456b544a40a8 734dabb98795c35c bd0f175ee98c613e ae94d8435a6847f4
241,055d895a3b26e466 4b8c7061102517ef 0b774cf90856c4da d6ed7e4b14c51296 4105533fe46dfba9 22e8d6734e4121ae 316382267dcd804f 0cd920bad11c716d 6cb9ab508a0678a0 587e0b2a4811fab1 b24820ae14e16a24 fc21db75b354a917 9f3d2ca16f358290 4dba7ce835494a63 01e5a6edcee7deb0 8f578001f9d5f543 73f770f2643a2135 00d9f8d3f7d412b3 b0b5e62a93a2c37c 238ec735a13a3f09 059bbdbdb843af6a a5d5ba33b5b1dc95 c810ac016901e8ac f9c6286cff30aaa8 9a439fd1abf95245 a65e30106ea50423 e7828f0ea9749505 4d32dae7b43c489a 18b1d2d84c97a364 4beacc71024f8b08
242,b3e75fdca5ca2f1a 52aa48c07b34dc88 1d0f5fdc58e3efb5 8faeacf8ca08f62d 47fbe21f5c35c7b4 52370bea1acd0600 4d7653ea9499eed4 9a0f5ee4f845c9b2 0bcaac840d5e66d7 c28bc62802b90f82 702d8f1064ab3e30 3986b68500d7704b ff88049e61f0f4ef e0269da736ddf004 bd713b37b67866c3 fd30682593995748 2a06f5614060e3b6 39f6296778264878 e25a1da6ca187350 3fa57d488e979d74 0708923badf2ff5d 734dabb98795c35c 942a7d26d81c841f bd0f175ee98c613e ae94d8435a6847f4 b6d0f83aad4e4dc7 b24820ae14e16a24 622f2e4119882c94 e7cad3748e50b0f8 af8e70f978cd5aee
243,455fde214d16d350 395b26d91f98bd92 24e582daf6f87158 1c3b74a02a86467d 49224aca40e6e5e3 54f55c74d37db3c0 b78189788d563693 9113e9dc940fb287 fab14d178b24a67f 7f95168400948588 0f4c71d341e2d939 d5805cdb9e8f0f48 0db6584e3bdfa1c4 a14394322cf7043d 77e2f7da1f9d3a8f 59bf6d6df9146d60 cea18be9a89d7a81 09660f466b38b7ba 0772e3ab293a1f30 016da874bd04df55 b3ad55963554f220 abf90e759d208468 b6cdb608f640e038 90ecb28f2edb9d43 2e4b00c01d58e79e 377c1150c781e37a bd713b37b67866c3 bf3ccaba4a3450a8 0add47a043c64d7f 99e833818ec4bbf2
244,351c9da399c2b915 047769588be1aea9 46315cf30aaee51c 74244a8703c03720 2dd12c230ab22555 0c2eeab1e4ce1db8 f28fb3d9880c5d4c 120e745e2961b5d5 2e44fbb8bc3d8d71 fc8971756f9ec194 37001ade0df85823 42c9b72cc77dcb28 4d7653ea9499eed4 9a0f5ee4f845c9b2 0bcaac840d5e66d7 c28bc62802b90f82 52370bea1acd0600 3986b68500d7704b 3fa57d488e979d74 ff88049e61f0f4ef e0269da736ddf004 bd713b37b67866c3 fd30682593995748 39f6296778264878 702d8f1064ab3e30 942a7d26d81c841f bd0f175ee98c613e ae94d8435a6847f4 b6d0f83aad4e4dc7 b24820ae14e16a24
245,6aac5e116b75aa22 c28bc62802b90f82 796888cc3443006c 54a11cbcd7a32af4 393f49286db04aeb d92c0298f76ccf77 4491016efed845f1 3e8e56f639a5db5b 033d905aec273595 50cb6a6c60ad711a 01020d1b0821f4c7 bd9cd6b87a4fe0ce 05e4165a56bf50eb 8e0760918e88e4a9 e7cad3748e50b0f8 e7828f0ea9749505 a9eef13786610446 cea18be9a89d7a81 abf90e759d208468 a14394322cf7043d 016da874bd04df55 90ecb28f2edb9d43 77e2f7da1f9d3a8f b3ad55963554f220 0772e3ab293a1f30 09660f466b38b7ba 59bf6d6df9146d60 b6cdb608f640e038 54f55c74d37db3c0 24e582daf6f87158
246,d1e21234d7cc61d2 b3e75fdca5ca2f1a 52aa48c07b34dc88 1d0f5fdc58e3efb5 8faeacf8ca08f62d 52370bea1acd0600 4d7653ea9499eed4 9a0f5ee4f845c9b2 0bcaac840d5e66d7 c28bc62802b90f82 702d8f1064ab3e30 3986b68500d7704b 3fa57d488e979d74 ff88049e61f0f4ef e0269da736ddf004 bd713b37b67866c3 fd30682593995748 2a06f5614060e3b6 39f6296778264878 47fbe21f5c35c7b4 e7cad3748e50b0f8 0708923badf2ff5d 734dabb98795c35c 942a7d26d81c841f bd0f175ee98c613e ae94d8435a6847f4 b6d0f83aad4e4dc7 b24820ae14e16a24 622f2e4119882c94 e25a1da6ca187350
247,00ff646ca6637bd7 64267373570e4ea3 48a76e3aff69d605 81b639b74256b45b 0cd920bad11c716d 316382267dcd804f 40583079f57235a6 2901e5309bb3f8f6 00d9f8d3f7d412b3 238ec735a13a3f09 b0b5e62a93a2c37c c810ac016901e8ac 9a439fd1abf95245 e7828f0ea9749505 3ca7964973437917 18b1d2d84c97a364 d64c06baf5ef1c90 39f6296778264878 6899956cd6c683f0 ae94d8435a6847f4 e25a1da6ca187350 5ebb4d2f5f1c1f13 2a06f5614060e3b6 fd30682593995748 bd713b37b67866c3 e0269da736ddf004 ff88049e61f0f4ef 3fa57d488e979d74 3986b68500d7704b 702d8f1064ab3e30
248,b6e646c13d0753ae 92f42fbd0c38f7fd 66ccd03c9e03ac06 22756be6fd061d4c 9a0f5ee4f845c9b2 4535ce2e3dced00f 57113c2a4cacd961 a9223c28b10c131f f9c6286cff30aaa8 07d688f5e2142b87 a65e30106ea50423 f44f74b3451aa593 4b05967001421eab acf5cb026b3c4551 1efd7bd8a34a1359 6c017e548aa138f2 29968e8fd13539f8 45bd99d5d2eef776 e8684734f2e587bd e25a1da6ca187350 46b99f864d6a075a 453bc79164d57a01 c11b97f245a9dfd0 050544c040f46152 f76f44d372517a9a 8d58da0e1800dc96 2b48ab08c915c0ad ffc688c4c1c2a068 2e79d45ba4d1540d bee46c54461925d0
249,6ae470a7c9ec20fd 48a76e3aff69d605 52370bea1acd0600 4d7653ea9499eed4 9a0f5ee4f845c9b2 0bcaac840d5e66d7 c28bc62802b90f82 702d8f1064ab3e30 47fbe21f5c35c7b4 3fa57d488e979d74 ff88049e61f0f4ef e0269da736ddf004 bd713b37b67866c3 fd30682593995748 2a06f5614060e3b6 39f6296778264878 e25a1da6ca187350 c31a456b544a40a8 3986b68500d7704b 0708923badf2ff5d 734dabb98795c35c 942a7d26d81c841f bd0f175ee98c613e ae94d8435a6847f4 b6d0f83aad4e4dc7 b24820ae14e16a24 622f2e4119882c94 bbbd5d2fd957e8f7 af8e70f978cd5aee 5ebb4d2f5f1c1f13
250,95d25d38ba7df9c7 b2ee9eea2d974c90 a04d6febd82a4389 42bb83d7c4b9ecae d3c4a7db726191e0 19e8f436d4b2fc25 b05b5f6850cfa158 bd0f175ee98c613e da7d3c2d591c4295 ec1b3d7ccd3984d0 5b16bae6a0de7c88 ddf332f2b55a2a23 5c8c6d9a1fd4c1e0 4c3802a1bd3c842e 6d80d2e62d01f6bc b29ab87af6ea6310 520ec719078be07c dea5e9227fbbac29 0a79fabc6f5d93c9 377c1150c781e37a 4d7653ea9499eed4 3c0873ce078d332b 05e4165a56bf50eb b6a1c97f19af78d0 9269d2b0d877352d 3cb6b40d377e7ca8 20db73cf07a45f71 3b4a85bac6ead3c8 999a52f1d301247c 047769588be1aea9
251,b3e75fdca5ca2f1a 52aa48c07b34dc88 1d0f5fdc58e3efb5 00e1e2eb13f650e4 8faeacf8ca08f62d 6899956cd6c683f0 bbbd5d2fd957e8f7 47fbe21f5c35c7b4 52370bea1acd0600 4d7653ea9499eed4 9a0f5ee4f845c9b2 0bcaac840d5e66d7 c28bc62802b90f82 702d8f1064ab3e30 3fa57d488e979d74 ff88049e61f0f4ef e0269da736ddf004 bd713b37b67866c3 fd30682593995748 2a06f5614060e3b6 3986b68500d7704b e7cad3748e50b0f8 0708923badf2ff5d 734dabb98795c35c 942a7d26d81c841f bd0f175ee98c613e ae94d8435a6847f4 b6d0f83aad4e4dc7 b24820ae14e16a24 39f6296778264878
252,b3e75fdca5ca2f1a 6a9aa1bd93e36e66 20d283a232dfd13c c606425856952286 095bb1b6ecbd0a50 a60934e6b473097a 25a3b47fe31bc6b5 bd713b37b67866c3 061f3e1feeaa3094 172bc0ee09332ae9 a813c15b46ceaf68 01020d1b0821f4c7 366a22fce0614fb8 fb2ebcb5335ad2e2 ffc688c4c1c2a068 bfb8032f2183d471 ced9c56f2be86774 83f8f2fc471cad74 bd9cd6b87a4fe0ce db69d4cbfef8d22f f58ff7f1a6cde683 a860b682add9de1c e6a29676c096f8e8 64b31699d7d15934 9100ea6cd0e084bf 8b7c486a910dd004 4b05967001421eab 3a6e7894dde31c67 59bf6d6df9146d60 09660f466b38b7ba
253,47fbe21f5c35c7b4 fc21db75b354a917 587e0b2a4811fab1 b24820ae14e16a24 9f3d2ca16f358290 4dba7ce835494a63 01e5a6edcee7deb0 73f770f2643a2135 8f578001f9d5f543 a5d5ba33b5b1dc95 f9c6286cff30aaa8 a65e30106ea50423 bc27d5dc9bab1c18 4d32dae7b43c489a 4beacc71024f8b08 8b7c486a910dd004 4bed80e56ea2e099 4f2fffd7528de786 1f4f62844c3cb99c 853e36b1550c6274 e22c35101e190db9 48cf88c17ff38c5e 3734d3b0b9232538 636224e349e561bf 26fc2a95df5659c2 8fc68213b63951dc d7d937303a6d5a9d bc2ae5f4e5d53e00 eab15ee21e126f6a 48a76e3aff69d605
254,00ff646ca6637bd7 bbbd5d2fd957e8f7 47fbe21f5c35c7b4 52370bea1acd0600 4d7653ea9499eed4 9a0f5ee4f845c9b2 0bcaac840d5e66d7 c28bc62802b90f82 702d8f1064ab3e30 781f4d0147aef776 3fa57d488e979d74 ff88049e61f0f4ef e0269da736ddf004 bd713b37b67866c3 fd30682593995748 2a06f5614060e3b6 39f6296778264878 3986b68500d7704b e36475c1af5ea3ab e7cad3748e50b0f8 0708923badf2ff5d 734dabb98795c35c 942a7d26d81c841f bd0f175ee98c613e ae94d8435a6847f4 b6d0f83aad4e4dc7 cea18be9a89d7a81 622f2e4119882c94 4b8c7061102517ef af8e70f978cd5aee
255,cc2cc23a98c14c33 b6e646c13d0753ae 57113c2a4cacd961 66ccd03c9e03ac06 a9223c28b10c131f 92f42fbd0c38f7fd 22756be6fd061d4c 4535ce2e3dced00f 9a0f5ee4f845c9b2 f9c6286cff30aaa8 a65e30106ea50423 f44f74b3451aa593 6899956cd6c683f0 07d688f5e2142b87 2e79d45ba4d1540d bee46c54461925d0 d980375fbd40c75f c31a456b544a40a8 5547f9f1638ac345 acf5cb026b3c4551 00e1e2eb13f650e4 106204cd0e07e1b2 0bcaac840d5e66d7 702d8f1064ab3e30 3986b68500d7704b 3fa57d488e979d74 ff88049e61f0f4ef e0269da736ddf004 bd713b37b67866c3 fd30682593995748
256,29bedd00fb2be056 455fde214d16d350 33856365c271aea4 5989fb934598c1a7 07f22a7ad7e4711d 25a3b47fe31bc6b5 ddb3810e0289c148 387e9cd2e5d4ea7d ebfda3b48083e390 42c9b72cc77dcb28 025a148c3a53bd9f c5830f9d0f1e29e5 7155e5a86136eb02 65708d542bd01f39 57113c2a4cacd961 4d954d933e606b70 095bb1b6ecbd0a50 8643165b0f53df11 3ca7964973437917 eff60ceea8817dad 1f423f368aebf7f3 26fc2a95df5659c2 855f2f0354e102c7 63d95d5977c2fe98 7ee52d2519eea367 44d324ebd3e22ad7 1398b478b71773ed 4d417b203b333363 587e0b2a4811fab1 b6a1c97f19af78d0
257,01104a026d22ae55 81bd116c786bf9ae d64c06baf5ef1c90 d72363ddd958d906 6ae470a7c9ec20fd 74873b42602d8958 e5fb8dc5c9cb4a19 4d7653ea9499eed4 9a0f5ee4f845c9b2 bd0f175ee98c613e 942a7d26d81c841f 0bcaac840d5e66d7 c28bc62802b90f82 702d8f1064ab3e30 3fa57d488e979d74 ff88049e61f0f4ef e0269da736ddf004 bd713b37b67866c3 fd30682593995748 2a06f5614060e3b6 0708923badf2ff5d 39f6296778264878 3986b68500d7704b ae94d8435a6847f4 b6d0f83aad4e4dc7 b24820ae14e16a24 622f2e4119882c94 4b8c7061102517ef af8e70f978cd5aee 5ebb4d2f5f1c1f13
258,40583079f57235a6 2901e5309bb3f8f6 3ca7964973437917 48a76e3aff69d605 81b639b74256b45b 47fbe21f5c35c7b4 52370bea1acd0600 4d7653ea9499eed4 9a0f5ee4f845c9b2 0bcaac840d5e66d7 c28bc62802b90f82 bbbd5d2fd957e8f7 3986b68500d7704b 3fa57d488e979d74 ff88049e61f0f4ef e0269da736ddf004 bd713b37b67866c3 fd30682593995748 2a06f5614060e3b6 39f6296778264878 e25a1da6ca187350 702d8f1064ab3e30 0708923badf2ff5d 734dabb98795c35c 942a7d26d81c841f bd0f175ee98c613e ae94d8435a6847f4 b6d0f83aad4e4dc7 b24820ae14e16a24 622f2e4119882c94
259,6899956cd6c683f0 00e1e2eb13f650e4 95ecdbff44ad0b60 25145708d494530b 00d9eb862ba3dfc6 366a22fce0614fb8 3b6d27775fce1c7b ae94d8435a6847f4 538c7bb968b2154c 87c5481930cfe126 4b05967001421eab eff60ceea8817dad 22dc81380cf4baec f49e13a653cbdad2 2a06f5614060e3b6 8a5635c748344d47 a2805ed52b47b8ec b1dcaca98bb76736 fa173131f15f5534 95d25d38ba7df9c7 b2ee9eea2d974c90 a982b5c3aed39396 f58ff7f1a6cde683 e6a29676c096f8e8 a860b682add9de1c 3a6e7894dde31c67 b3e75fdca5ca2f1a 77e2f7da1f9d3a8f 016da874bd04df55 abf90e759d208468
260,898a4921ab9f4cce d64c06baf5ef1c90 d72363ddd958d906 c08c3765ac609cc0 dac29ed8400b50cc 74e59c5820900b17 4d417b203b333363 f705b637f624147e 5b34da30b93eb123 b749972436ac9791 63d95d5977c2fe98 285657fcdf89f00d 2359719a0f40ffac a9eef13786610446 0eafda717681bbdc f46601a9955f9949 005666aa098abe8e 44d324ebd3e22ad7 bd713b37b67866c3 fd30682593995748 2a06f5614060e3b6 e0269da736ddf004 39f6296778264878 e25a1da6ca187350 ff88049e61f0f4ef 3fa57d488e979d74 c31a456b544a40a8 3986b68500d7704b b24820ae14e16a24 622f2e4119882c94
261,db7342eff9200020 316382267dcd804f 0cd920bad11c716d 238ec735a13a3f09 b0b5e62a93a2c37c 00d9f8d3f7d412b3 c810ac016901e8ac 9a439fd1abf95245 e7828f0ea9749505 18b1d2d84c97a364 d64c06baf5ef1c90 39f6296778264878 8df3f13d6af34cb3 0bcaac840d5e66d7 c28bc62802b90f82 702d8f1064ab3e30 3986b68500d7704b 3fa57d488e979d74 9a0f5ee4f845c9b2 e0269da736ddf004 bd713b37b67866c3 fd30682593995748 2a06f5614060e3b6 e25a1da6ca187350 c31a456b544a40a8 ff88049e61f0f4ef bd0f175ee98c613e ae94d8435a6847f4 b6d0f83aad4e4dc7 b24820ae14e16a24
262,0fbd0f422e926816 05f23e7d05dbf7c2 f2234bb7ce0c6f59 72403ecdfe02bba6 0d0368139e9a647f d35e11d3d1ab3c67 33856365c271aea4 a292248bb2bffb3d 73391e0853c1e040 ffa9091747ae2466 4d7653ea9499eed4 0bcaac840d5e66d7 c28bc62802b90f82 702d8f1064ab3e30 3986b68500d7704b 3fa57d488e979d74 ff88049e61f0f4ef e0269da736ddf004 bd713b37b67866c3 fd30682593995748 2a06f5614060e3b6 39f6296778264878 c31a456b544a40a8 9a0f5ee4f845c9b2 bd0f175ee98c613e ae94d8435a6847f4 b6d0f83aad4e4dc7 b24820ae14e16a24 622f2e4119882c94 4b8c7061102517ef
263,366a22fce0614fb8 de8e1345e8c305c4 3734d3b0b9232538 48cf88c17ff38c5e 8fc68213b63951dc d7d937303a6d5a9d e22c35101e190db9 853e36b1550c6274 26fc2a95df5659c2 bc2ae5f4e5d53e00 4bed80e56ea2e099 636224e349e561bf 4f2fffd7528de786 1f4f62844c3cb99c f58ff7f1a6cde683 a860b682add9de1c e6a29676c096f8e8 b760ebc5f25788d3 c6b615b2589e036d 27a12f29dceccdbd 42a5cae2a3a45557 8f578001f9d5f543 73f770f2643a2135 01e5a6edcee7deb0 64b31699d7d15934 9100ea6cd0e084bf a5d5ba33b5b1dc95 ecb768ef6fd223ca 3d6880bd12f6613f 18ced18aee04c48e
264,00d9eb862ba3dfc6 25145708d494530b 95ecdbff44ad0b60 1d0f5fdc58e3efb5 de8e1345e8c305c4 af41e2b6da3e7e02 3fa57d488e979d74 f2e30efbd27bee51 5897953fdf87b60f a853f13216170123 b760ebc5f25788d3 42a5cae2a3a45557 27a12f29dceccdbd c6b615b2589e036d bed3e73d52011f68 c5830f9d0f1e29e5 387e9cd2e5d4ea7d 7c98dedd223b36c0 96e82fa141db9a4b 03dfe518713e006c 1ba7a50457e93996 16b11706660177ff a2c35fdf07a13286 2810fb6f81d1711c 65d44c6393907290 1dc7139adba034ec 64b31699d7d15934 9100ea6cd0e084bf ac9ee0c09b538140 daa257a37227cd72
265,622f2e4119882c94 f0d53dcf0c296b57 c49d8f84a4f87f8a ce0f56b7190c268a 81b639b74256b45b b7d7d9ae1cbe0d8a f54ad8d1eb18212e aa967ad3c1f65a29 0a49074a4158155b 00e1e2eb13f650e4 ddb3810e0289c148 6899956cd6c683f0 ff88049e61f0f4ef 3fa57d488e979d74 e0269da736ddf004 3986b68500d7704b 702d8f1064ab3e30 bd713b37b67866c3 c28bc62802b90f82 0bcaac840d5e66d7 fd30682593995748 2a06f5614060e3b6 9a0f5ee4f845c9b2 39f6296778264878 4d7653ea9499eed4 942a7d26d81c841f bd0f175ee98c613e ae94d8435a6847f4 b6d0f83aad4e4dc7 b24820ae14e16a24
266,00e1e2eb13f650e4 e1460af4a7044067 01ecc81f6341e902 16b11706660177ff 1ba7a50457e93996 4522ad78bf79f0c9 3c565c1fc2316d16 cc2cc23a98c14c33 765c0695339c3abe d1e21234d7cc61d2 b3e75fdca5ca2f1a 52aa48c07b34dc88 1d0f5fdc58e3efb5 8faeacf8ca08f62d 52370bea1acd0600 9a0f5ee4f845c9b2 4d7653ea9499eed4 0bcaac840d5e66d7 c28bc62802b90f82 3986b68500d7704b 3fa57d488e979d74 ff88049e61f0f4ef e0269da736ddf004 fd30682593995748 702d8f1064ab3e30 0708923badf2ff5d 942a7d26d81c841f bd0f175ee98c613e ae94d8435a6847f4 b6d0f83aad4e4dc7
267,40583079f57235a6 2901e5309bb3f8f6 3ca7964973437917 81b639b74256b45b 47fbe21f5c35c7b4 52370bea1acd0600 4d7653ea9499eed4 9a0f5ee4f845c9b2 0bcaac840d5e66d7 c28bc62802b90f82 bbbd5d2fd957e8f7 3986b68500d7704b 3fa57d488e979d74 ff88049e61f0f4ef e0269da736ddf004 bd713b37b67866c3 fd30682593995748 2a06f5614060e3b6 39f6296778264878 e25a1da6ca187350 702d8f1064ab3e30 e7cad3748e50b0f8 0708923badf2ff5d 734dabb98795c35c 942a7d26d81c841f bd0f175ee98c613e ae94d8435a6847f4 b6d0f83aad4e4dc7 b24820ae14e16a24 5fb2d8e734956af0
268,b8e2f75014710ced bbbd5d2fd957e8f7 47fbe21f5c35c7b4 52370bea1acd0600 4d7653ea9499eed4 9a0f5ee4f845c9b2 0bcaac840d5e66d7 c28bc62802b90f82 702d8f1064ab3e30 cea18be9a89d7a81 3fa57d488e979d74 ff88049e61f0f4ef e0269da736ddf004 bd713b37b67866c3 fd30682593995748 2a06f5614060e3b6 39f6296778264878 e25a1da6ca187350 3986b68500d7704b e36475c1af5ea3ab e7cad3748e50b0f8 0708923badf2ff5d 734dabb98795c35c 942a7d26d81c841f bd0f175ee98c613e ae94d8435a6847f4 b6d0f83aad4e4dc7 5fb2d8e734956af0 622f2e4119882c94 4b8c7061102517ef
269,155600e5f1221f8c 7cea1f637ea3f37d 2820628e65a062e2 8abe670908f12614 4d29c6922b2d0d56 cc861214a89ef1f4 74873b42602d8958 b7d7d9ae1cbe0d8a a017f3358d5327aa 197fa50b30d91fe8 628accd9be98503c ddb3810e0289c148 b3e75fdca5ca2f1a 52aa48c07b34dc88 1d0f5fdc58e3efb5 81b639b74256b45b 8faeacf8ca08f62d 9a0f5ee4f845c9b2 4d7653ea9499eed4 52370bea1acd0600 0bcaac840d5e66d7 c28bc62802b90f82 3986b68500d7704b 3fa57d488e979d74 ff88049e61f0f4ef e0269da736ddf004 bd713b37b67866c3 2a06f5614060e3b6 702d8f1064ab3e30 942a7d26d81c841f
270,6899956cd6c683f0 bbbd5d2fd957e8f7 47fbe21f5c35c7b4 52370bea1acd0600 4d7653ea9499eed4 9a0f5ee4f845c9b2 0bcaac840d5e66d7 c28bc62802b90f82 90ecb28f2edb9d43 3986b68500d7704b 3fa57d488e979d74 ff88049e61f0f4ef e0269da736ddf004 bd713b37b67866c3 fd30682593995748 2a06f5614060e3b6 39f6296778264878 e25a1da6ca187350 702d8f1064ab3e30 e36475c1af5ea3ab e7cad3748e50b0f8 0708923badf2ff5d 734dabb98795c35c 942a7d26d81c841f bd0f175ee98c613e ae94d8435a6847f4 b6d0f83aad4e4dc7 cea18be9a89d7a81 622f2e4119882c94 4b8c7061102517ef
271,9b2adcf4041227d7 976baf0e84752a68 50ba507a268872e1 26f72a4eb15ea8c0 5a1149fbcbd37376 b3e75fdca5ca2f1a 52aa48c07b34dc88 1d0f5fdc58e3efb5 81b639b74256b45b 8faeacf8ca08f62d 9a0f5ee4f845c9b2 0bcaac840d5e66d7 c28bc62802b90f82 702d8f1064ab3e30 3986b68500d7704b 3fa57d488e979d74 ff88049e61f0f4ef e0269da736ddf004 bd713b37b67866c3 fd30682593995748 2a06f5614060e3b6 39f6296778264878 4d7653ea9499eed4 734dabb98795c35c 942a7d26d81c841f bd0f175ee98c613e ae94d8435a6847f4 b6d0f83aad4e4dc7 b24820ae14e16a24 622f2e4119882c94
272,27bc34b9887bec0d feddfcf56818968e 83b911ff0ff45844 5d26da95786b3a3a 3a6e7894dde31c67 a0566ca9daca7778 413c55a5ab86881a f25bfcffedaccf28 5fb2d8e734956af0 01ecc81f6341e902 e1460af4a7044067 520ec719078be07c b29ab87af6ea6310 a853f13216170123 f2e30efbd27bee51 5897953fdf87b60f 81b7c7e312bfa1a0 964a50d33717c26d 29bedd00fb2be056 528161039994b4dc 8643165b0f53df11 404031ab9d5977c4 e8b87ed7db1bcb1f 50806199c80e215c c36c2dce0e6e434f 72c2a95813ea72bd daa257a37227cd72 ac9ee0c09b538140 b0bfe0f426275870 2e4b00c01d58e79e
273,dc576af4ae66e25e 892074f7c1ef5d5e 8700059e85433b32 765c0695339c3abe c49d8f84a4f87f8a 2e2904c5373734ae 9cf6709de35bf0f3 b3e75fdca5ca2f1a 52aa48c07b34dc88 1d0f5fdc58e3efb5 6899956cd6c683f0 81b639b74256b45b 8faeacf8ca08f62d 0bcaac840d5e66d7 4d7653ea9499eed4 52370bea1acd0600 9a0f5ee4f845c9b2 c28bc62802b90f82 702d8f1064ab3e30 3986b68500d7704b 3fa57d488e979d74 ff88049e61f0f4ef e0269da736ddf004 bd713b37b67866c3 fd30682593995748 47fbe21f5c35c7b4 0708923badf2ff5d 734dabb98795c35c 942a7d26d81c841f bd0f175ee98c613e
274,de8e1345e8c305c4 81b639b74256b45b d216e5458ad70e60 42a5cae2a3a45557 b760ebc5f25788d3 c6b615b2589e036d 27a12f29dceccdbd 64b31699d7d15934 9100ea6cd0e084bf 430feb4826a5632e bc2552a642ce8497 3d6880bd12f6613f 366a22fce0614fb8 96445bec1579ec97 e228204ae08d1355 3e66b4855d0dddbe 63d95d5977c2fe98 b3e75fdca5ca2f1a 52aa48c07b34dc88 bc2ae5f4e5d53e00 d7d937303a6d5a9d 26fc2a95df5659c2 636224e349e561bf 4bed80e56ea2e099 8fc68213b63951dc 853e36b1550c6274 4f2fffd7528de786 48cf88c17ff38c5e e22c35101e190db9 1f4f62844c3cb99c
275,07f22a7ad7e4711d 00958a140c3a6de8 da904d2a54ff8cf2 47fbe21f5c35c7b4 4d7653ea9499eed4 9a0f5ee4f845c9b2 0bcaac840d5e66d7 c28bc62802b90f82 702d8f1064ab3e30 3986b68500d7704b 3fa57d488e979d74 ff88049e61f0f4ef e0269da736ddf004 bd713b37b67866c3 fd30682593995748 2a06f5614060e3b6 39f6296778264878 e25a1da6ca187350 f58ff7f1a6cde683 52370bea1acd0600 e7cad3748e50b0f8 734dabb98795c35c 942a7d26d81c841f bd0f175ee98c613e ae94d8435a6847f4 b6d0f83aad4e4dc7 b24820ae14e16a24 622f2e4119882c94 c31a456b544a40a8 af8e70f978cd5aee
276,4c0eee2c1a5e76e2 6e239f4dd4b6aed7 dc17b07476183764 0c15f252d30646fc 63d509cd2a2e0e47 81b639b74256b45b 52370bea1acd0600 9a0f5ee4f845c9b2 0bcaac840d5e66d7 c28bc62802b90f82 702d8f1064ab3e30 3986b68500d7704b 3fa57d488e979d74 ff88049e61f0f4ef e0269da736ddf004 bd713b37b67866c3 fd30682593995748 2a06f5614060e3b6 39f6296778264878 e25a1da6ca187350 4d7653ea9499eed4 734dabb98795c35c 942a7d26d81c841f bd0f175ee98c613e ae94d8435a6847f4 b6d0f83aad4e4dc7 b24820ae14e16a24 622f2e4119882c94 4b8c7061102517ef 47fbe21f5c35c7b4
277,f29eee8054c061e1 46315cf30aaee51c 81b639b74256b45b 52370bea1acd0600 4d7653ea9499eed4 9a0f5ee4f845c9b2 0bcaac840d5e66d7 c28bc62802b90f82 702d8f1064ab3e30 3986b68500d7704b 3fa57d488e979d74 ff88049e61f0f4ef f58ff7f1a6cde683 bd713b37b67866c3 fd30682593995748 2a06f5614060e3b6 39f6296778264878 e25a1da6ca187350 c31a456b544a40a8 e0269da736ddf004 0708923badf2ff5d 734dabb98795c35c 942a7d26d81c841f bd0f175ee98c613e ae94d8435a6847f4 b6d0f83aad4e4dc7 b24820ae14e16a24 622f2e4119882c94 47fbe21f5c35c7b4 af8e70f978cd5aee
278,00e1e2eb13f650e4 6899956cd6c683f0 bbbd5d2fd957e8f7 47fbe21f5c35c7b4 52370bea1acd0600 4d7653ea9499eed4 9a0f5ee4f845c9b2 0bcaac840d5e66d7 c28bc62802b90f82 cea18be9a89d7a81 3986b68500d7704b 3fa57d488e979d74 ff88049e61f0f4ef e0269da736ddf004 bd713b37b67866c3 fd30682593995748 2a06f5614060e3b6 39f6296778264878 702d8f1064ab3e30 e36475c1af5ea3ab e7cad3748e50b0f8 0708923badf2ff5d 734dabb98795c35c 942a7d26d81c841f bd0f175ee98c613e ae94d8435a6847f4 b6d0f83aad4e4dc7 5fb2d8e734956af0 622f2e4119882c94 4b8c7061102517ef
279,b50b4e27b03c7b37 5a1149fbcbd37376 047769588be1aea9 61ba7707ef6a5a99 74873b42602d8958 351c9da399c2b915 46315cf30aaee51c 74244a8703c03720 4d7653ea9499eed4 9a0f5ee4f845c9b2 0bcaac840d5e66d7 c28bc62802b90f82 702d8f1064ab3e30 3986b68500d7704b 3fa57d488e979d74 52370bea1acd0600 e0269da736ddf004 bd713b37b67866c3 fd30682593995748 2a06f5614060e3b6 39f6296778264878 ff88049e61f0f4ef 0708923badf2ff5d 942a7d26d81c841f bd0f175ee98c613e ae94d8435a6847f4 b6d0f83aad4e4dc7 b24820ae14e16a24 622f2e4119882c94 4b8c7061102517ef
280,40583079f57235a6 2901e5309bb3f8f6 00e1e2eb13f650e4 3ca7964973437917 bbbd5d2fd957e8f7 47fbe21f5c35c7b4 52370bea1acd0600 4d7653ea9499eed4 9a0f5ee4f845c9b2 0bcaac840d5e66d7 cea18be9a89d7a81 702d8f1064ab3e30 3986b68500d7704b 3fa57d488e979d74 ff88049e61f0f4ef e0269da736ddf004 bd713b37b67866c3 fd30682593995748 2a06f5614060e3b6 39f6296778264878 c28bc62802b90f82 e7cad3748e50b0f8 0708923badf2ff5d 734dabb98795c35c 942a7d26d81c841f bd0f175ee98c613e ae94d8435a6847f4 b6d0f83aad4e4dc7 b24820ae14e16a24 5fb2d8e734956af0
281,29bedd00fb2be056 455fde214d16d350 33856365c271aea4 5989fb934598c1a7 07f22a7ad7e4711d 25a3b47fe31bc6b5 ddb3810e0289c148 387e9cd2e5d4ea7d ebfda3b48083e390 42c9b72cc77dcb28 025a148c3a53bd9f c5830f9d0f1e29e5 7155e5a86136eb02 65708d542bd01f39 57113c2a4cacd961 4d954d933e606b70 095bb1b6ecbd0a50 8643165b0f53df11 3ca7964973437917 eff60ceea8817dad 1f423f368aebf7f3 26fc2a95df5659c2 855f2f0354e102c7 63d95d5977c2fe98 7ee52d2519eea367 44d324ebd3e22ad7 1398b478b71773ed 4d417b203b333363 587e0b2a4811fab1 b6a1c97f19af78d0
282,7d83ffe83f61bdc4 bbbd5d2fd957e8f7 ee3ed9a3f51336cd db0e648651f4c92b 0220a434aa8bf029 6461a9faa871b3ac 2b48ab08c915c0ad 7e4a4a1300b77a06 9d5edf3b993fee50 ae77487a89f2610c 5430097e23000368 52e459a551d4ac2d e36475c1af5ea3ab 35488b3b8b781278 81b639b74256b45b 9a0f5ee4f845c9b2 0bcaac840d5e66d7 c28bc62802b90f82 702d8f1064ab3e30 3986b68500d7704b 3fa57d488e979d74 ff88049e61f0f4ef e0269da736ddf004 bd713b37b67866c3 2a06f5614060e3b6 4d7653ea9499eed4 942a7d26d81c841f bd0f175ee98c613e ae94d8435a6847f4 b6d0f83aad4e4dc7
283,4d954d933e606b70 e1460af4a7044067 01ecc81f6341e902 16b11706660177ff 1ba7a50457e93996 4522ad78bf79f0c9 3c565c1fc2316d16 765c0695339c3abe 47fbe21f5c35c7b4 52370bea1acd0600 4d7653ea9499eed4 9a0f5ee4f845c9b2 0bcaac840d5e66d7 c28bc62802b90f82 bbbd5d2fd957e8f7 3986b68500d7704b 3fa57d488e979d74 ff88049e61f0f4ef e0269da736ddf004 bd713b37b67866c3 2a06f5614060e3b6 702d8f1064ab3e30 0708923badf2ff5d 734dabb98795c35c 942a7d26d81c841f bd0f175ee98c613e ae94d8435a6847f4 b6d0f83aad4e4dc7 b24820ae14e16a24 622f2e4119882c94
284,ba5199dba342af68 238de368bb05c0ec 7d83ffe83f61bdc4 ee3ed9a3f51336cd bbbd5d2fd957e8f7 db0e648651f4c92b 0220a434aa8bf029 6461a9faa871b3ac 2b48ab08c915c0ad 7e4a4a1300b77a06 9d5edf3b993fee50 ae77487a89f2610c 5430097e23000368 52e459a551d4ac2d e36475c1af5ea3ab 35488b3b8b781278 81b639b74256b45b 3fa57d488e979d74 3986b68500d7704b 702d8f1064ab3e30 ff88049e61f0f4ef c28bc62802b90f82 bd0f175ee98c613e e0269da736ddf004 0bcaac840d5e66d7 bd713b37b67866c3 9a0f5ee4f845c9b2 4d7653ea9499eed4 b6d0f83aad4e4dc7 b24820ae14e16a24
285,ddb3810e0289c148 1d0f5fdc58e3efb5 81b639b74256b45b 52370bea1acd0600 4d7653ea9499eed4 9a0f5ee4f845c9b2 0bcaac840d5e66d7 c28bc62802b90f82 702d8f1064ab3e30 3986b68500d7704b 3fa57d488e979d74 f58ff7f1a6cde683 e0269da736ddf004 bd713b37b67866c3 fd30682593995748 2a06f5614060e3b6 39f6296778264878 e25a1da6ca187350 c31a456b544a40a8 ff88049e61f0f4ef 0708923badf2ff5d 734dabb98795c35c 942a7d26d81c841f bd0f175ee98c613e ae94d8435a6847f4 b6d0f83aad4e4dc7 b24820ae14e16a24 622f2e4119882c94 47fbe21f5c35c7b4 af8e70f978cd5aee
286,fd57e641d06ebda7 285657fcdf89f00d 6899956cd6c683f0 47fbe21f5c35c7b4 52370bea1acd0600 4d7653ea9499eed4 9a0f5ee4f845c9b2 0bcaac840d5e66d7 c28bc62802b90f82 702d8f1064ab3e30 c31a456b544a40a8 3fa57d488e979d74 ff88049e61f0f4ef e0269da736ddf004 bd713b37b67866c3 fd30682593995748 2a06f5614060e3b6 39f6296778264878 e25a1da6ca187350 3986b68500d7704b e7cad3748e50b0f8 0708923badf2ff5d 734dabb98795c35c 942a7d26d81c841f bd0f175ee98c613e ae94d8435a6847f4 b6d0f83aad4e4dc7 b24820ae14e16a24 bbbd5d2fd957e8f7 4b8c7061102517ef
287,fd57e641d06ebda7 47fbe21f5c35c7b4 52370bea1acd0600 4d7653ea9499eed4 9a0f5ee4f845c9b2 0bcaac840d5e66d7 c28bc62802b90f82 702d8f1064ab3e30 3986b68500d7704b e36475c1af5ea3ab ff88049e61f0f4ef e0269da736ddf004 bd713b37b67866c3 fd30682593995748 2a06f5614060e3b6 39f6296778264878 e25a1da6ca187350 3fa57d488e979d74 e7cad3748e50b0f8 0708923badf2ff5d 734dabb98795c35c 942a7d26d81c841f bd0f175ee98c613e ae94d8435a6847f4 b6d0f83aad4e4dc7 b24820ae14e16a24 bbbd5d2fd957e8f7 4b8c7061102517ef af8e70f978cd5aee 5ebb4d2f5f1c1f13
288,3986b68500d7704b 7c8324ce28ffb96e d1e21234d7cc61d2 b3e75fdca5ca2f1a 52aa48c07b34dc88 1d0f5fdc58e3efb5 8faeacf8ca08f62d 52370bea1acd0600 4d7653ea9499eed4 9a0f5ee4f845c9b2 0bcaac840d5e66d7 c28bc62802b90f82 702d8f1064ab3e30 47fbe21f5c35c7b4 ff88049e61f0f4ef e0269da736ddf004 bd713b37b67866c3 fd30682593995748 2a06f5614060e3b6 39f6296778264878 e25a1da6ca187350 3fa57d488e979d74 e7cad3748e50b0f8 0708923badf2ff5d 734dabb98795c35c 942a7d26d81c841f bd0f175ee98c613e ae94d8435a6847f4 b6d0f83aad4e4dc7 b24820ae14e16a24
289,2901e5309bb3f8f6 0897dcfae16e280f 40583079f57235a6 3ca7964973437917 46315cf30aaee51c c49d8f84a4f87f8a b3e75fdca5ca2f1a 52aa48c07b34dc88 1d0f5fdc58e3efb5 81b639b74256b45b 8faeacf8ca08f62d bd713b37b67866c3 9a0f5ee4f845c9b2 e0269da736ddf004 fd30682593995748 ff88049e61f0f4ef 3fa57d488e979d74 2a06f5614060e3b6 3986b68500d7704b 702d8f1064ab3e30 c28bc62802b90f82 0bcaac840d5e66d7 39f6296778264878 c31a456b544a40a8 734dabb98795c35c bd0f175ee98c613e ae94d8435a6847f4 b6d0f83aad4e4dc7 b24820ae14e16a24 622f2e4119882c94
290,35488b3b8b781278 43c354dbf952caaa ae77487a89f2610c cb3e4ce97e7f2881 7d83ffe83f61bdc4 d1e21234d7cc61d2 ce0f56b7190c268a b6e72edcad270be0 bbbd5d2fd957e8f7 ee3ed9a3f51336cd db0e648651f4c92b 1fe79c7de59ff6c6 72c2a95813ea72bd b7d7d9ae1cbe0d8a 0e45c4c185f35df6 0220a434aa8bf029 4522ad78bf79f0c9 0451447dd64f6284 d0f6c00eec5eb973 0f33ce8d8014f308 50806199c80e215c 6461a9faa871b3ac 9f4e0d572b1f4e6c 2b48ab08c915c0ad 4d9214c0925e5af8 c36c2dce0e6e434f 2e031d83339759b2 7e4a4a1300b77a06 9d5edf3b993fee50 702d8f1064ab3e30
291,cc2cc23a98c14c33 00e1e2eb13f650e4 6899956cd6c683f0 81b639b74256b45b cea18be9a89d7a81 bbbd5d2fd957e8f7 47fbe21f5c35c7b4 52370bea1acd0600 4d7653ea9499eed4 9a0f5ee4f845c9b2 0bcaac840d5e66d7 5fb2d8e734956af0 702d8f1064ab3e30 3986b68500d7704b 3fa57d488e979d74 ff88049e61f0f4ef e0269da736ddf004 bd713b37b67866c3 fd30682593995748 39f6296778264878 c28bc62802b90f82 e36475c1af5ea3ab e7cad3748e50b0f8 0708923badf2ff5d 734dabb98795c35c 942a7d26d81c841f bd0f175ee98c613e ae94d8435a6847f4 b6d0f83aad4e4dc7 2a06f5614060e3b6
292,047769588be1aea9 351c9da399c2b915 46315cf30aaee51c 64267373570e4ea3 74244a8703c03720 0cd920bad11c716d 316382267dcd804f 40583079f57235a6 2901e5309bb3f8f6 00d9f8d3f7d412b3 238ec735a13a3f09 b0b5e62a93a2c37c c810ac016901e8ac 9a439fd1abf95245 e7828f0ea9749505 3ca7964973437917 18b1d2d84c97a364 d64c06baf5ef1c90 39f6296778264878 fd30682593995748 bd713b37b67866c3 e0269da736ddf004 ff88049e61f0f4ef 3fa57d488e979d74 3986b68500d7704b b6d0f83aad4e4dc7 b24820ae14e16a24 702d8f1064ab3e30 2a06f5614060e3b6 622f2e4119882c94
293,22e8d6734e4121ae 4105533fe46dfba9 6cb9ab508a0678a0 059bbdbdb843af6a 155600e5f1221f8c 7cea1f637ea3f37d 6aac5e116b75aa22 54a11cbcd7a32af4 c28bc62802b90f82 796888cc3443006c d92c0298f76ccf77 4491016efed845f1 393f49286db04aeb 2820628e65a062e2 e7828f0ea9749505 50cb6a6c60ad711a 047769588be1aea9 a9eef13786610446 01020d1b0821f4c7 bd9cd6b87a4fe0ce 05e4165a56bf50eb 2bafd15871caae91 351c9da399c2b915 46315cf30aaee51c 74244a8703c03720 50ba507a268872e1 0683b6a78f54be75 bc2552a642ce8497 40583079f57235a6 83f5a9732f0de67f
294,01104a026d22ae55 316382267dcd804f 0cd920bad11c716d 238ec735a13a3f09 b0b5e62a93a2c37c 00d9f8d3f7d412b3 c810ac016901e8ac 9a439fd1abf95245 e7828f0ea9749505 18b1d2d84c97a364 d64c06baf5ef1c90 39f6296778264878 fd30682593995748 bd713b37b67866c3 e0269da736ddf004 ff88049e61f0f4ef 3fa57d488e979d74 3986b68500d7704b 702d8f1064ab3e30 2a06f5614060e3b6 c28bc62802b90f82 e25a1da6ca187350 0bcaac840d5e66d7 c31a456b544a40a8 9a0f5ee4f845c9b2 942a7d26d81c841f bd0f175ee98c613e ae94d8435a6847f4 b6d0f83aad4e4dc7 b24820ae14e16a24
295,451e7ba901ad661d 537a55eda51a3f60 a84cd36608cb8665 a982b5c3aed39396 63d95d5977c2fe98 9b2adcf4041227d7 976baf0e84752a68 fd30682593995748 a1314cd417504572 e740c80fce094788 fc16a50ff0baec53 64907c4568244eb4 52e459a551d4ac2d 781aaf62a955e4e8 4d7653ea9499eed4 0bcaac840d5e66d7 9a0f5ee4f845c9b2 c28bc62802b90f82 702d8f1064ab3e30 3986b68500d7704b ff88049e61f0f4ef e0269da736ddf004 bd713b37b67866c3 2a06f5614060e3b6 39f6296778264878 3fa57d488e979d74 734dabb98795c35c 942a7d26d81c841f bd0f175ee98c613e ae94d8435a6847f4
296,46315cf30aaee51c f2234bb7ce0c6f59 05f23e7d05dbf7c2 0fbd0f422e926816 d35e11d3d1ab3c67 0d0368139e9a647f 72403ecdfe02bba6 33856365c271aea4 a292248bb2bffb3d 73391e0853c1e040 ffa9091747ae2466 81b639b74256b45b 702d8f1064ab3e30 3986b68500d7704b c28bc62802b90f82 3fa57d488e979d74 9a0f5ee4f845c9b2 ff88049e61f0f4ef e0269da736ddf004 bd713b37b67866c3 fd30682593995748 2a06f5614060e3b6 39f6296778264878 e25a1da6ca187350 0bcaac840d5e66d7 bd0f175ee98c613e ae94d8435a6847f4 b6d0f83aad4e4dc7 b24820ae14e16a24 622f2e4119882c94
297,e461837f0fb35048 9cf6709de35bf0f3 d1e21234d7cc61d2 47fbe21f5c35c7b4 52370bea1acd0600 4d7653ea9499eed4 9a0f5ee4f845c9b2 0bcaac840d5e66d7 c28bc62802b90f82 702d8f1064ab3e30 c31a456b544a40a8 3fa57d488e979d74 ff88049e61f0f4ef e0269da736ddf004 bd713b37b67866c3 fd30682593995748 2a06f5614060e3b6 39f6296778264878 e25a1da6ca187350 3986b68500d7704b e7cad3748e50b0f8 0708923badf2ff5d 734dabb98795c35c 942a7d26d81c841f bd0f175ee98c613e ae94d8435a6847f4 b6d0f83aad4e4dc7 b24820ae14e16a24 bbbd5d2fd957e8f7 4b8c7061102517ef
298,636224e349e561bf 26fc2a95df5659c2 8fc68213b63951dc d7d937303a6d5a9d 4bed80e56ea2e099 bc2ae5f4e5d53e00 48cf88c17ff38c5e 3734d3b0b9232538 e22c35101e190db9 853e36b1550c6274 1f4f62844c3cb99c 4f2fffd7528de786 66ccd03c9e03ac06 57113c2a4cacd961 92f42fbd0c38f7fd 22756be6fd061d4c 9a0f5ee4f845c9b2 4535ce2e3dced00f a9223c28b10c131f b6e646c13d0753ae 316382267dcd804f 0cd920bad11c716d 40583079f57235a6 2901e5309bb3f8f6 1a8e5d6512d9e2d8 b0b5e62a93a2c37c 238ec735a13a3f09 00d9f8d3f7d412b3 128d583954b18074 bc27d5dc9bab1c18
299,ba5199dba342af68 238de368bb05c0ec 7d83ffe83f61bdc4 bbbd5d2fd957e8f7 ee3ed9a3f51336cd db0e648651f4c92b 0220a434aa8bf029 6461a9faa871b3ac 2b48ab08c915c0ad 7e4a4a1300b77a06 9d5edf3b993fee50 ae77487a89f2610c 5430097e23000368 52e459a551d4ac2d e36475c1af5ea3ab 35488b3b8b781278 b3e75fdca5ca2f1a 52aa48c07b34dc88 1d0f5fdc58e3efb5 8faeacf8ca08f62d 9a0f5ee4f845c9b2 0bcaac840d5e66d7 c28bc62802b90f82 3986b68500d7704b 3fa57d488e979d74 ff88049e61f0f4ef e0269da736ddf004 bd713b37b67866c3 702d8f1064ab3e30 734dabb98795c35c
300,04fda7c9d8971ec0 fd30682593995748 a1314cd417504572 64907c4568244eb4 f58ff7f1a6cde683 e6a29676c096f8e8 a860b682add9de1c c6b615b2589e036d 27a12f29dceccdbd 42a5cae2a3a45557 b760ebc5f25788d3 01e5a6edcee7deb0 73f770f2643a2135 8f578001f9d5f543 9100ea6cd0e084bf 64b31699d7d15934 f9c6286cff30aaa8 ff88049e61f0f4ef b749972436ac9791 0195950ce0f47e34 2359719a0f40ffac 622f2e4119882c94 43b3338423d7386c 4d32dae7b43c489a 5048a37f10cf2d91 e878efab7c37179e 025a148c3a53bd9f 39f6296778264878 6e12311169bcb24c 9c9a9d45c2ea7ddf
301,29bedd00fb2be056 455fde214d16d350 33856365c271aea4 5989fb934598c1a7 07f22a7ad7e4711d 25a3b47fe31bc6b5 ddb3810e0289c148 387e9cd2e5d4ea7d ebfda3b48083e390 42c9b72cc77dcb28 025a148c3a53bd9f c5830f9d0f1e29e5 7155e5a86136eb02 65708d542bd01f39 57113c2a4cacd961 4d954d933e606b70 095bb1b6ecbd0a50 8643165b0f53df11 3ca7964973437917 eff60ceea8817dad 1f423f368aebf7f3 26fc2a95df5659c2 855f2f0354e102c7 63d95d5977c2fe98 7ee52d2519eea367 44d324ebd3e22ad7 1398b478b71773ed 4d417b203b333363 587e0b2a4811fab1 b6a1c97f19af78d0
302,2cebd52b41930f0a 6d80d2e62d01f6bc dea5e9227fbbac29 b2ee9eea2d974c90 95d25d38ba7df9c7 a853f13216170123 5897953fdf87b60f f2e30efbd27bee51 50806199c80e215c a04d6febd82a4389 b05b5f6850cfa158 19e8f436d4b2fc25 ec1b3d7ccd3984d0 da7d3c2d591c4295 42bb83d7c4b9ecae bd0f175ee98c613e 5b16bae6a0de7c88 d3c4a7db726191e0 4c3802a1bd3c842e ddf332f2b55a2a23 5c8c6d9a1fd4c1e0 29bedd00fb2be056 8643165b0f53df11 964a50d33717c26d 528161039994b4dc 81b7c7e312bfa1a0 404031ab9d5977c4 e8b87ed7db1bcb1f 520ec719078be07c b29ab87af6ea6310
303,33856365c271aea4 05f23e7d05dbf7c2 0fbd0f422e926816 f2234bb7ce0c6f59 d35e11d3d1ab3c67 0d0368139e9a647f 72403ecdfe02bba6 a292248bb2bffb3d ffa9091747ae2466 73391e0853c1e040 c08c3765ac609cc0 0eafda717681bbdc 74e59c5820900b17 dac29ed8400b50cc f705b637f624147e 5b34da30b93eb123 4d417b203b333363 b749972436ac9791 2359719a0f40ffac a9eef13786610446 f46601a9955f9949 005666aa098abe8e 44d324ebd3e22ad7 00d9eb862ba3dfc6 25145708d494530b 95ecdbff44ad0b60 366a22fce0614fb8 6899956cd6c683f0 3b6d27775fce1c7b ae94d8435a6847f4
304,a9dad59c7055b56c cc2cc23a98c14c33 f1a3b8b13e9401c0 00e1e2eb13f650e4 6899956cd6c683f0 81b639b74256b45b 5fb2d8e734956af0 cea18be9a89d7a81 bbbd5d2fd957e8f7 47fbe21f5c35c7b4 52370bea1acd0600 4d7653ea9499eed4 9a0f5ee4f845c9b2 0bcaac840d5e66d7 702d8f1064ab3e30 3986b68500d7704b 3fa57d488e979d74 ff88049e61f0f4ef e0269da736ddf004 bd713b37b67866c3 2a06f5614060e3b6 c28bc62802b90f82 e36475c1af5ea3ab e7cad3748e50b0f8 0708923badf2ff5d 734dabb98795c35c 942a7d26d81c841f bd0f175ee98c613e ae94d8435a6847f4 b6d0f83aad4e4dc7
305,b3e75fdca5ca2f1a cc0c9419f8a20603 52aa48c07b34dc88 1d0f5fdc58e3efb5 8faeacf8ca08f62d 00e1e2eb13f650e4 6899956cd6c683f0 bd713b37b67866c3 e0269da736ddf004 ff88049e61f0f4ef fd30682593995748 3fa57d488e979d74 2a06f5614060e3b6 3986b68500d7704b 702d8f1064ab3e30 c28bc62802b90f82 0bcaac840d5e66d7 9a0f5ee4f845c9b2 4d7653ea9499eed4 52370bea1acd0600 39f6296778264878 47fbe21f5c35c7b4 e7cad3748e50b0f8 0708923badf2ff5d 734dabb98795c35c 942a7d26d81c841f bd0f175ee98c613e ae94d8435a6847f4 b6d0f83aad4e4dc7 b24820ae14e16a24
306,bbbd5d2fd957e8f7 ee3ed9a3f51336cd 6461a9faa871b3ac 52e459a551d4ac2d b0b5e62a93a2c37c 00d9f8d3f7d412b3 238ec735a13a3f09 fd30682593995748 a1314cd417504572 8abe670908f12614 7d83ffe83f61bdc4 db0e648651f4c92b da904d2a54ff8cf2 0220a434aa8bf029 2b48ab08c915c0ad 7e4a4a1300b77a06 9d5edf3b993fee50 ae77487a89f2610c 5430097e23000368 e36475c1af5ea3ab 35488b3b8b781278 3986b68500d7704b 702d8f1064ab3e30 3fa57d488e979d74 c28bc62802b90f82 ff88049e61f0f4ef e0269da736ddf004 bd713b37b67866c3 2a06f5614060e3b6 0bcaac840d5e66d7
307,ce8cb4351b8c0f6e 04886579947a80c2 1d0f5fdc58e3efb5 81b639b74256b45b 48a76e3aff69d605 25145708d494530b 00d9eb862ba3dfc6 95ecdbff44ad0b60 366a22fce0614fb8 3b6d27775fce1c7b ae94d8435a6847f4 538c7bb968b2154c 87c5481930cfe126 4b05967001421eab 2a06f5614060e3b6 8a5635c748344d47 a2805ed52b47b8ec 22dc81380cf4baec b1dcaca98bb76736 fa173131f15f5534 f49e13a653cbdad2 eff60ceea8817dad 95d25d38ba7df9c7 b2ee9eea2d974c90 a982b5c3aed39396 f58ff7f1a6cde683 e6a29676c096f8e8 a860b682add9de1c 3a6e7894dde31c67 b3e75fdca5ca2f1a
308,cc2cc23a98c14c33 b3e75fdca5ca2f1a 52aa48c07b34dc88 1d0f5fdc58e3efb5 8faeacf8ca08f62d 47fbe21f5c35c7b4 52370bea1acd0600 4d7653ea9499eed4 9a0f5ee4f845c9b2 0bcaac840d5e66d7 c28bc62802b90f82 702d8f1064ab3e30 3986b68500d7704b ff88049e61f0f4ef e0269da736ddf004 bd713b37b67866c3 fd30682593995748 2a06f5614060e3b6 39f6296778264878 e25a1da6ca187350 3fa57d488e979d74 734dabb98795c35c 942a7d26d81c841f bd0f175ee98c613e ae94d8435a6847f4 b6d0f83aad4e4dc7 b24820ae14e16a24 622f2e4119882c94 4b8c7061102517ef bbbd5d2fd957e8f7
309,055d895a3b26e466 4b8c7061102517ef 74873b42602d8958 47fbe21f5c35c7b4 52370bea1acd0600 4d7653ea9499eed4 9a0f5ee4f845c9b2 0bcaac840d5e66d7 c28bc62802b90f82 702d8f1064ab3e30 3986b68500d7704b bbbd5d2fd957e8f7 ff88049e61f0f4ef e0269da736ddf004 bd713b37b67866c3 fd30682593995748 2a06f5614060e3b6 39f6296778264878 e25a1da6ca187350 3fa57d488e979d74 e7cad3748e50b0f8 0708923badf2ff5d 734dabb98795c35c 942a7d26d81c841f bd0f175ee98c613e ae94d8435a6847f4 b6d0f83aad4e4dc7 b24820ae14e16a24 cea18be9a89d7a81 af8e70f978cd5aee
310,249bf372159f33e9 dc17b07476183764 00e1e2eb13f650e4 bbbd5d2fd957e8f7 47fbe21f5c35c7b4 52370bea1acd0600 4d7653ea9499eed4 9a0f5ee4f845c9b2 0bcaac840d5e66d7 c28bc62802b90f82 702d8f1064ab3e30 3fa57d488e979d74 ff88049e61f0f4ef e0269da736ddf004 bd713b37b67866c3 fd30682593995748 2a06f5614060e3b6 39f6296778264878 e25a1da6ca187350 3986b68500d7704b e7cad3748e50b0f8 0708923badf2ff5d 734dabb98795c35c 942a7d26d81c841f bd0f175ee98c613e ae94d8435a6847f4 b6d0f83aad4e4dc7 b24820ae14e16a24 cea18be9a89d7a81 4b8c7061102517ef
311,01ecc81f6341e902 e1460af4a7044067 16b11706660177ff 1ba7a50457e93996 4522ad78bf79f0c9 3c565c1fc2316d16 765c0695339c3abe 81b639b74256b45b 6899956cd6c683f0 52370bea1acd0600 4d7653ea9499eed4 9a0f5ee4f845c9b2 0bcaac840d5e66d7 c28bc62802b90f82 702d8f1064ab3e30 47fbe21f5c35c7b4 942a7d26d81c841f 3fa57d488e979d74 ff88049e61f0f4ef e0269da736ddf004 bd713b37b67866c3 fd30682593995748 734dabb98795c35c 3986b68500d7704b 2a06f5614060e3b6 cea18be9a89d7a81 bd0f175ee98c613e 5fb2d8e734956af0 447fc00f40d71d08 45bd99d5d2eef776
312,e4a7a996ed6a5a81 8e0cc5199a0ee659 538c7bb968b2154c 87c5481930cfe126 3fa57d488e979d74 f2234bb7ce0c6f59 05f23e7d05dbf7c2 0fbd0f422e926816 dac29ed8400b50cc 74e59c5820900b17 6e239f4dd4b6aed7 b749972436ac9791 acae1d29289b1266 50ba507a268872e1 db7342eff9200020 622f2e4119882c94 61ba7707ef6a5a99 0eafda717681bbdc f46601a9955f9949 65254e0d209fd66e c08c3765ac609cc0 b6d0f83aad4e4dc7 5989fb934598c1a7 b3e75fdca5ca2f1a 52aa48c07b34dc88 1d0f5fdc58e3efb5 81b639b74256b45b 8faeacf8ca08f62d af8e70f978cd5aee c31a456b544a40a8
313,29bedd00fb2be056 455fde214d16d350 33856365c271aea4 5989fb934598c1a7 07f22a7ad7e4711d 25a3b47fe31bc6b5 ddb3810e0289c148 387e9cd2e5d4ea7d ebfda3b48083e390 42c9b72cc77dcb28 025a148c3a53bd9f c5830f9d0f1e29e5 7155e5a86136eb02 65708d542bd01f39 57113c2a4cacd961 4d954d933e606b70 095bb1b6ecbd0a50 8643165b0f53df11 3ca7964973437917 eff60ceea8817dad 1f423f368aebf7f3 26fc2a95df5659c2 855f2f0354e102c7 63d95d5977c2fe98 7ee52d2519eea367 44d324ebd3e22ad7 1398b478b71773ed 4d417b203b333363 587e0b2a4811fab1 b6a1c97f19af78d0
314,a982b5c3aed39396 b3e75fdca5ca2f1a 63d95d5977c2fe98 e740c80fce094788 8faeacf8ca08f62d 52aa48c07b34dc88 2901e5309bb3f8f6 fc16a50ff0baec53 52e459a551d4ac2d c49d8f84a4f87f8a 1d0f5fdc58e3efb5 781aaf62a955e4e8 fc21db75b354a917 587e0b2a4811fab1 4dba7ce835494a63 b24820ae14e16a24 9f3d2ca16f358290 8f578001f9d5f543 01e5a6edcee7deb0 73f770f2643a2135 a5d5ba33b5b1dc95 f9c6286cff30aaa8 00e1e2eb13f650e4 a65e30106ea50423 00d9eb862ba3dfc6 25145708d494530b 95ecdbff44ad0b60 4d32dae7b43c489a 4beacc71024f8b08 366a22fce0614fb8
315,702d8f1064ab3e30 de35d2410e916471 24c47959ea77b15b f44f74b3451aa593 5570ef88d970e9b4 734dabb98795c35c c14d5b16840d3032 cc507a0d6fcf4a1c 18ced18aee04c48e 6aac5e116b75aa22 796888cc3443006c 54a11cbcd7a32af4 c28bc62802b90f82 4491016efed845f1 d92c0298f76ccf77 393f49286db04aeb 5ebb4d2f5f1c1f13 e7828f0ea9749505 922e625fae98b3b9 50cb6a6c60ad711a a9eef13786610446 01020d1b0821f4c7 bd9cd6b87a4fe0ce 05e4165a56bf50eb 2bafd15871caae91 0683b6a78f54be75 bc2552a642ce8497 83f5a9732f0de67f 8566d15270eb5e83 b3e75fdca5ca2f1a
316,81b639b74256b45b 47fbe21f5c35c7b4 52370bea1acd0600 4d7653ea9499eed4 9a0f5ee4f845c9b2 0bcaac840d5e66d7 c28bc62802b90f82 702d8f1064ab3e30 3986b68500d7704b bbbd5d2fd957e8f7 ff88049e61f0f4ef e0269da736ddf004 bd713b37b67866c3 fd30682593995748 2a06f5614060e3b6 39f6296778264878 e25a1da6ca187350 c31a456b544a40a8 3fa57d488e979d74 e7cad3748e50b0f8 0708923badf2ff5d 734dabb98795c35c 942a7d26d81c841f bd0f175ee98c613e ae94d8435a6847f4 b6d0f83aad4e4dc7 b24820ae14e16a24 cea18be9a89d7a81 4b8c7061102517ef af8e70f978cd5aee
317,d6ed7e4b14c51296 0683b6a78f54be75 955e465ce0788ea6 0f33ce8d8014f308 f48d0fbea7dc2782 8e0760918e88e4a9 db69d4cbfef8d22f 0b774cf90856c4da 7cea1f637ea3f37d 155600e5f1221f8c 2820628e65a062e2 7d83ffe83f61bdc4 bbbd5d2fd957e8f7 ee3ed9a3f51336cd db0e648651f4c92b 0220a434aa8bf029 6461a9faa871b3ac 2b48ab08c915c0ad 7e4a4a1300b77a06 9d5edf3b993fee50 a017f3358d5327aa ae77487a89f2610c 5430097e23000368 52e459a551d4ac2d e36475c1af5ea3ab 35488b3b8b781278 45bd99d5d2eef776 447fc00f40d71d08 5fb2d8e734956af0 cea18be9a89d7a81
318,74873b42602d8958 81b639b74256b45b d216e5458ad70e60 8abe670908f12614 430feb4826a5632e bc2552a642ce8497 cb3e4ce97e7f2881 d1e21234d7cc61d2 b6e72edcad270be0 48a76e3aff69d605 1fe79c7de59ff6c6 72c2a95813ea72bd 0e45c4c185f35df6 da904d2a54ff8cf2 4522ad78bf79f0c9 0451447dd64f6284 d0f6c00eec5eb973 0f33ce8d8014f308 50806199c80e215c 9f4e0d572b1f4e6c 4d9214c0925e5af8 c36c2dce0e6e434f 2e031d83339759b2 702d8f1064ab3e30 4b29fc21f912754d a492bd402afd5c71 942a7d26d81c841f 5867d40811c0229f ae77487a89f2610c 148ac4a56a18844d
319,59c231f8fd21260c 316382267dcd804f 0cd920bad11c716d 238ec735a13a3f09 b0b5e62a93a2c37c 00d9f8d3f7d412b3 c810ac016901e8ac 9a439fd1abf95245 e7828f0ea9749505 18b1d2d84c97a364 d64c06baf5ef1c90 39f6296778264878 a84cd36608cb8665 0bcaac840d5e66d7 c28bc62802b90f82 702d8f1064ab3e30 3986b68500d7704b 9a0f5ee4f845c9b2 ff88049e61f0f4ef e0269da736ddf004 bd713b37b67866c3 fd30682593995748 2a06f5614060e3b6 e25a1da6ca187350 f58ff7f1a6cde683 3fa57d488e979d74 942a7d26d81c841f bd0f175ee98c613e ae94d8435a6847f4 b6d0f83aad4e4dc7
320,e5fb8dc5c9cb4a19 6e1b6b53c9710940 81b639b74256b45b 47fbe21f5c35c7b4 52370bea1acd0600 4d7653ea9499eed4 9a0f5ee4f845c9b2 0bcaac840d5e66d7 c28bc62802b90f82 702d8f1064ab3e30 bbbd5d2fd957e8f7 3fa57d488e979d74 ff88049e61f0f4ef e0269da736ddf004 bd713b37b67866c3 fd30682593995748 2a06f5614060e3b6 39f6296778264878 e25a1da6ca187350 c31a456b544a40a8 3986b68500d7704b 0708923badf2ff5d 734dabb98795c35c 942a7d26d81c841f bd0f175ee98c613e ae94d8435a6847f4 b6d0f83aad4e4dc7 b24820ae14e16a24 622f2e4119882c94 cea18be9a89d7a81
321,148ac4a56a18844d 00ff646ca6637bd7 f29eee8054c061e1 316382267dcd804f 0cd920bad11c716d 238ec735a13a3f09 b0b5e62a93a2c37c 00d9f8d3f7d412b3 c810ac016901e8ac 9a439fd1abf95245 e7828f0ea9749505 18b1d2d84c97a364 d64c06baf5ef1c90 39f6296778264878 e0269da736ddf004 ff88049e61f0f4ef bd713b37b67866c3 3fa57d488e979d74 3986b68500d7704b 702d8f1064ab3e30 fd30682593995748 2a06f5614060e3b6 c28bc62802b90f82 0bcaac840d5e66d7 e25a1da6ca187350 9a0f5ee4f845c9b2 942a7d26d81c841f bd0f175ee98c613e ae94d8435a6847f4 b6d0f83aad4e4dc7
322,1d0f5fdc58e3efb5 9b0e8cf8153e3b33 447fc00f40d71d08 419b5dc40744fb9b 4b29fc21f912754d 942a7d26d81c841f a492bd402afd5c71 de35d2410e916471 999a52f1d301247c 3b4a85bac6ead3c8 047769588be1aea9 b9d966ad9e04127a 1a05ef8c93af8eed 64267373570e4ea3 6899956cd6c683f0 f105a53e5cfae611 7c8324ce28ffb96e 9f3d2ca16f358290 587e0b2a4811fab1 b24820ae14e16a24 4dba7ce835494a63 fc21db75b354a917 8faeacf8ca08f62d 8f578001f9d5f543 73f770f2643a2135 01e5a6edcee7deb0 a5d5ba33b5b1dc95 f9c6286cff30aaa8 00e1e2eb13f650e4 a65e30106ea50423
323,a9223c28b10c131f 92f42fbd0c38f7fd 9a0f5ee4f845c9b2 57113c2a4cacd961 66ccd03c9e03ac06 22756be6fd061d4c 4535ce2e3dced00f b6e646c13d0753ae f9c6286cff30aaa8 a65e30106ea50423 f44f74b3451aa593 07d688f5e2142b87 2e79d45ba4d1540d bee46c54461925d0 d980375fbd40c75f c31a456b544a40a8 5547f9f1638ac345 acf5cb026b3c4551 106204cd0e07e1b2 64c2e323906b42d3 4d7653ea9499eed4 e0269da736ddf004 0bcaac840d5e66d7 ff88049e61f0f4ef c28bc62802b90f82 702d8f1064ab3e30 3986b68500d7704b 3fa57d488e979d74 52370bea1acd0600 734dabb98795c35c
324,5547f9f1638ac345 8a5635c748344d47 a2805ed52b47b8ec 2a06f5614060e3b6 f49e13a653cbdad2 fa173131f15f5534 b1dcaca98bb76736 eff60ceea8817dad 22dc81380cf4baec bb7515be835dea49 03dfe518713e006c 48f93f9c2c699e19 0add47a043c64d7f 99e833818ec4bbf2 88b62355670ec8f8 d16da1fb61813db9 8699cc5dd4159b69 d63b7f083330247f 81b639b74256b45b edc79e57b20e9036 3b6d27775fce1c7b 6899956cd6c683f0 b3e75fdca5ca2f1a 52aa48c07b34dc88 1d0f5fdc58e3efb5 8faeacf8ca08f62d 3986b68500d7704b 702d8f1064ab3e30 c28bc62802b90f82 0bcaac840d5e66d7
325,81b7c7e312bfa1a0 528161039994b4dc 8643165b0f53df11 29bedd00fb2be056 964a50d33717c26d 4c0eee2c1a5e76e2 2e4b00c01d58e79e cb3e4ce97e7f2881 0c15f252d30646fc 63d509cd2a2e0e47 90ecb28f2edb9d43 a14394322cf7043d 016da874bd04df55 cea18be9a89d7a81 0772e3ab293a1f30 b6cdb608f640e038 59bf6d6df9146d60 09660f466b38b7ba b3ad55963554f220 abf90e759d208468 77e2f7da1f9d3a8f 01b3da54ffb158a0 74ae9af23a383bf5 ae000f9d0b5e104e c5830f9d0f1e29e5 bed3e73d52011f68 387e9cd2e5d4ea7d 7c98dedd223b36c0 bb7515be835dea49 1fe79c7de59ff6c6
326,01b3da54ffb158a0 a18df74d3a16e9c0 e1460af4a7044067 01ecc81f6341e902 16b11706660177ff 1ba7a50457e93996 dc12cc503ac0eddb 12af6a34778710db b84b6c0b2e4d0306 d9885881381fd10a 666bdff4faa513ca 4522ad78bf79f0c9 0451447dd64f6284 d0f6c00eec5eb973 4d9214c0925e5af8 3c565c1fc2316d16 9b0e8cf8153e3b33 8dedff0a79784abc cc0c9419f8a20603 9f3d2ca16f358290 4dba7ce835494a63 b24820ae14e16a24 587e0b2a4811fab1 fc21db75b354a917 419b5dc40744fb9b 447fc00f40d71d08 e14a893f1918277e a492bd402afd5c71 942a7d26d81c841f 4b29fc21f912754d
327,64c2e323906b42d3 b3e75fdca5ca2f1a 52aa48c07b34dc88 1d0f5fdc58e3efb5 8faeacf8ca08f62d 47fbe21f5c35c7b4 52370bea1acd0600 4d7653ea9499eed4 9a0f5ee4f845c9b2 0bcaac840d5e66d7 c28bc62802b90f82 702d8f1064ab3e30 3986b68500d7704b ff88049e61f0f4ef e0269da736ddf004 bd713b37b67866c3 fd30682593995748 2a06f5614060e3b6 39f6296778264878 e25a1da6ca187350 3fa57d488e979d74 734dabb98795c35c 0708923badf2ff5d 942a7d26d81c841f bd0f175ee98c613e ae94d8435a6847f4 b6d0f83aad4e4dc7 b24820ae14e16a24 622f2e4119882c94 bbbd5d2fd957e8f7
328,63d95d5977c2fe98 4522ad78bf79f0c9 a982b5c3aed39396 0451447dd64f6284 d0f6c00eec5eb973 4d9214c0925e5af8 50806199c80e215c 65708d542bd01f39 4b29fc21f912754d a492bd402afd5c71 942a7d26d81c841f 999a52f1d301247c 3b4a85bac6ead3c8 047769588be1aea9 b9d966ad9e04127a e740c80fce094788 fc16a50ff0baec53 1a05ef8c93af8eed cb3e4ce97e7f2881 01b3da54ffb158a0 a18df74d3a16e9c0 52e459a551d4ac2d 01ecc81f6341e902 e1460af4a7044067 4b05967001421eab d1e21234d7cc61d2 1ba7a50457e93996 16b11706660177ff dc12cc503ac0eddb b6e72edcad270be0
329,dac29ed8400b50cc 74e59c5820900b17 c08c3765ac609cc0 b749972436ac9791 0eafda717681bbdc f46601a9955f9949 f705b637f624147e 4d417b203b333363 5b34da30b93eb123 2359719a0f40ffac a9eef13786610446 005666aa098abe8e 44d324ebd3e22ad7 4beacc71024f8b08 538c7bb968b2154c 87c5481930cfe126 3fa57d488e979d74 05f23e7d05dbf7c2 0fbd0f422e926816 f2234bb7ce0c6f59 acae1d29289b1266 50ba507a268872e1 db7342eff9200020 622f2e4119882c94 61ba7707ef6a5a99 65254e0d209fd66e b0e254dd420faee3 b6d0f83aad4e4dc7 00140806971e7a73 0708923badf2ff5d
330,f0d53dcf0c296b57 40583079f57235a6 2901e5309bb3f8f6 3ca7964973437917 8df3f13d6af34cb3 0cd920bad11c716d 316382267dcd804f 00d9f8d3f7d412b3 b0b5e62a93a2c37c 238ec735a13a3f09 c810ac016901e8ac 9a439fd1abf95245 e7828f0ea9749505 6899956cd6c683f0 18b1d2d84c97a364 81b639b74256b45b d64c06baf5ef1c90 39f6296778264878 9a0f5ee4f845c9b2 0bcaac840d5e66d7 2a06f5614060e3b6 c28bc62802b90f82 702d8f1064ab3e30 bd713b37b67866c3 e0269da736ddf004 3986b68500d7704b ff88049e61f0f4ef 3fa57d488e979d74 fd30682593995748 ae94d8435a6847f4
331,1d0f5fdc58e3efb5 6899956cd6c683f0 47fbe21f5c35c7b4 52370bea1acd0600 4d7653ea9499eed4 9a0f5ee4f845c9b2 0bcaac840d5e66d7 c28bc62802b90f82 702d8f1064ab3e30 c31a456b544a40a8 3fa57d488e979d74 ff88049e61f0f4ef e0269da736ddf004 bd713b37b67866c3 fd30682593995748 2a06f5614060e3b6 39f6296778264878 e25a1da6ca187350 3986b68500d7704b e7cad3748e50b0f8 0708923badf2ff5d 734dabb98795c35c 942a7d26d81c841f bd0f175ee98c613e ae94d8435a6847f4 b6d0f83aad4e4dc7 b24820ae14e16a24 bbbd5d2fd957e8f7 4b8c7061102517ef af8e70f978cd5aee
332,ce0f56b7190c268a b7d7d9ae1cbe0d8a 589ef345cb2dccfc d1e21234d7cc61d2 81b639b74256b45b 4d7653ea9499eed4 9a0f5ee4f845c9b2 0bcaac840d5e66d7 c28bc62802b90f82 702d8f1064ab3e30 3986b68500d7704b 52370bea1acd0600 ff88049e61f0f4ef e0269da736ddf004 bd713b37b67866c3 fd30682593995748 2a06f5614060e3b6 39f6296778264878 e25a1da6ca187350 c31a456b544a40a8 3fa57d488e979d74 734dabb98795c35c 942a7d26d81c841f bd0f175ee98c613e ae94d8435a6847f4 b6d0f83aad4e4dc7 b24820ae14e16a24 622f2e4119882c94 4b8c7061102517ef 47fbe21f5c35c7b4
333,65ad9c583823162d e0269da736ddf004 b3e75fdca5ca2f1a 52aa48c07b34dc88 2394b08708475900 8faeacf8ca08f62d 6aefb6531736648a 1d0f5fdc58e3efb5 81b639b74256b45b c49d8f84a4f87f8a 2e2904c5373734ae 285657fcdf89f00d 9cf6709de35bf0f3 4dba7ce835494a63 587e0b2a4811fab1 9f3d2ca16f358290 b24820ae14e16a24 fc21db75b354a917 73f770f2643a2135 8f578001f9d5f543 01e5a6edcee7deb0 a5d5ba33b5b1dc95 f9c6286cff30aaa8 a65e30106ea50423 ddb3810e0289c148 4d32dae7b43c489a 4beacc71024f8b08 eab15ee21e126f6a 48a76e3aff69d605 f29eee8054c061e1
334,46315cf30aaee51c ac9ee0c09b538140 daa257a37227cd72 b0bfe0f426275870 27bc34b9887bec0d 83b911ff0ff45844 feddfcf56818968e 0a79fabc6f5d93c9 25145708d494530b 00d9eb862ba3dfc6 95ecdbff44ad0b60 83f8f2fc471cad74 939a1f686ea36c05 6204e398d8c7f888 de8e1345e8c305c4 af41e2b6da3e7e02 3fa57d488e979d74 f2e30efbd27bee51 a853f13216170123 5897953fdf87b60f c6b615b2589e036d 42a5cae2a3a45557 27a12f29dceccdbd b760ebc5f25788d3 3a6e7894dde31c67 7c98dedd223b36c0 c5830f9d0f1e29e5 bed3e73d52011f68 387e9cd2e5d4ea7d 589ef345cb2dccfc
335,9b2adcf4041227d7 976baf0e84752a68 b50b4e27b03c7b37 cec2eea2a1fe566a ae94d8435a6847f4 c05f45f86d0771d5 4beacc71024f8b08 95166957b2c38794 f105a53e5cfae611 00d9eb862ba3dfc6 95ecdbff44ad0b60 25145708d494530b 366a22fce0614fb8 3b6d27775fce1c7b 87c5481930cfe126 538c7bb968b2154c 4b05967001421eab b1dcaca98bb76736 fa173131f15f5534 8a5635c748344d47 22dc81380cf4baec eff60ceea8817dad a2805ed52b47b8ec f49e13a653cbdad2 2a06f5614060e3b6 b2ee9eea2d974c90 95d25d38ba7df9c7 a982b5c3aed39396 a860b682add9de1c e6a29676c096f8e8
336,033d905aec273595 3e8e56f639a5db5b 8e0760918e88e4a9 7eec211cc37a1b05 e7cad3748e50b0f8 2e4b00c01d58e79e 377c1150c781e37a 1fe79c7de59ff6c6 ca43e349133fc0e3 bd713b37b67866c3 bf3ccaba4a3450a8 172bc0ee09332ae9 9113e9dc940fb287 24e582daf6f87158 54f55c74d37db3c0 b78189788d563693 395b26d91f98bd92 455fde214d16d350 fab14d178b24a67f 0db6584e3bdfa1c4 49224aca40e6e5e3 1c3b74a02a86467d d5805cdb9e8f0f48 0f4c71d341e2d939 7f95168400948588 59bf6d6df9146d60 0772e3ab293a1f30 b3ad55963554f220 77e2f7da1f9d3a8f a14394322cf7043d
337,46315cf30aaee51c b24820ae14e16a24 fc21db75b354a917 587e0b2a4811fab1 4dba7ce835494a63 9f3d2ca16f358290 01e5a6edcee7deb0 8f578001f9d5f543 73f770f2643a2135 a5d5ba33b5b1dc95 f9c6286cff30aaa8 a65e30106ea50423 4d32dae7b43c489a 4beacc71024f8b08 eab15ee21e126f6a 48a76e3aff69d605 f29eee8054c061e1 8faeacf8ca08f62d 0647acc4602d4e8f 6899956cd6c683f0 af8e70f978cd5aee e0269da736ddf004 bd713b37b67866c3 fd30682593995748 4b8c7061102517ef 2a06f5614060e3b6 622f2e4119882c94 39f6296778264878 e25a1da6ca187350 c31a456b544a40a8
338,033d905aec273595 3e8e56f639a5db5b b1dcaca98bb76736 fa173131f15f5534 2a06f5614060e3b6 eff60ceea8817dad 8a5635c748344d47 a2805ed52b47b8ec f49e13a653cbdad2 22dc81380cf4baec 52aa48c07b34dc88 0add47a043c64d7f 99e833818ec4bbf2 88b62355670ec8f8 48f93f9c2c699e19 d16da1fb61813db9 8699cc5dd4159b69 d63b7f083330247f 8e0760918e88e4a9 bb7515be835dea49 e7cad3748e50b0f8 03dfe518713e006c 7eec211cc37a1b05 6899956cd6c683f0 a982b5c3aed39396 edc79e57b20e9036 3b6d27775fce1c7b 63d95d5977c2fe98 5570ef88d970e9b4 734dabb98795c35c
339,f1a3b8b13e9401c0 72b80b099fd64ec4 59c231f8fd21260c 537a55eda51a3f60 a9dad59c7055b56c 48a76e3aff69d605 6899956cd6c683f0 bbbd5d2fd957e8f7 47fbe21f5c35c7b4 52370bea1acd0600 4d7653ea9499eed4 9a0f5ee4f845c9b2 0bcaac840d5e66d7 702d8f1064ab3e30 3986b68500d7704b 3fa57d488e979d74 ff88049e61f0f4ef e0269da736ddf004 bd713b37b67866c3 fd30682593995748 2a06f5614060e3b6 c28bc62802b90f82 e7cad3748e50b0f8 0708923badf2ff5d 734dabb98795c35c 942a7d26d81c841f bd0f175ee98c613e ae94d8435a6847f4 b6d0f83aad4e4dc7 b24820ae14e16a24
340,46315cf30aaee51c 5d26da95786b3a3a 2901e5309bb3f8f6 c49d8f84a4f87f8a 0cd920bad11c716d 316382267dcd804f 00d9f8d3f7d412b3 238ec735a13a3f09 b0b5e62a93a2c37c c810ac016901e8ac 9a439fd1abf95245 e7828f0ea9749505 18b1d2d84c97a364 d64c06baf5ef1c90 39f6296778264878 0bcaac840d5e66d7 4d7653ea9499eed4 52370bea1acd0600 47fbe21f5c35c7b4 bbbd5d2fd957e8f7 cea18be9a89d7a81 5fb2d8e734956af0 447fc00f40d71d08 45bd99d5d2eef776 eab15ee21e126f6a 9113e9dc940fb287 99e833818ec4bbf2 8faeacf8ca08f62d ffc688c4c1c2a068 db0e648651f4c92b
341,46315cf30aaee51c b3e75fdca5ca2f1a 2901e5309bb3f8f6 7cea1f637ea3f37d 155600e5f1221f8c 047769588be1aea9 2820628e65a062e2 351c9da399c2b915 c49d8f84a4f87f8a 74244a8703c03720 01ecc81f6341e902 e1460af4a7044067 1ba7a50457e93996 16b11706660177ff 4522ad78bf79f0c9 3c565c1fc2316d16 a017f3358d5327aa 765c0695339c3abe 52aa48c07b34dc88 1d0f5fdc58e3efb5 8faeacf8ca08f62d 0bcaac840d5e66d7 bd0f175ee98c613e c28bc62802b90f82 9a0f5ee4f845c9b2 3986b68500d7704b 3fa57d488e979d74 ff88049e61f0f4ef e0269da736ddf004 bd713b37b67866c3
342,c49d8f84a4f87f8a 622f2e4119882c94 f0d53dcf0c296b57 f54ad8d1eb18212e aa967ad3c1f65a29 0a49074a4158155b ddb3810e0289c148 576dd429db946393 f2b5098ac9c92da9 197fa50b30d91fe8 628accd9be98503c ffc688c4c1c2a068 2901e5309bb3f8f6 6899956cd6c683f0 39f6296778264878 9a0f5ee4f845c9b2 fd30682593995748 0bcaac840d5e66d7 c28bc62802b90f82 bd713b37b67866c3 702d8f1064ab3e30 e0269da736ddf004 3986b68500d7704b 3fa57d488e979d74 ff88049e61f0f4ef bd0f175ee98c613e ae94d8435a6847f4 b6d0f83aad4e4dc7 b24820ae14e16a24 4b8c7061102517ef
343,b3e75fdca5ca2f1a 52aa48c07b34dc88 1d0f5fdc58e3efb5 8faeacf8ca08f62d 47fbe21f5c35c7b4 52370bea1acd0600 4d7653ea9499eed4 9a0f5ee4f845c9b2 0bcaac840d5e66d7 c28bc62802b90f82 702d8f1064ab3e30 3986b68500d7704b ff88049e61f0f4ef e0269da736ddf004 bd713b37b67866c3 fd30682593995748 2a06f5614060e3b6 39f6296778264878 e25a1da6ca187350 3fa57d488e979d74 0708923badf2ff5d 734dabb98795c35c 942a7d26d81c841f bd0f175ee98c613e ae94d8435a6847f4 b6d0f83aad4e4dc7 b24820ae14e16a24 622f2e4119882c94 e7cad3748e50b0f8 af8e70f978cd5aee
344,7d83ffe83f61bdc4 bbbd5d2fd957e8f7 ee3ed9a3f51336cd db0e648651f4c92b 0220a434aa8bf029 6461a9faa871b3ac 2b48ab08c915c0ad 7e4a4a1300b77a06 9d5edf3b993fee50 ae77487a89f2610c 5430097e23000368 52e459a551d4ac2d e36475c1af5ea3ab 35488b3b8b781278 4d7653ea9499eed4 52370bea1acd0600 9a0f5ee4f845c9b2 0bcaac840d5e66d7 c28bc62802b90f82 3986b68500d7704b 3fa57d488e979d74 ff88049e61f0f4ef e0269da736ddf004 fd30682593995748 702d8f1064ab3e30 734dabb98795c35c 942a7d26d81c841f bd0f175ee98c613e ae94d8435a6847f4 b6d0f83aad4e4dc7
345,6e12311169bcb24c abf90e759d208468 b3ad55963554f220 77e2f7da1f9d3a8f b6cdb608f640e038 016da874bd04df55 0772e3ab293a1f30 cea18be9a89d7a81 90ecb28f2edb9d43 09660f466b38b7ba 59bf6d6df9146d60 a14394322cf7043d 01b3da54ffb158a0 bb7515be835dea49 0add47a043c64d7f 48f93f9c2c699e19 88b62355670ec8f8 99e833818ec4bbf2 5b16bae6a0de7c88 19e8f436d4b2fc25 bd0f175ee98c613e b05b5f6850cfa158 a04d6febd82a4389 da7d3c2d591c4295 ec1b3d7ccd3984d0 42bb83d7c4b9ecae d3c4a7db726191e0 cb3e4ce97e7f2881 2cebd52b41930f0a bd713b37b67866c3
346,238de368bb05c0ec a0b1f4dd32f3e278 069e7e25e43deab3 ba5199dba342af68 316382267dcd804f 0cd920bad11c716d 238ec735a13a3f09 b0b5e62a93a2c37c 00d9f8d3f7d412b3 c810ac016901e8ac 9a439fd1abf95245 e7828f0ea9749505 18b1d2d84c97a364 d64c06baf5ef1c90 39f6296778264878 6899956cd6c683f0 81b639b74256b45b 3986b68500d7704b 702d8f1064ab3e30 c28bc62802b90f82 3fa57d488e979d74 ff88049e61f0f4ef e0269da736ddf004 bd713b37b67866c3 0bcaac840d5e66d7 fd30682593995748 9a0f5ee4f845c9b2 2a06f5614060e3b6 4d7653ea9499eed4 bd0f175ee98c613e
347,a9dad59c7055b56c d1e21234d7cc61d2 cc2cc23a98c14c33 cb3e4ce97e7f2881 b6e72edcad270be0 1fe79c7de59ff6c6 72c2a95813ea72bd 0e45c4c185f35df6 4522ad78bf79f0c9 0451447dd64f6284 d0f6c00eec5eb973 0f33ce8d8014f308 50806199c80e215c 9f4e0d572b1f4e6c 4d9214c0925e5af8 c36c2dce0e6e434f 2e031d83339759b2 702d8f1064ab3e30 a492bd402afd5c71 4b29fc21f912754d 942a7d26d81c841f 5867d40811c0229f ae77487a89f2610c 148ac4a56a18844d 5b4c879fc9c316fb 9c9a9d45c2ea7ddf 6899956cd6c683f0 447fc00f40d71d08 7c8324ce28ffb96e 5fb2d8e734956af0
348,f29eee8054c061e1 40583079f57235a6 2901e5309bb3f8f6 3ca7964973437917 81b639b74256b45b 52370bea1acd0600 4d7653ea9499eed4 9a0f5ee4f845c9b2 0bcaac840d5e66d7 c28bc62802b90f82 702d8f1064ab3e30 47fbe21f5c35c7b4 3fa57d488e979d74 ff88049e61f0f4ef e0269da736ddf004 bd713b37b67866c3 fd30682593995748 2a06f5614060e3b6 39f6296778264878 e25a1da6ca187350 3986b68500d7704b 0708923badf2ff5d 734dabb98795c35c 942a7d26d81c841f bd0f175ee98c613e ae94d8435a6847f4 b6d0f83aad4e4dc7 b24820ae14e16a24 622f2e4119882c94 cea18be9a89d7a81
349,bee46c54461925d0 148ac4a56a18844d f54ad8d1eb18212e b3e75fdca5ca2f1a 52aa48c07b34dc88 1d0f5fdc58e3efb5 8faeacf8ca08f62d 4d7653ea9499eed4 9a0f5ee4f845c9b2 0bcaac840d5e66d7 c28bc62802b90f82 702d8f1064ab3e30 3986b68500d7704b 3fa57d488e979d74 52370bea1acd0600 e0269da736ddf004 bd713b37b67866c3 fd30682593995748 2a06f5614060e3b6 39f6296778264878 e25a1da6ca187350 ff88049e61f0f4ef 0708923badf2ff5d 734dabb98795c35c 942a7d26d81c841f bd0f175ee98c613e ae94d8435a6847f4 b6d0f83aad4e4dc7 b24820ae14e16a24 622f2e4119882c94
350,36d33c41812ce7dc 7d83ffe83f61bdc4 4b8c7061102517ef ee3ed9a3f51336cd bbbd5d2fd957e8f7 db0e648651f4c92b 0220a434aa8bf029 6461a9faa871b3ac 2b48ab08c915c0ad 7e4a4a1300b77a06 9d5edf3b993fee50 ae77487a89f2610c 5430097e23000368 52e459a551d4ac2d e36475c1af5ea3ab 35488b3b8b781278 6899956cd6c683f0 81b639b74256b45b 942a7d26d81c841f bd713b37b67866c3 e0269da736ddf004 ff88049e61f0f4ef bd0f175ee98c613e 3fa57d488e979d74 3986b68500d7704b 702d8f1064ab3e30 ae94d8435a6847f4 b6d0f83aad4e4dc7 c28bc62802b90f82 0bcaac840d5e66d7
351,7b81f1f2b6ec2e5f ddb3810e0289c148 622f2e4119882c94 f0d53dcf0c296b57 c49d8f84a4f87f8a f54ad8d1eb18212e aa967ad3c1f65a29 0a49074a4158155b d1e21234d7cc61d2 b3e75fdca5ca2f1a 52aa48c07b34dc88 1d0f5fdc58e3efb5 8faeacf8ca08f62d 9a0f5ee4f845c9b2 0bcaac840d5e66d7 c28bc62802b90f82 702d8f1064ab3e30 3986b68500d7704b ff88049e61f0f4ef e0269da736ddf004 bd713b37b67866c3 fd30682593995748 2a06f5614060e3b6 e25a1da6ca187350 3fa57d488e979d74 942a7d26d81c841f bd0f175ee98c613e ae94d8435a6847f4 b6d0f83aad4e4dc7 b24820ae14e16a24
352,b3e75fdca5ca2f1a 52aa48c07b34dc88 1d0f5fdc58e3efb5 8faeacf8ca08f62d 47fbe21f5c35c7b4 52370bea1acd0600 4d7653ea9499eed4 9a0f5ee4f845c9b2 0bcaac840d5e66d7 c28bc62802b90f82 702d8f1064ab3e30 3986b68500d7704b ff88049e61f0f4ef e0269da736ddf004 bd713b37b67866c3 fd30682593995748 2a06f5614060e3b6 39f6296778264878 e25a1da6ca187350 3fa57d488e979d74 0708923badf2ff5d 734dabb98795c35c 942a7d26d81c841f bd0f175ee98c613e ae94d8435a6847f4 b6d0f83aad4e4dc7 b24820ae14e16a24 622f2e4119882c94 e7cad3748e50b0f8 af8e70f978cd5aee
353,b3e75fdca5ca2f1a 52aa48c07b34dc88 1d0f5fdc58e3efb5 81b639b74256b45b 8faeacf8ca08f62d bbbd5d2fd957e8f7 47fbe21f5c35c7b4 52370bea1acd0600 4d7653ea9499eed4 9a0f5ee4f845c9b2 0bcaac840d5e66d7 c28bc62802b90f82 702d8f1064ab3e30 3986b68500d7704b ff88049e61f0f4ef e0269da736ddf004 bd713b37b67866c3 fd30682593995748 2a06f5614060e3b6 39f6296778264878 3fa57d488e979d74 e7cad3748e50b0f8 0708923badf2ff5d 734dabb98795c35c 942a7d26d81c841f bd0f175ee98c613e ae94d8435a6847f4 b6d0f83aad4e4dc7 b24820ae14e16a24 e25a1da6ca187350
354,128d583954b18074 d73a65673e3f1d78 81b639b74256b45b d216e5458ad70e60 430feb4826a5632e bc2552a642ce8497 0a49074a4158155b b3e75fdca5ca2f1a 52aa48c07b34dc88 1d0f5fdc58e3efb5 8faeacf8ca08f62d c28bc62802b90f82 0bcaac840d5e66d7 702d8f1064ab3e30 4d7653ea9499eed4 3986b68500d7704b 3fa57d488e979d74 ff88049e61f0f4ef e0269da736ddf004 bd713b37b67866c3 fd30682593995748 2a06f5614060e3b6 e25a1da6ca187350 9a0f5ee4f845c9b2 734dabb98795c35c 942a7d26d81c841f bd0f175ee98c613e ae94d8435a6847f4 b6d0f83aad4e4dc7 b24820ae14e16a24
355,f2e30efbd27bee51 5897953fdf87b60f a853f13216170123 27bc34b9887bec0d 964a50d33717c26d 528161039994b4dc 8643165b0f53df11 29bedd00fb2be056 81b7c7e312bfa1a0 e8b87ed7db1bcb1f 404031ab9d5977c4 50806199c80e215c 83b911ff0ff45844 feddfcf56818968e c36c2dce0e6e434f ce0f56b7190c268a 2e4b00c01d58e79e ba5199dba342af68 01ecc81f6341e902 e1460af4a7044067 5d26da95786b3a3a 0bcaac840d5e66d7 16b11706660177ff 1ba7a50457e93996 b7d7d9ae1cbe0d8a ce2fe99a7cda4a17 4522ad78bf79f0c9 069e7e25e43deab3 3c565c1fc2316d16 238de368bb05c0ec
356,c08c3765ac609cc0 74e59c5820900b17 dac29ed8400b50cc 46315cf30aaee51c 5b34da30b93eb123 f705b637f624147e 4d417b203b333363 3a6e7894dde31c67 b749972436ac9791 413c55a5ab86881a f25bfcffedaccf28 a0566ca9daca7778 5fb2d8e734956af0 2359719a0f40ffac 72c2a95813ea72bd b0bfe0f426275870 daa257a37227cd72 ac9ee0c09b538140 27bc34b9887bec0d 48a76e3aff69d605 81b639b74256b45b a9eef13786610446 0451447dd64f6284 d0f6c00eec5eb973 0eafda717681bbdc b29ab87af6ea6310 520ec719078be07c f46601a9955f9949 005666aa098abe8e 83b911ff0ff45844
357,cc2cc23a98c14c33 40583079f57235a6 2901e5309bb3f8f6 3ca7964973437917 81b639b74256b45b b3e75fdca5ca2f1a 52aa48c07b34dc88 1d0f5fdc58e3efb5 6899956cd6c683f0 8faeacf8ca08f62d 47fbe21f5c35c7b4 52370bea1acd0600 4d7653ea9499eed4 9a0f5ee4f845c9b2 0bcaac840d5e66d7 c28bc62802b90f82 3986b68500d7704b 3fa57d488e979d74 ff88049e61f0f4ef e0269da736ddf004 bd713b37b67866c3 fd30682593995748 2a06f5614060e3b6 702d8f1064ab3e30 0708923badf2ff5d 734dabb98795c35c 942a7d26d81c841f bd0f175ee98c613e ae94d8435a6847f4 b6d0f83aad4e4dc7
358,b3e75fdca5ca2f1a 52aa48c07b34dc88 1d0f5fdc58e3efb5 6899956cd6c683f0 8faeacf8ca08f62d 52370bea1acd0600 4d7653ea9499eed4 9a0f5ee4f845c9b2 0bcaac840d5e66d7 c28bc62802b90f82 702d8f1064ab3e30 3986b68500d7704b ff88049e61f0f4ef e0269da736ddf004 bd713b37b67866c3 fd30682593995748 2a06f5614060e3b6 39f6296778264878 e25a1da6ca187350 3fa57d488e979d74 0708923badf2ff5d 734dabb98795c35c 942a7d26d81c841f bd0f175ee98c613e ae94d8435a6847f4 b6d0f83aad4e4dc7 b24820ae14e16a24 622f2e4119882c94 4b8c7061102517ef 47fbe21f5c35c7b4
359,6a3919ad9ed8197e e4a7a996ed6a5a81 8e83d05923cde390 b371170568146b12 8e0cc5199a0ee659 52370bea1acd0600 9a0f5ee4f845c9b2 0bcaac840d5e66d7 c28bc62802b90f82 702d8f1064ab3e30 3986b68500d7704b 3fa57d488e979d74 ff88049e61f0f4ef e0269da736ddf004 bd713b37b67866c3 fd30682593995748 2a06f5614060e3b6 39f6296778264878 e25a1da6ca187350 4d7653ea9499eed4 e7cad3748e50b0f8 734dabb98795c35c 942a7d26d81c841f bd0f175ee98c613e ae94d8435a6847f4 b6d0f83aad4e4dc7 b24820ae14e16a24 622f2e4119882c94 4b8c7061102517ef c31a456b544a40a8
360,ae94d8435a6847f4 4beacc71024f8b08 95166957b2c38794 f105a53e5cfae611 47fbe21f5c35c7b4 52370bea1acd0600 4d7653ea9499eed4 9a0f5ee4f845c9b2 0bcaac840d5e66d7 c28bc62802b90f82 702d8f1064ab3e30 3986b68500d7704b 3fa57d488e979d74 bbbd5d2fd957e8f7 e0269da736ddf004 bd713b37b67866c3 fd30682593995748 2a06f5614060e3b6 39f6296778264878 e25a1da6ca187350 ff88049e61f0f4ef e7cad3748e50b0f8 0708923badf2ff5d 734dabb98795c35c 942a7d26d81c841f bd0f175ee98c613e b6d0f83aad4e4dc7 b24820ae14e16a24 622f2e4119882c94 cea18be9a89d7a81
361,f1a3b8b13e9401c0 59c231f8fd21260c ae94d8435a6847f4 4beacc71024f8b08 95166957b2c38794 f105a53e5cfae611 81b639b74256b45b 4d7653ea9499eed4 9a0f5ee4f845c9b2 0bcaac840d5e66d7 c28bc62802b90f82 702d8f1064ab3e30 47fbe21f5c35c7b4 3986b68500d7704b 3fa57d488e979d74 ff88049e61f0f4ef 39f6296778264878 e0269da736ddf004 bd713b37b67866c3 fd30682593995748 2a06f5614060e3b6 52370bea1acd0600 e7cad3748e50b0f8 0708923badf2ff5d 734dabb98795c35c 942a7d26d81c841f bd0f175ee98c613e b6d0f83aad4e4dc7 b24820ae14e16a24 622f2e4119882c94
362,65708d542bd01f39 46315cf30aaee51c 26fc2a95df5659c2 bc2ae5f4e5d53e00 853e36b1550c6274 48cf88c17ff38c5e 3734d3b0b9232538 4f2fffd7528de786 1f4f62844c3cb99c d7d937303a6d5a9d e22c35101e190db9 4bed80e56ea2e099 636224e349e561bf 8fc68213b63951dc 92f42fbd0c38f7fd 66ccd03c9e03ac06 57113c2a4cacd961 22756be6fd061d4c a9223c28b10c131f 4535ce2e3dced00f b6e646c13d0753ae 9a0f5ee4f845c9b2 cc2cc23a98c14c33 1a8e5d6512d9e2d8 128d583954b18074 bc27d5dc9bab1c18 00e1e2eb13f650e4 8b7c486a910dd004 dc17b07476183764 81b639b74256b45b
363,5989fb934598c1a7 4e966bb2768c2b8a b3e75fdca5ca2f1a 52aa48c07b34dc88 cb3e4ce97e7f2881 0a49074a4158155b d1e21234d7cc61d2 1d0f5fdc58e3efb5 b6e72edcad270be0 6899956cd6c683f0 8faeacf8ca08f62d 1fe79c7de59ff6c6 72c2a95813ea72bd 0e45c4c185f35df6 4522ad78bf79f0c9 0451447dd64f6284 d0f6c00eec5eb973 0f33ce8d8014f308 50806199c80e215c 9f4e0d572b1f4e6c 4d9214c0925e5af8 c36c2dce0e6e434f cc2cc23a98c14c33 2e031d83339759b2 702d8f1064ab3e30 a492bd402afd5c71 942a7d26d81c841f 4b29fc21f912754d 5867d40811c0229f 00e1e2eb13f650e4
364,cb3e4ce97e7f2881 1fe79c7de59ff6c6 ae77487a89f2610c d1e21234d7cc61d2 b6e72edcad270be0 702d8f1064ab3e30 72c2a95813ea72bd 0e45c4c185f35df6 4522ad78bf79f0c9 0451447dd64f6284 d0f6c00eec5eb973 0f33ce8d8014f308 50806199c80e215c 9f4e0d572b1f4e6c 4d9214c0925e5af8 c36c2dce0e6e434f 2e031d83339759b2 366a22fce0614fb8 7d83ffe83f61bdc4 a492bd402afd5c71 942a7d26d81c841f 4b29fc21f912754d 5867d40811c0229f 148ac4a56a18844d bbbd5d2fd957e8f7 ee3ed9a3f51336cd 5b4c879fc9c316fb db0e648651f4c92b 9c9a9d45c2ea7ddf e6a29676c096f8e8
365,047769588be1aea9 351c9da399c2b915 46315cf30aaee51c 74244a8703c03720 b3e75fdca5ca2f1a 52aa48c07b34dc88 1d0f5fdc58e3efb5 8faeacf8ca08f62d 0bcaac840d5e66d7 c28bc62802b90f82 702d8f1064ab3e30 3986b68500d7704b 3fa57d488e979d74 942a7d26d81c841f ff88049e61f0f4ef bd713b37b67866c3 fd30682593995748 734dabb98795c35c 2a06f5614060e3b6 39f6296778264878 e25a1da6ca187350 c31a456b544a40a8 e0269da736ddf004 b6d0f83aad4e4dc7 b24820ae14e16a24 622f2e4119882c94 4b8c7061102517ef af8e70f978cd5aee 5ebb4d2f5f1c1f13 00140806971e7a73
366,46315cf30aaee51c 01ecc81f6341e902 e1460af4a7044067 16b11706660177ff 1ba7a50457e93996 4522ad78bf79f0c9 3c565c1fc2316d16 765c0695339c3abe 6899956cd6c683f0 81b639b74256b45b e0269da736ddf004 942a7d26d81c841f ff88049e61f0f4ef bd713b37b67866c3 bd0f175ee98c613e 3fa57d488e979d74 3986b68500d7704b 702d8f1064ab3e30 c28bc62802b90f82 0bcaac840d5e66d7 9a0f5ee4f845c9b2 4d7653ea9499eed4 fd30682593995748 52370bea1acd0600 b6d0f83aad4e4dc7 b24820ae14e16a24 622f2e4119882c94 4b8c7061102517ef af8e70f978cd5aee 5ebb4d2f5f1c1f13
367,b0e254dd420faee3 0708923badf2ff5d 6ae470a7c9ec20fd 0eedb1a0d3b8ddae 52370bea1acd0600 4d7653ea9499eed4 9a0f5ee4f845c9b2 0bcaac840d5e66d7 c28bc62802b90f82 47fbe21f5c35c7b4 3986b68500d7704b 3fa57d488e979d74 ff88049e61f0f4ef e0269da736ddf004 bd713b37b67866c3 fd30682593995748 2a06f5614060e3b6 39f6296778264878 702d8f1064ab3e30 e7cad3748e50b0f8 734dabb98795c35c 942a7d26d81c841f bd0f175ee98c613e ae94d8435a6847f4 b6d0f83aad4e4dc7 b24820ae14e16a24 622f2e4119882c94 bbbd5d2fd957e8f7 af8e70f978cd5aee 5ebb4d2f5f1c1f13
368,680bb5c5c3bb6ee1 1398b478b71773ed ce0f56b7190c268a 63d509cd2a2e0e47 07be6a290720707d 48a76e3aff69d605 b3e75fdca5ca2f1a 52aa48c07b34dc88 1d0f5fdc58e3efb5 8faeacf8ca08f62d 3986b68500d7704b 3fa57d488e979d74 ff88049e61f0f4ef e0269da736ddf004 ae94d8435a6847f4 bd713b37b67866c3 fd30682593995748 2a06f5614060e3b6 bd0f175ee98c613e 39f6296778264878 e25a1da6ca187350 c31a456b544a40a8 734dabb98795c35c f58ff7f1a6cde683 702d8f1064ab3e30 622f2e4119882c94 4b8c7061102517ef af8e70f978cd5aee 5ebb4d2f5f1c1f13 00140806971e7a73
369,cc2cc23a98c14c33 204ec91c39d1479d b3e75fdca5ca2f1a 52aa48c07b34dc88 1d0f5fdc58e3efb5 8faeacf8ca08f62d 52370bea1acd0600 4d7653ea9499eed4 9a0f5ee4f845c9b2 0bcaac840d5e66d7 e7cad3748e50b0f8 c28bc62802b90f82 702d8f1064ab3e30 3986b68500d7704b ff88049e61f0f4ef e0269da736ddf004 bd713b37b67866c3 fd30682593995748 2a06f5614060e3b6 39f6296778264878 e25a1da6ca187350 3fa57d488e979d74 942a7d26d81c841f bd0f175ee98c613e ae94d8435a6847f4 b6d0f83aad4e4dc7 b24820ae14e16a24 622f2e4119882c94 4b8c7061102517ef af8e70f978cd5aee
370,95d25d38ba7df9c7 b2ee9eea2d974c90 42bb83d7c4b9ecae da7d3c2d591c4295 d3c4a7db726191e0 b05b5f6850cfa158 a04d6febd82a4389 ec1b3d7ccd3984d0 19e8f436d4b2fc25 bd0f175ee98c613e 5b16bae6a0de7c88 6d80d2e62d01f6bc 520ec719078be07c b29ab87af6ea6310 4c3802a1bd3c842e ddf332f2b55a2a23 5c8c6d9a1fd4c1e0 dea5e9227fbbac29 0a79fabc6f5d93c9 05e4165a56bf50eb 377c1150c781e37a 4d7653ea9499eed4 3c0873ce078d332b 9269d2b0d877352d 3cb6b40d377e7ca8 b6a1c97f19af78d0 20db73cf07a45f71 48a76e3aff69d605 538c7bb968b2154c 87c5481930cfe126
371,a677c3a76055a6d2 37001ade0df85823 42c9b72cc77dcb28 00e1e2eb13f650e4 bbbd5d2fd957e8f7 47fbe21f5c35c7b4 52370bea1acd0600 4d7653ea9499eed4 9a0f5ee4f845c9b2 0bcaac840d5e66d7 c28bc62802b90f82 cea18be9a89d7a81 3986b68500d7704b 3fa57d488e979d74 ff88049e61f0f4ef e0269da736ddf004 bd713b37b67866c3 fd30682593995748 2a06f5614060e3b6 39f6296778264878 702d8f1064ab3e30 e7cad3748e50b0f8 0708923badf2ff5d 734dabb98795c35c 942a7d26d81c841f bd0f175ee98c613e ae94d8435a6847f4 b6d0f83aad4e4dc7 b24820ae14e16a24 5fb2d8e734956af0
372,cec2eea2a1fe566a c05f45f86d0771d5 0cd920bad11c716d 316382267dcd804f 00d9f8d3f7d412b3 238ec735a13a3f09 b0b5e62a93a2c37c c810ac016901e8ac 9a439fd1abf95245 e7828f0ea9749505 18b1d2d84c97a364 d64c06baf5ef1c90 39f6296778264878 9a0f5ee4f845c9b2 0bcaac840d5e66d7 c31a456b544a40a8 e25a1da6ca187350 c28bc62802b90f82 702d8f1064ab3e30 3986b68500d7704b 3fa57d488e979d74 ff88049e61f0f4ef e0269da736ddf004 bd713b37b67866c3 fd30682593995748 2a06f5614060e3b6 4d7653ea9499eed4 942a7d26d81c841f bd0f175ee98c613e ae94d8435a6847f4
373,f05fa5f57dc03e81 e36475c1af5ea3ab acf5cb026b3c4551 00e1e2eb13f650e4 d1e21234d7cc61d2 b3e75fdca5ca2f1a 52aa48c07b34dc88 1d0f5fdc58e3efb5 8faeacf8ca08f62d fd30682593995748 bd713b37b67866c3 e0269da736ddf004 ff88049e61f0f4ef 2a06f5614060e3b6 39f6296778264878 3fa57d488e979d74 3986b68500d7704b 702d8f1064ab3e30 c28bc62802b90f82 0bcaac840d5e66d7 9a0f5ee4f845c9b2 4d7653ea9499eed4 52370bea1acd0600 bd0f175ee98c613e ae94d8435a6847f4 b6d0f83aad4e4dc7 b24820ae14e16a24 622f2e4119882c94 4b8c7061102517ef af8e70f978cd5aee
374,b3e75fdca5ca2f1a 52aa48c07b34dc88 1d0f5fdc58e3efb5 6899956cd6c683f0 8faeacf8ca08f62d 52370bea1acd0600 4d7653ea9499eed4 9a0f5ee4f845c9b2 0bcaac840d5e66d7 c28bc62802b90f82 702d8f1064ab3e30 3986b68500d7704b ff88049e61f0f4ef e0269da736ddf004 bd713b37b67866c3 fd30682593995748 2a06f5614060e3b6 39f6296778264878 e25a1da6ca187350 3fa57d488e979d74 0708923badf2ff5d 734dabb98795c35c 942a7d26d81c841f bd0f175ee98c613e ae94d8435a6847f4 b6d0f83aad4e4dc7 b24820ae14e16a24 622f2e4119882c94 4b8c7061102517ef 47fbe21f5c35c7b4
375,81b639b74256b45b 47fbe21f5c35c7b4 52370bea1acd0600 4d7653ea9499eed4 9a0f5ee4f845c9b2 0bcaac840d5e66d7 c28bc62802b90f82 702d8f1064ab3e30 3986b68500d7704b bbbd5d2fd957e8f7 ff88049e61f0f4ef e0269da736ddf004 bd713b37b67866c3 fd30682593995748 2a06f5614060e3b6 39f6296778264878 e25a1da6ca187350 c31a456b544a40a8 3fa57d488e979d74 e7cad3748e50b0f8 0708923badf2ff5d 734dabb98795c35c 942a7d26d81c841f bd0f175ee98c613e ae94d8435a6847f4 b6d0f83aad4e4dc7 b24820ae14e16a24 cea18be9a89d7a81 4b8c7061102517ef af8e70f978cd5aee
376,00e1e2eb13f650e4 428f9363fa35882d 680bb5c5c3bb6ee1 81b639b74256b45b 1398b478b71773ed ce0f56b7190c268a 96e82fa141db9a4b e1460af4a7044067 01ecc81f6341e902 16b11706660177ff 1ba7a50457e93996 4522ad78bf79f0c9 3c565c1fc2316d16 63d509cd2a2e0e47 f29eee8054c061e1 07be6a290720707d 6406fcdb7d87b5dc 765c0695339c3abe d1e21234d7cc61d2 b3e75fdca5ca2f1a 52aa48c07b34dc88 1d0f5fdc58e3efb5 6899956cd6c683f0 8faeacf8ca08f62d b24820ae14e16a24 2a06f5614060e3b6 622f2e4119882c94 4b8c7061102517ef fd30682593995748 af8e70f978cd5aee
377,6899956cd6c683f0 bbbd5d2fd957e8f7 47fbe21f5c35c7b4 52370bea1acd0600 4d7653ea9499eed4 9a0f5ee4f845c9b2 0bcaac840d5e66d7 c28bc62802b90f82 90ecb28f2edb9d43 3986b68500d7704b 3fa57d488e979d74 ff88049e61f0f4ef e0269da736ddf004 bd713b37b67866c3 fd30682593995748 2a06f5614060e3b6 39f6296778264878 e25a1da6ca187350 702d8f1064ab3e30 e36475c1af5ea3ab e7cad3748e50b0f8 0708923badf2ff5d 734dabb98795c35c 942a7d26d81c841f bd0f175ee98c613e ae94d8435a6847f4 b6d0f83aad4e4dc7 cea18be9a89d7a81 622f2e4119882c94 4b8c7061102517ef
378,64c2e323906b42d3 b3e75fdca5ca2f1a 52aa48c07b34dc88 1d0f5fdc58e3efb5 8faeacf8ca08f62d 47fbe21f5c35c7b4 52370bea1acd0600 4d7653ea9499eed4 9a0f5ee4f845c9b2 0bcaac840d5e66d7 c28bc62802b90f82 702d8f1064ab3e30 3986b68500d7704b ff88049e61f0f4ef e0269da736ddf004 bd713b37b67866c3 fd30682593995748 2a06f5614060e3b6 39f6296778264878 e25a1da6ca187350 3fa57d488e979d74 734dabb98795c35c 0708923badf2ff5d 942a7d26d81c841f bd0f175ee98c613e ae94d8435a6847f4 b6d0f83aad4e4dc7 b24820ae14e16a24 622f2e4119882c94 bbbd5d2fd957e8f7
379,b3e75fdca5ca2f1a fa173131f15f5534 2a06f5614060e3b6 b1dcaca98bb76736 8a5635c748344d47 eff60ceea8817dad a2805ed52b47b8ec f49e13a653cbdad2 22dc81380cf4baec bb7515be835dea49 88b62355670ec8f8 99e833818ec4bbf2 0add47a043c64d7f 48f93f9c2c699e19 3b6d27775fce1c7b d16da1fb61813db9 8699cc5dd4159b69 d63b7f083330247f 6899956cd6c683f0 52aa48c07b34dc88 00e1e2eb13f650e4 25145708d494530b 95ecdbff44ad0b60 00d9eb862ba3dfc6 03dfe518713e006c 366a22fce0614fb8 1d0f5fdc58e3efb5 ae94d8435a6847f4 8faeacf8ca08f62d 538c7bb968b2154c
380,4c0eee2c1a5e76e2 0c15f252d30646fc 63d509cd2a2e0e47 ba5199dba342af68 238de368bb05c0ec ce0f56b7190c268a b7d7d9ae1cbe0d8a 00e1e2eb13f650e4 b3e75fdca5ca2f1a 52aa48c07b34dc88 1d0f5fdc58e3efb5 8faeacf8ca08f62d c28bc62802b90f82 702d8f1064ab3e30 3986b68500d7704b 3fa57d488e979d74 9a0f5ee4f845c9b2 ff88049e61f0f4ef e0269da736ddf004 bd713b37b67866c3 fd30682593995748 2a06f5614060e3b6 e25a1da6ca187350 0bcaac840d5e66d7 942a7d26d81c841f bd0f175ee98c613e ae94d8435a6847f4 b6d0f83aad4e4dc7 b24820ae14e16a24 622f2e4119882c94
381,0cd920bad11c716d 316382267dcd804f b0b5e62a93a2c37c 238ec735a13a3f09 00d9f8d3f7d412b3 c810ac016901e8ac 9a439fd1abf95245 e7828f0ea9749505 18b1d2d84c97a364 d64c06baf5ef1c90 39f6296778264878 b3e75fdca5ca2f1a 52aa48c07b34dc88 1d0f5fdc58e3efb5 8faeacf8ca08f62d c28bc62802b90f82 702d8f1064ab3e30 3986b68500d7704b 3fa57d488e979d74 ff88049e61f0f4ef e0269da736ddf004 0bcaac840d5e66d7 fd30682593995748 2a06f5614060e3b6 e25a1da6ca187350 f58ff7f1a6cde683 bd713b37b67866c3 bd0f175ee98c613e ae94d8435a6847f4 b6d0f83aad4e4dc7
382,a1314cd417504572 fd30682593995748 64907c4568244eb4 316382267dcd804f 0cd920bad11c716d 00d9f8d3f7d412b3 b0b5e62a93a2c37c 238ec735a13a3f09 c810ac016901e8ac 9a439fd1abf95245 e7828f0ea9749505 18b1d2d84c97a364 b50b4e27b03c7b37 d64c06baf5ef1c90 39f6296778264878 9b2adcf4041227d7 976baf0e84752a68 48a76e3aff69d605 d1e21234d7cc61d2 6899956cd6c683f0 c28bc62802b90f82 702d8f1064ab3e30 3986b68500d7704b 3fa57d488e979d74 ff88049e61f0f4ef 0bcaac840d5e66d7 e0269da736ddf004 bd713b37b67866c3 2a06f5614060e3b6 e25a1da6ca187350
383,29bedd00fb2be056 455fde214d16d350 33856365c271aea4 5989fb934598c1a7 07f22a7ad7e4711d 25a3b47fe31bc6b5 ddb3810e0289c148 387e9cd2e5d4ea7d ebfda3b48083e390 42c9b72cc77dcb28 025a148c3a53bd9f c5830f9d0f1e29e5 7155e5a86136eb02 65708d542bd01f39 57113c2a4cacd961 4d954d933e606b70 095bb1b6ecbd0a50 8643165b0f53df11 3ca7964973437917 eff60ceea8817dad 1f423f368aebf7f3 26fc2a95df5659c2 855f2f0354e102c7 63d95d5977c2fe98 7ee52d2519eea367 44d324ebd3e22ad7 1398b478b71773ed 4d417b203b333363 587e0b2a4811fab1 b6a1c97f19af78d0
384,a9dad59c7055b56c 81b639b74256b45b 64c2e323906b42d3 6899956cd6c683f0 bbbd5d2fd957e8f7 47fbe21f5c35c7b4 52370bea1acd0600 4d7653ea9499eed4 9a0f5ee4f845c9b2 0bcaac840d5e66d7 c28bc62802b90f82 cea18be9a89d7a81 3986b68500d7704b 3fa57d488e979d74 ff88049e61f0f4ef e0269da736ddf004 bd713b37b67866c3 fd30682593995748 2a06f5614060e3b6 39f6296778264878 702d8f1064ab3e30 e7cad3748e50b0f8 0708923badf2ff5d 734dabb98795c35c 942a7d26d81c841f bd0f175ee98c613e ae94d8435a6847f4 b6d0f83aad4e4dc7 b24820ae14e16a24 5fb2d8e734956af0
385,18ced18aee04c48e 07be6a290720707d 63d95d5977c2fe98 47fbe21f5c35c7b4 64c2e323906b42d3 b3e75fdca5ca2f1a 52aa48c07b34dc88 1d0f5fdc58e3efb5 8faeacf8ca08f62d fd30682593995748 2a06f5614060e3b6 bd713b37b67866c3 4d7653ea9499eed4 e0269da736ddf004 ff88049e61f0f4ef 3fa57d488e979d74 3986b68500d7704b 702d8f1064ab3e30 c28bc62802b90f82 0bcaac840d5e66d7 9a0f5ee4f845c9b2 39f6296778264878 e25a1da6ca187350 c31a456b544a40a8 734dabb98795c35c 942a7d26d81c841f bd0f175ee98c613e ae94d8435a6847f4 b6d0f83aad4e4dc7 b24820ae14e16a24
386,680bb5c5c3bb6ee1 1398b478b71773ed ce0f56b7190c268a 63d509cd2a2e0e47 07be6a290720707d 6899956cd6c683f0 00d9eb862ba3dfc6 25145708d494530b 95ecdbff44ad0b60 366a22fce0614fb8 3b6d27775fce1c7b ae94d8435a6847f4 87c5481930cfe126 538c7bb968b2154c 4b05967001421eab 2a06f5614060e3b6 8a5635c748344d47 a2805ed52b47b8ec 22dc81380cf4baec b1dcaca98bb76736 fa173131f15f5534 f49e13a653cbdad2 eff60ceea8817dad 95d25d38ba7df9c7 b2ee9eea2d974c90 a982b5c3aed39396 e6a29676c096f8e8 a860b682add9de1c f58ff7f1a6cde683 3a6e7894dde31c67
387,0d0368139e9a647f 72403ecdfe02bba6 d35e11d3d1ab3c67 ffa9091747ae2466 05f23e7d05dbf7c2 f2234bb7ce0c6f59 0fbd0f422e926816 33856365c271aea4 a292248bb2bffb3d 00140806971e7a73 73391e0853c1e040 5b34da30b93eb123 4d417b203b333363 f705b637f624147e 2359719a0f40ffac a9eef13786610446 005666aa098abe8e fc16a50ff0baec53 0897dcfae16e280f 44d324ebd3e22ad7 6899956cd6c683f0 5ebb4d2f5f1c1f13 3fa57d488e979d74 ff88049e61f0f4ef e0269da736ddf004 bd713b37b67866c3 af8e70f978cd5aee 2a06f5614060e3b6 39f6296778264878 4b8c7061102517ef
388,63d95d5977c2fe98 64267373570e4ea3 cb3e4ce97e7f2881 d1e21234d7cc61d2 b6e72edcad270be0 1fe79c7de59ff6c6 b3e75fdca5ca2f1a 72c2a95813ea72bd 0e45c4c185f35df6 4522ad78bf79f0c9 0451447dd64f6284 d0f6c00eec5eb973 0f33ce8d8014f308 50806199c80e215c 9f4e0d572b1f4e6c 4d9214c0925e5af8 c36c2dce0e6e434f 2e031d83339759b2 702d8f1064ab3e30 a492bd402afd5c71 4b29fc21f912754d 942a7d26d81c841f 5867d40811c0229f ae77487a89f2610c 95ecdbff44ad0b60 25145708d494530b 00d9eb862ba3dfc6 148ac4a56a18844d 5b4c879fc9c316fb 9c9a9d45c2ea7ddf
389,48a76e3aff69d605 b3e75fdca5ca2f1a 95ecdbff44ad0b60 25145708d494530b 00d9eb862ba3dfc6 366a22fce0614fb8 3b6d27775fce1c7b ae94d8435a6847f4 52aa48c07b34dc88 538c7bb968b2154c 87c5481930cfe126 4b05967001421eab eff60ceea8817dad a2805ed52b47b8ec 22dc81380cf4baec 2a06f5614060e3b6 8a5635c748344d47 f49e13a653cbdad2 b1dcaca98bb76736 fa173131f15f5534 95d25d38ba7df9c7 b2ee9eea2d974c90 a982b5c3aed39396 f58ff7f1a6cde683 e6a29676c096f8e8 a860b682add9de1c 3a6e7894dde31c67 0772e3ab293a1f30 b6cdb608f640e038 b3ad55963554f220
390,6ae470a7c9ec20fd 64267373570e4ea3 47fbe21f5c35c7b4 52370bea1acd0600 4d7653ea9499eed4 9a0f5ee4f845c9b2 0bcaac840d5e66d7 c28bc62802b90f82 c31a456b544a40a8 3986b68500d7704b 3fa57d488e979d74 ff88049e61f0f4ef e0269da736ddf004 bd713b37b67866c3 fd30682593995748 2a06f5614060e3b6 39f6296778264878 e25a1da6ca187350 702d8f1064ab3e30 e7cad3748e50b0f8 0708923badf2ff5d 734dabb98795c35c 942a7d26d81c841f bd0f175ee98c613e ae94d8435a6847f4 b6d0f83aad4e4dc7 b24820ae14e16a24 bbbd5d2fd957e8f7 4b8c7061102517ef af8e70f978cd5aee
391,00d9eb862ba3dfc6 25145708d494530b 95ecdbff44ad0b60 cc2cc23a98c14c33 de8e1345e8c305c4 af41e2b6da3e7e02 3fa57d488e979d74 f2e30efbd27bee51 5897953fdf87b60f a853f13216170123 b760ebc5f25788d3 42a5cae2a3a45557 27a12f29dceccdbd c6b615b2589e036d bed3e73d52011f68 c5830f9d0f1e29e5 387e9cd2e5d4ea7d 7c98dedd223b36c0 96e82fa141db9a4b 03dfe518713e006c 1ba7a50457e93996 16b11706660177ff a2c35fdf07a13286 2810fb6f81d1711c 65d44c6393907290 1dc7139adba034ec 64b31699d7d15934 9100ea6cd0e084bf ac9ee0c09b538140 daa257a37227cd72
392,10ad13170242ecae 19b4014943e0ad92 e7dd56376be2cf1c b3e75fdca5ca2f1a 00d9eb862ba3dfc6 25145708d494530b 95ecdbff44ad0b60 366a22fce0614fb8 ca43e349133fc0e3 3b6d27775fce1c7b d6bbbd6c4968075a 4f915ad69e1dca36 ebfda3b48083e390 ae94d8435a6847f4 8dedff0a79784abc ad06e9eeea8eb4ea 98dbd15aa33ebc18 e9c20b67a4c5395f 538c7bb968b2154c 87c5481930cfe126 4b05967001421eab 22dc81380cf4baec f49e13a653cbdad2 a2805ed52b47b8ec eff60ceea8817dad 8a5635c748344d47 2a06f5614060e3b6 b1dcaca98bb76736 fa173131f15f5534 95d25d38ba7df9c7
393,b9d966ad9e04127a 3b4a85bac6ead3c8 999a52f1d301247c 047769588be1aea9 1a05ef8c93af8eed d1e21234d7cc61d2 f105a53e5cfae611 7c8324ce28ffb96e 1d0f5fdc58e3efb5 25145708d494530b 00d9eb862ba3dfc6 95ecdbff44ad0b60 366a22fce0614fb8 3b6d27775fce1c7b ae94d8435a6847f4 87c5481930cfe126 538c7bb968b2154c 4b05967001421eab 2a06f5614060e3b6 8a5635c748344d47 b1dcaca98bb76736 fa173131f15f5534 eff60ceea8817dad f49e13a653cbdad2 a2805ed52b47b8ec 22dc81380cf4baec 95d25d38ba7df9c7 b2ee9eea2d974c90 a982b5c3aed39396 a860b682add9de1c
394,65ad9c583823162d 2394b08708475900 ddb3810e0289c148 e0269da736ddf004 7c8324ce28ffb96e d1e21234d7cc61d2 6aefb6531736648a 1d0f5fdc58e3efb5 95ecdbff44ad0b60 25145708d494530b 00d9eb862ba3dfc6 366a22fce0614fb8 6899956cd6c683f0 3b6d27775fce1c7b ae94d8435a6847f4 87c5481930cfe126 538c7bb968b2154c 4b05967001421eab 2a06f5614060e3b6 8a5635c748344d47 b1dcaca98bb76736 fa173131f15f5534 22dc81380cf4baec f49e13a653cbdad2 eff60ceea8817dad a2805ed52b47b8ec b2ee9eea2d974c90 95d25d38ba7df9c7 a982b5c3aed39396 a860b682add9de1c
395,5bf89d11a25121d9 00958a140c3a6de8 da904d2a54ff8cf2 3b4a85bac6ead3c8 999a52f1d301247c 047769588be1aea9 b9d966ad9e04127a 8abe670908f12614 1a05ef8c93af8eed f105a53e5cfae611 7c8324ce28ffb96e d1e21234d7cc61d2 6899956cd6c683f0 702d8f1064ab3e30 bd713b37b67866c3 c28bc62802b90f82 3fa57d488e979d74 0bcaac840d5e66d7 9a0f5ee4f845c9b2 ff88049e61f0f4ef e0269da736ddf004 fd30682593995748 4d7653ea9499eed4 52370bea1acd0600 47fbe21f5c35c7b4 3986b68500d7704b 0708923badf2ff5d 734dabb98795c35c 942a7d26d81c841f bd0f175ee98c613e
396,b24820ae14e16a24 4dba7ce835494a63 587e0b2a4811fab1 9f3d2ca16f358290 fc21db75b354a917 73f770f2643a2135 01e5a6edcee7deb0 8f578001f9d5f543 a5d5ba33b5b1dc95 f9c6286cff30aaa8 8faeacf8ca08f62d a65e30106ea50423 4d32dae7b43c489a 4beacc71024f8b08 eab15ee21e126f6a 48a76e3aff69d605 f29eee8054c061e1 1d0f5fdc58e3efb5 0647acc4602d4e8f 81b639b74256b45b b3e75fdca5ca2f1a 52aa48c07b34dc88 f1a3b8b13e9401c0 6899956cd6c683f0 3fa57d488e979d74 ff88049e61f0f4ef 4b8c7061102517ef e0269da736ddf004 622f2e4119882c94 bd713b37b67866c3
397,6899956cd6c683f0 bbbd5d2fd957e8f7 47fbe21f5c35c7b4 52370bea1acd0600 4d7653ea9499eed4 9a0f5ee4f845c9b2 0bcaac840d5e66d7 c28bc62802b90f82 90ecb28f2edb9d43 3986b68500d7704b 3fa57d488e979d74 ff88049e61f0f4ef e0269da736ddf004 bd713b37b67866c3 fd30682593995748 2a06f5614060e3b6 39f6296778264878 e25a1da6ca187350 702d8f1064ab3e30 e36475c1af5ea3ab e7cad3748e50b0f8 0708923badf2ff5d 734dabb98795c35c 942a7d26d81c841f bd0f175ee98c613e ae94d8435a6847f4 b6d0f83aad4e4dc7 cea18be9a89d7a81 622f2e4119882c94 4b8c7061102517ef
398,29bedd00fb2be056 455fde214d16d350 33856365c271aea4 5989fb934598c1a7 07f22a7ad7e4711d 25a3b47fe31bc6b5 ddb3810e0289c148 387e9cd2e5d4ea7d ebfda3b48083e390 42c9b72cc77dcb28 025a148c3a53bd9f c5830f9d0f1e29e5 7155e5a86136eb02 65708d542bd01f39 57113c2a4cacd961 4d954d933e606b70 095bb1b6ecbd0a50 8643165b0f53df11 3ca7964973437917 eff60ceea8817dad 1f423f368aebf7f3 26fc2a95df5659c2 855f2f0354e102c7 63d95d5977c2fe98 7ee52d2519eea367 44d324ebd3e22ad7 1398b478b71773ed 4d417b203b333363 587e0b2a4811fab1 b6a1c97f19af78d0
399,155600e5f1221f8c 7cea1f637ea3f37d 2820628e65a062e2 8abe670908f12614 4d29c6922b2d0d56 cc861214a89ef1f4 74873b42602d8958 b7d7d9ae1cbe0d8a 197fa50b30d91fe8 628accd9be98503c a017f3358d5327aa b3e75fdca5ca2f1a 52aa48c07b34dc88 1d0f5fdc58e3efb5 81b639b74256b45b 8faeacf8ca08f62d 9a0f5ee4f845c9b2 4d7653ea9499eed4 52370bea1acd0600 0bcaac840d5e66d7 c28bc62802b90f82 702d8f1064ab3e30 3fa57d488e979d74 ff88049e61f0f4ef e0269da736ddf004 bd713b37b67866c3 fd30682593995748 3986b68500d7704b 734dabb98795c35c bd0f175ee98c613e
400,c08c3765ac609cc0 dac29ed8400b50cc 74e59c5820900b17 b749972436ac9791 0eafda717681bbdc f46601a9955f9949 4d417b203b333363 f705b637f624147e 5b34da30b93eb123 2359719a0f40ffac a9eef13786610446 005666aa098abe8e 44d324ebd3e22ad7 8e0cc5199a0ee659 538c7bb968b2154c 87c5481930cfe126 3fa57d488e979d74 05f23e7d05dbf7c2 f2234bb7ce0c6f59 0fbd0f422e926816 3a6e7894dde31c67 413c55a5ab86881a a0566ca9daca7778 f25bfcffedaccf28 5fb2d8e734956af0 72c2a95813ea72bd ac9ee0c09b538140 daa257a37227cd72 b0bfe0f426275870 4577ae048ef1967d
401,c08c3765ac609cc0 74e59c5820900b17 dac29ed8400b50cc 05f23e7d05dbf7c2 f2234bb7ce0c6f59 0fbd0f422e926816 b749972436ac9791 0eafda717681bbdc f46601a9955f9949 5b34da30b93eb123 f705b637f624147e 4d417b203b333363 72403ecdfe02bba6 0d0368139e9a647f d35e11d3d1ab3c67 33856365c271aea4 a292248bb2bffb3d 2359719a0f40ffac a9eef13786610446 005666aa098abe8e 73391e0853c1e040 ffa9091747ae2466 44d324ebd3e22ad7 aa967ad3c1f65a29 6aefb6531736648a 538c7bb968b2154c 87c5481930cfe126 3fa57d488e979d74 acae1d29289b1266 50ba507a268872e1
402,4beacc71024f8b08 ae94d8435a6847f4 95166957b2c38794 f105a53e5cfae611 cb3e4ce97e7f2881 d1e21234d7cc61d2 ce0f56b7190c268a b6e72edcad270be0 1fe79c7de59ff6c6 72c2a95813ea72bd b7d7d9ae1cbe0d8a 0e45c4c185f35df6 40583079f57235a6 4522ad78bf79f0c9 d0f6c00eec5eb973 0451447dd64f6284 0f33ce8d8014f308 50806199c80e215c 2901e5309bb3f8f6 9f4e0d572b1f4e6c 4d9214c0925e5af8 c36c2dce0e6e434f 2e031d83339759b2 702d8f1064ab3e30 4b29fc21f912754d a492bd402afd5c71 942a7d26d81c841f 5867d40811c0229f 3ca7964973437917 ae77487a89f2610c
403,1d0f5fdc58e3efb5 6899956cd6c683f0 47fbe21f5c35c7b4 52370bea1acd0600 4d7653ea9499eed4 9a0f5ee4f845c9b2 0bcaac840d5e66d7 c28bc62802b90f82 702d8f1064ab3e30 c31a456b544a40a8 3fa57d488e979d74 ff88049e61f0f4ef e0269da736ddf004 bd713b37b67866c3 fd30682593995748 2a06f5614060e3b6 39f6296778264878 e25a1da6ca187350 3986b68500d7704b e7cad3748e50b0f8 0708923badf2ff5d 734dabb98795c35c 942a7d26d81c841f bd0f175ee98c613e ae94d8435a6847f4 b6d0f83aad4e4dc7 b24820ae14e16a24 bbbd5d2fd957e8f7 4b8c7061102517ef af8e70f978cd5aee
404,f2234bb7ce0c6f59 0fbd0f422e926816 05f23e7d05dbf7c2 0d0368139e9a647f d35e11d3d1ab3c67 72403ecdfe02bba6 33856365c271aea4 a292248bb2bffb3d 73391e0853c1e040 ffa9091747ae2466 36d33c41812ce7dc 4b8c7061102517ef 033d905aec273595 3e8e56f639a5db5b 8e0760918e88e4a9 ce0f56b7190c268a e7cad3748e50b0f8 7eec211cc37a1b05 b7d7d9ae1cbe0d8a 40583079f57235a6 2901e5309bb3f8f6 3ca7964973437917 81b639b74256b45b 0bcaac840d5e66d7 c28bc62802b90f82 702d8f1064ab3e30 3986b68500d7704b 3fa57d488e979d74 e0269da736ddf004 bd713b37b67866c3
405,c08c3765ac609cc0 dac29ed8400b50cc 74e59c5820900b17 5b34da30b93eb123 4d417b203b333363 f705b637f624147e 6e239f4dd4b6aed7 05f23e7d05dbf7c2 0fbd0f422e926816 f2234bb7ce0c6f59 3a6e7894dde31c67 d35e11d3d1ab3c67 72403ecdfe02bba6 0d0368139e9a647f 33856365c271aea4 b749972436ac9791 5fb2d8e734956af0 a0566ca9daca7778 413c55a5ab86881a f25bfcffedaccf28 a292248bb2bffb3d 2359719a0f40ffac 72c2a95813ea72bd ac9ee0c09b538140 b0bfe0f426275870 daa257a37227cd72 27bc34b9887bec0d dc17b07476183764 a9eef13786610446 0451447dd64f6284
406,00d9eb862ba3dfc6 95ecdbff44ad0b60 25145708d494530b 366a22fce0614fb8 3b6d27775fce1c7b ae94d8435a6847f4 87c5481930cfe126 538c7bb968b2154c 4b05967001421eab 22dc81380cf4baec eff60ceea8817dad a2805ed52b47b8ec f49e13a653cbdad2 b1dcaca98bb76736 fa173131f15f5534 2a06f5614060e3b6 8a5635c748344d47 95d25d38ba7df9c7 b2ee9eea2d974c90 a982b5c3aed39396 e6a29676c096f8e8 a860b682add9de1c f58ff7f1a6cde683 3a6e7894dde31c67 b3e75fdca5ca2f1a 0772e3ab293a1f30 b6cdb608f640e038 a14394322cf7043d abf90e759d208468 09660f466b38b7ba
407,898a4921ab9f4cce 0cd920bad11c716d 316382267dcd804f 74244a8703c03720 00d9f8d3f7d412b3 b0b5e62a93a2c37c 238ec735a13a3f09 c810ac016901e8ac 9a439fd1abf95245 e7828f0ea9749505 18b1d2d84c97a364 d64c06baf5ef1c90 39f6296778264878 285657fcdf89f00d ce0f56b7190c268a b7d7d9ae1cbe0d8a 6899956cd6c683f0 81b639b74256b45b 0bcaac840d5e66d7 c28bc62802b90f82 702d8f1064ab3e30 3986b68500d7704b ff88049e61f0f4ef e0269da736ddf004 bd713b37b67866c3 fd30682593995748 2a06f5614060e3b6 e25a1da6ca187350 3fa57d488e979d74 ae94d8435a6847f4
408,6ae470a7c9ec20fd e1460af4a7044067 01ecc81f6341e902 1ba7a50457e93996 16b11706660177ff 40583079f57235a6 4522ad78bf79f0c9 2901e5309bb3f8f6 3c565c1fc2316d16 3ca7964973437917 765c0695339c3abe fd30682593995748 52370bea1acd0600 bd713b37b67866c3 4d7653ea9499eed4 9a0f5ee4f845c9b2 c28bc62802b90f82 702d8f1064ab3e30 3986b68500d7704b e0269da736ddf004 3fa57d488e979d74 ff88049e61f0f4ef 0bcaac840d5e66d7 942a7d26d81c841f bd0f175ee98c613e ae94d8435a6847f4 b6d0f83aad4e4dc7 b24820ae14e16a24 622f2e4119882c94 4b8c7061102517ef
409,919b1679fffa7ef1 00e1e2eb13f650e4 47fbe21f5c35c7b4 52370bea1acd0600 4d7653ea9499eed4 9a0f5ee4f845c9b2 0bcaac840d5e66d7 c28bc62802b90f82 702d8f1064ab3e30 bbbd5d2fd957e8f7 3fa57d488e979d74 ff88049e61f0f4ef e0269da736ddf004 bd713b37b67866c3 fd30682593995748 2a06f5614060e3b6 39f6296778264878 e25a1da6ca187350 3986b68500d7704b e7cad3748e50b0f8 0708923badf2ff5d 734dabb98795c35c 942a7d26d81c841f bd0f175ee98c613e ae94d8435a6847f4 b6d0f83aad4e4dc7 b24820ae14e16a24 cea18be9a89d7a81 4b8c7061102517ef af8e70f978cd5aee
410,40583079f57235a6 2901e5309bb3f8f6 46315cf30aaee51c 3ca7964973437917 95ecdbff44ad0b60 00d9eb862ba3dfc6 25145708d494530b 366a22fce0614fb8 3b6d27775fce1c7b ae94d8435a6847f4 87c5481930cfe126 538c7bb968b2154c 4b05967001421eab eff60ceea8817dad f49e13a653cbdad2 2a06f5614060e3b6 8a5635c748344d47 22dc81380cf4baec fa173131f15f5534 b1dcaca98bb76736 a2805ed52b47b8ec b2ee9eea2d974c90 95d25d38ba7df9c7 a982b5c3aed39396 e6a29676c096f8e8 a860b682add9de1c f58ff7f1a6cde683 3a6e7894dde31c67 b3e75fdca5ca2f1a 77e2f7da1f9d3a8f
411,da011b87595c1019 70ebf53ced736fa4 5f94b027039f4e48 a76ffccd2f5df1a7 50cb6a6c60ad711a 0683b6a78f54be75 a9dad59c7055b56c ca43e349133fc0e3 d6bbbd6c4968075a 4f915ad69e1dca36 ebfda3b48083e390 8dedff0a79784abc ad06e9eeea8eb4ea 98dbd15aa33ebc18 e9c20b67a4c5395f b3e75fdca5ca2f1a c143c095983a65c2 b6a1c97f19af78d0 d257d1fbcf43abd5 58654e3143c6550b 52370bea1acd0600 25145708d494530b 95ecdbff44ad0b60 00d9eb862ba3dfc6 366a22fce0614fb8 35488b3b8b781278 3b6d27775fce1c7b ae94d8435a6847f4 52aa48c07b34dc88 538c7bb968b2154c
412,00140806971e7a73 b8e2f75014710ced d35e11d3d1ab3c67 72403ecdfe02bba6 0d0368139e9a647f 4d417b203b333363 5b34da30b93eb123 f705b637f624147e 2359719a0f40ffac a9eef13786610446 ffa9091747ae2466 005666aa098abe8e fc16a50ff0baec53 0897dcfae16e280f 40583079f57235a6 44d324ebd3e22ad7 2901e5309bb3f8f6 00e1e2eb13f650e4 3ca7964973437917 81b639b74256b45b b3e75fdca5ca2f1a 52aa48c07b34dc88 1d0f5fdc58e3efb5 8faeacf8ca08f62d e0269da736ddf004 bd713b37b67866c3 fd30682593995748 3986b68500d7704b 2a06f5614060e3b6 39f6296778264878
413,a9dad59c7055b56c 5ebb4d2f5f1c1f13 587e0b2a4811fab1 fc21db75b354a917 9f3d2ca16f358290 b24820ae14e16a24 4dba7ce835494a63 b6e72edcad270be0 3b4a85bac6ead3c8 999a52f1d301247c a5d5ba33b5b1dc95 81b639b74256b45b a65e30106ea50423 4d32dae7b43c489a edc79e57b20e9036 40583079f57235a6 8bf446c0455e3c5c e878efab7c37179e 025a148c3a53bd9f 8faeacf8ca08f62d 52370bea1acd0600 2901e5309bb3f8f6 72b80b099fd64ec4 3ca7964973437917 64c2e323906b42d3 ff88049e61f0f4ef c28bc62802b90f82 3fa57d488e979d74 e0269da736ddf004 0bcaac840d5e66d7
414,9b2adcf4041227d7 976baf0e84752a68 7c9248ed6224aa26 f1a3b8b13e9401c0 190ab585fd379f0f 047769588be1aea9 351c9da399c2b915 46315cf30aaee51c 74244a8703c03720 81b639b74256b45b 52370bea1acd0600 4d7653ea9499eed4 9a0f5ee4f845c9b2 0bcaac840d5e66d7 c28bc62802b90f82 702d8f1064ab3e30 3986b68500d7704b 47fbe21f5c35c7b4 ff88049e61f0f4ef e0269da736ddf004 bd713b37b67866c3 fd30682593995748 2a06f5614060e3b6 3fa57d488e979d74 0708923badf2ff5d 942a7d26d81c841f bd0f175ee98c613e ae94d8435a6847f4 b6d0f83aad4e4dc7 b24820ae14e16a24
415,a9dad59c7055b56c 64267373570e4ea3 316382267dcd804f 0cd920bad11c716d 1d0f5fdc58e3efb5 b0b5e62a93a2c37c 238ec735a13a3f09 00d9f8d3f7d412b3 c810ac016901e8ac 9a439fd1abf95245 e7828f0ea9749505 18b1d2d84c97a364 d64c06baf5ef1c90 39f6296778264878 0bcaac840d5e66d7 c28bc62802b90f82 e25a1da6ca187350 702d8f1064ab3e30 3986b68500d7704b 3fa57d488e979d74 9a0f5ee4f845c9b2 ff88049e61f0f4ef e0269da736ddf004 bd713b37b67866c3 fd30682593995748 2a06f5614060e3b6 c31a456b544a40a8 bd0f175ee98c613e ae94d8435a6847f4 b6d0f83aad4e4dc7
416,29bedd00fb2be056 455fde214d16d350 33856365c271aea4 5989fb934598c1a7 07f22a7ad7e4711d 25a3b47fe31bc6b5 ddb3810e0289c148 387e9cd2e5d4ea7d ebfda3b48083e390 42c9b72cc77dcb28 025a148c3a53bd9f c5830f9d0f1e29e5 7155e5a86136eb02 65708d542bd01f39 57113c2a4cacd961 4d954d933e606b70 095bb1b6ecbd0a50 8643165b0f53df11 3ca7964973437917 eff60ceea8817dad 1f423f368aebf7f3 26fc2a95df5659c2 855f2f0354e102c7 63d95d5977c2fe98 7ee52d2519eea367 44d324ebd3e22ad7 1398b478b71773ed 4d417b203b333363 587e0b2a4811fab1 b6a1c97f19af78d0
417,0688c790d5806540 bc27d5dc9bab1c18 0b0021aa60d05daa 64c2e323906b42d3 fd57e641d06ebda7 587e0b2a4811fab1 9f3d2ca16f358290 b24820ae14e16a24 fc21db75b354a917 4dba7ce835494a63 8f578001f9d5f543 73f770f2643a2135 01e5a6edcee7deb0 a5d5ba33b5b1dc95 f9c6286cff30aaa8 00e1e2eb13f650e4 a65e30106ea50423 4d32dae7b43c489a 4beacc71024f8b08 eab15ee21e126f6a 48a76e3aff69d605 f29eee8054c061e1 8faeacf8ca08f62d 0647acc4602d4e8f ff88049e61f0f4ef 3fa57d488e979d74 e0269da736ddf004 39f6296778264878 fd30682593995748 2a06f5614060e3b6
418,46315cf30aaee51c b24820ae14e16a24 fc21db75b354a917 587e0b2a4811fab1 4dba7ce835494a63 9f3d2ca16f358290 01e5a6edcee7deb0 8f578001f9d5f543 73f770f2643a2135 a5d5ba33b5b1dc95 f9c6286cff30aaa8 a65e30106ea50423 4d32dae7b43c489a 4beacc71024f8b08 eab15ee21e126f6a 48a76e3aff69d605 f29eee8054c061e1 8faeacf8ca08f62d 0647acc4602d4e8f 6899956cd6c683f0 af8e70f978cd5aee e0269da736ddf004 bd713b37b67866c3 fd30682593995748 4b8c7061102517ef 2a06f5614060e3b6 622f2e4119882c94 39f6296778264878 e25a1da6ca187350 c31a456b544a40a8
419,238ec735a13a3f09 b0b5e62a93a2c37c 00d9f8d3f7d412b3 bbbd5d2fd957e8f7 ee3ed9a3f51336cd de35d2410e916471 a1314cd417504572 fd30682593995748 6461a9faa871b3ac 52e459a551d4ac2d b3e75fdca5ca2f1a 52aa48c07b34dc88 1d0f5fdc58e3efb5 81b639b74256b45b 8faeacf8ca08f62d c28bc62802b90f82 0bcaac840d5e66d7 702d8f1064ab3e30 3986b68500d7704b 3fa57d488e979d74 ff88049e61f0f4ef 9a0f5ee4f845c9b2 bd713b37b67866c3 2a06f5614060e3b6 39f6296778264878 c31a456b544a40a8 e0269da736ddf004 942a7d26d81c841f bd0f175ee98c613e ae94d8435a6847f4
420,b3e75fdca5ca2f1a 25145708d494530b 95ecdbff44ad0b60 00d9eb862ba3dfc6 366a22fce0614fb8 3b6d27775fce1c7b ae94d8435a6847f4 52aa48c07b34dc88 87c5481930cfe126 538c7bb968b2154c 4b05967001421eab 2a06f5614060e3b6 f49e13a653cbdad2 22dc81380cf4baec a2805ed52b47b8ec eff60ceea8817dad 8a5635c748344d47 fa173131f15f5534 b1dcaca98bb76736 b2ee9eea2d974c90 95d25d38ba7df9c7 a982b5c3aed39396 f58ff7f1a6cde683 a860b682add9de1c e6a29676c096f8e8 3a6e7894dde31c67 0772e3ab293a1f30 77e2f7da1f9d3a8f b6cdb608f640e038 b3ad55963554f220
421,65ad9c583823162d e0269da736ddf004 2394b08708475900 6aefb6531736648a 47fbe21f5c35c7b4 52370bea1acd0600 4d7653ea9499eed4 9a0f5ee4f845c9b2 0bcaac840d5e66d7 c28bc62802b90f82 bbbd5d2fd957e8f7 3986b68500d7704b 3fa57d488e979d74 ff88049e61f0f4ef bd713b37b67866c3 fd30682593995748 2a06f5614060e3b6 39f6296778264878 702d8f1064ab3e30 e7cad3748e50b0f8 0708923badf2ff5d 734dabb98795c35c 942a7d26d81c841f bd0f175ee98c613e ae94d8435a6847f4 b6d0f83aad4e4dc7 b24820ae14e16a24 cea18be9a89d7a81 4b8c7061102517ef af8e70f978cd5aee
422,50ba507a268872e1 26f72a4eb15ea8c0 cba7e22bb383083a af8e70f978cd5aee 5057551fc55e9ed2 83f8aca6ee2caabc 316382267dcd804f 0cd920bad11c716d 7d83ffe83f61bdc4 4105533fe46dfba9 22e8d6734e4121ae 9b2adcf4041227d7 976baf0e84752a68 0c2eeab1e4ce1db8 2dd12c230ab22555 fc8971756f9ec194 2e44fbb8bc3d8d71 120e745e2961b5d5 f28fb3d9880c5d4c c810ac016901e8ac 64267373570e4ea3 b8e2f75014710ced e7828f0ea9749505 0b774cf90856c4da 18b1d2d84c97a364 cec2eea2a1fe566a 01104a026d22ae55 6461a9faa871b3ac 36d33c41812ce7dc 055d895a3b26e466
423,8abe670908f12614 a677c3a76055a6d2 37001ade0df85823 da904d2a54ff8cf2 e5fb8dc5c9cb4a19 42c9b72cc77dcb28 6e1b6b53c9710940 e25a1da6ca187350 52370bea1acd0600 4d7653ea9499eed4 9a0f5ee4f845c9b2 39f6296778264878 2a06f5614060e3b6 0bcaac840d5e66d7 702d8f1064ab3e30 3986b68500d7704b 47fbe21f5c35c7b4 3fa57d488e979d74 fd30682593995748 ff88049e61f0f4ef e0269da736ddf004 bd713b37b67866c3 c28bc62802b90f82 734dabb98795c35c 942a7d26d81c841f bd0f175ee98c613e ae94d8435a6847f4 b6d0f83aad4e4dc7 b24820ae14e16a24 622f2e4119882c94
424,52aa48c07b34dc88 5570ef88d970e9b4 cc507a0d6fcf4a1c 734dabb98795c35c c14d5b16840d3032 0708923badf2ff5d b2ee9eea2d974c90 95d25d38ba7df9c7 52370bea1acd0600 19e8f436d4b2fc25 b05b5f6850cfa158 d3c4a7db726191e0 42bb83d7c4b9ecae ec1b3d7ccd3984d0 a04d6febd82a4389 bd0f175ee98c613e 5b16bae6a0de7c88 da7d3c2d591c4295 5c8c6d9a1fd4c1e0 ddf332f2b55a2a23 4c3802a1bd3c842e 6d80d2e62d01f6bc 520ec719078be07c b29ab87af6ea6310 dea5e9227fbbac29 0a79fabc6f5d93c9 9ab90dfc5c9b0b37 377c1150c781e37a 4d7653ea9499eed4 3c0873ce078d332b
425,00e1e2eb13f650e4 428f9363fa35882d 48a76e3aff69d605 81b639b74256b45b b3e75fdca5ca2f1a 52aa48c07b34dc88 1d0f5fdc58e3efb5 8faeacf8ca08f62d 9a0f5ee4f845c9b2 0bcaac840d5e66d7 c28bc62802b90f82 702d8f1064ab3e30 3986b68500d7704b 0708923badf2ff5d 3fa57d488e979d74 ff88049e61f0f4ef e0269da736ddf004 bd713b37b67866c3 fd30682593995748 2a06f5614060e3b6 39f6296778264878 e25a1da6ca187350 4d7653ea9499eed4 ae94d8435a6847f4 b6d0f83aad4e4dc7 b24820ae14e16a24 bd0f175ee98c613e 622f2e4119882c94 4b8c7061102517ef af8e70f978cd5aee
426,b3e75fdca5ca2f1a 00d9eb862ba3dfc6 25145708d494530b 95ecdbff44ad0b60 366a22fce0614fb8 3b6d27775fce1c7b ae94d8435a6847f4 52aa48c07b34dc88 538c7bb968b2154c 87c5481930cfe126 4b05967001421eab 2a06f5614060e3b6 22dc81380cf4baec a2805ed52b47b8ec f49e13a653cbdad2 8a5635c748344d47 b1dcaca98bb76736 eff60ceea8817dad fa173131f15f5534 b2ee9eea2d974c90 95d25d38ba7df9c7 a982b5c3aed39396 a860b682add9de1c e6a29676c096f8e8 f58ff7f1a6cde683 3a6e7894dde31c67 b3ad55963554f220 b6cdb608f640e038 0772e3ab293a1f30 a14394322cf7043d
427,81b639b74256b45b 47fbe21f5c35c7b4 52370bea1acd0600 4d7653ea9499eed4 9a0f5ee4f845c9b2 0bcaac840d5e66d7 c28bc62802b90f82 702d8f1064ab3e30 3986b68500d7704b bbbd5d2fd957e8f7 ff88049e61f0f4ef e0269da736ddf004 bd713b37b67866c3 fd30682593995748 2a06f5614060e3b6 39f6296778264878 e25a1da6ca187350 c31a456b544a40a8 3fa57d488e979d74 e7cad3748e50b0f8 0708923badf2ff5d 734dabb98795c35c 942a7d26d81c841f bd0f175ee98c613e ae94d8435a6847f4 b6d0f83aad4e4dc7 b24820ae14e16a24 cea18be9a89d7a81 4b8c7061102517ef af8e70f978cd5aee
428,ca43e349133fc0e3 d6bbbd6c4968075a 4f915ad69e1dca36 ebfda3b48083e390 8dedff0a79784abc 98dbd15aa33ebc18 ad06e9eeea8eb4ea e9c20b67a4c5395f c143c095983a65c2 b6a1c97f19af78d0 d257d1fbcf43abd5 58654e3143c6550b 52370bea1acd0600 35488b3b8b781278 b3e75fdca5ca2f1a 52aa48c07b34dc88 1d0f5fdc58e3efb5 81b639b74256b45b 8faeacf8ca08f62d 47fbe21f5c35c7b4 00e1e2eb13f650e4 4d7653ea9499eed4 9a0f5ee4f845c9b2 0bcaac840d5e66d7 c28bc62802b90f82 0772e3ab293a1f30 2a06f5614060e3b6 3986b68500d7704b 3fa57d488e979d74 ff88049e61f0f4ef
429,4b05967001421eab f76f44d372517a9a 8d58da0e1800dc96 e8684734f2e587bd 453bc79164d57a01 29968e8fd13539f8 e25a1da6ca187350 050544c040f46152 c11b97f245a9dfd0 6c017e548aa138f2 46b99f864d6a075a 1efd7bd8a34a1359 45bd99d5d2eef776 a2c35fdf07a13286 2810fb6f81d1711c c810ac016901e8ac 6d80d2e62d01f6bc 50806199c80e215c 4f915ad69e1dca36 dea5e9227fbbac29 19b4014943e0ad92 ced9c56f2be86774 bfb8032f2183d471 3d93a60f990a0a7c 855f2f0354e102c7 58654e3143c6550b a813c15b46ceaf68 8b7c486a910dd004 bf973f9ec3600199 fd30682593995748
430,919b1679fffa7ef1 28403e62105b00f6 585f4ee09d8fea46 db0e648651f4c92b dc576af4ae66e25e 6ae470a7c9ec20fd 9ab90dfc5c9b0b37 00e1e2eb13f650e4 f6d23cdd2359f7c0 9c9ebf71707d7a37 b3e75fdca5ca2f1a 52aa48c07b34dc88 1d0f5fdc58e3efb5 8faeacf8ca08f62d c28bc62802b90f82 0bcaac840d5e66d7 9a0f5ee4f845c9b2 702d8f1064ab3e30 3986b68500d7704b 3fa57d488e979d74 ff88049e61f0f4ef e0269da736ddf004 bd713b37b67866c3 2a06f5614060e3b6 4d7653ea9499eed4 942a7d26d81c841f bd0f175ee98c613e ae94d8435a6847f4 b6d0f83aad4e4dc7 b24820ae14e16a24
431,10ad13170242ecae 19b4014943e0ad92 e8ad5e31484ef889 e7dd56376be2cf1c 52370bea1acd0600 4d7653ea9499eed4 9a0f5ee4f845c9b2 0bcaac840d5e66d7 c28bc62802b90f82 702d8f1064ab3e30 3986b68500d7704b 3fa57d488e979d74 47fbe21f5c35c7b4 e0269da736ddf004 bd713b37b67866c3 fd30682593995748 2a06f5614060e3b6 39f6296778264878 e25a1da6ca187350 c31a456b544a40a8 ff88049e61f0f4ef 734dabb98795c35c 942a7d26d81c841f bd0f175ee98c613e ae94d8435a6847f4 b6d0f83aad4e4dc7 b24820ae14e16a24 622f2e4119882c94 4b8c7061102517ef bbbd5d2fd957e8f7
432,b50b4e27b03c7b37 fc8971756f9ec194 2e44fbb8bc3d8d71 2dd12c230ab22555 0c2eeab1e4ce1db8 f28fb3d9880c5d4c 120e745e2961b5d5 9b2adcf4041227d7 976baf0e84752a68 a1314cd417504572 fd30682593995748 351c9da399c2b915 64907c4568244eb4 37001ade0df85823 42c9b72cc77dcb28 81b639b74256b45b 9a0f5ee4f845c9b2 0bcaac840d5e66d7 52370bea1acd0600 c28bc62802b90f82 702d8f1064ab3e30 3986b68500d7704b 3fa57d488e979d74 ff88049e61f0f4ef e0269da736ddf004 bd713b37b67866c3 4d7653ea9499eed4 942a7d26d81c841f bd0f175ee98c613e ae94d8435a6847f4
433,d1e21234d7cc61d2 9f4e0d572b1f4e6c 4d9214c0925e5af8 cb3e4ce97e7f2881 b6e72edcad270be0 1fe79c7de59ff6c6 72c2a95813ea72bd 0e45c4c185f35df6 4522ad78bf79f0c9 d0f6c00eec5eb973 0451447dd64f6284 0f33ce8d8014f308 50806199c80e215c c36c2dce0e6e434f 2e031d83339759b2 702d8f1064ab3e30 942a7d26d81c841f 4b29fc21f912754d a492bd402afd5c71 5867d40811c0229f ae77487a89f2610c 148ac4a56a18844d 5b4c879fc9c316fb 22e8d6734e4121ae 4105533fe46dfba9 9c9a9d45c2ea7ddf dc12cc503ac0eddb b84b6c0b2e4d0306 666bdff4faa513ca d9885881381fd10a
434,285657fcdf89f00d 7c8324ce28ffb96e d1e21234d7cc61d2 bbbd5d2fd957e8f7 52370bea1acd0600 4d7653ea9499eed4 9a0f5ee4f845c9b2 0bcaac840d5e66d7 c28bc62802b90f82 702d8f1064ab3e30 3986b68500d7704b 3fa57d488e979d74 ff88049e61f0f4ef e0269da736ddf004 bd713b37b67866c3 fd30682593995748 2a06f5614060e3b6 39f6296778264878 e25a1da6ca187350 47fbe21f5c35c7b4 e7cad3748e50b0f8 0708923badf2ff5d 734dabb98795c35c 942a7d26d81c841f bd0f175ee98c613e ae94d8435a6847f4 b6d0f83aad4e4dc7 b24820ae14e16a24 cea18be9a89d7a81 4b8c7061102517ef
435,a677c3a76055a6d2 37001ade0df85823 e7dd56376be2cf1c 42c9b72cc77dcb28 d1e21234d7cc61d2 52370bea1acd0600 4d7653ea9499eed4 9a0f5ee4f845c9b2 0bcaac840d5e66d7 c28bc62802b90f82 702d8f1064ab3e30 47fbe21f5c35c7b4 3fa57d488e979d74 ff88049e61f0f4ef e0269da736ddf004 bd713b37b67866c3 fd30682593995748 2a06f5614060e3b6 39f6296778264878 e25a1da6ca187350 3986b68500d7704b 0708923badf2ff5d 734dabb98795c35c 942a7d26d81c841f bd0f175ee98c613e ae94d8435a6847f4 b6d0f83aad4e4dc7 b24820ae14e16a24 622f2e4119882c94 cea18be9a89d7a81
436,dc17b07476183764 e1460af4a7044067 01ecc81f6341e902 1ba7a50457e93996 16b11706660177ff 4522ad78bf79f0c9 3c565c1fc2316d16 765c0695339c3abe b3e75fdca5ca2f1a 52aa48c07b34dc88 1d0f5fdc58e3efb5 81b639b74256b45b 8faeacf8ca08f62d ff88049e61f0f4ef e0269da736ddf004 3fa57d488e979d74 3986b68500d7704b 702d8f1064ab3e30 c28bc62802b90f82 0bcaac840d5e66d7 9a0f5ee4f845c9b2 bd713b37b67866c3 4d7653ea9499eed4 fd30682593995748 942a7d26d81c841f bd0f175ee98c613e ae94d8435a6847f4 b6d0f83aad4e4dc7 b24820ae14e16a24 622f2e4119882c94
437,6a3919ad9ed8197e 8e83d05923cde390 b371170568146b12 81b639b74256b45b 64267373570e4ea3 00e1e2eb13f650e4 b3e75fdca5ca2f1a 52aa48c07b34dc88 1d0f5fdc58e3efb5 8faeacf8ca08f62d bd713b37b67866c3 fd30682593995748 9a0f5ee4f845c9b2 e0269da736ddf004 ff88049e61f0f4ef 2a06f5614060e3b6 3fa57d488e979d74 3986b68500d7704b 702d8f1064ab3e30 c28bc62802b90f82 39f6296778264878 0bcaac840d5e66d7 c31a456b544a40a8 734dabb98795c35c 942a7d26d81c841f bd0f175ee98c613e ae94d8435a6847f4 b6d0f83aad4e4dc7 b24820ae14e16a24 622f2e4119882c94
438,cc2cc23a98c14c33 b3e75fdca5ca2f1a 52aa48c07b34dc88 1d0f5fdc58e3efb5 8faeacf8ca08f62d 47fbe21f5c35c7b4 52370bea1acd0600 4d7653ea9499eed4 9a0f5ee4f845c9b2 0bcaac840d5e66d7 c28bc62802b90f82 702d8f1064ab3e30 3986b68500d7704b ff88049e61f0f4ef e0269da736ddf004 bd713b37b67866c3 fd30682593995748 2a06f5614060e3b6 39f6296778264878 e25a1da6ca187350 3fa57d488e979d74 734dabb98795c35c 942a7d26d81c841f bd0f175ee98c613e ae94d8435a6847f4 b6d0f83aad4e4dc7 b24820ae14e16a24 622f2e4119882c94 4b8c7061102517ef bbbd5d2fd957e8f7
439,00958a140c3a6de8 da904d2a54ff8cf2 451e7ba901ad661d f05fa5f57dc03e81 537a55eda51a3f60 a84cd36608cb8665 d72363ddd958d906 b3e75fdca5ca2f1a 52aa48c07b34dc88 1d0f5fdc58e3efb5 8faeacf8ca08f62d e0269da736ddf004 ff88049e61f0f4ef 52370bea1acd0600 3fa57d488e979d74 3986b68500d7704b 702d8f1064ab3e30 c28bc62802b90f82 0bcaac840d5e66d7 9a0f5ee4f845c9b2 4d7653ea9499eed4 bd713b37b67866c3 fd30682593995748 2a06f5614060e3b6 e25a1da6ca187350 734dabb98795c35c 942a7d26d81c841f bd0f175ee98c613e ae94d8435a6847f4 b6d0f83aad4e4dc7
440,6899956cd6c683f0 bbbd5d2fd957e8f7 47fbe21f5c35c7b4 52370bea1acd0600 4d7653ea9499eed4 9a0f5ee4f845c9b2 0bcaac840d5e66d7 c28bc62802b90f82 90ecb28f2edb9d43 3986b68500d7704b 3fa57d488e979d74 ff88049e61f0f4ef e0269da736ddf004 bd713b37b67866c3 fd30682593995748 2a06f5614060e3b6 39f6296778264878 e25a1da6ca187350 702d8f1064ab3e30 e36475c1af5ea3ab e7cad3748e50b0f8 0708923badf2ff5d 734dabb98795c35c 942a7d26d81c841f bd0f175ee98c613e ae94d8435a6847f4 b6d0f83aad4e4dc7 cea18be9a89d7a81 622f2e4119882c94 4b8c7061102517ef
441,63d95d5977c2fe98 47fbe21f5c35c7b4 52370bea1acd0600 4d7653ea9499eed4 9a0f5ee4f845c9b2 0bcaac840d5e66d7 c28bc62802b90f82 702d8f1064ab3e30 3986b68500d7704b bbbd5d2fd957e8f7 ff88049e61f0f4ef e0269da736ddf004 bd713b37b67866c3 fd30682593995748 2a06f5614060e3b6 39f6296778264878 e25a1da6ca187350 c31a456b544a40a8 3fa57d488e979d74 e7cad3748e50b0f8 0708923badf2ff5d 734dabb98795c35c 942a7d26d81c841f bd0f175ee98c613e ae94d8435a6847f4 b6d0f83aad4e4dc7 b24820ae14e16a24 cea18be9a89d7a81 4b8c7061102517ef af8e70f978cd5aee
442,ba5199dba342af68 238de368bb05c0ec 5897953fdf87b60f f2e30efbd27bee51 a853f13216170123 27bc34b9887bec0d 29bedd00fb2be056 8643165b0f53df11 81b7c7e312bfa1a0 964a50d33717c26d 528161039994b4dc 404031ab9d5977c4 e8b87ed7db1bcb1f 50806199c80e215c 83b911ff0ff45844 feddfcf56818968e c36c2dce0e6e434f 2e4b00c01d58e79e 5d26da95786b3a3a 0bcaac840d5e66d7 ce2fe99a7cda4a17 069e7e25e43deab3 c28bc62802b90f82 4d7653ea9499eed4 702d8f1064ab3e30 3986b68500d7704b 3fa57d488e979d74 ff88049e61f0f4ef e0269da736ddf004 bd713b37b67866c3
443,128d583954b18074 d73a65673e3f1d78 47fbe21f5c35c7b4 74ae9af23a383bf5 ae000f9d0b5e104e 6ae470a7c9ec20fd dc576af4ae66e25e b69ce8b8154645f8 892074f7c1ef5d5e 576dd429db946393 8700059e85433b32 765c0695339c3abe 8e0cc5199a0ee659 538c7bb968b2154c 87c5481930cfe126 b1dcaca98bb76736 fa173131f15f5534 a2805ed52b47b8ec 22dc81380cf4baec 8a5635c748344d47 2a06f5614060e3b6 f49e13a653cbdad2 eff60ceea8817dad 95d25d38ba7df9c7 b2ee9eea2d974c90 3fa57d488e979d74 f2e30efbd27bee51 5897953fdf87b60f a853f13216170123 90ecb28f2edb9d43
444,00ff646ca6637bd7 64267373570e4ea3 354d7a327bbcc152 2bafd15871caae91 ce2fe99a7cda4a17 0cd920bad11c716d 316382267dcd804f 8e83d05923cde390 40583079f57235a6 00af886180e9eaec 2901e5309bb3f8f6 238ec735a13a3f09 b0b5e62a93a2c37c 00d9f8d3f7d412b3 e5fb8dc5c9cb4a19 c810ac016901e8ac 9a439fd1abf95245 e7828f0ea9749505 3ca7964973437917 18b1d2d84c97a364 d64c06baf5ef1c90 39f6296778264878 c28bc62802b90f82 2a06f5614060e3b6 702d8f1064ab3e30 3986b68500d7704b fd30682593995748 3fa57d488e979d74 ff88049e61f0f4ef e0269da736ddf004
445,f29eee8054c061e1 96e82fa141db9a4b 6406fcdb7d87b5dc e1460af4a7044067 01ecc81f6341e902 1ba7a50457e93996 16b11706660177ff 4dba7ce835494a63 9f3d2ca16f358290 fc21db75b354a917 587e0b2a4811fab1 b24820ae14e16a24 8faeacf8ca08f62d 4522ad78bf79f0c9 3c565c1fc2316d16 8f578001f9d5f543 73f770f2643a2135 01e5a6edcee7deb0 a5d5ba33b5b1dc95 f9c6286cff30aaa8 a65e30106ea50423 4d32dae7b43c489a 4beacc71024f8b08 eab15ee21e126f6a 48a76e3aff69d605 765c0695339c3abe 0647acc4602d4e8f b3e75fdca5ca2f1a 52aa48c07b34dc88 1d0f5fdc58e3efb5
446,b3e75fdca5ca2f1a 52aa48c07b34dc88 1d0f5fdc58e3efb5 8faeacf8ca08f62d 00e1e2eb13f650e4 81b639b74256b45b e25a1da6ca187350 39f6296778264878 52370bea1acd0600 4d7653ea9499eed4 9a0f5ee4f845c9b2 0bcaac840d5e66d7 c28bc62802b90f82 702d8f1064ab3e30 3fa57d488e979d74 47fbe21f5c35c7b4 2a06f5614060e3b6 ff88049e61f0f4ef e0269da736ddf004 bd713b37b67866c3 fd30682593995748 3986b68500d7704b e7cad3748e50b0f8 0708923badf2ff5d 734dabb98795c35c 942a7d26d81c841f bd0f175ee98c613e ae94d8435a6847f4 b6d0f83aad4e4dc7 b24820ae14e16a24
447,d1e21234d7cc61d2 7c8324ce28ffb96e cc2cc23a98c14c33 6899956cd6c683f0 bbbd5d2fd957e8f7 47fbe21f5c35c7b4 52370bea1acd0600 4d7653ea9499eed4 9a0f5ee4f845c9b2 0bcaac840d5e66d7 cea18be9a89d7a81 702d8f1064ab3e30 3986b68500d7704b 3fa57d488e979d74 ff88049e61f0f4ef e0269da736ddf004 bd713b37b67866c3 fd30682593995748 2a06f5614060e3b6 c28bc62802b90f82 e36475c1af5ea3ab e7cad3748e50b0f8 0708923badf2ff5d 734dabb98795c35c 942a7d26d81c841f bd0f175ee98c613e ae94d8435a6847f4 b6d0f83aad4e4dc7 5fb2d8e734956af0 622f2e4119882c94
448,587e0b2a4811fab1 fc21db75b354a917 4dba7ce835494a63 9f3d2ca16f358290 b24820ae14e16a24 8f578001f9d5f543 73f770f2643a2135 01e5a6edcee7deb0 a5d5ba33b5b1dc95 f9c6286cff30aaa8 8faeacf8ca08f62d a65e30106ea50423 4d32dae7b43c489a 40583079f57235a6 4beacc71024f8b08 eab15ee21e126f6a 48a76e3aff69d605 f29eee8054c061e1 0647acc4602d4e8f 64267373570e4ea3 3ca7964973437917 b3e75fdca5ca2f1a 2901e5309bb3f8f6 95ecdbff44ad0b60 25145708d494530b 00d9eb862ba3dfc6 64c2e323906b42d3 366a22fce0614fb8 3b6d27775fce1c7b d1e21234d7cc61d2
449,00958a140c3a6de8 da904d2a54ff8cf2 587e0b2a4811fab1 9f3d2ca16f358290 4dba7ce835494a63 b24820ae14e16a24 fc21db75b354a917 73f770f2643a2135 8f578001f9d5f543 01e5a6edcee7deb0 a5d5ba33b5b1dc95 f9c6286cff30aaa8 9b2adcf4041227d7 976baf0e84752a68 a65e30106ea50423 4d32dae7b43c489a 4beacc71024f8b08 eab15ee21e126f6a 48a76e3aff69d605 f29eee8054c061e1 047769588be1aea9 8faeacf8ca08f62d 0647acc4602d4e8f 74873b42602d8958 351c9da399c2b915 46315cf30aaee51c e5fb8dc5c9cb4a19 74244a8703c03720 e25a1da6ca187350 bd713b37b67866c3
450,d64c06baf5ef1c90 d72363ddd958d906 81b639b74256b45b 47fbe21f5c35c7b4 52370bea1acd0600 4d7653ea9499eed4 9a0f5ee4f845c9b2 0bcaac840d5e66d7 c28bc62802b90f82 702d8f1064ab3e30 3986b68500d7704b bbbd5d2fd957e8f7 ff88049e61f0f4ef e0269da736ddf004 bd713b37b67866c3 fd30682593995748 2a06f5614060e3b6 39f6296778264878 e25a1da6ca187350 3fa57d488e979d74 e7cad3748e50b0f8 0708923badf2ff5d 734dabb98795c35c 942a7d26d81c841f bd0f175ee98c613e ae94d8435a6847f4 b6d0f83aad4e4dc7 b24820ae14e16a24 cea18be9a89d7a81 4b8c7061102517ef
451,9b2adcf4041227d7 976baf0e84752a68 64267373570e4ea3 ce0f56b7190c268a 680bb5c5c3bb6ee1 1398b478b71773ed b7d7d9ae1cbe0d8a 63d509cd2a2e0e47 07be6a290720707d 4d7653ea9499eed4 9a0f5ee4f845c9b2 0bcaac840d5e66d7 c28bc62802b90f82 702d8f1064ab3e30 3986b68500d7704b 3fa57d488e979d74 ff88049e61f0f4ef fc21db75b354a917 e0269da736ddf004 bd713b37b67866c3 fd30682593995748 2a06f5614060e3b6 39f6296778264878 e25a1da6ca187350 059bbdbdb843af6a 942a7d26d81c841f bd0f175ee98c613e ae94d8435a6847f4 b6d0f83aad4e4dc7 b24820ae14e16a24
452,01104a026d22ae55 74244a8703c03720 0cd920bad11c716d 316382267dcd804f 00d9f8d3f7d412b3 238ec735a13a3f09 b0b5e62a93a2c37c c810ac016901e8ac 9a439fd1abf95245 e7828f0ea9749505 18b1d2d84c97a364 d64c06baf5ef1c90 39f6296778264878 942a7d26d81c841f 0bcaac840d5e66d7 c28bc62802b90f82 702d8f1064ab3e30 3986b68500d7704b 3fa57d488e979d74 e25a1da6ca187350 ff88049e61f0f4ef e0269da736ddf004 bd713b37b67866c3 fd30682593995748 2a06f5614060e3b6 9a0f5ee4f845c9b2 bd0f175ee98c613e ae94d8435a6847f4 b6d0f83aad4e4dc7 b24820ae14e16a24
453,f29eee8054c061e1 47fbe21f5c35c7b4 52370bea1acd0600 4d7653ea9499eed4 9a0f5ee4f845c9b2 0bcaac840d5e66d7 c28bc62802b90f82 702d8f1064ab3e30 3986b68500d7704b e36475c1af5ea3ab ff88049e61f0f4ef e0269da736ddf004 bd713b37b67866c3 fd30682593995748 2a06f5614060e3b6 39f6296778264878 e25a1da6ca187350 c31a456b544a40a8 3fa57d488e979d74 e7cad3748e50b0f8 0708923badf2ff5d 734dabb98795c35c 942a7d26d81c841f bd0f175ee98c613e ae94d8435a6847f4 b6d0f83aad4e4dc7 b24820ae14e16a24 bbbd5d2fd957e8f7 4b8c7061102517ef af8e70f978cd5aee
454,65708d542bd01f39 f2234bb7ce0c6f59 05f23e7d05dbf7c2 0fbd0f422e926816 72403ecdfe02bba6 d35e11d3d1ab3c67 0d0368139e9a647f 33856365c271aea4 64267373570e4ea3 a292248bb2bffb3d 316382267dcd804f 0cd920bad11c716d 73391e0853c1e040 ffa9091747ae2466 238ec735a13a3f09 00d9f8d3f7d412b3 b0b5e62a93a2c37c c810ac016901e8ac 9a439fd1abf95245 e7828f0ea9749505 18b1d2d84c97a364 d64c06baf5ef1c90 39f6296778264878 81b639b74256b45b 447fc00f40d71d08 45bd99d5d2eef776 9c9a9d45c2ea7ddf 00140806971e7a73 5ebb4d2f5f1c1f13 af8e70f978cd5aee
455,9ab90dfc5c9b0b37 919b1679fffa7ef1 0e45c4c185f35df6 9f4e0d572b1f4e6c c36c2dce0e6e434f cb3e4ce97e7f2881 2e031d83339759b2 d1e21234d7cc61d2 b6e72edcad270be0 dc17b07476183764 1fe79c7de59ff6c6 72c2a95813ea72bd 9c9a9d45c2ea7ddf 4522ad78bf79f0c9 d0f6c00eec5eb973 0451447dd64f6284 0f33ce8d8014f308 50806199c80e215c 4d9214c0925e5af8 702d8f1064ab3e30 4b29fc21f912754d a492bd402afd5c71 942a7d26d81c841f 5867d40811c0229f ae77487a89f2610c 148ac4a56a18844d 5b4c879fc9c316fb b3e75fdca5ca2f1a 52aa48c07b34dc88 87c5481930cfe126
456,8df3f13d6af34cb3 00e1e2eb13f650e4 6899956cd6c683f0 47fbe21f5c35c7b4 52370bea1acd0600 4d7653ea9499eed4 9a0f5ee4f845c9b2 0bcaac840d5e66d7 c28bc62802b90f82 bbbd5d2fd957e8f7 3986b68500d7704b 3fa57d488e979d74 ff88049e61f0f4ef e0269da736ddf004 bd713b37b67866c3 fd30682593995748 2a06f5614060e3b6 39f6296778264878 702d8f1064ab3e30 e7cad3748e50b0f8 0708923badf2ff5d 734dabb98795c35c 942a7d26d81c841f bd0f175ee98c613e ae94d8435a6847f4 b6d0f83aad4e4dc7 b24820ae14e16a24 cea18be9a89d7a81 4b8c7061102517ef af8e70f978cd5aee
457,0c15f252d30646fc ba5199dba342af68 4c0eee2c1a5e76e2 238de368bb05c0ec 63d509cd2a2e0e47 6899956cd6c683f0 6e239f4dd4b6aed7 3fa57d488e979d74 f2e30efbd27bee51 5897953fdf87b60f a853f13216170123 387e9cd2e5d4ea7d bed3e73d52011f68 7c98dedd223b36c0 c5830f9d0f1e29e5 2810fb6f81d1711c a2c35fdf07a13286 ac9ee0c09b538140 b0bfe0f426275870 daa257a37227cd72 29bedd00fb2be056 8643165b0f53df11 964a50d33717c26d 528161039994b4dc 81b7c7e312bfa1a0 404031ab9d5977c4 e8b87ed7db1bcb1f 4c3802a1bd3c842e 5c8c6d9a1fd4c1e0 ddf332f2b55a2a23
458,00d9eb862ba3dfc6 25145708d494530b 95ecdbff44ad0b60 366a22fce0614fb8 3b6d27775fce1c7b ae94d8435a6847f4 87c5481930cfe126 538c7bb968b2154c 4b05967001421eab 8a5635c748344d47 22dc81380cf4baec eff60ceea8817dad a2805ed52b47b8ec f49e13a653cbdad2 fa173131f15f5534 b1dcaca98bb76736 2a06f5614060e3b6 b2ee9eea2d974c90 95d25d38ba7df9c7 a982b5c3aed39396 a860b682add9de1c e6a29676c096f8e8 f58ff7f1a6cde683 3a6e7894dde31c67 b3e75fdca5ca2f1a 77e2f7da1f9d3a8f 0772e3ab293a1f30 a14394322cf7043d abf90e759d208468 b3ad55963554f220
459,29bedd00fb2be056 455fde214d16d350 33856365c271aea4 5989fb934598c1a7 07f22a7ad7e4711d 25a3b47fe31bc6b5 ddb3810e0289c148 387e9cd2e5d4ea7d ebfda3b48083e390 42c9b72cc77dcb28 025a148c3a53bd9f c5830f9d0f1e29e5 7155e5a86136eb02 65708d542bd01f39 57113c2a4cacd961 4d954d933e606b70 095bb1b6ecbd0a50 8643165b0f53df11 3ca7964973437917 eff60ceea8817dad 1f423f368aebf7f3 26fc2a95df5659c2 855f2f0354e102c7 63d95d5977c2fe98 7ee52d2519eea367 44d324ebd3e22ad7 1398b478b71773ed 4d417b203b333363 587e0b2a4811fab1 b6a1c97f19af78d0
460,fd30682593995748 a1314cd417504572 64907c4568244eb4 f58ff7f1a6cde683 52370bea1acd0600 4d7653ea9499eed4 9a0f5ee4f845c9b2 0bcaac840d5e66d7 c28bc62802b90f82 702d8f1064ab3e30 3986b68500d7704b 3fa57d488e979d74 ff88049e61f0f4ef e0269da736ddf004 bd713b37b67866c3 2a06f5614060e3b6 39f6296778264878 e25a1da6ca187350 c31a456b544a40a8 47fbe21f5c35c7b4 e7cad3748e50b0f8 0708923badf2ff5d 734dabb98795c35c 942a7d26d81c841f bd0f175ee98c613e ae94d8435a6847f4 b6d0f83aad4e4dc7 b24820ae14e16a24 bbbd5d2fd957e8f7 4b8c7061102517ef
461,0cd920bad11c716d 316382267dcd804f 40583079f57235a6 2901e5309bb3f8f6 238ec735a13a3f09 00d9f8d3f7d412b3 b0b5e62a93a2c37c c810ac016901e8ac 9a439fd1abf95245 e7828f0ea9749505 3ca7964973437917 6899956cd6c683f0 18b1d2d84c97a364 f2234bb7ce0c6f59 05f23e7d05dbf7c2 0fbd0f422e926816 d64c06baf5ef1c90 d35e11d3d1ab3c67 0d0368139e9a647f 72403ecdfe02bba6 39f6296778264878 33856365c271aea4 a292248bb2bffb3d 73391e0853c1e040 b24820ae14e16a24 fc21db75b354a917 587e0b2a4811fab1 9f3d2ca16f358290 4dba7ce835494a63 ffa9091747ae2466
462,96e82fa141db9a4b ba5199dba342af68 f29eee8054c061e1 6406fcdb7d87b5dc 238de368bb05c0ec 6899956cd6c683f0 52370bea1acd0600 9a0f5ee4f845c9b2 0bcaac840d5e66d7 c28bc62802b90f82 702d8f1064ab3e30 3986b68500d7704b 3fa57d488e979d74 ff88049e61f0f4ef e0269da736ddf004 bd713b37b67866c3 fd30682593995748 2a06f5614060e3b6 39f6296778264878 e25a1da6ca187350 4d7653ea9499eed4 734dabb98795c35c 942a7d26d81c841f bd0f175ee98c613e ae94d8435a6847f4 b6d0f83aad4e4dc7 b24820ae14e16a24 622f2e4119882c94 4b8c7061102517ef 47fbe21f5c35c7b4
463,2e44fbb8bc3d8d71 120e745e2961b5d5 0c2eeab1e4ce1db8 fc8971756f9ec194 2dd12c230ab22555 f28fb3d9880c5d4c 351c9da399c2b915 07d688f5e2142b87 37001ade0df85823 451e7ba901ad661d 52aa48c07b34dc88 42c9b72cc77dcb28 cc507a0d6fcf4a1c 734dabb98795c35c 5570ef88d970e9b4 c14d5b16840d3032 0708923badf2ff5d 52370bea1acd0600 9ab90dfc5c9b0b37 316382267dcd804f 0cd920bad11c716d b0b5e62a93a2c37c 238ec735a13a3f09 00d9f8d3f7d412b3 c810ac016901e8ac 9a439fd1abf95245 e7828f0ea9749505 18b1d2d84c97a364 d64c06baf5ef1c90 39f6296778264878
464,1d12acf7349196b0 c49d8f84a4f87f8a 680bb5c5c3bb6ee1 2e2904c5373734ae 9cf6709de35bf0f3 1398b478b71773ed ce0f56b7190c268a 63d509cd2a2e0e47 07be6a290720707d 4d7653ea9499eed4 9a0f5ee4f845c9b2 0bcaac840d5e66d7 c28bc62802b90f82 702d8f1064ab3e30 3986b68500d7704b 3fa57d488e979d74 ff88049e61f0f4ef e0269da736ddf004 bd713b37b67866c3 fd30682593995748 2a06f5614060e3b6 39f6296778264878 e25a1da6ca187350 52370bea1acd0600 734dabb98795c35c 942a7d26d81c841f bd0f175ee98c613e ae94d8435a6847f4 b6d0f83aad4e4dc7 b24820ae14e16a24
465,06de3ca1148b088b 1398b478b71773ed 1a05ef8c93af8eed 18ced18aee04c48e 922e625fae98b3b9 fc21db75b354a917 587e0b2a4811fab1 9f3d2ca16f358290 4dba7ce835494a63 b24820ae14e16a24 73f770f2643a2135 8f578001f9d5f543 01e5a6edcee7deb0 a5d5ba33b5b1dc95 f9c6286cff30aaa8 a65e30106ea50423 4d32dae7b43c489a 4beacc71024f8b08 eab15ee21e126f6a 48a76e3aff69d605 f29eee8054c061e1 8faeacf8ca08f62d 0647acc4602d4e8f 2a06f5614060e3b6 e0269da736ddf004 fd30682593995748 39f6296778264878 e25a1da6ca187350 ff88049e61f0f4ef bd713b37b67866c3
466,4577ae048ef1967d af41e2b6da3e7e02 4b05967001421eab 3a6e7894dde31c67 59bf6d6df9146d60 90ecb28f2edb9d43 0772e3ab293a1f30 a14394322cf7043d b6cdb608f640e038 016da874bd04df55 b3ad55963554f220 abf90e759d208468 cea18be9a89d7a81 77e2f7da1f9d3a8f 09660f466b38b7ba 0f4c71d341e2d939 9113e9dc940fb287 d5805cdb9e8f0f48 fab14d178b24a67f 49224aca40e6e5e3 0db6584e3bdfa1c4 54f55c74d37db3c0 24e582daf6f87158 b78189788d563693 395b26d91f98bd92 455fde214d16d350 7f95168400948588 1c3b74a02a86467d 387e9cd2e5d4ea7d c5830f9d0f1e29e5
467,9b0e8cf8153e3b33 419b5dc40744fb9b 447fc00f40d71d08 a492bd402afd5c71 942a7d26d81c841f 4b29fc21f912754d 47fbe21f5c35c7b4 52370bea1acd0600 4d7653ea9499eed4 9a0f5ee4f845c9b2 0bcaac840d5e66d7 c28bc62802b90f82 702d8f1064ab3e30 bbbd5d2fd957e8f7 3fa57d488e979d74 ff88049e61f0f4ef e0269da736ddf004 bd713b37b67866c3 fd30682593995748 2a06f5614060e3b6 e25a1da6ca187350 3986b68500d7704b e7cad3748e50b0f8 0708923badf2ff5d 734dabb98795c35c bd0f175ee98c613e ae94d8435a6847f4 b6d0f83aad4e4dc7 b24820ae14e16a24 39f6296778264878
468,585f4ee09d8fea46 db0e648651f4c92b dc576af4ae66e25e f6d23cdd2359f7c0 919b1679fffa7ef1 9c9ebf71707d7a37 dc17b07476183764 4d7653ea9499eed4 9a0f5ee4f845c9b2 0bcaac840d5e66d7 c28bc62802b90f82 702d8f1064ab3e30 3986b68500d7704b 52370bea1acd0600 ff88049e61f0f4ef e0269da736ddf004 bd713b37b67866c3 fd30682593995748 2a06f5614060e3b6 39f6296778264878 3fa57d488e979d74 734dabb98795c35c 942a7d26d81c841f bd0f175ee98c613e ae94d8435a6847f4 b6d0f83aad4e4dc7 b24820ae14e16a24 622f2e4119882c94 4b8c7061102517ef bbbd5d2fd957e8f7
469,238ec735a13a3f09 b0b5e62a93a2c37c 00d9f8d3f7d412b3 cec2eea2a1fe566a c05f45f86d0771d5 4577ae048ef1967d ee3ed9a3f51336cd bbbd5d2fd957e8f7 a1314cd417504572 fd30682593995748 af41e2b6da3e7e02 976baf0e84752a68 9b2adcf4041227d7 6461a9faa871b3ac 4b05967001421eab 3a6e7894dde31c67 77e2f7da1f9d3a8f 0772e3ab293a1f30 cea18be9a89d7a81 b6cdb608f640e038 a14394322cf7043d 90ecb28f2edb9d43 abf90e759d208468 59bf6d6df9146d60 09660f466b38b7ba 016da874bd04df55 b3ad55963554f220 7f95168400948588 0f4c71d341e2d939 b78189788d563693
470,16b11706660177ff 1ba7a50457e93996 d9885881381fd10a b84b6c0b2e4d0306 12af6a34778710db 666bdff4faa513ca 3c565c1fc2316d16 01b3da54ffb158a0 a18df74d3a16e9c0 01ecc81f6341e902 e1460af4a7044067 419b5dc40744fb9b 447fc00f40d71d08 e14a893f1918277e dc12cc503ac0eddb 4522ad78bf79f0c9 0451447dd64f6284 d0f6c00eec5eb973 4d9214c0925e5af8 9b0e8cf8153e3b33 8dedff0a79784abc cc0c9419f8a20603 a492bd402afd5c71 4b29fc21f912754d 942a7d26d81c841f 6ae470a7c9ec20fd 00d9eb862ba3dfc6 95ecdbff44ad0b60 25145708d494530b de8e1345e8c305c4
471,537a55eda51a3f60 64907c4568244eb4 451e7ba901ad661d a84cd36608cb8665 fd30682593995748 a1314cd417504572 dc12cc503ac0eddb 12af6a34778710db 666bdff4faa513ca b84b6c0b2e4d0306 d9885881381fd10a 9f4e0d572b1f4e6c 06de3ca1148b088b 4d9214c0925e5af8 d16da1fb61813db9 8dedff0a79784abc a677c3a76055a6d2 428f9363fa35882d 5048a37f10cf2d91 b3e75fdca5ca2f1a 52aa48c07b34dc88 d73a65673e3f1d78 316382267dcd804f 0cd920bad11c716d c96049ed915ced0a ffc688c4c1c2a068 b0b5e62a93a2c37c 00d9f8d3f7d412b3 238ec735a13a3f09 c810ac016901e8ac
472,74873b42602d8958 8abe670908f12614 da904d2a54ff8cf2 bbbd5d2fd957e8f7 52370bea1acd0600 4d7653ea9499eed4 9a0f5ee4f845c9b2 0bcaac840d5e66d7 c28bc62802b90f82 702d8f1064ab3e30 3986b68500d7704b 3fa57d488e979d74 ff88049e61f0f4ef e0269da736ddf004 bd713b37b67866c3 fd30682593995748 2a06f5614060e3b6 39f6296778264878 e25a1da6ca187350 f58ff7f1a6cde683 47fbe21f5c35c7b4 e7cad3748e50b0f8 734dabb98795c35c 942a7d26d81c841f bd0f175ee98c613e ae94d8435a6847f4 b6d0f83aad4e4dc7 b24820ae14e16a24 622f2e4119882c94 c31a456b544a40a8
473,2901e5309bb3f8f6 40583079f57235a6 f2234bb7ce0c6f59 0fbd0f422e926816 05f23e7d05dbf7c2 d35e11d3d1ab3c67 72403ecdfe02bba6 0d0368139e9a647f 33856365c271aea4 a292248bb2bffb3d 3ca7964973437917 73391e0853c1e040 ffa9091747ae2466 6ae470a7c9ec20fd 4bed80e56ea2e099 d7d937303a6d5a9d 636224e349e561bf 8fc68213b63951dc 26fc2a95df5659c2 bc2ae5f4e5d53e00 4f2fffd7528de786 48cf88c17ff38c5e 3734d3b0b9232538 e22c35101e190db9 853e36b1550c6274 1f4f62844c3cb99c 22756be6fd061d4c 92f42fbd0c38f7fd 66ccd03c9e03ac06 9a0f5ee4f845c9b2
474,63d95d5977c2fe98 538c7bb968b2154c 87c5481930cfe126 b1dcaca98bb76736 fa173131f15f5534 a2805ed52b47b8ec 2a06f5614060e3b6 eff60ceea8817dad 8a5635c748344d47 f49e13a653cbdad2 22dc81380cf4baec b2ee9eea2d974c90 95d25d38ba7df9c7 3fa57d488e979d74 a853f13216170123 5897953fdf87b60f f2e30efbd27bee51 77e2f7da1f9d3a8f 016da874bd04df55 b6cdb608f640e038 abf90e759d208468 cea18be9a89d7a81 b3ad55963554f220 90ecb28f2edb9d43 0772e3ab293a1f30 a14394322cf7043d 59bf6d6df9146d60 09660f466b38b7ba 395b26d91f98bd92 24e582daf6f87158
475,354d7a327bbcc152 00ff646ca6637bd7 316382267dcd804f 0cd920bad11c716d 238ec735a13a3f09 b0b5e62a93a2c37c 00d9f8d3f7d412b3 c810ac016901e8ac 9a439fd1abf95245 00e1e2eb13f650e4 e7828f0ea9749505 18b1d2d84c97a364 d64c06baf5ef1c90 39f6296778264878 6899956cd6c683f0 702d8f1064ab3e30 3986b68500d7704b 3fa57d488e979d74 c28bc62802b90f82 0bcaac840d5e66d7 9a0f5ee4f845c9b2 ff88049e61f0f4ef e0269da736ddf004 4d7653ea9499eed4 bd713b37b67866c3 fd30682593995748 52370bea1acd0600 2a06f5614060e3b6 734dabb98795c35c 942a7d26d81c841f
476,b749972436ac9791 2359719a0f40ffac a860b682add9de1c f58ff7f1a6cde683 e6a29676c096f8e8 27a12f29dceccdbd c6b615b2589e036d b760ebc5f25788d3 42a5cae2a3a45557 01e5a6edcee7deb0 73f770f2643a2135 8f578001f9d5f543 64b31699d7d15934 9100ea6cd0e084bf f9c6286cff30aaa8 ff88049e61f0f4ef de35d2410e916471 0195950ce0f47e34 7cea1f637ea3f37d 155600e5f1221f8c 622f2e4119882c94 43b3338423d7386c 8abe670908f12614 4d32dae7b43c489a c08c3765ac609cc0 4d29c6922b2d0d56 5048a37f10cf2d91 2901e5309bb3f8f6 2820628e65a062e2 025a148c3a53bd9f
477,366a22fce0614fb8 de8e1345e8c305c4 26fc2a95df5659c2 bc2ae5f4e5d53e00 636224e349e561bf e22c35101e190db9 4bed80e56ea2e099 8fc68213b63951dc 853e36b1550c6274 1f4f62844c3cb99c d7d937303a6d5a9d 48cf88c17ff38c5e 4f2fffd7528de786 3734d3b0b9232538 a860b682add9de1c e6a29676c096f8e8 f58ff7f1a6cde683 c6b615b2589e036d b760ebc5f25788d3 42a5cae2a3a45557 27a12f29dceccdbd 81b639b74256b45b 01e5a6edcee7deb0 73f770f2643a2135 8f578001f9d5f543 64b31699d7d15934 9100ea6cd0e084bf a5d5ba33b5b1dc95 ecb768ef6fd223ca 3d6880bd12f6613f
478,74873b42602d8958 b8e2f75014710ced 5b4c879fc9c316fb 5bf89d11a25121d9 047769588be1aea9 351c9da399c2b915 46315cf30aaee51c 64267373570e4ea3 74244a8703c03720 48a76e3aff69d605 316382267dcd804f 0cd920bad11c716d 00d9f8d3f7d412b3 238ec735a13a3f09 b0b5e62a93a2c37c c810ac016901e8ac 9a439fd1abf95245 e7828f0ea9749505 18b1d2d84c97a364 d64c06baf5ef1c90 39f6296778264878 d1e21234d7cc61d2 2a06f5614060e3b6 fd30682593995748 bd713b37b67866c3 e0269da736ddf004 ff88049e61f0f4ef 3fa57d488e979d74 3986b68500d7704b 702d8f1064ab3e30
479,ba5199dba342af68 238de368bb05c0ec 81b639b74256b45b 00e1e2eb13f650e4 6899956cd6c683f0 47fbe21f5c35c7b4 52370bea1acd0600 4d7653ea9499eed4 9a0f5ee4f845c9b2 0bcaac840d5e66d7 c28bc62802b90f82 702d8f1064ab3e30 bbbd5d2fd957e8f7 3fa57d488e979d74 ff88049e61f0f4ef e0269da736ddf004 bd713b37b67866c3 fd30682593995748 2a06f5614060e3b6 39f6296778264878 3986b68500d7704b e7cad3748e50b0f8 0708923badf2ff5d 734dabb98795c35c 942a7d26d81c841f bd0f175ee98c613e ae94d8435a6847f4 b6d0f83aad4e4dc7 b24820ae14e16a24 5fb2d8e734956af0
480,f6d23cdd2359f7c0 585f4ee09d8fea46 db0e648651f4c92b dc576af4ae66e25e 366a22fce0614fb8 0a49074a4158155b de8e1345e8c305c4 919b1679fffa7ef1 9c9ebf71707d7a37 4bed80e56ea2e099 636224e349e561bf 26fc2a95df5659c2 8fc68213b63951dc bc2ae5f4e5d53e00 e22c35101e190db9 853e36b1550c6274 3734d3b0b9232538 48cf88c17ff38c5e 4f2fffd7528de786 1f4f62844c3cb99c d7d937303a6d5a9d f58ff7f1a6cde683 e6a29676c096f8e8 a860b682add9de1c 27a12f29dceccdbd 42a5cae2a3a45557 b760ebc5f25788d3 c6b615b2589e036d 01e5a6edcee7deb0 73f770f2643a2135
481,ce0f56b7190c268a b7d7d9ae1cbe0d8a 81b639b74256b45b 52370bea1acd0600 4d7653ea9499eed4 9a0f5ee4f845c9b2 0bcaac840d5e66d7 c28bc62802b90f82 702d8f1064ab3e30 3986b68500d7704b 3fa57d488e979d74 f58ff7f1a6cde683 e0269da736ddf004 bd713b37b67866c3 fd30682593995748 2a06f5614060e3b6 39f6296778264878 e25a1da6ca187350 c31a456b544a40a8 ff88049e61f0f4ef 0708923badf2ff5d 734dabb98795c35c 942a7d26d81c841f bd0f175ee98c613e ae94d8435a6847f4 b6d0f83aad4e4dc7 b24820ae14e16a24 622f2e4119882c94 47fbe21f5c35c7b4 af8e70f978cd5aee
482,0cd920bad11c716d 316382267dcd804f 0fbd0f422e926816 f2234bb7ce0c6f59 05f23e7d05dbf7c2 af8e70f978cd5aee 5057551fc55e9ed2 cba7e22bb383083a 83f8aca6ee2caabc db7342eff9200020 c810ac016901e8ac 7d83ffe83f61bdc4 e7828f0ea9749505 22e8d6734e4121ae 4105533fe46dfba9 18b1d2d84c97a364 9b2adcf4041227d7 976baf0e84752a68 f28fb3d9880c5d4c 2dd12c230ab22555 fc8971756f9ec194 120e745e2961b5d5 2e44fbb8bc3d8d71 0c2eeab1e4ce1db8 64267373570e4ea3 b8e2f75014710ced d64c06baf5ef1c90 0b774cf90856c4da cec2eea2a1fe566a 01104a026d22ae55
483,4e966bb2768c2b8a ffc688c4c1c2a068 b3e75fdca5ca2f1a 6899956cd6c683f0 47fbe21f5c35c7b4 52370bea1acd0600 4d7653ea9499eed4 9a0f5ee4f845c9b2 0bcaac840d5e66d7 c28bc62802b90f82 702d8f1064ab3e30 bbbd5d2fd957e8f7 3fa57d488e979d74 ff88049e61f0f4ef e0269da736ddf004 bd713b37b67866c3 fd30682593995748 2a06f5614060e3b6 39f6296778264878 e25a1da6ca187350 3986b68500d7704b e7cad3748e50b0f8 0708923badf2ff5d 734dabb98795c35c 942a7d26d81c841f bd0f175ee98c613e ae94d8435a6847f4 b6d0f83aad4e4dc7 b24820ae14e16a24 cea18be9a89d7a81
484,a9dad59c7055b56c 1d0f5fdc58e3efb5 64c2e323906b42d3 d1e21234d7cc61d2 81b639b74256b45b 52370bea1acd0600 4d7653ea9499eed4 9a0f5ee4f845c9b2 0bcaac840d5e66d7 c28bc62802b90f82 702d8f1064ab3e30 3986b68500d7704b 47fbe21f5c35c7b4 ff88049e61f0f4ef e0269da736ddf004 bd713b37b67866c3 fd30682593995748 2a06f5614060e3b6 39f6296778264878 e25a1da6ca187350 3fa57d488e979d74 0708923badf2ff5d 734dabb98795c35c 942a7d26d81c841f bd0f175ee98c613e ae94d8435a6847f4 b6d0f83aad4e4dc7 b24820ae14e16a24 622f2e4119882c94 cea18be9a89d7a81
485,cec2eea2a1fe566a c05f45f86d0771d5 b50b4e27b03c7b37 5989fb934598c1a7 047769588be1aea9 351c9da399c2b915 46315cf30aaee51c 74244a8703c03720 81b639b74256b45b b3e75fdca5ca2f1a 52aa48c07b34dc88 1d0f5fdc58e3efb5 8faeacf8ca08f62d ff88049e61f0f4ef 4d7653ea9499eed4 2a06f5614060e3b6 3fa57d488e979d74 e0269da736ddf004 3986b68500d7704b 702d8f1064ab3e30 bd713b37b67866c3 c28bc62802b90f82 39f6296778264878 0bcaac840d5e66d7 9a0f5ee4f845c9b2 fd30682593995748 0708923badf2ff5d 942a7d26d81c841f bd0f175ee98c613e ae94d8435a6847f4
486,b3e75fdca5ca2f1a 52aa48c07b34dc88 1d0f5fdc58e3efb5 8faeacf8ca08f62d 47fbe21f5c35c7b4 52370bea1acd0600 4d7653ea9499eed4 9a0f5ee4f845c9b2 0bcaac840d5e66d7 c28bc62802b90f82 702d8f1064ab3e30 3986b68500d7704b ff88049e61f0f4ef e0269da736ddf004 bd713b37b67866c3 fd30682593995748 2a06f5614060e3b6 39f6296778264878 e25a1da6ca187350 3fa57d488e979d74 0708923badf2ff5d 734dabb98795c35c 942a7d26d81c841f bd0f175ee98c613e ae94d8435a6847f4 b6d0f83aad4e4dc7 b24820ae14e16a24 622f2e4119882c94 e7cad3748e50b0f8 af8e70f978cd5aee
487,48a76e3aff69d605 0cd920bad11c716d 316382267dcd804f 9f3d2ca16f358290 4dba7ce835494a63 b24820ae14e16a24 fc21db75b354a917 587e0b2a4811fab1 8f578001f9d5f543 73f770f2643a2135 01e5a6edcee7deb0 b0b5e62a93a2c37c 238ec735a13a3f09 00d9f8d3f7d412b3 a5d5ba33b5b1dc95 c810ac016901e8ac f9c6286cff30aaa8 9a439fd1abf95245 a65e30106ea50423 e7828f0ea9749505 4d32dae7b43c489a 18b1d2d84c97a364 4beacc71024f8b08 eab15ee21e126f6a f29eee8054c061e1 d64c06baf5ef1c90 8faeacf8ca08f62d 39f6296778264878 0647acc4602d4e8f e0269da736ddf004
488,ae94d8435a6847f4 b3e75fdca5ca2f1a 4beacc71024f8b08 95166957b2c38794 f105a53e5cfae611 6899956cd6c683f0 81b639b74256b45b 47fbe21f5c35c7b4 52370bea1acd0600 4d7653ea9499eed4 9a0f5ee4f845c9b2 0bcaac840d5e66d7 c28bc62802b90f82 702d8f1064ab3e30 3986b68500d7704b bbbd5d2fd957e8f7 ff88049e61f0f4ef e0269da736ddf004 bd713b37b67866c3 fd30682593995748 2a06f5614060e3b6 e25a1da6ca187350 3fa57d488e979d74 e36475c1af5ea3ab 0708923badf2ff5d 734dabb98795c35c 942a7d26d81c841f bd0f175ee98c613e b6d0f83aad4e4dc7 b24820ae14e16a24
489,680bb5c5c3bb6ee1 1398b478b71773ed ce0f56b7190c268a 63d509cd2a2e0e47 07be6a290720707d ddb3810e0289c148 81b639b74256b45b 9a0f5ee4f845c9b2 0bcaac840d5e66d7 c28bc62802b90f82 702d8f1064ab3e30 3986b68500d7704b 3fa57d488e979d74 ff88049e61f0f4ef e0269da736ddf004 4d7653ea9499eed4 fd30682593995748 2a06f5614060e3b6 39f6296778264878 f58ff7f1a6cde683 e25a1da6ca187350 c31a456b544a40a8 bd713b37b67866c3 734dabb98795c35c 942a7d26d81c841f bd0f175ee98c613e ae94d8435a6847f4 b6d0f83aad4e4dc7 b24820ae14e16a24 622f2e4119882c94
490,b3e75fdca5ca2f1a 52aa48c07b34dc88 1d0f5fdc58e3efb5 6899956cd6c683f0 8faeacf8ca08f62d 52370bea1acd0600 4d7653ea9499eed4 9a0f5ee4f845c9b2 0bcaac840d5e66d7 c28bc62802b90f82 702d8f1064ab3e30 3986b68500d7704b ff88049e61f0f4ef e0269da736ddf004 bd713b37b67866c3 fd30682593995748 2a06f5614060e3b6 39f6296778264878 e25a1da6ca187350 3fa57d488e979d74 0708923badf2ff5d 734dabb98795c35c 942a7d26d81c841f bd0f175ee98c613e ae94d8435a6847f4 b6d0f83aad4e4dc7 b24820ae14e16a24 622f2e4119882c94 4b8c7061102517ef 47fbe21f5c35c7b4
491,40583079f57235a6 2901e5309bb3f8f6 3ca7964973437917 f2234bb7ce0c6f59 05f23e7d05dbf7c2 0fbd0f422e926816 72403ecdfe02bba6 0d0368139e9a647f d35e11d3d1ab3c67 33856365c271aea4 a292248bb2bffb3d 73391e0853c1e040 ffa9091747ae2466 b3e75fdca5ca2f1a 52aa48c07b34dc88 1d0f5fdc58e3efb5 8faeacf8ca08f62d 9a0f5ee4f845c9b2 0bcaac840d5e66d7 c28bc62802b90f82 702d8f1064ab3e30 2a06f5614060e3b6 3fa57d488e979d74 ff88049e61f0f4ef 4d7653ea9499eed4 e0269da736ddf004 bd713b37b67866c3 fd30682593995748 3986b68500d7704b bd0f175ee98c613e
492,5d26da95786b3a3a 00e1e2eb13f650e4 b3e75fdca5ca2f1a 52aa48c07b34dc88 1d0f5fdc58e3efb5 8faeacf8ca08f62d bbbd5d2fd957e8f7 47fbe21f5c35c7b4 52370bea1acd0600 4d7653ea9499eed4 9a0f5ee4f845c9b2 39f6296778264878 0bcaac840d5e66d7 c28bc62802b90f82 3986b68500d7704b 3fa57d488e979d74 ff88049e61f0f4ef e0269da736ddf004 bd713b37b67866c3 2a06f5614060e3b6 fd30682593995748 702d8f1064ab3e30 e7cad3748e50b0f8 0708923badf2ff5d 734dabb98795c35c 942a7d26d81c841f bd0f175ee98c613e ae94d8435a6847f4 b6d0f83aad4e4dc7 b24820ae14e16a24
493,d1e21234d7cc61d2 047769588be1aea9 351c9da399c2b915 46315cf30aaee51c 285657fcdf89f00d 7c8324ce28ffb96e 74244a8703c03720 9f3d2ca16f358290 b24820ae14e16a24 4dba7ce835494a63 587e0b2a4811fab1 fc21db75b354a917 8faeacf8ca08f62d 8f578001f9d5f543 73f770f2643a2135 01e5a6edcee7deb0 a5d5ba33b5b1dc95 f9c6286cff30aaa8 a65e30106ea50423 4d32dae7b43c489a 4beacc71024f8b08 eab15ee21e126f6a 48a76e3aff69d605 f29eee8054c061e1 0647acc4602d4e8f b3e75fdca5ca2f1a 52aa48c07b34dc88 1d0f5fdc58e3efb5 81b639b74256b45b 2a06f5614060e3b6
494,0eb4de784c8dd679 5989fb934598c1a7 00e1e2eb13f650e4 47fbe21f5c35c7b4 52370bea1acd0600 4d7653ea9499eed4 9a0f5ee4f845c9b2 0bcaac840d5e66d7 c28bc62802b90f82 702d8f1064ab3e30 3986b68500d7704b bbbd5d2fd957e8f7 ff88049e61f0f4ef e0269da736ddf004 bd713b37b67866c3 fd30682593995748 2a06f5614060e3b6 39f6296778264878 e25a1da6ca187350 3fa57d488e979d74 e7cad3748e50b0f8 0708923badf2ff5d 734dabb98795c35c 942a7d26d81c841f bd0f175ee98c613e ae94d8435a6847f4 b6d0f83aad4e4dc7 b24820ae14e16a24 cea18be9a89d7a81 4b8c7061102517ef
495,4fe9e4e55585ba4b 0bcaac840d5e66d7 5b4c879fc9c316fb 81b639b74256b45b bbbd5d2fd957e8f7 47fbe21f5c35c7b4 52370bea1acd0600 4d7653ea9499eed4 9a0f5ee4f845c9b2 c28bc62802b90f82 702d8f1064ab3e30 3fa57d488e979d74 ff88049e61f0f4ef e0269da736ddf004 bd713b37b67866c3 fd30682593995748 2a06f5614060e3b6 39f6296778264878 e25a1da6ca187350 3986b68500d7704b 0708923badf2ff5d 734dabb98795c35c 942a7d26d81c841f bd0f175ee98c613e ae94d8435a6847f4 b6d0f83aad4e4dc7 b24820ae14e16a24 622f2e4119882c94 cea18be9a89d7a81 af8e70f978cd5aee
496,f29eee8054c061e1 46315cf30aaee51c 40583079f57235a6 2901e5309bb3f8f6 3ca7964973437917 52370bea1acd0600 4d7653ea9499eed4 9a0f5ee4f845c9b2 0bcaac840d5e66d7 c28bc62802b90f82 702d8f1064ab3e30 47fbe21f5c35c7b4 3fa57d488e979d74 ff88049e61f0f4ef e0269da736ddf004 bd713b37b67866c3 fd30682593995748 2a06f5614060e3b6 39f6296778264878 e25a1da6ca187350 3986b68500d7704b 0708923badf2ff5d 734dabb98795c35c 942a7d26d81c841f bd0f175ee98c613e ae94d8435a6847f4 b6d0f83aad4e4dc7 b24820ae14e16a24 622f2e4119882c94 bbbd5d2fd957e8f7
497,96e82fa141db9a4b 955e465ce0788ea6 f29eee8054c061e1 0f33ce8d8014f308 f48d0fbea7dc2782 6406fcdb7d87b5dc 8e0760918e88e4a9 db69d4cbfef8d22f d6ed7e4b14c51296 cc2cc23a98c14c33 b3e75fdca5ca2f1a 52aa48c07b34dc88 1d0f5fdc58e3efb5 8faeacf8ca08f62d c28bc62802b90f82 b6d0f83aad4e4dc7 702d8f1064ab3e30 3986b68500d7704b 3fa57d488e979d74 ae94d8435a6847f4 ff88049e61f0f4ef e0269da736ddf004 bd713b37b67866c3 fd30682593995748 2a06f5614060e3b6 39f6296778264878 0bcaac840d5e66d7 00140806971e7a73 9c9a9d45c2ea7ddf 45bd99d5d2eef776
498,81b639b74256b45b b3e75fdca5ca2f1a 52aa48c07b34dc88 1d0f5fdc58e3efb5 6899956cd6c683f0 8faeacf8ca08f62d 52370bea1acd0600 4d7653ea9499eed4 9a0f5ee4f845c9b2 0bcaac840d5e66d7 c28bc62802b90f82 702d8f1064ab3e30 3986b68500d7704b 47fbe21f5c35c7b4 ff88049e61f0f4ef e0269da736ddf004 bd713b37b67866c3 fd30682593995748 2a06f5614060e3b6 39f6296778264878 e25a1da6ca187350 3fa57d488e979d74 e7cad3748e50b0f8 0708923badf2ff5d 734dabb98795c35c 942a7d26d81c841f bd0f175ee98c613e ae94d8435a6847f4 b6d0f83aad4e4dc7 b24820ae14e16a24
499,1d0f5fdc58e3efb5 b3e75fdca5ca2f1a 52aa48c07b34dc88 8faeacf8ca08f62d 00e1e2eb13f650e4 ddb3810e0289c148 81b639b74256b45b 47fbe21f5c35c7b4 52370bea1acd0600 4d7653ea9499eed4 9a0f5ee4f845c9b2 0bcaac840d5e66d7 c28bc62802b90f82 702d8f1064ab3e30 3986b68500d7704b ff88049e61f0f4ef 39f6296778264878 e0269da736ddf004 bd713b37b67866c3 fd30682593995748 2a06f5614060e3b6 3fa57d488e979d74 e7cad3748e50b0f8 0708923badf2ff5d 734dabb98795c35c 942a7d26d81c841f bd0f175ee98c613e ae94d8435a6847f4 b6d0f83aad4e4dc7 b24820ae14e16a24
500,01104a026d22ae55 1d0f5fdc58e3efb5 b3e75fdca5ca2f1a 52aa48c07b34dc88 6899956cd6c683f0 8faeacf8ca08f62d 52370bea1acd0600 4d7653ea9499eed4 9a0f5ee4f845c9b2 0bcaac840d5e66d7 c28bc62802b90f82 702d8f1064ab3e30 3986b68500d7704b 3fa57d488e979d74 ff88049e61f0f4ef e0269da736ddf004 bd713b37b67866c3 fd30682593995748 2a06f5614060e3b6 47fbe21f5c35c7b4 e7cad3748e50b0f8 0708923badf2ff5d 734dabb98795c35c 942a7d26d81c841f bd0f175ee98c613e ae94d8435a6847f4 b6d0f83aad4e4dc7 b24820ae14e16a24 622f2e4119882c94 39f6296778264878
501,b0e254dd420faee3 0708923badf2ff5d 6ae470a7c9ec20fd 0eedb1a0d3b8ddae ae94d8435a6847f4 4beacc71024f8b08 95166957b2c38794 f105a53e5cfae611 00e1e2eb13f650e4 52370bea1acd0600 9a0f5ee4f845c9b2 0bcaac840d5e66d7 c28bc62802b90f82 702d8f1064ab3e30 3986b68500d7704b 3fa57d488e979d74 ff88049e61f0f4ef e0269da736ddf004 bd713b37b67866c3 fd30682593995748 2a06f5614060e3b6 e25a1da6ca187350 4d7653ea9499eed4 734dabb98795c35c 942a7d26d81c841f bd0f175ee98c613e b6d0f83aad4e4dc7 b24820ae14e16a24 622f2e4119882c94 4b8c7061102517ef
502,ba5199dba342af68 238de368bb05c0ec ce0f56b7190c268a b7d7d9ae1cbe0d8a e6a29676c096f8e8 f58ff7f1a6cde683 a860b682add9de1c 27a12f29dceccdbd b760ebc5f25788d3 42a5cae2a3a45557 c6b615b2589e036d 8f578001f9d5f543 73f770f2643a2135 01e5a6edcee7deb0 9100ea6cd0e084bf 64b31699d7d15934 f9c6286cff30aaa8 ff88049e61f0f4ef b749972436ac9791 0195950ce0f47e34 2359719a0f40ffac 622f2e4119882c94 43b3338423d7386c 4d32dae7b43c489a 5048a37f10cf2d91 e878efab7c37179e 025a148c3a53bd9f 39f6296778264878 6e12311169bcb24c b3e75fdca5ca2f1a
503,451e7ba901ad661d 7cea1f637ea3f37d 155600e5f1221f8c 2820628e65a062e2 a017f3358d5327aa 81b639b74256b45b d1e21234d7cc61d2 cea18be9a89d7a81 bbbd5d2fd957e8f7 47fbe21f5c35c7b4 52370bea1acd0600 39f6296778264878 4d7653ea9499eed4 fd30682593995748 0bcaac840d5e66d7 bd713b37b67866c3 c28bc62802b90f82 702d8f1064ab3e30 3986b68500d7704b e0269da736ddf004 3fa57d488e979d74 ff88049e61f0f4ef 9a0f5ee4f845c9b2 e7cad3748e50b0f8 0708923badf2ff5d 734dabb98795c35c 942a7d26d81c841f bd0f175ee98c613e ae94d8435a6847f4 b6d0f83aad4e4dc7
504,f1a3b8b13e9401c0 ae94d8435a6847f4 59c231f8fd21260c 4beacc71024f8b08 95166957b2c38794 f105a53e5cfae611 00e1e2eb13f650e4 81b639b74256b45b 47fbe21f5c35c7b4 4d7653ea9499eed4 9a0f5ee4f845c9b2 0bcaac840d5e66d7 c28bc62802b90f82 702d8f1064ab3e30 3986b68500d7704b 3fa57d488e979d74 ff88049e61f0f4ef e0269da736ddf004 bd713b37b67866c3 fd30682593995748 2a06f5614060e3b6 39f6296778264878 52370bea1acd0600 e7cad3748e50b0f8 0708923badf2ff5d 734dabb98795c35c 942a7d26d81c841f bd0f175ee98c613e b6d0f83aad4e4dc7 b24820ae14e16a24
505,ae000f9d0b5e104e 74ae9af23a383bf5 b69ce8b8154645f8 576dd429db946393 8e0cc5199a0ee659 cc2cc23a98c14c33 b3e75fdca5ca2f1a 52aa48c07b34dc88 1d0f5fdc58e3efb5 8faeacf8ca08f62d 4d7653ea9499eed4 9a0f5ee4f845c9b2 0bcaac840d5e66d7 0708923badf2ff5d c28bc62802b90f82 702d8f1064ab3e30 3986b68500d7704b 3fa57d488e979d74 ff88049e61f0f4ef e0269da736ddf004 bd713b37b67866c3 fd30682593995748 2a06f5614060e3b6 52370bea1acd0600 b6d0f83aad4e4dc7 b24820ae14e16a24 622f2e4119882c94 4b8c7061102517ef af8e70f978cd5aee 5ebb4d2f5f1c1f13
506,ca43e349133fc0e3 d6bbbd6c4968075a 65ad9c583823162d 4f915ad69e1dca36 ebfda3b48083e390 8dedff0a79784abc 98dbd15aa33ebc18 ad06e9eeea8eb4ea e9c20b67a4c5395f c143c095983a65c2 b6a1c97f19af78d0 d257d1fbcf43abd5 58654e3143c6550b 52370bea1acd0600 35488b3b8b781278 b24820ae14e16a24 4dba7ce835494a63 587e0b2a4811fab1 9f3d2ca16f358290 fc21db75b354a917 01e5a6edcee7deb0 73f770f2643a2135 8f578001f9d5f543 a5d5ba33b5b1dc95 f9c6286cff30aaa8 a65e30106ea50423 64c2e323906b42d3 4d32dae7b43c489a 4beacc71024f8b08 eab15ee21e126f6a
507,451e7ba901ad661d 537a55eda51a3f60 a84cd36608cb8665 22e8d6734e4121ae 4105533fe46dfba9 6cb9ab508a0678a0 059bbdbdb843af6a 354d7a327bbcc152 d1e21234d7cc61d2 47fbe21f5c35c7b4 52370bea1acd0600 4d7653ea9499eed4 9a0f5ee4f845c9b2 0bcaac840d5e66d7 c28bc62802b90f82 702d8f1064ab3e30 3986b68500d7704b ff88049e61f0f4ef e0269da736ddf004 bd713b37b67866c3 fd30682593995748 2a06f5614060e3b6 e25a1da6ca187350 3fa57d488e979d74 0708923badf2ff5d 734dabb98795c35c 942a7d26d81c841f bd0f175ee98c613e ae94d8435a6847f4 b6d0f83aad4e4dc7
508,edc79e57b20e9036 025a148c3a53bd9f e878efab7c37179e fc21db75b354a917 b24820ae14e16a24 4dba7ce835494a63 587e0b2a4811fab1 9f3d2ca16f358290 a5d5ba33b5b1dc95 a65e30106ea50423 4d32dae7b43c489a 43b3338423d7386c f209d29f991432f0 de35d2410e916471 5d26da95786b3a3a 8faeacf8ca08f62d 34a62e66e05f9a44 b6e72edcad270be0 95166957b2c38794 a9dad59c7055b56c 5547f9f1638ac345 3b4a85bac6ead3c8 999a52f1d301247c 8bf446c0455e3c5c 52370bea1acd0600 73f770f2643a2135 8f578001f9d5f543 01e5a6edcee7deb0 81b639b74256b45b 72b80b099fd64ec4
509,8df3f13d6af34cb3 47fbe21f5c35c7b4 52370bea1acd0600 4d7653ea9499eed4 9a0f5ee4f845c9b2 0bcaac840d5e66d7 c28bc62802b90f82 702d8f1064ab3e30 09bbaa171c20bae3 3fa57d488e979d74 ff88049e61f0f4ef e0269da736ddf004 bd713b37b67866c3 fd30682593995748 2a06f5614060e3b6 39f6296778264878 e25a1da6ca187350 3986b68500d7704b e7cad3748e50b0f8 0708923badf2ff5d 734dabb98795c35c 942a7d26d81c841f bd0f175ee98c613e ae94d8435a6847f4 b6d0f83aad4e4dc7 b24820ae14e16a24 bbbd5d2fd957e8f7 4b8c7061102517ef af8e70f978cd5aee 5ebb4d2f5f1c1f13
510,81b639b74256b45b 52370bea1acd0600 d216e5458ad70e60 fc21db75b354a917 b24820ae14e16a24 4dba7ce835494a63 587e0b2a4811fab1 9f3d2ca16f358290 430feb4826a5632e b6e72edcad270be0 a9dad59c7055b56c bc2552a642ce8497 999a52f1d301247c 3b4a85bac6ead3c8 a5d5ba33b5b1dc95 ca43e349133fc0e3 d6bbbd6c4968075a a65e30106ea50423 63d95d5977c2fe98 4f915ad69e1dca36 ebfda3b48083e390 4d32dae7b43c489a 8dedff0a79784abc 98dbd15aa33ebc18 ad06e9eeea8eb4ea e9c20b67a4c5395f c143c095983a65c2 edc79e57b20e9036 8bf446c0455e3c5c b6a1c97f19af78d0
511,40583079f57235a6 2901e5309bb3f8f6 3ca7964973437917 e1460af4a7044067 01ecc81f6341e902 1ba7a50457e93996 16b11706660177ff 4522ad78bf79f0c9 3c565c1fc2316d16 765c0695339c3abe 81b639b74256b45b 47fbe21f5c35c7b4 52370bea1acd0600 4d7653ea9499eed4 9a0f5ee4f845c9b2 0bcaac840d5e66d7 c28bc62802b90f82 3986b68500d7704b 3fa57d488e979d74 ff88049e61f0f4ef e0269da736ddf004 bd713b37b67866c3 fd30682593995748 702d8f1064ab3e30 734dabb98795c35c 942a7d26d81c841f bd0f175ee98c613e ae94d8435a6847f4 b6d0f83aad4e4dc7 b24820ae14e16a24
512,a9dad59c7055b56c d1e21234d7cc61d2 81b639b74256b45b bbbd5d2fd957e8f7 47fbe21f5c35c7b4 52370bea1acd0600 4d7653ea9499eed4 9a0f5ee4f845c9b2 0bcaac840d5e66d7 c28bc62802b90f82 cea18be9a89d7a81 3986b68500d7704b 3fa57d488e979d74 ff88049e61f0f4ef e0269da736ddf004 bd713b37b67866c3 fd30682593995748 2a06f5614060e3b6 39f6296778264878 702d8f1064ab3e30 e36475c1af5ea3ab e7cad3748e50b0f8 0708923badf2ff5d 734dabb98795c35c 942a7d26d81c841f bd0f175ee98c613e ae94d8435a6847f4 b6d0f83aad4e4dc7 5fb2d8e734956af0 622f2e4119882c94
513,b3e75fdca5ca2f1a 81b639b74256b45b 48a76e3aff69d605 64c2e323906b42d3 d1e21234d7cc61d2 6899956cd6c683f0 52370bea1acd0600 4d7653ea9499eed4 9a0f5ee4f845c9b2 0bcaac840d5e66d7 c28bc62802b90f82 702d8f1064ab3e30 47fbe21f5c35c7b4 3fa57d488e979d74 ff88049e61f0f4ef e0269da736ddf004 bd713b37b67866c3 fd30682593995748 2a06f5614060e3b6 39f6296778264878 c31a456b544a40a8 3986b68500d7704b 0708923badf2ff5d 734dabb98795c35c 942a7d26d81c841f bd0f175ee98c613e ae94d8435a6847f4 b6d0f83aad4e4dc7 b24820ae14e16a24 622f2e4119882c94
514,22e8d6734e4121ae 4105533fe46dfba9 6cb9ab508a0678a0 059bbdbdb843af6a f58ff7f1a6cde683 e6a29676c096f8e8 a860b682add9de1c 42a5cae2a3a45557 27a12f29dceccdbd c6b615b2589e036d b760ebc5f25788d3 73f770f2643a2135 8f578001f9d5f543 01e5a6edcee7deb0 64b31699d7d15934 9100ea6cd0e084bf f9c6286cff30aaa8 ff88049e61f0f4ef b749972436ac9791 0195950ce0f47e34 2359719a0f40ffac 622f2e4119882c94 43b3338423d7386c 4d32dae7b43c489a 5048a37f10cf2d91 025a148c3a53bd9f e878efab7c37179e 39f6296778264878 6e12311169bcb24c 3986b68500d7704b
515,63d95d5977c2fe98 6899956cd6c683f0 47fbe21f5c35c7b4 52370bea1acd0600 4d7653ea9499eed4 9a0f5ee4f845c9b2 0bcaac840d5e66d7 c28bc62802b90f82 702d8f1064ab3e30 bbbd5d2fd957e8f7 3fa57d488e979d74 ff88049e61f0f4ef e0269da736ddf004 bd713b37b67866c3 fd30682593995748 2a06f5614060e3b6 39f6296778264878 e25a1da6ca187350 3986b68500d7704b e7cad3748e50b0f8 0708923badf2ff5d 734dabb98795c35c 942a7d26d81c841f bd0f175ee98c613e ae94d8435a6847f4 b6d0f83aad4e4dc7 b24820ae14e16a24 cea18be9a89d7a81 4b8c7061102517ef af8e70f978cd5aee
516,29bedd00fb2be056 455fde214d16d350 33856365c271aea4 5989fb934598c1a7 07f22a7ad7e4711d 25a3b47fe31bc6b5 ddb3810e0289c148 387e9cd2e5d4ea7d ebfda3b48083e390 42c9b72cc77dcb28 025a148c3a53bd9f c5830f9d0f1e29e5 7155e5a86136eb02 65708d542bd01f39 57113c2a4cacd961 4d954d933e606b70 095bb1b6ecbd0a50 8643165b0f53df11 3ca7964973437917 eff60ceea8817dad 1f423f368aebf7f3 26fc2a95df5659c2 855f2f0354e102c7 63d95d5977c2fe98 7ee52d2519eea367 44d324ebd3e22ad7 1398b478b71773ed 4d417b203b333363 587e0b2a4811fab1 b6a1c97f19af78d0
517,fd30682593995748 a1314cd417504572 64907c4568244eb4 898a4921ab9f4cce 047769588be1aea9 351c9da399c2b915 46315cf30aaee51c 74244a8703c03720 cc2cc23a98c14c33 00e1e2eb13f650e4 47fbe21f5c35c7b4 4d7653ea9499eed4 9a0f5ee4f845c9b2 0bcaac840d5e66d7 c28bc62802b90f82 702d8f1064ab3e30 3986b68500d7704b 3fa57d488e979d74 ff88049e61f0f4ef e0269da736ddf004 bd713b37b67866c3 39f6296778264878 52370bea1acd0600 0708923badf2ff5d 734dabb98795c35c 942a7d26d81c841f bd0f175ee98c613e ae94d8435a6847f4 b6d0f83aad4e4dc7 b24820ae14e16a24
518,01b3da54ffb158a0 a18df74d3a16e9c0 e1460af4a7044067 01ecc81f6341e902 16b11706660177ff 1ba7a50457e93996 dc12cc503ac0eddb b84b6c0b2e4d0306 666bdff4faa513ca d9885881381fd10a 12af6a34778710db 4522ad78bf79f0c9 d0f6c00eec5eb973 0451447dd64f6284 4d9214c0925e5af8 3c565c1fc2316d16 9b0e8cf8153e3b33 8dedff0a79784abc cc0c9419f8a20603 447fc00f40d71d08 419b5dc40744fb9b e14a893f1918277e 942a7d26d81c841f 4b29fc21f912754d a492bd402afd5c71 e0269da736ddf004 bd713b37b67866c3 ff88049e61f0f4ef 2a06f5614060e3b6 39f6296778264878
519,249bf372159f33e9 d72363ddd958d906 4d954d933e606b70 ba5199dba342af68 238de368bb05c0ec a9dad59c7055b56c 316382267dcd804f 0cd920bad11c716d 00d9f8d3f7d412b3 b0b5e62a93a2c37c 238ec735a13a3f09 c810ac016901e8ac 9a439fd1abf95245 e7828f0ea9749505 18b1d2d84c97a364 d64c06baf5ef1c90 39f6296778264878 e25a1da6ca187350 2a06f5614060e3b6 fd30682593995748 bd713b37b67866c3 e0269da736ddf004 ff88049e61f0f4ef 3fa57d488e979d74 942a7d26d81c841f 3986b68500d7704b 702d8f1064ab3e30 bd0f175ee98c613e c28bc62802b90f82 0bcaac840d5e66d7
520,acf5cb026b3c4551 ddb3810e0289c148 47fbe21f5c35c7b4 52370bea1acd0600 4d7653ea9499eed4 9a0f5ee4f845c9b2 0bcaac840d5e66d7 c28bc62802b90f82 702d8f1064ab3e30 f58ff7f1a6cde683 3fa57d488e979d74 ff88049e61f0f4ef e0269da736ddf004 bd713b37b67866c3 fd30682593995748 2a06f5614060e3b6 39f6296778264878 e25a1da6ca187350 c31a456b544a40a8 3986b68500d7704b e7cad3748e50b0f8 0708923badf2ff5d 734dabb98795c35c 942a7d26d81c841f bd0f175ee98c613e ae94d8435a6847f4 b6d0f83aad4e4dc7 b24820ae14e16a24 bbbd5d2fd957e8f7 4b8c7061102517ef
521,1d0f5fdc58e3efb5 ae94d8435a6847f4 4beacc71024f8b08 b3e75fdca5ca2f1a 52aa48c07b34dc88 95166957b2c38794 f105a53e5cfae611 8faeacf8ca08f62d d1e21234d7cc61d2 4d7653ea9499eed4 9a0f5ee4f845c9b2 0bcaac840d5e66d7 c28bc62802b90f82 702d8f1064ab3e30 3986b68500d7704b 3fa57d488e979d74 ff88049e61f0f4ef bd713b37b67866c3 fd30682593995748 2a06f5614060e3b6 39f6296778264878 e25a1da6ca187350 e0269da736ddf004 0708923badf2ff5d 734dabb98795c35c 942a7d26d81c841f bd0f175ee98c613e b6d0f83aad4e4dc7 b24820ae14e16a24 622f2e4119882c94
522,97d696011258825c c143c095983a65c2 0eedb1a0d3b8ddae f44f74b3451aa593 5570ef88d970e9b4 cc507a0d6fcf4a1c 734dabb98795c35c c14d5b16840d3032 6899956cd6c683f0 5b4c879fc9c316fb 5ebb4d2f5f1c1f13 e1460af4a7044067 01ecc81f6341e902 1ba7a50457e93996 16b11706660177ff 4522ad78bf79f0c9 3c565c1fc2316d16 1d0f5fdc58e3efb5 765c0695339c3abe 81b639b74256b45b 3fa57d488e979d74 3986b68500d7704b 702d8f1064ab3e30 ff88049e61f0f4ef fd30682593995748 c28bc62802b90f82 0bcaac840d5e66d7 9a0f5ee4f845c9b2 e0269da736ddf004 ae94d8435a6847f4
523,29bedd00fb2be056 455fde214d16d350 33856365c271aea4 5989fb934598c1a7 07f22a7ad7e4711d 25a3b47fe31bc6b5 ddb3810e0289c148 387e9cd2e5d4ea7d ebfda3b48083e390 42c9b72cc77dcb28 025a148c3a53bd9f c5830f9d0f1e29e5 7155e5a86136eb02 65708d542bd01f39 57113c2a4cacd961 4d954d933e606b70 095bb1b6ecbd0a50 8643165b0f53df11 3ca7964973437917 eff60ceea8817dad 1f423f368aebf7f3 26fc2a95df5659c2 855f2f0354e102c7 63d95d5977c2fe98 7ee52d2519eea367 44d324ebd3e22ad7 1398b478b71773ed 4d417b203b333363 587e0b2a4811fab1 b6a1c97f19af78d0
524,46315cf30aaee51c 6899956cd6c683f0 81b639b74256b45b 47fbe21f5c35c7b4 52370bea1acd0600 4d7653ea9499eed4 9a0f5ee4f845c9b2 0bcaac840d5e66d7 c28bc62802b90f82 702d8f1064ab3e30 3986b68500d7704b c31a456b544a40a8 ff88049e61f0f4ef e0269da736ddf004 bd713b37b67866c3 fd30682593995748 2a06f5614060e3b6 39f6296778264878 e25a1da6ca187350 3fa57d488e979d74 e7cad3748e50b0f8 0708923badf2ff5d 734dabb98795c35c 942a7d26d81c841f bd0f175ee98c613e ae94d8435a6847f4 b6d0f83aad4e4dc7 b24820ae14e16a24 bbbd5d2fd957e8f7 4b8c7061102517ef
525,316382267dcd804f 0cd920bad11c716d b8e2f75014710ced 238ec735a13a3f09 b0b5e62a93a2c37c 00d9f8d3f7d412b3 c810ac016901e8ac 9a439fd1abf95245 e7828f0ea9749505 18b1d2d84c97a364 d64c06baf5ef1c90 39f6296778264878 9a0f5ee4f845c9b2 0bcaac840d5e66d7 c28bc62802b90f82 702d8f1064ab3e30 3986b68500d7704b 3fa57d488e979d74 4d7653ea9499eed4 e0269da736ddf004 bd713b37b67866c3 fd30682593995748 2a06f5614060e3b6 e25a1da6ca187350 c31a456b544a40a8 ff88049e61f0f4ef 942a7d26d81c841f bd0f175ee98c613e ae94d8435a6847f4 b6d0f83aad4e4dc7
526,cc2cc23a98c14c33 da011b87595c1019 70ebf53ced736fa4 a76ffccd2f5df1a7 5f94b027039f4e48 50cb6a6c60ad711a 0683b6a78f54be75 ca43e349133fc0e3 d6bbbd6c4968075a d1e21234d7cc61d2 63d95d5977c2fe98 4f915ad69e1dca36 ebfda3b48083e390 8dedff0a79784abc 98dbd15aa33ebc18 ad06e9eeea8eb4ea e9c20b67a4c5395f c143c095983a65c2 b6a1c97f19af78d0 d257d1fbcf43abd5 58654e3143c6550b 52370bea1acd0600 64c2e323906b42d3 35488b3b8b781278 b3e75fdca5ca2f1a 52aa48c07b34dc88 1d0f5fdc58e3efb5 8faeacf8ca08f62d 39f6296778264878 2a06f5614060e3b6
527,585f4ee09d8fea46 db0e648651f4c92b dc576af4ae66e25e f6d23cdd2359f7c0 d5952b2e031c4e7e 5879096a38d69fc5 919b1679fffa7ef1 9c9ebf71707d7a37 9f3d2ca16f358290 587e0b2a4811fab1 4dba7ce835494a63 b24820ae14e16a24 fc21db75b354a917 73f770f2643a2135 8f578001f9d5f543 01e5a6edcee7deb0 a5d5ba33b5b1dc95 f9c6286cff30aaa8 a65e30106ea50423 4d32dae7b43c489a 4beacc71024f8b08 eab15ee21e126f6a 48a76e3aff69d605 f29eee8054c061e1 8faeacf8ca08f62d 0647acc4602d4e8f 40583079f57235a6 2901e5309bb3f8f6 3ca7964973437917 6899956cd6c683f0
528,4beacc71024f8b08 64267373570e4ea3 0cd920bad11c716d 316382267dcd804f 00d9f8d3f7d412b3 238ec735a13a3f09 b0b5e62a93a2c37c c810ac016901e8ac 9a439fd1abf95245 e7828f0ea9749505 18b1d2d84c97a364 d64c06baf5ef1c90 39f6296778264878 b3e75fdca5ca2f1a 52aa48c07b34dc88 1d0f5fdc58e3efb5 8faeacf8ca08f62d 702d8f1064ab3e30 3986b68500d7704b c28bc62802b90f82 3fa57d488e979d74 ff88049e61f0f4ef e0269da736ddf004 bd713b37b67866c3 2a06f5614060e3b6 e25a1da6ca187350 c31a456b544a40a8 fd30682593995748 ae94d8435a6847f4 b6d0f83aad4e4dc7
529,83f5a9732f0de67f cea18be9a89d7a81 bbbd5d2fd957e8f7 47fbe21f5c35c7b4 52370bea1acd0600 4d7653ea9499eed4 9a0f5ee4f845c9b2 0bcaac840d5e66d7 781f4d0147aef776 702d8f1064ab3e30 3986b68500d7704b 3fa57d488e979d74 ff88049e61f0f4ef e0269da736ddf004 bd713b37b67866c3 fd30682593995748 2a06f5614060e3b6 39f6296778264878 c28bc62802b90f82 e36475c1af5ea3ab e7cad3748e50b0f8 0708923badf2ff5d 734dabb98795c35c 942a7d26d81c841f bd0f175ee98c613e ae94d8435a6847f4 b6d0f83aad4e4dc7 5fb2d8e734956af0 622f2e4119882c94 4b8c7061102517ef
530,33856365c271aea4 a292248bb2bffb3d 3e8e56f639a5db5b 033d905aec273595 ffa9091747ae2466 8e0760918e88e4a9 63d95d5977c2fe98 05f23e7d05dbf7c2 0fbd0f422e926816 f2234bb7ce0c6f59 e740c80fce094788 72403ecdfe02bba6 d35e11d3d1ab3c67 0d0368139e9a647f fc16a50ff0baec53 52e459a551d4ac2d e7cad3748e50b0f8 7eec211cc37a1b05 a982b5c3aed39396 d1e21234d7cc61d2 73391e0853c1e040 65708d542bd01f39 781aaf62a955e4e8 6406fcdb7d87b5dc 148ac4a56a18844d 65ad9c583823162d e0269da736ddf004 40583079f57235a6 680bb5c5c3bb6ee1 2394b08708475900
531,f1a3b8b13e9401c0 81b639b74256b45b bbbd5d2fd957e8f7 47fbe21f5c35c7b4 52370bea1acd0600 4d7653ea9499eed4 9a0f5ee4f845c9b2 0bcaac840d5e66d7 c28bc62802b90f82 702d8f1064ab3e30 cea18be9a89d7a81 3fa57d488e979d74 ff88049e61f0f4ef e0269da736ddf004 bd713b37b67866c3 fd30682593995748 2a06f5614060e3b6 39f6296778264878 3986b68500d7704b e36475c1af5ea3ab e7cad3748e50b0f8 0708923badf2ff5d 734dabb98795c35c 942a7d26d81c841f bd0f175ee98c613e ae94d8435a6847f4 b6d0f83aad4e4dc7 5fb2d8e734956af0 622f2e4119882c94 4b8c7061102517ef
532,ce0f56b7190c268a b7d7d9ae1cbe0d8a 366a22fce0614fb8 de8e1345e8c305c4 853e36b1550c6274 636224e349e561bf 4f2fffd7528de786 1f4f62844c3cb99c 48cf88c17ff38c5e 3734d3b0b9232538 26fc2a95df5659c2 8fc68213b63951dc d7d937303a6d5a9d bc2ae5f4e5d53e00 4bed80e56ea2e099 e22c35101e190db9 40583079f57235a6 a860b682add9de1c e6a29676c096f8e8 f58ff7f1a6cde683 c6b615b2589e036d 27a12f29dceccdbd b760ebc5f25788d3 42a5cae2a3a45557 2901e5309bb3f8f6 01e5a6edcee7deb0 8f578001f9d5f543 73f770f2643a2135 64b31699d7d15934 9100ea6cd0e084bf
533,0a49074a4158155b c49d8f84a4f87f8a 2e2904c5373734ae 9cf6709de35bf0f3 6899956cd6c683f0 cea18be9a89d7a81 47fbe21f5c35c7b4 52370bea1acd0600 4d7653ea9499eed4 9a0f5ee4f845c9b2 0bcaac840d5e66d7 c28bc62802b90f82 702d8f1064ab3e30 3986b68500d7704b 3fa57d488e979d74 ff88049e61f0f4ef e0269da736ddf004 bd713b37b67866c3 fd30682593995748 2a06f5614060e3b6 e25a1da6ca187350 bbbd5d2fd957e8f7 e36475c1af5ea3ab 0708923badf2ff5d 734dabb98795c35c 942a7d26d81c841f bd0f175ee98c613e ae94d8435a6847f4 b6d0f83aad4e4dc7 b24820ae14e16a24
534,64267373570e4ea3 0cd920bad11c716d 316382267dcd804f 00d9f8d3f7d412b3 238ec735a13a3f09 b0b5e62a93a2c37c c810ac016901e8ac f28fb3d9880c5d4c 0c2eeab1e4ce1db8 120e745e2961b5d5 fc8971756f9ec194 2dd12c230ab22555 2e44fbb8bc3d8d71 9a439fd1abf95245 f29eee8054c061e1 e7828f0ea9749505 351c9da399c2b915 18b1d2d84c97a364 37001ade0df85823 d64c06baf5ef1c90 39f6296778264878 42c9b72cc77dcb28 b3e75fdca5ca2f1a 52aa48c07b34dc88 1d0f5fdc58e3efb5 6899956cd6c683f0 81b639b74256b45b 8faeacf8ca08f62d b6d0f83aad4e4dc7 2a06f5614060e3b6
535,dac29ed8400b50cc 74e59c5820900b17 c08c3765ac609cc0 b749972436ac9791 0eafda717681bbdc f46601a9955f9949 18ced18aee04c48e 87c5481930cfe126 538c7bb968b2154c 3fa57d488e979d74 f2234bb7ce0c6f59 05f23e7d05dbf7c2 0fbd0f422e926816 4d417b203b333363 5b34da30b93eb123 f705b637f624147e 922e625fae98b3b9 ca43e349133fc0e3 d6bbbd6c4968075a 2359719a0f40ffac 4f915ad69e1dca36 ebfda3b48083e390 acae1d29289b1266 50ba507a268872e1 db7342eff9200020 622f2e4119882c94 48a76e3aff69d605 8dedff0a79784abc a9eef13786610446 005666aa098abe8e
536,d6bbbd6c4968075a 4f915ad69e1dca36 ebfda3b48083e390 ad06e9eeea8eb4ea 98dbd15aa33ebc18 e9c20b67a4c5395f c143c095983a65c2 b6a1c97f19af78d0 d257d1fbcf43abd5 58654e3143c6550b ca43e349133fc0e3 8dedff0a79784abc 52370bea1acd0600 35488b3b8b781278 538c7bb968b2154c 87c5481930cfe126 a2805ed52b47b8ec 8a5635c748344d47 2a06f5614060e3b6 fa173131f15f5534 b1dcaca98bb76736 eff60ceea8817dad 22dc81380cf4baec f49e13a653cbdad2 95d25d38ba7df9c7 b2ee9eea2d974c90 3fa57d488e979d74 f2e30efbd27bee51 5897953fdf87b60f a853f13216170123
537,00ff646ca6637bd7 120e745e2961b5d5 2e44fbb8bc3d8d71 fc8971756f9ec194 0c2eeab1e4ce1db8 f28fb3d9880c5d4c 2dd12c230ab22555 351c9da399c2b915 37001ade0df85823 0cd920bad11c716d 316382267dcd804f 42c9b72cc77dcb28 b0b5e62a93a2c37c 238ec735a13a3f09 00d9f8d3f7d412b3 c810ac016901e8ac 9a439fd1abf95245 e7828f0ea9749505 18b1d2d84c97a364 d64c06baf5ef1c90 39f6296778264878 d1e21234d7cc61d2 6899956cd6c683f0 81b639b74256b45b 702d8f1064ab3e30 3986b68500d7704b c28bc62802b90f82 0bcaac840d5e66d7 9a0f5ee4f845c9b2 3fa57d488e979d74
538,680bb5c5c3bb6ee1 e8ad5e31484ef889 1398b478b71773ed ce0f56b7190c268a a5f55580081236f4 83f5a9732f0de67f 63d509cd2a2e0e47 07be6a290720707d 0a49074a4158155b b3e75fdca5ca2f1a 52aa48c07b34dc88 1d0f5fdc58e3efb5 8faeacf8ca08f62d 702d8f1064ab3e30 3986b68500d7704b 3fa57d488e979d74 c28bc62802b90f82 0bcaac840d5e66d7 ff88049e61f0f4ef 9a0f5ee4f845c9b2 bd713b37b67866c3 fd30682593995748 2a06f5614060e3b6 39f6296778264878 e25a1da6ca187350 e0269da736ddf004 942a7d26d81c841f bd0f175ee98c613e ae94d8435a6847f4 b6d0f83aad4e4dc7
539,acf5cb026b3c4551 f05fa5f57dc03e81 e36475c1af5ea3ab 95ecdbff44ad0b60 00d9eb862ba3dfc6 25145708d494530b 5d26da95786b3a3a f44f74b3451aa593 63d95d5977c2fe98 66ccd03c9e03ac06 22756be6fd061d4c b6e646c13d0753ae 57113c2a4cacd961 92f42fbd0c38f7fd a9223c28b10c131f 9a0f5ee4f845c9b2 4535ce2e3dced00f 2e79d45ba4d1540d bee46c54461925d0 d980375fbd40c75f c31a456b544a40a8 f9c6286cff30aaa8 07d688f5e2142b87 a65e30106ea50423 48a76e3aff69d605 106204cd0e07e1b2 9100ea6cd0e084bf 64b31699d7d15934 acae1d29289b1266 cc2cc23a98c14c33
540,29bedd00fb2be056 455fde214d16d350 33856365c271aea4 5989fb934598c1a7 07f22a7ad7e4711d 25a3b47fe31bc6b5 ddb3810e0289c148 387e9cd2e5d4ea7d ebfda3b48083e390 42c9b72cc77dcb28 025a148c3a53bd9f c5830f9d0f1e29e5 7155e5a86136eb02 65708d542bd01f39 57113c2a4cacd961 4d954d933e606b70 095bb1b6ecbd0a50 8643165b0f53df11 3ca7964973437917 eff60ceea8817dad 1f423f368aebf7f3 26fc2a95df5659c2 855f2f0354e102c7 63d95d5977c2fe98 7ee52d2519eea367 44d324ebd3e22ad7 1398b478b71773ed 4d417b203b333363 587e0b2a4811fab1 b6a1c97f19af78d0
541,6899956cd6c683f0 97d696011258825c c143c095983a65c2 fa173131f15f5534 8a5635c748344d47 b1dcaca98bb76736 a2805ed52b47b8ec 22dc81380cf4baec 2a06f5614060e3b6 f49e13a653cbdad2 eff60ceea8817dad bb7515be835dea49 03dfe518713e006c 99e833818ec4bbf2 0add47a043c64d7f 48f93f9c2c699e19 88b62355670ec8f8 d16da1fb61813db9 8699cc5dd4159b69 d63b7f083330247f e1460af4a7044067 01ecc81f6341e902 1ba7a50457e93996 16b11706660177ff edc79e57b20e9036 40583079f57235a6 4522ad78bf79f0c9 2901e5309bb3f8f6 3c565c1fc2316d16 3b6d27775fce1c7b
542,de35d2410e916471 40583079f57235a6 2901e5309bb3f8f6 3ca7964973437917 47fbe21f5c35c7b4 52370bea1acd0600 4d7653ea9499eed4 9a0f5ee4f845c9b2 0bcaac840d5e66d7 c28bc62802b90f82 bbbd5d2fd957e8f7 3986b68500d7704b 3fa57d488e979d74 ff88049e61f0f4ef e0269da736ddf004 bd713b37b67866c3 fd30682593995748 2a06f5614060e3b6 39f6296778264878 e25a1da6ca187350 702d8f1064ab3e30 0708923badf2ff5d 734dabb98795c35c 942a7d26d81c841f bd0f175ee98c613e ae94d8435a6847f4 b6d0f83aad4e4dc7 b24820ae14e16a24 622f2e4119882c94 cea18be9a89d7a81
543,ca43e349133fc0e3 d6bbbd6c4968075a 4f915ad69e1dca36 ebfda3b48083e390 8dedff0a79784abc b3e75fdca5ca2f1a 52aa48c07b34dc88 ad06e9eeea8eb4ea 98dbd15aa33ebc18 e9c20b67a4c5395f c143c095983a65c2 b6a1c97f19af78d0 d257d1fbcf43abd5 58654e3143c6550b 52370bea1acd0600 1d0f5fdc58e3efb5 00e1e2eb13f650e4 8faeacf8ca08f62d 35488b3b8b781278 702d8f1064ab3e30 3986b68500d7704b 3fa57d488e979d74 ff88049e61f0f4ef e0269da736ddf004 bd713b37b67866c3 fd30682593995748 2a06f5614060e3b6 e25a1da6ca187350 c28bc62802b90f82 bd0f175ee98c613e
544,63d95d5977c2fe98 b3e75fdca5ca2f1a 00d9eb862ba3dfc6 25145708d494530b 95ecdbff44ad0b60 366a22fce0614fb8 6899956cd6c683f0 3b6d27775fce1c7b ae94d8435a6847f4 52aa48c07b34dc88 87c5481930cfe126 538c7bb968b2154c 4b05967001421eab 22dc81380cf4baec 8a5635c748344d47 f49e13a653cbdad2 a2805ed52b47b8ec 2a06f5614060e3b6 b1dcaca98bb76736 fa173131f15f5534 eff60ceea8817dad 95d25d38ba7df9c7 b2ee9eea2d974c90 a982b5c3aed39396 f58ff7f1a6cde683 e6a29676c096f8e8 a860b682add9de1c 3a6e7894dde31c67 0772e3ab293a1f30 b6cdb608f640e038
545,b3e75fdca5ca2f1a 52aa48c07b34dc88 1d0f5fdc58e3efb5 8faeacf8ca08f62d 47fbe21f5c35c7b4 52370bea1acd0600 4d7653ea9499eed4 9a0f5ee4f845c9b2 0bcaac840d5e66d7 c28bc62802b90f82 702d8f1064ab3e30 3986b68500d7704b ff88049e61f0f4ef e0269da736ddf004 bd713b37b67866c3 fd30682593995748 2a06f5614060e3b6 39f6296778264878 e25a1da6ca187350 3fa57d488e979d74 0708923badf2ff5d 734dabb98795c35c 942a7d26d81c841f bd0f175ee98c613e ae94d8435a6847f4 b6d0f83aad4e4dc7 b24820ae14e16a24 622f2e4119882c94 e7cad3748e50b0f8 af8e70f978cd5aee
546,b0e254dd420faee3 0708923badf2ff5d 6ae470a7c9ec20fd 0eedb1a0d3b8ddae 81b639b74256b45b 5989fb934598c1a7 52370bea1acd0600 9a0f5ee4f845c9b2 0bcaac840d5e66d7 c28bc62802b90f82 702d8f1064ab3e30 3986b68500d7704b 3fa57d488e979d74 ff88049e61f0f4ef e0269da736ddf004 bd713b37b67866c3 fd30682593995748 2a06f5614060e3b6 39f6296778264878 c31a456b544a40a8 4d7653ea9499eed4 734dabb98795c35c 942a7d26d81c841f bd0f175ee98c613e ae94d8435a6847f4 b6d0f83aad4e4dc7 b24820ae14e16a24 622f2e4119882c94 4b8c7061102517ef e25a1da6ca187350
547,81b639b74256b45b 9f3d2ca16f358290 587e0b2a4811fab1 4dba7ce835494a63 b24820ae14e16a24 fc21db75b354a917 64c2e323906b42d3 b6e72edcad270be0 a9dad59c7055b56c 46315cf30aaee51c 999a52f1d301247c 3b4a85bac6ead3c8 a5d5ba33b5b1dc95 a65e30106ea50423 4d32dae7b43c489a edc79e57b20e9036 0cd920bad11c716d 316382267dcd804f 8bf446c0455e3c5c e878efab7c37179e 025a148c3a53bd9f 8faeacf8ca08f62d 52370bea1acd0600 1d0f5fdc58e3efb5 238ec735a13a3f09 00d9f8d3f7d412b3 b0b5e62a93a2c37c 72b80b099fd64ec4 c810ac016901e8ac 9a439fd1abf95245
548,48a76e3aff69d605 6899956cd6c683f0 81b639b74256b45b 47fbe21f5c35c7b4 52370bea1acd0600 4d7653ea9499eed4 9a0f5ee4f845c9b2 0bcaac840d5e66d7 c28bc62802b90f82 702d8f1064ab3e30 bbbd5d2fd957e8f7 3fa57d488e979d74 ff88049e61f0f4ef e0269da736ddf004 bd713b37b67866c3 fd30682593995748 2a06f5614060e3b6 39f6296778264878 e25a1da6ca187350 3986b68500d7704b e7cad3748e50b0f8 0708923badf2ff5d 734dabb98795c35c 942a7d26d81c841f bd0f175ee98c613e ae94d8435a6847f4 b6d0f83aad4e4dc7 b24820ae14e16a24 cea18be9a89d7a81 4b8c7061102517ef
549,01104a026d22ae55 ce2fe99a7cda4a17 8e83d05923cde390 04fda7c9d8971ec0 00ff646ca6637bd7 10ad13170242ecae 19b4014943e0ad92 81bd116c786bf9ae 047769588be1aea9 351c9da399c2b915 46315cf30aaee51c 74244a8703c03720 e7dd56376be2cf1c 0bcaac840d5e66d7 c28bc62802b90f82 702d8f1064ab3e30 3986b68500d7704b 3fa57d488e979d74 ff88049e61f0f4ef bd713b37b67866c3 fd30682593995748 e25a1da6ca187350 2a06f5614060e3b6 39f6296778264878 e0269da736ddf004 bd0f175ee98c613e ae94d8435a6847f4 b6d0f83aad4e4dc7 b24820ae14e16a24 622f2e4119882c94
550,9b0e8cf8153e3b33 419b5dc40744fb9b 447fc00f40d71d08 a492bd402afd5c71 942a7d26d81c841f 4b29fc21f912754d 47fbe21f5c35c7b4 52370bea1acd0600 4d7653ea9499eed4 9a0f5ee4f845c9b2 0bcaac840d5e66d7 c28bc62802b90f82 702d8f1064ab3e30 bbbd5d2fd957e8f7 3fa57d488e979d74 ff88049e61f0f4ef e0269da736ddf004 bd713b37b67866c3 fd30682593995748 2a06f5614060e3b6 e25a1da6ca187350 3986b68500d7704b e7cad3748e50b0f8 0708923badf2ff5d 734dabb98795c35c bd0f175ee98c613e ae94d8435a6847f4 b6d0f83aad4e4dc7 b24820ae14e16a24 39f6296778264878
551,cc2cc23a98c14c33 204ec91c39d1479d 52aa48c07b34dc88 734dabb98795c35c c14d5b16840d3032 cc507a0d6fcf4a1c 5570ef88d970e9b4 0708923badf2ff5d 52370bea1acd0600 dc17b07476183764 9ab90dfc5c9b0b37 2a06f5614060e3b6 fd30682593995748 bd713b37b67866c3 e0269da736ddf004 ff88049e61f0f4ef 3fa57d488e979d74 3986b68500d7704b 702d8f1064ab3e30 c28bc62802b90f82 39f6296778264878 0bcaac840d5e66d7 9a0f5ee4f845c9b2 4d7653ea9499eed4 942a7d26d81c841f bd0f175ee98c613e ae94d8435a6847f4 b6d0f83aad4e4dc7 b24820ae14e16a24 622f2e4119882c94
552,40583079f57235a6 2901e5309bb3f8f6 3ca7964973437917 64c2e323906b42d3 81b639b74256b45b 47fbe21f5c35c7b4 52370bea1acd0600 4d7653ea9499eed4 9a0f5ee4f845c9b2 0bcaac840d5e66d7 c28bc62802b90f82 702d8f1064ab3e30 bbbd5d2fd957e8f7 3fa57d488e979d74 ff88049e61f0f4ef e0269da736ddf004 bd713b37b67866c3 fd30682593995748 2a06f5614060e3b6 39f6296778264878 e25a1da6ca187350 3986b68500d7704b 0708923badf2ff5d 734dabb98795c35c 942a7d26d81c841f bd0f175ee98c613e ae94d8435a6847f4 b6d0f83aad4e4dc7 b24820ae14e16a24 622f2e4119882c94
553,b2ee9eea2d974c90 95d25d38ba7df9c7 da7d3c2d591c4295 5b16bae6a0de7c88 a04d6febd82a4389 d3c4a7db726191e0 19e8f436d4b2fc25 42bb83d7c4b9ecae ec1b3d7ccd3984d0 b05b5f6850cfa158 bd0f175ee98c613e 5c8c6d9a1fd4c1e0 ddf332f2b55a2a23 4c3802a1bd3c842e 6d80d2e62d01f6bc 520ec719078be07c b29ab87af6ea6310 dea5e9227fbbac29 0a79fabc6f5d93c9 377c1150c781e37a 4d7653ea9499eed4 3c0873ce078d332b 05e4165a56bf50eb b6a1c97f19af78d0 3cb6b40d377e7ca8 9269d2b0d877352d 20db73cf07a45f71 81b639b74256b45b e0269da736ddf004 bd713b37b67866c3
554,acf5cb026b3c4551 cc2cc23a98c14c33 81b639b74256b45b bbbd5d2fd957e8f7 47fbe21f5c35c7b4 52370bea1acd0600 4d7653ea9499eed4 9a0f5ee4f845c9b2 0bcaac840d5e66d7 c28bc62802b90f82 cea18be9a89d7a81 3986b68500d7704b 3fa57d488e979d74 ff88049e61f0f4ef e0269da736ddf004 bd713b37b67866c3 fd30682593995748 2a06f5614060e3b6 39f6296778264878 c31a456b544a40a8 702d8f1064ab3e30 e7cad3748e50b0f8 0708923badf2ff5d 734dabb98795c35c 942a7d26d81c841f bd0f175ee98c613e ae94d8435a6847f4 b6d0f83aad4e4dc7 b24820ae14e16a24 e25a1da6ca187350
555,fd57e641d06ebda7 013030fd7d29bf3d c49d8f84a4f87f8a 2e2904c5373734ae 9cf6709de35bf0f3 b3e75fdca5ca2f1a 52aa48c07b34dc88 1d0f5fdc58e3efb5 8faeacf8ca08f62d 52370bea1acd0600 9a0f5ee4f845c9b2 0bcaac840d5e66d7 c28bc62802b90f82 702d8f1064ab3e30 3986b68500d7704b 3fa57d488e979d74 ff88049e61f0f4ef e0269da736ddf004 bd713b37b67866c3 fd30682593995748 2a06f5614060e3b6 39f6296778264878 e25a1da6ca187350 4d7653ea9499eed4 734dabb98795c35c 942a7d26d81c841f bd0f175ee98c613e ae94d8435a6847f4 b6d0f83aad4e4dc7 b24820ae14e16a24
556,81b639b74256b45b d216e5458ad70e60 430feb4826a5632e bc2552a642ce8497 3e8e56f639a5db5b 033d905aec273595 ffc688c4c1c2a068 63d95d5977c2fe98 8e0760918e88e4a9 e7cad3748e50b0f8 5989fb934598c1a7 7eec211cc37a1b05 b3e75fdca5ca2f1a 00d9eb862ba3dfc6 95ecdbff44ad0b60 25145708d494530b 366a22fce0614fb8 3b6d27775fce1c7b ae94d8435a6847f4 52aa48c07b34dc88 87c5481930cfe126 538c7bb968b2154c 4b05967001421eab b1dcaca98bb76736 22dc81380cf4baec f49e13a653cbdad2 2a06f5614060e3b6 a2805ed52b47b8ec eff60ceea8817dad 8a5635c748344d47
557,b3e75fdca5ca2f1a 22e8d6734e4121ae 4105533fe46dfba9 6cb9ab508a0678a0 059bbdbdb843af6a bbbd5d2fd957e8f7 52370bea1acd0600 4d7653ea9499eed4 9a0f5ee4f845c9b2 0bcaac840d5e66d7 c28bc62802b90f82 702d8f1064ab3e30 3986b68500d7704b 3fa57d488e979d74 ff88049e61f0f4ef e0269da736ddf004 bd713b37b67866c3 fd30682593995748 2a06f5614060e3b6 39f6296778264878 c31a456b544a40a8 47fbe21f5c35c7b4 e7cad3748e50b0f8 734dabb98795c35c 942a7d26d81c841f bd0f175ee98c613e ae94d8435a6847f4 b6d0f83aad4e4dc7 b24820ae14e16a24 622f2e4119882c94
558,0647acc4602d4e8f 2901e5309bb3f8f6 05e4165a56bf50eb b2ee9eea2d974c90 95d25d38ba7df9c7 6aac5e116b75aa22 796888cc3443006c 54a11cbcd7a32af4 c28bc62802b90f82 393f49286db04aeb 4491016efed845f1 d92c0298f76ccf77 22756be6fd061d4c b6e646c13d0753ae 66ccd03c9e03ac06 92f42fbd0c38f7fd 9a0f5ee4f845c9b2 a9223c28b10c131f 4535ce2e3dced00f 57113c2a4cacd961 e7828f0ea9749505 19e8f436d4b2fc25 bd0f175ee98c613e 5b16bae6a0de7c88 a04d6febd82a4389 ec1b3d7ccd3984d0 d3c4a7db726191e0 b05b5f6850cfa158 da7d3c2d591c4295 42bb83d7c4b9ecae
559,74ae9af23a383bf5 ae000f9d0b5e104e b69ce8b8154645f8 576dd429db946393 8e0cc5199a0ee659 cc2cc23a98c14c33 bbbd5d2fd957e8f7 47fbe21f5c35c7b4 52370bea1acd0600 4d7653ea9499eed4 9a0f5ee4f845c9b2 0bcaac840d5e66d7 cea18be9a89d7a81 702d8f1064ab3e30 3986b68500d7704b 3fa57d488e979d74 ff88049e61f0f4ef e0269da736ddf004 bd713b37b67866c3 fd30682593995748 2a06f5614060e3b6 c28bc62802b90f82 0708923badf2ff5d 734dabb98795c35c 942a7d26d81c841f bd0f175ee98c613e ae94d8435a6847f4 b6d0f83aad4e4dc7 b24820ae14e16a24 5fb2d8e734956af0
560,5b4c879fc9c316fb 63d95d5977c2fe98 6899956cd6c683f0 95ecdbff44ad0b60 00d9eb862ba3dfc6 25145708d494530b 366a22fce0614fb8 3b6d27775fce1c7b ae94d8435a6847f4 87c5481930cfe126 538c7bb968b2154c 4b05967001421eab eff60ceea8817dad f49e13a653cbdad2 8a5635c748344d47 2a06f5614060e3b6 22dc81380cf4baec b1dcaca98bb76736 fa173131f15f5534 a2805ed52b47b8ec b2ee9eea2d974c90 95d25d38ba7df9c7 a982b5c3aed39396 e6a29676c096f8e8 a860b682add9de1c f58ff7f1a6cde683 3a6e7894dde31c67 b3e75fdca5ca2f1a 016da874bd04df55 abf90e759d208468
561,06de3ca1148b088b c49d8f84a4f87f8a 2e2904c5373734ae 9cf6709de35bf0f3 81b639b74256b45b cea18be9a89d7a81 47fbe21f5c35c7b4 52370bea1acd0600 4d7653ea9499eed4 9a0f5ee4f845c9b2 0bcaac840d5e66d7 c28bc62802b90f82 702d8f1064ab3e30 3986b68500d7704b 3fa57d488e979d74 ff88049e61f0f4ef e0269da736ddf004 bd713b37b67866c3 fd30682593995748 2a06f5614060e3b6 e25a1da6ca187350 bbbd5d2fd957e8f7 e36475c1af5ea3ab 0708923badf2ff5d 734dabb98795c35c 942a7d26d81c841f bd0f175ee98c613e ae94d8435a6847f4 b6d0f83aad4e4dc7 b24820ae14e16a24
562,da904d2a54ff8cf2 00958a140c3a6de8 8abe670908f12614 b3e75fdca5ca2f1a 52aa48c07b34dc88 1d0f5fdc58e3efb5 8faeacf8ca08f62d 4d7653ea9499eed4 9a0f5ee4f845c9b2 0bcaac840d5e66d7 c28bc62802b90f82 702d8f1064ab3e30 3986b68500d7704b 3fa57d488e979d74 ff88049e61f0f4ef bd713b37b67866c3 fd30682593995748 2a06f5614060e3b6 39f6296778264878 0708923badf2ff5d e25a1da6ca187350 c31a456b544a40a8 e0269da736ddf004 bd0f175ee98c613e ae94d8435a6847f4 b6d0f83aad4e4dc7 942a7d26d81c841f b24820ae14e16a24 622f2e4119882c94 4b8c7061102517ef
563,81b639b74256b45b b3e75fdca5ca2f1a 52aa48c07b34dc88 1d0f5fdc58e3efb5 8faeacf8ca08f62d bbbd5d2fd957e8f7 47fbe21f5c35c7b4 52370bea1acd0600 4d7653ea9499eed4 9a0f5ee4f845c9b2 0bcaac840d5e66d7 c28bc62802b90f82 702d8f1064ab3e30 3fa57d488e979d74 ff88049e61f0f4ef 39f6296778264878 e0269da736ddf004 bd713b37b67866c3 fd30682593995748 2a06f5614060e3b6 3986b68500d7704b e7cad3748e50b0f8 0708923badf2ff5d 734dabb98795c35c 942a7d26d81c841f bd0f175ee98c613e ae94d8435a6847f4 b6d0f83aad4e4dc7 b24820ae14e16a24 e25a1da6ca187350
564,61ba7707ef6a5a99 da904d2a54ff8cf2 8abe670908f12614 00958a140c3a6de8 52370bea1acd0600 4d7653ea9499eed4 9a0f5ee4f845c9b2 0bcaac840d5e66d7 c28bc62802b90f82 702d8f1064ab3e30 3986b68500d7704b 3fa57d488e979d74 47fbe21f5c35c7b4 e0269da736ddf004 bd713b37b67866c3 fd30682593995748 2a06f5614060e3b6 39f6296778264878 e25a1da6ca187350 c31a456b544a40a8 ff88049e61f0f4ef 0708923badf2ff5d 734dabb98795c35c 942a7d26d81c841f bd0f175ee98c613e ae94d8435a6847f4 b6d0f83aad4e4dc7 b24820ae14e16a24 622f2e4119882c94 cea18be9a89d7a81
565,64267373570e4ea3 1d0f5fdc58e3efb5 8df3f13d6af34cb3 4d7653ea9499eed4 9a0f5ee4f845c9b2 0bcaac840d5e66d7 c28bc62802b90f82 702d8f1064ab3e30 3986b68500d7704b f58ff7f1a6cde683 ff88049e61f0f4ef e0269da736ddf004 bd713b37b67866c3 fd30682593995748 2a06f5614060e3b6 39f6296778264878 e25a1da6ca187350 c31a456b544a40a8 3fa57d488e979d74 0708923badf2ff5d 734dabb98795c35c 942a7d26d81c841f bd0f175ee98c613e ae94d8435a6847f4 b6d0f83aad4e4dc7 b24820ae14e16a24 622f2e4119882c94 4b8c7061102517ef 52370bea1acd0600 5ebb4d2f5f1c1f13
566,f54ad8d1eb18212e 00e1e2eb13f650e4 b3e75fdca5ca2f1a 52aa48c07b34dc88 1d0f5fdc58e3efb5 8faeacf8ca08f62d bbbd5d2fd957e8f7 2a06f5614060e3b6 47fbe21f5c35c7b4 52370bea1acd0600 4d7653ea9499eed4 9a0f5ee4f845c9b2 0bcaac840d5e66d7 c28bc62802b90f82 3986b68500d7704b 3fa57d488e979d74 ff88049e61f0f4ef e0269da736ddf004 fd30682593995748 bd713b37b67866c3 702d8f1064ab3e30 e7cad3748e50b0f8 0708923badf2ff5d 734dabb98795c35c 942a7d26d81c841f bd0f175ee98c613e ae94d8435a6847f4 b6d0f83aad4e4dc7 b24820ae14e16a24 39f6296778264878
567,d46598813fb437e5 65ad9c583823162d e0269da736ddf004 c1f2e3a76d388944 2394b08708475900 2e031d83339759b2 ad06e9eeea8eb4ea 98dbd15aa33ebc18 6aefb6531736648a 58654e3143c6550b cc0c9419f8a20603 ffc688c4c1c2a068 8699cc5dd4159b69 4d7653ea9499eed4 5989fb934598c1a7 0772e3ab293a1f30 a14394322cf7043d b6cdb608f640e038 77e2f7da1f9d3a8f 90ecb28f2edb9d43 59bf6d6df9146d60 b3ad55963554f220 abf90e759d208468 cea18be9a89d7a81 016da874bd04df55 09660f466b38b7ba 7f95168400948588 455fde214d16d350 b78189788d563693 395b26d91f98bd92
568,0eb4de784c8dd679 40583079f57235a6 2901e5309bb3f8f6 3ca7964973437917 81b639b74256b45b 52370bea1acd0600 4d7653ea9499eed4 9a0f5ee4f845c9b2 0bcaac840d5e66d7 c28bc62802b90f82 47fbe21f5c35c7b4 3986b68500d7704b 3fa57d488e979d74 ff88049e61f0f4ef e0269da736ddf004 bd713b37b67866c3 fd30682593995748 2a06f5614060e3b6 39f6296778264878 e25a1da6ca187350 702d8f1064ab3e30 0708923badf2ff5d 734dabb98795c35c 942a7d26d81c841f bd0f175ee98c613e ae94d8435a6847f4 b6d0f83aad4e4dc7 b24820ae14e16a24 622f2e4119882c94 cea18be9a89d7a81
569,cb3e4ce97e7f2881 d1e21234d7cc61d2 b6e72edcad270be0 1fe79c7de59ff6c6 72c2a95813ea72bd 0e45c4c185f35df6 40583079f57235a6 4522ad78bf79f0c9 d0f6c00eec5eb973 0451447dd64f6284 0f33ce8d8014f308 50806199c80e215c 2901e5309bb3f8f6 9f4e0d572b1f4e6c 4d9214c0925e5af8 c36c2dce0e6e434f 2e031d83339759b2 702d8f1064ab3e30 a492bd402afd5c71 4b29fc21f912754d 942a7d26d81c841f 5867d40811c0229f 3ca7964973437917 ae77487a89f2610c 148ac4a56a18844d 5b4c879fc9c316fb 9c9a9d45c2ea7ddf c28bc62802b90f82 3986b68500d7704b 3fa57d488e979d74
570,e14a893f1918277e 7c8324ce28ffb96e d1e21234d7cc61d2 6899956cd6c683f0 eec6b281e236b500 4a5ac473c9d176ba d63b7f083330247f 1d0f5fdc58e3efb5 01b3da54ffb158a0 a18df74d3a16e9c0 e1460af4a7044067 01ecc81f6341e902 dc12cc503ac0eddb e9c20b67a4c5395f 3c0873ce078d332b 1d72229ebcc00faf cc0c9419f8a20603 b6a1c97f19af78d0 8b7c486a910dd004 9c9a9d45c2ea7ddf 16b11706660177ff 1ba7a50457e93996 12af6a34778710db d9885881381fd10a b84b6c0b2e4d0306 666bdff4faa513ca 4522ad78bf79f0c9 0451447dd64f6284 d0f6c00eec5eb973 4d9214c0925e5af8
571,055d895a3b26e466 4b8c7061102517ef 9b2adcf4041227d7 976baf0e84752a68 d1e21234d7cc61d2 52370bea1acd0600 9a0f5ee4f845c9b2 0bcaac840d5e66d7 c28bc62802b90f82 702d8f1064ab3e30 3986b68500d7704b 3fa57d488e979d74 ff88049e61f0f4ef e0269da736ddf004 bd713b37b67866c3 fd30682593995748 2a06f5614060e3b6 39f6296778264878 e25a1da6ca187350 4d7653ea9499eed4 0708923badf2ff5d 734dabb98795c35c 942a7d26d81c841f bd0f175ee98c613e ae94d8435a6847f4 b6d0f83aad4e4dc7 b24820ae14e16a24 622f2e4119882c94 47fbe21f5c35c7b4 5ebb4d2f5f1c1f13
572,97d696011258825c c1f2e3a76d388944 c143c095983a65c2 6899956cd6c683f0 2e031d83339759b2 98dbd15aa33ebc18 ad06e9eeea8eb4ea 58654e3143c6550b 8699cc5dd4159b69 4d7653ea9499eed4 a9dad59c7055b56c 4577ae048ef1967d af41e2b6da3e7e02 4b05967001421eab 3a6e7894dde31c67 a14394322cf7043d 77e2f7da1f9d3a8f 09660f466b38b7ba b3ad55963554f220 90ecb28f2edb9d43 b6cdb608f640e038 0772e3ab293a1f30 016da874bd04df55 cea18be9a89d7a81 59bf6d6df9146d60 abf90e759d208468 7f95168400948588 d5805cdb9e8f0f48 54f55c74d37db3c0 455fde214d16d350
573,74873b42602d8958 9b2adcf4041227d7 976baf0e84752a68 8abe670908f12614 7d83ffe83f61bdc4 ee3ed9a3f51336cd bbbd5d2fd957e8f7 db0e648651f4c92b da904d2a54ff8cf2 0220a434aa8bf029 6461a9faa871b3ac 2b48ab08c915c0ad 7e4a4a1300b77a06 9d5edf3b993fee50 ae77487a89f2610c 5430097e23000368 52e459a551d4ac2d e36475c1af5ea3ab 35488b3b8b781278 3986b68500d7704b 702d8f1064ab3e30 3fa57d488e979d74 ff88049e61f0f4ef ae94d8435a6847f4 c28bc62802b90f82 0bcaac840d5e66d7 e0269da736ddf004 bd713b37b67866c3 9a0f5ee4f845c9b2 4d7653ea9499eed4
574,48a76e3aff69d605 cc2cc23a98c14c33 bbbd5d2fd957e8f7 47fbe21f5c35c7b4 52370bea1acd0600 4d7653ea9499eed4 9a0f5ee4f845c9b2 0bcaac840d5e66d7 c28bc62802b90f82 cea18be9a89d7a81 3986b68500d7704b 3fa57d488e979d74 ff88049e61f0f4ef e0269da736ddf004 bd713b37b67866c3 fd30682593995748 2a06f5614060e3b6 39f6296778264878 e25a1da6ca187350 702d8f1064ab3e30 e7cad3748e50b0f8 0708923badf2ff5d 734dabb98795c35c 942a7d26d81c841f bd0f175ee98c613e ae94d8435a6847f4 b6d0f83aad4e4dc7 b24820ae14e16a24 5fb2d8e734956af0 4b8c7061102517ef
575,8df3f13d6af34cb3 47fbe21f5c35c7b4 52370bea1acd0600 4d7653ea9499eed4 9a0f5ee4f845c9b2 0bcaac840d5e66d7 c28bc62802b90f82 702d8f1064ab3e30 09bbaa171c20bae3 3fa57d488e979d74 ff88049e61f0f4ef e0269da736ddf004 bd713b37b67866c3 fd30682593995748 2a06f5614060e3b6 39f6296778264878 e25a1da6ca187350 3986b68500d7704b e7cad3748e50b0f8 0708923badf2ff5d 734dabb98795c35c 942a7d26d81c841f bd0f175ee98c613e ae94d8435a6847f4 b6d0f83aad4e4dc7 b24820ae14e16a24 bbbd5d2fd957e8f7 4b8c7061102517ef af8e70f978cd5aee 5ebb4d2f5f1c1f13
576,238de368bb05c0ec a0b1f4dd32f3e278 069e7e25e43deab3 ba5199dba342af68 b3e75fdca5ca2f1a 52aa48c07b34dc88 1d0f5fdc58e3efb5 8faeacf8ca08f62d 47fbe21f5c35c7b4 52370bea1acd0600 4d7653ea9499eed4 2a06f5614060e3b6 fd30682593995748 9a0f5ee4f845c9b2 0bcaac840d5e66d7 702d8f1064ab3e30 3986b68500d7704b bd713b37b67866c3 3fa57d488e979d74 e0269da736ddf004 ff88049e61f0f4ef c28bc62802b90f82 0708923badf2ff5d 734dabb98795c35c 942a7d26d81c841f bd0f175ee98c613e ae94d8435a6847f4 b6d0f83aad4e4dc7 b24820ae14e16a24 622f2e4119882c94
577,da011b87595c1019 5f94b027039f4e48 70ebf53ced736fa4 a76ffccd2f5df1a7 50cb6a6c60ad711a 0683b6a78f54be75 cc2cc23a98c14c33 6899956cd6c683f0 bd713b37b67866c3 fd30682593995748 e0269da736ddf004 ff88049e61f0f4ef 3fa57d488e979d74 3986b68500d7704b 702d8f1064ab3e30 c28bc62802b90f82 0bcaac840d5e66d7 2a06f5614060e3b6 9a0f5ee4f845c9b2 e25a1da6ca187350 4d7653ea9499eed4 52370bea1acd0600 0708923badf2ff5d 942a7d26d81c841f bd0f175ee98c613e ae94d8435a6847f4 b6d0f83aad4e4dc7 b24820ae14e16a24 622f2e4119882c94 4b8c7061102517ef
578,03ed286136d7b3cf 64267373570e4ea3 de35d2410e916471 b3e75fdca5ca2f1a 01ecc81f6341e902 e1460af4a7044067 1ba7a50457e93996 16b11706660177ff 4522ad78bf79f0c9 3c565c1fc2316d16 00e1e2eb13f650e4 765c0695339c3abe 81b639b74256b45b 52370bea1acd0600 4d7653ea9499eed4 9a0f5ee4f845c9b2 0bcaac840d5e66d7 c28bc62802b90f82 702d8f1064ab3e30 3986b68500d7704b ff88049e61f0f4ef 942a7d26d81c841f e0269da736ddf004 bd713b37b67866c3 fd30682593995748 2a06f5614060e3b6 3fa57d488e979d74 bd0f175ee98c613e ae94d8435a6847f4 bbbd5d2fd957e8f7
579,238de368bb05c0ec ba5199dba342af68 a0b1f4dd32f3e278 522bd6887960c25d 65d44c6393907290 1dc7139adba034ec b3e75fdca5ca2f1a 069e7e25e43deab3 f209d29f991432f0 fc21db75b354a917 4dba7ce835494a63 b24820ae14e16a24 9f3d2ca16f358290 587e0b2a4811fab1 8faeacf8ca08f62d 8f578001f9d5f543 01e5a6edcee7deb0 73f770f2643a2135 a5d5ba33b5b1dc95 f9c6286cff30aaa8 a65e30106ea50423 64c2e323906b42d3 4d32dae7b43c489a 81b639b74256b45b 4beacc71024f8b08 eab15ee21e126f6a 48a76e3aff69d605 f29eee8054c061e1 0647acc4602d4e8f 8df3f13d6af34cb3
580,50ba507a268872e1 04fda7c9d8971ec0 26f72a4eb15ea8c0 898a4921ab9f4cce 8fc68213b63951dc 636224e349e561bf 3734d3b0b9232538 26fc2a95df5659c2 48cf88c17ff38c5e d7d937303a6d5a9d e22c35101e190db9 4bed80e56ea2e099 4f2fffd7528de786 bc2ae5f4e5d53e00 1f4f62844c3cb99c 853e36b1550c6274 92f42fbd0c38f7fd 4535ce2e3dced00f 9a0f5ee4f845c9b2 22756be6fd061d4c a9223c28b10c131f 66ccd03c9e03ac06 57113c2a4cacd961 b6e646c13d0753ae 1a8e5d6512d9e2d8 128d583954b18074 bc27d5dc9bab1c18 8b7c486a910dd004 dc17b07476183764 2a06f5614060e3b6
581,b749972436ac9791 2359719a0f40ffac c08c3765ac609cc0 dac29ed8400b50cc 74e59c5820900b17 0eafda717681bbdc f46601a9955f9949 4d417b203b333363 f705b637f624147e 5b34da30b93eb123 622f2e4119882c94 e6a29676c096f8e8 f58ff7f1a6cde683 a860b682add9de1c a9eef13786610446 42a5cae2a3a45557 b760ebc5f25788d3 c6b615b2589e036d 27a12f29dceccdbd 005666aa098abe8e 01e5a6edcee7deb0 73f770f2643a2135 8f578001f9d5f543 9100ea6cd0e084bf 64b31699d7d15934 f9c6286cff30aaa8 ff88049e61f0f4ef 0195950ce0f47e34 44d324ebd3e22ad7 43b3338423d7386c
582,40583079f57235a6 2901e5309bb3f8f6 3ca7964973437917 81b639b74256b45b 47fbe21f5c35c7b4 52370bea1acd0600 4d7653ea9499eed4 9a0f5ee4f845c9b2 0bcaac840d5e66d7 c28bc62802b90f82 bbbd5d2fd957e8f7 3986b68500d7704b 3fa57d488e979d74 ff88049e61f0f4ef e0269da736ddf004 bd713b37b67866c3 fd30682593995748 2a06f5614060e3b6 39f6296778264878 e25a1da6ca187350 702d8f1064ab3e30 e7cad3748e50b0f8 0708923badf2ff5d 734dabb98795c35c 942a7d26d81c841f bd0f175ee98c613e ae94d8435a6847f4 b6d0f83aad4e4dc7 b24820ae14e16a24 5fb2d8e734956af0
583,ae94d8435a6847f4 4beacc71024f8b08 95166957b2c38794 f105a53e5cfae611 f1a3b8b13e9401c0 bbbd5d2fd957e8f7 52370bea1acd0600 4d7653ea9499eed4 9a0f5ee4f845c9b2 0bcaac840d5e66d7 c28bc62802b90f82 702d8f1064ab3e30 3986b68500d7704b 3fa57d488e979d74 ff88049e61f0f4ef e0269da736ddf004 bd713b37b67866c3 fd30682593995748 2a06f5614060e3b6 39f6296778264878 47fbe21f5c35c7b4 e7cad3748e50b0f8 0708923badf2ff5d 734dabb98795c35c 942a7d26d81c841f bd0f175ee98c613e b6d0f83aad4e4dc7 b24820ae14e16a24 622f2e4119882c94 cea18be9a89d7a81
584,de35d2410e916471 f1a3b8b13e9401c0 6899956cd6c683f0 e25a1da6ca187350 47fbe21f5c35c7b4 52370bea1acd0600 4d7653ea9499eed4 9a0f5ee4f845c9b2 0bcaac840d5e66d7 c28bc62802b90f82 702d8f1064ab3e30 3986b68500d7704b 3fa57d488e979d74 ff88049e61f0f4ef e0269da736ddf004 bd713b37b67866c3 fd30682593995748 2a06f5614060e3b6 39f6296778264878 bbbd5d2fd957e8f7 e36475c1af5ea3ab e7cad3748e50b0f8 0708923badf2ff5d 734dabb98795c35c 942a7d26d81c841f bd0f175ee98c613e ae94d8435a6847f4 b6d0f83aad4e4dc7 cea18be9a89d7a81 622f2e4119882c94
585,29bedd00fb2be056 455fde214d16d350 33856365c271aea4 5989fb934598c1a7 07f22a7ad7e4711d 25a3b47fe31bc6b5 ddb3810e0289c148 387e9cd2e5d4ea7d ebfda3b48083e390 42c9b72cc77dcb28 025a148c3a53bd9f c5830f9d0f1e29e5 7155e5a86136eb02 65708d542bd01f39 57113c2a4cacd961 4d954d933e606b70 095bb1b6ecbd0a50 8643165b0f53df11 3ca7964973437917 eff60ceea8817dad 1f423f368aebf7f3 26fc2a95df5659c2 855f2f0354e102c7 63d95d5977c2fe98 7ee52d2519eea367 44d324ebd3e22ad7 1398b478b71773ed 4d417b203b333363 587e0b2a4811fab1 b6a1c97f19af78d0
586,b8e2f75014710ced 898a4921ab9f4cce b3e75fdca5ca2f1a 52aa48c07b34dc88 1d0f5fdc58e3efb5 8faeacf8ca08f62d e25a1da6ca187350 39f6296778264878 52370bea1acd0600 4d7653ea9499eed4 9a0f5ee4f845c9b2 0bcaac840d5e66d7 c28bc62802b90f82 3986b68500d7704b 3fa57d488e979d74 47fbe21f5c35c7b4 2a06f5614060e3b6 ff88049e61f0f4ef fd30682593995748 bd713b37b67866c3 e0269da736ddf004 702d8f1064ab3e30 e7cad3748e50b0f8 0708923badf2ff5d 734dabb98795c35c 942a7d26d81c841f bd0f175ee98c613e ae94d8435a6847f4 b6d0f83aad4e4dc7 b24820ae14e16a24
587,bbbd5d2fd957e8f7 ee3ed9a3f51336cd 7d83ffe83f61bdc4 6461a9faa871b3ac db0e648651f4c92b 52e459a551d4ac2d 0220a434aa8bf029 2b48ab08c915c0ad 7e4a4a1300b77a06 9d5edf3b993fee50 ae77487a89f2610c 5430097e23000368 e36475c1af5ea3ab 35488b3b8b781278 00d9f8d3f7d412b3 238ec735a13a3f09 b0b5e62a93a2c37c a1314cd417504572 fd30682593995748 5989fb934598c1a7 6899956cd6c683f0 bd0f175ee98c613e ae94d8435a6847f4 bd713b37b67866c3 b6d0f83aad4e4dc7 e0269da736ddf004 ff88049e61f0f4ef 3fa57d488e979d74 3986b68500d7704b b24820ae14e16a24
588,0cd920bad11c716d 316382267dcd804f 1d0f5fdc58e3efb5 00d9f8d3f7d412b3 b0b5e62a93a2c37c 238ec735a13a3f09 c810ac016901e8ac 9a439fd1abf95245 e7828f0ea9749505 18b1d2d84c97a364 d64c06baf5ef1c90 39f6296778264878 6899956cd6c683f0 81b639b74256b45b 0bcaac840d5e66d7 c28bc62802b90f82 702d8f1064ab3e30 3986b68500d7704b 3fa57d488e979d74 ff88049e61f0f4ef bd713b37b67866c3 fd30682593995748 2a06f5614060e3b6 e25a1da6ca187350 c31a456b544a40a8 e0269da736ddf004 bd0f175ee98c613e ae94d8435a6847f4 b6d0f83aad4e4dc7 b24820ae14e16a24
589,8df3f13d6af34cb3 47fbe21f5c35c7b4 52370bea1acd0600 4d7653ea9499eed4 9a0f5ee4f845c9b2 0bcaac840d5e66d7 c28bc62802b90f82 702d8f1064ab3e30 09bbaa171c20bae3 3fa57d488e979d74 ff88049e61f0f4ef e0269da736ddf004 bd713b37b67866c3 fd30682593995748 2a06f5614060e3b6 39f6296778264878 e25a1da6ca187350 3986b68500d7704b e7cad3748e50b0f8 0708923badf2ff5d 734dabb98795c35c 942a7d26d81c841f bd0f175ee98c613e ae94d8435a6847f4 b6d0f83aad4e4dc7 b24820ae14e16a24 bbbd5d2fd957e8f7 4b8c7061102517ef af8e70f978cd5aee 5ebb4d2f5f1c1f13
590,7d83ffe83f61bdc4 bbbd5d2fd957e8f7 ee3ed9a3f51336cd 9d5edf3b993fee50 db0e648651f4c92b 0220a434aa8bf029 6461a9faa871b3ac 2b48ab08c915c0ad 7e4a4a1300b77a06 ae77487a89f2610c 5430097e23000368 52e459a551d4ac2d e36475c1af5ea3ab 35488b3b8b781278 8abe670908f12614 da904d2a54ff8cf2 d6ed7e4b14c51296 0683b6a78f54be75 a9dad59c7055b56c 047769588be1aea9 351c9da399c2b915 46315cf30aaee51c 74244a8703c03720 81b639b74256b45b 9cf6709de35bf0f3 3986b68500d7704b 47fbe21f5c35c7b4 52370bea1acd0600 4d7653ea9499eed4 796888cc3443006c
591,cc2cc23a98c14c33 81b639b74256b45b cea18be9a89d7a81 bbbd5d2fd957e8f7 47fbe21f5c35c7b4 52370bea1acd0600 4d7653ea9499eed4 9a0f5ee4f845c9b2 0bcaac840d5e66d7 c28bc62802b90f82 5fb2d8e734956af0 3986b68500d7704b 3fa57d488e979d74 ff88049e61f0f4ef e0269da736ddf004 bd713b37b67866c3 fd30682593995748 2a06f5614060e3b6 e25a1da6ca187350 702d8f1064ab3e30 e36475c1af5ea3ab e7cad3748e50b0f8 0708923badf2ff5d 734dabb98795c35c 942a7d26d81c841f bd0f175ee98c613e ae94d8435a6847f4 b6d0f83aad4e4dc7 39f6296778264878 622f2e4119882c94
592,01ecc81f6341e902 e1460af4a7044067 16b11706660177ff 1ba7a50457e93996 4522ad78bf79f0c9 3c565c1fc2316d16 765c0695339c3abe 0708923badf2ff5d fd30682593995748 bd713b37b67866c3 e0269da736ddf004 ff88049e61f0f4ef 3fa57d488e979d74 3986b68500d7704b 734dabb98795c35c 942a7d26d81c841f 702d8f1064ab3e30 c28bc62802b90f82 0bcaac840d5e66d7 9a0f5ee4f845c9b2 4d7653ea9499eed4 52370bea1acd0600 b24820ae14e16a24 622f2e4119882c94 4b8c7061102517ef af8e70f978cd5aee b6d0f83aad4e4dc7 5ebb4d2f5f1c1f13 00140806971e7a73 47fbe21f5c35c7b4
593,b3e75fdca5ca2f1a 52aa48c07b34dc88 1d0f5fdc58e3efb5 8faeacf8ca08f62d 47fbe21f5c35c7b4 52370bea1acd0600 4d7653ea9499eed4 9a0f5ee4f845c9b2 0bcaac840d5e66d7 c28bc62802b90f82 702d8f1064ab3e30 3986b68500d7704b ff88049e61f0f4ef e0269da736ddf004 bd713b37b67866c3 fd30682593995748 2a06f5614060e3b6 39f6296778264878 e25a1da6ca187350 3fa57d488e979d74 0708923badf2ff5d 734dabb98795c35c 942a7d26d81c841f bd0f175ee98c613e ae94d8435a6847f4 b6d0f83aad4e4dc7 b24820ae14e16a24 622f2e4119882c94 e7cad3748e50b0f8 af8e70f978cd5aee
594,64267373570e4ea3 522bd6887960c25d 1dc7139adba034ec 65d44c6393907290 f209d29f991432f0 a0b1f4dd32f3e278 46315cf30aaee51c 01b3da54ffb158a0 a18df74d3a16e9c0 e1460af4a7044067 01ecc81f6341e902 1ba7a50457e93996 16b11706660177ff dc12cc503ac0eddb b84b6c0b2e4d0306 d9885881381fd10a 666bdff4faa513ca 12af6a34778710db 4522ad78bf79f0c9 d0f6c00eec5eb973 0451447dd64f6284 4d9214c0925e5af8 3c565c1fc2316d16 9b0e8cf8153e3b33 8dedff0a79784abc cc0c9419f8a20603 40583079f57235a6 447fc00f40d71d08 419b5dc40744fb9b e14a893f1918277e
595,40583079f57235a6 2901e5309bb3f8f6 3ca7964973437917 46315cf30aaee51c b3e75fdca5ca2f1a 52aa48c07b34dc88 1d0f5fdc58e3efb5 81b639b74256b45b 8faeacf8ca08f62d 9a0f5ee4f845c9b2 0bcaac840d5e66d7 c28bc62802b90f82 702d8f1064ab3e30 3986b68500d7704b 3fa57d488e979d74 4d7653ea9499eed4 e0269da736ddf004 bd713b37b67866c3 fd30682593995748 2a06f5614060e3b6 39f6296778264878 e25a1da6ca187350 ff88049e61f0f4ef 734dabb98795c35c 942a7d26d81c841f bd0f175ee98c613e ae94d8435a6847f4 b6d0f83aad4e4dc7 b24820ae14e16a24 622f2e4119882c94
596,5d26da95786b3a3a e1460af4a7044067 01ecc81f6341e902 1ba7a50457e93996 16b11706660177ff 4522ad78bf79f0c9 3c565c1fc2316d16 765c0695339c3abe 81b639b74256b45b 47fbe21f5c35c7b4 52370bea1acd0600 4d7653ea9499eed4 9a0f5ee4f845c9b2 0bcaac840d5e66d7 c28bc62802b90f82 702d8f1064ab3e30 3fa57d488e979d74 ff88049e61f0f4ef e0269da736ddf004 bd713b37b67866c3 fd30682593995748 39f6296778264878 3986b68500d7704b 734dabb98795c35c 942a7d26d81c841f bd0f175ee98c613e ae94d8435a6847f4 b6d0f83aad4e4dc7 b24820ae14e16a24 622f2e4119882c94
597,cc2cc23a98c14c33 00e1e2eb13f650e4 bbbd5d2fd957e8f7 47fbe21f5c35c7b4 52370bea1acd0600 4d7653ea9499eed4 9a0f5ee4f845c9b2 0bcaac840d5e66d7 c28bc62802b90f82 702d8f1064ab3e30 cea18be9a89d7a81 3fa57d488e979d74 ff88049e61f0f4ef e0269da736ddf004 bd713b37b67866c3 fd30682593995748 2a06f5614060e3b6 39f6296778264878 e36475c1af5ea3ab 3986b68500d7704b e7cad3748e50b0f8 0708923badf2ff5d 734dabb98795c35c 942a7d26d81c841f bd0f175ee98c613e ae94d8435a6847f4 b6d0f83aad4e4dc7 b24820ae14e16a24 e25a1da6ca187350 4b8c7061102517ef
598,585f4ee09d8fea46 db0e648651f4c92b f6d23cdd2359f7c0 dc576af4ae66e25e 919b1679fffa7ef1 9c9ebf71707d7a37 a52df8083c238c46 09bbaa171c20bae3 74ae9af23a383bf5 ae000f9d0b5e104e 39075e303166355e b69ce8b8154645f8 07f22a7ad7e4711d c49d8f84a4f87f8a 576dd429db946393 2e2904c5373734ae 9cf6709de35bf0f3 8e0cc5199a0ee659 5989fb934598c1a7 b3e75fdca5ca2f1a 52aa48c07b34dc88 1d0f5fdc58e3efb5 6899956cd6c683f0 8faeacf8ca08f62d 52370bea1acd0600 4d7653ea9499eed4 9a0f5ee4f845c9b2 0bcaac840d5e66d7 c28bc62802b90f82 e0269da736ddf004
599,81b639b74256b45b da011b87595c1019 70ebf53ced736fa4 a76ffccd2f5df1a7 5f94b027039f4e48 50cb6a6c60ad711a 0683b6a78f54be75 ca43e349133fc0e3 d6bbbd6c4968075a 7c8324ce28ffb96e 4f915ad69e1dca36 d1e21234d7cc61d2 ebfda3b48083e390 8dedff0a79784abc ad06e9eeea8eb4ea 98dbd15aa33ebc18 e9c20b67a4c5395f b3e75fdca5ca2f1a c143c095983a65c2 b6a1c97f19af78d0 d257d1fbcf43abd5 58654e3143c6550b 52370bea1acd0600 25145708d494530b 95ecdbff44ad0b60 00d9eb862ba3dfc6 366a22fce0614fb8 35488b3b8b781278 6899956cd6c683f0 3b6d27775fce1c7b
600,0cd920bad11c716d 316382267dcd804f 00d9f8d3f7d412b3 b0b5e62a93a2c37c 238ec735a13a3f09 c810ac016901e8ac 9a439fd1abf95245 e7828f0ea9749505 18b1d2d84c97a364 d64c06baf5ef1c90 39f6296778264878 b24820ae14e16a24 4dba7ce835494a63 587e0b2a4811fab1 9f3d2ca16f358290 fc21db75b354a917 01e5a6edcee7deb0 8f578001f9d5f543 73f770f2643a2135 a5d5ba33b5b1dc95 f9c6286cff30aaa8 a65e30106ea50423 4d32dae7b43c489a 4beacc71024f8b08 eab15ee21e126f6a 48a76e3aff69d605 f29eee8054c061e1 8faeacf8ca08f62d 0647acc4602d4e8f d1e21234d7cc61d2
