dialogue_id,photo_id
1,ce2fe99a7cda4a17 fc8971756f9ec194 2e44fbb8bc3d8d71 ae000f9d0b5e104e edc79e57b20e9036 0cd920bad11c716d 5d26da95786b3a3a 72b80b099fd64ec4 36d33c41812ce7dc 4483bbdd3241f11a 4d7653ea9499eed4 37001ade0df85823 20db73cf07a45f71 b371170568146b12 249bf372159f33e9 07f22a7ad7e4711d 7ee52d2519eea367 64c2e323906b42d3 8e83d05923cde390 7f29daa16b9b4cda 0eb4de784c8dd679 8faeacf8ca08f62d 7c8324ce28ffb96e 3986b68500d7704b 393f49286db04aeb 8fc68213b63951dc ba5199dba342af68 cc507a0d6fcf4a1c c1f2e3a76d388944 f9c6286cff30aaa8
2,4d7653ea9499eed4 c143c095983a65c2 8566d15270eb5e83 9b2adcf4041227d7 f1a3b8b13e9401c0 22756be6fd061d4c 18ced18aee04c48e 47fbe21f5c35c7b4 9a0f5ee4f845c9b2 0bcaac840d5e66d7 c28bc62802b90f82 702d8f1064ab3e30 3986b68500d7704b 3fa57d488e979d74 ff88049e61f0f4ef e0269da736ddf004 bd713b37b67866c3 fd30682593995748 2a06f5614060e3b6 e25a1da6ca187350 52370bea1acd0600 734dabb98795c35c 942a7d26d81c841f bd0f175ee98c613e ae94d8435a6847f4 b6d0f83aad4e4dc7 b24820ae14e16a24 622f2e4119882c94 4b8c7061102517ef 39f6296778264878
3,da011b87595c1019 8dedff0a79784abc 106204cd0e07e1b2 cc507a0d6fcf4a1c 0c2eeab1e4ce1db8 18b1d2d84c97a364 98dbd15aa33ebc18 1efd7bd8a34a1359 b6cdb608f640e038 eff60ceea8817dad ec4ef2f727e7a03f da7d3c2d591c4295 18ced18aee04c48e 447fc00f40d71d08 5fb2d8e734956af0 cea18be9a89d7a81 bbbd5d2fd957e8f7 47fbe21f5c35c7b4 52370bea1acd0600 4d7653ea9499eed4 0bcaac840d5e66d7 c28bc62802b90f82 702d8f1064ab3e30 9cf6709de35bf0f3 3986b68500d7704b 3fa57d488e979d74 ff88049e61f0f4ef 796888cc3443006c 9a0f5ee4f845c9b2 e7cad3748e50b0f8
4,5c4b7558c942a224 09bbaa171c20bae3 b1dcaca98bb76736 061f3e1feeaa3094 033d905aec273595 cea18be9a89d7a81 0a79fabc6f5d93c9 c015590d6a6fe833 52aa48c07b34dc88 8dc313a2cf9da354 3e8e56f639a5db5b 0b0021aa60d05daa 622f2e4119882c94 40583079f57235a6 74244a8703c03720 1a8e5d6512d9e2d8 ebfda3b48083e390 1fe79c7de59ff6c6 90ecb28f2edb9d43 72b80b099fd64ec4 366a22fce0614fb8 0f4c71d341e2d939 c14d5b16840d3032 f49e13a653cbdad2 453bc79164d57a01 05e4165a56bf50eb 7155e5a86136eb02 bf3ccaba4a3450a8 5ebb4d2f5f1c1f13 01b3da54ffb158a0
5,29bedd00fb2be056 455fde214d16d350 33856365c271aea4 5989fb934598c1a7 07f22a7ad7e4711d 25a3b47fe31bc6b5 ddb3810e0289c148 387e9cd2e5d4ea7d ebfda3b48083e390 42c9b72cc77dcb28 025a148c3a53bd9f c5830f9d0f1e29e5 7155e5a86136eb02 65708d542bd01f39 57113c2a4cacd961 4d954d933e606b70 095bb1b6ecbd0a50 8643165b0f53df11 3ca7964973437917 eff60ceea8817dad 1f423f368aebf7f3 26fc2a95df5659c2 855f2f0354e102c7 63d95d5977c2fe98 7ee52d2519eea367 44d324ebd3e22ad7 1398b478b71773ed 4d417b203b333363 587e0b2a4811fab1 b6a1c97f19af78d0
6,0195950ce0f47e34 0079f3c74309b582 005666aa098abe8e d92c0298f76ccf77 9fbffc521da97c54 133b04350c75770b 4d9214c0925e5af8 acae1d29289b1266 26140b225c4f8d3f da011b87595c1019 fd30682593995748 bd713b37b67866c3 2a06f5614060e3b6 39f6296778264878 e0269da736ddf004 ff88049e61f0f4ef 3fa57d488e979d74 3986b68500d7704b e25a1da6ca187350 702d8f1064ab3e30 c31a456b544a40a8 c28bc62802b90f82 0bcaac840d5e66d7 9a0f5ee4f845c9b2 bd0f175ee98c613e ae94d8435a6847f4 b6d0f83aad4e4dc7 b24820ae14e16a24 622f2e4119882c94 4b8c7061102517ef
7,3734d3b0b9232538 8fc68213b63951dc 0db6584e3bdfa1c4 f28fb3d9880c5d4c 8faeacf8ca08f62d 5fb2d8e734956af0 1dc7139adba034ec 52aa48c07b34dc88 95ecdbff44ad0b60 0c15f252d30646fc 393f49286db04aeb 07f22a7ad7e4711d 3cb6b40d377e7ca8 63d509cd2a2e0e47 33856365c271aea4 6e1b6b53c9710940 0eb4de784c8dd679 c1f2e3a76d388944 f9c6286cff30aaa8 0683b6a78f54be75 72b80b099fd64ec4 0fbd0f422e926816 387e9cd2e5d4ea7d ad06e9eeea8eb4ea 796888cc3443006c 999a52f1d301247c 587e0b2a4811fab1 f2e30efbd27bee51 47fbe21f5c35c7b4 9100ea6cd0e084bf
8,585f4ee09d8fea46 aa967ad3c1f65a29 2e2904c5373734ae 9cf6709de35bf0f3 734dabb98795c35c 4f915ad69e1dca36 c143c095983a65c2 4d7653ea9499eed4 9a0f5ee4f845c9b2 f58ff7f1a6cde683 0bcaac840d5e66d7 c28bc62802b90f82 702d8f1064ab3e30 3986b68500d7704b 3fa57d488e979d74 ff88049e61f0f4ef e0269da736ddf004 bd713b37b67866c3 fd30682593995748 e25a1da6ca187350 2a06f5614060e3b6 39f6296778264878 52370bea1acd0600 942a7d26d81c841f bd0f175ee98c613e ae94d8435a6847f4 b6d0f83aad4e4dc7 b24820ae14e16a24 622f2e4119882c94 4b8c7061102517ef
9,6cb9ab508a0678a0 cc861214a89ef1f4 af8e70f978cd5aee 354d7a327bbcc152 22e8d6734e4121ae 40583079f57235a6 e7828f0ea9749505 18b1d2d84c97a364 025a148c3a53bd9f 20d283a232dfd13c bd0f175ee98c613e fc16a50ff0baec53 8dc313a2cf9da354 a2c35fdf07a13286 680bb5c5c3bb6ee1 4105533fe46dfba9 b3e75fdca5ca2f1a 1f4f62844c3cb99c 01e5a6edcee7deb0 bed3e73d52011f68 ecb768ef6fd223ca fab14d178b24a67f 976baf0e84752a68 e22c35101e190db9 316382267dcd804f 74244a8703c03720 4c0eee2c1a5e76e2 0f33ce8d8014f308 00d9f8d3f7d412b3 e228204ae08d1355
10,b1dcaca98bb76736 33856365c271aea4 27bc34b9887bec0d b26d8664feb18c8c 061f3e1feeaa3094 b69ce8b8154645f8 033d905aec273595 cea18be9a89d7a81 b05b5f6850cfa158 5c8c6d9a1fd4c1e0 0a79fabc6f5d93c9 c015590d6a6fe833 52aa48c07b34dc88 8dc313a2cf9da354 3e8e56f639a5db5b 5430097e23000368 ca4de5b8a7bda9df 0b0021aa60d05daa 622f2e4119882c94 46b99f864d6a075a 853e36b1550c6274 40583079f57235a6 26140b225c4f8d3f 74244a8703c03720 1a8e5d6512d9e2d8 ebfda3b48083e390 1fe79c7de59ff6c6 90ecb28f2edb9d43 72b80b099fd64ec4 366a22fce0614fb8
11,18ced18aee04c48e 49224aca40e6e5e3 25a3b47fe31bc6b5 bc27d5dc9bab1c18 66ccd03c9e03ac06 50cb6a6c60ad711a acae1d29289b1266 7ee52d2519eea367 28a2067685cb3e97 922e625fae98b3b9 4d7653ea9499eed4 9a0f5ee4f845c9b2 0bcaac840d5e66d7 c28bc62802b90f82 702d8f1064ab3e30 52370bea1acd0600 3fa57d488e979d74 ff88049e61f0f4ef e0269da736ddf004 bd713b37b67866c3 fd30682593995748 2a06f5614060e3b6 e25a1da6ca187350 3986b68500d7704b 0708923badf2ff5d 942a7d26d81c841f bd0f175ee98c613e ae94d8435a6847f4 b6d0f83aad4e4dc7 b24820ae14e16a24
12,e8b87ed7db1bcb1f f25bfcffedaccf28 59bf6d6df9146d60 393f49286db04aeb daa257a37227cd72 27bc34b9887bec0d 57113c2a4cacd961 8699cc5dd4159b69 0e45c4c185f35df6 0451447dd64f6284 95166957b2c38794 636224e349e561bf cc507a0d6fcf4a1c c14d5b16840d3032 6a3919ad9ed8197e 3c565c1fc2316d16 00e1e2eb13f650e4 016da874bd04df55 1398b478b71773ed a0b1f4dd32f3e278 b2ee9eea2d974c90 828f5dfbbf1272ee f48d0fbea7dc2782 3e8e56f639a5db5b 09bbaa171c20bae3 c28bc62802b90f82 3986b68500d7704b 3fa57d488e979d74 ff88049e61f0f4ef e0269da736ddf004
13,7eec211cc37a1b05 64267373570e4ea3 447fc00f40d71d08 cb3e4ce97e7f2881 9b2adcf4041227d7 db0e648651f4c92b 74ae9af23a383bf5 8643165b0f53df11 fb2ebcb5335ad2e2 0079f3c74309b582 1398b478b71773ed 6e12311169bcb24c 354d7a327bbcc152 5d26da95786b3a3a 29bedd00fb2be056 49b5678e0d1e5bcd 5f94b027039f4e48 cec2eea2a1fe566a 8e0760918e88e4a9 c96049ed915ced0a 28403e62105b00f6 1f423f368aebf7f3 5048a37f10cf2d91 0220a434aa8bf029 204ec91c39d1479d 9c9ebf71707d7a37 b371170568146b12 4bed80e56ea2e099 964a50d33717c26d 106204cd0e07e1b2
14,40583079f57235a6 366a22fce0614fb8 7155e5a86136eb02 33856365c271aea4 3ca7964973437917 d16da1fb61813db9 680bb5c5c3bb6ee1 0647acc4602d4e8f b69ce8b8154645f8 03dfe518713e006c d1e21234d7cc61d2 413c55a5ab86881a 52aa48c07b34dc88 4c0eee2c1a5e76e2 b9d966ad9e04127a 46b99f864d6a075a 128d583954b18074 f46601a9955f9949 83f8f2fc471cad74 9269d2b0d877352d e4a7a996ed6a5a81 72b80b099fd64ec4 18b1d2d84c97a364 2e4b00c01d58e79e 4a5ac473c9d176ba 10ad13170242ecae 3e8e56f639a5db5b 3a6e7894dde31c67 dea5e9227fbbac29 70ebf53ced736fa4
15,0708923badf2ff5d 09bbaa171c20bae3 bbbd5d2fd957e8f7 52370bea1acd0600 4d7653ea9499eed4 9a0f5ee4f845c9b2 0bcaac840d5e66d7 c28bc62802b90f82 702d8f1064ab3e30 3986b68500d7704b 3fa57d488e979d74 ff88049e61f0f4ef e0269da736ddf004 bd713b37b67866c3 fd30682593995748 2a06f5614060e3b6 39f6296778264878 e25a1da6ca187350 f58ff7f1a6cde683 47fbe21f5c35c7b4 e36475c1af5ea3ab 734dabb98795c35c 942a7d26d81c841f bd0f175ee98c613e ae94d8435a6847f4 b6d0f83aad4e4dc7 b24820ae14e16a24 622f2e4119882c94 c31a456b544a40a8 af8e70f978cd5aee
16,7c9248ed6224aa26 f05fa5f57dc03e81 877672967d3f70bb 2394b08708475900 0e45c4c185f35df6 54a11cbcd7a32af4 90ecb28f2edb9d43 5c8c6d9a1fd4c1e0 db69d4cbfef8d22f 2359719a0f40ffac 2a06f5614060e3b6 e7cad3748e50b0f8 73391e0853c1e040 bb7515be835dea49 f705b637f624147e a9eef13786610446 ffc688c4c1c2a068 c08c3765ac609cc0 3fa57d488e979d74 b749972436ac9791 72403ecdfe02bba6 05f23e7d05dbf7c2 5b34da30b93eb123 0b0021aa60d05daa 622f2e4119882c94 d92c0298f76ccf77 54f55c74d37db3c0 63d95d5977c2fe98 316382267dcd804f 83f8f2fc471cad74
17,1c3b74a02a86467d 3734d3b0b9232538 430feb4826a5632e 95ecdbff44ad0b60 d3c4a7db726191e0 a52df8083c238c46 acae1d29289b1266 73f770f2643a2135 58654e3143c6550b ad06e9eeea8eb4ea 09bbaa171c20bae3 bd713b37b67866c3 047769588be1aea9 ae94d8435a6847f4 4bed80e56ea2e099 b8e2f75014710ced 4d7653ea9499eed4 538c7bb968b2154c b0bfe0f426275870 f209d29f991432f0 a2805ed52b47b8ec 00e1e2eb13f650e4 96445bec1579ec97 e7828f0ea9749505 ca4de5b8a7bda9df a0b1f4dd32f3e278 a5d5ba33b5b1dc95 50806199c80e215c 781aaf62a955e4e8 24c47959ea77b15b
18,8faeacf8ca08f62d 1dc7139adba034ec 95ecdbff44ad0b60 393f49286db04aeb 07f22a7ad7e4711d 8fc68213b63951dc c1f2e3a76d388944 f9c6286cff30aaa8 0683b6a78f54be75 ad06e9eeea8eb4ea 999a52f1d301247c 587e0b2a4811fab1 f2e30efbd27bee51 47fbe21f5c35c7b4 72c2a95813ea72bd ce0f56b7190c268a 18ced18aee04c48e 622f2e4119882c94 3fa57d488e979d74 ff88049e61f0f4ef b24820ae14e16a24 b6d0f83aad4e4dc7 4b8c7061102517ef bd713b37b67866c3 fd30682593995748 2a06f5614060e3b6 39f6296778264878 e25a1da6ca187350 c31a456b544a40a8 e0269da736ddf004
19,09bbaa171c20bae3 8faeacf8ca08f62d 1dc7139adba034ec 52aa48c07b34dc88 95ecdbff44ad0b60 393f49286db04aeb 07f22a7ad7e4711d 3cb6b40d377e7ca8 8fc68213b63951dc 0eb4de784c8dd679 c1f2e3a76d388944 f9c6286cff30aaa8 0683b6a78f54be75 72b80b099fd64ec4 ad06e9eeea8eb4ea 999a52f1d301247c 587e0b2a4811fab1 f2e30efbd27bee51 47fbe21f5c35c7b4 c5830f9d0f1e29e5 72c2a95813ea72bd 3e8e56f639a5db5b 702d8f1064ab3e30 3986b68500d7704b 3fa57d488e979d74 ff88049e61f0f4ef e0269da736ddf004 bd713b37b67866c3 fd30682593995748 5547f9f1638ac345
20,0683b6a78f54be75 366a22fce0614fb8 70ebf53ced736fa4 dea5e9227fbbac29 a853f13216170123 d1e21234d7cc61d2 50cb6a6c60ad711a b9d966ad9e04127a 5f94b027039f4e48 d92c0298f76ccf77 a76ffccd2f5df1a7 da011b87595c1019 7ee52d2519eea367 28a2067685cb3e97 9f4e0d572b1f4e6c a492bd402afd5c71 133b04350c75770b 4d9214c0925e5af8 cc507a0d6fcf4a1c 486dd77002936dec 26140b225c4f8d3f 0c2eeab1e4ce1db8 18b1d2d84c97a364 98dbd15aa33ebc18 1efd7bd8a34a1359 b6cdb608f640e038 eff60ceea8817dad ec4ef2f727e7a03f da7d3c2d591c4295 39f6296778264878
21,0bcaac840d5e66d7 48cf88c17ff38c5e ce2fe99a7cda4a17 781aaf62a955e4e8 0897dcfae16e280f 8643165b0f53df11 f58ff7f1a6cde683 d1e21234d7cc61d2 ddf332f2b55a2a23 5d26da95786b3a3a f29eee8054c061e1 922e625fae98b3b9 b6a1c97f19af78d0 29bedd00fb2be056 1dc7139adba034ec 4fe9e4e55585ba4b 106204cd0e07e1b2 964a50d33717c26d dc17b07476183764 0eb4de784c8dd679 b1dcaca98bb76736 404031ab9d5977c4 e8b87ed7db1bcb1f 60a070db9f1869b5 64c2e323906b42d3 f2e30efbd27bee51 942a7d26d81c841f 3734d3b0b9232538 ce0f56b7190c268a 4491016efed845f1
22,6cb9ab508a0678a0 b8e2f75014710ced 576dd429db946393 5048a37f10cf2d91 0c2eeab1e4ce1db8 fc8971756f9ec194 18b1d2d84c97a364 a677c3a76055a6d2 2e44fbb8bc3d8d71 b0b5e62a93a2c37c 2bafd15871caae91 2dd12c230ab22555 00ff646ca6637bd7 9f27aa36c1ea793c f28fb3d9880c5d4c 36d33c41812ce7dc 42c9b72cc77dcb28 37001ade0df85823 351c9da399c2b915 120e745e2961b5d5 4d7653ea9499eed4 0bcaac840d5e66d7 9a0f5ee4f845c9b2 c28bc62802b90f82 52370bea1acd0600 3986b68500d7704b 3fa57d488e979d74 ff88049e61f0f4ef e0269da736ddf004 bd713b37b67866c3
23,d92c0298f76ccf77 765c0695339c3abe f6d23cdd2359f7c0 eec6b281e236b500 8dc313a2cf9da354 d257d1fbcf43abd5 238ec735a13a3f09 4d9214c0925e5af8 5430097e23000368 49b5678e0d1e5bcd db0e648651f4c92b ae77487a89f2610c 39075e303166355e 0708923badf2ff5d ee3ed9a3f51336cd 6461a9faa871b3ac 133b04350c75770b bbbd5d2fd957e8f7 22756be6fd061d4c d6ed7e4b14c51296 35488b3b8b781278 7d83ffe83f61bdc4 a04d6febd82a4389 abf90e759d208468 0220a434aa8bf029 942a7d26d81c841f 09bbaa171c20bae3 3734d3b0b9232538 26140b225c4f8d3f 430feb4826a5632e
24,197fa50b30d91fe8 8700059e85433b32 0708923badf2ff5d d46598813fb437e5 8f578001f9d5f543 b78189788d563693 01020d1b0821f4c7 c6b615b2589e036d e14a893f1918277e 4d32dae7b43c489a e878efab7c37179e d7d937303a6d5a9d c606425856952286 025a148c3a53bd9f 09bbaa171c20bae3 16b11706660177ff f48d0fbea7dc2782 2901e5309bb3f8f6 18ced18aee04c48e 702d8f1064ab3e30 3986b68500d7704b 3fa57d488e979d74 ff88049e61f0f4ef e0269da736ddf004 bd713b37b67866c3 fd30682593995748 2a06f5614060e3b6 e25a1da6ca187350 c28bc62802b90f82 b24820ae14e16a24
25,00d9eb862ba3dfc6 c96049ed915ced0a 0eb4de784c8dd679 72b80b099fd64ec4 c5830f9d0f1e29e5 2e2904c5373734ae 9cf6709de35bf0f3 734dabb98795c35c 4f915ad69e1dca36 c143c095983a65c2 e0269da736ddf004 8faeacf8ca08f62d 1dc7139adba034ec 52aa48c07b34dc88 95ecdbff44ad0b60 393f49286db04aeb 07f22a7ad7e4711d 3cb6b40d377e7ca8 8fc68213b63951dc c1f2e3a76d388944 f9c6286cff30aaa8 0683b6a78f54be75 ad06e9eeea8eb4ea 999a52f1d301247c 587e0b2a4811fab1 f2e30efbd27bee51 47fbe21f5c35c7b4 72c2a95813ea72bd 3e8e56f639a5db5b ff88049e61f0f4ef
26,acae1d29289b1266 430feb4826a5632e 95ecdbff44ad0b60 d3c4a7db726191e0 a52df8083c238c46 09bbaa171c20bae3 73f770f2643a2135 ad06e9eeea8eb4ea bd713b37b67866c3 047769588be1aea9 ae94d8435a6847f4 4d7653ea9499eed4 0bcaac840d5e66d7 c28bc62802b90f82 702d8f1064ab3e30 3986b68500d7704b 3fa57d488e979d74 ff88049e61f0f4ef e0269da736ddf004 fd30682593995748 2a06f5614060e3b6 39f6296778264878 e25a1da6ca187350 9a0f5ee4f845c9b2 734dabb98795c35c bd0f175ee98c613e b6d0f83aad4e4dc7 b24820ae14e16a24 622f2e4119882c94 4b8c7061102517ef
27,c14d5b16840d3032 9100ea6cd0e084bf 2bafd15871caae91 0897dcfae16e280f 0bcaac840d5e66d7 f58ff7f1a6cde683 64267373570e4ea3 9a439fd1abf95245 f29eee8054c061e1 b6a1c97f19af78d0 537a55eda51a3f60 00958a140c3a6de8 4fe9e4e55585ba4b e36475c1af5ea3ab 9b2adcf4041227d7 18b1d2d84c97a364 bc27d5dc9bab1c18 db0e648651f4c92b ddf332f2b55a2a23 0079f3c74309b582 354d7a327bbcc152 47fbe21f5c35c7b4 d92c0298f76ccf77 a04d6febd82a4389 49b5678e0d1e5bcd c5830f9d0f1e29e5 cec2eea2a1fe566a 8e0760918e88e4a9 7eec211cc37a1b05 18ced18aee04c48e
28,52e459a551d4ac2d da904d2a54ff8cf2 0c2eeab1e4ce1db8 af8e70f978cd5aee 4d32dae7b43c489a 9b2adcf4041227d7 0eb4de784c8dd679 72b80b099fd64ec4 b0bfe0f426275870 64267373570e4ea3 b50b4e27b03c7b37 c5830f9d0f1e29e5 1a8e5d6512d9e2d8 46315cf30aaee51c db0e648651f4c92b 0688c790d5806540 7cea1f637ea3f37d 2820628e65a062e2 74244a8703c03720 6461a9faa871b3ac 0079f3c74309b582 8f578001f9d5f543 b78189788d563693 354d7a327bbcc152 c6b615b2589e036d e14a893f1918277e fc21db75b354a917 ecb768ef6fd223ca a60934e6b473097a e878efab7c37179e
29,8dedff0a79784abc 033d905aec273595 da011b87595c1019 b6e646c13d0753ae 3a6e7894dde31c67 9b0e8cf8153e3b33 47fbe21f5c35c7b4 d6bbbd6c4968075a 25a3b47fe31bc6b5 c5830f9d0f1e29e5 ddb3810e0289c148 d257d1fbcf43abd5 e9c20b67a4c5395f b6a1c97f19af78d0 ce0f56b7190c268a 4f915ad69e1dca36 58654e3143c6550b c143c095983a65c2 c015590d6a6fe833 18ced18aee04c48e 0bcaac840d5e66d7 c28bc62802b90f82 702d8f1064ab3e30 3986b68500d7704b 3fa57d488e979d74 ff88049e61f0f4ef e0269da736ddf004 bd713b37b67866c3 fd30682593995748 2a06f5614060e3b6
30,b29ab87af6ea6310 7c9248ed6224aa26 40583079f57235a6 ffa9091747ae2466 abf90e759d208468 942a7d26d81c841f f05fa5f57dc03e81 7b81f1f2b6ec2e5f 095bb1b6ecbd0a50 a14394322cf7043d 26fc2a95df5659c2 796888cc3443006c 4c3802a1bd3c842e b1dcaca98bb76736 eec6b281e236b500 59bf6d6df9146d60 413c55a5ab86881a 0eafda717681bbdc 01e5a6edcee7deb0 b3e75fdca5ca2f1a 1f4f62844c3cb99c bed3e73d52011f68 197fa50b30d91fe8 6c017e548aa138f2 64b31699d7d15934 d5805cdb9e8f0f48 061f3e1feeaa3094 b3ad55963554f220 033d905aec273595 cea18be9a89d7a81
31,12af6a34778710db 0d0368139e9a647f 4491016efed845f1 42bb83d7c4b9ecae 43b3338423d7386c e25a1da6ca187350 0a79fabc6f5d93c9 d3c4a7db726191e0 8a5635c748344d47 172bc0ee09332ae9 4577ae048ef1967d b26d8664feb18c8c 01020d1b0821f4c7 48f93f9c2c699e19 34a62e66e05f9a44 b05b5f6850cfa158 ec1b3d7ccd3984d0 a60934e6b473097a d257d1fbcf43abd5 5c8c6d9a1fd4c1e0 5430097e23000368 16b11706660177ff e22c35101e190db9 050544c040f46152 2cebd52b41930f0a f44f74b3451aa593 8faeacf8ca08f62d 1dc7139adba034ec 52aa48c07b34dc88 95ecdbff44ad0b60
32,b29ab87af6ea6310 ffa9091747ae2466 abf90e759d208468 942a7d26d81c841f 7b81f1f2b6ec2e5f 095bb1b6ecbd0a50 a14394322cf7043d 26fc2a95df5659c2 796888cc3443006c 4c3802a1bd3c842e eec6b281e236b500 59bf6d6df9146d60 413c55a5ab86881a 0eafda717681bbdc b3e75fdca5ca2f1a bed3e73d52011f68 1f4f62844c3cb99c 01e5a6edcee7deb0 197fa50b30d91fe8 40583079f57235a6 6c017e548aa138f2 64b31699d7d15934 d5805cdb9e8f0f48 b3ad55963554f220 cc861214a89ef1f4 c28bc62802b90f82 955e465ce0788ea6 db7342eff9200020 9100ea6cd0e084bf 2901e5309bb3f8f6
33,48a76e3aff69d605 b6e72edcad270be0 92f42fbd0c38f7fd a860b682add9de1c 52370bea1acd0600 e6a29676c096f8e8 0e45c4c185f35df6 4f2fffd7528de786 e403278468d84383 2e031d83339759b2 22756be6fd061d4c 8dedff0a79784abc 95166957b2c38794 ae94d8435a6847f4 da011b87595c1019 4bed80e56ea2e099 4beacc71024f8b08 f105a53e5cfae611 a0566ca9daca7778 1d72229ebcc00faf 59c231f8fd21260c 404031ab9d5977c4 18ced18aee04c48e e0269da736ddf004 ff88049e61f0f4ef 0bcaac840d5e66d7 3fa57d488e979d74 3986b68500d7704b 702d8f1064ab3e30 bd713b37b67866c3
34,8faeacf8ca08f62d 1dc7139adba034ec 52aa48c07b34dc88 95ecdbff44ad0b60 393f49286db04aeb 07f22a7ad7e4711d 3cb6b40d377e7ca8 8fc68213b63951dc 0eb4de784c8dd679 c1f2e3a76d388944 f9c6286cff30aaa8 0683b6a78f54be75 72b80b099fd64ec4 ad06e9eeea8eb4ea 999a52f1d301247c 587e0b2a4811fab1 f2e30efbd27bee51 47fbe21f5c35c7b4 c5830f9d0f1e29e5 72c2a95813ea72bd 3e8e56f639a5db5b 09bbaa171c20bae3 18ced18aee04c48e bd713b37b67866c3 ae94d8435a6847f4 b24820ae14e16a24 e0269da736ddf004 fd30682593995748 ff88049e61f0f4ef 3fa57d488e979d74
35,e8b87ed7db1bcb1f f25bfcffedaccf28 59bf6d6df9146d60 393f49286db04aeb d35e11d3d1ab3c67 ac9ee0c09b538140 055d895a3b26e466 5d26da95786b3a3a feddfcf56818968e 4d954d933e606b70 daa257a37227cd72 37001ade0df85823 27bc34b9887bec0d 528161039994b4dc b371170568146b12 898a4921ab9f4cce 6e239f4dd4b6aed7 da904d2a54ff8cf2 589ef345cb2dccfc 57113c2a4cacd961 b1e47da7659b675c 8699cc5dd4159b69 09bbaa171c20bae3 18ced18aee04c48e ff88049e61f0f4ef e0269da736ddf004 bd713b37b67866c3 3fa57d488e979d74 3986b68500d7704b 39f6296778264878
36,29bedd00fb2be056 455fde214d16d350 33856365c271aea4 5989fb934598c1a7 07f22a7ad7e4711d 25a3b47fe31bc6b5 ddb3810e0289c148 387e9cd2e5d4ea7d ebfda3b48083e390 42c9b72cc77dcb28 025a148c3a53bd9f c5830f9d0f1e29e5 7155e5a86136eb02 65708d542bd01f39 57113c2a4cacd961 4d954d933e606b70 095bb1b6ecbd0a50 8643165b0f53df11 3ca7964973437917 eff60ceea8817dad 1f423f368aebf7f3 26fc2a95df5659c2 855f2f0354e102c7 63d95d5977c2fe98 7ee52d2519eea367 44d324ebd3e22ad7 1398b478b71773ed 4d417b203b333363 587e0b2a4811fab1 b6a1c97f19af78d0
37,cc507a0d6fcf4a1c c14d5b16840d3032 6a3919ad9ed8197e 3c565c1fc2316d16 00e1e2eb13f650e4 016da874bd04df55 1398b478b71773ed a0b1f4dd32f3e278 b2ee9eea2d974c90 828f5dfbbf1272ee f48d0fbea7dc2782 3e8e56f639a5db5b 18ced18aee04c48e 2a06f5614060e3b6 39f6296778264878 fd30682593995748 bd713b37b67866c3 bd0f175ee98c613e e0269da736ddf004 ff88049e61f0f4ef 3fa57d488e979d74 3986b68500d7704b ae94d8435a6847f4 b6d0f83aad4e4dc7 702d8f1064ab3e30 c28bc62802b90f82 0bcaac840d5e66d7 b24820ae14e16a24 4d7653ea9499eed4 52370bea1acd0600
38,5048a37f10cf2d91 033d905aec273595 576dd429db946393 b6e646c13d0753ae 3a6e7894dde31c67 9b0e8cf8153e3b33 d6bbbd6c4968075a 25a3b47fe31bc6b5 8dedff0a79784abc d257d1fbcf43abd5 e9c20b67a4c5395f b6a1c97f19af78d0 ce0f56b7190c268a 4f915ad69e1dca36 58654e3143c6550b c143c095983a65c2 c015590d6a6fe833 18ced18aee04c48e 9fbffc521da97c54 3986b68500d7704b 702d8f1064ab3e30 3fa57d488e979d74 ff88049e61f0f4ef e0269da736ddf004 bd713b37b67866c3 fd30682593995748 c28bc62802b90f82 0bcaac840d5e66d7 39f6296778264878 bd0f175ee98c613e
39,3c565c1fc2316d16 9ab90dfc5c9b0b37 7f29daa16b9b4cda 0eafda717681bbdc 19e8f436d4b2fc25 d16da1fb61813db9 03dfe518713e006c a9dad59c7055b56c 6d80d2e62d01f6bc fc16a50ff0baec53 a2c35fdf07a13286 72c2a95813ea72bd 680bb5c5c3bb6ee1 62431fd374eb99fb 892074f7c1ef5d5e a813c15b46ceaf68 e22c35101e190db9 65708d542bd01f39 4c0eee2c1a5e76e2 a982b5c3aed39396 cc507a0d6fcf4a1c 069e7e25e43deab3 781aaf62a955e4e8 c14d5b16840d3032 6a3919ad9ed8197e 964a50d33717c26d 00e1e2eb13f650e4 538c7bb968b2154c 016da874bd04df55 1398b478b71773ed
40,1f423f368aebf7f3 204ec91c39d1479d ae000f9d0b5e104e 8e0cc5199a0ee659 576dd429db946393 74ae9af23a383bf5 7c9248ed6224aa26 6a3919ad9ed8197e a492bd402afd5c71 2e4b00c01d58e79e 01b3da54ffb158a0 5b16bae6a0de7c88 7c98dedd223b36c0 bd713b37b67866c3 bc2ae5f4e5d53e00 b69ce8b8154645f8 b2ee9eea2d974c90 828f5dfbbf1272ee 77e2f7da1f9d3a8f 050544c040f46152 f05fa5f57dc03e81 a982b5c3aed39396 f48d0fbea7dc2782 ce0f56b7190c268a f44f74b3451aa593 377c1150c781e37a 18ced18aee04c48e 702d8f1064ab3e30 fd30682593995748 622f2e4119882c94
41,781aaf62a955e4e8 d92c0298f76ccf77 033d905aec273595 d257d1fbcf43abd5 49b5678e0d1e5bcd cc507a0d6fcf4a1c 4d9214c0925e5af8 eec6b281e236b500 b6e646c13d0753ae 8dc313a2cf9da354 3a6e7894dde31c67 238ec735a13a3f09 9b0e8cf8153e3b33 db0e648651f4c92b ae77487a89f2610c d6bbbd6c4968075a 25a3b47fe31bc6b5 39075e303166355e 8dedff0a79784abc ee3ed9a3f51336cd e9c20b67a4c5395f b6a1c97f19af78d0 ce0f56b7190c268a 6461a9faa871b3ac 4f915ad69e1dca36 58654e3143c6550b bbbd5d2fd957e8f7 d6ed7e4b14c51296 35488b3b8b781278 7d83ffe83f61bdc4
42,22756be6fd061d4c a982b5c3aed39396 e403278468d84383 4beacc71024f8b08 52370bea1acd0600 4f2fffd7528de786 b6e72edcad270be0 48a76e3aff69d605 4bed80e56ea2e099 9a0f5ee4f845c9b2 0bcaac840d5e66d7 c28bc62802b90f82 702d8f1064ab3e30 3986b68500d7704b 3fa57d488e979d74 ff88049e61f0f4ef bd713b37b67866c3 fd30682593995748 2a06f5614060e3b6 39f6296778264878 e25a1da6ca187350 c31a456b544a40a8 e0269da736ddf004 fc21db75b354a917 bd0f175ee98c613e ae94d8435a6847f4 b6d0f83aad4e4dc7 b24820ae14e16a24 622f2e4119882c94 4b8c7061102517ef
43,18b1d2d84c97a364 00ff646ca6637bd7 a60934e6b473097a 46315cf30aaee51c 36d33c41812ce7dc 0688c790d5806540 74244a8703c03720 b78189788d563693 8f578001f9d5f543 a04d6febd82a4389 e878efab7c37179e d7d937303a6d5a9d 0c2eeab1e4ce1db8 c606425856952286 fc8971756f9ec194 a677c3a76055a6d2 016da874bd04df55 351c9da399c2b915 d64c06baf5ef1c90 2e44fbb8bc3d8d71 095bb1b6ecbd0a50 a14394322cf7043d 26fc2a95df5659c2 20d283a232dfd13c 4c3802a1bd3c842e b0b5e62a93a2c37c 428f9363fa35882d 2bafd15871caae91 bd0f175ee98c613e 047769588be1aea9
44,18ced18aee04c48e bbbd5d2fd957e8f7 47fbe21f5c35c7b4 52370bea1acd0600 4d7653ea9499eed4 9a0f5ee4f845c9b2 0bcaac840d5e66d7 c28bc62802b90f82 702d8f1064ab3e30 059bbdbdb843af6a 3fa57d488e979d74 ff88049e61f0f4ef e0269da736ddf004 bd713b37b67866c3 fd30682593995748 2a06f5614060e3b6 39f6296778264878 e25a1da6ca187350 3986b68500d7704b e7cad3748e50b0f8 0708923badf2ff5d 734dabb98795c35c 942a7d26d81c841f bd0f175ee98c613e ae94d8435a6847f4 b6d0f83aad4e4dc7 b24820ae14e16a24 cea18be9a89d7a81 4b8c7061102517ef af8e70f978cd5aee
45,0fbd0f422e926816 33856365c271aea4 f2234bb7ce0c6f59 b69ce8b8154645f8 0db6584e3bdfa1c4 73391e0853c1e040 05f23e7d05dbf7c2 5b34da30b93eb123 72403ecdfe02bba6 b749972436ac9791 6aac5e116b75aa22 46b99f864d6a075a d46598813fb437e5 63d95d5977c2fe98 316382267dcd804f 5fb2d8e734956af0 b6cdb608f640e038 01020d1b0821f4c7 c6b615b2589e036d e4a7a996ed6a5a81 b1dcaca98bb76736 c015590d6a6fe833 025a148c3a53bd9f 5b16bae6a0de7c88 d35e11d3d1ab3c67 ac9ee0c09b538140 09660f466b38b7ba 0d0368139e9a647f 061f3e1feeaa3094 033d905aec273595
46,d257d1fbcf43abd5 acf5cb026b3c4551 50806199c80e215c b6a1c97f19af78d0 26140b225c4f8d3f 538c7bb968b2154c 5430097e23000368 4d7653ea9499eed4 9a0f5ee4f845c9b2 0bcaac840d5e66d7 c28bc62802b90f82 702d8f1064ab3e30 3986b68500d7704b 3fa57d488e979d74 52370bea1acd0600 e0269da736ddf004 bd713b37b67866c3 fd30682593995748 2a06f5614060e3b6 39f6296778264878 c31a456b544a40a8 ff88049e61f0f4ef 734dabb98795c35c 942a7d26d81c841f bd0f175ee98c613e ae94d8435a6847f4 b6d0f83aad4e4dc7 b24820ae14e16a24 622f2e4119882c94 4b8c7061102517ef
47,ce2fe99a7cda4a17 8643165b0f53df11 0c15f252d30646fc d1e21234d7cc61d2 0bcaac840d5e66d7 5d26da95786b3a3a aa0789b403bcd839 29bedd00fb2be056 64c2e323906b42d3 106204cd0e07e1b2 964a50d33717c26d dc17b07476183764 404031ab9d5977c4 5989fb934598c1a7 09bbaa171c20bae3 8e83d05923cde390 f6d23cdd2359f7c0 3d6880bd12f6613f d92c0298f76ccf77 133b04350c75770b 4d9214c0925e5af8 26140b225c4f8d3f 18ced18aee04c48e 3986b68500d7704b 3fa57d488e979d74 ff88049e61f0f4ef 702d8f1064ab3e30 bd713b37b67866c3 fd30682593995748 2a06f5614060e3b6
48,3e8e56f639a5db5b 48f93f9c2c699e19 f209d29f991432f0 97d696011258825c 22dc81380cf4baec 419b5dc40744fb9b 27bc34b9887bec0d 3b6d27775fce1c7b 1a05ef8c93af8eed d16da1fb61813db9 99e833818ec4bbf2 d63b7f083330247f 46b99f864d6a075a eff60ceea8817dad ce0f56b7190c268a fa173131f15f5534 bf973f9ec3600199 4d29c6922b2d0d56 622f2e4119882c94 b24820ae14e16a24 fd30682593995748 bd713b37b67866c3 e0269da736ddf004 ff88049e61f0f4ef 3fa57d488e979d74 3986b68500d7704b bd0f175ee98c613e 702d8f1064ab3e30 c28bc62802b90f82 0bcaac840d5e66d7
49,d0f6c00eec5eb973 7c8324ce28ffb96e 45630e1451157ff3 395b26d91f98bd92 18ced18aee04c48e 09bbaa171c20bae3 cea18be9a89d7a81 bbbd5d2fd957e8f7 47fbe21f5c35c7b4 52370bea1acd0600 4d7653ea9499eed4 9a0f5ee4f845c9b2 0bcaac840d5e66d7 702d8f1064ab3e30 3986b68500d7704b 3fa57d488e979d74 39f6296778264878 ff88049e61f0f4ef fd30682593995748 bd713b37b67866c3 e0269da736ddf004 c28bc62802b90f82 e36475c1af5ea3ab 0708923badf2ff5d 734dabb98795c35c 942a7d26d81c841f bd0f175ee98c613e ae94d8435a6847f4 b6d0f83aad4e4dc7 b24820ae14e16a24
50,4535ce2e3dced00f 4f31209941bb05fc 8dedff0a79784abc daa257a37227cd72 6204e398d8c7f888 db7342eff9200020 da011b87595c1019 9100ea6cd0e084bf 0772e3ab293a1f30 cc507a0d6fcf4a1c c14d5b16840d3032 6a3919ad9ed8197e 3c565c1fc2316d16 00e1e2eb13f650e4 016da874bd04df55 c015590d6a6fe833 1398b478b71773ed a0b1f4dd32f3e278 b2ee9eea2d974c90 828f5dfbbf1272ee 9fbffc521da97c54 f48d0fbea7dc2782 3e8e56f639a5db5b 3986b68500d7704b 2a06f5614060e3b6 3fa57d488e979d74 ff88049e61f0f4ef fd30682593995748 bd713b37b67866c3 e0269da736ddf004
51,57113c2a4cacd961 4f2fffd7528de786 8faeacf8ca08f62d 393f49286db04aeb edc79e57b20e9036 8fc68213b63951dc c1f2e3a76d388944 f9c6286cff30aaa8 d72363ddd958d906 0683b6a78f54be75 72b80b099fd64ec4 a18df74d3a16e9c0 587e0b2a4811fab1 a04d6febd82a4389 a292248bb2bffb3d 88b62355670ec8f8 abf90e759d208468 430feb4826a5632e f76f44d372517a9a 03ed286136d7b3cf 26fc2a95df5659c2 095bb1b6ecbd0a50 a14394322cf7043d 796888cc3443006c 20d283a232dfd13c 72c2a95813ea72bd 4c3802a1bd3c842e 1dc7139adba034ec bd0f175ee98c613e 46315cf30aaee51c
52,0195950ce0f47e34 0079f3c74309b582 f2e30efbd27bee51 005666aa098abe8e ce2fe99a7cda4a17 a60934e6b473097a 8643165b0f53df11 eab15ee21e126f6a 9b0e8cf8153e3b33 8699cc5dd4159b69 a2c35fdf07a13286 d1e21234d7cc61d2 0bcaac840d5e66d7 e1460af4a7044067 5d26da95786b3a3a 77e2f7da1f9d3a8f 2e031d83339759b2 29bedd00fb2be056 f48d0fbea7dc2782 f44f74b3451aa593 64c2e323906b42d3 106204cd0e07e1b2 964a50d33717c26d dc17b07476183764 404031ab9d5977c4 18ced18aee04c48e c28bc62802b90f82 702d8f1064ab3e30 9a0f5ee4f845c9b2 3fa57d488e979d74
53,cc507a0d6fcf4a1c 0c2eeab1e4ce1db8 18b1d2d84c97a364 98dbd15aa33ebc18 8faeacf8ca08f62d 1efd7bd8a34a1359 b6cdb608f640e038 1dc7139adba034ec eff60ceea8817dad 52aa48c07b34dc88 95ecdbff44ad0b60 ec4ef2f727e7a03f 393f49286db04aeb 07f22a7ad7e4711d 3cb6b40d377e7ca8 8fc68213b63951dc 0eb4de784c8dd679 c1f2e3a76d388944 f9c6286cff30aaa8 0683b6a78f54be75 72b80b099fd64ec4 da7d3c2d591c4295 ad06e9eeea8eb4ea 999a52f1d301247c 587e0b2a4811fab1 f2e30efbd27bee51 47fbe21f5c35c7b4 c5830f9d0f1e29e5 72c2a95813ea72bd 3e8e56f639a5db5b
54,0c2eeab1e4ce1db8 fc8971756f9ec194 18b1d2d84c97a364 a677c3a76055a6d2 2e44fbb8bc3d8d71 b0b5e62a93a2c37c 2bafd15871caae91 2dd12c230ab22555 00ff646ca6637bd7 9f27aa36c1ea793c f28fb3d9880c5d4c 36d33c41812ce7dc 42c9b72cc77dcb28 37001ade0df85823 351c9da399c2b915 120e745e2961b5d5 95ecdbff44ad0b60 4d7653ea9499eed4 ad06e9eeea8eb4ea 781f4d0147aef776 19e8f436d4b2fc25 430feb4826a5632e 7c9248ed6224aa26 1a8e5d6512d9e2d8 d3c4a7db726191e0 4d32dae7b43c489a a52df8083c238c46 8faeacf8ca08f62d acae1d29289b1266 7cea1f637ea3f37d
55,ce2fe99a7cda4a17 8643165b0f53df11 d1e21234d7cc61d2 0bcaac840d5e66d7 6e239f4dd4b6aed7 5d26da95786b3a3a 29bedd00fb2be056 106204cd0e07e1b2 964a50d33717c26d dc17b07476183764 18ced18aee04c48e b1dcaca98bb76736 404031ab9d5977c4 e8b87ed7db1bcb1f 60a070db9f1869b5 64c2e323906b42d3 942a7d26d81c841f 3734d3b0b9232538 ce0f56b7190c268a 4491016efed845f1 666bdff4faa513ca 1dc7139adba034ec 81b7c7e312bfa1a0 2810fb6f81d1711c 0a79fabc6f5d93c9 3fa57d488e979d74 af41e2b6da3e7e02 0eb4de784c8dd679 81b639b74256b45b f46601a9955f9949
56,cea18be9a89d7a81 d92c0298f76ccf77 ebfda3b48083e390 ce0f56b7190c268a 7155e5a86136eb02 133b04350c75770b 5b4c879fc9c316fb 666bdff4faa513ca 81b7c7e312bfa1a0 4d9214c0925e5af8 3b6d27775fce1c7b 3ca7964973437917 e8684734f2e587bd ad06e9eeea8eb4ea 3b4a85bac6ead3c8 999a52f1d301247c 09bbaa171c20bae3 0688c790d5806540 9c9a9d45c2ea7ddf 26140b225c4f8d3f 1d0f5fdc58e3efb5 0f33ce8d8014f308 52aa48c07b34dc88 c36c2dce0e6e434f 3986b68500d7704b 72b80b099fd64ec4 148ac4a56a18844d a9dad59c7055b56c 1a05ef8c93af8eed 047769588be1aea9
57,52370bea1acd0600 4f2fffd7528de786 b6e72edcad270be0 48a76e3aff69d605 4bed80e56ea2e099 47fbe21f5c35c7b4 4d7653ea9499eed4 9a0f5ee4f845c9b2 0bcaac840d5e66d7 c28bc62802b90f82 702d8f1064ab3e30 3986b68500d7704b bbbd5d2fd957e8f7 ff88049e61f0f4ef e0269da736ddf004 bd713b37b67866c3 fd30682593995748 2a06f5614060e3b6 39f6296778264878 e25a1da6ca187350 3fa57d488e979d74 0708923badf2ff5d 734dabb98795c35c 942a7d26d81c841f bd0f175ee98c613e ae94d8435a6847f4 b6d0f83aad4e4dc7 b24820ae14e16a24 622f2e4119882c94 5fb2d8e734956af0
58,0fbd0f422e926816 f2234bb7ce0c6f59 0db6584e3bdfa1c4 73391e0853c1e040 b749972436ac9791 5b34da30b93eb123 05f23e7d05dbf7c2 72403ecdfe02bba6 6aac5e116b75aa22 d46598813fb437e5 63d95d5977c2fe98 316382267dcd804f 5fb2d8e734956af0 01020d1b0821f4c7 c6b615b2589e036d e4a7a996ed6a5a81 025a148c3a53bd9f 33856365c271aea4 5b16bae6a0de7c88 d35e11d3d1ab3c67 ac9ee0c09b538140 b69ce8b8154645f8 09660f466b38b7ba 0d0368139e9a647f 4522ad78bf79f0c9 387e9cd2e5d4ea7d 46b99f864d6a075a 70776cdd9bb3b7d4 9d5edf3b993fee50 18ced18aee04c48e
59,b29ab87af6ea6310 eec6b281e236b500 59bf6d6df9146d60 ffa9091747ae2466 abf90e759d208468 942a7d26d81c841f 2359719a0f40ffac 7b81f1f2b6ec2e5f 26fc2a95df5659c2 a14394322cf7043d 095bb1b6ecbd0a50 796888cc3443006c 4c3802a1bd3c842e 413c55a5ab86881a 0eafda717681bbdc bed3e73d52011f68 01e5a6edcee7deb0 b3e75fdca5ca2f1a 1f4f62844c3cb99c 197fa50b30d91fe8 40583079f57235a6 6c017e548aa138f2 64b31699d7d15934 d5805cdb9e8f0f48 49b5678e0d1e5bcd b3ad55963554f220 e8b87ed7db1bcb1f cc861214a89ef1f4 c28bc62802b90f82 955e465ce0788ea6
60,2e2904c5373734ae 9cf6709de35bf0f3 734dabb98795c35c 4f915ad69e1dca36 c143c095983a65c2 09bbaa171c20bae3 47fbe21f5c35c7b4 52370bea1acd0600 4d7653ea9499eed4 9a0f5ee4f845c9b2 0bcaac840d5e66d7 c28bc62802b90f82 702d8f1064ab3e30 3fa57d488e979d74 ff88049e61f0f4ef e0269da736ddf004 bd713b37b67866c3 fd30682593995748 2a06f5614060e3b6 39f6296778264878 e25a1da6ca187350 3986b68500d7704b 0708923badf2ff5d e7cad3748e50b0f8 942a7d26d81c841f bd0f175ee98c613e ae94d8435a6847f4 b6d0f83aad4e4dc7 b24820ae14e16a24 622f2e4119882c94
61,a18df74d3a16e9c0 d257d1fbcf43abd5 83f5a9732f0de67f 5430097e23000368 855f2f0354e102c7 65d44c6393907290 587e0b2a4811fab1 eec6b281e236b500 393f49286db04aeb 9a0f5ee4f845c9b2 49b5678e0d1e5bcd e8b87ed7db1bcb1f cc507a0d6fcf4a1c f25bfcffedaccf28 2e031d83339759b2 daa257a37227cd72 27bc34b9887bec0d 99e833818ec4bbf2 128d583954b18074 de8e1345e8c305c4 59bf6d6df9146d60 b6a1c97f19af78d0 8dc313a2cf9da354 4f915ad69e1dca36 acf5cb026b3c4551 35488b3b8b781278 238ec735a13a3f09 98dbd15aa33ebc18 e7dd56376be2cf1c 57113c2a4cacd961
62,bf973f9ec3600199 a60934e6b473097a eab15ee21e126f6a 9b0e8cf8153e3b33 a2c35fdf07a13286 77e2f7da1f9d3a8f 2e031d83339759b2 f48d0fbea7dc2782 f44f74b3451aa593 47fbe21f5c35c7b4 4d7653ea9499eed4 9a0f5ee4f845c9b2 0bcaac840d5e66d7 c28bc62802b90f82 702d8f1064ab3e30 3986b68500d7704b 3fa57d488e979d74 ff88049e61f0f4ef e0269da736ddf004 bd713b37b67866c3 fd30682593995748 2a06f5614060e3b6 39f6296778264878 52370bea1acd0600 0708923badf2ff5d 942a7d26d81c841f bd0f175ee98c613e ae94d8435a6847f4 b6d0f83aad4e4dc7 b24820ae14e16a24
63,f2e30efbd27bee51 cc507a0d6fcf4a1c 455fde214d16d350 d1e21234d7cc61d2 d6ed7e4b14c51296 8e0760918e88e4a9 50806199c80e215c 0220a434aa8bf029 1a05ef8c93af8eed 8699cc5dd4159b69 249bf372159f33e9 e1460af4a7044067 2e031d83339759b2 46b99f864d6a075a 8faeacf8ca08f62d 1dc7139adba034ec 52aa48c07b34dc88 95ecdbff44ad0b60 393f49286db04aeb 07f22a7ad7e4711d 3cb6b40d377e7ca8 8fc68213b63951dc 0eb4de784c8dd679 c1f2e3a76d388944 f9c6286cff30aaa8 0683b6a78f54be75 72b80b099fd64ec4 ad06e9eeea8eb4ea 999a52f1d301247c 587e0b2a4811fab1
64,5ebb4d2f5f1c1f13 eab15ee21e126f6a a2c35fdf07a13286 1d12acf7349196b0 feddfcf56818968e f44f74b3451aa593 b29ab87af6ea6310 ffa9091747ae2466 abf90e759d208468 942a7d26d81c841f 7b81f1f2b6ec2e5f a14394322cf7043d 095bb1b6ecbd0a50 26fc2a95df5659c2 796888cc3443006c 4c3802a1bd3c842e eec6b281e236b500 59bf6d6df9146d60 413c55a5ab86881a 0eafda717681bbdc 01e5a6edcee7deb0 1f4f62844c3cb99c bed3e73d52011f68 b3e75fdca5ca2f1a 197fa50b30d91fe8 40583079f57235a6 6c017e548aa138f2 64b31699d7d15934 d5805cdb9e8f0f48 b3ad55963554f220
65,a60934e6b473097a 3a6e7894dde31c67 148ac4a56a18844d bf973f9ec3600199 fa173131f15f5534 f44f74b3451aa593 4d9214c0925e5af8 daa257a37227cd72 6204e398d8c7f888 db7342eff9200020 5f94b027039f4e48 4491016efed845f1 42bb83d7c4b9ecae 20db73cf07a45f71 7ee52d2519eea367 43b3338423d7386c 0772e3ab293a1f30 46315cf30aaee51c e25a1da6ca187350 0a79fabc6f5d93c9 d3c4a7db726191e0 eab15ee21e126f6a 172bc0ee09332ae9 8a5635c748344d47 9b0e8cf8153e3b33 0688c790d5806540 377c1150c781e37a a2c35fdf07a13286 74244a8703c03720 4577ae048ef1967d
66,8faeacf8ca08f62d 1dc7139adba034ec 52370bea1acd0600 52aa48c07b34dc88 95ecdbff44ad0b60 393f49286db04aeb 07f22a7ad7e4711d 3cb6b40d377e7ca8 8fc68213b63951dc 0eb4de784c8dd679 4f2fffd7528de786 c1f2e3a76d388944 f9c6286cff30aaa8 0683b6a78f54be75 72b80b099fd64ec4 48a76e3aff69d605 b6e72edcad270be0 4bed80e56ea2e099 ddf332f2b55a2a23 ad06e9eeea8eb4ea 999a52f1d301247c 587e0b2a4811fab1 f2e30efbd27bee51 47fbe21f5c35c7b4 c5830f9d0f1e29e5 72c2a95813ea72bd 3e8e56f639a5db5b 18ced18aee04c48e 0bcaac840d5e66d7 c28bc62802b90f82
67,64b31699d7d15934 061f3e1feeaa3094 3e8e56f639a5db5b 47fbe21f5c35c7b4 87c5481930cfe126 c5830f9d0f1e29e5 ddb3810e0289c148 c015590d6a6fe833 18ced18aee04c48e 52370bea1acd0600 4d7653ea9499eed4 9a0f5ee4f845c9b2 0bcaac840d5e66d7 c28bc62802b90f82 3986b68500d7704b 3fa57d488e979d74 ff88049e61f0f4ef e0269da736ddf004 bd713b37b67866c3 fd30682593995748 2a06f5614060e3b6 39f6296778264878 702d8f1064ab3e30 942a7d26d81c841f bd0f175ee98c613e ae94d8435a6847f4 b6d0f83aad4e4dc7 b24820ae14e16a24 622f2e4119882c94 4b8c7061102517ef
68,29968e8fd13539f8 7b81f1f2b6ec2e5f 72b80b099fd64ec4 0eb4de784c8dd679 a853f13216170123 d92c0298f76ccf77 c5830f9d0f1e29e5 9f4e0d572b1f4e6c a492bd402afd5c71 edc79e57b20e9036 133b04350c75770b 4d9214c0925e5af8 486dd77002936dec a18df74d3a16e9c0 26140b225c4f8d3f e0269da736ddf004 a04d6febd82a4389 88b62355670ec8f8 a292248bb2bffb3d abf90e759d208468 430feb4826a5632e f76f44d372517a9a 8faeacf8ca08f62d 095bb1b6ecbd0a50 26fc2a95df5659c2 a14394322cf7043d 796888cc3443006c 20d283a232dfd13c 4c3802a1bd3c842e bd0f175ee98c613e
69,f2e30efbd27bee51 8699cc5dd4159b69 999a52f1d301247c 9b0e8cf8153e3b33 e1460af4a7044067 033d905aec273595 d0f6c00eec5eb973 2e79d45ba4d1540d ce0f56b7190c268a d92c0298f76ccf77 9f4e0d572b1f4e6c f29eee8054c061e1 a492bd402afd5c71 a853f13216170123 a04d6febd82a4389 d6bbbd6c4968075a abf90e759d208468 3d6880bd12f6613f 430feb4826a5632e 5d26da95786b3a3a 8e0760918e88e4a9 095bb1b6ecbd0a50 a14394322cf7043d 26fc2a95df5659c2 b6e646c13d0753ae 796888cc3443006c 20d283a232dfd13c a18df74d3a16e9c0 46315cf30aaee51c 3a6e7894dde31c67
70,cc507a0d6fcf4a1c c14d5b16840d3032 6a3919ad9ed8197e 64267373570e4ea3 3c565c1fc2316d16 00e1e2eb13f650e4 016da874bd04df55 1398b478b71773ed a0b1f4dd32f3e278 b2ee9eea2d974c90 828f5dfbbf1272ee 9b2adcf4041227d7 db0e648651f4c92b f48d0fbea7dc2782 0c15f252d30646fc 0079f3c74309b582 aa0789b403bcd839 18ced18aee04c48e 354d7a327bbcc152 3e8e56f639a5db5b 49b5678e0d1e5bcd cec2eea2a1fe566a 8e0760918e88e4a9 7eec211cc37a1b05 28403e62105b00f6 0220a434aa8bf029 9c9ebf71707d7a37 b371170568146b12 4bed80e56ea2e099 106204cd0e07e1b2
71,6cb9ab508a0678a0 fab14d178b24a67f cc861214a89ef1f4 af8e70f978cd5aee 354d7a327bbcc152 025a148c3a53bd9f 22e8d6734e4121ae 4105533fe46dfba9 ecb768ef6fd223ca 8dc313a2cf9da354 059bbdbdb843af6a 49b5678e0d1e5bcd eec6b281e236b500 238ec735a13a3f09 d92c0298f76ccf77 db0e648651f4c92b ae77487a89f2610c 5430097e23000368 39075e303166355e b1dcaca98bb76736 ee3ed9a3f51336cd 6461a9faa871b3ac 4d9214c0925e5af8 bbbd5d2fd957e8f7 061f3e1feeaa3094 d6ed7e4b14c51296 35488b3b8b781278 7d83ffe83f61bdc4 033d905aec273595 cea18be9a89d7a81
72,b29ab87af6ea6310 abf90e759d208468 942a7d26d81c841f 26fc2a95df5659c2 095bb1b6ecbd0a50 a14394322cf7043d eec6b281e236b500 0eafda717681bbdc 1f4f62844c3cb99c b3e75fdca5ca2f1a bed3e73d52011f68 01e5a6edcee7deb0 6c017e548aa138f2 64b31699d7d15934 d5805cdb9e8f0f48 ffa9091747ae2466 b3ad55963554f220 4c3802a1bd3c842e 796888cc3443006c 955e465ce0788ea6 9100ea6cd0e084bf a04d6febd82a4389 d72363ddd958d906 197fa50b30d91fe8 430feb4826a5632e 4491016efed845f1 033d905aec273595 666bdff4faa513ca 20d283a232dfd13c 43b3338423d7386c
73,db0e648651f4c92b 0220a434aa8bf029 49b5678e0d1e5bcd 9b2adcf4041227d7 8e0760918e88e4a9 d257d1fbcf43abd5 64267373570e4ea3 5430097e23000368 d6ed7e4b14c51296 9c9ebf71707d7a37 0add47a043c64d7f 919b1679fffa7ef1 eec6b281e236b500 8dc313a2cf9da354 238ec735a13a3f09 0079f3c74309b582 d92c0298f76ccf77 354d7a327bbcc152 ae77487a89f2610c 39075e303166355e cec2eea2a1fe566a 7eec211cc37a1b05 ee3ed9a3f51336cd 28403e62105b00f6 6461a9faa871b3ac 4d9214c0925e5af8 bbbd5d2fd957e8f7 d1e21234d7cc61d2 35488b3b8b781278 7d83ffe83f61bdc4
74,18b1d2d84c97a364 00ff646ca6637bd7 4a5ac473c9d176ba 10ad13170242ecae 36d33c41812ce7dc 9a439fd1abf95245 0c2eeab1e4ce1db8 fc8971756f9ec194 a677c3a76055a6d2 2e44fbb8bc3d8d71 b0b5e62a93a2c37c 2bafd15871caae91 2dd12c230ab22555 9f27aa36c1ea793c f28fb3d9880c5d4c 42c9b72cc77dcb28 a04d6febd82a4389 37001ade0df85823 351c9da399c2b915 120e745e2961b5d5 d64c06baf5ef1c90 a14394322cf7043d 095bb1b6ecbd0a50 26fc2a95df5659c2 20d283a232dfd13c 4c3802a1bd3c842e bd0f175ee98c613e 46315cf30aaee51c 2810fb6f81d1711c b3e75fdca5ca2f1a
75,0e45c4c185f35df6 0451447dd64f6284 95166957b2c38794 48a76e3aff69d605 b6e72edcad270be0 3734d3b0b9232538 636224e349e561bf a853f13216170123 d92c0298f76ccf77 9f4e0d572b1f4e6c a492bd402afd5c71 133b04350c75770b 0708923badf2ff5d 4d9214c0925e5af8 cc507a0d6fcf4a1c 486dd77002936dec 26140b225c4f8d3f 0c2eeab1e4ce1db8 c015590d6a6fe833 18b1d2d84c97a364 98dbd15aa33ebc18 9fbffc521da97c54 8faeacf8ca08f62d 1efd7bd8a34a1359 b6cdb608f640e038 1dc7139adba034ec eff60ceea8817dad 52aa48c07b34dc88 95ecdbff44ad0b60 ec4ef2f727e7a03f
76,d46598813fb437e5 8f578001f9d5f543 b78189788d563693 01020d1b0821f4c7 c6b615b2589e036d e14a893f1918277e 4d32dae7b43c489a d7d937303a6d5a9d e878efab7c37179e c606425856952286 2901e5309bb3f8f6 025a148c3a53bd9f 16b11706660177ff f48d0fbea7dc2782 b29ab87af6ea6310 ffa9091747ae2466 abf90e759d208468 942a7d26d81c841f 7b81f1f2b6ec2e5f a14394322cf7043d 26fc2a95df5659c2 095bb1b6ecbd0a50 796888cc3443006c 4c3802a1bd3c842e eec6b281e236b500 59bf6d6df9146d60 413c55a5ab86881a 0eafda717681bbdc bed3e73d52011f68 1f4f62844c3cb99c
77,18b1d2d84c97a364 00ff646ca6637bd7 36d33c41812ce7dc 0c2eeab1e4ce1db8 fc8971756f9ec194 a677c3a76055a6d2 2e44fbb8bc3d8d71 b0b5e62a93a2c37c 2bafd15871caae91 2dd12c230ab22555 9f27aa36c1ea793c f28fb3d9880c5d4c 42c9b72cc77dcb28 a04d6febd82a4389 37001ade0df85823 351c9da399c2b915 120e745e2961b5d5 d64c06baf5ef1c90 26fc2a95df5659c2 a14394322cf7043d 095bb1b6ecbd0a50 20d283a232dfd13c 4c3802a1bd3c842e bd0f175ee98c613e 46315cf30aaee51c 2810fb6f81d1711c 1f4f62844c3cb99c 01e5a6edcee7deb0 bed3e73d52011f68 b3e75fdca5ca2f1a
78,b29ab87af6ea6310 ffa9091747ae2466 95ecdbff44ad0b60 abf90e759d208468 942a7d26d81c841f 7b81f1f2b6ec2e5f a14394322cf7043d 26fc2a95df5659c2 095bb1b6ecbd0a50 796888cc3443006c 4c3802a1bd3c842e eec6b281e236b500 ad06e9eeea8eb4ea 59bf6d6df9146d60 413c55a5ab86881a 0eafda717681bbdc 1f4f62844c3cb99c 01e5a6edcee7deb0 bed3e73d52011f68 b3e75fdca5ca2f1a 197fa50b30d91fe8 40583079f57235a6 6c017e548aa138f2 64b31699d7d15934 d5805cdb9e8f0f48 430feb4826a5632e b3ad55963554f220 cc861214a89ef1f4 c28bc62802b90f82 955e465ce0788ea6
79,b6e646c13d0753ae 19e8f436d4b2fc25 c31a456b544a40a8 cc507a0d6fcf4a1c 0c2eeab1e4ce1db8 c015590d6a6fe833 18b1d2d84c97a364 98dbd15aa33ebc18 9fbffc521da97c54 1efd7bd8a34a1359 b6cdb608f640e038 eff60ceea8817dad ec4ef2f727e7a03f da7d3c2d591c4295 18ced18aee04c48e 47fbe21f5c35c7b4 4d7653ea9499eed4 96e82fa141db9a4b 9a0f5ee4f845c9b2 0bcaac840d5e66d7 c28bc62802b90f82 702d8f1064ab3e30 3986b68500d7704b 3fa57d488e979d74 ff88049e61f0f4ef e0269da736ddf004 bd713b37b67866c3 fd30682593995748 2a06f5614060e3b6 e25a1da6ca187350
80,e8b87ed7db1bcb1f f25bfcffedaccf28 59bf6d6df9146d60 393f49286db04aeb daa257a37227cd72 27bc34b9887bec0d 57113c2a4cacd961 8699cc5dd4159b69 09bbaa171c20bae3 4d7653ea9499eed4 9a0f5ee4f845c9b2 e25a1da6ca187350 0bcaac840d5e66d7 c28bc62802b90f82 3986b68500d7704b 3fa57d488e979d74 39f6296778264878 2a06f5614060e3b6 ff88049e61f0f4ef e0269da736ddf004 fd30682593995748 bd713b37b67866c3 702d8f1064ab3e30 942a7d26d81c841f bd0f175ee98c613e ae94d8435a6847f4 b6d0f83aad4e4dc7 b24820ae14e16a24 622f2e4119882c94 4b8c7061102517ef
81,4e966bb2768c2b8a 04886579947a80c2 919b1679fffa7ef1 45bd99d5d2eef776 2e2904c5373734ae 9cf6709de35bf0f3 734dabb98795c35c 4f915ad69e1dca36 c143c095983a65c2 d72363ddd958d906 03ed286136d7b3cf 18ced18aee04c48e 47fbe21f5c35c7b4 52370bea1acd0600 4d7653ea9499eed4 9a0f5ee4f845c9b2 0bcaac840d5e66d7 c28bc62802b90f82 702d8f1064ab3e30 b6cdb608f640e038 3fa57d488e979d74 ff88049e61f0f4ef e0269da736ddf004 bd713b37b67866c3 fd30682593995748 2a06f5614060e3b6 3986b68500d7704b 942a7d26d81c841f bd0f175ee98c613e ae94d8435a6847f4
82,3d6880bd12f6613f 3d93a60f990a0a7c eab15ee21e126f6a e1460af4a7044067 cc0c9419f8a20603 8bf446c0455e3c5c 528161039994b4dc 939a1f686ea36c05 b1e47da7659b675c 8566d15270eb5e83 f1a3b8b13e9401c0 45630e1451157ff3 18ced18aee04c48e 0bcaac840d5e66d7 702d8f1064ab3e30 3986b68500d7704b 3fa57d488e979d74 ff88049e61f0f4ef e0269da736ddf004 bd713b37b67866c3 fd30682593995748 2a06f5614060e3b6 39f6296778264878 c28bc62802b90f82 bd0f175ee98c613e ae94d8435a6847f4 b6d0f83aad4e4dc7 b24820ae14e16a24 622f2e4119882c94 4b8c7061102517ef
83,7eec211cc37a1b05 447fc00f40d71d08 f209d29f991432f0 4bed80e56ea2e099 765c0695339c3abe f29eee8054c061e1 46b99f864d6a075a 9f3d2ca16f358290 3e8e56f639a5db5b 45bd99d5d2eef776 64267373570e4ea3 cb3e4ce97e7f2881 5570ef88d970e9b4 50806199c80e215c 9b2adcf4041227d7 db0e648651f4c92b 249bf372159f33e9 8643165b0f53df11 fb2ebcb5335ad2e2 0079f3c74309b582 1398b478b71773ed 6e12311169bcb24c 354d7a327bbcc152 5d26da95786b3a3a ce0f56b7190c268a 29bedd00fb2be056 49b5678e0d1e5bcd 5f94b027039f4e48 cec2eea2a1fe566a 8e0760918e88e4a9
84,e8b87ed7db1bcb1f f25bfcffedaccf28 59bf6d6df9146d60 393f49286db04aeb daa257a37227cd72 27bc34b9887bec0d 57113c2a4cacd961 8699cc5dd4159b69 ddf332f2b55a2a23 18ced18aee04c48e c28bc62802b90f82 702d8f1064ab3e30 3986b68500d7704b 3fa57d488e979d74 0bcaac840d5e66d7 e0269da736ddf004 bd713b37b67866c3 fd30682593995748 2a06f5614060e3b6 39f6296778264878 e25a1da6ca187350 c31a456b544a40a8 ff88049e61f0f4ef ae94d8435a6847f4 b6d0f83aad4e4dc7 b24820ae14e16a24 622f2e4119882c94 4b8c7061102517ef af8e70f978cd5aee 5ebb4d2f5f1c1f13
85,999a52f1d301247c 9ab90dfc5c9b0b37 1d72229ebcc00faf e8684734f2e587bd e0269da736ddf004 64267373570e4ea3 6406fcdb7d87b5dc c11b97f245a9dfd0 00d9f8d3f7d412b3 5879096a38d69fc5 9b2adcf4041227d7 96e82fa141db9a4b db0e648651f4c92b 4bed80e56ea2e099 0079f3c74309b582 853e36b1550c6274 455fde214d16d350 354d7a327bbcc152 ce0f56b7190c268a c810ac016901e8ac 4f915ad69e1dca36 b1dcaca98bb76736 49b5678e0d1e5bcd 63d509cd2a2e0e47 cec2eea2a1fe566a 8e0760918e88e4a9 7eec211cc37a1b05 64c2e323906b42d3 74ae9af23a383bf5 28403e62105b00f6
86,0fbd0f422e926816 d46598813fb437e5 63d95d5977c2fe98 5fb2d8e734956af0 0db6584e3bdfa1c4 73391e0853c1e040 6aac5e116b75aa22 f2234bb7ce0c6f59 5b16bae6a0de7c88 01020d1b0821f4c7 c6b615b2589e036d 46b99f864d6a075a 00af886180e9eaec b749972436ac9791 5b34da30b93eb123 05f23e7d05dbf7c2 72403ecdfe02bba6 a5d5ba33b5b1dc95 316382267dcd804f 025a148c3a53bd9f e4a7a996ed6a5a81 33856365c271aea4 d35e11d3d1ab3c67 ac9ee0c09b538140 b69ce8b8154645f8 09660f466b38b7ba 0d0368139e9a647f bee46c54461925d0 4522ad78bf79f0c9 4f2fffd7528de786
87,01104a026d22ae55 6cb9ab508a0678a0 b8e2f75014710ced cba7e22bb383083a 18ced18aee04c48e 47fbe21f5c35c7b4 52370bea1acd0600 4d7653ea9499eed4 9a0f5ee4f845c9b2 0bcaac840d5e66d7 c28bc62802b90f82 702d8f1064ab3e30 3986b68500d7704b bbbd5d2fd957e8f7 ff88049e61f0f4ef e0269da736ddf004 bd713b37b67866c3 fd30682593995748 2a06f5614060e3b6 39f6296778264878 3fa57d488e979d74 0708923badf2ff5d 734dabb98795c35c 942a7d26d81c841f bd0f175ee98c613e ae94d8435a6847f4 b6d0f83aad4e4dc7 b24820ae14e16a24 622f2e4119882c94 cea18be9a89d7a81
88,e14a893f1918277e d7d937303a6d5a9d e878efab7c37179e 74e59c5820900b17 005666aa098abe8e 2a06f5614060e3b6 dac29ed8400b50cc 2810fb6f81d1711c e7cad3748e50b0f8 3fa57d488e979d74 9b0e8cf8153e3b33 c6b615b2589e036d 54f55c74d37db3c0 16b11706660177ff d46598813fb437e5 5d26da95786b3a3a 8e0760918e88e4a9 025a148c3a53bd9f 01020d1b0821f4c7 8d58da0e1800dc96 f29eee8054c061e1 bb7515be835dea49 f705b637f624147e ffc688c4c1c2a068 a9eef13786610446 c08c3765ac609cc0 702d8f1064ab3e30 6d80d2e62d01f6bc 0b0021aa60d05daa 49224aca40e6e5e3
89,92f42fbd0c38f7fd e403278468d84383 fb8bd6b95eb4702a da011b87595c1019 b0e254dd420faee3 6ae470a7c9ec20fd 0eedb1a0d3b8ddae 587e0b2a4811fab1 0708923badf2ff5d d72363ddd958d906 03ed286136d7b3cf a860b682add9de1c e6a29676c096f8e8 0e45c4c185f35df6 2e031d83339759b2 22756be6fd061d4c 8dedff0a79784abc 95166957b2c38794 ae94d8435a6847f4 48a76e3aff69d605 b6e72edcad270be0 4beacc71024f8b08 f105a53e5cfae611 a0566ca9daca7778 1d72229ebcc00faf 59c231f8fd21260c 404031ab9d5977c4 3986b68500d7704b 3fa57d488e979d74 ff88049e61f0f4ef
90,f0d53dcf0c296b57 f2e30efbd27bee51 013030fd7d29bf3d f44f74b3451aa593 2e79d45ba4d1540d d0f6c00eec5eb973 455fde214d16d350 47fbe21f5c35c7b4 d1e21234d7cc61d2 d6ed7e4b14c51296 8e0760918e88e4a9 50806199c80e215c f25bfcffedaccf28 24e582daf6f87158 42bb83d7c4b9ecae 43b3338423d7386c 0220a434aa8bf029 59bf6d6df9146d60 413c55a5ab86881a 8faeacf8ca08f62d d46598813fb437e5 249bf372159f33e9 54f55c74d37db3c0 63d95d5977c2fe98 1dc7139adba034ec 5fb2d8e734956af0 d5805cdb9e8f0f48 48f93f9c2c699e19 9269d2b0d877352d 52aa48c07b34dc88
91,a04d6febd82a4389 26fc2a95df5659c2 095bb1b6ecbd0a50 a14394322cf7043d 20d283a232dfd13c 4c3802a1bd3c842e bd0f175ee98c613e 46315cf30aaee51c 2810fb6f81d1711c 01e5a6edcee7deb0 bed3e73d52011f68 1f4f62844c3cb99c b3e75fdca5ca2f1a 976baf0e84752a68 d64c06baf5ef1c90 0688c790d5806540 316382267dcd804f 74244a8703c03720 8f578001f9d5f543 b78189788d563693 7e4a4a1300b77a06 9f4e0d572b1f4e6c 27a12f29dceccdbd acae1d29289b1266 d7d937303a6d5a9d e878efab7c37179e 40583079f57235a6 fc21db75b354a917 d72363ddd958d906 c606425856952286
92,393f49286db04aeb 9f4e0d572b1f4e6c e8b87ed7db1bcb1f f25bfcffedaccf28 9b0e8cf8153e3b33 148ac4a56a18844d d6bbbd6c4968075a 59bf6d6df9146d60 0451447dd64f6284 4f2fffd7528de786 3986b68500d7704b e9c20b67a4c5395f b6a1c97f19af78d0 58654e3143c6550b daa257a37227cd72 27bc34b9887bec0d 57113c2a4cacd961 c015590d6a6fe833 8699cc5dd4159b69 9fbffc521da97c54 8faeacf8ca08f62d 1dc7139adba034ec 52aa48c07b34dc88 95ecdbff44ad0b60 07f22a7ad7e4711d 3cb6b40d377e7ca8 8fc68213b63951dc 0eb4de784c8dd679 c1f2e3a76d388944 f9c6286cff30aaa8
93,3c565c1fc2316d16 d16da1fb61813db9 03dfe518713e006c a9dad59c7055b56c 72c2a95813ea72bd 892074f7c1ef5d5e bbbd5d2fd957e8f7 52370bea1acd0600 4d7653ea9499eed4 9a0f5ee4f845c9b2 0bcaac840d5e66d7 c28bc62802b90f82 702d8f1064ab3e30 3986b68500d7704b 3fa57d488e979d74 ff88049e61f0f4ef e0269da736ddf004 bd713b37b67866c3 fd30682593995748 2a06f5614060e3b6 39f6296778264878 47fbe21f5c35c7b4 0708923badf2ff5d 734dabb98795c35c 942a7d26d81c841f bd0f175ee98c613e ae94d8435a6847f4 b6d0f83aad4e4dc7 b24820ae14e16a24 622f2e4119882c94
94,26140b225c4f8d3f d257d1fbcf43abd5 393f49286db04aeb 5430097e23000368 d92c0298f76ccf77 3986b68500d7704b 8faeacf8ca08f62d eec6b281e236b500 4d9214c0925e5af8 49b5678e0d1e5bcd 8fc68213b63951dc e8b87ed7db1bcb1f c1f2e3a76d388944 f9c6286cff30aaa8 a853f13216170123 0683b6a78f54be75 72b80b099fd64ec4 f25bfcffedaccf28 ce2fe99a7cda4a17 fc8971756f9ec194 daa257a37227cd72 27bc34b9887bec0d 2e44fbb8bc3d8d71 ae000f9d0b5e104e 59bf6d6df9146d60 8dc313a2cf9da354 587e0b2a4811fab1 1dc7139adba034ec 35488b3b8b781278 0cd920bad11c716d
95,fa173131f15f5534 ddf332f2b55a2a23 1c3b74a02a86467d 00e1e2eb13f650e4 96445bec1579ec97 a0b1f4dd32f3e278 a5d5ba33b5b1dc95 50806199c80e215c d73a65673e3f1d78 bc2552a642ce8497 18ced18aee04c48e ff88049e61f0f4ef 3fa57d488e979d74 52370bea1acd0600 3986b68500d7704b 702d8f1064ab3e30 e0269da736ddf004 c28bc62802b90f82 0bcaac840d5e66d7 9a0f5ee4f845c9b2 bd713b37b67866c3 4d7653ea9499eed4 fd30682593995748 942a7d26d81c841f bd0f175ee98c613e ae94d8435a6847f4 b6d0f83aad4e4dc7 b24820ae14e16a24 622f2e4119882c94 4b8c7061102517ef
96,e8ad5e31484ef889 680bb5c5c3bb6ee1 1398b478b71773ed 3e66b4855d0dddbe 8dedff0a79784abc 07be6a290720707d bf973f9ec3600199 ce0f56b7190c268a 63d509cd2a2e0e47 702d8f1064ab3e30 3986b68500d7704b 3fa57d488e979d74 ff88049e61f0f4ef b6d0f83aad4e4dc7 e0269da736ddf004 ae94d8435a6847f4 fd30682593995748 2a06f5614060e3b6 39f6296778264878 bd0f175ee98c613e e25a1da6ca187350 734dabb98795c35c c31a456b544a40a8 f58ff7f1a6cde683 bd713b37b67866c3 4b8c7061102517ef af8e70f978cd5aee 5ebb4d2f5f1c1f13 00140806971e7a73 9c9a9d45c2ea7ddf
97,8faeacf8ca08f62d 1dc7139adba034ec 52aa48c07b34dc88 95ecdbff44ad0b60 393f49286db04aeb 07f22a7ad7e4711d 3cb6b40d377e7ca8 8fc68213b63951dc 0eb4de784c8dd679 c1f2e3a76d388944 f9c6286cff30aaa8 0683b6a78f54be75 72b80b099fd64ec4 ad06e9eeea8eb4ea 999a52f1d301247c 587e0b2a4811fab1 f2e30efbd27bee51 47fbe21f5c35c7b4 c5830f9d0f1e29e5 72c2a95813ea72bd 3e8e56f639a5db5b b2ee9eea2d974c90 702d8f1064ab3e30 3986b68500d7704b 3fa57d488e979d74 ff88049e61f0f4ef e0269da736ddf004 bd713b37b67866c3 fd30682593995748 2a06f5614060e3b6
98,27888817db122597 19e8f436d4b2fc25 a04d6febd82a4389 abf90e759d208468 942a7d26d81c841f 3734d3b0b9232538 430feb4826a5632e 4491016efed845f1 033d905aec273595 666bdff4faa513ca a14394322cf7043d 26fc2a95df5659c2 095bb1b6ecbd0a50 796888cc3443006c 20d283a232dfd13c 43b3338423d7386c 46315cf30aaee51c eec6b281e236b500 2810fb6f81d1711c e7cad3748e50b0f8 01ecc81f6341e902 73391e0853c1e040 8dc313a2cf9da354 3fa57d488e979d74 6aac5e116b75aa22 0eafda717681bbdc d3c4a7db726191e0 4dba7ce835494a63 af41e2b6da3e7e02 238ec735a13a3f09
99,4d954d933e606b70 da011b87595c1019 8dedff0a79784abc 033d905aec273595 47fbe21f5c35c7b4 e1460af4a7044067 c5830f9d0f1e29e5 cc0c9419f8a20603 8bf446c0455e3c5c b6e646c13d0753ae 92f42fbd0c38f7fd a860b682add9de1c 3a6e7894dde31c67 b1e47da7659b675c 9b0e8cf8153e3b33 e6a29676c096f8e8 d92c0298f76ccf77 d6bbbd6c4968075a 25a3b47fe31bc6b5 0e45c4c185f35df6 e403278468d84383 2e031d83339759b2 22756be6fd061d4c f1a3b8b13e9401c0 95166957b2c38794 ae94d8435a6847f4 ddb3810e0289c148 d257d1fbcf43abd5 e9c20b67a4c5395f b6a1c97f19af78d0
100,92f42fbd0c38f7fd 680bb5c5c3bb6ee1 e403278468d84383 fb8bd6b95eb4702a 3d93a60f990a0a7c 8566d15270eb5e83 eab15ee21e126f6a 413c55a5ab86881a 3d6880bd12f6613f 528161039994b4dc 40583079f57235a6 939a1f686ea36c05 83f8f2fc471cad74 f46601a9955f9949 da011b87595c1019 9269d2b0d877352d 366a22fce0614fb8 e4a7a996ed6a5a81 7155e5a86136eb02 18b1d2d84c97a364 2e4b00c01d58e79e 3a6e7894dde31c67 70ebf53ced736fa4 dea5e9227fbbac29 33856365c271aea4 fc16a50ff0baec53 65ad9c583823162d 8643165b0f53df11 d35e11d3d1ab3c67 3ca7964973437917
101,e8b87ed7db1bcb1f f25bfcffedaccf28 59bf6d6df9146d60 393f49286db04aeb daa257a37227cd72 27bc34b9887bec0d 57113c2a4cacd961 8699cc5dd4159b69 18ced18aee04c48e 09bbaa171c20bae3 0bcaac840d5e66d7 c28bc62802b90f82 702d8f1064ab3e30 3986b68500d7704b 9a0f5ee4f845c9b2 ff88049e61f0f4ef e0269da736ddf004 bd713b37b67866c3 fd30682593995748 2a06f5614060e3b6 39f6296778264878 e25a1da6ca187350 3fa57d488e979d74 bd0f175ee98c613e ae94d8435a6847f4 b6d0f83aad4e4dc7 b24820ae14e16a24 622f2e4119882c94 4b8c7061102517ef af8e70f978cd5aee
102,46315cf30aaee51c 8f578001f9d5f543 b78189788d563693 c6b615b2589e036d fc21db75b354a917 4d32dae7b43c489a a60934e6b473097a e878efab7c37179e d7d937303a6d5a9d c606425856952286 025a148c3a53bd9f 0688c790d5806540 853e36b1550c6274 74244a8703c03720 e14a893f1918277e edc79e57b20e9036 016da874bd04df55 4d9214c0925e5af8 428f9363fa35882d 047769588be1aea9 d6bbbd6c4968075a a18df74d3a16e9c0 351c9da399c2b915 09bbaa171c20bae3 a04d6febd82a4389 88b62355670ec8f8 a292248bb2bffb3d abf90e759d208468 430feb4826a5632e f76f44d372517a9a
103,b6e72edcad270be0 48a76e3aff69d605 5c4b7558c942a224 0e45c4c185f35df6 0451447dd64f6284 95166957b2c38794 636224e349e561bf 8faeacf8ca08f62d 1dc7139adba034ec 52aa48c07b34dc88 95ecdbff44ad0b60 393f49286db04aeb 07f22a7ad7e4711d 3cb6b40d377e7ca8 8fc68213b63951dc 0eb4de784c8dd679 c1f2e3a76d388944 f9c6286cff30aaa8 0683b6a78f54be75 72b80b099fd64ec4 18ced18aee04c48e ad06e9eeea8eb4ea 999a52f1d301247c 587e0b2a4811fab1 f2e30efbd27bee51 47fbe21f5c35c7b4 09bbaa171c20bae3 c5830f9d0f1e29e5 72c2a95813ea72bd 3e8e56f639a5db5b
104,8bf446c0455e3c5c 0eb4de784c8dd679 72b80b099fd64ec4 c5830f9d0f1e29e5 e0269da736ddf004 8faeacf8ca08f62d 1dc7139adba034ec 52aa48c07b34dc88 95ecdbff44ad0b60 393f49286db04aeb 07f22a7ad7e4711d 3cb6b40d377e7ca8 8fc68213b63951dc c1f2e3a76d388944 f9c6286cff30aaa8 0683b6a78f54be75 ad06e9eeea8eb4ea 999a52f1d301247c 587e0b2a4811fab1 f2e30efbd27bee51 47fbe21f5c35c7b4 09bbaa171c20bae3 72c2a95813ea72bd 3e8e56f639a5db5b 3fa57d488e979d74 ff88049e61f0f4ef de35d2410e916471 bd713b37b67866c3 585f4ee09d8fea46 fd30682593995748
105,e1460af4a7044067 45630e1451157ff3 cc0c9419f8a20603 8bf446c0455e3c5c b1e47da7659b675c f1a3b8b13e9401c0 7c8324ce28ffb96e 70ebf53ced736fa4 dea5e9227fbbac29 57113c2a4cacd961 e740c80fce094788 5f94b027039f4e48 128d583954b18074 09bbaa171c20bae3 395b26d91f98bd92 576dd429db946393 da7d3c2d591c4295 5048a37f10cf2d91 7c9248ed6224aa26 edc79e57b20e9036 f05fa5f57dc03e81 65254e0d209fd66e a18df74d3a16e9c0 a04d6febd82a4389 88b62355670ec8f8 a292248bb2bffb3d abf90e759d208468 430feb4826a5632e f76f44d372517a9a 8faeacf8ca08f62d
106,ce0f56b7190c268a 4d29c6922b2d0d56 52370bea1acd0600 09bbaa171c20bae3 4f2fffd7528de786 48a76e3aff69d605 b6e72edcad270be0 4bed80e56ea2e099 18ced18aee04c48e 47fbe21f5c35c7b4 fc21db75b354a917 4d7653ea9499eed4 9a0f5ee4f845c9b2 0bcaac840d5e66d7 95166957b2c38794 c28bc62802b90f82 702d8f1064ab3e30 3fa57d488e979d74 ff88049e61f0f4ef e0269da736ddf004 bd713b37b67866c3 fd30682593995748 2a06f5614060e3b6 39f6296778264878 3986b68500d7704b 734dabb98795c35c 942a7d26d81c841f bd0f175ee98c613e ae94d8435a6847f4 b6d0f83aad4e4dc7
107,01104a026d22ae55 351c9da399c2b915 cba7e22bb383083a c03b11a0cdc3fa39 781f4d0147aef776 b29ab87af6ea6310 0c2eeab1e4ce1db8 a1314cd417504572 fc8971756f9ec194 18b1d2d84c97a364 a677c3a76055a6d2 ffa9091747ae2466 2e44fbb8bc3d8d71 b6cdb608f640e038 b0b5e62a93a2c37c 2bafd15871caae91 2dd12c230ab22555 00ff646ca6637bd7 9f27aa36c1ea793c f28fb3d9880c5d4c abf90e759d208468 942a7d26d81c841f a84cd36608cb8665 36d33c41812ce7dc 059bbdbdb843af6a 42c9b72cc77dcb28 7b81f1f2b6ec2e5f 6e1b6b53c9710940 a14394322cf7043d 095bb1b6ecbd0a50
108,bc2552a642ce8497 d73a65673e3f1d78 939a1f686ea36c05 cc507a0d6fcf4a1c c14d5b16840d3032 6a3919ad9ed8197e 3c565c1fc2316d16 00e1e2eb13f650e4 016da874bd04df55 1398b478b71773ed a0b1f4dd32f3e278 b2ee9eea2d974c90 828f5dfbbf1272ee f48d0fbea7dc2782 3e8e56f639a5db5b 18ced18aee04c48e ae94d8435a6847f4 2a06f5614060e3b6 fd30682593995748 bd713b37b67866c3 e0269da736ddf004 b6d0f83aad4e4dc7 ff88049e61f0f4ef 3fa57d488e979d74 b24820ae14e16a24 622f2e4119882c94 3986b68500d7704b 4b8c7061102517ef 702d8f1064ab3e30 af8e70f978cd5aee
109,e8b87ed7db1bcb1f f25bfcffedaccf28 59bf6d6df9146d60 393f49286db04aeb daa257a37227cd72 27bc34b9887bec0d 57113c2a4cacd961 8699cc5dd4159b69 18ced18aee04c48e 9a0f5ee4f845c9b2 0bcaac840d5e66d7 c31a456b544a40a8 e25a1da6ca187350 c28bc62802b90f82 702d8f1064ab3e30 3fa57d488e979d74 39f6296778264878 ff88049e61f0f4ef e0269da736ddf004 bd713b37b67866c3 2a06f5614060e3b6 fd30682593995748 3986b68500d7704b bd0f175ee98c613e ae94d8435a6847f4 b6d0f83aad4e4dc7 b24820ae14e16a24 622f2e4119882c94 4b8c7061102517ef af8e70f978cd5aee
110,ce0f56b7190c268a 18ced18aee04c48e 52370bea1acd0600 4d7653ea9499eed4 9a0f5ee4f845c9b2 0bcaac840d5e66d7 c28bc62802b90f82 702d8f1064ab3e30 3986b68500d7704b 3fa57d488e979d74 47fbe21f5c35c7b4 e0269da736ddf004 bd713b37b67866c3 fd30682593995748 2a06f5614060e3b6 39f6296778264878 e25a1da6ca187350 c31a456b544a40a8 ff88049e61f0f4ef 0708923badf2ff5d 734dabb98795c35c 942a7d26d81c841f bd0f175ee98c613e ae94d8435a6847f4 b6d0f83aad4e4dc7 b24820ae14e16a24 622f2e4119882c94 bbbd5d2fd957e8f7 af8e70f978cd5aee 5ebb4d2f5f1c1f13
111,47fbe21f5c35c7b4 8e0760918e88e4a9 796888cc3443006c 0db6584e3bdfa1c4 8fc68213b63951dc 5fb2d8e734956af0 a813c15b46ceaf68 16b11706660177ff ce2fe99a7cda4a17 33856365c271aea4 387e9cd2e5d4ea7d 29bedd00fb2be056 1a05ef8c93af8eed 46b99f864d6a075a edc79e57b20e9036 d72363ddd958d906 a18df74d3a16e9c0 a04d6febd82a4389 a292248bb2bffb3d 88b62355670ec8f8 abf90e759d208468 430feb4826a5632e f76f44d372517a9a 03ed286136d7b3cf 8faeacf8ca08f62d 26fc2a95df5659c2 095bb1b6ecbd0a50 a14394322cf7043d 20d283a232dfd13c 4c3802a1bd3c842e
112,9a0f5ee4f845c9b2 b84b6c0b2e4d0306 27bc34b9887bec0d 98dbd15aa33ebc18 1efd7bd8a34a1359 eff60ceea8817dad da7d3c2d591c4295 3986b68500d7704b 47fbe21f5c35c7b4 8e0760918e88e4a9 cc507a0d6fcf4a1c 9100ea6cd0e084bf 1a05ef8c93af8eed 2e031d83339759b2 46b99f864d6a075a d72363ddd958d906 03ed286136d7b3cf 3fa57d488e979d74 ff88049e61f0f4ef e0269da736ddf004 702d8f1064ab3e30 c28bc62802b90f82 0bcaac840d5e66d7 bd713b37b67866c3 fd30682593995748 2a06f5614060e3b6 4d7653ea9499eed4 942a7d26d81c841f bd0f175ee98c613e ae94d8435a6847f4
113,5879096a38d69fc5 061f3e1feeaa3094 bc2552a642ce8497 005666aa098abe8e 65708d542bd01f39 18ced18aee04c48e f54ad8d1eb18212e 47fbe21f5c35c7b4 c5830f9d0f1e29e5 8faeacf8ca08f62d 1dc7139adba034ec 52aa48c07b34dc88 95ecdbff44ad0b60 393f49286db04aeb 07f22a7ad7e4711d 3cb6b40d377e7ca8 8fc68213b63951dc 0eb4de784c8dd679 c1f2e3a76d388944 f9c6286cff30aaa8 0683b6a78f54be75 72b80b099fd64ec4 ddb3810e0289c148 22756be6fd061d4c ad06e9eeea8eb4ea 999a52f1d301247c 587e0b2a4811fab1 f2e30efbd27bee51 c015590d6a6fe833 72c2a95813ea72bd
114,b0b5e62a93a2c37c 9f27aa36c1ea793c 0c2eeab1e4ce1db8 fc8971756f9ec194 18b1d2d84c97a364 a677c3a76055a6d2 2e44fbb8bc3d8d71 2bafd15871caae91 2dd12c230ab22555 00ff646ca6637bd7 f28fb3d9880c5d4c 36d33c41812ce7dc 42c9b72cc77dcb28 37001ade0df85823 351c9da399c2b915 120e745e2961b5d5 18ced18aee04c48e 0bcaac840d5e66d7 c28bc62802b90f82 702d8f1064ab3e30 3986b68500d7704b 3fa57d488e979d74 ff88049e61f0f4ef e0269da736ddf004 bd713b37b67866c3 fd30682593995748 9a0f5ee4f845c9b2 bd0f175ee98c613e ae94d8435a6847f4 b6d0f83aad4e4dc7
115,ce8cb4351b8c0f6e 04886579947a80c2 9ab90dfc5c9b0b37 7f29daa16b9b4cda 52370bea1acd0600 4f2fffd7528de786 48a76e3aff69d605 b6e72edcad270be0 4bed80e56ea2e099 18ced18aee04c48e e0269da736ddf004 ff88049e61f0f4ef bd713b37b67866c3 3fa57d488e979d74 3986b68500d7704b fd30682593995748 2a06f5614060e3b6 702d8f1064ab3e30 c28bc62802b90f82 e25a1da6ca187350 0bcaac840d5e66d7 9a0f5ee4f845c9b2 4d7653ea9499eed4 47fbe21f5c35c7b4 942a7d26d81c841f bd0f175ee98c613e ae94d8435a6847f4 b6d0f83aad4e4dc7 b24820ae14e16a24 622f2e4119882c94
116,48f93f9c2c699e19 3e8e56f639a5db5b ec1b3d7ccd3984d0 f209d29f991432f0 97d696011258825c 22dc81380cf4baec 419b5dc40744fb9b 27bc34b9887bec0d 3b6d27775fce1c7b d16da1fb61813db9 6a3919ad9ed8197e a60934e6b473097a 99e833818ec4bbf2 d63b7f083330247f ddf332f2b55a2a23 eff60ceea8817dad a04d6febd82a4389 fa173131f15f5534 bf973f9ec3600199 016da874bd04df55 b2ee9eea2d974c90 050544c040f46152 828f5dfbbf1272ee fd57e641d06ebda7 b0bfe0f426275870 f44f74b3451aa593 d64c06baf5ef1c90 095bb1b6ecbd0a50 a14394322cf7043d 26fc2a95df5659c2
117,3cb6b40d377e7ca8 f9c6286cff30aaa8 a292248bb2bffb3d 88b62355670ec8f8 72b80b099fd64ec4 60a070db9f1869b5 f76f44d372517a9a 24e582daf6f87158 a853f13216170123 e25a1da6ca187350 0a79fabc6f5d93c9 4dba7ce835494a63 2394b08708475900 b24820ae14e16a24 1d0f5fdc58e3efb5 1fe79c7de59ff6c6 90ecb28f2edb9d43 b05b5f6850cfa158 f49e13a653cbdad2 05e4165a56bf50eb 92f42fbd0c38f7fd 6204e398d8c7f888 83b911ff0ff45844 855f2f0354e102c7 65ad9c583823162d 877672967d3f70bb d5952b2e031c4e7e dc12cc503ac0eddb a18df74d3a16e9c0 03dfe518713e006c
118,0fbd0f422e926816 25145708d494530b f2234bb7ce0c6f59 0db6584e3bdfa1c4 73391e0853c1e040 05f23e7d05dbf7c2 b749972436ac9791 72403ecdfe02bba6 5b34da30b93eb123 6aac5e116b75aa22 b9d966ad9e04127a d46598813fb437e5 63d95d5977c2fe98 316382267dcd804f 42c9b72cc77dcb28 5fb2d8e734956af0 01020d1b0821f4c7 c6b615b2589e036d e4a7a996ed6a5a81 5430097e23000368 025a148c3a53bd9f 33856365c271aea4 5b16bae6a0de7c88 d35e11d3d1ab3c67 cc507a0d6fcf4a1c ac9ee0c09b538140 b69ce8b8154645f8 74e59c5820900b17 09660f466b38b7ba b29ab87af6ea6310
119,74e59c5820900b17 dac29ed8400b50cc ffc688c4c1c2a068 c08c3765ac609cc0 f705b637f624147e a9eef13786610446 2a06f5614060e3b6 8d58da0e1800dc96 2810fb6f81d1711c e7cad3748e50b0f8 bb7515be835dea49 3fa57d488e979d74 0b0021aa60d05daa 54f55c74d37db3c0 8643165b0f53df11 f46601a9955f9949 83f8f2fc471cad74 4d417b203b333363 a813c15b46ceaf68 acae1d29289b1266 005666aa098abe8e 9269d2b0d877352d e14a893f1918277e 702d8f1064ab3e30 6d80d2e62d01f6bc d7d937303a6d5a9d e878efab7c37179e 49224aca40e6e5e3 44d324ebd3e22ad7 65fac1ba1840000f
120,99e833818ec4bbf2 587e0b2a4811fab1 a18df74d3a16e9c0 6ae470a7c9ec20fd 3e8e56f639a5db5b 2e031d83339759b2 a9223c28b10c131f 0eedb1a0d3b8ddae b84b6c0b2e4d0306 27bc34b9887bec0d 520ec719078be07c 9a0f5ee4f845c9b2 48f93f9c2c699e19 db69d4cbfef8d22f f209d29f991432f0 97d696011258825c 07be6a290720707d 22dc81380cf4baec 419b5dc40744fb9b 3b6d27775fce1c7b de8e1345e8c305c4 8faeacf8ca08f62d d16da1fb61813db9 964a50d33717c26d d63b7f083330247f 393f49286db04aeb eff60ceea8817dad edc79e57b20e9036 8fc68213b63951dc fa173131f15f5534
121,7155e5a86136eb02 62431fd374eb99fb 57113c2a4cacd961 43c354dbf952caaa 765c0695339c3abe 0eb4de784c8dd679 72b80b099fd64ec4 22756be6fd061d4c c5830f9d0f1e29e5 42a5cae2a3a45557 e0269da736ddf004 4491016efed845f1 9100ea6cd0e084bf 42bb83d7c4b9ecae 7c9248ed6224aa26 43b3338423d7386c e25a1da6ca187350 0a79fabc6f5d93c9 d3c4a7db726191e0 8a5635c748344d47 172bc0ee09332ae9 4577ae048ef1967d b26d8664feb18c8c 01020d1b0821f4c7 48f93f9c2c699e19 34a62e66e05f9a44 b05b5f6850cfa158 ec1b3d7ccd3984d0 a60934e6b473097a 5c8c6d9a1fd4c1e0
122,8faeacf8ca08f62d 1dc7139adba034ec 52aa48c07b34dc88 95ecdbff44ad0b60 393f49286db04aeb 07f22a7ad7e4711d 3cb6b40d377e7ca8 8fc68213b63951dc 0eb4de784c8dd679 c1f2e3a76d388944 f9c6286cff30aaa8 0683b6a78f54be75 72b80b099fd64ec4 ad06e9eeea8eb4ea 999a52f1d301247c 587e0b2a4811fab1 f2e30efbd27bee51 47fbe21f5c35c7b4 c5830f9d0f1e29e5 72c2a95813ea72bd 3e8e56f639a5db5b 18ced18aee04c48e 3fa57d488e979d74 ff88049e61f0f4ef e0269da736ddf004 bd713b37b67866c3 6e1b6b53c9710940 fd30682593995748 2a06f5614060e3b6 39f6296778264878
123,28a2067685cb3e97 8faeacf8ca08f62d 1dc7139adba034ec 52aa48c07b34dc88 95ecdbff44ad0b60 393f49286db04aeb 07f22a7ad7e4711d 3cb6b40d377e7ca8 8fc68213b63951dc 0eb4de784c8dd679 c1f2e3a76d388944 f9c6286cff30aaa8 0683b6a78f54be75 72b80b099fd64ec4 ad06e9eeea8eb4ea 999a52f1d301247c 587e0b2a4811fab1 f2e30efbd27bee51 47fbe21f5c35c7b4 c5830f9d0f1e29e5 72c2a95813ea72bd 3e8e56f639a5db5b 3986b68500d7704b 3fa57d488e979d74 ff88049e61f0f4ef e0269da736ddf004 bd713b37b67866c3 6e1b6b53c9710940 fd30682593995748 39f6296778264878
124,cba7e22bb383083a 36d33c41812ce7dc c03b11a0cdc3fa39 2bafd15871caae91 2dd12c230ab22555 a60934e6b473097a 9a439fd1abf95245 120e745e2961b5d5 4491016efed845f1 42bb83d7c4b9ecae 7c9248ed6224aa26 a1314cd417504572 016da874bd04df55 43b3338423d7386c e25a1da6ca187350 0a79fabc6f5d93c9 b6cdb608f640e038 d3c4a7db726191e0 8a5635c748344d47 172bc0ee09332ae9 4577ae048ef1967d b26d8664feb18c8c 01020d1b0821f4c7 351c9da399c2b915 48f93f9c2c699e19 a84cd36608cb8665 34a62e66e05f9a44 b05b5f6850cfa158 059bbdbdb843af6a ec1b3d7ccd3984d0
125,0e45c4c185f35df6 0451447dd64f6284 95166957b2c38794 ced9c56f2be86774 636224e349e561bf 18ced18aee04c48e 52370bea1acd0600 4d7653ea9499eed4 9a0f5ee4f845c9b2 0bcaac840d5e66d7 c28bc62802b90f82 702d8f1064ab3e30 3986b68500d7704b 47fbe21f5c35c7b4 ff88049e61f0f4ef e0269da736ddf004 bd713b37b67866c3 fd30682593995748 2a06f5614060e3b6 39f6296778264878 3fa57d488e979d74 0708923badf2ff5d 734dabb98795c35c 942a7d26d81c841f bd0f175ee98c613e ae94d8435a6847f4 b6d0f83aad4e4dc7 b24820ae14e16a24 622f2e4119882c94 cea18be9a89d7a81
126,45bd99d5d2eef776 a60934e6b473097a eab15ee21e126f6a 9b0e8cf8153e3b33 a2c35fdf07a13286 77e2f7da1f9d3a8f 2e031d83339759b2 d92c0298f76ccf77 f48d0fbea7dc2782 f44f74b3451aa593 133b04350c75770b 4d9214c0925e5af8 18ced18aee04c48e 26140b225c4f8d3f 4d7653ea9499eed4 9a0f5ee4f845c9b2 e25a1da6ca187350 0bcaac840d5e66d7 2a06f5614060e3b6 c28bc62802b90f82 fd30682593995748 3986b68500d7704b 3fa57d488e979d74 ff88049e61f0f4ef bd713b37b67866c3 e0269da736ddf004 702d8f1064ab3e30 bd0f175ee98c613e ae94d8435a6847f4 b6d0f83aad4e4dc7
127,fd57e641d06ebda7 013030fd7d29bf3d 9cf6709de35bf0f3 4f915ad69e1dca36 c143c095983a65c2 50806199c80e215c d980375fbd40c75f 249bf372159f33e9 c03b11a0cdc3fa39 cc507a0d6fcf4a1c e461837f0fb35048 c14d5b16840d3032 6a3919ad9ed8197e 3c565c1fc2316d16 00e1e2eb13f650e4 016da874bd04df55 1398b478b71773ed a0b1f4dd32f3e278 b2ee9eea2d974c90 828f5dfbbf1272ee f48d0fbea7dc2782 3e8e56f639a5db5b 3fa57d488e979d74 b24820ae14e16a24 ff88049e61f0f4ef 3986b68500d7704b e0269da736ddf004 bd713b37b67866c3 702d8f1064ab3e30 c28bc62802b90f82
128,955e465ce0788ea6 f58ff7f1a6cde683 a017f3358d5327aa ddf332f2b55a2a23 f2b5098ac9c92da9 0897dcfae16e280f 0bcaac840d5e66d7 f29eee8054c061e1 b6a1c97f19af78d0 5570ef88d970e9b4 4fe9e4e55585ba4b 2359719a0f40ffac 2a06f5614060e3b6 18ced18aee04c48e e7cad3748e50b0f8 73391e0853c1e040 bb7515be835dea49 a9eef13786610446 c08c3765ac609cc0 ffc688c4c1c2a068 f705b637f624147e 3fa57d488e979d74 05f23e7d05dbf7c2 5b34da30b93eb123 b749972436ac9791 72403ecdfe02bba6 0b0021aa60d05daa 09bbaa171c20bae3 622f2e4119882c94 54f55c74d37db3c0
129,3b6d27775fce1c7b acae1d29289b1266 3d6880bd12f6613f edc79e57b20e9036 45bd99d5d2eef776 a18df74d3a16e9c0 a04d6febd82a4389 a292248bb2bffb3d 88b62355670ec8f8 abf90e759d208468 430feb4826a5632e f76f44d372517a9a 8faeacf8ca08f62d a14394322cf7043d 26fc2a95df5659c2 095bb1b6ecbd0a50 796888cc3443006c 20d283a232dfd13c 4c3802a1bd3c842e bd0f175ee98c613e 46315cf30aaee51c 9a0f5ee4f845c9b2 e25a1da6ca187350 eec6b281e236b500 5dd752753760ced8 e7cad3748e50b0f8 0db6584e3bdfa1c4 73391e0853c1e040 bb7515be835dea49 6aac5e116b75aa22
130,b50b4e27b03c7b37 047769588be1aea9 bf3ccaba4a3450a8 de35d2410e916471 9b2adcf4041227d7 0eafda717681bbdc b0bfe0f426275870 430feb4826a5632e 95ecdbff44ad0b60 6d80d2e62d01f6bc 46315cf30aaee51c d3c4a7db726191e0 a52df8083c238c46 fc16a50ff0baec53 acae1d29289b1266 a2c35fdf07a13286 0688c790d5806540 680bb5c5c3bb6ee1 62431fd374eb99fb a813c15b46ceaf68 74244a8703c03720 b78189788d563693 8f578001f9d5f543 e22c35101e190db9 73f770f2643a2135 4a5ac473c9d176ba 65708d542bd01f39 c6b615b2589e036d e14a893f1918277e fc21db75b354a917
131,acf5cb026b3c4551 c1f2e3a76d388944 5b4c879fc9c316fb ad06e9eeea8eb4ea ddb3810e0289c148 bfb8032f2183d471 ac9ee0c09b538140 a813c15b46ceaf68 feddfcf56818968e 522bd6887960c25d 20d283a232dfd13c f58ff7f1a6cde683 bd0f175ee98c613e b760ebc5f25788d3 5879096a38d69fc5 8dc313a2cf9da354 81bd116c786bf9ae cc507a0d6fcf4a1c 1f4f62844c3cb99c b3e75fdca5ca2f1a 01e5a6edcee7deb0 bed3e73d52011f68 4d7653ea9499eed4 ced9c56f2be86774 976baf0e84752a68 09bbaa171c20bae3 316382267dcd804f 40583079f57235a6 74244a8703c03720 6cb9ab508a0678a0
132,2e2904c5373734ae 9cf6709de35bf0f3 734dabb98795c35c 4f915ad69e1dca36 c1f2e3a76d388944 72c2a95813ea72bd c143c095983a65c2 5b4c879fc9c316fb e461837f0fb35048 6aefb6531736648a ad06e9eeea8eb4ea aa967ad3c1f65a29 8566d15270eb5e83 bfb8032f2183d471 ac9ee0c09b538140 a813c15b46ceaf68 feddfcf56818968e 522bd6887960c25d f58ff7f1a6cde683 52370bea1acd0600 b760ebc5f25788d3 5879096a38d69fc5 81bd116c786bf9ae 4d7653ea9499eed4 ced9c56f2be86774 09bbaa171c20bae3 d72363ddd958d906 4f2fffd7528de786 4d29c6922b2d0d56 cc507a0d6fcf4a1c
133,025a148c3a53bd9f 46315cf30aaee51c 047769588be1aea9 0688c790d5806540 74244a8703c03720 3d93a60f990a0a7c 8f578001f9d5f543 b78189788d563693 c6b615b2589e036d e14a893f1918277e fc21db75b354a917 4d32dae7b43c489a a60934e6b473097a d7d937303a6d5a9d e878efab7c37179e c606425856952286 016da874bd04df55 4d9214c0925e5af8 428f9363fa35882d d6bbbd6c4968075a 853e36b1550c6274 430feb4826a5632e 351c9da399c2b915 95ecdbff44ad0b60 6cb9ab508a0678a0 d3c4a7db726191e0 bbbd5d2fd957e8f7 a52df8083c238c46 cc861214a89ef1f4 7d83ffe83f61bdc4
134,1c3b74a02a86467d 58654e3143c6550b 52370bea1acd0600 4d7653ea9499eed4 9a0f5ee4f845c9b2 0bcaac840d5e66d7 c28bc62802b90f82 702d8f1064ab3e30 f58ff7f1a6cde683 3fa57d488e979d74 ff88049e61f0f4ef e0269da736ddf004 bd713b37b67866c3 fd30682593995748 2a06f5614060e3b6 39f6296778264878 e25a1da6ca187350 c31a456b544a40a8 3986b68500d7704b 0708923badf2ff5d 734dabb98795c35c 942a7d26d81c841f bd0f175ee98c613e ae94d8435a6847f4 b6d0f83aad4e4dc7 b24820ae14e16a24 622f2e4119882c94 47fbe21f5c35c7b4 af8e70f978cd5aee 5ebb4d2f5f1c1f13
135,ddb3810e0289c148 5b4c879fc9c316fb 09bbaa171c20bae3 feddfcf56818968e c1f2e3a76d388944 b29ab87af6ea6310 522bd6887960c25d f58ff7f1a6cde683 5879096a38d69fc5 40583079f57235a6 c015590d6a6fe833 ffa9091747ae2466 ad06e9eeea8eb4ea bfb8032f2183d471 ac9ee0c09b538140 a813c15b46ceaf68 abf90e759d208468 538c7bb968b2154c 942a7d26d81c841f b760ebc5f25788d3 7b81f1f2b6ec2e5f 47fbe21f5c35c7b4 81bd116c786bf9ae 4d7653ea9499eed4 ced9c56f2be86774 095bb1b6ecbd0a50 a14394322cf7043d 26fc2a95df5659c2 796888cc3443006c 4c3802a1bd3c842e
136,f2e30efbd27bee51 2e79d45ba4d1540d d0f6c00eec5eb973 ec1b3d7ccd3984d0 ddf332f2b55a2a23 5c4b7558c942a224 587e0b2a4811fab1 a18df74d3a16e9c0 99e833818ec4bbf2 de8e1345e8c305c4 8699cc5dd4159b69 e1460af4a7044067 d92c0298f76ccf77 9a0f5ee4f845c9b2 0708923badf2ff5d 18ced18aee04c48e 133b04350c75770b 4d9214c0925e5af8 26140b225c4f8d3f 09bbaa171c20bae3 702d8f1064ab3e30 2a06f5614060e3b6 3986b68500d7704b 3fa57d488e979d74 fd30682593995748 bd713b37b67866c3 e0269da736ddf004 c31a456b544a40a8 c28bc62802b90f82 39f6296778264878
137,636224e349e561bf e6a29676c096f8e8 5c4b7558c942a224 0e45c4c185f35df6 0451447dd64f6284 f49e13a653cbdad2 95166957b2c38794 22dc81380cf4baec d63b7f083330247f 01ecc81f6341e902 528161039994b4dc 622f2e4119882c94 f54ad8d1eb18212e 1a8e5d6512d9e2d8 b1e47da7659b675c 4d32dae7b43c489a 0a49074a4158155b e5fb8dc5c9cb4a19 27a12f29dceccdbd c606425856952286 7cea1f637ea3f37d 2820628e65a062e2 6461a9faa871b3ac f1a3b8b13e9401c0 da011b87595c1019 e8ad5e31484ef889 1398b478b71773ed 7f95168400948588 a5f55580081236f4 ecb768ef6fd223ca
138,74e59c5820900b17 dac29ed8400b50cc 2a06f5614060e3b6 2810fb6f81d1711c e7cad3748e50b0f8 bb7515be835dea49 a9eef13786610446 ffc688c4c1c2a068 f705b637f624147e c08c3765ac609cc0 3fa57d488e979d74 0b0021aa60d05daa 54f55c74d37db3c0 f46601a9955f9949 83f8f2fc471cad74 acae1d29289b1266 9269d2b0d877352d e14a893f1918277e 8d58da0e1800dc96 702d8f1064ab3e30 6d80d2e62d01f6bc e878efab7c37179e d7d937303a6d5a9d 49224aca40e6e5e3 65fac1ba1840000f 8643165b0f53df11 4d417b203b333363 a813c15b46ceaf68 16b11706660177ff 005666aa098abe8e
139,25145708d494530b 19b4014943e0ad92 6a9aa1bd93e36e66 9ab90dfc5c9b0b37 d216e5458ad70e60 06de3ca1148b088b 1398b478b71773ed 133b04350c75770b 62431fd374eb99fb 0bcaac840d5e66d7 99e833818ec4bbf2 2e2904c5373734ae f29eee8054c061e1 9f3d2ca16f358290 1d72229ebcc00faf 4beacc71024f8b08 069e7e25e43deab3 aa0789b403bcd839 6406fcdb7d87b5dc 395b26d91f98bd92 4535ce2e3dced00f cc507a0d6fcf4a1c 0c2eeab1e4ce1db8 18b1d2d84c97a364 98dbd15aa33ebc18 8faeacf8ca08f62d 1efd7bd8a34a1359 b6cdb608f640e038 1dc7139adba034ec eff60ceea8817dad
140,49b5678e0d1e5bcd ce0f56b7190c268a b6cdb608f640e038 9b2adcf4041227d7 dc17b07476183764 e8ad5e31484ef889 680bb5c5c3bb6ee1 1398b478b71773ed 3e66b4855d0dddbe 8dedff0a79784abc 4d29c6922b2d0d56 07be6a290720707d bf973f9ec3600199 63d509cd2a2e0e47 22756be6fd061d4c c015590d6a6fe833 9fbffc521da97c54 18ced18aee04c48e 9a0f5ee4f845c9b2 0bcaac840d5e66d7 366a22fce0614fb8 c28bc62802b90f82 702d8f1064ab3e30 00e1e2eb13f650e4 3986b68500d7704b 3fa57d488e979d74 ff88049e61f0f4ef 0772e3ab293a1f30 e0269da736ddf004 bd713b37b67866c3
141,0fbd0f422e926816 f2234bb7ce0c6f59 0db6584e3bdfa1c4 73391e0853c1e040 b749972436ac9791 5b34da30b93eb123 72403ecdfe02bba6 05f23e7d05dbf7c2 6aac5e116b75aa22 d46598813fb437e5 63d95d5977c2fe98 316382267dcd804f 5fb2d8e734956af0 01020d1b0821f4c7 ce0f56b7190c268a c6b615b2589e036d e4a7a996ed6a5a81 025a148c3a53bd9f 33856365c271aea4 5b16bae6a0de7c88 d35e11d3d1ab3c67 ac9ee0c09b538140 b69ce8b8154645f8 09660f466b38b7ba 0d0368139e9a647f 4522ad78bf79f0c9 387e9cd2e5d4ea7d 46b99f864d6a075a 70776cdd9bb3b7d4 18ced18aee04c48e
142,4d417b203b333363 ff88049e61f0f4ef 72b80b099fd64ec4 430feb4826a5632e 04fda7c9d8971ec0 a04d6febd82a4389 d3c4a7db726191e0 a52df8083c238c46 ee3ed9a3f51336cd 095bb1b6ecbd0a50 26fc2a95df5659c2 a14394322cf7043d edc79e57b20e9036 20d283a232dfd13c 4c3802a1bd3c842e 73f770f2643a2135 0eb4de784c8dd679 bd0f175ee98c613e 46315cf30aaee51c 22e8d6734e4121ae 95ecdbff44ad0b60 52370bea1acd0600 8faeacf8ca08f62d bed3e73d52011f68 b3e75fdca5ca2f1a 01e5a6edcee7deb0 1f4f62844c3cb99c fd57e641d06ebda7 bd713b37b67866c3 4f2fffd7528de786
143,33856365c271aea4 e403278468d84383 0db6584e3bdfa1c4 92f42fbd0c38f7fd 796888cc3443006c 5fb2d8e734956af0 fb8bd6b95eb4702a a14394322cf7043d 095bb1b6ecbd0a50 26fc2a95df5659c2 316382267dcd804f 4c3802a1bd3c842e 3734d3b0b9232538 0fbd0f422e926816 387e9cd2e5d4ea7d 1f4f62844c3cb99c bed3e73d52011f68 01e5a6edcee7deb0 b3e75fdca5ca2f1a b29ab87af6ea6310 40583079f57235a6 f2234bb7ce0c6f59 8fc68213b63951dc 4beacc71024f8b08 ffa9091747ae2466 b84b6c0b2e4d0306 73391e0853c1e040 9100ea6cd0e084bf 72403ecdfe02bba6 5b34da30b93eb123
144,4d32dae7b43c489a 1a8e5d6512d9e2d8 ecb768ef6fd223ca 7cea1f637ea3f37d 2820628e65a062e2 6461a9faa871b3ac 155600e5f1221f8c f48d0fbea7dc2782 190ab585fd379f0f a04d6febd82a4389 b50b4e27b03c7b37 095bb1b6ecbd0a50 26fc2a95df5659c2 a14394322cf7043d 20d283a232dfd13c 4c3802a1bd3c842e bd0f175ee98c613e 46315cf30aaee51c 1f4f62844c3cb99c b3e75fdca5ca2f1a 01e5a6edcee7deb0 bed3e73d52011f68 8f578001f9d5f543 b78189788d563693 7e4a4a1300b77a06 a60934e6b473097a e878efab7c37179e d7d937303a6d5a9d c606425856952286 edc79e57b20e9036
145,d257d1fbcf43abd5 5430097e23000368 f2e30efbd27bee51 8699cc5dd4159b69 e1460af4a7044067 d72363ddd958d906 cc507a0d6fcf4a1c 0c2eeab1e4ce1db8 18b1d2d84c97a364 98dbd15aa33ebc18 03ed286136d7b3cf 1efd7bd8a34a1359 b6cdb608f640e038 eff60ceea8817dad ec4ef2f727e7a03f da7d3c2d591c4295 18ced18aee04c48e 5fb2d8e734956af0 cea18be9a89d7a81 bbbd5d2fd957e8f7 47fbe21f5c35c7b4 52370bea1acd0600 4d7653ea9499eed4 9a0f5ee4f845c9b2 9cf6709de35bf0f3 c28bc62802b90f82 702d8f1064ab3e30 3986b68500d7704b 3fa57d488e979d74 796888cc3443006c
146,42a5cae2a3a45557 b3ad55963554f220 73f770f2643a2135 35488b3b8b781278 d72363ddd958d906 65fac1ba1840000f d257d1fbcf43abd5 5430097e23000368 9100ea6cd0e084bf 49b5678e0d1e5bcd e8b87ed7db1bcb1f 9b0e8cf8153e3b33 f25bfcffedaccf28 5d26da95786b3a3a 8e0760918e88e4a9 eec6b281e236b500 59bf6d6df9146d60 8dc313a2cf9da354 f29eee8054c061e1 393f49286db04aeb 238ec735a13a3f09 d92c0298f76ccf77 db0e648651f4c92b ae77487a89f2610c 39075e303166355e daa257a37227cd72 27bc34b9887bec0d ee3ed9a3f51336cd c31a456b544a40a8 9fbffc521da97c54
147,b6e72edcad270be0 48a76e3aff69d605 92f42fbd0c38f7fd a860b682add9de1c 52370bea1acd0600 e6a29676c096f8e8 0e45c4c185f35df6 4f2fffd7528de786 e403278468d84383 2e031d83339759b2 22756be6fd061d4c 8dedff0a79784abc 95166957b2c38794 ae94d8435a6847f4 da011b87595c1019 4bed80e56ea2e099 4beacc71024f8b08 f105a53e5cfae611 a0566ca9daca7778 1d72229ebcc00faf 09bbaa171c20bae3 59c231f8fd21260c 404031ab9d5977c4 ff88049e61f0f4ef e0269da736ddf004 c28bc62802b90f82 3fa57d488e979d74 bd713b37b67866c3 3986b68500d7704b fd30682593995748
148,4a5ac473c9d176ba 10ad13170242ecae 3734d3b0b9232538 47fbe21f5c35c7b4 52370bea1acd0600 4d7653ea9499eed4 9a0f5ee4f845c9b2 0bcaac840d5e66d7 c28bc62802b90f82 702d8f1064ab3e30 bbbd5d2fd957e8f7 3fa57d488e979d74 ff88049e61f0f4ef e0269da736ddf004 bd713b37b67866c3 fd30682593995748 2a06f5614060e3b6 39f6296778264878 e7828f0ea9749505 3986b68500d7704b 0708923badf2ff5d 734dabb98795c35c 942a7d26d81c841f bd0f175ee98c613e ae94d8435a6847f4 b6d0f83aad4e4dc7 b24820ae14e16a24 622f2e4119882c94 e25a1da6ca187350 af8e70f978cd5aee
149,3e8e56f639a5db5b 48f93f9c2c699e19 f209d29f991432f0 97d696011258825c 22dc81380cf4baec 419b5dc40744fb9b 27bc34b9887bec0d 3b6d27775fce1c7b 0c15f252d30646fc d16da1fb61813db9 99e833818ec4bbf2 aa0789b403bcd839 d63b7f083330247f eff60ceea8817dad fa173131f15f5534 bf973f9ec3600199 8faeacf8ca08f62d 1dc7139adba034ec 52aa48c07b34dc88 95ecdbff44ad0b60 393f49286db04aeb 07f22a7ad7e4711d 3cb6b40d377e7ca8 8fc68213b63951dc 0eb4de784c8dd679 c1f2e3a76d388944 f9c6286cff30aaa8 0683b6a78f54be75 72b80b099fd64ec4 ad06e9eeea8eb4ea
150,d0f6c00eec5eb973 f2e30efbd27bee51 2e79d45ba4d1540d 455fde214d16d350 dc17b07476183764 52370bea1acd0600 3d6880bd12f6613f 4f2fffd7528de786 b6e72edcad270be0 48a76e3aff69d605 4bed80e56ea2e099 8faeacf8ca08f62d 1dc7139adba034ec 52aa48c07b34dc88 95ecdbff44ad0b60 393f49286db04aeb 07f22a7ad7e4711d 3cb6b40d377e7ca8 8fc68213b63951dc 0eb4de784c8dd679 c1f2e3a76d388944 f9c6286cff30aaa8 0683b6a78f54be75 72b80b099fd64ec4 ad06e9eeea8eb4ea 999a52f1d301247c 587e0b2a4811fab1 47fbe21f5c35c7b4 c5830f9d0f1e29e5 72c2a95813ea72bd
151,c49d8f84a4f87f8a aa967ad3c1f65a29 2e2904c5373734ae 9cf6709de35bf0f3 734dabb98795c35c 4f915ad69e1dca36 c143c095983a65c2 cc507a0d6fcf4a1c c14d5b16840d3032 6a3919ad9ed8197e 3c565c1fc2316d16 00e1e2eb13f650e4 016da874bd04df55 1398b478b71773ed a0b1f4dd32f3e278 b2ee9eea2d974c90 828f5dfbbf1272ee f48d0fbea7dc2782 3e8e56f639a5db5b 18ced18aee04c48e c28bc62802b90f82 39f6296778264878 702d8f1064ab3e30 3986b68500d7704b 3fa57d488e979d74 ff88049e61f0f4ef e0269da736ddf004 0bcaac840d5e66d7 bd713b37b67866c3 fd30682593995748
152,0eb4de784c8dd679 72b80b099fd64ec4 c5830f9d0f1e29e5 1dc7139adba034ec 8faeacf8ca08f62d 393f49286db04aeb b1dcaca98bb76736 edc79e57b20e9036 8fc68213b63951dc c1f2e3a76d388944 f9c6286cff30aaa8 0683b6a78f54be75 e8b87ed7db1bcb1f 60a070db9f1869b5 f2e30efbd27bee51 942a7d26d81c841f 3734d3b0b9232538 ce0f56b7190c268a 4491016efed845f1 666bdff4faa513ca 81b7c7e312bfa1a0 c11b97f245a9dfd0 a18df74d3a16e9c0 587e0b2a4811fab1 2810fb6f81d1711c 0a79fabc6f5d93c9 3fa57d488e979d74 e0269da736ddf004 af41e2b6da3e7e02 a04d6febd82a4389
153,796888cc3443006c b29ab87af6ea6310 abf90e759d208468 ffa9091747ae2466 a14394322cf7043d 26fc2a95df5659c2 095bb1b6ecbd0a50 4c3802a1bd3c842e eec6b281e236b500 0eafda717681bbdc bed3e73d52011f68 01e5a6edcee7deb0 1f4f62844c3cb99c b3e75fdca5ca2f1a 6c017e548aa138f2 0db6584e3bdfa1c4 b3ad55963554f220 8fc68213b63951dc c28bc62802b90f82 942a7d26d81c841f 7b81f1f2b6ec2e5f edc79e57b20e9036 59bf6d6df9146d60 413c55a5ab86881a a813c15b46ceaf68 16b11706660177ff 197fa50b30d91fe8 40583079f57235a6 64b31699d7d15934 d5805cdb9e8f0f48
154,f29eee8054c061e1 0897dcfae16e280f 0bcaac840d5e66d7 f58ff7f1a6cde683 b6a1c97f19af78d0 9b0e8cf8153e3b33 4fe9e4e55585ba4b ddf332f2b55a2a23 5d26da95786b3a3a 8e0760918e88e4a9 cc507a0d6fcf4a1c c14d5b16840d3032 6a3919ad9ed8197e c31a456b544a40a8 9fbffc521da97c54 3c565c1fc2316d16 00e1e2eb13f650e4 016da874bd04df55 1398b478b71773ed a0b1f4dd32f3e278 b2ee9eea2d974c90 828f5dfbbf1272ee f48d0fbea7dc2782 3e8e56f639a5db5b ff88049e61f0f4ef 3fa57d488e979d74 bd713b37b67866c3 3986b68500d7704b 702d8f1064ab3e30 fd30682593995748
155,b29ab87af6ea6310 ffa9091747ae2466 59bf6d6df9146d60 abf90e759d208468 942a7d26d81c841f 7b81f1f2b6ec2e5f 26fc2a95df5659c2 a14394322cf7043d 095bb1b6ecbd0a50 796888cc3443006c 4c3802a1bd3c842e db7342eff9200020 eec6b281e236b500 413c55a5ab86881a 0eafda717681bbdc bed3e73d52011f68 b3e75fdca5ca2f1a 01e5a6edcee7deb0 1f4f62844c3cb99c 74e59c5820900b17 197fa50b30d91fe8 40583079f57235a6 6c017e548aa138f2 64b31699d7d15934 a9eef13786610446 ffc688c4c1c2a068 c08c3765ac609cc0 f705b637f624147e d5805cdb9e8f0f48 dac29ed8400b50cc
156,e8b87ed7db1bcb1f 393f49286db04aeb f25bfcffedaccf28 59bf6d6df9146d60 538c7bb968b2154c 27bc34b9887bec0d 419b5dc40744fb9b 855f2f0354e102c7 d5952b2e031c4e7e d16da1fb61813db9 d63b7f083330247f 97d696011258825c eff60ceea8817dad daa257a37227cd72 fa173131f15f5534 1a05ef8c93af8eed 99e833818ec4bbf2 e7828f0ea9749505 4bed80e56ea2e099 57113c2a4cacd961 ca4de5b8a7bda9df 24c47959ea77b15b 4b05967001421eab 8699cc5dd4159b69 52aa48c07b34dc88 c143c095983a65c2 8e83d05923cde390 919b1679fffa7ef1 72b80b099fd64ec4 f6d23cdd2359f7c0
157,aa967ad3c1f65a29 72c2a95813ea72bd e461837f0fb35048 6aefb6531736648a 8566d15270eb5e83 2e2904c5373734ae 9cf6709de35bf0f3 734dabb98795c35c 4f915ad69e1dca36 c143c095983a65c2 cc507a0d6fcf4a1c 0c2eeab1e4ce1db8 18b1d2d84c97a364 98dbd15aa33ebc18 8faeacf8ca08f62d 1efd7bd8a34a1359 b6cdb608f640e038 1dc7139adba034ec eff60ceea8817dad 52aa48c07b34dc88 95ecdbff44ad0b60 ec4ef2f727e7a03f 393f49286db04aeb 07f22a7ad7e4711d 3cb6b40d377e7ca8 8fc68213b63951dc 0eb4de784c8dd679 c1f2e3a76d388944 f9c6286cff30aaa8 0683b6a78f54be75
158,6aefb6531736648a 72c2a95813ea72bd e461837f0fb35048 8566d15270eb5e83 aa967ad3c1f65a29 9cf6709de35bf0f3 4f915ad69e1dca36 c143c095983a65c2 64267373570e4ea3 576dd429db946393 5048a37f10cf2d91 2e2904c5373734ae 9b2adcf4041227d7 db0e648651f4c92b 734dabb98795c35c 0079f3c74309b582 354d7a327bbcc152 49b5678e0d1e5bcd cec2eea2a1fe566a 8e0760918e88e4a9 7eec211cc37a1b05 28403e62105b00f6 0220a434aa8bf029 9c9ebf71707d7a37 b371170568146b12 4bed80e56ea2e099 106204cd0e07e1b2 9ab90dfc5c9b0b37 455fde214d16d350 898a4921ab9f4cce
159,f9c6286cff30aaa8 52370bea1acd0600 a04d6febd82a4389 abf90e759d208468 942a7d26d81c841f 4f2fffd7528de786 430feb4826a5632e 4491016efed845f1 033d905aec273595 666bdff4faa513ca 26fc2a95df5659c2 a14394322cf7043d 095bb1b6ecbd0a50 20d283a232dfd13c 8faeacf8ca08f62d 43b3338423d7386c 46315cf30aaee51c 1dc7139adba034ec eec6b281e236b500 2810fb6f81d1711c e7cad3748e50b0f8 01ecc81f6341e902 73391e0853c1e040 8dc313a2cf9da354 3fa57d488e979d74 4bed80e56ea2e099 6aac5e116b75aa22 0eafda717681bbdc d3c4a7db726191e0 238ec735a13a3f09
160,a60934e6b473097a eab15ee21e126f6a 9b0e8cf8153e3b33 a2c35fdf07a13286 77e2f7da1f9d3a8f 2e031d83339759b2 f48d0fbea7dc2782 d72363ddd958d906 f44f74b3451aa593 09bbaa171c20bae3 03ed286136d7b3cf 18ced18aee04c48e 47fbe21f5c35c7b4 52370bea1acd0600 4d7653ea9499eed4 9a0f5ee4f845c9b2 0bcaac840d5e66d7 702d8f1064ab3e30 3986b68500d7704b 39f6296778264878 3fa57d488e979d74 ff88049e61f0f4ef e0269da736ddf004 fd30682593995748 bd713b37b67866c3 c28bc62802b90f82 942a7d26d81c841f bd0f175ee98c613e ae94d8435a6847f4 b6d0f83aad4e4dc7
161,0683b6a78f54be75 8faeacf8ca08f62d 393f49286db04aeb 8fc68213b63951dc c1f2e3a76d388944 f9c6286cff30aaa8 72b80b099fd64ec4 1dc7139adba034ec 52aa48c07b34dc88 95ecdbff44ad0b60 07f22a7ad7e4711d 3cb6b40d377e7ca8 0eb4de784c8dd679 587e0b2a4811fab1 366a22fce0614fb8 033d905aec273595 ad06e9eeea8eb4ea ddb3810e0289c148 999a52f1d301247c dea5e9227fbbac29 70ebf53ced736fa4 f2e30efbd27bee51 47fbe21f5c35c7b4 72c2a95813ea72bd d1e21234d7cc61d2 c5830f9d0f1e29e5 50cb6a6c60ad711a b9d966ad9e04127a 5f94b027039f4e48 a76ffccd2f5df1a7
162,b8e2f75014710ced c03b11a0cdc3fa39 a1314cd417504572 b6cdb608f640e038 351c9da399c2b915 a84cd36608cb8665 059bbdbdb843af6a 6e1b6b53c9710940 ce0f56b7190c268a 4d29c6922b2d0d56 47fbe21f5c35c7b4 4d7653ea9499eed4 9a0f5ee4f845c9b2 0bcaac840d5e66d7 c28bc62802b90f82 702d8f1064ab3e30 3986b68500d7704b 3fa57d488e979d74 ff88049e61f0f4ef e0269da736ddf004 bd713b37b67866c3 fd30682593995748 2a06f5614060e3b6 39f6296778264878 52370bea1acd0600 734dabb98795c35c 942a7d26d81c841f bd0f175ee98c613e ae94d8435a6847f4 b6d0f83aad4e4dc7
163,ddb3810e0289c148 acae1d29289b1266 cc507a0d6fcf4a1c c14d5b16840d3032 6a3919ad9ed8197e 3c565c1fc2316d16 22756be6fd061d4c 00e1e2eb13f650e4 3e8e56f639a5db5b 016da874bd04df55 1398b478b71773ed a0b1f4dd32f3e278 b2ee9eea2d974c90 828f5dfbbf1272ee f48d0fbea7dc2782 8faeacf8ca08f62d 1dc7139adba034ec 52aa48c07b34dc88 95ecdbff44ad0b60 393f49286db04aeb 07f22a7ad7e4711d 3cb6b40d377e7ca8 8fc68213b63951dc 0eb4de784c8dd679 c1f2e3a76d388944 f9c6286cff30aaa8 0683b6a78f54be75 72b80b099fd64ec4 18ced18aee04c48e ad06e9eeea8eb4ea
164,af8e70f978cd5aee 0c2eeab1e4ce1db8 3734d3b0b9232538 6cb9ab508a0678a0 cc861214a89ef1f4 04886579947a80c2 354d7a327bbcc152 025a148c3a53bd9f 22e8d6734e4121ae 4105533fe46dfba9 ecb768ef6fd223ca fab14d178b24a67f 5989fb934598c1a7 0195950ce0f47e34 09bbaa171c20bae3 919b1679fffa7ef1 059bbdbdb843af6a 0079f3c74309b582 8e83d05923cde390 f6d23cdd2359f7c0 005666aa098abe8e 52370bea1acd0600 4f2fffd7528de786 b6e72edcad270be0 48a76e3aff69d605 4bed80e56ea2e099 18ced18aee04c48e 3986b68500d7704b 3fa57d488e979d74 ff88049e61f0f4ef
165,33856365c271aea4 d5952b2e031c4e7e fb2ebcb5335ad2e2 0db6584e3bdfa1c4 d46598813fb437e5 387e9cd2e5d4ea7d 5fb2d8e734956af0 01020d1b0821f4c7 c6b615b2589e036d b69ce8b8154645f8 e4a7a996ed6a5a81 025a148c3a53bd9f 16b11706660177ff 46b99f864d6a075a 40583079f57235a6 d35e11d3d1ab3c67 0fbd0f422e926816 366a22fce0614fb8 796888cc3443006c 7155e5a86136eb02 4522ad78bf79f0c9 e8b87ed7db1bcb1f 3ca7964973437917 27bc34b9887bec0d d16da1fb61813db9 680bb5c5c3bb6ee1 0647acc4602d4e8f f2234bb7ce0c6f59 8fc68213b63951dc f25bfcffedaccf28
166,ae000f9d0b5e104e 1f423f368aebf7f3 204ec91c39d1479d cc507a0d6fcf4a1c 9100ea6cd0e084bf 8e0cc5199a0ee659 576dd429db946393 74ae9af23a383bf5 98dbd15aa33ebc18 0c2eeab1e4ce1db8 18b1d2d84c97a364 09bbaa171c20bae3 ec4ef2f727e7a03f ce2fe99a7cda4a17 fc8971756f9ec194 2e44fbb8bc3d8d71 1efd7bd8a34a1359 b6cdb608f640e038 0cd920bad11c716d 5d26da95786b3a3a eff60ceea8817dad 36d33c41812ce7dc 4483bbdd3241f11a edc79e57b20e9036 37001ade0df85823 20db73cf07a45f71 da7d3c2d591c4295 b371170568146b12 249bf372159f33e9 7ee52d2519eea367
167,2810fb6f81d1711c e878efab7c37179e d7d937303a6d5a9d 3734d3b0b9232538 74e59c5820900b17 acae1d29289b1266 dac29ed8400b50cc a04d6febd82a4389 a60934e6b473097a 2a06f5614060e3b6 d64c06baf5ef1c90 a14394322cf7043d 26fc2a95df5659c2 095bb1b6ecbd0a50 d3c4a7db726191e0 20d283a232dfd13c 4c3802a1bd3c842e 047769588be1aea9 bd0f175ee98c613e 46315cf30aaee51c 16b11706660177ff e7cad3748e50b0f8 bb7515be835dea49 ffc688c4c1c2a068 c08c3765ac609cc0 f705b637f624147e a9eef13786610446 3fa57d488e979d74 bed3e73d52011f68 b3e75fdca5ca2f1a
168,22756be6fd061d4c 005666aa098abe8e 65708d542bd01f39 395b26d91f98bd92 f54ad8d1eb18212e 8faeacf8ca08f62d 1dc7139adba034ec 52aa48c07b34dc88 95ecdbff44ad0b60 393f49286db04aeb 07f22a7ad7e4711d 3cb6b40d377e7ca8 8fc68213b63951dc 0eb4de784c8dd679 c1f2e3a76d388944 f9c6286cff30aaa8 0683b6a78f54be75 72b80b099fd64ec4 ad06e9eeea8eb4ea 999a52f1d301247c 587e0b2a4811fab1 f2e30efbd27bee51 47fbe21f5c35c7b4 c5830f9d0f1e29e5 72c2a95813ea72bd 3e8e56f639a5db5b 18ced18aee04c48e e0269da736ddf004 bd713b37b67866c3 b6d0f83aad4e4dc7
169,43c354dbf952caaa 4fe9e4e55585ba4b cb3e4ce97e7f2881 d92c0298f76ccf77 d72363ddd958d906 133b04350c75770b 4d9214c0925e5af8 26140b225c4f8d3f 03ed286136d7b3cf 18ced18aee04c48e 9a0f5ee4f845c9b2 0bcaac840d5e66d7 c28bc62802b90f82 702d8f1064ab3e30 3986b68500d7704b 3fa57d488e979d74 e0269da736ddf004 bd713b37b67866c3 fd30682593995748 2a06f5614060e3b6 39f6296778264878 e25a1da6ca187350 c31a456b544a40a8 ff88049e61f0f4ef ae94d8435a6847f4 b6d0f83aad4e4dc7 b24820ae14e16a24 622f2e4119882c94 4b8c7061102517ef af8e70f978cd5aee
170,65fac1ba1840000f d72363ddd958d906 b3ad55963554f220 3fa57d488e979d74 2810fb6f81d1711c 2a06f5614060e3b6 73f770f2643a2135 74e59c5820900b17 702d8f1064ab3e30 e7cad3748e50b0f8 bb7515be835dea49 c08c3765ac609cc0 ffc688c4c1c2a068 a9eef13786610446 f705b637f624147e 0b0021aa60d05daa 942a7d26d81c841f f46601a9955f9949 83f8f2fc471cad74 54f55c74d37db3c0 27a12f29dceccdbd 26fc2a95df5659c2 a14394322cf7043d 095bb1b6ecbd0a50 4c3802a1bd3c842e 8d58da0e1800dc96 316382267dcd804f 6d80d2e62d01f6bc dac29ed8400b50cc b3e75fdca5ca2f1a
171,34a62e66e05f9a44 edc79e57b20e9036 cc507a0d6fcf4a1c 52370bea1acd0600 4e966bb2768c2b8a 4f2fffd7528de786 a18df74d3a16e9c0 98dbd15aa33ebc18 fb8bd6b95eb4702a a04d6febd82a4389 4bed80e56ea2e099 a292248bb2bffb3d 88b62355670ec8f8 abf90e759d208468 430feb4826a5632e f76f44d372517a9a 8faeacf8ca08f62d a14394322cf7043d 26fc2a95df5659c2 095bb1b6ecbd0a50 796888cc3443006c 20d283a232dfd13c 4c3802a1bd3c842e bd0f175ee98c613e ec4ef2f727e7a03f 46315cf30aaee51c 9a0f5ee4f845c9b2 e25a1da6ca187350 eec6b281e236b500 5dd752753760ced8
172,ddb3810e0289c148 b29ab87af6ea6310 47fbe21f5c35c7b4 ffa9091747ae2466 c5830f9d0f1e29e5 96e82fa141db9a4b ac9ee0c09b538140 e8684734f2e587bd abf90e759d208468 942a7d26d81c841f 4d954d933e606b70 7b81f1f2b6ec2e5f c11b97f245a9dfd0 26fc2a95df5659c2 a14394322cf7043d 095bb1b6ecbd0a50 796888cc3443006c 4c3802a1bd3c842e 4d7653ea9499eed4 eec6b281e236b500 4f915ad69e1dca36 09bbaa171c20bae3 59bf6d6df9146d60 4bed80e56ea2e099 413c55a5ab86881a 0eafda717681bbdc bed3e73d52011f68 01e5a6edcee7deb0 1f4f62844c3cb99c b3e75fdca5ca2f1a
173,da011b87595c1019 7c98dedd223b36c0 bd713b37b67866c3 bc2ae5f4e5d53e00 19e8f436d4b2fc25 92f42fbd0c38f7fd a860b682add9de1c b2ee9eea2d974c90 e6a29676c096f8e8 6a3919ad9ed8197e cc507a0d6fcf4a1c a982b5c3aed39396 a492bd402afd5c71 2e4b00c01d58e79e e403278468d84383 01b3da54ffb158a0 5b16bae6a0de7c88 95166957b2c38794 ae94d8435a6847f4 b69ce8b8154645f8 828f5dfbbf1272ee 77e2f7da1f9d3a8f 98dbd15aa33ebc18 4beacc71024f8b08 050544c040f46152 f48d0fbea7dc2782 1d72229ebcc00faf edc79e57b20e9036 f44f74b3451aa593 0e45c4c185f35df6
174,01ecc81f6341e902 ffc688c4c1c2a068 c08c3765ac609cc0 a9eef13786610446 f705b637f624147e b749972436ac9791 72403ecdfe02bba6 5b34da30b93eb123 05f23e7d05dbf7c2 6aac5e116b75aa22 8d58da0e1800dc96 74e59c5820900b17 fc16a50ff0baec53 db7342eff9200020 8643165b0f53df11 d35e11d3d1ab3c67 3ca7964973437917 0fbd0f422e926816 4d417b203b333363 09660f466b38b7ba 7f95168400948588 a813c15b46ceaf68 0897dcfae16e280f a5f55580081236f4 005666aa098abe8e dac29ed8400b50cc 0d0368139e9a647f 4522ad78bf79f0c9 2359719a0f40ffac 44d324ebd3e22ad7
175,898a4921ab9f4cce ac9ee0c09b538140 055d895a3b26e466 d35e11d3d1ab3c67 b371170568146b12 5d26da95786b3a3a 6e239f4dd4b6aed7 feddfcf56818968e 4d954d933e606b70 528161039994b4dc b1e47da7659b675c 37001ade0df85823 da904d2a54ff8cf2 589ef345cb2dccfc 64267373570e4ea3 74e59c5820900b17 5fb2d8e734956af0 a813c15b46ceaf68 16b11706660177ff 2810fb6f81d1711c e7cad3748e50b0f8 bb7515be835dea49 2a06f5614060e3b6 f705b637f624147e a9eef13786610446 c08c3765ac609cc0 ffc688c4c1c2a068 3fa57d488e979d74 0b0021aa60d05daa 54f55c74d37db3c0
176,a853f13216170123 1a8e5d6512d9e2d8 4d32dae7b43c489a d92c0298f76ccf77 7cea1f637ea3f37d 2820628e65a062e2 6461a9faa871b3ac 09bbaa171c20bae3 9f4e0d572b1f4e6c ecb768ef6fd223ca a492bd402afd5c71 133b04350c75770b 155600e5f1221f8c f48d0fbea7dc2782 4d9214c0925e5af8 486dd77002936dec 190ab585fd379f0f 26140b225c4f8d3f 702d8f1064ab3e30 c28bc62802b90f82 0bcaac840d5e66d7 3986b68500d7704b 9a0f5ee4f845c9b2 ff88049e61f0f4ef e0269da736ddf004 bd713b37b67866c3 fd30682593995748 39f6296778264878 3fa57d488e979d74 b6d0f83aad4e4dc7
177,00140806971e7a73 0fbd0f422e926816 5b34da30b93eb123 05f23e7d05dbf7c2 b749972436ac9791 72403ecdfe02bba6 6aac5e116b75aa22 f2234bb7ce0c6f59 3734d3b0b9232538 d35e11d3d1ab3c67 09660f466b38b7ba 0d0368139e9a647f 4522ad78bf79f0c9 70776cdd9bb3b7d4 9d5edf3b993fee50 01ecc81f6341e902 c08c3765ac609cc0 a9eef13786610446 f705b637f624147e ffc688c4c1c2a068 0db6584e3bdfa1c4 73391e0853c1e040 d46598813fb437e5 63d95d5977c2fe98 316382267dcd804f 5fb2d8e734956af0 01020d1b0821f4c7 8d58da0e1800dc96 c6b615b2589e036d e4a7a996ed6a5a81
178,781aaf62a955e4e8 1c3b74a02a86467d 2e031d83339759b2 128d583954b18074 bd9cd6b87a4fe0ce 70ebf53ced736fa4 dea5e9227fbbac29 57113c2a4cacd961 a18df74d3a16e9c0 0eafda717681bbdc da7d3c2d591c4295 58654e3143c6550b e740c80fce094788 855f2f0354e102c7 65d44c6393907290 5f94b027039f4e48 b84b6c0b2e4d0306 a2c35fdf07a13286 680bb5c5c3bb6ee1 a813c15b46ceaf68 acae1d29289b1266 e22c35101e190db9 db69d4cbfef8d22f 8df3f13d6af34cb3 cc507a0d6fcf4a1c a982b5c3aed39396 6d80d2e62d01f6bc fc16a50ff0baec53 b6a1c97f19af78d0 62431fd374eb99fb
179,1f423f368aebf7f3 05e4165a56bf50eb 26140b225c4f8d3f cc507a0d6fcf4a1c 0c2eeab1e4ce1db8 18b1d2d84c97a364 98dbd15aa33ebc18 1efd7bd8a34a1359 b6cdb608f640e038 eff60ceea8817dad ec4ef2f727e7a03f da7d3c2d591c4295 18ced18aee04c48e cea18be9a89d7a81 bbbd5d2fd957e8f7 47fbe21f5c35c7b4 52370bea1acd0600 4d7653ea9499eed4 9a0f5ee4f845c9b2 0bcaac840d5e66d7 702d8f1064ab3e30 3986b68500d7704b 3fa57d488e979d74 00e1e2eb13f650e4 0772e3ab293a1f30 ff88049e61f0f4ef e0269da736ddf004 9cf6709de35bf0f3 c28bc62802b90f82 0708923badf2ff5d
180,4f2fffd7528de786 da011b87595c1019 8faeacf8ca08f62d 1dc7139adba034ec 52aa48c07b34dc88 95ecdbff44ad0b60 393f49286db04aeb 07f22a7ad7e4711d 3cb6b40d377e7ca8 8fc68213b63951dc 0eb4de784c8dd679 c1f2e3a76d388944 f9c6286cff30aaa8 0683b6a78f54be75 72b80b099fd64ec4 ad06e9eeea8eb4ea 999a52f1d301247c 587e0b2a4811fab1 f2e30efbd27bee51 47fbe21f5c35c7b4 c5830f9d0f1e29e5 72c2a95813ea72bd 3e8e56f639a5db5b 18ced18aee04c48e ff88049e61f0f4ef bd713b37b67866c3 fd30682593995748 964a50d33717c26d 2a06f5614060e3b6 39f6296778264878
181,b6cdb608f640e038 cc507a0d6fcf4a1c ec4ef2f727e7a03f 0c2eeab1e4ce1db8 18b1d2d84c97a364 98dbd15aa33ebc18 a04d6febd82a4389 abf90e759d208468 942a7d26d81c841f 3734d3b0b9232538 430feb4826a5632e 4491016efed845f1 033d905aec273595 666bdff4faa513ca 1efd7bd8a34a1359 a14394322cf7043d 095bb1b6ecbd0a50 26fc2a95df5659c2 796888cc3443006c 20d283a232dfd13c 43b3338423d7386c 46315cf30aaee51c eec6b281e236b500 2810fb6f81d1711c e7cad3748e50b0f8 01ecc81f6341e902 eff60ceea8817dad 73391e0853c1e040 8dc313a2cf9da354 3fa57d488e979d74
182,b0b5e62a93a2c37c 9f27aa36c1ea793c 430feb4826a5632e 537a55eda51a3f60 00958a140c3a6de8 95ecdbff44ad0b60 e36475c1af5ea3ab bc27d5dc9bab1c18 d3c4a7db726191e0 a52df8083c238c46 acae1d29289b1266 73f770f2643a2135 ad06e9eeea8eb4ea bd713b37b67866c3 047769588be1aea9 ae94d8435a6847f4 09bbaa171c20bae3 18ced18aee04c48e 95166957b2c38794 4d7653ea9499eed4 9a0f5ee4f845c9b2 0bcaac840d5e66d7 c28bc62802b90f82 702d8f1064ab3e30 3986b68500d7704b 3fa57d488e979d74 ff88049e61f0f4ef 366a22fce0614fb8 e0269da736ddf004 00e1e2eb13f650e4
183,ec1b3d7ccd3984d0 ddf332f2b55a2a23 52370bea1acd0600 4d7653ea9499eed4 9a0f5ee4f845c9b2 0bcaac840d5e66d7 c28bc62802b90f82 702d8f1064ab3e30 3986b68500d7704b 47fbe21f5c35c7b4 ff88049e61f0f4ef e0269da736ddf004 bd713b37b67866c3 fd30682593995748 2a06f5614060e3b6 39f6296778264878 e25a1da6ca187350 c31a456b544a40a8 3fa57d488e979d74 0708923badf2ff5d 734dabb98795c35c 942a7d26d81c841f bd0f175ee98c613e ae94d8435a6847f4 b6d0f83aad4e4dc7 b24820ae14e16a24 622f2e4119882c94 bbbd5d2fd957e8f7 af8e70f978cd5aee 5ebb4d2f5f1c1f13
184,09bbaa171c20bae3 bbbd5d2fd957e8f7 52370bea1acd0600 4d7653ea9499eed4 9a0f5ee4f845c9b2 0bcaac840d5e66d7 c28bc62802b90f82 702d8f1064ab3e30 3986b68500d7704b 3fa57d488e979d74 ff88049e61f0f4ef e0269da736ddf004 bd713b37b67866c3 fd30682593995748 2a06f5614060e3b6 39f6296778264878 e25a1da6ca187350 f58ff7f1a6cde683 47fbe21f5c35c7b4 e36475c1af5ea3ab 0708923badf2ff5d 734dabb98795c35c 942a7d26d81c841f bd0f175ee98c613e ae94d8435a6847f4 b6d0f83aad4e4dc7 b24820ae14e16a24 c31a456b544a40a8 4b8c7061102517ef af8e70f978cd5aee
185,1f423f368aebf7f3 204ec91c39d1479d ae000f9d0b5e104e 46315cf30aaee51c d980375fbd40c75f 0688c790d5806540 74244a8703c03720 8f578001f9d5f543 b78189788d563693 8e0cc5199a0ee659 c6b615b2589e036d e14a893f1918277e fc21db75b354a917 c03b11a0cdc3fa39 4d32dae7b43c489a a60934e6b473097a 576dd429db946393 e878efab7c37179e d7d937303a6d5a9d c606425856952286 74ae9af23a383bf5 025a148c3a53bd9f 016da874bd04df55 0708923badf2ff5d 4d9214c0925e5af8 428f9363fa35882d 047769588be1aea9 d6bbbd6c4968075a 853e36b1550c6274 351c9da399c2b915
186,e8ad5e31484ef889 680bb5c5c3bb6ee1 1398b478b71773ed 3e66b4855d0dddbe 8dedff0a79784abc 07be6a290720707d bf973f9ec3600199 ce0f56b7190c268a 63d509cd2a2e0e47 0eb4de784c8dd679 72b80b099fd64ec4 c5830f9d0f1e29e5 e0269da736ddf004 18ced18aee04c48e c28bc62802b90f82 702d8f1064ab3e30 b6d0f83aad4e4dc7 3986b68500d7704b 39f6296778264878 3fa57d488e979d74 ff88049e61f0f4ef 0bcaac840d5e66d7 bd713b37b67866c3 ae94d8435a6847f4 fd30682593995748 2a06f5614060e3b6 bd0f175ee98c613e e25a1da6ca187350 4b8c7061102517ef af8e70f978cd5aee
187,9ab90dfc5c9b0b37 7f29daa16b9b4cda ce8cb4351b8c0f6e 04886579947a80c2 cc507a0d6fcf4a1c c14d5b16840d3032 6a3919ad9ed8197e 3c565c1fc2316d16 00e1e2eb13f650e4 016da874bd04df55 1398b478b71773ed a0b1f4dd32f3e278 b2ee9eea2d974c90 828f5dfbbf1272ee f48d0fbea7dc2782 3e8e56f639a5db5b c28bc62802b90f82 702d8f1064ab3e30 2a06f5614060e3b6 fd30682593995748 bd713b37b67866c3 9a0f5ee4f845c9b2 3986b68500d7704b 3fa57d488e979d74 ff88049e61f0f4ef e0269da736ddf004 0bcaac840d5e66d7 ae94d8435a6847f4 b6d0f83aad4e4dc7 b24820ae14e16a24
188,16b11706660177ff 796888cc3443006c 0db6584e3bdfa1c4 4491016efed845f1 42bb83d7c4b9ecae 8fc68213b63951dc 43b3338423d7386c e25a1da6ca187350 5fb2d8e734956af0 0a79fabc6f5d93c9 d3c4a7db726191e0 8a5635c748344d47 172bc0ee09332ae9 ce2fe99a7cda4a17 4577ae048ef1967d b26d8664feb18c8c 01020d1b0821f4c7 48f93f9c2c699e19 33856365c271aea4 34a62e66e05f9a44 b05b5f6850cfa158 ec1b3d7ccd3984d0 a60934e6b473097a a813c15b46ceaf68 5c8c6d9a1fd4c1e0 387e9cd2e5d4ea7d 29bedd00fb2be056 e22c35101e190db9 050544c040f46152 2cebd52b41930f0a
189,74873b42602d8958 4c0eee2c1a5e76e2 8abe670908f12614 26f72a4eb15ea8c0 bbbd5d2fd957e8f7 a1314cd417504572 5057551fc55e9ed2 50ba507a268872e1 18ced18aee04c48e 52370bea1acd0600 9a0f5ee4f845c9b2 0bcaac840d5e66d7 c28bc62802b90f82 702d8f1064ab3e30 3986b68500d7704b 3fa57d488e979d74 ff88049e61f0f4ef e0269da736ddf004 bd713b37b67866c3 fd30682593995748 2a06f5614060e3b6 39f6296778264878 e25a1da6ca187350 4d7653ea9499eed4 734dabb98795c35c 942a7d26d81c841f bd0f175ee98c613e ae94d8435a6847f4 b6d0f83aad4e4dc7 b24820ae14e16a24
190,52e459a551d4ac2d 0b774cf90856c4da 04fda7c9d8971ec0 00958a140c3a6de8 190ab585fd379f0f e8b87ed7db1bcb1f bc27d5dc9bab1c18 b50b4e27b03c7b37 395b26d91f98bd92 f25bfcffedaccf28 59bf6d6df9146d60 393f49286db04aeb daa257a37227cd72 27bc34b9887bec0d 9b2adcf4041227d7 57113c2a4cacd961 8699cc5dd4159b69 b6d0f83aad4e4dc7 b24820ae14e16a24 39f6296778264878 2a06f5614060e3b6 fd30682593995748 622f2e4119882c94 bd713b37b67866c3 4b8c7061102517ef e0269da736ddf004 af8e70f978cd5aee ff88049e61f0f4ef 5ebb4d2f5f1c1f13 3fa57d488e979d74
191,939a1f686ea36c05 0647acc4602d4e8f 22756be6fd061d4c 8faeacf8ca08f62d 1dc7139adba034ec 52aa48c07b34dc88 95ecdbff44ad0b60 393f49286db04aeb 07f22a7ad7e4711d 3cb6b40d377e7ca8 8fc68213b63951dc 0eb4de784c8dd679 c1f2e3a76d388944 f9c6286cff30aaa8 0683b6a78f54be75 72b80b099fd64ec4 ad06e9eeea8eb4ea 999a52f1d301247c 587e0b2a4811fab1 f2e30efbd27bee51 47fbe21f5c35c7b4 c5830f9d0f1e29e5 72c2a95813ea72bd 3e8e56f639a5db5b 702d8f1064ab3e30 fd30682593995748 bd713b37b67866c3 3986b68500d7704b 3fa57d488e979d74 ff88049e61f0f4ef
192,a1314cd417504572 a84cd36608cb8665 537a55eda51a3f60 00958a140c3a6de8 e36475c1af5ea3ab bc27d5dc9bab1c18 18ced18aee04c48e bbbd5d2fd957e8f7 fd30682593995748 47fbe21f5c35c7b4 52370bea1acd0600 4d7653ea9499eed4 9a0f5ee4f845c9b2 0bcaac840d5e66d7 c28bc62802b90f82 bd713b37b67866c3 702d8f1064ab3e30 3986b68500d7704b 3fa57d488e979d74 ff88049e61f0f4ef e0269da736ddf004 cea18be9a89d7a81 e7cad3748e50b0f8 0708923badf2ff5d 734dabb98795c35c 942a7d26d81c841f bd0f175ee98c613e ae94d8435a6847f4 b6d0f83aad4e4dc7 b24820ae14e16a24
193,0079f3c74309b582 0195950ce0f47e34 005666aa098abe8e 7eec211cc37a1b05 64267373570e4ea3 447fc00f40d71d08 cb3e4ce97e7f2881 aa967ad3c1f65a29 9b2adcf4041227d7 db0e648651f4c92b 8643165b0f53df11 fb2ebcb5335ad2e2 1398b478b71773ed 6e12311169bcb24c 354d7a327bbcc152 5d26da95786b3a3a 29bedd00fb2be056 49b5678e0d1e5bcd 5f94b027039f4e48 cec2eea2a1fe566a 8e0760918e88e4a9 c96049ed915ced0a 28403e62105b00f6 74ae9af23a383bf5 5048a37f10cf2d91 0220a434aa8bf029 9c9ebf71707d7a37 b371170568146b12 4bed80e56ea2e099 964a50d33717c26d
194,83f8aca6ee2caabc 5dd752753760ced8 fd30682593995748 7c9248ed6224aa26 537a55eda51a3f60 00958a140c3a6de8 e36475c1af5ea3ab bc27d5dc9bab1c18 0b774cf90856c4da 2b48ab08c915c0ad 28a2067685cb3e97 238ec735a13a3f09 976baf0e84752a68 00d9f8d3f7d412b3 ee3ed9a3f51336cd 6461a9faa871b3ac e8b87ed7db1bcb1f e7828f0ea9749505 428f9363fa35882d d6ed7e4b14c51296 f25bfcffedaccf28 451e7ba901ad661d 59bf6d6df9146d60 393f49286db04aeb daa257a37227cd72 27bc34b9887bec0d 57113c2a4cacd961 09bbaa171c20bae3 8699cc5dd4159b69 18ced18aee04c48e
195,1a8e5d6512d9e2d8 4d32dae7b43c489a 7cea1f637ea3f37d 2820628e65a062e2 6461a9faa871b3ac ecb768ef6fd223ca 155600e5f1221f8c f48d0fbea7dc2782 190ab585fd379f0f a2805ed52b47b8ec cc507a0d6fcf4a1c 0c2eeab1e4ce1db8 18b1d2d84c97a364 98dbd15aa33ebc18 18ced18aee04c48e 8faeacf8ca08f62d 1efd7bd8a34a1359 b6cdb608f640e038 1dc7139adba034ec eff60ceea8817dad 52aa48c07b34dc88 95ecdbff44ad0b60 ec4ef2f727e7a03f 393f49286db04aeb 07f22a7ad7e4711d 3cb6b40d377e7ca8 8fc68213b63951dc 0eb4de784c8dd679 c1f2e3a76d388944 f9c6286cff30aaa8
196,537a55eda51a3f60 00958a140c3a6de8 c015590d6a6fe833 b50b4e27b03c7b37 e36475c1af5ea3ab bc27d5dc9bab1c18 9fbffc521da97c54 d92c0298f76ccf77 a04d6febd82a4389 d64c06baf5ef1c90 095bb1b6ecbd0a50 26fc2a95df5659c2 a14394322cf7043d 9b2adcf4041227d7 20d283a232dfd13c 4c3802a1bd3c842e 133b04350c75770b bd0f175ee98c613e 46315cf30aaee51c 2810fb6f81d1711c 4d9214c0925e5af8 b3e75fdca5ca2f1a 01e5a6edcee7deb0 1f4f62844c3cb99c bed3e73d52011f68 976baf0e84752a68 0688c790d5806540 316382267dcd804f 40583079f57235a6 74244a8703c03720
197,de35d2410e916471 44d324ebd3e22ad7 49b5678e0d1e5bcd b6cdb608f640e038 0d0368139e9a647f 65254e0d209fd66e c03b11a0cdc3fa39 a017f3358d5327aa 70776cdd9bb3b7d4 9b2adcf4041227d7 9a0f5ee4f845c9b2 c28bc62802b90f82 702d8f1064ab3e30 3986b68500d7704b 3fa57d488e979d74 ff88049e61f0f4ef e0269da736ddf004 bd713b37b67866c3 fd30682593995748 2a06f5614060e3b6 39f6296778264878 e25a1da6ca187350 0bcaac840d5e66d7 942a7d26d81c841f ae94d8435a6847f4 b6d0f83aad4e4dc7 b24820ae14e16a24 622f2e4119882c94 4b8c7061102517ef af8e70f978cd5aee
198,59bf6d6df9146d60 fd57e641d06ebda7 b29ab87af6ea6310 005666aa098abe8e e8b87ed7db1bcb1f 65708d542bd01f39 f25bfcffedaccf28 ffa9091747ae2466 393f49286db04aeb abf90e759d208468 942a7d26d81c841f f54ad8d1eb18212e 7b81f1f2b6ec2e5f a14394322cf7043d 26fc2a95df5659c2 095bb1b6ecbd0a50 796888cc3443006c 4c3802a1bd3c842e eec6b281e236b500 daa257a37227cd72 413c55a5ab86881a 27bc34b9887bec0d 0eafda717681bbdc 01e5a6edcee7deb0 b3e75fdca5ca2f1a bed3e73d52011f68 1f4f62844c3cb99c 197fa50b30d91fe8 40583079f57235a6 6c017e548aa138f2
199,74e59c5820900b17 dac29ed8400b50cc 2a06f5614060e3b6 2810fb6f81d1711c e7cad3748e50b0f8 bb7515be835dea49 ffc688c4c1c2a068 c08c3765ac609cc0 a9eef13786610446 f705b637f624147e 3fa57d488e979d74 0b0021aa60d05daa 54f55c74d37db3c0 f46601a9955f9949 83f8f2fc471cad74 acae1d29289b1266 9269d2b0d877352d e14a893f1918277e 8d58da0e1800dc96 8e0760918e88e4a9 702d8f1064ab3e30 6d80d2e62d01f6bc d7d937303a6d5a9d e878efab7c37179e 49224aca40e6e5e3 65fac1ba1840000f 8643165b0f53df11 4d417b203b333363 0220a434aa8bf029 d1e21234d7cc61d2
200,8dedff0a79784abc 9b0e8cf8153e3b33 d6bbbd6c4968075a 4f2fffd7528de786 2e031d83339759b2 e9c20b67a4c5395f b6a1c97f19af78d0 58654e3143c6550b ce0f56b7190c268a 033d905aec273595 b6e72edcad270be0 48a76e3aff69d605 9f4e0d572b1f4e6c acae1d29289b1266 a60934e6b473097a 148ac4a56a18844d eab15ee21e126f6a 0451447dd64f6284 b6e646c13d0753ae a2c35fdf07a13286 92f42fbd0c38f7fd a860b682add9de1c 3a6e7894dde31c67 e8ad5e31484ef889 52370bea1acd0600 77e2f7da1f9d3a8f e6a29676c096f8e8 680bb5c5c3bb6ee1 1398b478b71773ed 3e66b4855d0dddbe
201,5547f9f1638ac345 27888817db122597 0eb4de784c8dd679 72b80b099fd64ec4 c5830f9d0f1e29e5 d92c0298f76ccf77 d72363ddd958d906 3d6880bd12f6613f 28a2067685cb3e97 133b04350c75770b 4d9214c0925e5af8 e0269da736ddf004 26140b225c4f8d3f 03ed286136d7b3cf 8faeacf8ca08f62d 1dc7139adba034ec 52aa48c07b34dc88 95ecdbff44ad0b60 393f49286db04aeb 07f22a7ad7e4711d 3cb6b40d377e7ca8 8fc68213b63951dc c1f2e3a76d388944 f9c6286cff30aaa8 0683b6a78f54be75 18ced18aee04c48e ad06e9eeea8eb4ea 999a52f1d301247c 587e0b2a4811fab1 f2e30efbd27bee51
202,c14d5b16840d3032 cc507a0d6fcf4a1c 3e8e56f639a5db5b 6a3919ad9ed8197e 3c565c1fc2316d16 00e1e2eb13f650e4 016da874bd04df55 1398b478b71773ed a0b1f4dd32f3e278 b2ee9eea2d974c90 828f5dfbbf1272ee f48d0fbea7dc2782 52aa48c07b34dc88 72b80b099fd64ec4 b1dcaca98bb76736 061f3e1feeaa3094 033d905aec273595 cea18be9a89d7a81 0a79fabc6f5d93c9 c015590d6a6fe833 8dc313a2cf9da354 0b0021aa60d05daa 622f2e4119882c94 40583079f57235a6 74244a8703c03720 1a8e5d6512d9e2d8 ebfda3b48083e390 1fe79c7de59ff6c6 90ecb28f2edb9d43 8faeacf8ca08f62d
203,b50b4e27b03c7b37 af41e2b6da3e7e02 5570ef88d970e9b4 e36475c1af5ea3ab 9b2adcf4041227d7 c03b11a0cdc3fa39 09bbaa171c20bae3 18ced18aee04c48e 9a0f5ee4f845c9b2 0bcaac840d5e66d7 c28bc62802b90f82 702d8f1064ab3e30 3986b68500d7704b 3fa57d488e979d74 ff88049e61f0f4ef e0269da736ddf004 bd713b37b67866c3 fd30682593995748 2a06f5614060e3b6 39f6296778264878 e25a1da6ca187350 c31a456b544a40a8 4d7653ea9499eed4 942a7d26d81c841f bd0f175ee98c613e ae94d8435a6847f4 b6d0f83aad4e4dc7 b24820ae14e16a24 622f2e4119882c94 4b8c7061102517ef
204,acae1d29289b1266 a853f13216170123 d92c0298f76ccf77 9f4e0d572b1f4e6c a492bd402afd5c71 d72363ddd958d906 133b04350c75770b 4d9214c0925e5af8 486dd77002936dec 26140b225c4f8d3f 03ed286136d7b3cf 8faeacf8ca08f62d 1dc7139adba034ec 52aa48c07b34dc88 95ecdbff44ad0b60 393f49286db04aeb 07f22a7ad7e4711d 3cb6b40d377e7ca8 8fc68213b63951dc 0eb4de784c8dd679 c1f2e3a76d388944 f9c6286cff30aaa8 0683b6a78f54be75 72b80b099fd64ec4 ad06e9eeea8eb4ea 999a52f1d301247c 587e0b2a4811fab1 f2e30efbd27bee51 47fbe21f5c35c7b4 09bbaa171c20bae3
205,e8ad5e31484ef889 52370bea1acd0600 680bb5c5c3bb6ee1 1398b478b71773ed 3e66b4855d0dddbe 4f2fffd7528de786 8dedff0a79784abc 07be6a290720707d bf973f9ec3600199 ce0f56b7190c268a 63d509cd2a2e0e47 b6e72edcad270be0 48a76e3aff69d605 4bed80e56ea2e099 a853f13216170123 0e45c4c185f35df6 0451447dd64f6284 d92c0298f76ccf77 95166957b2c38794 9f4e0d572b1f4e6c a492bd402afd5c71 133b04350c75770b 0708923badf2ff5d 4d9214c0925e5af8 486dd77002936dec 636224e349e561bf 26140b225c4f8d3f 09bbaa171c20bae3 18ced18aee04c48e 3986b68500d7704b
206,005666aa098abe8e 0195950ce0f47e34 0079f3c74309b582 ffc688c4c1c2a068 c08c3765ac609cc0 a9eef13786610446 f705b637f624147e 74e59c5820900b17 dac29ed8400b50cc 8d58da0e1800dc96 8643165b0f53df11 01ecc81f6341e902 4d417b203b333363 a813c15b46ceaf68 db7342eff9200020 b749972436ac9791 72403ecdfe02bba6 05f23e7d05dbf7c2 5b34da30b93eb123 6aac5e116b75aa22 44d324ebd3e22ad7 acae1d29289b1266 00140806971e7a73 95ecdbff44ad0b60 fc16a50ff0baec53 d35e11d3d1ab3c67 3ca7964973437917 0fbd0f422e926816 09660f466b38b7ba 7f95168400948588
207,0fbd0f422e926816 b29ab87af6ea6310 f2234bb7ce0c6f59 ffa9091747ae2466 0db6584e3bdfa1c4 73391e0853c1e040 05f23e7d05dbf7c2 72403ecdfe02bba6 b749972436ac9791 5b34da30b93eb123 6aac5e116b75aa22 d46598813fb437e5 abf90e759d208468 63d95d5977c2fe98 316382267dcd804f 942a7d26d81c841f 5fb2d8e734956af0 01020d1b0821f4c7 7b81f1f2b6ec2e5f c6b615b2589e036d e4a7a996ed6a5a81 a14394322cf7043d 095bb1b6ecbd0a50 26fc2a95df5659c2 796888cc3443006c 4c3802a1bd3c842e eec6b281e236b500 025a148c3a53bd9f 59bf6d6df9146d60 33856365c271aea4
208,1a8e5d6512d9e2d8 4d32dae7b43c489a 7cea1f637ea3f37d 2820628e65a062e2 6461a9faa871b3ac ecb768ef6fd223ca 155600e5f1221f8c f48d0fbea7dc2782 e36475c1af5ea3ab 190ab585fd379f0f 5dd752753760ced8 0b774cf90856c4da bbbd5d2fd957e8f7 b50b4e27b03c7b37 83f8aca6ee2caabc 7c9248ed6224aa26 537a55eda51a3f60 00958a140c3a6de8 fd30682593995748 bc27d5dc9bab1c18 cc507a0d6fcf4a1c 26f72a4eb15ea8c0 7d83ffe83f61bdc4 fc8971756f9ec194 50ba507a268872e1 2b48ab08c915c0ad a84cd36608cb8665 5570ef88d970e9b4 4d29c6922b2d0d56 00ff646ca6637bd7
209,3c565c1fc2316d16 a65e30106ea50423 f2e30efbd27bee51 3b4a85bac6ead3c8 587e0b2a4811fab1 a18df74d3a16e9c0 29968e8fd13539f8 95166957b2c38794 99e833818ec4bbf2 de8e1345e8c305c4 8699cc5dd4159b69 ced9c56f2be86774 e1460af4a7044067 f105a53e5cfae611 cc507a0d6fcf4a1c 9a0f5ee4f845c9b2 b1e47da7659b675c c14d5b16840d3032 6a3919ad9ed8197e 22756be6fd061d4c 00e1e2eb13f650e4 016da874bd04df55 1398b478b71773ed a0b1f4dd32f3e278 b2ee9eea2d974c90 828f5dfbbf1272ee f48d0fbea7dc2782 3e8e56f639a5db5b 18ced18aee04c48e 702d8f1064ab3e30
210,8fc68213b63951dc 796888cc3443006c 0db6584e3bdfa1c4 5fb2d8e734956af0 8faeacf8ca08f62d ce2fe99a7cda4a17 1dc7139adba034ec 33856365c271aea4 52aa48c07b34dc88 95ecdbff44ad0b60 393f49286db04aeb 07f22a7ad7e4711d a813c15b46ceaf68 3cb6b40d377e7ca8 16b11706660177ff 0eb4de784c8dd679 d72363ddd958d906 c1f2e3a76d388944 f9c6286cff30aaa8 0683b6a78f54be75 72b80b099fd64ec4 387e9cd2e5d4ea7d 29bedd00fb2be056 ad06e9eeea8eb4ea 999a52f1d301247c 587e0b2a4811fab1 f2e30efbd27bee51 47fbe21f5c35c7b4 09bbaa171c20bae3 c5830f9d0f1e29e5
211,c810ac016901e8ac 47fbe21f5c35c7b4 8e0760918e88e4a9 07f22a7ad7e4711d cc507a0d6fcf4a1c 0c2eeab1e4ce1db8 18b1d2d84c97a364 98dbd15aa33ebc18 8faeacf8ca08f62d 1efd7bd8a34a1359 b6cdb608f640e038 1dc7139adba034ec edc79e57b20e9036 eff60ceea8817dad d980375fbd40c75f 52aa48c07b34dc88 95ecdbff44ad0b60 ec4ef2f727e7a03f f05fa5f57dc03e81 734dabb98795c35c 393f49286db04aeb 3cb6b40d377e7ca8 5570ef88d970e9b4 e4a7a996ed6a5a81 8fc68213b63951dc 7c8324ce28ffb96e 0eb4de784c8dd679 c1f2e3a76d388944 f9c6286cff30aaa8 e36475c1af5ea3ab
212,00d9eb862ba3dfc6 acae1d29289b1266 1c3b74a02a86467d 58654e3143c6550b 47fbe21f5c35c7b4 52370bea1acd0600 4d7653ea9499eed4 9a0f5ee4f845c9b2 0bcaac840d5e66d7 c28bc62802b90f82 3986b68500d7704b 3fa57d488e979d74 ff88049e61f0f4ef e0269da736ddf004 bd713b37b67866c3 fd30682593995748 2a06f5614060e3b6 39f6296778264878 c31a456b544a40a8 702d8f1064ab3e30 0708923badf2ff5d 734dabb98795c35c 942a7d26d81c841f bd0f175ee98c613e ae94d8435a6847f4 b6d0f83aad4e4dc7 b24820ae14e16a24 622f2e4119882c94 e25a1da6ca187350 af8e70f978cd5aee
213,3d6880bd12f6613f a04d6febd82a4389 d64c06baf5ef1c90 26fc2a95df5659c2 a14394322cf7043d 095bb1b6ecbd0a50 20d283a232dfd13c 4c3802a1bd3c842e bd0f175ee98c613e 46315cf30aaee51c 2810fb6f81d1711c b3e75fdca5ca2f1a bed3e73d52011f68 1f4f62844c3cb99c 01e5a6edcee7deb0 976baf0e84752a68 0688c790d5806540 316382267dcd804f 40583079f57235a6 74244a8703c03720 8f578001f9d5f543 b78189788d563693 00d9f8d3f7d412b3 e228204ae08d1355 7e4a4a1300b77a06 9f4e0d572b1f4e6c 05e4165a56bf50eb a60934e6b473097a 27a12f29dceccdbd e878efab7c37179e
214,dac29ed8400b50cc 5057551fc55e9ed2 50ba507a268872e1 5a1149fbcbd37376 8faeacf8ca08f62d 1dc7139adba034ec 52aa48c07b34dc88 95ecdbff44ad0b60 393f49286db04aeb 07f22a7ad7e4711d 3cb6b40d377e7ca8 8fc68213b63951dc 0eb4de784c8dd679 c1f2e3a76d388944 f9c6286cff30aaa8 0683b6a78f54be75 72b80b099fd64ec4 18ced18aee04c48e ad06e9eeea8eb4ea 999a52f1d301247c 587e0b2a4811fab1 f2e30efbd27bee51 47fbe21f5c35c7b4 c5830f9d0f1e29e5 72c2a95813ea72bd 3e8e56f639a5db5b 5547f9f1638ac345 f58ff7f1a6cde683 c31a456b544a40a8 e25a1da6ca187350
215,18ced18aee04c48e bc27d5dc9bab1c18 1d72229ebcc00faf bbbd5d2fd957e8f7 47fbe21f5c35c7b4 52370bea1acd0600 4d7653ea9499eed4 9a0f5ee4f845c9b2 0bcaac840d5e66d7 c28bc62802b90f82 cea18be9a89d7a81 3986b68500d7704b 3fa57d488e979d74 ff88049e61f0f4ef e0269da736ddf004 bd713b37b67866c3 fd30682593995748 2a06f5614060e3b6 39f6296778264878 702d8f1064ab3e30 e7cad3748e50b0f8 0708923badf2ff5d 734dabb98795c35c 942a7d26d81c841f bd0f175ee98c613e ae94d8435a6847f4 b6d0f83aad4e4dc7 b24820ae14e16a24 5fb2d8e734956af0 4b8c7061102517ef
216,8faeacf8ca08f62d 1dc7139adba034ec 52aa48c07b34dc88 95ecdbff44ad0b60 393f49286db04aeb 07f22a7ad7e4711d 3cb6b40d377e7ca8 8fc68213b63951dc 0eb4de784c8dd679 c1f2e3a76d388944 f9c6286cff30aaa8 0683b6a78f54be75 72b80b099fd64ec4 ad06e9eeea8eb4ea 999a52f1d301247c 587e0b2a4811fab1 f2e30efbd27bee51 47fbe21f5c35c7b4 c5830f9d0f1e29e5 72c2a95813ea72bd 3e8e56f639a5db5b b2ee9eea2d974c90 702d8f1064ab3e30 3986b68500d7704b 3fa57d488e979d74 ff88049e61f0f4ef e0269da736ddf004 bd713b37b67866c3 fd30682593995748 2a06f5614060e3b6
217,0cd920bad11c716d 354d7a327bbcc152 e7828f0ea9749505 18b1d2d84c97a364 538c7bb968b2154c 00af886180e9eaec db69d4cbfef8d22f 42c9b72cc77dcb28 cc507a0d6fcf4a1c 0c2eeab1e4ce1db8 ca4de5b8a7bda9df 9a439fd1abf95245 98dbd15aa33ebc18 7c9248ed6224aa26 24c47959ea77b15b 1efd7bd8a34a1359 b6cdb608f640e038 4bed80e56ea2e099 8e83d05923cde390 919b1679fffa7ef1 eff60ceea8817dad ec4ef2f727e7a03f a04d6febd82a4389 f6d23cdd2359f7c0 f05fa5f57dc03e81 da7d3c2d591c4295 628accd9be98503c d64c06baf5ef1c90 65254e0d209fd66e 095bb1b6ecbd0a50
218,c015590d6a6fe833 22756be6fd061d4c a982b5c3aed39396 e403278468d84383 4beacc71024f8b08 9fbffc521da97c54 b1dcaca98bb76736 061f3e1feeaa3094 033d905aec273595 cea18be9a89d7a81 0a79fabc6f5d93c9 52aa48c07b34dc88 8dc313a2cf9da354 3e8e56f639a5db5b 0b0021aa60d05daa 622f2e4119882c94 40583079f57235a6 74244a8703c03720 1a8e5d6512d9e2d8 ebfda3b48083e390 1fe79c7de59ff6c6 90ecb28f2edb9d43 72b80b099fd64ec4 366a22fce0614fb8 0f4c71d341e2d939 c14d5b16840d3032 f49e13a653cbdad2 453bc79164d57a01 05e4165a56bf50eb 7155e5a86136eb02
219,18b1d2d84c97a364 0c2eeab1e4ce1db8 fc8971756f9ec194 a677c3a76055a6d2 2e44fbb8bc3d8d71 00ff646ca6637bd7 b0b5e62a93a2c37c 2bafd15871caae91 2dd12c230ab22555 9f27aa36c1ea793c f28fb3d9880c5d4c 36d33c41812ce7dc 42c9b72cc77dcb28 37001ade0df85823 351c9da399c2b915 197fa50b30d91fe8 120e745e2961b5d5 7b81f1f2b6ec2e5f b29ab87af6ea6310 ffa9091747ae2466 26fc2a95df5659c2 095bb1b6ecbd0a50 a14394322cf7043d 4c3802a1bd3c842e abf90e759d208468 01e5a6edcee7deb0 1f4f62844c3cb99c b3e75fdca5ca2f1a bed3e73d52011f68 942a7d26d81c841f
220,cc507a0d6fcf4a1c d72363ddd958d906 c14d5b16840d3032 6a3919ad9ed8197e 3c565c1fc2316d16 00e1e2eb13f650e4 3e8e56f639a5db5b 016da874bd04df55 1398b478b71773ed a0b1f4dd32f3e278 b2ee9eea2d974c90 828f5dfbbf1272ee f48d0fbea7dc2782 03ed286136d7b3cf 8faeacf8ca08f62d 1dc7139adba034ec 52aa48c07b34dc88 95ecdbff44ad0b60 393f49286db04aeb 07f22a7ad7e4711d 3cb6b40d377e7ca8 8fc68213b63951dc 0eb4de784c8dd679 c1f2e3a76d388944 f9c6286cff30aaa8 0683b6a78f54be75 72b80b099fd64ec4 ad06e9eeea8eb4ea 999a52f1d301247c 587e0b2a4811fab1
221,cc507a0d6fcf4a1c 0b774cf90856c4da 537a55eda51a3f60 00958a140c3a6de8 50806199c80e215c e36475c1af5ea3ab 58654e3143c6550b 5dd752753760ced8 bc27d5dc9bab1c18 b50b4e27b03c7b37 249bf372159f33e9 190ab585fd379f0f 74244a8703c03720 2e031d83339759b2 83f8aca6ee2caabc 7c9248ed6224aa26 46315cf30aaee51c 00ff646ca6637bd7 0688c790d5806540 b78189788d563693 8f578001f9d5f543 853e36b1550c6274 c6b615b2589e036d e14a893f1918277e fc21db75b354a917 4d32dae7b43c489a 26f72a4eb15ea8c0 d7d937303a6d5a9d e878efab7c37179e 4b8c7061102517ef
222,bf973f9ec3600199 0fbd0f422e926816 f2234bb7ce0c6f59 0db6584e3bdfa1c4 73391e0853c1e040 72403ecdfe02bba6 05f23e7d05dbf7c2 5b34da30b93eb123 b749972436ac9791 6aac5e116b75aa22 d46598813fb437e5 63d95d5977c2fe98 316382267dcd804f 5fb2d8e734956af0 01020d1b0821f4c7 c6b615b2589e036d e4a7a996ed6a5a81 ce0f56b7190c268a d72363ddd958d906 025a148c3a53bd9f 33856365c271aea4 4d29c6922b2d0d56 5b16bae6a0de7c88 d35e11d3d1ab3c67 ac9ee0c09b538140 b69ce8b8154645f8 09660f466b38b7ba 22756be6fd061d4c 0d0368139e9a647f 4522ad78bf79f0c9
223,00d9eb862ba3dfc6 e8ad5e31484ef889 680bb5c5c3bb6ee1 1398b478b71773ed 3e66b4855d0dddbe 8dedff0a79784abc 07be6a290720707d bf973f9ec3600199 ce0f56b7190c268a 63d509cd2a2e0e47 cc507a0d6fcf4a1c 0c2eeab1e4ce1db8 18b1d2d84c97a364 98dbd15aa33ebc18 1efd7bd8a34a1359 b6cdb608f640e038 eff60ceea8817dad ec4ef2f727e7a03f da7d3c2d591c4295 18ced18aee04c48e 9a0f5ee4f845c9b2 0bcaac840d5e66d7 c28bc62802b90f82 702d8f1064ab3e30 3986b68500d7704b ae94d8435a6847f4 ff88049e61f0f4ef bd0f175ee98c613e e0269da736ddf004 bd713b37b67866c3
224,b6e72edcad270be0 48a76e3aff69d605 a0566ca9daca7778 f05fa5f57dc03e81 734dabb98795c35c 576dd429db946393 e36475c1af5ea3ab cc507a0d6fcf4a1c 0c2eeab1e4ce1db8 18b1d2d84c97a364 98dbd15aa33ebc18 1efd7bd8a34a1359 b6cdb608f640e038 eff60ceea8817dad ec4ef2f727e7a03f da7d3c2d591c4295 52370bea1acd0600 9a0f5ee4f845c9b2 0bcaac840d5e66d7 c28bc62802b90f82 702d8f1064ab3e30 3986b68500d7704b 3fa57d488e979d74 ff88049e61f0f4ef e0269da736ddf004 bd713b37b67866c3 fd30682593995748 2a06f5614060e3b6 39f6296778264878 e25a1da6ca187350
225,ecb768ef6fd223ca 1a8e5d6512d9e2d8 6cb9ab508a0678a0 4d32dae7b43c489a cc861214a89ef1f4 af8e70f978cd5aee 7cea1f637ea3f37d 2820628e65a062e2 354d7a327bbcc152 6461a9faa871b3ac 025a148c3a53bd9f 22e8d6734e4121ae 4105533fe46dfba9 fab14d178b24a67f 155600e5f1221f8c f48d0fbea7dc2782 190ab585fd379f0f 059bbdbdb843af6a 18ced18aee04c48e 3fa57d488e979d74 3986b68500d7704b ff88049e61f0f4ef e0269da736ddf004 bd713b37b67866c3 702d8f1064ab3e30 fd30682593995748 c28bc62802b90f82 0bcaac840d5e66d7 9a0f5ee4f845c9b2 4d7653ea9499eed4
226,b29ab87af6ea6310 abf90e759d208468 ffa9091747ae2466 095bb1b6ecbd0a50 26fc2a95df5659c2 a14394322cf7043d 796888cc3443006c 4c3802a1bd3c842e eec6b281e236b500 0eafda717681bbdc 01e5a6edcee7deb0 bed3e73d52011f68 1f4f62844c3cb99c b3e75fdca5ca2f1a 6c017e548aa138f2 b3ad55963554f220 c28bc62802b90f82 942a7d26d81c841f 7b81f1f2b6ec2e5f edc79e57b20e9036 59bf6d6df9146d60 413c55a5ab86881a 197fa50b30d91fe8 40583079f57235a6 64b31699d7d15934 d5805cdb9e8f0f48 a18df74d3a16e9c0 cc861214a89ef1f4 a04d6febd82a4389 a292248bb2bffb3d
227,2394b08708475900 54a11cbcd7a32af4 90ecb28f2edb9d43 5c8c6d9a1fd4c1e0 6a3919ad9ed8197e a492bd402afd5c71 2e4b00c01d58e79e 01b3da54ffb158a0 5b16bae6a0de7c88 7c98dedd223b36c0 bd713b37b67866c3 bc2ae5f4e5d53e00 b69ce8b8154645f8 8faeacf8ca08f62d b2ee9eea2d974c90 1dc7139adba034ec 828f5dfbbf1272ee 77e2f7da1f9d3a8f 050544c040f46152 52aa48c07b34dc88 95ecdbff44ad0b60 a982b5c3aed39396 f48d0fbea7dc2782 ce0f56b7190c268a 393f49286db04aeb 07f22a7ad7e4711d f44f74b3451aa593 3cb6b40d377e7ca8 8fc68213b63951dc 0eb4de784c8dd679
228,0e45c4c185f35df6 0451447dd64f6284 95166957b2c38794 636224e349e561bf 18ced18aee04c48e 47fbe21f5c35c7b4 52370bea1acd0600 4d7653ea9499eed4 9a0f5ee4f845c9b2 0bcaac840d5e66d7 c28bc62802b90f82 702d8f1064ab3e30 3986b68500d7704b bbbd5d2fd957e8f7 ff88049e61f0f4ef e0269da736ddf004 bd713b37b67866c3 fd30682593995748 2a06f5614060e3b6 39f6296778264878 3fa57d488e979d74 0708923badf2ff5d 734dabb98795c35c 942a7d26d81c841f bd0f175ee98c613e ae94d8435a6847f4 b6d0f83aad4e4dc7 b24820ae14e16a24 622f2e4119882c94 cea18be9a89d7a81
229,b26d8664feb18c8c b05b5f6850cfa158 5c8c6d9a1fd4c1e0 a14394322cf7043d 095bb1b6ecbd0a50 26fc2a95df5659c2 4c3802a1bd3c842e 01e5a6edcee7deb0 bed3e73d52011f68 b3e75fdca5ca2f1a 1f4f62844c3cb99c b29ab87af6ea6310 40583079f57235a6 acae1d29289b1266 ffa9091747ae2466 9100ea6cd0e084bf abf90e759d208468 942a7d26d81c841f 7b81f1f2b6ec2e5f a04d6febd82a4389 796888cc3443006c eec6b281e236b500 59bf6d6df9146d60 413c55a5ab86881a 0eafda717681bbdc d64c06baf5ef1c90 197fa50b30d91fe8 20d283a232dfd13c 6c017e548aa138f2 bd0f175ee98c613e
230,3734d3b0b9232538 b8e2f75014710ced 430feb4826a5632e 95ecdbff44ad0b60 d3c4a7db726191e0 a52df8083c238c46 acae1d29289b1266 73f770f2643a2135 ad06e9eeea8eb4ea bd713b37b67866c3 047769588be1aea9 cc507a0d6fcf4a1c ae94d8435a6847f4 0c2eeab1e4ce1db8 09bbaa171c20bae3 c015590d6a6fe833 18b1d2d84c97a364 98dbd15aa33ebc18 9fbffc521da97c54 1efd7bd8a34a1359 b6cdb608f640e038 eff60ceea8817dad ec4ef2f727e7a03f da7d3c2d591c4295 18ced18aee04c48e 702d8f1064ab3e30 3986b68500d7704b 3fa57d488e979d74 ff88049e61f0f4ef e0269da736ddf004
231,0c15f252d30646fc aa0789b403bcd839 09bbaa171c20bae3 8faeacf8ca08f62d 1dc7139adba034ec 52aa48c07b34dc88 95ecdbff44ad0b60 393f49286db04aeb 07f22a7ad7e4711d 3cb6b40d377e7ca8 8fc68213b63951dc 0eb4de784c8dd679 c1f2e3a76d388944 f9c6286cff30aaa8 0683b6a78f54be75 72b80b099fd64ec4 ad06e9eeea8eb4ea 999a52f1d301247c 587e0b2a4811fab1 f2e30efbd27bee51 47fbe21f5c35c7b4 c5830f9d0f1e29e5 72c2a95813ea72bd 3e8e56f639a5db5b 3fa57d488e979d74 ff88049e61f0f4ef e0269da736ddf004 bd713b37b67866c3 1f4f62844c3cb99c fd30682593995748
232,74e59c5820900b17 dac29ed8400b50cc 2a06f5614060e3b6 6cb9ab508a0678a0 cc861214a89ef1f4 af8e70f978cd5aee 2810fb6f81d1711c e7cad3748e50b0f8 354d7a327bbcc152 bb7515be835dea49 c08c3765ac609cc0 a9eef13786610446 ffc688c4c1c2a068 f705b637f624147e 025a148c3a53bd9f 3fa57d488e979d74 0b0021aa60d05daa 54f55c74d37db3c0 22e8d6734e4121ae f46601a9955f9949 83f8f2fc471cad74 4105533fe46dfba9 ecb768ef6fd223ca acae1d29289b1266 fab14d178b24a67f 9269d2b0d877352d e14a893f1918277e 8d58da0e1800dc96 702d8f1064ab3e30 6d80d2e62d01f6bc
233,e8b87ed7db1bcb1f f25bfcffedaccf28 59bf6d6df9146d60 393f49286db04aeb daa257a37227cd72 27bc34b9887bec0d 57113c2a4cacd961 8699cc5dd4159b69 18ced18aee04c48e 9a0f5ee4f845c9b2 0bcaac840d5e66d7 c31a456b544a40a8 e25a1da6ca187350 c28bc62802b90f82 702d8f1064ab3e30 3fa57d488e979d74 39f6296778264878 ff88049e61f0f4ef e0269da736ddf004 bd713b37b67866c3 2a06f5614060e3b6 fd30682593995748 3986b68500d7704b bd0f175ee98c613e ae94d8435a6847f4 b6d0f83aad4e4dc7 b24820ae14e16a24 622f2e4119882c94 4b8c7061102517ef af8e70f978cd5aee
234,b50b4e27b03c7b37 26f72a4eb15ea8c0 74873b42602d8958 4c0eee2c1a5e76e2 50ba507a268872e1 cec2eea2a1fe566a 8abe670908f12614 537a55eda51a3f60 2dd12c230ab22555 cba7e22bb383083a 36d33c41812ce7dc d64c7c3b658689f4 00ff646ca6637bd7 9b2adcf4041227d7 0b774cf90856c4da 120e745e2961b5d5 4b8c7061102517ef bbbd5d2fd957e8f7 a1314cd417504572 5057551fc55e9ed2 18ced18aee04c48e b6d0f83aad4e4dc7 39f6296778264878 b24820ae14e16a24 2a06f5614060e3b6 fd30682593995748 622f2e4119882c94 bd713b37b67866c3 e0269da736ddf004 ff88049e61f0f4ef
235,f1a3b8b13e9401c0 59c231f8fd21260c a0566ca9daca7778 5c4b7558c942a224 b1e47da7659b675c d5952b2e031c4e7e 636224e349e561bf da011b87595c1019 18ced18aee04c48e 52370bea1acd0600 4d7653ea9499eed4 9a0f5ee4f845c9b2 0bcaac840d5e66d7 c28bc62802b90f82 702d8f1064ab3e30 3986b68500d7704b 47fbe21f5c35c7b4 ff88049e61f0f4ef e0269da736ddf004 bd713b37b67866c3 fd30682593995748 2a06f5614060e3b6 39f6296778264878 3fa57d488e979d74 734dabb98795c35c 942a7d26d81c841f bd0f175ee98c613e ae94d8435a6847f4 b6d0f83aad4e4dc7 b24820ae14e16a24
236,cc507a0d6fcf4a1c 0c2eeab1e4ce1db8 18b1d2d84c97a364 98dbd15aa33ebc18 ce2fe99a7cda4a17 8643165b0f53df11 1efd7bd8a34a1359 b6cdb608f640e038 d1e21234d7cc61d2 0bcaac840d5e66d7 5d26da95786b3a3a eff60ceea8817dad ec4ef2f727e7a03f ce0f56b7190c268a 29bedd00fb2be056 da7d3c2d591c4295 64c2e323906b42d3 106204cd0e07e1b2 964a50d33717c26d dc17b07476183764 404031ab9d5977c4 ae94d8435a6847f4 9a0f5ee4f845c9b2 a52df8083c238c46 c28bc62802b90f82 702d8f1064ab3e30 3986b68500d7704b 3fa57d488e979d74 e0269da736ddf004 bd713b37b67866c3
237,e8b87ed7db1bcb1f f25bfcffedaccf28 393f49286db04aeb 59bf6d6df9146d60 daa257a37227cd72 27bc34b9887bec0d 57113c2a4cacd961 8699cc5dd4159b69 e403278468d84383 395b26d91f98bd92 4beacc71024f8b08 ddf332f2b55a2a23 8faeacf8ca08f62d 1dc7139adba034ec 52aa48c07b34dc88 95ecdbff44ad0b60 07f22a7ad7e4711d 3cb6b40d377e7ca8 8fc68213b63951dc 0eb4de784c8dd679 c1f2e3a76d388944 f9c6286cff30aaa8 0683b6a78f54be75 72b80b099fd64ec4 ad06e9eeea8eb4ea 999a52f1d301247c 587e0b2a4811fab1 f2e30efbd27bee51 47fbe21f5c35c7b4 c5830f9d0f1e29e5
238,d64c06baf5ef1c90 c810ac016901e8ac a04d6febd82a4389 26fc2a95df5659c2 a14394322cf7043d 095bb1b6ecbd0a50 20d283a232dfd13c 4c3802a1bd3c842e bd0f175ee98c613e 46315cf30aaee51c 2810fb6f81d1711c b3e75fdca5ca2f1a 01e5a6edcee7deb0 1f4f62844c3cb99c bed3e73d52011f68 976baf0e84752a68 0688c790d5806540 316382267dcd804f 40583079f57235a6 74244a8703c03720 09bbaa171c20bae3 8f578001f9d5f543 b78189788d563693 00d9f8d3f7d412b3 e228204ae08d1355 7e4a4a1300b77a06 9f4e0d572b1f4e6c 05e4165a56bf50eb a60934e6b473097a 27a12f29dceccdbd
239,cc507a0d6fcf4a1c 0c2eeab1e4ce1db8 18b1d2d84c97a364 98dbd15aa33ebc18 1efd7bd8a34a1359 b6cdb608f640e038 eff60ceea8817dad ec4ef2f727e7a03f da7d3c2d591c4295 bbbd5d2fd957e8f7 47fbe21f5c35c7b4 52370bea1acd0600 4d7653ea9499eed4 9a0f5ee4f845c9b2 0bcaac840d5e66d7 c28bc62802b90f82 702d8f1064ab3e30 3986b68500d7704b 3fa57d488e979d74 bd713b37b67866c3 e0269da736ddf004 ff88049e61f0f4ef 2a06f5614060e3b6 e36475c1af5ea3ab 0708923badf2ff5d 734dabb98795c35c 942a7d26d81c841f bd0f175ee98c613e ae94d8435a6847f4 b6d0f83aad4e4dc7
240,2e44fbb8bc3d8d71 898a4921ab9f4cce a04d6febd82a4389 d64c06baf5ef1c90 a14394322cf7043d 26fc2a95df5659c2 095bb1b6ecbd0a50 20d283a232dfd13c 4c3802a1bd3c842e bd0f175ee98c613e 46315cf30aaee51c 2810fb6f81d1711c 01e5a6edcee7deb0 bed3e73d52011f68 1f4f62844c3cb99c b3e75fdca5ca2f1a 976baf0e84752a68 0688c790d5806540 316382267dcd804f 40583079f57235a6 74244a8703c03720 b78189788d563693 8f578001f9d5f543 00d9f8d3f7d412b3 e228204ae08d1355 7e4a4a1300b77a06 9f4e0d572b1f4e6c 05e4165a56bf50eb a60934e6b473097a 27a12f29dceccdbd
241,453bc79164d57a01 055d895a3b26e466 4b8c7061102517ef 37001ade0df85823 a04d6febd82a4389 393f49286db04aeb 120e745e2961b5d5 025a148c3a53bd9f 537a55eda51a3f60 e8b87ed7db1bcb1f 00958a140c3a6de8 50806199c80e215c 095bb1b6ecbd0a50 26fc2a95df5659c2 a14394322cf7043d 9fbffc521da97c54 20d283a232dfd13c 4c3802a1bd3c842e bd0f175ee98c613e 46315cf30aaee51c f25bfcffedaccf28 ecb768ef6fd223ca e36475c1af5ea3ab 6cb9ab508a0678a0 bc27d5dc9bab1c18 daa257a37227cd72 27bc34b9887bec0d 01e5a6edcee7deb0 bed3e73d52011f68 1f4f62844c3cb99c
242,8faeacf8ca08f62d 1dc7139adba034ec 52aa48c07b34dc88 95ecdbff44ad0b60 393f49286db04aeb 07f22a7ad7e4711d 3cb6b40d377e7ca8 8fc68213b63951dc 0eb4de784c8dd679 c1f2e3a76d388944 f9c6286cff30aaa8 0683b6a78f54be75 72b80b099fd64ec4 ad06e9eeea8eb4ea 999a52f1d301247c 587e0b2a4811fab1 f2e30efbd27bee51 47fbe21f5c35c7b4 c5830f9d0f1e29e5 72c2a95813ea72bd 3e8e56f639a5db5b b2ee9eea2d974c90 702d8f1064ab3e30 3986b68500d7704b 3fa57d488e979d74 ff88049e61f0f4ef e0269da736ddf004 bd713b37b67866c3 fd30682593995748 2a06f5614060e3b6
243,46b99f864d6a075a 1a05ef8c93af8eed 7eec211cc37a1b05 1398b478b71773ed 64267373570e4ea3 fb2ebcb5335ad2e2 447fc00f40d71d08 cb3e4ce97e7f2881 c14d5b16840d3032 9b2adcf4041227d7 db0e648651f4c92b 3e8e56f639a5db5b 8643165b0f53df11 4bed80e56ea2e099 0079f3c74309b582 455fde214d16d350 6e12311169bcb24c 354d7a327bbcc152 5d26da95786b3a3a cc507a0d6fcf4a1c d72363ddd958d906 29bedd00fb2be056 b1dcaca98bb76736 49b5678e0d1e5bcd 5f94b027039f4e48 cec2eea2a1fe566a 8e0760918e88e4a9 c96049ed915ced0a 28403e62105b00f6 6a3919ad9ed8197e
244,46315cf30aaee51c 0688c790d5806540 74244a8703c03720 8f578001f9d5f543 b78189788d563693 c6b615b2589e036d e14a893f1918277e fc21db75b354a917 4d32dae7b43c489a 351c9da399c2b915 a60934e6b473097a d7d937303a6d5a9d e878efab7c37179e c606425856952286 025a148c3a53bd9f 016da874bd04df55 4d9214c0925e5af8 428f9363fa35882d 047769588be1aea9 d6bbbd6c4968075a 853e36b1550c6274 9c9a9d45c2ea7ddf 0c2eeab1e4ce1db8 fc8971756f9ec194 18b1d2d84c97a364 a677c3a76055a6d2 2e44fbb8bc3d8d71 b0b5e62a93a2c37c 2bafd15871caae91 2dd12c230ab22555
245,4bed80e56ea2e099 cc0c9419f8a20603 46b99f864d6a075a 538c7bb968b2154c 447fc00f40d71d08 f209d29f991432f0 ddf332f2b55a2a23 e7828f0ea9749505 ca4de5b8a7bda9df 24c47959ea77b15b 7eec211cc37a1b05 96e82fa141db9a4b 765c0695339c3abe f29eee8054c061e1 9f3d2ca16f358290 1a05ef8c93af8eed ac9ee0c09b538140 e8684734f2e587bd 8e83d05923cde390 919b1679fffa7ef1 4d954d933e606b70 3e8e56f639a5db5b c11b97f245a9dfd0 f6d23cdd2359f7c0 4d7653ea9499eed4 4f915ad69e1dca36 09bbaa171c20bae3 628accd9be98503c cc507a0d6fcf4a1c 45bd99d5d2eef776
246,4491016efed845f1 42bb83d7c4b9ecae 43b3338423d7386c e25a1da6ca187350 0a79fabc6f5d93c9 d3c4a7db726191e0 172bc0ee09332ae9 8a5635c748344d47 4577ae048ef1967d b26d8664feb18c8c 01020d1b0821f4c7 48f93f9c2c699e19 34a62e66e05f9a44 b05b5f6850cfa158 ec1b3d7ccd3984d0 d92c0298f76ccf77 a60934e6b473097a 5c8c6d9a1fd4c1e0 16b11706660177ff e22c35101e190db9 133b04350c75770b 050544c040f46152 4d9214c0925e5af8 2cebd52b41930f0a f44f74b3451aa593 26140b225c4f8d3f 8faeacf8ca08f62d 1dc7139adba034ec 52aa48c07b34dc88 95ecdbff44ad0b60
247,9100ea6cd0e084bf 6cb9ab508a0678a0 b8e2f75014710ced a14394322cf7043d 095bb1b6ecbd0a50 26fc2a95df5659c2 4c3802a1bd3c842e 3734d3b0b9232538 0cd920bad11c716d bed3e73d52011f68 b3e75fdca5ca2f1a 01e5a6edcee7deb0 1f4f62844c3cb99c b29ab87af6ea6310 40583079f57235a6 36d33c41812ce7dc acae1d29289b1266 ce2fe99a7cda4a17 fc8971756f9ec194 ffa9091747ae2466 2e44fbb8bc3d8d71 ae000f9d0b5e104e abf90e759d208468 5d26da95786b3a3a 942a7d26d81c841f 09bbaa171c20bae3 7b81f1f2b6ec2e5f 4483bbdd3241f11a a04d6febd82a4389 796888cc3443006c
248,1fe79c7de59ff6c6 b1dcaca98bb76736 52aa48c07b34dc88 013030fd7d29bf3d feddfcf56818968e cea18be9a89d7a81 999a52f1d301247c f44f74b3451aa593 72b80b099fd64ec4 0772e3ab293a1f30 c11b97f245a9dfd0 0b0021aa60d05daa 453bc79164d57a01 29968e8fd13539f8 f0d53dcf0c296b57 90ecb28f2edb9d43 96e82fa141db9a4b 366a22fce0614fb8 061f3e1feeaa3094 0f4c71d341e2d939 9b0e8cf8153e3b33 05e4165a56bf50eb 148ac4a56a18844d 3e8e56f639a5db5b 5ebb4d2f5f1c1f13 e8684734f2e587bd 0451447dd64f6284 01b3da54ffb158a0 27bc34b9887bec0d 07d688f5e2142b87
249,acae1d29289b1266 18ced18aee04c48e 52370bea1acd0600 4d7653ea9499eed4 9a0f5ee4f845c9b2 0bcaac840d5e66d7 c28bc62802b90f82 702d8f1064ab3e30 3986b68500d7704b 47fbe21f5c35c7b4 ff88049e61f0f4ef e0269da736ddf004 bd713b37b67866c3 fd30682593995748 2a06f5614060e3b6 39f6296778264878 e25a1da6ca187350 c31a456b544a40a8 3fa57d488e979d74 0708923badf2ff5d 734dabb98795c35c 942a7d26d81c841f bd0f175ee98c613e ae94d8435a6847f4 b6d0f83aad4e4dc7 b24820ae14e16a24 622f2e4119882c94 bbbd5d2fd957e8f7 af8e70f978cd5aee 5ebb4d2f5f1c1f13
250,5f94b027039f4e48 20db73cf07a45f71 7ee52d2519eea367 377c1150c781e37a 999a52f1d301247c 5b4c879fc9c316fb 666bdff4faa513ca cea18be9a89d7a81 81b7c7e312bfa1a0 0688c790d5806540 9c9a9d45c2ea7ddf e7828f0ea9749505 ebfda3b48083e390 1d0f5fdc58e3efb5 2e2904c5373734ae 0f33ce8d8014f308 7155e5a86136eb02 c36c2dce0e6e434f 00958a140c3a6de8 8e0cc5199a0ee659 ad06e9eeea8eb4ea dc576af4ae66e25e 3b6d27775fce1c7b 3ca7964973437917 e8684734f2e587bd 148ac4a56a18844d a9dad59c7055b56c 1a05ef8c93af8eed 3b4a85bac6ead3c8 047769588be1aea9
251,bf3ccaba4a3450a8 b0bfe0f426275870 781f4d0147aef776 8faeacf8ca08f62d 1dc7139adba034ec 52aa48c07b34dc88 95ecdbff44ad0b60 3e8e56f639a5db5b 393f49286db04aeb 07f22a7ad7e4711d 3cb6b40d377e7ca8 cc507a0d6fcf4a1c 8fc68213b63951dc 0eb4de784c8dd679 c1f2e3a76d388944 f9c6286cff30aaa8 0683b6a78f54be75 72b80b099fd64ec4 c14d5b16840d3032 6a3919ad9ed8197e 3c565c1fc2316d16 ad06e9eeea8eb4ea 00e1e2eb13f650e4 999a52f1d301247c 587e0b2a4811fab1 016da874bd04df55 f2e30efbd27bee51 47fbe21f5c35c7b4 1398b478b71773ed a0b1f4dd32f3e278
252,72b80b099fd64ec4 fb2ebcb5335ad2e2 0eb4de784c8dd679 c5830f9d0f1e29e5 e8684734f2e587bd 09bbaa171c20bae3 4bed80e56ea2e099 f2e30efbd27bee51 e0269da736ddf004 c11b97f245a9dfd0 033d905aec273595 96e82fa141db9a4b 8dc313a2cf9da354 4fe9e4e55585ba4b 8699cc5dd4159b69 622f2e4119882c94 ac9ee0c09b538140 e1460af4a7044067 74244a8703c03720 1a8e5d6512d9e2d8 ebfda3b48083e390 4d954d933e606b70 f49e13a653cbdad2 b1dcaca98bb76736 4d7653ea9499eed4 4f915ad69e1dca36 419b5dc40744fb9b e6a29676c096f8e8 bd713b37b67866c3 3ca7964973437917
253,47fbe21f5c35c7b4 8e0760918e88e4a9 edc79e57b20e9036 1a05ef8c93af8eed 7c8324ce28ffb96e 46b99f864d6a075a ba5199dba342af68 cc507a0d6fcf4a1c 4f2fffd7528de786 a982b5c3aed39396 07f22a7ad7e4711d a18df74d3a16e9c0 98dbd15aa33ebc18 e4a7a996ed6a5a81 50806199c80e215c a04d6febd82a4389 a292248bb2bffb3d 88b62355670ec8f8 abf90e759d208468 01b3da54ffb158a0 430feb4826a5632e f76f44d372517a9a 4e966bb2768c2b8a 8faeacf8ca08f62d 26fc2a95df5659c2 095bb1b6ecbd0a50 a14394322cf7043d 249bf372159f33e9 796888cc3443006c 20d283a232dfd13c
254,6cb9ab508a0678a0 b8e2f75014710ced cc507a0d6fcf4a1c 2e031d83339759b2 0c2eeab1e4ce1db8 c015590d6a6fe833 18b1d2d84c97a364 98dbd15aa33ebc18 9fbffc521da97c54 1efd7bd8a34a1359 b6cdb608f640e038 eff60ceea8817dad ec4ef2f727e7a03f da7d3c2d591c4295 4d7653ea9499eed4 9a0f5ee4f845c9b2 0bcaac840d5e66d7 c28bc62802b90f82 702d8f1064ab3e30 3986b68500d7704b 3fa57d488e979d74 ff88049e61f0f4ef 52370bea1acd0600 bd713b37b67866c3 fd30682593995748 2a06f5614060e3b6 39f6296778264878 e25a1da6ca187350 c31a456b544a40a8 e0269da736ddf004
255,ddf332f2b55a2a23 3c565c1fc2316d16 cc507a0d6fcf4a1c b1dcaca98bb76736 29968e8fd13539f8 a292248bb2bffb3d 88b62355670ec8f8 c14d5b16840d3032 6a3919ad9ed8197e e8b87ed7db1bcb1f 60a070db9f1869b5 f76f44d372517a9a f25bfcffedaccf28 24e582daf6f87158 a853f13216170123 42bb83d7c4b9ecae 00e1e2eb13f650e4 016da874bd04df55 cea18be9a89d7a81 81b7c7e312bfa1a0 4c3802a1bd3c842e bd0f175ee98c613e e25a1da6ca187350 1398b478b71773ed 5dd752753760ced8 a0b1f4dd32f3e278 0db6584e3bdfa1c4 b2ee9eea2d974c90 52aa48c07b34dc88 bb7515be835dea49
256,18ced18aee04c48e bbbd5d2fd957e8f7 47fbe21f5c35c7b4 52370bea1acd0600 4d7653ea9499eed4 9a0f5ee4f845c9b2 0bcaac840d5e66d7 c28bc62802b90f82 702d8f1064ab3e30 059bbdbdb843af6a 3fa57d488e979d74 ff88049e61f0f4ef e0269da736ddf004 bd713b37b67866c3 fd30682593995748 2a06f5614060e3b6 39f6296778264878 e25a1da6ca187350 3986b68500d7704b e7cad3748e50b0f8 0708923badf2ff5d 734dabb98795c35c 942a7d26d81c841f bd0f175ee98c613e ae94d8435a6847f4 b6d0f83aad4e4dc7 b24820ae14e16a24 cea18be9a89d7a81 4b8c7061102517ef af8e70f978cd5aee
257,01104a026d22ae55 ff88049e61f0f4ef cba7e22bb383083a a1314cd417504572 c810ac016901e8ac d64c06baf5ef1c90 c03b11a0cdc3fa39 7c9248ed6224aa26 bbbd5d2fd957e8f7 b6cdb608f640e038 74873b42602d8958 5057551fc55e9ed2 4c0eee2c1a5e76e2 351c9da399c2b915 a84cd36608cb8665 8abe670908f12614 059bbdbdb843af6a 26f72a4eb15ea8c0 6e1b6b53c9710940 f05fa5f57dc03e81 50ba507a268872e1 65254e0d209fd66e 18ced18aee04c48e 39f6296778264878 0bcaac840d5e66d7 c28bc62802b90f82 702d8f1064ab3e30 3986b68500d7704b e0269da736ddf004 9a0f5ee4f845c9b2
258,b29ab87af6ea6310 ffa9091747ae2466 b26d8664feb18c8c abf90e759d208468 b05b5f6850cfa158 942a7d26d81c841f 5c8c6d9a1fd4c1e0 7b81f1f2b6ec2e5f ca4de5b8a7bda9df 095bb1b6ecbd0a50 26fc2a95df5659c2 a14394322cf7043d 853e36b1550c6274 796888cc3443006c 4c3802a1bd3c842e eec6b281e236b500 59bf6d6df9146d60 413c55a5ab86881a 0eafda717681bbdc 64267373570e4ea3 01e5a6edcee7deb0 1f4f62844c3cb99c bed3e73d52011f68 b3e75fdca5ca2f1a a2805ed52b47b8ec 197fa50b30d91fe8 40583079f57235a6 6c017e548aa138f2 64b31699d7d15934 d5805cdb9e8f0f48
259,c14d5b16840d3032 3e8e56f639a5db5b cc507a0d6fcf4a1c b1dcaca98bb76736 6a3919ad9ed8197e 3c565c1fc2316d16 061f3e1feeaa3094 00e1e2eb13f650e4 033d905aec273595 016da874bd04df55 cea18be9a89d7a81 1398b478b71773ed a0b1f4dd32f3e278 0a79fabc6f5d93c9 b2ee9eea2d974c90 c015590d6a6fe833 52aa48c07b34dc88 8dc313a2cf9da354 0b0021aa60d05daa 828f5dfbbf1272ee 622f2e4119882c94 40583079f57235a6 f48d0fbea7dc2782 74244a8703c03720 1a8e5d6512d9e2d8 ebfda3b48083e390 1fe79c7de59ff6c6 90ecb28f2edb9d43 72b80b099fd64ec4 366a22fce0614fb8
260,c810ac016901e8ac 2e44fbb8bc3d8d71 d64c06baf5ef1c90 74e59c5820900b17 dac29ed8400b50cc 6a3919ad9ed8197e a492bd402afd5c71 898a4921ab9f4cce 2a06f5614060e3b6 2e4b00c01d58e79e 01b3da54ffb158a0 5b16bae6a0de7c88 7c98dedd223b36c0 bd713b37b67866c3 bc2ae5f4e5d53e00 b69ce8b8154645f8 b2ee9eea2d974c90 2810fb6f81d1711c e7cad3748e50b0f8 828f5dfbbf1272ee 77e2f7da1f9d3a8f bb7515be835dea49 a9eef13786610446 ffc688c4c1c2a068 f705b637f624147e c08c3765ac609cc0 3fa57d488e979d74 0b0021aa60d05daa 050544c040f46152 54f55c74d37db3c0
261,955e465ce0788ea6 f58ff7f1a6cde683 a017f3358d5327aa ddf332f2b55a2a23 a04d6febd82a4389 d64c06baf5ef1c90 095bb1b6ecbd0a50 a14394322cf7043d 26fc2a95df5659c2 20d283a232dfd13c 4c3802a1bd3c842e bd0f175ee98c613e 46315cf30aaee51c 2810fb6f81d1711c bed3e73d52011f68 01e5a6edcee7deb0 1f4f62844c3cb99c b3e75fdca5ca2f1a 976baf0e84752a68 0688c790d5806540 316382267dcd804f 40583079f57235a6 8df3f13d6af34cb3 74244a8703c03720 b78189788d563693 8f578001f9d5f543 00d9f8d3f7d412b3 e228204ae08d1355 7e4a4a1300b77a06 9f4e0d572b1f4e6c
262,0fbd0f422e926816 f2234bb7ce0c6f59 0db6584e3bdfa1c4 73391e0853c1e040 b749972436ac9791 5b34da30b93eb123 72403ecdfe02bba6 05f23e7d05dbf7c2 6aac5e116b75aa22 d46598813fb437e5 63d95d5977c2fe98 316382267dcd804f 5fb2d8e734956af0 01020d1b0821f4c7 c6b615b2589e036d e4a7a996ed6a5a81 025a148c3a53bd9f 33856365c271aea4 5b16bae6a0de7c88 d35e11d3d1ab3c67 ac9ee0c09b538140 b69ce8b8154645f8 09660f466b38b7ba 0d0368139e9a647f 4522ad78bf79f0c9 387e9cd2e5d4ea7d 46b99f864d6a075a 70776cdd9bb3b7d4 9d5edf3b993fee50 c31a456b544a40a8
263,49224aca40e6e5e3 50cb6a6c60ad711a d92c0298f76ccf77 25a3b47fe31bc6b5 a04d6febd82a4389 abf90e759d208468 7ee52d2519eea367 28a2067685cb3e97 922e625fae98b3b9 942a7d26d81c841f 3734d3b0b9232538 430feb4826a5632e 18ced18aee04c48e 4491016efed845f1 033d905aec273595 666bdff4faa513ca 26fc2a95df5659c2 095bb1b6ecbd0a50 a14394322cf7043d 796888cc3443006c 20d283a232dfd13c 43b3338423d7386c 46315cf30aaee51c eec6b281e236b500 2810fb6f81d1711c e7cad3748e50b0f8 01ecc81f6341e902 73391e0853c1e040 8dc313a2cf9da354 3fa57d488e979d74
264,b1dcaca98bb76736 e8b87ed7db1bcb1f 60a070db9f1869b5 942a7d26d81c841f 3734d3b0b9232538 ce0f56b7190c268a 4491016efed845f1 666bdff4faa513ca 1dc7139adba034ec 81b7c7e312bfa1a0 2810fb6f81d1711c 0a79fabc6f5d93c9 3fa57d488e979d74 af41e2b6da3e7e02 0eb4de784c8dd679 81b639b74256b45b f46601a9955f9949 83f8f2fc471cad74 ae77487a89f2610c 1fe79c7de59ff6c6 90ecb28f2edb9d43 d9885881381fd10a 39075e303166355e 366a22fce0614fb8 0f4c71d341e2d939 e228204ae08d1355 e4a7a996ed6a5a81 e14a893f1918277e 6a3919ad9ed8197e 2e79d45ba4d1540d
265,1398b478b71773ed 01ecc81f6341e902 622f2e4119882c94 f54ad8d1eb18212e 1c3b74a02a86467d 0a49074a4158155b e5fb8dc5c9cb4a19 27a12f29dceccdbd c606425856952286 e8ad5e31484ef889 7f95168400948588 a5f55580081236f4 58654e3143c6550b 19b4014943e0ad92 cc507a0d6fcf4a1c ce0f56b7190c268a b760ebc5f25788d3 4d29c6922b2d0d56 c14d5b16840d3032 6a3919ad9ed8197e ca43e349133fc0e3 3c565c1fc2316d16 aa967ad3c1f65a29 00e1e2eb13f650e4 016da874bd04df55 a0b1f4dd32f3e278 b2ee9eea2d974c90 828f5dfbbf1272ee f48d0fbea7dc2782 3e8e56f639a5db5b
266,a677c3a76055a6d2 07be6a290720707d cc507a0d6fcf4a1c c14d5b16840d3032 6a3919ad9ed8197e 3c565c1fc2316d16 00e1e2eb13f650e4 016da874bd04df55 1398b478b71773ed a0b1f4dd32f3e278 b2ee9eea2d974c90 828f5dfbbf1272ee 3e8e56f639a5db5b f48d0fbea7dc2782 d92c0298f76ccf77 d72363ddd958d906 133b04350c75770b 4d9214c0925e5af8 c015590d6a6fe833 9fbffc521da97c54 26140b225c4f8d3f 03ed286136d7b3cf 8faeacf8ca08f62d 1dc7139adba034ec 52aa48c07b34dc88 95ecdbff44ad0b60 393f49286db04aeb 07f22a7ad7e4711d 3cb6b40d377e7ca8 8fc68213b63951dc
267,b29ab87af6ea6310 e0269da736ddf004 ffa9091747ae2466 abf90e759d208468 942a7d26d81c841f 7b81f1f2b6ec2e5f 095bb1b6ecbd0a50 26fc2a95df5659c2 a14394322cf7043d 796888cc3443006c 4c3802a1bd3c842e eec6b281e236b500 59bf6d6df9146d60 413c55a5ab86881a 0eafda717681bbdc 01e5a6edcee7deb0 1f4f62844c3cb99c bed3e73d52011f68 b3e75fdca5ca2f1a 197fa50b30d91fe8 40583079f57235a6 6c017e548aa138f2 64b31699d7d15934 d5805cdb9e8f0f48 b3ad55963554f220 cc861214a89ef1f4 c28bc62802b90f82 955e465ce0788ea6 db7342eff9200020 9100ea6cd0e084bf
268,b8e2f75014710ced bbbd5d2fd957e8f7 47fbe21f5c35c7b4 52370bea1acd0600 4d7653ea9499eed4 9a0f5ee4f845c9b2 0bcaac840d5e66d7 c28bc62802b90f82 702d8f1064ab3e30 cea18be9a89d7a81 3fa57d488e979d74 ff88049e61f0f4ef e0269da736ddf004 bd713b37b67866c3 fd30682593995748 2a06f5614060e3b6 39f6296778264878 e25a1da6ca187350 3986b68500d7704b e36475c1af5ea3ab e7cad3748e50b0f8 0708923badf2ff5d 734dabb98795c35c 942a7d26d81c841f bd0f175ee98c613e ae94d8435a6847f4 b6d0f83aad4e4dc7 5fb2d8e734956af0 622f2e4119882c94 4b8c7061102517ef
269,1a8e5d6512d9e2d8 155600e5f1221f8c 7cea1f637ea3f37d 2820628e65a062e2 6461a9faa871b3ac ecb768ef6fd223ca 190ab585fd379f0f 4d32dae7b43c489a 0f33ce8d8014f308 f2b5098ac9c92da9 f48d0fbea7dc2782 b0b5e62a93a2c37c 0647acc4602d4e8f 6a9aa1bd93e36e66 74873b42602d8958 2901e5309bb3f8f6 8abe670908f12614 d216e5458ad70e60 1398b478b71773ed 4d29c6922b2d0d56 628accd9be98503c 1d72229ebcc00faf 8faeacf8ca08f62d 1dc7139adba034ec 52aa48c07b34dc88 95ecdbff44ad0b60 393f49286db04aeb 07f22a7ad7e4711d 3cb6b40d377e7ca8 8fc68213b63951dc
270,22756be6fd061d4c a982b5c3aed39396 3d6880bd12f6613f c31a456b544a40a8 52370bea1acd0600 4d7653ea9499eed4 9a0f5ee4f845c9b2 0bcaac840d5e66d7 c28bc62802b90f82 702d8f1064ab3e30 3986b68500d7704b 3fa57d488e979d74 ff88049e61f0f4ef e0269da736ddf004 bd713b37b67866c3 fd30682593995748 2a06f5614060e3b6 39f6296778264878 e25a1da6ca187350 47fbe21f5c35c7b4 e7cad3748e50b0f8 0708923badf2ff5d 734dabb98795c35c 942a7d26d81c841f bd0f175ee98c613e ae94d8435a6847f4 b6d0f83aad4e4dc7 b24820ae14e16a24 bbbd5d2fd957e8f7 4b8c7061102517ef
271,b50b4e27b03c7b37 50ba507a268872e1 9b2adcf4041227d7 00ff646ca6637bd7 0b774cf90856c4da 26f72a4eb15ea8c0 dac29ed8400b50cc 4b8c7061102517ef 5057551fc55e9ed2 5a1149fbcbd37376 cc507a0d6fcf4a1c 0c2eeab1e4ce1db8 18b1d2d84c97a364 98dbd15aa33ebc18 8faeacf8ca08f62d 1efd7bd8a34a1359 b6cdb608f640e038 1dc7139adba034ec eff60ceea8817dad 52aa48c07b34dc88 95ecdbff44ad0b60 ec4ef2f727e7a03f 393f49286db04aeb 07f22a7ad7e4711d 3cb6b40d377e7ca8 8fc68213b63951dc 0eb4de784c8dd679 c1f2e3a76d388944 f9c6286cff30aaa8 0683b6a78f54be75
272,5d26da95786b3a3a d1e21234d7cc61d2 feddfcf56818968e ce2fe99a7cda4a17 8643165b0f53df11 0bcaac840d5e66d7 589ef345cb2dccfc d35e11d3d1ab3c67 18ced18aee04c48e ac9ee0c09b538140 055d895a3b26e466 29bedd00fb2be056 4d954d933e606b70 d72363ddd958d906 b1dcaca98bb76736 64c2e323906b42d3 106204cd0e07e1b2 37001ade0df85823 528161039994b4dc b371170568146b12 964a50d33717c26d 898a4921ab9f4cce dc17b07476183764 6e239f4dd4b6aed7 da904d2a54ff8cf2 061f3e1feeaa3094 033d905aec273595 cea18be9a89d7a81 b1e47da7659b675c 0a79fabc6f5d93c9
273,892074f7c1ef5d5e 734dabb98795c35c cc2cc23a98c14c33 765c0695339c3abe 8700059e85433b32 dc576af4ae66e25e 26140b225c4f8d3f aa967ad3c1f65a29 2e2904c5373734ae 9cf6709de35bf0f3 4f915ad69e1dca36 c143c095983a65c2 8faeacf8ca08f62d 1dc7139adba034ec 52aa48c07b34dc88 95ecdbff44ad0b60 393f49286db04aeb 07f22a7ad7e4711d 3cb6b40d377e7ca8 8fc68213b63951dc 0eb4de784c8dd679 c1f2e3a76d388944 f9c6286cff30aaa8 0683b6a78f54be75 72b80b099fd64ec4 ad06e9eeea8eb4ea 999a52f1d301247c 587e0b2a4811fab1 f2e30efbd27bee51 47fbe21f5c35c7b4
274,4491016efed845f1 96445bec1579ec97 50806199c80e215c c5830f9d0f1e29e5 0a79fabc6f5d93c9 1c3b74a02a86467d 1dc7139adba034ec 43b3338423d7386c a5d5ba33b5b1dc95 47fbe21f5c35c7b4 d3c4a7db726191e0 172bc0ee09332ae9 8a5635c748344d47 ddb3810e0289c148 0eb4de784c8dd679 ec1b3d7ccd3984d0 d73a65673e3f1d78 4577ae048ef1967d b26d8664feb18c8c 00e1e2eb13f650e4 48f93f9c2c699e19 942a7d26d81c841f 3734d3b0b9232538 34a62e66e05f9a44 a0b1f4dd32f3e278 666bdff4faa513ca 42bb83d7c4b9ecae bc2552a642ce8497 2810fb6f81d1711c e25a1da6ca187350
275,da904d2a54ff8cf2 52e459a551d4ac2d 6406fcdb7d87b5dc 4483bbdd3241f11a 18ced18aee04c48e 4d7653ea9499eed4 9a0f5ee4f845c9b2 0bcaac840d5e66d7 c28bc62802b90f82 702d8f1064ab3e30 3986b68500d7704b 3fa57d488e979d74 52370bea1acd0600 e0269da736ddf004 bd713b37b67866c3 fd30682593995748 2a06f5614060e3b6 39f6296778264878 e25a1da6ca187350 c31a456b544a40a8 ff88049e61f0f4ef 734dabb98795c35c 942a7d26d81c841f bd0f175ee98c613e ae94d8435a6847f4 b6d0f83aad4e4dc7 b24820ae14e16a24 622f2e4119882c94 4b8c7061102517ef bbbd5d2fd957e8f7
276,acf5cb026b3c4551 6e239f4dd4b6aed7 0c15f252d30646fc 63d509cd2a2e0e47 ce0f56b7190c268a cc507a0d6fcf4a1c 0c2eeab1e4ce1db8 18b1d2d84c97a364 98dbd15aa33ebc18 1efd7bd8a34a1359 b6cdb608f640e038 eff60ceea8817dad ec4ef2f727e7a03f da7d3c2d591c4295 18ced18aee04c48e 09bbaa171c20bae3 5fb2d8e734956af0 cea18be9a89d7a81 bbbd5d2fd957e8f7 47fbe21f5c35c7b4 52370bea1acd0600 4d7653ea9499eed4 9a0f5ee4f845c9b2 c28bc62802b90f82 702d8f1064ab3e30 3986b68500d7704b 3fa57d488e979d74 0772e3ab293a1f30 ff88049e61f0f4ef e0269da736ddf004
277,33856365c271aea4 395b26d91f98bd92 2e79d45ba4d1540d 796888cc3443006c 0db6584e3bdfa1c4 96e82fa141db9a4b 8fc68213b63951dc 62431fd374eb99fb 5fb2d8e734956af0 b84b6c0b2e4d0306 0bcaac840d5e66d7 ce2fe99a7cda4a17 f29eee8054c061e1 9f3d2ca16f358290 3986b68500d7704b 4beacc71024f8b08 069e7e25e43deab3 a813c15b46ceaf68 16b11706660177ff 4535ce2e3dced00f 387e9cd2e5d4ea7d 29bedd00fb2be056 09bbaa171c20bae3 18ced18aee04c48e 702d8f1064ab3e30 c28bc62802b90f82 9a0f5ee4f845c9b2 52370bea1acd0600 47fbe21f5c35c7b4 bbbd5d2fd957e8f7
278,3986b68500d7704b cc507a0d6fcf4a1c c14d5b16840d3032 6a3919ad9ed8197e 3c565c1fc2316d16 00e1e2eb13f650e4 016da874bd04df55 1398b478b71773ed a0b1f4dd32f3e278 b2ee9eea2d974c90 828f5dfbbf1272ee f48d0fbea7dc2782 3e8e56f639a5db5b fd30682593995748 2a06f5614060e3b6 bd713b37b67866c3 e0269da736ddf004 ff88049e61f0f4ef 3fa57d488e979d74 ae94d8435a6847f4 b6d0f83aad4e4dc7 702d8f1064ab3e30 c28bc62802b90f82 0bcaac840d5e66d7 9a0f5ee4f845c9b2 622f2e4119882c94 4b8c7061102517ef b24820ae14e16a24 af8e70f978cd5aee 5ebb4d2f5f1c1f13
279,5057551fc55e9ed2 50ba507a268872e1 dac29ed8400b50cc 46315cf30aaee51c bbbd5d2fd957e8f7 a1314cd417504572 fc16a50ff0baec53 74873b42602d8958 0688c790d5806540 61ba7707ef6a5a99 74244a8703c03720 4c0eee2c1a5e76e2 8f578001f9d5f543 b78189788d563693 c6b615b2589e036d 5a1149fbcbd37376 e14a893f1918277e fc21db75b354a917 8abe670908f12614 26f72a4eb15ea8c0 4d32dae7b43c489a a60934e6b473097a d7d937303a6d5a9d e878efab7c37179e c606425856952286 025a148c3a53bd9f 016da874bd04df55 4d9214c0925e5af8 428f9363fa35882d 047769588be1aea9
280,db7342eff9200020 daa257a37227cd72 6204e398d8c7f888 b29ab87af6ea6310 ffa9091747ae2466 0772e3ab293a1f30 abf90e759d208468 942a7d26d81c841f 7b81f1f2b6ec2e5f cc507a0d6fcf4a1c 095bb1b6ecbd0a50 26fc2a95df5659c2 a14394322cf7043d 796888cc3443006c 4c3802a1bd3c842e eec6b281e236b500 59bf6d6df9146d60 413c55a5ab86881a 0eafda717681bbdc c14d5b16840d3032 1f4f62844c3cb99c bed3e73d52011f68 01e5a6edcee7deb0 b3e75fdca5ca2f1a 6a3919ad9ed8197e 197fa50b30d91fe8 40583079f57235a6 6c017e548aa138f2 64b31699d7d15934 3c565c1fc2316d16
281,18ced18aee04c48e bbbd5d2fd957e8f7 47fbe21f5c35c7b4 52370bea1acd0600 4d7653ea9499eed4 9a0f5ee4f845c9b2 0bcaac840d5e66d7 c28bc62802b90f82 702d8f1064ab3e30 059bbdbdb843af6a 3fa57d488e979d74 ff88049e61f0f4ef e0269da736ddf004 bd713b37b67866c3 fd30682593995748 2a06f5614060e3b6 39f6296778264878 e25a1da6ca187350 3986b68500d7704b e7cad3748e50b0f8 0708923badf2ff5d 734dabb98795c35c 942a7d26d81c841f bd0f175ee98c613e ae94d8435a6847f4 b6d0f83aad4e4dc7 b24820ae14e16a24 cea18be9a89d7a81 4b8c7061102517ef af8e70f978cd5aee
282,49b5678e0d1e5bcd eec6b281e236b500 d257d1fbcf43abd5 8dc313a2cf9da354 238ec735a13a3f09 5430097e23000368 d92c0298f76ccf77 db0e648651f4c92b ae77487a89f2610c 39075e303166355e ee3ed9a3f51336cd 6461a9faa871b3ac 4d9214c0925e5af8 bbbd5d2fd957e8f7 d6ed7e4b14c51296 35488b3b8b781278 7d83ffe83f61bdc4 0220a434aa8bf029 e36475c1af5ea3ab 9d5edf3b993fee50 9b2adcf4041227d7 42a5cae2a3a45557 09bbaa171c20bae3 18ced18aee04c48e b6d0f83aad4e4dc7 e0269da736ddf004 702d8f1064ab3e30 bd713b37b67866c3 c28bc62802b90f82 ff88049e61f0f4ef
283,5c8c6d9a1fd4c1e0 2394b08708475900 54a11cbcd7a32af4 e8ad5e31484ef889 90ecb28f2edb9d43 45bd99d5d2eef776 4d954d933e606b70 4491016efed845f1 42bb83d7c4b9ecae 43b3338423d7386c e25a1da6ca187350 0a79fabc6f5d93c9 d3c4a7db726191e0 8a5635c748344d47 172bc0ee09332ae9 4577ae048ef1967d b26d8664feb18c8c 01020d1b0821f4c7 48f93f9c2c699e19 34a62e66e05f9a44 b05b5f6850cfa158 ec1b3d7ccd3984d0 a60934e6b473097a d72363ddd958d906 16b11706660177ff e22c35101e190db9 22756be6fd061d4c 050544c040f46152 2cebd52b41930f0a f44f74b3451aa593
284,49b5678e0d1e5bcd 0c15f252d30646fc eec6b281e236b500 8dc313a2cf9da354 238ec735a13a3f09 aa0789b403bcd839 d92c0298f76ccf77 db0e648651f4c92b ae77487a89f2610c 39075e303166355e ee3ed9a3f51336cd 6461a9faa871b3ac 4d9214c0925e5af8 bbbd5d2fd957e8f7 d6ed7e4b14c51296 35488b3b8b781278 7d83ffe83f61bdc4 9100ea6cd0e084bf d257d1fbcf43abd5 0220a434aa8bf029 5430097e23000368 e36475c1af5ea3ab 9d5edf3b993fee50 9b2adcf4041227d7 42a5cae2a3a45557 22756be6fd061d4c c015590d6a6fe833 9fbffc521da97c54 09bbaa171c20bae3 3986b68500d7704b
285,6a9aa1bd93e36e66 d216e5458ad70e60 1398b478b71773ed 1d72229ebcc00faf 09bbaa171c20bae3 18ced18aee04c48e bbbd5d2fd957e8f7 52370bea1acd0600 4d7653ea9499eed4 9a0f5ee4f845c9b2 0bcaac840d5e66d7 c28bc62802b90f82 702d8f1064ab3e30 3986b68500d7704b 3fa57d488e979d74 ff88049e61f0f4ef e0269da736ddf004 bd713b37b67866c3 fd30682593995748 2a06f5614060e3b6 e25a1da6ca187350 47fbe21f5c35c7b4 e7cad3748e50b0f8 734dabb98795c35c 942a7d26d81c841f bd0f175ee98c613e ae94d8435a6847f4 b6d0f83aad4e4dc7 b24820ae14e16a24 622f2e4119882c94
286,fd57e641d06ebda7 ddb3810e0289c148 6a3919ad9ed8197e a492bd402afd5c71 2e4b00c01d58e79e 01b3da54ffb158a0 5b16bae6a0de7c88 7c98dedd223b36c0 bd713b37b67866c3 bc2ae5f4e5d53e00 b69ce8b8154645f8 b2ee9eea2d974c90 828f5dfbbf1272ee 77e2f7da1f9d3a8f 050544c040f46152 a982b5c3aed39396 f48d0fbea7dc2782 f44f74b3451aa593 377c1150c781e37a 52370bea1acd0600 9a0f5ee4f845c9b2 0bcaac840d5e66d7 c28bc62802b90f82 702d8f1064ab3e30 3986b68500d7704b 95166957b2c38794 3fa57d488e979d74 366a22fce0614fb8 ff88049e61f0f4ef e0269da736ddf004
287,fd57e641d06ebda7 45bd99d5d2eef776 18ced18aee04c48e 47fbe21f5c35c7b4 52370bea1acd0600 4d7653ea9499eed4 9a0f5ee4f845c9b2 0bcaac840d5e66d7 c28bc62802b90f82 702d8f1064ab3e30 3986b68500d7704b bbbd5d2fd957e8f7 ff88049e61f0f4ef e0269da736ddf004 bd713b37b67866c3 fd30682593995748 2a06f5614060e3b6 39f6296778264878 e25a1da6ca187350 3fa57d488e979d74 e7cad3748e50b0f8 0708923badf2ff5d 734dabb98795c35c 942a7d26d81c841f bd0f175ee98c613e ae94d8435a6847f4 b6d0f83aad4e4dc7 b24820ae14e16a24 cea18be9a89d7a81 4b8c7061102517ef
288,3986b68500d7704b 26140b225c4f8d3f 9f4e0d572b1f4e6c 9b0e8cf8153e3b33 148ac4a56a18844d d6bbbd6c4968075a 0451447dd64f6284 8faeacf8ca08f62d 1dc7139adba034ec 4f2fffd7528de786 52aa48c07b34dc88 95ecdbff44ad0b60 e9c20b67a4c5395f b6a1c97f19af78d0 393f49286db04aeb 07f22a7ad7e4711d 58654e3143c6550b 3cb6b40d377e7ca8 8fc68213b63951dc 0eb4de784c8dd679 c1f2e3a76d388944 f9c6286cff30aaa8 0683b6a78f54be75 72b80b099fd64ec4 ad06e9eeea8eb4ea 999a52f1d301247c 587e0b2a4811fab1 f2e30efbd27bee51 47fbe21f5c35c7b4 c5830f9d0f1e29e5
289,796888cc3443006c b29ab87af6ea6310 0897dcfae16e280f ffa9091747ae2466 abf90e759d208468 942a7d26d81c841f 7b81f1f2b6ec2e5f 16b11706660177ff a14394322cf7043d 26fc2a95df5659c2 095bb1b6ecbd0a50 4c3802a1bd3c842e 2901e5309bb3f8f6 eec6b281e236b500 8fc68213b63951dc 59bf6d6df9146d60 413c55a5ab86881a 0eafda717681bbdc 01e5a6edcee7deb0 bed3e73d52011f68 1f4f62844c3cb99c b3e75fdca5ca2f1a 197fa50b30d91fe8 40583079f57235a6 6c017e548aa138f2 64b31699d7d15934 d5805cdb9e8f0f48 b3ad55963554f220 0db6584e3bdfa1c4 cc861214a89ef1f4
290,b3ad55963554f220 73f770f2643a2135 35488b3b8b781278 d72363ddd958d906 65fac1ba1840000f 43c354dbf952caaa 42a5cae2a3a45557 57113c2a4cacd961 d92c0298f76ccf77 7155e5a86136eb02 455fde214d16d350 62431fd374eb99fb 4d9214c0925e5af8 765c0695339c3abe d257d1fbcf43abd5 393f49286db04aeb 5430097e23000368 49b5678e0d1e5bcd e8b87ed7db1bcb1f a853f13216170123 f25bfcffedaccf28 eec6b281e236b500 59bf6d6df9146d60 8dc313a2cf9da354 238ec735a13a3f09 db0e648651f4c92b 9f4e0d572b1f4e6c ae77487a89f2610c a492bd402afd5c71 39075e303166355e
291,430feb4826a5632e 95ecdbff44ad0b60 d3c4a7db726191e0 a52df8083c238c46 acae1d29289b1266 09bbaa171c20bae3 73f770f2643a2135 ad06e9eeea8eb4ea cc507a0d6fcf4a1c bd713b37b67866c3 047769588be1aea9 c14d5b16840d3032 6a3919ad9ed8197e ae94d8435a6847f4 3c565c1fc2316d16 00e1e2eb13f650e4 016da874bd04df55 1398b478b71773ed a0b1f4dd32f3e278 b2ee9eea2d974c90 828f5dfbbf1272ee f48d0fbea7dc2782 3e8e56f639a5db5b 18ced18aee04c48e b6cdb608f640e038 702d8f1064ab3e30 3986b68500d7704b 3fa57d488e979d74 ff88049e61f0f4ef e0269da736ddf004
292,9a439fd1abf95245 46315cf30aaee51c 0688c790d5806540 74244a8703c03720 26fc2a95df5659c2 095bb1b6ecbd0a50 a14394322cf7043d 4c3802a1bd3c842e 3734d3b0b9232538 8f578001f9d5f543 b78189788d563693 cc507a0d6fcf4a1c a60934e6b473097a e878efab7c37179e d7d937303a6d5a9d b3e75fdca5ca2f1a bed3e73d52011f68 1f4f62844c3cb99c 01e5a6edcee7deb0 b29ab87af6ea6310 c606425856952286 40583079f57235a6 016da874bd04df55 538c7bb968b2154c 428f9363fa35882d 047769588be1aea9 d6bbbd6c4968075a ffa9091747ae2466 853e36b1550c6274 9100ea6cd0e084bf
293,cc861214a89ef1f4 ecb768ef6fd223ca b6d0f83aad4e4dc7 025a148c3a53bd9f 6cb9ab508a0678a0 af8e70f978cd5aee 354d7a327bbcc152 059bbdbdb843af6a 22e8d6734e4121ae 4105533fe46dfba9 fab14d178b24a67f 538c7bb968b2154c 4d32dae7b43c489a b29ab87af6ea6310 e7828f0ea9749505 ca4de5b8a7bda9df 1a8e5d6512d9e2d8 24c47959ea77b15b ffa9091747ae2466 46315cf30aaee51c 351c9da399c2b915 628accd9be98503c 7cea1f637ea3f37d 2820628e65a062e2 6461a9faa871b3ac 0688c790d5806540 4bed80e56ea2e099 74244a8703c03720 abf90e759d208468 8e83d05923cde390
294,01104a026d22ae55 ff88049e61f0f4ef a04d6febd82a4389 047769588be1aea9 18b1d2d84c97a364 d64c06baf5ef1c90 26fc2a95df5659c2 095bb1b6ecbd0a50 a14394322cf7043d 20d283a232dfd13c 4c3802a1bd3c842e bd0f175ee98c613e 46315cf30aaee51c 2810fb6f81d1711c 430feb4826a5632e 01e5a6edcee7deb0 b3e75fdca5ca2f1a bed3e73d52011f68 1f4f62844c3cb99c 976baf0e84752a68 0688c790d5806540 316382267dcd804f 40583079f57235a6 74244a8703c03720 b78189788d563693 8f578001f9d5f543 95ecdbff44ad0b60 00d9f8d3f7d412b3 e228204ae08d1355 d3c4a7db726191e0
295,a1314cd417504572 a84cd36608cb8665 2bafd15871caae91 5dd752753760ced8 83f8aca6ee2caabc 7c9248ed6224aa26 0eafda717681bbdc b50b4e27b03c7b37 fd30682593995748 6d80d2e62d01f6bc d980375fbd40c75f 9a439fd1abf95245 0b774cf90856c4da fc16a50ff0baec53 a2c35fdf07a13286 680bb5c5c3bb6ee1 62431fd374eb99fb a813c15b46ceaf68 2b48ab08c915c0ad e22c35101e190db9 65708d542bd01f39 c03b11a0cdc3fa39 4c0eee2c1a5e76e2 a982b5c3aed39396 069e7e25e43deab3 781aaf62a955e4e8 9b2adcf4041227d7 964a50d33717c26d 538c7bb968b2154c 18ced18aee04c48e
296,09660f466b38b7ba 0db6584e3bdfa1c4 5fb2d8e734956af0 33856365c271aea4 0fbd0f422e926816 387e9cd2e5d4ea7d 796888cc3443006c f2234bb7ce0c6f59 8fc68213b63951dc 73391e0853c1e040 72403ecdfe02bba6 05f23e7d05dbf7c2 5b34da30b93eb123 b749972436ac9791 6aac5e116b75aa22 ce2fe99a7cda4a17 d46598813fb437e5 63d95d5977c2fe98 316382267dcd804f 01020d1b0821f4c7 c6b615b2589e036d e4a7a996ed6a5a81 a813c15b46ceaf68 16b11706660177ff 025a148c3a53bd9f 29bedd00fb2be056 5b16bae6a0de7c88 d35e11d3d1ab3c67 ac9ee0c09b538140 b69ce8b8154645f8
297,e461837f0fb35048 9cf6709de35bf0f3 4f915ad69e1dca36 c143c095983a65c2 d980375fbd40c75f c03b11a0cdc3fa39 d92c0298f76ccf77 133b04350c75770b 4d9214c0925e5af8 26140b225c4f8d3f 18ced18aee04c48e c28bc62802b90f82 702d8f1064ab3e30 3986b68500d7704b 3fa57d488e979d74 ff88049e61f0f4ef e0269da736ddf004 0bcaac840d5e66d7 fd30682593995748 2a06f5614060e3b6 39f6296778264878 e25a1da6ca187350 bd713b37b67866c3 ae94d8435a6847f4 b6d0f83aad4e4dc7 b24820ae14e16a24 622f2e4119882c94 4b8c7061102517ef af8e70f978cd5aee 5ebb4d2f5f1c1f13
298,33856365c271aea4 e7828f0ea9749505 26fc2a95df5659c2 095bb1b6ecbd0a50 a14394322cf7043d 4c3802a1bd3c842e bed3e73d52011f68 1f4f62844c3cb99c 01e5a6edcee7deb0 b3e75fdca5ca2f1a b29ab87af6ea6310 40583079f57235a6 ffa9091747ae2466 b84b6c0b2e4d0306 2e2904c5373734ae 9100ea6cd0e084bf abf90e759d208468 00958a140c3a6de8 8e0cc5199a0ee659 942a7d26d81c841f dc576af4ae66e25e 7b81f1f2b6ec2e5f a04d6febd82a4389 796888cc3443006c eec6b281e236b500 59bf6d6df9146d60 413c55a5ab86881a 0eafda717681bbdc d64c06baf5ef1c90 197fa50b30d91fe8
299,49b5678e0d1e5bcd 0c15f252d30646fc eec6b281e236b500 8dc313a2cf9da354 238ec735a13a3f09 aa0789b403bcd839 d92c0298f76ccf77 db0e648651f4c92b ae77487a89f2610c 39075e303166355e ee3ed9a3f51336cd 6461a9faa871b3ac 4d9214c0925e5af8 bbbd5d2fd957e8f7 d6ed7e4b14c51296 35488b3b8b781278 7d83ffe83f61bdc4 d257d1fbcf43abd5 0220a434aa8bf029 5430097e23000368 e36475c1af5ea3ab 9d5edf3b993fee50 8faeacf8ca08f62d 1dc7139adba034ec 9b2adcf4041227d7 52aa48c07b34dc88 95ecdbff44ad0b60 393f49286db04aeb 07f22a7ad7e4711d 3cb6b40d377e7ca8
300,5dd752753760ced8 04fda7c9d8971ec0 83f8aca6ee2caabc 7c9248ed6224aa26 0b774cf90856c4da fd30682593995748 3d6880bd12f6613f 2b48ab08c915c0ad 9a439fd1abf95245 28a2067685cb3e97 ca4de5b8a7bda9df 4105533fe46dfba9 c015590d6a6fe833 853e36b1550c6274 a04d6febd82a4389 abf90e759d208468 942a7d26d81c841f 64267373570e4ea3 430feb4826a5632e 9fbffc521da97c54 f76f44d372517a9a 4491016efed845f1 033d905aec273595 666bdff4faa513ca a14394322cf7043d 26fc2a95df5659c2 095bb1b6ecbd0a50 cea18be9a89d7a81 81b7c7e312bfa1a0 20d283a232dfd13c
301,d257d1fbcf43abd5 5430097e23000368 3d6880bd12f6613f 28a2067685cb3e97 18ced18aee04c48e 52370bea1acd0600 4d7653ea9499eed4 9a0f5ee4f845c9b2 0bcaac840d5e66d7 c28bc62802b90f82 702d8f1064ab3e30 3986b68500d7704b e25a1da6ca187350 ff88049e61f0f4ef e0269da736ddf004 bd713b37b67866c3 fd30682593995748 2a06f5614060e3b6 39f6296778264878 3fa57d488e979d74 734dabb98795c35c 942a7d26d81c841f bd0f175ee98c613e ae94d8435a6847f4 b6d0f83aad4e4dc7 b24820ae14e16a24 622f2e4119882c94 4b8c7061102517ef 47fbe21f5c35c7b4 5ebb4d2f5f1c1f13
302,d3c4a7db726191e0 95ecdbff44ad0b60 430feb4826a5632e 09bbaa171c20bae3 ad06e9eeea8eb4ea 047769588be1aea9 a52df8083c238c46 1a05ef8c93af8eed acae1d29289b1266 73f770f2643a2135 46b99f864d6a075a a60934e6b473097a bd713b37b67866c3 853e36b1550c6274 64c2e323906b42d3 ae94d8435a6847f4 5f94b027039f4e48 00d9f8d3f7d412b3 4491016efed845f1 42bb83d7c4b9ecae 20db73cf07a45f71 ce2fe99a7cda4a17 7ee52d2519eea367 43b3338423d7386c 96e82fa141db9a4b 46315cf30aaee51c e25a1da6ca187350 0a79fabc6f5d93c9 8643165b0f53df11 8a5635c748344d47
303,0fbd0f422e926816 f2234bb7ce0c6f59 0db6584e3bdfa1c4 73391e0853c1e040 05f23e7d05dbf7c2 5b34da30b93eb123 b749972436ac9791 72403ecdfe02bba6 6aac5e116b75aa22 33856365c271aea4 d46598813fb437e5 63d95d5977c2fe98 316382267dcd804f b69ce8b8154645f8 5fb2d8e734956af0 01020d1b0821f4c7 c6b615b2589e036d e4a7a996ed6a5a81 46b99f864d6a075a 025a148c3a53bd9f 0b0021aa60d05daa 5b16bae6a0de7c88 d35e11d3d1ab3c67 ac9ee0c09b538140 74e59c5820900b17 09660f466b38b7ba 0d0368139e9a647f 4522ad78bf79f0c9 dac29ed8400b50cc e8b87ed7db1bcb1f
304,37001ade0df85823 50ba507a268872e1 120e745e2961b5d5 285657fcdf89f00d ce2fe99a7cda4a17 fc8971756f9ec194 2e44fbb8bc3d8d71 ae000f9d0b5e104e 0cd920bad11c716d 5d26da95786b3a3a 36d33c41812ce7dc 3d6880bd12f6613f 4483bbdd3241f11a cc507a0d6fcf4a1c 20db73cf07a45f71 b371170568146b12 249bf372159f33e9 7ee52d2519eea367 64c2e323906b42d3 8e83d05923cde390 7f29daa16b9b4cda c14d5b16840d3032 6a3919ad9ed8197e 3c565c1fc2316d16 00e1e2eb13f650e4 016da874bd04df55 3986b68500d7704b 1398b478b71773ed a0b1f4dd32f3e278 b2ee9eea2d974c90
305,0eb4de784c8dd679 72b80b099fd64ec4 c5830f9d0f1e29e5 8faeacf8ca08f62d 1dc7139adba034ec 52aa48c07b34dc88 95ecdbff44ad0b60 393f49286db04aeb 07f22a7ad7e4711d 3cb6b40d377e7ca8 6406fcdb7d87b5dc 8fc68213b63951dc c1f2e3a76d388944 f9c6286cff30aaa8 0683b6a78f54be75 dc17b07476183764 3e8e56f639a5db5b ad06e9eeea8eb4ea 999a52f1d301247c 587e0b2a4811fab1 f2e30efbd27bee51 47fbe21f5c35c7b4 cc507a0d6fcf4a1c 72c2a95813ea72bd c14d5b16840d3032 6a3919ad9ed8197e 3c565c1fc2316d16 45bd99d5d2eef776 00e1e2eb13f650e4 016da874bd04df55
306,238ec735a13a3f09 ee3ed9a3f51336cd 6461a9faa871b3ac d6ed7e4b14c51296 bbbd5d2fd957e8f7 7d83ffe83f61bdc4 976baf0e84752a68 00d9f8d3f7d412b3 83f8aca6ee2caabc 49b5678e0d1e5bcd e7828f0ea9749505 428f9363fa35882d fd30682593995748 451e7ba901ad661d eec6b281e236b500 8dc313a2cf9da354 d92c0298f76ccf77 db0e648651f4c92b ae77487a89f2610c 39075e303166355e 781f4d0147aef776 4d29c6922b2d0d56 4d9214c0925e5af8 35488b3b8b781278 d257d1fbcf43abd5 0220a434aa8bf029 5430097e23000368 e36475c1af5ea3ab 9d5edf3b993fee50 9b2adcf4041227d7
307,ce8cb4351b8c0f6e 04886579947a80c2 acae1d29289b1266 1c3b74a02a86467d 58654e3143c6550b b1dcaca98bb76736 061f3e1feeaa3094 033d905aec273595 cea18be9a89d7a81 0a79fabc6f5d93c9 c015590d6a6fe833 52aa48c07b34dc88 8dc313a2cf9da354 3e8e56f639a5db5b 0b0021aa60d05daa 622f2e4119882c94 40583079f57235a6 74244a8703c03720 1a8e5d6512d9e2d8 ebfda3b48083e390 1fe79c7de59ff6c6 90ecb28f2edb9d43 72b80b099fd64ec4 366a22fce0614fb8 0f4c71d341e2d939 c14d5b16840d3032 f49e13a653cbdad2 453bc79164d57a01 05e4165a56bf50eb 7155e5a86136eb02
308,66ccd03c9e03ac06 33856365c271aea4 b84b6c0b2e4d0306 8faeacf8ca08f62d 1dc7139adba034ec 52aa48c07b34dc88 95ecdbff44ad0b60 393f49286db04aeb 07f22a7ad7e4711d 3cb6b40d377e7ca8 8fc68213b63951dc 0eb4de784c8dd679 c1f2e3a76d388944 f9c6286cff30aaa8 0683b6a78f54be75 72b80b099fd64ec4 ad06e9eeea8eb4ea 999a52f1d301247c 587e0b2a4811fab1 f2e30efbd27bee51 47fbe21f5c35c7b4 c5830f9d0f1e29e5 72c2a95813ea72bd 3e8e56f639a5db5b 39f6296778264878 bd713b37b67866c3 fd30682593995748 e0269da736ddf004 ff88049e61f0f4ef ae94d8435a6847f4
309,453bc79164d57a01 055d895a3b26e466 4b8c7061102517ef bbbd5d2fd957e8f7 a1314cd417504572 74873b42602d8958 5057551fc55e9ed2 4c0eee2c1a5e76e2 8abe670908f12614 26f72a4eb15ea8c0 50ba507a268872e1 18ced18aee04c48e ff88049e61f0f4ef 702d8f1064ab3e30 0bcaac840d5e66d7 3986b68500d7704b 3fa57d488e979d74 e0269da736ddf004 bd713b37b67866c3 fd30682593995748 2a06f5614060e3b6 39f6296778264878 e25a1da6ca187350 c31a456b544a40a8 c28bc62802b90f82 bd0f175ee98c613e ae94d8435a6847f4 b6d0f83aad4e4dc7 b24820ae14e16a24 622f2e4119882c94
310,249bf372159f33e9 877672967d3f70bb 0e45c4c185f35df6 5570ef88d970e9b4 db69d4cbfef8d22f cc507a0d6fcf4a1c c14d5b16840d3032 6a3919ad9ed8197e 3c565c1fc2316d16 00e1e2eb13f650e4 016da874bd04df55 1398b478b71773ed a0b1f4dd32f3e278 b2ee9eea2d974c90 828f5dfbbf1272ee f48d0fbea7dc2782 3e8e56f639a5db5b 18ced18aee04c48e 39f6296778264878 b6d0f83aad4e4dc7 2a06f5614060e3b6 fd30682593995748 bd713b37b67866c3 b24820ae14e16a24 e0269da736ddf004 622f2e4119882c94 4b8c7061102517ef ff88049e61f0f4ef 3fa57d488e979d74 3986b68500d7704b
311,d72363ddd958d906 03ed286136d7b3cf 3d6880bd12f6613f cc507a0d6fcf4a1c 28a2067685cb3e97 0c2eeab1e4ce1db8 18b1d2d84c97a364 09bbaa171c20bae3 98dbd15aa33ebc18 1efd7bd8a34a1359 b6cdb608f640e038 eff60ceea8817dad ec4ef2f727e7a03f da7d3c2d591c4295 18ced18aee04c48e bd713b37b67866c3 47fbe21f5c35c7b4 52370bea1acd0600 4d7653ea9499eed4 9a0f5ee4f845c9b2 0bcaac840d5e66d7 e0269da736ddf004 ff88049e61f0f4ef c28bc62802b90f82 702d8f1064ab3e30 3986b68500d7704b 3fa57d488e979d74 bbbd5d2fd957e8f7 734dabb98795c35c 942a7d26d81c841f
312,8e0cc5199a0ee659 6e239f4dd4b6aed7 d35e11d3d1ab3c67 1efd7bd8a34a1359 522bd6887960c25d 6aefb6531736648a 2359719a0f40ffac 2a06f5614060e3b6 e7cad3748e50b0f8 73391e0853c1e040 bb7515be835dea49 ffc688c4c1c2a068 f705b637f624147e c08c3765ac609cc0 a9eef13786610446 3fa57d488e979d74 5b34da30b93eb123 05f23e7d05dbf7c2 72403ecdfe02bba6 b749972436ac9791 0b0021aa60d05daa 622f2e4119882c94 54f55c74d37db3c0 63d95d5977c2fe98 316382267dcd804f f46601a9955f9949 83f8f2fc471cad74 acae1d29289b1266 9269d2b0d877352d 8d58da0e1800dc96
313,92f42fbd0c38f7fd e403278468d84383 fb8bd6b95eb4702a 18ced18aee04c48e 52370bea1acd0600 4d7653ea9499eed4 9a0f5ee4f845c9b2 0bcaac840d5e66d7 c28bc62802b90f82 702d8f1064ab3e30 3986b68500d7704b 47fbe21f5c35c7b4 ff88049e61f0f4ef e0269da736ddf004 bd713b37b67866c3 fd30682593995748 2a06f5614060e3b6 39f6296778264878 e25a1da6ca187350 3fa57d488e979d74 0708923badf2ff5d 734dabb98795c35c 942a7d26d81c841f bd0f175ee98c613e ae94d8435a6847f4 b6d0f83aad4e4dc7 b24820ae14e16a24 622f2e4119882c94 bbbd5d2fd957e8f7 af8e70f978cd5aee
314,393f49286db04aeb 72b80b099fd64ec4 8faeacf8ca08f62d 52aa48c07b34dc88 0eafda717681bbdc 680bb5c5c3bb6ee1 3e8e56f639a5db5b 8fc68213b63951dc c1f2e3a76d388944 f9c6286cff30aaa8 cb3e4ce97e7f2881 0683b6a78f54be75 27bc34b9887bec0d b78189788d563693 8f578001f9d5f543 01020d1b0821f4c7 1dc7139adba034ec c6b615b2589e036d 4d32dae7b43c489a d7d937303a6d5a9d e878efab7c37179e 95ecdbff44ad0b60 c606425856952286 a2c35fdf07a13286 587e0b2a4811fab1 f48d0fbea7dc2782 cc507a0d6fcf4a1c 025a148c3a53bd9f 07f22a7ad7e4711d a813c15b46ceaf68
315,18ced18aee04c48e a52df8083c238c46 ebfda3b48083e390 49224aca40e6e5e3 538c7bb968b2154c 922e625fae98b3b9 5ebb4d2f5f1c1f13 25a3b47fe31bc6b5 3cb6b40d377e7ca8 eab15ee21e126f6a f9c6286cff30aaa8 a2c35fdf07a13286 88b62355670ec8f8 a292248bb2bffb3d 50cb6a6c60ad711a 1d12acf7349196b0 e7828f0ea9749505 72b80b099fd64ec4 60a070db9f1869b5 ca4de5b8a7bda9df feddfcf56818968e f76f44d372517a9a 24c47959ea77b15b 24e582daf6f87158 a853f13216170123 7ee52d2519eea367 28a2067685cb3e97 f44f74b3451aa593 e25a1da6ca187350 0a79fabc6f5d93c9
316,1c3b74a02a86467d 58654e3143c6550b 09bbaa171c20bae3 47fbe21f5c35c7b4 4d7653ea9499eed4 9a0f5ee4f845c9b2 0bcaac840d5e66d7 c28bc62802b90f82 702d8f1064ab3e30 3986b68500d7704b 3fa57d488e979d74 ff88049e61f0f4ef e0269da736ddf004 bd713b37b67866c3 fd30682593995748 2a06f5614060e3b6 39f6296778264878 e25a1da6ca187350 f58ff7f1a6cde683 52370bea1acd0600 8e0cc5199a0ee659 734dabb98795c35c 942a7d26d81c841f bd0f175ee98c613e ae94d8435a6847f4 b6d0f83aad4e4dc7 b24820ae14e16a24 622f2e4119882c94 c31a456b544a40a8 af8e70f978cd5aee
317,d6ed7e4b14c51296 0220a434aa8bf029 52e459a551d4ac2d d1e21234d7cc61d2 8e0760918e88e4a9 4491016efed845f1 da904d2a54ff8cf2 42bb83d7c4b9ecae 43b3338423d7386c e25a1da6ca187350 00958a140c3a6de8 0a79fabc6f5d93c9 d3c4a7db726191e0 8a5635c748344d47 172bc0ee09332ae9 4577ae048ef1967d b26d8664feb18c8c 01020d1b0821f4c7 3d93a60f990a0a7c 48f93f9c2c699e19 34a62e66e05f9a44 b05b5f6850cfa158 ec1b3d7ccd3984d0 a60934e6b473097a 5c8c6d9a1fd4c1e0 6461a9faa871b3ac e36475c1af5ea3ab 16b11706660177ff e22c35101e190db9 050544c040f46152
318,74873b42602d8958 4c0eee2c1a5e76e2 8abe670908f12614 26f72a4eb15ea8c0 bbbd5d2fd957e8f7 a1314cd417504572 5057551fc55e9ed2 1c3b74a02a86467d 50ba507a268872e1 00e1e2eb13f650e4 96445bec1579ec97 acae1d29289b1266 a0b1f4dd32f3e278 a853f13216170123 a5d5ba33b5b1dc95 50806199c80e215c 7c9248ed6224aa26 d73a65673e3f1d78 fa173131f15f5534 7d83ffe83f61bdc4 d92c0298f76ccf77 bc2552a642ce8497 9f4e0d572b1f4e6c a492bd402afd5c71 58654e3143c6550b f05fa5f57dc03e81 133b04350c75770b 4d29c6922b2d0d56 4d9214c0925e5af8 486dd77002936dec
319,b6e72edcad270be0 48a76e3aff69d605 a04d6febd82a4389 a0566ca9daca7778 d64c06baf5ef1c90 095bb1b6ecbd0a50 26fc2a95df5659c2 a14394322cf7043d 20d283a232dfd13c 4c3802a1bd3c842e bd0f175ee98c613e 46315cf30aaee51c 2810fb6f81d1711c 01e5a6edcee7deb0 b3e75fdca5ca2f1a bed3e73d52011f68 1f4f62844c3cb99c 976baf0e84752a68 0688c790d5806540 316382267dcd804f 40583079f57235a6 74244a8703c03720 b78189788d563693 8f578001f9d5f543 00d9f8d3f7d412b3 e228204ae08d1355 7e4a4a1300b77a06 9f4e0d572b1f4e6c 05e4165a56bf50eb a60934e6b473097a
320,e5fb8dc5c9cb4a19 09bbaa171c20bae3 cea18be9a89d7a81 47fbe21f5c35c7b4 52370bea1acd0600 4d7653ea9499eed4 9a0f5ee4f845c9b2 0bcaac840d5e66d7 c28bc62802b90f82 702d8f1064ab3e30 3986b68500d7704b 3fa57d488e979d74 ff88049e61f0f4ef e0269da736ddf004 bd713b37b67866c3 fd30682593995748 2a06f5614060e3b6 39f6296778264878 c31a456b544a40a8 bbbd5d2fd957e8f7 e36475c1af5ea3ab 0708923badf2ff5d 734dabb98795c35c 942a7d26d81c841f bd0f175ee98c613e ae94d8435a6847f4 b6d0f83aad4e4dc7 b24820ae14e16a24 e25a1da6ca187350 4b8c7061102517ef
321,b7d7d9ae1cbe0d8a 3a6e7894dde31c67 148ac4a56a18844d 6cb9ab508a0678a0 b8e2f75014710ced 395b26d91f98bd92 e7828f0ea9749505 2e79d45ba4d1540d 96e82fa141db9a4b 62431fd374eb99fb 0bcaac840d5e66d7 2e2904c5373734ae f29eee8054c061e1 9f3d2ca16f358290 00958a140c3a6de8 8e0cc5199a0ee659 4beacc71024f8b08 069e7e25e43deab3 dc576af4ae66e25e a04d6febd82a4389 4535ce2e3dced00f d64c06baf5ef1c90 a14394322cf7043d 095bb1b6ecbd0a50 26fc2a95df5659c2 20d283a232dfd13c 4c3802a1bd3c842e 18ced18aee04c48e bd0f175ee98c613e 46315cf30aaee51c
322,9c9a9d45c2ea7ddf a76ffccd2f5df1a7 1d0f5fdc58e3efb5 4d954d933e606b70 88b62355670ec8f8 a292248bb2bffb3d f9c6286cff30aaa8 f76f44d372517a9a 72b80b099fd64ec4 528161039994b4dc e25a1da6ca187350 3734d3b0b9232538 447fc00f40d71d08 4dba7ce835494a63 2394b08708475900 3cb6b40d377e7ca8 a18df74d3a16e9c0 5b4c879fc9c316fb 666bdff4faa513ca cea18be9a89d7a81 c31a456b544a40a8 9fbffc521da97c54 81b7c7e312bfa1a0 b24820ae14e16a24 cc507a0d6fcf4a1c 60a070db9f1869b5 ad06e9eeea8eb4ea b05b5f6850cfa158 f49e13a653cbdad2 999a52f1d301247c
323,b1dcaca98bb76736 0708923badf2ff5d 29968e8fd13539f8 a292248bb2bffb3d 88b62355670ec8f8 e8b87ed7db1bcb1f 60a070db9f1869b5 f76f44d372517a9a f25bfcffedaccf28 24e582daf6f87158 a853f13216170123 42bb83d7c4b9ecae cea18be9a89d7a81 81b7c7e312bfa1a0 4c3802a1bd3c842e bd0f175ee98c613e e25a1da6ca187350 5dd752753760ced8 0db6584e3bdfa1c4 52aa48c07b34dc88 bb7515be835dea49 59bf6d6df9146d60 413c55a5ab86881a 0b0021aa60d05daa 2394b08708475900 3cb6b40d377e7ca8 edc79e57b20e9036 83f8f2fc471cad74 f46601a9955f9949 ae77487a89f2610c
324,5547f9f1638ac345 3e8e56f639a5db5b 4e966bb2768c2b8a 27888817db122597 eff60ceea8817dad 48f93f9c2c699e19 f209d29f991432f0 97d696011258825c 22dc81380cf4baec 419b5dc40744fb9b 27bc34b9887bec0d 3b6d27775fce1c7b d16da1fb61813db9 99e833818ec4bbf2 d63b7f083330247f 09bbaa171c20bae3 fa173131f15f5534 bf973f9ec3600199 cc507a0d6fcf4a1c 22756be6fd061d4c ddf332f2b55a2a23 0c2eeab1e4ce1db8 18b1d2d84c97a364 98dbd15aa33ebc18 8faeacf8ca08f62d 1efd7bd8a34a1359 b6cdb608f640e038 1dc7139adba034ec 52aa48c07b34dc88 95ecdbff44ad0b60
325,8643165b0f53df11 5d26da95786b3a3a cb3e4ce97e7f2881 29bedd00fb2be056 964a50d33717c26d fb2ebcb5335ad2e2 1398b478b71773ed 6e12311169bcb24c 0c15f252d30646fc 7eec211cc37a1b05 63d509cd2a2e0e47 6c017e548aa138f2 5f94b027039f4e48 c96049ed915ced0a 702d8f1064ab3e30 a2805ed52b47b8ec 74ae9af23a383bf5 447fc00f40d71d08 5048a37f10cf2d91 bc2ae5f4e5d53e00 451e7ba901ad661d 781aaf62a955e4e8 ce2fe99a7cda4a17 19e8f436d4b2fc25 781f4d0147aef776 81bd116c786bf9ae 8faeacf8ca08f62d 1dc7139adba034ec d1e21234d7cc61d2 0bcaac840d5e66d7
326,9b0e8cf8153e3b33 404031ab9d5977c4 a60934e6b473097a eab15ee21e126f6a a2c35fdf07a13286 f29eee8054c061e1 9100ea6cd0e084bf 5d26da95786b3a3a 8e0760918e88e4a9 77e2f7da1f9d3a8f 2e031d83339759b2 d92c0298f76ccf77 edc79e57b20e9036 f48d0fbea7dc2782 f44f74b3451aa593 0708923badf2ff5d c31a456b544a40a8 9fbffc521da97c54 133b04350c75770b 4d9214c0925e5af8 a18df74d3a16e9c0 a04d6febd82a4389 88b62355670ec8f8 a292248bb2bffb3d abf90e759d208468 26140b225c4f8d3f 430feb4826a5632e f76f44d372517a9a 8faeacf8ca08f62d 26fc2a95df5659c2
327,106204cd0e07e1b2 0708923badf2ff5d 8faeacf8ca08f62d 1dc7139adba034ec 52aa48c07b34dc88 95ecdbff44ad0b60 393f49286db04aeb 07f22a7ad7e4711d 3cb6b40d377e7ca8 8fc68213b63951dc 0eb4de784c8dd679 c1f2e3a76d388944 f9c6286cff30aaa8 0683b6a78f54be75 72b80b099fd64ec4 ad06e9eeea8eb4ea 999a52f1d301247c 587e0b2a4811fab1 f2e30efbd27bee51 47fbe21f5c35c7b4 c5830f9d0f1e29e5 72c2a95813ea72bd 3e8e56f639a5db5b 3986b68500d7704b 3fa57d488e979d74 ff88049e61f0f4ef e0269da736ddf004 b2ee9eea2d974c90 bd713b37b67866c3 702d8f1064ab3e30
328,64b31699d7d15934 3d6880bd12f6613f 061f3e1feeaa3094 3e8e56f639a5db5b e8684734f2e587bd 87c5481930cfe126 fd57e641d06ebda7 5b4c879fc9c316fb 0eafda717681bbdc 666bdff4faa513ca cea18be9a89d7a81 81b7c7e312bfa1a0 ad06e9eeea8eb4ea 00d9f8d3f7d412b3 999a52f1d301247c a853f13216170123 47fbe21f5c35c7b4 9b0e8cf8153e3b33 0688c790d5806540 9c9a9d45c2ea7ddf 6d80d2e62d01f6bc 96e82fa141db9a4b ebfda3b48083e390 c5830f9d0f1e29e5 1d0f5fdc58e3efb5 5d26da95786b3a3a 8e0760918e88e4a9 0f33ce8d8014f308 fc16a50ff0baec53 d92c0298f76ccf77
329,74e59c5820900b17 2a06f5614060e3b6 dac29ed8400b50cc c08c3765ac609cc0 a9eef13786610446 f705b637f624147e ffc688c4c1c2a068 e7cad3748e50b0f8 3fa57d488e979d74 bb7515be835dea49 8d58da0e1800dc96 54f55c74d37db3c0 0b0021aa60d05daa 83f8f2fc471cad74 f46601a9955f9949 acae1d29289b1266 9269d2b0d877352d 702d8f1064ab3e30 6d80d2e62d01f6bc 49224aca40e6e5e3 65fac1ba1840000f 2810fb6f81d1711c 00140806971e7a73 29bedd00fb2be056 e14a893f1918277e e403278468d84383 8643165b0f53df11 d7d937303a6d5a9d e878efab7c37179e 4d417b203b333363
330,b29ab87af6ea6310 a14394322cf7043d 095bb1b6ecbd0a50 26fc2a95df5659c2 4c3802a1bd3c842e ffa9091747ae2466 09bbaa171c20bae3 1f4f62844c3cb99c bed3e73d52011f68 b3e75fdca5ca2f1a 01e5a6edcee7deb0 fc21db75b354a917 40583079f57235a6 abf90e759d208468 942a7d26d81c841f 7b81f1f2b6ec2e5f 796888cc3443006c eec6b281e236b500 9100ea6cd0e084bf 59bf6d6df9146d60 413c55a5ab86881a 0eafda717681bbdc 197fa50b30d91fe8 6c017e548aa138f2 64b31699d7d15934 d5805cdb9e8f0f48 b3ad55963554f220 cc861214a89ef1f4 8df3f13d6af34cb3 c28bc62802b90f82
331,c015590d6a6fe833 9fbffc521da97c54 47fbe21f5c35c7b4 52370bea1acd0600 4d7653ea9499eed4 9a0f5ee4f845c9b2 0bcaac840d5e66d7 c28bc62802b90f82 bbbd5d2fd957e8f7 3986b68500d7704b 3fa57d488e979d74 ff88049e61f0f4ef e0269da736ddf004 bd713b37b67866c3 fd30682593995748 2a06f5614060e3b6 39f6296778264878 e25a1da6ca187350 702d8f1064ab3e30 e7cad3748e50b0f8 0708923badf2ff5d 734dabb98795c35c 942a7d26d81c841f bd0f175ee98c613e ae94d8435a6847f4 b6d0f83aad4e4dc7 b24820ae14e16a24 cea18be9a89d7a81 4b8c7061102517ef af8e70f978cd5aee
332,d92c0298f76ccf77 ce0f56b7190c268a 4d29c6922b2d0d56 589ef345cb2dccfc 133b04350c75770b 4d9214c0925e5af8 430feb4826a5632e 09bbaa171c20bae3 95ecdbff44ad0b60 d3c4a7db726191e0 26140b225c4f8d3f a52df8083c238c46 acae1d29289b1266 73f770f2643a2135 ad06e9eeea8eb4ea bd713b37b67866c3 047769588be1aea9 ae94d8435a6847f4 18ced18aee04c48e fd30682593995748 796888cc3443006c 9cf6709de35bf0f3 e0269da736ddf004 ff88049e61f0f4ef 3fa57d488e979d74 3986b68500d7704b 702d8f1064ab3e30 c28bc62802b90f82 0772e3ab293a1f30 0bcaac840d5e66d7
333,8faeacf8ca08f62d 005666aa098abe8e 393f49286db04aeb 8fc68213b63951dc 65708d542bd01f39 1dc7139adba034ec c1f2e3a76d388944 f9c6286cff30aaa8 0683b6a78f54be75 72b80b099fd64ec4 52aa48c07b34dc88 95ecdbff44ad0b60 07f22a7ad7e4711d 3cb6b40d377e7ca8 0eb4de784c8dd679 587e0b2a4811fab1 6a9aa1bd93e36e66 f54ad8d1eb18212e ad06e9eeea8eb4ea 999a52f1d301247c f2e30efbd27bee51 47fbe21f5c35c7b4 1c3b74a02a86467d d216e5458ad70e60 72c2a95813ea72bd c5830f9d0f1e29e5 7c98dedd223b36c0 bd713b37b67866c3 bc2ae5f4e5d53e00 9cf6709de35bf0f3
334,ce2fe99a7cda4a17 c5830f9d0f1e29e5 1dc7139adba034ec ac9ee0c09b538140 b1dcaca98bb76736 5d26da95786b3a3a feddfcf56818968e 4d954d933e606b70 8fc68213b63951dc 0eb4de784c8dd679 e8b87ed7db1bcb1f 60a070db9f1869b5 387e9cd2e5d4ea7d 942a7d26d81c841f 3734d3b0b9232538 ddb3810e0289c148 29bedd00fb2be056 4e966bb2768c2b8a ce0f56b7190c268a 4491016efed845f1 528161039994b4dc 666bdff4faa513ca 81b7c7e312bfa1a0 796888cc3443006c 2810fb6f81d1711c 57113c2a4cacd961 0a79fabc6f5d93c9 0db6584e3bdfa1c4 3fa57d488e979d74 af41e2b6da3e7e02
335,b50b4e27b03c7b37 8b7c486a910dd004 cec2eea2a1fe566a 9b2adcf4041227d7 e6a29676c096f8e8 939a1f686ea36c05 ae94d8435a6847f4 92f42fbd0c38f7fd a860b682add9de1c 0e45c4c185f35df6 e403278468d84383 b1dcaca98bb76736 2e031d83339759b2 22756be6fd061d4c 8dedff0a79784abc 95166957b2c38794 48a76e3aff69d605 b6e72edcad270be0 da011b87595c1019 4beacc71024f8b08 f105a53e5cfae611 a0566ca9daca7778 061f3e1feeaa3094 033d905aec273595 cea18be9a89d7a81 1d72229ebcc00faf 0a79fabc6f5d93c9 c015590d6a6fe833 52aa48c07b34dc88 8dc313a2cf9da354
336,7eec211cc37a1b05 f209d29f991432f0 46b99f864d6a075a 447fc00f40d71d08 4bed80e56ea2e099 765c0695339c3abe f29eee8054c061e1 9f3d2ca16f358290 3e8e56f639a5db5b 45bd99d5d2eef776 64267373570e4ea3 cb3e4ce97e7f2881 9b2adcf4041227d7 db0e648651f4c92b 1a05ef8c93af8eed 8643165b0f53df11 fb2ebcb5335ad2e2 0079f3c74309b582 1398b478b71773ed 6e12311169bcb24c 354d7a327bbcc152 5d26da95786b3a3a 47fbe21f5c35c7b4 29bedd00fb2be056 49b5678e0d1e5bcd c5830f9d0f1e29e5 5f94b027039f4e48 cec2eea2a1fe566a 8e0760918e88e4a9 c96049ed915ced0a
337,430feb4826a5632e 796888cc3443006c 0db6584e3bdfa1c4 8fc68213b63951dc d3c4a7db726191e0 a52df8083c238c46 73f770f2643a2135 a813c15b46ceaf68 16b11706660177ff bd713b37b67866c3 95ecdbff44ad0b60 5fb2d8e734956af0 acae1d29289b1266 ce2fe99a7cda4a17 ae94d8435a6847f4 33856365c271aea4 edc79e57b20e9036 ad06e9eeea8eb4ea 047769588be1aea9 387e9cd2e5d4ea7d 29bedd00fb2be056 a18df74d3a16e9c0 09bbaa171c20bae3 a04d6febd82a4389 a292248bb2bffb3d 88b62355670ec8f8 abf90e759d208468 f76f44d372517a9a 8faeacf8ca08f62d 095bb1b6ecbd0a50
338,f209d29f991432f0 3e8e56f639a5db5b 46b99f864d6a075a 48f93f9c2c699e19 52aa48c07b34dc88 3cb6b40d377e7ca8 50ba507a268872e1 285657fcdf89f00d 4bed80e56ea2e099 97d696011258825c 7eec211cc37a1b05 eff60ceea8817dad 52370bea1acd0600 22dc81380cf4baec 419b5dc40744fb9b 765c0695339c3abe f29eee8054c061e1 27bc34b9887bec0d 9f3d2ca16f358290 3b6d27775fce1c7b 95d25d38ba7df9c7 1a05ef8c93af8eed d16da1fb61813db9 99e833818ec4bbf2 d63b7f083330247f 447fc00f40d71d08 fa173131f15f5534 bf973f9ec3600199 e22c35101e190db9 b0e254dd420faee3
339,0451447dd64f6284 b1e47da7659b675c f1a3b8b13e9401c0 5c4b7558c942a224 59c231f8fd21260c 636224e349e561bf 0e45c4c185f35df6 95166957b2c38794 a0566ca9daca7778 acae1d29289b1266 18ced18aee04c48e 47fbe21f5c35c7b4 4d7653ea9499eed4 9a0f5ee4f845c9b2 0bcaac840d5e66d7 c28bc62802b90f82 702d8f1064ab3e30 3986b68500d7704b 3fa57d488e979d74 ff88049e61f0f4ef e0269da736ddf004 bd713b37b67866c3 fd30682593995748 39f6296778264878 52370bea1acd0600 734dabb98795c35c 942a7d26d81c841f bd0f175ee98c613e ae94d8435a6847f4 b6d0f83aad4e4dc7
340,16b11706660177ff 796888cc3443006c 0db6584e3bdfa1c4 8fc68213b63951dc 5fb2d8e734956af0 01020d1b0821f4c7 ce2fe99a7cda4a17 33856365c271aea4 a813c15b46ceaf68 b78189788d563693 8f578001f9d5f543 d7d937303a6d5a9d e878efab7c37179e 387e9cd2e5d4ea7d 29bedd00fb2be056 c606425856952286 a60934e6b473097a 4491016efed845f1 42bb83d7c4b9ecae d46598813fb437e5 43b3338423d7386c e25a1da6ca187350 0a79fabc6f5d93c9 c6b615b2589e036d e14a893f1918277e d3c4a7db726191e0 4d32dae7b43c489a 172bc0ee09332ae9 8a5635c748344d47 4577ae048ef1967d
341,4d32dae7b43c489a 8fc68213b63951dc 796888cc3443006c 16b11706660177ff 0db6584e3bdfa1c4 5fb2d8e734956af0 8f578001f9d5f543 b78189788d563693 ce2fe99a7cda4a17 c6b615b2589e036d e14a893f1918277e d7d937303a6d5a9d e878efab7c37179e 33856365c271aea4 c606425856952286 025a148c3a53bd9f a813c15b46ceaf68 0eb4de784c8dd679 72b80b099fd64ec4 f48d0fbea7dc2782 387e9cd2e5d4ea7d 29bedd00fb2be056 d46598813fb437e5 c5830f9d0f1e29e5 1a8e5d6512d9e2d8 46315cf30aaee51c 01020d1b0821f4c7 0688c790d5806540 7cea1f637ea3f37d 2820628e65a062e2
342,01ecc81f6341e902 c606425856952286 622f2e4119882c94 f54ad8d1eb18212e 0a49074a4158155b e5fb8dc5c9cb4a19 27a12f29dceccdbd e8ad5e31484ef889 1398b478b71773ed 7f95168400948588 a5f55580081236f4 19b4014943e0ad92 b760ebc5f25788d3 ca43e349133fc0e3 2901e5309bb3f8f6 aa967ad3c1f65a29 ec1b3d7ccd3984d0 628accd9be98503c d46598813fb437e5 ddf332f2b55a2a23 8f578001f9d5f543 b78189788d563693 01020d1b0821f4c7 c6b615b2589e036d e14a893f1918277e 4d32dae7b43c489a e878efab7c37179e d7d937303a6d5a9d 025a148c3a53bd9f 16b11706660177ff
343,8faeacf8ca08f62d 1dc7139adba034ec 52aa48c07b34dc88 95ecdbff44ad0b60 393f49286db04aeb 07f22a7ad7e4711d 3cb6b40d377e7ca8 8fc68213b63951dc 0eb4de784c8dd679 c1f2e3a76d388944 f9c6286cff30aaa8 0683b6a78f54be75 72b80b099fd64ec4 ad06e9eeea8eb4ea 999a52f1d301247c 587e0b2a4811fab1 f2e30efbd27bee51 47fbe21f5c35c7b4 c5830f9d0f1e29e5 72c2a95813ea72bd 3e8e56f639a5db5b b2ee9eea2d974c90 702d8f1064ab3e30 3986b68500d7704b 3fa57d488e979d74 ff88049e61f0f4ef e0269da736ddf004 bd713b37b67866c3 fd30682593995748 2a06f5614060e3b6
344,8dedff0a79784abc da011b87595c1019 49b5678e0d1e5bcd eec6b281e236b500 8dc313a2cf9da354 238ec735a13a3f09 d92c0298f76ccf77 db0e648651f4c92b ae77487a89f2610c 39075e303166355e cc507a0d6fcf4a1c ee3ed9a3f51336cd 6461a9faa871b3ac 4d9214c0925e5af8 bbbd5d2fd957e8f7 d6ed7e4b14c51296 35488b3b8b781278 7d83ffe83f61bdc4 0c2eeab1e4ce1db8 18b1d2d84c97a364 98dbd15aa33ebc18 d257d1fbcf43abd5 18ced18aee04c48e 0220a434aa8bf029 5430097e23000368 e36475c1af5ea3ab 9d5edf3b993fee50 1efd7bd8a34a1359 b6cdb608f640e038 eff60ceea8817dad
345,6e12311169bcb24c fb2ebcb5335ad2e2 cb3e4ce97e7f2881 5430097e23000368 8643165b0f53df11 1398b478b71773ed 5d26da95786b3a3a 7eec211cc37a1b05 d257d1fbcf43abd5 29bedd00fb2be056 b1dcaca98bb76736 5f94b027039f4e48 c96049ed915ced0a 74ae9af23a383bf5 447fc00f40d71d08 5048a37f10cf2d91 061f3e1feeaa3094 033d905aec273595 964a50d33717c26d cea18be9a89d7a81 0a79fabc6f5d93c9 c015590d6a6fe833 52aa48c07b34dc88 8dc313a2cf9da354 3e8e56f639a5db5b 0b0021aa60d05daa 622f2e4119882c94 40583079f57235a6 781f4d0147aef776 74244a8703c03720
346,9a0f5ee4f845c9b2 b84b6c0b2e4d0306 aa0789b403bcd839 ba5199dba342af68 a0b1f4dd32f3e278 069e7e25e43deab3 0add47a043c64d7f 0c15f252d30646fc a04d6febd82a4389 d64c06baf5ef1c90 a14394322cf7043d 095bb1b6ecbd0a50 26fc2a95df5659c2 20d283a232dfd13c 4c3802a1bd3c842e bd0f175ee98c613e 46315cf30aaee51c 2810fb6f81d1711c b3e75fdca5ca2f1a 01e5a6edcee7deb0 1f4f62844c3cb99c bed3e73d52011f68 976baf0e84752a68 0688c790d5806540 316382267dcd804f 40583079f57235a6 74244a8703c03720 8f578001f9d5f543 b78189788d563693 00d9f8d3f7d412b3
347,9100ea6cd0e084bf d92c0298f76ccf77 133b04350c75770b 4d9214c0925e5af8 a853f13216170123 26140b225c4f8d3f da011b87595c1019 52370bea1acd0600 9f4e0d572b1f4e6c a492bd402afd5c71 4f2fffd7528de786 486dd77002936dec b6e72edcad270be0 48a76e3aff69d605 4bed80e56ea2e099 e25a1da6ca187350 39f6296778264878 c31a456b544a40a8 2a06f5614060e3b6 fd30682593995748 b24820ae14e16a24 bd713b37b67866c3 e0269da736ddf004 622f2e4119882c94 ff88049e61f0f4ef 3fa57d488e979d74 3986b68500d7704b 702d8f1064ab3e30 0bcaac840d5e66d7 4b8c7061102517ef
348,d980375fbd40c75f c03b11a0cdc3fa39 395b26d91f98bd92 2e79d45ba4d1540d b29ab87af6ea6310 96e82fa141db9a4b e7828f0ea9749505 62431fd374eb99fb ffa9091747ae2466 0bcaac840d5e66d7 2e2904c5373734ae f29eee8054c061e1 9f3d2ca16f358290 abf90e759d208468 00958a140c3a6de8 8e0cc5199a0ee659 942a7d26d81c841f 4beacc71024f8b08 069e7e25e43deab3 dc576af4ae66e25e 7b81f1f2b6ec2e5f 095bb1b6ecbd0a50 a14394322cf7043d 26fc2a95df5659c2 796888cc3443006c 4c3802a1bd3c842e eec6b281e236b500 4535ce2e3dced00f 59bf6d6df9146d60 413c55a5ab86881a
349,f0d53dcf0c296b57 3a6e7894dde31c67 bee46c54461925d0 148ac4a56a18844d f54ad8d1eb18212e 8faeacf8ca08f62d 1dc7139adba034ec 52aa48c07b34dc88 95ecdbff44ad0b60 393f49286db04aeb 07f22a7ad7e4711d 3cb6b40d377e7ca8 8fc68213b63951dc 0eb4de784c8dd679 c1f2e3a76d388944 f9c6286cff30aaa8 0683b6a78f54be75 72b80b099fd64ec4 ad06e9eeea8eb4ea 999a52f1d301247c 587e0b2a4811fab1 f2e30efbd27bee51 47fbe21f5c35c7b4 c5830f9d0f1e29e5 72c2a95813ea72bd 3e8e56f639a5db5b 9a0f5ee4f845c9b2 0bcaac840d5e66d7 c28bc62802b90f82 702d8f1064ab3e30
350,9d5edf3b993fee50 49b5678e0d1e5bcd eec6b281e236b500 8dc313a2cf9da354 4d954d933e606b70 238ec735a13a3f09 3d93a60f990a0a7c d92c0298f76ccf77 db0e648651f4c92b ae77487a89f2610c 39075e303166355e ee3ed9a3f51336cd 6461a9faa871b3ac 4d9214c0925e5af8 bbbd5d2fd957e8f7 d6ed7e4b14c51296 35488b3b8b781278 7d83ffe83f61bdc4 d257d1fbcf43abd5 0220a434aa8bf029 5430097e23000368 e36475c1af5ea3ab 9b2adcf4041227d7 42a5cae2a3a45557 45bd99d5d2eef776 18ced18aee04c48e 09bbaa171c20bae3 c28bc62802b90f82 702d8f1064ab3e30 3986b68500d7704b
351,1d72229ebcc00faf 1398b478b71773ed 29968e8fd13539f8 7b81f1f2b6ec2e5f 6a9aa1bd93e36e66 01ecc81f6341e902 622f2e4119882c94 f54ad8d1eb18212e d216e5458ad70e60 0a49074a4158155b e5fb8dc5c9cb4a19 27a12f29dceccdbd c606425856952286 e8ad5e31484ef889 7f95168400948588 a5f55580081236f4 d92c0298f76ccf77 19b4014943e0ad92 b760ebc5f25788d3 133b04350c75770b ca43e349133fc0e3 aa967ad3c1f65a29 4d9214c0925e5af8 26140b225c4f8d3f 8faeacf8ca08f62d 1dc7139adba034ec 52aa48c07b34dc88 95ecdbff44ad0b60 393f49286db04aeb 07f22a7ad7e4711d
352,455fde214d16d350 9100ea6cd0e084bf cc507a0d6fcf4a1c ddf332f2b55a2a23 0c2eeab1e4ce1db8 18b1d2d84c97a364 98dbd15aa33ebc18 8faeacf8ca08f62d 1efd7bd8a34a1359 b6cdb608f640e038 1dc7139adba034ec eff60ceea8817dad 52aa48c07b34dc88 95ecdbff44ad0b60 ec4ef2f727e7a03f 393f49286db04aeb 07f22a7ad7e4711d 3cb6b40d377e7ca8 8fc68213b63951dc 0eb4de784c8dd679 c1f2e3a76d388944 f9c6286cff30aaa8 0683b6a78f54be75 72b80b099fd64ec4 da7d3c2d591c4295 ad06e9eeea8eb4ea 999a52f1d301247c 587e0b2a4811fab1 f2e30efbd27bee51 47fbe21f5c35c7b4
353,b26d8664feb18c8c b05b5f6850cfa158 5c8c6d9a1fd4c1e0 4491016efed845f1 42bb83d7c4b9ecae 395b26d91f98bd92 43b3338423d7386c e25a1da6ca187350 0a79fabc6f5d93c9 d3c4a7db726191e0 8a5635c748344d47 172bc0ee09332ae9 4577ae048ef1967d 01020d1b0821f4c7 48f93f9c2c699e19 34a62e66e05f9a44 ec1b3d7ccd3984d0 a60934e6b473097a d257d1fbcf43abd5 5430097e23000368 16b11706660177ff e22c35101e190db9 050544c040f46152 2cebd52b41930f0a f44f74b3451aa593 18ced18aee04c48e 8faeacf8ca08f62d 1dc7139adba034ec 52aa48c07b34dc88 95ecdbff44ad0b60
354,d73a65673e3f1d78 128d583954b18074 1c3b74a02a86467d 00e1e2eb13f650e4 96445bec1579ec97 a0b1f4dd32f3e278 a5d5ba33b5b1dc95 50806199c80e215c fa173131f15f5534 939a1f686ea36c05 bc2552a642ce8497 ce0f56b7190c268a 3d6880bd12f6613f 28a2067685cb3e97 8faeacf8ca08f62d 1dc7139adba034ec 52aa48c07b34dc88 95ecdbff44ad0b60 393f49286db04aeb 07f22a7ad7e4711d 3cb6b40d377e7ca8 8fc68213b63951dc 0eb4de784c8dd679 c1f2e3a76d388944 f9c6286cff30aaa8 0683b6a78f54be75 72b80b099fd64ec4 18ced18aee04c48e ad06e9eeea8eb4ea 999a52f1d301247c
355,8699cc5dd4159b69 ce2fe99a7cda4a17 8643165b0f53df11 d1e21234d7cc61d2 0bcaac840d5e66d7 5d26da95786b3a3a 77e2f7da1f9d3a8f 29bedd00fb2be056 f48d0fbea7dc2782 ce0f56b7190c268a f44f74b3451aa593 d72363ddd958d906 8dedff0a79784abc 64c2e323906b42d3 106204cd0e07e1b2 4d29c6922b2d0d56 a60934e6b473097a 42a5cae2a3a45557 7c98dedd223b36c0 bd713b37b67866c3 bc2ae5f4e5d53e00 964a50d33717c26d eab15ee21e126f6a dc17b07476183764 b2ee9eea2d974c90 a2c35fdf07a13286 6a3919ad9ed8197e a982b5c3aed39396 a492bd402afd5c71 404031ab9d5977c4
356,16b11706660177ff acae1d29289b1266 a813c15b46ceaf68 74e59c5820900b17 796888cc3443006c 29bedd00fb2be056 dac29ed8400b50cc 0db6584e3bdfa1c4 4491016efed845f1 42bb83d7c4b9ecae 8fc68213b63951dc 2a06f5614060e3b6 43b3338423d7386c e25a1da6ca187350 5fb2d8e734956af0 0a79fabc6f5d93c9 d3c4a7db726191e0 172bc0ee09332ae9 8a5635c748344d47 2810fb6f81d1711c ce2fe99a7cda4a17 e7cad3748e50b0f8 4577ae048ef1967d d35e11d3d1ab3c67 bb7515be835dea49 f705b637f624147e a9eef13786610446 c08c3765ac609cc0 ffc688c4c1c2a068 3fa57d488e979d74
357,b29ab87af6ea6310 ce2fe99a7cda4a17 fc8971756f9ec194 ffa9091747ae2466 2e44fbb8bc3d8d71 ae000f9d0b5e104e abf90e759d208468 0cd920bad11c716d 5d26da95786b3a3a 942a7d26d81c841f 36d33c41812ce7dc 7b81f1f2b6ec2e5f 4483bbdd3241f11a 26fc2a95df5659c2 095bb1b6ecbd0a50 a14394322cf7043d 796888cc3443006c 4c3802a1bd3c842e 37001ade0df85823 eec6b281e236b500 20db73cf07a45f71 b371170568146b12 249bf372159f33e9 7ee52d2519eea367 64c2e323906b42d3 59bf6d6df9146d60 413c55a5ab86881a 8e83d05923cde390 0eafda717681bbdc 7f29daa16b9b4cda
358,52370bea1acd0600 4f2fffd7528de786 48a76e3aff69d605 b6e72edcad270be0 4bed80e56ea2e099 8faeacf8ca08f62d 1dc7139adba034ec 52aa48c07b34dc88 95ecdbff44ad0b60 393f49286db04aeb 07f22a7ad7e4711d 3cb6b40d377e7ca8 8fc68213b63951dc 0eb4de784c8dd679 c1f2e3a76d388944 f9c6286cff30aaa8 0683b6a78f54be75 72b80b099fd64ec4 ad06e9eeea8eb4ea 999a52f1d301247c 587e0b2a4811fab1 f2e30efbd27bee51 47fbe21f5c35c7b4 c5830f9d0f1e29e5 72c2a95813ea72bd 3e8e56f639a5db5b a04d6febd82a4389 5547f9f1638ac345 5a1149fbcbd37376 f58ff7f1a6cde683
359,b371170568146b12 8e0cc5199a0ee659 bbbd5d2fd957e8f7 52370bea1acd0600 4d7653ea9499eed4 9a0f5ee4f845c9b2 0bcaac840d5e66d7 c28bc62802b90f82 702d8f1064ab3e30 3986b68500d7704b 3fa57d488e979d74 ff88049e61f0f4ef e0269da736ddf004 bd713b37b67866c3 fd30682593995748 2a06f5614060e3b6 39f6296778264878 c31a456b544a40a8 47fbe21f5c35c7b4 e36475c1af5ea3ab 0708923badf2ff5d 734dabb98795c35c 942a7d26d81c841f bd0f175ee98c613e ae94d8435a6847f4 b6d0f83aad4e4dc7 b24820ae14e16a24 e25a1da6ca187350 4b8c7061102517ef af8e70f978cd5aee
360,92f42fbd0c38f7fd a860b682add9de1c e6a29676c096f8e8 0e45c4c185f35df6 e403278468d84383 2e031d83339759b2 22756be6fd061d4c 8dedff0a79784abc 95166957b2c38794 ae94d8435a6847f4 48a76e3aff69d605 b6e72edcad270be0 da011b87595c1019 4beacc71024f8b08 f105a53e5cfae611 a0566ca9daca7778 1d72229ebcc00faf 59c231f8fd21260c 404031ab9d5977c4 702d8f1064ab3e30 e25a1da6ca187350 3986b68500d7704b b24820ae14e16a24 3fa57d488e979d74 ff88049e61f0f4ef e0269da736ddf004 39f6296778264878 bd713b37b67866c3 fd30682593995748 2a06f5614060e3b6
361,59c231f8fd21260c f1a3b8b13e9401c0 a0566ca9daca7778 92f42fbd0c38f7fd a860b682add9de1c e6a29676c096f8e8 3d6880bd12f6613f 0e45c4c185f35df6 e403278468d84383 2e031d83339759b2 22756be6fd061d4c 8dedff0a79784abc 95166957b2c38794 ae94d8435a6847f4 b6e72edcad270be0 48a76e3aff69d605 da011b87595c1019 4beacc71024f8b08 f105a53e5cfae611 1d72229ebcc00faf 404031ab9d5977c4 09bbaa171c20bae3 9a0f5ee4f845c9b2 0bcaac840d5e66d7 c28bc62802b90f82 702d8f1064ab3e30 4d7653ea9499eed4 3fa57d488e979d74 ff88049e61f0f4ef e0269da736ddf004
362,796888cc3443006c 430feb4826a5632e 0db6584e3bdfa1c4 8fc68213b63951dc 95ecdbff44ad0b60 5fb2d8e734956af0 d3c4a7db726191e0 a52df8083c238c46 acae1d29289b1266 ce2fe99a7cda4a17 09bbaa171c20bae3 73f770f2643a2135 33856365c271aea4 a813c15b46ceaf68 ad06e9eeea8eb4ea cc507a0d6fcf4a1c 16b11706660177ff bd713b37b67866c3 047769588be1aea9 387e9cd2e5d4ea7d 29bedd00fb2be056 c14d5b16840d3032 6a3919ad9ed8197e ae94d8435a6847f4 3c565c1fc2316d16 00e1e2eb13f650e4 016da874bd04df55 c015590d6a6fe833 1398b478b71773ed a0b1f4dd32f3e278
363,6899956cd6c683f0 892074f7c1ef5d5e f49e13a653cbdad2 22dc81380cf4baec ce0f56b7190c268a 5897953fdf87b60f d63b7f083330247f 8faeacf8ca08f62d 1dc7139adba034ec ddf332f2b55a2a23 52aa48c07b34dc88 95ecdbff44ad0b60 528161039994b4dc 393f49286db04aeb 07f22a7ad7e4711d 57113c2a4cacd961 3cb6b40d377e7ca8 8fc68213b63951dc 0eb4de784c8dd679 a853f13216170123 c1f2e3a76d388944 f9c6286cff30aaa8 0683b6a78f54be75 72b80b099fd64ec4 3e8e56f639a5db5b 939a1f686ea36c05 d92c0298f76ccf77 ad06e9eeea8eb4ea 999a52f1d301247c 587e0b2a4811fab1
364,d92c0298f76ccf77 4d9214c0925e5af8 a853f13216170123 8dc313a2cf9da354 9f4e0d572b1f4e6c a492bd402afd5c71 19b4014943e0ad92 49b5678e0d1e5bcd eec6b281e236b500 133b04350c75770b 238ec735a13a3f09 0a79fabc6f5d93c9 486dd77002936dec fb2ebcb5335ad2e2 26140b225c4f8d3f 1398b478b71773ed db0e648651f4c92b c015590d6a6fe833 033d905aec273595 ae77487a89f2610c 4491016efed845f1 c14d5b16840d3032 5430097e23000368 39075e303166355e b1dcaca98bb76736 3e8e56f639a5db5b 43b3338423d7386c 622f2e4119882c94 ee3ed9a3f51336cd 74244a8703c03720
365,de35d2410e916471 0d0368139e9a647f a017f3358d5327aa 70776cdd9bb3b7d4 46315cf30aaee51c 0688c790d5806540 74244a8703c03720 b78189788d563693 8f578001f9d5f543 c6b615b2589e036d e14a893f1918277e fc21db75b354a917 4d32dae7b43c489a a60934e6b473097a d7d937303a6d5a9d e878efab7c37179e c606425856952286 025a148c3a53bd9f 016da874bd04df55 4d9214c0925e5af8 428f9363fa35882d 047769588be1aea9 d6bbbd6c4968075a 853e36b1550c6274 351c9da399c2b915 8faeacf8ca08f62d 9c9a9d45c2ea7ddf 1dc7139adba034ec 52aa48c07b34dc88 95ecdbff44ad0b60
366,796888cc3443006c 0db6584e3bdfa1c4 8fc68213b63951dc 5fb2d8e734956af0 ce2fe99a7cda4a17 33856365c271aea4 a813c15b46ceaf68 16b11706660177ff d72363ddd958d906 387e9cd2e5d4ea7d 29bedd00fb2be056 03ed286136d7b3cf 18ced18aee04c48e 09bbaa171c20bae3 c31a456b544a40a8 e25a1da6ca187350 39f6296778264878 2a06f5614060e3b6 fd30682593995748 bd713b37b67866c3 bd0f175ee98c613e e0269da736ddf004 ff88049e61f0f4ef 3fa57d488e979d74 3986b68500d7704b 702d8f1064ab3e30 c28bc62802b90f82 0bcaac840d5e66d7 af8e70f978cd5aee 5ebb4d2f5f1c1f13
367,b0e254dd420faee3 6ae470a7c9ec20fd 0eedb1a0d3b8ddae 587e0b2a4811fab1 0708923badf2ff5d 52370bea1acd0600 4d7653ea9499eed4 9a0f5ee4f845c9b2 0bcaac840d5e66d7 c28bc62802b90f82 702d8f1064ab3e30 e25a1da6ca187350 3fa57d488e979d74 ff88049e61f0f4ef e0269da736ddf004 bd713b37b67866c3 fd30682593995748 2a06f5614060e3b6 39f6296778264878 3986b68500d7704b e7cad3748e50b0f8 734dabb98795c35c 942a7d26d81c841f bd0f175ee98c613e ae94d8435a6847f4 b6d0f83aad4e4dc7 b24820ae14e16a24 622f2e4119882c94 47fbe21f5c35c7b4 af8e70f978cd5aee
368,e8ad5e31484ef889 680bb5c5c3bb6ee1 1398b478b71773ed 3e66b4855d0dddbe 8dedff0a79784abc 07be6a290720707d bf973f9ec3600199 ce0f56b7190c268a 63d509cd2a2e0e47 acae1d29289b1266 8faeacf8ca08f62d 1dc7139adba034ec 52aa48c07b34dc88 95ecdbff44ad0b60 393f49286db04aeb 07f22a7ad7e4711d 3cb6b40d377e7ca8 8fc68213b63951dc 0eb4de784c8dd679 c1f2e3a76d388944 f9c6286cff30aaa8 0683b6a78f54be75 72b80b099fd64ec4 ad06e9eeea8eb4ea 999a52f1d301247c 587e0b2a4811fab1 f2e30efbd27bee51 47fbe21f5c35c7b4 c5830f9d0f1e29e5 72c2a95813ea72bd
369,204ec91c39d1479d 5ebb4d2f5f1c1f13 cc2cc23a98c14c33 5048a37f10cf2d91 8faeacf8ca08f62d 1dc7139adba034ec 52aa48c07b34dc88 95ecdbff44ad0b60 393f49286db04aeb 07f22a7ad7e4711d 3cb6b40d377e7ca8 8fc68213b63951dc 0eb4de784c8dd679 c1f2e3a76d388944 f9c6286cff30aaa8 0683b6a78f54be75 72b80b099fd64ec4 ad06e9eeea8eb4ea 999a52f1d301247c 587e0b2a4811fab1 f2e30efbd27bee51 47fbe21f5c35c7b4 c5830f9d0f1e29e5 72c2a95813ea72bd 3e8e56f639a5db5b bd713b37b67866c3 e0269da736ddf004 2a06f5614060e3b6 ff88049e61f0f4ef 3fa57d488e979d74
370,5f94b027039f4e48 20db73cf07a45f71 7ee52d2519eea367 377c1150c781e37a 09bbaa171c20bae3 46b99f864d6a075a 1a05ef8c93af8eed 781aaf62a955e4e8 3e8e56f639a5db5b acae1d29289b1266 c14d5b16840d3032 52aa48c07b34dc88 72b80b099fd64ec4 cc507a0d6fcf4a1c b1dcaca98bb76736 6a3919ad9ed8197e 3c565c1fc2316d16 061f3e1feeaa3094 00e1e2eb13f650e4 033d905aec273595 016da874bd04df55 cea18be9a89d7a81 1398b478b71773ed a0b1f4dd32f3e278 0a79fabc6f5d93c9 b2ee9eea2d974c90 c015590d6a6fe833 8dc313a2cf9da354 0b0021aa60d05daa 828f5dfbbf1272ee
371,f28fb3d9880c5d4c 0cd920bad11c716d 42c9b72cc77dcb28 5570ef88d970e9b4 351c9da399c2b915 cc507a0d6fcf4a1c c14d5b16840d3032 6a3919ad9ed8197e 3c565c1fc2316d16 00e1e2eb13f650e4 016da874bd04df55 0c2eeab1e4ce1db8 1398b478b71773ed 18b1d2d84c97a364 a0b1f4dd32f3e278 b2ee9eea2d974c90 98dbd15aa33ebc18 828f5dfbbf1272ee f48d0fbea7dc2782 1efd7bd8a34a1359 b6cdb608f640e038 eff60ceea8817dad ec4ef2f727e7a03f 3e8e56f639a5db5b da7d3c2d591c4295 18ced18aee04c48e 5fb2d8e734956af0 bbbd5d2fd957e8f7 47fbe21f5c35c7b4 796888cc3443006c
372,8b7c486a910dd004 cec2eea2a1fe566a a04d6febd82a4389 d64c06baf5ef1c90 26fc2a95df5659c2 095bb1b6ecbd0a50 a14394322cf7043d 20d283a232dfd13c 4c3802a1bd3c842e bd0f175ee98c613e 46315cf30aaee51c 2810fb6f81d1711c b3e75fdca5ca2f1a 01e5a6edcee7deb0 1f4f62844c3cb99c bed3e73d52011f68 976baf0e84752a68 0688c790d5806540 316382267dcd804f 40583079f57235a6 74244a8703c03720 8f578001f9d5f543 b78189788d563693 00d9f8d3f7d412b3 e228204ae08d1355 7e4a4a1300b77a06 9f4e0d572b1f4e6c 05e4165a56bf50eb a60934e6b473097a 27a12f29dceccdbd
373,d980375fbd40c75f f05fa5f57dc03e81 734dabb98795c35c e36475c1af5ea3ab 52370bea1acd0600 d92c0298f76ccf77 cc507a0d6fcf4a1c 4f2fffd7528de786 c14d5b16840d3032 6a3919ad9ed8197e b6e72edcad270be0 48a76e3aff69d605 133b04350c75770b 4bed80e56ea2e099 3c565c1fc2316d16 00e1e2eb13f650e4 3e8e56f639a5db5b 4d9214c0925e5af8 016da874bd04df55 1398b478b71773ed a0b1f4dd32f3e278 b2ee9eea2d974c90 828f5dfbbf1272ee 26140b225c4f8d3f f48d0fbea7dc2782 8faeacf8ca08f62d 1dc7139adba034ec 52aa48c07b34dc88 95ecdbff44ad0b60 393f49286db04aeb
374,9ab90dfc5c9b0b37 1d72229ebcc00faf 3d6880bd12f6613f 28a2067685cb3e97 8faeacf8ca08f62d 1dc7139adba034ec 52aa48c07b34dc88 95ecdbff44ad0b60 393f49286db04aeb 07f22a7ad7e4711d 3cb6b40d377e7ca8 8fc68213b63951dc 0eb4de784c8dd679 c1f2e3a76d388944 f9c6286cff30aaa8 0683b6a78f54be75 72b80b099fd64ec4 ad06e9eeea8eb4ea 999a52f1d301247c 587e0b2a4811fab1 f2e30efbd27bee51 47fbe21f5c35c7b4 c5830f9d0f1e29e5 72c2a95813ea72bd 3e8e56f639a5db5b c28bc62802b90f82 2a06f5614060e3b6 bd713b37b67866c3 702d8f1064ab3e30 ff88049e61f0f4ef
375,c36c2dce0e6e434f 22756be6fd061d4c 09bbaa171c20bae3 18ced18aee04c48e 47fbe21f5c35c7b4 52370bea1acd0600 4d7653ea9499eed4 9a0f5ee4f845c9b2 0bcaac840d5e66d7 c28bc62802b90f82 702d8f1064ab3e30 3986b68500d7704b bbbd5d2fd957e8f7 ff88049e61f0f4ef e0269da736ddf004 bd713b37b67866c3 fd30682593995748 2a06f5614060e3b6 39f6296778264878 e25a1da6ca187350 3fa57d488e979d74 0708923badf2ff5d 734dabb98795c35c 942a7d26d81c841f bd0f175ee98c613e ae94d8435a6847f4 b6d0f83aad4e4dc7 b24820ae14e16a24 622f2e4119882c94 cea18be9a89d7a81
376,00e1e2eb13f650e4 428f9363fa35882d 1c3b74a02a86467d 133b04350c75770b e8ad5e31484ef889 680bb5c5c3bb6ee1 1398b478b71773ed 3e66b4855d0dddbe 58654e3143c6550b d72363ddd958d906 8dedff0a79784abc 07be6a290720707d bf973f9ec3600199 ce0f56b7190c268a 63d509cd2a2e0e47 4491016efed845f1 42bb83d7c4b9ecae 06de3ca1148b088b 43b3338423d7386c e25a1da6ca187350 0a79fabc6f5d93c9 62431fd374eb99fb 03ed286136d7b3cf 0bcaac840d5e66d7 d3c4a7db726191e0 99e833818ec4bbf2 172bc0ee09332ae9 8a5635c748344d47 2e2904c5373734ae 4577ae048ef1967d
377,daa257a37227cd72 6204e398d8c7f888 db7342eff9200020 0772e3ab293a1f30 18ced18aee04c48e 52370bea1acd0600 4d7653ea9499eed4 9a0f5ee4f845c9b2 0bcaac840d5e66d7 c28bc62802b90f82 702d8f1064ab3e30 3986b68500d7704b 3fa57d488e979d74 ff88049e61f0f4ef 47fbe21f5c35c7b4 bd713b37b67866c3 fd30682593995748 2a06f5614060e3b6 39f6296778264878 e25a1da6ca187350 c31a456b544a40a8 e0269da736ddf004 734dabb98795c35c 942a7d26d81c841f bd0f175ee98c613e ae94d8435a6847f4 b6d0f83aad4e4dc7 b24820ae14e16a24 622f2e4119882c94 4b8c7061102517ef
378,0708923badf2ff5d 8faeacf8ca08f62d 1dc7139adba034ec 52aa48c07b34dc88 95ecdbff44ad0b60 393f49286db04aeb 07f22a7ad7e4711d 3cb6b40d377e7ca8 8fc68213b63951dc 0eb4de784c8dd679 c1f2e3a76d388944 f9c6286cff30aaa8 0683b6a78f54be75 72b80b099fd64ec4 ad06e9eeea8eb4ea 999a52f1d301247c 587e0b2a4811fab1 f2e30efbd27bee51 47fbe21f5c35c7b4 c5830f9d0f1e29e5 72c2a95813ea72bd 3e8e56f639a5db5b 702d8f1064ab3e30 3986b68500d7704b 3fa57d488e979d74 ff88049e61f0f4ef e0269da736ddf004 bd713b37b67866c3 fd30682593995748 5547f9f1638ac345
379,3e8e56f639a5db5b 52aa48c07b34dc88 c14d5b16840d3032 72b80b099fd64ec4 22dc81380cf4baec 419b5dc40744fb9b 27bc34b9887bec0d 3b6d27775fce1c7b d16da1fb61813db9 cc507a0d6fcf4a1c d63b7f083330247f b1dcaca98bb76736 eff60ceea8817dad fa173131f15f5534 8faeacf8ca08f62d bf973f9ec3600199 1dc7139adba034ec 6a3919ad9ed8197e 3c565c1fc2316d16 22756be6fd061d4c 95ecdbff44ad0b60 061f3e1feeaa3094 00e1e2eb13f650e4 033d905aec273595 393f49286db04aeb 016da874bd04df55 07f22a7ad7e4711d 3cb6b40d377e7ca8 cea18be9a89d7a81 8fc68213b63951dc
380,0c15f252d30646fc 63d509cd2a2e0e47 f48d0fbea7dc2782 5570ef88d970e9b4 a60934e6b473097a eab15ee21e126f6a 9b0e8cf8153e3b33 a2c35fdf07a13286 aa0789b403bcd839 52370bea1acd0600 77e2f7da1f9d3a8f 2e031d83339759b2 cc507a0d6fcf4a1c ce0f56b7190c268a 4f2fffd7528de786 f44f74b3451aa593 4d29c6922b2d0d56 c14d5b16840d3032 6a3919ad9ed8197e b6e72edcad270be0 48a76e3aff69d605 4bed80e56ea2e099 3c565c1fc2316d16 00e1e2eb13f650e4 3e8e56f639a5db5b 016da874bd04df55 c015590d6a6fe833 1398b478b71773ed a0b1f4dd32f3e278 b2ee9eea2d974c90
381,18b1d2d84c97a364 a04d6febd82a4389 d64c06baf5ef1c90 a14394322cf7043d 095bb1b6ecbd0a50 26fc2a95df5659c2 20d283a232dfd13c 4c3802a1bd3c842e 047769588be1aea9 bd0f175ee98c613e 46315cf30aaee51c 2810fb6f81d1711c bed3e73d52011f68 1f4f62844c3cb99c 01e5a6edcee7deb0 b3e75fdca5ca2f1a 976baf0e84752a68 0688c790d5806540 316382267dcd804f 40583079f57235a6 74244a8703c03720 b78189788d563693 8f578001f9d5f543 00d9f8d3f7d412b3 e228204ae08d1355 7e4a4a1300b77a06 9f4e0d572b1f4e6c 05e4165a56bf50eb 95ecdbff44ad0b60 a60934e6b473097a
382,5dd752753760ced8 2b48ab08c915c0ad 83f8aca6ee2caabc 7c9248ed6224aa26 fd30682593995748 0b774cf90856c4da c810ac016901e8ac a04d6febd82a4389 d64c06baf5ef1c90 26fc2a95df5659c2 095bb1b6ecbd0a50 a14394322cf7043d 18b1d2d84c97a364 20d283a232dfd13c 4c3802a1bd3c842e bd0f175ee98c613e 46315cf30aaee51c 2810fb6f81d1711c 01e5a6edcee7deb0 bed3e73d52011f68 1f4f62844c3cb99c b3e75fdca5ca2f1a 976baf0e84752a68 0688c790d5806540 316382267dcd804f 40583079f57235a6 74244a8703c03720 8f578001f9d5f543 b78189788d563693 00d9f8d3f7d412b3
383,c14d5b16840d3032 18ced18aee04c48e 47fbe21f5c35c7b4 52370bea1acd0600 4d7653ea9499eed4 9a0f5ee4f845c9b2 0bcaac840d5e66d7 c28bc62802b90f82 702d8f1064ab3e30 3986b68500d7704b bbbd5d2fd957e8f7 ff88049e61f0f4ef e0269da736ddf004 bd713b37b67866c3 fd30682593995748 2a06f5614060e3b6 39f6296778264878 e25a1da6ca187350 3fa57d488e979d74 e7cad3748e50b0f8 0708923badf2ff5d 734dabb98795c35c 942a7d26d81c841f bd0f175ee98c613e ae94d8435a6847f4 b6d0f83aad4e4dc7 b24820ae14e16a24 cea18be9a89d7a81 4b8c7061102517ef af8e70f978cd5aee
384,1c3b74a02a86467d a60934e6b473097a eab15ee21e126f6a 9b0e8cf8153e3b33 a2c35fdf07a13286 77e2f7da1f9d3a8f 2e031d83339759b2 58654e3143c6550b f48d0fbea7dc2782 f44f74b3451aa593 0708923badf2ff5d 09bbaa171c20bae3 18ced18aee04c48e 366a22fce0614fb8 bbbd5d2fd957e8f7 47fbe21f5c35c7b4 52370bea1acd0600 4d7653ea9499eed4 9a0f5ee4f845c9b2 0bcaac840d5e66d7 cea18be9a89d7a81 702d8f1064ab3e30 3986b68500d7704b 3fa57d488e979d74 ff88049e61f0f4ef e0269da736ddf004 bd713b37b67866c3 fd30682593995748 c28bc62802b90f82 447fc00f40d71d08
385,3b4a85bac6ead3c8 07be6a290720707d 47fbe21f5c35c7b4 c5830f9d0f1e29e5 8e0760918e88e4a9 ddb3810e0289c148 c015590d6a6fe833 0708923badf2ff5d 22756be6fd061d4c 8faeacf8ca08f62d 1dc7139adba034ec 52aa48c07b34dc88 95ecdbff44ad0b60 393f49286db04aeb 07f22a7ad7e4711d 3cb6b40d377e7ca8 8fc68213b63951dc 0eb4de784c8dd679 c1f2e3a76d388944 f9c6286cff30aaa8 0683b6a78f54be75 72b80b099fd64ec4 ad06e9eeea8eb4ea 999a52f1d301247c 587e0b2a4811fab1 f2e30efbd27bee51 72c2a95813ea72bd 3e8e56f639a5db5b 18ced18aee04c48e 4d7653ea9499eed4
386,2b48ab08c915c0ad 522bd6887960c25d 680bb5c5c3bb6ee1 e8ad5e31484ef889 bf973f9ec3600199 1398b478b71773ed 3e66b4855d0dddbe 8dedff0a79784abc 07be6a290720707d ce0f56b7190c268a 63d509cd2a2e0e47 b1dcaca98bb76736 061f3e1feeaa3094 033d905aec273595 cea18be9a89d7a81 0a79fabc6f5d93c9 c015590d6a6fe833 52aa48c07b34dc88 8dc313a2cf9da354 3e8e56f639a5db5b 0b0021aa60d05daa 622f2e4119882c94 40583079f57235a6 74244a8703c03720 1a8e5d6512d9e2d8 ebfda3b48083e390 1fe79c7de59ff6c6 90ecb28f2edb9d43 72b80b099fd64ec4 366a22fce0614fb8
387,0fbd0f422e926816 b749972436ac9791 5b34da30b93eb123 72403ecdfe02bba6 05f23e7d05dbf7c2 6aac5e116b75aa22 f2234bb7ce0c6f59 d35e11d3d1ab3c67 09660f466b38b7ba 0db6584e3bdfa1c4 73391e0853c1e040 0d0368139e9a647f 4522ad78bf79f0c9 d46598813fb437e5 63d95d5977c2fe98 316382267dcd804f 5fb2d8e734956af0 01020d1b0821f4c7 70776cdd9bb3b7d4 c6b615b2589e036d e4a7a996ed6a5a81 9d5edf3b993fee50 025a148c3a53bd9f 33856365c271aea4 5b16bae6a0de7c88 ac9ee0c09b538140 b69ce8b8154645f8 387e9cd2e5d4ea7d 46b99f864d6a075a 01ecc81f6341e902
388,3734d3b0b9232538 47fbe21f5c35c7b4 c5830f9d0f1e29e5 c015590d6a6fe833 ddb3810e0289c148 cc507a0d6fcf4a1c a853f13216170123 52aa48c07b34dc88 d92c0298f76ccf77 2e031d83339759b2 72b80b099fd64ec4 9f4e0d572b1f4e6c a492bd402afd5c71 133b04350c75770b 3e8e56f639a5db5b b1dcaca98bb76736 4d9214c0925e5af8 486dd77002936dec 061f3e1feeaa3094 033d905aec273595 26140b225c4f8d3f cea18be9a89d7a81 0a79fabc6f5d93c9 8dc313a2cf9da354 0b0021aa60d05daa 622f2e4119882c94 40583079f57235a6 74244a8703c03720 1a8e5d6512d9e2d8 ebfda3b48083e390
389,90ecb28f2edb9d43 2394b08708475900 54a11cbcd7a32af4 cc507a0d6fcf4a1c 5c8c6d9a1fd4c1e0 acae1d29289b1266 52aa48c07b34dc88 2e031d83339759b2 72b80b099fd64ec4 3e8e56f639a5db5b b1dcaca98bb76736 061f3e1feeaa3094 033d905aec273595 cea18be9a89d7a81 0a79fabc6f5d93c9 c015590d6a6fe833 8dc313a2cf9da354 0b0021aa60d05daa 622f2e4119882c94 40583079f57235a6 74244a8703c03720 1a8e5d6512d9e2d8 ebfda3b48083e390 1fe79c7de59ff6c6 8faeacf8ca08f62d 366a22fce0614fb8 0f4c71d341e2d939 c14d5b16840d3032 1dc7139adba034ec f49e13a653cbdad2
390,f2e30efbd27bee51 8699cc5dd4159b69 e1460af4a7044067 3734d3b0b9232538 18ced18aee04c48e 47fbe21f5c35c7b4 52370bea1acd0600 4d7653ea9499eed4 9a0f5ee4f845c9b2 0bcaac840d5e66d7 c28bc62802b90f82 bbbd5d2fd957e8f7 3986b68500d7704b 3fa57d488e979d74 ff88049e61f0f4ef e0269da736ddf004 bd713b37b67866c3 fd30682593995748 2a06f5614060e3b6 39f6296778264878 702d8f1064ab3e30 0708923badf2ff5d 734dabb98795c35c 942a7d26d81c841f bd0f175ee98c613e ae94d8435a6847f4 b6d0f83aad4e4dc7 b24820ae14e16a24 622f2e4119882c94 cea18be9a89d7a81
391,b1dcaca98bb76736 e8b87ed7db1bcb1f 60a070db9f1869b5 942a7d26d81c841f 3734d3b0b9232538 ce0f56b7190c268a 4491016efed845f1 666bdff4faa513ca 1dc7139adba034ec 81b7c7e312bfa1a0 2810fb6f81d1711c 0a79fabc6f5d93c9 3fa57d488e979d74 af41e2b6da3e7e02 0eb4de784c8dd679 81b639b74256b45b f46601a9955f9949 83f8f2fc471cad74 ae77487a89f2610c 1fe79c7de59ff6c6 90ecb28f2edb9d43 d9885881381fd10a 39075e303166355e 366a22fce0614fb8 0f4c71d341e2d939 e228204ae08d1355 e4a7a996ed6a5a81 e14a893f1918277e 6a3919ad9ed8197e 2e79d45ba4d1540d
392,4a5ac473c9d176ba 10ad13170242ecae 033d905aec273595 52aa48c07b34dc88 b1dcaca98bb76736 72b80b099fd64ec4 3e8e56f639a5db5b 061f3e1feeaa3094 cea18be9a89d7a81 0a79fabc6f5d93c9 c015590d6a6fe833 8dc313a2cf9da354 0b0021aa60d05daa 622f2e4119882c94 40583079f57235a6 74244a8703c03720 0e45c4c185f35df6 1a8e5d6512d9e2d8 ebfda3b48083e390 1fe79c7de59ff6c6 90ecb28f2edb9d43 0451447dd64f6284 366a22fce0614fb8 b6e646c13d0753ae 0f4c71d341e2d939 c14d5b16840d3032 f49e13a653cbdad2 453bc79164d57a01 95166957b2c38794 3a6e7894dde31c67
393,cea18be9a89d7a81 9100ea6cd0e084bf d92c0298f76ccf77 ebfda3b48083e390 7155e5a86136eb02 cc507a0d6fcf4a1c 133b04350c75770b 5b4c879fc9c316fb 666bdff4faa513ca 81b7c7e312bfa1a0 4d9214c0925e5af8 3b6d27775fce1c7b 3ca7964973437917 e8684734f2e587bd 3b4a85bac6ead3c8 0688c790d5806540 9c9a9d45c2ea7ddf 26140b225c4f8d3f 1d0f5fdc58e3efb5 0f33ce8d8014f308 c36c2dce0e6e434f 2e031d83339759b2 ad06e9eeea8eb4ea 999a52f1d301247c 148ac4a56a18844d a9dad59c7055b56c 1a05ef8c93af8eed 047769588be1aea9 25a3b47fe31bc6b5 0451447dd64f6284
394,6a9aa1bd93e36e66 d216e5458ad70e60 1398b478b71773ed 9b0e8cf8153e3b33 1d72229ebcc00faf 65708d542bd01f39 005666aa098abe8e 9f4e0d572b1f4e6c a60934e6b473097a 148ac4a56a18844d d6bbbd6c4968075a eab15ee21e126f6a 0451447dd64f6284 a2c35fdf07a13286 4f2fffd7528de786 f54ad8d1eb18212e 77e2f7da1f9d3a8f e9c20b67a4c5395f 2e031d83339759b2 b6a1c97f19af78d0 58654e3143c6550b f48d0fbea7dc2782 f44f74b3451aa593 b1dcaca98bb76736 22756be6fd061d4c 061f3e1feeaa3094 033d905aec273595 cea18be9a89d7a81 0a79fabc6f5d93c9 c015590d6a6fe833
395,5bf89d11a25121d9 4483bbdd3241f11a da904d2a54ff8cf2 781f4d0147aef776 fc8971756f9ec194 5b4c879fc9c316fb 666bdff4faa513ca cea18be9a89d7a81 81b7c7e312bfa1a0 0688c790d5806540 9c9a9d45c2ea7ddf ebfda3b48083e390 bbbd5d2fd957e8f7 1d0f5fdc58e3efb5 0f33ce8d8014f308 7d83ffe83f61bdc4 7155e5a86136eb02 c36c2dce0e6e434f ad06e9eeea8eb4ea 999a52f1d301247c 3b6d27775fce1c7b 3ca7964973437917 d92c0298f76ccf77 e8684734f2e587bd 148ac4a56a18844d a9dad59c7055b56c 1a05ef8c93af8eed 3b4a85bac6ead3c8 047769588be1aea9 25a3b47fe31bc6b5
396,e25a1da6ca187350 d3c4a7db726191e0 8a5635c748344d47 172bc0ee09332ae9 4577ae048ef1967d b26d8664feb18c8c 01020d1b0821f4c7 edc79e57b20e9036 b05b5f6850cfa158 a60934e6b473097a 5c8c6d9a1fd4c1e0 8faeacf8ca08f62d 95166957b2c38794 16b11706660177ff e22c35101e190db9 a18df74d3a16e9c0 393f49286db04aeb 8fc68213b63951dc c1f2e3a76d388944 f9c6286cff30aaa8 4491016efed845f1 0683b6a78f54be75 72b80b099fd64ec4 42bb83d7c4b9ecae a04d6febd82a4389 a292248bb2bffb3d 88b62355670ec8f8 abf90e759d208468 43b3338423d7386c 0a79fabc6f5d93c9
397,92f42fbd0c38f7fd e403278468d84383 fb8bd6b95eb4702a cc507a0d6fcf4a1c 0c2eeab1e4ce1db8 18b1d2d84c97a364 98dbd15aa33ebc18 1efd7bd8a34a1359 b6cdb608f640e038 eff60ceea8817dad ec4ef2f727e7a03f da7d3c2d591c4295 c28bc62802b90f82 52370bea1acd0600 4d7653ea9499eed4 9a0f5ee4f845c9b2 0bcaac840d5e66d7 702d8f1064ab3e30 3986b68500d7704b 3fa57d488e979d74 ff88049e61f0f4ef e0269da736ddf004 bd713b37b67866c3 fd30682593995748 47fbe21f5c35c7b4 e7cad3748e50b0f8 734dabb98795c35c 942a7d26d81c841f bd0f175ee98c613e ae94d8435a6847f4
398,29bedd00fb2be056 455fde214d16d350 33856365c271aea4 5989fb934598c1a7 07f22a7ad7e4711d 25a3b47fe31bc6b5 ddb3810e0289c148 387e9cd2e5d4ea7d ebfda3b48083e390 42c9b72cc77dcb28 025a148c3a53bd9f c5830f9d0f1e29e5 7155e5a86136eb02 65708d542bd01f39 57113c2a4cacd961 4d954d933e606b70 095bb1b6ecbd0a50 8643165b0f53df11 3ca7964973437917 eff60ceea8817dad 1f423f368aebf7f3 26fc2a95df5659c2 855f2f0354e102c7 63d95d5977c2fe98 7ee52d2519eea367 44d324ebd3e22ad7 1398b478b71773ed 4d417b203b333363 587e0b2a4811fab1 b6a1c97f19af78d0
399,1a8e5d6512d9e2d8 7cea1f637ea3f37d 2820628e65a062e2 6461a9faa871b3ac ecb768ef6fd223ca 155600e5f1221f8c 190ab585fd379f0f 0f33ce8d8014f308 f2b5098ac9c92da9 4d32dae7b43c489a b0b5e62a93a2c37c 0647acc4602d4e8f 74873b42602d8958 2901e5309bb3f8f6 8abe670908f12614 f48d0fbea7dc2782 4d29c6922b2d0d56 628accd9be98503c 8faeacf8ca08f62d 1dc7139adba034ec 52aa48c07b34dc88 95ecdbff44ad0b60 393f49286db04aeb 07f22a7ad7e4711d 3cb6b40d377e7ca8 8fc68213b63951dc 0eb4de784c8dd679 c1f2e3a76d388944 f9c6286cff30aaa8 0683b6a78f54be75
400,74e59c5820900b17 2a06f5614060e3b6 dac29ed8400b50cc e7cad3748e50b0f8 bb7515be835dea49 c08c3765ac609cc0 a9eef13786610446 ffc688c4c1c2a068 f705b637f624147e 3fa57d488e979d74 0b0021aa60d05daa 54f55c74d37db3c0 83f8f2fc471cad74 f46601a9955f9949 acae1d29289b1266 9269d2b0d877352d 8d58da0e1800dc96 702d8f1064ab3e30 6d80d2e62d01f6bc 2810fb6f81d1711c 49224aca40e6e5e3 65fac1ba1840000f e14a893f1918277e d7d937303a6d5a9d e878efab7c37179e 29bedd00fb2be056 00140806971e7a73 8643165b0f53df11 4d417b203b333363 a813c15b46ceaf68
401,0fbd0f422e926816 74e59c5820900b17 2a06f5614060e3b6 dac29ed8400b50cc 73391e0853c1e040 f2234bb7ce0c6f59 72403ecdfe02bba6 05f23e7d05dbf7c2 b749972436ac9791 5b34da30b93eb123 e7cad3748e50b0f8 bb7515be835dea49 ffc688c4c1c2a068 f705b637f624147e c08c3765ac609cc0 a9eef13786610446 3fa57d488e979d74 0b0021aa60d05daa 63d95d5977c2fe98 316382267dcd804f 54f55c74d37db3c0 f46601a9955f9949 83f8f2fc471cad74 acae1d29289b1266 9269d2b0d877352d 8d58da0e1800dc96 0db6584e3bdfa1c4 702d8f1064ab3e30 6d80d2e62d01f6bc 6aac5e116b75aa22
402,e403278468d84383 4beacc71024f8b08 59bf6d6df9146d60 e8b87ed7db1bcb1f f25bfcffedaccf28 22756be6fd061d4c 393f49286db04aeb 92f42fbd0c38f7fd a860b682add9de1c e6a29676c096f8e8 0e45c4c185f35df6 2e031d83339759b2 8dedff0a79784abc 95166957b2c38794 ae94d8435a6847f4 daa257a37227cd72 27bc34b9887bec0d cc507a0d6fcf4a1c b6e72edcad270be0 48a76e3aff69d605 da011b87595c1019 f105a53e5cfae611 b29ab87af6ea6310 a0566ca9daca7778 57113c2a4cacd961 0c2eeab1e4ce1db8 1d72229ebcc00faf a853f13216170123 18b1d2d84c97a364 98dbd15aa33ebc18
403,18ced18aee04c48e bbbd5d2fd957e8f7 47fbe21f5c35c7b4 52370bea1acd0600 4d7653ea9499eed4 9a0f5ee4f845c9b2 0bcaac840d5e66d7 c28bc62802b90f82 702d8f1064ab3e30 059bbdbdb843af6a 3fa57d488e979d74 ff88049e61f0f4ef e0269da736ddf004 bd713b37b67866c3 fd30682593995748 2a06f5614060e3b6 39f6296778264878 e25a1da6ca187350 3986b68500d7704b e7cad3748e50b0f8 0708923badf2ff5d 734dabb98795c35c 942a7d26d81c841f bd0f175ee98c613e ae94d8435a6847f4 b6d0f83aad4e4dc7 b24820ae14e16a24 cea18be9a89d7a81 4b8c7061102517ef af8e70f978cd5aee
404,0fbd0f422e926816 f2234bb7ce0c6f59 0db6584e3bdfa1c4 73391e0853c1e040 05f23e7d05dbf7c2 b749972436ac9791 72403ecdfe02bba6 5b34da30b93eb123 6aac5e116b75aa22 46b99f864d6a075a d46598813fb437e5 63d95d5977c2fe98 316382267dcd804f 5fb2d8e734956af0 01020d1b0821f4c7 c6b615b2589e036d e4a7a996ed6a5a81 025a148c3a53bd9f 33856365c271aea4 5b16bae6a0de7c88 d35e11d3d1ab3c67 ac9ee0c09b538140 b69ce8b8154645f8 09660f466b38b7ba 0d0368139e9a647f 4522ad78bf79f0c9 387e9cd2e5d4ea7d 70776cdd9bb3b7d4 9d5edf3b993fee50 f209d29f991432f0
405,2394b08708475900 54a11cbcd7a32af4 90ecb28f2edb9d43 5c8c6d9a1fd4c1e0 6e239f4dd4b6aed7 d35e11d3d1ab3c67 ac9ee0c09b538140 0fbd0f422e926816 74e59c5820900b17 b29ab87af6ea6310 dac29ed8400b50cc f2234bb7ce0c6f59 2a06f5614060e3b6 ffa9091747ae2466 0db6584e3bdfa1c4 73391e0853c1e040 05f23e7d05dbf7c2 72403ecdfe02bba6 5b34da30b93eb123 b749972436ac9791 6aac5e116b75aa22 2810fb6f81d1711c e7cad3748e50b0f8 d46598813fb437e5 bb7515be835dea49 abf90e759d208468 f705b637f624147e c08c3765ac609cc0 a9eef13786610446 ffc688c4c1c2a068
406,b1dcaca98bb76736 061f3e1feeaa3094 033d905aec273595 cea18be9a89d7a81 0a79fabc6f5d93c9 c015590d6a6fe833 52aa48c07b34dc88 8dc313a2cf9da354 3e8e56f639a5db5b 0b0021aa60d05daa 622f2e4119882c94 40583079f57235a6 74244a8703c03720 1a8e5d6512d9e2d8 ebfda3b48083e390 1fe79c7de59ff6c6 90ecb28f2edb9d43 72b80b099fd64ec4 366a22fce0614fb8 0f4c71d341e2d939 c14d5b16840d3032 f49e13a653cbdad2 453bc79164d57a01 05e4165a56bf50eb 7155e5a86136eb02 bf3ccaba4a3450a8 5ebb4d2f5f1c1f13 01b3da54ffb158a0 22dc81380cf4baec 419b5dc40744fb9b
407,1ba7a50457e93996 2e44fbb8bc3d8d71 a04d6febd82a4389 b0bfe0f426275870 d64c06baf5ef1c90 095bb1b6ecbd0a50 a14394322cf7043d 26fc2a95df5659c2 20d283a232dfd13c 4c3802a1bd3c842e bd0f175ee98c613e 46315cf30aaee51c 2810fb6f81d1711c 01e5a6edcee7deb0 1f4f62844c3cb99c b3e75fdca5ca2f1a bed3e73d52011f68 976baf0e84752a68 0688c790d5806540 6a3919ad9ed8197e 316382267dcd804f 40583079f57235a6 74244a8703c03720 a492bd402afd5c71 898a4921ab9f4cce 8f578001f9d5f543 b78189788d563693 2e4b00c01d58e79e 00d9f8d3f7d412b3 e228204ae08d1355
408,26140b225c4f8d3f cc507a0d6fcf4a1c b29ab87af6ea6310 0c2eeab1e4ce1db8 18b1d2d84c97a364 98dbd15aa33ebc18 ffa9091747ae2466 1efd7bd8a34a1359 b6cdb608f640e038 abf90e759d208468 eff60ceea8817dad 942a7d26d81c841f ec4ef2f727e7a03f 7b81f1f2b6ec2e5f 26fc2a95df5659c2 a14394322cf7043d 095bb1b6ecbd0a50 796888cc3443006c 4c3802a1bd3c842e d72363ddd958d906 eec6b281e236b500 da7d3c2d591c4295 59bf6d6df9146d60 413c55a5ab86881a 0eafda717681bbdc 01e5a6edcee7deb0 bed3e73d52011f68 1f4f62844c3cb99c b3e75fdca5ca2f1a 197fa50b30d91fe8
409,acf5cb026b3c4551 cc507a0d6fcf4a1c c14d5b16840d3032 6a3919ad9ed8197e 3c565c1fc2316d16 00e1e2eb13f650e4 016da874bd04df55 1398b478b71773ed a0b1f4dd32f3e278 b2ee9eea2d974c90 18ced18aee04c48e 828f5dfbbf1272ee f48d0fbea7dc2782 3e8e56f639a5db5b 0bcaac840d5e66d7 c28bc62802b90f82 702d8f1064ab3e30 3986b68500d7704b b6d0f83aad4e4dc7 b24820ae14e16a24 ff88049e61f0f4ef e0269da736ddf004 ae94d8435a6847f4 bd713b37b67866c3 fd30682593995748 2a06f5614060e3b6 39f6296778264878 3fa57d488e979d74 4d7653ea9499eed4 52370bea1acd0600
410,796888cc3443006c b29ab87af6ea6310 ffa9091747ae2466 abf90e759d208468 942a7d26d81c841f 40583079f57235a6 7b81f1f2b6ec2e5f a14394322cf7043d 26fc2a95df5659c2 095bb1b6ecbd0a50 0db6584e3bdfa1c4 4c3802a1bd3c842e eec6b281e236b500 8fc68213b63951dc 59bf6d6df9146d60 33856365c271aea4 413c55a5ab86881a 0eafda717681bbdc 5fb2d8e734956af0 01e5a6edcee7deb0 1f4f62844c3cb99c b3e75fdca5ca2f1a bed3e73d52011f68 197fa50b30d91fe8 6c017e548aa138f2 64b31699d7d15934 d5805cdb9e8f0f48 ce2fe99a7cda4a17 b3ad55963554f220 cc861214a89ef1f4
411,366a22fce0614fb8 0683b6a78f54be75 d1e21234d7cc61d2 70ebf53ced736fa4 dea5e9227fbbac29 b9d966ad9e04127a 50cb6a6c60ad711a 5f94b027039f4e48 a76ffccd2f5df1a7 da011b87595c1019 7ee52d2519eea367 28a2067685cb3e97 033d905aec273595 ddb3810e0289c148 52aa48c07b34dc88 b6e646c13d0753ae 3a6e7894dde31c67 9b0e8cf8153e3b33 72b80b099fd64ec4 d6bbbd6c4968075a 25a3b47fe31bc6b5 3e8e56f639a5db5b b1dcaca98bb76736 8dedff0a79784abc 18ced18aee04c48e d257d1fbcf43abd5 e9c20b67a4c5395f b6a1c97f19af78d0 ce0f56b7190c268a 4f915ad69e1dca36
412,b8e2f75014710ced b29ab87af6ea6310 db7342eff9200020 ffa9091747ae2466 01ecc81f6341e902 f705b637f624147e c08c3765ac609cc0 a9eef13786610446 ffc688c4c1c2a068 72403ecdfe02bba6 5b34da30b93eb123 05f23e7d05dbf7c2 b749972436ac9791 6aac5e116b75aa22 abf90e759d208468 942a7d26d81c841f 8d58da0e1800dc96 7b81f1f2b6ec2e5f cc507a0d6fcf4a1c 26fc2a95df5659c2 a14394322cf7043d 095bb1b6ecbd0a50 796888cc3443006c 4c3802a1bd3c842e eec6b281e236b500 74e59c5820900b17 fc16a50ff0baec53 8643165b0f53df11 d35e11d3d1ab3c67 3ca7964973437917
413,bfb8032f2183d471 b29ab87af6ea6310 395b26d91f98bd92 587e0b2a4811fab1 a18df74d3a16e9c0 ffa9091747ae2466 99e833818ec4bbf2 922e625fae98b3b9 de8e1345e8c305c4 abf90e759d208468 942a7d26d81c841f 7b81f1f2b6ec2e5f 9a0f5ee4f845c9b2 a14394322cf7043d 26fc2a95df5659c2 095bb1b6ecbd0a50 796888cc3443006c 4c3802a1bd3c842e eec6b281e236b500 0708923badf2ff5d 59bf6d6df9146d60 413c55a5ab86881a 0eafda717681bbdc b3e75fdca5ca2f1a 01e5a6edcee7deb0 1f4f62844c3cb99c bed3e73d52011f68 197fa50b30d91fe8 40583079f57235a6 6c017e548aa138f2
414,37001ade0df85823 120e745e2961b5d5 b50b4e27b03c7b37 190ab585fd379f0f 9b2adcf4041227d7 46315cf30aaee51c 0688c790d5806540 74244a8703c03720 8f578001f9d5f543 b78189788d563693 c6b615b2589e036d e14a893f1918277e fc21db75b354a917 4d32dae7b43c489a a60934e6b473097a e878efab7c37179e d7d937303a6d5a9d c606425856952286 025a148c3a53bd9f 016da874bd04df55 4d9214c0925e5af8 428f9363fa35882d 047769588be1aea9 d6bbbd6c4968075a 853e36b1550c6274 351c9da399c2b915 9c9a9d45c2ea7ddf 18ced18aee04c48e 09bbaa171c20bae3 5ebb4d2f5f1c1f13
415,3734d3b0b9232538 a04d6febd82a4389 d64c06baf5ef1c90 26fc2a95df5659c2 095bb1b6ecbd0a50 a14394322cf7043d 20d283a232dfd13c 4c3802a1bd3c842e bd0f175ee98c613e 46315cf30aaee51c 2810fb6f81d1711c 1f4f62844c3cb99c bed3e73d52011f68 b3e75fdca5ca2f1a 01e5a6edcee7deb0 976baf0e84752a68 0688c790d5806540 316382267dcd804f 40583079f57235a6 74244a8703c03720 8f578001f9d5f543 b78189788d563693 00d9f8d3f7d412b3 e228204ae08d1355 7e4a4a1300b77a06 9f4e0d572b1f4e6c 05e4165a56bf50eb a60934e6b473097a 27a12f29dceccdbd e878efab7c37179e
416,4b29fc21f912754d 2cebd52b41930f0a 47fbe21f5c35c7b4 52370bea1acd0600 4d7653ea9499eed4 9a0f5ee4f845c9b2 0bcaac840d5e66d7 c28bc62802b90f82 702d8f1064ab3e30 e36475c1af5ea3ab 3fa57d488e979d74 ff88049e61f0f4ef e0269da736ddf004 bd713b37b67866c3 fd30682593995748 2a06f5614060e3b6 39f6296778264878 3986b68500d7704b e7cad3748e50b0f8 0708923badf2ff5d 734dabb98795c35c 942a7d26d81c841f bd0f175ee98c613e ae94d8435a6847f4 b6d0f83aad4e4dc7 b24820ae14e16a24 bbbd5d2fd957e8f7 4b8c7061102517ef af8e70f978cd5aee 5ebb4d2f5f1c1f13
417,daa257a37227cd72 6204e398d8c7f888 db7342eff9200020 0772e3ab293a1f30 fd57e641d06ebda7 cc507a0d6fcf4a1c 3c565c1fc2316d16 b2ee9eea2d974c90 edc79e57b20e9036 c14d5b16840d3032 6a3919ad9ed8197e 00e1e2eb13f650e4 a18df74d3a16e9c0 016da874bd04df55 1398b478b71773ed a0b1f4dd32f3e278 a04d6febd82a4389 a292248bb2bffb3d 88b62355670ec8f8 abf90e759d208468 828f5dfbbf1272ee 430feb4826a5632e f48d0fbea7dc2782 f76f44d372517a9a 8faeacf8ca08f62d a14394322cf7043d 095bb1b6ecbd0a50 26fc2a95df5659c2 796888cc3443006c 20d283a232dfd13c
418,daa257a37227cd72 6204e398d8c7f888 db7342eff9200020 796888cc3443006c 0db6584e3bdfa1c4 8fc68213b63951dc a813c15b46ceaf68 16b11706660177ff 0772e3ab293a1f30 5fb2d8e734956af0 ce2fe99a7cda4a17 33856365c271aea4 edc79e57b20e9036 387e9cd2e5d4ea7d 29bedd00fb2be056 a18df74d3a16e9c0 a04d6febd82a4389 a292248bb2bffb3d 88b62355670ec8f8 abf90e759d208468 430feb4826a5632e f76f44d372517a9a 8faeacf8ca08f62d a14394322cf7043d 095bb1b6ecbd0a50 26fc2a95df5659c2 20d283a232dfd13c 4c3802a1bd3c842e bd0f175ee98c613e 46315cf30aaee51c
419,238ec735a13a3f09 976baf0e84752a68 4e966bb2768c2b8a 00d9f8d3f7d412b3 83f8aca6ee2caabc 3cb6b40d377e7ca8 f9c6286cff30aaa8 ee3ed9a3f51336cd 88b62355670ec8f8 a292248bb2bffb3d 72b80b099fd64ec4 6461a9faa871b3ac 60a070db9f1869b5 e7828f0ea9749505 428f9363fa35882d fd30682593995748 f76f44d372517a9a 24e582daf6f87158 d6ed7e4b14c51296 a853f13216170123 451e7ba901ad661d e25a1da6ca187350 0a79fabc6f5d93c9 4dba7ce835494a63 2394b08708475900 b24820ae14e16a24 1d0f5fdc58e3efb5 1fe79c7de59ff6c6 90ecb28f2edb9d43 18ced18aee04c48e
420,95ecdbff44ad0b60 430feb4826a5632e 09bbaa171c20bae3 bd713b37b67866c3 ad06e9eeea8eb4ea d3c4a7db726191e0 ae94d8435a6847f4 52aa48c07b34dc88 a52df8083c238c46 acae1d29289b1266 73f770f2643a2135 72b80b099fd64ec4 3e8e56f639a5db5b b1dcaca98bb76736 047769588be1aea9 061f3e1feeaa3094 033d905aec273595 cea18be9a89d7a81 0a79fabc6f5d93c9 c015590d6a6fe833 8dc313a2cf9da354 0b0021aa60d05daa 622f2e4119882c94 40583079f57235a6 74244a8703c03720 1a8e5d6512d9e2d8 ebfda3b48083e390 1fe79c7de59ff6c6 90ecb28f2edb9d43 8faeacf8ca08f62d
421,005666aa098abe8e 65708d542bd01f39 f54ad8d1eb18212e 18ced18aee04c48e 47fbe21f5c35c7b4 52370bea1acd0600 4d7653ea9499eed4 9a0f5ee4f845c9b2 0bcaac840d5e66d7 c28bc62802b90f82 702d8f1064ab3e30 3986b68500d7704b ff88049e61f0f4ef e0269da736ddf004 bd713b37b67866c3 fd30682593995748 2a06f5614060e3b6 39f6296778264878 e25a1da6ca187350 3fa57d488e979d74 0708923badf2ff5d 734dabb98795c35c 942a7d26d81c841f bd0f175ee98c613e ae94d8435a6847f4 b6d0f83aad4e4dc7 b24820ae14e16a24 622f2e4119882c94 bbbd5d2fd957e8f7 af8e70f978cd5aee
422,b50b4e27b03c7b37 00ff646ca6637bd7 0b774cf90856c4da 26f72a4eb15ea8c0 4b8c7061102517ef 50ba507a268872e1 20d283a232dfd13c bd0f175ee98c613e 8dc313a2cf9da354 bed3e73d52011f68 01e5a6edcee7deb0 b3e75fdca5ca2f1a 1f4f62844c3cb99c 976baf0e84752a68 316382267dcd804f 40583079f57235a6 74244a8703c03720 6cb9ab508a0678a0 0f33ce8d8014f308 00d9f8d3f7d412b3 e228204ae08d1355 83f8aca6ee2caabc 7e4a4a1300b77a06 9f4e0d572b1f4e6c cc861214a89ef1f4 b8e2f75014710ced 27a12f29dceccdbd af8e70f978cd5aee 18b1d2d84c97a364 a677c3a76055a6d2
423,bbbd5d2fd957e8f7 7d83ffe83f61bdc4 e5fb8dc5c9cb4a19 4d29c6922b2d0d56 f28fb3d9880c5d4c 0cd920bad11c716d 42c9b72cc77dcb28 5570ef88d970e9b4 351c9da399c2b915 18ced18aee04c48e 4d7653ea9499eed4 9a0f5ee4f845c9b2 0bcaac840d5e66d7 c28bc62802b90f82 702d8f1064ab3e30 52370bea1acd0600 3fa57d488e979d74 ff88049e61f0f4ef e0269da736ddf004 bd713b37b67866c3 fd30682593995748 2a06f5614060e3b6 3986b68500d7704b 942a7d26d81c841f bd0f175ee98c613e ae94d8435a6847f4 b6d0f83aad4e4dc7 b24820ae14e16a24 622f2e4119882c94 4b8c7061102517ef
424,52aa48c07b34dc88 3cb6b40d377e7ca8 b0e254dd420faee3 5f94b027039f4e48 dc12cc503ac0eddb 52370bea1acd0600 48cf88c17ff38c5e 20db73cf07a45f71 7ee52d2519eea367 5879096a38d69fc5 0708923badf2ff5d 377c1150c781e37a 7f29daa16b9b4cda 22756be6fd061d4c 87c5481930cfe126 e461837f0fb35048 3986b68500d7704b c28bc62802b90f82 3fa57d488e979d74 ff88049e61f0f4ef e0269da736ddf004 bd713b37b67866c3 fd30682593995748 2a06f5614060e3b6 39f6296778264878 e25a1da6ca187350 702d8f1064ab3e30 b6d0f83aad4e4dc7 b24820ae14e16a24 622f2e4119882c94
425,00e1e2eb13f650e4 428f9363fa35882d 1c3b74a02a86467d 58654e3143c6550b 8faeacf8ca08f62d 1dc7139adba034ec 52aa48c07b34dc88 95ecdbff44ad0b60 393f49286db04aeb 07f22a7ad7e4711d 3cb6b40d377e7ca8 8fc68213b63951dc 0eb4de784c8dd679 c1f2e3a76d388944 f9c6286cff30aaa8 0683b6a78f54be75 72b80b099fd64ec4 ad06e9eeea8eb4ea 999a52f1d301247c 587e0b2a4811fab1 f2e30efbd27bee51 47fbe21f5c35c7b4 c5830f9d0f1e29e5 72c2a95813ea72bd 3e8e56f639a5db5b 18ced18aee04c48e f58ff7f1a6cde683 5547f9f1638ac345 ff88049e61f0f4ef c31a456b544a40a8
426,52aa48c07b34dc88 72b80b099fd64ec4 3e8e56f639a5db5b b1dcaca98bb76736 061f3e1feeaa3094 033d905aec273595 cea18be9a89d7a81 0a79fabc6f5d93c9 c015590d6a6fe833 8dc313a2cf9da354 0b0021aa60d05daa 622f2e4119882c94 40583079f57235a6 74244a8703c03720 1a8e5d6512d9e2d8 ebfda3b48083e390 1fe79c7de59ff6c6 90ecb28f2edb9d43 8faeacf8ca08f62d 366a22fce0614fb8 0f4c71d341e2d939 c14d5b16840d3032 1dc7139adba034ec f49e13a653cbdad2 453bc79164d57a01 05e4165a56bf50eb 7155e5a86136eb02 bf3ccaba4a3450a8 5ebb4d2f5f1c1f13 95ecdbff44ad0b60
427,a60934e6b473097a eab15ee21e126f6a 9b0e8cf8153e3b33 a2c35fdf07a13286 77e2f7da1f9d3a8f 2e031d83339759b2 f48d0fbea7dc2782 f44f74b3451aa593 cc507a0d6fcf4a1c 0c2eeab1e4ce1db8 18b1d2d84c97a364 98dbd15aa33ebc18 1efd7bd8a34a1359 b6cdb608f640e038 eff60ceea8817dad ec4ef2f727e7a03f da7d3c2d591c4295 09bbaa171c20bae3 47fbe21f5c35c7b4 4d7653ea9499eed4 bbbd5d2fd957e8f7 52370bea1acd0600 9a0f5ee4f845c9b2 0bcaac840d5e66d7 c28bc62802b90f82 702d8f1064ab3e30 3fa57d488e979d74 ff88049e61f0f4ef e0269da736ddf004 bd713b37b67866c3
428,033d905aec273595 b6e646c13d0753ae 3a6e7894dde31c67 9b0e8cf8153e3b33 d6bbbd6c4968075a 25a3b47fe31bc6b5 8dedff0a79784abc d257d1fbcf43abd5 e9c20b67a4c5395f b6a1c97f19af78d0 ce0f56b7190c268a 4f915ad69e1dca36 58654e3143c6550b c143c095983a65c2 3d6880bd12f6613f cc507a0d6fcf4a1c 28a2067685cb3e97 0c2eeab1e4ce1db8 18b1d2d84c97a364 98dbd15aa33ebc18 8faeacf8ca08f62d 1efd7bd8a34a1359 b6cdb608f640e038 1dc7139adba034ec eff60ceea8817dad 52aa48c07b34dc88 95ecdbff44ad0b60 ec4ef2f727e7a03f 393f49286db04aeb 07f22a7ad7e4711d
429,00d9f8d3f7d412b3 96e82fa141db9a4b e8684734f2e587bd 853e36b1550c6274 c11b97f245a9dfd0 5879096a38d69fc5 c810ac016901e8ac 4f915ad69e1dca36 63d509cd2a2e0e47 64c2e323906b42d3 74ae9af23a383bf5 6406fcdb7d87b5dc c015590d6a6fe833 9fbffc521da97c54 f1a3b8b13e9401c0 9a0f5ee4f845c9b2 3986b68500d7704b 3fa57d488e979d74 ff88049e61f0f4ef 702d8f1064ab3e30 c28bc62802b90f82 e0269da736ddf004 bd713b37b67866c3 fd30682593995748 0bcaac840d5e66d7 2a06f5614060e3b6 39f6296778264878 942a7d26d81c841f ae94d8435a6847f4 b6d0f83aad4e4dc7
430,919b1679fffa7ef1 28403e62105b00f6 cc507a0d6fcf4a1c db0e648651f4c92b a5d5ba33b5b1dc95 c14d5b16840d3032 6a3919ad9ed8197e 3c565c1fc2316d16 00e1e2eb13f650e4 3e8e56f639a5db5b 016da874bd04df55 bee46c54461925d0 1398b478b71773ed a0b1f4dd32f3e278 b2ee9eea2d974c90 828f5dfbbf1272ee 585f4ee09d8fea46 f48d0fbea7dc2782 8faeacf8ca08f62d 0220a434aa8bf029 dc576af4ae66e25e 1dc7139adba034ec 9c9ebf71707d7a37 0add47a043c64d7f 52aa48c07b34dc88 95ecdbff44ad0b60 393f49286db04aeb 07f22a7ad7e4711d 3cb6b40d377e7ca8 8fc68213b63951dc
431,4a5ac473c9d176ba 10ad13170242ecae e0269da736ddf004 cc507a0d6fcf4a1c 0c2eeab1e4ce1db8 18b1d2d84c97a364 98dbd15aa33ebc18 1efd7bd8a34a1359 b6cdb608f640e038 eff60ceea8817dad ec4ef2f727e7a03f da7d3c2d591c4295 18ced18aee04c48e 52370bea1acd0600 4d7653ea9499eed4 9a0f5ee4f845c9b2 0bcaac840d5e66d7 c28bc62802b90f82 702d8f1064ab3e30 3986b68500d7704b ff88049e61f0f4ef 96e82fa141db9a4b 83f8f2fc471cad74 e25a1da6ca187350 bd713b37b67866c3 fd30682593995748 2a06f5614060e3b6 39f6296778264878 3fa57d488e979d74 ae94d8435a6847f4
432,c810ac016901e8ac 5dd752753760ced8 83f8aca6ee2caabc 7c9248ed6224aa26 b50b4e27b03c7b37 0c2eeab1e4ce1db8 fd30682593995748 fc8971756f9ec194 18b1d2d84c97a364 a677c3a76055a6d2 2e44fbb8bc3d8d71 0b774cf90856c4da b0b5e62a93a2c37c 2bafd15871caae91 2dd12c230ab22555 00ff646ca6637bd7 9f27aa36c1ea793c f28fb3d9880c5d4c 2b48ab08c915c0ad 36d33c41812ce7dc 42c9b72cc77dcb28 37001ade0df85823 351c9da399c2b915 120e745e2961b5d5 9b2adcf4041227d7 09bbaa171c20bae3 18ced18aee04c48e c28bc62802b90f82 0bcaac840d5e66d7 9a0f5ee4f845c9b2
433,9f4e0d572b1f4e6c e8b87ed7db1bcb1f a853f13216170123 f25bfcffedaccf28 59bf6d6df9146d60 d92c0298f76ccf77 393f49286db04aeb a492bd402afd5c71 133b04350c75770b 4d9214c0925e5af8 daa257a37227cd72 27bc34b9887bec0d 486dd77002936dec 576dd429db946393 57113c2a4cacd961 26140b225c4f8d3f 5048a37f10cf2d91 6cb9ab508a0678a0 8699cc5dd4159b69 9b0e8cf8153e3b33 148ac4a56a18844d d6bbbd6c4968075a cc861214a89ef1f4 af8e70f978cd5aee 0451447dd64f6284 4f2fffd7528de786 354d7a327bbcc152 025a148c3a53bd9f e9c20b67a4c5395f b6a1c97f19af78d0
434,fa173131f15f5534 9f4e0d572b1f4e6c 6a3919ad9ed8197e 9100ea6cd0e084bf a492bd402afd5c71 2e4b00c01d58e79e 9b0e8cf8153e3b33 01b3da54ffb158a0 5b16bae6a0de7c88 148ac4a56a18844d 7c98dedd223b36c0 bd713b37b67866c3 bc2ae5f4e5d53e00 d6bbbd6c4968075a b69ce8b8154645f8 0451447dd64f6284 b2ee9eea2d974c90 4f2fffd7528de786 828f5dfbbf1272ee 77e2f7da1f9d3a8f 050544c040f46152 a982b5c3aed39396 f48d0fbea7dc2782 e9c20b67a4c5395f b6a1c97f19af78d0 f44f74b3451aa593 58654e3143c6550b 377c1150c781e37a 00e1e2eb13f650e4 c28bc62802b90f82
435,5570ef88d970e9b4 e36475c1af5ea3ab f28fb3d9880c5d4c 0cd920bad11c716d c03b11a0cdc3fa39 42c9b72cc77dcb28 351c9da399c2b915 939a1f686ea36c05 d92c0298f76ccf77 133b04350c75770b 4d9214c0925e5af8 c015590d6a6fe833 9fbffc521da97c54 26140b225c4f8d3f 9a0f5ee4f845c9b2 0bcaac840d5e66d7 4d7653ea9499eed4 c28bc62802b90f82 702d8f1064ab3e30 3986b68500d7704b ff88049e61f0f4ef e0269da736ddf004 bd713b37b67866c3 fd30682593995748 39f6296778264878 3fa57d488e979d74 ae94d8435a6847f4 b6d0f83aad4e4dc7 b24820ae14e16a24 622f2e4119882c94
436,d72363ddd958d906 7c9248ed6224aa26 03ed286136d7b3cf f05fa5f57dc03e81 8faeacf8ca08f62d 1dc7139adba034ec 52aa48c07b34dc88 95ecdbff44ad0b60 393f49286db04aeb 07f22a7ad7e4711d 3cb6b40d377e7ca8 8fc68213b63951dc 0eb4de784c8dd679 c1f2e3a76d388944 f9c6286cff30aaa8 0683b6a78f54be75 72b80b099fd64ec4 18ced18aee04c48e ad06e9eeea8eb4ea 999a52f1d301247c 587e0b2a4811fab1 f2e30efbd27bee51 47fbe21f5c35c7b4 09bbaa171c20bae3 c5830f9d0f1e29e5 72c2a95813ea72bd 3e8e56f639a5db5b 00e1e2eb13f650e4 0bcaac840d5e66d7 c28bc62802b90f82
437,b371170568146b12 3734d3b0b9232538 09bbaa171c20bae3 cc507a0d6fcf4a1c c14d5b16840d3032 6a3919ad9ed8197e 3c565c1fc2316d16 00e1e2eb13f650e4 3e8e56f639a5db5b 016da874bd04df55 1398b478b71773ed a0b1f4dd32f3e278 b2ee9eea2d974c90 828f5dfbbf1272ee f48d0fbea7dc2782 8faeacf8ca08f62d 1dc7139adba034ec 52aa48c07b34dc88 95ecdbff44ad0b60 393f49286db04aeb 07f22a7ad7e4711d 3cb6b40d377e7ca8 8fc68213b63951dc 0eb4de784c8dd679 c1f2e3a76d388944 f9c6286cff30aaa8 0683b6a78f54be75 72b80b099fd64ec4 ad06e9eeea8eb4ea 999a52f1d301247c
438,5570ef88d970e9b4 8faeacf8ca08f62d 1dc7139adba034ec 52aa48c07b34dc88 95ecdbff44ad0b60 393f49286db04aeb 07f22a7ad7e4711d 3cb6b40d377e7ca8 8fc68213b63951dc 0eb4de784c8dd679 c1f2e3a76d388944 f9c6286cff30aaa8 0683b6a78f54be75 72b80b099fd64ec4 ad06e9eeea8eb4ea 999a52f1d301247c 587e0b2a4811fab1 f2e30efbd27bee51 47fbe21f5c35c7b4 c5830f9d0f1e29e5 72c2a95813ea72bd 3e8e56f639a5db5b 3986b68500d7704b 3fa57d488e979d74 ff88049e61f0f4ef e0269da736ddf004 bd713b37b67866c3 fd30682593995748 2a06f5614060e3b6 a04d6febd82a4389
439,4483bbdd3241f11a f05fa5f57dc03e81 da904d2a54ff8cf2 a1314cd417504572 3d93a60f990a0a7c 7cea1f637ea3f37d a84cd36608cb8665 7c9248ed6224aa26 9c9a9d45c2ea7ddf 8faeacf8ca08f62d 1dc7139adba034ec 52aa48c07b34dc88 95ecdbff44ad0b60 393f49286db04aeb 07f22a7ad7e4711d 3cb6b40d377e7ca8 8fc68213b63951dc 0eb4de784c8dd679 c1f2e3a76d388944 f9c6286cff30aaa8 0683b6a78f54be75 72b80b099fd64ec4 18ced18aee04c48e ad06e9eeea8eb4ea 999a52f1d301247c 587e0b2a4811fab1 f2e30efbd27bee51 47fbe21f5c35c7b4 c5830f9d0f1e29e5 72c2a95813ea72bd
440,29bedd00fb2be056 455fde214d16d350 33856365c271aea4 5989fb934598c1a7 07f22a7ad7e4711d 25a3b47fe31bc6b5 ddb3810e0289c148 387e9cd2e5d4ea7d ebfda3b48083e390 42c9b72cc77dcb28 025a148c3a53bd9f c5830f9d0f1e29e5 7155e5a86136eb02 65708d542bd01f39 57113c2a4cacd961 4d954d933e606b70 095bb1b6ecbd0a50 8643165b0f53df11 3ca7964973437917 eff60ceea8817dad 1f423f368aebf7f3 26fc2a95df5659c2 855f2f0354e102c7 63d95d5977c2fe98 7ee52d2519eea367 44d324ebd3e22ad7 1398b478b71773ed 4d417b203b333363 587e0b2a4811fab1 b6a1c97f19af78d0
441,47fbe21f5c35c7b4 c5830f9d0f1e29e5 ddb3810e0289c148 c015590d6a6fe833 52370bea1acd0600 4d7653ea9499eed4 9a0f5ee4f845c9b2 0bcaac840d5e66d7 c28bc62802b90f82 bbbd5d2fd957e8f7 3986b68500d7704b 3fa57d488e979d74 ff88049e61f0f4ef e0269da736ddf004 bd713b37b67866c3 fd30682593995748 2a06f5614060e3b6 39f6296778264878 e25a1da6ca187350 702d8f1064ab3e30 e7cad3748e50b0f8 0708923badf2ff5d 734dabb98795c35c 942a7d26d81c841f bd0f175ee98c613e ae94d8435a6847f4 b6d0f83aad4e4dc7 b24820ae14e16a24 cea18be9a89d7a81 4b8c7061102517ef
442,0c15f252d30646fc aa0789b403bcd839 ce2fe99a7cda4a17 8643165b0f53df11 d1e21234d7cc61d2 0bcaac840d5e66d7 5d26da95786b3a3a 29bedd00fb2be056 64c2e323906b42d3 106204cd0e07e1b2 964a50d33717c26d dc17b07476183764 404031ab9d5977c4 9a0f5ee4f845c9b2 4d7653ea9499eed4 52370bea1acd0600 c28bc62802b90f82 702d8f1064ab3e30 3986b68500d7704b ff88049e61f0f4ef e0269da736ddf004 bd713b37b67866c3 fd30682593995748 2a06f5614060e3b6 39f6296778264878 e25a1da6ca187350 3fa57d488e979d74 734dabb98795c35c bd0f175ee98c613e ae94d8435a6847f4
443,d73a65673e3f1d78 128d583954b18074 aa967ad3c1f65a29 ae000f9d0b5e104e 892074f7c1ef5d5e 47fbe21f5c35c7b4 33856365c271aea4 8e0760918e88e4a9 1f423f368aebf7f3 204ec91c39d1479d ce2fe99a7cda4a17 fc8971756f9ec194 b84b6c0b2e4d0306 cc2cc23a98c14c33 2e44fbb8bc3d8d71 765c0695339c3abe 1a05ef8c93af8eed 8700059e85433b32 734dabb98795c35c 0cd920bad11c716d 5d26da95786b3a3a dc576af4ae66e25e 8e0cc5199a0ee659 46b99f864d6a075a 36d33c41812ce7dc 4483bbdd3241f11a 576dd429db946393 37001ade0df85823 74ae9af23a383bf5 20db73cf07a45f71
444,6cb9ab508a0678a0 b8e2f75014710ced 3734d3b0b9232538 9a439fd1abf95245 2bafd15871caae91 26fc2a95df5659c2 a14394322cf7043d 095bb1b6ecbd0a50 4c3802a1bd3c842e 1f4f62844c3cb99c 01e5a6edcee7deb0 b3e75fdca5ca2f1a bed3e73d52011f68 b29ab87af6ea6310 40583079f57235a6 ffa9091747ae2466 9100ea6cd0e084bf abf90e759d208468 942a7d26d81c841f 48cf88c17ff38c5e 7b81f1f2b6ec2e5f a04d6febd82a4389 796888cc3443006c eec6b281e236b500 59bf6d6df9146d60 413c55a5ab86881a 0eafda717681bbdc d64c06baf5ef1c90 197fa50b30d91fe8 20d283a232dfd13c
445,2e2904c5373734ae f29eee8054c061e1 cc507a0d6fcf4a1c 9f3d2ca16f358290 06de3ca1148b088b 133b04350c75770b e7828f0ea9749505 4beacc71024f8b08 62431fd374eb99fb 0bcaac840d5e66d7 99e833818ec4bbf2 8faeacf8ca08f62d 395b26d91f98bd92 4535ce2e3dced00f 98dbd15aa33ebc18 00958a140c3a6de8 8e0cc5199a0ee659 dc576af4ae66e25e 393f49286db04aeb edc79e57b20e9036 069e7e25e43deab3 8fc68213b63951dc c1f2e3a76d388944 f9c6286cff30aaa8 d72363ddd958d906 aa0789b403bcd839 0683b6a78f54be75 72b80b099fd64ec4 6406fcdb7d87b5dc ec4ef2f727e7a03f
446,8faeacf8ca08f62d 1dc7139adba034ec 52aa48c07b34dc88 95ecdbff44ad0b60 393f49286db04aeb 07f22a7ad7e4711d 3cb6b40d377e7ca8 8fc68213b63951dc 0eb4de784c8dd679 c1f2e3a76d388944 f9c6286cff30aaa8 0683b6a78f54be75 72b80b099fd64ec4 ad06e9eeea8eb4ea 999a52f1d301247c 587e0b2a4811fab1 f2e30efbd27bee51 47fbe21f5c35c7b4 3e8e56f639a5db5b c5830f9d0f1e29e5 72c2a95813ea72bd cc507a0d6fcf4a1c c14d5b16840d3032 6a3919ad9ed8197e 3c565c1fc2316d16 00e1e2eb13f650e4 016da874bd04df55 1398b478b71773ed a0b1f4dd32f3e278 b2ee9eea2d974c90
447,9f4e0d572b1f4e6c 9b0e8cf8153e3b33 148ac4a56a18844d d6bbbd6c4968075a 0451447dd64f6284 4f2fffd7528de786 e9c20b67a4c5395f b6a1c97f19af78d0 58654e3143c6550b d92c0298f76ccf77 133b04350c75770b 4d9214c0925e5af8 26140b225c4f8d3f 18ced18aee04c48e 3fa57d488e979d74 ff88049e61f0f4ef e0269da736ddf004 bd713b37b67866c3 fd30682593995748 2a06f5614060e3b6 39f6296778264878 e25a1da6ca187350 c31a456b544a40a8 f58ff7f1a6cde683 5547f9f1638ac345 3986b68500d7704b b24820ae14e16a24 622f2e4119882c94 4b8c7061102517ef af8e70f978cd5aee
448,b29ab87af6ea6310 abf90e759d208468 095bb1b6ecbd0a50 a14394322cf7043d 26fc2a95df5659c2 796888cc3443006c 4c3802a1bd3c842e ffa9091747ae2466 eec6b281e236b500 edc79e57b20e9036 72b80b099fd64ec4 0eafda717681bbdc 01e5a6edcee7deb0 bed3e73d52011f68 1f4f62844c3cb99c b3e75fdca5ca2f1a 6c017e548aa138f2 8faeacf8ca08f62d 3734d3b0b9232538 b3ad55963554f220 a18df74d3a16e9c0 393f49286db04aeb c28bc62802b90f82 8fc68213b63951dc f49e13a653cbdad2 40583079f57235a6 c1f2e3a76d388944 f9c6286cff30aaa8 0683b6a78f54be75 a04d6febd82a4389
449,537a55eda51a3f60 4483bbdd3241f11a a1314cd417504572 da904d2a54ff8cf2 46315cf30aaee51c fab14d178b24a67f 8f578001f9d5f543 b78189788d563693 edc79e57b20e9036 c6b615b2589e036d fc21db75b354a917 4d32dae7b43c489a a60934e6b473097a c03b11a0cdc3fa39 e878efab7c37179e d7d937303a6d5a9d c606425856952286 351c9da399c2b915 025a148c3a53bd9f a18df74d3a16e9c0 853e36b1550c6274 b50b4e27b03c7b37 a04d6febd82a4389 88b62355670ec8f8 a292248bb2bffb3d abf90e759d208468 bbbd5d2fd957e8f7 430feb4826a5632e f76f44d372517a9a b6cdb608f640e038
450,9a439fd1abf95245 c810ac016901e8ac d64c06baf5ef1c90 781f4d0147aef776 18ced18aee04c48e 09bbaa171c20bae3 47fbe21f5c35c7b4 52370bea1acd0600 4d7653ea9499eed4 9a0f5ee4f845c9b2 0bcaac840d5e66d7 c28bc62802b90f82 702d8f1064ab3e30 3986b68500d7704b ff88049e61f0f4ef e0269da736ddf004 bd713b37b67866c3 fd30682593995748 2a06f5614060e3b6 39f6296778264878 e25a1da6ca187350 c31a456b544a40a8 3fa57d488e979d74 734dabb98795c35c 942a7d26d81c841f bd0f175ee98c613e 059bbdbdb843af6a ae94d8435a6847f4 b6d0f83aad4e4dc7 b24820ae14e16a24
451,3734d3b0b9232538 b50b4e27b03c7b37 ce0f56b7190c268a 9b2adcf4041227d7 8566d15270eb5e83 e8ad5e31484ef889 680bb5c5c3bb6ee1 1398b478b71773ed 3e66b4855d0dddbe 8dedff0a79784abc 4d29c6922b2d0d56 07be6a290720707d bf973f9ec3600199 63d509cd2a2e0e47 18ced18aee04c48e bd713b37b67866c3 e0269da736ddf004 ff88049e61f0f4ef 3fa57d488e979d74 fd30682593995748 39f6296778264878 3986b68500d7704b 702d8f1064ab3e30 c28bc62802b90f82 0bcaac840d5e66d7 ae94d8435a6847f4 b6d0f83aad4e4dc7 b24820ae14e16a24 622f2e4119882c94 4b8c7061102517ef
452,430feb4826a5632e 95ecdbff44ad0b60 d3c4a7db726191e0 a52df8083c238c46 01104a026d22ae55 acae1d29289b1266 047769588be1aea9 ff88049e61f0f4ef 73f770f2643a2135 ad06e9eeea8eb4ea bd713b37b67866c3 b0bfe0f426275870 ae94d8435a6847f4 09bbaa171c20bae3 a04d6febd82a4389 d64c06baf5ef1c90 26fc2a95df5659c2 095bb1b6ecbd0a50 a14394322cf7043d 20d283a232dfd13c 4c3802a1bd3c842e bd0f175ee98c613e 46315cf30aaee51c 2810fb6f81d1711c 01e5a6edcee7deb0 bed3e73d52011f68 b3e75fdca5ca2f1a 1f4f62844c3cb99c 976baf0e84752a68 0688c790d5806540
453,395b26d91f98bd92 2e79d45ba4d1540d 96e82fa141db9a4b 62431fd374eb99fb 0bcaac840d5e66d7 f29eee8054c061e1 9f3d2ca16f358290 4beacc71024f8b08 069e7e25e43deab3 4535ce2e3dced00f 52370bea1acd0600 4d7653ea9499eed4 9a0f5ee4f845c9b2 c28bc62802b90f82 3986b68500d7704b 3fa57d488e979d74 ff88049e61f0f4ef e0269da736ddf004 bd713b37b67866c3 fd30682593995748 2a06f5614060e3b6 39f6296778264878 702d8f1064ab3e30 0708923badf2ff5d 942a7d26d81c841f bd0f175ee98c613e ae94d8435a6847f4 b6d0f83aad4e4dc7 b24820ae14e16a24 622f2e4119882c94
454,cc507a0d6fcf4a1c 9100ea6cd0e084bf 2e031d83339759b2 26140b225c4f8d3f 316382267dcd804f 3734d3b0b9232538 0fbd0f422e926816 430feb4826a5632e 047769588be1aea9 f2234bb7ce0c6f59 95ecdbff44ad0b60 d3c4a7db726191e0 a52df8083c238c46 0db6584e3bdfa1c4 73391e0853c1e040 5b34da30b93eb123 05f23e7d05dbf7c2 72403ecdfe02bba6 b749972436ac9791 6aac5e116b75aa22 acae1d29289b1266 d46598813fb437e5 63d95d5977c2fe98 09bbaa171c20bae3 73f770f2643a2135 5fb2d8e734956af0 01020d1b0821f4c7 c6b615b2589e036d e4a7a996ed6a5a81 ad06e9eeea8eb4ea
455,f2e30efbd27bee51 8699cc5dd4159b69 e1460af4a7044067 a5d5ba33b5b1dc95 455fde214d16d350 bee46c54461925d0 a853f13216170123 1a05ef8c93af8eed d92c0298f76ccf77 9f4e0d572b1f4e6c 46b99f864d6a075a a492bd402afd5c71 133b04350c75770b 4d9214c0925e5af8 486dd77002936dec 26140b225c4f8d3f 8faeacf8ca08f62d 1dc7139adba034ec 52aa48c07b34dc88 95ecdbff44ad0b60 393f49286db04aeb 07f22a7ad7e4711d 3cb6b40d377e7ca8 8fc68213b63951dc 0eb4de784c8dd679 c1f2e3a76d388944 f9c6286cff30aaa8 0683b6a78f54be75 72b80b099fd64ec4 18ced18aee04c48e
456,cc507a0d6fcf4a1c c14d5b16840d3032 6a3919ad9ed8197e 3c565c1fc2316d16 00e1e2eb13f650e4 016da874bd04df55 1398b478b71773ed 8df3f13d6af34cb3 a0b1f4dd32f3e278 b2ee9eea2d974c90 828f5dfbbf1272ee f48d0fbea7dc2782 3e8e56f639a5db5b 18ced18aee04c48e 2a06f5614060e3b6 39f6296778264878 fd30682593995748 bd713b37b67866c3 ae94d8435a6847f4 e0269da736ddf004 ff88049e61f0f4ef 3fa57d488e979d74 3986b68500d7704b b6d0f83aad4e4dc7 b24820ae14e16a24 702d8f1064ab3e30 622f2e4119882c94 c28bc62802b90f82 4b8c7061102517ef 9a0f5ee4f845c9b2
457,0c15f252d30646fc 6e239f4dd4b6aed7 aa0789b403bcd839 63d509cd2a2e0e47 9100ea6cd0e084bf 1dc7139adba034ec 1a05ef8c93af8eed 0eb4de784c8dd679 46b99f864d6a075a b1dcaca98bb76736 e8b87ed7db1bcb1f 60a070db9f1869b5 f2e30efbd27bee51 942a7d26d81c841f 3734d3b0b9232538 ce0f56b7190c268a 4491016efed845f1 c5830f9d0f1e29e5 666bdff4faa513ca 81b7c7e312bfa1a0 2810fb6f81d1711c 0a79fabc6f5d93c9 3fa57d488e979d74 af41e2b6da3e7e02 18ced18aee04c48e 81b639b74256b45b f46601a9955f9949 83f8f2fc471cad74 ae77487a89f2610c 1fe79c7de59ff6c6
458,b1dcaca98bb76736 061f3e1feeaa3094 033d905aec273595 1efd7bd8a34a1359 cea18be9a89d7a81 b6cdb608f640e038 0a79fabc6f5d93c9 c015590d6a6fe833 52aa48c07b34dc88 eff60ceea8817dad 8dc313a2cf9da354 3e8e56f639a5db5b 0b0021aa60d05daa 622f2e4119882c94 40583079f57235a6 74244a8703c03720 1a8e5d6512d9e2d8 ebfda3b48083e390 1fe79c7de59ff6c6 90ecb28f2edb9d43 72b80b099fd64ec4 366a22fce0614fb8 0f4c71d341e2d939 c14d5b16840d3032 f49e13a653cbdad2 453bc79164d57a01 09bbaa171c20bae3 05e4165a56bf50eb 7155e5a86136eb02 bf3ccaba4a3450a8
459,c015590d6a6fe833 9fbffc521da97c54 47fbe21f5c35c7b4 52370bea1acd0600 4d7653ea9499eed4 9a0f5ee4f845c9b2 0bcaac840d5e66d7 c28bc62802b90f82 bbbd5d2fd957e8f7 3986b68500d7704b 3fa57d488e979d74 ff88049e61f0f4ef e0269da736ddf004 bd713b37b67866c3 fd30682593995748 2a06f5614060e3b6 39f6296778264878 e25a1da6ca187350 702d8f1064ab3e30 e7cad3748e50b0f8 0708923badf2ff5d 734dabb98795c35c 942a7d26d81c841f bd0f175ee98c613e ae94d8435a6847f4 b6d0f83aad4e4dc7 b24820ae14e16a24 cea18be9a89d7a81 4b8c7061102517ef af8e70f978cd5aee
460,5dd752753760ced8 83f8aca6ee2caabc 7c9248ed6224aa26 fd30682593995748 0b774cf90856c4da 2b48ab08c915c0ad cea18be9a89d7a81 bbbd5d2fd957e8f7 47fbe21f5c35c7b4 52370bea1acd0600 4d7653ea9499eed4 9a0f5ee4f845c9b2 0bcaac840d5e66d7 c28bc62802b90f82 702d8f1064ab3e30 5fb2d8e734956af0 3fa57d488e979d74 ff88049e61f0f4ef e0269da736ddf004 bd713b37b67866c3 2a06f5614060e3b6 3986b68500d7704b e36475c1af5ea3ab e7cad3748e50b0f8 0708923badf2ff5d 734dabb98795c35c 942a7d26d81c841f bd0f175ee98c613e ae94d8435a6847f4 b6d0f83aad4e4dc7
461,095bb1b6ecbd0a50 26fc2a95df5659c2 a14394322cf7043d 59bf6d6df9146d60 4c3802a1bd3c842e 1f4f62844c3cb99c 01e5a6edcee7deb0 b3e75fdca5ca2f1a bed3e73d52011f68 b29ab87af6ea6310 cc507a0d6fcf4a1c 40583079f57235a6 ffa9091747ae2466 e8b87ed7db1bcb1f abf90e759d208468 393f49286db04aeb f25bfcffedaccf28 a04d6febd82a4389 18b1d2d84c97a364 316382267dcd804f 796888cc3443006c eec6b281e236b500 9100ea6cd0e084bf 0eafda717681bbdc 20d283a232dfd13c bd0f175ee98c613e daa257a37227cd72 46315cf30aaee51c 942a7d26d81c841f 6c017e548aa138f2
462,aa0789b403bcd839 c015590d6a6fe833 9100ea6cd0e084bf 06de3ca1148b088b 133b04350c75770b 9fbffc521da97c54 62431fd374eb99fb 0bcaac840d5e66d7 99e833818ec4bbf2 0c15f252d30646fc 2e2904c5373734ae f29eee8054c061e1 9f3d2ca16f358290 52370bea1acd0600 4beacc71024f8b08 069e7e25e43deab3 4f2fffd7528de786 6406fcdb7d87b5dc 395b26d91f98bd92 4535ce2e3dced00f b6e72edcad270be0 48a76e3aff69d605 4bed80e56ea2e099 18ced18aee04c48e fd30682593995748 2a06f5614060e3b6 bd713b37b67866c3 e0269da736ddf004 ff88049e61f0f4ef 3fa57d488e979d74
463,18b1d2d84c97a364 fd30682593995748 00ff646ca6637bd7 0c2eeab1e4ce1db8 fc8971756f9ec194 a677c3a76055a6d2 07d688f5e2142b87 36d33c41812ce7dc 2e44fbb8bc3d8d71 b0b5e62a93a2c37c 2bafd15871caae91 2dd12c230ab22555 9f27aa36c1ea793c 5430097e23000368 f28fb3d9880c5d4c 52aa48c07b34dc88 42c9b72cc77dcb28 3cb6b40d377e7ca8 37001ade0df85823 351c9da399c2b915 b0e254dd420faee3 120e745e2961b5d5 dc12cc503ac0eddb 52370bea1acd0600 9a439fd1abf95245 48cf88c17ff38c5e 5879096a38d69fc5 0708923badf2ff5d 7f29daa16b9b4cda a04d6febd82a4389
464,1d12acf7349196b0 2e2904c5373734ae 9cf6709de35bf0f3 734dabb98795c35c 4f915ad69e1dca36 9a439fd1abf95245 e8ad5e31484ef889 680bb5c5c3bb6ee1 1398b478b71773ed 3e66b4855d0dddbe c143c095983a65c2 8dedff0a79784abc 07be6a290720707d bf973f9ec3600199 ce0f56b7190c268a 63d509cd2a2e0e47 4d7653ea9499eed4 9a0f5ee4f845c9b2 95166957b2c38794 366a22fce0614fb8 0bcaac840d5e66d7 c28bc62802b90f82 702d8f1064ab3e30 3fa57d488e979d74 ff88049e61f0f4ef e0269da736ddf004 bd713b37b67866c3 fd30682593995748 2a06f5614060e3b6 bd0f175ee98c613e
465,922e625fae98b3b9 e9c20b67a4c5395f ae77487a89f2610c 48cf88c17ff38c5e 49224aca40e6e5e3 06de3ca1148b088b 96445bec1579ec97 25a3b47fe31bc6b5 1a05ef8c93af8eed 65708d542bd01f39 de8e1345e8c305c4 50cb6a6c60ad711a 7ee52d2519eea367 28a2067685cb3e97 03ed286136d7b3cf 18ced18aee04c48e edc79e57b20e9036 a18df74d3a16e9c0 a04d6febd82a4389 88b62355670ec8f8 a292248bb2bffb3d abf90e759d208468 430feb4826a5632e f76f44d372517a9a 8faeacf8ca08f62d a14394322cf7043d 095bb1b6ecbd0a50 26fc2a95df5659c2 796888cc3443006c 20d283a232dfd13c
466,5989fb934598c1a7 8e83d05923cde390 96e82fa141db9a4b ac9ee0c09b538140 e8684734f2e587bd 09bbaa171c20bae3 4d954d933e606b70 c11b97f245a9dfd0 ce0f56b7190c268a 4d7653ea9499eed4 4f915ad69e1dca36 4bed80e56ea2e099 4fe9e4e55585ba4b 447fc00f40d71d08 c143c095983a65c2 cb3e4ce97e7f2881 8faeacf8ca08f62d 1dc7139adba034ec e8ad5e31484ef889 52aa48c07b34dc88 95ecdbff44ad0b60 680bb5c5c3bb6ee1 1398b478b71773ed 3e66b4855d0dddbe 393f49286db04aeb 07f22a7ad7e4711d 3cb6b40d377e7ca8 8fc68213b63951dc 0eb4de784c8dd679 c1f2e3a76d388944
467,a76ffccd2f5df1a7 528161039994b4dc 447fc00f40d71d08 9c9a9d45c2ea7ddf c31a456b544a40a8 9fbffc521da97c54 f2e30efbd27bee51 8699cc5dd4159b69 e1460af4a7044067 9a0f5ee4f845c9b2 c28bc62802b90f82 702d8f1064ab3e30 3986b68500d7704b 3fa57d488e979d74 ff88049e61f0f4ef e0269da736ddf004 bd713b37b67866c3 fd30682593995748 2a06f5614060e3b6 39f6296778264878 e25a1da6ca187350 0bcaac840d5e66d7 734dabb98795c35c 942a7d26d81c841f bd0f175ee98c613e ae94d8435a6847f4 b6d0f83aad4e4dc7 b24820ae14e16a24 622f2e4119882c94 4b8c7061102517ef
468,db0e648651f4c92b 26140b225c4f8d3f cc507a0d6fcf4a1c 585f4ee09d8fea46 0220a434aa8bf029 dc576af4ae66e25e 9c9ebf71707d7a37 2e031d83339759b2 0add47a043c64d7f 919b1679fffa7ef1 f6d23cdd2359f7c0 4d7653ea9499eed4 9a0f5ee4f845c9b2 0bcaac840d5e66d7 c28bc62802b90f82 702d8f1064ab3e30 3986b68500d7704b 3fa57d488e979d74 52370bea1acd0600 e0269da736ddf004 bd713b37b67866c3 fd30682593995748 2a06f5614060e3b6 ff88049e61f0f4ef 734dabb98795c35c 942a7d26d81c841f bd0f175ee98c613e ae94d8435a6847f4 b6d0f83aad4e4dc7 b24820ae14e16a24
469,976baf0e84752a68 96e82fa141db9a4b 00d9f8d3f7d412b3 ac9ee0c09b538140 e8684734f2e587bd 8b7c486a910dd004 cec2eea2a1fe566a 4d954d933e606b70 c11b97f245a9dfd0 e7828f0ea9749505 238ec735a13a3f09 428f9363fa35882d 4d7653ea9499eed4 db69d4cbfef8d22f 4f915ad69e1dca36 09bbaa171c20bae3 37001ade0df85823 4bed80e56ea2e099 83f8aca6ee2caabc 4fe9e4e55585ba4b 447fc00f40d71d08 c143c095983a65c2 120e745e2961b5d5 cb3e4ce97e7f2881 ee3ed9a3f51336cd 6461a9faa871b3ac b50b4e27b03c7b37 fd30682593995748 d6ed7e4b14c51296 451e7ba901ad661d
470,9b0e8cf8153e3b33 5d26da95786b3a3a 8e0760918e88e4a9 9fbffc521da97c54 f29eee8054c061e1 e4a7a996ed6a5a81 c31a456b544a40a8 07f22a7ad7e4711d edc79e57b20e9036 7c8324ce28ffb96e 4d7653ea9499eed4 b6e72edcad270be0 48a76e3aff69d605 f44f74b3451aa593 01b3da54ffb158a0 a60934e6b473097a ba5199dba342af68 4e966bb2768c2b8a eab15ee21e126f6a a2c35fdf07a13286 4f2fffd7528de786 a982b5c3aed39396 77e2f7da1f9d3a8f 2e031d83339759b2 6899956cd6c683f0 b1dcaca98bb76736 f48d0fbea7dc2782 e8b87ed7db1bcb1f 60a070db9f1869b5 942a7d26d81c841f
471,451e7ba901ad661d a1314cd417504572 5dd752753760ced8 a84cd36608cb8665 83f8aca6ee2caabc 0cd920bad11c716d 7c9248ed6224aa26 576dd429db946393 36d33c41812ce7dc 5048a37f10cf2d91 fd30682593995748 ce2fe99a7cda4a17 fc8971756f9ec194 2e44fbb8bc3d8d71 0b774cf90856c4da ae000f9d0b5e104e 8faeacf8ca08f62d 1dc7139adba034ec 5d26da95786b3a3a 2b48ab08c915c0ad 52aa48c07b34dc88 95ecdbff44ad0b60 393f49286db04aeb 4483bbdd3241f11a 07f22a7ad7e4711d 3cb6b40d377e7ca8 a04d6febd82a4389 8fc68213b63951dc 0eb4de784c8dd679 37001ade0df85823
472,bbbd5d2fd957e8f7 74873b42602d8958 4c0eee2c1a5e76e2 8abe670908f12614 26f72a4eb15ea8c0 a1314cd417504572 5057551fc55e9ed2 50ba507a268872e1 42a5cae2a3a45557 7d83ffe83f61bdc4 4d29c6922b2d0d56 18ced18aee04c48e fd30682593995748 2a06f5614060e3b6 bd713b37b67866c3 39f6296778264878 e0269da736ddf004 ff88049e61f0f4ef 3fa57d488e979d74 3986b68500d7704b 702d8f1064ab3e30 e25a1da6ca187350 c28bc62802b90f82 0bcaac840d5e66d7 bd0f175ee98c613e ae94d8435a6847f4 b6d0f83aad4e4dc7 b24820ae14e16a24 622f2e4119882c94 4b8c7061102517ef
473,b29ab87af6ea6310 ffa9091747ae2466 d46598813fb437e5 0fbd0f422e926816 01020d1b0821f4c7 abf90e759d208468 c6b615b2589e036d 942a7d26d81c841f 7b81f1f2b6ec2e5f 57113c2a4cacd961 095bb1b6ecbd0a50 a14394322cf7043d 26fc2a95df5659c2 025a148c3a53bd9f 796888cc3443006c 4c3802a1bd3c842e eec6b281e236b500 f2234bb7ce0c6f59 59bf6d6df9146d60 413c55a5ab86881a 0eafda717681bbdc bed3e73d52011f68 b3e75fdca5ca2f1a 1f4f62844c3cb99c 01e5a6edcee7deb0 197fa50b30d91fe8 40583079f57235a6 6c017e548aa138f2 2901e5309bb3f8f6 64b31699d7d15934
474,0e45c4c185f35df6 0451447dd64f6284 1a05ef8c93af8eed 18ced18aee04c48e 95166957b2c38794 46b99f864d6a075a 47fbe21f5c35c7b4 c5830f9d0f1e29e5 ddb3810e0289c148 22756be6fd061d4c 636224e349e561bf c015590d6a6fe833 09bbaa171c20bae3 5fb2d8e734956af0 cea18be9a89d7a81 bbbd5d2fd957e8f7 366a22fce0614fb8 52370bea1acd0600 4d7653ea9499eed4 9a0f5ee4f845c9b2 c28bc62802b90f82 702d8f1064ab3e30 3986b68500d7704b 3fa57d488e979d74 ff88049e61f0f4ef e0269da736ddf004 bd713b37b67866c3 fd30682593995748 0bcaac840d5e66d7 734dabb98795c35c
475,9a439fd1abf95245 6cb9ab508a0678a0 b8e2f75014710ced 877672967d3f70bb 0e45c4c185f35df6 db69d4cbfef8d22f 016da874bd04df55 cc507a0d6fcf4a1c a04d6febd82a4389 c14d5b16840d3032 d64c06baf5ef1c90 6a3919ad9ed8197e 26fc2a95df5659c2 a14394322cf7043d 095bb1b6ecbd0a50 20d283a232dfd13c 4c3802a1bd3c842e bd0f175ee98c613e 46315cf30aaee51c 3c565c1fc2316d16 2810fb6f81d1711c 00e1e2eb13f650e4 bed3e73d52011f68 01e5a6edcee7deb0 b3e75fdca5ca2f1a 1f4f62844c3cb99c 976baf0e84752a68 0688c790d5806540 1398b478b71773ed 316382267dcd804f
476,2394b08708475900 90ecb28f2edb9d43 54a11cbcd7a32af4 5c8c6d9a1fd4c1e0 e14a893f1918277e d7d937303a6d5a9d e878efab7c37179e f76f44d372517a9a 1a8e5d6512d9e2d8 74e59c5820900b17 d46598813fb437e5 0f33ce8d8014f308 2810fb6f81d1711c e7cad3748e50b0f8 8f578001f9d5f543 b78189788d563693 bb7515be835dea49 a9eef13786610446 ffc688c4c1c2a068 c08c3765ac609cc0 f705b637f624147e 3fa57d488e979d74 0b0021aa60d05daa c6b615b2589e036d 4d32dae7b43c489a 2820628e65a062e2 54f55c74d37db3c0 f2b5098ac9c92da9 f9c6286cff30aaa8 b24820ae14e16a24
477,e8b87ed7db1bcb1f f25bfcffedaccf28 59bf6d6df9146d60 393f49286db04aeb 3d6880bd12f6613f daa257a37227cd72 27bc34b9887bec0d 57113c2a4cacd961 a04d6febd82a4389 abf90e759d208468 8699cc5dd4159b69 942a7d26d81c841f 09bbaa171c20bae3 3734d3b0b9232538 430feb4826a5632e 4491016efed845f1 033d905aec273595 666bdff4faa513ca a14394322cf7043d 26fc2a95df5659c2 095bb1b6ecbd0a50 796888cc3443006c 20d283a232dfd13c 43b3338423d7386c 46315cf30aaee51c eec6b281e236b500 2810fb6f81d1711c e7cad3748e50b0f8 01ecc81f6341e902 73391e0853c1e040
478,af41e2b6da3e7e02 74873b42602d8958 4c0eee2c1a5e76e2 8abe670908f12614 26f72a4eb15ea8c0 46315cf30aaee51c b8e2f75014710ced 0688c790d5806540 74244a8703c03720 3734d3b0b9232538 b78189788d563693 8f578001f9d5f543 4d9214c0925e5af8 a60934e6b473097a e878efab7c37179e d7d937303a6d5a9d c606425856952286 016da874bd04df55 acae1d29289b1266 52e459a551d4ac2d 428f9363fa35882d 047769588be1aea9 d6bbbd6c4968075a 853e36b1550c6274 bbbd5d2fd957e8f7 a1314cd417504572 5057551fc55e9ed2 c6b615b2589e036d e14a893f1918277e fc21db75b354a917
479,9100ea6cd0e084bf 0c15f252d30646fc aa0789b403bcd839 09bbaa171c20bae3 cc507a0d6fcf4a1c c14d5b16840d3032 6a3919ad9ed8197e 3c565c1fc2316d16 00e1e2eb13f650e4 016da874bd04df55 1398b478b71773ed a0b1f4dd32f3e278 b2ee9eea2d974c90 828f5dfbbf1272ee f48d0fbea7dc2782 3e8e56f639a5db5b 0bcaac840d5e66d7 c28bc62802b90f82 702d8f1064ab3e30 3986b68500d7704b 3fa57d488e979d74 ff88049e61f0f4ef e0269da736ddf004 bd713b37b67866c3 fd30682593995748 2a06f5614060e3b6 9a0f5ee4f845c9b2 b6d0f83aad4e4dc7 b24820ae14e16a24 622f2e4119882c94
480,f6d23cdd2359f7c0 b7d7d9ae1cbe0d8a db0e648651f4c92b 585f4ee09d8fea46 dc576af4ae66e25e 939a1f686ea36c05 0220a434aa8bf029 016da874bd04df55 9c9ebf71707d7a37 1398b478b71773ed 0add47a043c64d7f 919b1679fffa7ef1 b2ee9eea2d974c90 828f5dfbbf1272ee cc507a0d6fcf4a1c f48d0fbea7dc2782 c14d5b16840d3032 6a3919ad9ed8197e 3c565c1fc2316d16 00e1e2eb13f650e4 a0b1f4dd32f3e278 a04d6febd82a4389 abf90e759d208468 942a7d26d81c841f 3734d3b0b9232538 430feb4826a5632e 18ced18aee04c48e 4491016efed845f1 033d905aec273595 666bdff4faa513ca
481,387e9cd2e5d4ea7d 2394b08708475900 54a11cbcd7a32af4 90ecb28f2edb9d43 5c8c6d9a1fd4c1e0 ce0f56b7190c268a 4d29c6922b2d0d56 09bbaa171c20bae3 47fbe21f5c35c7b4 52370bea1acd0600 4d7653ea9499eed4 9a0f5ee4f845c9b2 0bcaac840d5e66d7 c28bc62802b90f82 3986b68500d7704b 3fa57d488e979d74 ff88049e61f0f4ef e0269da736ddf004 bd713b37b67866c3 fd30682593995748 2a06f5614060e3b6 39f6296778264878 702d8f1064ab3e30 942a7d26d81c841f bd0f175ee98c613e ae94d8435a6847f4 b6d0f83aad4e4dc7 b24820ae14e16a24 622f2e4119882c94 4b8c7061102517ef
482,316382267dcd804f 0fbd0f422e926816 27a12f29dceccdbd 73391e0853c1e040 2359719a0f40ffac 5b34da30b93eb123 05f23e7d05dbf7c2 72403ecdfe02bba6 b749972436ac9791 63d95d5977c2fe98 20d283a232dfd13c bd0f175ee98c613e f2234bb7ce0c6f59 01e5a6edcee7deb0 b3e75fdca5ca2f1a 1f4f62844c3cb99c bed3e73d52011f68 976baf0e84752a68 955e465ce0788ea6 40583079f57235a6 74244a8703c03720 00d9f8d3f7d412b3 e228204ae08d1355 7e4a4a1300b77a06 b69ce8b8154645f8 9f4e0d572b1f4e6c 8dc313a2cf9da354 f58ff7f1a6cde683 18b1d2d84c97a364 d72363ddd958d906
483,f49e13a653cbdad2 22dc81380cf4baec d63b7f083330247f 528161039994b4dc 0eb4de784c8dd679 72b80b099fd64ec4 c5830f9d0f1e29e5 cc507a0d6fcf4a1c 0c2eeab1e4ce1db8 e0269da736ddf004 18b1d2d84c97a364 98dbd15aa33ebc18 1efd7bd8a34a1359 b6cdb608f640e038 eff60ceea8817dad ec4ef2f727e7a03f 18ced18aee04c48e da7d3c2d591c4295 9a0f5ee4f845c9b2 c28bc62802b90f82 702d8f1064ab3e30 3986b68500d7704b 3fa57d488e979d74 81b7c7e312bfa1a0 ff88049e61f0f4ef de35d2410e916471 bd713b37b67866c3 fd30682593995748 2a06f5614060e3b6 39f6296778264878
484,d92c0298f76ccf77 0708923badf2ff5d cc507a0d6fcf4a1c 133b04350c75770b 4d9214c0925e5af8 0c2eeab1e4ce1db8 18b1d2d84c97a364 98dbd15aa33ebc18 26140b225c4f8d3f 1efd7bd8a34a1359 b6cdb608f640e038 eff60ceea8817dad ec4ef2f727e7a03f da7d3c2d591c4295 09bbaa171c20bae3 52370bea1acd0600 2a06f5614060e3b6 4d7653ea9499eed4 9a0f5ee4f845c9b2 0bcaac840d5e66d7 c28bc62802b90f82 3986b68500d7704b 3fa57d488e979d74 bd713b37b67866c3 ff88049e61f0f4ef e0269da736ddf004 702d8f1064ab3e30 734dabb98795c35c 942a7d26d81c841f bd0f175ee98c613e
485,8b7c486a910dd004 cec2eea2a1fe566a 6899956cd6c683f0 892074f7c1ef5d5e 46315cf30aaee51c 0688c790d5806540 74244a8703c03720 8f578001f9d5f543 b78189788d563693 c6b615b2589e036d e14a893f1918277e fc21db75b354a917 4d32dae7b43c489a a60934e6b473097a d7d937303a6d5a9d e878efab7c37179e c606425856952286 025a148c3a53bd9f 016da874bd04df55 4d9214c0925e5af8 428f9363fa35882d 047769588be1aea9 d6bbbd6c4968075a 853e36b1550c6274 351c9da399c2b915 09bbaa171c20bae3 8faeacf8ca08f62d 9c9a9d45c2ea7ddf 1dc7139adba034ec 52aa48c07b34dc88
486,393f49286db04aeb e8b87ed7db1bcb1f f25bfcffedaccf28 59bf6d6df9146d60 daa257a37227cd72 27bc34b9887bec0d 57113c2a4cacd961 8699cc5dd4159b69 8faeacf8ca08f62d 1dc7139adba034ec 52aa48c07b34dc88 95ecdbff44ad0b60 07f22a7ad7e4711d 3cb6b40d377e7ca8 8fc68213b63951dc 0eb4de784c8dd679 c1f2e3a76d388944 f9c6286cff30aaa8 0683b6a78f54be75 72b80b099fd64ec4 ad06e9eeea8eb4ea 999a52f1d301247c 587e0b2a4811fab1 f2e30efbd27bee51 47fbe21f5c35c7b4 c5830f9d0f1e29e5 72c2a95813ea72bd 3e8e56f639a5db5b 95166957b2c38794 c28bc62802b90f82
487,a60934e6b473097a e25a1da6ca187350 d3c4a7db726191e0 8a5635c748344d47 172bc0ee09332ae9 a04d6febd82a4389 4577ae048ef1967d b26d8664feb18c8c 01020d1b0821f4c7 b05b5f6850cfa158 acae1d29289b1266 26fc2a95df5659c2 095bb1b6ecbd0a50 a14394322cf7043d 4491016efed845f1 5c8c6d9a1fd4c1e0 20d283a232dfd13c 4c3802a1bd3c842e 42bb83d7c4b9ecae bd0f175ee98c613e 46315cf30aaee51c 43b3338423d7386c 0a79fabc6f5d93c9 01e5a6edcee7deb0 bed3e73d52011f68 b3e75fdca5ca2f1a 1f4f62844c3cb99c 16b11706660177ff e22c35101e190db9 b78189788d563693
488,e6a29676c096f8e8 5c4b7558c942a224 636224e349e561bf 22756be6fd061d4c 0eb4de784c8dd679 72b80b099fd64ec4 92f42fbd0c38f7fd a860b682add9de1c c5830f9d0f1e29e5 0e45c4c185f35df6 e403278468d84383 2e031d83339759b2 8dedff0a79784abc 95166957b2c38794 ae94d8435a6847f4 48a76e3aff69d605 b6e72edcad270be0 da011b87595c1019 4beacc71024f8b08 f105a53e5cfae611 a0566ca9daca7778 1d72229ebcc00faf e0269da736ddf004 59c231f8fd21260c 404031ab9d5977c4 09bbaa171c20bae3 18ced18aee04c48e ff88049e61f0f4ef 52370bea1acd0600 3fa57d488e979d74
489,1398b478b71773ed 6a9aa1bd93e36e66 e8ad5e31484ef889 680bb5c5c3bb6ee1 3e66b4855d0dddbe 8dedff0a79784abc d216e5458ad70e60 07be6a290720707d bf973f9ec3600199 ce0f56b7190c268a 63d509cd2a2e0e47 1d72229ebcc00faf 1c3b74a02a86467d a60934e6b473097a eab15ee21e126f6a 9b0e8cf8153e3b33 a2c35fdf07a13286 77e2f7da1f9d3a8f 2e031d83339759b2 58654e3143c6550b f48d0fbea7dc2782 f44f74b3451aa593 18ced18aee04c48e 4d7653ea9499eed4 9a0f5ee4f845c9b2 0bcaac840d5e66d7 e0269da736ddf004 c28bc62802b90f82 702d8f1064ab3e30 ff88049e61f0f4ef
490,27bc34b9887bec0d daa257a37227cd72 6204e398d8c7f888 db7342eff9200020 7c9248ed6224aa26 0772e3ab293a1f30 f05fa5f57dc03e81 8faeacf8ca08f62d 1dc7139adba034ec 52aa48c07b34dc88 95ecdbff44ad0b60 393f49286db04aeb 07f22a7ad7e4711d 3cb6b40d377e7ca8 8fc68213b63951dc 0eb4de784c8dd679 c1f2e3a76d388944 f9c6286cff30aaa8 0683b6a78f54be75 72b80b099fd64ec4 ad06e9eeea8eb4ea 999a52f1d301247c 587e0b2a4811fab1 f2e30efbd27bee51 47fbe21f5c35c7b4 c5830f9d0f1e29e5 72c2a95813ea72bd 3e8e56f639a5db5b 5547f9f1638ac345 5fb2d8e734956af0
491,b29ab87af6ea6310 ffa9091747ae2466 abf90e759d208468 942a7d26d81c841f 7b81f1f2b6ec2e5f a14394322cf7043d 26fc2a95df5659c2 095bb1b6ecbd0a50 796888cc3443006c 4c3802a1bd3c842e eec6b281e236b500 59bf6d6df9146d60 413c55a5ab86881a 0eafda717681bbdc 0fbd0f422e926816 bed3e73d52011f68 b3e75fdca5ca2f1a 1f4f62844c3cb99c 01e5a6edcee7deb0 197fa50b30d91fe8 40583079f57235a6 6c017e548aa138f2 64b31699d7d15934 d5805cdb9e8f0f48 b3ad55963554f220 cc861214a89ef1f4 c28bc62802b90f82 f2234bb7ce0c6f59 955e465ce0788ea6 db7342eff9200020
492,2394b08708475900 54a11cbcd7a32af4 90ecb28f2edb9d43 5c8c6d9a1fd4c1e0 cc507a0d6fcf4a1c c14d5b16840d3032 6a3919ad9ed8197e 3c565c1fc2316d16 00e1e2eb13f650e4 3e8e56f639a5db5b 016da874bd04df55 1398b478b71773ed a0b1f4dd32f3e278 b2ee9eea2d974c90 828f5dfbbf1272ee f48d0fbea7dc2782 8faeacf8ca08f62d 1dc7139adba034ec 52aa48c07b34dc88 95ecdbff44ad0b60 393f49286db04aeb 07f22a7ad7e4711d 3cb6b40d377e7ca8 8fc68213b63951dc 0eb4de784c8dd679 c1f2e3a76d388944 f9c6286cff30aaa8 0683b6a78f54be75 72b80b099fd64ec4 ad06e9eeea8eb4ea
493,bd713b37b67866c3 430feb4826a5632e d6bbbd6c4968075a 33856365c271aea4 95ecdbff44ad0b60 46315cf30aaee51c d3c4a7db726191e0 047769588be1aea9 a52df8083c238c46 4d9214c0925e5af8 7c98dedd223b36c0 bc2ae5f4e5d53e00 b78189788d563693 8f578001f9d5f543 b84b6c0b2e4d0306 b2ee9eea2d974c90 73f770f2643a2135 c6b615b2589e036d 4f2fffd7528de786 fc21db75b354a917 9f4e0d572b1f4e6c 4d32dae7b43c489a a60934e6b473097a 6a3919ad9ed8197e d7d937303a6d5a9d e878efab7c37179e cc507a0d6fcf4a1c ad06e9eeea8eb4ea c606425856952286 a982b5c3aed39396
494,016da874bd04df55 0195950ce0f47e34 0eb4de784c8dd679 d5805cdb9e8f0f48 12af6a34778710db c28bc62802b90f82 7c98dedd223b36c0 6899956cd6c683f0 39f6296778264878 892074f7c1ef5d5e b760ebc5f25788d3 cc507a0d6fcf4a1c c14d5b16840d3032 6a3919ad9ed8197e 3c565c1fc2316d16 00e1e2eb13f650e4 1398b478b71773ed a0b1f4dd32f3e278 b2ee9eea2d974c90 828f5dfbbf1272ee f48d0fbea7dc2782 ce0f56b7190c268a 3e8e56f639a5db5b 18ced18aee04c48e 702d8f1064ab3e30 2a06f5614060e3b6 fd30682593995748 ff88049e61f0f4ef 3986b68500d7704b bd713b37b67866c3
495,0897dcfae16e280f 0bcaac840d5e66d7 f58ff7f1a6cde683 f29eee8054c061e1 b6a1c97f19af78d0 4fe9e4e55585ba4b ddf332f2b55a2a23 ce0f56b7190c268a 18ced18aee04c48e 09bbaa171c20bae3 c28bc62802b90f82 702d8f1064ab3e30 3986b68500d7704b 3fa57d488e979d74 ff88049e61f0f4ef e0269da736ddf004 bd713b37b67866c3 fd30682593995748 2a06f5614060e3b6 39f6296778264878 e25a1da6ca187350 9a0f5ee4f845c9b2 942a7d26d81c841f bd0f175ee98c613e ae94d8435a6847f4 b6d0f83aad4e4dc7 b24820ae14e16a24 622f2e4119882c94 4b8c7061102517ef af8e70f978cd5aee
496,796888cc3443006c 395b26d91f98bd92 2e79d45ba4d1540d b29ab87af6ea6310 430feb4826a5632e 0db6584e3bdfa1c4 96e82fa141db9a4b 8fc68213b63951dc 95ecdbff44ad0b60 62431fd374eb99fb ffa9091747ae2466 5fb2d8e734956af0 d3c4a7db726191e0 0bcaac840d5e66d7 a52df8083c238c46 acae1d29289b1266 ce2fe99a7cda4a17 f29eee8054c061e1 9f3d2ca16f358290 abf90e759d208468 73f770f2643a2135 942a7d26d81c841f 33856365c271aea4 4beacc71024f8b08 069e7e25e43deab3 7b81f1f2b6ec2e5f d257d1fbcf43abd5 a813c15b46ceaf68 ad06e9eeea8eb4ea 16b11706660177ff
497,4e966bb2768c2b8a d1e21234d7cc61d2 d6ed7e4b14c51296 8e0760918e88e4a9 06de3ca1148b088b 133b04350c75770b 0220a434aa8bf029 62431fd374eb99fb 0bcaac840d5e66d7 99e833818ec4bbf2 2e2904c5373734ae f29eee8054c061e1 9f3d2ca16f358290 4beacc71024f8b08 069e7e25e43deab3 aa0789b403bcd839 6406fcdb7d87b5dc 395b26d91f98bd92 4535ce2e3dced00f 45bd99d5d2eef776 8faeacf8ca08f62d 1dc7139adba034ec 52aa48c07b34dc88 95ecdbff44ad0b60 393f49286db04aeb 07f22a7ad7e4711d 3cb6b40d377e7ca8 8fc68213b63951dc 0eb4de784c8dd679 c1f2e3a76d388944
498,59c231f8fd21260c 1c3b74a02a86467d 58654e3143c6550b 8faeacf8ca08f62d 1dc7139adba034ec 52aa48c07b34dc88 95ecdbff44ad0b60 393f49286db04aeb 07f22a7ad7e4711d 3cb6b40d377e7ca8 8fc68213b63951dc 0eb4de784c8dd679 c1f2e3a76d388944 f9c6286cff30aaa8 0683b6a78f54be75 72b80b099fd64ec4 ad06e9eeea8eb4ea 999a52f1d301247c 587e0b2a4811fab1 f2e30efbd27bee51 47fbe21f5c35c7b4 c5830f9d0f1e29e5 72c2a95813ea72bd 3e8e56f639a5db5b 18ced18aee04c48e c31a456b544a40a8 e25a1da6ca187350 b29ab87af6ea6310 f58ff7f1a6cde683 5547f9f1638ac345
499,1398b478b71773ed 33856365c271aea4 cc507a0d6fcf4a1c 8faeacf8ca08f62d 6a9aa1bd93e36e66 1dc7139adba034ec 52aa48c07b34dc88 95ecdbff44ad0b60 393f49286db04aeb 07f22a7ad7e4711d 3cb6b40d377e7ca8 8fc68213b63951dc 0eb4de784c8dd679 c1f2e3a76d388944 f9c6286cff30aaa8 d216e5458ad70e60 0683b6a78f54be75 72b80b099fd64ec4 3e8e56f639a5db5b b84b6c0b2e4d0306 ad06e9eeea8eb4ea 999a52f1d301247c 587e0b2a4811fab1 f2e30efbd27bee51 47fbe21f5c35c7b4 c5830f9d0f1e29e5 1d72229ebcc00faf 72c2a95813ea72bd c14d5b16840d3032 6a3919ad9ed8197e
500,01104a026d22ae55 ff88049e61f0f4ef ce0f56b7190c268a 8faeacf8ca08f62d 1dc7139adba034ec 52aa48c07b34dc88 95ecdbff44ad0b60 393f49286db04aeb 07f22a7ad7e4711d 3cb6b40d377e7ca8 8fc68213b63951dc 0eb4de784c8dd679 c1f2e3a76d388944 f9c6286cff30aaa8 0683b6a78f54be75 72b80b099fd64ec4 ad06e9eeea8eb4ea 999a52f1d301247c 587e0b2a4811fab1 f2e30efbd27bee51 47fbe21f5c35c7b4 c5830f9d0f1e29e5 72c2a95813ea72bd 3e8e56f639a5db5b 3986b68500d7704b 3fa57d488e979d74 6e1b6b53c9710940 e0269da736ddf004 b2ee9eea2d974c90 bd713b37b67866c3
501,b0e254dd420faee3 6ae470a7c9ec20fd c810ac016901e8ac 0eedb1a0d3b8ddae 587e0b2a4811fab1 0708923badf2ff5d cc0c9419f8a20603 da011b87595c1019 50806199c80e215c 249bf372159f33e9 92f42fbd0c38f7fd a860b682add9de1c e6a29676c096f8e8 0e45c4c185f35df6 cc507a0d6fcf4a1c e403278468d84383 2e031d83339759b2 22756be6fd061d4c 8dedff0a79784abc 95166957b2c38794 ae94d8435a6847f4 c14d5b16840d3032 6a3919ad9ed8197e b6e72edcad270be0 48a76e3aff69d605 4beacc71024f8b08 3c565c1fc2316d16 f105a53e5cfae611 a0566ca9daca7778 00e1e2eb13f650e4
502,0c15f252d30646fc aa0789b403bcd839 ce0f56b7190c268a 4d29c6922b2d0d56 f48d0fbea7dc2782 a60934e6b473097a eab15ee21e126f6a 9b0e8cf8153e3b33 a2c35fdf07a13286 77e2f7da1f9d3a8f 2e031d83339759b2 f9c6286cff30aaa8 f44f74b3451aa593 ca4de5b8a7bda9df 4105533fe46dfba9 853e36b1550c6274 a04d6febd82a4389 abf90e759d208468 942a7d26d81c841f 64267373570e4ea3 430feb4826a5632e f76f44d372517a9a 4491016efed845f1 033d905aec273595 666bdff4faa513ca a14394322cf7043d 095bb1b6ecbd0a50 26fc2a95df5659c2 cea18be9a89d7a81 81b7c7e312bfa1a0
503,fd30682593995748 8abe670908f12614 1d72229ebcc00faf 1a8e5d6512d9e2d8 4d32dae7b43c489a 7cea1f637ea3f37d 2820628e65a062e2 6461a9faa871b3ac ecb768ef6fd223ca d92c0298f76ccf77 155600e5f1221f8c f48d0fbea7dc2782 190ab585fd379f0f 133b04350c75770b 4d9214c0925e5af8 09bbaa171c20bae3 26140b225c4f8d3f 18ced18aee04c48e 3986b68500d7704b 3fa57d488e979d74 ff88049e61f0f4ef e0269da736ddf004 702d8f1064ab3e30 c28bc62802b90f82 bd713b37b67866c3 0bcaac840d5e66d7 9a0f5ee4f845c9b2 39f6296778264878 4d7653ea9499eed4 52370bea1acd0600
504,59c231f8fd21260c a0566ca9daca7778 f1a3b8b13e9401c0 92f42fbd0c38f7fd a860b682add9de1c e6a29676c096f8e8 0e45c4c185f35df6 cc507a0d6fcf4a1c e403278468d84383 2e031d83339759b2 22756be6fd061d4c 8dedff0a79784abc 95166957b2c38794 ae94d8435a6847f4 c14d5b16840d3032 6a3919ad9ed8197e 48a76e3aff69d605 b6e72edcad270be0 da011b87595c1019 4beacc71024f8b08 3c565c1fc2316d16 f105a53e5cfae611 00e1e2eb13f650e4 016da874bd04df55 1d72229ebcc00faf 1398b478b71773ed a0b1f4dd32f3e278 b2ee9eea2d974c90 828f5dfbbf1272ee f48d0fbea7dc2782
505,1f423f368aebf7f3 204ec91c39d1479d ae000f9d0b5e104e 8e0cc5199a0ee659 576dd429db946393 74ae9af23a383bf5 8faeacf8ca08f62d 1dc7139adba034ec 52aa48c07b34dc88 95ecdbff44ad0b60 393f49286db04aeb 07f22a7ad7e4711d 3cb6b40d377e7ca8 8fc68213b63951dc 0eb4de784c8dd679 c1f2e3a76d388944 f9c6286cff30aaa8 0683b6a78f54be75 72b80b099fd64ec4 ad06e9eeea8eb4ea 999a52f1d301247c 587e0b2a4811fab1 f2e30efbd27bee51 47fbe21f5c35c7b4 c5830f9d0f1e29e5 72c2a95813ea72bd 3e8e56f639a5db5b 18ced18aee04c48e 4d7653ea9499eed4 9a0f5ee4f845c9b2
506,033d905aec273595 22756be6fd061d4c b6e646c13d0753ae 3a6e7894dde31c67 9b0e8cf8153e3b33 bc2552a642ce8497 d6bbbd6c4968075a 25a3b47fe31bc6b5 8dedff0a79784abc d257d1fbcf43abd5 e9c20b67a4c5395f b6a1c97f19af78d0 ce0f56b7190c268a 4f915ad69e1dca36 58654e3143c6550b c143c095983a65c2 3d6880bd12f6613f edc79e57b20e9036 0708923badf2ff5d 28a2067685cb3e97 a18df74d3a16e9c0 a04d6febd82a4389 a292248bb2bffb3d 88b62355670ec8f8 abf90e759d208468 430feb4826a5632e f76f44d372517a9a 8faeacf8ca08f62d 095bb1b6ecbd0a50 a14394322cf7043d
507,a1314cd417504572 cc861214a89ef1f4 ecb768ef6fd223ca a84cd36608cb8665 6cb9ab508a0678a0 af8e70f978cd5aee 354d7a327bbcc152 025a148c3a53bd9f 22e8d6734e4121ae 4105533fe46dfba9 fab14d178b24a67f 5989fb934598c1a7 055d895a3b26e466 059bbdbdb843af6a 8e83d05923cde390 2b48ab08c915c0ad e7828f0ea9749505 2e2904c5373734ae 00958a140c3a6de8 8e0cc5199a0ee659 18ced18aee04c48e dc576af4ae66e25e d92c0298f76ccf77 133b04350c75770b 4d9214c0925e5af8 26140b225c4f8d3f 702d8f1064ab3e30 3986b68500d7704b 3fa57d488e979d74 b24820ae14e16a24
508,a18df74d3a16e9c0 99e833818ec4bbf2 587e0b2a4811fab1 9a0f5ee4f845c9b2 f25bfcffedaccf28 24e582daf6f87158 42bb83d7c4b9ecae 43b3338423d7386c 59bf6d6df9146d60 413c55a5ab86881a de8e1345e8c305c4 d46598813fb437e5 54f55c74d37db3c0 63d95d5977c2fe98 5fb2d8e734956af0 d5805cdb9e8f0f48 48f93f9c2c699e19 9269d2b0d877352d 34a62e66e05f9a44 f209d29f991432f0 8d58da0e1800dc96 97d696011258825c 5547f9f1638ac345 ec1b3d7ccd3984d0 edc79e57b20e9036 6d80d2e62d01f6bc 49224aca40e6e5e3 de35d2410e916471 955e465ce0788ea6 3a6e7894dde31c67
509,45bd99d5d2eef776 cc507a0d6fcf4a1c 0c2eeab1e4ce1db8 8df3f13d6af34cb3 18b1d2d84c97a364 98dbd15aa33ebc18 1efd7bd8a34a1359 b6cdb608f640e038 eff60ceea8817dad ec4ef2f727e7a03f da7d3c2d591c4295 18ced18aee04c48e 52370bea1acd0600 4d7653ea9499eed4 2a06f5614060e3b6 9a0f5ee4f845c9b2 0bcaac840d5e66d7 702d8f1064ab3e30 bd713b37b67866c3 3986b68500d7704b 3fa57d488e979d74 ff88049e61f0f4ef e0269da736ddf004 c28bc62802b90f82 0708923badf2ff5d 942a7d26d81c841f bd0f175ee98c613e ae94d8435a6847f4 b6d0f83aad4e4dc7 b24820ae14e16a24
510,9b0e8cf8153e3b33 033d905aec273595 1c3b74a02a86467d 00e1e2eb13f650e4 96445bec1579ec97 a0b1f4dd32f3e278 a5d5ba33b5b1dc95 50806199c80e215c 587e0b2a4811fab1 a18df74d3a16e9c0 a60934e6b473097a d73a65673e3f1d78 99e833818ec4bbf2 eab15ee21e126f6a fa173131f15f5534 de8e1345e8c305c4 b6e646c13d0753ae a2c35fdf07a13286 3a6e7894dde31c67 bc2552a642ce8497 77e2f7da1f9d3a8f 2e031d83339759b2 47fbe21f5c35c7b4 d6bbbd6c4968075a 25a3b47fe31bc6b5 f48d0fbea7dc2782 9a0f5ee4f845c9b2 f44f74b3451aa593 c5830f9d0f1e29e5 8dedff0a79784abc
511,b29ab87af6ea6310 ffa9091747ae2466 abf90e759d208468 942a7d26d81c841f 7b81f1f2b6ec2e5f 095bb1b6ecbd0a50 a14394322cf7043d 26fc2a95df5659c2 796888cc3443006c 4c3802a1bd3c842e eec6b281e236b500 59bf6d6df9146d60 413c55a5ab86881a 0eafda717681bbdc 01e5a6edcee7deb0 b3e75fdca5ca2f1a 1f4f62844c3cb99c bed3e73d52011f68 197fa50b30d91fe8 40583079f57235a6 6c017e548aa138f2 64b31699d7d15934 d5805cdb9e8f0f48 b3ad55963554f220 cc861214a89ef1f4 c28bc62802b90f82 955e465ce0788ea6 db7342eff9200020 9100ea6cd0e084bf 2901e5309bb3f8f6
512,522bd6887960c25d cc507a0d6fcf4a1c 0c2eeab1e4ce1db8 18b1d2d84c97a364 9100ea6cd0e084bf 98dbd15aa33ebc18 1efd7bd8a34a1359 b6cdb608f640e038 eff60ceea8817dad ec4ef2f727e7a03f d92c0298f76ccf77 da7d3c2d591c4295 133b04350c75770b 4d9214c0925e5af8 26140b225c4f8d3f 09bbaa171c20bae3 18ced18aee04c48e 47fbe21f5c35c7b4 52370bea1acd0600 4d7653ea9499eed4 9a0f5ee4f845c9b2 0bcaac840d5e66d7 c28bc62802b90f82 702d8f1064ab3e30 3986b68500d7704b 3fa57d488e979d74 ff88049e61f0f4ef e0269da736ddf004 0772e3ab293a1f30 bbbd5d2fd957e8f7
513,0eb4de784c8dd679 acae1d29289b1266 72b80b099fd64ec4 09bbaa171c20bae3 c5830f9d0f1e29e5 ce0f56b7190c268a d92c0298f76ccf77 0708923badf2ff5d 133b04350c75770b 4d9214c0925e5af8 e0269da736ddf004 18ced18aee04c48e 26140b225c4f8d3f c28bc62802b90f82 0bcaac840d5e66d7 9a0f5ee4f845c9b2 702d8f1064ab3e30 3986b68500d7704b 3fa57d488e979d74 bd713b37b67866c3 fd30682593995748 2a06f5614060e3b6 39f6296778264878 e25a1da6ca187350 ff88049e61f0f4ef ae94d8435a6847f4 b6d0f83aad4e4dc7 b24820ae14e16a24 622f2e4119882c94 4b8c7061102517ef
514,af8e70f978cd5aee 4105533fe46dfba9 025a148c3a53bd9f 6cb9ab508a0678a0 cc861214a89ef1f4 ecb768ef6fd223ca 354d7a327bbcc152 4491016efed845f1 22e8d6734e4121ae fab14d178b24a67f 43b3338423d7386c d3c4a7db726191e0 059bbdbdb843af6a 48f93f9c2c699e19 42bb83d7c4b9ecae e25a1da6ca187350 0a79fabc6f5d93c9 8a5635c748344d47 172bc0ee09332ae9 050544c040f46152 4577ae048ef1967d b26d8664feb18c8c 01020d1b0821f4c7 34a62e66e05f9a44 b05b5f6850cfa158 ec1b3d7ccd3984d0 a60934e6b473097a d257d1fbcf43abd5 5c8c6d9a1fd4c1e0 5430097e23000368
515,cc507a0d6fcf4a1c 0c2eeab1e4ce1db8 18b1d2d84c97a364 98dbd15aa33ebc18 1efd7bd8a34a1359 b6cdb608f640e038 eff60ceea8817dad ec4ef2f727e7a03f 47fbe21f5c35c7b4 c5830f9d0f1e29e5 da7d3c2d591c4295 ddb3810e0289c148 c015590d6a6fe833 18ced18aee04c48e ff88049e61f0f4ef e0269da736ddf004 3fa57d488e979d74 3986b68500d7704b 702d8f1064ab3e30 bd713b37b67866c3 c28bc62802b90f82 0bcaac840d5e66d7 9a0f5ee4f845c9b2 4d7653ea9499eed4 fd30682593995748 2a06f5614060e3b6 52370bea1acd0600 e25a1da6ca187350 bbbd5d2fd957e8f7 734dabb98795c35c
516,29bedd00fb2be056 455fde214d16d350 33856365c271aea4 5989fb934598c1a7 07f22a7ad7e4711d 25a3b47fe31bc6b5 ddb3810e0289c148 387e9cd2e5d4ea7d ebfda3b48083e390 42c9b72cc77dcb28 025a148c3a53bd9f c5830f9d0f1e29e5 7155e5a86136eb02 65708d542bd01f39 57113c2a4cacd961 4d954d933e606b70 095bb1b6ecbd0a50 8643165b0f53df11 3ca7964973437917 eff60ceea8817dad 1f423f368aebf7f3 26fc2a95df5659c2 855f2f0354e102c7 63d95d5977c2fe98 7ee52d2519eea367 44d324ebd3e22ad7 1398b478b71773ed 4d417b203b333363 587e0b2a4811fab1 b6a1c97f19af78d0
517,5dd752753760ced8 83f8aca6ee2caabc 7c9248ed6224aa26 fd30682593995748 0b774cf90856c4da 2b48ab08c915c0ad 4e966bb2768c2b8a 016da874bd04df55 46315cf30aaee51c 0688c790d5806540 74244a8703c03720 8f578001f9d5f543 b78189788d563693 c6b615b2589e036d e14a893f1918277e fc21db75b354a917 4d32dae7b43c489a a60934e6b473097a cc507a0d6fcf4a1c d7d937303a6d5a9d e878efab7c37179e c606425856952286 025a148c3a53bd9f 4d9214c0925e5af8 c14d5b16840d3032 428f9363fa35882d 6a3919ad9ed8197e 047769588be1aea9 d6bbbd6c4968075a 853e36b1550c6274
518,999a52f1d301247c 42a5cae2a3a45557 9b0e8cf8153e3b33 5d26da95786b3a3a 8e0760918e88e4a9 f29eee8054c061e1 c31a456b544a40a8 9fbffc521da97c54 22756be6fd061d4c 18ced18aee04c48e e0269da736ddf004 ff88049e61f0f4ef bd713b37b67866c3 3fa57d488e979d74 3986b68500d7704b fd30682593995748 2a06f5614060e3b6 702d8f1064ab3e30 c28bc62802b90f82 0bcaac840d5e66d7 9a0f5ee4f845c9b2 39f6296778264878 942a7d26d81c841f bd0f175ee98c613e ae94d8435a6847f4 b6d0f83aad4e4dc7 b24820ae14e16a24 622f2e4119882c94 4b8c7061102517ef af8e70f978cd5aee
519,e8ad5e31484ef889 4d954d933e606b70 0c15f252d30646fc aa0789b403bcd839 a04d6febd82a4389 d64c06baf5ef1c90 095bb1b6ecbd0a50 26fc2a95df5659c2 a14394322cf7043d 20d283a232dfd13c 4c3802a1bd3c842e bd0f175ee98c613e 46315cf30aaee51c 2810fb6f81d1711c bed3e73d52011f68 b3e75fdca5ca2f1a 01e5a6edcee7deb0 1f4f62844c3cb99c 976baf0e84752a68 0688c790d5806540 316382267dcd804f 40583079f57235a6 74244a8703c03720 8f578001f9d5f543 b78189788d563693 00d9f8d3f7d412b3 e228204ae08d1355 7e4a4a1300b77a06 9f4e0d572b1f4e6c 05e4165a56bf50eb
520,6a9aa1bd93e36e66 d216e5458ad70e60 1398b478b71773ed 1d72229ebcc00faf cea18be9a89d7a81 47fbe21f5c35c7b4 52370bea1acd0600 4d7653ea9499eed4 9a0f5ee4f845c9b2 0bcaac840d5e66d7 c28bc62802b90f82 702d8f1064ab3e30 3986b68500d7704b 3fa57d488e979d74 ff88049e61f0f4ef e0269da736ddf004 bd713b37b67866c3 fd30682593995748 2a06f5614060e3b6 39f6296778264878 bbbd5d2fd957e8f7 e7cad3748e50b0f8 0708923badf2ff5d 734dabb98795c35c 942a7d26d81c841f bd0f175ee98c613e ae94d8435a6847f4 b6d0f83aad4e4dc7 b24820ae14e16a24 5fb2d8e734956af0
521,e6a29676c096f8e8 636224e349e561bf 5c4b7558c942a224 18ced18aee04c48e 8faeacf8ca08f62d 1dc7139adba034ec 92f42fbd0c38f7fd a860b682add9de1c 52aa48c07b34dc88 95ecdbff44ad0b60 d92c0298f76ccf77 393f49286db04aeb 07f22a7ad7e4711d 0e45c4c185f35df6 3cb6b40d377e7ca8 8fc68213b63951dc 0eb4de784c8dd679 c1f2e3a76d388944 f9c6286cff30aaa8 e403278468d84383 2e031d83339759b2 22756be6fd061d4c 0683b6a78f54be75 72b80b099fd64ec4 8dedff0a79784abc 95166957b2c38794 ae94d8435a6847f4 133b04350c75770b b6e72edcad270be0 48a76e3aff69d605
522,6ae470a7c9ec20fd 97d696011258825c 419b5dc40744fb9b 5ebb4d2f5f1c1f13 855f2f0354e102c7 d5952b2e031c4e7e 0eedb1a0d3b8ddae d16da1fb61813db9 eab15ee21e126f6a 1a05ef8c93af8eed 520ec719078be07c a2c35fdf07a13286 99e833818ec4bbf2 1d12acf7349196b0 d63b7f083330247f feddfcf56818968e a9223c28b10c131f eff60ceea8817dad fa173131f15f5534 07be6a290720707d f44f74b3451aa593 c143c095983a65c2 964a50d33717c26d 4b05967001421eab d72363ddd958d906 e461837f0fb35048 03ed286136d7b3cf 09bbaa171c20bae3 18ced18aee04c48e de35d2410e916471
523,da011b87595c1019 52370bea1acd0600 4f2fffd7528de786 b6e72edcad270be0 48a76e3aff69d605 4bed80e56ea2e099 47fbe21f5c35c7b4 4d7653ea9499eed4 9a0f5ee4f845c9b2 0bcaac840d5e66d7 c28bc62802b90f82 702d8f1064ab3e30 3986b68500d7704b 3fa57d488e979d74 bbbd5d2fd957e8f7 e0269da736ddf004 bd713b37b67866c3 fd30682593995748 2a06f5614060e3b6 39f6296778264878 e25a1da6ca187350 ff88049e61f0f4ef 734dabb98795c35c 942a7d26d81c841f bd0f175ee98c613e ae94d8435a6847f4 b6d0f83aad4e4dc7 b24820ae14e16a24 622f2e4119882c94 5fb2d8e734956af0
524,796888cc3443006c 0db6584e3bdfa1c4 8fc68213b63951dc 5fb2d8e734956af0 ce2fe99a7cda4a17 33856365c271aea4 a813c15b46ceaf68 16b11706660177ff 387e9cd2e5d4ea7d 29bedd00fb2be056 09bbaa171c20bae3 9a0f5ee4f845c9b2 0bcaac840d5e66d7 c28bc62802b90f82 702d8f1064ab3e30 3986b68500d7704b 3fa57d488e979d74 4d7653ea9499eed4 e0269da736ddf004 bd713b37b67866c3 734dabb98795c35c fd30682593995748 2a06f5614060e3b6 39f6296778264878 e25a1da6ca187350 ff88049e61f0f4ef b6d0f83aad4e4dc7 b24820ae14e16a24 622f2e4119882c94 ae94d8435a6847f4
525,b8e2f75014710ced a04d6febd82a4389 047769588be1aea9 d64c06baf5ef1c90 26fc2a95df5659c2 095bb1b6ecbd0a50 a14394322cf7043d 20d283a232dfd13c 4c3802a1bd3c842e bd0f175ee98c613e 46315cf30aaee51c 22756be6fd061d4c 2810fb6f81d1711c 430feb4826a5632e bed3e73d52011f68 1f4f62844c3cb99c b3e75fdca5ca2f1a 01e5a6edcee7deb0 976baf0e84752a68 0688c790d5806540 316382267dcd804f 40583079f57235a6 74244a8703c03720 b78189788d563693 8f578001f9d5f543 95ecdbff44ad0b60 00d9f8d3f7d412b3 e228204ae08d1355 d3c4a7db726191e0 7e4a4a1300b77a06
526,0683b6a78f54be75 d92c0298f76ccf77 366a22fce0614fb8 033d905aec273595 133b04350c75770b 4d9214c0925e5af8 70ebf53ced736fa4 dea5e9227fbbac29 47fbe21f5c35c7b4 d1e21234d7cc61d2 26140b225c4f8d3f c5830f9d0f1e29e5 50cb6a6c60ad711a b9d966ad9e04127a 5f94b027039f4e48 a76ffccd2f5df1a7 b6e646c13d0753ae da011b87595c1019 3a6e7894dde31c67 9b0e8cf8153e3b33 7ee52d2519eea367 28a2067685cb3e97 d6bbbd6c4968075a 25a3b47fe31bc6b5 8dedff0a79784abc 0708923badf2ff5d ddb3810e0289c148 d257d1fbcf43abd5 e9c20b67a4c5395f b6a1c97f19af78d0
527,db0e648651f4c92b bf973f9ec3600199 585f4ee09d8fea46 b29ab87af6ea6310 d5952b2e031c4e7e abf90e759d208468 0220a434aa8bf029 dc576af4ae66e25e 9c9ebf71707d7a37 095bb1b6ecbd0a50 26fc2a95df5659c2 a14394322cf7043d 0add47a043c64d7f 919b1679fffa7ef1 796888cc3443006c 4c3802a1bd3c842e ffa9091747ae2466 eec6b281e236b500 edc79e57b20e9036 f6d23cdd2359f7c0 0eafda717681bbdc cc507a0d6fcf4a1c bed3e73d52011f68 01e5a6edcee7deb0 b3e75fdca5ca2f1a 1f4f62844c3cb99c 6c017e548aa138f2 b3ad55963554f220 a18df74d3a16e9c0 c28bc62802b90f82
528,3734d3b0b9232538 e403278468d84383 4beacc71024f8b08 18b1d2d84c97a364 a04d6febd82a4389 cc507a0d6fcf4a1c d64c06baf5ef1c90 26fc2a95df5659c2 a14394322cf7043d 095bb1b6ecbd0a50 20d283a232dfd13c 4c3802a1bd3c842e bd0f175ee98c613e 46315cf30aaee51c 2810fb6f81d1711c 0c2eeab1e4ce1db8 b3e75fdca5ca2f1a 1f4f62844c3cb99c 01e5a6edcee7deb0 bed3e73d52011f68 976baf0e84752a68 0688c790d5806540 316382267dcd804f 40583079f57235a6 74244a8703c03720 98dbd15aa33ebc18 b78189788d563693 8f578001f9d5f543 00d9f8d3f7d412b3 e228204ae08d1355
529,83f5a9732f0de67f cea18be9a89d7a81 bbbd5d2fd957e8f7 47fbe21f5c35c7b4 52370bea1acd0600 4d7653ea9499eed4 9a0f5ee4f845c9b2 0bcaac840d5e66d7 781f4d0147aef776 702d8f1064ab3e30 3986b68500d7704b 3fa57d488e979d74 ff88049e61f0f4ef e0269da736ddf004 bd713b37b67866c3 fd30682593995748 2a06f5614060e3b6 39f6296778264878 c28bc62802b90f82 e36475c1af5ea3ab e7cad3748e50b0f8 0708923badf2ff5d 734dabb98795c35c 942a7d26d81c841f bd0f175ee98c613e ae94d8435a6847f4 b6d0f83aad4e4dc7 5fb2d8e734956af0 622f2e4119882c94 4b8c7061102517ef
530,46b99f864d6a075a 0fbd0f422e926816 f209d29f991432f0 e4a7a996ed6a5a81 447fc00f40d71d08 f2234bb7ce0c6f59 33856365c271aea4 7eec211cc37a1b05 d35e11d3d1ab3c67 b69ce8b8154645f8 65708d542bd01f39 765c0695339c3abe f29eee8054c061e1 9f3d2ca16f358290 0db6584e3bdfa1c4 73391e0853c1e040 5b34da30b93eb123 72403ecdfe02bba6 b749972436ac9791 05f23e7d05dbf7c2 6aac5e116b75aa22 4522ad78bf79f0c9 d46598813fb437e5 387e9cd2e5d4ea7d 63d95d5977c2fe98 316382267dcd804f 4bed80e56ea2e099 fc16a50ff0baec53 5fb2d8e734956af0 01020d1b0821f4c7
531,0451447dd64f6284 b1e47da7659b675c 0e45c4c185f35df6 95166957b2c38794 ce2fe99a7cda4a17 fc8971756f9ec194 2e44fbb8bc3d8d71 ae000f9d0b5e104e 636224e349e561bf 0cd920bad11c716d 5d26da95786b3a3a 36d33c41812ce7dc 4483bbdd3241f11a 37001ade0df85823 20db73cf07a45f71 b371170568146b12 249bf372159f33e9 7ee52d2519eea367 64c2e323906b42d3 8e83d05923cde390 7f29daa16b9b4cda 3986b68500d7704b ddf332f2b55a2a23 09bbaa171c20bae3 3fa57d488e979d74 702d8f1064ab3e30 c28bc62802b90f82 ff88049e61f0f4ef 0bcaac840d5e66d7 e0269da736ddf004
532,ce0f56b7190c268a 4d29c6922b2d0d56 b29ab87af6ea6310 abf90e759d208468 942a7d26d81c841f 26fc2a95df5659c2 095bb1b6ecbd0a50 a14394322cf7043d 796888cc3443006c eec6b281e236b500 0eafda717681bbdc 1f4f62844c3cb99c b3e75fdca5ca2f1a 01e5a6edcee7deb0 bed3e73d52011f68 6c017e548aa138f2 ffa9091747ae2466 64b31699d7d15934 d5805cdb9e8f0f48 b3ad55963554f220 955e465ce0788ea6 7b81f1f2b6ec2e5f 9100ea6cd0e084bf 4c3802a1bd3c842e 59bf6d6df9146d60 413c55a5ab86881a 197fa50b30d91fe8 40583079f57235a6 cc861214a89ef1f4 c28bc62802b90f82
533,0a49074a4158155b 2e2904c5373734ae 9cf6709de35bf0f3 734dabb98795c35c 4f915ad69e1dca36 c143c095983a65c2 47fbe21f5c35c7b4 4d7653ea9499eed4 9a0f5ee4f845c9b2 0bcaac840d5e66d7 c28bc62802b90f82 702d8f1064ab3e30 3986b68500d7704b 3fa57d488e979d74 ff88049e61f0f4ef e0269da736ddf004 bd713b37b67866c3 fd30682593995748 2a06f5614060e3b6 39f6296778264878 c31a456b544a40a8 52370bea1acd0600 e7cad3748e50b0f8 942a7d26d81c841f bd0f175ee98c613e ae94d8435a6847f4 b6d0f83aad4e4dc7 b24820ae14e16a24 622f2e4119882c94 4b8c7061102517ef
534,3734d3b0b9232538 95ecdbff44ad0b60 430feb4826a5632e 047769588be1aea9 d3c4a7db726191e0 18b1d2d84c97a364 a52df8083c238c46 ad06e9eeea8eb4ea acae1d29289b1266 00ff646ca6637bd7 73f770f2643a2135 36d33c41812ce7dc a04d6febd82a4389 bd713b37b67866c3 395b26d91f98bd92 09bbaa171c20bae3 d64c06baf5ef1c90 26fc2a95df5659c2 a14394322cf7043d 095bb1b6ecbd0a50 20d283a232dfd13c 4c3802a1bd3c842e ae94d8435a6847f4 bd0f175ee98c613e 46315cf30aaee51c 2810fb6f81d1711c 2e79d45ba4d1540d bed3e73d52011f68 b3e75fdca5ca2f1a 1f4f62844c3cb99c
535,acae1d29289b1266 49224aca40e6e5e3 25a3b47fe31bc6b5 2a06f5614060e3b6 74e59c5820900b17 e7cad3748e50b0f8 dac29ed8400b50cc bb7515be835dea49 f705b637f624147e ffc688c4c1c2a068 c08c3765ac609cc0 a9eef13786610446 3fa57d488e979d74 0b0021aa60d05daa 54f55c74d37db3c0 83f8f2fc471cad74 f46601a9955f9949 9269d2b0d877352d 8d58da0e1800dc96 702d8f1064ab3e30 6d80d2e62d01f6bc a2805ed52b47b8ec 65fac1ba1840000f 18ced18aee04c48e 033d905aec273595 430feb4826a5632e 50cb6a6c60ad711a 9100ea6cd0e084bf 781aaf62a955e4e8 7ee52d2519eea367
536,033d905aec273595 1a05ef8c93af8eed b6e646c13d0753ae 3a6e7894dde31c67 9b0e8cf8153e3b33 46b99f864d6a075a d6bbbd6c4968075a 25a3b47fe31bc6b5 8dedff0a79784abc d257d1fbcf43abd5 e9c20b67a4c5395f b6a1c97f19af78d0 ce0f56b7190c268a 4f915ad69e1dca36 58654e3143c6550b c143c095983a65c2 3986b68500d7704b 0bcaac840d5e66d7 3fa57d488e979d74 702d8f1064ab3e30 ff88049e61f0f4ef e0269da736ddf004 bd713b37b67866c3 fd30682593995748 2a06f5614060e3b6 39f6296778264878 c28bc62802b90f82 942a7d26d81c841f ae94d8435a6847f4 b6d0f83aad4e4dc7
537,6cb9ab508a0678a0 b8e2f75014710ced b26d8664feb18c8c b05b5f6850cfa158 5c8c6d9a1fd4c1e0 18b1d2d84c97a364 00ff646ca6637bd7 430feb4826a5632e 36d33c41812ce7dc 047769588be1aea9 0c2eeab1e4ce1db8 95ecdbff44ad0b60 fc8971756f9ec194 a677c3a76055a6d2 d3c4a7db726191e0 2e44fbb8bc3d8d71 b0b5e62a93a2c37c a52df8083c238c46 2bafd15871caae91 2dd12c230ab22555 acae1d29289b1266 9f27aa36c1ea793c f28fb3d9880c5d4c 09bbaa171c20bae3 73f770f2643a2135 42c9b72cc77dcb28 d92c0298f76ccf77 ad06e9eeea8eb4ea a04d6febd82a4389 bd713b37b67866c3
538,e8ad5e31484ef889 63d509cd2a2e0e47 680bb5c5c3bb6ee1 1398b478b71773ed 3e66b4855d0dddbe a65e30106ea50423 0079f3c74309b582 ce8cb4351b8c0f6e 06de3ca1148b088b 8dedff0a79784abc 3ca7964973437917 07be6a290720707d bf973f9ec3600199 ce0f56b7190c268a a5f55580081236f4 e0269da736ddf004 4f31209941bb05fc 585f4ee09d8fea46 013030fd7d29bf3d 83f5a9732f0de67f cc507a0d6fcf4a1c f0d53dcf0c296b57 0c2eeab1e4ce1db8 18b1d2d84c97a364 98dbd15aa33ebc18 8faeacf8ca08f62d 1efd7bd8a34a1359 b6cdb608f640e038 1dc7139adba034ec eff60ceea8817dad
539,90ecb28f2edb9d43 2394b08708475900 5c8c6d9a1fd4c1e0 54a11cbcd7a32af4 b1dcaca98bb76736 ddb3810e0289c148 0a79fabc6f5d93c9 d980375fbd40c75f 4491016efed845f1 42bb83d7c4b9ecae e25a1da6ca187350 1fe79c7de59ff6c6 366a22fce0614fb8 0f4c71d341e2d939 e8b87ed7db1bcb1f 60a070db9f1869b5 01020d1b0821f4c7 050544c040f46152 ec1b3d7ccd3984d0 a60934e6b473097a f44f74b3451aa593 81b7c7e312bfa1a0 f05fa5f57dc03e81 734dabb98795c35c cea18be9a89d7a81 6a3919ad9ed8197e acae1d29289b1266 c14d5b16840d3032 c015590d6a6fe833 c5830f9d0f1e29e5
540,ca43e349133fc0e3 bbbd5d2fd957e8f7 47fbe21f5c35c7b4 52370bea1acd0600 4d7653ea9499eed4 9a0f5ee4f845c9b2 0bcaac840d5e66d7 c28bc62802b90f82 702d8f1064ab3e30 059bbdbdb843af6a 3fa57d488e979d74 ff88049e61f0f4ef e0269da736ddf004 bd713b37b67866c3 fd30682593995748 2a06f5614060e3b6 39f6296778264878 e25a1da6ca187350 3986b68500d7704b e7cad3748e50b0f8 0708923badf2ff5d 734dabb98795c35c 942a7d26d81c841f bd0f175ee98c613e ae94d8435a6847f4 b6d0f83aad4e4dc7 b24820ae14e16a24 cea18be9a89d7a81 4b8c7061102517ef af8e70f978cd5aee
541,97d696011258825c 419b5dc40744fb9b d16da1fb61813db9 99e833818ec4bbf2 d63b7f083330247f eff60ceea8817dad fa173131f15f5534 855f2f0354e102c7 3e8e56f639a5db5b d5952b2e031c4e7e 1a05ef8c93af8eed b29ab87af6ea6310 f2e30efbd27bee51 48f93f9c2c699e19 f209d29f991432f0 ffa9091747ae2466 22dc81380cf4baec 27bc34b9887bec0d 3b6d27775fce1c7b 8699cc5dd4159b69 c143c095983a65c2 e1460af4a7044067 abf90e759d208468 942a7d26d81c841f 4b05967001421eab 7b81f1f2b6ec2e5f d257d1fbcf43abd5 095bb1b6ecbd0a50 a14394322cf7043d 26fc2a95df5659c2
542,b29ab87af6ea6310 88b62355670ec8f8 a292248bb2bffb3d 60a070db9f1869b5 f76f44d372517a9a 24e582daf6f87158 a853f13216170123 ffa9091747ae2466 e25a1da6ca187350 0a79fabc6f5d93c9 4dba7ce835494a63 2394b08708475900 3cb6b40d377e7ca8 abf90e759d208468 942a7d26d81c841f f9c6286cff30aaa8 b24820ae14e16a24 1d0f5fdc58e3efb5 1fe79c7de59ff6c6 90ecb28f2edb9d43 72b80b099fd64ec4 18ced18aee04c48e 7b81f1f2b6ec2e5f b05b5f6850cfa158 f49e13a653cbdad2 095bb1b6ecbd0a50 a14394322cf7043d 26fc2a95df5659c2 05e4165a56bf50eb 796888cc3443006c
543,95ecdbff44ad0b60 c31a456b544a40a8 ad06e9eeea8eb4ea 033d905aec273595 430feb4826a5632e d3c4a7db726191e0 a52df8083c238c46 8faeacf8ca08f62d b6e646c13d0753ae acae1d29289b1266 1dc7139adba034ec 3a6e7894dde31c67 3986b68500d7704b 73f770f2643a2135 9b0e8cf8153e3b33 52aa48c07b34dc88 3e8e56f639a5db5b 393f49286db04aeb 07f22a7ad7e4711d d6bbbd6c4968075a 25a3b47fe31bc6b5 3cb6b40d377e7ca8 cc507a0d6fcf4a1c 8fc68213b63951dc bd713b37b67866c3 0eb4de784c8dd679 c1f2e3a76d388944 f9c6286cff30aaa8 8dedff0a79784abc 0683b6a78f54be75
544,47fbe21f5c35c7b4 c5830f9d0f1e29e5 c015590d6a6fe833 ddb3810e0289c148 0a79fabc6f5d93c9 4491016efed845f1 42bb83d7c4b9ecae 43b3338423d7386c e25a1da6ca187350 52aa48c07b34dc88 050544c040f46152 d3c4a7db726191e0 172bc0ee09332ae9 8a5635c748344d47 4577ae048ef1967d b26d8664feb18c8c 01020d1b0821f4c7 48f93f9c2c699e19 34a62e66e05f9a44 72b80b099fd64ec4 b05b5f6850cfa158 ec1b3d7ccd3984d0 a60934e6b473097a 5c8c6d9a1fd4c1e0 3e8e56f639a5db5b b1dcaca98bb76736 18ced18aee04c48e 16b11706660177ff e22c35101e190db9 061f3e1feeaa3094
545,404031ab9d5977c4 f2e30efbd27bee51 8699cc5dd4159b69 e1460af4a7044067 8faeacf8ca08f62d 1dc7139adba034ec 52aa48c07b34dc88 95ecdbff44ad0b60 393f49286db04aeb 07f22a7ad7e4711d 3cb6b40d377e7ca8 8fc68213b63951dc 0eb4de784c8dd679 c1f2e3a76d388944 f9c6286cff30aaa8 0683b6a78f54be75 72b80b099fd64ec4 ad06e9eeea8eb4ea 999a52f1d301247c 587e0b2a4811fab1 47fbe21f5c35c7b4 c5830f9d0f1e29e5 72c2a95813ea72bd 3e8e56f639a5db5b 702d8f1064ab3e30 2a06f5614060e3b6 fd30682593995748 bd713b37b67866c3 e0269da736ddf004 ff88049e61f0f4ef
546,b0e254dd420faee3 6ae470a7c9ec20fd 0eedb1a0d3b8ddae 587e0b2a4811fab1 0708923badf2ff5d 09bbaa171c20bae3 6899956cd6c683f0 892074f7c1ef5d5e da011b87595c1019 cc507a0d6fcf4a1c 18ced18aee04c48e 0c2eeab1e4ce1db8 18b1d2d84c97a364 98dbd15aa33ebc18 1efd7bd8a34a1359 b6cdb608f640e038 eff60ceea8817dad ec4ef2f727e7a03f da7d3c2d591c4295 bd713b37b67866c3 e0269da736ddf004 ff88049e61f0f4ef 3fa57d488e979d74 3986b68500d7704b 702d8f1064ab3e30 ae94d8435a6847f4 b6d0f83aad4e4dc7 c28bc62802b90f82 942a7d26d81c841f 0bcaac840d5e66d7
547,a60934e6b473097a eab15ee21e126f6a 9b0e8cf8153e3b33 a2c35fdf07a13286 77e2f7da1f9d3a8f 2e031d83339759b2 f48d0fbea7dc2782 f44f74b3451aa593 0708923badf2ff5d 09bbaa171c20bae3 796888cc3443006c 0db6584e3bdfa1c4 587e0b2a4811fab1 a18df74d3a16e9c0 8fc68213b63951dc 5fb2d8e734956af0 99e833818ec4bbf2 de8e1345e8c305c4 ce2fe99a7cda4a17 33856365c271aea4 a813c15b46ceaf68 16b11706660177ff a04d6febd82a4389 9a0f5ee4f845c9b2 387e9cd2e5d4ea7d 29bedd00fb2be056 d64c06baf5ef1c90 a14394322cf7043d 26fc2a95df5659c2 095bb1b6ecbd0a50
548,19e8f436d4b2fc25 cc507a0d6fcf4a1c 0c2eeab1e4ce1db8 18b1d2d84c97a364 98dbd15aa33ebc18 1efd7bd8a34a1359 b6cdb608f640e038 eff60ceea8817dad ec4ef2f727e7a03f da7d3c2d591c4295 09bbaa171c20bae3 18ced18aee04c48e cea18be9a89d7a81 bbbd5d2fd957e8f7 47fbe21f5c35c7b4 52370bea1acd0600 4d7653ea9499eed4 9a0f5ee4f845c9b2 00e1e2eb13f650e4 c28bc62802b90f82 702d8f1064ab3e30 0772e3ab293a1f30 3986b68500d7704b 3fa57d488e979d74 ff88049e61f0f4ef 9cf6709de35bf0f3 e0269da736ddf004 0bcaac840d5e66d7 0708923badf2ff5d 734dabb98795c35c
549,01104a026d22ae55 ff88049e61f0f4ef 6cb9ab508a0678a0 04fda7c9d8971ec0 48cf88c17ff38c5e b8e2f75014710ced cba7e22bb383083a 922e625fae98b3b9 46315cf30aaee51c 0688c790d5806540 74244a8703c03720 b78189788d563693 8f578001f9d5f543 c6b615b2589e036d 4a5ac473c9d176ba e14a893f1918277e fc21db75b354a917 10ad13170242ecae 4d32dae7b43c489a a60934e6b473097a d7d937303a6d5a9d e878efab7c37179e c606425856952286 025a148c3a53bd9f 016da874bd04df55 4d9214c0925e5af8 428f9363fa35882d 047769588be1aea9 d6bbbd6c4968075a 853e36b1550c6274
550,a76ffccd2f5df1a7 27bc34b9887bec0d 528161039994b4dc 447fc00f40d71d08 9c9a9d45c2ea7ddf c31a456b544a40a8 9fbffc521da97c54 18ced18aee04c48e 9a0f5ee4f845c9b2 0bcaac840d5e66d7 c28bc62802b90f82 702d8f1064ab3e30 3986b68500d7704b ff88049e61f0f4ef e0269da736ddf004 bd713b37b67866c3 fd30682593995748 2a06f5614060e3b6 39f6296778264878 e25a1da6ca187350 3fa57d488e979d74 734dabb98795c35c 942a7d26d81c841f bd0f175ee98c613e ae94d8435a6847f4 b6d0f83aad4e4dc7 b24820ae14e16a24 622f2e4119882c94 4b8c7061102517ef 52370bea1acd0600
551,204ec91c39d1479d 5ebb4d2f5f1c1f13 52aa48c07b34dc88 cc2cc23a98c14c33 3cb6b40d377e7ca8 b0e254dd420faee3 5048a37f10cf2d91 dc12cc503ac0eddb 52370bea1acd0600 48cf88c17ff38c5e 5879096a38d69fc5 0708923badf2ff5d 7f29daa16b9b4cda 87c5481930cfe126 e461837f0fb35048 18ced18aee04c48e 3986b68500d7704b 702d8f1064ab3e30 c28bc62802b90f82 3fa57d488e979d74 ff88049e61f0f4ef e0269da736ddf004 0bcaac840d5e66d7 bd713b37b67866c3 9a0f5ee4f845c9b2 4d7653ea9499eed4 2a06f5614060e3b6 942a7d26d81c841f bd0f175ee98c613e ae94d8435a6847f4
552,b29ab87af6ea6310 ffa9091747ae2466 abf90e759d208468 942a7d26d81c841f 7b81f1f2b6ec2e5f 26fc2a95df5659c2 095bb1b6ecbd0a50 a14394322cf7043d 796888cc3443006c 4c3802a1bd3c842e eec6b281e236b500 59bf6d6df9146d60 413c55a5ab86881a 0eafda717681bbdc bed3e73d52011f68 b3e75fdca5ca2f1a 01e5a6edcee7deb0 1f4f62844c3cb99c 197fa50b30d91fe8 40583079f57235a6 6c017e548aa138f2 64b31699d7d15934 d5805cdb9e8f0f48 b3ad55963554f220 cc861214a89ef1f4 c28bc62802b90f82 955e465ce0788ea6 db7342eff9200020 9100ea6cd0e084bf 2901e5309bb3f8f6
553,cc507a0d6fcf4a1c 0c2eeab1e4ce1db8 5f94b027039f4e48 18b1d2d84c97a364 98dbd15aa33ebc18 20db73cf07a45f71 7ee52d2519eea367 10ad13170242ecae 1efd7bd8a34a1359 377c1150c781e37a b6cdb608f640e038 eff60ceea8817dad ec4ef2f727e7a03f da7d3c2d591c4295 09bbaa171c20bae3 18ced18aee04c48e 5fb2d8e734956af0 cea18be9a89d7a81 bbbd5d2fd957e8f7 47fbe21f5c35c7b4 52370bea1acd0600 4d7653ea9499eed4 9a0f5ee4f845c9b2 c28bc62802b90f82 702d8f1064ab3e30 3986b68500d7704b 3fa57d488e979d74 ff88049e61f0f4ef 0772e3ab293a1f30 e0269da736ddf004
554,ddf332f2b55a2a23 09bbaa171c20bae3 47fbe21f5c35c7b4 4d7653ea9499eed4 9a0f5ee4f845c9b2 0bcaac840d5e66d7 c28bc62802b90f82 702d8f1064ab3e30 3986b68500d7704b 3fa57d488e979d74 ff88049e61f0f4ef e0269da736ddf004 bd713b37b67866c3 fd30682593995748 2a06f5614060e3b6 39f6296778264878 e25a1da6ca187350 f58ff7f1a6cde683 52370bea1acd0600 059bbdbdb843af6a 734dabb98795c35c 942a7d26d81c841f bd0f175ee98c613e ae94d8435a6847f4 b6d0f83aad4e4dc7 b24820ae14e16a24 622f2e4119882c94 c31a456b544a40a8 af8e70f978cd5aee 5ebb4d2f5f1c1f13
555,fd57e641d06ebda7 013030fd7d29bf3d 2e2904c5373734ae 9cf6709de35bf0f3 734dabb98795c35c 4f915ad69e1dca36 c143c095983a65c2 8faeacf8ca08f62d 1dc7139adba034ec 52aa48c07b34dc88 95ecdbff44ad0b60 393f49286db04aeb 07f22a7ad7e4711d 3cb6b40d377e7ca8 8fc68213b63951dc 0eb4de784c8dd679 c1f2e3a76d388944 f9c6286cff30aaa8 0683b6a78f54be75 72b80b099fd64ec4 18ced18aee04c48e ad06e9eeea8eb4ea 999a52f1d301247c 587e0b2a4811fab1 f2e30efbd27bee51 47fbe21f5c35c7b4 c5830f9d0f1e29e5 72c2a95813ea72bd 3e8e56f639a5db5b c31a456b544a40a8
556,1c3b74a02a86467d 00e1e2eb13f650e4 96445bec1579ec97 a0b1f4dd32f3e278 a5d5ba33b5b1dc95 fa173131f15f5534 50806199c80e215c d73a65673e3f1d78 f0d53dcf0c296b57 013030fd7d29bf3d bc2552a642ce8497 f44f74b3451aa593 3e8e56f639a5db5b f209d29f991432f0 46b99f864d6a075a 4bed80e56ea2e099 c015590d6a6fe833 47fbe21f5c35c7b4 7eec211cc37a1b05 c5830f9d0f1e29e5 765c0695339c3abe f29eee8054c061e1 52aa48c07b34dc88 9f3d2ca16f358290 72b80b099fd64ec4 447fc00f40d71d08 58654e3143c6550b b1dcaca98bb76736 ddb3810e0289c148 45bd99d5d2eef776
557,0eb4de784c8dd679 72b80b099fd64ec4 6cb9ab508a0678a0 cc861214a89ef1f4 af8e70f978cd5aee 354d7a327bbcc152 025a148c3a53bd9f c5830f9d0f1e29e5 22e8d6734e4121ae 4105533fe46dfba9 ecb768ef6fd223ca fab14d178b24a67f 059bbdbdb843af6a e0269da736ddf004 2a06f5614060e3b6 3986b68500d7704b 702d8f1064ab3e30 fd30682593995748 c28bc62802b90f82 3fa57d488e979d74 39f6296778264878 0bcaac840d5e66d7 9a0f5ee4f845c9b2 ff88049e61f0f4ef 4d7653ea9499eed4 52370bea1acd0600 bd713b37b67866c3 734dabb98795c35c 942a7d26d81c841f bd0f175ee98c613e
558,0647acc4602d4e8f 939a1f686ea36c05 b29ab87af6ea6310 33856365c271aea4 538c7bb968b2154c ca4de5b8a7bda9df 01020d1b0821f4c7 abf90e759d208468 8f578001f9d5f543 b78189788d563693 942a7d26d81c841f 4c3802a1bd3c842e c6b615b2589e036d 24c47959ea77b15b e14a893f1918277e 4d32dae7b43c489a b84b6c0b2e4d0306 d7d937303a6d5a9d e878efab7c37179e 59bf6d6df9146d60 a14394322cf7043d 095bb1b6ecbd0a50 26fc2a95df5659c2 413c55a5ab86881a c606425856952286 796888cc3443006c e7828f0ea9749505 025a148c3a53bd9f 5f94b027039f4e48 eec6b281e236b500
559,1f423f368aebf7f3 204ec91c39d1479d ae000f9d0b5e104e 8e0cc5199a0ee659 576dd429db946393 74ae9af23a383bf5 bbbd5d2fd957e8f7 52370bea1acd0600 4d7653ea9499eed4 9a0f5ee4f845c9b2 0bcaac840d5e66d7 c28bc62802b90f82 702d8f1064ab3e30 3986b68500d7704b 3fa57d488e979d74 ff88049e61f0f4ef e0269da736ddf004 bd713b37b67866c3 fd30682593995748 39f6296778264878 47fbe21f5c35c7b4 e36475c1af5ea3ab 0708923badf2ff5d 734dabb98795c35c 942a7d26d81c841f bd0f175ee98c613e ae94d8435a6847f4 b6d0f83aad4e4dc7 b24820ae14e16a24 2a06f5614060e3b6
560,e8b87ed7db1bcb1f f25bfcffedaccf28 59bf6d6df9146d60 393f49286db04aeb 27bc34b9887bec0d daa257a37227cd72 57113c2a4cacd961 c015590d6a6fe833 8699cc5dd4159b69 47fbe21f5c35c7b4 b1dcaca98bb76736 c5830f9d0f1e29e5 ddb3810e0289c148 061f3e1feeaa3094 033d905aec273595 cea18be9a89d7a81 0a79fabc6f5d93c9 52aa48c07b34dc88 8dc313a2cf9da354 3e8e56f639a5db5b 0b0021aa60d05daa 622f2e4119882c94 40583079f57235a6 74244a8703c03720 1a8e5d6512d9e2d8 ebfda3b48083e390 1fe79c7de59ff6c6 90ecb28f2edb9d43 72b80b099fd64ec4 366a22fce0614fb8
561,ae77487a89f2610c 06de3ca1148b088b 2e2904c5373734ae 9cf6709de35bf0f3 734dabb98795c35c 4f915ad69e1dca36 c143c095983a65c2 18ced18aee04c48e 09bbaa171c20bae3 47fbe21f5c35c7b4 52370bea1acd0600 4d7653ea9499eed4 9a0f5ee4f845c9b2 b6cdb608f640e038 0bcaac840d5e66d7 c28bc62802b90f82 95166957b2c38794 3986b68500d7704b 3fa57d488e979d74 ff88049e61f0f4ef e0269da736ddf004 bd713b37b67866c3 fd30682593995748 2a06f5614060e3b6 702d8f1064ab3e30 0708923badf2ff5d 942a7d26d81c841f bd0f175ee98c613e 8e0cc5199a0ee659 ae94d8435a6847f4
562,4483bbdd3241f11a da904d2a54ff8cf2 bbbd5d2fd957e8f7 7d83ffe83f61bdc4 fc8971756f9ec194 07f22a7ad7e4711d 61ba7707ef6a5a99 0eb4de784c8dd679 72b80b099fd64ec4 4d29c6922b2d0d56 edc79e57b20e9036 e4a7a996ed6a5a81 7c8324ce28ffb96e c5830f9d0f1e29e5 7c9248ed6224aa26 01b3da54ffb158a0 a60934e6b473097a ba5199dba342af68 4e966bb2768c2b8a eab15ee21e126f6a 9b0e8cf8153e3b33 a2c35fdf07a13286 4f2fffd7528de786 a982b5c3aed39396 77e2f7da1f9d3a8f 2e031d83339759b2 6899956cd6c683f0 4d7653ea9499eed4 f48d0fbea7dc2782 f05fa5f57dc03e81
563,1c3b74a02a86467d 58654e3143c6550b a60934e6b473097a eab15ee21e126f6a 9b0e8cf8153e3b33 8faeacf8ca08f62d a2c35fdf07a13286 1dc7139adba034ec 77e2f7da1f9d3a8f 52aa48c07b34dc88 95ecdbff44ad0b60 2e031d83339759b2 393f49286db04aeb 07f22a7ad7e4711d 3cb6b40d377e7ca8 f48d0fbea7dc2782 8fc68213b63951dc 0eb4de784c8dd679 c1f2e3a76d388944 f9c6286cff30aaa8 f44f74b3451aa593 0683b6a78f54be75 72b80b099fd64ec4 ad06e9eeea8eb4ea 999a52f1d301247c 587e0b2a4811fab1 f2e30efbd27bee51 47fbe21f5c35c7b4 c5830f9d0f1e29e5 72c2a95813ea72bd
564,fc16a50ff0baec53 61ba7707ef6a5a99 bbbd5d2fd957e8f7 7d83ffe83f61bdc4 fc8971756f9ec194 4d29c6922b2d0d56 4483bbdd3241f11a da904d2a54ff8cf2 45bd99d5d2eef776 18ced18aee04c48e 9a0f5ee4f845c9b2 c28bc62802b90f82 702d8f1064ab3e30 3986b68500d7704b 3fa57d488e979d74 ff88049e61f0f4ef e0269da736ddf004 bd713b37b67866c3 fd30682593995748 2a06f5614060e3b6 39f6296778264878 e25a1da6ca187350 0bcaac840d5e66d7 bd0f175ee98c613e ae94d8435a6847f4 b6d0f83aad4e4dc7 b24820ae14e16a24 622f2e4119882c94 4b8c7061102517ef af8e70f978cd5aee
565,3734d3b0b9232538 e8b87ed7db1bcb1f f25bfcffedaccf28 a60934e6b473097a eab15ee21e126f6a 59bf6d6df9146d60 9b0e8cf8153e3b33 a2c35fdf07a13286 393f49286db04aeb 77e2f7da1f9d3a8f 2e031d83339759b2 f48d0fbea7dc2782 f44f74b3451aa593 daa257a37227cd72 27bc34b9887bec0d 57113c2a4cacd961 8df3f13d6af34cb3 8699cc5dd4159b69 18ced18aee04c48e 622f2e4119882c94 702d8f1064ab3e30 b24820ae14e16a24 3986b68500d7704b c28bc62802b90f82 ff88049e61f0f4ef b6d0f83aad4e4dc7 e0269da736ddf004 bd713b37b67866c3 fd30682593995748 2a06f5614060e3b6
566,f54ad8d1eb18212e f0d53dcf0c296b57 cc507a0d6fcf4a1c c14d5b16840d3032 6a3919ad9ed8197e 3c565c1fc2316d16 00e1e2eb13f650e4 3e8e56f639a5db5b 016da874bd04df55 1398b478b71773ed a0b1f4dd32f3e278 b2ee9eea2d974c90 828f5dfbbf1272ee f48d0fbea7dc2782 8faeacf8ca08f62d 1dc7139adba034ec 52aa48c07b34dc88 95ecdbff44ad0b60 393f49286db04aeb 07f22a7ad7e4711d 3cb6b40d377e7ca8 8fc68213b63951dc 0eb4de784c8dd679 c1f2e3a76d388944 f9c6286cff30aaa8 0683b6a78f54be75 72b80b099fd64ec4 ad06e9eeea8eb4ea 999a52f1d301247c 587e0b2a4811fab1
567,005666aa098abe8e 65708d542bd01f39 f0d53dcf0c296b57 4b29fc21f912754d 4d7653ea9499eed4 013030fd7d29bf3d 2cebd52b41930f0a f54ad8d1eb18212e f44f74b3451aa593 c143c095983a65c2 6406fcdb7d87b5dc dc17b07476183764 96e82fa141db9a4b 1a05ef8c93af8eed ac9ee0c09b538140 e8684734f2e587bd 8566d15270eb5e83 9b2adcf4041227d7 4d954d933e606b70 46b99f864d6a075a c11b97f245a9dfd0 4f915ad69e1dca36 09bbaa171c20bae3 4bed80e56ea2e099 f1a3b8b13e9401c0 4fe9e4e55585ba4b 447fc00f40d71d08 cb3e4ce97e7f2881 18ced18aee04c48e ff88049e61f0f4ef
568,d5805cdb9e8f0f48 c28bc62802b90f82 0195950ce0f47e34 0eb4de784c8dd679 b29ab87af6ea6310 12af6a34778710db 016da874bd04df55 7c98dedd223b36c0 39f6296778264878 ffa9091747ae2466 b760ebc5f25788d3 abf90e759d208468 942a7d26d81c841f 7b81f1f2b6ec2e5f a14394322cf7043d 095bb1b6ecbd0a50 26fc2a95df5659c2 796888cc3443006c 4c3802a1bd3c842e eec6b281e236b500 59bf6d6df9146d60 413c55a5ab86881a 0eafda717681bbdc b3e75fdca5ca2f1a 01e5a6edcee7deb0 bed3e73d52011f68 1f4f62844c3cb99c 197fa50b30d91fe8 40583079f57235a6 6c017e548aa138f2
569,59bf6d6df9146d60 e8b87ed7db1bcb1f f25bfcffedaccf28 393f49286db04aeb 3d6880bd12f6613f daa257a37227cd72 27bc34b9887bec0d 28a2067685cb3e97 b29ab87af6ea6310 57113c2a4cacd961 a853f13216170123 8699cc5dd4159b69 ffa9091747ae2466 d92c0298f76ccf77 abf90e759d208468 942a7d26d81c841f 9f4e0d572b1f4e6c 7b81f1f2b6ec2e5f a492bd402afd5c71 26fc2a95df5659c2 095bb1b6ecbd0a50 a14394322cf7043d 796888cc3443006c 4c3802a1bd3c842e 133b04350c75770b eec6b281e236b500 4d9214c0925e5af8 413c55a5ab86881a cc507a0d6fcf4a1c 0eafda717681bbdc
570,9b0e8cf8153e3b33 9f4e0d572b1f4e6c 148ac4a56a18844d d6bbbd6c4968075a 0451447dd64f6284 4f2fffd7528de786 e9c20b67a4c5395f b6a1c97f19af78d0 58654e3143c6550b 430feb4826a5632e 09bbaa171c20bae3 bd713b37b67866c3 95ecdbff44ad0b60 d3c4a7db726191e0 5d26da95786b3a3a 8e0760918e88e4a9 ae94d8435a6847f4 a52df8083c238c46 acae1d29289b1266 f29eee8054c061e1 73f770f2643a2135 ad06e9eeea8eb4ea b1dcaca98bb76736 047769588be1aea9 c31a456b544a40a8 9fbffc521da97c54 061f3e1feeaa3094 033d905aec273595 cea18be9a89d7a81 8df3f13d6af34cb3
571,453bc79164d57a01 055d895a3b26e466 4b8c7061102517ef b50b4e27b03c7b37 7c9248ed6224aa26 d92c0298f76ccf77 f05fa5f57dc03e81 65254e0d209fd66e 9b2adcf4041227d7 133b04350c75770b 4d9214c0925e5af8 26140b225c4f8d3f 0bcaac840d5e66d7 c28bc62802b90f82 702d8f1064ab3e30 3986b68500d7704b 3fa57d488e979d74 ff88049e61f0f4ef e0269da736ddf004 bd713b37b67866c3 fd30682593995748 2a06f5614060e3b6 39f6296778264878 e25a1da6ca187350 9a0f5ee4f845c9b2 b6d0f83aad4e4dc7 b24820ae14e16a24 622f2e4119882c94 ae94d8435a6847f4 af8e70f978cd5aee
572,c143c095983a65c2 4d7653ea9499eed4 97d696011258825c 419b5dc40744fb9b 855f2f0354e102c7 d5952b2e031c4e7e d16da1fb61813db9 1a05ef8c93af8eed 99e833818ec4bbf2 d63b7f083330247f eff60ceea8817dad fa173131f15f5534 96e82fa141db9a4b ac9ee0c09b538140 e8684734f2e587bd 8566d15270eb5e83 9b2adcf4041227d7 4d954d933e606b70 4b05967001421eab d92c0298f76ccf77 c11b97f245a9dfd0 4f915ad69e1dca36 09bbaa171c20bae3 4bed80e56ea2e099 f1a3b8b13e9401c0 4fe9e4e55585ba4b 447fc00f40d71d08 133b04350c75770b cb3e4ce97e7f2881 4d9214c0925e5af8
573,74873b42602d8958 4c0eee2c1a5e76e2 bbbd5d2fd957e8f7 8abe670908f12614 26f72a4eb15ea8c0 a1314cd417504572 5057551fc55e9ed2 7d83ffe83f61bdc4 50ba507a268872e1 430feb4826a5632e 49b5678e0d1e5bcd b50b4e27b03c7b37 9b2adcf4041227d7 95ecdbff44ad0b60 d3c4a7db726191e0 a52df8083c238c46 eec6b281e236b500 acae1d29289b1266 8dc313a2cf9da354 238ec735a13a3f09 73f770f2643a2135 d92c0298f76ccf77 db0e648651f4c92b ae77487a89f2610c ad06e9eeea8eb4ea 39075e303166355e bd713b37b67866c3 4d29c6922b2d0d56 047769588be1aea9 ee3ed9a3f51336cd
574,4a5ac473c9d176ba 10ad13170242ecae acae1d29289b1266 395b26d91f98bd92 cc507a0d6fcf4a1c 22756be6fd061d4c 0c2eeab1e4ce1db8 18b1d2d84c97a364 98dbd15aa33ebc18 18ced18aee04c48e 1efd7bd8a34a1359 b6cdb608f640e038 eff60ceea8817dad ec4ef2f727e7a03f da7d3c2d591c4295 3fa57d488e979d74 3986b68500d7704b ff88049e61f0f4ef e0269da736ddf004 702d8f1064ab3e30 c28bc62802b90f82 0bcaac840d5e66d7 9a0f5ee4f845c9b2 4d7653ea9499eed4 bd713b37b67866c3 52370bea1acd0600 734dabb98795c35c 942a7d26d81c841f bd0f175ee98c613e ae94d8435a6847f4
575,8df3f13d6af34cb3 47fbe21f5c35c7b4 52370bea1acd0600 4d7653ea9499eed4 9a0f5ee4f845c9b2 0bcaac840d5e66d7 c28bc62802b90f82 702d8f1064ab3e30 09bbaa171c20bae3 3fa57d488e979d74 ff88049e61f0f4ef e0269da736ddf004 bd713b37b67866c3 fd30682593995748 2a06f5614060e3b6 39f6296778264878 e25a1da6ca187350 3986b68500d7704b e7cad3748e50b0f8 0708923badf2ff5d 734dabb98795c35c 942a7d26d81c841f bd0f175ee98c613e ae94d8435a6847f4 b6d0f83aad4e4dc7 b24820ae14e16a24 bbbd5d2fd957e8f7 4b8c7061102517ef af8e70f978cd5aee 5ebb4d2f5f1c1f13
576,aa0789b403bcd839 ba5199dba342af68 a0b1f4dd32f3e278 069e7e25e43deab3 0add47a043c64d7f 0c15f252d30646fc 8faeacf8ca08f62d 1dc7139adba034ec 52aa48c07b34dc88 95ecdbff44ad0b60 393f49286db04aeb 07f22a7ad7e4711d 3cb6b40d377e7ca8 8fc68213b63951dc 0eb4de784c8dd679 c1f2e3a76d388944 f9c6286cff30aaa8 0683b6a78f54be75 72b80b099fd64ec4 ad06e9eeea8eb4ea 999a52f1d301247c 587e0b2a4811fab1 f2e30efbd27bee51 47fbe21f5c35c7b4 c5830f9d0f1e29e5 72c2a95813ea72bd 3e8e56f639a5db5b e0269da736ddf004 622f2e4119882c94 ff88049e61f0f4ef
577,0683b6a78f54be75 366a22fce0614fb8 70ebf53ced736fa4 dea5e9227fbbac29 d1e21234d7cc61d2 50cb6a6c60ad711a b9d966ad9e04127a 5f94b027039f4e48 a76ffccd2f5df1a7 da011b87595c1019 7155e5a86136eb02 7ee52d2519eea367 28a2067685cb3e97 62431fd374eb99fb 57113c2a4cacd961 43c354dbf952caaa 765c0695339c3abe c015590d6a6fe833 9fbffc521da97c54 4d7653ea9499eed4 0bcaac840d5e66d7 c28bc62802b90f82 702d8f1064ab3e30 95166957b2c38794 3986b68500d7704b 3fa57d488e979d74 ff88049e61f0f4ef e0269da736ddf004 bd713b37b67866c3 2a06f5614060e3b6
578,03ed286136d7b3cf 3734d3b0b9232538 72b80b099fd64ec4 a292248bb2bffb3d 88b62355670ec8f8 0eb4de784c8dd679 60a070db9f1869b5 f76f44d372517a9a 24e582daf6f87158 a853f13216170123 e25a1da6ca187350 0a79fabc6f5d93c9 4dba7ce835494a63 2394b08708475900 3cb6b40d377e7ca8 f9c6286cff30aaa8 b24820ae14e16a24 1d0f5fdc58e3efb5 c5830f9d0f1e29e5 1fe79c7de59ff6c6 90ecb28f2edb9d43 b05b5f6850cfa158 f49e13a653cbdad2 cc507a0d6fcf4a1c 05e4165a56bf50eb d72363ddd958d906 92f42fbd0c38f7fd 6204e398d8c7f888 83b911ff0ff45844 855f2f0354e102c7
579,aa0789b403bcd839 0c15f252d30646fc ba5199dba342af68 a0b1f4dd32f3e278 0add47a043c64d7f c1f2e3a76d388944 72b80b099fd64ec4 0eb4de784c8dd679 5b4c879fc9c316fb ad06e9eeea8eb4ea 09bbaa171c20bae3 a813c15b46ceaf68 cc507a0d6fcf4a1c 069e7e25e43deab3 c5830f9d0f1e29e5 81bd116c786bf9ae bfb8032f2183d471 ac9ee0c09b538140 8faeacf8ca08f62d feddfcf56818968e 522bd6887960c25d 98dbd15aa33ebc18 f58ff7f1a6cde683 b760ebc5f25788d3 5879096a38d69fc5 393f49286db04aeb edc79e57b20e9036 8fc68213b63951dc 4d7653ea9499eed4 ced9c56f2be86774
580,04fda7c9d8971ec0 b50b4e27b03c7b37 2e44fbb8bc3d8d71 00ff646ca6637bd7 0b774cf90856c4da 26f72a4eb15ea8c0 4b8c7061102517ef 50ba507a268872e1 898a4921ab9f4cce 3986b68500d7704b 3d6880bd12f6613f 18ced18aee04c48e ff88049e61f0f4ef e0269da736ddf004 bd713b37b67866c3 3fa57d488e979d74 fd30682593995748 702d8f1064ab3e30 2a06f5614060e3b6 c28bc62802b90f82 52370bea1acd0600 0bcaac840d5e66d7 9a0f5ee4f845c9b2 4d7653ea9499eed4 734dabb98795c35c 942a7d26d81c841f bd0f175ee98c613e ae94d8435a6847f4 b6d0f83aad4e4dc7 b24820ae14e16a24
581,74e59c5820900b17 2a06f5614060e3b6 e7cad3748e50b0f8 bb7515be835dea49 ffc688c4c1c2a068 f705b637f624147e a9eef13786610446 c08c3765ac609cc0 3fa57d488e979d74 0b0021aa60d05daa 54f55c74d37db3c0 2810fb6f81d1711c dac29ed8400b50cc 8d58da0e1800dc96 702d8f1064ab3e30 6d80d2e62d01f6bc 65fac1ba1840000f e14a893f1918277e e878efab7c37179e d7d937303a6d5a9d f46601a9955f9949 83f8f2fc471cad74 acae1d29289b1266 9269d2b0d877352d 00140806971e7a73 49224aca40e6e5e3 73391e0853c1e040 05f23e7d05dbf7c2 5b34da30b93eb123 b749972436ac9791
582,b29ab87af6ea6310 ffa9091747ae2466 abf90e759d208468 942a7d26d81c841f 7b81f1f2b6ec2e5f 26fc2a95df5659c2 a14394322cf7043d 095bb1b6ecbd0a50 796888cc3443006c 4c3802a1bd3c842e eec6b281e236b500 59bf6d6df9146d60 413c55a5ab86881a 0eafda717681bbdc 1f4f62844c3cb99c 01e5a6edcee7deb0 bed3e73d52011f68 b3e75fdca5ca2f1a 197fa50b30d91fe8 40583079f57235a6 6c017e548aa138f2 64b31699d7d15934 d5805cdb9e8f0f48 b3ad55963554f220 cc861214a89ef1f4 c28bc62802b90f82 955e465ce0788ea6 db7342eff9200020 9100ea6cd0e084bf 2901e5309bb3f8f6
583,0e45c4c185f35df6 95166957b2c38794 e8b87ed7db1bcb1f f25bfcffedaccf28 0451447dd64f6284 59bf6d6df9146d60 393f49286db04aeb 92f42fbd0c38f7fd a860b682add9de1c e6a29676c096f8e8 e403278468d84383 2e031d83339759b2 22756be6fd061d4c 8dedff0a79784abc ae94d8435a6847f4 daa257a37227cd72 27bc34b9887bec0d b6e72edcad270be0 48a76e3aff69d605 da011b87595c1019 4beacc71024f8b08 f105a53e5cfae611 a0566ca9daca7778 636224e349e561bf 57113c2a4cacd961 1d72229ebcc00faf 8699cc5dd4159b69 59c231f8fd21260c 404031ab9d5977c4 18ced18aee04c48e
584,e25a1da6ca187350 0a79fabc6f5d93c9 0e45c4c185f35df6 b05b5f6850cfa158 88b62355670ec8f8 a292248bb2bffb3d 60a070db9f1869b5 4491016efed845f1 42bb83d7c4b9ecae f76f44d372517a9a 24e582daf6f87158 a853f13216170123 43b3338423d7386c 636224e349e561bf d3c4a7db726191e0 172bc0ee09332ae9 8a5635c748344d47 0451447dd64f6284 4dba7ce835494a63 2394b08708475900 3cb6b40d377e7ca8 4577ae048ef1967d 95166957b2c38794 b26d8664feb18c8c 01020d1b0821f4c7 48f93f9c2c699e19 f9c6286cff30aaa8 b24820ae14e16a24 34a62e66e05f9a44 1d0f5fdc58e3efb5
585,29bedd00fb2be056 455fde214d16d350 33856365c271aea4 5989fb934598c1a7 07f22a7ad7e4711d 25a3b47fe31bc6b5 ddb3810e0289c148 387e9cd2e5d4ea7d ebfda3b48083e390 42c9b72cc77dcb28 025a148c3a53bd9f c5830f9d0f1e29e5 7155e5a86136eb02 65708d542bd01f39 57113c2a4cacd961 4d954d933e606b70 095bb1b6ecbd0a50 8643165b0f53df11 3ca7964973437917 eff60ceea8817dad 1f423f368aebf7f3 26fc2a95df5659c2 855f2f0354e102c7 63d95d5977c2fe98 7ee52d2519eea367 44d324ebd3e22ad7 1398b478b71773ed 4d417b203b333363 587e0b2a4811fab1 b6a1c97f19af78d0
586,b8e2f75014710ced 2e44fbb8bc3d8d71 898a4921ab9f4cce 8faeacf8ca08f62d 1dc7139adba034ec 52aa48c07b34dc88 95ecdbff44ad0b60 393f49286db04aeb 07f22a7ad7e4711d 3cb6b40d377e7ca8 8fc68213b63951dc 0eb4de784c8dd679 c1f2e3a76d388944 f9c6286cff30aaa8 0683b6a78f54be75 72b80b099fd64ec4 ad06e9eeea8eb4ea 999a52f1d301247c 587e0b2a4811fab1 f2e30efbd27bee51 47fbe21f5c35c7b4 c5830f9d0f1e29e5 72c2a95813ea72bd 3e8e56f639a5db5b 00e1e2eb13f650e4 52370bea1acd0600 4d7653ea9499eed4 9a0f5ee4f845c9b2 0bcaac840d5e66d7 c28bc62802b90f82
587,49b5678e0d1e5bcd 238ec735a13a3f09 eec6b281e236b500 ee3ed9a3f51336cd 8dc313a2cf9da354 6461a9faa871b3ac d92c0298f76ccf77 db0e648651f4c92b d6ed7e4b14c51296 ae77487a89f2610c 39075e303166355e 4d9214c0925e5af8 bbbd5d2fd957e8f7 35488b3b8b781278 7d83ffe83f61bdc4 d257d1fbcf43abd5 0220a434aa8bf029 5430097e23000368 e36475c1af5ea3ab 9d5edf3b993fee50 9b2adcf4041227d7 42a5cae2a3a45557 976baf0e84752a68 00d9f8d3f7d412b3 83f8aca6ee2caabc 1d72229ebcc00faf e7828f0ea9749505 428f9363fa35882d 6899956cd6c683f0 fd30682593995748
588,fc21db75b354a917 a04d6febd82a4389 d64c06baf5ef1c90 26fc2a95df5659c2 095bb1b6ecbd0a50 a14394322cf7043d 20d283a232dfd13c 4c3802a1bd3c842e bd0f175ee98c613e 46315cf30aaee51c 22756be6fd061d4c 2810fb6f81d1711c 01e5a6edcee7deb0 b3e75fdca5ca2f1a bed3e73d52011f68 1f4f62844c3cb99c 976baf0e84752a68 0688c790d5806540 316382267dcd804f 40583079f57235a6 74244a8703c03720 8f578001f9d5f543 b78189788d563693 00d9f8d3f7d412b3 e228204ae08d1355 7e4a4a1300b77a06 9f4e0d572b1f4e6c 05e4165a56bf50eb a60934e6b473097a 27a12f29dceccdbd
589,22756be6fd061d4c 8df3f13d6af34cb3 47fbe21f5c35c7b4 52370bea1acd0600 4d7653ea9499eed4 9a0f5ee4f845c9b2 0bcaac840d5e66d7 c28bc62802b90f82 702d8f1064ab3e30 8e0cc5199a0ee659 3fa57d488e979d74 ff88049e61f0f4ef e0269da736ddf004 bd713b37b67866c3 fd30682593995748 2a06f5614060e3b6 39f6296778264878 e25a1da6ca187350 3986b68500d7704b e7cad3748e50b0f8 0708923badf2ff5d 734dabb98795c35c 942a7d26d81c841f bd0f175ee98c613e ae94d8435a6847f4 b6d0f83aad4e4dc7 b24820ae14e16a24 bbbd5d2fd957e8f7 4b8c7061102517ef af8e70f978cd5aee
590,49b5678e0d1e5bcd bbbd5d2fd957e8f7 eec6b281e236b500 8dc313a2cf9da354 7d83ffe83f61bdc4 238ec735a13a3f09 d92c0298f76ccf77 db0e648651f4c92b ae77487a89f2610c d6ed7e4b14c51296 39075e303166355e 4d9214c0925e5af8 ee3ed9a3f51336cd 6461a9faa871b3ac 9d5edf3b993fee50 35488b3b8b781278 d257d1fbcf43abd5 0220a434aa8bf029 5430097e23000368 e36475c1af5ea3ab 9b2adcf4041227d7 42a5cae2a3a45557 781f4d0147aef776 4d29c6922b2d0d56 cc507a0d6fcf4a1c 0c2eeab1e4ce1db8 18b1d2d84c97a364 98dbd15aa33ebc18 1efd7bd8a34a1359 b6cdb608f640e038
591,e8b87ed7db1bcb1f f25bfcffedaccf28 59bf6d6df9146d60 393f49286db04aeb daa257a37227cd72 27bc34b9887bec0d 57113c2a4cacd961 d257d1fbcf43abd5 8699cc5dd4159b69 5430097e23000368 18ced18aee04c48e 09bbaa171c20bae3 0bcaac840d5e66d7 c28bc62802b90f82 702d8f1064ab3e30 3986b68500d7704b 9a0f5ee4f845c9b2 ff88049e61f0f4ef e0269da736ddf004 bd713b37b67866c3 fd30682593995748 2a06f5614060e3b6 e25a1da6ca187350 3fa57d488e979d74 bd0f175ee98c613e ae94d8435a6847f4 b6d0f83aad4e4dc7 b24820ae14e16a24 622f2e4119882c94 4b8c7061102517ef
592,d35e11d3d1ab3c67 1efd7bd8a34a1359 522bd6887960c25d 6aefb6531736648a 939a1f686ea36c05 d72363ddd958d906 03ed286136d7b3cf 47fbe21f5c35c7b4 4d7653ea9499eed4 9a0f5ee4f845c9b2 0bcaac840d5e66d7 c28bc62802b90f82 702d8f1064ab3e30 3986b68500d7704b 3fa57d488e979d74 ff88049e61f0f4ef e0269da736ddf004 bd713b37b67866c3 fd30682593995748 2a06f5614060e3b6 39f6296778264878 e25a1da6ca187350 52370bea1acd0600 734dabb98795c35c 942a7d26d81c841f bd0f175ee98c613e ae94d8435a6847f4 b6d0f83aad4e4dc7 b24820ae14e16a24 622f2e4119882c94
593,393f49286db04aeb e8b87ed7db1bcb1f f25bfcffedaccf28 59bf6d6df9146d60 daa257a37227cd72 27bc34b9887bec0d 57113c2a4cacd961 8699cc5dd4159b69 8faeacf8ca08f62d 1dc7139adba034ec 52aa48c07b34dc88 95ecdbff44ad0b60 07f22a7ad7e4711d 3cb6b40d377e7ca8 8fc68213b63951dc 0eb4de784c8dd679 c1f2e3a76d388944 f9c6286cff30aaa8 0683b6a78f54be75 72b80b099fd64ec4 ad06e9eeea8eb4ea 999a52f1d301247c 587e0b2a4811fab1 f2e30efbd27bee51 47fbe21f5c35c7b4 c5830f9d0f1e29e5 72c2a95813ea72bd 3e8e56f639a5db5b 18ced18aee04c48e 0bcaac840d5e66d7
594,3734d3b0b9232538 796888cc3443006c a2805ed52b47b8ec a813c15b46ceaf68 5b4c879fc9c316fb c1f2e3a76d388944 b29ab87af6ea6310 ddb3810e0289c148 7c9248ed6224aa26 0db6584e3bdfa1c4 9b0e8cf8153e3b33 8fc68213b63951dc ffa9091747ae2466 ad06e9eeea8eb4ea 5fb2d8e734956af0 bfb8032f2183d471 5d26da95786b3a3a 8e0760918e88e4a9 ac9ee0c09b538140 ce2fe99a7cda4a17 f29eee8054c061e1 feddfcf56818968e abf90e759d208468 522bd6887960c25d f58ff7f1a6cde683 942a7d26d81c841f 33856365c271aea4 f05fa5f57dc03e81 b760ebc5f25788d3 5879096a38d69fc5
595,796888cc3443006c b29ab87af6ea6310 33856365c271aea4 ffa9091747ae2466 abf90e759d208468 942a7d26d81c841f 7b81f1f2b6ec2e5f 26fc2a95df5659c2 a14394322cf7043d 095bb1b6ecbd0a50 4c3802a1bd3c842e eec6b281e236b500 8fc68213b63951dc 59bf6d6df9146d60 413c55a5ab86881a 0eafda717681bbdc 1f4f62844c3cb99c 01e5a6edcee7deb0 bed3e73d52011f68 b3e75fdca5ca2f1a 197fa50b30d91fe8 40583079f57235a6 6c017e548aa138f2 64b31699d7d15934 d5805cdb9e8f0f48 b3ad55963554f220 0db6584e3bdfa1c4 cc861214a89ef1f4 c28bc62802b90f82 955e465ce0788ea6
596,d72363ddd958d906 03ed286136d7b3cf 09bbaa171c20bae3 18ced18aee04c48e 47fbe21f5c35c7b4 4d7653ea9499eed4 9a0f5ee4f845c9b2 0bcaac840d5e66d7 c28bc62802b90f82 702d8f1064ab3e30 3986b68500d7704b 3fa57d488e979d74 ff88049e61f0f4ef e0269da736ddf004 bd713b37b67866c3 fd30682593995748 2a06f5614060e3b6 39f6296778264878 e25a1da6ca187350 f58ff7f1a6cde683 52370bea1acd0600 0708923badf2ff5d 942a7d26d81c841f bd0f175ee98c613e ae94d8435a6847f4 b6d0f83aad4e4dc7 b24820ae14e16a24 622f2e4119882c94 4b8c7061102517ef c31a456b544a40a8
597,cc507a0d6fcf4a1c c14d5b16840d3032 6a3919ad9ed8197e 3c565c1fc2316d16 00e1e2eb13f650e4 016da874bd04df55 1398b478b71773ed a0b1f4dd32f3e278 b2ee9eea2d974c90 828f5dfbbf1272ee f48d0fbea7dc2782 3e8e56f639a5db5b fd30682593995748 bd713b37b67866c3 e0269da736ddf004 ff88049e61f0f4ef 3fa57d488e979d74 9a0f5ee4f845c9b2 3986b68500d7704b ae94d8435a6847f4 702d8f1064ab3e30 c28bc62802b90f82 0bcaac840d5e66d7 2a06f5614060e3b6 bd0f175ee98c613e 622f2e4119882c94 b24820ae14e16a24 4b8c7061102517ef b6d0f83aad4e4dc7 af8e70f978cd5aee
598,db0e648651f4c92b f6d23cdd2359f7c0 585f4ee09d8fea46 0220a434aa8bf029 dc576af4ae66e25e 9c9ebf71707d7a37 0add47a043c64d7f 919b1679fffa7ef1 5989fb934598c1a7 09bbaa171c20bae3 1f423f368aebf7f3 8e83d05923cde390 204ec91c39d1479d ae000f9d0b5e104e 2e2904c5373734ae 9cf6709de35bf0f3 734dabb98795c35c 4f915ad69e1dca36 8e0cc5199a0ee659 c143c095983a65c2 576dd429db946393 74ae9af23a383bf5 8faeacf8ca08f62d 1dc7139adba034ec 52aa48c07b34dc88 95ecdbff44ad0b60 393f49286db04aeb 07f22a7ad7e4711d 3cb6b40d377e7ca8 8fc68213b63951dc
599,58654e3143c6550b 1c3b74a02a86467d 9b0e8cf8153e3b33 033d905aec273595 366a22fce0614fb8 0683b6a78f54be75 d6bbbd6c4968075a e9c20b67a4c5395f b6a1c97f19af78d0 d1e21234d7cc61d2 b9d966ad9e04127a dea5e9227fbbac29 70ebf53ced736fa4 9f4e0d572b1f4e6c 148ac4a56a18844d 50cb6a6c60ad711a 52aa48c07b34dc88 5f94b027039f4e48 0451447dd64f6284 a76ffccd2f5df1a7 b6e646c13d0753ae 4f2fffd7528de786 da011b87595c1019 3a6e7894dde31c67 7ee52d2519eea367 28a2067685cb3e97 72b80b099fd64ec4 25a3b47fe31bc6b5 3e8e56f639a5db5b b1dcaca98bb76736
600,a60934e6b473097a a04d6febd82a4389 095bb1b6ecbd0a50 26fc2a95df5659c2 a14394322cf7043d 20d283a232dfd13c 4c3802a1bd3c842e bd0f175ee98c613e 46315cf30aaee51c 1f4f62844c3cb99c bed3e73d52011f68 01e5a6edcee7deb0 b3e75fdca5ca2f1a d64c06baf5ef1c90 b78189788d563693 8f578001f9d5f543 2810fb6f81d1711c 18b1d2d84c97a364 7e4a4a1300b77a06 d3c4a7db726191e0 047769588be1aea9 976baf0e84752a68 d7d937303a6d5a9d e878efab7c37179e 0688c790d5806540 316382267dcd804f 40583079f57235a6 c606425856952286 74244a8703c03720 00d9f8d3f7d412b3
