dialogue_id,photo_id
1,4d7653ea9499eed4 e25a1da6ca187350 c5830f9d0f1e29e5 0c2eeab1e4ce1db8 52e459a551d4ac2d f48d0fbea7dc2782 a982b5c3aed39396 5d26da95786b3a3a 0a79fabc6f5d93c9 b6e646c13d0753ae 92f42fbd0c38f7fd a2805ed52b47b8ec f9c6286cff30aaa8 585f4ee09d8fea46 01b3da54ffb158a0 8faeacf8ca08f62d f49e13a653cbdad2 f76f44d372517a9a 66ccd03c9e03ac06 9f3d2ca16f358290 587e0b2a4811fab1 4b29fc21f912754d ec4ef2f727e7a03f 3c565c1fc2316d16 16b11706660177ff eec6b281e236b500 8fc68213b63951dc 855f2f0354e102c7 e22c35101e190db9 d7d937303a6d5a9d
2,0688c790d5806540 0683b6a78f54be75 4dba7ce835494a63 148ac4a56a18844d ebfda3b48083e390 5f94b027039f4e48 58654e3143c6550b 25a3b47fe31bc6b5 1d0f5fdc58e3efb5 4c0eee2c1a5e76e2 a853f13216170123 e740c80fce094788 c143c095983a65c2 666bdff4faa513ca d1e21234d7cc61d2 6899956cd6c683f0 5430097e23000368 ec1b3d7ccd3984d0 f25bfcffedaccf28 4d32dae7b43c489a f76f44d372517a9a 01b3da54ffb158a0 3c565c1fc2316d16 b1dcaca98bb76736 16b11706660177ff ad06e9eeea8eb4ea 3d6880bd12f6613f e25a1da6ca187350 5b4c879fc9c316fb e22c35101e190db9
3,047769588be1aea9 feddfcf56818968e f9c6286cff30aaa8 da011b87595c1019 5430097e23000368 72c2a95813ea72bd 033d905aec273595 5d26da95786b3a3a 0451447dd64f6284 106204cd0e07e1b2 4535ce2e3dced00f c1f2e3a76d388944 e461837f0fb35048 07be6a290720707d a860b682add9de1c a292248bb2bffb3d 96445bec1579ec97 6a3919ad9ed8197e b24820ae14e16a24 5867d40811c0229f ced9c56f2be86774 da7d3c2d591c4295 d1e21234d7cc61d2 0bcaac840d5e66d7 964a50d33717c26d e36475c1af5ea3ab 9fbffc521da97c54 eff60ceea8817dad 781f4d0147aef776 b6cdb608f640e038
4,05e4165a56bf50eb b6cdb608f640e038 b78189788d563693 5dd752753760ced8 8dc313a2cf9da354 453bc79164d57a01 46315cf30aaee51c 3d93a60f990a0a7c 033d905aec273595 27a12f29dceccdbd 4d9214c0925e5af8 238ec735a13a3f09 4d32dae7b43c489a d216e5458ad70e60 b0bfe0f426275870 36d33c41812ce7dc 24e582daf6f87158 c810ac016901e8ac 54a11cbcd7a32af4 d64c06baf5ef1c90 64b31699d7d15934 0b774cf90856c4da 0eb4de784c8dd679 39f6296778264878 7cea1f637ea3f37d 3c565c1fc2316d16 da904d2a54ff8cf2 522bd6887960c25d 9c9a9d45c2ea7ddf 0cd920bad11c716d
5,4d29c6922b2d0d56 9b0e8cf8153e3b33 ad06e9eeea8eb4ea 069e7e25e43deab3 70ebf53ced736fa4 dea5e9227fbbac29 a9223c28b10c131f f105a53e5cfae611 4beacc71024f8b08 c1f2e3a76d388944 430feb4826a5632e 3b4a85bac6ead3c8 bc2ae5f4e5d53e00 a9dad59c7055b56c 5430097e23000368 3fa57d488e979d74 3986b68500d7704b ff88049e61f0f4ef 702d8f1064ab3e30 c28bc62802b90f82 0bcaac840d5e66d7 e0269da736ddf004 9a0f5ee4f845c9b2 4d7653ea9499eed4 bd713b37b67866c3 fd30682593995748 bd0f175ee98c613e ae94d8435a6847f4 b6d0f83aad4e4dc7 b24820ae14e16a24
6,005666aa098abe8e ebfda3b48083e390 0079f3c74309b582 0195950ce0f47e34 9c9a9d45c2ea7ddf 5430097e23000368 a853f13216170123 4dba7ce835494a63 a860b682add9de1c 148ac4a56a18844d 00d9eb862ba3dfc6 0688c790d5806540 ae000f9d0b5e104e 0683b6a78f54be75 4d9214c0925e5af8 5f94b027039f4e48 133b04350c75770b da011b87595c1019 c143c095983a65c2 26140b225c4f8d3f 680bb5c5c3bb6ee1 58654e3143c6550b 25a3b47fe31bc6b5 d46598813fb437e5 bbbd5d2fd957e8f7 52370bea1acd0600 4d7653ea9499eed4 9a0f5ee4f845c9b2 0bcaac840d5e66d7 c28bc62802b90f82
7,e7cad3748e50b0f8 b1dcaca98bb76736 0c15f252d30646fc 8faeacf8ca08f62d 393f49286db04aeb 387e9cd2e5d4ea7d abf90e759d208468 3734d3b0b9232538 f9c6286cff30aaa8 1d0f5fdc58e3efb5 95ecdbff44ad0b60 72403ecdfe02bba6 796888cc3443006c 33856365c271aea4 16b11706660177ff 05f23e7d05dbf7c2 0fbd0f422e926816 b6e646c13d0753ae c5830f9d0f1e29e5 0d0368139e9a647f 73391e0853c1e040 5b16bae6a0de7c88 a2805ed52b47b8ec d46598813fb437e5 f2234bb7ce0c6f59 855f2f0354e102c7 047769588be1aea9 88b62355670ec8f8 6e1b6b53c9710940 77e2f7da1f9d3a8f
8,585f4ee09d8fea46 734dabb98795c35c 04886579947a80c2 2e2904c5373734ae c49d8f84a4f87f8a 72c2a95813ea72bd 892074f7c1ef5d5e c143c095983a65c2 3b4a85bac6ead3c8 19b4014943e0ad92 0079f3c74309b582 3986b68500d7704b 00d9eb862ba3dfc6 013030fd7d29bf3d 428f9363fa35882d 765c0695339c3abe dc576af4ae66e25e 18ced18aee04c48e 6aefb6531736648a f54ad8d1eb18212e 919b1679fffa7ef1 ce8cb4351b8c0f6e 63d509cd2a2e0e47 07be6a290720707d 9ab90dfc5c9b0b37 e8ad5e31484ef889 83f5a9732f0de67f 4f31209941bb05fc 680bb5c5c3bb6ee1 e7dd56376be2cf1c
9,af8e70f978cd5aee cc861214a89ef1f4 6cb9ab508a0678a0 22e8d6734e4121ae fab14d178b24a67f 4105533fe46dfba9 d64c06baf5ef1c90 ecb768ef6fd223ca 18b1d2d84c97a364 7e4a4a1300b77a06 64267373570e4ea3 e7828f0ea9749505 cba7e22bb383083a 059bbdbdb843af6a bd0f175ee98c613e e228204ae08d1355 781aaf62a955e4e8 8dc313a2cf9da354 5057551fc55e9ed2 40583079f57235a6 83f8aca6ee2caabc 36d33c41812ce7dc 316382267dcd804f c810ac016901e8ac 2dd12c230ab22555 7cea1f637ea3f37d 0cd920bad11c716d 055d895a3b26e466 00ff646ca6637bd7 f28fb3d9880c5d4c
10,33856365c271aea4 63d95d5977c2fe98 26140b225c4f8d3f 46b99f864d6a075a 07d688f5e2142b87 01b3da54ffb158a0 796888cc3443006c 061f3e1feeaa3094 b26d8664feb18c8c b05b5f6850cfa158 a04d6febd82a4389 54a11cbcd7a32af4 73391e0853c1e040 e1460af4a7044067 b69ce8b8154645f8 fb2ebcb5335ad2e2 25145708d494530b ec1b3d7ccd3984d0 72403ecdfe02bba6 b6cdb608f640e038 dc12cc503ac0eddb abf90e759d208468 f25bfcffedaccf28 01020d1b0821f4c7 a14394322cf7043d 95d25d38ba7df9c7 22dc81380cf4baec acae1d29289b1266 eab15ee21e126f6a 64b31699d7d15934
11,18ced18aee04c48e 922e625fae98b3b9 49224aca40e6e5e3 25a3b47fe31bc6b5 28a2067685cb3e97 66ccd03c9e03ac06 7ee52d2519eea367 d46598813fb437e5 387e9cd2e5d4ea7d cc0c9419f8a20603 10ad13170242ecae 00d9eb862ba3dfc6 b05b5f6850cfa158 0eedb1a0d3b8ddae 00e1e2eb13f650e4 128d583954b18074 d73a65673e3f1d78 4d7653ea9499eed4 2a06f5614060e3b6 9a0f5ee4f845c9b2 bd713b37b67866c3 0bcaac840d5e66d7 c28bc62802b90f82 52370bea1acd0600 702d8f1064ab3e30 3986b68500d7704b ff88049e61f0f4ef 3fa57d488e979d74 e0269da736ddf004 942a7d26d81c841f
12,f25bfcffedaccf28 48a76e3aff69d605 29bedd00fb2be056 dc12cc503ac0eddb a860b682add9de1c 57113c2a4cacd961 9b2adcf4041227d7 9c9a9d45c2ea7ddf 0e45c4c185f35df6 b6e72edcad270be0 59c231f8fd21260c 95166957b2c38794 f1a3b8b13e9401c0 10ad13170242ecae c1f2e3a76d388944 54a11cbcd7a32af4 24e582daf6f87158 b84b6c0b2e4d0306 6a3919ad9ed8197e 4d32dae7b43c489a 366a22fce0614fb8 34a62e66e05f9a44 3c565c1fc2316d16 b2ee9eea2d974c90 d5952b2e031c4e7e 828f5dfbbf1272ee a0b1f4dd32f3e278 f48d0fbea7dc2782 81b639b74256b45b 0db6584e3bdfa1c4
13,6899956cd6c683f0 964a50d33717c26d af41e2b6da3e7e02 ddb3810e0289c148 7eec211cc37a1b05 bd713b37b67866c3 dc17b07476183764 395b26d91f98bd92 8643165b0f53df11 1f423f368aebf7f3 00958a140c3a6de8 447fc00f40d71d08 106204cd0e07e1b2 d0f6c00eec5eb973 52aa48c07b34dc88 01b3da54ffb158a0 5d26da95786b3a3a 74ae9af23a383bf5 0b0021aa60d05daa 8e0cc5199a0ee659 2b48ab08c915c0ad 64267373570e4ea3 ae000f9d0b5e104e 455fde214d16d350 404031ab9d5977c4 cb3e4ce97e7f2881 576dd429db946393 72c2a95813ea72bd 0add47a043c64d7f 29bedd00fb2be056
14,01b3da54ffb158a0 4d32dae7b43c489a 65ad9c583823162d 061f3e1feeaa3094 d7d937303a6d5a9d dc12cc503ac0eddb a65e30106ea50423 88b62355670ec8f8 65708d542bd01f39 fa173131f15f5534 01e5a6edcee7deb0 22756be6fd061d4c a5d5ba33b5b1dc95 0772e3ab293a1f30 0647acc4602d4e8f 29968e8fd13539f8 bc2ae5f4e5d53e00 f49e13a653cbdad2 43b3338423d7386c 1c3b74a02a86467d f209d29f991432f0 3e8e56f639a5db5b 1efd7bd8a34a1359 4e966bb2768c2b8a e6a29676c096f8e8 99e833818ec4bbf2 40583079f57235a6 87c5481930cfe126 455fde214d16d350 95166957b2c38794
15,238de368bb05c0ec 24e582daf6f87158 4d32dae7b43c489a 3c565c1fc2316d16 393f49286db04aeb dc17b07476183764 f48d0fbea7dc2782 8faeacf8ca08f62d 0708923badf2ff5d 81b639b74256b45b 0db6584e3bdfa1c4 24c47959ea77b15b a860b682add9de1c 3b6d27775fce1c7b 0f4c71d341e2d939 bd713b37b67866c3 64b31699d7d15934 cea18be9a89d7a81 a60934e6b473097a 172bc0ee09332ae9 522bd6887960c25d 47fbe21f5c35c7b4 c015590d6a6fe833 a76ffccd2f5df1a7 4d954d933e606b70 54a11cbcd7a32af4 5897953fdf87b60f 4b29fc21f912754d 52370bea1acd0600 0e45c4c185f35df6
16,b05b5f6850cfa158 c03b11a0cdc3fa39 9c9a9d45c2ea7ddf 1d0f5fdc58e3efb5 f05fa5f57dc03e81 e36475c1af5ea3ab 0e45c4c185f35df6 61ba7707ef6a5a99 877672967d3f70bb 5b34da30b93eb123 65fac1ba1840000f db69d4cbfef8d22f b749972436ac9791 955e465ce0788ea6 f705b637f624147e e7cad3748e50b0f8 f2234bb7ce0c6f59 f46601a9955f9949 f25bfcffedaccf28 622f2e4119882c94 0fbd0f422e926816 cc0c9419f8a20603 74e59c5820900b17 8d58da0e1800dc96 316382267dcd804f 5430097e23000368 05f23e7d05dbf7c2 2a06f5614060e3b6 acae1d29289b1266 b6d0f83aad4e4dc7
17,a65e30106ea50423 74244a8703c03720 430feb4826a5632e 73f770f2643a2135 58654e3143c6550b 1c3b74a02a86467d ced9c56f2be86774 8566d15270eb5e83 4d29c6922b2d0d56 ae94d8435a6847f4 b8e2f75014710ced 3734d3b0b9232538 447fc00f40d71d08 bd713b37b67866c3 6406fcdb7d87b5dc a04d6febd82a4389 702d8f1064ab3e30 ad06e9eeea8eb4ea 4bed80e56ea2e099 e7cad3748e50b0f8 f48d0fbea7dc2782 3e8e56f639a5db5b 6a3919ad9ed8197e f58ff7f1a6cde683 8df3f13d6af34cb3 acae1d29289b1266 46b99f864d6a075a c015590d6a6fe833 e7828f0ea9749505 b6e72edcad270be0
18,8faeacf8ca08f62d 1d0f5fdc58e3efb5 95ecdbff44ad0b60 b1dcaca98bb76736 ad06e9eeea8eb4ea 5b4c879fc9c316fb 393f49286db04aeb f9c6286cff30aaa8 c1f2e3a76d388944 c36c2dce0e6e434f 587e0b2a4811fab1 e1460af4a7044067 8699cc5dd4159b69 47fbe21f5c35c7b4 1dc7139adba034ec ce2fe99a7cda4a17 f2e30efbd27bee51 97d696011258825c 999a52f1d301247c dc17b07476183764 486dd77002936dec 3b4a85bac6ead3c8 0195950ce0f47e34 00d9eb862ba3dfc6 6899956cd6c683f0 a853f13216170123 0eedb1a0d3b8ddae ec1b3d7ccd3984d0 f25bfcffedaccf28 4d32dae7b43c489a
19,8566d15270eb5e83 8faeacf8ca08f62d 24e582daf6f87158 393f49286db04aeb 4d32dae7b43c489a 47fbe21f5c35c7b4 4b29fc21f912754d 3c565c1fc2316d16 1dc7139adba034ec 4f915ad69e1dca36 999a52f1d301247c f48d0fbea7dc2782 81b639b74256b45b 0db6584e3bdfa1c4 24c47959ea77b15b a860b682add9de1c 3b6d27775fce1c7b 0f4c71d341e2d939 bd713b37b67866c3 64b31699d7d15934 cea18be9a89d7a81 a60934e6b473097a 172bc0ee09332ae9 522bd6887960c25d c015590d6a6fe833 1d0f5fdc58e3efb5 95ecdbff44ad0b60 a76ffccd2f5df1a7 4d954d933e606b70 54a11cbcd7a32af4
20,b1dcaca98bb76736 a76ffccd2f5df1a7 855f2f0354e102c7 88b62355670ec8f8 a853f13216170123 70ebf53ced736fa4 e7cad3748e50b0f8 d1e21234d7cc61d2 77e2f7da1f9d3a8f 377c1150c781e37a e0269da736ddf004 5dd752753760ced8 8a5635c748344d47 520ec719078be07c edc79e57b20e9036 dea5e9227fbbac29 5f94b027039f4e48 da011b87595c1019 666bdff4faa513ca 9f4e0d572b1f4e6c a492bd402afd5c71 3c565c1fc2316d16 0683b6a78f54be75 5b4c879fc9c316fb 2e031d83339759b2 f48d0fbea7dc2782 96445bec1579ec97 486dd77002936dec 1d0f5fdc58e3efb5 5867d40811c0229f
21,0bcaac840d5e66d7 ce2fe99a7cda4a17 b1dcaca98bb76736 8643165b0f53df11 0897dcfae16e280f 8699cc5dd4159b69 964a50d33717c26d feddfcf56818968e a2805ed52b47b8ec 27bc34b9887bec0d 5867d40811c0229f 4491016efed845f1 0db6584e3bdfa1c4 ddf332f2b55a2a23 b6a1c97f19af78d0 6a3919ad9ed8197e 50806199c80e215c 0e45c4c185f35df6 285657fcdf89f00d f44f74b3451aa593 e4a7a996ed6a5a81 60a070db9f1869b5 2e4b00c01d58e79e 96445bec1579ec97 83b911ff0ff45844 5c8c6d9a1fd4c1e0 25145708d494530b 4bed80e56ea2e099 3e66b4855d0dddbe 9fbffc521da97c54
22,00ff646ca6637bd7 f28fb3d9880c5d4c fc8971756f9ec194 42c9b72cc77dcb28 6cb9ab508a0678a0 351c9da399c2b915 b8e2f75014710ced 2e44fbb8bc3d8d71 a677c3a76055a6d2 b0b5e62a93a2c37c 2bafd15871caae91 120e745e2961b5d5 2dd12c230ab22555 37001ade0df85823 0c2eeab1e4ce1db8 354d7a327bbcc152 6a3919ad9ed8197e 576dd429db946393 b0e254dd420faee3 00af886180e9eaec 5048a37f10cf2d91 9a439fd1abf95245 9f27aa36c1ea793c 128d583954b18074 d73a65673e3f1d78 3986b68500d7704b 702d8f1064ab3e30 522bd6887960c25d c28bc62802b90f82 0bcaac840d5e66d7
23,5430097e23000368 0683b6a78f54be75 5dd752753760ced8 ae77487a89f2610c db0e648651f4c92b 35488b3b8b781278 f2e30efbd27bee51 49b5678e0d1e5bcd bbbd5d2fd957e8f7 d257d1fbcf43abd5 7d83ffe83f61bdc4 765c0695339c3abe 8dc313a2cf9da354 f76f44d372517a9a db69d4cbfef8d22f 3734d3b0b9232538 4d9214c0925e5af8 9c9a9d45c2ea7ddf 7e4a4a1300b77a06 a492bd402afd5c71 9cf6709de35bf0f3 81b639b74256b45b 42a5cae2a3a45557 ee3ed9a3f51336cd 6461a9faa871b3ac f6d23cdd2359f7c0 9d5edf3b993fee50 d92c0298f76ccf77 0708923badf2ff5d 4d32dae7b43c489a
24,197fa50b30d91fe8 24e582daf6f87158 26fc2a95df5659c2 4d32dae7b43c489a 3c565c1fc2316d16 6d80d2e62d01f6bc f48d0fbea7dc2782 2901e5309bb3f8f6 0708923badf2ff5d 81b639b74256b45b 0db6584e3bdfa1c4 24c47959ea77b15b a860b682add9de1c 3b6d27775fce1c7b 0f4c71d341e2d939 bd713b37b67866c3 64b31699d7d15934 0451447dd64f6284 cea18be9a89d7a81 a60934e6b473097a 172bc0ee09332ae9 522bd6887960c25d 393f49286db04aeb c015590d6a6fe833 c49d8f84a4f87f8a e14a893f1918277e a76ffccd2f5df1a7 4d954d933e606b70 54a11cbcd7a32af4 5897953fdf87b60f
25,c96049ed915ced0a 0079f3c74309b582 b6e646c13d0753ae c5830f9d0f1e29e5 a2805ed52b47b8ec 734dabb98795c35c 0eb4de784c8dd679 4b29fc21f912754d 2e2904c5373734ae 8faeacf8ca08f62d c49d8f84a4f87f8a 1d0f5fdc58e3efb5 95ecdbff44ad0b60 72c2a95813ea72bd 892074f7c1ef5d5e c143c095983a65c2 585f4ee09d8fea46 19b4014943e0ad92 3986b68500d7704b 00d9eb862ba3dfc6 013030fd7d29bf3d 428f9363fa35882d 765c0695339c3abe b1dcaca98bb76736 dc576af4ae66e25e 18ced18aee04c48e 6aefb6531736648a 393f49286db04aeb f54ad8d1eb18212e f9c6286cff30aaa8
26,430feb4826a5632e 73f770f2643a2135 74244a8703c03720 ae94d8435a6847f4 bd713b37b67866c3 a04d6febd82a4389 702d8f1064ab3e30 ad06e9eeea8eb4ea 6a3919ad9ed8197e f58ff7f1a6cde683 acae1d29289b1266 b8e2f75014710ced 24e582daf6f87158 4d32dae7b43c489a c11b97f245a9dfd0 d46598813fb437e5 3c565c1fc2316d16 393f49286db04aeb f48d0fbea7dc2782 8faeacf8ca08f62d 81b639b74256b45b 0db6584e3bdfa1c4 24c47959ea77b15b a860b682add9de1c 3b6d27775fce1c7b 0f4c71d341e2d939 64b31699d7d15934 cea18be9a89d7a81 a60934e6b473097a 172bc0ee09332ae9
27,c14d5b16840d3032 9100ea6cd0e084bf 2bafd15871caae91 9a439fd1abf95245 0897dcfae16e280f f05fa5f57dc03e81 0bcaac840d5e66d7 e36475c1af5ea3ab 047769588be1aea9 8df3f13d6af34cb3 b6a1c97f19af78d0 00958a140c3a6de8 537a55eda51a3f60 ddf332f2b55a2a23 01b3da54ffb158a0 52aa48c07b34dc88 a292248bb2bffb3d a14394322cf7043d 64907c4568244eb4 bd0f175ee98c613e f58ff7f1a6cde683 0b0021aa60d05daa 9c9a9d45c2ea7ddf d72363ddd958d906 b6cdb608f640e038 285657fcdf89f00d f29eee8054c061e1 666bdff4faa513ca b3e75fdca5ca2f1a 2b48ab08c915c0ad
28,52e459a551d4ac2d da904d2a54ff8cf2 d6ed7e4b14c51296 af8e70f978cd5aee 976baf0e84752a68 00958a140c3a6de8 49b5678e0d1e5bcd 6461a9faa871b3ac 453bc79164d57a01 9b2adcf4041227d7 7cea1f637ea3f37d 3d93a60f990a0a7c 9c9a9d45c2ea7ddf 2b48ab08c915c0ad e7828f0ea9749505 74244a8703c03720 4b8c7061102517ef 238ec735a13a3f09 ecb768ef6fd223ca 36d33c41812ce7dc 4483bbdd3241f11a b78189788d563693 c810ac016901e8ac 61ba7707ef6a5a99 d72363ddd958d906 d64c06baf5ef1c90 047769588be1aea9 4d9214c0925e5af8 0eb4de784c8dd679 190ab585fd379f0f
29,9b0e8cf8153e3b33 4d29c6922b2d0d56 e9c20b67a4c5395f 069e7e25e43deab3 5430097e23000368 72c2a95813ea72bd f9c6286cff30aaa8 033d905aec273595 98dbd15aa33ebc18 c143c095983a65c2 3b6d27775fce1c7b 587e0b2a4811fab1 1d0f5fdc58e3efb5 8dedff0a79784abc f25bfcffedaccf28 d257d1fbcf43abd5 148ac4a56a18844d d6bbbd6c4968075a 58654e3143c6550b b6e646c13d0753ae b6a1c97f19af78d0 da011b87595c1019 ebfda3b48083e390 c015590d6a6fe833 ad06e9eeea8eb4ea 4f915ad69e1dca36 4535ce2e3dced00f 25a3b47fe31bc6b5 3a6e7894dde31c67 24e582daf6f87158
30,40583079f57235a6 64b31699d7d15934 393f49286db04aeb 0eafda717681bbdc 0db6584e3bdfa1c4 c03b11a0cdc3fa39 a04d6febd82a4389 54a11cbcd7a32af4 b3ad55963554f220 095bb1b6ecbd0a50 a292248bb2bffb3d 01b3da54ffb158a0 d5805cdb9e8f0f48 c28bc62802b90f82 522bd6887960c25d a52df8083c238c46 6c017e548aa138f2 bb7515be835dea49 c015590d6a6fe833 22dc81380cf4baec 061f3e1feeaa3094 4d32dae7b43c489a 33856365c271aea4 b26d8664feb18c8c 9fda36f260eec24e e1460af4a7044067 ec1b3d7ccd3984d0 42bb83d7c4b9ecae b9d966ad9e04127a 54f55c74d37db3c0
31,5b4c879fc9c316fb 3c565c1fc2316d16 f48d0fbea7dc2782 4b29fc21f912754d 24c47959ea77b15b 48f93f9c2c699e19 0f4c71d341e2d939 4f2fffd7528de786 0eb4de784c8dd679 a853f13216170123 cc507a0d6fcf4a1c cea18be9a89d7a81 172bc0ee09332ae9 666bdff4faa513ca 999a52f1d301247c 8abe670908f12614 0195950ce0f47e34 a76ffccd2f5df1a7 4d954d933e606b70 7155e5a86136eb02 07f22a7ad7e4711d ddf332f2b55a2a23 b6e72edcad270be0 3e66b4855d0dddbe 12af6a34778710db 2e031d83339759b2 486dd77002936dec ec1b3d7ccd3984d0 39f6296778264878 238de368bb05c0ec
32,3d93a60f990a0a7c 40583079f57235a6 b3ad55963554f220 d5805cdb9e8f0f48 64b31699d7d15934 0eafda717681bbdc a52df8083c238c46 7b81f1f2b6ec2e5f 1f4f62844c3cb99c 413c55a5ab86881a 942a7d26d81c841f c28bc62802b90f82 197fa50b30d91fe8 cc861214a89ef1f4 d46598813fb437e5 0db6584e3bdfa1c4 2e44fbb8bc3d8d71 2901e5309bb3f8f6 095bb1b6ecbd0a50 a292248bb2bffb3d 528161039994b4dc daa257a37227cd72 0451447dd64f6284 6c017e548aa138f2 eec6b281e236b500 8fc68213b63951dc bb7515be835dea49 a813c15b46ceaf68 20d283a232dfd13c 393f49286db04aeb
33,5c4b7558c942a224 047769588be1aea9 e6a29676c096f8e8 4beacc71024f8b08 ae94d8435a6847f4 a0566ca9daca7778 59c231f8fd21260c 404031ab9d5977c4 c1f2e3a76d388944 d216e5458ad70e60 0451447dd64f6284 0e45c4c185f35df6 b6e72edcad270be0 48a76e3aff69d605 ec4ef2f727e7a03f d63b7f083330247f 2e031d83339759b2 9b0e8cf8153e3b33 da011b87595c1019 3ca7964973437917 e8684734f2e587bd bf973f9ec3600199 60a070db9f1869b5 f105a53e5cfae611 8a5635c748344d47 8dedff0a79784abc 95166957b2c38794 b6e646c13d0753ae d5952b2e031c4e7e 8bf446c0455e3c5c
34,8faeacf8ca08f62d 4d32dae7b43c489a b1dcaca98bb76736 1d0f5fdc58e3efb5 95ecdbff44ad0b60 88b62355670ec8f8 393f49286db04aeb b6e646c13d0753ae c5830f9d0f1e29e5 24e582daf6f87158 a2805ed52b47b8ec 4b29fc21f912754d 1dc7139adba034ec 4f915ad69e1dca36 01b3da54ffb158a0 ad06e9eeea8eb4ea 999a52f1d301247c 5b4c879fc9c316fb 47fbe21f5c35c7b4 c1f2e3a76d388944 d7d937303a6d5a9d 65ad9c583823162d 3e8e56f639a5db5b a65e30106ea50423 c36c2dce0e6e434f 3c565c1fc2316d16 587e0b2a4811fab1 3b4a85bac6ead3c8 8699cc5dd4159b69 855f2f0354e102c7
35,f25bfcffedaccf28 16b11706660177ff feddfcf56818968e 72b80b099fd64ec4 7f95168400948588 a0566ca9daca7778 b05b5f6850cfa158 6899956cd6c683f0 b84b6c0b2e4d0306 0add47a043c64d7f ac9ee0c09b538140 45bd99d5d2eef776 92f42fbd0c38f7fd a2805ed52b47b8ec 1d72229ebcc00faf cc0c9419f8a20603 c11b97f245a9dfd0 52aa48c07b34dc88 ca43e349133fc0e3 19e8f436d4b2fc25 5547f9f1638ac345 6e239f4dd4b6aed7 da904d2a54ff8cf2 43c354dbf952caaa c1f2e3a76d388944 2cebd52b41930f0a 666bdff4faa513ca 5d26da95786b3a3a 29bedd00fb2be056 055d895a3b26e466
36,6204e398d8c7f888 2e4b00c01d58e79e bfb8032f2183d471 7c98dedd223b36c0 4577ae048ef1967d 57113c2a4cacd961 4bed80e56ea2e099 050544c040f46152 b2ee9eea2d974c90 bee46c54461925d0 83f8f2fc471cad74 4535ce2e3dced00f 8643165b0f53df11 419b5dc40744fb9b 0195950ce0f47e34 c28bc62802b90f82 0bcaac840d5e66d7 4d7653ea9499eed4 9a0f5ee4f845c9b2 702d8f1064ab3e30 52370bea1acd0600 3fa57d488e979d74 ff88049e61f0f4ef e0269da736ddf004 bd713b37b67866c3 fd30682593995748 39f6296778264878 3986b68500d7704b 734dabb98795c35c bd0f175ee98c613e
37,4dba7ce835494a63 148ac4a56a18844d 0688c790d5806540 ebfda3b48083e390 0683b6a78f54be75 5f94b027039f4e48 58654e3143c6550b 25a3b47fe31bc6b5 3b4a85bac6ead3c8 fa173131f15f5534 bc2ae5f4e5d53e00 a9dad59c7055b56c b84b6c0b2e4d0306 430feb4826a5632e 6a3919ad9ed8197e 366a22fce0614fb8 54a11cbcd7a32af4 f1a3b8b13e9401c0 34a62e66e05f9a44 b2ee9eea2d974c90 d5952b2e031c4e7e 828f5dfbbf1272ee a0b1f4dd32f3e278 6899956cd6c683f0 a853f13216170123 d1e21234d7cc61d2 3e8e56f639a5db5b a292248bb2bffb3d ec1b3d7ccd3984d0 f25bfcffedaccf28
38,5048a37f10cf2d91 c015590d6a6fe833 9fda36f260eec24e 6a3919ad9ed8197e 8dedff0a79784abc c143c095983a65c2 d257d1fbcf43abd5 e9c20b67a4c5395f 58654e3143c6550b b6a1c97f19af78d0 576dd429db946393 ebfda3b48083e390 d6bbbd6c4968075a 9b0e8cf8153e3b33 b0e254dd420faee3 4f915ad69e1dca36 b6e646c13d0753ae 98dbd15aa33ebc18 3a6e7894dde31c67 f25bfcffedaccf28 5430097e23000368 fa173131f15f5534 35488b3b8b781278 25a3b47fe31bc6b5 ad06e9eeea8eb4ea 24e582daf6f87158 3b6d27775fce1c7b 70ebf53ced736fa4 587e0b2a4811fab1 40583079f57235a6
39,e1460af4a7044067 7f29daa16b9b4cda 9ab90dfc5c9b0b37 892074f7c1ef5d5e ce8cb4351b8c0f6e d16da1fb61813db9 781aaf62a955e4e8 10ad13170242ecae 04886579947a80c2 fc16a50ff0baec53 34a62e66e05f9a44 4b29fc21f912754d 680bb5c5c3bb6ee1 19e8f436d4b2fc25 919b1679fffa7ef1 c606425856952286 796888cc3443006c 22dc81380cf4baec 28403e62105b00f6 ce0f56b7190c268a 0451447dd64f6284 acae1d29289b1266 148ac4a56a18844d a9dad59c7055b56c 65708d542bd01f39 486dd77002936dec 8700059e85433b32 f6d23cdd2359f7c0 6a9aa1bd93e36e66 ac9ee0c09b538140
40,74ae9af23a383bf5 ae000f9d0b5e104e 1f423f368aebf7f3 576dd429db946393 8e0cc5199a0ee659 204ec91c39d1479d b69ce8b8154645f8 5b4c879fc9c316fb 0f4c71d341e2d939 4d954d933e606b70 f209d29f991432f0 ac9ee0c09b538140 c5830f9d0f1e29e5 1efd7bd8a34a1359 8643165b0f53df11 828f5dfbbf1272ee 83f8f2fc471cad74 c03b11a0cdc3fa39 2e4b00c01d58e79e b84b6c0b2e4d0306 6a3919ad9ed8197e 2e031d83339759b2 00e1e2eb13f650e4 377c1150c781e37a 34a62e66e05f9a44 050544c040f46152 b2ee9eea2d974c90 a982b5c3aed39396 939a1f686ea36c05 f05fa5f57dc03e81
41,0f33ce8d8014f308 3a6e7894dde31c67 cc0c9419f8a20603 0451447dd64f6284 35488b3b8b781278 43c354dbf952caaa 5430097e23000368 0683b6a78f54be75 3b6d27775fce1c7b 8dedff0a79784abc c143c095983a65c2 d257d1fbcf43abd5 24e582daf6f87158 e9c20b67a4c5395f 9b0e8cf8153e3b33 4f915ad69e1dca36 52370bea1acd0600 ba5199dba342af68 b6a1c97f19af78d0 c015590d6a6fe833 50cb6a6c60ad711a 1d0f5fdc58e3efb5 285657fcdf89f00d ae77487a89f2610c 7c8324ce28ffb96e a492bd402afd5c71 28a2067685cb3e97 db0e648651f4c92b c11b97f245a9dfd0 98dbd15aa33ebc18
42,a982b5c3aed39396 4beacc71024f8b08 5c4b7558c942a224 95166957b2c38794 3d93a60f990a0a7c 7e4a4a1300b77a06 5057551fc55e9ed2 453bc79164d57a01 238ec735a13a3f09 83f8aca6ee2caabc 36d33c41812ce7dc c810ac016901e8ac 5430097e23000368 a1314cd417504572 2bafd15871caae91 d72363ddd958d906 d64c06baf5ef1c90 2dd12c230ab22555 da904d2a54ff8cf2 e7828f0ea9749505 f28fb3d9880c5d4c cc861214a89ef1f4 0c2eeab1e4ce1db8 42c9b72cc77dcb28 00d9f8d3f7d412b3 9b2adcf4041227d7 22e8d6734e4121ae b8e2f75014710ced ae77487a89f2610c d6ed7e4b14c51296
43,351c9da399c2b915 f28fb3d9880c5d4c 2e44fbb8bc3d8d71 fc8971756f9ec194 42c9b72cc77dcb28 2bafd15871caae91 a677c3a76055a6d2 2dd12c230ab22555 27a12f29dceccdbd 0c2eeab1e4ce1db8 00ff646ca6637bd7 016da874bd04df55 74244a8703c03720 83f8aca6ee2caabc a14394322cf7043d 36d33c41812ce7dc 4c3802a1bd3c842e c810ac016901e8ac 025a148c3a53bd9f 316382267dcd804f d64c06baf5ef1c90 18b1d2d84c97a364 453bc79164d57a01 bf3ccaba4a3450a8 b0b5e62a93a2c37c 047769588be1aea9 39f6296778264878 5570ef88d970e9b4 c606425856952286 853e36b1550c6274
44,c11b97f245a9dfd0 0eedb1a0d3b8ddae bbbd5d2fd957e8f7 47fbe21f5c35c7b4 52370bea1acd0600 4d7653ea9499eed4 9a0f5ee4f845c9b2 0bcaac840d5e66d7 c28bc62802b90f82 3986b68500d7704b 3fa57d488e979d74 ff88049e61f0f4ef e0269da736ddf004 bd713b37b67866c3 fd30682593995748 2a06f5614060e3b6 39f6296778264878 c31a456b544a40a8 702d8f1064ab3e30 e7cad3748e50b0f8 0708923badf2ff5d 734dabb98795c35c 942a7d26d81c841f bd0f175ee98c613e ae94d8435a6847f4 b6d0f83aad4e4dc7 b24820ae14e16a24 e25a1da6ca187350 4b8c7061102517ef af8e70f978cd5aee
45,72403ecdfe02bba6 73391e0853c1e040 05f23e7d05dbf7c2 33856365c271aea4 0fbd0f422e926816 0d0368139e9a647f 5b16bae6a0de7c88 63d95d5977c2fe98 46b99f864d6a075a 796888cc3443006c f2234bb7ce0c6f59 387e9cd2e5d4ea7d 01020d1b0821f4c7 abf90e759d208468 d35e11d3d1ab3c67 09660f466b38b7ba 70776cdd9bb3b7d4 c015590d6a6fe833 b69ce8b8154645f8 316382267dcd804f 26fc2a95df5659c2 b6d0f83aad4e4dc7 a14394322cf7043d f58ff7f1a6cde683 9d5edf3b993fee50 54a11cbcd7a32af4 5a1149fbcbd37376 01b3da54ffb158a0 e7cad3748e50b0f8 b749972436ac9791
46,50806199c80e215c d257d1fbcf43abd5 26140b225c4f8d3f 538c7bb968b2154c acf5cb026b3c4551 5430097e23000368 b6a1c97f19af78d0 35488b3b8b781278 0683b6a78f54be75 4d32dae7b43c489a 16b11706660177ff 3d6880bd12f6613f 5b4c879fc9c316fb d7d937303a6d5a9d 24e582daf6f87158 ca4de5b8a7bda9df 0db6584e3bdfa1c4 5c8c6d9a1fd4c1e0 25145708d494530b d3c4a7db726191e0 0a79fabc6f5d93c9 4f2fffd7528de786 1a05ef8c93af8eed de8e1345e8c305c4 03dfe518713e006c f44f74b3451aa593 e8684734f2e587bd 0f33ce8d8014f308 e4a7a996ed6a5a81 061f3e1feeaa3094
47,d1e21234d7cc61d2 8643165b0f53df11 27bc34b9887bec0d ce2fe99a7cda4a17 64c2e323906b42d3 e8b87ed7db1bcb1f 50806199c80e215c 0bcaac840d5e66d7 964a50d33717c26d 83b911ff0ff45844 b1dcaca98bb76736 404031ab9d5977c4 f2e30efbd27bee51 9c9ebf71707d7a37 29bedd00fb2be056 2e4b00c01d58e79e feddfcf56818968e db0e648651f4c92b 49b5678e0d1e5bcd 5d26da95786b3a3a 2359719a0f40ffac 0c15f252d30646fc 4bed80e56ea2e099 238de368bb05c0ec 106204cd0e07e1b2 a2805ed52b47b8ec 0220a434aa8bf029 c1f2e3a76d388944 5989fb934598c1a7 f6d23cdd2359f7c0
48,99e833818ec4bbf2 4e966bb2768c2b8a 88b62355670ec8f8 419b5dc40744fb9b f209d29f991432f0 97d696011258825c f49e13a653cbdad2 22dc81380cf4baec 01e5a6edcee7deb0 fa173131f15f5534 3e8e56f639a5db5b 43b3338423d7386c b05b5f6850cfa158 eff60ceea8817dad 4d32dae7b43c489a d16da1fb61813db9 4b05967001421eab 01b3da54ffb158a0 bb7515be835dea49 d7d937303a6d5a9d ce0f56b7190c268a e1460af4a7044067 65ad9c583823162d a65e30106ea50423 4d7653ea9499eed4 e4a7a996ed6a5a81 4d29c6922b2d0d56 3b6d27775fce1c7b dc12cc503ac0eddb d3c4a7db726191e0
49,395b26d91f98bd92 45630e1451157ff3 7c8324ce28ffb96e 4d7653ea9499eed4 238de368bb05c0ec c1f2e3a76d388944 24e582daf6f87158 0eedb1a0d3b8ddae b05b5f6850cfa158 4d32dae7b43c489a 3c565c1fc2316d16 393f49286db04aeb f48d0fbea7dc2782 8faeacf8ca08f62d 81b639b74256b45b 0db6584e3bdfa1c4 24c47959ea77b15b a860b682add9de1c 3b6d27775fce1c7b 0f4c71d341e2d939 bd713b37b67866c3 64b31699d7d15934 cea18be9a89d7a81 a60934e6b473097a 172bc0ee09332ae9 522bd6887960c25d 47fbe21f5c35c7b4 c015590d6a6fe833 a76ffccd2f5df1a7 4d954d933e606b70
50,4535ce2e3dced00f 4f31209941bb05fc f9c6286cff30aaa8 047769588be1aea9 c015590d6a6fe833 5430097e23000368 db7342eff9200020 72c2a95813ea72bd 033d905aec273595 b2ee9eea2d974c90 da011b87595c1019 0772e3ab293a1f30 f48d0fbea7dc2782 46315cf30aaee51c 6204e398d8c7f888 83b911ff0ff45844 2e4b00c01d58e79e bfb8032f2183d471 0451447dd64f6284 acae1d29289b1266 7c98dedd223b36c0 07f22a7ad7e4711d 65d44c6393907290 4577ae048ef1967d e461837f0fb35048 9100ea6cd0e084bf 07be6a290720707d 57113c2a4cacd961 4bed80e56ea2e099 050544c040f46152
51,57113c2a4cacd961 4fe9e4e55585ba4b cb3e4ce97e7f2881 0bcaac840d5e66d7 ec1b3d7ccd3984d0 e22c35101e190db9 3d6880bd12f6613f 03dfe518713e006c 27bc34b9887bec0d 0a79fabc6f5d93c9 8699cc5dd4159b69 3cb6b40d377e7ca8 25145708d494530b 48f93f9c2c699e19 7155e5a86136eb02 09bbaa171c20bae3 34a62e66e05f9a44 45630e1451157ff3 f9c6286cff30aaa8 0079f3c74309b582 3b4a85bac6ead3c8 8faeacf8ca08f62d a292248bb2bffb3d 587e0b2a4811fab1 f76f44d372517a9a eec6b281e236b500 8fc68213b63951dc 16b11706660177ff 39075e303166355e d72363ddd958d906
52,005666aa098abe8e 72c2a95813ea72bd 50806199c80e215c eab15ee21e126f6a 47fbe21f5c35c7b4 8643165b0f53df11 5d26da95786b3a3a 27bc34b9887bec0d 0079f3c74309b582 106204cd0e07e1b2 ce2fe99a7cda4a17 e1460af4a7044067 64c2e323906b42d3 a492bd402afd5c71 9269d2b0d877352d e878efab7c37179e fb2ebcb5335ad2e2 5c8c6d9a1fd4c1e0 0bcaac840d5e66d7 a860b682add9de1c 3b6d27775fce1c7b 964a50d33717c26d 96e82fa141db9a4b c36c2dce0e6e434f 4f2fffd7528de786 b1dcaca98bb76736 1a05ef8c93af8eed 587e0b2a4811fab1 de8e1345e8c305c4 48cf88c17ff38c5e
53,2e79d45ba4d1540d 387e9cd2e5d4ea7d 1f423f368aebf7f3 c1f2e3a76d388944 da7d3c2d591c4295 74ae9af23a383bf5 10ad13170242ecae 4d32dae7b43c489a 8faeacf8ca08f62d e36475c1af5ea3ab eff60ceea8817dad 1d0f5fdc58e3efb5 95ecdbff44ad0b60 01b3da54ffb158a0 b6cdb608f640e038 d7d937303a6d5a9d b6e646c13d0753ae c5830f9d0f1e29e5 65ad9c583823162d a65e30106ea50423 a2805ed52b47b8ec dc12cc503ac0eddb 98dbd15aa33ebc18 3e8e56f639a5db5b b1dcaca98bb76736 88b62355670ec8f8 01e5a6edcee7deb0 bee46c54461925d0 a5d5ba33b5b1dc95 0647acc4602d4e8f
54,2e44fbb8bc3d8d71 f28fb3d9880c5d4c fc8971756f9ec194 42c9b72cc77dcb28 351c9da399c2b915 a677c3a76055a6d2 b0b5e62a93a2c37c 2bafd15871caae91 f48d0fbea7dc2782 120e745e2961b5d5 2dd12c230ab22555 00ff646ca6637bd7 37001ade0df85823 0c2eeab1e4ce1db8 c5830f9d0f1e29e5 1a8e5d6512d9e2d8 2820628e65a062e2 6461a9faa871b3ac 976baf0e84752a68 ad06e9eeea8eb4ea ecb768ef6fd223ca 73f770f2643a2135 430feb4826a5632e 8faeacf8ca08f62d 9f27aa36c1ea793c 4d7653ea9499eed4 5b4c879fc9c316fb 155600e5f1221f8c 4b29fc21f912754d 74244a8703c03720
55,b2ee9eea2d974c90 8643165b0f53df11 2e4b00c01d58e79e b1dcaca98bb76736 50806199c80e215c 9c9ebf71707d7a37 27bc34b9887bec0d 4bed80e56ea2e099 680bb5c5c3bb6ee1 d1e21234d7cc61d2 a2805ed52b47b8ec ce2fe99a7cda4a17 0bcaac840d5e66d7 964a50d33717c26d 7c98dedd223b36c0 404031ab9d5977c4 f29eee8054c061e1 feddfcf56818968e bfb8032f2183d471 83b911ff0ff45844 050544c040f46152 4577ae048ef1967d 6204e398d8c7f888 bee46c54461925d0 83f8f2fc471cad74 ce0f56b7190c268a cb3e4ce97e7f2881 b84b6c0b2e4d0306 29bedd00fb2be056 a60934e6b473097a
56,a65e30106ea50423 b9d966ad9e04127a cea18be9a89d7a81 5b4c879fc9c316fb c1f2e3a76d388944 999a52f1d301247c 50cb6a6c60ad711a 24e582daf6f87158 3b6d27775fce1c7b 393f49286db04aeb 9c9a9d45c2ea7ddf 133b04350c75770b c36c2dce0e6e434f 4d32dae7b43c489a e8684734f2e587bd 54a11cbcd7a32af4 ce0f56b7190c268a 7c8324ce28ffb96e 64b31699d7d15934 5430097e23000368 8faeacf8ca08f62d 26140b225c4f8d3f 3c565c1fc2316d16 522bd6887960c25d 1a05ef8c93af8eed a76ffccd2f5df1a7 0db6584e3bdfa1c4 c015590d6a6fe833 0f33ce8d8014f308 0e45c4c185f35df6
57,52aa48c07b34dc88 f25bfcffedaccf28 16b11706660177ff 72b80b099fd64ec4 7f95168400948588 6899956cd6c683f0 b84b6c0b2e4d0306 0add47a043c64d7f 45bd99d5d2eef776 92f42fbd0c38f7fd 1d72229ebcc00faf b05b5f6850cfa158 cc0c9419f8a20603 c11b97f245a9dfd0 ca43e349133fc0e3 19e8f436d4b2fc25 a0566ca9daca7778 5547f9f1638ac345 43c354dbf952caaa 2cebd52b41930f0a 5c4b7558c942a224 95166957b2c38794 3b4a85bac6ead3c8 0708923badf2ff5d e7cad3748e50b0f8 fd30682593995748 bd713b37b67866c3 e0269da736ddf004 ff88049e61f0f4ef 3fa57d488e979d74
58,72403ecdfe02bba6 05f23e7d05dbf7c2 0fbd0f422e926816 0d0368139e9a647f 73391e0853c1e040 5b16bae6a0de7c88 f2234bb7ce0c6f59 387e9cd2e5d4ea7d 63d95d5977c2fe98 01020d1b0821f4c7 d35e11d3d1ab3c67 46b99f864d6a075a 796888cc3443006c 09660f466b38b7ba 33856365c271aea4 70776cdd9bb3b7d4 316382267dcd804f 26fc2a95df5659c2 b6d0f83aad4e4dc7 abf90e759d208468 9d5edf3b993fee50 5a1149fbcbd37376 b749972436ac9791 f9c6286cff30aaa8 b29ab87af6ea6310 b69ce8b8154645f8 e7cad3748e50b0f8 a14394322cf7043d 5fb2d8e734956af0 8d58da0e1800dc96
59,40583079f57235a6 b3ad55963554f220 5430097e23000368 64b31699d7d15934 ae77487a89f2610c db0e648651f4c92b 0683b6a78f54be75 49b5678e0d1e5bcd d5805cdb9e8f0f48 bbbd5d2fd957e8f7 0eafda717681bbdc a52df8083c238c46 7d83ffe83f61bdc4 7b81f1f2b6ec2e5f a04d6febd82a4389 393f49286db04aeb 1f4f62844c3cb99c 0db6584e3bdfa1c4 29bedd00fb2be056 413c55a5ab86881a 42a5cae2a3a45557 24e582daf6f87158 8faeacf8ca08f62d cc861214a89ef1f4 942a7d26d81c841f 9b2adcf4041227d7 d257d1fbcf43abd5 c28bc62802b90f82 f25bfcffedaccf28 ee3ed9a3f51336cd
60,00d9eb862ba3dfc6 013030fd7d29bf3d 734dabb98795c35c 2e2904c5373734ae 0079f3c74309b582 00e1e2eb13f650e4 8a5635c748344d47 63d509cd2a2e0e47 07be6a290720707d e8ad5e31484ef889 680bb5c5c3bb6ee1 c49d8f84a4f87f8a 72c2a95813ea72bd 892074f7c1ef5d5e b1dcaca98bb76736 aa967ad3c1f65a29 43b3338423d7386c c143c095983a65c2 fa173131f15f5534 e7cad3748e50b0f8 585f4ee09d8fea46 19b4014943e0ad92 855f2f0354e102c7 88b62355670ec8f8 3986b68500d7704b 1398b478b71773ed 77e2f7da1f9d3a8f 428f9363fa35882d 377c1150c781e37a 765c0695339c3abe
61,5430097e23000368 0683b6a78f54be75 35488b3b8b781278 eec6b281e236b500 8fc68213b63951dc 81b639b74256b45b 57113c2a4cacd961 f9c6286cff30aaa8 ae77487a89f2610c e25a1da6ca187350 a60934e6b473097a 7e4a4a1300b77a06 1f4f62844c3cb99c e22c35101e190db9 bed3e73d52011f68 d7d937303a6d5a9d db0e648651f4c92b b29ab87af6ea6310 ec4ef2f727e7a03f 8f578001f9d5f543 8faeacf8ca08f62d ffa9091747ae2466 9cf6709de35bf0f3 a65e30106ea50423 49b5678e0d1e5bcd a18df74d3a16e9c0 ca4de5b8a7bda9df 025a148c3a53bd9f 83f5a9732f0de67f 01020d1b0821f4c7
62,1d0f5fdc58e3efb5 a853f13216170123 e740c80fce094788 666bdff4faa513ca d1e21234d7cc61d2 bf973f9ec3600199 0683b6a78f54be75 486dd77002936dec b1dcaca98bb76736 eab15ee21e126f6a a60934e6b473097a 3c565c1fc2316d16 e7cad3748e50b0f8 855f2f0354e102c7 88b62355670ec8f8 5b4c879fc9c316fb f48d0fbea7dc2782 77e2f7da1f9d3a8f 377c1150c781e37a 24c47959ea77b15b e0269da736ddf004 5dd752753760ced8 8a5635c748344d47 0f4c71d341e2d939 520ec719078be07c 4f2fffd7528de786 edc79e57b20e9036 cc507a0d6fcf4a1c cea18be9a89d7a81 172bc0ee09332ae9
63,8e0760918e88e4a9 e0269da736ddf004 47fbe21f5c35c7b4 72c2a95813ea72bd d6ed7e4b14c51296 4d7653ea9499eed4 e4a7a996ed6a5a81 50806199c80e215c 455fde214d16d350 1d0f5fdc58e3efb5 95ecdbff44ad0b60 95d25d38ba7df9c7 0220a434aa8bf029 c36c2dce0e6e434f 587e0b2a4811fab1 e1460af4a7044067 27bc34b9887bec0d a492bd402afd5c71 f2e30efbd27bee51 9269d2b0d877352d e878efab7c37179e fb2ebcb5335ad2e2 5c8c6d9a1fd4c1e0 a860b682add9de1c 3b6d27775fce1c7b e8b87ed7db1bcb1f 96e82fa141db9a4b 4f2fffd7528de786 1a05ef8c93af8eed eab15ee21e126f6a
64,07f22a7ad7e4711d a60934e6b473097a 5ebb4d2f5f1c1f13 3c565c1fc2316d16 430feb4826a5632e feddfcf56818968e eab15ee21e126f6a f44f74b3451aa593 27888817db122597 1ba7a50457e93996 ec1b3d7ccd3984d0 40583079f57235a6 1d0f5fdc58e3efb5 b3ad55963554f220 1d12acf7349196b0 3d6880bd12f6613f e22c35101e190db9 a292248bb2bffb3d 64b31699d7d15934 e740c80fce094788 d1e21234d7cc61d2 25145708d494530b 27bc34b9887bec0d 0a79fabc6f5d93c9 48f93f9c2c699e19 03dfe518713e006c 8699cc5dd4159b69 d5805cdb9e8f0f48 3cb6b40d377e7ca8 0eafda717681bbdc
65,9c9a9d45c2ea7ddf 20db73cf07a45f71 3a6e7894dde31c67 7ee52d2519eea367 95d25d38ba7df9c7 430feb4826a5632e 4d9214c0925e5af8 42bb83d7c4b9ecae aa0789b403bcd839 c606425856952286 fa173131f15f5534 bf973f9ec3600199 bc2ae5f4e5d53e00 016da874bd04df55 48f93f9c2c699e19 a9dad59c7055b56c 74244a8703c03720 853e36b1550c6274 0688c790d5806540 db7342eff9200020 047769588be1aea9 ec1b3d7ccd3984d0 0772e3ab293a1f30 b05b5f6850cfa158 148ac4a56a18844d 377c1150c781e37a 351c9da399c2b915 9fda36f260eec24e eab15ee21e126f6a 2e2904c5373734ae
66,8faeacf8ca08f62d 2e79d45ba4d1540d 47fbe21f5c35c7b4 528161039994b4dc 1d0f5fdc58e3efb5 95ecdbff44ad0b60 a813c15b46ceaf68 b6e646c13d0753ae c5830f9d0f1e29e5 a2805ed52b47b8ec 24e582daf6f87158 2e4b00c01d58e79e 88b62355670ec8f8 d63b7f083330247f 2394b08708475900 b1dcaca98bb76736 5897953fdf87b60f 393f49286db04aeb f9c6286cff30aaa8 5c4b7558c942a224 ad06e9eeea8eb4ea 5b4c879fc9c316fb c1f2e3a76d388944 c36c2dce0e6e434f 95166957b2c38794 587e0b2a4811fab1 8699cc5dd4159b69 3cb6b40d377e7ca8 0eb4de784c8dd679 4b29fc21f912754d
67,061f3e1feeaa3094 e8684734f2e587bd 892074f7c1ef5d5e a292248bb2bffb3d 87c5481930cfe126 a9dad59c7055b56c 3e8e56f639a5db5b 430feb4826a5632e d1e21234d7cc61d2 bc2ae5f4e5d53e00 047769588be1aea9 3ca7964973437917 60a070db9f1869b5 b6e646c13d0753ae d5952b2e031c4e7e c015590d6a6fe833 ec1b3d7ccd3984d0 f25bfcffedaccf28 4d32dae7b43c489a c5830f9d0f1e29e5 f76f44d372517a9a d216e5458ad70e60 01b3da54ffb158a0 0451447dd64f6284 16b11706660177ff abf90e759d208468 d63b7f083330247f a853f13216170123 589ef345cb2dccfc ad06e9eeea8eb4ea
68,a292248bb2bffb3d 29968e8fd13539f8 7b81f1f2b6ec2e5f 1f423f368aebf7f3 9f4e0d572b1f4e6c a492bd402afd5c71 4b29fc21f912754d b6e646c13d0753ae c5830f9d0f1e29e5 3c565c1fc2316d16 a2805ed52b47b8ec e878efab7c37179e 4d9214c0925e5af8 3b4a85bac6ead3c8 81b639b74256b45b 172bc0ee09332ae9 a813c15b46ceaf68 9f3d2ca16f358290 66ccd03c9e03ac06 48a76e3aff69d605 4d32dae7b43c489a f76f44d372517a9a a60934e6b473097a a853f13216170123 de8e1345e8c305c4 eec6b281e236b500 8fc68213b63951dc 62431fd374eb99fb f48d0fbea7dc2782 16b11706660177ff
69,47fbe21f5c35c7b4 72c2a95813ea72bd d0f6c00eec5eb973 f2e30efbd27bee51 2e79d45ba4d1540d 4dba7ce835494a63 c143c095983a65c2 e8684734f2e587bd 9f4e0d572b1f4e6c a52df8083c238c46 e878efab7c37179e a492bd402afd5c71 3b4a85bac6ead3c8 eec6b281e236b500 c606425856952286 8fc68213b63951dc 047769588be1aea9 ebfda3b48083e390 999a52f1d301247c 587e0b2a4811fab1 73391e0853c1e040 b6e646c13d0753ae 9f3d2ca16f358290 1f4f62844c3cb99c bed3e73d52011f68 d7d937303a6d5a9d b29ab87af6ea6310 8f578001f9d5f543 81b639b74256b45b 52370bea1acd0600
70,f2e30efbd27bee51 c015590d6a6fe833 c1f2e3a76d388944 0220a434aa8bf029 db0e648651f4c92b 49b5678e0d1e5bcd 455fde214d16d350 0b0021aa60d05daa 0c15f252d30646fc 54a11cbcd7a32af4 f76f44d372517a9a 2b48ab08c915c0ad 64267373570e4ea3 395b26d91f98bd92 00958a140c3a6de8 52aa48c07b34dc88 e8b87ed7db1bcb1f b84b6c0b2e4d0306 6a3919ad9ed8197e 404031ab9d5977c4 dc17b07476183764 366a22fce0614fb8 d1e21234d7cc61d2 bd713b37b67866c3 af41e2b6da3e7e02 9cf6709de35bf0f3 9c9ebf71707d7a37 01b3da54ffb158a0 34a62e66e05f9a44 b2ee9eea2d974c90
71,cc861214a89ef1f4 fab14d178b24a67f af8e70f978cd5aee 4105533fe46dfba9 6cb9ab508a0678a0 22e8d6734e4121ae 059bbdbdb843af6a ecb768ef6fd223ca 5dd752753760ced8 3d93a60f990a0a7c 5430097e23000368 0683b6a78f54be75 354d7a327bbcc152 05e4165a56bf50eb 9b2adcf4041227d7 ae77487a89f2610c db0e648651f4c92b a04d6febd82a4389 49b5678e0d1e5bcd bbbd5d2fd957e8f7 7d83ffe83f61bdc4 54a11cbcd7a32af4 d257d1fbcf43abd5 01b3da54ffb158a0 b05b5f6850cfa158 64b31699d7d15934 4d32dae7b43c489a 522bd6887960c25d ec1b3d7ccd3984d0 c015590d6a6fe833
72,46315cf30aaee51c 8700059e85433b32 197fa50b30d91fe8 b3ad55963554f220 b78189788d563693 20d283a232dfd13c d5805cdb9e8f0f48 39075e303166355e 095bb1b6ecbd0a50 1f4f62844c3cb99c 64b31699d7d15934 b29ab87af6ea6310 8f578001f9d5f543 6c017e548aa138f2 eec6b281e236b500 8fc68213b63951dc b3e75fdca5ca2f1a 0eafda717681bbdc a52df8083c238c46 54f55c74d37db3c0 702d8f1064ab3e30 c28bc62802b90f82 4d32dae7b43c489a bed3e73d52011f68 2a06f5614060e3b6 c6b615b2589e036d 4491016efed845f1 c606425856952286 025a148c3a53bd9f 955e465ce0788ea6
73,db0e648651f4c92b 5430097e23000368 0220a434aa8bf029 0683b6a78f54be75 49b5678e0d1e5bcd 2b48ab08c915c0ad 8e0760918e88e4a9 ae77487a89f2610c 35488b3b8b781278 9d5edf3b993fee50 d6ed7e4b14c51296 919b1679fffa7ef1 bbbd5d2fd957e8f7 d257d1fbcf43abd5 7d83ffe83f61bdc4 0b0021aa60d05daa 9c9ebf71707d7a37 64267373570e4ea3 00958a140c3a6de8 52aa48c07b34dc88 9b2adcf4041227d7 404031ab9d5977c4 dc17b07476183764 395b26d91f98bd92 af41e2b6da3e7e02 42a5cae2a3a45557 ee3ed9a3f51336cd dc576af4ae66e25e 6461a9faa871b3ac 01b3da54ffb158a0
74,4a5ac473c9d176ba f28fb3d9880c5d4c 42c9b72cc77dcb28 fc8971756f9ec194 2bafd15871caae91 2e44fbb8bc3d8d71 a677c3a76055a6d2 2dd12c230ab22555 10ad13170242ecae 351c9da399c2b915 0c2eeab1e4ce1db8 5570ef88d970e9b4 83f8aca6ee2caabc 36d33c41812ce7dc 00ff646ca6637bd7 c810ac016901e8ac b0b5e62a93a2c37c d64c06baf5ef1c90 453bc79164d57a01 37001ade0df85823 27a12f29dceccdbd a14394322cf7043d d72363ddd958d906 3d93a60f990a0a7c 316382267dcd804f 120e745e2961b5d5 b8e2f75014710ced 025a148c3a53bd9f 18b1d2d84c97a364 7e4a4a1300b77a06
75,48a76e3aff69d605 b6e72edcad270be0 4d954d933e606b70 a860b682add9de1c 486dd77002936dec 0e45c4c185f35df6 5b4c879fc9c316fb 9f4e0d572b1f4e6c a853f13216170123 a492bd402afd5c71 c015590d6a6fe833 3c565c1fc2316d16 2e031d83339759b2 f48d0fbea7dc2782 4b29fc21f912754d 95166957b2c38794 59c231f8fd21260c 24c47959ea77b15b c1f2e3a76d388944 4d9214c0925e5af8 0f4c71d341e2d939 4f2fffd7528de786 cc507a0d6fcf4a1c cea18be9a89d7a81 999a52f1d301247c 172bc0ee09332ae9 666bdff4faa513ca 10ad13170242ecae a76ffccd2f5df1a7 07f22a7ad7e4711d
76,26fc2a95df5659c2 2901e5309bb3f8f6 6d80d2e62d01f6bc c49d8f84a4f87f8a e14a893f1918277e 0451447dd64f6284 d46598813fb437e5 01020d1b0821f4c7 40583079f57235a6 24e582daf6f87158 64b31699d7d15934 b3ad55963554f220 393f49286db04aeb 8faeacf8ca08f62d 0db6584e3bdfa1c4 a292248bb2bffb3d 4d32dae7b43c489a 47fbe21f5c35c7b4 d5805cdb9e8f0f48 0eafda717681bbdc a52df8083c238c46 7b81f1f2b6ec2e5f 1f4f62844c3cb99c 3c565c1fc2316d16 413c55a5ab86881a 0a79fabc6f5d93c9 942a7d26d81c841f f48d0fbea7dc2782 c28bc62802b90f82 81b639b74256b45b
77,f28fb3d9880c5d4c 42c9b72cc77dcb28 fc8971756f9ec194 2e44fbb8bc3d8d71 351c9da399c2b915 a677c3a76055a6d2 2bafd15871caae91 00ff646ca6637bd7 2dd12c230ab22555 0c2eeab1e4ce1db8 b0b5e62a93a2c37c 37001ade0df85823 120e745e2961b5d5 83f8aca6ee2caabc 36d33c41812ce7dc c810ac016901e8ac 27a12f29dceccdbd d64c06baf5ef1c90 a14394322cf7043d bd0f175ee98c613e 316382267dcd804f 7e4a4a1300b77a06 cba7e22bb383083a 9100ea6cd0e084bf 453bc79164d57a01 18b1d2d84c97a364 b3e75fdca5ca2f1a 39075e303166355e 1f4f62844c3cb99c bed3e73d52011f68
78,40583079f57235a6 8faeacf8ca08f62d 430feb4826a5632e b3ad55963554f220 393f49286db04aeb a04d6febd82a4389 702d8f1064ab3e30 d5805cdb9e8f0f48 64b31699d7d15934 0eafda717681bbdc a52df8083c238c46 7b81f1f2b6ec2e5f ad06e9eeea8eb4ea 1f4f62844c3cb99c ae94d8435a6847f4 73f770f2643a2135 413c55a5ab86881a 74244a8703c03720 47fbe21f5c35c7b4 942a7d26d81c841f f58ff7f1a6cde683 acae1d29289b1266 c28bc62802b90f82 6a3919ad9ed8197e 197fa50b30d91fe8 cc861214a89ef1f4 ce2fe99a7cda4a17 1d0f5fdc58e3efb5 95ecdbff44ad0b60 d46598813fb437e5
79,c31a456b544a40a8 19e8f436d4b2fc25 1fe79c7de59ff6c6 a18df74d3a16e9c0 44d324ebd3e22ad7 c015590d6a6fe833 3c565c1fc2316d16 c1f2e3a76d388944 fa173131f15f5534 5b4c879fc9c316fb f48d0fbea7dc2782 da7d3c2d591c4295 0a79fabc6f5d93c9 24c47959ea77b15b 0f4c71d341e2d939 4f2fffd7528de786 a853f13216170123 cc507a0d6fcf4a1c cea18be9a89d7a81 e36475c1af5ea3ab 172bc0ee09332ae9 666bdff4faa513ca a76ffccd2f5df1a7 4d954d933e606b70 7155e5a86136eb02 8a5635c748344d47 07f22a7ad7e4711d 4b29fc21f912754d eff60ceea8817dad ddf332f2b55a2a23
80,f25bfcffedaccf28 29bedd00fb2be056 9b2adcf4041227d7 dc12cc503ac0eddb 24e582daf6f87158 57113c2a4cacd961 9c9a9d45c2ea7ddf 4d32dae7b43c489a 3b4a85bac6ead3c8 3c565c1fc2316d16 393f49286db04aeb f48d0fbea7dc2782 8faeacf8ca08f62d 81b639b74256b45b 0db6584e3bdfa1c4 24c47959ea77b15b a860b682add9de1c 3b6d27775fce1c7b 0f4c71d341e2d939 bd713b37b67866c3 64b31699d7d15934 cea18be9a89d7a81 a60934e6b473097a 172bc0ee09332ae9 522bd6887960c25d 47fbe21f5c35c7b4 c015590d6a6fe833 a76ffccd2f5df1a7 4d954d933e606b70 54a11cbcd7a32af4
81,4e966bb2768c2b8a f58ff7f1a6cde683 4d32dae7b43c489a ce8cb4351b8c0f6e 734dabb98795c35c 01b3da54ffb158a0 d7d937303a6d5a9d 65ad9c583823162d a65e30106ea50423 dc12cc503ac0eddb 88b62355670ec8f8 01e5a6edcee7deb0 04886579947a80c2 a5d5ba33b5b1dc95 0647acc4602d4e8f fa173131f15f5534 061f3e1feeaa3094 29968e8fd13539f8 bc2ae5f4e5d53e00 43b3338423d7386c 2e2904c5373734ae 22756be6fd061d4c f209d29f991432f0 65708d542bd01f39 0772e3ab293a1f30 3734d3b0b9232538 dc17b07476183764 765c0695339c3abe 39075e303166355e d72363ddd958d906
82,8566d15270eb5e83 e1460af4a7044067 cc0c9419f8a20603 4491016efed845f1 939a1f686ea36c05 430feb4826a5632e 1efd7bd8a34a1359 bc2ae5f4e5d53e00 a813c15b46ceaf68 a9dad59c7055b56c a860b682add9de1c 0a79fabc6f5d93c9 72c2a95813ea72bd 855f2f0354e102c7 2e4b00c01d58e79e 47fbe21f5c35c7b4 4b29fc21f912754d 106204cd0e07e1b2 4f915ad69e1dca36 dc17b07476183764 abf90e759d208468 4b05967001421eab 4a5ac473c9d176ba 4d32dae7b43c489a 528161039994b4dc daa257a37227cd72 a2c35fdf07a13286 a492bd402afd5c71 9269d2b0d877352d e878efab7c37179e
83,447fc00f40d71d08 7eec211cc37a1b05 3e8e56f639a5db5b 46b99f864d6a075a 8e0760918e88e4a9 680bb5c5c3bb6ee1 4bed80e56ea2e099 d9885881381fd10a 74244a8703c03720 8699cc5dd4159b69 29968e8fd13539f8 2e79d45ba4d1540d 964a50d33717c26d f209d29f991432f0 00958a140c3a6de8 395b26d91f98bd92 6899956cd6c683f0 af41e2b6da3e7e02 bd713b37b67866c3 0b0021aa60d05daa 765c0695339c3abe 8643165b0f53df11 2b48ab08c915c0ad 64267373570e4ea3 d0f6c00eec5eb973 52aa48c07b34dc88 0a79fabc6f5d93c9 855f2f0354e102c7 2e4b00c01d58e79e 5b16bae6a0de7c88
84,f25bfcffedaccf28 2e4b00c01d58e79e 5897953fdf87b60f 29bedd00fb2be056 9b2adcf4041227d7 dc12cc503ac0eddb 1d0f5fdc58e3efb5 57113c2a4cacd961 9c9a9d45c2ea7ddf 0a79fabc6f5d93c9 528161039994b4dc 855f2f0354e102c7 a813c15b46ceaf68 4b29fc21f912754d e740c80fce094788 16b11706660177ff d1e21234d7cc61d2 24e582daf6f87158 b05b5f6850cfa158 72b80b099fd64ec4 7f95168400948588 88b62355670ec8f8 d63b7f083330247f 2394b08708475900 6899956cd6c683f0 47fbe21f5c35c7b4 b84b6c0b2e4d0306 0add47a043c64d7f 45bd99d5d2eef776 92f42fbd0c38f7fd
85,942a7d26d81c841f a292248bb2bffb3d 64267373570e4ea3 e8684734f2e587bd e8ad5e31484ef889 680bb5c5c3bb6ee1 393f49286db04aeb 2359719a0f40ffac 0b0021aa60d05daa 395b26d91f98bd92 a2c35fdf07a13286 52aa48c07b34dc88 6c017e548aa138f2 a14394322cf7043d 01b3da54ffb158a0 d7d937303a6d5a9d c6b615b2589e036d 0eafda717681bbdc c606425856952286 b6e646c13d0753ae 20d283a232dfd13c b3e75fdca5ca2f1a 7e4a4a1300b77a06 6cb9ab508a0678a0 b6e72edcad270be0 455fde214d16d350 fc16a50ff0baec53 de35d2410e916471 e8b87ed7db1bcb1f a2805ed52b47b8ec
86,5b16bae6a0de7c88 73391e0853c1e040 72403ecdfe02bba6 09660f466b38b7ba 05f23e7d05dbf7c2 0fbd0f422e926816 0d0368139e9a647f f2234bb7ce0c6f59 63d95d5977c2fe98 01020d1b0821f4c7 387e9cd2e5d4ea7d 26fc2a95df5659c2 5fb2d8e734956af0 8d58da0e1800dc96 33856365c271aea4 d35e11d3d1ab3c67 46b99f864d6a075a b29ab87af6ea6310 796888cc3443006c b3ad55963554f220 70776cdd9bb3b7d4 316382267dcd804f 413c55a5ab86881a f9c6286cff30aaa8 b6d0f83aad4e4dc7 d5805cdb9e8f0f48 ac9ee0c09b538140 abf90e759d208468 9d5edf3b993fee50 de35d2410e916471
87,81bd116c786bf9ae b8e2f75014710ced 6cb9ab508a0678a0 00ff646ca6637bd7 27a12f29dceccdbd e5fb8dc5c9cb4a19 bc27d5dc9bab1c18 354d7a327bbcc152 01104a026d22ae55 00af886180e9eaec 9a439fd1abf95245 0eedb1a0d3b8ddae b05b5f6850cfa158 3d93a60f990a0a7c 7e4a4a1300b77a06 5057551fc55e9ed2 453bc79164d57a01 238ec735a13a3f09 83f8aca6ee2caabc 36d33c41812ce7dc c810ac016901e8ac 5430097e23000368 a1314cd417504572 2bafd15871caae91 d72363ddd958d906 d64c06baf5ef1c90 2dd12c230ab22555 da904d2a54ff8cf2 e7828f0ea9749505 f28fb3d9880c5d4c
88,6d80d2e62d01f6bc c08c3765ac609cc0 5fb2d8e734956af0 f705b637f624147e 63d95d5977c2fe98 b749972436ac9791 a9eef13786610446 796888cc3443006c 5b34da30b93eb123 54f55c74d37db3c0 74e59c5820900b17 29bedd00fb2be056 a52df8083c238c46 6aac5e116b75aa22 26fc2a95df5659c2 ffc688c4c1c2a068 b69ce8b8154645f8 05f23e7d05dbf7c2 8d58da0e1800dc96 2a06f5614060e3b6 e7cad3748e50b0f8 d46598813fb437e5 65fac1ba1840000f 2810fb6f81d1711c e14a893f1918277e 0fbd0f422e926816 955e465ce0788ea6 4d417b203b333363 44d324ebd3e22ad7 0d0368139e9a647f
89,6ae470a7c9ec20fd 0eedb1a0d3b8ddae 0708923badf2ff5d b0e254dd420faee3 a860b682add9de1c da011b87595c1019 587e0b2a4811fab1 22756be6fd061d4c e403278468d84383 39075e303166355e 3734d3b0b9232538 d72363ddd958d906 5c4b7558c942a224 e6a29676c096f8e8 4beacc71024f8b08 ae94d8435a6847f4 a0566ca9daca7778 59c231f8fd21260c 404031ab9d5977c4 765c0695339c3abe fa173131f15f5534 0079f3c74309b582 0e45c4c185f35df6 b6e72edcad270be0 48a76e3aff69d605 ec4ef2f727e7a03f 2e031d83339759b2 9b0e8cf8153e3b33 0195950ce0f47e34 bf973f9ec3600199
90,47fbe21f5c35c7b4 20db73cf07a45f71 2e79d45ba4d1540d 5b16bae6a0de7c88 8e0760918e88e4a9 8df3f13d6af34cb3 d0f6c00eec5eb973 a2805ed52b47b8ec d6ed7e4b14c51296 45bd99d5d2eef776 3cb6b40d377e7ca8 f44f74b3451aa593 8699cc5dd4159b69 d5805cdb9e8f0f48 5ebb4d2f5f1c1f13 97d696011258825c f2e30efbd27bee51 413c55a5ab86881a 7f95168400948588 4b29fc21f912754d de35d2410e916471 9269d2b0d877352d 955e465ce0788ea6 59bf6d6df9146d60 016da874bd04df55 09660f466b38b7ba 6899956cd6c683f0 0220a434aa8bf029 5fb2d8e734956af0 48f93f9c2c699e19
91,a14394322cf7043d 36d33c41812ce7dc fc21db75b354a917 27a12f29dceccdbd 83f8aca6ee2caabc 3b4a85bac6ead3c8 c810ac016901e8ac bd0f175ee98c613e 9100ea6cd0e084bf b3e75fdca5ca2f1a 46315cf30aaee51c 316382267dcd804f 025a148c3a53bd9f 39075e303166355e d64c06baf5ef1c90 1f4f62844c3cb99c bed3e73d52011f68 7e4a4a1300b77a06 c6b615b2589e036d 453bc79164d57a01 b6cdb608f640e038 18b1d2d84c97a364 853e36b1550c6274 016da874bd04df55 cba7e22bb383083a 4c3802a1bd3c842e c28bc62802b90f82 d72363ddd958d906 0688c790d5806540 1d0f5fdc58e3efb5
92,c015590d6a6fe833 24e582daf6f87158 f25bfcffedaccf28 8faeacf8ca08f62d b6a1c97f19af78d0 52370bea1acd0600 b3ad55963554f220 47fbe21f5c35c7b4 9f4e0d572b1f4e6c 238de368bb05c0ec 413c55a5ab86881a 98dbd15aa33ebc18 4f2fffd7528de786 b0bfe0f426275870 3b4a85bac6ead3c8 29bedd00fb2be056 7c8324ce28ffb96e 0451447dd64f6284 393f49286db04aeb 148ac4a56a18844d dc12cc503ac0eddb ebfda3b48083e390 d6bbbd6c4968075a a9223c28b10c131f 2e031d83339759b2 9b0e8cf8153e3b33 4d9214c0925e5af8 ae77487a89f2610c 5897953fdf87b60f 4a5ac473c9d176ba
93,d16da1fb61813db9 4b29fc21f912754d 892074f7c1ef5d5e 19e8f436d4b2fc25 47fbe21f5c35c7b4 4d7653ea9499eed4 9a0f5ee4f845c9b2 0bcaac840d5e66d7 c28bc62802b90f82 702d8f1064ab3e30 3986b68500d7704b 3fa57d488e979d74 ff88049e61f0f4ef e0269da736ddf004 bd713b37b67866c3 fd30682593995748 2a06f5614060e3b6 39f6296778264878 52370bea1acd0600 0708923badf2ff5d 734dabb98795c35c 942a7d26d81c841f bd0f175ee98c613e ae94d8435a6847f4 b6d0f83aad4e4dc7 b24820ae14e16a24 622f2e4119882c94 bbbd5d2fd957e8f7 af8e70f978cd5aee 5ebb4d2f5f1c1f13
94,26140b225c4f8d3f 5430097e23000368 0683b6a78f54be75 a492bd402afd5c71 35488b3b8b781278 a292248bb2bffb3d ae77487a89f2610c e878efab7c37179e 587e0b2a4811fab1 8faeacf8ca08f62d 4d9214c0925e5af8 c36c2dce0e6e434f 1d0f5fdc58e3efb5 95ecdbff44ad0b60 9f4e0d572b1f4e6c f9c6286cff30aaa8 db0e648651f4c92b de8e1345e8c305c4 49b5678e0d1e5bcd d1e21234d7cc61d2 9c9a9d45c2ea7ddf 4f2fffd7528de786 52e459a551d4ac2d bbbd5d2fd957e8f7 d257d1fbcf43abd5 7d83ffe83f61bdc4 48cf88c17ff38c5e 5c8c6d9a1fd4c1e0 486dd77002936dec d92c0298f76ccf77
95,fa173131f15f5534 528161039994b4dc 88b62355670ec8f8 a813c15b46ceaf68 24e582daf6f87158 a5d5ba33b5b1dc95 2e4b00c01d58e79e d63b7f083330247f 2394b08708475900 5897953fdf87b60f 47fbe21f5c35c7b4 a2c35fdf07a13286 1c3b74a02a86467d 4d32dae7b43c489a 01b3da54ffb158a0 bc2552a642ce8497 d7d937303a6d5a9d 65ad9c583823162d a65e30106ea50423 96445bec1579ec97 d73a65673e3f1d78 dc12cc503ac0eddb 148ac4a56a18844d ced9c56f2be86774 01e5a6edcee7deb0 0647acc4602d4e8f 061f3e1feeaa3094 29968e8fd13539f8 bc2ae5f4e5d53e00 43b3338423d7386c
96,63d509cd2a2e0e47 07be6a290720707d e8ad5e31484ef889 3e66b4855d0dddbe 1398b478b71773ed bf973f9ec3600199 8dedff0a79784abc 680bb5c5c3bb6ee1 ce0f56b7190c268a 4f915ad69e1dca36 bf3ccaba4a3450a8 c28bc62802b90f82 702d8f1064ab3e30 3986b68500d7704b 3fa57d488e979d74 ff88049e61f0f4ef e0269da736ddf004 bd713b37b67866c3 fd30682593995748 2a06f5614060e3b6 39f6296778264878 c31a456b544a40a8 0bcaac840d5e66d7 734dabb98795c35c bd0f175ee98c613e ae94d8435a6847f4 b6d0f83aad4e4dc7 b24820ae14e16a24 622f2e4119882c94 4b8c7061102517ef
97,d216e5458ad70e60 b6e646c13d0753ae d63b7f083330247f 3ca7964973437917 e8684734f2e587bd 60a070db9f1869b5 8a5635c748344d47 1d0f5fdc58e3efb5 d5952b2e031c4e7e 8bf446c0455e3c5c fb8bd6b95eb4702a da7d3c2d591c4295 1d12acf7349196b0 e740c80fce094788 8faeacf8ca08f62d a853f13216170123 666bdff4faa513ca d1e21234d7cc61d2 0683b6a78f54be75 95ecdbff44ad0b60 c5830f9d0f1e29e5 a2805ed52b47b8ec 5430097e23000368 b1dcaca98bb76736 393f49286db04aeb f9c6286cff30aaa8 ad06e9eeea8eb4ea 5b4c879fc9c316fb c1f2e3a76d388944 c36c2dce0e6e434f
98,cc507a0d6fcf4a1c 172bc0ee09332ae9 f48d0fbea7dc2782 3e66b4855d0dddbe 24c47959ea77b15b 4f2fffd7528de786 666bdff4faa513ca 3c565c1fc2316d16 7c98dedd223b36c0 a853f13216170123 5b4c879fc9c316fb 999a52f1d301247c d7d937303a6d5a9d 73391e0853c1e040 2a06f5614060e3b6 095bb1b6ecbd0a50 0f4c71d341e2d939 7f95168400948588 81b639b74256b45b 6c017e548aa138f2 e878efab7c37179e cea18be9a89d7a81 fb2ebcb5335ad2e2 eec6b281e236b500 8fc68213b63951dc 73f770f2643a2135 d9885881381fd10a 1a05ef8c93af8eed 01e5a6edcee7deb0 a76ffccd2f5df1a7
99,1efd7bd8a34a1359 e6a29676c096f8e8 5c4b7558c942a224 48a76e3aff69d605 a0566ca9daca7778 c143c095983a65c2 8dedff0a79784abc 9b0e8cf8153e3b33 59c231f8fd21260c e1460af4a7044067 4d954d933e606b70 b6e646c13d0753ae 4beacc71024f8b08 da011b87595c1019 4d32dae7b43c489a 22756be6fd061d4c e9c20b67a4c5395f 95166957b2c38794 ad06e9eeea8eb4ea 1d0f5fdc58e3efb5 01b3da54ffb158a0 f25bfcffedaccf28 d257d1fbcf43abd5 5430097e23000368 d6bbbd6c4968075a 58654e3143c6550b 4f915ad69e1dca36 98dbd15aa33ebc18 ae94d8435a6847f4 587e0b2a4811fab1
100,8566d15270eb5e83 d1e21234d7cc61d2 7155e5a86136eb02 3a6e7894dde31c67 e740c80fce094788 7c8324ce28ffb96e 1d0f5fdc58e3efb5 4491016efed845f1 4d7653ea9499eed4 e403278468d84383 148ac4a56a18844d a76ffccd2f5df1a7 f46601a9955f9949 a860b682add9de1c dea5e9227fbbac29 40583079f57235a6 e25a1da6ca187350 5f94b027039f4e48 acae1d29289b1266 c1f2e3a76d388944 939a1f686ea36c05 ca4de5b8a7bda9df 387e9cd2e5d4ea7d 4d29c6922b2d0d56 83f8f2fc471cad74 18b1d2d84c97a364 d16da1fb61813db9 19e8f436d4b2fc25 83b911ff0ff45844 a853f13216170123
101,dea5e9227fbbac29 98dbd15aa33ebc18 d16da1fb61813db9 f25bfcffedaccf28 43b3338423d7386c a860b682add9de1c 3b6d27775fce1c7b 8a5635c748344d47 29bedd00fb2be056 dc12cc503ac0eddb 24e582daf6f87158 e1460af4a7044067 a492bd402afd5c71 57113c2a4cacd961 9269d2b0d877352d e878efab7c37179e fb2ebcb5335ad2e2 5c8c6d9a1fd4c1e0 9c9a9d45c2ea7ddf 96e82fa141db9a4b c36c2dce0e6e434f 4f2fffd7528de786 9b2adcf4041227d7 1a05ef8c93af8eed eab15ee21e126f6a 587e0b2a4811fab1 de8e1345e8c305c4 48cf88c17ff38c5e 4d7653ea9499eed4 e4a7a996ed6a5a81
102,b78189788d563693 853e36b1550c6274 46315cf30aaee51c c606425856952286 9c9a9d45c2ea7ddf 047769588be1aea9 4d9214c0925e5af8 d7d937303a6d5a9d 8f578001f9d5f543 025a148c3a53bd9f e878efab7c37179e 016da874bd04df55 4d32dae7b43c489a 81b639b74256b45b 74244a8703c03720 01e5a6edcee7deb0 4c3802a1bd3c842e 24e582daf6f87158 0688c790d5806540 a60934e6b473097a 3c565c1fc2316d16 c6b615b2589e036d 8faeacf8ca08f62d 351c9da399c2b915 a982b5c3aed39396 a292248bb2bffb3d a860b682add9de1c f76f44d372517a9a bd713b37b67866c3 428f9363fa35882d
103,b6e72edcad270be0 48a76e3aff69d605 a860b682add9de1c 3c565c1fc2316d16 4b29fc21f912754d 0e45c4c185f35df6 f48d0fbea7dc2782 5b4c879fc9c316fb 24c47959ea77b15b 8faeacf8ca08f62d 0f4c71d341e2d939 999a52f1d301247c cea18be9a89d7a81 172bc0ee09332ae9 a76ffccd2f5df1a7 4d954d933e606b70 ddf332f2b55a2a23 3e66b4855d0dddbe 59c231f8fd21260c 238de368bb05c0ec 62431fd374eb99fb 6406fcdb7d87b5dc 393f49286db04aeb 4f2fffd7528de786 a853f13216170123 24e582daf6f87158 cc507a0d6fcf4a1c 66ccd03c9e03ac06 95166957b2c38794 666bdff4faa513ca
104,8bf446c0455e3c5c 2e031d83339759b2 b6e646c13d0753ae c5830f9d0f1e29e5 a2805ed52b47b8ec 4b29fc21f912754d 0eb4de784c8dd679 8faeacf8ca08f62d d216e5458ad70e60 393f49286db04aeb d63b7f083330247f 3ca7964973437917 e8684734f2e587bd 60a070db9f1869b5 24e582daf6f87158 8a5635c748344d47 d5952b2e031c4e7e 1d0f5fdc58e3efb5 95ecdbff44ad0b60 47fbe21f5c35c7b4 fb8bd6b95eb4702a a292248bb2bffb3d da7d3c2d591c4295 1dc7139adba034ec 4f915ad69e1dca36 999a52f1d301247c 4d32dae7b43c489a 3c565c1fc2316d16 b1dcaca98bb76736 f9c6286cff30aaa8
105,e1460af4a7044067 cc0c9419f8a20603 1efd7bd8a34a1359 395b26d91f98bd92 7c8324ce28ffb96e 24e582daf6f87158 4d32dae7b43c489a a982b5c3aed39396 c015590d6a6fe833 3c565c1fc2316d16 81b639b74256b45b 238de368bb05c0ec a60934e6b473097a 8faeacf8ca08f62d a860b682add9de1c 5f94b027039f4e48 bd713b37b67866c3 f48d0fbea7dc2782 172bc0ee09332ae9 393f49286db04aeb 54a11cbcd7a32af4 c31a456b544a40a8 52370bea1acd0600 0db6584e3bdfa1c4 24c47959ea77b15b 48a76e3aff69d605 3b6d27775fce1c7b 404031ab9d5977c4 0f4c71d341e2d939 64b31699d7d15934
106,24e582daf6f87158 ce0f56b7190c268a 4d32dae7b43c489a 4d29c6922b2d0d56 3c565c1fc2316d16 bf3ccaba4a3450a8 f48d0fbea7dc2782 81b639b74256b45b 0db6584e3bdfa1c4 24c47959ea77b15b a860b682add9de1c 3b6d27775fce1c7b 0f4c71d341e2d939 bd713b37b67866c3 64b31699d7d15934 cea18be9a89d7a81 a60934e6b473097a 172bc0ee09332ae9 522bd6887960c25d 393f49286db04aeb c015590d6a6fe833 a76ffccd2f5df1a7 4d954d933e606b70 54a11cbcd7a32af4 5897953fdf87b60f 4b29fc21f912754d 52370bea1acd0600 0e45c4c185f35df6 ddf332f2b55a2a23 b6e72edcad270be0
107,351c9da399c2b915 f28fb3d9880c5d4c 2bafd15871caae91 2e44fbb8bc3d8d71 393f49286db04aeb fc8971756f9ec194 42c9b72cc77dcb28 81bd116c786bf9ae a677c3a76055a6d2 b0b5e62a93a2c37c 120e745e2961b5d5 2dd12c230ab22555 00ff646ca6637bd7 37001ade0df85823 238ec735a13a3f09 0c2eeab1e4ce1db8 781f4d0147aef776 40583079f57235a6 d6ed7e4b14c51296 b3ad55963554f220 01104a026d22ae55 059bbdbdb843af6a b6cdb608f640e038 6e239f4dd4b6aed7 06de3ca1148b088b a1314cd417504572 5bf89d11a25121d9 d5805cdb9e8f0f48 0eafda717681bbdc a52df8083c238c46
108,bc2552a642ce8497 e8ad5e31484ef889 447fc00f40d71d08 d73a65673e3f1d78 c11b97f245a9dfd0 128d583954b18074 b84b6c0b2e4d0306 6a3919ad9ed8197e 366a22fce0614fb8 54a11cbcd7a32af4 34a62e66e05f9a44 b2ee9eea2d974c90 d5952b2e031c4e7e 828f5dfbbf1272ee a0b1f4dd32f3e278 3e8e56f639a5db5b 00e1e2eb13f650e4 1398b478b71773ed 0eedb1a0d3b8ddae 3fa57d488e979d74 3986b68500d7704b ff88049e61f0f4ef e0269da736ddf004 bd713b37b67866c3 fd30682593995748 702d8f1064ab3e30 2a06f5614060e3b6 c28bc62802b90f82 0bcaac840d5e66d7 bd0f175ee98c613e
109,f25bfcffedaccf28 29bedd00fb2be056 dc12cc503ac0eddb 0772e3ab293a1f30 57113c2a4cacd961 9c9a9d45c2ea7ddf 9b2adcf4041227d7 a292248bb2bffb3d d1e21234d7cc61d2 b05b5f6850cfa158 128d583954b18074 d73a65673e3f1d78 0eedb1a0d3b8ddae c28bc62802b90f82 9a0f5ee4f845c9b2 4d7653ea9499eed4 0bcaac840d5e66d7 702d8f1064ab3e30 3986b68500d7704b ff88049e61f0f4ef e0269da736ddf004 bd713b37b67866c3 fd30682593995748 39f6296778264878 3fa57d488e979d74 942a7d26d81c841f bd0f175ee98c613e ae94d8435a6847f4 b6d0f83aad4e4dc7 b24820ae14e16a24
110,49b5678e0d1e5bcd 0772e3ab293a1f30 4d32dae7b43c489a 01b3da54ffb158a0 d7d937303a6d5a9d 65ad9c583823162d a65e30106ea50423 dc12cc503ac0eddb 88b62355670ec8f8 01e5a6edcee7deb0 a5d5ba33b5b1dc95 0647acc4602d4e8f fa173131f15f5534 061f3e1feeaa3094 29968e8fd13539f8 bc2ae5f4e5d53e00 43b3338423d7386c 22756be6fd061d4c f209d29f991432f0 65708d542bd01f39 1c3b74a02a86467d f49e13a653cbdad2 99e833818ec4bbf2 1efd7bd8a34a1359 4e966bb2768c2b8a e6a29676c096f8e8 87c5481930cfe126 455fde214d16d350 95166957b2c38794 aa0789b403bcd839
111,16b11706660177ff abf90e759d208468 d46598813fb437e5 f25bfcffedaccf28 8e0760918e88e4a9 942a7d26d81c841f 393f49286db04aeb 430feb4826a5632e 65fac1ba1840000f 0db6584e3bdfa1c4 d7d937303a6d5a9d 4d32dae7b43c489a 796888cc3443006c a65e30106ea50423 33856365c271aea4 01b3da54ffb158a0 01e5a6edcee7deb0 a5d5ba33b5b1dc95 0647acc4602d4e8f 387e9cd2e5d4ea7d 29968e8fd13539f8 1c3b74a02a86467d 4d7653ea9499eed4 e8b87ed7db1bcb1f bc2ae5f4e5d53e00 d72363ddd958d906 f76f44d372517a9a 95d25d38ba7df9c7 eec6b281e236b500 8fc68213b63951dc
112,9a0f5ee4f845c9b2 da7d3c2d591c4295 eff60ceea8817dad 8bf446c0455e3c5c 98dbd15aa33ebc18 047769588be1aea9 f48d0fbea7dc2782 8e0760918e88e4a9 83b911ff0ff45844 46315cf30aaee51c 4d7653ea9499eed4 e4a7a996ed6a5a81 0451447dd64f6284 07f22a7ad7e4711d 3986b68500d7704b 4bed80e56ea2e099 f29eee8054c061e1 acae1d29289b1266 65d44c6393907290 ca43e349133fc0e3 3734d3b0b9232538 9100ea6cd0e084bf 39075e303166355e 95d25d38ba7df9c7 c143c095983a65c2 8643165b0f53df11 ac9ee0c09b538140 455fde214d16d350 d72363ddd958d906 451e7ba901ad661d
113,5879096a38d69fc5 65ad9c583823162d 65708d542bd01f39 52aa48c07b34dc88 daa257a37227cd72 bc2552a642ce8497 a18df74d3a16e9c0 4f915ad69e1dca36 2e79d45ba4d1540d 01ecc81f6341e902 73f770f2643a2135 af41e2b6da3e7e02 29bedd00fb2be056 c1f2e3a76d388944 955e465ce0788ea6 0eedb1a0d3b8ddae 796888cc3443006c 59bf6d6df9146d60 a52df8083c238c46 5fb2d8e734956af0 10ad13170242ecae 8faeacf8ca08f62d 2394b08708475900 b69ce8b8154645f8 853e36b1550c6274 999a52f1d301247c 49224aca40e6e5e3 22756be6fd061d4c a9dad59c7055b56c a2805ed52b47b8ec
114,b0b5e62a93a2c37c 9f27aa36c1ea793c 2dd12c230ab22555 f28fb3d9880c5d4c fc8971756f9ec194 42c9b72cc77dcb28 351c9da399c2b915 2e44fbb8bc3d8d71 a677c3a76055a6d2 2bafd15871caae91 120e745e2961b5d5 37001ade0df85823 0c2eeab1e4ce1db8 00ff646ca6637bd7 cba7e22bb383083a 3d93a60f990a0a7c 95166957b2c38794 b05b5f6850cfa158 7e4a4a1300b77a06 5057551fc55e9ed2 453bc79164d57a01 238ec735a13a3f09 83f8aca6ee2caabc 36d33c41812ce7dc c810ac016901e8ac 5430097e23000368 a1314cd417504572 d72363ddd958d906 0eedb1a0d3b8ddae d64c06baf5ef1c90
115,9ab90dfc5c9b0b37 ce8cb4351b8c0f6e 04886579947a80c2 7f29daa16b9b4cda 892074f7c1ef5d5e 919b1679fffa7ef1 28403e62105b00f6 f6d23cdd2359f7c0 d216e5458ad70e60 a5f55580081236f4 5c4b7558c942a224 95166957b2c38794 cc0c9419f8a20603 5430097e23000368 0eedb1a0d3b8ddae b05b5f6850cfa158 00e1e2eb13f650e4 0195950ce0f47e34 9a0f5ee4f845c9b2 4d7653ea9499eed4 0bcaac840d5e66d7 47fbe21f5c35c7b4 c28bc62802b90f82 702d8f1064ab3e30 3986b68500d7704b 3fa57d488e979d74 ff88049e61f0f4ef bd713b37b67866c3 52370bea1acd0600 734dabb98795c35c
116,43b3338423d7386c 419b5dc40744fb9b 88b62355670ec8f8 22dc81380cf4baec 97d696011258825c bd0f175ee98c613e 34a62e66e05f9a44 b05b5f6850cfa158 b84b6c0b2e4d0306 2e4b00c01d58e79e d16da1fb61813db9 f209d29f991432f0 74244a8703c03720 eff60ceea8817dad 83f8aca6ee2caabc 36d33c41812ce7dc c810ac016901e8ac f49e13a653cbdad2 99e833818ec4bbf2 27a12f29dceccdbd d3c4a7db726191e0 377c1150c781e37a 9113e9dc940fb287 d64c06baf5ef1c90 d63b7f083330247f a14394322cf7043d 01e5a6edcee7deb0 3e8e56f639a5db5b 2394b08708475900 4b05967001421eab
117,3cb6b40d377e7ca8 4f2fffd7528de786 72b80b099fd64ec4 ec4ef2f727e7a03f b05b5f6850cfa158 877672967d3f70bb 1d0f5fdc58e3efb5 e403278468d84383 f76f44d372517a9a 0eafda717681bbdc 24e582daf6f87158 a492bd402afd5c71 90ecb28f2edb9d43 de35d2410e916471 6204e398d8c7f888 83b911ff0ff45844 cc507a0d6fcf4a1c 4dba7ce835494a63 172bc0ee09332ae9 2394b08708475900 b26d8664feb18c8c 60a070db9f1869b5 8faeacf8ca08f62d 54a11cbcd7a32af4 0e45c4c185f35df6 9fda36f260eec24e 8a5635c748344d47 50cb6a6c60ad711a da011b87595c1019 a18df74d3a16e9c0
118,05f23e7d05dbf7c2 0fbd0f422e926816 72403ecdfe02bba6 0d0368139e9a647f f2234bb7ce0c6f59 73391e0853c1e040 5b16bae6a0de7c88 b749972436ac9791 63d95d5977c2fe98 387e9cd2e5d4ea7d c08c3765ac609cc0 f705b637f624147e 5b34da30b93eb123 796888cc3443006c 09660f466b38b7ba 9b2adcf4041227d7 33856365c271aea4 9d5edf3b993fee50 a9eef13786610446 316382267dcd804f 01020d1b0821f4c7 26fc2a95df5659c2 d35e11d3d1ab3c67 46b99f864d6a075a e7cad3748e50b0f8 70776cdd9bb3b7d4 898a4921ab9f4cce 42c9b72cc77dcb28 3d93a60f990a0a7c 8d58da0e1800dc96
119,c08c3765ac609cc0 a9eef13786610446 ffc688c4c1c2a068 f705b637f624147e 74e59c5820900b17 5b34da30b93eb123 b749972436ac9791 44d324ebd3e22ad7 4d417b203b333363 2810fb6f81d1711c dac29ed8400b50cc 2359719a0f40ffac 00140806971e7a73 54f55c74d37db3c0 6d80d2e62d01f6bc 005666aa098abe8e 2a06f5614060e3b6 65fac1ba1840000f e7cad3748e50b0f8 f46601a9955f9949 65254e0d209fd66e 8d58da0e1800dc96 05f23e7d05dbf7c2 0d0368139e9a647f 0fbd0f422e926816 f2234bb7ce0c6f59 6aac5e116b75aa22 5fb2d8e734956af0 3ca7964973437917 0eafda717681bbdc
120,b84b6c0b2e4d0306 b05b5f6850cfa158 d3c4a7db726191e0 6899956cd6c683f0 2e031d83339759b2 16b11706660177ff 419b5dc40744fb9b 520ec719078be07c 3b4a85bac6ead3c8 01e5a6edcee7deb0 f9c6286cff30aaa8 97d696011258825c a9223c28b10c131f cc507a0d6fcf4a1c 48cf88c17ff38c5e bb7515be835dea49 8faeacf8ca08f62d eec6b281e236b500 8fc68213b63951dc 999a52f1d301247c 66ccd03c9e03ac06 587e0b2a4811fab1 e25a1da6ca187350 7f95168400948588 1f4f62844c3cb99c e22c35101e190db9 bed3e73d52011f68 d7d937303a6d5a9d 72b80b099fd64ec4 b29ab87af6ea6310
121,25145708d494530b 7155e5a86136eb02 ec1b3d7ccd3984d0 48f93f9c2c699e19 e22c35101e190db9 047769588be1aea9 b6e646c13d0753ae c5830f9d0f1e29e5 a2805ed52b47b8ec 0a79fabc6f5d93c9 62431fd374eb99fb 765c0695339c3abe 1f423f368aebf7f3 3d6880bd12f6613f 27bc34b9887bec0d 03dfe518713e006c 8699cc5dd4159b69 3cb6b40d377e7ca8 0451447dd64f6284 4b29fc21f912754d 09bbaa171c20bae3 88b62355670ec8f8 34a62e66e05f9a44 0eb4de784c8dd679 4fe9e4e55585ba4b c03b11a0cdc3fa39 4d32dae7b43c489a f48d0fbea7dc2782 01b3da54ffb158a0 45630e1451157ff3
122,047769588be1aea9 1d0f5fdc58e3efb5 95ecdbff44ad0b60 c36c2dce0e6e434f 587e0b2a4811fab1 0451447dd64f6284 8faeacf8ca08f62d e1460af4a7044067 a492bd402afd5c71 9269d2b0d877352d e878efab7c37179e fb2ebcb5335ad2e2 5c8c6d9a1fd4c1e0 a860b682add9de1c 3b6d27775fce1c7b 96e82fa141db9a4b 4f2fffd7528de786 1a05ef8c93af8eed eab15ee21e126f6a de8e1345e8c305c4 48cf88c17ff38c5e 4d7653ea9499eed4 e4a7a996ed6a5a81 2394b08708475900 5d26da95786b3a3a 366a22fce0614fb8 b24820ae14e16a24 bc2ae5f4e5d53e00 72c2a95813ea72bd 148ac4a56a18844d
123,de8e1345e8c305c4 28a2067685cb3e97 047769588be1aea9 8566d15270eb5e83 0451447dd64f6284 1d0f5fdc58e3efb5 95ecdbff44ad0b60 c36c2dce0e6e434f 587e0b2a4811fab1 e1460af4a7044067 a492bd402afd5c71 9269d2b0d877352d e878efab7c37179e fb2ebcb5335ad2e2 5c8c6d9a1fd4c1e0 a860b682add9de1c 3b6d27775fce1c7b 96e82fa141db9a4b 4f2fffd7528de786 1a05ef8c93af8eed eab15ee21e126f6a 48cf88c17ff38c5e 4d7653ea9499eed4 e4a7a996ed6a5a81 2394b08708475900 5d26da95786b3a3a 366a22fce0614fb8 b24820ae14e16a24 8faeacf8ca08f62d bc2ae5f4e5d53e00
124,2e44fbb8bc3d8d71 2bafd15871caae91 36d33c41812ce7dc fc8971756f9ec194 2dd12c230ab22555 c03b11a0cdc3fa39 83f8aca6ee2caabc 059bbdbdb843af6a 27a12f29dceccdbd 120e745e2961b5d5 f28fb3d9880c5d4c 9a439fd1abf95245 c810ac016901e8ac b6cdb608f640e038 a14394322cf7043d d64c06baf5ef1c90 316382267dcd804f 453bc79164d57a01 c015590d6a6fe833 025a148c3a53bd9f 18b1d2d84c97a364 d72363ddd958d906 48f93f9c2c699e19 6e1b6b53c9710940 016da874bd04df55 74244a8703c03720 4c3802a1bd3c842e c28bc62802b90f82 3d93a60f990a0a7c 00d9f8d3f7d412b3
125,48a76e3aff69d605 a860b682add9de1c 1efd7bd8a34a1359 95166957b2c38794 0e45c4c185f35df6 b6e72edcad270be0 ced9c56f2be86774 4d32dae7b43c489a 59c231f8fd21260c 50cb6a6c60ad711a 01b3da54ffb158a0 10ad13170242ecae d7d937303a6d5a9d 65ad9c583823162d a65e30106ea50423 f1a3b8b13e9401c0 dc12cc503ac0eddb 88b62355670ec8f8 01e5a6edcee7deb0 a5d5ba33b5b1dc95 0647acc4602d4e8f fa173131f15f5534 061f3e1feeaa3094 81bd116c786bf9ae 29968e8fd13539f8 bc2ae5f4e5d53e00 43b3338423d7386c 22756be6fd061d4c f209d29f991432f0 65708d542bd01f39
126,45bd99d5d2eef776 eab15ee21e126f6a 9c9a9d45c2ea7ddf a60934e6b473097a 5430097e23000368 133b04350c75770b 26140b225c4f8d3f b05b5f6850cfa158 e1460af4a7044067 a492bd402afd5c71 9269d2b0d877352d e878efab7c37179e fb2ebcb5335ad2e2 5c8c6d9a1fd4c1e0 a860b682add9de1c 3b6d27775fce1c7b a853f13216170123 96e82fa141db9a4b c36c2dce0e6e434f 4f2fffd7528de786 1a05ef8c93af8eed 587e0b2a4811fab1 de8e1345e8c305c4 48cf88c17ff38c5e 4d7653ea9499eed4 e4a7a996ed6a5a81 2394b08708475900 1d0f5fdc58e3efb5 95ecdbff44ad0b60 5d26da95786b3a3a
127,734dabb98795c35c fd57e641d06ebda7 013030fd7d29bf3d 3d93a60f990a0a7c 65254e0d209fd66e e461837f0fb35048 72c2a95813ea72bd c143c095983a65c2 6aefb6531736648a 5b16bae6a0de7c88 892074f7c1ef5d5e 50806199c80e215c b6a1c97f19af78d0 c03b11a0cdc3fa39 7b81f1f2b6ec2e5f b84b6c0b2e4d0306 6a3919ad9ed8197e 366a22fce0614fb8 54a11cbcd7a32af4 34a62e66e05f9a44 b2ee9eea2d974c90 d5952b2e031c4e7e 828f5dfbbf1272ee a0b1f4dd32f3e278 3e8e56f639a5db5b 00e1e2eb13f650e4 7e4a4a1300b77a06 1398b478b71773ed 5057551fc55e9ed2 453bc79164d57a01
128,f2b5098ac9c92da9 a017f3358d5327aa f58ff7f1a6cde683 ddf332f2b55a2a23 db7342eff9200020 b50b4e27b03c7b37 12af6a34778710db 0897dcfae16e280f 1dc7139adba034ec 0bcaac840d5e66d7 e25a1da6ca187350 24e582daf6f87158 c1f2e3a76d388944 ca4de5b8a7bda9df 285657fcdf89f00d b6a1c97f19af78d0 83b911ff0ff45844 e8b87ed7db1bcb1f 3d93a60f990a0a7c d1e21234d7cc61d2 64b31699d7d15934 e403278468d84383 ba5199dba342af68 4d32dae7b43c489a 1fe79c7de59ff6c6 2bafd15871caae91 5b34da30b93eb123 65fac1ba1840000f 3c0873ce078d332b b749972436ac9791
129,047769588be1aea9 0451447dd64f6284 0a79fabc6f5d93c9 3b6d27775fce1c7b a813c15b46ceaf68 5867d40811c0229f 999a52f1d301247c e22c35101e190db9 855f2f0354e102c7 4d32dae7b43c489a f76f44d372517a9a 2e4b00c01d58e79e c1f2e3a76d388944 eec6b281e236b500 8a5635c748344d47 8fc68213b63951dc 47fbe21f5c35c7b4 16b11706660177ff a860b682add9de1c 4b29fc21f912754d f9c6286cff30aaa8 e25a1da6ca187350 d46598813fb437e5 1f4f62844c3cb99c bed3e73d52011f68 d7d937303a6d5a9d 4f915ad69e1dca36 b29ab87af6ea6310 8f578001f9d5f543 ffa9091747ae2466
130,22e8d6734e4121ae 74244a8703c03720 bc27d5dc9bab1c18 c606425856952286 ad06e9eeea8eb4ea 9c9a9d45c2ea7ddf 5057551fc55e9ed2 453bc79164d57a01 83f8aca6ee2caabc 50ba507a268872e1 b50b4e27b03c7b37 a1314cd417504572 bf3ccaba4a3450a8 d72363ddd958d906 fab14d178b24a67f da904d2a54ff8cf2 e7828f0ea9749505 430feb4826a5632e 00d9f8d3f7d412b3 9b2adcf4041227d7 781aaf62a955e4e8 d6ed7e4b14c51296 52e459a551d4ac2d 73f770f2643a2135 4483bbdd3241f11a ee3ed9a3f51336cd af8e70f978cd5aee 6461a9faa871b3ac 61ba7707ef6a5a99 8df3f13d6af34cb3
131,83f8f2fc471cad74 2e4b00c01d58e79e 6204e398d8c7f888 09bbaa171c20bae3 b2ee9eea2d974c90 238ec735a13a3f09 bfb8032f2183d471 7c98dedd223b36c0 ad06e9eeea8eb4ea c1f2e3a76d388944 d64c06baf5ef1c90 1fe79c7de59ff6c6 4577ae048ef1967d 5b4c879fc9c316fb 57113c2a4cacd961 4bed80e56ea2e099 acf5cb026b3c4551 050544c040f46152 cba7e22bb383083a bee46c54461925d0 7e4a4a1300b77a06 64267373570e4ea3 4535ce2e3dced00f 8643165b0f53df11 419b5dc40744fb9b 5057551fc55e9ed2 a0b1f4dd32f3e278 83f8aca6ee2caabc 36d33c41812ce7dc 25145708d494530b
132,047769588be1aea9 4f915ad69e1dca36 aa967ad3c1f65a29 734dabb98795c35c 6aefb6531736648a 00e1e2eb13f650e4 033d905aec273595 e461837f0fb35048 0451447dd64f6284 daa257a37227cd72 09bbaa171c20bae3 10ad13170242ecae 4d29c6922b2d0d56 9b0e8cf8153e3b33 1fe79c7de59ff6c6 2e2904c5373734ae ad06e9eeea8eb4ea 5b4c879fc9c316fb 069e7e25e43deab3 c49d8f84a4f87f8a 765c0695339c3abe 25145708d494530b 95166957b2c38794 0f4c71d341e2d939 03dfe518713e006c 72c2a95813ea72bd 0079f3c74309b582 00d9eb862ba3dfc6 892074f7c1ef5d5e 538c7bb968b2154c
133,74244a8703c03720 047769588be1aea9 c606425856952286 016da874bd04df55 853e36b1550c6274 0688c790d5806540 cc861214a89ef1f4 9c9a9d45c2ea7ddf 7d83ffe83f61bdc4 4d9214c0925e5af8 af8e70f978cd5aee 351c9da399c2b915 fab14d178b24a67f 428f9363fa35882d b78189788d563693 22e8d6734e4121ae bbbd5d2fd957e8f7 430feb4826a5632e 4105533fe46dfba9 d7d937303a6d5a9d e14a893f1918277e 059bbdbdb843af6a 73f770f2643a2135 8f578001f9d5f543 46315cf30aaee51c c6b615b2589e036d 025a148c3a53bd9f 65fac1ba1840000f e878efab7c37179e 6cb9ab508a0678a0
134,58654e3143c6550b 50cb6a6c60ad711a a65e30106ea50423 90ecb28f2edb9d43 ced9c56f2be86774 2e79d45ba4d1540d 1c3b74a02a86467d 8566d15270eb5e83 9f3d2ca16f358290 2e031d83339759b2 6406fcdb7d87b5dc 447fc00f40d71d08 4d29c6922b2d0d56 6899956cd6c683f0 a853f13216170123 ec1b3d7ccd3984d0 f25bfcffedaccf28 4d32dae7b43c489a f76f44d372517a9a 01b3da54ffb158a0 3c565c1fc2316d16 b1dcaca98bb76736 16b11706660177ff ad06e9eeea8eb4ea 3d6880bd12f6613f e25a1da6ca187350 5b4c879fc9c316fb e22c35101e190db9 f48d0fbea7dc2782 9f4e0d572b1f4e6c
135,09bbaa171c20bae3 522bd6887960c25d 0f4c71d341e2d939 40583079f57235a6 25145708d494530b a292248bb2bffb3d 1fe79c7de59ff6c6 ad06e9eeea8eb4ea 64b31699d7d15934 c1f2e3a76d388944 538c7bb968b2154c 393f49286db04aeb 0eafda717681bbdc f209d29f991432f0 1efd7bd8a34a1359 c015590d6a6fe833 095bb1b6ecbd0a50 4d7653ea9499eed4 b3ad55963554f220 5b4c879fc9c316fb 01b3da54ffb158a0 03dfe518713e006c 6c017e548aa138f2 fa173131f15f5534 4d32dae7b43c489a 033d905aec273595 ec1b3d7ccd3984d0 c28bc62802b90f82 0db6584e3bdfa1c4 2e4b00c01d58e79e
136,2e79d45ba4d1540d 47fbe21f5c35c7b4 d0f6c00eec5eb973 72c2a95813ea72bd f2e30efbd27bee51 8699cc5dd4159b69 c143c095983a65c2 ddf332f2b55a2a23 a2805ed52b47b8ec 1f423f368aebf7f3 24e582daf6f87158 a813c15b46ceaf68 8faeacf8ca08f62d 81b639b74256b45b 528161039994b4dc 5430097e23000368 2394b08708475900 a292248bb2bffb3d 9c9a9d45c2ea7ddf a60934e6b473097a 4d32dae7b43c489a eec6b281e236b500 5897953fdf87b60f 8fc68213b63951dc 52370bea1acd0600 f9c6286cff30aaa8 702d8f1064ab3e30 e25a1da6ca187350 3c565c1fc2316d16 1f4f62844c3cb99c
137,5c4b7558c942a224 e6a29676c096f8e8 636224e349e561bf 48a76e3aff69d605 a860b682add9de1c b6e72edcad270be0 59c231f8fd21260c f1a3b8b13e9401c0 95166957b2c38794 3a6e7894dde31c67 24e582daf6f87158 f48d0fbea7dc2782 1efd7bd8a34a1359 3b6d27775fce1c7b f49e13a653cbdad2 0e45c4c185f35df6 6461a9faa871b3ac 976baf0e84752a68 1a8e5d6512d9e2d8 2820628e65a062e2 c015590d6a6fe833 52370bea1acd0600 72b80b099fd64ec4 528161039994b4dc b1e47da7659b675c 50cb6a6c60ad711a 4f915ad69e1dca36 ecb768ef6fd223ca 0f33ce8d8014f308 622f2e4119882c94
138,c08c3765ac609cc0 f705b637f624147e 74e59c5820900b17 a9eef13786610446 ffc688c4c1c2a068 5b34da30b93eb123 b749972436ac9791 44d324ebd3e22ad7 54f55c74d37db3c0 4d417b203b333363 6d80d2e62d01f6bc 2359719a0f40ffac 65fac1ba1840000f 2810fb6f81d1711c e7cad3748e50b0f8 dac29ed8400b50cc f46601a9955f9949 8d58da0e1800dc96 2a06f5614060e3b6 d216e5458ad70e60 00140806971e7a73 005666aa098abe8e a5f55580081236f4 65254e0d209fd66e 05f23e7d05dbf7c2 0eafda717681bbdc bed3e73d52011f68 e14a893f1918277e 1d0f5fdc58e3efb5 29bedd00fb2be056
139,19b4014943e0ad92 d216e5458ad70e60 6406fcdb7d87b5dc 9f3d2ca16f358290 62431fd374eb99fb f29eee8054c061e1 133b04350c75770b 99e833818ec4bbf2 25145708d494530b 6a9aa1bd93e36e66 96445bec1579ec97 069e7e25e43deab3 1dc7139adba034ec 96e82fa141db9a4b 07f22a7ad7e4711d 1d72229ebcc00faf 4535ce2e3dced00f da7d3c2d591c4295 aa0789b403bcd839 9ab90dfc5c9b0b37 1d0f5fdc58e3efb5 95ecdbff44ad0b60 b1dcaca98bb76736 eff60ceea8817dad 2e2904c5373734ae 1398b478b71773ed b6e646c13d0753ae c5830f9d0f1e29e5 3b4a85bac6ead3c8 ad06e9eeea8eb4ea
140,666bdff4faa513ca 3e66b4855d0dddbe 63d509cd2a2e0e47 ce0f56b7190c268a c015590d6a6fe833 855f2f0354e102c7 bf973f9ec3600199 07be6a290720707d e8ad5e31484ef889 8dedff0a79784abc bf3ccaba4a3450a8 1398b478b71773ed a853f13216170123 3c565c1fc2316d16 c1f2e3a76d388944 5b4c879fc9c316fb f48d0fbea7dc2782 24c47959ea77b15b 0f4c71d341e2d939 4f2fffd7528de786 680bb5c5c3bb6ee1 cc507a0d6fcf4a1c cea18be9a89d7a81 4f915ad69e1dca36 172bc0ee09332ae9 a76ffccd2f5df1a7 4d954d933e606b70 7155e5a86136eb02 07f22a7ad7e4711d 4b29fc21f912754d
141,72403ecdfe02bba6 05f23e7d05dbf7c2 0fbd0f422e926816 0d0368139e9a647f 73391e0853c1e040 5b16bae6a0de7c88 f2234bb7ce0c6f59 387e9cd2e5d4ea7d 63d95d5977c2fe98 dc17b07476183764 01020d1b0821f4c7 d35e11d3d1ab3c67 46b99f864d6a075a 796888cc3443006c 09660f466b38b7ba 33856365c271aea4 70776cdd9bb3b7d4 316382267dcd804f 26fc2a95df5659c2 b6d0f83aad4e4dc7 f9c6286cff30aaa8 b6e646c13d0753ae abf90e759d208468 8faeacf8ca08f62d 9d5edf3b993fee50 5a1149fbcbd37376 b749972436ac9791 d216e5458ad70e60 393f49286db04aeb b29ab87af6ea6310
142,ff88049e61f0f4ef 4d417b203b333363 04fda7c9d8971ec0 73f770f2643a2135 d64c06baf5ef1c90 f9c6286cff30aaa8 1f4f62844c3cb99c bed3e73d52011f68 95166957b2c38794 025a148c3a53bd9f 74244a8703c03720 8faeacf8ca08f62d 81b639b74256b45b ad06e9eeea8eb4ea 4c3802a1bd3c842e bd713b37b67866c3 c1f2e3a76d388944 853e36b1550c6274 8f578001f9d5f543 b6e646c13d0753ae 4d32dae7b43c489a c5830f9d0f1e29e5 f76f44d372517a9a a60934e6b473097a a2805ed52b47b8ec eec6b281e236b500 8fc68213b63951dc bd0f175ee98c613e b3e75fdca5ca2f1a 7e4a4a1300b77a06
143,33856365c271aea4 316382267dcd804f 796888cc3443006c d46598813fb437e5 387e9cd2e5d4ea7d abf90e759d208468 72403ecdfe02bba6 16b11706660177ff 05f23e7d05dbf7c2 0fbd0f422e926816 0d0368139e9a647f 26fc2a95df5659c2 73391e0853c1e040 5b16bae6a0de7c88 a14394322cf7043d f2234bb7ce0c6f59 40583079f57235a6 1f4f62844c3cb99c 09660f466b38b7ba 65fac1ba1840000f 942a7d26d81c841f e7cad3748e50b0f8 a292248bb2bffb3d 63d95d5977c2fe98 393f49286db04aeb bd0f175ee98c613e 01020d1b0821f4c7 c28bc62802b90f82 d35e11d3d1ab3c67 9c9a9d45c2ea7ddf
144,6461a9faa871b3ac 976baf0e84752a68 2820628e65a062e2 f48d0fbea7dc2782 1a8e5d6512d9e2d8 ecb768ef6fd223ca 7cea1f637ea3f37d 155600e5f1221f8c 190ab585fd379f0f 3d93a60f990a0a7c 83f8aca6ee2caabc 453bc79164d57a01 7e4a4a1300b77a06 d72363ddd958d906 36d33c41812ce7dc e7828f0ea9749505 5057551fc55e9ed2 c810ac016901e8ac 628accd9be98503c d64c06baf5ef1c90 bc27d5dc9bab1c18 1f4f62844c3cb99c bed3e73d52011f68 5c4b7558c942a224 025a148c3a53bd9f bd9cd6b87a4fe0ce 00d9f8d3f7d412b3 cba7e22bb383083a 4d29c6922b2d0d56 bd0f175ee98c613e
145,0683b6a78f54be75 97d696011258825c 5430097e23000368 47fbe21f5c35c7b4 35488b3b8b781278 1d0f5fdc58e3efb5 d1e21234d7cc61d2 0a79fabc6f5d93c9 855f2f0354e102c7 2e4b00c01d58e79e 72c2a95813ea72bd 5897953fdf87b60f 4b29fc21f912754d f2e30efbd27bee51 eff60ceea8817dad e740c80fce094788 a292248bb2bffb3d c1f2e3a76d388944 a853f13216170123 d3c4a7db726191e0 73f770f2643a2135 01ecc81f6341e902 da7d3c2d591c4295 b26d8664feb18c8c ce0f56b7190c268a 3734d3b0b9232538 dc17b07476183764 39075e303166355e 538c7bb968b2154c d72363ddd958d906
146,3fa57d488e979d74 35488b3b8b781278 42a5cae2a3a45557 d92c0298f76ccf77 0683b6a78f54be75 5430097e23000368 9100ea6cd0e084bf bd9cd6b87a4fe0ce b50b4e27b03c7b37 1d0f5fdc58e3efb5 ae77487a89f2610c db0e648651f4c92b 49b5678e0d1e5bcd f25bfcffedaccf28 bbbd5d2fd957e8f7 7d83ffe83f61bdc4 29bedd00fb2be056 d257d1fbcf43abd5 a853f13216170123 9b2adcf4041227d7 c1f2e3a76d388944 e740c80fce094788 9fbffc521da97c54 ee3ed9a3f51336cd 6461a9faa871b3ac dc12cc503ac0eddb a492bd402afd5c71 01ecc81f6341e902 666bdff4faa513ca 3734d3b0b9232538
147,5c4b7558c942a224 59c231f8fd21260c 404031ab9d5977c4 24e582daf6f87158 0e45c4c185f35df6 b6e72edcad270be0 48a76e3aff69d605 e6a29676c096f8e8 4beacc71024f8b08 ae94d8435a6847f4 a0566ca9daca7778 8dedff0a79784abc 6204e398d8c7f888 2e4b00c01d58e79e 4d32dae7b43c489a bfb8032f2183d471 7c98dedd223b36c0 4577ae048ef1967d 57113c2a4cacd961 d216e5458ad70e60 3c565c1fc2316d16 4bed80e56ea2e099 050544c040f46152 393f49286db04aeb b2ee9eea2d974c90 ec4ef2f727e7a03f bee46c54461925d0 d63b7f083330247f 2e031d83339759b2 9b0e8cf8153e3b33
148,10ad13170242ecae 4a5ac473c9d176ba 1ba7a50457e93996 5570ef88d970e9b4 e7cad3748e50b0f8 3734d3b0b9232538 e7dd56376be2cf1c 3d93a60f990a0a7c 7e4a4a1300b77a06 5057551fc55e9ed2 453bc79164d57a01 238ec735a13a3f09 83f8aca6ee2caabc 36d33c41812ce7dc c810ac016901e8ac 5430097e23000368 a1314cd417504572 2bafd15871caae91 d72363ddd958d906 d64c06baf5ef1c90 2dd12c230ab22555 da904d2a54ff8cf2 e7828f0ea9749505 f28fb3d9880c5d4c cc861214a89ef1f4 0c2eeab1e4ce1db8 42c9b72cc77dcb28 00d9f8d3f7d412b3 9b2adcf4041227d7 22e8d6734e4121ae
149,0add47a043c64d7f 419b5dc40744fb9b 1fe79c7de59ff6c6 97d696011258825c b05b5f6850cfa158 6899956cd6c683f0 88b62355670ec8f8 b84b6c0b2e4d0306 22dc81380cf4baec f209d29f991432f0 f25bfcffedaccf28 eff60ceea8817dad f49e13a653cbdad2 99e833818ec4bbf2 f2e30efbd27bee51 d16da1fb61813db9 e8b87ed7db1bcb1f 3e8e56f639a5db5b 455fde214d16d350 4b05967001421eab a2805ed52b47b8ec d1e21234d7cc61d2 16b11706660177ff 5547f9f1638ac345 e1460af4a7044067 bb7515be835dea49 72b80b099fd64ec4 7f95168400948588 3b6d27775fce1c7b d3c4a7db726191e0
150,45630e1451157ff3 2e79d45ba4d1540d 4d7653ea9499eed4 7c8324ce28ffb96e 72b80b099fd64ec4 90ecb28f2edb9d43 1efd7bd8a34a1359 d0f6c00eec5eb973 9f3d2ca16f358290 2e031d83339759b2 8699cc5dd4159b69 447fc00f40d71d08 a2805ed52b47b8ec 47fbe21f5c35c7b4 f2e30efbd27bee51 72c2a95813ea72bd 455fde214d16d350 c143c095983a65c2 5c4b7558c942a224 8faeacf8ca08f62d 95166957b2c38794 1d0f5fdc58e3efb5 95ecdbff44ad0b60 a292248bb2bffb3d b6e646c13d0753ae c5830f9d0f1e29e5 5430097e23000368 b1dcaca98bb76736 393f49286db04aeb f9c6286cff30aaa8
151,c49d8f84a4f87f8a 734dabb98795c35c c1f2e3a76d388944 04886579947a80c2 2e2904c5373734ae 0a79fabc6f5d93c9 00e1e2eb13f650e4 8a5635c748344d47 5430097e23000368 b84b6c0b2e4d0306 6a3919ad9ed8197e 72c2a95813ea72bd 366a22fce0614fb8 892074f7c1ef5d5e 54a11cbcd7a32af4 34a62e66e05f9a44 b2ee9eea2d974c90 d5952b2e031c4e7e 828f5dfbbf1272ee a0b1f4dd32f3e278 c143c095983a65c2 585f4ee09d8fea46 19b4014943e0ad92 0079f3c74309b582 3986b68500d7704b 1398b478b71773ed 00d9eb862ba3dfc6 013030fd7d29bf3d 428f9363fa35882d 765c0695339c3abe
152,c5830f9d0f1e29e5 a2805ed52b47b8ec b6e646c13d0753ae 0eb4de784c8dd679 b1dcaca98bb76736 95ecdbff44ad0b60 f76f44d372517a9a 5c8c6d9a1fd4c1e0 eec6b281e236b500 587e0b2a4811fab1 4491016efed845f1 f9c6286cff30aaa8 e25a1da6ca187350 7c98dedd223b36c0 b29ab87af6ea6310 8f578001f9d5f543 9cf6709de35bf0f3 8faeacf8ca08f62d 4b29fc21f912754d c1f2e3a76d388944 ca4de5b8a7bda9df 6204e398d8c7f888 ce2fe99a7cda4a17 702d8f1064ab3e30 c6b615b2589e036d 0e45c4c185f35df6 ec1b3d7ccd3984d0 a5d5ba33b5b1dc95 a60934e6b473097a 855f2f0354e102c7
153,16b11706660177ff b3ad55963554f220 1f4f62844c3cb99c 942a7d26d81c841f eec6b281e236b500 8fc68213b63951dc 40583079f57235a6 393f49286db04aeb a52df8083c238c46 d46598813fb437e5 0db6584e3bdfa1c4 bed3e73d52011f68 b29ab87af6ea6310 81b639b74256b45b 8f578001f9d5f543 ffa9091747ae2466 8faeacf8ca08f62d 4d32dae7b43c489a 64b31699d7d15934 f76f44d372517a9a a60934e6b473097a 095bb1b6ecbd0a50 853e36b1550c6274 26fc2a95df5659c2 a292248bb2bffb3d 3c565c1fc2316d16 bb7515be835dea49 e25a1da6ca187350 ec4ef2f727e7a03f a813c15b46ceaf68
154,0897dcfae16e280f f29eee8054c061e1 0bcaac840d5e66d7 ddf332f2b55a2a23 b6a1c97f19af78d0 01ecc81f6341e902 6a3919ad9ed8197e 285657fcdf89f00d f58ff7f1a6cde683 2bafd15871caae91 d3c4a7db726191e0 73f770f2643a2135 9fbffc521da97c54 b26d8664feb18c8c ce0f56b7190c268a 3734d3b0b9232538 4dba7ce835494a63 538c7bb968b2154c 2394b08708475900 5d26da95786b3a3a bc2ae5f4e5d53e00 22756be6fd061d4c a9dad59c7055b56c a18df74d3a16e9c0 b84b6c0b2e4d0306 97d696011258825c 09bbaa171c20bae3 366a22fce0614fb8 5ebb4d2f5f1c1f13 a2805ed52b47b8ec
155,40583079f57235a6 5b34da30b93eb123 a9eef13786610446 ffc688c4c1c2a068 b3ad55963554f220 c08c3765ac609cc0 74e59c5820900b17 005666aa098abe8e 0eafda717681bbdc 65254e0d209fd66e b749972436ac9791 f705b637f624147e 64b31699d7d15934 2a06f5614060e3b6 44d324ebd3e22ad7 00140806971e7a73 54f55c74d37db3c0 2810fb6f81d1711c dac29ed8400b50cc 29bedd00fb2be056 d5805cdb9e8f0f48 a292248bb2bffb3d a52df8083c238c46 7b81f1f2b6ec2e5f 65fac1ba1840000f 4d417b203b333363 6aac5e116b75aa22 197fa50b30d91fe8 1f4f62844c3cb99c 0d0368139e9a647f
156,f25bfcffedaccf28 538c7bb968b2154c eff60ceea8817dad d16da1fb61813db9 e7828f0ea9749505 4bed80e56ea2e099 dc12cc503ac0eddb bb7515be835dea49 419b5dc40744fb9b 99e833818ec4bbf2 29bedd00fb2be056 24c47959ea77b15b d5952b2e031c4e7e 9f4e0d572b1f4e6c 9b2adcf4041227d7 1c3b74a02a86467d 97d696011258825c 0a79fabc6f5d93c9 05e4165a56bf50eb 57113c2a4cacd961 f209d29f991432f0 393f49286db04aeb 54a11cbcd7a32af4 8566d15270eb5e83 9c9a9d45c2ea7ddf 0772e3ab293a1f30 b6e646c13d0753ae a292248bb2bffb3d b1dcaca98bb76736 64b31699d7d15934
157,aa967ad3c1f65a29 6aefb6531736648a e461837f0fb35048 1d0f5fdc58e3efb5 734dabb98795c35c 033d905aec273595 3b4a85bac6ead3c8 e740c80fce094788 04886579947a80c2 2e2904c5373734ae da7d3c2d591c4295 8faeacf8ca08f62d a853f13216170123 c49d8f84a4f87f8a e36475c1af5ea3ab 666bdff4faa513ca d1e21234d7cc61d2 eff60ceea8817dad 0683b6a78f54be75 95ecdbff44ad0b60 b6cdb608f640e038 72c2a95813ea72bd 892074f7c1ef5d5e b6e646c13d0753ae c5830f9d0f1e29e5 a2805ed52b47b8ec 64907c4568244eb4 c143c095983a65c2 98dbd15aa33ebc18 585f4ee09d8fea46
158,6aefb6531736648a e461837f0fb35048 aa967ad3c1f65a29 033d905aec273595 734dabb98795c35c 72c2a95813ea72bd c143c095983a65c2 05e4165a56bf50eb daa257a37227cd72 4f915ad69e1dca36 6a3919ad9ed8197e 047769588be1aea9 0b0021aa60d05daa 2b48ab08c915c0ad 64267373570e4ea3 00958a140c3a6de8 52aa48c07b34dc88 10ad13170242ecae 576dd429db946393 dc17b07476183764 7f29daa16b9b4cda b0e254dd420faee3 395b26d91f98bd92 af41e2b6da3e7e02 0220a434aa8bf029 01b3da54ffb158a0 455fde214d16d350 5048a37f10cf2d91 0079f3c74309b582 404031ab9d5977c4
159,3734d3b0b9232538 20d283a232dfd13c f2e30efbd27bee51 095bb1b6ecbd0a50 b29ab87af6ea6310 8f578001f9d5f543 46315cf30aaee51c 025a148c3a53bd9f c5830f9d0f1e29e5 6c017e548aa138f2 eec6b281e236b500 8fc68213b63951dc b78189788d563693 528161039994b4dc b3e75fdca5ca2f1a d5805cdb9e8f0f48 73391e0853c1e040 54f55c74d37db3c0 2a06f5614060e3b6 702d8f1064ab3e30 a813c15b46ceaf68 7c98dedd223b36c0 b3ad55963554f220 fc21db75b354a917 1f4f62844c3cb99c bed3e73d52011f68 d7d937303a6d5a9d 7e4a4a1300b77a06 e14a893f1918277e 4d32dae7b43c489a
160,a60934e6b473097a 24e582daf6f87158 1d0f5fdc58e3efb5 d72363ddd958d906 e740c80fce094788 eab15ee21e126f6a d1e21234d7cc61d2 4d32dae7b43c489a 39075e303166355e 3c565c1fc2316d16 393f49286db04aeb f48d0fbea7dc2782 8faeacf8ca08f62d 0195950ce0f47e34 3734d3b0b9232538 a853f13216170123 81b639b74256b45b 666bdff4faa513ca 0db6584e3bdfa1c4 24c47959ea77b15b a860b682add9de1c 3b6d27775fce1c7b 0f4c71d341e2d939 bd713b37b67866c3 64b31699d7d15934 cea18be9a89d7a81 172bc0ee09332ae9 0683b6a78f54be75 522bd6887960c25d 47fbe21f5c35c7b4
161,8faeacf8ca08f62d c1f2e3a76d388944 70ebf53ced736fa4 b6e646c13d0753ae 047769588be1aea9 1d0f5fdc58e3efb5 dea5e9227fbbac29 ad06e9eeea8eb4ea 587e0b2a4811fab1 5f94b027039f4e48 5430097e23000368 f9c6286cff30aaa8 95ecdbff44ad0b60 a76ffccd2f5df1a7 0451447dd64f6284 4f915ad69e1dca36 da011b87595c1019 c5830f9d0f1e29e5 a2805ed52b47b8ec c143c095983a65c2 50cb6a6c60ad711a 0683b6a78f54be75 b1dcaca98bb76736 393f49286db04aeb 4d7653ea9499eed4 999a52f1d301247c 8dedff0a79784abc 1efd7bd8a34a1359 5b4c879fc9c316fb d257d1fbcf43abd5
162,b24820ae14e16a24 0c2eeab1e4ce1db8 b8e2f75014710ced e5fb8dc5c9cb4a19 059bbdbdb843af6a b6cdb608f640e038 a1314cd417504572 2bafd15871caae91 ce0f56b7190c268a f28fb3d9880c5d4c 4d29c6922b2d0d56 00d9f8d3f7d412b3 22e8d6734e4121ae bf3ccaba4a3450a8 0a79fabc6f5d93c9 6e1b6b53c9710940 8a5635c748344d47 c03b11a0cdc3fa39 00958a140c3a6de8 a84cd36608cb8665 5430097e23000368 128d583954b18074 d73a65673e3f1d78 c28bc62802b90f82 702d8f1064ab3e30 3986b68500d7704b 3fa57d488e979d74 ff88049e61f0f4ef e0269da736ddf004 fd30682593995748
163,5dd752753760ced8 898a4921ab9f4cce c1f2e3a76d388944 b1dcaca98bb76736 2e4b00c01d58e79e 4d7653ea9499eed4 522bd6887960c25d a292248bb2bffb3d f209d29f991432f0 387e9cd2e5d4ea7d 1efd7bd8a34a1359 fa173131f15f5534 e7cad3748e50b0f8 855f2f0354e102c7 88b62355670ec8f8 d46598813fb437e5 77e2f7da1f9d3a8f 377c1150c781e37a e0269da736ddf004 dc17b07476183764 8a5635c748344d47 520ec719078be07c edc79e57b20e9036 8faeacf8ca08f62d d1e21234d7cc61d2 5430097e23000368 1d0f5fdc58e3efb5 95ecdbff44ad0b60 b84b6c0b2e4d0306 6a3919ad9ed8197e
164,af8e70f978cd5aee fab14d178b24a67f 4b8c7061102517ef 059bbdbdb843af6a cc861214a89ef1f4 4105533fe46dfba9 6cb9ab508a0678a0 22e8d6734e4121ae 005666aa098abe8e ecb768ef6fd223ca 6e1b6b53c9710940 3d93a60f990a0a7c 354d7a327bbcc152 0079f3c74309b582 5989fb934598c1a7 e7cad3748e50b0f8 3734d3b0b9232538 f6d23cdd2359f7c0 8e83d05923cde390 05e4165a56bf50eb ce8cb4351b8c0f6e 0195950ce0f47e34 5c4b7558c942a224 04886579947a80c2 95166957b2c38794 00d9eb862ba3dfc6 b05b5f6850cfa158 128d583954b18074 7e4a4a1300b77a06 d73a65673e3f1d78
165,01020d1b0821f4c7 387e9cd2e5d4ea7d 33856365c271aea4 26fc2a95df5659c2 d5952b2e031c4e7e 46b99f864d6a075a abf90e759d208468 f25bfcffedaccf28 796888cc3443006c d46598813fb437e5 bd713b37b67866c3 16b11706660177ff 5fb2d8e734956af0 5879096a38d69fc5 72403ecdfe02bba6 73391e0853c1e040 05f23e7d05dbf7c2 393f49286db04aeb 01ecc81f6341e902 40583079f57235a6 b69ce8b8154645f8 0fbd0f422e926816 050544c040f46152 0d0368139e9a647f 5b16bae6a0de7c88 63d95d5977c2fe98 d35e11d3d1ab3c67 f2234bb7ce0c6f59 0451447dd64f6284 0db6584e3bdfa1c4
166,74ae9af23a383bf5 ae000f9d0b5e104e 8e0cc5199a0ee659 576dd429db946393 204ec91c39d1479d 9100ea6cd0e084bf 0f4c71d341e2d939 1f423f368aebf7f3 16b11706660177ff 4d954d933e606b70 24e582daf6f87158 f25bfcffedaccf28 4d32dae7b43c489a 5b4c879fc9c316fb 3c565c1fc2316d16 72b80b099fd64ec4 81b639b74256b45b b69ce8b8154645f8 a60934e6b473097a b84b6c0b2e4d0306 7f95168400948588 6899956cd6c683f0 45bd99d5d2eef776 92f42fbd0c38f7fd 8faeacf8ca08f62d a860b682add9de1c f209d29f991432f0 1d72229ebcc00faf b05b5f6850cfa158 bd713b37b67866c3
167,c08c3765ac609cc0 e7cad3748e50b0f8 f705b637f624147e 74e59c5820900b17 a9eef13786610446 bed3e73d52011f68 ffc688c4c1c2a068 65fac1ba1840000f 2810fb6f81d1711c 74244a8703c03720 5b34da30b93eb123 27a12f29dceccdbd bc27d5dc9bab1c18 b749972436ac9791 a14394322cf7043d 83f8aca6ee2caabc 36d33c41812ce7dc bd0f175ee98c613e 316382267dcd804f c810ac016901e8ac 44d324ebd3e22ad7 d64c06baf5ef1c90 54f55c74d37db3c0 9100ea6cd0e084bf 4d417b203b333363 18b1d2d84c97a364 6d80d2e62d01f6bc b3e75fdca5ca2f1a 2359719a0f40ffac e14a893f1918277e
168,f25bfcffedaccf28 c11b97f245a9dfd0 22756be6fd061d4c 16b11706660177ff 52aa48c07b34dc88 72b80b099fd64ec4 7f95168400948588 6899956cd6c683f0 a0566ca9daca7778 b84b6c0b2e4d0306 0add47a043c64d7f 45bd99d5d2eef776 92f42fbd0c38f7fd a9dad59c7055b56c 1d72229ebcc00faf b05b5f6850cfa158 cc0c9419f8a20603 65708d542bd01f39 ca43e349133fc0e3 19e8f436d4b2fc25 af41e2b6da3e7e02 5547f9f1638ac345 43c354dbf952caaa a52df8083c238c46 430feb4826a5632e 2cebd52b41930f0a 65ad9c583823162d b69ce8b8154645f8 29bedd00fb2be056 999a52f1d301247c
169,43c354dbf952caaa 0f33ce8d8014f308 3734d3b0b9232538 d72363ddd958d906 f2e30efbd27bee51 5430097e23000368 f76f44d372517a9a f25bfcffedaccf28 9c9a9d45c2ea7ddf 3d93a60f990a0a7c 7e4a4a1300b77a06 9cf6709de35bf0f3 5057551fc55e9ed2 453bc79164d57a01 16b11706660177ff 238ec735a13a3f09 83f8aca6ee2caabc 36d33c41812ce7dc b05b5f6850cfa158 c810ac016901e8ac a1314cd417504572 2bafd15871caae91 f44f74b3451aa593 fa173131f15f5534 d64c06baf5ef1c90 72b80b099fd64ec4 7f95168400948588 2dd12c230ab22555 39075e303166355e da904d2a54ff8cf2
170,3fa57d488e979d74 42a5cae2a3a45557 54f55c74d37db3c0 65fac1ba1840000f 74e59c5820900b17 f705b637f624147e 5b34da30b93eb123 2810fb6f81d1711c 39075e303166355e e7cad3748e50b0f8 f46601a9955f9949 bed3e73d52011f68 64b31699d7d15934 0eafda717681bbdc d92c0298f76ccf77 955e465ce0788ea6 2a06f5614060e3b6 b749972436ac9791 e14a893f1918277e c08c3765ac609cc0 8d58da0e1800dc96 ffc688c4c1c2a068 2359719a0f40ffac a9eef13786610446 1f423f368aebf7f3 9c9ebf71707d7a37 46315cf30aaee51c 00140806971e7a73 c6b615b2589e036d bd9cd6b87a4fe0ce
171,fa173131f15f5534 4e966bb2768c2b8a 6204e398d8c7f888 34a62e66e05f9a44 a982b5c3aed39396 fb8bd6b95eb4702a 57113c2a4cacd961 f76f44d372517a9a 16b11706660177ff eec6b281e236b500 8fc68213b63951dc e25a1da6ca187350 e22c35101e190db9 d7d937303a6d5a9d 9cf6709de35bf0f3 a65e30106ea50423 f9c6286cff30aaa8 81b639b74256b45b 7c98dedd223b36c0 ca4de5b8a7bda9df e878efab7c37179e 4577ae048ef1967d 5c8c6d9a1fd4c1e0 d3c4a7db726191e0 73f770f2643a2135 1f4f62844c3cb99c bed3e73d52011f68 b29ab87af6ea6310 8f578001f9d5f543 ffa9091747ae2466
172,c1f2e3a76d388944 1efd7bd8a34a1359 40583079f57235a6 10ad13170242ecae ac9ee0c09b538140 a2c35fdf07a13286 52aa48c07b34dc88 b3ad55963554f220 01b3da54ffb158a0 8faeacf8ca08f62d a292248bb2bffb3d 4d7653ea9499eed4 522bd6887960c25d f209d29f991432f0 2e4b00c01d58e79e 0eafda717681bbdc 393f49286db04aeb 413c55a5ab86881a 72c2a95813ea72bd 387e9cd2e5d4ea7d 942a7d26d81c841f c28bc62802b90f82 589ef345cb2dccfc c5830f9d0f1e29e5 4c0eee2c1a5e76e2 447fc00f40d71d08 095bb1b6ecbd0a50 528161039994b4dc 96e82fa141db9a4b daa257a37227cd72
173,a860b682add9de1c da011b87595c1019 828f5dfbbf1272ee a982b5c3aed39396 83f8f2fc471cad74 5c4b7558c942a224 e6a29676c096f8e8 4beacc71024f8b08 a0566ca9daca7778 b84b6c0b2e4d0306 ec4ef2f727e7a03f 48a76e3aff69d605 59c231f8fd21260c 404031ab9d5977c4 ae94d8435a6847f4 b69ce8b8154645f8 81b639b74256b45b 2e4b00c01d58e79e 0e45c4c185f35df6 b6e72edcad270be0 6a3919ad9ed8197e 4d32dae7b43c489a f76f44d372517a9a a60934e6b473097a 377c1150c781e37a eec6b281e236b500 8fc68213b63951dc 34a62e66e05f9a44 16b11706660177ff 8dedff0a79784abc
174,0d0368139e9a647f 65254e0d209fd66e a9eef13786610446 00140806971e7a73 ffc688c4c1c2a068 1ba7a50457e93996 005666aa098abe8e a5f55580081236f4 5b34da30b93eb123 b749972436ac9791 2810fb6f81d1711c f2234bb7ce0c6f59 dac29ed8400b50cc 72403ecdfe02bba6 b760ebc5f25788d3 09660f466b38b7ba 74e59c5820900b17 70776cdd9bb3b7d4 db7342eff9200020 05f23e7d05dbf7c2 c08c3765ac609cc0 44d324ebd3e22ad7 8700059e85433b32 18b1d2d84c97a364 6aac5e116b75aa22 4d417b203b333363 9d5edf3b993fee50 fc16a50ff0baec53 2359719a0f40ffac d35e11d3d1ab3c67
175,feddfcf56818968e ac9ee0c09b538140 a2805ed52b47b8ec 6e239f4dd4b6aed7 055d895a3b26e466 666bdff4faa513ca 65fac1ba1840000f d0f6c00eec5eb973 74e59c5820900b17 5d26da95786b3a3a f705b637f624147e c08c3765ac609cc0 da904d2a54ff8cf2 54f55c74d37db3c0 ffc688c4c1c2a068 6d80d2e62d01f6bc 2359719a0f40ffac 16b11706660177ff 5b34da30b93eb123 589ef345cb2dccfc a9eef13786610446 b749972436ac9791 2810fb6f81d1711c e7cad3748e50b0f8 50806199c80e215c 4d417b203b333363 428f9363fa35882d b371170568146b12 abf90e759d208468 8d58da0e1800dc96
176,f48d0fbea7dc2782 3d93a60f990a0a7c 1a8e5d6512d9e2d8 24e582daf6f87158 2820628e65a062e2 6461a9faa871b3ac 976baf0e84752a68 3c565c1fc2316d16 ecb768ef6fd223ca 9f4e0d572b1f4e6c 155600e5f1221f8c a492bd402afd5c71 7cea1f637ea3f37d 24c47959ea77b15b 0f4c71d341e2d939 4d32dae7b43c489a cea18be9a89d7a81 9c9a9d45c2ea7ddf 172bc0ee09332ae9 190ab585fd379f0f a76ffccd2f5df1a7 4d954d933e606b70 4b29fc21f912754d ddf332f2b55a2a23 b6e72edcad270be0 3e66b4855d0dddbe 48a76e3aff69d605 4d9214c0925e5af8 404031ab9d5977c4 393f49286db04aeb
177,00140806971e7a73 0d0368139e9a647f 72403ecdfe02bba6 05f23e7d05dbf7c2 f2234bb7ce0c6f59 09660f466b38b7ba 0fbd0f422e926816 70776cdd9bb3b7d4 b749972436ac9791 d35e11d3d1ab3c67 387e9cd2e5d4ea7d a9eef13786610446 9d5edf3b993fee50 5b34da30b93eb123 73391e0853c1e040 5b16bae6a0de7c88 65254e0d209fd66e ffc688c4c1c2a068 c08c3765ac609cc0 6aac5e116b75aa22 e7cad3748e50b0f8 005666aa098abe8e a5f55580081236f4 63d95d5977c2fe98 01020d1b0821f4c7 2810fb6f81d1711c f705b637f624147e 46b99f864d6a075a dac29ed8400b50cc b760ebc5f25788d3
178,781aaf62a955e4e8 a65e30106ea50423 58654e3143c6550b bd9cd6b87a4fe0ce 1c3b74a02a86467d ced9c56f2be86774 b6cdb608f640e038 a982b5c3aed39396 5f94b027039f4e48 8566d15270eb5e83 6aac5e116b75aa22 b84b6c0b2e4d0306 680bb5c5c3bb6ee1 4d29c6922b2d0d56 486dd77002936dec ec4ef2f727e7a03f da7d3c2d591c4295 6406fcdb7d87b5dc a0566ca9daca7778 3b4a85bac6ead3c8 66ccd03c9e03ac06 bc2ae5f4e5d53e00 d46598813fb437e5 e740c80fce094788 39f6296778264878 8df3f13d6af34cb3 2e031d83339759b2 a18df74d3a16e9c0 db69d4cbfef8d22f 70ebf53ced736fa4
179,05e4165a56bf50eb 520ec719078be07c 26140b225c4f8d3f 04fda7c9d8971ec0 c96049ed915ced0a b1dcaca98bb76736 2e031d83339759b2 e7cad3748e50b0f8 855f2f0354e102c7 88b62355670ec8f8 77e2f7da1f9d3a8f da7d3c2d591c4295 377c1150c781e37a e0269da736ddf004 5dd752753760ced8 8a5635c748344d47 edc79e57b20e9036 e36475c1af5ea3ab eff60ceea8817dad b6cdb608f640e038 a292248bb2bffb3d 64907c4568244eb4 98dbd15aa33ebc18 bee46c54461925d0 734dabb98795c35c 65254e0d209fd66e d1e21234d7cc61d2 6e1b6b53c9710940 f05fa5f57dc03e81 c03b11a0cdc3fa39
180,9b2adcf4041227d7 3a6e7894dde31c67 a860b682add9de1c 4f915ad69e1dca36 24e582daf6f87158 da011b87595c1019 3b6d27775fce1c7b 0f33ce8d8014f308 0451447dd64f6284 c015590d6a6fe833 52370bea1acd0600 50cb6a6c60ad711a 9b0e8cf8153e3b33 8faeacf8ca08f62d 285657fcdf89f00d 8dedff0a79784abc c143c095983a65c2 e9c20b67a4c5395f 7c8324ce28ffb96e 35488b3b8b781278 1d0f5fdc58e3efb5 95ecdbff44ad0b60 28a2067685cb3e97 b6a1c97f19af78d0 b6e646c13d0753ae c5830f9d0f1e29e5 a2805ed52b47b8ec 128d583954b18074 d73a65673e3f1d78 b1dcaca98bb76736
181,73391e0853c1e040 2a06f5614060e3b6 095bb1b6ecbd0a50 b6cdb608f640e038 7c98dedd223b36c0 6c017e548aa138f2 eec6b281e236b500 8fc68213b63951dc c11b97f245a9dfd0 da7d3c2d591c4295 20d283a232dfd13c b3e75fdca5ca2f1a d5805cdb9e8f0f48 a52df8083c238c46 54f55c74d37db3c0 702d8f1064ab3e30 b3ad55963554f220 1f4f62844c3cb99c bed3e73d52011f68 d7d937303a6d5a9d e14a893f1918277e b29ab87af6ea6310 8f578001f9d5f543 46315cf30aaee51c c6b615b2589e036d 7f95168400948588 81b639b74256b45b 4491016efed845f1 025a148c3a53bd9f c606425856952286
182,b0b5e62a93a2c37c 9f27aa36c1ea793c 2dd12c230ab22555 cba7e22bb383083a f05fa5f57dc03e81 537a55eda51a3f60 430feb4826a5632e 73f770f2643a2135 74244a8703c03720 e36475c1af5ea3ab d6ed7e4b14c51296 ae94d8435a6847f4 64907c4568244eb4 a04d6febd82a4389 b8e2f75014710ced 702d8f1064ab3e30 ad06e9eeea8eb4ea bd713b37b67866c3 6a3919ad9ed8197e 7c9248ed6224aa26 f58ff7f1a6cde683 acae1d29289b1266 00958a140c3a6de8 3d93a60f990a0a7c 7e4a4a1300b77a06 5057551fc55e9ed2 453bc79164d57a01 238ec735a13a3f09 83f8aca6ee2caabc 36d33c41812ce7dc
183,b6cdb608f640e038 238ec735a13a3f09 61ba7707ef6a5a99 3d93a60f990a0a7c 5057551fc55e9ed2 ddf332f2b55a2a23 8abe670908f12614 74873b42602d8958 d64c7c3b658689f4 a1314cd417504572 b78189788d563693 e8b87ed7db1bcb1f db0e648651f4c92b 8dc313a2cf9da354 453bc79164d57a01 49b5678e0d1e5bcd e8684734f2e587bd fc16a50ff0baec53 b0bfe0f426275870 bbbd5d2fd957e8f7 36d33c41812ce7dc 60a070db9f1869b5 c810ac016901e8ac d64c06baf5ef1c90 033d905aec273595 da904d2a54ff8cf2 b6e646c13d0753ae e7828f0ea9749505 da011b87595c1019 8bf446c0455e3c5c
184,e25a1da6ca187350 1dc7139adba034ec c1f2e3a76d388944 ca4de5b8a7bda9df 83b911ff0ff45844 e8b87ed7db1bcb1f d1e21234d7cc61d2 e403278468d84383 ba5199dba342af68 1fe79c7de59ff6c6 24e582daf6f87158 3c0873ce078d332b 4d32dae7b43c489a 3c565c1fc2316d16 393f49286db04aeb f48d0fbea7dc2782 8faeacf8ca08f62d 81b639b74256b45b 0db6584e3bdfa1c4 24c47959ea77b15b a860b682add9de1c 3b6d27775fce1c7b 0f4c71d341e2d939 bd713b37b67866c3 64b31699d7d15934 cea18be9a89d7a81 a60934e6b473097a 172bc0ee09332ae9 522bd6887960c25d 47fbe21f5c35c7b4
185,74ae9af23a383bf5 ae000f9d0b5e104e 65254e0d209fd66e 576dd429db946393 8e0cc5199a0ee659 204ec91c39d1479d 1f423f368aebf7f3 c606425856952286 016da874bd04df55 74244a8703c03720 853e36b1550c6274 3d93a60f990a0a7c 0688c790d5806540 0f4c71d341e2d939 9c9a9d45c2ea7ddf 047769588be1aea9 4d9214c0925e5af8 4d954d933e606b70 351c9da399c2b915 5b4c879fc9c316fb b69ce8b8154645f8 428f9363fa35882d b78189788d563693 f209d29f991432f0 d7d937303a6d5a9d e14a893f1918277e 8f578001f9d5f543 46315cf30aaee51c c6b615b2589e036d 025a148c3a53bd9f
186,63d509cd2a2e0e47 07be6a290720707d e8ad5e31484ef889 3e66b4855d0dddbe 1398b478b71773ed bf973f9ec3600199 8dedff0a79784abc 680bb5c5c3bb6ee1 ce0f56b7190c268a 4f915ad69e1dca36 bf3ccaba4a3450a8 b6e646c13d0753ae c5830f9d0f1e29e5 a2805ed52b47b8ec d216e5458ad70e60 a5f55580081236f4 0eb4de784c8dd679 4b29fc21f912754d b05b5f6850cfa158 0eedb1a0d3b8ddae cea18be9a89d7a81 bbbd5d2fd957e8f7 47fbe21f5c35c7b4 52370bea1acd0600 4d7653ea9499eed4 9a0f5ee4f845c9b2 5fb2d8e734956af0 c28bc62802b90f82 702d8f1064ab3e30 3986b68500d7704b
187,9ab90dfc5c9b0b37 7f29daa16b9b4cda ce8cb4351b8c0f6e 04886579947a80c2 b84b6c0b2e4d0306 6a3919ad9ed8197e 366a22fce0614fb8 54a11cbcd7a32af4 34a62e66e05f9a44 b2ee9eea2d974c90 d5952b2e031c4e7e 828f5dfbbf1272ee a0b1f4dd32f3e278 5430097e23000368 3e8e56f639a5db5b 00e1e2eb13f650e4 1398b478b71773ed 9a0f5ee4f845c9b2 0bcaac840d5e66d7 52370bea1acd0600 c28bc62802b90f82 702d8f1064ab3e30 3986b68500d7704b 3fa57d488e979d74 ff88049e61f0f4ef e0269da736ddf004 fd30682593995748 4d7653ea9499eed4 942a7d26d81c841f bd0f175ee98c613e
188,16b11706660177ff 0a79fabc6f5d93c9 48f93f9c2c699e19 abf90e759d208468 d46598813fb437e5 f25bfcffedaccf28 ec1b3d7ccd3984d0 4d954d933e606b70 393f49286db04aeb 430feb4826a5632e 65fac1ba1840000f 0db6584e3bdfa1c4 942a7d26d81c841f 796888cc3443006c e22c35101e190db9 33856365c271aea4 9cf6709de35bf0f3 29bedd00fb2be056 4491016efed845f1 9269d2b0d877352d 5c8c6d9a1fd4c1e0 d3c4a7db726191e0 9113e9dc940fb287 22dc81380cf4baec 88b62355670ec8f8 387e9cd2e5d4ea7d b26d8664feb18c8c 0772e3ab293a1f30 8a5635c748344d47 b05b5f6850cfa158
189,4c0eee2c1a5e76e2 74873b42602d8958 26f72a4eb15ea8c0 bbbd5d2fd957e8f7 9c9a9d45c2ea7ddf 00d9f8d3f7d412b3 8abe670908f12614 5057551fc55e9ed2 a1314cd417504572 b05b5f6850cfa158 3d93a60f990a0a7c 7e4a4a1300b77a06 453bc79164d57a01 238ec735a13a3f09 83f8aca6ee2caabc 36d33c41812ce7dc c810ac016901e8ac 5430097e23000368 2bafd15871caae91 d72363ddd958d906 0eedb1a0d3b8ddae d64c06baf5ef1c90 2dd12c230ab22555 da904d2a54ff8cf2 e7828f0ea9749505 f28fb3d9880c5d4c cc861214a89ef1f4 0c2eeab1e4ce1db8 42c9b72cc77dcb28 9b2adcf4041227d7
190,0b774cf90856c4da 52e459a551d4ac2d bc27d5dc9bab1c18 00958a140c3a6de8 453bc79164d57a01 190ab585fd379f0f 22756be6fd061d4c 197fa50b30d91fe8 9b2adcf4041227d7 9c9a9d45c2ea7ddf f25bfcffedaccf28 50ba507a268872e1 b50b4e27b03c7b37 5057551fc55e9ed2 83f8aca6ee2caabc 04fda7c9d8971ec0 29bedd00fb2be056 a1314cd417504572 d72363ddd958d906 dc12cc503ac0eddb da904d2a54ff8cf2 e7828f0ea9749505 00d9f8d3f7d412b3 22e8d6734e4121ae d6ed7e4b14c51296 8dc313a2cf9da354 4483bbdd3241f11a ee3ed9a3f51336cd af8e70f978cd5aee 6461a9faa871b3ac
191,0647acc4602d4e8f 939a1f686ea36c05 0f4c71d341e2d939 87c5481930cfe126 c11b97f245a9dfd0 4d32dae7b43c489a 01b3da54ffb158a0 d7d937303a6d5a9d 65ad9c583823162d a65e30106ea50423 dc12cc503ac0eddb 88b62355670ec8f8 01e5a6edcee7deb0 a5d5ba33b5b1dc95 fa173131f15f5534 061f3e1feeaa3094 29968e8fd13539f8 bc2ae5f4e5d53e00 43b3338423d7386c 22756be6fd061d4c f209d29f991432f0 65708d542bd01f39 0772e3ab293a1f30 1c3b74a02a86467d 3e8e56f639a5db5b f49e13a653cbdad2 99e833818ec4bbf2 1efd7bd8a34a1359 4e966bb2768c2b8a 1d0f5fdc58e3efb5
192,451e7ba901ad661d 537a55eda51a3f60 a84cd36608cb8665 f05fa5f57dc03e81 a1314cd417504572 0b774cf90856c4da e36475c1af5ea3ab 4d954d933e606b70 d6ed7e4b14c51296 64907c4568244eb4 190ab585fd379f0f 7c9248ed6224aa26 00958a140c3a6de8 cc0c9419f8a20603 b05b5f6850cfa158 3b4a85bac6ead3c8 0eedb1a0d3b8ddae 3d93a60f990a0a7c 7e4a4a1300b77a06 5057551fc55e9ed2 453bc79164d57a01 238ec735a13a3f09 83f8aca6ee2caabc 36d33c41812ce7dc c810ac016901e8ac 5430097e23000368 2bafd15871caae91 d72363ddd958d906 d64c06baf5ef1c90 2dd12c230ab22555
193,005666aa098abe8e 0079f3c74309b582 0195950ce0f47e34 964a50d33717c26d 00958a140c3a6de8 395b26d91f98bd92 6899956cd6c683f0 af41e2b6da3e7e02 bd713b37b67866c3 7eec211cc37a1b05 0b0021aa60d05daa 447fc00f40d71d08 8643165b0f53df11 2b48ab08c915c0ad 64267373570e4ea3 d0f6c00eec5eb973 5430097e23000368 52aa48c07b34dc88 00d9eb862ba3dfc6 dc17b07476183764 01b3da54ffb158a0 455fde214d16d350 29bedd00fb2be056 404031ab9d5977c4 0220a434aa8bf029 6e239f4dd4b6aed7 5d26da95786b3a3a 7f29daa16b9b4cda 013030fd7d29bf3d c96049ed915ced0a
194,64907c4568244eb4 fd30682593995748 537a55eda51a3f60 2b48ab08c915c0ad f05fa5f57dc03e81 a1314cd417504572 0b774cf90856c4da 83f8aca6ee2caabc 00d9f8d3f7d412b3 d6ed7e4b14c51296 e36475c1af5ea3ab 7c9248ed6224aa26 28a2067685cb3e97 d72363ddd958d906 238ec735a13a3f09 5dd752753760ced8 e7828f0ea9749505 00ff646ca6637bd7 fc8971756f9ec194 6461a9faa871b3ac 9d5edf3b993fee50 8566d15270eb5e83 a84cd36608cb8665 451e7ba901ad661d 00958a140c3a6de8 120e745e2961b5d5 52e459a551d4ac2d ee3ed9a3f51336cd 24e582daf6f87158 5989fb934598c1a7
195,f48d0fbea7dc2782 1a8e5d6512d9e2d8 2820628e65a062e2 6461a9faa871b3ac 976baf0e84752a68 ecb768ef6fd223ca 155600e5f1221f8c 7cea1f637ea3f37d 190ab585fd379f0f 3d93a60f990a0a7c 898a4921ab9f4cce 00d9f8d3f7d412b3 bd9cd6b87a4fe0ce 4d29c6922b2d0d56 5c4b7558c942a224 628accd9be98503c 49b5678e0d1e5bcd 8faeacf8ca08f62d da7d3c2d591c4295 393f49286db04aeb 24e582daf6f87158 e36475c1af5ea3ab eff60ceea8817dad 95166957b2c38794 1d0f5fdc58e3efb5 95ecdbff44ad0b60 b6cdb608f640e038 47fbe21f5c35c7b4 4b29fc21f912754d a292248bb2bffb3d
196,c015590d6a6fe833 f05fa5f57dc03e81 83f8aca6ee2caabc 9c9a9d45c2ea7ddf 537a55eda51a3f60 bc27d5dc9bab1c18 453bc79164d57a01 d6ed7e4b14c51296 64907c4568244eb4 e36475c1af5ea3ab d72363ddd958d906 e7828f0ea9749505 36d33c41812ce7dc c810ac016901e8ac 5057551fc55e9ed2 27a12f29dceccdbd 4d954d933e606b70 d64c06baf5ef1c90 0cd920bad11c716d 9fbffc521da97c54 a14394322cf7043d 7c9248ed6224aa26 bd0f175ee98c613e 316382267dcd804f 8dc313a2cf9da354 7e4a4a1300b77a06 cba7e22bb383083a 50ba507a268872e1 00958a140c3a6de8 9100ea6cd0e084bf
197,44d324ebd3e22ad7 a017f3358d5327aa cc507a0d6fcf4a1c 3d93a60f990a0a7c 430feb4826a5632e 5048a37f10cf2d91 de35d2410e916471 734dabb98795c35c d980375fbd40c75f b0bfe0f426275870 855f2f0354e102c7 0eb4de784c8dd679 e36475c1af5ea3ab 70776cdd9bb3b7d4 387e9cd2e5d4ea7d 95166957b2c38794 10ad13170242ecae 013030fd7d29bf3d 00d9eb862ba3dfc6 7e4a4a1300b77a06 5057551fc55e9ed2 453bc79164d57a01 238ec735a13a3f09 83f8aca6ee2caabc 36d33c41812ce7dc c810ac016901e8ac 5430097e23000368 a1314cd417504572 2bafd15871caae91 d72363ddd958d906
198,b69ce8b8154645f8 29bedd00fb2be056 622f2e4119882c94 5fb2d8e734956af0 49224aca40e6e5e3 65d44c6393907290 a52df8083c238c46 6a9aa1bd93e36e66 a9dad59c7055b56c 24e582daf6f87158 486dd77002936dec 34a62e66e05f9a44 64b31699d7d15934 033d905aec273595 65708d542bd01f39 106204cd0e07e1b2 40583079f57235a6 f25bfcffedaccf28 ac9ee0c09b538140 63d95d5977c2fe98 b3ad55963554f220 a982b5c3aed39396 393f49286db04aeb 0db6584e3bdfa1c4 999a52f1d301247c 25a3b47fe31bc6b5 4d32dae7b43c489a d46598813fb437e5 955e465ce0788ea6 8faeacf8ca08f62d
199,c08c3765ac609cc0 f705b637f624147e 74e59c5820900b17 a9eef13786610446 ffc688c4c1c2a068 5b34da30b93eb123 b749972436ac9791 44d324ebd3e22ad7 54f55c74d37db3c0 4d417b203b333363 6d80d2e62d01f6bc 2359719a0f40ffac 65fac1ba1840000f 2810fb6f81d1711c e7cad3748e50b0f8 dac29ed8400b50cc f46601a9955f9949 8e0760918e88e4a9 8d58da0e1800dc96 2a06f5614060e3b6 00140806971e7a73 005666aa098abe8e d6ed7e4b14c51296 0220a434aa8bf029 65254e0d209fd66e 05f23e7d05dbf7c2 0eafda717681bbdc bed3e73d52011f68 e14a893f1918277e 29bedd00fb2be056
200,8dedff0a79784abc b6e72edcad270be0 4d954d933e606b70 4f915ad69e1dca36 24e582daf6f87158 9b0e8cf8153e3b33 a60934e6b473097a 2e031d83339759b2 3e66b4855d0dddbe 58654e3143c6550b b6a1c97f19af78d0 52370bea1acd0600 bf973f9ec3600199 63d509cd2a2e0e47 5c4b7558c942a224 d257d1fbcf43abd5 e9c20b67a4c5395f c143c095983a65c2 ebfda3b48083e390 d6bbbd6c4968075a 8faeacf8ca08f62d 5430097e23000368 e6a29676c096f8e8 4beacc71024f8b08 98dbd15aa33ebc18 59c231f8fd21260c 7c8324ce28ffb96e 3b6d27775fce1c7b 404031ab9d5977c4 07be6a290720707d
201,27888817db122597 5547f9f1638ac345 1d0f5fdc58e3efb5 b6e646c13d0753ae c5830f9d0f1e29e5 a2805ed52b47b8ec 430feb4826a5632e bc2ae5f4e5d53e00 047769588be1aea9 a9dad59c7055b56c 0eb4de784c8dd679 4b29fc21f912754d 9c9a9d45c2ea7ddf a017f3358d5327aa 5430097e23000368 39075e303166355e 0451447dd64f6284 8faeacf8ca08f62d 3734d3b0b9232538 d72363ddd958d906 a853f13216170123 95ecdbff44ad0b60 ae000f9d0b5e104e 4d9214c0925e5af8 486dd77002936dec 133b04350c75770b 765c0695339c3abe c143c095983a65c2 26140b225c4f8d3f b1dcaca98bb76736
202,48f93f9c2c699e19 8a5635c748344d47 a2805ed52b47b8ec 3b6d27775fce1c7b d63b7f083330247f 5897953fdf87b60f ec1b3d7ccd3984d0 54a11cbcd7a32af4 a18df74d3a16e9c0 34a62e66e05f9a44 8699cc5dd4159b69 25145708d494530b 366a22fce0614fb8 3d6880bd12f6613f 0a79fabc6f5d93c9 e22c35101e190db9 d5952b2e031c4e7e 09bbaa171c20bae3 3cb6b40d377e7ca8 b84b6c0b2e4d0306 3e8e56f639a5db5b 1d0f5fdc58e3efb5 27bc34b9887bec0d 7155e5a86136eb02 b2ee9eea2d974c90 b1dcaca98bb76736 01b3da54ffb158a0 828f5dfbbf1272ee 03dfe518713e006c 6a3919ad9ed8197e
203,3d93a60f990a0a7c 50ba507a268872e1 bc27d5dc9bab1c18 5057551fc55e9ed2 453bc79164d57a01 83f8aca6ee2caabc a1314cd417504572 d72363ddd958d906 b50b4e27b03c7b37 da904d2a54ff8cf2 e7828f0ea9749505 7c9248ed6224aa26 00d9f8d3f7d412b3 9b2adcf4041227d7 22e8d6734e4121ae d6ed7e4b14c51296 52e459a551d4ac2d 4483bbdd3241f11a ee3ed9a3f51336cd af8e70f978cd5aee 6461a9faa871b3ac 61ba7707ef6a5a99 8df3f13d6af34cb3 c05f45f86d0771d5 8b7c486a910dd004 b0b5e62a93a2c37c 9f27aa36c1ea793c cec2eea2a1fe566a 8dc313a2cf9da354 37001ade0df85823
204,9f4e0d572b1f4e6c 2e031d83339759b2 a492bd402afd5c71 90ecb28f2edb9d43 447fc00f40d71d08 96445bec1579ec97 2e79d45ba4d1540d 5867d40811c0229f 9f3d2ca16f358290 4d9214c0925e5af8 8faeacf8ca08f62d 3c565c1fc2316d16 4b29fc21f912754d a853f13216170123 de8e1345e8c305c4 43b3338423d7386c feddfcf56818968e f48d0fbea7dc2782 5b4c879fc9c316fb 6a3919ad9ed8197e 8a5635c748344d47 b24820ae14e16a24 999a52f1d301247c ced9c56f2be86774 24c47959ea77b15b 39075e303166355e 9c9a9d45c2ea7ddf d72363ddd958d906 486dd77002936dec 0f4c71d341e2d939
205,3e66b4855d0dddbe 63d509cd2a2e0e47 4d954d933e606b70 07be6a290720707d e8ad5e31484ef889 1398b478b71773ed bf973f9ec3600199 8dedff0a79784abc 48a76e3aff69d605 b6e72edcad270be0 680bb5c5c3bb6ee1 3c565c1fc2316d16 95166957b2c38794 f48d0fbea7dc2782 4f915ad69e1dca36 9f4e0d572b1f4e6c a853f13216170123 ce0f56b7190c268a a492bd402afd5c71 24c47959ea77b15b 0f4c71d341e2d939 cea18be9a89d7a81 5c4b7558c942a224 172bc0ee09332ae9 2e031d83339759b2 a860b682add9de1c 486dd77002936dec bf3ccaba4a3450a8 5b4c879fc9c316fb a76ffccd2f5df1a7
206,005666aa098abe8e 0079f3c74309b582 a9eef13786610446 ffc688c4c1c2a068 5b34da30b93eb123 c08c3765ac609cc0 74e59c5820900b17 b749972436ac9791 65254e0d209fd66e 00140806971e7a73 0d0368139e9a647f 2810fb6f81d1711c f705b637f624147e dac29ed8400b50cc 44d324ebd3e22ad7 4d417b203b333363 a5f55580081236f4 05f23e7d05dbf7c2 2359719a0f40ffac f2234bb7ce0c6f59 09660f466b38b7ba 6aac5e116b75aa22 db7342eff9200020 b760ebc5f25788d3 2a06f5614060e3b6 72403ecdfe02bba6 0195950ce0f47e34 70776cdd9bb3b7d4 8700059e85433b32 5fb2d8e734956af0
207,8700059e85433b32 796888cc3443006c 197fa50b30d91fe8 72403ecdfe02bba6 63d95d5977c2fe98 05f23e7d05dbf7c2 b6d0f83aad4e4dc7 0fbd0f422e926816 0d0368139e9a647f 73391e0853c1e040 5b16bae6a0de7c88 f2234bb7ce0c6f59 387e9cd2e5d4ea7d 09660f466b38b7ba 33856365c271aea4 316382267dcd804f 26fc2a95df5659c2 6aac5e116b75aa22 01020d1b0821f4c7 40583079f57235a6 d35e11d3d1ab3c67 46b99f864d6a075a 70776cdd9bb3b7d4 4522ad78bf79f0c9 b3ad55963554f220 59bf6d6df9146d60 22dc81380cf4baec b29ab87af6ea6310 b69ce8b8154645f8 853e36b1550c6274
208,6461a9faa871b3ac 976baf0e84752a68 f48d0fbea7dc2782 1a8e5d6512d9e2d8 2820628e65a062e2 64907c4568244eb4 ecb768ef6fd223ca 190ab585fd379f0f 155600e5f1221f8c 7cea1f637ea3f37d 3d93a60f990a0a7c bbbd5d2fd957e8f7 2b48ab08c915c0ad fd30682593995748 7d83ffe83f61bdc4 da904d2a54ff8cf2 00d9f8d3f7d412b3 a1314cd417504572 537a55eda51a3f60 4d29c6922b2d0d56 50ba507a268872e1 83f8aca6ee2caabc f05fa5f57dc03e81 7c9248ed6224aa26 d72363ddd958d906 d6ed7e4b14c51296 0b774cf90856c4da 5057551fc55e9ed2 4483bbdd3241f11a b50b4e27b03c7b37
209,9f3d2ca16f358290 680bb5c5c3bb6ee1 a65e30106ea50423 47fbe21f5c35c7b4 3c565c1fc2316d16 1c3b74a02a86467d 72c2a95813ea72bd 06de3ca1148b088b 90ecb28f2edb9d43 f2e30efbd27bee51 6899956cd6c683f0 e25a1da6ca187350 b84b6c0b2e4d0306 e22c35101e190db9 d7d937303a6d5a9d 2e79d45ba4d1540d 9cf6709de35bf0f3 eec6b281e236b500 8fc68213b63951dc 7f95168400948588 81b639b74256b45b ca4de5b8a7bda9df f105a53e5cfae611 e878efab7c37179e 5c8c6d9a1fd4c1e0 d3c4a7db726191e0 2e031d83339759b2 f9c6286cff30aaa8 1a05ef8c93af8eed 01e5a6edcee7deb0
210,c1f2e3a76d388944 393f49286db04aeb 8faeacf8ca08f62d 16b11706660177ff 238ec735a13a3f09 0db6584e3bdfa1c4 24e582daf6f87158 abf90e759d208468 d46598813fb437e5 d6ed7e4b14c51296 f25bfcffedaccf28 1d0f5fdc58e3efb5 95ecdbff44ad0b60 47fbe21f5c35c7b4 4b29fc21f912754d 1dc7139adba034ec 4f915ad69e1dca36 d72363ddd958d906 b6e646c13d0753ae c5830f9d0f1e29e5 999a52f1d301247c 351c9da399c2b915 a2805ed52b47b8ec 430feb4826a5632e 4d32dae7b43c489a 65fac1ba1840000f 942a7d26d81c841f 796888cc3443006c 39075e303166355e 33856365c271aea4
211,1f423f368aebf7f3 c03b11a0cdc3fa39 e36475c1af5ea3ab f05fa5f57dc03e81 65254e0d209fd66e 8faeacf8ca08f62d e8b87ed7db1bcb1f 734dabb98795c35c da7d3c2d591c4295 8e0760918e88e4a9 92f42fbd0c38f7fd 47fbe21f5c35c7b4 0a79fabc6f5d93c9 4b29fc21f912754d 855f2f0354e102c7 eff60ceea8817dad 4f915ad69e1dca36 a982b5c3aed39396 1d0f5fdc58e3efb5 95ecdbff44ad0b60 b6cdb608f640e038 c11b97f245a9dfd0 c1f2e3a76d388944 393f49286db04aeb f49e13a653cbdad2 b6e646c13d0753ae c5830f9d0f1e29e5 7b81f1f2b6ec2e5f a2805ed52b47b8ec dc17b07476183764
212,58654e3143c6550b a65e30106ea50423 0079f3c74309b582 ced9c56f2be86774 4d29c6922b2d0d56 1c3b74a02a86467d 8566d15270eb5e83 6406fcdb7d87b5dc d46598813fb437e5 c28bc62802b90f82 0bcaac840d5e66d7 3986b68500d7704b 3fa57d488e979d74 ff88049e61f0f4ef e0269da736ddf004 bd713b37b67866c3 fd30682593995748 2a06f5614060e3b6 39f6296778264878 e25a1da6ca187350 702d8f1064ab3e30 942a7d26d81c841f bd0f175ee98c613e ae94d8435a6847f4 b6d0f83aad4e4dc7 b24820ae14e16a24 622f2e4119882c94 4b8c7061102517ef af8e70f978cd5aee 5ebb4d2f5f1c1f13
213,047769588be1aea9 0451447dd64f6284 83f8aca6ee2caabc 36d33c41812ce7dc c810ac016901e8ac 27a12f29dceccdbd d64c06baf5ef1c90 a14394322cf7043d bd0f175ee98c613e 316382267dcd804f 7e4a4a1300b77a06 cba7e22bb383083a 2e031d83339759b2 9100ea6cd0e084bf 453bc79164d57a01 18b1d2d84c97a364 b3e75fdca5ca2f1a 39075e303166355e 430feb4826a5632e 1f4f62844c3cb99c bed3e73d52011f68 d72363ddd958d906 46315cf30aaee51c c6b615b2589e036d e7828f0ea9749505 025a148c3a53bd9f b6cdb608f640e038 b8e2f75014710ced 016da874bd04df55 b0bfe0f426275870
214,ee3ed9a3f51336cd 5a1149fbcbd37376 dac29ed8400b50cc 5057551fc55e9ed2 4d32dae7b43c489a 01b3da54ffb158a0 00d9f8d3f7d412b3 50ba507a268872e1 d7d937303a6d5a9d 65ad9c583823162d a65e30106ea50423 dc12cc503ac0eddb 88b62355670ec8f8 01e5a6edcee7deb0 a5d5ba33b5b1dc95 0647acc4602d4e8f fa173131f15f5534 061f3e1feeaa3094 29968e8fd13539f8 bc2ae5f4e5d53e00 43b3338423d7386c 22756be6fd061d4c f209d29f991432f0 65708d542bd01f39 0772e3ab293a1f30 8faeacf8ca08f62d 3e8e56f639a5db5b 1c3b74a02a86467d f49e13a653cbdad2 99e833818ec4bbf2
215,1d72229ebcc00faf 9b2adcf4041227d7 7d83ffe83f61bdc4 87c5481930cfe126 3d93a60f990a0a7c 7e4a4a1300b77a06 ae77487a89f2610c 4d32dae7b43c489a 8b7c486a910dd004 a292248bb2bffb3d 528161039994b4dc daa257a37227cd72 8fc68213b63951dc bb7515be835dea49 b05b5f6850cfa158 16b11706660177ff b78189788d563693 393f49286db04aeb a04d6febd82a4389 d5805cdb9e8f0f48 a52df8083c238c46 3d6880bd12f6613f 39075e303166355e b3ad55963554f220 5b4c879fc9c316fb 1f4f62844c3cb99c 8faeacf8ca08f62d d7d937303a6d5a9d b29ab87af6ea6310 8f578001f9d5f543
216,4dba7ce835494a63 148ac4a56a18844d 1d0f5fdc58e3efb5 95ecdbff44ad0b60 c36c2dce0e6e434f 587e0b2a4811fab1 e1460af4a7044067 a492bd402afd5c71 9269d2b0d877352d e878efab7c37179e fb2ebcb5335ad2e2 5c8c6d9a1fd4c1e0 a860b682add9de1c 3b6d27775fce1c7b 96e82fa141db9a4b 4f2fffd7528de786 1a05ef8c93af8eed eab15ee21e126f6a de8e1345e8c305c4 48cf88c17ff38c5e 4d7653ea9499eed4 e4a7a996ed6a5a81 2394b08708475900 0688c790d5806540 5d26da95786b3a3a 366a22fce0614fb8 b24820ae14e16a24 bc2ae5f4e5d53e00 ebfda3b48083e390 72c2a95813ea72bd
217,27a12f29dceccdbd e7828f0ea9749505 bc27d5dc9bab1c18 cba7e22bb383083a c03b11a0cdc3fa39 00af886180e9eaec 538c7bb968b2154c 0cd920bad11c716d 9a439fd1abf95245 b6cdb608f640e038 4bed80e56ea2e099 42c9b72cc77dcb28 db69d4cbfef8d22f 6cb9ab508a0678a0 da7d3c2d591c4295 83f8aca6ee2caabc 36d33c41812ce7dc c810ac016901e8ac d64c06baf5ef1c90 f05fa5f57dc03e81 e36475c1af5ea3ab 9f4e0d572b1f4e6c 7e4a4a1300b77a06 eff60ceea8817dad 24c47959ea77b15b 6e1b6b53c9710940 a14394322cf7043d 453bc79164d57a01 781f4d0147aef776 bd0f175ee98c613e
218,c015590d6a6fe833 a292248bb2bffb3d d1e21234d7cc61d2 a982b5c3aed39396 57113c2a4cacd961 4beacc71024f8b08 9fbffc521da97c54 b05b5f6850cfa158 01b3da54ffb158a0 061f3e1feeaa3094 b26d8664feb18c8c a04d6febd82a4389 54a11cbcd7a32af4 e1460af4a7044067 fb2ebcb5335ad2e2 25145708d494530b ec1b3d7ccd3984d0 b6cdb608f640e038 95d25d38ba7df9c7 22dc81380cf4baec eab15ee21e126f6a 64b31699d7d15934 33856365c271aea4 40583079f57235a6 3ca7964973437917 8699cc5dd4159b69 095bb1b6ecbd0a50 522bd6887960c25d 0add47a043c64d7f 6c017e548aa138f2
219,2e44fbb8bc3d8d71 42c9b72cc77dcb28 351c9da399c2b915 f28fb3d9880c5d4c fc8971756f9ec194 0c2eeab1e4ce1db8 a677c3a76055a6d2 2bafd15871caae91 2dd12c230ab22555 b0b5e62a93a2c37c 00ff646ca6637bd7 120e745e2961b5d5 37001ade0df85823 7b81f1f2b6ec2e5f 197fa50b30d91fe8 40583079f57235a6 a292248bb2bffb3d 9f27aa36c1ea793c ddb3810e0289c148 b3ad55963554f220 c28bc62802b90f82 1f4f62844c3cb99c 65254e0d209fd66e 316382267dcd804f cc861214a89ef1f4 d5805cdb9e8f0f48 0eafda717681bbdc a52df8083c238c46 3d93a60f990a0a7c 413c55a5ab86881a
220,fa173131f15f5534 00d9eb862ba3dfc6 a2805ed52b47b8ec 0195950ce0f47e34 97d696011258825c 39075e303166355e d72363ddd958d906 d3c4a7db726191e0 73f770f2643a2135 01ecc81f6341e902 b26d8664feb18c8c ce0f56b7190c268a dc17b07476183764 8faeacf8ca08f62d 3734d3b0b9232538 538c7bb968b2154c a18df74d3a16e9c0 f29eee8054c061e1 acf5cb026b3c4551 1d0f5fdc58e3efb5 95ecdbff44ad0b60 b84b6c0b2e4d0306 6a3919ad9ed8197e 07d688f5e2142b87 3e8e56f639a5db5b 366a22fce0614fb8 54a11cbcd7a32af4 b6e646c13d0753ae c5830f9d0f1e29e5 5879096a38d69fc5
221,7c9248ed6224aa26 64907c4568244eb4 537a55eda51a3f60 f05fa5f57dc03e81 58654e3143c6550b 50ba507a268872e1 b50b4e27b03c7b37 e36475c1af5ea3ab 5b16bae6a0de7c88 2b48ab08c915c0ad c606425856952286 853e36b1550c6274 0b774cf90856c4da b78189788d563693 fd30682593995748 190ab585fd379f0f 46315cf30aaee51c 016da874bd04df55 025a148c3a53bd9f 892074f7c1ef5d5e 00ff646ca6637bd7 8f578001f9d5f543 d6ed7e4b14c51296 5dd752753760ced8 74244a8703c03720 0688c790d5806540 d7d937303a6d5a9d 047769588be1aea9 c6b615b2589e036d 50806199c80e215c
222,1d0f5fdc58e3efb5 72403ecdfe02bba6 05f23e7d05dbf7c2 e740c80fce094788 0fbd0f422e926816 0d0368139e9a647f 9b2adcf4041227d7 73391e0853c1e040 5b16bae6a0de7c88 f2234bb7ce0c6f59 387e9cd2e5d4ea7d d1e21234d7cc61d2 63d95d5977c2fe98 bf973f9ec3600199 01020d1b0821f4c7 d35e11d3d1ab3c67 46b99f864d6a075a a853f13216170123 d72363ddd958d906 796888cc3443006c 09660f466b38b7ba 666bdff4faa513ca 33856365c271aea4 70776cdd9bb3b7d4 316382267dcd804f 26fc2a95df5659c2 b6d0f83aad4e4dc7 0683b6a78f54be75 abf90e759d208468 9d5edf3b993fee50
223,63d509cd2a2e0e47 07be6a290720707d e8ad5e31484ef889 3e66b4855d0dddbe 1398b478b71773ed bf973f9ec3600199 8dedff0a79784abc 0079f3c74309b582 680bb5c5c3bb6ee1 ce0f56b7190c268a 4f915ad69e1dca36 bf3ccaba4a3450a8 5430097e23000368 da7d3c2d591c4295 e36475c1af5ea3ab eff60ceea8817dad b6cdb608f640e038 64907c4568244eb4 98dbd15aa33ebc18 bee46c54461925d0 734dabb98795c35c 65254e0d209fd66e 6e1b6b53c9710940 f05fa5f57dc03e81 c03b11a0cdc3fa39 0eedb1a0d3b8ddae fd30682593995748 702d8f1064ab3e30 3986b68500d7704b 3fa57d488e979d74
224,d63b7f083330247f e36475c1af5ea3ab f05fa5f57dc03e81 c03b11a0cdc3fa39 734dabb98795c35c a0566ca9daca7778 59c231f8fd21260c da7d3c2d591c4295 d980375fbd40c75f d216e5458ad70e60 3ca7964973437917 e8684734f2e587bd 60a070db9f1869b5 8a5635c748344d47 b6e646c13d0753ae d5952b2e031c4e7e 6e1b6b53c9710940 eff60ceea8817dad 8bf446c0455e3c5c fb8bd6b95eb4702a 3d93a60f990a0a7c 7e4a4a1300b77a06 5057551fc55e9ed2 453bc79164d57a01 238ec735a13a3f09 83f8aca6ee2caabc 36d33c41812ce7dc b6cdb608f640e038 98dbd15aa33ebc18 bee46c54461925d0
225,ecb768ef6fd223ca cc861214a89ef1f4 af8e70f978cd5aee 6461a9faa871b3ac 976baf0e84752a68 fab14d178b24a67f 1a8e5d6512d9e2d8 2820628e65a062e2 f48d0fbea7dc2782 155600e5f1221f8c 22e8d6734e4121ae 4105533fe46dfba9 059bbdbdb843af6a 6cb9ab508a0678a0 7cea1f637ea3f37d 1d0f5fdc58e3efb5 190ab585fd379f0f 3d93a60f990a0a7c 354d7a327bbcc152 e740c80fce094788 430feb4826a5632e bd9cd6b87a4fe0ce bc2ae5f4e5d53e00 4d29c6922b2d0d56 a9dad59c7055b56c a853f13216170123 666bdff4faa513ca 5c4b7558c942a224 628accd9be98503c d1e21234d7cc61d2
226,b3ad55963554f220 1f4f62844c3cb99c eec6b281e236b500 8fc68213b63951dc 40583079f57235a6 0a79fabc6f5d93c9 a52df8083c238c46 bed3e73d52011f68 f76f44d372517a9a b29ab87af6ea6310 8f578001f9d5f543 ffa9091747ae2466 2e031d83339759b2 942a7d26d81c841f 16b11706660177ff 8a5635c748344d47 cc861214a89ef1f4 e25a1da6ca187350 7e4a4a1300b77a06 095bb1b6ecbd0a50 e22c35101e190db9 d7d937303a6d5a9d 853e36b1550c6274 26fc2a95df5659c2 a292248bb2bffb3d 9cf6709de35bf0f3 a65e30106ea50423 81b639b74256b45b ca4de5b8a7bda9df bb7515be835dea49
227,bc2ae5f4e5d53e00 4d32dae7b43c489a 8faeacf8ca08f62d 430feb4826a5632e 828f5dfbbf1272ee 83f8f2fc471cad74 393f49286db04aeb 4e966bb2768c2b8a a9dad59c7055b56c 24e582daf6f87158 a982b5c3aed39396 b69ce8b8154645f8 1d0f5fdc58e3efb5 95ecdbff44ad0b60 47fbe21f5c35c7b4 4b29fc21f912754d 01b3da54ffb158a0 2e4b00c01d58e79e 1dc7139adba034ec b84b6c0b2e4d0306 4f915ad69e1dca36 6a3919ad9ed8197e b6e646c13d0753ae c5830f9d0f1e29e5 377c1150c781e37a 999a52f1d301247c a2805ed52b47b8ec d7d937303a6d5a9d 65ad9c583823162d a65e30106ea50423
228,48a76e3aff69d605 a860b682add9de1c 0e45c4c185f35df6 b6e72edcad270be0 5d26da95786b3a3a 95166957b2c38794 59c231f8fd21260c 10ad13170242ecae f1a3b8b13e9401c0 2394b08708475900 bc2ae5f4e5d53e00 5ebb4d2f5f1c1f13 106204cd0e07e1b2 98dbd15aa33ebc18 e1460af4a7044067 a492bd402afd5c71 ae000f9d0b5e104e 9269d2b0d877352d e878efab7c37179e fb2ebcb5335ad2e2 5c8c6d9a1fd4c1e0 3b6d27775fce1c7b 96e82fa141db9a4b c36c2dce0e6e434f 4f2fffd7528de786 1a05ef8c93af8eed eab15ee21e126f6a 587e0b2a4811fab1 de8e1345e8c305c4 48cf88c17ff38c5e
229,9269d2b0d877352d 316382267dcd804f c28bc62802b90f82 27a12f29dceccdbd a14394322cf7043d 40583079f57235a6 83f8aca6ee2caabc 36d33c41812ce7dc e228204ae08d1355 1f4f62844c3cb99c c810ac016901e8ac d16da1fb61813db9 d64c06baf5ef1c90 dc17b07476183764 2e44fbb8bc3d8d71 486dd77002936dec 025a148c3a53bd9f 18b1d2d84c97a364 bd0f175ee98c613e cc861214a89ef1f4 453bc79164d57a01 016da874bd04df55 d46598813fb437e5 b3e75fdca5ca2f1a 74244a8703c03720 4c3802a1bd3c842e e1460af4a7044067 9100ea6cd0e084bf 39075e303166355e bed3e73d52011f68
230,1d0f5fdc58e3efb5 b8e2f75014710ced e740c80fce094788 e7cad3748e50b0f8 3734d3b0b9232538 0c2eeab1e4ce1db8 e5fb8dc5c9cb4a19 a853f13216170123 666bdff4faa513ca d1e21234d7cc61d2 0683b6a78f54be75 73f770f2643a2135 430feb4826a5632e c015590d6a6fe833 ced9c56f2be86774 74244a8703c03720 ae94d8435a6847f4 ad06e9eeea8eb4ea a04d6febd82a4389 bd713b37b67866c3 702d8f1064ab3e30 6a3919ad9ed8197e da7d3c2d591c4295 0772e3ab293a1f30 f58ff7f1a6cde683 acae1d29289b1266 9fbffc521da97c54 eff60ceea8817dad 455fde214d16d350 e36475c1af5ea3ab
231,f2e30efbd27bee51 e8b87ed7db1bcb1f d1e21234d7cc61d2 9c9ebf71707d7a37 db0e648651f4c92b 49b5678e0d1e5bcd 2359719a0f40ffac 0c15f252d30646fc c1f2e3a76d388944 4b29fc21f912754d 0220a434aa8bf029 8faeacf8ca08f62d 0a79fabc6f5d93c9 855f2f0354e102c7 1d0f5fdc58e3efb5 95ecdbff44ad0b60 2e4b00c01d58e79e 5897953fdf87b60f b6e646c13d0753ae c5830f9d0f1e29e5 a2805ed52b47b8ec b1dcaca98bb76736 393f49286db04aeb f9c6286cff30aaa8 ad06e9eeea8eb4ea 5b4c879fc9c316fb 81bd116c786bf9ae c36c2dce0e6e434f 587e0b2a4811fab1 8699cc5dd4159b69
232,c08c3765ac609cc0 cc861214a89ef1f4 f705b637f624147e 74e59c5820900b17 af8e70f978cd5aee fab14d178b24a67f a9eef13786610446 ffc688c4c1c2a068 5b34da30b93eb123 b749972436ac9791 e7cad3748e50b0f8 44d324ebd3e22ad7 6cb9ab508a0678a0 54f55c74d37db3c0 4105533fe46dfba9 22e8d6734e4121ae 4d417b203b333363 059bbdbdb843af6a 6d80d2e62d01f6bc 2359719a0f40ffac 65fac1ba1840000f 2810fb6f81d1711c dac29ed8400b50cc f46601a9955f9949 ecb768ef6fd223ca 8d58da0e1800dc96 2a06f5614060e3b6 00140806971e7a73 354d7a327bbcc152 005666aa098abe8e
233,db7342eff9200020 0a79fabc6f5d93c9 f25bfcffedaccf28 a017f3358d5327aa 8a5635c748344d47 e14a893f1918277e e7cad3748e50b0f8 8dc313a2cf9da354 0fbd0f422e926816 dc12cc503ac0eddb f58ff7f1a6cde683 e1460af4a7044067 b6d0f83aad4e4dc7 a492bd402afd5c71 9269d2b0d877352d e878efab7c37179e fb2ebcb5335ad2e2 5c8c6d9a1fd4c1e0 a860b682add9de1c 3b6d27775fce1c7b 96e82fa141db9a4b c36c2dce0e6e434f 4f2fffd7528de786 57113c2a4cacd961 1a05ef8c93af8eed eab15ee21e126f6a 587e0b2a4811fab1 de8e1345e8c305c4 48cf88c17ff38c5e 4d7653ea9499eed4
234,26f72a4eb15ea8c0 50ba507a268872e1 b50b4e27b03c7b37 cec2eea2a1fe566a 4c0eee2c1a5e76e2 74873b42602d8958 00d9f8d3f7d412b3 5057551fc55e9ed2 9c9a9d45c2ea7ddf a1314cd417504572 bbbd5d2fd957e8f7 120e745e2961b5d5 bc27d5dc9bab1c18 d64c7c3b658689f4 36d33c41812ce7dc 0cd920bad11c716d 2b48ab08c915c0ad 453bc79164d57a01 83f8aca6ee2caabc d72363ddd958d906 da904d2a54ff8cf2 e7828f0ea9749505 4b8c7061102517ef 8abe670908f12614 9b2adcf4041227d7 22e8d6734e4121ae 7c9248ed6224aa26 d6ed7e4b14c51296 537a55eda51a3f60 52e459a551d4ac2d
235,f1a3b8b13e9401c0 59c231f8fd21260c 48a76e3aff69d605 a0566ca9daca7778 72b80b099fd64ec4 1d72229ebcc00faf b1e47da7659b675c b6e72edcad270be0 d5952b2e031c4e7e 1efd7bd8a34a1359 f25bfcffedaccf28 05e4165a56bf50eb 95166957b2c38794 16b11706660177ff 5879096a38d69fc5 7f95168400948588 01020d1b0821f4c7 b05b5f6850cfa158 6899956cd6c683f0 01ecc81f6341e902 b84b6c0b2e4d0306 5fb2d8e734956af0 0add47a043c64d7f 45bd99d5d2eef776 92f42fbd0c38f7fd cc0c9419f8a20603 c11b97f245a9dfd0 52aa48c07b34dc88 ca43e349133fc0e3 a860b682add9de1c
236,dc17b07476183764 4fe9e4e55585ba4b 50806199c80e215c 5d26da95786b3a3a 404031ab9d5977c4 98dbd15aa33ebc18 e1460af4a7044067 d16da1fb61813db9 106204cd0e07e1b2 a492bd402afd5c71 9269d2b0d877352d e878efab7c37179e fb2ebcb5335ad2e2 5c8c6d9a1fd4c1e0 a860b682add9de1c 3b6d27775fce1c7b 96e82fa141db9a4b c36c2dce0e6e434f 4f2fffd7528de786 1a05ef8c93af8eed eab15ee21e126f6a 587e0b2a4811fab1 de8e1345e8c305c4 48cf88c17ff38c5e 4d7653ea9499eed4 e4a7a996ed6a5a81 2394b08708475900 1d0f5fdc58e3efb5 95ecdbff44ad0b60 366a22fce0614fb8
237,f25bfcffedaccf28 29bedd00fb2be056 dc12cc503ac0eddb 57113c2a4cacd961 9c9a9d45c2ea7ddf 9b2adcf4041227d7 22756be6fd061d4c 528161039994b4dc 4beacc71024f8b08 a813c15b46ceaf68 47fbe21f5c35c7b4 24e582daf6f87158 2e4b00c01d58e79e 88b62355670ec8f8 d63b7f083330247f c11b97f245a9dfd0 2394b08708475900 5897953fdf87b60f 8faeacf8ca08f62d 1d0f5fdc58e3efb5 95ecdbff44ad0b60 a292248bb2bffb3d a2c35fdf07a13286 486dd77002936dec b6e646c13d0753ae c5830f9d0f1e29e5 a2805ed52b47b8ec b1dcaca98bb76736 393f49286db04aeb f9c6286cff30aaa8
238,c810ac016901e8ac d64c06baf5ef1c90 a677c3a76055a6d2 24e582daf6f87158 83f8aca6ee2caabc 36d33c41812ce7dc 27a12f29dceccdbd a14394322cf7043d bd0f175ee98c613e 316382267dcd804f 7e4a4a1300b77a06 cba7e22bb383083a 9100ea6cd0e084bf 453bc79164d57a01 18b1d2d84c97a364 b3e75fdca5ca2f1a 4d32dae7b43c489a 39075e303166355e 1f4f62844c3cb99c bed3e73d52011f68 d72363ddd958d906 46315cf30aaee51c c6b615b2589e036d e7828f0ea9749505 025a148c3a53bd9f 3c565c1fc2316d16 3b4a85bac6ead3c8 b6cdb608f640e038 b8e2f75014710ced 393f49286db04aeb
239,da7d3c2d591c4295 e36475c1af5ea3ab eff60ceea8817dad b6cdb608f640e038 64907c4568244eb4 98dbd15aa33ebc18 bee46c54461925d0 734dabb98795c35c 65254e0d209fd66e 6e1b6b53c9710940 f05fa5f57dc03e81 c03b11a0cdc3fa39 128d583954b18074 d73a65673e3f1d78 bbbd5d2fd957e8f7 52370bea1acd0600 4d7653ea9499eed4 9a0f5ee4f845c9b2 0bcaac840d5e66d7 c28bc62802b90f82 702d8f1064ab3e30 3986b68500d7704b 00e1e2eb13f650e4 3fa57d488e979d74 ff88049e61f0f4ef e0269da736ddf004 bd713b37b67866c3 47fbe21f5c35c7b4 0708923badf2ff5d 95166957b2c38794
240,898a4921ab9f4cce 2e44fbb8bc3d8d71 83f8aca6ee2caabc 36d33c41812ce7dc c810ac016901e8ac 27a12f29dceccdbd d64c06baf5ef1c90 a14394322cf7043d bd0f175ee98c613e 316382267dcd804f 7e4a4a1300b77a06 cba7e22bb383083a 9100ea6cd0e084bf 453bc79164d57a01 18b1d2d84c97a364 b3e75fdca5ca2f1a 39075e303166355e 1f4f62844c3cb99c bed3e73d52011f68 d72363ddd958d906 46315cf30aaee51c c6b615b2589e036d f9c6286cff30aaa8 e7828f0ea9749505 025a148c3a53bd9f b6cdb608f640e038 b8e2f75014710ced 016da874bd04df55 b0bfe0f426275870 74244a8703c03720
241,055d895a3b26e466 4b8c7061102517ef 9b2adcf4041227d7 453bc79164d57a01 cc861214a89ef1f4 fab14d178b24a67f f05fa5f57dc03e81 af8e70f978cd5aee 9c9a9d45c2ea7ddf 537a55eda51a3f60 6cb9ab508a0678a0 059bbdbdb843af6a 4105533fe46dfba9 1f4f62844c3cb99c bed3e73d52011f68 025a148c3a53bd9f bd0f175ee98c613e e36475c1af5ea3ab 22e8d6734e4121ae 4c3802a1bd3c842e 5430097e23000368 3d93a60f990a0a7c b3e75fdca5ca2f1a 853e36b1550c6274 f9c6286cff30aaa8 9100ea6cd0e084bf 9fbffc521da97c54 ecb768ef6fd223ca 57113c2a4cacd961 46315cf30aaee51c
242,feddfcf56818968e 96445bec1579ec97 6a3919ad9ed8197e b24820ae14e16a24 5867d40811c0229f ced9c56f2be86774 8faeacf8ca08f62d 0bcaac840d5e66d7 964a50d33717c26d 9fbffc521da97c54 781f4d0147aef776 1d0f5fdc58e3efb5 95ecdbff44ad0b60 b6e646c13d0753ae c5830f9d0f1e29e5 a2805ed52b47b8ec b1dcaca98bb76736 393f49286db04aeb f9c6286cff30aaa8 ad06e9eeea8eb4ea 5b4c879fc9c316fb c1f2e3a76d388944 c36c2dce0e6e434f 587e0b2a4811fab1 8699cc5dd4159b69 3cb6b40d377e7ca8 47fbe21f5c35c7b4 0eb4de784c8dd679 4b29fc21f912754d ce2fe99a7cda4a17
243,8643165b0f53df11 4bed80e56ea2e099 395b26d91f98bd92 95d25d38ba7df9c7 bd713b37b67866c3 0b0021aa60d05daa 01b3da54ffb158a0 c1f2e3a76d388944 6899956cd6c683f0 964a50d33717c26d 4d7653ea9499eed4 52aa48c07b34dc88 e4a7a996ed6a5a81 00958a140c3a6de8 ac9ee0c09b538140 d5952b2e031c4e7e af41e2b6da3e7e02 7eec211cc37a1b05 d72363ddd958d906 54a11cbcd7a32af4 3ca7964973437917 c143c095983a65c2 0add47a043c64d7f d1e21234d7cc61d2 447fc00f40d71d08 455fde214d16d350 2b48ab08c915c0ad 64267373570e4ea3 29bedd00fb2be056 d0f6c00eec5eb973
244,351c9da399c2b915 c606425856952286 016da874bd04df55 74244a8703c03720 853e36b1550c6274 0688c790d5806540 9c9a9d45c2ea7ddf 047769588be1aea9 4d9214c0925e5af8 f28fb3d9880c5d4c 42c9b72cc77dcb28 428f9363fa35882d b78189788d563693 a677c3a76055a6d2 2bafd15871caae91 2dd12c230ab22555 d7d937303a6d5a9d e14a893f1918277e 8f578001f9d5f543 46315cf30aaee51c c6b615b2589e036d 0c2eeab1e4ce1db8 fc8971756f9ec194 b0b5e62a93a2c37c 025a148c3a53bd9f 65fac1ba1840000f e878efab7c37179e 01e5a6edcee7deb0 37001ade0df85823 2e44fbb8bc3d8d71
245,4bed80e56ea2e099 447fc00f40d71d08 2e4b00c01d58e79e a2c35fdf07a13286 3e8e56f639a5db5b 528161039994b4dc cc0c9419f8a20603 a813c15b46ceaf68 ac9ee0c09b538140 46b99f864d6a075a 538c7bb968b2154c e7828f0ea9749505 7eec211cc37a1b05 24e582daf6f87158 88b62355670ec8f8 d63b7f083330247f 2394b08708475900 47fbe21f5c35c7b4 5897953fdf87b60f 8643165b0f53df11 52aa48c07b34dc88 8e0760918e88e4a9 c143c095983a65c2 9f4e0d572b1f4e6c 680bb5c5c3bb6ee1 24c47959ea77b15b bee46c54461925d0 01b3da54ffb158a0 d9885881381fd10a 6204e398d8c7f888
246,48f93f9c2c699e19 5430097e23000368 ec1b3d7ccd3984d0 b6e646c13d0753ae 9c9a9d45c2ea7ddf 486dd77002936dec 03ed286136d7b3cf b05b5f6850cfa158 e22c35101e190db9 9cf6709de35bf0f3 29bedd00fb2be056 d216e5458ad70e60 4491016efed845f1 9269d2b0d877352d 5c8c6d9a1fd4c1e0 d3c4a7db726191e0 0a79fabc6f5d93c9 9113e9dc940fb287 22dc81380cf4baec 88b62355670ec8f8 d63b7f083330247f 3ca7964973437917 e8684734f2e587bd 8faeacf8ca08f62d b26d8664feb18c8c 60a070db9f1869b5 8a5635c748344d47 42bb83d7c4b9ecae a853f13216170123 050544c040f46152
247,00ff646ca6637bd7 b8e2f75014710ced 6cb9ab508a0678a0 f48d0fbea7dc2782 047769588be1aea9 46315cf30aaee51c 24e582daf6f87158 9100ea6cd0e084bf 64b31699d7d15934 40583079f57235a6 1f4f62844c3cb99c 4d32dae7b43c489a 393f49286db04aeb 0db6584e3bdfa1c4 354d7a327bbcc152 8faeacf8ca08f62d bd0f175ee98c613e 316382267dcd804f 3c565c1fc2316d16 c28bc62802b90f82 d46598813fb437e5 0451447dd64f6284 b3e75fdca5ca2f1a 39075e303166355e bed3e73d52011f68 0c2eeab1e4ce1db8 b3ad55963554f220 c6b615b2589e036d 27a12f29dceccdbd acae1d29289b1266
248,5ebb4d2f5f1c1f13 eab15ee21e126f6a 4f2fffd7528de786 95d25d38ba7df9c7 96e82fa141db9a4b f44f74b3451aa593 bb7515be835dea49 061f3e1feeaa3094 98dbd15aa33ebc18 877672967d3f70bb e8684734f2e587bd 453bc79164d57a01 5c8c6d9a1fd4c1e0 e1460af4a7044067 01b3da54ffb158a0 0add47a043c64d7f ec1b3d7ccd3984d0 90ecb28f2edb9d43 0db6584e3bdfa1c4 3c565c1fc2316d16 fb2ebcb5335ad2e2 413c55a5ab86881a 393f49286db04aeb b1dcaca98bb76736 9269d2b0d877352d 3b6d27775fce1c7b 95ecdbff44ad0b60 366a22fce0614fb8 a2c35fdf07a13286 a292248bb2bffb3d
249,ae000f9d0b5e104e 3d93a60f990a0a7c a292248bb2bffb3d d1e21234d7cc61d2 3b4a85bac6ead3c8 d46598813fb437e5 0eedb1a0d3b8ddae 7e4a4a1300b77a06 5057551fc55e9ed2 453bc79164d57a01 238ec735a13a3f09 83f8aca6ee2caabc 36d33c41812ce7dc c810ac016901e8ac 5430097e23000368 a1314cd417504572 2bafd15871caae91 d72363ddd958d906 d64c06baf5ef1c90 2dd12c230ab22555 da904d2a54ff8cf2 e7828f0ea9749505 f28fb3d9880c5d4c cc861214a89ef1f4 0c2eeab1e4ce1db8 42c9b72cc77dcb28 00d9f8d3f7d412b3 9b2adcf4041227d7 22e8d6734e4121ae b8e2f75014710ced
250,20db73cf07a45f71 7ee52d2519eea367 95d25d38ba7df9c7 377c1150c781e37a 9fda36f260eec24e 42bb83d7c4b9ecae b6a1c97f19af78d0 e8684734f2e587bd 05e4165a56bf50eb 5b4c879fc9c316fb 666bdff4faa513ca c36c2dce0e6e434f 1a05ef8c93af8eed cea18be9a89d7a81 0f33ce8d8014f308 ce0f56b7190c268a 81b7c7e312bfa1a0 0688c790d5806540 50cb6a6c60ad711a 999a52f1d301247c f105a53e5cfae611 c49d8f84a4f87f8a 3986b68500d7704b 7c8324ce28ffb96e cc0c9419f8a20603 ad06e9eeea8eb4ea e7828f0ea9749505 3b6d27775fce1c7b de8e1345e8c305c4 cc507a0d6fcf4a1c
251,781f4d0147aef776 bf3ccaba4a3450a8 5dd752753760ced8 b0bfe0f426275870 6a3919ad9ed8197e 9b2adcf4041227d7 8faeacf8ca08f62d 1d0f5fdc58e3efb5 95ecdbff44ad0b60 fab14d178b24a67f b6e646c13d0753ae c5830f9d0f1e29e5 feddfcf56818968e 96445bec1579ec97 a2805ed52b47b8ec b24820ae14e16a24 5867d40811c0229f ced9c56f2be86774 b1dcaca98bb76736 ad06e9eeea8eb4ea 5b4c879fc9c316fb c1f2e3a76d388944 3e8e56f639a5db5b 0bcaac840d5e66d7 964a50d33717c26d c36c2dce0e6e434f 9fbffc521da97c54 587e0b2a4811fab1 393f49286db04aeb f9c6286cff30aaa8
252,43b3338423d7386c 8a5635c748344d47 bd713b37b67866c3 b6e646c13d0753ae a2805ed52b47b8ec c5830f9d0f1e29e5 4f2fffd7528de786 47fbe21f5c35c7b4 050544c040f46152 72c2a95813ea72bd 01b3da54ffb158a0 0eb4de784c8dd679 52aa48c07b34dc88 a2c35fdf07a13286 4b29fc21f912754d ac9ee0c09b538140 095bb1b6ecbd0a50 b26d8664feb18c8c 6c017e548aa138f2 54a11cbcd7a32af4 fb2ebcb5335ad2e2 64b31699d7d15934 54f55c74d37db3c0 4c0eee2c1a5e76e2 a14394322cf7043d 8dc313a2cf9da354 73391e0853c1e040 796888cc3443006c 2a06f5614060e3b6 96e82fa141db9a4b
253,855f2f0354e102c7 0a79fabc6f5d93c9 4d7653ea9499eed4 8e0760918e88e4a9 a982b5c3aed39396 92f42fbd0c38f7fd 8a5635c748344d47 4d32dae7b43c489a 01b3da54ffb158a0 a813c15b46ceaf68 e22c35101e190db9 4b29fc21f912754d f76f44d372517a9a ec4ef2f727e7a03f f49e13a653cbdad2 9f3d2ca16f358290 e7cad3748e50b0f8 eec6b281e236b500 8fc68213b63951dc edc79e57b20e9036 81b639b74256b45b b1dcaca98bb76736 e0269da736ddf004 2e4b00c01d58e79e 16b11706660177ff e4a7a996ed6a5a81 f9c6286cff30aaa8 66ccd03c9e03ac06 5897953fdf87b60f e25a1da6ca187350
254,b8e2f75014710ced 6cb9ab508a0678a0 00ff646ca6637bd7 354d7a327bbcc152 c05f45f86d0771d5 00af886180e9eaec 781f4d0147aef776 c015590d6a6fe833 9a439fd1abf95245 83f5a9732f0de67f 26f72a4eb15ea8c0 da7d3c2d591c4295 5430097e23000368 e36475c1af5ea3ab eff60ceea8817dad 9fbffc521da97c54 6e1b6b53c9710940 b6cdb608f640e038 64907c4568244eb4 98dbd15aa33ebc18 3d93a60f990a0a7c bee46c54461925d0 734dabb98795c35c 7e4a4a1300b77a06 5057551fc55e9ed2 453bc79164d57a01 238ec735a13a3f09 83f8aca6ee2caabc 36d33c41812ce7dc c810ac016901e8ac
255,528161039994b4dc ec1b3d7ccd3984d0 24e582daf6f87158 a813c15b46ceaf68 2e4b00c01d58e79e 2394b08708475900 5897953fdf87b60f 88b62355670ec8f8 3d6880bd12f6613f d63b7f083330247f 3cb6b40d377e7ca8 27bc34b9887bec0d f76f44d372517a9a 3c565c1fc2316d16 34a62e66e05f9a44 e22c35101e190db9 e25a1da6ca187350 47fbe21f5c35c7b4 25145708d494530b 9cf6709de35bf0f3 a65e30106ea50423 0a79fabc6f5d93c9 b84b6c0b2e4d0306 90ecb28f2edb9d43 6204e398d8c7f888 6899956cd6c683f0 0db6584e3bdfa1c4 5c8c6d9a1fd4c1e0 f25bfcffedaccf28 a853f13216170123
256,f49e13a653cbdad2 4d32dae7b43c489a 01b3da54ffb158a0 d7d937303a6d5a9d 65ad9c583823162d a65e30106ea50423 dc12cc503ac0eddb 88b62355670ec8f8 01e5a6edcee7deb0 a5d5ba33b5b1dc95 0647acc4602d4e8f fa173131f15f5534 061f3e1feeaa3094 29968e8fd13539f8 bc2ae5f4e5d53e00 43b3338423d7386c 22756be6fd061d4c f209d29f991432f0 65708d542bd01f39 0772e3ab293a1f30 1c3b74a02a86467d 99e833818ec4bbf2 1efd7bd8a34a1359 4e966bb2768c2b8a e6a29676c096f8e8 87c5481930cfe126 455fde214d16d350 95166957b2c38794 aa0789b403bcd839 3e8e56f639a5db5b
257,01104a026d22ae55 ff88049e61f0f4ef 37001ade0df85823 81bd116c786bf9ae 00d9f8d3f7d412b3 bbbd5d2fd957e8f7 c810ac016901e8ac a1314cd417504572 d64c06baf5ef1c90 c03b11a0cdc3fa39 4c0eee2c1a5e76e2 74873b42602d8958 a677c3a76055a6d2 ae000f9d0b5e104e 059bbdbdb843af6a 5057551fc55e9ed2 2bafd15871caae91 26f72a4eb15ea8c0 b6cdb608f640e038 f28fb3d9880c5d4c 22e8d6734e4121ae 9c9a9d45c2ea7ddf 8abe670908f12614 6e1b6b53c9710940 b05b5f6850cfa158 f05fa5f57dc03e81 5430097e23000368 95166957b2c38794 00958a140c3a6de8 0eedb1a0d3b8ddae
258,40583079f57235a6 a292248bb2bffb3d b3ad55963554f220 8a5635c748344d47 d72363ddd958d906 d46598813fb437e5 d5805cdb9e8f0f48 64b31699d7d15934 0eafda717681bbdc a52df8083c238c46 7b81f1f2b6ec2e5f 1f4f62844c3cb99c d216e5458ad70e60 413c55a5ab86881a cc861214a89ef1f4 942a7d26d81c841f d63b7f083330247f 3ca7964973437917 e8684734f2e587bd 0772e3ab293a1f30 60a070db9f1869b5 c28bc62802b90f82 393f49286db04aeb 197fa50b30d91fe8 b6e646c13d0753ae d5952b2e031c4e7e 8faeacf8ca08f62d 8bf446c0455e3c5c fb8bd6b95eb4702a 0db6584e3bdfa1c4
259,e1460af4a7044067 366a22fce0614fb8 486dd77002936dec fb2ebcb5335ad2e2 54a11cbcd7a32af4 eab15ee21e126f6a 828f5dfbbf1272ee 01b3da54ffb158a0 5ebb4d2f5f1c1f13 95d25d38ba7df9c7 ec1b3d7ccd3984d0 95ecdbff44ad0b60 bf973f9ec3600199 d5952b2e031c4e7e 9269d2b0d877352d 061f3e1feeaa3094 a860b682add9de1c 3b6d27775fce1c7b b26d8664feb18c8c 96e82fa141db9a4b 4f2fffd7528de786 877672967d3f70bb d16da1fb61813db9 25145708d494530b a0b1f4dd32f3e278 b84b6c0b2e4d0306 b2ee9eea2d974c90 3e8e56f639a5db5b 2394b08708475900 b05b5f6850cfa158
260,898a4921ab9f4cce c08c3765ac609cc0 f705b637f624147e 74e59c5820900b17 a9eef13786610446 c810ac016901e8ac ffc688c4c1c2a068 d64c06baf5ef1c90 5b34da30b93eb123 54f55c74d37db3c0 83f8f2fc471cad74 b749972436ac9791 828f5dfbbf1272ee 2810fb6f81d1711c 6d80d2e62d01f6bc 050544c040f46152 f46601a9955f9949 44d324ebd3e22ad7 a677c3a76055a6d2 2a06f5614060e3b6 4d417b203b333363 2359719a0f40ffac 65fac1ba1840000f e7cad3748e50b0f8 dac29ed8400b50cc 8d58da0e1800dc96 b69ce8b8154645f8 2e44fbb8bc3d8d71 0eafda717681bbdc 00140806971e7a73
261,a017f3358d5327aa 8df3f13d6af34cb3 a18df74d3a16e9c0 db7342eff9200020 f2e30efbd27bee51 f58ff7f1a6cde683 f76f44d372517a9a 27a12f29dceccdbd ddf332f2b55a2a23 a14394322cf7043d 83f8aca6ee2caabc 36d33c41812ce7dc bd0f175ee98c613e 316382267dcd804f c810ac016901e8ac b50b4e27b03c7b37 d64c06baf5ef1c90 9cf6709de35bf0f3 9100ea6cd0e084bf 18b1d2d84c97a364 b3e75fdca5ca2f1a 3734d3b0b9232538 f44f74b3451aa593 39075e303166355e 1f4f62844c3cb99c cba7e22bb383083a 666bdff4faa513ca bed3e73d52011f68 46315cf30aaee51c c6b615b2589e036d
262,72403ecdfe02bba6 05f23e7d05dbf7c2 0fbd0f422e926816 0d0368139e9a647f 73391e0853c1e040 5b16bae6a0de7c88 f2234bb7ce0c6f59 387e9cd2e5d4ea7d 63d95d5977c2fe98 01020d1b0821f4c7 d35e11d3d1ab3c67 46b99f864d6a075a 796888cc3443006c 09660f466b38b7ba 33856365c271aea4 70776cdd9bb3b7d4 316382267dcd804f 26fc2a95df5659c2 b6d0f83aad4e4dc7 abf90e759d208468 9d5edf3b993fee50 5a1149fbcbd37376 b749972436ac9791 03ed286136d7b3cf f9c6286cff30aaa8 b29ab87af6ea6310 b69ce8b8154645f8 e7cad3748e50b0f8 a14394322cf7043d 0772e3ab293a1f30
263,49224aca40e6e5e3 922e625fae98b3b9 18ced18aee04c48e 8df3f13d6af34cb3 25a3b47fe31bc6b5 28a2067685cb3e97 7c98dedd223b36c0 73391e0853c1e040 2a06f5614060e3b6 095bb1b6ecbd0a50 6c017e548aa138f2 eec6b281e236b500 8fc68213b63951dc d7d937303a6d5a9d 666bdff4faa513ca 20d283a232dfd13c 7f95168400948588 b3e75fdca5ca2f1a 81b639b74256b45b d5805cdb9e8f0f48 3d93a60f990a0a7c 7e4a4a1300b77a06 e878efab7c37179e fb2ebcb5335ad2e2 a52df8083c238c46 54f55c74d37db3c0 702d8f1064ab3e30 73f770f2643a2135 d9885881381fd10a b3ad55963554f220
264,7c98dedd223b36c0 2e4b00c01d58e79e 4bed80e56ea2e099 050544c040f46152 bfb8032f2183d471 b2ee9eea2d974c90 bee46c54461925d0 4577ae048ef1967d 83f8f2fc471cad74 8643165b0f53df11 6204e398d8c7f888 1d0f5fdc58e3efb5 4491016efed845f1 d1e21234d7cc61d2 419b5dc40744fb9b b1dcaca98bb76736 57113c2a4cacd961 702d8f1064ab3e30 0e45c4c185f35df6 e740c80fce094788 a853f13216170123 666bdff4faa513ca abf90e759d208468 4535ce2e3dced00f 0db6584e3bdfa1c4 96e82fa141db9a4b eab15ee21e126f6a 3734d3b0b9232538 0683b6a78f54be75 6a3919ad9ed8197e
265,96445bec1579ec97 ced9c56f2be86774 6a3919ad9ed8197e a5f55580081236f4 feddfcf56818968e b84b6c0b2e4d0306 b24820ae14e16a24 5867d40811c0229f 622f2e4119882c94 4d29c6922b2d0d56 f54ad8d1eb18212e 58654e3143c6550b 0bcaac840d5e66d7 ca43e349133fc0e3 96e82fa141db9a4b 964a50d33717c26d 9fbffc521da97c54 83b911ff0ff45844 a65e30106ea50423 781f4d0147aef776 b760ebc5f25788d3 d216e5458ad70e60 285657fcdf89f00d 98dbd15aa33ebc18 0a49074a4158155b ce0f56b7190c268a 95d25d38ba7df9c7 1c3b74a02a86467d c49d8f84a4f87f8a 8566d15270eb5e83
266,dea5e9227fbbac29 a677c3a76055a6d2 07be6a290720707d 98dbd15aa33ebc18 d16da1fb61813db9 da011b87595c1019 ad06e9eeea8eb4ea f2e30efbd27bee51 3734d3b0b9232538 c015590d6a6fe833 70ebf53ced736fa4 f76f44d372517a9a 1d0f5fdc58e3efb5 c5830f9d0f1e29e5 b84b6c0b2e4d0306 6a3919ad9ed8197e 366a22fce0614fb8 9c9a9d45c2ea7ddf a9223c28b10c131f 54a11cbcd7a32af4 9cf6709de35bf0f3 34a62e66e05f9a44 f105a53e5cfae611 b2ee9eea2d974c90 d5952b2e031c4e7e 828f5dfbbf1272ee 3e8e56f639a5db5b 4beacc71024f8b08 a0b1f4dd32f3e278 f44f74b3451aa593
267,07d688f5e2142b87 40583079f57235a6 b3ad55963554f220 64b31699d7d15934 d5805cdb9e8f0f48 0eafda717681bbdc a52df8083c238c46 7b81f1f2b6ec2e5f 393f49286db04aeb 1f4f62844c3cb99c 413c55a5ab86881a 8faeacf8ca08f62d cc861214a89ef1f4 942a7d26d81c841f 0db6584e3bdfa1c4 c28bc62802b90f82 24e582daf6f87158 197fa50b30d91fe8 47fbe21f5c35c7b4 d46598813fb437e5 2e44fbb8bc3d8d71 2901e5309bb3f8f6 095bb1b6ecbd0a50 a292248bb2bffb3d 528161039994b4dc daa257a37227cd72 6c017e548aa138f2 eec6b281e236b500 8fc68213b63951dc bb7515be835dea49
268,0c2eeab1e4ce1db8 b8e2f75014710ced e5fb8dc5c9cb4a19 3d93a60f990a0a7c 453bc79164d57a01 238ec735a13a3f09 36d33c41812ce7dc b78189788d563693 c810ac016901e8ac d64c06baf5ef1c90 da904d2a54ff8cf2 46315cf30aaee51c e7828f0ea9749505 27a12f29dceccdbd 9b2adcf4041227d7 b6cdb608f640e038 8dc313a2cf9da354 d6ed7e4b14c51296 52e459a551d4ac2d 4483bbdd3241f11a b0bfe0f426275870 61ba7707ef6a5a99 976baf0e84752a68 7d83ffe83f61bdc4 0b774cf90856c4da 033d905aec273595 0eb4de784c8dd679 39f6296778264878 7cea1f637ea3f37d 9c9a9d45c2ea7ddf
269,976baf0e84752a68 155600e5f1221f8c 1a8e5d6512d9e2d8 2820628e65a062e2 6461a9faa871b3ac ecb768ef6fd223ca 7cea1f637ea3f37d 190ab585fd379f0f f48d0fbea7dc2782 4d29c6922b2d0d56 628accd9be98503c bd9cd6b87a4fe0ce 8abe670908f12614 d216e5458ad70e60 74873b42602d8958 6a9aa1bd93e36e66 b0b5e62a93a2c37c 5c4b7558c942a224 1dc7139adba034ec 07f22a7ad7e4711d 2901e5309bb3f8f6 6406fcdb7d87b5dc 1d72229ebcc00faf 1398b478b71773ed e8ad5e31484ef889 8faeacf8ca08f62d aa967ad3c1f65a29 393f49286db04aeb 24e582daf6f87158 1d0f5fdc58e3efb5
270,587e0b2a4811fab1 a982b5c3aed39396 3c565c1fc2316d16 a292248bb2bffb3d a853f13216170123 5b4c879fc9c316fb f48d0fbea7dc2782 24c47959ea77b15b 0f4c71d341e2d939 4f2fffd7528de786 cc507a0d6fcf4a1c d1e21234d7cc61d2 cea18be9a89d7a81 172bc0ee09332ae9 666bdff4faa513ca a76ffccd2f5df1a7 4d954d933e606b70 7155e5a86136eb02 07f22a7ad7e4711d 4b29fc21f912754d ddf332f2b55a2a23 b6e72edcad270be0 3e66b4855d0dddbe 2e031d83339759b2 486dd77002936dec 238de368bb05c0ec 62431fd374eb99fb 6406fcdb7d87b5dc 999a52f1d301247c 3b4a85bac6ead3c8
271,50ba507a268872e1 b50b4e27b03c7b37 ee3ed9a3f51336cd 5a1149fbcbd37376 bc27d5dc9bab1c18 5057551fc55e9ed2 00d9f8d3f7d412b3 0cd920bad11c716d 2b48ab08c915c0ad dac29ed8400b50cc 26f72a4eb15ea8c0 453bc79164d57a01 83f8aca6ee2caabc 4b8c7061102517ef a1314cd417504572 d72363ddd958d906 64907c4568244eb4 7c9248ed6224aa26 da904d2a54ff8cf2 e7828f0ea9749505 8dc313a2cf9da354 9b2adcf4041227d7 22e8d6734e4121ae d6ed7e4b14c51296 52e459a551d4ac2d 4483bbdd3241f11a af8e70f978cd5aee 6461a9faa871b3ac 61ba7707ef6a5a99 0b774cf90856c4da
272,feddfcf56818968e a2805ed52b47b8ec 27bc34b9887bec0d 83b911ff0ff45844 50806199c80e215c 8643165b0f53df11 b1dcaca98bb76736 d1e21234d7cc61d2 5d26da95786b3a3a ce2fe99a7cda4a17 ac9ee0c09b538140 b05b5f6850cfa158 0bcaac840d5e66d7 964a50d33717c26d 64c2e323906b42d3 e25a1da6ca187350 c1f2e3a76d388944 666bdff4faa513ca 01b3da54ffb158a0 ca4de5b8a7bda9df 404031ab9d5977c4 ec1b3d7ccd3984d0 29bedd00fb2be056 061f3e1feeaa3094 2e4b00c01d58e79e b26d8664feb18c8c 4bed80e56ea2e099 e1460af4a7044067 54a11cbcd7a32af4 e8b87ed7db1bcb1f
273,765c0695339c3abe dc576af4ae66e25e 892074f7c1ef5d5e 8700059e85433b32 26140b225c4f8d3f cc2cc23a98c14c33 bc2552a642ce8497 734dabb98795c35c 8faeacf8ca08f62d 04886579947a80c2 2e2904c5373734ae 24e582daf6f87158 393f49286db04aeb 128d583954b18074 1d0f5fdc58e3efb5 95ecdbff44ad0b60 4d32dae7b43c489a 72c2a95813ea72bd 4b29fc21f912754d c49d8f84a4f87f8a 3d93a60f990a0a7c 025a148c3a53bd9f 27a12f29dceccdbd 1dc7139adba034ec a14394322cf7043d 453bc79164d57a01 4f915ad69e1dca36 bc27d5dc9bab1c18 016da874bd04df55 83f8aca6ee2caabc
274,ced9c56f2be86774 942a7d26d81c841f 4491016efed845f1 a5d5ba33b5b1dc95 e8b87ed7db1bcb1f 48f93f9c2c699e19 c5830f9d0f1e29e5 96445bec1579ec97 ec1b3d7ccd3984d0 6c017e548aa138f2 95ecdbff44ad0b60 7c98dedd223b36c0 abf90e759d208468 b1dcaca98bb76736 050544c040f46152 702d8f1064ab3e30 29bedd00fb2be056 8faeacf8ca08f62d 095bb1b6ecbd0a50 e14a893f1918277e 5c8c6d9a1fd4c1e0 77e2f7da1f9d3a8f c6b615b2589e036d a2805ed52b47b8ec eec6b281e236b500 fb2ebcb5335ad2e2 2810fb6f81d1711c ce2fe99a7cda4a17 b26d8664feb18c8c a14394322cf7043d
275,da904d2a54ff8cf2 52e459a551d4ac2d 00958a140c3a6de8 e25a1da6ca187350 c1f2e3a76d388944 ca4de5b8a7bda9df 83b911ff0ff45844 e8b87ed7db1bcb1f d1e21234d7cc61d2 1dc7139adba034ec e403278468d84383 ba5199dba342af68 19b4014943e0ad92 1fe79c7de59ff6c6 3c0873ce078d332b e7dd56376be2cf1c 4483bbdd3241f11a 0eedb1a0d3b8ddae 1d0f5fdc58e3efb5 455fde214d16d350 a017f3358d5327aa cc0c9419f8a20603 b05b5f6850cfa158 04886579947a80c2 128d583954b18074 d73a65673e3f1d78 00e1e2eb13f650e4 ff88049e61f0f4ef 3fa57d488e979d74 e0269da736ddf004
276,6e239f4dd4b6aed7 acf5cb026b3c4551 0c15f252d30646fc dc17b07476183764 63d509cd2a2e0e47 da7d3c2d591c4295 24e582daf6f87158 e36475c1af5ea3ab eff60ceea8817dad b6cdb608f640e038 cc0c9419f8a20603 4d32dae7b43c489a 64907c4568244eb4 98dbd15aa33ebc18 bee46c54461925d0 734dabb98795c35c 5430097e23000368 3c565c1fc2316d16 393f49286db04aeb f48d0fbea7dc2782 8faeacf8ca08f62d 65254e0d209fd66e 6e1b6b53c9710940 f05fa5f57dc03e81 81b639b74256b45b 0db6584e3bdfa1c4 24c47959ea77b15b a860b682add9de1c 3b6d27775fce1c7b c03b11a0cdc3fa39
277,33856365c271aea4 83f8f2fc471cad74 16b11706660177ff 62431fd374eb99fb f29eee8054c061e1 4beacc71024f8b08 393f49286db04aeb abf90e759d208468 d46598813fb437e5 f25bfcffedaccf28 0db6584e3bdfa1c4 96e82fa141db9a4b f44f74b3451aa593 395b26d91f98bd92 f2b5098ac9c92da9 430feb4826a5632e 9f3d2ca16f358290 9b0e8cf8153e3b33 65fac1ba1840000f 942a7d26d81c841f 796888cc3443006c 4535ce2e3dced00f 069e7e25e43deab3 387e9cd2e5d4ea7d 24e582daf6f87158 5048a37f10cf2d91 a292248bb2bffb3d 3986b68500d7704b 4d32dae7b43c489a 3c565c1fc2316d16
278,7155e5a86136eb02 3a6e7894dde31c67 4d954d933e606b70 fa173131f15f5534 b84b6c0b2e4d0306 6a3919ad9ed8197e 366a22fce0614fb8 54a11cbcd7a32af4 34a62e66e05f9a44 3b4a85bac6ead3c8 b2ee9eea2d974c90 d5952b2e031c4e7e 828f5dfbbf1272ee a0b1f4dd32f3e278 6899956cd6c683f0 a853f13216170123 3e8e56f639a5db5b ec1b3d7ccd3984d0 f25bfcffedaccf28 3986b68500d7704b 4d32dae7b43c489a f76f44d372517a9a 01b3da54ffb158a0 3c565c1fc2316d16 b1dcaca98bb76736 16b11706660177ff ad06e9eeea8eb4ea 3d6880bd12f6613f e25a1da6ca187350 5b4c879fc9c316fb
279,ee3ed9a3f51336cd 00d9f8d3f7d412b3 5a1149fbcbd37376 5057551fc55e9ed2 dac29ed8400b50cc bbbd5d2fd957e8f7 9c9a9d45c2ea7ddf 4c0eee2c1a5e76e2 74873b42602d8958 c606425856952286 61ba7707ef6a5a99 016da874bd04df55 74244a8703c03720 d6bbbd6c4968075a 853e36b1550c6274 0688c790d5806540 fc16a50ff0baec53 047769588be1aea9 4d9214c0925e5af8 a1314cd417504572 351c9da399c2b915 26f72a4eb15ea8c0 50ba507a268872e1 428f9363fa35882d b78189788d563693 d7d937303a6d5a9d e14a893f1918277e 8f578001f9d5f543 8abe670908f12614 46315cf30aaee51c
280,db7342eff9200020 a017f3358d5327aa e14a893f1918277e f58ff7f1a6cde683 e7cad3748e50b0f8 8dc313a2cf9da354 0fbd0f422e926816 b6d0f83aad4e4dc7 9b2adcf4041227d7 72403ecdfe02bba6 ffc688c4c1c2a068 40583079f57235a6 b3ad55963554f220 d216e5458ad70e60 0772e3ab293a1f30 a5f55580081236f4 cc861214a89ef1f4 d5805cdb9e8f0f48 0eafda717681bbdc a52df8083c238c46 7b81f1f2b6ec2e5f 1f4f62844c3cb99c 413c55a5ab86881a 942a7d26d81c841f 64b31699d7d15934 c28bc62802b90f82 197fa50b30d91fe8 e5fb8dc5c9cb4a19 d46598813fb437e5 b84b6c0b2e4d0306
281,b78189788d563693 46315cf30aaee51c 3d93a60f990a0a7c 27a12f29dceccdbd b6cdb608f640e038 8dc313a2cf9da354 453bc79164d57a01 238ec735a13a3f09 b0bfe0f426275870 36d33c41812ce7dc c810ac016901e8ac d64c06baf5ef1c90 0b774cf90856c4da 033d905aec273595 0eb4de784c8dd679 39f6296778264878 7cea1f637ea3f37d da904d2a54ff8cf2 9c9a9d45c2ea7ddf 0cd920bad11c716d 047769588be1aea9 e7828f0ea9749505 055d895a3b26e466 4d9214c0925e5af8 da011b87595c1019 8abe670908f12614 2b48ab08c915c0ad 74873b42602d8958 9b2adcf4041227d7 d6ed7e4b14c51296
282,0683b6a78f54be75 5430097e23000368 ae77487a89f2610c db0e648651f4c92b 49b5678e0d1e5bcd bbbd5d2fd957e8f7 d257d1fbcf43abd5 7d83ffe83f61bdc4 35488b3b8b781278 42a5cae2a3a45557 ee3ed9a3f51336cd 6461a9faa871b3ac 9d5edf3b993fee50 d92c0298f76ccf77 e36475c1af5ea3ab a04d6febd82a4389 0220a434aa8bf029 7e4a4a1300b77a06 a492bd402afd5c71 8dc313a2cf9da354 238ec735a13a3f09 7cea1f637ea3f37d 4d9214c0925e5af8 2b48ab08c915c0ad 9b2adcf4041227d7 d6ed7e4b14c51296 52e459a551d4ac2d 1ba7a50457e93996 24e582daf6f87158 4d32dae7b43c489a
283,bf973f9ec3600199 e25a1da6ca187350 c1f2e3a76d388944 ca4de5b8a7bda9df 83b911ff0ff45844 e8ad5e31484ef889 e8b87ed7db1bcb1f d1e21234d7cc61d2 1dc7139adba034ec e403278468d84383 ba5199dba342af68 48f93f9c2c699e19 1fe79c7de59ff6c6 4d954d933e606b70 3c0873ce078d332b ec1b3d7ccd3984d0 2e031d83339759b2 430feb4826a5632e b05b5f6850cfa158 e22c35101e190db9 39075e303166355e 4e966bb2768c2b8a 9cf6709de35bf0f3 29bedd00fb2be056 4491016efed845f1 9269d2b0d877352d 5c8c6d9a1fd4c1e0 d3c4a7db726191e0 0a79fabc6f5d93c9 9113e9dc940fb287
284,db0e648651f4c92b 49b5678e0d1e5bcd 5430097e23000368 0683b6a78f54be75 ae77487a89f2610c 0220a434aa8bf029 bbbd5d2fd957e8f7 d257d1fbcf43abd5 7d83ffe83f61bdc4 e8b87ed7db1bcb1f 9b2adcf4041227d7 d1e21234d7cc61d2 42a5cae2a3a45557 ee3ed9a3f51336cd 9c9ebf71707d7a37 6461a9faa871b3ac f2e30efbd27bee51 9d5edf3b993fee50 d92c0298f76ccf77 c015590d6a6fe833 2359719a0f40ffac 35488b3b8b781278 047769588be1aea9 0c15f252d30646fc e36475c1af5ea3ab a04d6febd82a4389 f48d0fbea7dc2782 7e4a4a1300b77a06 a492bd402afd5c71 8dc313a2cf9da354
285,d216e5458ad70e60 6a9aa1bd93e36e66 07f22a7ad7e4711d 6406fcdb7d87b5dc 1dc7139adba034ec 1d72229ebcc00faf 1398b478b71773ed a853f13216170123 e8ad5e31484ef889 666bdff4faa513ca 1d0f5fdc58e3efb5 3c565c1fc2316d16 f48d0fbea7dc2782 24c47959ea77b15b 0f4c71d341e2d939 e740c80fce094788 cea18be9a89d7a81 d1e21234d7cc61d2 172bc0ee09332ae9 aa967ad3c1f65a29 f6d23cdd2359f7c0 a76ffccd2f5df1a7 4d954d933e606b70 4b29fc21f912754d ddf332f2b55a2a23 b6e72edcad270be0 3e66b4855d0dddbe 238de368bb05c0ec 62431fd374eb99fb 5b4c879fc9c316fb
286,2e4b00c01d58e79e fd57e641d06ebda7 828f5dfbbf1272ee 83f8f2fc471cad74 c1f2e3a76d388944 455fde214d16d350 4d7653ea9499eed4 522bd6887960c25d f209d29f991432f0 b84b6c0b2e4d0306 6a3919ad9ed8197e b69ce8b8154645f8 377c1150c781e37a 1efd7bd8a34a1359 387e9cd2e5d4ea7d 34a62e66e05f9a44 050544c040f46152 b2ee9eea2d974c90 a982b5c3aed39396 939a1f686ea36c05 cc0c9419f8a20603 3d93a60f990a0a7c 7e4a4a1300b77a06 5057551fc55e9ed2 453bc79164d57a01 238ec735a13a3f09 83f8aca6ee2caabc 36d33c41812ce7dc c810ac016901e8ac 5430097e23000368
287,fd57e641d06ebda7 9b2adcf4041227d7 b24820ae14e16a24 bc2ae5f4e5d53e00 a9dad59c7055b56c 0195950ce0f47e34 3d93a60f990a0a7c 7e4a4a1300b77a06 5057551fc55e9ed2 453bc79164d57a01 238ec735a13a3f09 83f8aca6ee2caabc 36d33c41812ce7dc c810ac016901e8ac 5430097e23000368 a1314cd417504572 2bafd15871caae91 d72363ddd958d906 d64c06baf5ef1c90 2dd12c230ab22555 0eedb1a0d3b8ddae da904d2a54ff8cf2 e7828f0ea9749505 b05b5f6850cfa158 f28fb3d9880c5d4c cc861214a89ef1f4 0c2eeab1e4ce1db8 42c9b72cc77dcb28 00d9f8d3f7d412b3 22e8d6734e4121ae
288,3986b68500d7704b 26140b225c4f8d3f 4f2fffd7528de786 5b4c879fc9c316fb 8faeacf8ca08f62d 2e031d83339759b2 238de368bb05c0ec 4b29fc21f912754d 1d0f5fdc58e3efb5 95ecdbff44ad0b60 ae77487a89f2610c b6a1c97f19af78d0 999a52f1d301247c b6e646c13d0753ae c5830f9d0f1e29e5 b3ad55963554f220 9f4e0d572b1f4e6c a2805ed52b47b8ec 413c55a5ab86881a 3c565c1fc2316d16 b0bfe0f426275870 3b4a85bac6ead3c8 f48d0fbea7dc2782 b1dcaca98bb76736 0451447dd64f6284 148ac4a56a18844d 393f49286db04aeb f9c6286cff30aaa8 52370bea1acd0600 24c47959ea77b15b
289,0897dcfae16e280f d46598813fb437e5 40583079f57235a6 393f49286db04aeb 26fc2a95df5659c2 b3ad55963554f220 2901e5309bb3f8f6 942a7d26d81c841f 16b11706660177ff 0db6584e3bdfa1c4 8faeacf8ca08f62d d5805cdb9e8f0f48 430feb4826a5632e 64b31699d7d15934 0eafda717681bbdc a52df8083c238c46 7b81f1f2b6ec2e5f 65fac1ba1840000f 1f4f62844c3cb99c 0451447dd64f6284 796888cc3443006c 413c55a5ab86881a 33856365c271aea4 6d80d2e62d01f6bc cc861214a89ef1f4 c28bc62802b90f82 abf90e759d208468 f25bfcffedaccf28 197fa50b30d91fe8 47fbe21f5c35c7b4
290,3fa57d488e979d74 42a5cae2a3a45557 d92c0298f76ccf77 35488b3b8b781278 bd9cd6b87a4fe0ce 5430097e23000368 43c354dbf952caaa b50b4e27b03c7b37 0683b6a78f54be75 62431fd374eb99fb 2e031d83339759b2 a492bd402afd5c71 ae77487a89f2610c 7155e5a86136eb02 3c565c1fc2316d16 4d9214c0925e5af8 f48d0fbea7dc2782 5b4c879fc9c316fb db0e648651f4c92b 9f4e0d572b1f4e6c a853f13216170123 49b5678e0d1e5bcd 4b29fc21f912754d 455fde214d16d350 bbbd5d2fd957e8f7 24c47959ea77b15b 7d83ffe83f61bdc4 0f4c71d341e2d939 cea18be9a89d7a81 9c9a9d45c2ea7ddf
291,73f770f2643a2135 430feb4826a5632e 74244a8703c03720 6a3919ad9ed8197e bd713b37b67866c3 ae94d8435a6847f4 ad06e9eeea8eb4ea a04d6febd82a4389 54a11cbcd7a32af4 702d8f1064ab3e30 24e582daf6f87158 b8e2f75014710ced f58ff7f1a6cde683 acae1d29289b1266 b84b6c0b2e4d0306 4d32dae7b43c489a 366a22fce0614fb8 cc0c9419f8a20603 34a62e66e05f9a44 f1a3b8b13e9401c0 3c565c1fc2316d16 b2ee9eea2d974c90 d5952b2e031c4e7e 828f5dfbbf1272ee a0b1f4dd32f3e278 f48d0fbea7dc2782 81b639b74256b45b 0db6584e3bdfa1c4 24c47959ea77b15b a860b682add9de1c
292,c606425856952286 d72363ddd958d906 c6b615b2589e036d 316382267dcd804f a14394322cf7043d 781f4d0147aef776 016da874bd04df55 74244a8703c03720 b3e75fdca5ca2f1a 7e4a4a1300b77a06 853e36b1550c6274 83f8aca6ee2caabc 36d33c41812ce7dc 025a148c3a53bd9f 20d283a232dfd13c c810ac016901e8ac d64c06baf5ef1c90 9c9a9d45c2ea7ddf 0eafda717681bbdc 4c3802a1bd3c842e d7d937303a6d5a9d 46315cf30aaee51c c28bc62802b90f82 453bc79164d57a01 0688c790d5806540 9a439fd1abf95245 cc861214a89ef1f4 047769588be1aea9 27a12f29dceccdbd 6c017e548aa138f2
293,cc861214a89ef1f4 7cea1f637ea3f37d ecb768ef6fd223ca 2820628e65a062e2 af8e70f978cd5aee fab14d178b24a67f b6d0f83aad4e4dc7 155600e5f1221f8c 059bbdbdb843af6a 22e8d6734e4121ae 6cb9ab508a0678a0 4105533fe46dfba9 628accd9be98503c 05e4165a56bf50eb 976baf0e84752a68 354d7a327bbcc152 3d93a60f990a0a7c e7828f0ea9749505 538c7bb968b2154c c606425856952286 4d29c6922b2d0d56 1a8e5d6512d9e2d8 4bed80e56ea2e099 50ba507a268872e1 6461a9faa871b3ac b50b4e27b03c7b37 853e36b1550c6274 4b8c7061102517ef 016da874bd04df55 74244a8703c03720
294,01104a026d22ae55 74244a8703c03720 83f8aca6ee2caabc 36d33c41812ce7dc c810ac016901e8ac ff88049e61f0f4ef 27a12f29dceccdbd d64c06baf5ef1c90 a14394322cf7043d bd0f175ee98c613e b8e2f75014710ced 316382267dcd804f b6cdb608f640e038 7e4a4a1300b77a06 cba7e22bb383083a 9100ea6cd0e084bf 453bc79164d57a01 a04d6febd82a4389 18b1d2d84c97a364 b3e75fdca5ca2f1a 39075e303166355e 430feb4826a5632e 1f4f62844c3cb99c bed3e73d52011f68 d72363ddd958d906 46315cf30aaee51c c6b615b2589e036d 73f770f2643a2135 e7828f0ea9749505 025a148c3a53bd9f
295,451e7ba901ad661d a84cd36608cb8665 37001ade0df85823 0b774cf90856c4da a1314cd417504572 537a55eda51a3f60 190ab585fd379f0f fd30682593995748 64907c4568244eb4 2b48ab08c915c0ad 3d93a60f990a0a7c 9a439fd1abf95245 65254e0d209fd66e 83f8aca6ee2caabc 2bafd15871caae91 d72363ddd958d906 453bc79164d57a01 00d9f8d3f7d412b3 9d5edf3b993fee50 781aaf62a955e4e8 da904d2a54ff8cf2 e7828f0ea9749505 9b2adcf4041227d7 7c9248ed6224aa26 d6ed7e4b14c51296 52e459a551d4ac2d 4483bbdd3241f11a c14d5b16840d3032 61ba7707ef6a5a99 8dc313a2cf9da354
296,877672967d3f70bb 387e9cd2e5d4ea7d abf90e759d208468 72403ecdfe02bba6 796888cc3443006c 33856365c271aea4 16b11706660177ff 05f23e7d05dbf7c2 0fbd0f422e926816 0d0368139e9a647f 73391e0853c1e040 5b16bae6a0de7c88 d46598813fb437e5 f2234bb7ce0c6f59 393f49286db04aeb 0db6584e3bdfa1c4 63d95d5977c2fe98 01020d1b0821f4c7 d35e11d3d1ab3c67 46b99f864d6a075a 24e582daf6f87158 09660f466b38b7ba 0772e3ab293a1f30 70776cdd9bb3b7d4 f25bfcffedaccf28 316382267dcd804f 26fc2a95df5659c2 b6d0f83aad4e4dc7 9d5edf3b993fee50 5a1149fbcbd37376
297,e461837f0fb35048 734dabb98795c35c 65254e0d209fd66e 4fe9e4e55585ba4b c143c095983a65c2 72c2a95813ea72bd 3d93a60f990a0a7c ad06e9eeea8eb4ea 70ebf53ced736fa4 6aefb6531736648a dea5e9227fbbac29 9c9a9d45c2ea7ddf a9223c28b10c131f f105a53e5cfae611 4beacc71024f8b08 5430097e23000368 c03b11a0cdc3fa39 7b81f1f2b6ec2e5f a853f13216170123 a292248bb2bffb3d ae000f9d0b5e104e 4d9214c0925e5af8 486dd77002936dec 133b04350c75770b 26140b225c4f8d3f 3b4a85bac6ead3c8 d1e21234d7cc61d2 7e4a4a1300b77a06 5057551fc55e9ed2 453bc79164d57a01
298,33856365c271aea4 39075e303166355e 40583079f57235a6 27a12f29dceccdbd a813c15b46ceaf68 1f4f62844c3cb99c e7828f0ea9749505 bd0f175ee98c613e 316382267dcd804f c28bc62802b90f82 b3e75fdca5ca2f1a 9100ea6cd0e084bf 65fac1ba1840000f bed3e73d52011f68 b3ad55963554f220 46315cf30aaee51c c6b615b2589e036d 47fbe21f5c35c7b4 c49d8f84a4f87f8a a14394322cf7043d 528161039994b4dc daa257a37227cd72 83f8aca6ee2caabc 36d33c41812ce7dc 39f6296778264878 5570ef88d970e9b4 2e44fbb8bc3d8d71 c810ac016901e8ac 047769588be1aea9 095bb1b6ecbd0a50
299,db0e648651f4c92b 49b5678e0d1e5bcd 238ec735a13a3f09 5430097e23000368 0683b6a78f54be75 ae77487a89f2610c d6ed7e4b14c51296 0220a434aa8bf029 bbbd5d2fd957e8f7 d257d1fbcf43abd5 7d83ffe83f61bdc4 f2e30efbd27bee51 e8b87ed7db1bcb1f d1e21234d7cc61d2 42a5cae2a3a45557 ee3ed9a3f51336cd 9c9ebf71707d7a37 6461a9faa871b3ac 9d5edf3b993fee50 d92c0298f76ccf77 351c9da399c2b915 2359719a0f40ffac 35488b3b8b781278 0c15f252d30646fc e36475c1af5ea3ab a04d6febd82a4389 5bf89d11a25121d9 7e4a4a1300b77a06 a492bd402afd5c71 8faeacf8ca08f62d
300,04fda7c9d8971ec0 5dd752753760ced8 64907c4568244eb4 0b774cf90856c4da fd30682593995748 d72363ddd958d906 2b48ab08c915c0ad 83f8aca6ee2caabc c015590d6a6fe833 ced9c56f2be86774 a1314cd417504572 b78189788d563693 20d283a232dfd13c 00d9f8d3f7d412b3 fc8971756f9ec194 7e4a4a1300b77a06 b29ab87af6ea6310 8f578001f9d5f543 ffa9091747ae2466 7c9248ed6224aa26 46315cf30aaee51c 453bc79164d57a01 025a148c3a53bd9f 36d33c41812ce7dc 120e745e2961b5d5 4d32dae7b43c489a 095bb1b6ecbd0a50 853e36b1550c6274 fc21db75b354a917 781f4d0147aef776
301,0683b6a78f54be75 5430097e23000368 35488b3b8b781278 4dba7ce835494a63 148ac4a56a18844d 0688c790d5806540 ebfda3b48083e390 5f94b027039f4e48 c1f2e3a76d388944 58654e3143c6550b 25a3b47fe31bc6b5 3b4a85bac6ead3c8 3d93a60f990a0a7c 7e4a4a1300b77a06 5057551fc55e9ed2 453bc79164d57a01 238ec735a13a3f09 83f8aca6ee2caabc 36d33c41812ce7dc c810ac016901e8ac a1314cd417504572 2bafd15871caae91 d72363ddd958d906 d64c06baf5ef1c90 2dd12c230ab22555 da904d2a54ff8cf2 e7828f0ea9749505 f28fb3d9880c5d4c cc861214a89ef1f4 0c2eeab1e4ce1db8
302,74244a8703c03720 430feb4826a5632e 393f49286db04aeb 8643165b0f53df11 73f770f2643a2135 95d25d38ba7df9c7 8faeacf8ca08f62d bd713b37b67866c3 24e582daf6f87158 42bb83d7c4b9ecae ad06e9eeea8eb4ea 20db73cf07a45f71 4bed80e56ea2e099 64c2e323906b42d3 ae94d8435a6847f4 9fda36f260eec24e ce2fe99a7cda4a17 50806199c80e215c a2c35fdf07a13286 a04d6febd82a4389 b1dcaca98bb76736 702d8f1064ab3e30 4d32dae7b43c489a 27bc34b9887bec0d 404031ab9d5977c4 7ee52d2519eea367 29bedd00fb2be056 4d7653ea9499eed4 e4a7a996ed6a5a81 b6e646c13d0753ae
303,05f23e7d05dbf7c2 0fbd0f422e926816 72403ecdfe02bba6 0d0368139e9a647f f2234bb7ce0c6f59 73391e0853c1e040 63d95d5977c2fe98 5b16bae6a0de7c88 b749972436ac9791 387e9cd2e5d4ea7d 33856365c271aea4 46b99f864d6a075a 796888cc3443006c c08c3765ac609cc0 f705b637f624147e 01020d1b0821f4c7 e7cad3748e50b0f8 a9eef13786610446 5b34da30b93eb123 d35e11d3d1ab3c67 09660f466b38b7ba 70776cdd9bb3b7d4 316382267dcd804f abf90e759d208468 8d58da0e1800dc96 26fc2a95df5659c2 b6d0f83aad4e4dc7 00140806971e7a73 5fb2d8e734956af0 74e59c5820900b17
304,285657fcdf89f00d 24e582daf6f87158 3a6e7894dde31c67 3b6d27775fce1c7b 0451447dd64f6284 c015590d6a6fe833 52370bea1acd0600 50cb6a6c60ad711a 4f915ad69e1dca36 8dedff0a79784abc 0f33ce8d8014f308 7c8324ce28ffb96e 9b0e8cf8153e3b33 28a2067685cb3e97 f1a3b8b13e9401c0 f25bfcffedaccf28 b84b6c0b2e4d0306 c143c095983a65c2 e9c20b67a4c5395f 6899956cd6c683f0 047769588be1aea9 4d32dae7b43c489a 16b11706660177ff 54a11cbcd7a32af4 35488b3b8b781278 b6a1c97f19af78d0 3c565c1fc2316d16 72b80b099fd64ec4 7f95168400948588 b05b5f6850cfa158
305,b6e646c13d0753ae c5830f9d0f1e29e5 a2805ed52b47b8ec 8faeacf8ca08f62d 1d0f5fdc58e3efb5 95ecdbff44ad0b60 4b29fc21f912754d c015590d6a6fe833 0eb4de784c8dd679 b1dcaca98bb76736 ad06e9eeea8eb4ea 5b4c879fc9c316fb c1f2e3a76d388944 486dd77002936dec 393f49286db04aeb f9c6286cff30aaa8 c36c2dce0e6e434f 587e0b2a4811fab1 8699cc5dd4159b69 3e8e56f639a5db5b 3cb6b40d377e7ca8 1dc7139adba034ec 4f915ad69e1dca36 f2e30efbd27bee51 97d696011258825c 47fbe21f5c35c7b4 999a52f1d301247c ce2fe99a7cda4a17 5430097e23000368 8abe670908f12614
306,7d83ffe83f61bdc4 238ec735a13a3f09 bbbd5d2fd957e8f7 6461a9faa871b3ac 49b5678e0d1e5bcd a1314cd417504572 e7828f0ea9749505 ee3ed9a3f51336cd 00d9f8d3f7d412b3 5430097e23000368 fd30682593995748 0683b6a78f54be75 ae77487a89f2610c 7cea1f637ea3f37d db0e648651f4c92b d6ed7e4b14c51296 52e459a551d4ac2d d257d1fbcf43abd5 65fac1ba1840000f 83f8aca6ee2caabc 42a5cae2a3a45557 9d5edf3b993fee50 d92c0298f76ccf77 da904d2a54ff8cf2 35488b3b8b781278 4d29c6922b2d0d56 8abe670908f12614 19e8f436d4b2fc25 e36475c1af5ea3ab a04d6febd82a4389
307,04886579947a80c2 ce8cb4351b8c0f6e 1d0f5fdc58e3efb5 e740c80fce094788 9ab90dfc5c9b0b37 666bdff4faa513ca d1e21234d7cc61d2 58654e3143c6550b a65e30106ea50423 0683b6a78f54be75 a853f13216170123 1c3b74a02a86467d 8566d15270eb5e83 01b3da54ffb158a0 ced9c56f2be86774 061f3e1feeaa3094 b26d8664feb18c8c 7f29daa16b9b4cda 4d29c6922b2d0d56 a04d6febd82a4389 54a11cbcd7a32af4 e1460af4a7044067 b05b5f6850cfa158 6406fcdb7d87b5dc d46598813fb437e5 fb2ebcb5335ad2e2 25145708d494530b ec1b3d7ccd3984d0 b6cdb608f640e038 95d25d38ba7df9c7
308,66ccd03c9e03ac06 33856365c271aea4 18ced18aee04c48e 5430097e23000368 8faeacf8ca08f62d 1d0f5fdc58e3efb5 95ecdbff44ad0b60 a292248bb2bffb3d b6e646c13d0753ae c5830f9d0f1e29e5 a2805ed52b47b8ec 3d93a60f990a0a7c 7e4a4a1300b77a06 5057551fc55e9ed2 453bc79164d57a01 238ec735a13a3f09 83f8aca6ee2caabc b1dcaca98bb76736 36d33c41812ce7dc 393f49286db04aeb f9c6286cff30aaa8 c810ac016901e8ac ad06e9eeea8eb4ea a1314cd417504572 2bafd15871caae91 5b4c879fc9c316fb d72363ddd958d906 d64c06baf5ef1c90 d1e21234d7cc61d2 c1f2e3a76d388944
309,055d895a3b26e466 4b8c7061102517ef 453bc79164d57a01 9b2adcf4041227d7 bbbd5d2fd957e8f7 00d9f8d3f7d412b3 4c0eee2c1a5e76e2 74873b42602d8958 5057551fc55e9ed2 26f72a4eb15ea8c0 a1314cd417504572 9c9a9d45c2ea7ddf 8abe670908f12614 a292248bb2bffb3d d1e21234d7cc61d2 b05b5f6850cfa158 3d93a60f990a0a7c 7e4a4a1300b77a06 238ec735a13a3f09 83f8aca6ee2caabc 36d33c41812ce7dc c810ac016901e8ac 5430097e23000368 2bafd15871caae91 d72363ddd958d906 0eedb1a0d3b8ddae d64c06baf5ef1c90 2dd12c230ab22555 da904d2a54ff8cf2 e7828f0ea9749505
310,249bf372159f33e9 8e83d05923cde390 a0b1f4dd32f3e278 7eec211cc37a1b05 72c2a95813ea72bd d1e21234d7cc61d2 1dc7139adba034ec 9c9ebf71707d7a37 6aac5e116b75aa22 106204cd0e07e1b2 cc507a0d6fcf4a1c 3e8e56f639a5db5b 1d0f5fdc58e3efb5 9fbffc521da97c54 0c15f252d30646fc 069e7e25e43deab3 0e45c4c185f35df6 877672967d3f70bb db69d4cbfef8d22f dc17b07476183764 b84b6c0b2e4d0306 6a3919ad9ed8197e 366a22fce0614fb8 54a11cbcd7a32af4 cc0c9419f8a20603 00e1e2eb13f650e4 34a62e66e05f9a44 b2ee9eea2d974c90 d5952b2e031c4e7e 828f5dfbbf1272ee
311,2e031d83339759b2 f2e30efbd27bee51 1f423f368aebf7f3 39075e303166355e 24e582daf6f87158 3734d3b0b9232538 d72363ddd958d906 90ecb28f2edb9d43 4d32dae7b43c489a eff60ceea8817dad c1f2e3a76d388944 2e79d45ba4d1540d 3c565c1fc2316d16 d3c4a7db726191e0 73f770f2643a2135 9f3d2ca16f358290 01ecc81f6341e902 447fc00f40d71d08 765c0695339c3abe f48d0fbea7dc2782 da7d3c2d591c4295 b26d8664feb18c8c ce0f56b7190c268a 81b639b74256b45b 0db6584e3bdfa1c4 538c7bb968b2154c 24c47959ea77b15b a860b682add9de1c 3b6d27775fce1c7b 0f4c71d341e2d939
312,6e239f4dd4b6aed7 8e0cc5199a0ee659 522bd6887960c25d d35e11d3d1ab3c67 f2e30efbd27bee51 6aefb6531736648a f76f44d372517a9a 5b34da30b93eb123 65fac1ba1840000f b749972436ac9791 c5830f9d0f1e29e5 955e465ce0788ea6 f705b637f624147e e7cad3748e50b0f8 f2234bb7ce0c6f59 f46601a9955f9949 622f2e4119882c94 0fbd0f422e926816 74e59c5820900b17 8d58da0e1800dc96 316382267dcd804f 05f23e7d05dbf7c2 2a06f5614060e3b6 acae1d29289b1266 b6d0f83aad4e4dc7 9f3d2ca16f358290 8faeacf8ca08f62d 9cf6709de35bf0f3 00140806971e7a73 1efd7bd8a34a1359
313,b1dcaca98bb76736 e7cad3748e50b0f8 855f2f0354e102c7 88b62355670ec8f8 77e2f7da1f9d3a8f 377c1150c781e37a e0269da736ddf004 5dd752753760ced8 8a5635c748344d47 520ec719078be07c edc79e57b20e9036 b05b5f6850cfa158 0eedb1a0d3b8ddae 3d93a60f990a0a7c 7e4a4a1300b77a06 5057551fc55e9ed2 453bc79164d57a01 238ec735a13a3f09 83f8aca6ee2caabc 36d33c41812ce7dc c810ac016901e8ac 5430097e23000368 a1314cd417504572 2bafd15871caae91 d72363ddd958d906 d64c06baf5ef1c90 2dd12c230ab22555 da904d2a54ff8cf2 e7828f0ea9749505 f28fb3d9880c5d4c
314,680bb5c5c3bb6ee1 26fc2a95df5659c2 8faeacf8ca08f62d 95ecdbff44ad0b60 01020d1b0821f4c7 6d80d2e62d01f6bc b6e646c13d0753ae f9c6286cff30aaa8 395b26d91f98bd92 0451447dd64f6284 a2805ed52b47b8ec b1dcaca98bb76736 393f49286db04aeb 54a11cbcd7a32af4 1d0f5fdc58e3efb5 781aaf62a955e4e8 587e0b2a4811fab1 8699cc5dd4159b69 22dc81380cf4baec 3e8e56f639a5db5b acae1d29289b1266 ad06e9eeea8eb4ea c606425856952286 c5830f9d0f1e29e5 f25bfcffedaccf28 2901e5309bb3f8f6 d46598813fb437e5 c1f2e3a76d388944 01b3da54ffb158a0 a982b5c3aed39396
315,922e625fae98b3b9 24c47959ea77b15b 18ced18aee04c48e 49224aca40e6e5e3 a60934e6b473097a ebfda3b48083e390 e7828f0ea9749505 28a2067685cb3e97 5ebb4d2f5f1c1f13 538c7bb968b2154c 3c565c1fc2316d16 25a3b47fe31bc6b5 4bed80e56ea2e099 7c98dedd223b36c0 3cb6b40d377e7ca8 db69d4cbfef8d22f 5f94b027039f4e48 72b80b099fd64ec4 d5952b2e031c4e7e 587e0b2a4811fab1 a52df8083c238c46 b05b5f6850cfa158 24e582daf6f87158 7f95168400948588 70ebf53ced736fa4 430feb4826a5632e ec4ef2f727e7a03f 9f4e0d572b1f4e6c 877672967d3f70bb 1d0f5fdc58e3efb5
316,6406fcdb7d87b5dc 58654e3143c6550b 3c565c1fc2316d16 f48d0fbea7dc2782 a65e30106ea50423 a292248bb2bffb3d 24c47959ea77b15b 0f4c71d341e2d939 cea18be9a89d7a81 172bc0ee09332ae9 ced9c56f2be86774 a76ffccd2f5df1a7 4d954d933e606b70 4b29fc21f912754d 4d29c6922b2d0d56 ddf332f2b55a2a23 b6e72edcad270be0 3e66b4855d0dddbe 1c3b74a02a86467d 8566d15270eb5e83 238de368bb05c0ec 62431fd374eb99fb 5b4c879fc9c316fb 999a52f1d301247c 4f2fffd7528de786 d1e21234d7cc61d2 a853f13216170123 24e582daf6f87158 cc507a0d6fcf4a1c 66ccd03c9e03ac06
317,d6ed7e4b14c51296 8e0760918e88e4a9 49b5678e0d1e5bcd f05fa5f57dc03e81 0220a434aa8bf029 6461a9faa871b3ac e36475c1af5ea3ab 48f93f9c2c699e19 52e459a551d4ac2d 5430097e23000368 27bc34b9887bec0d da904d2a54ff8cf2 ec1b3d7ccd3984d0 00958a140c3a6de8 7cea1f637ea3f37d 1a8e5d6512d9e2d8 2820628e65a062e2 f48d0fbea7dc2782 976baf0e84752a68 537a55eda51a3f60 ecb768ef6fd223ca e22c35101e190db9 0683b6a78f54be75 155600e5f1221f8c 9cf6709de35bf0f3 29bedd00fb2be056 4491016efed845f1 ae77487a89f2610c 9269d2b0d877352d 5c8c6d9a1fd4c1e0
318,74873b42602d8958 4c0eee2c1a5e76e2 26f72a4eb15ea8c0 bbbd5d2fd957e8f7 8abe670908f12614 9c9a9d45c2ea7ddf 00d9f8d3f7d412b3 5057551fc55e9ed2 a1314cd417504572 4d29c6922b2d0d56 7d83ffe83f61bdc4 1c3b74a02a86467d fc16a50ff0baec53 a5d5ba33b5b1dc95 ced9c56f2be86774 9f4e0d572b1f4e6c a492bd402afd5c71 447fc00f40d71d08 58654e3143c6550b 49b5678e0d1e5bcd 50806199c80e215c 96445bec1579ec97 de8e1345e8c305c4 b6cdb608f640e038 0772e3ab293a1f30 148ac4a56a18844d 4d9214c0925e5af8 a65e30106ea50423 6406fcdb7d87b5dc a853f13216170123
319,27a12f29dceccdbd a14394322cf7043d 83f8aca6ee2caabc 36d33c41812ce7dc bd0f175ee98c613e 316382267dcd804f c810ac016901e8ac d64c06baf5ef1c90 9100ea6cd0e084bf 18b1d2d84c97a364 b3e75fdca5ca2f1a 39075e303166355e 1f4f62844c3cb99c cba7e22bb383083a bed3e73d52011f68 46315cf30aaee51c c6b615b2589e036d 7e4a4a1300b77a06 025a148c3a53bd9f b6cdb608f640e038 453bc79164d57a01 238ec735a13a3f09 016da874bd04df55 b0bfe0f426275870 a0566ca9daca7778 74244a8703c03720 4c3802a1bd3c842e c28bc62802b90f82 853e36b1550c6274 59c231f8fd21260c
320,e5fb8dc5c9cb4a19 6e1b6b53c9710940 b8e2f75014710ced 2bafd15871caae91 2dd12c230ab22555 0c2eeab1e4ce1db8 24e582daf6f87158 4d32dae7b43c489a 3d93a60f990a0a7c 7e4a4a1300b77a06 5057551fc55e9ed2 453bc79164d57a01 238ec735a13a3f09 3c565c1fc2316d16 83f8aca6ee2caabc 36d33c41812ce7dc 393f49286db04aeb c810ac016901e8ac 5430097e23000368 a1314cd417504572 d72363ddd958d906 d64c06baf5ef1c90 f48d0fbea7dc2782 8faeacf8ca08f62d da904d2a54ff8cf2 e7828f0ea9749505 81b639b74256b45b f28fb3d9880c5d4c cc861214a89ef1f4 0db6584e3bdfa1c4
321,b7d7d9ae1cbe0d8a 3a6e7894dde31c67 a1314cd417504572 b8e2f75014710ced 00ff646ca6637bd7 83f5a9732f0de67f 6cb9ab508a0678a0 c49d8f84a4f87f8a 148ac4a56a18844d 62431fd374eb99fb 585f4ee09d8fea46 5dd752753760ced8 f29eee8054c061e1 e7828f0ea9749505 0079f3c74309b582 aa0789b403bcd839 4beacc71024f8b08 354d7a327bbcc152 919b1679fffa7ef1 ce8cb4351b8c0f6e f0d53dcf0c296b57 9b2adcf4041227d7 06de3ca1148b088b 83f8aca6ee2caabc 36d33c41812ce7dc c810ac016901e8ac 27a12f29dceccdbd d64c06baf5ef1c90 a14394322cf7043d bd0f175ee98c613e
322,1d0f5fdc58e3efb5 e740c80fce094788 666bdff4faa513ca a853f13216170123 50cb6a6c60ad711a d1e21234d7cc61d2 0683b6a78f54be75 5b4c879fc9c316fb f76f44d372517a9a 72b80b099fd64ec4 7155e5a86136eb02 e8b87ed7db1bcb1f c36c2dce0e6e434f cc507a0d6fcf4a1c ad06e9eeea8eb4ea 4d954d933e606b70 09bbaa171c20bae3 ddf332f2b55a2a23 3cb6b40d377e7ca8 6204e398d8c7f888 1a05ef8c93af8eed cea18be9a89d7a81 b05b5f6850cfa158 54a11cbcd7a32af4 e8684734f2e587bd 0f33ce8d8014f308 ce0f56b7190c268a e403278468d84383 ec4ef2f727e7a03f 4dba7ce835494a63
323,f76f44d372517a9a bb7515be835dea49 3c565c1fc2316d16 e25a1da6ca187350 ffa9091747ae2466 9cf6709de35bf0f3 413c55a5ab86881a a65e30106ea50423 90ecb28f2edb9d43 01020d1b0821f4c7 6204e398d8c7f888 0db6584e3bdfa1c4 5c8c6d9a1fd4c1e0 453bc79164d57a01 f46601a9955f9949 59bf6d6df9146d60 83b911ff0ff45844 eab15ee21e126f6a 4c3802a1bd3c842e a60934e6b473097a f44f74b3451aa593 0f33ce8d8014f308 061f3e1feeaa3094 3cb6b40d377e7ca8 29968e8fd13539f8 0add47a043c64d7f 65d44c6393907290 5ebb4d2f5f1c1f13 877672967d3f70bb 0708923badf2ff5d
324,5547f9f1638ac345 27888817db122597 b05b5f6850cfa158 f25bfcffedaccf28 942a7d26d81c841f 6899956cd6c683f0 b84b6c0b2e4d0306 24e582daf6f87158 16b11706660177ff 0add47a043c64d7f 72b80b099fd64ec4 7f95168400948588 88b62355670ec8f8 419b5dc40744fb9b 45bd99d5d2eef776 97d696011258825c 92f42fbd0c38f7fd 1d72229ebcc00faf cc0c9419f8a20603 eff60ceea8817dad 47fbe21f5c35c7b4 c11b97f245a9dfd0 52aa48c07b34dc88 4e966bb2768c2b8a 3b6d27775fce1c7b ca43e349133fc0e3 8faeacf8ca08f62d 19e8f436d4b2fc25 d63b7f083330247f 22dc81380cf4baec
325,964a50d33717c26d 8643165b0f53df11 29bedd00fb2be056 0c15f252d30646fc 5d26da95786b3a3a 1f423f368aebf7f3 bc2ae5f4e5d53e00 0772e3ab293a1f30 ce2fe99a7cda4a17 b1dcaca98bb76736 0bcaac840d5e66d7 6899956cd6c683f0 27bc34b9887bec0d 1d0f5fdc58e3efb5 feddfcf56818968e bd713b37b67866c3 81bd116c786bf9ae a2805ed52b47b8ec 12af6a34778710db 7eec211cc37a1b05 c96049ed915ced0a 6e1b6b53c9710940 a84cd36608cb8665 43b3338423d7386c 447fc00f40d71d08 64c2e323906b42d3 50806199c80e215c d0f6c00eec5eb973 cb3e4ce97e7f2881 8faeacf8ca08f62d
326,9b0e8cf8153e3b33 f29eee8054c061e1 047769588be1aea9 a60934e6b473097a 46315cf30aaee51c 4c3802a1bd3c842e 4dba7ce835494a63 83b911ff0ff45844 acae1d29289b1266 a52df8083c238c46 07f22a7ad7e4711d 9100ea6cd0e084bf f48d0fbea7dc2782 3b4a85bac6ead3c8 c606425856952286 a982b5c3aed39396 9c9a9d45c2ea7ddf eab15ee21e126f6a f76f44d372517a9a 2394b08708475900 bc2ae5f4e5d53e00 9fbffc521da97c54 eec6b281e236b500 8fc68213b63951dc daa257a37227cd72 9a0f5ee4f845c9b2 0451447dd64f6284 65d44c6393907290 16b11706660177ff f9c6286cff30aaa8
327,106204cd0e07e1b2 5d26da95786b3a3a 1d0f5fdc58e3efb5 95ecdbff44ad0b60 c36c2dce0e6e434f 587e0b2a4811fab1 3b4a85bac6ead3c8 8faeacf8ca08f62d 0708923badf2ff5d e1460af4a7044067 a492bd402afd5c71 9269d2b0d877352d e878efab7c37179e fb2ebcb5335ad2e2 5c8c6d9a1fd4c1e0 a860b682add9de1c 3b6d27775fce1c7b 96e82fa141db9a4b 4f2fffd7528de786 1a05ef8c93af8eed eab15ee21e126f6a de8e1345e8c305c4 48cf88c17ff38c5e 4d7653ea9499eed4 e4a7a996ed6a5a81 2394b08708475900 366a22fce0614fb8 b24820ae14e16a24 bc2ae5f4e5d53e00 72c2a95813ea72bd
328,a9dad59c7055b56c 061f3e1feeaa3094 999a52f1d301247c 486dd77002936dec 5b4c879fc9c316fb 25a3b47fe31bc6b5 9f4e0d572b1f4e6c 4522ad78bf79f0c9 81b7c7e312bfa1a0 cea18be9a89d7a81 ac9ee0c09b538140 d46598813fb437e5 63d95d5977c2fe98 892074f7c1ef5d5e 796888cc3443006c c36c2dce0e6e434f 7c8324ce28ffb96e 106204cd0e07e1b2 65d44c6393907290 ce0f56b7190c268a f58ff7f1a6cde683 4d9214c0925e5af8 413c55a5ab86881a 6a9aa1bd93e36e66 033d905aec273595 a76ffccd2f5df1a7 1a05ef8c93af8eed 393f49286db04aeb a0566ca9daca7778 fc16a50ff0baec53
329,f705b637f624147e c08c3765ac609cc0 74e59c5820900b17 5b34da30b93eb123 a9eef13786610446 b749972436ac9791 ffc688c4c1c2a068 2a06f5614060e3b6 65fac1ba1840000f e7cad3748e50b0f8 2810fb6f81d1711c 2359719a0f40ffac 54f55c74d37db3c0 00140806971e7a73 8d58da0e1800dc96 f46601a9955f9949 dac29ed8400b50cc 44d324ebd3e22ad7 05f23e7d05dbf7c2 4d417b203b333363 955e465ce0788ea6 6d80d2e62d01f6bc 0fbd0f422e926816 f2234bb7ce0c6f59 005666aa098abe8e bed3e73d52011f68 e14a893f1918277e 0eafda717681bbdc acae1d29289b1266 65254e0d209fd66e
330,8df3f13d6af34cb3 fc21db75b354a917 40583079f57235a6 1f4f62844c3cb99c b3ad55963554f220 c015590d6a6fe833 1dc7139adba034ec 64b31699d7d15934 c28bc62802b90f82 a292248bb2bffb3d 666bdff4faa513ca 6406fcdb7d87b5dc 5dd752753760ced8 bd0f175ee98c613e b3e75fdca5ca2f1a 316382267dcd804f 0db6584e3bdfa1c4 24e582daf6f87158 d5805cdb9e8f0f48 39075e303166355e 0eafda717681bbdc a52df8083c238c46 bed3e73d52011f68 7b81f1f2b6ec2e5f cc861214a89ef1f4 393f49286db04aeb 2e44fbb8bc3d8d71 46315cf30aaee51c c6b615b2589e036d 9100ea6cd0e084bf
331,4d9214c0925e5af8 c015590d6a6fe833 1d0f5fdc58e3efb5 9f4e0d572b1f4e6c 9113e9dc940fb287 d9885881381fd10a 3b4a85bac6ead3c8 48cf88c17ff38c5e 81b7c7e312bfa1a0 a9dad59c7055b56c e740c80fce094788 a853f13216170123 d0f6c00eec5eb973 666bdff4faa513ca d1e21234d7cc61d2 0683b6a78f54be75 387e9cd2e5d4ea7d 9fbffc521da97c54 10ad13170242ecae 6899956cd6c683f0 00d9eb862ba3dfc6 ec1b3d7ccd3984d0 f25bfcffedaccf28 4d32dae7b43c489a f76f44d372517a9a 01b3da54ffb158a0 3c565c1fc2316d16 b1dcaca98bb76736 16b11706660177ff ad06e9eeea8eb4ea
332,589ef345cb2dccfc daa257a37227cd72 9c9a9d45c2ea7ddf ce0f56b7190c268a 4f915ad69e1dca36 430feb4826a5632e 4d29c6922b2d0d56 73f770f2643a2135 bf3ccaba4a3450a8 74244a8703c03720 bd713b37b67866c3 24e582daf6f87158 a853f13216170123 5430097e23000368 ae94d8435a6847f4 ae000f9d0b5e104e 4d9214c0925e5af8 a04d6febd82a4389 133b04350c75770b 702d8f1064ab3e30 ad06e9eeea8eb4ea 4d32dae7b43c489a c143c095983a65c2 26140b225c4f8d3f 10ad13170242ecae 3c565c1fc2316d16 393f49286db04aeb 6a3919ad9ed8197e f58ff7f1a6cde683 acae1d29289b1266
333,8faeacf8ca08f62d 6a9aa1bd93e36e66 a982b5c3aed39396 1d0f5fdc58e3efb5 95ecdbff44ad0b60 d216e5458ad70e60 b69ce8b8154645f8 999a52f1d301247c 1dc7139adba034ec f9c6286cff30aaa8 393f49286db04aeb 65708d542bd01f39 b6e646c13d0753ae c5830f9d0f1e29e5 a2805ed52b47b8ec 73f770f2643a2135 ad06e9eeea8eb4ea 6406fcdb7d87b5dc 587e0b2a4811fab1 a52df8083c238c46 34a62e66e05f9a44 c1f2e3a76d388944 853e36b1550c6274 af41e2b6da3e7e02 47fbe21f5c35c7b4 a65e30106ea50423 4b29fc21f912754d b1dcaca98bb76736 4f915ad69e1dca36 5b4c879fc9c316fb
334,57113c2a4cacd961 abf90e759d208468 5dd752753760ced8 a2805ed52b47b8ec cb3e4ce97e7f2881 0bcaac840d5e66d7 ac9ee0c09b538140 feddfcf56818968e 7c98dedd223b36c0 0db6584e3bdfa1c4 b1dcaca98bb76736 4491016efed845f1 393f49286db04aeb 16b11706660177ff 050544c040f46152 4e966bb2768c2b8a c5830f9d0f1e29e5 83f8f2fc471cad74 4bed80e56ea2e099 95ecdbff44ad0b60 8643165b0f53df11 b2ee9eea2d974c90 0683b6a78f54be75 2e4b00c01d58e79e bee46c54461925d0 ce2fe99a7cda4a17 702d8f1064ab3e30 bfb8032f2183d471 0e45c4c185f35df6 eab15ee21e126f6a
335,8b7c486a910dd004 cec2eea2a1fe566a c05f45f86d0771d5 bc27d5dc9bab1c18 a0566ca9daca7778 50ba507a268872e1 453bc79164d57a01 b50b4e27b03c7b37 8dc313a2cf9da354 5c4b7558c942a224 e6a29676c096f8e8 ae94d8435a6847f4 5057551fc55e9ed2 64907c4568244eb4 83f8aca6ee2caabc 4beacc71024f8b08 939a1f686ea36c05 a52df8083c238c46 a1314cd417504572 d72363ddd958d906 acae1d29289b1266 bf973f9ec3600199 da904d2a54ff8cf2 e7828f0ea9749505 59c231f8fd21260c 00d9f8d3f7d412b3 9b2adcf4041227d7 22e8d6734e4121ae d6ed7e4b14c51296 52e459a551d4ac2d
336,447fc00f40d71d08 3e8e56f639a5db5b 7eec211cc37a1b05 46b99f864d6a075a 8e0760918e88e4a9 4bed80e56ea2e099 29968e8fd13539f8 f209d29f991432f0 680bb5c5c3bb6ee1 d9885881381fd10a 74244a8703c03720 8699cc5dd4159b69 b0e254dd420faee3 2e79d45ba4d1540d 01b3da54ffb158a0 60a070db9f1869b5 8643165b0f53df11 964a50d33717c26d 765c0695339c3abe 00958a140c3a6de8 395b26d91f98bd92 6899956cd6c683f0 4d32dae7b43c489a af41e2b6da3e7e02 bd713b37b67866c3 455fde214d16d350 52aa48c07b34dc88 0eedb1a0d3b8ddae 0b0021aa60d05daa 2b48ab08c915c0ad
337,16b11706660177ff 430feb4826a5632e 73f770f2643a2135 d216e5458ad70e60 a292248bb2bffb3d 74244a8703c03720 ad06e9eeea8eb4ea f25bfcffedaccf28 abf90e759d208468 d46598813fb437e5 bd713b37b67866c3 3b4a85bac6ead3c8 942a7d26d81c841f f76f44d372517a9a cc0c9419f8a20603 ae94d8435a6847f4 0db6584e3bdfa1c4 acae1d29289b1266 393f49286db04aeb e25a1da6ca187350 e22c35101e190db9 d7d937303a6d5a9d a04d6febd82a4389 9cf6709de35bf0f3 a65e30106ea50423 702d8f1064ab3e30 81b639b74256b45b eec6b281e236b500 ca4de5b8a7bda9df 8fc68213b63951dc
338,3e8e56f639a5db5b 419b5dc40744fb9b 447fc00f40d71d08 f209d29f991432f0 22dc81380cf4baec 97d696011258825c 46b99f864d6a075a 680bb5c5c3bb6ee1 88b62355670ec8f8 7eec211cc37a1b05 b05b5f6850cfa158 eff60ceea8817dad 4bed80e56ea2e099 285657fcdf89f00d 95d25d38ba7df9c7 8699cc5dd4159b69 8e0760918e88e4a9 a2805ed52b47b8ec f49e13a653cbdad2 99e833818ec4bbf2 d3c4a7db726191e0 9113e9dc940fb287 d16da1fb61813db9 4b05967001421eab d9885881381fd10a 52370bea1acd0600 ac9ee0c09b538140 3cb6b40d377e7ca8 34a62e66e05f9a44 42bb83d7c4b9ecae
339,f1a3b8b13e9401c0 b1e47da7659b675c 59c231f8fd21260c 48a76e3aff69d605 b6e72edcad270be0 95166957b2c38794 72b80b099fd64ec4 a860b682add9de1c 0e45c4c185f35df6 1efd7bd8a34a1359 05e4165a56bf50eb a0566ca9daca7778 7d83ffe83f61bdc4 daa257a37227cd72 10ad13170242ecae 0451447dd64f6284 e1460af4a7044067 a813c15b46ceaf68 dc12cc503ac0eddb 3a6e7894dde31c67 01ecc81f6341e902 88b62355670ec8f8 047769588be1aea9 680bb5c5c3bb6ee1 7eec211cc37a1b05 24e582daf6f87158 3b6d27775fce1c7b 0f33ce8d8014f308 c015590d6a6fe833 52370bea1acd0600
340,16b11706660177ff d46598813fb437e5 abf90e759d208468 f25bfcffedaccf28 26fc2a95df5659c2 65fac1ba1840000f 393f49286db04aeb 430feb4826a5632e 0db6584e3bdfa1c4 942a7d26d81c841f 796888cc3443006c 33856365c271aea4 e14a893f1918277e c015590d6a6fe833 83f8aca6ee2caabc 6d80d2e62d01f6bc 36d33c41812ce7dc 2901e5309bb3f8f6 387e9cd2e5d4ea7d c810ac016901e8ac 48f93f9c2c699e19 d64c06baf5ef1c90 7e4a4a1300b77a06 27a12f29dceccdbd 238de368bb05c0ec a14394322cf7043d 453bc79164d57a01 cba7e22bb383083a c49d8f84a4f87f8a ec1b3d7ccd3984d0
341,16b11706660177ff d46598813fb437e5 abf90e759d208468 f25bfcffedaccf28 65fac1ba1840000f 393f49286db04aeb 6461a9faa871b3ac 976baf0e84752a68 1a8e5d6512d9e2d8 2820628e65a062e2 e14a893f1918277e f48d0fbea7dc2782 b6e646c13d0753ae c5830f9d0f1e29e5 26fc2a95df5659c2 a2805ed52b47b8ec 430feb4826a5632e ecb768ef6fd223ca 0db6584e3bdfa1c4 942a7d26d81c841f 796888cc3443006c 33856365c271aea4 155600e5f1221f8c c606425856952286 0a79fabc6f5d93c9 6d80d2e62d01f6bc 7cea1f637ea3f37d 016da874bd04df55 2901e5309bb3f8f6 387e9cd2e5d4ea7d
342,622f2e4119882c94 f54ad8d1eb18212e ca43e349133fc0e3 2901e5309bb3f8f6 a5f55580081236f4 c49d8f84a4f87f8a b760ebc5f25788d3 0a49074a4158155b d216e5458ad70e60 acae1d29289b1266 18b1d2d84c97a364 aa967ad3c1f65a29 19b4014943e0ad92 1398b478b71773ed e7dd56376be2cf1c f0d53dcf0c296b57 10ad13170242ecae 4f2fffd7528de786 26fc2a95df5659c2 ddf332f2b55a2a23 628accd9be98503c 6d80d2e62d01f6bc f2b5098ac9c92da9 e14a893f1918277e 0451447dd64f6284 01020d1b0821f4c7 3b4a85bac6ead3c8 0195950ce0f47e34 da7d3c2d591c4295 d46598813fb437e5
343,b24820ae14e16a24 bc2ae5f4e5d53e00 a9dad59c7055b56c 5b4c879fc9c316fb 486dd77002936dec 3c565c1fc2316d16 4b29fc21f912754d f48d0fbea7dc2782 999a52f1d301247c 24c47959ea77b15b 0f4c71d341e2d939 4f2fffd7528de786 8faeacf8ca08f62d a853f13216170123 cc507a0d6fcf4a1c cea18be9a89d7a81 172bc0ee09332ae9 666bdff4faa513ca a76ffccd2f5df1a7 4d954d933e606b70 7155e5a86136eb02 07f22a7ad7e4711d ddf332f2b55a2a23 b6e72edcad270be0 3e66b4855d0dddbe 2e031d83339759b2 1d0f5fdc58e3efb5 95ecdbff44ad0b60 238de368bb05c0ec 62431fd374eb99fb
344,5430097e23000368 ae77487a89f2610c db0e648651f4c92b 49b5678e0d1e5bcd bbbd5d2fd957e8f7 7d83ffe83f61bdc4 7e4a4a1300b77a06 ee3ed9a3f51336cd 6461a9faa871b3ac 5dd752753760ced8 f9c6286cff30aaa8 238ec735a13a3f09 0683b6a78f54be75 e36475c1af5ea3ab d257d1fbcf43abd5 9b2adcf4041227d7 0220a434aa8bf029 d6ed7e4b14c51296 52e459a551d4ac2d 72c2a95813ea72bd 033d905aec273595 da011b87595c1019 3d93a60f990a0a7c 4535ce2e3dced00f 5057551fc55e9ed2 453bc79164d57a01 42a5cae2a3a45557 83f8aca6ee2caabc 36d33c41812ce7dc 6e1b6b53c9710940
345,6e12311169bcb24c 8abe670908f12614 964a50d33717c26d bd713b37b67866c3 8643165b0f53df11 29bedd00fb2be056 5430097e23000368 6899956cd6c683f0 395b26d91f98bd92 0772e3ab293a1f30 b05b5f6850cfa158 0683b6a78f54be75 01b3da54ffb158a0 061f3e1feeaa3094 cc0c9419f8a20603 b26d8664feb18c8c a04d6febd82a4389 83f5a9732f0de67f 54a11cbcd7a32af4 26f72a4eb15ea8c0 e1460af4a7044067 5d26da95786b3a3a 7eec211cc37a1b05 fb2ebcb5335ad2e2 25145708d494530b ec1b3d7ccd3984d0 b6cdb608f640e038 c96049ed915ced0a 95d25d38ba7df9c7 22dc81380cf4baec
346,238de368bb05c0ec ba5199dba342af68 a0b1f4dd32f3e278 069e7e25e43deab3 aa0789b403bcd839 83f8aca6ee2caabc 3c565c1fc2316d16 36d33c41812ce7dc c810ac016901e8ac d64c06baf5ef1c90 f48d0fbea7dc2782 e8b87ed7db1bcb1f db0e648651f4c92b 7e4a4a1300b77a06 24c47959ea77b15b d1e21234d7cc61d2 27a12f29dceccdbd 49b5678e0d1e5bcd 0f4c71d341e2d939 a14394322cf7043d 453bc79164d57a01 cba7e22bb383083a cea18be9a89d7a81 172bc0ee09332ae9 f2e30efbd27bee51 bd0f175ee98c613e 316382267dcd804f a76ffccd2f5df1a7 4d954d933e606b70 4b29fc21f912754d
347,9100ea6cd0e084bf 047769588be1aea9 9c9a9d45c2ea7ddf 4d9214c0925e5af8 a853f13216170123 9f4e0d572b1f4e6c a492bd402afd5c71 0451447dd64f6284 a860b682add9de1c 26140b225c4f8d3f de8e1345e8c305c4 3d93a60f990a0a7c 3b4a85bac6ead3c8 453bc79164d57a01 fa173131f15f5534 83f8aca6ee2caabc 36d33c41812ce7dc 133b04350c75770b 2e031d83339759b2 c810ac016901e8ac 486dd77002936dec 5430097e23000368 2bafd15871caae91 da011b87595c1019 d1e21234d7cc61d2 d72363ddd958d906 d64c06baf5ef1c90 447fc00f40d71d08 2dd12c230ab22555 f28fb3d9880c5d4c
348,65254e0d209fd66e 7b81f1f2b6ec2e5f 3d93a60f990a0a7c c03b11a0cdc3fa39 387e9cd2e5d4ea7d 62431fd374eb99fb f29eee8054c061e1 4beacc71024f8b08 40583079f57235a6 b3ad55963554f220 c49d8f84a4f87f8a 96e82fa141db9a4b e7828f0ea9749505 f44f74b3451aa593 64b31699d7d15934 666bdff4faa513ca 395b26d91f98bd92 9f3d2ca16f358290 9b0e8cf8153e3b33 d5805cdb9e8f0f48 0eafda717681bbdc a52df8083c238c46 393f49286db04aeb 1f4f62844c3cb99c 4535ce2e3dced00f 413c55a5ab86881a 8faeacf8ca08f62d 2e2904c5373734ae cc861214a89ef1f4 942a7d26d81c841f
349,f0d53dcf0c296b57 bee46c54461925d0 f54ad8d1eb18212e c49d8f84a4f87f8a 3a6e7894dde31c67 148ac4a56a18844d 585f4ee09d8fea46 aa0789b403bcd839 919b1679fffa7ef1 ce8cb4351b8c0f6e 83f5a9732f0de67f 8faeacf8ca08f62d 06de3ca1148b088b 1d0f5fdc58e3efb5 95ecdbff44ad0b60 bc2552a642ce8497 486dd77002936dec 04886579947a80c2 b6e646c13d0753ae c5830f9d0f1e29e5 a2805ed52b47b8ec d73a65673e3f1d78 0079f3c74309b582 1398b478b71773ed b1dcaca98bb76736 393f49286db04aeb f9c6286cff30aaa8 ad06e9eeea8eb4ea 5b4c879fc9c316fb c1f2e3a76d388944
350,9d5edf3b993fee50 5430097e23000368 ae77487a89f2610c db0e648651f4c92b 49b5678e0d1e5bcd bbbd5d2fd957e8f7 7d83ffe83f61bdc4 0683b6a78f54be75 d257d1fbcf43abd5 ee3ed9a3f51336cd 6461a9faa871b3ac 7e4a4a1300b77a06 238ec735a13a3f09 4d954d933e606b70 0220a434aa8bf029 42a5cae2a3a45557 a18df74d3a16e9c0 d92c0298f76ccf77 9b2adcf4041227d7 35488b3b8b781278 d6ed7e4b14c51296 52e459a551d4ac2d e36475c1af5ea3ab a04d6febd82a4389 a492bd402afd5c71 07d688f5e2142b87 8dc313a2cf9da354 4d9214c0925e5af8 7cea1f637ea3f37d 2b48ab08c915c0ad
351,1d72229ebcc00faf a292248bb2bffb3d d216e5458ad70e60 4beacc71024f8b08 7b81f1f2b6ec2e5f 29968e8fd13539f8 ca43e349133fc0e3 6a9aa1bd93e36e66 1f423f368aebf7f3 622f2e4119882c94 f54ad8d1eb18212e cc507a0d6fcf4a1c 1398b478b71773ed a5f55580081236f4 1dc7139adba034ec f25bfcffedaccf28 aa967ad3c1f65a29 b760ebc5f25788d3 5430097e23000368 0a49074a4158155b 9c9a9d45c2ea7ddf 07f22a7ad7e4711d c49d8f84a4f87f8a 16b11706660177ff 6406fcdb7d87b5dc 72b80b099fd64ec4 7f95168400948588 acae1d29289b1266 6899956cd6c683f0 b84b6c0b2e4d0306
352,455fde214d16d350 95166957b2c38794 b6e72edcad270be0 047769588be1aea9 88b62355670ec8f8 4d32dae7b43c489a 528161039994b4dc f48d0fbea7dc2782 a813c15b46ceaf68 a292248bb2bffb3d 46315cf30aaee51c 01b3da54ffb158a0 47fbe21f5c35c7b4 83b911ff0ff45844 d7d937303a6d5a9d 24e582daf6f87158 65ad9c583823162d 0451447dd64f6284 a65e30106ea50423 acae1d29289b1266 07f22a7ad7e4711d 65d44c6393907290 3b4a85bac6ead3c8 9100ea6cd0e084bf 2e4b00c01d58e79e dc12cc503ac0eddb d63b7f083330247f 01e5a6edcee7deb0 2394b08708475900 a5d5ba33b5b1dc95
353,5430097e23000368 d3c4a7db726191e0 0a79fabc6f5d93c9 48f93f9c2c699e19 4d954d933e606b70 b26d8664feb18c8c 22756be6fd061d4c 1d0f5fdc58e3efb5 ec1b3d7ccd3984d0 a2805ed52b47b8ec 8faeacf8ca08f62d 42bb83d7c4b9ecae b05b5f6850cfa158 97d696011258825c e22c35101e190db9 3d93a60f990a0a7c 7e4a4a1300b77a06 0683b6a78f54be75 9cf6709de35bf0f3 29bedd00fb2be056 73f770f2643a2135 4491016efed845f1 01ecc81f6341e902 5057551fc55e9ed2 453bc79164d57a01 9269d2b0d877352d 5c8c6d9a1fd4c1e0 238ec735a13a3f09 83f8aca6ee2caabc 9113e9dc940fb287
354,d73a65673e3f1d78 128d583954b18074 a5d5ba33b5b1dc95 e8ad5e31484ef889 bc2552a642ce8497 8faeacf8ca08f62d 96445bec1579ec97 fa173131f15f5534 148ac4a56a18844d ced9c56f2be86774 393f49286db04aeb 4d29c6922b2d0d56 1c3b74a02a86467d 447fc00f40d71d08 98dbd15aa33ebc18 24e582daf6f87158 50806199c80e215c fc16a50ff0baec53 af41e2b6da3e7e02 1d0f5fdc58e3efb5 95ecdbff44ad0b60 47fbe21f5c35c7b4 4b29fc21f912754d 919b1679fffa7ef1 4d32dae7b43c489a 1dc7139adba034ec 4f915ad69e1dca36 00e1e2eb13f650e4 b6e646c13d0753ae c5830f9d0f1e29e5
355,27bc34b9887bec0d 8dedff0a79784abc 8643165b0f53df11 ce2fe99a7cda4a17 2e4b00c01d58e79e 64c2e323906b42d3 3a6e7894dde31c67 50806199c80e215c e4a7a996ed6a5a81 0bcaac840d5e66d7 964a50d33717c26d 3b4a85bac6ead3c8 b1dcaca98bb76736 2901e5309bb3f8f6 404031ab9d5977c4 83b911ff0ff45844 d1e21234d7cc61d2 24e582daf6f87158 ce0f56b7190c268a 52370bea1acd0600 29bedd00fb2be056 3b6d27775fce1c7b feddfcf56818968e 5d26da95786b3a3a 0f33ce8d8014f308 a60934e6b473097a 828f5dfbbf1272ee 0451447dd64f6284 c015590d6a6fe833 83f8f2fc471cad74
356,a2c35fdf07a13286 c08c3765ac609cc0 65fac1ba1840000f 393f49286db04aeb f705b637f624147e d46598813fb437e5 16b11706660177ff 74e59c5820900b17 24e582daf6f87158 a9eef13786610446 ffc688c4c1c2a068 0db6584e3bdfa1c4 5b34da30b93eb123 b749972436ac9791 feddfcf56818968e 44d324ebd3e22ad7 64b31699d7d15934 29bedd00fb2be056 54f55c74d37db3c0 9269d2b0d877352d ac9ee0c09b538140 4d417b203b333363 48f93f9c2c699e19 42bb83d7c4b9ecae 6d80d2e62d01f6bc 4d32dae7b43c489a 2359719a0f40ffac a2805ed52b47b8ec abf90e759d208468 2810fb6f81d1711c
357,8faeacf8ca08f62d 393f49286db04aeb 24e582daf6f87158 64b31699d7d15934 40583079f57235a6 b3ad55963554f220 0db6584e3bdfa1c4 4d32dae7b43c489a 47fbe21f5c35c7b4 0c2eeab1e4ce1db8 52e459a551d4ac2d 3c565c1fc2316d16 4b29fc21f912754d 1dc7139adba034ec f48d0fbea7dc2782 4f915ad69e1dca36 d5805cdb9e8f0f48 81b639b74256b45b 999a52f1d301247c 0eafda717681bbdc a52df8083c238c46 7b81f1f2b6ec2e5f 24c47959ea77b15b a860b682add9de1c 3b6d27775fce1c7b 1f4f62844c3cb99c 585f4ee09d8fea46 0f4c71d341e2d939 413c55a5ab86881a bd713b37b67866c3
358,45630e1451157ff3 ec1b3d7ccd3984d0 8699cc5dd4159b69 3cb6b40d377e7ca8 3d6880bd12f6613f e22c35101e190db9 25145708d494530b 27bc34b9887bec0d 0a79fabc6f5d93c9 48f93f9c2c699e19 03dfe518713e006c 7155e5a86136eb02 09bbaa171c20bae3 34a62e66e05f9a44 4fe9e4e55585ba4b 1d0f5fdc58e3efb5 95ecdbff44ad0b60 5c4b7558c942a224 95166957b2c38794 8faeacf8ca08f62d b6e646c13d0753ae c5830f9d0f1e29e5 a2805ed52b47b8ec b1dcaca98bb76736 ad06e9eeea8eb4ea 5b4c879fc9c316fb a292248bb2bffb3d c1f2e3a76d388944 d1e21234d7cc61d2 c36c2dce0e6e434f
359,b371170568146b12 8e0cc5199a0ee659 3d93a60f990a0a7c 6e239f4dd4b6aed7 486dd77002936dec cc0c9419f8a20603 00e1e2eb13f650e4 4d7653ea9499eed4 9a0f5ee4f845c9b2 0bcaac840d5e66d7 c28bc62802b90f82 702d8f1064ab3e30 3986b68500d7704b 3fa57d488e979d74 47fbe21f5c35c7b4 ff88049e61f0f4ef 39f6296778264878 e0269da736ddf004 bd713b37b67866c3 2a06f5614060e3b6 fd30682593995748 52370bea1acd0600 0708923badf2ff5d 734dabb98795c35c 942a7d26d81c841f bd0f175ee98c613e ae94d8435a6847f4 b6d0f83aad4e4dc7 b24820ae14e16a24 622f2e4119882c94
360,404031ab9d5977c4 b6e72edcad270be0 2e031d83339759b2 5c4b7558c942a224 e6a29676c096f8e8 4beacc71024f8b08 ae94d8435a6847f4 a0566ca9daca7778 59c231f8fd21260c 3c565c1fc2316d16 5b4c879fc9c316fb f48d0fbea7dc2782 0a79fabc6f5d93c9 0e45c4c185f35df6 48a76e3aff69d605 ec4ef2f727e7a03f 24c47959ea77b15b 9b0e8cf8153e3b33 da011b87595c1019 0f4c71d341e2d939 4f2fffd7528de786 bf973f9ec3600199 a853f13216170123 cc507a0d6fcf4a1c cea18be9a89d7a81 172bc0ee09332ae9 666bdff4faa513ca f105a53e5cfae611 a76ffccd2f5df1a7 4d954d933e606b70
361,59c231f8fd21260c f1a3b8b13e9401c0 48a76e3aff69d605 a0566ca9daca7778 4b05967001421eab 1d12acf7349196b0 5c4b7558c942a224 e6a29676c096f8e8 4beacc71024f8b08 404031ab9d5977c4 ae94d8435a6847f4 0e45c4c185f35df6 b6e72edcad270be0 8dedff0a79784abc ec4ef2f727e7a03f 2e031d83339759b2 9b0e8cf8153e3b33 da011b87595c1019 bf973f9ec3600199 24e582daf6f87158 f105a53e5cfae611 4d32dae7b43c489a 3c565c1fc2316d16 393f49286db04aeb f48d0fbea7dc2782 8faeacf8ca08f62d 81b639b74256b45b 0db6584e3bdfa1c4 24c47959ea77b15b a860b682add9de1c
362,430feb4826a5632e abf90e759d208468 16b11706660177ff e8b87ed7db1bcb1f c015590d6a6fe833 73f770f2643a2135 81bd116c786bf9ae 74244a8703c03720 ae94d8435a6847f4 50cb6a6c60ad711a c1f2e3a76d388944 393f49286db04aeb 65fac1ba1840000f d46598813fb437e5 6a3919ad9ed8197e 33856365c271aea4 f25bfcffedaccf28 a813c15b46ceaf68 0db6584e3bdfa1c4 24e582daf6f87158 f58ff7f1a6cde683 4d32dae7b43c489a 47fbe21f5c35c7b4 4b29fc21f912754d bd713b37b67866c3 4f915ad69e1dca36 0a79fabc6f5d93c9 855f2f0354e102c7 a04d6febd82a4389 2e4b00c01d58e79e
363,5867d40811c0229f 48a76e3aff69d605 528161039994b4dc 5897953fdf87b60f 24e582daf6f87158 0bcaac840d5e66d7 d63b7f083330247f 47fbe21f5c35c7b4 6a3919ad9ed8197e 8faeacf8ca08f62d a813c15b46ceaf68 96445bec1579ec97 57113c2a4cacd961 f49e13a653cbdad2 feddfcf56818968e cb3e4ce97e7f2881 4b29fc21f912754d 9f4e0d572b1f4e6c b24820ae14e16a24 2e4b00c01d58e79e 5b4c879fc9c316fb 1d0f5fdc58e3efb5 95ecdbff44ad0b60 88b62355670ec8f8 ced9c56f2be86774 a492bd402afd5c71 d5952b2e031c4e7e 3c565c1fc2316d16 2394b08708475900 a2c35fdf07a13286
364,4f2fffd7528de786 a492bd402afd5c71 9f4e0d572b1f4e6c ae77487a89f2610c 4d9214c0925e5af8 5430097e23000368 a04d6febd82a4389 0683b6a78f54be75 c015590d6a6fe833 a853f13216170123 de8e1345e8c305c4 2e031d83339759b2 b26d8664feb18c8c 3c565c1fc2316d16 f48d0fbea7dc2782 8dc313a2cf9da354 db0e648651f4c92b 49b5678e0d1e5bcd d92c0298f76ccf77 0f4c71d341e2d939 666bdff4faa513ca bbbd5d2fd957e8f7 d257d1fbcf43abd5 7d83ffe83f61bdc4 cea18be9a89d7a81 486dd77002936dec 447fc00f40d71d08 a813c15b46ceaf68 5b4c879fc9c316fb 54a11cbcd7a32af4
365,0220a434aa8bf029 3d93a60f990a0a7c 430feb4826a5632e 0eb4de784c8dd679 b0bfe0f426275870 a017f3358d5327aa 9c9a9d45c2ea7ddf 047769588be1aea9 4d9214c0925e5af8 b78189788d563693 de35d2410e916471 c606425856952286 46315cf30aaee51c 016da874bd04df55 74244a8703c03720 853e36b1550c6274 0688c790d5806540 351c9da399c2b915 70776cdd9bb3b7d4 428f9363fa35882d 453bc79164d57a01 238ec735a13a3f09 36d33c41812ce7dc d7d937303a6d5a9d e14a893f1918277e 8abe670908f12614 c810ac016901e8ac 8f578001f9d5f543 c6b615b2589e036d d64c06baf5ef1c90
366,16b11706660177ff 5dd752753760ced8 f25bfcffedaccf28 393f49286db04aeb 0db6584e3bdfa1c4 abf90e759d208468 d46598813fb437e5 d72363ddd958d906 430feb4826a5632e 65fac1ba1840000f 942a7d26d81c841f 24e582daf6f87158 796888cc3443006c 3734d3b0b9232538 39075e303166355e 33856365c271aea4 387e9cd2e5d4ea7d 4d32dae7b43c489a b05b5f6850cfa158 3d93a60f990a0a7c 7e4a4a1300b77a06 3c565c1fc2316d16 5057551fc55e9ed2 453bc79164d57a01 238ec735a13a3f09 83f8aca6ee2caabc 36d33c41812ce7dc f48d0fbea7dc2782 c810ac016901e8ac 5430097e23000368
367,6ae470a7c9ec20fd 0eedb1a0d3b8ddae 0708923badf2ff5d b0e254dd420faee3 587e0b2a4811fab1 22756be6fd061d4c 43b3338423d7386c 8a5635c748344d47 4d7653ea9499eed4 e25a1da6ca187350 2a06f5614060e3b6 9a0f5ee4f845c9b2 0bcaac840d5e66d7 c28bc62802b90f82 3986b68500d7704b 3fa57d488e979d74 ff88049e61f0f4ef e0269da736ddf004 bd713b37b67866c3 fd30682593995748 702d8f1064ab3e30 734dabb98795c35c 942a7d26d81c841f bd0f175ee98c613e ae94d8435a6847f4 b6d0f83aad4e4dc7 b24820ae14e16a24 622f2e4119882c94 4b8c7061102517ef af8e70f978cd5aee
368,63d509cd2a2e0e47 3e66b4855d0dddbe 07be6a290720707d e8ad5e31484ef889 1398b478b71773ed bf973f9ec3600199 8dedff0a79784abc 680bb5c5c3bb6ee1 4f915ad69e1dca36 ce0f56b7190c268a bf3ccaba4a3450a8 5b4c879fc9c316fb 3c565c1fc2316d16 4b29fc21f912754d d46598813fb437e5 f48d0fbea7dc2782 999a52f1d301247c 24c47959ea77b15b 0f4c71d341e2d939 4f2fffd7528de786 8faeacf8ca08f62d a853f13216170123 cc507a0d6fcf4a1c cea18be9a89d7a81 172bc0ee09332ae9 666bdff4faa513ca a76ffccd2f5df1a7 4d954d933e606b70 7155e5a86136eb02 07f22a7ad7e4711d
369,204ec91c39d1479d cc2cc23a98c14c33 8faeacf8ca08f62d 1d0f5fdc58e3efb5 95ecdbff44ad0b60 b6e646c13d0753ae c5830f9d0f1e29e5 a2805ed52b47b8ec b1dcaca98bb76736 393f49286db04aeb f9c6286cff30aaa8 ad06e9eeea8eb4ea 5b4c879fc9c316fb c1f2e3a76d388944 c36c2dce0e6e434f 587e0b2a4811fab1 8699cc5dd4159b69 3cb6b40d377e7ca8 47fbe21f5c35c7b4 0eb4de784c8dd679 4b29fc21f912754d ce2fe99a7cda4a17 1dc7139adba034ec 8abe670908f12614 4f915ad69e1dca36 f2e30efbd27bee51 97d696011258825c 589ef345cb2dccfc 999a52f1d301247c 3e8e56f639a5db5b
370,9fda36f260eec24e 95d25d38ba7df9c7 20db73cf07a45f71 7ee52d2519eea367 42bb83d7c4b9ecae 05e4165a56bf50eb 377c1150c781e37a b6a1c97f19af78d0 24e582daf6f87158 4d32dae7b43c489a 54a11cbcd7a32af4 393f49286db04aeb 47fbe21f5c35c7b4 4b29fc21f912754d 4f915ad69e1dca36 4d7653ea9499eed4 e4a7a996ed6a5a81 8faeacf8ca08f62d 4bed80e56ea2e099 a860b682add9de1c ac9ee0c09b538140 64b31699d7d15934 522bd6887960c25d c015590d6a6fe833 3c565c1fc2316d16 0db6584e3bdfa1c4 0a79fabc6f5d93c9 0f4c71d341e2d939 bd713b37b67866c3 b9d966ad9e04127a
371,0cd920bad11c716d 2dd12c230ab22555 f28fb3d9880c5d4c 42c9b72cc77dcb28 22e8d6734e4121ae fc8971756f9ec194 a677c3a76055a6d2 04fda7c9d8971ec0 da7d3c2d591c4295 e36475c1af5ea3ab eff60ceea8817dad 5430097e23000368 b6cdb608f640e038 b84b6c0b2e4d0306 6a3919ad9ed8197e 366a22fce0614fb8 54a11cbcd7a32af4 34a62e66e05f9a44 b2ee9eea2d974c90 d5952b2e031c4e7e 6e1b6b53c9710940 828f5dfbbf1272ee 64907c4568244eb4 a0b1f4dd32f3e278 98dbd15aa33ebc18 bee46c54461925d0 734dabb98795c35c 3e8e56f639a5db5b 65254e0d209fd66e f05fa5f57dc03e81
372,8b7c486a910dd004 cec2eea2a1fe566a c05f45f86d0771d5 1f423f368aebf7f3 27a12f29dceccdbd a14394322cf7043d 83f8aca6ee2caabc 36d33c41812ce7dc bd0f175ee98c613e 316382267dcd804f c810ac016901e8ac d64c06baf5ef1c90 9100ea6cd0e084bf 18b1d2d84c97a364 b3e75fdca5ca2f1a 39075e303166355e 1f4f62844c3cb99c cba7e22bb383083a bed3e73d52011f68 46315cf30aaee51c c6b615b2589e036d 7e4a4a1300b77a06 025a148c3a53bd9f b6cdb608f640e038 453bc79164d57a01 016da874bd04df55 b0bfe0f426275870 74244a8703c03720 4c3802a1bd3c842e c28bc62802b90f82
373,f05fa5f57dc03e81 e36475c1af5ea3ab c03b11a0cdc3fa39 d980375fbd40c75f dc17b07476183764 734dabb98795c35c acf5cb026b3c4551 b24820ae14e16a24 bc2ae5f4e5d53e00 0195950ce0f47e34 a9dad59c7055b56c 5dd752753760ced8 486dd77002936dec 00d9eb862ba3dfc6 1d0f5fdc58e3efb5 95ecdbff44ad0b60 366a22fce0614fb8 9c9a9d45c2ea7ddf 5430097e23000368 133b04350c75770b 828f5dfbbf1272ee c36c2dce0e6e434f a0b1f4dd32f3e278 587e0b2a4811fab1 26140b225c4f8d3f 0a79fabc6f5d93c9 5c4b7558c942a224 8faeacf8ca08f62d e1460af4a7044067 a492bd402afd5c71
374,c1f2e3a76d388944 9ab90dfc5c9b0b37 1d0f5fdc58e3efb5 95ecdbff44ad0b60 8faeacf8ca08f62d cc0c9419f8a20603 b6e646c13d0753ae c5830f9d0f1e29e5 a2805ed52b47b8ec b1dcaca98bb76736 ad06e9eeea8eb4ea 5b4c879fc9c316fb c36c2dce0e6e434f 587e0b2a4811fab1 8699cc5dd4159b69 3cb6b40d377e7ca8 4b29fc21f912754d 1dc7139adba034ec 4f915ad69e1dca36 f2e30efbd27bee51 393f49286db04aeb 97d696011258825c f9c6286cff30aaa8 999a52f1d301247c 6899956cd6c683f0 a853f13216170123 3e8e56f639a5db5b 47fbe21f5c35c7b4 0eb4de784c8dd679 ce2fe99a7cda4a17
375,a860b682add9de1c 3b6d27775fce1c7b 24e582daf6f87158 e1460af4a7044067 a492bd402afd5c71 9269d2b0d877352d e878efab7c37179e fb2ebcb5335ad2e2 5c8c6d9a1fd4c1e0 96e82fa141db9a4b c36c2dce0e6e434f 4f2fffd7528de786 1a05ef8c93af8eed eab15ee21e126f6a 587e0b2a4811fab1 de8e1345e8c305c4 48cf88c17ff38c5e 4d7653ea9499eed4 e4a7a996ed6a5a81 a2c35fdf07a13286 2394b08708475900 1d0f5fdc58e3efb5 95ecdbff44ad0b60 5d26da95786b3a3a 366a22fce0614fb8 b24820ae14e16a24 bc2ae5f4e5d53e00 72c2a95813ea72bd 148ac4a56a18844d a9dad59c7055b56c
376,00e1e2eb13f650e4 428f9363fa35882d 63d509cd2a2e0e47 6406fcdb7d87b5dc 3e66b4855d0dddbe 07be6a290720707d e8ad5e31484ef889 58654e3143c6550b bf973f9ec3600199 1398b478b71773ed 8dedff0a79784abc a65e30106ea50423 133b04350c75770b ced9c56f2be86774 680bb5c5c3bb6ee1 9f3d2ca16f358290 1c3b74a02a86467d 62431fd374eb99fb 8566d15270eb5e83 f29eee8054c061e1 d72363ddd958d906 4f915ad69e1dca36 4d29c6922b2d0d56 99e833818ec4bbf2 ce0f56b7190c268a 39075e303166355e 48f93f9c2c699e19 3734d3b0b9232538 069e7e25e43deab3 5430097e23000368
377,0772e3ab293a1f30 fa173131f15f5534 4d32dae7b43c489a 01b3da54ffb158a0 d7d937303a6d5a9d 65ad9c583823162d db7342eff9200020 a65e30106ea50423 dc12cc503ac0eddb 88b62355670ec8f8 01e5a6edcee7deb0 a5d5ba33b5b1dc95 0647acc4602d4e8f 061f3e1feeaa3094 29968e8fd13539f8 bc2ae5f4e5d53e00 43b3338423d7386c 22756be6fd061d4c f209d29f991432f0 65708d542bd01f39 1c3b74a02a86467d f49e13a653cbdad2 99e833818ec4bbf2 1efd7bd8a34a1359 4e966bb2768c2b8a e6a29676c096f8e8 87c5481930cfe126 455fde214d16d350 95166957b2c38794 aa0789b403bcd839
378,f2e30efbd27bee51 f76f44d372517a9a c5830f9d0f1e29e5 9cf6709de35bf0f3 3734d3b0b9232538 f44f74b3451aa593 430feb4826a5632e db69d4cbfef8d22f bc2ae5f4e5d53e00 a9dad59c7055b56c 8faeacf8ca08f62d 0708923badf2ff5d 1d0f5fdc58e3efb5 95ecdbff44ad0b60 b6e646c13d0753ae a2805ed52b47b8ec b1dcaca98bb76736 393f49286db04aeb f9c6286cff30aaa8 ad06e9eeea8eb4ea 5b4c879fc9c316fb c1f2e3a76d388944 c36c2dce0e6e434f 587e0b2a4811fab1 8699cc5dd4159b69 3cb6b40d377e7ca8 47fbe21f5c35c7b4 0eb4de784c8dd679 4b29fc21f912754d ce2fe99a7cda4a17
379,3e8e56f639a5db5b 97d696011258825c 419b5dc40744fb9b b05b5f6850cfa158 22dc81380cf4baec 54a11cbcd7a32af4 a2805ed52b47b8ec b6e646c13d0753ae 95ecdbff44ad0b60 e1460af4a7044067 88b62355670ec8f8 b1dcaca98bb76736 b84b6c0b2e4d0306 f49e13a653cbdad2 8699cc5dd4159b69 eab15ee21e126f6a d16da1fb61813db9 bb7515be835dea49 393f49286db04aeb eff60ceea8817dad d5952b2e031c4e7e 0add47a043c64d7f 34a62e66e05f9a44 366a22fce0614fb8 01b3da54ffb158a0 8faeacf8ca08f62d 42bb83d7c4b9ecae f209d29f991432f0 d3c4a7db726191e0 061f3e1feeaa3094
380,0c15f252d30646fc 63d509cd2a2e0e47 c015590d6a6fe833 1d0f5fdc58e3efb5 c1f2e3a76d388944 f2e30efbd27bee51 e8b87ed7db1bcb1f db0e648651f4c92b d1e21234d7cc61d2 49b5678e0d1e5bcd 9c9ebf71707d7a37 eab15ee21e126f6a a60934e6b473097a ce0f56b7190c268a 2359719a0f40ffac 4d29c6922b2d0d56 0220a434aa8bf029 bf3ccaba4a3450a8 5c4b7558c942a224 8faeacf8ca08f62d 95166957b2c38794 9fbffc521da97c54 95ecdbff44ad0b60 b84b6c0b2e4d0306 6a3919ad9ed8197e 3e8e56f639a5db5b 366a22fce0614fb8 54a11cbcd7a32af4 a017f3358d5327aa b6e646c13d0753ae
381,36d33c41812ce7dc c810ac016901e8ac 83f8aca6ee2caabc d64c06baf5ef1c90 453bc79164d57a01 3d93a60f990a0a7c 7e4a4a1300b77a06 b8e2f75014710ced d72363ddd958d906 e7828f0ea9749505 238ec735a13a3f09 cba7e22bb383083a 27a12f29dceccdbd 976baf0e84752a68 2bafd15871caae91 5057551fc55e9ed2 74244a8703c03720 2dd12c230ab22555 781f4d0147aef776 f28fb3d9880c5d4c b6cdb608f640e038 a14394322cf7043d cc861214a89ef1f4 0c2eeab1e4ce1db8 42c9b72cc77dcb28 e5fb8dc5c9cb4a19 316382267dcd804f 6e1b6b53c9710940 5430097e23000368 00d9f8d3f7d412b3
382,fd30682593995748 64907c4568244eb4 83f8aca6ee2caabc 0b774cf90856c4da 2b48ab08c915c0ad d72363ddd958d906 00ff646ca6637bd7 00d9f8d3f7d412b3 a1314cd417504572 27a12f29dceccdbd fc8971756f9ec194 36d33c41812ce7dc a14394322cf7043d c810ac016901e8ac bd0f175ee98c613e 316382267dcd804f d64c06baf5ef1c90 453bc79164d57a01 9100ea6cd0e084bf b6cdb608f640e038 5dd752753760ced8 18b1d2d84c97a364 9d5edf3b993fee50 b3e75fdca5ca2f1a cba7e22bb383083a 7e4a4a1300b77a06 e7828f0ea9749505 39075e303166355e 1f4f62844c3cb99c bed3e73d52011f68
383,c14d5b16840d3032 486dd77002936dec 128d583954b18074 d73a65673e3f1d78 0eedb1a0d3b8ddae 52370bea1acd0600 4d7653ea9499eed4 9a0f5ee4f845c9b2 0bcaac840d5e66d7 c28bc62802b90f82 702d8f1064ab3e30 3986b68500d7704b ff88049e61f0f4ef e0269da736ddf004 bd713b37b67866c3 fd30682593995748 2a06f5614060e3b6 39f6296778264878 e25a1da6ca187350 3fa57d488e979d74 e7cad3748e50b0f8 0708923badf2ff5d 734dabb98795c35c 942a7d26d81c841f bd0f175ee98c613e ae94d8435a6847f4 b6d0f83aad4e4dc7 b24820ae14e16a24 622f2e4119882c94 47fbe21f5c35c7b4
384,52370bea1acd0600 0451447dd64f6284 047769588be1aea9 a60934e6b473097a c1f2e3a76d388944 24e582daf6f87158 285657fcdf89f00d 58654e3143c6550b 3a6e7894dde31c67 3b6d27775fce1c7b a65e30106ea50423 d1e21234d7cc61d2 c015590d6a6fe833 b6a1c97f19af78d0 6406fcdb7d87b5dc eab15ee21e126f6a 50cb6a6c60ad711a ced9c56f2be86774 4f915ad69e1dca36 48cf88c17ff38c5e b84b6c0b2e4d0306 3b4a85bac6ead3c8 1c3b74a02a86467d 2e79d45ba4d1540d 0f33ce8d8014f308 8566d15270eb5e83 8dedff0a79784abc 0a79fabc6f5d93c9 395b26d91f98bd92 7c8324ce28ffb96e
385,07be6a290720707d 66ccd03c9e03ac06 c5830f9d0f1e29e5 f76f44d372517a9a f2e30efbd27bee51 8faeacf8ca08f62d 7155e5a86136eb02 db69d4cbfef8d22f 589ef345cb2dccfc 8e0760918e88e4a9 1d0f5fdc58e3efb5 393f49286db04aeb f9c6286cff30aaa8 9cf6709de35bf0f3 c015590d6a6fe833 ad06e9eeea8eb4ea c1f2e3a76d388944 b6e646c13d0753ae 3734d3b0b9232538 abf90e759d208468 f44f74b3451aa593 ec1b3d7ccd3984d0 c36c2dce0e6e434f f25bfcffedaccf28 587e0b2a4811fab1 4d32dae7b43c489a 3cb6b40d377e7ca8 095bb1b6ecbd0a50 47fbe21f5c35c7b4 a292248bb2bffb3d
386,63d509cd2a2e0e47 1fe79c7de59ff6c6 bf973f9ec3600199 0add47a043c64d7f 3e66b4855d0dddbe 07be6a290720707d e8ad5e31484ef889 522bd6887960c25d 1398b478b71773ed 8dedff0a79784abc fd30682593995748 e25a1da6ca187350 680bb5c5c3bb6ee1 428f9363fa35882d c1f2e3a76d388944 83b911ff0ff45844 ca4de5b8a7bda9df ce0f56b7190c268a d1e21234d7cc61d2 e8b87ed7db1bcb1f 1dc7139adba034ec bf3ccaba4a3450a8 e403278468d84383 ba5199dba342af68 4f915ad69e1dca36 3c0873ce078d332b 430feb4826a5632e 01b3da54ffb158a0 b05b5f6850cfa158 ec1b3d7ccd3984d0
387,72403ecdfe02bba6 0d0368139e9a647f 05f23e7d05dbf7c2 f2234bb7ce0c6f59 0fbd0f422e926816 09660f466b38b7ba 387e9cd2e5d4ea7d 70776cdd9bb3b7d4 73391e0853c1e040 5b16bae6a0de7c88 d35e11d3d1ab3c67 b749972436ac9791 63d95d5977c2fe98 9d5edf3b993fee50 01020d1b0821f4c7 00140806971e7a73 46b99f864d6a075a 796888cc3443006c 33856365c271aea4 a9eef13786610446 316382267dcd804f 26fc2a95df5659c2 5b34da30b93eb123 b6d0f83aad4e4dc7 6aac5e116b75aa22 abf90e759d208468 c08c3765ac609cc0 5fb2d8e734956af0 5a1149fbcbd37376 f705b637f624147e
388,09bbaa171c20bae3 ec1b3d7ccd3984d0 0a79fabc6f5d93c9 9f4e0d572b1f4e6c 486dd77002936dec 27bc34b9887bec0d e7cad3748e50b0f8 a292248bb2bffb3d e22c35101e190db9 3cb6b40d377e7ca8 8699cc5dd4159b69 25145708d494530b 4d9214c0925e5af8 c015590d6a6fe833 3734d3b0b9232538 01b3da54ffb158a0 393f49286db04aeb 48f93f9c2c699e19 90ecb28f2edb9d43 a492bd402afd5c71 0f4c71d341e2d939 b6e646c13d0753ae a853f13216170123 de8e1345e8c305c4 d1e21234d7cc61d2 095bb1b6ecbd0a50 e1460af4a7044067 061f3e1feeaa3094 b26d8664feb18c8c 6c017e548aa138f2
389,1d0f5fdc58e3efb5 e1460af4a7044067 95ecdbff44ad0b60 fb2ebcb5335ad2e2 eab15ee21e126f6a 5ebb4d2f5f1c1f13 95d25d38ba7df9c7 bf973f9ec3600199 366a22fce0614fb8 9269d2b0d877352d c36c2dce0e6e434f a860b682add9de1c 3b6d27775fce1c7b d216e5458ad70e60 587e0b2a4811fab1 96e82fa141db9a4b 4f2fffd7528de786 877672967d3f70bb d16da1fb61813db9 2394b08708475900 b24820ae14e16a24 bc2ae5f4e5d53e00 133b04350c75770b 828f5dfbbf1272ee 72c2a95813ea72bd a492bd402afd5c71 e878efab7c37179e 5c8c6d9a1fd4c1e0 4e966bb2768c2b8a 1a05ef8c93af8eed
390,47fbe21f5c35c7b4 22756be6fd061d4c 72c2a95813ea72bd dc17b07476183764 eff60ceea8817dad f2e30efbd27bee51 9b0e8cf8153e3b33 ae000f9d0b5e104e e7cad3748e50b0f8 3734d3b0b9232538 d3c4a7db726191e0 73f770f2643a2135 01ecc81f6341e902 b26d8664feb18c8c ce0f56b7190c268a 538c7bb968b2154c 0772e3ab293a1f30 a18df74d3a16e9c0 97d696011258825c f29eee8054c061e1 a2805ed52b47b8ec 455fde214d16d350 acf5cb026b3c4551 07d688f5e2142b87 486dd77002936dec cc0c9419f8a20603 5879096a38d69fc5 f2b5098ac9c92da9 3d93a60f990a0a7c 7e4a4a1300b77a06
391,bfb8032f2183d471 7c98dedd223b36c0 2e4b00c01d58e79e 4bed80e56ea2e099 050544c040f46152 b2ee9eea2d974c90 4577ae048ef1967d bee46c54461925d0 6204e398d8c7f888 83f8f2fc471cad74 8643165b0f53df11 b1dcaca98bb76736 4491016efed845f1 419b5dc40744fb9b 57113c2a4cacd961 0e45c4c185f35df6 0db6584e3bdfa1c4 96e82fa141db9a4b 4535ce2e3dced00f 702d8f1064ab3e30 eab15ee21e126f6a 3734d3b0b9232538 6a3919ad9ed8197e f44f74b3451aa593 e4a7a996ed6a5a81 77e2f7da1f9d3a8f 95ecdbff44ad0b60 e8b87ed7db1bcb1f 366a22fce0614fb8 60a070db9f1869b5
392,10ad13170242ecae 4a5ac473c9d176ba 5570ef88d970e9b4 f25bfcffedaccf28 e7dd56376be2cf1c b05b5f6850cfa158 0add47a043c64d7f b6e646c13d0753ae 16b11706660177ff c11b97f245a9dfd0 52aa48c07b34dc88 45bd99d5d2eef776 92f42fbd0c38f7fd 72b80b099fd64ec4 7f95168400948588 6899956cd6c683f0 c015590d6a6fe833 cc0c9419f8a20603 19e8f436d4b2fc25 48a76e3aff69d605 54a11cbcd7a32af4 b84b6c0b2e4d0306 01b3da54ffb158a0 ebfda3b48083e390 a860b682add9de1c 40583079f57235a6 061f3e1feeaa3094 b26d8664feb18c8c 393f49286db04aeb 64b31699d7d15934
393,3d6880bd12f6613f 9100ea6cd0e084bf 9c9a9d45c2ea7ddf cea18be9a89d7a81 133b04350c75770b a853f13216170123 5b4c879fc9c316fb e8684734f2e587bd ce0f56b7190c268a 666bdff4faa513ca 26140b225c4f8d3f c36c2dce0e6e434f 1a05ef8c93af8eed 0f33ce8d8014f308 3ca7964973437917 81b7c7e312bfa1a0 0688c790d5806540 5430097e23000368 50cb6a6c60ad711a 1d0f5fdc58e3efb5 b9d966ad9e04127a 999a52f1d301247c f105a53e5cfae611 366a22fce0614fb8 45bd99d5d2eef776 e740c80fce094788 7155e5a86136eb02 033d905aec273595 ebfda3b48083e390 7c8324ce28ffb96e
394,d216e5458ad70e60 6a9aa1bd93e36e66 07f22a7ad7e4711d 1d72229ebcc00faf 65708d542bd01f39 1dc7139adba034ec 7155e5a86136eb02 6406fcdb7d87b5dc eab15ee21e126f6a af41e2b6da3e7e02 a5f55580081236f4 98dbd15aa33ebc18 65ad9c583823162d 3ca7964973437917 1398b478b71773ed 3a6e7894dde31c67 1d0f5fdc58e3efb5 5ebb4d2f5f1c1f13 01ecc81f6341e902 d6bbbd6c4968075a b69ce8b8154645f8 d63b7f083330247f e8ad5e31484ef889 a60934e6b473097a d1e21234d7cc61d2 b6e646c13d0753ae d5952b2e031c4e7e 52aa48c07b34dc88 ebfda3b48083e390 e740c80fce094788
395,5bf89d11a25121d9 4483bbdd3241f11a 00958a140c3a6de8 da904d2a54ff8cf2 7d83ffe83f61bdc4 bbbd5d2fd957e8f7 8abe670908f12614 5430097e23000368 5b4c879fc9c316fb 49b5678e0d1e5bcd c36c2dce0e6e434f 3d93a60f990a0a7c 7e4a4a1300b77a06 197fa50b30d91fe8 1a05ef8c93af8eed cea18be9a89d7a81 e8684734f2e587bd 0f33ce8d8014f308 5057551fc55e9ed2 453bc79164d57a01 238ec735a13a3f09 ce0f56b7190c268a 83f8aca6ee2caabc 36d33c41812ce7dc 81b7c7e312bfa1a0 0688c790d5806540 c810ac016901e8ac a1314cd417504572 2bafd15871caae91 50cb6a6c60ad711a
396,0e45c4c185f35df6 48a76e3aff69d605 a860b682add9de1c 81b639b74256b45b 4d32dae7b43c489a e22c35101e190db9 8faeacf8ca08f62d 9cf6709de35bf0f3 ec1b3d7ccd3984d0 5c8c6d9a1fd4c1e0 a60934e6b473097a d3c4a7db726191e0 3c565c1fc2316d16 24e582daf6f87158 f76f44d372517a9a 9f3d2ca16f358290 f9c6286cff30aaa8 1d0f5fdc58e3efb5 2e031d83339759b2 a982b5c3aed39396 3b4a85bac6ead3c8 16b11706660177ff eec6b281e236b500 b6e72edcad270be0 8fc68213b63951dc 587e0b2a4811fab1 e25a1da6ca187350 d7d937303a6d5a9d bd713b37b67866c3 a65e30106ea50423
397,e403278468d84383 7155e5a86136eb02 ec1b3d7ccd3984d0 3a6e7894dde31c67 3d6880bd12f6613f e22c35101e190db9 25145708d494530b 27bc34b9887bec0d 0a79fabc6f5d93c9 da7d3c2d591c4295 48f93f9c2c699e19 03dfe518713e006c 8699cc5dd4159b69 3cb6b40d377e7ca8 d216e5458ad70e60 09bbaa171c20bae3 34a62e66e05f9a44 4fe9e4e55585ba4b d63b7f083330247f 0195950ce0f47e34 3ca7964973437917 e8684734f2e587bd 9b2adcf4041227d7 60a070db9f1869b5 8a5635c748344d47 b6e646c13d0753ae d5952b2e031c4e7e 8bf446c0455e3c5c 45630e1451157ff3 fb8bd6b95eb4702a
398,43b3338423d7386c 8a5635c748344d47 5430097e23000368 cc0c9419f8a20603 3d93a60f990a0a7c 7e4a4a1300b77a06 5057551fc55e9ed2 453bc79164d57a01 238ec735a13a3f09 83f8aca6ee2caabc 36d33c41812ce7dc c810ac016901e8ac a1314cd417504572 2bafd15871caae91 d72363ddd958d906 d64c06baf5ef1c90 2dd12c230ab22555 00e1e2eb13f650e4 da904d2a54ff8cf2 e7828f0ea9749505 f28fb3d9880c5d4c cc861214a89ef1f4 0c2eeab1e4ce1db8 42c9b72cc77dcb28 00d9f8d3f7d412b3 9b2adcf4041227d7 22e8d6734e4121ae b8e2f75014710ced ae77487a89f2610c d6ed7e4b14c51296
399,976baf0e84752a68 1a8e5d6512d9e2d8 2820628e65a062e2 6461a9faa871b3ac 7cea1f637ea3f37d ecb768ef6fd223ca 155600e5f1221f8c 190ab585fd379f0f 4d29c6922b2d0d56 f48d0fbea7dc2782 628accd9be98503c 8abe670908f12614 bd9cd6b87a4fe0ce 74873b42602d8958 b0b5e62a93a2c37c 2901e5309bb3f8f6 5c4b7558c942a224 8faeacf8ca08f62d 393f49286db04aeb 24e582daf6f87158 1d0f5fdc58e3efb5 95ecdbff44ad0b60 47fbe21f5c35c7b4 4b29fc21f912754d 1dc7139adba034ec 4f915ad69e1dca36 b6e646c13d0753ae c5830f9d0f1e29e5 999a52f1d301247c a2805ed52b47b8ec
400,f705b637f624147e c08c3765ac609cc0 74e59c5820900b17 a9eef13786610446 5b34da30b93eb123 ffc688c4c1c2a068 b749972436ac9791 65fac1ba1840000f 54f55c74d37db3c0 e7cad3748e50b0f8 f46601a9955f9949 2359719a0f40ffac 8d58da0e1800dc96 2a06f5614060e3b6 44d324ebd3e22ad7 2810fb6f81d1711c 4d417b203b333363 dac29ed8400b50cc 00140806971e7a73 6d80d2e62d01f6bc 05f23e7d05dbf7c2 955e465ce0788ea6 0fbd0f422e926816 005666aa098abe8e 0eafda717681bbdc bed3e73d52011f68 e14a893f1918277e 9269d2b0d877352d acae1d29289b1266 29bedd00fb2be056
401,05f23e7d05dbf7c2 b749972436ac9791 f705b637f624147e c08c3765ac609cc0 0fbd0f422e926816 5b34da30b93eb123 a9eef13786610446 f2234bb7ce0c6f59 72403ecdfe02bba6 74e59c5820900b17 0d0368139e9a647f e7cad3748e50b0f8 63d95d5977c2fe98 ffc688c4c1c2a068 8d58da0e1800dc96 73391e0853c1e040 00140806971e7a73 5b16bae6a0de7c88 387e9cd2e5d4ea7d 65fac1ba1840000f 54f55c74d37db3c0 f46601a9955f9949 2359719a0f40ffac 316382267dcd804f 2a06f5614060e3b6 b6d0f83aad4e4dc7 44d324ebd3e22ad7 2810fb6f81d1711c 4d417b203b333363 dac29ed8400b50cc
402,4beacc71024f8b08 404031ab9d5977c4 ae94d8435a6847f4 59c231f8fd21260c e6a29676c096f8e8 5c4b7558c942a224 b6e72edcad270be0 48a76e3aff69d605 f25bfcffedaccf28 2e031d83339759b2 a0566ca9daca7778 0e45c4c185f35df6 9c9a9d45c2ea7ddf 29bedd00fb2be056 9f4e0d572b1f4e6c 8dedff0a79784abc ec4ef2f727e7a03f a492bd402afd5c71 da011b87595c1019 da7d3c2d591c4295 3c565c1fc2316d16 dc12cc503ac0eddb 9b0e8cf8153e3b33 24e582daf6f87158 bf973f9ec3600199 64b31699d7d15934 f48d0fbea7dc2782 f105a53e5cfae611 40583079f57235a6 57113c2a4cacd961
403,af41e2b6da3e7e02 1d0f5fdc58e3efb5 e740c80fce094788 dc17b07476183764 a853f13216170123 e1460af4a7044067 666bdff4faa513ca a492bd402afd5c71 9269d2b0d877352d e878efab7c37179e fb2ebcb5335ad2e2 5c8c6d9a1fd4c1e0 a860b682add9de1c 3b6d27775fce1c7b 96e82fa141db9a4b d1e21234d7cc61d2 c36c2dce0e6e434f 4f2fffd7528de786 1a05ef8c93af8eed eab15ee21e126f6a 587e0b2a4811fab1 de8e1345e8c305c4 0683b6a78f54be75 48cf88c17ff38c5e 4d7653ea9499eed4 e4a7a996ed6a5a81 2394b08708475900 95ecdbff44ad0b60 5d26da95786b3a3a 366a22fce0614fb8
404,72403ecdfe02bba6 05f23e7d05dbf7c2 46b99f864d6a075a 0fbd0f422e926816 0d0368139e9a647f 73391e0853c1e040 5b16bae6a0de7c88 f2234bb7ce0c6f59 387e9cd2e5d4ea7d 63d95d5977c2fe98 796888cc3443006c 09660f466b38b7ba 33856365c271aea4 01020d1b0821f4c7 d35e11d3d1ab3c67 316382267dcd804f 26fc2a95df5659c2 70776cdd9bb3b7d4 b6d0f83aad4e4dc7 abf90e759d208468 9d5edf3b993fee50 5a1149fbcbd37376 b749972436ac9791 b29ab87af6ea6310 b69ce8b8154645f8 3e8e56f639a5db5b 447fc00f40d71d08 f9c6286cff30aaa8 5fb2d8e734956af0 f58ff7f1a6cde683
405,6e239f4dd4b6aed7 05f23e7d05dbf7c2 c08c3765ac609cc0 b749972436ac9791 f705b637f624147e a292248bb2bffb3d fa173131f15f5534 0fbd0f422e926816 5b34da30b93eb123 a9eef13786610446 4e966bb2768c2b8a 0d0368139e9a647f f2234bb7ce0c6f59 72403ecdfe02bba6 d1e21234d7cc61d2 6aac5e116b75aa22 74e59c5820900b17 ffc688c4c1c2a068 63d95d5977c2fe98 e7cad3748e50b0f8 ac9ee0c09b538140 64b31699d7d15934 54f55c74d37db3c0 73391e0853c1e040 5b16bae6a0de7c88 8d58da0e1800dc96 feddfcf56818968e 65fac1ba1840000f 796888cc3443006c 387e9cd2e5d4ea7d
406,43b3338423d7386c 8a5635c748344d47 238ec735a13a3f09 351c9da399c2b915 d6ed7e4b14c51296 01b3da54ffb158a0 061f3e1feeaa3094 b26d8664feb18c8c a04d6febd82a4389 54a11cbcd7a32af4 e1460af4a7044067 b05b5f6850cfa158 fb2ebcb5335ad2e2 25145708d494530b ec1b3d7ccd3984d0 b6cdb608f640e038 95d25d38ba7df9c7 22dc81380cf4baec 5bf89d11a25121d9 eab15ee21e126f6a 64b31699d7d15934 33856365c271aea4 40583079f57235a6 1d0f5fdc58e3efb5 3ca7964973437917 453bc79164d57a01 8699cc5dd4159b69 095bb1b6ecbd0a50 522bd6887960c25d 0add47a043c64d7f
407,1ba7a50457e93996 898a4921ab9f4cce 74244a8703c03720 27a12f29dceccdbd a14394322cf7043d 2e44fbb8bc3d8d71 83f8aca6ee2caabc 36d33c41812ce7dc bd0f175ee98c613e 316382267dcd804f c810ac016901e8ac d64c06baf5ef1c90 9100ea6cd0e084bf bf3ccaba4a3450a8 18b1d2d84c97a364 b3e75fdca5ca2f1a 828f5dfbbf1272ee 39075e303166355e 3b4a85bac6ead3c8 1f4f62844c3cb99c cba7e22bb383083a bed3e73d52011f68 83f8f2fc471cad74 46315cf30aaee51c c6b615b2589e036d 7e4a4a1300b77a06 025a148c3a53bd9f b6cdb608f640e038 453bc79164d57a01 016da874bd04df55
408,26140b225c4f8d3f da7d3c2d591c4295 c015590d6a6fe833 40583079f57235a6 e36475c1af5ea3ab 0772e3ab293a1f30 48a76e3aff69d605 ae000f9d0b5e104e 39075e303166355e b3ad55963554f220 eff60ceea8817dad b6cdb608f640e038 1efd7bd8a34a1359 5c4b7558c942a224 e6a29676c096f8e8 a292248bb2bffb3d d72363ddd958d906 a0566ca9daca7778 95166957b2c38794 6e1b6b53c9710940 65254e0d209fd66e 59c231f8fd21260c cc861214a89ef1f4 64907c4568244eb4 63d509cd2a2e0e47 98dbd15aa33ebc18 d5805cdb9e8f0f48 0eafda717681bbdc a52df8083c238c46 bee46c54461925d0
409,919b1679fffa7ef1 acf5cb026b3c4551 892074f7c1ef5d5e ce8cb4351b8c0f6e 9ab90dfc5c9b0b37 3b4a85bac6ead3c8 28403e62105b00f6 7f29daa16b9b4cda f6d23cdd2359f7c0 04886579947a80c2 b84b6c0b2e4d0306 6a3919ad9ed8197e 366a22fce0614fb8 54a11cbcd7a32af4 0eedb1a0d3b8ddae b05b5f6850cfa158 34a62e66e05f9a44 b2ee9eea2d974c90 d5952b2e031c4e7e 828f5dfbbf1272ee a0b1f4dd32f3e278 3e8e56f639a5db5b 00e1e2eb13f650e4 3d93a60f990a0a7c 7e4a4a1300b77a06 1398b478b71773ed 5057551fc55e9ed2 453bc79164d57a01 238ec735a13a3f09 83f8aca6ee2caabc
410,16b11706660177ff 40583079f57235a6 393f49286db04aeb d46598813fb437e5 942a7d26d81c841f a292248bb2bffb3d b3ad55963554f220 0db6584e3bdfa1c4 33856365c271aea4 430feb4826a5632e 65fac1ba1840000f d5805cdb9e8f0f48 796888cc3443006c a52df8083c238c46 0eafda717681bbdc abf90e759d208468 f25bfcffedaccf28 1f4f62844c3cb99c 64b31699d7d15934 a04d6febd82a4389 bb7515be835dea49 c28bc62802b90f82 7b81f1f2b6ec2e5f 413c55a5ab86881a daa257a37227cd72 095bb1b6ecbd0a50 22dc81380cf4baec 6c017e548aa138f2 528161039994b4dc 8fc68213b63951dc
411,70ebf53ced736fa4 dea5e9227fbbac29 a76ffccd2f5df1a7 28a2067685cb3e97 5f94b027039f4e48 da011b87595c1019 b9d966ad9e04127a 50cb6a6c60ad711a 0683b6a78f54be75 d1e21234d7cc61d2 7ee52d2519eea367 522bd6887960c25d b6e646c13d0753ae 1d0f5fdc58e3efb5 1efd7bd8a34a1359 c1f2e3a76d388944 8dedff0a79784abc 0451447dd64f6284 4f915ad69e1dca36 ebfda3b48083e390 c015590d6a6fe833 047769588be1aea9 c143c095983a65c2 24e582daf6f87158 d257d1fbcf43abd5 393f49286db04aeb e9c20b67a4c5395f f25bfcffedaccf28 40583079f57235a6 58654e3143c6550b
412,0d0368139e9a647f 65254e0d209fd66e 005666aa098abe8e 8faeacf8ca08f62d a5f55580081236f4 5b34da30b93eb123 a9eef13786610446 00140806971e7a73 09660f466b38b7ba ffc688c4c1c2a068 db7342eff9200020 b760ebc5f25788d3 393f49286db04aeb e5fb8dc5c9cb4a19 b749972436ac9791 8700059e85433b32 2810fb6f81d1711c 40583079f57235a6 f2234bb7ce0c6f59 dac29ed8400b50cc 72403ecdfe02bba6 6aac5e116b75aa22 24e582daf6f87158 74e59c5820900b17 64b31699d7d15934 0772e3ab293a1f30 70776cdd9bb3b7d4 05f23e7d05dbf7c2 0c2eeab1e4ce1db8 c08c3765ac609cc0
413,4d32dae7b43c489a 22756be6fd061d4c d7d937303a6d5a9d a65e30106ea50423 1f4f62844c3cb99c b3ad55963554f220 8faeacf8ca08f62d 238ec735a13a3f09 01e5a6edcee7deb0 a5d5ba33b5b1dc95 0647acc4602d4e8f eec6b281e236b500 8fc68213b63951dc 29968e8fd13539f8 047769588be1aea9 40583079f57235a6 d9885881381fd10a 65ad9c583823162d 702d8f1064ab3e30 d5805cdb9e8f0f48 1c3b74a02a86467d a52df8083c238c46 bed3e73d52011f68 b29ab87af6ea6310 bfb8032f2183d471 8f578001f9d5f543 ffa9091747ae2466 d6ed7e4b14c51296 81b639b74256b45b 351c9da399c2b915
414,7c9248ed6224aa26 190ab585fd379f0f 37001ade0df85823 f1a3b8b13e9401c0 bc27d5dc9bab1c18 9c9a9d45c2ea7ddf 5057551fc55e9ed2 453bc79164d57a01 83f8aca6ee2caabc 50ba507a268872e1 b50b4e27b03c7b37 a1314cd417504572 d72363ddd958d906 da904d2a54ff8cf2 e7828f0ea9749505 00d9f8d3f7d412b3 9b2adcf4041227d7 22e8d6734e4121ae d6ed7e4b14c51296 52e459a551d4ac2d 4483bbdd3241f11a ee3ed9a3f51336cd af8e70f978cd5aee 6461a9faa871b3ac c606425856952286 61ba7707ef6a5a99 8df3f13d6af34cb3 c05f45f86d0771d5 016da874bd04df55 8b7c486a910dd004
415,047769588be1aea9 05e4165a56bf50eb 0451447dd64f6284 83f8aca6ee2caabc 1d0f5fdc58e3efb5 36d33c41812ce7dc c810ac016901e8ac 27a12f29dceccdbd d64c06baf5ef1c90 a14394322cf7043d bd0f175ee98c613e 316382267dcd804f 7e4a4a1300b77a06 cba7e22bb383083a 9100ea6cd0e084bf e740c80fce094788 453bc79164d57a01 18b1d2d84c97a364 b3e75fdca5ca2f1a e7cad3748e50b0f8 39075e303166355e 1f4f62844c3cb99c bed3e73d52011f68 d72363ddd958d906 3734d3b0b9232538 46315cf30aaee51c c6b615b2589e036d e7828f0ea9749505 025a148c3a53bd9f b6cdb608f640e038
416,2cebd52b41930f0a f25bfcffedaccf28 16b11706660177ff 72b80b099fd64ec4 7f95168400948588 6899956cd6c683f0 b84b6c0b2e4d0306 0add47a043c64d7f 45bd99d5d2eef776 92f42fbd0c38f7fd 1d72229ebcc00faf b05b5f6850cfa158 cc0c9419f8a20603 c11b97f245a9dfd0 52aa48c07b34dc88 ca43e349133fc0e3 455fde214d16d350 19e8f436d4b2fc25 a0566ca9daca7778 5547f9f1638ac345 43c354dbf952caaa f1a3b8b13e9401c0 04886579947a80c2 128d583954b18074 d73a65673e3f1d78 2a06f5614060e3b6 b6d0f83aad4e4dc7 fd30682593995748 b24820ae14e16a24 bd713b37b67866c3
417,0b0021aa60d05daa 64c2e323906b42d3 1fe79c7de59ff6c6 db7342eff9200020 fd57e641d06ebda7 0772e3ab293a1f30 3b4a85bac6ead3c8 e878efab7c37179e 5c8c6d9a1fd4c1e0 587e0b2a4811fab1 366a22fce0614fb8 a860b682add9de1c f76f44d372517a9a 4f2fffd7528de786 eec6b281e236b500 8fc68213b63951dc 828f5dfbbf1272ee 48cf88c17ff38c5e b84b6c0b2e4d0306 a0b1f4dd32f3e278 4d7653ea9499eed4 2394b08708475900 16b11706660177ff b24820ae14e16a24 bc2ae5f4e5d53e00 72c2a95813ea72bd f9c6286cff30aaa8 54a11cbcd7a32af4 e25a1da6ca187350 1f4f62844c3cb99c
418,16b11706660177ff db7342eff9200020 6204e398d8c7f888 0772e3ab293a1f30 f25bfcffedaccf28 abf90e759d208468 d46598813fb437e5 942a7d26d81c841f f76f44d372517a9a 0db6584e3bdfa1c4 393f49286db04aeb a292248bb2bffb3d e25a1da6ca187350 e22c35101e190db9 d7d937303a6d5a9d 9cf6709de35bf0f3 a65e30106ea50423 81b639b74256b45b 430feb4826a5632e eec6b281e236b500 ca4de5b8a7bda9df 8fc68213b63951dc e878efab7c37179e 5c8c6d9a1fd4c1e0 65fac1ba1840000f d3c4a7db726191e0 73f770f2643a2135 796888cc3443006c 01e5a6edcee7deb0 f9c6286cff30aaa8
419,238ec735a13a3f09 a1314cd417504572 e7828f0ea9749505 00d9f8d3f7d412b3 6461a9faa871b3ac 6ae470a7c9ec20fd 3cb6b40d377e7ca8 fd30682593995748 72b80b099fd64ec4 b05b5f6850cfa158 24e582daf6f87158 83f8aca6ee2caabc ec4ef2f727e7a03f 877672967d3f70bb 1d0f5fdc58e3efb5 4e966bb2768c2b8a e403278468d84383 65fac1ba1840000f d6ed7e4b14c51296 52e459a551d4ac2d 8faeacf8ca08f62d f76f44d372517a9a ee3ed9a3f51336cd 172bc0ee09332ae9 7cea1f637ea3f37d 54a11cbcd7a32af4 0e45c4c185f35df6 9fda36f260eec24e 50cb6a6c60ad711a 0eafda717681bbdc
420,430feb4826a5632e 74244a8703c03720 73f770f2643a2135 a04d6febd82a4389 f2e30efbd27bee51 cc507a0d6fcf4a1c bd713b37b67866c3 ae94d8435a6847f4 393f49286db04aeb 9cf6709de35bf0f3 ad06e9eeea8eb4ea f76f44d372517a9a c5830f9d0f1e29e5 f58ff7f1a6cde683 acae1d29289b1266 54a11cbcd7a32af4 b6e646c13d0753ae 8faeacf8ca08f62d 95ecdbff44ad0b60 64b31699d7d15934 b1dcaca98bb76736 8699cc5dd4159b69 522bd6887960c25d c015590d6a6fe833 01b3da54ffb158a0 702d8f1064ab3e30 061f3e1feeaa3094 b26d8664feb18c8c 9fda36f260eec24e 3734d3b0b9232538
421,65708d542bd01f39 af41e2b6da3e7e02 a52df8083c238c46 65ad9c583823162d b69ce8b8154645f8 29bedd00fb2be056 955e465ce0788ea6 73f770f2643a2135 796888cc3443006c 59bf6d6df9146d60 01ecc81f6341e902 622f2e4119882c94 5fb2d8e734956af0 2394b08708475900 853e36b1550c6274 49224aca40e6e5e3 033d905aec273595 65d44c6393907290 22756be6fd061d4c a9dad59c7055b56c d6bbbd6c4968075a 5ebb4d2f5f1c1f13 486dd77002936dec 5048a37f10cf2d91 34a62e66e05f9a44 edc79e57b20e9036 6a9aa1bd93e36e66 ac9ee0c09b538140 6aac5e116b75aa22 106204cd0e07e1b2
422,b50b4e27b03c7b37 50ba507a268872e1 0cd920bad11c716d 00ff646ca6637bd7 26f72a4eb15ea8c0 d64c06baf5ef1c90 2b48ab08c915c0ad 7c9248ed6224aa26 d64c7c3b658689f4 7e4a4a1300b77a06 5057551fc55e9ed2 cba7e22bb383083a 83f8aca6ee2caabc 36d33c41812ce7dc c810ac016901e8ac 4b8c7061102517ef 70776cdd9bb3b7d4 2dd12c230ab22555 e7828f0ea9749505 64267373570e4ea3 f28fb3d9880c5d4c 0c2eeab1e4ce1db8 22e8d6734e4121ae b8e2f75014710ced ee3ed9a3f51336cd af8e70f978cd5aee 976baf0e84752a68 8dc313a2cf9da354 a677c3a76055a6d2 bd0f175ee98c613e
423,7d83ffe83f61bdc4 4d29c6922b2d0d56 e5fb8dc5c9cb4a19 bbbd5d2fd957e8f7 6e1b6b53c9710940 0cd920bad11c716d 2dd12c230ab22555 b8e2f75014710ced 9b0e8cf8153e3b33 da904d2a54ff8cf2 8abe670908f12614 4483bbdd3241f11a 49b5678e0d1e5bcd 069e7e25e43deab3 f28fb3d9880c5d4c fc8971756f9ec194 2bafd15871caae91 42c9b72cc77dcb28 22e8d6734e4121ae 5bf89d11a25121d9 0c2eeab1e4ce1db8 a677c3a76055a6d2 04fda7c9d8971ec0 0eedb1a0d3b8ddae f2b5098ac9c92da9 fd30682593995748 c28bc62802b90f82 bd713b37b67866c3 e0269da736ddf004 702d8f1064ab3e30
424,95d25d38ba7df9c7 48cf88c17ff38c5e 20db73cf07a45f71 52370bea1acd0600 7ee52d2519eea367 87c5481930cfe126 486dd77002936dec e1460af4a7044067 a492bd402afd5c71 9269d2b0d877352d e878efab7c37179e fb2ebcb5335ad2e2 5c8c6d9a1fd4c1e0 a860b682add9de1c 3b6d27775fce1c7b dc12cc503ac0eddb 96e82fa141db9a4b e8b87ed7db1bcb1f c36c2dce0e6e434f 4f2fffd7528de786 1a05ef8c93af8eed eab15ee21e126f6a 587e0b2a4811fab1 de8e1345e8c305c4 3cb6b40d377e7ca8 4d7653ea9499eed4 e4a7a996ed6a5a81 2394b08708475900 1d0f5fdc58e3efb5 95ecdbff44ad0b60
425,00e1e2eb13f650e4 428f9363fa35882d 58654e3143c6550b a65e30106ea50423 ced9c56f2be86774 4d29c6922b2d0d56 1c3b74a02a86467d 8566d15270eb5e83 6406fcdb7d87b5dc 8faeacf8ca08f62d 1d0f5fdc58e3efb5 95ecdbff44ad0b60 b6e646c13d0753ae c5830f9d0f1e29e5 a2805ed52b47b8ec b1dcaca98bb76736 393f49286db04aeb f9c6286cff30aaa8 ad06e9eeea8eb4ea 5b4c879fc9c316fb c1f2e3a76d388944 c36c2dce0e6e434f 587e0b2a4811fab1 8699cc5dd4159b69 3cb6b40d377e7ca8 47fbe21f5c35c7b4 0eb4de784c8dd679 4b29fc21f912754d ce2fe99a7cda4a17 1dc7139adba034ec
426,050544c040f46152 b2ee9eea2d974c90 7c98dedd223b36c0 453bc79164d57a01 b6e646c13d0753ae b05b5f6850cfa158 419b5dc40744fb9b 95ecdbff44ad0b60 6204e398d8c7f888 b1dcaca98bb76736 4bed80e56ea2e099 8699cc5dd4159b69 393f49286db04aeb 2e4b00c01d58e79e 01b3da54ffb158a0 061f3e1feeaa3094 bfb8032f2183d471 b26d8664feb18c8c 83f8f2fc471cad74 3d93a60f990a0a7c a04d6febd82a4389 54a11cbcd7a32af4 4577ae048ef1967d a2805ed52b47b8ec e1460af4a7044067 57113c2a4cacd961 3e8e56f639a5db5b 5430097e23000368 fb2ebcb5335ad2e2 25145708d494530b
427,a60934e6b473097a eab15ee21e126f6a da7d3c2d591c4295 24e582daf6f87158 e36475c1af5ea3ab eff60ceea8817dad b6cdb608f640e038 6e1b6b53c9710940 4d32dae7b43c489a 64907c4568244eb4 98dbd15aa33ebc18 bee46c54461925d0 734dabb98795c35c 3c565c1fc2316d16 393f49286db04aeb f48d0fbea7dc2782 8faeacf8ca08f62d 65254e0d209fd66e f05fa5f57dc03e81 81b639b74256b45b 0db6584e3bdfa1c4 24c47959ea77b15b a860b682add9de1c 3b6d27775fce1c7b c03b11a0cdc3fa39 0f4c71d341e2d939 bd713b37b67866c3 64b31699d7d15934 cea18be9a89d7a81 172bc0ee09332ae9
428,24e582daf6f87158 e1460af4a7044067 8dedff0a79784abc c143c095983a65c2 3a6e7894dde31c67 4f915ad69e1dca36 e9c20b67a4c5395f b6a1c97f19af78d0 9b0e8cf8153e3b33 d257d1fbcf43abd5 58654e3143c6550b 3b6d27775fce1c7b b6e646c13d0753ae 3b4a85bac6ead3c8 98dbd15aa33ebc18 35488b3b8b781278 c015590d6a6fe833 ebfda3b48083e390 d6bbbd6c4968075a 52370bea1acd0600 50cb6a6c60ad711a 0f33ce8d8014f308 0451447dd64f6284 285657fcdf89f00d f25bfcffedaccf28 ad06e9eeea8eb4ea 1d0f5fdc58e3efb5 25a3b47fe31bc6b5 7c8324ce28ffb96e 28a2067685cb3e97
429,5057551fc55e9ed2 c015590d6a6fe833 393f49286db04aeb a2c35fdf07a13286 96e82fa141db9a4b 64c2e323906b42d3 050544c040f46152 b6e646c13d0753ae 1efd7bd8a34a1359 50806199c80e215c fc16a50ff0baec53 19b4014943e0ad92 395b26d91f98bd92 765c0695339c3abe 9fbffc521da97c54 919b1679fffa7ef1 63d509cd2a2e0e47 04886579947a80c2 3d93a60f990a0a7c 7e4a4a1300b77a06 453bc79164d57a01 238ec735a13a3f09 83f8aca6ee2caabc 36d33c41812ce7dc c810ac016901e8ac 5430097e23000368 a1314cd417504572 2bafd15871caae91 d72363ddd958d906 d64c06baf5ef1c90
430,919b1679fffa7ef1 28403e62105b00f6 9c9ebf71707d7a37 ba5199dba342af68 dc576af4ae66e25e db0e648651f4c92b 585f4ee09d8fea46 0eb4de784c8dd679 8faeacf8ca08f62d ae000f9d0b5e104e bee46c54461925d0 1d0f5fdc58e3efb5 95ecdbff44ad0b60 b84b6c0b2e4d0306 6a3919ad9ed8197e 3e8e56f639a5db5b 366a22fce0614fb8 54a11cbcd7a32af4 b6e646c13d0753ae c5830f9d0f1e29e5 34a62e66e05f9a44 f6d23cdd2359f7c0 d1e21234d7cc61d2 b2ee9eea2d974c90 a2805ed52b47b8ec d5952b2e031c4e7e 828f5dfbbf1272ee a0b1f4dd32f3e278 3a6e7894dde31c67 0a79fabc6f5d93c9
431,4a5ac473c9d176ba 10ad13170242ecae e8ad5e31484ef889 5570ef88d970e9b4 e7dd56376be2cf1c e403278468d84383 3b4a85bac6ead3c8 da7d3c2d591c4295 e36475c1af5ea3ab eff60ceea8817dad b6cdb608f640e038 64907c4568244eb4 98dbd15aa33ebc18 bee46c54461925d0 734dabb98795c35c 0a49074a4158155b 65254e0d209fd66e 6e1b6b53c9710940 f05fa5f57dc03e81 c03b11a0cdc3fa39 b05b5f6850cfa158 0eedb1a0d3b8ddae bbbd5d2fd957e8f7 bd713b37b67866c3 47fbe21f5c35c7b4 52370bea1acd0600 00e1e2eb13f650e4 4d7653ea9499eed4 9a0f5ee4f845c9b2 0bcaac840d5e66d7
432,fc8971756f9ec194 64907c4568244eb4 fd30682593995748 120e745e2961b5d5 5dd752753760ced8 f28fb3d9880c5d4c 00ff646ca6637bd7 42c9b72cc77dcb28 0b774cf90856c4da 2b48ab08c915c0ad b0b5e62a93a2c37c 351c9da399c2b915 2e44fbb8bc3d8d71 a677c3a76055a6d2 37001ade0df85823 2bafd15871caae91 83f8aca6ee2caabc 2dd12c230ab22555 a1314cd417504572 0c2eeab1e4ce1db8 d72363ddd958d906 1f423f368aebf7f3 00d9f8d3f7d412b3 bc27d5dc9bab1c18 9d5edf3b993fee50 9f27aa36c1ea793c 7c9248ed6224aa26 50ba507a268872e1 b50b4e27b03c7b37 a84cd36608cb8665
433,9f4e0d572b1f4e6c 4d9214c0925e5af8 a492bd402afd5c71 d0f6c00eec5eb973 3b4a85bac6ead3c8 8a5635c748344d47 9c9a9d45c2ea7ddf cc861214a89ef1f4 2e031d83339759b2 0a79fabc6f5d93c9 f25bfcffedaccf28 af8e70f978cd5aee 9113e9dc940fb287 d9885881381fd10a a853f13216170123 48cf88c17ff38c5e de8e1345e8c305c4 fab14d178b24a67f 81b7c7e312bfa1a0 a9dad59c7055b56c 4f2fffd7528de786 3c565c1fc2316d16 238de368bb05c0ec 148ac4a56a18844d b0bfe0f426275870 ae77487a89f2610c 486dd77002936dec 22e8d6734e4121ae 4105533fe46dfba9 447fc00f40d71d08
434,047769588be1aea9 0451447dd64f6284 828f5dfbbf1272ee 83f8f2fc471cad74 fa173131f15f5534 b69ce8b8154645f8 f48d0fbea7dc2782 46315cf30aaee51c 2e4b00c01d58e79e b6a1c97f19af78d0 b84b6c0b2e4d0306 6a3919ad9ed8197e 377c1150c781e37a 83b911ff0ff45844 b3ad55963554f220 9f4e0d572b1f4e6c 413c55a5ab86881a acae1d29289b1266 34a62e66e05f9a44 07f22a7ad7e4711d 65d44c6393907290 050544c040f46152 b2ee9eea2d974c90 9100ea6cd0e084bf a982b5c3aed39396 4f2fffd7528de786 ae77487a89f2610c b0bfe0f426275870 3b4a85bac6ead3c8 939a1f686ea36c05
435,5570ef88d970e9b4 0cd920bad11c716d 3d93a60f990a0a7c c015590d6a6fe833 ec1b3d7ccd3984d0 5430097e23000368 50ba507a268872e1 2dd12c230ab22555 f28fb3d9880c5d4c 9b2adcf4041227d7 fc8971756f9ec194 42c9b72cc77dcb28 939a1f686ea36c05 22e8d6734e4121ae 3d6880bd12f6613f 7c9248ed6224aa26 9c9a9d45c2ea7ddf e22c35101e190db9 a677c3a76055a6d2 25145708d494530b ff88049e61f0f4ef 27bc34b9887bec0d 0a79fabc6f5d93c9 48f93f9c2c699e19 03dfe518713e006c 8699cc5dd4159b69 3cb6b40d377e7ca8 7155e5a86136eb02 04fda7c9d8971ec0 09bbaa171c20bae3
436,5897953fdf87b60f dc17b07476183764 1dc7139adba034ec 7eec211cc37a1b05 72c2a95813ea72bd d1e21234d7cc61d2 39075e303166355e d72363ddd958d906 9c9ebf71707d7a37 6aac5e116b75aa22 106204cd0e07e1b2 a0b1f4dd32f3e278 8e83d05923cde390 3e8e56f639a5db5b 3734d3b0b9232538 9fbffc521da97c54 0c15f252d30646fc c03b11a0cdc3fa39 069e7e25e43deab3 4e966bb2768c2b8a 8faeacf8ca08f62d 249bf372159f33e9 765c0695339c3abe 5430097e23000368 393f49286db04aeb d73a65673e3f1d78 f05fa5f57dc03e81 e36475c1af5ea3ab 24e582daf6f87158 1d0f5fdc58e3efb5
437,b371170568146b12 1dc7139adba034ec 24e582daf6f87158 c1f2e3a76d388944 8faeacf8ca08f62d e25a1da6ca187350 ca4de5b8a7bda9df 393f49286db04aeb 4d32dae7b43c489a 83b911ff0ff45844 e8b87ed7db1bcb1f 54a11cbcd7a32af4 3c565c1fc2316d16 d1e21234d7cc61d2 e403278468d84383 ba5199dba342af68 f48d0fbea7dc2782 47fbe21f5c35c7b4 4b29fc21f912754d 1fe79c7de59ff6c6 81b639b74256b45b 0db6584e3bdfa1c4 24c47959ea77b15b a860b682add9de1c 3b6d27775fce1c7b 4f915ad69e1dca36 0f4c71d341e2d939 3c0873ce078d332b bd713b37b67866c3 64b31699d7d15934
438,b6a1c97f19af78d0 3a6e7894dde31c67 24e582daf6f87158 3b6d27775fce1c7b 4f915ad69e1dca36 3d93a60f990a0a7c 0f33ce8d8014f308 0451447dd64f6284 c015590d6a6fe833 52370bea1acd0600 50cb6a6c60ad711a 9b0e8cf8153e3b33 285657fcdf89f00d 8dedff0a79784abc c143c095983a65c2 e9c20b67a4c5395f 7c8324ce28ffb96e 35488b3b8b781278 28a2067685cb3e97 fa173131f15f5534 8faeacf8ca08f62d 1d0f5fdc58e3efb5 95ecdbff44ad0b60 b6e646c13d0753ae c5830f9d0f1e29e5 a2805ed52b47b8ec b1dcaca98bb76736 393f49286db04aeb f9c6286cff30aaa8 ad06e9eeea8eb4ea
439,00958a140c3a6de8 451e7ba901ad661d da904d2a54ff8cf2 4483bbdd3241f11a a84cd36608cb8665 a1314cd417504572 5430097e23000368 f05fa5f57dc03e81 0b774cf90856c4da 537a55eda51a3f60 7cea1f637ea3f37d 9c9a9d45c2ea7ddf c03b11a0cdc3fa39 3d93a60f990a0a7c 7e4a4a1300b77a06 5057551fc55e9ed2 453bc79164d57a01 238ec735a13a3f09 83f8aca6ee2caabc 36d33c41812ce7dc c810ac016901e8ac 2bafd15871caae91 d72363ddd958d906 d64c06baf5ef1c90 2dd12c230ab22555 e7828f0ea9749505 f28fb3d9880c5d4c cc861214a89ef1f4 0c2eeab1e4ce1db8 42c9b72cc77dcb28
440,6899956cd6c683f0 a853f13216170123 ec1b3d7ccd3984d0 f25bfcffedaccf28 4d32dae7b43c489a f76f44d372517a9a 01b3da54ffb158a0 3c565c1fc2316d16 b1dcaca98bb76736 16b11706660177ff ad06e9eeea8eb4ea 3d6880bd12f6613f e25a1da6ca187350 5b4c879fc9c316fb e22c35101e190db9 f48d0fbea7dc2782 9f4e0d572b1f4e6c d7d937303a6d5a9d e1460af4a7044067 c1f2e3a76d388944 65ad9c583823162d 9cf6709de35bf0f3 72b80b099fd64ec4 a65e30106ea50423 24e582daf6f87158 d216e5458ad70e60 7f95168400948588 81b639b74256b45b a492bd402afd5c71 ca4de5b8a7bda9df
441,ca4de5b8a7bda9df e25a1da6ca187350 c1f2e3a76d388944 d1e21234d7cc61d2 83b911ff0ff45844 e8b87ed7db1bcb1f 1dc7139adba034ec e403278468d84383 ba5199dba342af68 3c0873ce078d332b 1fe79c7de59ff6c6 1d0f5fdc58e3efb5 a292248bb2bffb3d 486dd77002936dec a017f3358d5327aa c015590d6a6fe833 c5830f9d0f1e29e5 abf90e759d208468 ec1b3d7ccd3984d0 589ef345cb2dccfc f25bfcffedaccf28 4d32dae7b43c489a 095bb1b6ecbd0a50 f76f44d372517a9a 528161039994b4dc daa257a37227cd72 ae77487a89f2610c 6c017e548aa138f2 eec6b281e236b500 8fc68213b63951dc
442,d1e21234d7cc61d2 e8b87ed7db1bcb1f db0e648651f4c92b 9c9ebf71707d7a37 8643165b0f53df11 f2e30efbd27bee51 49b5678e0d1e5bcd 27bc34b9887bec0d 50806199c80e215c 2359719a0f40ffac 0c15f252d30646fc ce2fe99a7cda4a17 0220a434aa8bf029 64c2e323906b42d3 5d26da95786b3a3a 0bcaac840d5e66d7 964a50d33717c26d 106204cd0e07e1b2 b1dcaca98bb76736 404031ab9d5977c4 29bedd00fb2be056 2e4b00c01d58e79e feddfcf56818968e 83b911ff0ff45844 4bed80e56ea2e099 238de368bb05c0ec a2805ed52b47b8ec e1460af4a7044067 a492bd402afd5c71 9269d2b0d877352d
443,128d583954b18074 d73a65673e3f1d78 ae000f9d0b5e104e 74ae9af23a383bf5 765c0695339c3abe 576dd429db946393 8e0cc5199a0ee659 dc576af4ae66e25e 204ec91c39d1479d 892074f7c1ef5d5e 33856365c271aea4 1f423f368aebf7f3 c015590d6a6fe833 ac9ee0c09b538140 8643165b0f53df11 f1a3b8b13e9401c0 04886579947a80c2 0c2eeab1e4ce1db8 52e459a551d4ac2d 8e0760918e88e4a9 5b4c879fc9c316fb b69ce8b8154645f8 0f4c71d341e2d939 4d7653ea9499eed4 e4a7a996ed6a5a81 8700059e85433b32 4d954d933e606b70 f209d29f991432f0 585f4ee09d8fea46 4bed80e56ea2e099
444,354d7a327bbcc152 9a439fd1abf95245 00ff646ca6637bd7 b8e2f75014710ced 6cb9ab508a0678a0 00af886180e9eaec 2e44fbb8bc3d8d71 2bafd15871caae91 ce2fe99a7cda4a17 40583079f57235a6 1f4f62844c3cb99c fc8971756f9ec194 bd0f175ee98c613e 316382267dcd804f c28bc62802b90f82 b3e75fdca5ca2f1a e7cad3748e50b0f8 9100ea6cd0e084bf 39075e303166355e bed3e73d52011f68 3734d3b0b9232538 b3ad55963554f220 46315cf30aaee51c 83f8aca6ee2caabc c6b615b2589e036d 27a12f29dceccdbd 36d33c41812ce7dc a14394322cf7043d c810ac016901e8ac d64c06baf5ef1c90
445,4beacc71024f8b08 ad06e9eeea8eb4ea 1d72229ebcc00faf 70ebf53ced736fa4 a9223c28b10c131f 9f3d2ca16f358290 f29eee8054c061e1 dea5e9227fbbac29 62431fd374eb99fb 3b4a85bac6ead3c8 f105a53e5cfae611 133b04350c75770b 6406fcdb7d87b5dc 99e833818ec4bbf2 2e2904c5373734ae 069e7e25e43deab3 f9c6286cff30aaa8 c49d8f84a4f87f8a 8faeacf8ca08f62d 96e82fa141db9a4b 666bdff4faa513ca 587e0b2a4811fab1 0079f3c74309b582 f76f44d372517a9a eec6b281e236b500 8fc68213b63951dc e7828f0ea9749505 16b11706660177ff 39075e303166355e e25a1da6ca187350
446,8faeacf8ca08f62d 1d0f5fdc58e3efb5 95ecdbff44ad0b60 c1f2e3a76d388944 5b4c879fc9c316fb b6e646c13d0753ae c5830f9d0f1e29e5 a2805ed52b47b8ec 393f49286db04aeb 4b29fc21f912754d 999a52f1d301247c b1dcaca98bb76736 f9c6286cff30aaa8 ad06e9eeea8eb4ea 47fbe21f5c35c7b4 1dc7139adba034ec c36c2dce0e6e434f 4f915ad69e1dca36 587e0b2a4811fab1 8699cc5dd4159b69 3cb6b40d377e7ca8 0eb4de784c8dd679 ce2fe99a7cda4a17 3c565c1fc2316d16 3e8e56f639a5db5b 8abe670908f12614 f2e30efbd27bee51 97d696011258825c 589ef345cb2dccfc f48d0fbea7dc2782
447,25a3b47fe31bc6b5 148ac4a56a18844d ebfda3b48083e390 1f423f368aebf7f3 3b4a85bac6ead3c8 b6a1c97f19af78d0 9f4e0d572b1f4e6c 4d9214c0925e5af8 b3ad55963554f220 4f2fffd7528de786 413c55a5ab86881a 0451447dd64f6284 b0bfe0f426275870 52370bea1acd0600 a9223c28b10c131f 2e031d83339759b2 9b0e8cf8153e3b33 ae77487a89f2610c 238de368bb05c0ec 98dbd15aa33ebc18 f25bfcffedaccf28 d6bbbd6c4968075a d0f6c00eec5eb973 4dba7ce835494a63 b05b5f6850cfa158 e9c20b67a4c5395f 0688c790d5806540 7c8324ce28ffb96e af41e2b6da3e7e02 d257d1fbcf43abd5
448,1f4f62844c3cb99c eec6b281e236b500 8fc68213b63951dc ffa9091747ae2466 095bb1b6ecbd0a50 a292248bb2bffb3d 40583079f57235a6 f9c6286cff30aaa8 16b11706660177ff b3ad55963554f220 c1f2e3a76d388944 bb7515be835dea49 bed3e73d52011f68 b29ab87af6ea6310 8f578001f9d5f543 a52df8083c238c46 d3c4a7db726191e0 f76f44d372517a9a 8faeacf8ca08f62d e22c35101e190db9 d7d937303a6d5a9d 853e36b1550c6274 01b3da54ffb158a0 ec1b3d7ccd3984d0 9cf6709de35bf0f3 a65e30106ea50423 81b639b74256b45b 025a148c3a53bd9f 01020d1b0821f4c7 ec4ef2f727e7a03f
449,00958a140c3a6de8 537a55eda51a3f60 da904d2a54ff8cf2 00d9f8d3f7d412b3 4483bbdd3241f11a 853e36b1550c6274 9c9a9d45c2ea7ddf a1314cd417504572 d7d937303a6d5a9d 8f578001f9d5f543 c606425856952286 025a148c3a53bd9f e878efab7c37179e bbbd5d2fd957e8f7 01e5a6edcee7deb0 4c3802a1bd3c842e 4c0eee2c1a5e76e2 f76f44d372517a9a eec6b281e236b500 8fc68213b63951dc 5057551fc55e9ed2 3b4a85bac6ead3c8 b78189788d563693 16b11706660177ff f9c6286cff30aaa8 e25a1da6ca187350 1f4f62844c3cb99c e22c35101e190db9 bed3e73d52011f68 b29ab87af6ea6310
450,c810ac016901e8ac d64c06baf5ef1c90 781f4d0147aef776 9b2adcf4041227d7 a677c3a76055a6d2 9a439fd1abf95245 3d93a60f990a0a7c 7e4a4a1300b77a06 5057551fc55e9ed2 453bc79164d57a01 238ec735a13a3f09 83f8aca6ee2caabc 36d33c41812ce7dc 5430097e23000368 a1314cd417504572 2bafd15871caae91 d72363ddd958d906 2dd12c230ab22555 da904d2a54ff8cf2 e7828f0ea9749505 f28fb3d9880c5d4c cc861214a89ef1f4 0c2eeab1e4ce1db8 42c9b72cc77dcb28 00d9f8d3f7d412b3 22e8d6734e4121ae b8e2f75014710ced ae77487a89f2610c d6ed7e4b14c51296 52e459a551d4ac2d
451,bc27d5dc9bab1c18 63d509cd2a2e0e47 50ba507a268872e1 b50b4e27b03c7b37 e7cad3748e50b0f8 a18df74d3a16e9c0 ce0f56b7190c268a 3734d3b0b9232538 07be6a290720707d e8ad5e31484ef889 4b29fc21f912754d 3e66b4855d0dddbe bf3ccaba4a3450a8 1398b478b71773ed bf973f9ec3600199 8dc313a2cf9da354 5057551fc55e9ed2 453bc79164d57a01 8dedff0a79784abc 83f8aca6ee2caabc a1314cd417504572 d72363ddd958d906 0b774cf90856c4da 7cea1f637ea3f37d da904d2a54ff8cf2 9c9a9d45c2ea7ddf 0cd920bad11c716d e7828f0ea9749505 055d895a3b26e466 2b48ab08c915c0ad
452,74244a8703c03720 01104a026d22ae55 430feb4826a5632e 73f770f2643a2135 ff88049e61f0f4ef a04d6febd82a4389 ae94d8435a6847f4 b8e2f75014710ced 702d8f1064ab3e30 ad06e9eeea8eb4ea bd713b37b67866c3 6a3919ad9ed8197e f58ff7f1a6cde683 acae1d29289b1266 27a12f29dceccdbd a14394322cf7043d 83f8aca6ee2caabc 36d33c41812ce7dc bd0f175ee98c613e 316382267dcd804f c810ac016901e8ac d64c06baf5ef1c90 9100ea6cd0e084bf 18b1d2d84c97a364 b3e75fdca5ca2f1a 39075e303166355e 1f4f62844c3cb99c cba7e22bb383083a bed3e73d52011f68 46315cf30aaee51c
453,cba7e22bb383083a b6e646c13d0753ae 62431fd374eb99fb f29eee8054c061e1 4beacc71024f8b08 96e82fa141db9a4b f44f74b3451aa593 9f3d2ca16f358290 9b0e8cf8153e3b33 3d93a60f990a0a7c 7e4a4a1300b77a06 4535ce2e3dced00f 5057551fc55e9ed2 453bc79164d57a01 238ec735a13a3f09 83f8aca6ee2caabc 36d33c41812ce7dc 395b26d91f98bd92 069e7e25e43deab3 c810ac016901e8ac 5430097e23000368 a1314cd417504572 2bafd15871caae91 d72363ddd958d906 d64c06baf5ef1c90 2dd12c230ab22555 da904d2a54ff8cf2 e7828f0ea9749505 f28fb3d9880c5d4c cc861214a89ef1f4
454,047769588be1aea9 46315cf30aaee51c 9100ea6cd0e084bf f48d0fbea7dc2782 acae1d29289b1266 26140b225c4f8d3f 316382267dcd804f 74244a8703c03720 72403ecdfe02bba6 05f23e7d05dbf7c2 0fbd0f422e926816 0d0368139e9a647f 83b911ff0ff45844 73391e0853c1e040 5b16bae6a0de7c88 a14394322cf7043d f2234bb7ce0c6f59 0451447dd64f6284 c1f2e3a76d388944 430feb4826a5632e 07f22a7ad7e4711d 65d44c6393907290 387e9cd2e5d4ea7d 73f770f2643a2135 e7cad3748e50b0f8 26fc2a95df5659c2 f29eee8054c061e1 63d95d5977c2fe98 ca43e349133fc0e3 dc17b07476183764
455,47fbe21f5c35c7b4 c5830f9d0f1e29e5 f2e30efbd27bee51 72c2a95813ea72bd 49b5678e0d1e5bcd 9f4e0d572b1f4e6c a492bd402afd5c71 bee46c54461925d0 9c9a9d45c2ea7ddf d1e21234d7cc61d2 f76f44d372517a9a 7155e5a86136eb02 4d9214c0925e5af8 ba5199dba342af68 106204cd0e07e1b2 455fde214d16d350 3d93a60f990a0a7c 1dc7139adba034ec 453bc79164d57a01 9cf6709de35bf0f3 83f8aca6ee2caabc 36d33c41812ce7dc 069e7e25e43deab3 c810ac016901e8ac a853f13216170123 de8e1345e8c305c4 2bafd15871caae91 d72363ddd958d906 d64c06baf5ef1c90 7eec211cc37a1b05
456,8df3f13d6af34cb3 b24820ae14e16a24 bc2ae5f4e5d53e00 a9dad59c7055b56c 666bdff4faa513ca 1dc7139adba034ec b78189788d563693 46315cf30aaee51c 3d93a60f990a0a7c b84b6c0b2e4d0306 27a12f29dceccdbd 6a3919ad9ed8197e 4d9214c0925e5af8 b6cdb608f640e038 366a22fce0614fb8 8dc313a2cf9da354 453bc79164d57a01 238ec735a13a3f09 54a11cbcd7a32af4 b0bfe0f426275870 36d33c41812ce7dc c810ac016901e8ac 34a62e66e05f9a44 d64c06baf5ef1c90 0b774cf90856c4da 033d905aec273595 0eb4de784c8dd679 39f6296778264878 b2ee9eea2d974c90 d5952b2e031c4e7e
457,0c15f252d30646fc 6e239f4dd4b6aed7 e8b87ed7db1bcb1f d1e21234d7cc61d2 f2e30efbd27bee51 e4a7a996ed6a5a81 c1f2e3a76d388944 b1dcaca98bb76736 f48d0fbea7dc2782 83b911ff0ff45844 4d7653ea9499eed4 4bed80e56ea2e099 95ecdbff44ad0b60 9c9ebf71707d7a37 db0e648651f4c92b 49b5678e0d1e5bcd 8643165b0f53df11 2359719a0f40ffac 07f22a7ad7e4711d c5830f9d0f1e29e5 047769588be1aea9 a2805ed52b47b8ec 0db6584e3bdfa1c4 0e45c4c185f35df6 a853f13216170123 96e82fa141db9a4b c36c2dce0e6e434f f29eee8054c061e1 eab15ee21e126f6a 0451447dd64f6284
458,b6cdb608f640e038 54a11cbcd7a32af4 01b3da54ffb158a0 061f3e1feeaa3094 b26d8664feb18c8c 88b62355670ec8f8 d63b7f083330247f a04d6febd82a4389 64b31699d7d15934 522bd6887960c25d e1460af4a7044067 b05b5f6850cfa158 c015590d6a6fe833 24e582daf6f87158 393f49286db04aeb fb2ebcb5335ad2e2 25145708d494530b 9fda36f260eec24e ec1b3d7ccd3984d0 42bb83d7c4b9ecae b9d966ad9e04127a 95d25d38ba7df9c7 22dc81380cf4baec eab15ee21e126f6a 33856365c271aea4 eff60ceea8817dad 40583079f57235a6 3ca7964973437917 453bc79164d57a01 8699cc5dd4159b69
459,c015590d6a6fe833 c1f2e3a76d388944 fa173131f15f5534 e1460af4a7044067 a492bd402afd5c71 9269d2b0d877352d e878efab7c37179e fb2ebcb5335ad2e2 5c8c6d9a1fd4c1e0 a860b682add9de1c 3b6d27775fce1c7b 96e82fa141db9a4b c36c2dce0e6e434f 9fbffc521da97c54 4f2fffd7528de786 5430097e23000368 1a05ef8c93af8eed eab15ee21e126f6a 587e0b2a4811fab1 de8e1345e8c305c4 48cf88c17ff38c5e 4d7653ea9499eed4 e4a7a996ed6a5a81 2394b08708475900 1d0f5fdc58e3efb5 95ecdbff44ad0b60 5d26da95786b3a3a 366a22fce0614fb8 b24820ae14e16a24 bc2ae5f4e5d53e00
460,39075e303166355e 64907c4568244eb4 fd30682593995748 0b774cf90856c4da 2b48ab08c915c0ad 83f8aca6ee2caabc a1314cd417504572 d72363ddd958d906 feddfcf56818968e 96445bec1579ec97 5dd752753760ced8 6a3919ad9ed8197e 00ff646ca6637bd7 fc8971756f9ec194 b24820ae14e16a24 00d9f8d3f7d412b3 5867d40811c0229f ced9c56f2be86774 537a55eda51a3f60 9d5edf3b993fee50 0bcaac840d5e66d7 451e7ba901ad661d 7c9248ed6224aa26 964a50d33717c26d 9fbffc521da97c54 120e745e2961b5d5 781f4d0147aef776 a84cd36608cb8665 f2b5098ac9c92da9 c28bc62802b90f82
461,1f4f62844c3cb99c 316382267dcd804f 3cb6b40d377e7ca8 40583079f57235a6 bed3e73d52011f68 bd0f175ee98c613e 26fc2a95df5659c2 f25bfcffedaccf28 b3e75fdca5ca2f1a a14394322cf7043d ec1b3d7ccd3984d0 9100ea6cd0e084bf b3ad55963554f220 46315cf30aaee51c c6b615b2589e036d c28bc62802b90f82 853e36b1550c6274 b6cdb608f640e038 e22c35101e190db9 39075e303166355e 095bb1b6ecbd0a50 f9c6286cff30aaa8 73391e0853c1e040 a292248bb2bffb3d 27a12f29dceccdbd 8f578001f9d5f543 57113c2a4cacd961 29bedd00fb2be056 025a148c3a53bd9f 64b31699d7d15934
462,050544c040f46152 aa0789b403bcd839 069e7e25e43deab3 c015590d6a6fe833 f29eee8054c061e1 9f3d2ca16f358290 62431fd374eb99fb 133b04350c75770b 6406fcdb7d87b5dc 99e833818ec4bbf2 ec1b3d7ccd3984d0 047769588be1aea9 4535ce2e3dced00f f48d0fbea7dc2782 9fbffc521da97c54 e8b87ed7db1bcb1f 3d6880bd12f6613f 96e82fa141db9a4b e22c35101e190db9 d1e21234d7cc61d2 6204e398d8c7f888 25145708d494530b 27bc34b9887bec0d 83b911ff0ff45844 2e4b00c01d58e79e f2e30efbd27bee51 0a79fabc6f5d93c9 bfb8032f2183d471 46315cf30aaee51c 48f93f9c2c699e19
463,f28fb3d9880c5d4c 42c9b72cc77dcb28 fc8971756f9ec194 07d688f5e2142b87 2e44fbb8bc3d8d71 351c9da399c2b915 a677c3a76055a6d2 2bafd15871caae91 00ff646ca6637bd7 2dd12c230ab22555 b0b5e62a93a2c37c 0c2eeab1e4ce1db8 120e745e2961b5d5 37001ade0df85823 5430097e23000368 52370bea1acd0600 fd30682593995748 3986b68500d7704b 87c5481930cfe126 83f8aca6ee2caabc 36d33c41812ce7dc 9f27aa36c1ea793c c810ac016901e8ac 27a12f29dceccdbd dc12cc503ac0eddb d64c06baf5ef1c90 a14394322cf7043d 48cf88c17ff38c5e 9a439fd1abf95245 781f4d0147aef776
464,1d12acf7349196b0 63d509cd2a2e0e47 ce0f56b7190c268a 07be6a290720707d e8ad5e31484ef889 1398b478b71773ed d3c4a7db726191e0 73f770f2643a2135 01ecc81f6341e902 3e66b4855d0dddbe b26d8664feb18c8c bf973f9ec3600199 734dabb98795c35c 538c7bb968b2154c 680bb5c5c3bb6ee1 8dedff0a79784abc a18df74d3a16e9c0 97d696011258825c f29eee8054c061e1 a2805ed52b47b8ec acf5cb026b3c4551 07d688f5e2142b87 5879096a38d69fc5 781f4d0147aef776 2e2904c5373734ae eff60ceea8817dad 9a439fd1abf95245 4f915ad69e1dca36 bf3ccaba4a3450a8 c49d8f84a4f87f8a
465,922e625fae98b3b9 e9c20b67a4c5395f 06de3ca1148b088b 18ced18aee04c48e 49224aca40e6e5e3 25a3b47fe31bc6b5 28a2067685cb3e97 48cf88c17ff38c5e 1a05ef8c93af8eed de8e1345e8c305c4 3ca7964973437917 65708d542bd01f39 ae77487a89f2610c 7ee52d2519eea367 964a50d33717c26d f76f44d372517a9a eec6b281e236b500 8fc68213b63951dc 16b11706660177ff f9c6286cff30aaa8 e25a1da6ca187350 1f4f62844c3cb99c e22c35101e190db9 bed3e73d52011f68 d7d937303a6d5a9d b29ab87af6ea6310 8f578001f9d5f543 ffa9091747ae2466 9cf6709de35bf0f3 a65e30106ea50423
466,cea18be9a89d7a81 83b911ff0ff45844 8e83d05923cde390 5989fb934598c1a7 a2c35fdf07a13286 ac9ee0c09b538140 52aa48c07b34dc88 fc16a50ff0baec53 3e66b4855d0dddbe 01b3da54ffb158a0 63d509cd2a2e0e47 9b2adcf4041227d7 4c0eee2c1a5e76e2 96e82fa141db9a4b 8faeacf8ca08f62d 07be6a290720707d 72c2a95813ea72bd e8ad5e31484ef889 8dedff0a79784abc 5b4c879fc9c316fb 4f915ad69e1dca36 1398b478b71773ed 4b29fc21f912754d bf973f9ec3600199 395b26d91f98bd92 447fc00f40d71d08 1efd7bd8a34a1359 3c565c1fc2316d16 c143c095983a65c2 cb3e4ce97e7f2881
467,a492bd402afd5c71 7c98dedd223b36c0 47fbe21f5c35c7b4 09bbaa171c20bae3 ddf332f2b55a2a23 72c2a95813ea72bd 0e45c4c185f35df6 f2e30efbd27bee51 e1460af4a7044067 9269d2b0d877352d e878efab7c37179e fb2ebcb5335ad2e2 5c8c6d9a1fd4c1e0 a860b682add9de1c 3b6d27775fce1c7b 96e82fa141db9a4b c36c2dce0e6e434f 4f2fffd7528de786 1a05ef8c93af8eed eab15ee21e126f6a 587e0b2a4811fab1 de8e1345e8c305c4 48cf88c17ff38c5e 4d7653ea9499eed4 e4a7a996ed6a5a81 2394b08708475900 1d0f5fdc58e3efb5 95ecdbff44ad0b60 5d26da95786b3a3a 366a22fce0614fb8
468,9c9ebf71707d7a37 d1e21234d7cc61d2 26140b225c4f8d3f 9fbffc521da97c54 dc576af4ae66e25e 919b1679fffa7ef1 7eec211cc37a1b05 72c2a95813ea72bd db0e648651f4c92b 1dc7139adba034ec 6aac5e116b75aa22 106204cd0e07e1b2 a0b1f4dd32f3e278 8e83d05923cde390 585f4ee09d8fea46 0c15f252d30646fc 069e7e25e43deab3 3e8e56f639a5db5b 5430097e23000368 249bf372159f33e9 f6d23cdd2359f7c0 0eb4de784c8dd679 feddfcf56818968e 96445bec1579ec97 6a3919ad9ed8197e b24820ae14e16a24 ba5199dba342af68 5867d40811c0229f ced9c56f2be86774 3a6e7894dde31c67
469,8b7c486a910dd004 83f8aca6ee2caabc cec2eea2a1fe566a e7828f0ea9749505 c05f45f86d0771d5 238ec735a13a3f09 a1314cd417504572 a2c35fdf07a13286 00d9f8d3f7d412b3 ac9ee0c09b538140 52aa48c07b34dc88 453bc79164d57a01 6461a9faa871b3ac bc27d5dc9bab1c18 d72363ddd958d906 36d33c41812ce7dc c810ac016901e8ac 3d93a60f990a0a7c d64c06baf5ef1c90 a14394322cf7043d 01b3da54ffb158a0 fd30682593995748 7e4a4a1300b77a06 d6ed7e4b14c51296 52e459a551d4ac2d ee3ed9a3f51336cd 72c2a95813ea72bd 27a12f29dceccdbd 4c0eee2c1a5e76e2 5057551fc55e9ed2
470,9fbffc521da97c54 a982b5c3aed39396 c11b97f245a9dfd0 daa257a37227cd72 2394b08708475900 3734d3b0b9232538 29bedd00fb2be056 6a3919ad9ed8197e 22756be6fd061d4c bc2ae5f4e5d53e00 a52df8083c238c46 4c3802a1bd3c842e a9dad59c7055b56c eab15ee21e126f6a c015590d6a6fe833 ac9ee0c09b538140 92f42fbd0c38f7fd c606425856952286 ddf332f2b55a2a23 01ecc81f6341e902 7c8324ce28ffb96e bf3ccaba4a3450a8 855f2f0354e102c7 5d26da95786b3a3a f49e13a653cbdad2 b69ce8b8154645f8 4d7653ea9499eed4 8e0760918e88e4a9 dc17b07476183764 2901e5309bb3f8f6
471,451e7ba901ad661d 537a55eda51a3f60 0b774cf90856c4da a84cd36608cb8665 a1314cd417504572 64907c4568244eb4 fd30682593995748 83f8aca6ee2caabc 2b48ab08c915c0ad 7d83ffe83f61bdc4 d72363ddd958d906 00ff646ca6637bd7 6a3919ad9ed8197e 8faeacf8ca08f62d 680bb5c5c3bb6ee1 0c2eeab1e4ce1db8 27a12f29dceccdbd fc8971756f9ec194 f9c6286cff30aaa8 576dd429db946393 a14394322cf7043d 00d9f8d3f7d412b3 1d0f5fdc58e3efb5 95ecdbff44ad0b60 36d33c41812ce7dc bd0f175ee98c613e 316382267dcd804f c810ac016901e8ac b0e254dd420faee3 d64c06baf5ef1c90
472,bbbd5d2fd957e8f7 4c0eee2c1a5e76e2 74873b42602d8958 8abe670908f12614 26f72a4eb15ea8c0 00d9f8d3f7d412b3 87c5481930cfe126 537a55eda51a3f60 9c9a9d45c2ea7ddf 7d83ffe83f61bdc4 5057551fc55e9ed2 a1314cd417504572 3d93a60f990a0a7c da904d2a54ff8cf2 4d29c6922b2d0d56 c11b97f245a9dfd0 4483bbdd3241f11a 49b5678e0d1e5bcd 5bf89d11a25121d9 cc0c9419f8a20603 00e1e2eb13f650e4 0eedb1a0d3b8ddae 3fa57d488e979d74 3986b68500d7704b ff88049e61f0f4ef e0269da736ddf004 702d8f1064ab3e30 bd713b37b67866c3 c28bc62802b90f82 fd30682593995748
473,26fc2a95df5659c2 72403ecdfe02bba6 57113c2a4cacd961 05f23e7d05dbf7c2 40583079f57235a6 33856365c271aea4 0fbd0f422e926816 01020d1b0821f4c7 0d0368139e9a647f cb3e4ce97e7f2881 73391e0853c1e040 796888cc3443006c 5b16bae6a0de7c88 0bcaac840d5e66d7 09660f466b38b7ba b3ad55963554f220 f2234bb7ce0c6f59 d46598813fb437e5 316382267dcd804f 387e9cd2e5d4ea7d 2901e5309bb3f8f6 d35e11d3d1ab3c67 63d95d5977c2fe98 abf90e759d208468 46b99f864d6a075a f58ff7f1a6cde683 b29ab87af6ea6310 b69ce8b8154645f8 a813c15b46ceaf68 70776cdd9bb3b7d4
474,05e4165a56bf50eb 48a76e3aff69d605 59c231f8fd21260c 95166957b2c38794 1efd7bd8a34a1359 5c4b7558c942a224 e6a29676c096f8e8 a0566ca9daca7778 63d509cd2a2e0e47 95d25d38ba7df9c7 83b911ff0ff45844 a860b682add9de1c 96e82fa141db9a4b 285657fcdf89f00d 98dbd15aa33ebc18 96445bec1579ec97 b84b6c0b2e4d0306 0e45c4c185f35df6 b6e72edcad270be0 4d7653ea9499eed4 e4a7a996ed6a5a81 9a0f5ee4f845c9b2 b1e47da7659b675c ac9ee0c09b538140 24e582daf6f87158 a5f55580081236f4 c143c095983a65c2 8643165b0f53df11 4d32dae7b43c489a 0eedb1a0d3b8ddae
475,354d7a327bbcc152 9a439fd1abf95245 00ff646ca6637bd7 00af886180e9eaec b8e2f75014710ced 6cb9ab508a0678a0 1d0f5fdc58e3efb5 0e45c4c185f35df6 877672967d3f70bb db69d4cbfef8d22f 27a12f29dceccdbd a14394322cf7043d 781f4d0147aef776 83f8aca6ee2caabc 36d33c41812ce7dc bd0f175ee98c613e 316382267dcd804f c810ac016901e8ac d64c06baf5ef1c90 9100ea6cd0e084bf c05f45f86d0771d5 18b1d2d84c97a364 b3e75fdca5ca2f1a 39075e303166355e 1f4f62844c3cb99c cba7e22bb383083a bed3e73d52011f68 46315cf30aaee51c c6b615b2589e036d 0688c790d5806540
476,6d80d2e62d01f6bc e14a893f1918277e 0eafda717681bbdc 26fc2a95df5659c2 54f55c74d37db3c0 74e59c5820900b17 2359719a0f40ffac ecb768ef6fd223ca 2810fb6f81d1711c e7cad3748e50b0f8 f705b637f624147e 74873b42602d8958 2820628e65a062e2 8d58da0e1800dc96 b78189788d563693 4e966bb2768c2b8a 2a06f5614060e3b6 20d283a232dfd13c 4d417b203b333363 ffc688c4c1c2a068 976baf0e84752a68 c08c3765ac609cc0 5b34da30b93eb123 b749972436ac9791 b29ab87af6ea6310 bed3e73d52011f68 8f578001f9d5f543 ffa9091747ae2466 00140806971e7a73 46315cf30aaee51c
477,0e45c4c185f35df6 4f2fffd7528de786 f25bfcffedaccf28 a292248bb2bffb3d 81b639b74256b45b 4d32dae7b43c489a 64b31699d7d15934 73391e0853c1e040 2a06f5614060e3b6 172bc0ee09332ae9 095bb1b6ecbd0a50 7c98dedd223b36c0 54a11cbcd7a32af4 6c017e548aa138f2 eec6b281e236b500 52370bea1acd0600 8fc68213b63951dc 3e66b4855d0dddbe 29bedd00fb2be056 20d283a232dfd13c b3e75fdca5ca2f1a d5805cdb9e8f0f48 a52df8083c238c46 54f55c74d37db3c0 702d8f1064ab3e30 dc12cc503ac0eddb b3ad55963554f220 1f4f62844c3cb99c bed3e73d52011f68 d7d937303a6d5a9d
478,9c9a9d45c2ea7ddf 4c0eee2c1a5e76e2 74873b42602d8958 26f72a4eb15ea8c0 bbbd5d2fd957e8f7 016da874bd04df55 74244a8703c03720 853e36b1550c6274 00d9f8d3f7d412b3 b8e2f75014710ced 0688c790d5806540 c606425856952286 047769588be1aea9 4d9214c0925e5af8 0c2eeab1e4ce1db8 8abe670908f12614 e5fb8dc5c9cb4a19 46315cf30aaee51c c6b615b2589e036d 025a148c3a53bd9f 5057551fc55e9ed2 4c3802a1bd3c842e 351c9da399c2b915 b78189788d563693 83f5a9732f0de67f 83f8aca6ee2caabc 36d33c41812ce7dc d6bbbd6c4968075a 52e459a551d4ac2d c810ac016901e8ac
479,f48d0fbea7dc2782 24e582daf6f87158 047769588be1aea9 4d32dae7b43c489a 54a11cbcd7a32af4 3c565c1fc2316d16 e8b87ed7db1bcb1f d1e21234d7cc61d2 81b639b74256b45b 0db6584e3bdfa1c4 393f49286db04aeb 24c47959ea77b15b a860b682add9de1c 3b6d27775fce1c7b 83b911ff0ff45844 0f4c71d341e2d939 f2e30efbd27bee51 bd713b37b67866c3 64b31699d7d15934 8faeacf8ca08f62d 46315cf30aaee51c cea18be9a89d7a81 a60934e6b473097a 172bc0ee09332ae9 0451447dd64f6284 522bd6887960c25d 07f22a7ad7e4711d c015590d6a6fe833 9c9ebf71707d7a37 a76ffccd2f5df1a7
480,f6d23cdd2359f7c0 9c9ebf71707d7a37 dc576af4ae66e25e 1d72229ebcc00faf 919b1679fffa7ef1 585f4ee09d8fea46 db0e648651f4c92b e8ad5e31484ef889 b7d7d9ae1cbe0d8a 0eb4de784c8dd679 3fa57d488e979d74 54a11cbcd7a32af4 34a62e66e05f9a44 b2ee9eea2d974c90 d1e21234d7cc61d2 828f5dfbbf1272ee 73391e0853c1e040 2a06f5614060e3b6 095bb1b6ecbd0a50 7c98dedd223b36c0 ba5199dba342af68 3a6e7894dde31c67 6c017e548aa138f2 eec6b281e236b500 366a22fce0614fb8 8fc68213b63951dc 20d283a232dfd13c b3e75fdca5ca2f1a d5805cdb9e8f0f48 a52df8083c238c46
481,24e582daf6f87158 4d32dae7b43c489a ce0f56b7190c268a 4d29c6922b2d0d56 4e966bb2768c2b8a 3c565c1fc2316d16 bf3ccaba4a3450a8 393f49286db04aeb f48d0fbea7dc2782 8faeacf8ca08f62d 81b639b74256b45b 0db6584e3bdfa1c4 24c47959ea77b15b a860b682add9de1c 3b6d27775fce1c7b 0f4c71d341e2d939 5048a37f10cf2d91 bd713b37b67866c3 64b31699d7d15934 cea18be9a89d7a81 a60934e6b473097a 172bc0ee09332ae9 522bd6887960c25d 47fbe21f5c35c7b4 c015590d6a6fe833 a76ffccd2f5df1a7 4d954d933e606b70 54a11cbcd7a32af4 5897953fdf87b60f 4b29fc21f912754d
482,316382267dcd804f 05f23e7d05dbf7c2 0fbd0f422e926816 d64c06baf5ef1c90 72403ecdfe02bba6 f2234bb7ce0c6f59 64267373570e4ea3 cba7e22bb383083a 7e4a4a1300b77a06 83f8aca6ee2caabc 73391e0853c1e040 36d33c41812ce7dc b50b4e27b03c7b37 955e465ce0788ea6 bd0f175ee98c613e 63d95d5977c2fe98 c810ac016901e8ac 622f2e4119882c94 b6d0f83aad4e4dc7 387e9cd2e5d4ea7d b749972436ac9791 8dc313a2cf9da354 5057551fc55e9ed2 d35e11d3d1ab3c67 18b1d2d84c97a364 e228204ae08d1355 0cd920bad11c716d e14a893f1918277e e7828f0ea9749505 0d0368139e9a647f
483,f49e13a653cbdad2 a18df74d3a16e9c0 4f2fffd7528de786 528161039994b4dc b6e646c13d0753ae c5830f9d0f1e29e5 a2805ed52b47b8ec d63b7f083330247f 238ec735a13a3f09 22dc81380cf4baec d6ed7e4b14c51296 4b29fc21f912754d 351c9da399c2b915 da7d3c2d591c4295 dc17b07476183764 0eb4de784c8dd679 5bf89d11a25121d9 eff60ceea8817dad e36475c1af5ea3ab cc0c9419f8a20603 b05b5f6850cfa158 3b4a85bac6ead3c8 b6cdb608f640e038 98dbd15aa33ebc18 bee46c54461925d0 6e1b6b53c9710940 64907c4568244eb4 734dabb98795c35c 65254e0d209fd66e 0eedb1a0d3b8ddae
484,ad06e9eeea8eb4ea 047769588be1aea9 1d0f5fdc58e3efb5 a853f13216170123 70ebf53ced736fa4 dea5e9227fbbac29 9c9a9d45c2ea7ddf a9223c28b10c131f e740c80fce094788 d1e21234d7cc61d2 f105a53e5cfae611 4beacc71024f8b08 da7d3c2d591c4295 0451447dd64f6284 5430097e23000368 0708923badf2ff5d 24e582daf6f87158 e36475c1af5ea3ab 666bdff4faa513ca eff60ceea8817dad 0683b6a78f54be75 b6cdb608f640e038 a292248bb2bffb3d ae000f9d0b5e104e 4d9214c0925e5af8 133b04350c75770b 6e1b6b53c9710940 4d32dae7b43c489a c143c095983a65c2 64907c4568244eb4
485,8b7c486a910dd004 cec2eea2a1fe566a c05f45f86d0771d5 48a76e3aff69d605 daa257a37227cd72 4f915ad69e1dca36 c606425856952286 016da874bd04df55 74244a8703c03720 8faeacf8ca08f62d 24e582daf6f87158 853e36b1550c6274 0688c790d5806540 9c9a9d45c2ea7ddf 047769588be1aea9 4d9214c0925e5af8 393f49286db04aeb 351c9da399c2b915 428f9363fa35882d 4d32dae7b43c489a b78189788d563693 10ad13170242ecae 47fbe21f5c35c7b4 d7d937303a6d5a9d 4b29fc21f912754d e14a893f1918277e 8f578001f9d5f543 3c565c1fc2316d16 46315cf30aaee51c c6b615b2589e036d
486,dc12cc503ac0eddb 4d32dae7b43c489a f25bfcffedaccf28 01b3da54ffb158a0 d7d937303a6d5a9d 65ad9c583823162d a65e30106ea50423 88b62355670ec8f8 01e5a6edcee7deb0 29bedd00fb2be056 a5d5ba33b5b1dc95 0647acc4602d4e8f fa173131f15f5534 061f3e1feeaa3094 29968e8fd13539f8 bc2ae5f4e5d53e00 43b3338423d7386c 22756be6fd061d4c f209d29f991432f0 65708d542bd01f39 0772e3ab293a1f30 8faeacf8ca08f62d 3e8e56f639a5db5b 1c3b74a02a86467d f49e13a653cbdad2 99e833818ec4bbf2 57113c2a4cacd961 1efd7bd8a34a1359 9c9a9d45c2ea7ddf 4e966bb2768c2b8a
487,0a79fabc6f5d93c9 16b11706660177ff ec1b3d7ccd3984d0 1f4f62844c3cb99c bed3e73d52011f68 e22c35101e190db9 7e4a4a1300b77a06 9cf6709de35bf0f3 b05b5f6850cfa158 025a148c3a53bd9f 83f8aca6ee2caabc 5c8c6d9a1fd4c1e0 36d33c41812ce7dc d3c4a7db726191e0 3b4a85bac6ead3c8 bd0f175ee98c613e c810ac016901e8ac 48f93f9c2c699e19 4c3802a1bd3c842e d64c06baf5ef1c90 b3e75fdca5ca2f1a 853e36b1550c6274 f9c6286cff30aaa8 9100ea6cd0e084bf 72b80b099fd64ec4 46315cf30aaee51c c6b615b2589e036d 27a12f29dceccdbd 8f578001f9d5f543 f25bfcffedaccf28
488,5c4b7558c942a224 e6a29676c096f8e8 636224e349e561bf b6e646c13d0753ae c5830f9d0f1e29e5 a2805ed52b47b8ec 59c231f8fd21260c 4beacc71024f8b08 404031ab9d5977c4 a0566ca9daca7778 4b29fc21f912754d ae94d8435a6847f4 0e45c4c185f35df6 b6e72edcad270be0 48a76e3aff69d605 c1f2e3a76d388944 8dedff0a79784abc 2e031d83339759b2 9b0e8cf8153e3b33 24e582daf6f87158 bf973f9ec3600199 0eb4de784c8dd679 f105a53e5cfae611 ec4ef2f727e7a03f da011b87595c1019 4d32dae7b43c489a 5048a37f10cf2d91 3c565c1fc2316d16 3b4a85bac6ead3c8 f48d0fbea7dc2782
489,63d509cd2a2e0e47 e8ad5e31484ef889 1398b478b71773ed d216e5458ad70e60 07be6a290720707d 3e66b4855d0dddbe bf973f9ec3600199 8dedff0a79784abc 6a9aa1bd93e36e66 680bb5c5c3bb6ee1 6406fcdb7d87b5dc ce0f56b7190c268a 4f915ad69e1dca36 bf3ccaba4a3450a8 07f22a7ad7e4711d 1d72229ebcc00faf 1dc7139adba034ec 58654e3143c6550b a65e30106ea50423 5430097e23000368 eab15ee21e126f6a a60934e6b473097a ced9c56f2be86774 aa967ad3c1f65a29 4d29c6922b2d0d56 1c3b74a02a86467d 8566d15270eb5e83 0772e3ab293a1f30 a292248bb2bffb3d f2b5098ac9c92da9
490,b24820ae14e16a24 bc2ae5f4e5d53e00 a9dad59c7055b56c cb3e4ce97e7f2881 8bf446c0455e3c5c c03b11a0cdc3fa39 0772e3ab293a1f30 db7342eff9200020 1d0f5fdc58e3efb5 95ecdbff44ad0b60 f05fa5f57dc03e81 8faeacf8ca08f62d e36475c1af5ea3ab cc0c9419f8a20603 b6e646c13d0753ae c5830f9d0f1e29e5 a2805ed52b47b8ec 3b4a85bac6ead3c8 b1dcaca98bb76736 ad06e9eeea8eb4ea 5b4c879fc9c316fb c1f2e3a76d388944 c36c2dce0e6e434f 587e0b2a4811fab1 8699cc5dd4159b69 3cb6b40d377e7ca8 4b29fc21f912754d 1dc7139adba034ec 4f915ad69e1dca36 f2e30efbd27bee51
491,40583079f57235a6 b3ad55963554f220 72403ecdfe02bba6 05f23e7d05dbf7c2 796888cc3443006c 09660f466b38b7ba 33856365c271aea4 0fbd0f422e926816 316382267dcd804f 0d0368139e9a647f 73391e0853c1e040 26fc2a95df5659c2 5b16bae6a0de7c88 f2234bb7ce0c6f59 d5805cdb9e8f0f48 387e9cd2e5d4ea7d 0eafda717681bbdc a52df8083c238c46 7b81f1f2b6ec2e5f d46598813fb437e5 1f4f62844c3cb99c 413c55a5ab86881a b29ab87af6ea6310 b69ce8b8154645f8 63d95d5977c2fe98 8faeacf8ca08f62d 942a7d26d81c841f 01020d1b0821f4c7 64b31699d7d15934 d35e11d3d1ab3c67
492,4e966bb2768c2b8a b6e646c13d0753ae d5952b2e031c4e7e d216e5458ad70e60 d63b7f083330247f 3ca7964973437917 e8684734f2e587bd 60a070db9f1869b5 8a5635c748344d47 238de368bb05c0ec 8bf446c0455e3c5c fb8bd6b95eb4702a da7d3c2d591c4295 430feb4826a5632e bc2ae5f4e5d53e00 a9dad59c7055b56c 1d12acf7349196b0 8faeacf8ca08f62d 1d0f5fdc58e3efb5 95ecdbff44ad0b60 b84b6c0b2e4d0306 6a3919ad9ed8197e 3e8e56f639a5db5b 366a22fce0614fb8 54a11cbcd7a32af4 c5830f9d0f1e29e5 34a62e66e05f9a44 b2ee9eea2d974c90 a2805ed52b47b8ec 828f5dfbbf1272ee
493,ddf332f2b55a2a23 74244a8703c03720 c1f2e3a76d388944 4d9214c0925e5af8 73f770f2643a2135 9c9a9d45c2ea7ddf 4d954d933e606b70 853e36b1550c6274 c606425856952286 4f2fffd7528de786 e25a1da6ca187350 6a3919ad9ed8197e 430feb4826a5632e 3c565c1fc2316d16 ca4de5b8a7bda9df ad06e9eeea8eb4ea 33856365c271aea4 828f5dfbbf1272ee a982b5c3aed39396 d7d937303a6d5a9d 486dd77002936dec 8f578001f9d5f543 83f8f2fc471cad74 025a148c3a53bd9f e878efab7c37179e 3b4a85bac6ead3c8 238de368bb05c0ec 016da874bd04df55 8faeacf8ca08f62d bd713b37b67866c3
494,b760ebc5f25788d3 c28bc62802b90f82 12af6a34778710db 0eb4de784c8dd679 39f6296778264878 0195950ce0f47e34 48a76e3aff69d605 b24820ae14e16a24 ced9c56f2be86774 9fda36f260eec24e 6a3919ad9ed8197e bc2ae5f4e5d53e00 a9dad59c7055b56c b84b6c0b2e4d0306 366a22fce0614fb8 54a11cbcd7a32af4 34a62e66e05f9a44 43b3338423d7386c feddfcf56818968e b2ee9eea2d974c90 d5952b2e031c4e7e 96445bec1579ec97 828f5dfbbf1272ee a0b1f4dd32f3e278 8a5635c748344d47 5867d40811c0229f 387e9cd2e5d4ea7d 3e8e56f639a5db5b 1d0f5fdc58e3efb5 0bcaac840d5e66d7
495,0897dcfae16e280f 0bcaac840d5e66d7 b6a1c97f19af78d0 2bafd15871caae91 f58ff7f1a6cde683 ddf332f2b55a2a23 285657fcdf89f00d f29eee8054c061e1 04fda7c9d8971ec0 3d93a60f990a0a7c 453bc79164d57a01 238ec735a13a3f09 36d33c41812ce7dc c810ac016901e8ac d64c06baf5ef1c90 b78189788d563693 da904d2a54ff8cf2 e7828f0ea9749505 9b2adcf4041227d7 d6ed7e4b14c51296 52e459a551d4ac2d 4483bbdd3241f11a 46315cf30aaee51c 61ba7707ef6a5a99 27a12f29dceccdbd 976baf0e84752a68 b6cdb608f640e038 8dc313a2cf9da354 7d83ffe83f61bdc4 b0bfe0f426275870
496,430feb4826a5632e 73f770f2643a2135 f29eee8054c061e1 16b11706660177ff d46598813fb437e5 62431fd374eb99fb 942a7d26d81c841f 4beacc71024f8b08 74244a8703c03720 393f49286db04aeb a04d6febd82a4389 40583079f57235a6 ae94d8435a6847f4 702d8f1064ab3e30 abf90e759d208468 f25bfcffedaccf28 65fac1ba1840000f 0db6584e3bdfa1c4 b3ad55963554f220 796888cc3443006c 33856365c271aea4 96e82fa141db9a4b f58ff7f1a6cde683 acae1d29289b1266 f44f74b3451aa593 6e239f4dd4b6aed7 ad06e9eeea8eb4ea 5430097e23000368 9f3d2ca16f358290 9b0e8cf8153e3b33
497,f29eee8054c061e1 8e0760918e88e4a9 133b04350c75770b 4e966bb2768c2b8a 50cb6a6c60ad711a 48cf88c17ff38c5e d6ed7e4b14c51296 0a79fabc6f5d93c9 9f3d2ca16f358290 62431fd374eb99fb a9dad59c7055b56c 6406fcdb7d87b5dc 99e833818ec4bbf2 0451447dd64f6284 52370bea1acd0600 069e7e25e43deab3 0220a434aa8bf029 285657fcdf89f00d 3a6e7894dde31c67 4b29fc21f912754d 1d0f5fdc58e3efb5 27bc34b9887bec0d 9f4e0d572b1f4e6c aa0789b403bcd839 855f2f0354e102c7 9113e9dc940fb287 2e4b00c01d58e79e d9885881381fd10a b6a1c97f19af78d0 96e82fa141db9a4b
498,4f915ad69e1dca36 e9c20b67a4c5395f 58654e3143c6550b 3a6e7894dde31c67 a65e30106ea50423 2e2904c5373734ae 24e582daf6f87158 ced9c56f2be86774 3b6d27775fce1c7b 1c3b74a02a86467d 8566d15270eb5e83 0f33ce8d8014f308 4d29c6922b2d0d56 6406fcdb7d87b5dc 0451447dd64f6284 c015590d6a6fe833 52370bea1acd0600 50cb6a6c60ad711a 9b0e8cf8153e3b33 285657fcdf89f00d 8dedff0a79784abc c143c095983a65c2 7c8324ce28ffb96e 35488b3b8b781278 28a2067685cb3e97 b6a1c97f19af78d0 1d0f5fdc58e3efb5 95ecdbff44ad0b60 f1a3b8b13e9401c0 8faeacf8ca08f62d
499,1d0f5fdc58e3efb5 62431fd374eb99fb 8faeacf8ca08f62d d216e5458ad70e60 1dc7139adba034ec 4b29fc21f912754d 6406fcdb7d87b5dc 393f49286db04aeb 5b4c879fc9c316fb 6a9aa1bd93e36e66 999a52f1d301247c 95ecdbff44ad0b60 3c565c1fc2316d16 238ec735a13a3f09 33856365c271aea4 07f22a7ad7e4711d f48d0fbea7dc2782 b6e646c13d0753ae c5830f9d0f1e29e5 a2805ed52b47b8ec 47fbe21f5c35c7b4 24c47959ea77b15b a853f13216170123 24e582daf6f87158 0f4c71d341e2d939 666bdff4faa513ca d6ed7e4b14c51296 cea18be9a89d7a81 4f915ad69e1dca36 172bc0ee09332ae9
500,a9223c28b10c131f 1d0f5fdc58e3efb5 01104a026d22ae55 4577ae048ef1967d ff88049e61f0f4ef e740c80fce094788 a853f13216170123 666bdff4faa513ca d1e21234d7cc61d2 d216e5458ad70e60 0683b6a78f54be75 6204e398d8c7f888 2e4b00c01d58e79e bfb8032f2183d471 7c98dedd223b36c0 57113c2a4cacd961 4bed80e56ea2e099 050544c040f46152 b2ee9eea2d974c90 bee46c54461925d0 a5f55580081236f4 83f8f2fc471cad74 4535ce2e3dced00f 8643165b0f53df11 419b5dc40744fb9b 95ecdbff44ad0b60 8faeacf8ca08f62d b6e646c13d0753ae c5830f9d0f1e29e5 a2805ed52b47b8ec
501,0eedb1a0d3b8ddae 6ae470a7c9ec20fd 0708923badf2ff5d b0e254dd420faee3 1f423f368aebf7f3 587e0b2a4811fab1 22756be6fd061d4c cc0c9419f8a20603 da011b87595c1019 5c4b7558c942a224 e6a29676c096f8e8 4beacc71024f8b08 ae94d8435a6847f4 a860b682add9de1c a0566ca9daca7778 5b16bae6a0de7c88 59c231f8fd21260c 892074f7c1ef5d5e 404031ab9d5977c4 50806199c80e215c b6a1c97f19af78d0 0e45c4c185f35df6 b6e72edcad270be0 48a76e3aff69d605 ec4ef2f727e7a03f 2e031d83339759b2 9b0e8cf8153e3b33 bf973f9ec3600199 f105a53e5cfae611 8dedff0a79784abc
502,01e5a6edcee7deb0 2359719a0f40ffac e8b87ed7db1bcb1f d1e21234d7cc61d2 f2e30efbd27bee51 db0e648651f4c92b 9c9ebf71707d7a37 49b5678e0d1e5bcd 4d32dae7b43c489a 0c15f252d30646fc 0220a434aa8bf029 ce0f56b7190c268a 4d29c6922b2d0d56 d7d937303a6d5a9d fa173131f15f5534 bf3ccaba4a3450a8 43b3338423d7386c a60934e6b473097a b78189788d563693 20d283a232dfd13c b29ab87af6ea6310 8f578001f9d5f543 ffa9091747ae2466 46315cf30aaee51c 025a148c3a53bd9f 01b3da54ffb158a0 bc2ae5f4e5d53e00 8faeacf8ca08f62d eab15ee21e126f6a 64b31699d7d15934
503,190ab585fd379f0f 976baf0e84752a68 fd30682593995748 ecb768ef6fd223ca 8abe670908f12614 f48d0fbea7dc2782 7cea1f637ea3f37d 7d83ffe83f61bdc4 6461a9faa871b3ac 9c9a9d45c2ea7ddf 3d93a60f990a0a7c 1a8e5d6512d9e2d8 2820628e65a062e2 453bc79164d57a01 238ec735a13a3f09 36d33c41812ce7dc c810ac016901e8ac d64c06baf5ef1c90 b78189788d563693 da904d2a54ff8cf2 4d9214c0925e5af8 155600e5f1221f8c e7828f0ea9749505 9b2adcf4041227d7 d6ed7e4b14c51296 52e459a551d4ac2d 4483bbdd3241f11a 46315cf30aaee51c 61ba7707ef6a5a99 27a12f29dceccdbd
504,59c231f8fd21260c cc0c9419f8a20603 f1a3b8b13e9401c0 48a76e3aff69d605 a0566ca9daca7778 5c4b7558c942a224 e6a29676c096f8e8 4beacc71024f8b08 404031ab9d5977c4 ae94d8435a6847f4 0e45c4c185f35df6 b6e72edcad270be0 8dedff0a79784abc 54a11cbcd7a32af4 ec4ef2f727e7a03f 2e031d83339759b2 9b0e8cf8153e3b33 da011b87595c1019 bf973f9ec3600199 24e582daf6f87158 f105a53e5cfae611 b84b6c0b2e4d0306 6a3919ad9ed8197e 366a22fce0614fb8 00e1e2eb13f650e4 34a62e66e05f9a44 b2ee9eea2d974c90 d5952b2e031c4e7e 4d32dae7b43c489a 828f5dfbbf1272ee
505,74ae9af23a383bf5 ae000f9d0b5e104e 576dd429db946393 8e0cc5199a0ee659 3b6d27775fce1c7b d63b7f083330247f 204ec91c39d1479d 1f423f368aebf7f3 5b4c879fc9c316fb c5830f9d0f1e29e5 b69ce8b8154645f8 0f4c71d341e2d939 4d954d933e606b70 f209d29f991432f0 5430097e23000368 8faeacf8ca08f62d ac9ee0c09b538140 1efd7bd8a34a1359 8643165b0f53df11 1d0f5fdc58e3efb5 95ecdbff44ad0b60 b1dcaca98bb76736 393f49286db04aeb f9c6286cff30aaa8 b6e646c13d0753ae ad06e9eeea8eb4ea a2805ed52b47b8ec c1f2e3a76d388944 c36c2dce0e6e434f 587e0b2a4811fab1
506,f25bfcffedaccf28 52aa48c07b34dc88 16b11706660177ff 8dedff0a79784abc c143c095983a65c2 d257d1fbcf43abd5 e9c20b67a4c5395f 58654e3143c6550b 65ad9c583823162d b6a1c97f19af78d0 ebfda3b48083e390 d6bbbd6c4968075a 9b0e8cf8153e3b33 72b80b099fd64ec4 bc2552a642ce8497 4f915ad69e1dca36 65708d542bd01f39 b6e646c13d0753ae 98dbd15aa33ebc18 3a6e7894dde31c67 587e0b2a4811fab1 3b4a85bac6ead3c8 ad06e9eeea8eb4ea 4dba7ce835494a63 a60934e6b473097a b84b6c0b2e4d0306 45bd99d5d2eef776 92f42fbd0c38f7fd 7f95168400948588 35488b3b8b781278
507,451e7ba901ad661d cc861214a89ef1f4 a84cd36608cb8665 ecb768ef6fd223ca af8e70f978cd5aee fab14d178b24a67f a1314cd417504572 0b774cf90856c4da 4105533fe46dfba9 6cb9ab508a0678a0 22e8d6734e4121ae 059bbdbdb843af6a 537a55eda51a3f60 8e83d05923cde390 3d93a60f990a0a7c 354d7a327bbcc152 5989fb934598c1a7 190ab585fd379f0f 2bafd15871caae91 fc16a50ff0baec53 05e4165a56bf50eb 4b8c7061102517ef c49d8f84a4f87f8a ee3ed9a3f51336cd 5430097e23000368 2b48ab08c915c0ad e7828f0ea9749505 9c9a9d45c2ea7ddf 666bdff4faa513ca c11b97f245a9dfd0
508,7f95168400948588 59bf6d6df9146d60 016da874bd04df55 6899956cd6c683f0 d5805cdb9e8f0f48 8d58da0e1800dc96 a18df74d3a16e9c0 eec6b281e236b500 8fc68213b63951dc f9c6286cff30aaa8 2a06f5614060e3b6 e25a1da6ca187350 4fe9e4e55585ba4b 1f4f62844c3cb99c e22c35101e190db9 bed3e73d52011f68 d7d937303a6d5a9d b3ad55963554f220 b29ab87af6ea6310 8f578001f9d5f543 52370bea1acd0600 6d80d2e62d01f6bc ffa9091747ae2466 9cf6709de35bf0f3 a65e30106ea50423 81b639b74256b45b 413c55a5ab86881a ca4de5b8a7bda9df 025a148c3a53bd9f 01020d1b0821f4c7
509,45bd99d5d2eef776 8df3f13d6af34cb3 666bdff4faa513ca 1dc7139adba034ec da7d3c2d591c4295 e36475c1af5ea3ab eff60ceea8817dad 6e1b6b53c9710940 b6cdb608f640e038 64907c4568244eb4 98dbd15aa33ebc18 3d93a60f990a0a7c bee46c54461925d0 734dabb98795c35c 7e4a4a1300b77a06 5057551fc55e9ed2 453bc79164d57a01 238ec735a13a3f09 83f8aca6ee2caabc 36d33c41812ce7dc 04886579947a80c2 c810ac016901e8ac 5430097e23000368 a1314cd417504572 2bafd15871caae91 65254e0d209fd66e d72363ddd958d906 d64c06baf5ef1c90 f05fa5f57dc03e81 2dd12c230ab22555
510,148ac4a56a18844d a60934e6b473097a a5d5ba33b5b1dc95 4dba7ce835494a63 ebfda3b48083e390 58654e3143c6550b 98dbd15aa33ebc18 0683b6a78f54be75 25a3b47fe31bc6b5 24e582daf6f87158 3b6d27775fce1c7b 587e0b2a4811fab1 0688c790d5806540 1c3b74a02a86467d 8dedff0a79784abc 0f33ce8d8014f308 c143c095983a65c2 ad06e9eeea8eb4ea 4d32dae7b43c489a 5f94b027039f4e48 52370bea1acd0600 81b639b74256b45b e9c20b67a4c5395f f25bfcffedaccf28 8faeacf8ca08f62d 3b4a85bac6ead3c8 c015590d6a6fe833 999a52f1d301247c 9b0e8cf8153e3b33 4f915ad69e1dca36
511,40583079f57235a6 b3ad55963554f220 43b3338423d7386c 8a5635c748344d47 d5805cdb9e8f0f48 64b31699d7d15934 0eafda717681bbdc a52df8083c238c46 7b81f1f2b6ec2e5f 39075e303166355e 1f4f62844c3cb99c 413c55a5ab86881a a292248bb2bffb3d 942a7d26d81c841f c28bc62802b90f82 393f49286db04aeb 197fa50b30d91fe8 cc861214a89ef1f4 8faeacf8ca08f62d d46598813fb437e5 0db6584e3bdfa1c4 2e44fbb8bc3d8d71 2901e5309bb3f8f6 095bb1b6ecbd0a50 528161039994b4dc daa257a37227cd72 6c017e548aa138f2 eec6b281e236b500 8fc68213b63951dc 47fbe21f5c35c7b4
512,047769588be1aea9 f48d0fbea7dc2782 522bd6887960c25d 0451447dd64f6284 2e031d83339759b2 da7d3c2d591c4295 07f22a7ad7e4711d e36475c1af5ea3ab 3c565c1fc2316d16 a853f13216170123 eff60ceea8817dad b6cdb608f640e038 486dd77002936dec 46315cf30aaee51c 24c47959ea77b15b 9c9a9d45c2ea7ddf 0f4c71d341e2d939 cea18be9a89d7a81 172bc0ee09332ae9 83b911ff0ff45844 2e2904c5373734ae 5430097e23000368 6e1b6b53c9710940 a76ffccd2f5df1a7 4d954d933e606b70 64907c4568244eb4 4b29fc21f912754d acae1d29289b1266 ddf332f2b55a2a23 b6e72edcad270be0
513,24e582daf6f87158 b6e72edcad270be0 4d32dae7b43c489a 4b29fc21f912754d 3c565c1fc2316d16 c11b97f245a9dfd0 f48d0fbea7dc2782 b6e646c13d0753ae c5830f9d0f1e29e5 a2805ed52b47b8ec 393f49286db04aeb 81b639b74256b45b 0db6584e3bdfa1c4 24c47959ea77b15b a860b682add9de1c 3b6d27775fce1c7b 0f4c71d341e2d939 8faeacf8ca08f62d bd713b37b67866c3 64b31699d7d15934 cea18be9a89d7a81 a60934e6b473097a 172bc0ee09332ae9 522bd6887960c25d c015590d6a6fe833 a76ffccd2f5df1a7 4d954d933e606b70 54a11cbcd7a32af4 5897953fdf87b60f 52370bea1acd0600
514,cc861214a89ef1f4 af8e70f978cd5aee fab14d178b24a67f 4105533fe46dfba9 ecb768ef6fd223ca 6cb9ab508a0678a0 22e8d6734e4121ae 059bbdbdb843af6a 3d93a60f990a0a7c 48f93f9c2c699e19 354d7a327bbcc152 4491016efed845f1 5430097e23000368 b78189788d563693 20d283a232dfd13c 05e4165a56bf50eb 4b8c7061102517ef ec1b3d7ccd3984d0 b29ab87af6ea6310 8f578001f9d5f543 d3c4a7db726191e0 ffa9091747ae2466 46315cf30aaee51c 025a148c3a53bd9f 4d32dae7b43c489a 095bb1b6ecbd0a50 7e4a4a1300b77a06 853e36b1550c6274 fc21db75b354a917 c1f2e3a76d388944
515,54a11cbcd7a32af4 da7d3c2d591c4295 eff60ceea8817dad e36475c1af5ea3ab 4d954d933e606b70 98dbd15aa33ebc18 b6cdb608f640e038 bee46c54461925d0 64907c4568244eb4 734dabb98795c35c 65254e0d209fd66e ec1b3d7ccd3984d0 6e1b6b53c9710940 f05fa5f57dc03e81 f25bfcffedaccf28 4d32dae7b43c489a c015590d6a6fe833 c03b11a0cdc3fa39 b05b5f6850cfa158 f76f44d372517a9a a853f13216170123 c5830f9d0f1e29e5 01b3da54ffb158a0 16b11706660177ff ad06e9eeea8eb4ea e25a1da6ca187350 e22c35101e190db9 9f4e0d572b1f4e6c e1460af4a7044067 c1f2e3a76d388944
516,3b4a85bac6ead3c8 bbbd5d2fd957e8f7 47fbe21f5c35c7b4 52370bea1acd0600 4d7653ea9499eed4 9a0f5ee4f845c9b2 0bcaac840d5e66d7 c28bc62802b90f82 cea18be9a89d7a81 3986b68500d7704b 3fa57d488e979d74 ff88049e61f0f4ef e0269da736ddf004 bd713b37b67866c3 fd30682593995748 2a06f5614060e3b6 39f6296778264878 e25a1da6ca187350 702d8f1064ab3e30 e36475c1af5ea3ab e7cad3748e50b0f8 0708923badf2ff5d 734dabb98795c35c 942a7d26d81c841f bd0f175ee98c613e ae94d8435a6847f4 b6d0f83aad4e4dc7 5fb2d8e734956af0 622f2e4119882c94 4b8c7061102517ef
517,64907c4568244eb4 fd30682593995748 0b774cf90856c4da 2b48ab08c915c0ad 898a4921ab9f4cce 83f8aca6ee2caabc a1314cd417504572 d72363ddd958d906 5dd752753760ced8 00ff646ca6637bd7 fc8971756f9ec194 00d9f8d3f7d412b3 537a55eda51a3f60 9d5edf3b993fee50 451e7ba901ad661d 7c9248ed6224aa26 120e745e2961b5d5 a84cd36608cb8665 4e966bb2768c2b8a c606425856952286 ad06e9eeea8eb4ea 016da874bd04df55 74244a8703c03720 853e36b1550c6274 0688c790d5806540 70ebf53ced736fa4 9c9a9d45c2ea7ddf 047769588be1aea9 4d9214c0925e5af8 351c9da399c2b915
518,e8684734f2e587bd 9b0e8cf8153e3b33 d216e5458ad70e60 8a5635c748344d47 4d954d933e606b70 b6e646c13d0753ae da7d3c2d591c4295 9fbffc521da97c54 daa257a37227cd72 a5f55580081236f4 a52df8083c238c46 0a79fabc6f5d93c9 b69ce8b8154645f8 29bedd00fb2be056 d63b7f083330247f c606425856952286 3ca7964973437917 1d0f5fdc58e3efb5 60a070db9f1869b5 796888cc3443006c 01ecc81f6341e902 5fb2d8e734956af0 4c3802a1bd3c842e 3734d3b0b9232538 4dba7ce835494a63 6a3919ad9ed8197e 2394b08708475900 5d26da95786b3a3a bc2ae5f4e5d53e00 22756be6fd061d4c
519,d72363ddd958d906 047769588be1aea9 3c0873ce078d332b e8ad5e31484ef889 44d324ebd3e22ad7 4d954d933e606b70 27a12f29dceccdbd a14394322cf7043d 83f8aca6ee2caabc e8b87ed7db1bcb1f 36d33c41812ce7dc bd0f175ee98c613e 316382267dcd804f c810ac016901e8ac d1e21234d7cc61d2 d64c06baf5ef1c90 9c9ebf71707d7a37 9100ea6cd0e084bf f2e30efbd27bee51 db0e648651f4c92b 18b1d2d84c97a364 b3e75fdca5ca2f1a 49b5678e0d1e5bcd c1f2e3a76d388944 39075e303166355e 2359719a0f40ffac 1f4f62844c3cb99c cba7e22bb383083a bed3e73d52011f68 46315cf30aaee51c
520,acf5cb026b3c4551 d216e5458ad70e60 6a9aa1bd93e36e66 3d93a60f990a0a7c 07f22a7ad7e4711d 1d72229ebcc00faf 1dc7139adba034ec 6406fcdb7d87b5dc 3b4a85bac6ead3c8 1398b478b71773ed e8ad5e31484ef889 aa967ad3c1f65a29 4d7653ea9499eed4 9a0f5ee4f845c9b2 0bcaac840d5e66d7 c28bc62802b90f82 702d8f1064ab3e30 39f6296778264878 2a06f5614060e3b6 3986b68500d7704b 3fa57d488e979d74 52370bea1acd0600 fd30682593995748 ff88049e61f0f4ef e0269da736ddf004 bd713b37b67866c3 c31a456b544a40a8 bd0f175ee98c613e ae94d8435a6847f4 b6d0f83aad4e4dc7
521,5c4b7558c942a224 e6a29676c096f8e8 1d0f5fdc58e3efb5 636224e349e561bf e740c80fce094788 a853f13216170123 c1f2e3a76d388944 a2805ed52b47b8ec 8faeacf8ca08f62d 666bdff4faa513ca d1e21234d7cc61d2 4beacc71024f8b08 ae94d8435a6847f4 0683b6a78f54be75 95ecdbff44ad0b60 a0566ca9daca7778 97d696011258825c 59c231f8fd21260c 9c9a9d45c2ea7ddf 404031ab9d5977c4 0eedb1a0d3b8ddae b05b5f6850cfa158 b6e646c13d0753ae c5830f9d0f1e29e5 d3c4a7db726191e0 73f770f2643a2135 01ecc81f6341e902 5430097e23000368 b1dcaca98bb76736 393f49286db04aeb
522,a60934e6b473097a 520ec719078be07c 5ebb4d2f5f1c1f13 9b2adcf4041227d7 3c565c1fc2316d16 eff60ceea8817dad 99e833818ec4bbf2 d16da1fb61813db9 419b5dc40744fb9b 24e582daf6f87158 bb7515be835dea49 c143c095983a65c2 3a6e7894dde31c67 cc507a0d6fcf4a1c 48cf88c17ff38c5e 430feb4826a5632e bfb8032f2183d471 1d0f5fdc58e3efb5 999a52f1d301247c 3b6d27775fce1c7b feddfcf56818968e eab15ee21e126f6a a9223c28b10c131f f44f74b3451aa593 c015590d6a6fe833 52370bea1acd0600 f209d29f991432f0 50cb6a6c60ad711a e740c80fce094788 0eedb1a0d3b8ddae
523,3a6e7894dde31c67 7155e5a86136eb02 a860b682add9de1c 24e582daf6f87158 da011b87595c1019 3b6d27775fce1c7b 0f33ce8d8014f308 0451447dd64f6284 c015590d6a6fe833 52370bea1acd0600 50cb6a6c60ad711a 9b0e8cf8153e3b33 5c4b7558c942a224 4f915ad69e1dca36 285657fcdf89f00d 8dedff0a79784abc c143c095983a65c2 e9c20b67a4c5395f 95166957b2c38794 7c8324ce28ffb96e 35488b3b8b781278 28a2067685cb3e97 b6a1c97f19af78d0 128d583954b18074 d73a65673e3f1d78 702d8f1064ab3e30 3986b68500d7704b 3fa57d488e979d74 ff88049e61f0f4ef e0269da736ddf004
524,16b11706660177ff fa173131f15f5534 f25bfcffedaccf28 393f49286db04aeb 0db6584e3bdfa1c4 abf90e759d208468 d46598813fb437e5 430feb4826a5632e 65fac1ba1840000f 942a7d26d81c841f 24e582daf6f87158 796888cc3443006c 33856365c271aea4 387e9cd2e5d4ea7d 4d32dae7b43c489a 3c565c1fc2316d16 3b4a85bac6ead3c8 f48d0fbea7dc2782 81b639b74256b45b 24c47959ea77b15b a860b682add9de1c 3b6d27775fce1c7b 0f4c71d341e2d939 bd713b37b67866c3 64b31699d7d15934 cea18be9a89d7a81 a60934e6b473097a 172bc0ee09332ae9 522bd6887960c25d c015590d6a6fe833
525,b8e2f75014710ced 74244a8703c03720 83f8aca6ee2caabc 36d33c41812ce7dc c810ac016901e8ac d64c06baf5ef1c90 27a12f29dceccdbd a14394322cf7043d 0c2eeab1e4ce1db8 453bc79164d57a01 316382267dcd804f e5fb8dc5c9cb4a19 d72363ddd958d906 18b1d2d84c97a364 025a148c3a53bd9f 4d954d933e606b70 7e4a4a1300b77a06 bd0f175ee98c613e cba7e22bb383083a 016da874bd04df55 3d93a60f990a0a7c 4c3802a1bd3c842e c28bc62802b90f82 9100ea6cd0e084bf 39f6296778264878 5570ef88d970e9b4 a04d6febd82a4389 b3e75fdca5ca2f1a 2bafd15871caae91 e7828f0ea9749505
526,70ebf53ced736fa4 dea5e9227fbbac29 c143c095983a65c2 a76ffccd2f5df1a7 ad06e9eeea8eb4ea 5f94b027039f4e48 3a6e7894dde31c67 50cb6a6c60ad711a a853f13216170123 5430097e23000368 e9c20b67a4c5395f 9c9a9d45c2ea7ddf 8dedff0a79784abc 9b0e8cf8153e3b33 4f915ad69e1dca36 da011b87595c1019 24e582daf6f87158 28a2067685cb3e97 c015590d6a6fe833 3b6d27775fce1c7b 0683b6a78f54be75 f2e30efbd27bee51 b6e646c13d0753ae b6a1c97f19af78d0 c5830f9d0f1e29e5 0f33ce8d8014f308 f76f44d372517a9a a9223c28b10c131f 133b04350c75770b f105a53e5cfae611
527,9c9ebf71707d7a37 dc576af4ae66e25e 919b1679fffa7ef1 0220a434aa8bf029 db0e648651f4c92b bf973f9ec3600199 01020d1b0821f4c7 585f4ee09d8fea46 d5952b2e031c4e7e d1e21234d7cc61d2 1f4f62844c3cb99c f76f44d372517a9a eec6b281e236b500 8fc68213b63951dc 81b639b74256b45b 16b11706660177ff 5879096a38d69fc5 b3ad55963554f220 e25a1da6ca187350 bed3e73d52011f68 a292248bb2bffb3d 4d32dae7b43c489a e22c35101e190db9 b29ab87af6ea6310 d7d937303a6d5a9d ba5199dba342af68 8f578001f9d5f543 3a6e7894dde31c67 a60934e6b473097a ffa9091747ae2466
528,0772e3ab293a1f30 b6cdb608f640e038 83f8aca6ee2caabc 36d33c41812ce7dc c810ac016901e8ac 27a12f29dceccdbd 4d32dae7b43c489a d64c06baf5ef1c90 01e5a6edcee7deb0 a14394322cf7043d bd0f175ee98c613e 316382267dcd804f 4beacc71024f8b08 01b3da54ffb158a0 7e4a4a1300b77a06 cba7e22bb383083a 9100ea6cd0e084bf 453bc79164d57a01 18b1d2d84c97a364 d7d937303a6d5a9d b3e75fdca5ca2f1a 65ad9c583823162d e7cad3748e50b0f8 a65e30106ea50423 39075e303166355e 1f4f62844c3cb99c bed3e73d52011f68 d72363ddd958d906 3734d3b0b9232538 46315cf30aaee51c
529,83f5a9732f0de67f a292248bb2bffb3d cc0c9419f8a20603 d1e21234d7cc61d2 00e1e2eb13f650e4 0195950ce0f47e34 52370bea1acd0600 4d7653ea9499eed4 9a0f5ee4f845c9b2 0bcaac840d5e66d7 c28bc62802b90f82 702d8f1064ab3e30 3986b68500d7704b 47fbe21f5c35c7b4 ff88049e61f0f4ef e0269da736ddf004 bd713b37b67866c3 fd30682593995748 2a06f5614060e3b6 e25a1da6ca187350 3fa57d488e979d74 0708923badf2ff5d 734dabb98795c35c 942a7d26d81c841f bd0f175ee98c613e ae94d8435a6847f4 b6d0f83aad4e4dc7 b24820ae14e16a24 622f2e4119882c94 39f6296778264878
530,46b99f864d6a075a 447fc00f40d71d08 3e8e56f639a5db5b 680bb5c5c3bb6ee1 72403ecdfe02bba6 387e9cd2e5d4ea7d 796888cc3443006c 63d95d5977c2fe98 05f23e7d05dbf7c2 6a9aa1bd93e36e66 5b16bae6a0de7c88 b69ce8b8154645f8 0fbd0f422e926816 0d0368139e9a647f d216e5458ad70e60 7eec211cc37a1b05 73391e0853c1e040 f2234bb7ce0c6f59 33856365c271aea4 ac9ee0c09b538140 d35e11d3d1ab3c67 486dd77002936dec 5fb2d8e734956af0 d9885881381fd10a a9dad59c7055b56c 09660f466b38b7ba 4522ad78bf79f0c9 01020d1b0821f4c7 8e0760918e88e4a9 148ac4a56a18844d
531,b1e47da7659b675c 48a76e3aff69d605 b6e72edcad270be0 a860b682add9de1c 59c231f8fd21260c 0e45c4c185f35df6 95166957b2c38794 0c2eeab1e4ce1db8 52e459a551d4ac2d 10ad13170242ecae 585f4ee09d8fea46 f1a3b8b13e9401c0 24e582daf6f87158 528161039994b4dc 1efd7bd8a34a1359 5c4b7558c942a224 a813c15b46ceaf68 e6a29676c096f8e8 47fbe21f5c35c7b4 5897953fdf87b60f a0566ca9daca7778 63d509cd2a2e0e47 2e4b00c01d58e79e 88b62355670ec8f8 d63b7f083330247f 2394b08708475900 a2c35fdf07a13286 1d0f5fdc58e3efb5 a017f3358d5327aa 4d32dae7b43c489a
532,4d29c6922b2d0d56 ce0f56b7190c268a 197fa50b30d91fe8 bf3ccaba4a3450a8 8700059e85433b32 b3ad55963554f220 b6e72edcad270be0 d5805cdb9e8f0f48 a52df8083c238c46 1f4f62844c3cb99c 095bb1b6ecbd0a50 40583079f57235a6 64b31699d7d15934 6c017e548aa138f2 eec6b281e236b500 8fc68213b63951dc c28bc62802b90f82 95166957b2c38794 2a06f5614060e3b6 20d283a232dfd13c 0eafda717681bbdc b3e75fdca5ca2f1a 54f55c74d37db3c0 702d8f1064ab3e30 bed3e73d52011f68 b29ab87af6ea6310 8f578001f9d5f543 46315cf30aaee51c c6b615b2589e036d 4491016efed845f1
533,0a49074a4158155b 585f4ee09d8fea46 f25bfcffedaccf28 734dabb98795c35c 10ad13170242ecae 16b11706660177ff 6899956cd6c683f0 72b80b099fd64ec4 7f95168400948588 b84b6c0b2e4d0306 2e2904c5373734ae 0add47a043c64d7f 45bd99d5d2eef776 92f42fbd0c38f7fd 1d72229ebcc00faf b05b5f6850cfa158 cc0c9419f8a20603 c11b97f245a9dfd0 52aa48c07b34dc88 ca43e349133fc0e3 72c2a95813ea72bd c49d8f84a4f87f8a 19e8f436d4b2fc25 a0566ca9daca7778 5547f9f1638ac345 c143c095983a65c2 43c354dbf952caaa 892074f7c1ef5d5e 2cebd52b41930f0a 4f31209941bb05fc
534,42c9b72cc77dcb28 74244a8703c03720 2e44fbb8bc3d8d71 0c2eeab1e4ce1db8 351c9da399c2b915 f28fb3d9880c5d4c 2bafd15871caae91 83f8aca6ee2caabc 36d33c41812ce7dc b8e2f75014710ced 2dd12c230ab22555 c810ac016901e8ac a677c3a76055a6d2 fc8971756f9ec194 d64c06baf5ef1c90 430feb4826a5632e 73f770f2643a2135 453bc79164d57a01 27a12f29dceccdbd a14394322cf7043d 00ff646ca6637bd7 a04d6febd82a4389 d72363ddd958d906 316382267dcd804f 7e4a4a1300b77a06 3d93a60f990a0a7c cba7e22bb383083a ad06e9eeea8eb4ea 18b1d2d84c97a364 b0b5e62a93a2c37c
535,49224aca40e6e5e3 f705b637f624147e acae1d29289b1266 74e59c5820900b17 922e625fae98b3b9 5b34da30b93eb123 c08c3765ac609cc0 b749972436ac9791 a9eef13786610446 25a3b47fe31bc6b5 18ced18aee04c48e ffc688c4c1c2a068 65fac1ba1840000f e7cad3748e50b0f8 f46601a9955f9949 8d58da0e1800dc96 2a06f5614060e3b6 28a2067685cb3e97 2359719a0f40ffac 54f55c74d37db3c0 00140806971e7a73 2810fb6f81d1711c 05f23e7d05dbf7c2 955e465ce0788ea6 c143c095983a65c2 0fbd0f422e926816 5430097e23000368 430feb4826a5632e dac29ed8400b50cc ad06e9eeea8eb4ea
536,133b04350c75770b c143c095983a65c2 b6a1c97f19af78d0 9b0e8cf8153e3b33 a60934e6b473097a 3b4a85bac6ead3c8 48cf88c17ff38c5e 4d7653ea9499eed4 98dbd15aa33ebc18 e4a7a996ed6a5a81 0451447dd64f6284 8dedff0a79784abc 52370bea1acd0600 680bb5c5c3bb6ee1 8643165b0f53df11 e9c20b67a4c5395f 3b6d27775fce1c7b 58654e3143c6550b 9c9ebf71707d7a37 d257d1fbcf43abd5 587e0b2a4811fab1 285657fcdf89f00d 1d0f5fdc58e3efb5 95d25d38ba7df9c7 148ac4a56a18844d ebfda3b48083e390 50806199c80e215c 4beacc71024f8b08 cb3e4ce97e7f2881 f25bfcffedaccf28
537,00ff646ca6637bd7 b8e2f75014710ced 6cb9ab508a0678a0 f28fb3d9880c5d4c 354d7a327bbcc152 42c9b72cc77dcb28 fc8971756f9ec194 2e44fbb8bc3d8d71 a677c3a76055a6d2 2bafd15871caae91 351c9da399c2b915 2dd12c230ab22555 74244a8703c03720 0c2eeab1e4ce1db8 b0b5e62a93a2c37c 00af886180e9eaec 4d32dae7b43c489a 37001ade0df85823 73f770f2643a2135 430feb4826a5632e 9a439fd1abf95245 120e745e2961b5d5 83f8aca6ee2caabc 36d33c41812ce7dc 5897953fdf87b60f 4b29fc21f912754d c810ac016901e8ac a04d6febd82a4389 9c9a9d45c2ea7ddf d64c06baf5ef1c90
538,e8ad5e31484ef889 63d509cd2a2e0e47 07be6a290720707d 3e66b4855d0dddbe a5f55580081236f4 1398b478b71773ed bf973f9ec3600199 8dedff0a79784abc 680bb5c5c3bb6ee1 ce8cb4351b8c0f6e 4f915ad69e1dca36 4f31209941bb05fc ce0f56b7190c268a bf3ccaba4a3450a8 1d0f5fdc58e3efb5 d216e5458ad70e60 4d954d933e606b70 013030fd7d29bf3d 430feb4826a5632e 83f5a9732f0de67f da7d3c2d591c4295 bc2ae5f4e5d53e00 0a49074a4158155b a9dad59c7055b56c 8faeacf8ca08f62d e36475c1af5ea3ab eff60ceea8817dad 95ecdbff44ad0b60 b6cdb608f640e038 a017f3358d5327aa
539,ec1b3d7ccd3984d0 48f93f9c2c699e19 0a79fabc6f5d93c9 238de368bb05c0ec eab15ee21e126f6a 0db6584e3bdfa1c4 5c8c6d9a1fd4c1e0 e22c35101e190db9 d980375fbd40c75f 522bd6887960c25d 9cf6709de35bf0f3 25145708d494530b 90ecb28f2edb9d43 b1dcaca98bb76736 27bc34b9887bec0d 3d6880bd12f6613f 3c565c1fc2316d16 2e4b00c01d58e79e 4e966bb2768c2b8a 3cb6b40d377e7ca8 acf5cb026b3c4551 8699cc5dd4159b69 387e9cd2e5d4ea7d 42bb83d7c4b9ecae 366a22fce0614fb8 c1f2e3a76d388944 f76f44d372517a9a 0add47a043c64d7f 061f3e1feeaa3094 4d7653ea9499eed4
540,ca43e349133fc0e3 942a7d26d81c841f e8b87ed7db1bcb1f 455fde214d16d350 2e031d83339759b2 3d93a60f990a0a7c 7e4a4a1300b77a06 5057551fc55e9ed2 453bc79164d57a01 238ec735a13a3f09 83f8aca6ee2caabc 36d33c41812ce7dc c810ac016901e8ac 5430097e23000368 a1314cd417504572 2bafd15871caae91 d72363ddd958d906 d64c06baf5ef1c90 2dd12c230ab22555 da904d2a54ff8cf2 e7828f0ea9749505 f28fb3d9880c5d4c cc861214a89ef1f4 0c2eeab1e4ce1db8 42c9b72cc77dcb28 00d9f8d3f7d412b3 9b2adcf4041227d7 22e8d6734e4121ae b8e2f75014710ced ae77487a89f2610c
541,e878efab7c37179e 419b5dc40744fb9b d16da1fb61813db9 eff60ceea8817dad 99e833818ec4bbf2 bb7515be835dea49 97d696011258825c 47fbe21f5c35c7b4 f209d29f991432f0 e1460af4a7044067 72c2a95813ea72bd 3b6d27775fce1c7b 22dc81380cf4baec eab15ee21e126f6a 4b05967001421eab 2394b08708475900 bc2ae5f4e5d53e00 a9dad59c7055b56c fa173131f15f5534 edc79e57b20e9036 bf973f9ec3600199 88b62355670ec8f8 c015590d6a6fe833 5430097e23000368 40583079f57235a6 b05b5f6850cfa158 430feb4826a5632e a492bd402afd5c71 f49e13a653cbdad2 39075e303166355e
542,0eafda717681bbdc 72b80b099fd64ec4 ec4ef2f727e7a03f b05b5f6850cfa158 3cb6b40d377e7ca8 40583079f57235a6 877672967d3f70bb b3ad55963554f220 e403278468d84383 de35d2410e916471 f76f44d372517a9a da011b87595c1019 d5805cdb9e8f0f48 3b4a85bac6ead3c8 a52df8083c238c46 7b81f1f2b6ec2e5f 24e582daf6f87158 c11b97f245a9dfd0 1f4f62844c3cb99c a492bd402afd5c71 90ecb28f2edb9d43 6204e398d8c7f888 413c55a5ab86881a 83b911ff0ff45844 cc507a0d6fcf4a1c 942a7d26d81c841f 4dba7ce835494a63 172bc0ee09332ae9 2394b08708475900 1d0f5fdc58e3efb5
543,c31a456b544a40a8 ad06e9eeea8eb4ea b6e646c13d0753ae 430feb4826a5632e 1d0f5fdc58e3efb5 73f770f2643a2135 74244a8703c03720 4f915ad69e1dca36 8dedff0a79784abc c143c095983a65c2 8faeacf8ca08f62d d257d1fbcf43abd5 e9c20b67a4c5395f 6a3919ad9ed8197e 58654e3143c6550b 587e0b2a4811fab1 b6a1c97f19af78d0 95ecdbff44ad0b60 ae94d8435a6847f4 ebfda3b48083e390 d6bbbd6c4968075a 9b0e8cf8153e3b33 98dbd15aa33ebc18 3a6e7894dde31c67 c5830f9d0f1e29e5 a04d6febd82a4389 f25bfcffedaccf28 999a52f1d301247c a2805ed52b47b8ec 702d8f1064ab3e30
544,e22c35101e190db9 ec1b3d7ccd3984d0 0a79fabc6f5d93c9 48f93f9c2c699e19 b26d8664feb18c8c c015590d6a6fe833 3cb6b40d377e7ca8 09bbaa171c20bae3 d3c4a7db726191e0 01b3da54ffb158a0 27bc34b9887bec0d 88b62355670ec8f8 43b3338423d7386c 42bb83d7c4b9ecae 393f49286db04aeb 29bedd00fb2be056 8699cc5dd4159b69 c5830f9d0f1e29e5 e1460af4a7044067 25145708d494530b f25bfcffedaccf28 b6e646c13d0753ae 095bb1b6ecbd0a50 061f3e1feeaa3094 8a5635c748344d47 4d32dae7b43c489a 5c8c6d9a1fd4c1e0 b05b5f6850cfa158 a292248bb2bffb3d fb2ebcb5335ad2e2
545,404031ab9d5977c4 47fbe21f5c35c7b4 63d509cd2a2e0e47 f2e30efbd27bee51 5b4c879fc9c316fb 72c2a95813ea72bd 3c565c1fc2316d16 4b29fc21f912754d f48d0fbea7dc2782 999a52f1d301247c 24c47959ea77b15b 0f4c71d341e2d939 4f2fffd7528de786 8faeacf8ca08f62d a853f13216170123 cc507a0d6fcf4a1c cea18be9a89d7a81 172bc0ee09332ae9 666bdff4faa513ca a76ffccd2f5df1a7 4d954d933e606b70 7155e5a86136eb02 07f22a7ad7e4711d ddf332f2b55a2a23 b6e72edcad270be0 3e66b4855d0dddbe 2e031d83339759b2 486dd77002936dec 1d0f5fdc58e3efb5 95ecdbff44ad0b60
546,0eedb1a0d3b8ddae 6ae470a7c9ec20fd 0708923badf2ff5d b0e254dd420faee3 587e0b2a4811fab1 22756be6fd061d4c 24e582daf6f87158 a860b682add9de1c 48a76e3aff69d605 4d32dae7b43c489a 3c565c1fc2316d16 393f49286db04aeb f48d0fbea7dc2782 8faeacf8ca08f62d 81b639b74256b45b 0db6584e3bdfa1c4 da7d3c2d591c4295 24c47959ea77b15b 3b6d27775fce1c7b 0f4c71d341e2d939 bd713b37b67866c3 64b31699d7d15934 cea18be9a89d7a81 a60934e6b473097a 172bc0ee09332ae9 522bd6887960c25d 47fbe21f5c35c7b4 c015590d6a6fe833 a76ffccd2f5df1a7 4d954d933e606b70
547,a5d5ba33b5b1dc95 4d32dae7b43c489a a60934e6b473097a 24e582daf6f87158 7c8324ce28ffb96e 393f49286db04aeb d7d937303a6d5a9d 01e5a6edcee7deb0 8faeacf8ca08f62d a65e30106ea50423 16b11706660177ff 0db6584e3bdfa1c4 81b639b74256b45b 3c565c1fc2316d16 0647acc4602d4e8f 65ad9c583823162d 29968e8fd13539f8 01b3da54ffb158a0 7e4a4a1300b77a06 52370bea1acd0600 a860b682add9de1c 3b6d27775fce1c7b 1c3b74a02a86467d eab15ee21e126f6a bd713b37b67866c3 83f8aca6ee2caabc 36d33c41812ce7dc bc2ae5f4e5d53e00 172bc0ee09332ae9 999a52f1d301247c
548,19e8f436d4b2fc25 f25bfcffedaccf28 16b11706660177ff 72b80b099fd64ec4 6899956cd6c683f0 7f95168400948588 b84b6c0b2e4d0306 0add47a043c64d7f 45bd99d5d2eef776 92f42fbd0c38f7fd 1d72229ebcc00faf b05b5f6850cfa158 cc0c9419f8a20603 0772e3ab293a1f30 5897953fdf87b60f 4b29fc21f912754d c11b97f245a9dfd0 52aa48c07b34dc88 0a79fabc6f5d93c9 ca43e349133fc0e3 855f2f0354e102c7 2e4b00c01d58e79e a0566ca9daca7778 5547f9f1638ac345 43c354dbf952caaa 2cebd52b41930f0a 81bd116c786bf9ae da7d3c2d591c4295 24e582daf6f87158 f1a3b8b13e9401c0
549,01104a026d22ae55 ff88049e61f0f4ef 04fda7c9d8971ec0 ce2fe99a7cda4a17 4a5ac473c9d176ba 81bd116c786bf9ae b8e2f75014710ced 6cb9ab508a0678a0 00ff646ca6637bd7 10ad13170242ecae 8699cc5dd4159b69 c606425856952286 354d7a327bbcc152 016da874bd04df55 74244a8703c03720 853e36b1550c6274 8e83d05923cde390 0688c790d5806540 9c9a9d45c2ea7ddf 047769588be1aea9 4d9214c0925e5af8 351c9da399c2b915 5570ef88d970e9b4 00af886180e9eaec 428f9363fa35882d b78189788d563693 d7d937303a6d5a9d e14a893f1918277e 8f578001f9d5f543 46315cf30aaee51c
550,09bbaa171c20bae3 ddf332f2b55a2a23 2e79d45ba4d1540d 8bf446c0455e3c5c 455fde214d16d350 3986b68500d7704b 486dd77002936dec 3b4a85bac6ead3c8 04886579947a80c2 0eedb1a0d3b8ddae e25a1da6ca187350 9a0f5ee4f845c9b2 0bcaac840d5e66d7 c28bc62802b90f82 702d8f1064ab3e30 39f6296778264878 ff88049e61f0f4ef 4d7653ea9499eed4 0708923badf2ff5d 2a06f5614060e3b6 e0269da736ddf004 bd713b37b67866c3 fd30682593995748 3fa57d488e979d74 bd0f175ee98c613e ae94d8435a6847f4 b6d0f83aad4e4dc7 b24820ae14e16a24 622f2e4119882c94 4b8c7061102517ef
551,cc2cc23a98c14c33 204ec91c39d1479d 52370bea1acd0600 87c5481930cfe126 dc17b07476183764 dc12cc503ac0eddb 1f423f368aebf7f3 48cf88c17ff38c5e 3cb6b40d377e7ca8 0708923badf2ff5d d257d1fbcf43abd5 b0e254dd420faee3 9ab90dfc5c9b0b37 387e9cd2e5d4ea7d 1d0f5fdc58e3efb5 a017f3358d5327aa 10ad13170242ecae 0eedb1a0d3b8ddae 00d9eb862ba3dfc6 128d583954b18074 d73a65673e3f1d78 fd30682593995748 e0269da736ddf004 0bcaac840d5e66d7 ff88049e61f0f4ef 3fa57d488e979d74 3986b68500d7704b 9a0f5ee4f845c9b2 702d8f1064ab3e30 c28bc62802b90f82
552,40583079f57235a6 b3ad55963554f220 197fa50b30d91fe8 d5805cdb9e8f0f48 64b31699d7d15934 0eafda717681bbdc a52df8083c238c46 7b81f1f2b6ec2e5f 1f4f62844c3cb99c cc861214a89ef1f4 413c55a5ab86881a 8700059e85433b32 942a7d26d81c841f c28bc62802b90f82 393f49286db04aeb 8faeacf8ca08f62d d46598813fb437e5 0db6584e3bdfa1c4 2e44fbb8bc3d8d71 2901e5309bb3f8f6 095bb1b6ecbd0a50 a292248bb2bffb3d 528161039994b4dc daa257a37227cd72 6c017e548aa138f2 eec6b281e236b500 8fc68213b63951dc e5fb8dc5c9cb4a19 47fbe21f5c35c7b4 bb7515be835dea49
553,4b05967001421eab 1d12acf7349196b0 20db73cf07a45f71 7ee52d2519eea367 95d25d38ba7df9c7 e403278468d84383 da7d3c2d591c4295 e36475c1af5ea3ab 9fda36f260eec24e 2e031d83339759b2 42bb83d7c4b9ecae eff60ceea8817dad b6cdb608f640e038 377c1150c781e37a 05e4165a56bf50eb 64907c4568244eb4 98dbd15aa33ebc18 3b4a85bac6ead3c8 bee46c54461925d0 734dabb98795c35c 10ad13170242ecae 6e1b6b53c9710940 b6a1c97f19af78d0 65254e0d209fd66e f05fa5f57dc03e81 24e582daf6f87158 c03b11a0cdc3fa39 486dd77002936dec 4d32dae7b43c489a 3c565c1fc2316d16
554,acf5cb026b3c4551 24e582daf6f87158 2e031d83339759b2 47fbe21f5c35c7b4 5897953fdf87b60f 528161039994b4dc a813c15b46ceaf68 4d32dae7b43c489a a2c35fdf07a13286 2e4b00c01d58e79e 88b62355670ec8f8 d63b7f083330247f 3c565c1fc2316d16 2394b08708475900 393f49286db04aeb f48d0fbea7dc2782 8faeacf8ca08f62d 81b639b74256b45b 0db6584e3bdfa1c4 24c47959ea77b15b a860b682add9de1c 3b6d27775fce1c7b 0f4c71d341e2d939 bd713b37b67866c3 64b31699d7d15934 cea18be9a89d7a81 a60934e6b473097a 172bc0ee09332ae9 522bd6887960c25d c015590d6a6fe833
555,013030fd7d29bf3d fd57e641d06ebda7 734dabb98795c35c 00d9eb862ba3dfc6 00e1e2eb13f650e4 2e2904c5373734ae fa173131f15f5534 8faeacf8ca08f62d c49d8f84a4f87f8a 1d0f5fdc58e3efb5 95ecdbff44ad0b60 72c2a95813ea72bd a292248bb2bffb3d 892074f7c1ef5d5e b6e646c13d0753ae c5830f9d0f1e29e5 a2805ed52b47b8ec c143c095983a65c2 585f4ee09d8fea46 19b4014943e0ad92 0079f3c74309b582 3986b68500d7704b 428f9363fa35882d 765c0695339c3abe b1dcaca98bb76736 dc576af4ae66e25e 18ced18aee04c48e 6aefb6531736648a 393f49286db04aeb f54ad8d1eb18212e
556,1c3b74a02a86467d a5d5ba33b5b1dc95 447fc00f40d71d08 3e8e56f639a5db5b fa173131f15f5534 ced9c56f2be86774 46b99f864d6a075a 4d29c6922b2d0d56 bc2552a642ce8497 4d32dae7b43c489a 01b3da54ffb158a0 5ebb4d2f5f1c1f13 a65e30106ea50423 29968e8fd13539f8 f209d29f991432f0 d73a65673e3f1d78 8699cc5dd4159b69 061f3e1feeaa3094 148ac4a56a18844d f44f74b3451aa593 7eec211cc37a1b05 98dbd15aa33ebc18 96445bec1579ec97 74244a8703c03720 393f49286db04aeb 680bb5c5c3bb6ee1 a292248bb2bffb3d 88b62355670ec8f8 c015590d6a6fe833 65ad9c583823162d
557,cc861214a89ef1f4 af8e70f978cd5aee fab14d178b24a67f 6cb9ab508a0678a0 4105533fe46dfba9 b6e646c13d0753ae c5830f9d0f1e29e5 22e8d6734e4121ae 059bbdbdb843af6a a2805ed52b47b8ec 3a6e7894dde31c67 ecb768ef6fd223ca 354d7a327bbcc152 3d93a60f990a0a7c 24e582daf6f87158 3b6d27775fce1c7b 430feb4826a5632e 0eb4de784c8dd679 4b29fc21f912754d 0f33ce8d8014f308 0451447dd64f6284 c015590d6a6fe833 52370bea1acd0600 bc2ae5f4e5d53e00 50cb6a6c60ad711a 9b0e8cf8153e3b33 a9dad59c7055b56c 4f915ad69e1dca36 285657fcdf89f00d 8dedff0a79784abc
558,0647acc4602d4e8f 20db73cf07a45f71 26fc2a95df5659c2 0f4c71d341e2d939 4d32dae7b43c489a 95d25d38ba7df9c7 24c47959ea77b15b 1c3b74a02a86467d e7828f0ea9749505 05e4165a56bf50eb 33856365c271aea4 01020d1b0821f4c7 538c7bb968b2154c 6d80d2e62d01f6bc b3ad55963554f220 2901e5309bb3f8f6 9fda36f260eec24e 64b31699d7d15934 0db6584e3bdfa1c4 42bb83d7c4b9ecae 939a1f686ea36c05 3c565c1fc2316d16 e14a893f1918277e 4bed80e56ea2e099 24e582daf6f87158 7ee52d2519eea367 a65e30106ea50423 413c55a5ab86881a c11b97f245a9dfd0 9f4e0d572b1f4e6c
559,74ae9af23a383bf5 ae000f9d0b5e104e 576dd429db946393 8e0cc5199a0ee659 204ec91c39d1479d 1f423f368aebf7f3 5b4c879fc9c316fb b69ce8b8154645f8 0f4c71d341e2d939 430feb4826a5632e 4d954d933e606b70 f209d29f991432f0 ac9ee0c09b538140 c5830f9d0f1e29e5 bc2ae5f4e5d53e00 a9dad59c7055b56c 1efd7bd8a34a1359 8643165b0f53df11 00e1e2eb13f650e4 abf90e759d208468 ec1b3d7ccd3984d0 f25bfcffedaccf28 4d32dae7b43c489a 095bb1b6ecbd0a50 f76f44d372517a9a a292248bb2bffb3d 528161039994b4dc daa257a37227cd72 6c017e548aa138f2 eec6b281e236b500
560,b26d8664feb18c8c f25bfcffedaccf28 d3c4a7db726191e0 dc12cc503ac0eddb 29bedd00fb2be056 57113c2a4cacd961 538c7bb968b2154c 01ecc81f6341e902 ce0f56b7190c268a 061f3e1feeaa3094 4d32dae7b43c489a e8b87ed7db1bcb1f 01b3da54ffb158a0 ec1b3d7ccd3984d0 acf5cb026b3c4551 a292248bb2bffb3d 07d688f5e2142b87 16b11706660177ff a2805ed52b47b8ec 0a79fabc6f5d93c9 e1460af4a7044067 25145708d494530b 5879096a38d69fc5 c015590d6a6fe833 393f49286db04aeb fb2ebcb5335ad2e2 73f770f2643a2135 b6e646c13d0753ae 33856365c271aea4 52aa48c07b34dc88
561,06de3ca1148b088b 734dabb98795c35c ae77487a89f2610c 2e2904c5373734ae c49d8f84a4f87f8a 72c2a95813ea72bd 892074f7c1ef5d5e c143c095983a65c2 585f4ee09d8fea46 19b4014943e0ad92 0079f3c74309b582 3986b68500d7704b 00d9eb862ba3dfc6 013030fd7d29bf3d 428f9363fa35882d 0a79fabc6f5d93c9 765c0695339c3abe dc576af4ae66e25e 18ced18aee04c48e 6aefb6531736648a f54ad8d1eb18212e 919b1679fffa7ef1 ce8cb4351b8c0f6e 63d509cd2a2e0e47 07be6a290720707d 9ab90dfc5c9b0b37 e8ad5e31484ef889 83f5a9732f0de67f 4f31209941bb05fc 680bb5c5c3bb6ee1
562,00958a140c3a6de8 da904d2a54ff8cf2 4483bbdd3241f11a 7d83ffe83f61bdc4 bbbd5d2fd957e8f7 52e459a551d4ac2d 61ba7707ef6a5a99 5dd752753760ced8 9b2adcf4041227d7 8abe670908f12614 49b5678e0d1e5bcd 5bf89d11a25121d9 b6e646c13d0753ae c5830f9d0f1e29e5 b24820ae14e16a24 a2805ed52b47b8ec 92f42fbd0c38f7fd 4d29c6922b2d0d56 5430097e23000368 a982b5c3aed39396 f49e13a653cbdad2 fc8971756f9ec194 3d93a60f990a0a7c 7e4a4a1300b77a06 01b3da54ffb158a0 5057551fc55e9ed2 453bc79164d57a01 238ec735a13a3f09 83f8aca6ee2caabc c03b11a0cdc3fa39
563,58654e3143c6550b a65e30106ea50423 6406fcdb7d87b5dc ced9c56f2be86774 1d0f5fdc58e3efb5 4d29c6922b2d0d56 1c3b74a02a86467d 8566d15270eb5e83 5b4c879fc9c316fb 8faeacf8ca08f62d 4b29fc21f912754d 95ecdbff44ad0b60 999a52f1d301247c b6e646c13d0753ae c5830f9d0f1e29e5 eab15ee21e126f6a a60934e6b473097a a2805ed52b47b8ec 3c565c1fc2316d16 f48d0fbea7dc2782 b1dcaca98bb76736 393f49286db04aeb f9c6286cff30aaa8 24c47959ea77b15b dc17b07476183764 ad06e9eeea8eb4ea 0f4c71d341e2d939 4f2fffd7528de786 a853f13216170123 c1f2e3a76d388944
564,61ba7707ef6a5a99 da904d2a54ff8cf2 7d83ffe83f61bdc4 fc16a50ff0baec53 4483bbdd3241f11a bbbd5d2fd957e8f7 8abe670908f12614 d6bbbd6c4968075a 18b1d2d84c97a364 00958a140c3a6de8 5bf89d11a25121d9 49b5678e0d1e5bcd 3d93a60f990a0a7c 453bc79164d57a01 238ec735a13a3f09 36d33c41812ce7dc c810ac016901e8ac 4d29c6922b2d0d56 d64c06baf5ef1c90 e7828f0ea9749505 9b2adcf4041227d7 d6ed7e4b14c51296 52e459a551d4ac2d fc8971756f9ec194 976baf0e84752a68 7e4a4a1300b77a06 5057551fc55e9ed2 83f8aca6ee2caabc cec2eea2a1fe566a 5430097e23000368
565,1d0f5fdc58e3efb5 666bdff4faa513ca 8df3f13d6af34cb3 e740c80fce094788 e7cad3748e50b0f8 3734d3b0b9232538 a853f13216170123 d1e21234d7cc61d2 0683b6a78f54be75 f25bfcffedaccf28 eab15ee21e126f6a a60934e6b473097a c1f2e3a76d388944 29bedd00fb2be056 1dc7139adba034ec dc12cc503ac0eddb 57113c2a4cacd961 9c9a9d45c2ea7ddf 9b2adcf4041227d7 04886579947a80c2 b05b5f6850cfa158 0eedb1a0d3b8ddae 2a06f5614060e3b6 fd30682593995748 39f6296778264878 bd713b37b67866c3 e0269da736ddf004 e25a1da6ca187350 c31a456b544a40a8 ff88049e61f0f4ef
566,f54ad8d1eb18212e f0d53dcf0c296b57 bee46c54461925d0 d216e5458ad70e60 a5f55580081236f4 8faeacf8ca08f62d 1d0f5fdc58e3efb5 95ecdbff44ad0b60 b84b6c0b2e4d0306 6a3919ad9ed8197e 3e8e56f639a5db5b 366a22fce0614fb8 54a11cbcd7a32af4 b6e646c13d0753ae c5830f9d0f1e29e5 34a62e66e05f9a44 b2ee9eea2d974c90 a2805ed52b47b8ec d5952b2e031c4e7e 828f5dfbbf1272ee a0b1f4dd32f3e278 b1dcaca98bb76736 393f49286db04aeb f9c6286cff30aaa8 ad06e9eeea8eb4ea 5b4c879fc9c316fb c1f2e3a76d388944 00e1e2eb13f650e4 c36c2dce0e6e434f 587e0b2a4811fab1
567,ac9ee0c09b538140 5ebb4d2f5f1c1f13 c143c095983a65c2 65708d542bd01f39 52aa48c07b34dc88 f58ff7f1a6cde683 2cebd52b41930f0a 4c0eee2c1a5e76e2 af41e2b6da3e7e02 f44f74b3451aa593 a52df8083c238c46 65ad9c583823162d b69ce8b8154645f8 29bedd00fb2be056 7c8324ce28ffb96e a2c35fdf07a13286 a0566ca9daca7778 955e465ce0788ea6 73f770f2643a2135 796888cc3443006c 59bf6d6df9146d60 01ecc81f6341e902 622f2e4119882c94 8e0cc5199a0ee659 5fb2d8e734956af0 2394b08708475900 853e36b1550c6274 3a6e7894dde31c67 49224aca40e6e5e3 033d905aec273595
568,c28bc62802b90f82 b760ebc5f25788d3 12af6a34778710db 197fa50b30d91fe8 0eb4de784c8dd679 39f6296778264878 8700059e85433b32 74ae9af23a383bf5 0195950ce0f47e34 40583079f57235a6 9fda36f260eec24e b3ad55963554f220 64b31699d7d15934 d5805cdb9e8f0f48 0eafda717681bbdc a52df8083c238c46 7b81f1f2b6ec2e5f 393f49286db04aeb 1f4f62844c3cb99c 413c55a5ab86881a 8faeacf8ca08f62d 942a7d26d81c841f 0db6584e3bdfa1c4 24e582daf6f87158 47fbe21f5c35c7b4 cc861214a89ef1f4 d46598813fb437e5 2e44fbb8bc3d8d71 2901e5309bb3f8f6 095bb1b6ecbd0a50
569,f25bfcffedaccf28 9c9a9d45c2ea7ddf 29bedd00fb2be056 9f4e0d572b1f4e6c a292248bb2bffb3d a492bd402afd5c71 dc12cc503ac0eddb 40583079f57235a6 486dd77002936dec 57113c2a4cacd961 b3ad55963554f220 942a7d26d81c841f 4d9214c0925e5af8 9b2adcf4041227d7 d1e21234d7cc61d2 a813c15b46ceaf68 702d8f1064ab3e30 a853f13216170123 de8e1345e8c305c4 4522ad78bf79f0c9 d5805cdb9e8f0f48 0eafda717681bbdc a52df8083c238c46 7b81f1f2b6ec2e5f 2e031d83339759b2 1f4f62844c3cb99c 98dbd15aa33ebc18 bee46c54461925d0 413c55a5ab86881a da7d3c2d591c4295
570,73f770f2643a2135 01ecc81f6341e902 b26d8664feb18c8c d3c4a7db726191e0 538c7bb968b2154c 1d0f5fdc58e3efb5 f29eee8054c061e1 666bdff4faa513ca ce0f56b7190c268a a853f13216170123 fa173131f15f5534 acf5cb026b3c4551 9f4e0d572b1f4e6c a2805ed52b47b8ec 07d688f5e2142b87 a18df74d3a16e9c0 e740c80fce094788 4f2fffd7528de786 97d696011258825c b6a1c97f19af78d0 ebfda3b48083e390 dc17b07476183764 0451447dd64f6284 52370bea1acd0600 5879096a38d69fc5 3b4a85bac6ead3c8 bd713b37b67866c3 7c8324ce28ffb96e d0f6c00eec5eb973 2e031d83339759b2
571,055d895a3b26e466 4b8c7061102517ef 453bc79164d57a01 9b2adcf4041227d7 5dd752753760ced8 9c9a9d45c2ea7ddf bc27d5dc9bab1c18 c03b11a0cdc3fa39 f05fa5f57dc03e81 50ba507a268872e1 b50b4e27b03c7b37 dc17b07476183764 8dc313a2cf9da354 5057551fc55e9ed2 83f8aca6ee2caabc a853f13216170123 a1314cd417504572 d72363ddd958d906 5430097e23000368 0b774cf90856c4da 7cea1f637ea3f37d da904d2a54ff8cf2 0cd920bad11c716d e7828f0ea9749505 2b48ab08c915c0ad 64907c4568244eb4 ae000f9d0b5e104e 00d9f8d3f7d412b3 22e8d6734e4121ae 4d9214c0925e5af8
572,c143c095983a65c2 4c0eee2c1a5e76e2 eff60ceea8817dad 99e833818ec4bbf2 d16da1fb61813db9 419b5dc40744fb9b 0451447dd64f6284 a2c35fdf07a13286 d5952b2e031c4e7e 3a6e7894dde31c67 bb7515be835dea49 52aa48c07b34dc88 047769588be1aea9 ac9ee0c09b538140 01b3da54ffb158a0 f209d29f991432f0 24e582daf6f87158 edc79e57b20e9036 3b6d27775fce1c7b 9c9a9d45c2ea7ddf 96e82fa141db9a4b 97d696011258825c d216e5458ad70e60 0f33ce8d8014f308 c015590d6a6fe833 72c2a95813ea72bd a853f13216170123 52370bea1acd0600 d63b7f083330247f 50cb6a6c60ad711a
573,bbbd5d2fd957e8f7 4c0eee2c1a5e76e2 74873b42602d8958 26f72a4eb15ea8c0 8abe670908f12614 9c9a9d45c2ea7ddf 00d9f8d3f7d412b3 7d83ffe83f61bdc4 5057551fc55e9ed2 a1314cd417504572 49b5678e0d1e5bcd 5430097e23000368 ae77487a89f2610c db0e648651f4c92b ee3ed9a3f51336cd 6461a9faa871b3ac a04d6febd82a4389 da904d2a54ff8cf2 430feb4826a5632e 5dd752753760ced8 0683b6a78f54be75 73f770f2643a2135 4483bbdd3241f11a 74244a8703c03720 9d5edf3b993fee50 d257d1fbcf43abd5 f2b5098ac9c92da9 9b2adcf4041227d7 d6ed7e4b14c51296 52e459a551d4ac2d
574,8a5635c748344d47 d216e5458ad70e60 da7d3c2d591c4295 10ad13170242ecae d63b7f083330247f 3ca7964973437917 e8684734f2e587bd 60a070db9f1869b5 b6e646c13d0753ae d5952b2e031c4e7e 8bf446c0455e3c5c fb8bd6b95eb4702a 4a5ac473c9d176ba b6e72edcad270be0 22756be6fd061d4c 3d93a60f990a0a7c 453bc79164d57a01 238ec735a13a3f09 b6cdb608f640e038 36d33c41812ce7dc c810ac016901e8ac d64c06baf5ef1c90 da904d2a54ff8cf2 e36475c1af5ea3ab e7828f0ea9749505 1d12acf7349196b0 9b2adcf4041227d7 d6ed7e4b14c51296 52e459a551d4ac2d 4483bbdd3241f11a
575,8df3f13d6af34cb3 e1460af4a7044067 a492bd402afd5c71 9269d2b0d877352d e878efab7c37179e fb2ebcb5335ad2e2 5c8c6d9a1fd4c1e0 a860b682add9de1c 3b6d27775fce1c7b 96e82fa141db9a4b c36c2dce0e6e434f 4f2fffd7528de786 1a05ef8c93af8eed eab15ee21e126f6a 587e0b2a4811fab1 de8e1345e8c305c4 48cf88c17ff38c5e 4d7653ea9499eed4 e4a7a996ed6a5a81 2394b08708475900 1d0f5fdc58e3efb5 95ecdbff44ad0b60 5d26da95786b3a3a 366a22fce0614fb8 b24820ae14e16a24 bc2ae5f4e5d53e00 72c2a95813ea72bd 148ac4a56a18844d a9dad59c7055b56c e228204ae08d1355
576,f2e30efbd27bee51 ba5199dba342af68 a0b1f4dd32f3e278 069e7e25e43deab3 aa0789b403bcd839 f76f44d372517a9a 238de368bb05c0ec c5830f9d0f1e29e5 c1f2e3a76d388944 e8b87ed7db1bcb1f d1e21234d7cc61d2 9cf6709de35bf0f3 9c9ebf71707d7a37 db0e648651f4c92b 49b5678e0d1e5bcd 3734d3b0b9232538 f44f74b3451aa593 2359719a0f40ffac 0c15f252d30646fc db69d4cbfef8d22f 0220a434aa8bf029 8faeacf8ca08f62d 1d0f5fdc58e3efb5 95ecdbff44ad0b60 b6e646c13d0753ae a2805ed52b47b8ec 5430097e23000368 b1dcaca98bb76736 393f49286db04aeb f9c6286cff30aaa8
577,70ebf53ced736fa4 a76ffccd2f5df1a7 dea5e9227fbbac29 5f94b027039f4e48 da011b87595c1019 c015590d6a6fe833 d1e21234d7cc61d2 50cb6a6c60ad711a 0683b6a78f54be75 b9d966ad9e04127a 7ee52d2519eea367 28a2067685cb3e97 7155e5a86136eb02 62431fd374eb99fb 9fbffc521da97c54 b1dcaca98bb76736 855f2f0354e102c7 88b62355670ec8f8 765c0695339c3abe 77e2f7da1f9d3a8f 377c1150c781e37a e7cad3748e50b0f8 e0269da736ddf004 5dd752753760ced8 1d0f5fdc58e3efb5 8a5635c748344d47 520ec719078be07c edc79e57b20e9036 387e9cd2e5d4ea7d 3d93a60f990a0a7c
578,03ed286136d7b3cf 3734d3b0b9232538 e7cad3748e50b0f8 72b80b099fd64ec4 b05b5f6850cfa158 24e582daf6f87158 54a11cbcd7a32af4 b6e646c13d0753ae c5830f9d0f1e29e5 3cb6b40d377e7ca8 a2805ed52b47b8ec ec4ef2f727e7a03f 877672967d3f70bb e403278468d84383 4b29fc21f912754d f76f44d372517a9a 172bc0ee09332ae9 0e45c4c185f35df6 9fda36f260eec24e 50cb6a6c60ad711a 0eafda717681bbdc 83f5a9732f0de67f 238de368bb05c0ec 26f72a4eb15ea8c0 39075e303166355e 0eb4de784c8dd679 a492bd402afd5c71 90ecb28f2edb9d43 de35d2410e916471 6204e398d8c7f888
579,e8b87ed7db1bcb1f a0b1f4dd32f3e278 ad06e9eeea8eb4ea ba5199dba342af68 1d72229ebcc00faf d1e21234d7cc61d2 db0e648651f4c92b f2e30efbd27bee51 49b5678e0d1e5bcd aa0789b403bcd839 9c9ebf71707d7a37 942a7d26d81c841f 2359719a0f40ffac 0c15f252d30646fc 0220a434aa8bf029 70ebf53ced736fa4 8df3f13d6af34cb3 a9223c28b10c131f 9f3d2ca16f358290 dea5e9227fbbac29 c015590d6a6fe833 90ecb28f2edb9d43 069e7e25e43deab3 4beacc71024f8b08 09bbaa171c20bae3 b6e646c13d0753ae c5830f9d0f1e29e5 f105a53e5cfae611 a2805ed52b47b8ec 2e79d45ba4d1540d
580,04fda7c9d8971ec0 898a4921ab9f4cce 50ba507a268872e1 b50b4e27b03c7b37 d64c7c3b658689f4 238ec735a13a3f09 26f72a4eb15ea8c0 b6cdb608f640e038 61ba7707ef6a5a99 0cd920bad11c716d 5057551fc55e9ed2 2b48ab08c915c0ad a1314cd417504572 8abe670908f12614 74873b42602d8958 52e459a551d4ac2d 3d93a60f990a0a7c 453bc79164d57a01 db0e648651f4c92b 7c9248ed6224aa26 a813c15b46ceaf68 27a12f29dceccdbd 36d33c41812ce7dc 49b5678e0d1e5bcd bbbd5d2fd957e8f7 c810ac016901e8ac 2e44fbb8bc3d8d71 d64c06baf5ef1c90 fc16a50ff0baec53 00ff646ca6637bd7
581,74e59c5820900b17 f705b637f624147e c08c3765ac609cc0 5b34da30b93eb123 54f55c74d37db3c0 ffc688c4c1c2a068 b749972436ac9791 e7cad3748e50b0f8 2359719a0f40ffac a9eef13786610446 8d58da0e1800dc96 2810fb6f81d1711c 2a06f5614060e3b6 6d80d2e62d01f6bc 65fac1ba1840000f 00140806971e7a73 4d417b203b333363 0eafda717681bbdc 955e465ce0788ea6 bed3e73d52011f68 f46601a9955f9949 e14a893f1918277e 0fbd0f422e926816 44d324ebd3e22ad7 64b31699d7d15934 dac29ed8400b50cc 6aac5e116b75aa22 63d95d5977c2fe98 5fb2d8e734956af0 acae1d29289b1266
582,40583079f57235a6 b3ad55963554f220 d5805cdb9e8f0f48 64b31699d7d15934 0eafda717681bbdc a52df8083c238c46 7b81f1f2b6ec2e5f 1f4f62844c3cb99c 413c55a5ab86881a a292248bb2bffb3d 942a7d26d81c841f c28bc62802b90f82 393f49286db04aeb 197fa50b30d91fe8 cc861214a89ef1f4 8faeacf8ca08f62d d46598813fb437e5 0db6584e3bdfa1c4 2e44fbb8bc3d8d71 2901e5309bb3f8f6 095bb1b6ecbd0a50 528161039994b4dc daa257a37227cd72 6c017e548aa138f2 eec6b281e236b500 8fc68213b63951dc 47fbe21f5c35c7b4 bb7515be835dea49 a813c15b46ceaf68 20d283a232dfd13c
583,a860b682add9de1c 48a76e3aff69d605 57113c2a4cacd961 59c231f8fd21260c 0e45c4c185f35df6 b6e72edcad270be0 5c4b7558c942a224 e6a29676c096f8e8 4beacc71024f8b08 ae94d8435a6847f4 a0566ca9daca7778 f25bfcffedaccf28 404031ab9d5977c4 29bedd00fb2be056 dc12cc503ac0eddb ec4ef2f727e7a03f 2e031d83339759b2 9b0e8cf8153e3b33 da011b87595c1019 bf973f9ec3600199 95166957b2c38794 f105a53e5cfae611 8dedff0a79784abc 9c9a9d45c2ea7ddf 9b2adcf4041227d7 10ad13170242ecae f1a3b8b13e9401c0 0079f3c74309b582 0eedb1a0d3b8ddae 128d583954b18074
584,b05b5f6850cfa158 b6e72edcad270be0 72b80b099fd64ec4 05e4165a56bf50eb b1e47da7659b675c 95166957b2c38794 48a76e3aff69d605 0e45c4c185f35df6 48f93f9c2c699e19 3cb6b40d377e7ca8 b26d8664feb18c8c f25bfcffedaccf28 877672967d3f70bb ec1b3d7ccd3984d0 e403278468d84383 ec4ef2f727e7a03f f76f44d372517a9a a860b682add9de1c 16b11706660177ff 6899956cd6c683f0 e22c35101e190db9 7f95168400948588 24e582daf6f87158 9cf6709de35bf0f3 a492bd402afd5c71 90ecb28f2edb9d43 6204e398d8c7f888 9269d2b0d877352d 5c8c6d9a1fd4c1e0 d3c4a7db726191e0
585,07f22a7ad7e4711d 2e2904c5373734ae 3c565c1fc2316d16 aa0789b403bcd839 5b4c879fc9c316fb f48d0fbea7dc2782 24c47959ea77b15b 0f4c71d341e2d939 4f2fffd7528de786 a853f13216170123 cc507a0d6fcf4a1c cea18be9a89d7a81 172bc0ee09332ae9 666bdff4faa513ca a76ffccd2f5df1a7 4d954d933e606b70 7155e5a86136eb02 4b29fc21f912754d ddf332f2b55a2a23 b6e72edcad270be0 3e66b4855d0dddbe 2e031d83339759b2 486dd77002936dec 238de368bb05c0ec 62431fd374eb99fb 6406fcdb7d87b5dc 999a52f1d301247c 66ccd03c9e03ac06 c31a456b544a40a8 a2c35fdf07a13286
586,898a4921ab9f4cce 0c2eeab1e4ce1db8 b8e2f75014710ced e5fb8dc5c9cb4a19 2e44fbb8bc3d8d71 8faeacf8ca08f62d 1d0f5fdc58e3efb5 95ecdbff44ad0b60 b6e646c13d0753ae c5830f9d0f1e29e5 a2805ed52b47b8ec b1dcaca98bb76736 393f49286db04aeb f9c6286cff30aaa8 ad06e9eeea8eb4ea 5b4c879fc9c316fb c1f2e3a76d388944 c36c2dce0e6e434f 587e0b2a4811fab1 8699cc5dd4159b69 3cb6b40d377e7ca8 47fbe21f5c35c7b4 0eb4de784c8dd679 4b29fc21f912754d ce2fe99a7cda4a17 1dc7139adba034ec 8abe670908f12614 4f915ad69e1dca36 f2e30efbd27bee51 97d696011258825c
587,5430097e23000368 0683b6a78f54be75 7d83ffe83f61bdc4 ae77487a89f2610c db0e648651f4c92b 49b5678e0d1e5bcd bbbd5d2fd957e8f7 d257d1fbcf43abd5 6461a9faa871b3ac ee3ed9a3f51336cd 238ec735a13a3f09 42a5cae2a3a45557 9d5edf3b993fee50 d92c0298f76ccf77 e36475c1af5ea3ab 35488b3b8b781278 a04d6febd82a4389 a492bd402afd5c71 7cea1f637ea3f37d 0220a434aa8bf029 7e4a4a1300b77a06 d6ed7e4b14c51296 52e459a551d4ac2d 8dc313a2cf9da354 4d9214c0925e5af8 2b48ab08c915c0ad 9b2adcf4041227d7 1ba7a50457e93996 a1314cd417504572 e7828f0ea9749505
588,fc21db75b354a917 27a12f29dceccdbd a14394322cf7043d 83f8aca6ee2caabc 36d33c41812ce7dc 316382267dcd804f c810ac016901e8ac 6406fcdb7d87b5dc d64c06baf5ef1c90 025a148c3a53bd9f 1d0f5fdc58e3efb5 18b1d2d84c97a364 453bc79164d57a01 016da874bd04df55 74244a8703c03720 4c3802a1bd3c842e c28bc62802b90f82 d72363ddd958d906 39f6296778264878 5570ef88d970e9b4 b8e2f75014710ced d1e21234d7cc61d2 bd0f175ee98c613e e740c80fce094788 3d93a60f990a0a7c bf3ccaba4a3450a8 2e44fbb8bc3d8d71 bc27d5dc9bab1c18 a853f13216170123 9100ea6cd0e084bf
589,d1e21234d7cc61d2 1dc7139adba034ec e25a1da6ca187350 8df3f13d6af34cb3 c1f2e3a76d388944 ca4de5b8a7bda9df 83b911ff0ff45844 e8b87ed7db1bcb1f a292248bb2bffb3d e403278468d84383 ba5199dba342af68 1fe79c7de59ff6c6 3c0873ce078d332b 6204e398d8c7f888 2e4b00c01d58e79e bfb8032f2183d471 7c98dedd223b36c0 666bdff4faa513ca 4577ae048ef1967d 57113c2a4cacd961 4bed80e56ea2e099 050544c040f46152 b2ee9eea2d974c90 bee46c54461925d0 83f8f2fc471cad74 4535ce2e3dced00f 8643165b0f53df11 419b5dc40744fb9b 04886579947a80c2 bbbd5d2fd957e8f7
590,7d83ffe83f61bdc4 5430097e23000368 bbbd5d2fd957e8f7 49b5678e0d1e5bcd 0683b6a78f54be75 ae77487a89f2610c db0e648651f4c92b d257d1fbcf43abd5 9d5edf3b993fee50 ee3ed9a3f51336cd 6461a9faa871b3ac 42a5cae2a3a45557 e36475c1af5ea3ab d92c0298f76ccf77 35488b3b8b781278 d6ed7e4b14c51296 a04d6febd82a4389 0220a434aa8bf029 7e4a4a1300b77a06 a492bd402afd5c71 238ec735a13a3f09 4d9214c0925e5af8 8dc313a2cf9da354 52e459a551d4ac2d 7cea1f637ea3f37d 9b2adcf4041227d7 2b48ab08c915c0ad 1ba7a50457e93996 da904d2a54ff8cf2 047769588be1aea9
591,a2c35fdf07a13286 f25bfcffedaccf28 5430097e23000368 29bedd00fb2be056 dc12cc503ac0eddb 9b2adcf4041227d7 57113c2a4cacd961 9c9a9d45c2ea7ddf 0683b6a78f54be75 35488b3b8b781278 3c565c1fc2316d16 f48d0fbea7dc2782 24c47959ea77b15b 0f4c71d341e2d939 cea18be9a89d7a81 172bc0ee09332ae9 a76ffccd2f5df1a7 4d954d933e606b70 4b29fc21f912754d c1f2e3a76d388944 ddf332f2b55a2a23 b6e72edcad270be0 3e66b4855d0dddbe fa173131f15f5534 238de368bb05c0ec 62431fd374eb99fb 5b4c879fc9c316fb 6406fcdb7d87b5dc 999a52f1d301247c 4f2fffd7528de786
592,d35e11d3d1ab3c67 522bd6887960c25d 03ed286136d7b3cf 6aefb6531736648a 939a1f686ea36c05 9f3d2ca16f358290 1efd7bd8a34a1359 39075e303166355e 3734d3b0b9232538 d72363ddd958d906 cc0c9419f8a20603 d73a65673e3f1d78 765c0695339c3abe 3b4a85bac6ead3c8 5430097e23000368 0079f3c74309b582 128d583954b18074 00e1e2eb13f650e4 52370bea1acd0600 4d7653ea9499eed4 bd713b37b67866c3 9a0f5ee4f845c9b2 0bcaac840d5e66d7 e0269da736ddf004 ff88049e61f0f4ef c28bc62802b90f82 3fa57d488e979d74 3986b68500d7704b 702d8f1064ab3e30 2a06f5614060e3b6
593,35488b3b8b781278 3a6e7894dde31c67 f25bfcffedaccf28 90ecb28f2edb9d43 4f915ad69e1dca36 24e582daf6f87158 2e79d45ba4d1540d 3b6d27775fce1c7b 9f3d2ca16f358290 2e031d83339759b2 0f33ce8d8014f308 29bedd00fb2be056 0451447dd64f6284 447fc00f40d71d08 c015590d6a6fe833 52370bea1acd0600 9b2adcf4041227d7 dc12cc503ac0eddb 50cb6a6c60ad711a 9b0e8cf8153e3b33 8faeacf8ca08f62d 285657fcdf89f00d 0772e3ab293a1f30 8dedff0a79784abc c143c095983a65c2 57113c2a4cacd961 9c9a9d45c2ea7ddf e9c20b67a4c5395f 7c8324ce28ffb96e 1d0f5fdc58e3efb5
594,6a3919ad9ed8197e e8b87ed7db1bcb1f 3734d3b0b9232538 e7cad3748e50b0f8 09bbaa171c20bae3 d46598813fb437e5 16b11706660177ff 796888cc3443006c 49b5678e0d1e5bcd 1fe79c7de59ff6c6 387e9cd2e5d4ea7d a52df8083c238c46 9fbffc521da97c54 942a7d26d81c841f ac9ee0c09b538140 393f49286db04aeb daa257a37227cd72 40583079f57235a6 c1f2e3a76d388944 ad06e9eeea8eb4ea abf90e759d208468 5b4c879fc9c316fb c03b11a0cdc3fa39 430feb4826a5632e f25bfcffedaccf28 65fac1ba1840000f 0db6584e3bdfa1c4 b3ad55963554f220 25145708d494530b 2e4b00c01d58e79e
595,33856365c271aea4 bd713b37b67866c3 40583079f57235a6 393f49286db04aeb d46598813fb437e5 b3ad55963554f220 942a7d26d81c841f 16b11706660177ff a292248bb2bffb3d 0db6584e3bdfa1c4 8faeacf8ca08f62d c015590d6a6fe833 d5805cdb9e8f0f48 430feb4826a5632e 64b31699d7d15934 0eafda717681bbdc a52df8083c238c46 7b81f1f2b6ec2e5f 65fac1ba1840000f 1f4f62844c3cb99c 796888cc3443006c 413c55a5ab86881a c28bc62802b90f82 abf90e759d208468 cc861214a89ef1f4 f25bfcffedaccf28 197fa50b30d91fe8 47fbe21f5c35c7b4 2e44fbb8bc3d8d71 2901e5309bb3f8f6
596,238de368bb05c0ec 3c565c1fc2316d16 f48d0fbea7dc2782 486dd77002936dec 24c47959ea77b15b 0f4c71d341e2d939 cea18be9a89d7a81 172bc0ee09332ae9 43b3338423d7386c a76ffccd2f5df1a7 4d954d933e606b70 4b29fc21f912754d 8a5635c748344d47 ddf332f2b55a2a23 b6e72edcad270be0 3e66b4855d0dddbe 39075e303166355e 62431fd374eb99fb 5b4c879fc9c316fb 6406fcdb7d87b5dc 999a52f1d301247c 1d0f5fdc58e3efb5 4f2fffd7528de786 3734d3b0b9232538 a853f13216170123 24e582daf6f87158 cc507a0d6fcf4a1c 66ccd03c9e03ac06 666bdff4faa513ca d72363ddd958d906
597,f44f74b3451aa593 f2e30efbd27bee51 f76f44d372517a9a 9cf6709de35bf0f3 cc0c9419f8a20603 3734d3b0b9232538 fa173131f15f5534 db69d4cbfef8d22f c5830f9d0f1e29e5 00e1e2eb13f650e4 b84b6c0b2e4d0306 6a3919ad9ed8197e 366a22fce0614fb8 54a11cbcd7a32af4 34a62e66e05f9a44 b2ee9eea2d974c90 d5952b2e031c4e7e 828f5dfbbf1272ee a0b1f4dd32f3e278 3e8e56f639a5db5b 1398b478b71773ed e0269da736ddf004 52370bea1acd0600 4d7653ea9499eed4 ff88049e61f0f4ef 3fa57d488e979d74 0bcaac840d5e66d7 c28bc62802b90f82 702d8f1064ab3e30 3986b68500d7704b
598,dc576af4ae66e25e 9c9ebf71707d7a37 919b1679fffa7ef1 db0e648651f4c92b f6d23cdd2359f7c0 585f4ee09d8fea46 74ae9af23a383bf5 ae000f9d0b5e104e 8e0cc5199a0ee659 576dd429db946393 0eb4de784c8dd679 d1e21234d7cc61d2 5989fb934598c1a7 204ec91c39d1479d ba5199dba342af68 3a6e7894dde31c67 18ced18aee04c48e 1f423f368aebf7f3 5b4c879fc9c316fb 0220a434aa8bf029 3fa57d488e979d74 734dabb98795c35c c5830f9d0f1e29e5 8e83d05923cde390 0f4c71d341e2d939 b69ce8b8154645f8 4d954d933e606b70 f209d29f991432f0 5430097e23000368 2e2904c5373734ae
599,58654e3143c6550b a65e30106ea50423 8566d15270eb5e83 1c3b74a02a86467d ced9c56f2be86774 6406fcdb7d87b5dc 4d29c6922b2d0d56 70ebf53ced736fa4 98dbd15aa33ebc18 b6a1c97f19af78d0 9b0e8cf8153e3b33 dea5e9227fbbac29 133b04350c75770b 5f94b027039f4e48 3b6d27775fce1c7b a76ffccd2f5df1a7 0451447dd64f6284 148ac4a56a18844d 52370bea1acd0600 4f2fffd7528de786 1d0f5fdc58e3efb5 ebfda3b48083e390 e1460af4a7044067 95ecdbff44ad0b60 587e0b2a4811fab1 b6e646c13d0753ae d1e21234d7cc61d2 48cf88c17ff38c5e fb2ebcb5335ad2e2 a60934e6b473097a
600,83f8aca6ee2caabc 36d33c41812ce7dc 27a12f29dceccdbd c810ac016901e8ac bd0f175ee98c613e a14394322cf7043d d64c06baf5ef1c90 74244a8703c03720 316382267dcd804f 7e4a4a1300b77a06 9100ea6cd0e084bf 1f4f62844c3cb99c bed3e73d52011f68 b3e75fdca5ca2f1a 025a148c3a53bd9f cba7e22bb383083a 18b1d2d84c97a364 46315cf30aaee51c c6b615b2589e036d b6cdb608f640e038 453bc79164d57a01 4c3802a1bd3c842e b8e2f75014710ced 39075e303166355e 853e36b1550c6274 c03b11a0cdc3fa39 d72363ddd958d906 e7828f0ea9749505 016da874bd04df55 b0bfe0f426275870
