dialogue_id,photo_id
1,e25a1da6ca187350 52e459a551d4ac2d 585f4ee09d8fea46 0c2eeab1e4ce1db8 f48d0fbea7dc2782 c5830f9d0f1e29e5 0a79fabc6f5d93c9 4d7653ea9499eed4 5d26da95786b3a3a ec4ef2f727e7a03f f49e13a653cbdad2 cc507a0d6fcf4a1c 9f3d2ca16f358290 a982b5c3aed39396 ec1b3d7ccd3984d0 16b11706660177ff f76f44d372517a9a a2805ed52b47b8ec a292248bb2bffb3d d216e5458ad70e60 eec6b281e236b500 8fc68213b63951dc 9cf6709de35bf0f3 b6e646c13d0753ae d7d937303a6d5a9d 04886579947a80c2 07f22a7ad7e4711d b05b5f6850cfa158 1f4f62844c3cb99c a65e30106ea50423
2,0688c790d5806540 0683b6a78f54be75 5f94b027039f4e48 148ac4a56a18844d 4dba7ce835494a63 58654e3143c6550b ebfda3b48083e390 25a3b47fe31bc6b5 c143c095983a65c2 a853f13216170123 1d0f5fdc58e3efb5 4c0eee2c1a5e76e2 e740c80fce094788 666bdff4faa513ca d1e21234d7cc61d2 5430097e23000368 6899956cd6c683f0 f25bfcffedaccf28 4d32dae7b43c489a ec1b3d7ccd3984d0 16b11706660177ff f76f44d372517a9a d216e5458ad70e60 9cf6709de35bf0f3 01b3da54ffb158a0 b1dcaca98bb76736 3c565c1fc2316d16 8e0cc5199a0ee659 d7d937303a6d5a9d 7f95168400948588
3,feddfcf56818968e f9c6286cff30aaa8 5430097e23000368 047769588be1aea9 033d905aec273595 4535ce2e3dced00f e461837f0fb35048 72c2a95813ea72bd 5d26da95786b3a3a 0451447dd64f6284 c1f2e3a76d388944 a292248bb2bffb3d a860b682add9de1c 96445bec1579ec97 6a3919ad9ed8197e 5867d40811c0229f ced9c56f2be86774 0bcaac840d5e66d7 964a50d33717c26d b24820ae14e16a24 9fbffc521da97c54 781f4d0147aef776 d1e21234d7cc61d2 bee46c54461925d0 3b4a85bac6ead3c8 da7d3c2d591c4295 e36475c1af5ea3ab 0eedb1a0d3b8ddae 98dbd15aa33ebc18 eff60ceea8817dad
4,b78189788d563693 05e4165a56bf50eb 46315cf30aaee51c d216e5458ad70e60 b6cdb608f640e038 c810ac016901e8ac 36d33c41812ce7dc 238ec735a13a3f09 8dc313a2cf9da354 453bc79164d57a01 e7828f0ea9749505 b0bfe0f426275870 4d9214c0925e5af8 0b774cf90856c4da d64c06baf5ef1c90 74873b42602d8958 4d32dae7b43c489a 047769588be1aea9 d64c7c3b658689f4 52e459a551d4ac2d 27a12f29dceccdbd 033d905aec273595 9d5edf3b993fee50 7cea1f637ea3f37d 3d93a60f990a0a7c 0cd920bad11c716d da011b87595c1019 055d895a3b26e466 61ba7707ef6a5a99 da904d2a54ff8cf2
5,4d29c6922b2d0d56 9b0e8cf8153e3b33 069e7e25e43deab3 70ebf53ced736fa4 ad06e9eeea8eb4ea dea5e9227fbbac29 f105a53e5cfae611 430feb4826a5632e 4beacc71024f8b08 a9223c28b10c131f 3b4a85bac6ead3c8 c1f2e3a76d388944 bc2ae5f4e5d53e00 a9dad59c7055b56c 5430097e23000368 3fa57d488e979d74 ff88049e61f0f4ef 3986b68500d7704b 702d8f1064ab3e30 c28bc62802b90f82 0bcaac840d5e66d7 e0269da736ddf004 9a0f5ee4f845c9b2 4d7653ea9499eed4 bd713b37b67866c3 fd30682593995748 bd0f175ee98c613e ae94d8435a6847f4 b6d0f83aad4e4dc7 b24820ae14e16a24
6,005666aa098abe8e ebfda3b48083e390 0079f3c74309b582 5430097e23000368 0195950ce0f47e34 5f94b027039f4e48 0688c790d5806540 9c9a9d45c2ea7ddf 148ac4a56a18844d ae000f9d0b5e104e 4dba7ce835494a63 58654e3143c6550b 0683b6a78f54be75 a860b682add9de1c 00d9eb862ba3dfc6 25a3b47fe31bc6b5 680bb5c5c3bb6ee1 d46598813fb437e5 c31a456b544a40a8 52370bea1acd0600 4d7653ea9499eed4 9a0f5ee4f845c9b2 0bcaac840d5e66d7 c28bc62802b90f82 702d8f1064ab3e30 3986b68500d7704b 3fa57d488e979d74 ff88049e61f0f4ef e0269da736ddf004 bd713b37b67866c3
7,e7cad3748e50b0f8 abf90e759d208468 b1dcaca98bb76736 0c15f252d30646fc 6e1b6b53c9710940 88b62355670ec8f8 8faeacf8ca08f62d 72403ecdfe02bba6 520ec719078be07c 77e2f7da1f9d3a8f e0269da736ddf004 f2234bb7ce0c6f59 0d0368139e9a647f d216e5458ad70e60 855f2f0354e102c7 5dd752753760ced8 377c1150c781e37a 05f23e7d05dbf7c2 1d0f5fdc58e3efb5 0fbd0f422e926816 73391e0853c1e040 5b16bae6a0de7c88 b6d0f83aad4e4dc7 f25bfcffedaccf28 16b11706660177ff 95ecdbff44ad0b60 8a5635c748344d47 387e9cd2e5d4ea7d 3cb6b40d377e7ca8 f48d0fbea7dc2782
8,585f4ee09d8fea46 734dabb98795c35c 04886579947a80c2 c49d8f84a4f87f8a 6aefb6531736648a 892074f7c1ef5d5e c143c095983a65c2 72c2a95813ea72bd 4f31209941bb05fc f54ad8d1eb18212e 2e2904c5373734ae 3b4a85bac6ead3c8 428f9363fa35882d e8ad5e31484ef889 07be6a290720707d 3986b68500d7704b dc576af4ae66e25e 919b1679fffa7ef1 63d509cd2a2e0e47 19b4014943e0ad92 f0d53dcf0c296b57 ce8cb4351b8c0f6e 0079f3c74309b582 83f5a9732f0de67f e7dd56376be2cf1c 765c0695339c3abe 013030fd7d29bf3d 9ab90dfc5c9b0b37 bc2552a642ce8497 00d9eb862ba3dfc6
9,af8e70f978cd5aee cc861214a89ef1f4 5057551fc55e9ed2 4105533fe46dfba9 6cb9ab508a0678a0 fab14d178b24a67f 64267373570e4ea3 ecb768ef6fd223ca 22e8d6734e4121ae e228204ae08d1355 18b1d2d84c97a364 39075e303166355e 059bbdbdb843af6a 2810fb6f81d1711c b78189788d563693 c810ac016901e8ac 36d33c41812ce7dc 955e465ce0788ea6 238ec735a13a3f09 e14a893f1918277e bc27d5dc9bab1c18 7e4a4a1300b77a06 781aaf62a955e4e8 316382267dcd804f e7828f0ea9749505 74244a8703c03720 148ac4a56a18844d ce0f56b7190c268a d64c06baf5ef1c90 acae1d29289b1266
10,061f3e1feeaa3094 33856365c271aea4 a04d6febd82a4389 26140b225c4f8d3f 095bb1b6ecbd0a50 73391e0853c1e040 46b99f864d6a075a 54a11cbcd7a32af4 07d688f5e2142b87 b26d8664feb18c8c 63d95d5977c2fe98 01b3da54ffb158a0 ac9ee0c09b538140 a52df8083c238c46 bb7515be835dea49 42bb83d7c4b9ecae 01020d1b0821f4c7 d72363ddd958d906 22dc81380cf4baec 40583079f57235a6 72403ecdfe02bba6 95d25d38ba7df9c7 b05b5f6850cfa158 522bd6887960c25d 538c7bb968b2154c 0add47a043c64d7f 828f5dfbbf1272ee 0b0021aa60d05daa fb2ebcb5335ad2e2 a14394322cf7043d
11,18ced18aee04c48e 922e625fae98b3b9 49224aca40e6e5e3 28a2067685cb3e97 25a3b47fe31bc6b5 66ccd03c9e03ac06 d46598813fb437e5 387e9cd2e5d4ea7d cc0c9419f8a20603 10ad13170242ecae b05b5f6850cfa158 00d9eb862ba3dfc6 0eedb1a0d3b8ddae 00e1e2eb13f650e4 d73a65673e3f1d78 128d583954b18074 4d7653ea9499eed4 52370bea1acd0600 9a0f5ee4f845c9b2 47fbe21f5c35c7b4 c28bc62802b90f82 702d8f1064ab3e30 3986b68500d7704b 3fa57d488e979d74 ff88049e61f0f4ef e0269da736ddf004 fd30682593995748 0bcaac840d5e66d7 734dabb98795c35c 942a7d26d81c841f
12,dc12cc503ac0eddb 9b2adcf4041227d7 48a76e3aff69d605 a860b682add9de1c f1a3b8b13e9401c0 10ad13170242ecae 54a11cbcd7a32af4 c1f2e3a76d388944 24e582daf6f87158 b84b6c0b2e4d0306 4d32dae7b43c489a 34a62e66e05f9a44 3c565c1fc2316d16 d5952b2e031c4e7e f48d0fbea7dc2782 24c47959ea77b15b a60934e6b473097a 522bd6887960c25d 3b6d27775fce1c7b 81b639b74256b45b 3e66b4855d0dddbe 64b31699d7d15934 b9d966ad9e04127a 0db6584e3bdfa1c4 c015590d6a6fe833 a76ffccd2f5df1a7 62431fd374eb99fb 0f4c71d341e2d939 ddf332f2b55a2a23 cea18be9a89d7a81
13,6899956cd6c683f0 ddb3810e0289c148 964a50d33717c26d 395b26d91f98bd92 af41e2b6da3e7e02 bd713b37b67866c3 8e0cc5199a0ee659 d0f6c00eec5eb973 01b3da54ffb158a0 106204cd0e07e1b2 1f423f368aebf7f3 74ae9af23a383bf5 3e66b4855d0dddbe 0b0021aa60d05daa 29bedd00fb2be056 8e83d05923cde390 447fc00f40d71d08 5b4c879fc9c316fb 8643165b0f53df11 52aa48c07b34dc88 576dd429db946393 a0b1f4dd32f3e278 ae000f9d0b5e104e 72c2a95813ea72bd 9d5edf3b993fee50 64267373570e4ea3 6e12311169bcb24c 6cb9ab508a0678a0 013030fd7d29bf3d 204ec91c39d1479d
14,4d32dae7b43c489a 01b3da54ffb158a0 061f3e1feeaa3094 d7d937303a6d5a9d 88b62355670ec8f8 a65e30106ea50423 65ad9c583823162d 65708d542bd01f39 dc12cc503ac0eddb a5d5ba33b5b1dc95 01e5a6edcee7deb0 f49e13a653cbdad2 0647acc4602d4e8f fa173131f15f5534 99e833818ec4bbf2 29968e8fd13539f8 43b3338423d7386c f209d29f991432f0 22756be6fd061d4c 87c5481930cfe126 e6a29676c096f8e8 aa0789b403bcd839 bc2ae5f4e5d53e00 0772e3ab293a1f30 3e8e56f639a5db5b 1c3b74a02a86467d 4e966bb2768c2b8a 1efd7bd8a34a1359 95166957b2c38794 455fde214d16d350
15,238de368bb05c0ec 24e582daf6f87158 4d32dae7b43c489a 8faeacf8ca08f62d 3c565c1fc2316d16 f48d0fbea7dc2782 24c47959ea77b15b 393f49286db04aeb dc17b07476183764 a60934e6b473097a 522bd6887960c25d 3b6d27775fce1c7b 81b639b74256b45b 3e66b4855d0dddbe 47fbe21f5c35c7b4 64b31699d7d15934 b9d966ad9e04127a 0db6584e3bdfa1c4 c015590d6a6fe833 a76ffccd2f5df1a7 62431fd374eb99fb 0f4c71d341e2d939 54a11cbcd7a32af4 ddf332f2b55a2a23 cea18be9a89d7a81 48a76e3aff69d605 0e45c4c185f35df6 4d954d933e606b70 a860b682add9de1c 52370bea1acd0600
16,b05b5f6850cfa158 c03b11a0cdc3fa39 0e45c4c185f35df6 cc0c9419f8a20603 f25bfcffedaccf28 5430097e23000368 9c9a9d45c2ea7ddf 16b11706660177ff 61ba7707ef6a5a99 f705b637f624147e 74e59c5820900b17 5b34da30b93eb123 f2234bb7ce0c6f59 b749972436ac9791 7f95168400948588 05f23e7d05dbf7c2 63d95d5977c2fe98 bed3e73d52011f68 f46601a9955f9949 0add47a043c64d7f 2810fb6f81d1711c 8d58da0e1800dc96 72b80b099fd64ec4 4e966bb2768c2b8a 955e465ce0788ea6 e14a893f1918277e 0eedb1a0d3b8ddae 2cebd52b41930f0a 45bd99d5d2eef776 b84b6c0b2e4d0306
17,a65e30106ea50423 74244a8703c03720 ced9c56f2be86774 702d8f1064ab3e30 ae94d8435a6847f4 430feb4826a5632e 58654e3143c6550b e7cad3748e50b0f8 73f770f2643a2135 f48d0fbea7dc2782 447fc00f40d71d08 b8e2f75014710ced f58ff7f1a6cde683 aa0789b403bcd839 1ba7a50457e93996 3e8e56f639a5db5b b6e72edcad270be0 2e2904c5373734ae 1c3b74a02a86467d 46b99f864d6a075a e7828f0ea9749505 9f4e0d572b1f4e6c 8e0760918e88e4a9 8df3f13d6af34cb3 919b1679fffa7ef1 c015590d6a6fe833 c5830f9d0f1e29e5 d73a65673e3f1d78 0772e3ab293a1f30 24e582daf6f87158
18,8faeacf8ca08f62d 1d0f5fdc58e3efb5 95ecdbff44ad0b60 e1460af4a7044067 dc17b07476183764 486dd77002936dec 3b4a85bac6ead3c8 0195950ce0f47e34 00d9eb862ba3dfc6 0eedb1a0d3b8ddae 6899956cd6c683f0 a853f13216170123 f25bfcffedaccf28 4d32dae7b43c489a ec1b3d7ccd3984d0 16b11706660177ff f76f44d372517a9a 36d33c41812ce7dc c810ac016901e8ac 238ec735a13a3f09 7e4a4a1300b77a06 d216e5458ad70e60 9cf6709de35bf0f3 01b3da54ffb158a0 b1dcaca98bb76736 3c565c1fc2316d16 8e0cc5199a0ee659 e7828f0ea9749505 5057551fc55e9ed2 d7d937303a6d5a9d
19,8566d15270eb5e83 8faeacf8ca08f62d 24e582daf6f87158 4d32dae7b43c489a 3c565c1fc2316d16 f48d0fbea7dc2782 24c47959ea77b15b 393f49286db04aeb a60934e6b473097a 522bd6887960c25d 3b6d27775fce1c7b 81b639b74256b45b 3e66b4855d0dddbe 47fbe21f5c35c7b4 64b31699d7d15934 b9d966ad9e04127a 0db6584e3bdfa1c4 c015590d6a6fe833 a76ffccd2f5df1a7 62431fd374eb99fb 0f4c71d341e2d939 54a11cbcd7a32af4 ddf332f2b55a2a23 cea18be9a89d7a81 48a76e3aff69d605 0e45c4c185f35df6 4d954d933e606b70 a860b682add9de1c 52370bea1acd0600 8dedff0a79784abc
20,b1dcaca98bb76736 88b62355670ec8f8 e7cad3748e50b0f8 855f2f0354e102c7 520ec719078be07c 77e2f7da1f9d3a8f e0269da736ddf004 a76ffccd2f5df1a7 5dd752753760ced8 377c1150c781e37a 8a5635c748344d47 a853f13216170123 edc79e57b20e9036 3c565c1fc2316d16 70ebf53ced736fa4 5b4c879fc9c316fb 666bdff4faa513ca f48d0fbea7dc2782 24c47959ea77b15b 96445bec1579ec97 5f94b027039f4e48 5867d40811c0229f 9f4e0d572b1f4e6c 3e66b4855d0dddbe dea5e9227fbbac29 cc507a0d6fcf4a1c 62431fd374eb99fb 0f4c71d341e2d939 da011b87595c1019 ddf332f2b55a2a23
21,0bcaac840d5e66d7 ce2fe99a7cda4a17 feddfcf56818968e b1dcaca98bb76736 a2805ed52b47b8ec 0897dcfae16e280f 964a50d33717c26d 8643165b0f53df11 8699cc5dd4159b69 5867d40811c0229f 4491016efed845f1 50806199c80e215c 285657fcdf89f00d 6a3919ad9ed8197e 5c8c6d9a1fd4c1e0 3e66b4855d0dddbe 0db6584e3bdfa1c4 f44f74b3451aa593 a04d6febd82a4389 4d32dae7b43c489a 4577ae048ef1967d 16b11706660177ff 2bafd15871caae91 1d0f5fdc58e3efb5 2e4b00c01d58e79e 39075e303166355e 96445bec1579ec97 0e45c4c185f35df6 8e83d05923cde390 d980375fbd40c75f
22,00ff646ca6637bd7 f28fb3d9880c5d4c a677c3a76055a6d2 fc8971756f9ec194 0c2eeab1e4ce1db8 351c9da399c2b915 354d7a327bbcc152 120e745e2961b5d5 6a3919ad9ed8197e 2e44fbb8bc3d8d71 42c9b72cc77dcb28 b0b5e62a93a2c37c 6cb9ab508a0678a0 b8e2f75014710ced 00af886180e9eaec 2bafd15871caae91 37001ade0df85823 2dd12c230ab22555 9a439fd1abf95245 d73a65673e3f1d78 128d583954b18074 9a0f5ee4f845c9b2 c28bc62802b90f82 702d8f1064ab3e30 3986b68500d7704b 3fa57d488e979d74 ff88049e61f0f4ef e0269da736ddf004 bd713b37b67866c3 0bcaac840d5e66d7
23,5430097e23000368 0683b6a78f54be75 f76f44d372517a9a f2e30efbd27bee51 765c0695339c3abe 7e4a4a1300b77a06 35488b3b8b781278 9cf6709de35bf0f3 db0e648651f4c92b db69d4cbfef8d22f bbbd5d2fd957e8f7 ae77487a89f2610c 7d83ffe83f61bdc4 49b5678e0d1e5bcd 5dd752753760ced8 f44f74b3451aa593 d257d1fbcf43abd5 2a06f5614060e3b6 3b4a85bac6ead3c8 73391e0853c1e040 c5830f9d0f1e29e5 3734d3b0b9232538 81b639b74256b45b 3e66b4855d0dddbe 64b31699d7d15934 52e459a551d4ac2d 9d5edf3b993fee50 7cea1f637ea3f37d 54a11cbcd7a32af4 d92c0298f76ccf77
24,24e582daf6f87158 197fa50b30d91fe8 4d32dae7b43c489a 3c565c1fc2316d16 f48d0fbea7dc2782 24c47959ea77b15b 7b81f1f2b6ec2e5f a60934e6b473097a 522bd6887960c25d 3b6d27775fce1c7b 81b639b74256b45b 8faeacf8ca08f62d 3e66b4855d0dddbe 64b31699d7d15934 b9d966ad9e04127a 26fc2a95df5659c2 0db6584e3bdfa1c4 c015590d6a6fe833 a76ffccd2f5df1a7 62431fd374eb99fb 0f4c71d341e2d939 54a11cbcd7a32af4 ddf332f2b55a2a23 cea18be9a89d7a81 0451447dd64f6284 48a76e3aff69d605 0e45c4c185f35df6 4d954d933e606b70 a860b682add9de1c 52370bea1acd0600
25,c96049ed915ced0a 0079f3c74309b582 c5830f9d0f1e29e5 734dabb98795c35c a2805ed52b47b8ec b6e646c13d0753ae c49d8f84a4f87f8a 6aefb6531736648a 585f4ee09d8fea46 892074f7c1ef5d5e c143c095983a65c2 72c2a95813ea72bd 4f31209941bb05fc f54ad8d1eb18212e 8faeacf8ca08f62d 2e2904c5373734ae 428f9363fa35882d e8ad5e31484ef889 07be6a290720707d 3986b68500d7704b dc576af4ae66e25e 919b1679fffa7ef1 63d509cd2a2e0e47 19b4014943e0ad92 f0d53dcf0c296b57 ce8cb4351b8c0f6e 1d0f5fdc58e3efb5 83f5a9732f0de67f e7dd56376be2cf1c 765c0695339c3abe
26,702d8f1064ab3e30 ae94d8435a6847f4 430feb4826a5632e 73f770f2643a2135 74244a8703c03720 b8e2f75014710ced f58ff7f1a6cde683 24e582daf6f87158 4d32dae7b43c489a 8faeacf8ca08f62d 3c565c1fc2316d16 c11b97f245a9dfd0 f48d0fbea7dc2782 24c47959ea77b15b 393f49286db04aeb d46598813fb437e5 a60934e6b473097a 522bd6887960c25d 3b6d27775fce1c7b 81b639b74256b45b 3e66b4855d0dddbe 47fbe21f5c35c7b4 64b31699d7d15934 b9d966ad9e04127a 0db6584e3bdfa1c4 c015590d6a6fe833 a76ffccd2f5df1a7 62431fd374eb99fb 0f4c71d341e2d939 54a11cbcd7a32af4
27,c14d5b16840d3032 9100ea6cd0e084bf 0897dcfae16e280f 9a439fd1abf95245 e36475c1af5ea3ab 2bafd15871caae91 f05fa5f57dc03e81 a292248bb2bffb3d 01b3da54ffb158a0 285657fcdf89f00d 0bcaac840d5e66d7 04fda7c9d8971ec0 8df3f13d6af34cb3 00958a140c3a6de8 047769588be1aea9 016da874bd04df55 b6a1c97f19af78d0 a14394322cf7043d 0b0021aa60d05daa 6cb9ab508a0678a0 74244a8703c03720 395b26d91f98bd92 c6b615b2589e036d d6ed7e4b14c51296 52aa48c07b34dc88 666bdff4faa513ca 6899956cd6c683f0 64907c4568244eb4 bd0f175ee98c613e 3e66b4855d0dddbe
28,d6ed7e4b14c51296 976baf0e84752a68 e7828f0ea9749505 af8e70f978cd5aee 6461a9faa871b3ac 52e459a551d4ac2d 453bc79164d57a01 c810ac016901e8ac 36d33c41812ce7dc 238ec735a13a3f09 61ba7707ef6a5a99 da904d2a54ff8cf2 9b2adcf4041227d7 7cea1f637ea3f37d d64c06baf5ef1c90 9d5edf3b993fee50 4483bbdd3241f11a 3d93a60f990a0a7c ecb768ef6fd223ca 46315cf30aaee51c 9c9a9d45c2ea7ddf 2b48ab08c915c0ad cec2eea2a1fe566a 5057551fc55e9ed2 d72363ddd958d906 047769588be1aea9 83f8aca6ee2caabc 0b774cf90856c4da 7d83ffe83f61bdc4 db0e648651f4c92b
29,9b0e8cf8153e3b33 e9c20b67a4c5395f 4d29c6922b2d0d56 069e7e25e43deab3 5430097e23000368 f9c6286cff30aaa8 72c2a95813ea72bd 033d905aec273595 1d0f5fdc58e3efb5 3b6d27775fce1c7b f25bfcffedaccf28 148ac4a56a18844d 98dbd15aa33ebc18 587e0b2a4811fab1 c143c095983a65c2 4535ce2e3dced00f e461837f0fb35048 58654e3143c6550b ebfda3b48083e390 8dedff0a79784abc 70ebf53ced736fa4 133b04350c75770b e1460af4a7044067 ad06e9eeea8eb4ea 40583079f57235a6 25a3b47fe31bc6b5 35488b3b8b781278 1a05ef8c93af8eed c015590d6a6fe833 fb2ebcb5335ad2e2
30,40583079f57235a6 64b31699d7d15934 a04d6febd82a4389 095bb1b6ecbd0a50 54a11cbcd7a32af4 c28bc62802b90f82 a52df8083c238c46 4d32dae7b43c489a 393f49286db04aeb bb7515be835dea49 0db6584e3bdfa1c4 522bd6887960c25d 061f3e1feeaa3094 42bb83d7c4b9ecae a292248bb2bffb3d b9d966ad9e04127a c015590d6a6fe833 22dc81380cf4baec 1f4f62844c3cb99c 33856365c271aea4 3c565c1fc2316d16 6c017e548aa138f2 d5805cdb9e8f0f48 8faeacf8ca08f62d 54f55c74d37db3c0 01b3da54ffb158a0 b3e75fdca5ca2f1a b3ad55963554f220 c03b11a0cdc3fa39 b26d8664feb18c8c
31,3c565c1fc2316d16 5b4c879fc9c316fb f48d0fbea7dc2782 24c47959ea77b15b 8abe670908f12614 3e66b4855d0dddbe cc507a0d6fcf4a1c a76ffccd2f5df1a7 12af6a34778710db 62431fd374eb99fb 0f4c71d341e2d939 ddf332f2b55a2a23 cea18be9a89d7a81 a853f13216170123 4d954d933e606b70 4f2fffd7528de786 8700059e85433b32 0eb4de784c8dd679 b6e72edcad270be0 0195950ce0f47e34 7155e5a86136eb02 4b29fc21f912754d 486dd77002936dec 172bc0ee09332ae9 2e031d83339759b2 666bdff4faa513ca 6e12311169bcb24c 9cf6709de35bf0f3 6406fcdb7d87b5dc 07f22a7ad7e4711d
32,40583079f57235a6 1f4f62844c3cb99c b3ad55963554f220 64b31699d7d15934 c28bc62802b90f82 a52df8083c238c46 a292248bb2bffb3d eec6b281e236b500 8fc68213b63951dc a04d6febd82a4389 6c017e548aa138f2 095bb1b6ecbd0a50 d5805cdb9e8f0f48 54f55c74d37db3c0 d46598813fb437e5 b3e75fdca5ca2f1a 39075e303166355e 0db6584e3bdfa1c4 528161039994b4dc 8faeacf8ca08f62d bed3e73d52011f68 09660f466b38b7ba f46601a9955f9949 7b81f1f2b6ec2e5f 702d8f1064ab3e30 ae94d8435a6847f4 8f578001f9d5f543 430feb4826a5632e 20d283a232dfd13c b69ce8b8154645f8
33,ae94d8435a6847f4 d216e5458ad70e60 047769588be1aea9 bf973f9ec3600199 c1f2e3a76d388944 5c4b7558c942a224 fb8bd6b95eb4702a 4beacc71024f8b08 9b0e8cf8153e3b33 e6a29676c096f8e8 d63b7f083330247f 0451447dd64f6284 e8684734f2e587bd 3ca7964973437917 8bf446c0455e3c5c 404031ab9d5977c4 60a070db9f1869b5 d5952b2e031c4e7e 59c231f8fd21260c b6e646c13d0753ae da7d3c2d591c4295 a0566ca9daca7778 8a5635c748344d47 1d12acf7349196b0 0079f3c74309b582 b05b5f6850cfa158 0eedb1a0d3b8ddae 0772e3ab293a1f30 47fbe21f5c35c7b4 52370bea1acd0600
34,4d32dae7b43c489a 88b62355670ec8f8 8faeacf8ca08f62d b1dcaca98bb76736 01b3da54ffb158a0 24e582daf6f87158 1d0f5fdc58e3efb5 d7d937303a6d5a9d a65e30106ea50423 3e8e56f639a5db5b 3c565c1fc2316d16 95ecdbff44ad0b60 061f3e1feeaa3094 3cb6b40d377e7ca8 3b4a85bac6ead3c8 dc12cc503ac0eddb 520ec719078be07c a5d5ba33b5b1dc95 77e2f7da1f9d3a8f e0269da736ddf004 f48d0fbea7dc2782 24c47959ea77b15b c5830f9d0f1e29e5 01e5a6edcee7deb0 65ad9c583823162d 65708d542bd01f39 0647acc4602d4e8f a2805ed52b47b8ec fa173131f15f5534 855f2f0354e102c7
35,f25bfcffedaccf28 16b11706660177ff 7f95168400948588 b05b5f6850cfa158 0add47a043c64d7f 72b80b099fd64ec4 a0566ca9daca7778 2cebd52b41930f0a 45bd99d5d2eef776 b84b6c0b2e4d0306 6899956cd6c683f0 cc0c9419f8a20603 ca43e349133fc0e3 5547f9f1638ac345 92f42fbd0c38f7fd 52aa48c07b34dc88 19e8f436d4b2fc25 1d72229ebcc00faf c11b97f245a9dfd0 feddfcf56818968e 43c354dbf952caaa 6e1b6b53c9710940 ac9ee0c09b538140 a2805ed52b47b8ec 9b2adcf4041227d7 c1f2e3a76d388944 666bdff4faa513ca dc12cc503ac0eddb 50806199c80e215c 428f9363fa35882d
36,6204e398d8c7f888 2e4b00c01d58e79e bee46c54461925d0 4577ae048ef1967d b2ee9eea2d974c90 57113c2a4cacd961 4535ce2e3dced00f bfb8032f2183d471 4bed80e56ea2e099 83f8f2fc471cad74 7c98dedd223b36c0 419b5dc40744fb9b 8643165b0f53df11 050544c040f46152 0195950ce0f47e34 c28bc62802b90f82 0bcaac840d5e66d7 4d7653ea9499eed4 9a0f5ee4f845c9b2 702d8f1064ab3e30 52370bea1acd0600 3fa57d488e979d74 ff88049e61f0f4ef e0269da736ddf004 bd713b37b67866c3 fd30682593995748 39f6296778264878 3986b68500d7704b 734dabb98795c35c bd0f175ee98c613e
37,5f94b027039f4e48 0688c790d5806540 148ac4a56a18844d 4dba7ce835494a63 58654e3143c6550b ebfda3b48083e390 0683b6a78f54be75 25a3b47fe31bc6b5 3b4a85bac6ead3c8 fa173131f15f5534 430feb4826a5632e bc2ae5f4e5d53e00 b84b6c0b2e4d0306 54a11cbcd7a32af4 a9dad59c7055b56c 34a62e66e05f9a44 d5952b2e031c4e7e a292248bb2bffb3d 6899956cd6c683f0 a853f13216170123 d1e21234d7cc61d2 f25bfcffedaccf28 4d32dae7b43c489a ec1b3d7ccd3984d0 16b11706660177ff f76f44d372517a9a d216e5458ad70e60 9cf6709de35bf0f3 01b3da54ffb158a0 b1dcaca98bb76736
38,9fda36f260eec24e 5048a37f10cf2d91 6a3919ad9ed8197e c015590d6a6fe833 e9c20b67a4c5395f 58654e3143c6550b ebfda3b48083e390 8dedff0a79784abc c143c095983a65c2 5430097e23000368 f25bfcffedaccf28 35488b3b8b781278 b6a1c97f19af78d0 d257d1fbcf43abd5 98dbd15aa33ebc18 fa173131f15f5534 25a3b47fe31bc6b5 1d0f5fdc58e3efb5 70ebf53ced736fa4 ad06e9eeea8eb4ea 40583079f57235a6 a60934e6b473097a 3b6d27775fce1c7b 3b4a85bac6ead3c8 5f94b027039f4e48 0688c790d5806540 24e582daf6f87158 0f33ce8d8014f308 d6bbbd6c4968075a 148ac4a56a18844d
39,e1460af4a7044067 7f29daa16b9b4cda 9ab90dfc5c9b0b37 ce8cb4351b8c0f6e 10ad13170242ecae 04886579947a80c2 892074f7c1ef5d5e 34a62e66e05f9a44 781aaf62a955e4e8 d16da1fb61813db9 19e8f436d4b2fc25 4b29fc21f912754d 919b1679fffa7ef1 c606425856952286 22dc81380cf4baec 796888cc3443006c 148ac4a56a18844d ce0f56b7190c268a 28403e62105b00f6 acae1d29289b1266 8700059e85433b32 6a9aa1bd93e36e66 ac9ee0c09b538140 e740c80fce094788 f6d23cdd2359f7c0 6d80d2e62d01f6bc fc16a50ff0baec53 486dd77002936dec a982b5c3aed39396 3fa57d488e979d74
40,8e0cc5199a0ee659 74ae9af23a383bf5 576dd429db946393 ae000f9d0b5e104e 204ec91c39d1479d 1f423f368aebf7f3 b69ce8b8154645f8 5b4c879fc9c316fb f209d29f991432f0 c5830f9d0f1e29e5 1efd7bd8a34a1359 00e1e2eb13f650e4 828f5dfbbf1272ee b84b6c0b2e4d0306 34a62e66e05f9a44 2e031d83339759b2 83f8f2fc471cad74 c03b11a0cdc3fa39 050544c040f46152 3986b68500d7704b 3b4a85bac6ead3c8 0eedb1a0d3b8ddae 702d8f1064ab3e30 4d7653ea9499eed4 c28bc62802b90f82 0bcaac840d5e66d7 3fa57d488e979d74 ff88049e61f0f4ef e0269da736ddf004 bd713b37b67866c3
41,0f33ce8d8014f308 3a6e7894dde31c67 cc0c9419f8a20603 ba5199dba342af68 43c354dbf952caaa 35488b3b8b781278 e9c20b67a4c5395f 3b6d27775fce1c7b 0451447dd64f6284 8dedff0a79784abc c143c095983a65c2 c015590d6a6fe833 5430097e23000368 24e582daf6f87158 52370bea1acd0600 0683b6a78f54be75 285657fcdf89f00d b6a1c97f19af78d0 4f915ad69e1dca36 9b0e8cf8153e3b33 28a2067685cb3e97 50cb6a6c60ad711a d257d1fbcf43abd5 1d0f5fdc58e3efb5 9cf6709de35bf0f3 7c8324ce28ffb96e c11b97f245a9dfd0 ae77487a89f2610c f76f44d372517a9a db0e648651f4c92b
42,c810ac016901e8ac 36d33c41812ce7dc 238ec735a13a3f09 7e4a4a1300b77a06 e7828f0ea9749505 5057551fc55e9ed2 d64c06baf5ef1c90 83f8aca6ee2caabc 52e459a551d4ac2d 2bafd15871caae91 453bc79164d57a01 3d93a60f990a0a7c 5430097e23000368 cc861214a89ef1f4 af8e70f978cd5aee 61ba7707ef6a5a99 2dd12c230ab22555 da904d2a54ff8cf2 c05f45f86d0771d5 6461a9faa871b3ac db0e648651f4c92b 00d9f8d3f7d412b3 f28fb3d9880c5d4c ee3ed9a3f51336cd d6ed7e4b14c51296 9b2adcf4041227d7 cba7e22bb383083a b8e2f75014710ced bbbd5d2fd957e8f7 976baf0e84752a68
43,351c9da399c2b915 f28fb3d9880c5d4c 2e44fbb8bc3d8d71 a677c3a76055a6d2 0c2eeab1e4ce1db8 fc8971756f9ec194 016da874bd04df55 42c9b72cc77dcb28 74244a8703c03720 c810ac016901e8ac 36d33c41812ce7dc 2bafd15871caae91 2dd12c230ab22555 025a148c3a53bd9f 27a12f29dceccdbd 316382267dcd804f d64c06baf5ef1c90 83f8aca6ee2caabc a14394322cf7043d 453bc79164d57a01 39f6296778264878 18b1d2d84c97a364 bf3ccaba4a3450a8 4c3802a1bd3c842e 120e745e2961b5d5 c606425856952286 b0b5e62a93a2c37c 00ff646ca6637bd7 9c9a9d45c2ea7ddf bc27d5dc9bab1c18
44,c11b97f245a9dfd0 0eedb1a0d3b8ddae bbbd5d2fd957e8f7 47fbe21f5c35c7b4 52370bea1acd0600 4d7653ea9499eed4 9a0f5ee4f845c9b2 0bcaac840d5e66d7 c28bc62802b90f82 3986b68500d7704b 3fa57d488e979d74 ff88049e61f0f4ef e0269da736ddf004 bd713b37b67866c3 fd30682593995748 2a06f5614060e3b6 39f6296778264878 c31a456b544a40a8 702d8f1064ab3e30 e7cad3748e50b0f8 0708923badf2ff5d 734dabb98795c35c 942a7d26d81c841f bd0f175ee98c613e ae94d8435a6847f4 b6d0f83aad4e4dc7 b24820ae14e16a24 e25a1da6ca187350 4b8c7061102517ef af8e70f978cd5aee
45,73391e0853c1e040 72403ecdfe02bba6 f2234bb7ce0c6f59 0d0368139e9a647f 05f23e7d05dbf7c2 0fbd0f422e926816 5b16bae6a0de7c88 46b99f864d6a075a b6d0f83aad4e4dc7 33856365c271aea4 387e9cd2e5d4ea7d 01020d1b0821f4c7 70776cdd9bb3b7d4 63d95d5977c2fe98 abf90e759d208468 a14394322cf7043d d35e11d3d1ab3c67 796888cc3443006c 09660f466b38b7ba c015590d6a6fe833 f58ff7f1a6cde683 8d58da0e1800dc96 061f3e1feeaa3094 54a11cbcd7a32af4 f9c6286cff30aaa8 b29ab87af6ea6310 a04d6febd82a4389 ac9ee0c09b538140 26fc2a95df5659c2 095bb1b6ecbd0a50
46,d257d1fbcf43abd5 5430097e23000368 26140b225c4f8d3f 50806199c80e215c 35488b3b8b781278 4d32dae7b43c489a 16b11706660177ff 0683b6a78f54be75 d7d937303a6d5a9d 5b4c879fc9c316fb 1d0f5fdc58e3efb5 061f3e1feeaa3094 538c7bb968b2154c 1a05ef8c93af8eed 5c8c6d9a1fd4c1e0 25145708d494530b ca4de5b8a7bda9df 3e66b4855d0dddbe 3d6880bd12f6613f 0a79fabc6f5d93c9 0db6584e3bdfa1c4 f44f74b3451aa593 2cebd52b41930f0a 24e582daf6f87158 7e4a4a1300b77a06 0f33ce8d8014f308 4577ae048ef1967d ce0f56b7190c268a dea5e9227fbbac29 d3c4a7db726191e0
47,d1e21234d7cc61d2 50806199c80e215c 8643165b0f53df11 e8b87ed7db1bcb1f b1dcaca98bb76736 9c9ebf71707d7a37 ce2fe99a7cda4a17 29bedd00fb2be056 83b911ff0ff45844 feddfcf56818968e 27bc34b9887bec0d 2359719a0f40ffac 2e4b00c01d58e79e f2e30efbd27bee51 49b5678e0d1e5bcd 64c2e323906b42d3 0bcaac840d5e66d7 a2805ed52b47b8ec 964a50d33717c26d 0220a434aa8bf029 106204cd0e07e1b2 404031ab9d5977c4 c1f2e3a76d388944 e25a1da6ca187350 5989fb934598c1a7 ca4de5b8a7bda9df ba5199dba342af68 1fe79c7de59ff6c6 f6d23cdd2359f7c0 e403278468d84383
48,99e833818ec4bbf2 4e966bb2768c2b8a 419b5dc40744fb9b 88b62355670ec8f8 01e5a6edcee7deb0 43b3338423d7386c f209d29f991432f0 f49e13a653cbdad2 97d696011258825c 4d32dae7b43c489a eff60ceea8817dad 01b3da54ffb158a0 bb7515be835dea49 d7d937303a6d5a9d 3e8e56f639a5db5b 22dc81380cf4baec bf3ccaba4a3450a8 a65e30106ea50423 0add47a043c64d7f 061f3e1feeaa3094 4d29c6922b2d0d56 eab15ee21e126f6a dc12cc503ac0eddb bd0f175ee98c613e ac9ee0c09b538140 b84b6c0b2e4d0306 a5d5ba33b5b1dc95 9113e9dc940fb287 4bed80e56ea2e099 e4a7a996ed6a5a81
49,395b26d91f98bd92 45630e1451157ff3 7c8324ce28ffb96e 4d7653ea9499eed4 238de368bb05c0ec c1f2e3a76d388944 24e582daf6f87158 0eedb1a0d3b8ddae b05b5f6850cfa158 4d32dae7b43c489a 8faeacf8ca08f62d 3c565c1fc2316d16 f48d0fbea7dc2782 24c47959ea77b15b 393f49286db04aeb a60934e6b473097a 522bd6887960c25d 3b6d27775fce1c7b 81b639b74256b45b 3e66b4855d0dddbe 47fbe21f5c35c7b4 64b31699d7d15934 b9d966ad9e04127a 0db6584e3bdfa1c4 c015590d6a6fe833 a76ffccd2f5df1a7 62431fd374eb99fb 0f4c71d341e2d939 54a11cbcd7a32af4 ddf332f2b55a2a23
50,4f31209941bb05fc 4535ce2e3dced00f f9c6286cff30aaa8 5430097e23000368 033d905aec273595 f48d0fbea7dc2782 db7342eff9200020 e461837f0fb35048 72c2a95813ea72bd 0772e3ab293a1f30 9100ea6cd0e084bf 047769588be1aea9 6204e398d8c7f888 2e4b00c01d58e79e acae1d29289b1266 bee46c54461925d0 4577ae048ef1967d b2ee9eea2d974c90 ca43e349133fc0e3 65d44c6393907290 f29eee8054c061e1 57113c2a4cacd961 83b911ff0ff45844 c015590d6a6fe833 bfb8032f2183d471 0451447dd64f6284 4bed80e56ea2e099 83f8f2fc471cad74 7c98dedd223b36c0 387e9cd2e5d4ea7d
51,4fe9e4e55585ba4b 57113c2a4cacd961 ec1b3d7ccd3984d0 e22c35101e190db9 0bcaac840d5e66d7 0a79fabc6f5d93c9 cb3e4ce97e7f2881 03dfe518713e006c 3cb6b40d377e7ca8 48f93f9c2c699e19 27bc34b9887bec0d 25145708d494530b 3d6880bd12f6613f 09bbaa171c20bae3 34a62e66e05f9a44 8699cc5dd4159b69 7155e5a86136eb02 a292248bb2bffb3d 45630e1451157ff3 0079f3c74309b582 3b4a85bac6ead3c8 387e9cd2e5d4ea7d eec6b281e236b500 8fc68213b63951dc 16b11706660177ff f76f44d372517a9a 3734d3b0b9232538 d216e5458ad70e60 1f4f62844c3cb99c 9cf6709de35bf0f3
52,50806199c80e215c eab15ee21e126f6a 005666aa098abe8e 106204cd0e07e1b2 e1460af4a7044067 8643165b0f53df11 1d0f5fdc58e3efb5 b1dcaca98bb76736 e228204ae08d1355 e878efab7c37179e 9269d2b0d877352d 0079f3c74309b582 1a05ef8c93af8eed a492bd402afd5c71 828f5dfbbf1272ee fb2ebcb5335ad2e2 96e82fa141db9a4b 3b6d27775fce1c7b 5c8c6d9a1fd4c1e0 366a22fce0614fb8 c36c2dce0e6e434f 47fbe21f5c35c7b4 95ecdbff44ad0b60 a60934e6b473097a 148ac4a56a18844d 4d7653ea9499eed4 48cf88c17ff38c5e ddb3810e0289c148 de8e1345e8c305c4 877672967d3f70bb
53,2e79d45ba4d1540d 387e9cd2e5d4ea7d 1f423f368aebf7f3 74ae9af23a383bf5 4d32dae7b43c489a 01b3da54ffb158a0 10ad13170242ecae d7d937303a6d5a9d bee46c54461925d0 88b62355670ec8f8 a65e30106ea50423 061f3e1feeaa3094 dc12cc503ac0eddb a5d5ba33b5b1dc95 3e8e56f639a5db5b da7d3c2d591c4295 c1f2e3a76d388944 01e5a6edcee7deb0 65ad9c583823162d 1d0f5fdc58e3efb5 65708d542bd01f39 0647acc4602d4e8f fa173131f15f5534 8faeacf8ca08f62d 99e833818ec4bbf2 29968e8fd13539f8 43b3338423d7386c f209d29f991432f0 f49e13a653cbdad2 98dbd15aa33ebc18
54,2e44fbb8bc3d8d71 f28fb3d9880c5d4c a677c3a76055a6d2 fc8971756f9ec194 0c2eeab1e4ce1db8 351c9da399c2b915 120e745e2961b5d5 42c9b72cc77dcb28 f48d0fbea7dc2782 b0b5e62a93a2c37c 2bafd15871caae91 37001ade0df85823 2dd12c230ab22555 00ff646ca6637bd7 c5830f9d0f1e29e5 1a8e5d6512d9e2d8 6461a9faa871b3ac 2820628e65a062e2 3c565c1fc2316d16 ecb768ef6fd223ca 976baf0e84752a68 24c47959ea77b15b 155600e5f1221f8c 8faeacf8ca08f62d 3e66b4855d0dddbe a76ffccd2f5df1a7 62431fd374eb99fb 0f4c71d341e2d939 73f770f2643a2135 ddf332f2b55a2a23
55,b2ee9eea2d974c90 8643165b0f53df11 b1dcaca98bb76736 50806199c80e215c 2e4b00c01d58e79e a2805ed52b47b8ec 680bb5c5c3bb6ee1 f29eee8054c061e1 d1e21234d7cc61d2 bee46c54461925d0 4577ae048ef1967d 7c98dedd223b36c0 ce2fe99a7cda4a17 6204e398d8c7f888 feddfcf56818968e a60934e6b473097a 0bcaac840d5e66d7 4bed80e56ea2e099 964a50d33717c26d 83f8f2fc471cad74 b84b6c0b2e4d0306 419b5dc40744fb9b 404031ab9d5977c4 57113c2a4cacd961 4535ce2e3dced00f bfb8032f2183d471 cb3e4ce97e7f2881 29bedd00fb2be056 27bc34b9887bec0d 83b911ff0ff45844
56,a65e30106ea50423 b9d966ad9e04127a 4d32dae7b43c489a cea18be9a89d7a81 24e582daf6f87158 54a11cbcd7a32af4 3c565c1fc2316d16 0e45c4c185f35df6 c1f2e3a76d388944 8faeacf8ca08f62d 522bd6887960c25d 5430097e23000368 64b31699d7d15934 c015590d6a6fe833 28a2067685cb3e97 45bd99d5d2eef776 50cb6a6c60ad711a 42bb83d7c4b9ecae a60934e6b473097a 393f49286db04aeb 81b639b74256b45b 999a52f1d301247c 7c8324ce28ffb96e bd713b37b67866c3 0db6584e3bdfa1c4 5b4c879fc9c316fb 62431fd374eb99fb 0f4c71d341e2d939 f48d0fbea7dc2782 24c47959ea77b15b
57,52aa48c07b34dc88 f25bfcffedaccf28 16b11706660177ff 7f95168400948588 0add47a043c64d7f 72b80b099fd64ec4 2cebd52b41930f0a 45bd99d5d2eef776 b84b6c0b2e4d0306 6899956cd6c683f0 b05b5f6850cfa158 cc0c9419f8a20603 ca43e349133fc0e3 5547f9f1638ac345 92f42fbd0c38f7fd 19e8f436d4b2fc25 1d72229ebcc00faf c11b97f245a9dfd0 43c354dbf952caaa a0566ca9daca7778 3b4a85bac6ead3c8 c28bc62802b90f82 702d8f1064ab3e30 3986b68500d7704b 3fa57d488e979d74 0bcaac840d5e66d7 e0269da736ddf004 bd713b37b67866c3 fd30682593995748 2a06f5614060e3b6
58,72403ecdfe02bba6 f2234bb7ce0c6f59 0d0368139e9a647f 05f23e7d05dbf7c2 0fbd0f422e926816 73391e0853c1e040 5b16bae6a0de7c88 b6d0f83aad4e4dc7 387e9cd2e5d4ea7d 70776cdd9bb3b7d4 abf90e759d208468 46b99f864d6a075a d35e11d3d1ab3c67 63d95d5977c2fe98 09660f466b38b7ba 01020d1b0821f4c7 8d58da0e1800dc96 f9c6286cff30aaa8 b29ab87af6ea6310 26fc2a95df5659c2 00140806971e7a73 316382267dcd804f e7cad3748e50b0f8 33856365c271aea4 a14394322cf7043d 796888cc3443006c 9d5edf3b993fee50 64267373570e4ea3 f58ff7f1a6cde683 4a5ac473c9d176ba
59,40583079f57235a6 64b31699d7d15934 1f4f62844c3cb99c 8faeacf8ca08f62d b3ad55963554f220 c28bc62802b90f82 5430097e23000368 a52df8083c238c46 393f49286db04aeb db0e648651f4c92b 0db6584e3bdfa1c4 bbbd5d2fd957e8f7 ae77487a89f2610c 47fbe21f5c35c7b4 24e582daf6f87158 7d83ffe83f61bdc4 49b5678e0d1e5bcd 7e4a4a1300b77a06 4d32dae7b43c489a a292248bb2bffb3d 42a5cae2a3a45557 0683b6a78f54be75 eec6b281e236b500 8fc68213b63951dc a04d6febd82a4389 6c017e548aa138f2 095bb1b6ecbd0a50 cc861214a89ef1f4 d5805cdb9e8f0f48 52e459a551d4ac2d
60,00d9eb862ba3dfc6 013030fd7d29bf3d 734dabb98795c35c 0079f3c74309b582 2e2904c5373734ae e8ad5e31484ef889 00e1e2eb13f650e4 07be6a290720707d c49d8f84a4f87f8a 63d509cd2a2e0e47 8a5635c748344d47 680bb5c5c3bb6ee1 6aefb6531736648a b1dcaca98bb76736 585f4ee09d8fea46 aa967ad3c1f65a29 892074f7c1ef5d5e c143c095983a65c2 e461837f0fb35048 72c2a95813ea72bd 88b62355670ec8f8 e7cad3748e50b0f8 4f31209941bb05fc 43b3338423d7386c f54ad8d1eb18212e 520ec719078be07c 428f9363fa35882d fa173131f15f5534 77e2f7da1f9d3a8f 3986b68500d7704b
61,5430097e23000368 0683b6a78f54be75 a292248bb2bffb3d ec4ef2f727e7a03f 35488b3b8b781278 eec6b281e236b500 8fc68213b63951dc ec1b3d7ccd3984d0 f76f44d372517a9a db0e648651f4c92b a60934e6b473097a bbbd5d2fd957e8f7 6cb9ab508a0678a0 81b639b74256b45b 1f4f62844c3cb99c 9cf6709de35bf0f3 ae77487a89f2610c bed3e73d52011f68 d7d937303a6d5a9d 8f578001f9d5f543 01020d1b0821f4c7 4535ce2e3dced00f 20d283a232dfd13c 7d83ffe83f61bdc4 f9c6286cff30aaa8 49b5678e0d1e5bcd b29ab87af6ea6310 26fc2a95df5659c2 ffa9091747ae2466 8faeacf8ca08f62d
62,a853f13216170123 666bdff4faa513ca 1d0f5fdc58e3efb5 d1e21234d7cc61d2 e740c80fce094788 0683b6a78f54be75 b1dcaca98bb76736 a60934e6b473097a 486dd77002936dec eab15ee21e126f6a 88b62355670ec8f8 e7cad3748e50b0f8 3c565c1fc2316d16 520ec719078be07c 5b4c879fc9c316fb 77e2f7da1f9d3a8f f48d0fbea7dc2782 24c47959ea77b15b e0269da736ddf004 855f2f0354e102c7 5dd752753760ced8 377c1150c781e37a 3e66b4855d0dddbe cc507a0d6fcf4a1c a76ffccd2f5df1a7 62431fd374eb99fb 0f4c71d341e2d939 ddf332f2b55a2a23 a292248bb2bffb3d cea18be9a89d7a81
63,8e0760918e88e4a9 e0269da736ddf004 e4a7a996ed6a5a81 1d0f5fdc58e3efb5 95d25d38ba7df9c7 95ecdbff44ad0b60 5b16bae6a0de7c88 e1460af4a7044067 27bc34b9887bec0d d6ed7e4b14c51296 47fbe21f5c35c7b4 e228204ae08d1355 e878efab7c37179e 9269d2b0d877352d 1a05ef8c93af8eed a492bd402afd5c71 828f5dfbbf1272ee fb2ebcb5335ad2e2 96e82fa141db9a4b 3b6d27775fce1c7b 5c8c6d9a1fd4c1e0 eab15ee21e126f6a 366a22fce0614fb8 c36c2dce0e6e434f 148ac4a56a18844d 4d7653ea9499eed4 48cf88c17ff38c5e ddb3810e0289c148 de8e1345e8c305c4 877672967d3f70bb
64,07f22a7ad7e4711d 430feb4826a5632e a60934e6b473097a 27888817db122597 eab15ee21e126f6a 5ebb4d2f5f1c1f13 1ba7a50457e93996 ec1b3d7ccd3984d0 a292248bb2bffb3d 40583079f57235a6 64b31699d7d15934 1f4f62844c3cb99c e22c35101e190db9 48f93f9c2c699e19 27bc34b9887bec0d 25145708d494530b 8faeacf8ca08f62d 3d6880bd12f6613f 0a79fabc6f5d93c9 b3ad55963554f220 d1e21234d7cc61d2 c28bc62802b90f82 3cb6b40d377e7ca8 03dfe518713e006c a52df8083c238c46 1d0f5fdc58e3efb5 393f49286db04aeb 09bbaa171c20bae3 34a62e66e05f9a44 8699cc5dd4159b69
65,aa0789b403bcd839 430feb4826a5632e 20db73cf07a45f71 95d25d38ba7df9c7 bc2ae5f4e5d53e00 9c9a9d45c2ea7ddf a9dad59c7055b56c db7342eff9200020 377c1150c781e37a 585f4ee09d8fea46 0772e3ab293a1f30 a60934e6b473097a 42bb83d7c4b9ecae 9cf6709de35bf0f3 eab15ee21e126f6a 7ee52d2519eea367 9fda36f260eec24e 3a6e7894dde31c67 2e2904c5373734ae 46315cf30aaee51c 4491016efed845f1 29bedd00fb2be056 016da874bd04df55 05e4165a56bf50eb b6a1c97f19af78d0 65fac1ba1840000f 22dc81380cf4baec c606425856952286 1d0f5fdc58e3efb5 3b4a85bac6ead3c8
66,2e79d45ba4d1540d 528161039994b4dc 88b62355670ec8f8 a813c15b46ceaf68 8faeacf8ca08f62d 47fbe21f5c35c7b4 2e4b00c01d58e79e 24e582daf6f87158 d63b7f083330247f 1d0f5fdc58e3efb5 5897953fdf87b60f 2394b08708475900 95ecdbff44ad0b60 3cb6b40d377e7ca8 8abe670908f12614 a2c35fdf07a13286 c5830f9d0f1e29e5 a2805ed52b47b8ec b6e646c13d0753ae 3e8e56f639a5db5b 0eedb1a0d3b8ddae 702d8f1064ab3e30 bd9cd6b87a4fe0ce c28bc62802b90f82 0bcaac840d5e66d7 9a0f5ee4f845c9b2 4d7653ea9499eed4 9cf6709de35bf0f3 7c8324ce28ffb96e 52370bea1acd0600
67,061f3e1feeaa3094 e8684734f2e587bd a292248bb2bffb3d 892074f7c1ef5d5e 430feb4826a5632e a9dad59c7055b56c d1e21234d7cc61d2 bc2ae5f4e5d53e00 3ca7964973437917 d216e5458ad70e60 60a070db9f1869b5 d5952b2e031c4e7e b6e646c13d0753ae f25bfcffedaccf28 4d32dae7b43c489a ec1b3d7ccd3984d0 16b11706660177ff f76f44d372517a9a 589ef345cb2dccfc 01b3da54ffb158a0 fb8bd6b95eb4702a abf90e759d208468 eec6b281e236b500 8fc68213b63951dc 7f95168400948588 9f4e0d572b1f4e6c e1460af4a7044067 047769588be1aea9 6c017e548aa138f2 d63b7f083330247f
68,1f423f368aebf7f3 7b81f1f2b6ec2e5f 9f4e0d572b1f4e6c 3c565c1fc2316d16 a492bd402afd5c71 e878efab7c37179e f48d0fbea7dc2782 24c47959ea77b15b cc507a0d6fcf4a1c 3b4a85bac6ead3c8 de8e1345e8c305c4 4d9214c0925e5af8 404031ab9d5977c4 c5830f9d0f1e29e5 66ccd03c9e03ac06 3e66b4855d0dddbe a2805ed52b47b8ec a60934e6b473097a a76ffccd2f5df1a7 62431fd374eb99fb 81b639b74256b45b 0f4c71d341e2d939 b6e646c13d0753ae 447fc00f40d71d08 ddf332f2b55a2a23 50806199c80e215c 9f3d2ca16f358290 d0f6c00eec5eb973 a292248bb2bffb3d cea18be9a89d7a81
69,47fbe21f5c35c7b4 e8684734f2e587bd d0f6c00eec5eb973 4dba7ce835494a63 2e79d45ba4d1540d 3b4a85bac6ead3c8 999a52f1d301247c ebfda3b48083e390 e878efab7c37179e 2a06f5614060e3b6 eec6b281e236b500 8699cc5dd4159b69 8fc68213b63951dc 587e0b2a4811fab1 b69ce8b8154645f8 73391e0853c1e040 cc507a0d6fcf4a1c 047769588be1aea9 25a3b47fe31bc6b5 9f3d2ca16f358290 a52df8083c238c46 0451447dd64f6284 ad06e9eeea8eb4ea 9f4e0d572b1f4e6c c606425856952286 e9c20b67a4c5395f 98dbd15aa33ebc18 4c3802a1bd3c842e a60934e6b473097a 702d8f1064ab3e30
70,f2e30efbd27bee51 c1f2e3a76d388944 54a11cbcd7a32af4 0220a434aa8bf029 f76f44d372517a9a 395b26d91f98bd92 9cf6709de35bf0f3 9c9ebf71707d7a37 0b0021aa60d05daa 3e66b4855d0dddbe b84b6c0b2e4d0306 e8b87ed7db1bcb1f 01b3da54ffb158a0 c015590d6a6fe833 49b5678e0d1e5bcd 455fde214d16d350 2359719a0f40ffac 34a62e66e05f9a44 d1e21234d7cc61d2 bd713b37b67866c3 d5952b2e031c4e7e db0e648651f4c92b af41e2b6da3e7e02 0eedb1a0d3b8ddae f44f74b3451aa593 9d5edf3b993fee50 64267373570e4ea3 d72363ddd958d906 db69d4cbfef8d22f 6cb9ab508a0678a0
71,cc861214a89ef1f4 af8e70f978cd5aee fab14d178b24a67f 4105533fe46dfba9 059bbdbdb843af6a 05e4165a56bf50eb 6cb9ab508a0678a0 22e8d6734e4121ae ecb768ef6fd223ca 5430097e23000368 9b2adcf4041227d7 5dd752753760ced8 db0e648651f4c92b 4d32dae7b43c489a 4b8c7061102517ef 54a11cbcd7a32af4 0683b6a78f54be75 bbbd5d2fd957e8f7 ae77487a89f2610c 522bd6887960c25d 061f3e1feeaa3094 3c565c1fc2316d16 7d83ffe83f61bdc4 64b31699d7d15934 42bb83d7c4b9ecae b9d966ad9e04127a 49b5678e0d1e5bcd c015590d6a6fe833 01b3da54ffb158a0 354d7a327bbcc152
72,46315cf30aaee51c 197fa50b30d91fe8 1f4f62844c3cb99c 8f578001f9d5f543 20d283a232dfd13c b29ab87af6ea6310 b3ad55963554f220 eec6b281e236b500 8fc68213b63951dc b78189788d563693 64b31699d7d15934 c28bc62802b90f82 6c017e548aa138f2 a52df8083c238c46 2a06f5614060e3b6 095bb1b6ecbd0a50 d5805cdb9e8f0f48 54f55c74d37db3c0 b3e75fdca5ca2f1a 39075e303166355e 36d33c41812ce7dc c810ac016901e8ac 74873b42602d8958 bed3e73d52011f68 61ba7707ef6a5a99 09660f466b38b7ba 047769588be1aea9 702d8f1064ab3e30 d6bbbd6c4968075a b69ce8b8154645f8
73,db0e648651f4c92b 5430097e23000368 0683b6a78f54be75 9d5edf3b993fee50 0220a434aa8bf029 919b1679fffa7ef1 35488b3b8b781278 3e66b4855d0dddbe 0b0021aa60d05daa bbbd5d2fd957e8f7 01b3da54ffb158a0 ae77487a89f2610c 9c9ebf71707d7a37 395b26d91f98bd92 7d83ffe83f61bdc4 18ced18aee04c48e 49b5678e0d1e5bcd af41e2b6da3e7e02 8e0760918e88e4a9 d257d1fbcf43abd5 64267373570e4ea3 6cb9ab508a0678a0 7e4a4a1300b77a06 404031ab9d5977c4 6899956cd6c683f0 dc576af4ae66e25e 2b48ab08c915c0ad 52aa48c07b34dc88 bd713b37b67866c3 8e83d05923cde390
74,f28fb3d9880c5d4c 4a5ac473c9d176ba a677c3a76055a6d2 0c2eeab1e4ce1db8 5570ef88d970e9b4 42c9b72cc77dcb28 2bafd15871caae91 2e44fbb8bc3d8d71 fc8971756f9ec194 36d33c41812ce7dc c810ac016901e8ac 2dd12c230ab22555 351c9da399c2b915 d64c06baf5ef1c90 83f8aca6ee2caabc 453bc79164d57a01 b0b5e62a93a2c37c 10ad13170242ecae 025a148c3a53bd9f 016da874bd04df55 316382267dcd804f 3d93a60f990a0a7c a14394322cf7043d cc861214a89ef1f4 74244a8703c03720 120e745e2961b5d5 27a12f29dceccdbd b8e2f75014710ced 18b1d2d84c97a364 e5fb8dc5c9cb4a19
75,48a76e3aff69d605 4d954d933e606b70 a860b682add9de1c 3c565c1fc2316d16 5b4c879fc9c316fb 486dd77002936dec f48d0fbea7dc2782 24c47959ea77b15b 58654e3143c6550b 9f4e0d572b1f4e6c 3e66b4855d0dddbe cc507a0d6fcf4a1c a76ffccd2f5df1a7 62431fd374eb99fb 0f4c71d341e2d939 404031ab9d5977c4 ddf332f2b55a2a23 cea18be9a89d7a81 a853f13216170123 f1a3b8b13e9401c0 4f2fffd7528de786 a492bd402afd5c71 10ad13170242ecae bee46c54461925d0 b6e72edcad270be0 e7cad3748e50b0f8 4b29fc21f912754d 172bc0ee09332ae9 2e031d83339759b2 666bdff4faa513ca
76,26fc2a95df5659c2 0451447dd64f6284 6d80d2e62d01f6bc 2901e5309bb3f8f6 c49d8f84a4f87f8a 8faeacf8ca08f62d 64b31699d7d15934 a292248bb2bffb3d 24e582daf6f87158 40583079f57235a6 393f49286db04aeb 47fbe21f5c35c7b4 1f4f62844c3cb99c 0db6584e3bdfa1c4 4d32dae7b43c489a b3ad55963554f220 c28bc62802b90f82 a52df8083c238c46 3c565c1fc2316d16 f48d0fbea7dc2782 0a79fabc6f5d93c9 24c47959ea77b15b a60934e6b473097a 522bd6887960c25d 3b6d27775fce1c7b 81b639b74256b45b 3e66b4855d0dddbe b9d966ad9e04127a c015590d6a6fe833 a76ffccd2f5df1a7
77,f28fb3d9880c5d4c a677c3a76055a6d2 0c2eeab1e4ce1db8 2e44fbb8bc3d8d71 fc8971756f9ec194 42c9b72cc77dcb28 351c9da399c2b915 2bafd15871caae91 120e745e2961b5d5 b0b5e62a93a2c37c 2dd12c230ab22555 00ff646ca6637bd7 36d33c41812ce7dc c810ac016901e8ac 37001ade0df85823 d64c06baf5ef1c90 83f8aca6ee2caabc 453bc79164d57a01 025a148c3a53bd9f 016da874bd04df55 316382267dcd804f 9100ea6cd0e084bf a14394322cf7043d 74244a8703c03720 c6b615b2589e036d 27a12f29dceccdbd b6cdb608f640e038 bd0f175ee98c613e 18b1d2d84c97a364 2820628e65a062e2
78,40583079f57235a6 8faeacf8ca08f62d 702d8f1064ab3e30 ae94d8435a6847f4 430feb4826a5632e 1f4f62844c3cb99c b3ad55963554f220 64b31699d7d15934 c28bc62802b90f82 a52df8083c238c46 f58ff7f1a6cde683 393f49286db04aeb a292248bb2bffb3d eec6b281e236b500 8fc68213b63951dc a04d6febd82a4389 6c017e548aa138f2 095bb1b6ecbd0a50 d5805cdb9e8f0f48 54f55c74d37db3c0 47fbe21f5c35c7b4 d46598813fb437e5 b3e75fdca5ca2f1a 39075e303166355e 0db6584e3bdfa1c4 528161039994b4dc 5430097e23000368 bed3e73d52011f68 09660f466b38b7ba f46601a9955f9949
79,c31a456b544a40a8 19e8f436d4b2fc25 a18df74d3a16e9c0 3c565c1fc2316d16 5b4c879fc9c316fb fa173131f15f5534 c015590d6a6fe833 f48d0fbea7dc2782 24c47959ea77b15b c1f2e3a76d388944 0a79fabc6f5d93c9 3e66b4855d0dddbe cc507a0d6fcf4a1c a76ffccd2f5df1a7 62431fd374eb99fb 0f4c71d341e2d939 ddf332f2b55a2a23 cea18be9a89d7a81 a853f13216170123 4d954d933e606b70 4f2fffd7528de786 b6e72edcad270be0 7155e5a86136eb02 4b29fc21f912754d 486dd77002936dec 172bc0ee09332ae9 2e031d83339759b2 666bdff4faa513ca 8a5635c748344d47 bee46c54461925d0
80,9b2adcf4041227d7 dc12cc503ac0eddb 24e582daf6f87158 4d32dae7b43c489a 3b4a85bac6ead3c8 8faeacf8ca08f62d 3c565c1fc2316d16 f48d0fbea7dc2782 24c47959ea77b15b 393f49286db04aeb a60934e6b473097a 522bd6887960c25d 3b6d27775fce1c7b 81b639b74256b45b 3e66b4855d0dddbe 47fbe21f5c35c7b4 64b31699d7d15934 b9d966ad9e04127a 0db6584e3bdfa1c4 c015590d6a6fe833 a76ffccd2f5df1a7 62431fd374eb99fb 0f4c71d341e2d939 54a11cbcd7a32af4 ddf332f2b55a2a23 cea18be9a89d7a81 48a76e3aff69d605 0e45c4c185f35df6 4d954d933e606b70 a860b682add9de1c
81,4e966bb2768c2b8a f58ff7f1a6cde683 4d32dae7b43c489a 01b3da54ffb158a0 d7d937303a6d5a9d 88b62355670ec8f8 734dabb98795c35c a65e30106ea50423 061f3e1feeaa3094 dc12cc503ac0eddb a5d5ba33b5b1dc95 01e5a6edcee7deb0 65ad9c583823162d 65708d542bd01f39 0647acc4602d4e8f fa173131f15f5534 99e833818ec4bbf2 29968e8fd13539f8 43b3338423d7386c f209d29f991432f0 f49e13a653cbdad2 22756be6fd061d4c c49d8f84a4f87f8a aa0789b403bcd839 dc17b07476183764 bc2ae5f4e5d53e00 0772e3ab293a1f30 765c0695339c3abe 3734d3b0b9232538 87c5481930cfe126
82,8566d15270eb5e83 430feb4826a5632e 939a1f686ea36c05 1efd7bd8a34a1359 e1460af4a7044067 bc2ae5f4e5d53e00 a813c15b46ceaf68 a9dad59c7055b56c 47fbe21f5c35c7b4 0a79fabc6f5d93c9 cc0c9419f8a20603 2e4b00c01d58e79e a860b682add9de1c 855f2f0354e102c7 72c2a95813ea72bd 4a5ac473c9d176ba 4b05967001421eab 4f915ad69e1dca36 abf90e759d208468 4b29fc21f912754d 106204cd0e07e1b2 4d32dae7b43c489a dc17b07476183764 a2c35fdf07a13286 39075e303166355e 528161039994b4dc 81bd116c786bf9ae 1d0f5fdc58e3efb5 ae94d8435a6847f4 e228204ae08d1355
83,447fc00f40d71d08 3e8e56f639a5db5b 46b99f864d6a075a 8e0760918e88e4a9 74244a8703c03720 7eec211cc37a1b05 680bb5c5c3bb6ee1 29968e8fd13539f8 8699cc5dd4159b69 395b26d91f98bd92 6899956cd6c683f0 964a50d33717c26d bd713b37b67866c3 af41e2b6da3e7e02 5b16bae6a0de7c88 d0f6c00eec5eb973 0b0021aa60d05daa 29bedd00fb2be056 01b3da54ffb158a0 0a79fabc6f5d93c9 2e4b00c01d58e79e 855f2f0354e102c7 5897953fdf87b60f 4b29fc21f912754d 3e66b4855d0dddbe 3b4a85bac6ead3c8 9d5edf3b993fee50 64267373570e4ea3 6e12311169bcb24c 6cb9ab508a0678a0
84,2e4b00c01d58e79e 5897953fdf87b60f 9b2adcf4041227d7 dc12cc503ac0eddb f25bfcffedaccf28 16b11706660177ff 528161039994b4dc 0a79fabc6f5d93c9 855f2f0354e102c7 88b62355670ec8f8 7f95168400948588 b05b5f6850cfa158 a813c15b46ceaf68 4b29fc21f912754d d1e21234d7cc61d2 47fbe21f5c35c7b4 0add47a043c64d7f 1d0f5fdc58e3efb5 72b80b099fd64ec4 24e582daf6f87158 d63b7f083330247f 81bd116c786bf9ae 2cebd52b41930f0a 45bd99d5d2eef776 b84b6c0b2e4d0306 6899956cd6c683f0 cc0c9419f8a20603 ca43e349133fc0e3 5547f9f1638ac345 92f42fbd0c38f7fd
85,942a7d26d81c841f a292248bb2bffb3d e8684734f2e587bd d7d937303a6d5a9d 395b26d91f98bd92 680bb5c5c3bb6ee1 6c017e548aa138f2 0b0021aa60d05daa 393f49286db04aeb c606425856952286 b3e75fdca5ca2f1a a14394322cf7043d fc16a50ff0baec53 01b3da54ffb158a0 6cb9ab508a0678a0 c6b615b2589e036d 7e4a4a1300b77a06 de35d2410e916471 e8ad5e31484ef889 e8b87ed7db1bcb1f b6e646c13d0753ae 0eafda717681bbdc 622f2e4119882c94 52aa48c07b34dc88 b6e72edcad270be0 a04d6febd82a4389 a2805ed52b47b8ec 20d283a232dfd13c 2359719a0f40ffac 061f3e1feeaa3094
86,5b16bae6a0de7c88 73391e0853c1e040 09660f466b38b7ba 72403ecdfe02bba6 8d58da0e1800dc96 f2234bb7ce0c6f59 0d0368139e9a647f 05f23e7d05dbf7c2 0fbd0f422e926816 b6d0f83aad4e4dc7 b3ad55963554f220 b29ab87af6ea6310 63d95d5977c2fe98 387e9cd2e5d4ea7d ac9ee0c09b538140 70776cdd9bb3b7d4 01020d1b0821f4c7 413c55a5ab86881a f9c6286cff30aaa8 abf90e759d208468 26fc2a95df5659c2 46b99f864d6a075a d35e11d3d1ab3c67 a292248bb2bffb3d d5805cdb9e8f0f48 33856365c271aea4 a14394322cf7043d 3b4a85bac6ead3c8 a9223c28b10c131f 52370bea1acd0600
87,00ff646ca6637bd7 bc27d5dc9bab1c18 e5fb8dc5c9cb4a19 27a12f29dceccdbd 354d7a327bbcc152 81bd116c786bf9ae b8e2f75014710ced 6cb9ab508a0678a0 00af886180e9eaec 9a439fd1abf95245 0eedb1a0d3b8ddae b05b5f6850cfa158 c810ac016901e8ac 36d33c41812ce7dc 238ec735a13a3f09 7e4a4a1300b77a06 e7828f0ea9749505 5057551fc55e9ed2 d64c06baf5ef1c90 83f8aca6ee2caabc 52e459a551d4ac2d 2bafd15871caae91 453bc79164d57a01 3d93a60f990a0a7c 5430097e23000368 cc861214a89ef1f4 af8e70f978cd5aee 61ba7707ef6a5a99 2dd12c230ab22555 da904d2a54ff8cf2
88,6d80d2e62d01f6bc c08c3765ac609cc0 5fb2d8e734956af0 f705b637f624147e a52df8083c238c46 b749972436ac9791 63d95d5977c2fe98 796888cc3443006c b69ce8b8154645f8 a9eef13786610446 05f23e7d05dbf7c2 5b34da30b93eb123 74e59c5820900b17 6aac5e116b75aa22 54f55c74d37db3c0 4d417b203b333363 8d58da0e1800dc96 26fc2a95df5659c2 0fbd0f422e926816 ffc688c4c1c2a068 29bedd00fb2be056 2a06f5614060e3b6 bed3e73d52011f68 00140806971e7a73 44d324ebd3e22ad7 f2234bb7ce0c6f59 0d0368139e9a647f ac9ee0c09b538140 c606425856952286 73391e0853c1e040
89,0eedb1a0d3b8ddae 0708923badf2ff5d 6ae470a7c9ec20fd b0e254dd420faee3 a860b682add9de1c 587e0b2a4811fab1 e403278468d84383 3734d3b0b9232538 ae94d8435a6847f4 765c0695339c3abe fa173131f15f5534 bf973f9ec3600199 5c4b7558c942a224 0079f3c74309b582 4beacc71024f8b08 9b0e8cf8153e3b33 e6a29676c096f8e8 0195950ce0f47e34 404031ab9d5977c4 59c231f8fd21260c a0566ca9daca7778 d73a65673e3f1d78 4d7653ea9499eed4 622f2e4119882c94 0bcaac840d5e66d7 c28bc62802b90f82 b24820ae14e16a24 702d8f1064ab3e30 3986b68500d7704b 00e1e2eb13f650e4
90,20db73cf07a45f71 5b16bae6a0de7c88 47fbe21f5c35c7b4 45bd99d5d2eef776 8e0760918e88e4a9 5ebb4d2f5f1c1f13 3cb6b40d377e7ca8 2e79d45ba4d1540d 5989fb934598c1a7 d5805cdb9e8f0f48 54f55c74d37db3c0 8df3f13d6af34cb3 27bc34b9887bec0d 8699cc5dd4159b69 b1e47da7659b675c 09660f466b38b7ba d0f6c00eec5eb973 8d58da0e1800dc96 d6ed7e4b14c51296 7f95168400948588 b3ad55963554f220 955e465ce0788ea6 413c55a5ab86881a 0a79fabc6f5d93c9 2e4b00c01d58e79e 016da874bd04df55 de35d2410e916471 49224aca40e6e5e3 9269d2b0d877352d 855f2f0354e102c7
91,c810ac016901e8ac 36d33c41812ce7dc 025a148c3a53bd9f fc21db75b354a917 016da874bd04df55 83f8aca6ee2caabc 9100ea6cd0e084bf a14394322cf7043d 453bc79164d57a01 c6b615b2589e036d 316382267dcd804f d64c06baf5ef1c90 b6cdb608f640e038 74244a8703c03720 2820628e65a062e2 27a12f29dceccdbd a04d6febd82a4389 3b4a85bac6ead3c8 bd0f175ee98c613e 8f578001f9d5f543 18b1d2d84c97a364 095bb1b6ecbd0a50 b78189788d563693 9f4e0d572b1f4e6c b3e75fdca5ca2f1a 46315cf30aaee51c 39075e303166355e 39f6296778264878 1f4f62844c3cb99c bed3e73d52011f68
92,b3ad55963554f220 c015590d6a6fe833 413c55a5ab86881a 52370bea1acd0600 b0bfe0f426275870 24e582daf6f87158 3b4a85bac6ead3c8 8faeacf8ca08f62d 238de368bb05c0ec 4d9214c0925e5af8 ebfda3b48083e390 ae77487a89f2610c dc12cc503ac0eddb 47fbe21f5c35c7b4 4a5ac473c9d176ba a9223c28b10c131f d0f6c00eec5eb973 9b2adcf4041227d7 5897953fdf87b60f b6a1c97f19af78d0 528161039994b4dc af41e2b6da3e7e02 88b62355670ec8f8 a2c35fdf07a13286 a813c15b46ceaf68 4d32dae7b43c489a f2b5098ac9c92da9 2e4b00c01d58e79e 3c565c1fc2316d16 d63b7f083330247f
93,d16da1fb61813db9 19e8f436d4b2fc25 4b29fc21f912754d 47fbe21f5c35c7b4 52370bea1acd0600 4d7653ea9499eed4 9a0f5ee4f845c9b2 0bcaac840d5e66d7 c28bc62802b90f82 702d8f1064ab3e30 3986b68500d7704b bbbd5d2fd957e8f7 ff88049e61f0f4ef e0269da736ddf004 bd713b37b67866c3 fd30682593995748 2a06f5614060e3b6 39f6296778264878 3fa57d488e979d74 e7cad3748e50b0f8 0708923badf2ff5d 734dabb98795c35c 942a7d26d81c841f bd0f175ee98c613e ae94d8435a6847f4 b6d0f83aad4e4dc7 b24820ae14e16a24 cea18be9a89d7a81 4b8c7061102517ef af8e70f978cd5aee
94,26140b225c4f8d3f 5430097e23000368 a292248bb2bffb3d 0683b6a78f54be75 35488b3b8b781278 52e459a551d4ac2d e878efab7c37179e a492bd402afd5c71 ae77487a89f2610c 1d0f5fdc58e3efb5 de8e1345e8c305c4 db0e648651f4c92b 9f4e0d572b1f4e6c 95ecdbff44ad0b60 50806199c80e215c bbbd5d2fd957e8f7 1a05ef8c93af8eed d92c0298f76ccf77 c36c2dce0e6e434f 5c8c6d9a1fd4c1e0 585f4ee09d8fea46 7d83ffe83f61bdc4 49b5678e0d1e5bcd 48cf88c17ff38c5e ddb3810e0289c148 0c2eeab1e4ce1db8 4f2fffd7528de786 587e0b2a4811fab1 d1e21234d7cc61d2 cc507a0d6fcf4a1c
95,88b62355670ec8f8 528161039994b4dc fa173131f15f5534 a813c15b46ceaf68 2e4b00c01d58e79e 24e582daf6f87158 47fbe21f5c35c7b4 d63b7f083330247f 5897953fdf87b60f 2394b08708475900 a5d5ba33b5b1dc95 a2c35fdf07a13286 4d32dae7b43c489a 1c3b74a02a86467d 01b3da54ffb158a0 d7d937303a6d5a9d a65e30106ea50423 96445bec1579ec97 bc2552a642ce8497 061f3e1feeaa3094 148ac4a56a18844d dc12cc503ac0eddb ced9c56f2be86774 01e5a6edcee7deb0 65ad9c583823162d 65708d542bd01f39 0647acc4602d4e8f 99e833818ec4bbf2 29968e8fd13539f8 43b3338423d7386c
96,63d509cd2a2e0e47 e8ad5e31484ef889 07be6a290720707d 1398b478b71773ed 3e66b4855d0dddbe bf3ccaba4a3450a8 bf973f9ec3600199 8dedff0a79784abc 680bb5c5c3bb6ee1 9a0f5ee4f845c9b2 0bcaac840d5e66d7 c28bc62802b90f82 702d8f1064ab3e30 3986b68500d7704b 3fa57d488e979d74 ff88049e61f0f4ef e0269da736ddf004 0708923badf2ff5d bd713b37b67866c3 fd30682593995748 2a06f5614060e3b6 e25a1da6ca187350 39f6296778264878 4d7653ea9499eed4 942a7d26d81c841f bd0f175ee98c613e ae94d8435a6847f4 b6d0f83aad4e4dc7 b24820ae14e16a24 622f2e4119882c94
97,d216e5458ad70e60 fb8bd6b95eb4702a d63b7f083330247f e8684734f2e587bd b6e646c13d0753ae 3ca7964973437917 8bf446c0455e3c5c 60a070db9f1869b5 d5952b2e031c4e7e da7d3c2d591c4295 8a5635c748344d47 1d0f5fdc58e3efb5 1d12acf7349196b0 a853f13216170123 e740c80fce094788 666bdff4faa513ca d1e21234d7cc61d2 0683b6a78f54be75 8faeacf8ca08f62d 5430097e23000368 95ecdbff44ad0b60 3cb6b40d377e7ca8 8abe670908f12614 c5830f9d0f1e29e5 a2805ed52b47b8ec 3e8e56f639a5db5b 3986b68500d7704b 3fa57d488e979d74 ff88049e61f0f4ef e0269da736ddf004
98,cc507a0d6fcf4a1c 3e66b4855d0dddbe 3c565c1fc2316d16 5b4c879fc9c316fb f48d0fbea7dc2782 24c47959ea77b15b 172bc0ee09332ae9 a853f13216170123 2a06f5614060e3b6 999a52f1d301247c a76ffccd2f5df1a7 73391e0853c1e040 62431fd374eb99fb 0f4c71d341e2d939 ddf332f2b55a2a23 cea18be9a89d7a81 7c98dedd223b36c0 4d954d933e606b70 4f2fffd7528de786 b6e72edcad270be0 d7d937303a6d5a9d 7155e5a86136eb02 4b29fc21f912754d 7f95168400948588 486dd77002936dec 2e031d83339759b2 666bdff4faa513ca 6406fcdb7d87b5dc 07f22a7ad7e4711d eec6b281e236b500
99,1efd7bd8a34a1359 e6a29676c096f8e8 5c4b7558c942a224 4d32dae7b43c489a 48a76e3aff69d605 d216e5458ad70e60 59c231f8fd21260c 22756be6fd061d4c 95166957b2c38794 9b0e8cf8153e3b33 01b3da54ffb158a0 5430097e23000368 a0566ca9daca7778 1d0f5fdc58e3efb5 f25bfcffedaccf28 e9c20b67a4c5395f c143c095983a65c2 88b62355670ec8f8 4beacc71024f8b08 ae94d8435a6847f4 061f3e1feeaa3094 58654e3143c6550b ebfda3b48083e390 8dedff0a79784abc 70ebf53ced736fa4 d7d937303a6d5a9d ad06e9eeea8eb4ea a5f55580081236f4 98dbd15aa33ebc18 40583079f57235a6
100,8566d15270eb5e83 d1e21234d7cc61d2 e740c80fce094788 e403278468d84383 4d7653ea9499eed4 7155e5a86136eb02 3a6e7894dde31c67 939a1f686ea36c05 e25a1da6ca187350 f46601a9955f9949 e228204ae08d1355 a860b682add9de1c ca4de5b8a7bda9df c1f2e3a76d388944 ba5199dba342af68 7c8324ce28ffb96e a76ffccd2f5df1a7 1d0f5fdc58e3efb5 5f94b027039f4e48 45bd99d5d2eef776 0eafda717681bbdc e8b87ed7db1bcb1f 148ac4a56a18844d ce0f56b7190c268a dea5e9227fbbac29 40583079f57235a6 a853f13216170123 83b911ff0ff45844 c143c095983a65c2 285657fcdf89f00d
101,dea5e9227fbbac29 d16da1fb61813db9 98dbd15aa33ebc18 3b6d27775fce1c7b 43b3338423d7386c a860b682add9de1c dc12cc503ac0eddb 8a5635c748344d47 e1460af4a7044067 1d0f5fdc58e3efb5 9b2adcf4041227d7 a292248bb2bffb3d e228204ae08d1355 e878efab7c37179e 9269d2b0d877352d 1a05ef8c93af8eed a492bd402afd5c71 828f5dfbbf1272ee fb2ebcb5335ad2e2 96e82fa141db9a4b 5c8c6d9a1fd4c1e0 24e582daf6f87158 a2c35fdf07a13286 eab15ee21e126f6a 366a22fce0614fb8 c36c2dce0e6e434f 95ecdbff44ad0b60 148ac4a56a18844d 4d7653ea9499eed4 48cf88c17ff38c5e
102,46315cf30aaee51c 047769588be1aea9 a292248bb2bffb3d 9c9a9d45c2ea7ddf 4d9214c0925e5af8 24e582daf6f87158 853e36b1550c6274 a60934e6b473097a 81b639b74256b45b 4d32dae7b43c489a 016da874bd04df55 65fac1ba1840000f c606425856952286 8faeacf8ca08f62d 74244a8703c03720 a982b5c3aed39396 b78189788d563693 36d33c41812ce7dc c810ac016901e8ac 3c565c1fc2316d16 9a0f5ee4f845c9b2 238ec735a13a3f09 0688c790d5806540 e7828f0ea9749505 b0bfe0f426275870 f48d0fbea7dc2782 24c47959ea77b15b 393f49286db04aeb eec6b281e236b500 66ccd03c9e03ac06
103,b6e72edcad270be0 3c565c1fc2316d16 48a76e3aff69d605 a860b682add9de1c f48d0fbea7dc2782 24c47959ea77b15b 3e66b4855d0dddbe a76ffccd2f5df1a7 62431fd374eb99fb 0f4c71d341e2d939 ddf332f2b55a2a23 cea18be9a89d7a81 4d954d933e606b70 8faeacf8ca08f62d 5b4c879fc9c316fb 4b29fc21f912754d 172bc0ee09332ae9 6406fcdb7d87b5dc cc507a0d6fcf4a1c 999a52f1d301247c 66ccd03c9e03ac06 238de368bb05c0ec a2c35fdf07a13286 404031ab9d5977c4 f1a3b8b13e9401c0 c31a456b544a40a8 a853f13216170123 4f2fffd7528de786 24e582daf6f87158 7155e5a86136eb02
104,2e031d83339759b2 b6e646c13d0753ae c5830f9d0f1e29e5 a2805ed52b47b8ec d216e5458ad70e60 8faeacf8ca08f62d fb8bd6b95eb4702a d63b7f083330247f e8684734f2e587bd 3ca7964973437917 a292248bb2bffb3d 8bf446c0455e3c5c 60a070db9f1869b5 24e582daf6f87158 d5952b2e031c4e7e da7d3c2d591c4295 8a5635c748344d47 4d32dae7b43c489a 3c565c1fc2316d16 1d0f5fdc58e3efb5 f48d0fbea7dc2782 24c47959ea77b15b 393f49286db04aeb 1d12acf7349196b0 a60934e6b473097a 522bd6887960c25d 3b6d27775fce1c7b 81b639b74256b45b 3e66b4855d0dddbe 47fbe21f5c35c7b4
105,1efd7bd8a34a1359 24e582daf6f87158 c015590d6a6fe833 a982b5c3aed39396 4d32dae7b43c489a 7c8324ce28ffb96e 395b26d91f98bd92 a60934e6b473097a 3c565c1fc2316d16 81b639b74256b45b 8faeacf8ca08f62d f48d0fbea7dc2782 24c47959ea77b15b 238de368bb05c0ec 404031ab9d5977c4 c31a456b544a40a8 d216e5458ad70e60 522bd6887960c25d 393f49286db04aeb 3b6d27775fce1c7b 3e66b4855d0dddbe 64b31699d7d15934 b9d966ad9e04127a 0db6584e3bdfa1c4 a76ffccd2f5df1a7 6a3919ad9ed8197e 9a0f5ee4f845c9b2 62431fd374eb99fb da7d3c2d591c4295 0f4c71d341e2d939
106,24e582daf6f87158 4d32dae7b43c489a bf3ccaba4a3450a8 4d29c6922b2d0d56 3c565c1fc2316d16 f48d0fbea7dc2782 24c47959ea77b15b a60934e6b473097a 522bd6887960c25d 3b6d27775fce1c7b 81b639b74256b45b 8faeacf8ca08f62d 3e66b4855d0dddbe 64b31699d7d15934 b9d966ad9e04127a 0db6584e3bdfa1c4 c015590d6a6fe833 a76ffccd2f5df1a7 62431fd374eb99fb 0f4c71d341e2d939 54a11cbcd7a32af4 ddf332f2b55a2a23 cea18be9a89d7a81 48a76e3aff69d605 0e45c4c185f35df6 4d954d933e606b70 a860b682add9de1c 52370bea1acd0600 393f49286db04aeb 8dedff0a79784abc
107,351c9da399c2b915 f28fb3d9880c5d4c 393f49286db04aeb 2e44fbb8bc3d8d71 a677c3a76055a6d2 fc8971756f9ec194 0c2eeab1e4ce1db8 120e745e2961b5d5 d6ed7e4b14c51296 42c9b72cc77dcb28 81bd116c786bf9ae b0b5e62a93a2c37c 5bf89d11a25121d9 40583079f57235a6 6e239f4dd4b6aed7 2bafd15871caae91 37001ade0df85823 1f4f62844c3cb99c 00d9f8d3f7d412b3 2dd12c230ab22555 00ff646ca6637bd7 b3ad55963554f220 22e8d6734e4121ae c28bc62802b90f82 a52df8083c238c46 6e1b6b53c9710940 64b31699d7d15934 00958a140c3a6de8 059bbdbdb843af6a a292248bb2bffb3d
108,bc2552a642ce8497 447fc00f40d71d08 e8ad5e31484ef889 d73a65673e3f1d78 c11b97f245a9dfd0 b84b6c0b2e4d0306 54a11cbcd7a32af4 34a62e66e05f9a44 128d583954b18074 d5952b2e031c4e7e 0eedb1a0d3b8ddae 00e1e2eb13f650e4 52370bea1acd0600 4d7653ea9499eed4 9a0f5ee4f845c9b2 0bcaac840d5e66d7 c28bc62802b90f82 702d8f1064ab3e30 3fa57d488e979d74 ff88049e61f0f4ef e0269da736ddf004 bd713b37b67866c3 fd30682593995748 2a06f5614060e3b6 3986b68500d7704b 0708923badf2ff5d 734dabb98795c35c 942a7d26d81c841f bd0f175ee98c613e ae94d8435a6847f4
109,dc12cc503ac0eddb 9b2adcf4041227d7 a292248bb2bffb3d d1e21234d7cc61d2 b05b5f6850cfa158 0eedb1a0d3b8ddae d73a65673e3f1d78 128d583954b18074 942a7d26d81c841f 9a0f5ee4f845c9b2 0bcaac840d5e66d7 c28bc62802b90f82 702d8f1064ab3e30 3986b68500d7704b 3fa57d488e979d74 e0269da736ddf004 bd713b37b67866c3 fd30682593995748 2a06f5614060e3b6 734dabb98795c35c 39f6296778264878 ff88049e61f0f4ef ae94d8435a6847f4 b6d0f83aad4e4dc7 b24820ae14e16a24 622f2e4119882c94 4b8c7061102517ef af8e70f978cd5aee 5ebb4d2f5f1c1f13 00140806971e7a73
110,49b5678e0d1e5bcd 4d32dae7b43c489a 01b3da54ffb158a0 d7d937303a6d5a9d 88b62355670ec8f8 a65e30106ea50423 061f3e1feeaa3094 dc12cc503ac0eddb a5d5ba33b5b1dc95 01e5a6edcee7deb0 65ad9c583823162d 65708d542bd01f39 0647acc4602d4e8f fa173131f15f5534 99e833818ec4bbf2 29968e8fd13539f8 43b3338423d7386c f209d29f991432f0 f49e13a653cbdad2 22756be6fd061d4c aa0789b403bcd839 bc2ae5f4e5d53e00 0772e3ab293a1f30 87c5481930cfe126 e6a29676c096f8e8 1c3b74a02a86467d 4e966bb2768c2b8a 1efd7bd8a34a1359 95166957b2c38794 455fde214d16d350
111,16b11706660177ff abf90e759d208468 f25bfcffedaccf28 393f49286db04aeb 65fac1ba1840000f 0db6584e3bdfa1c4 942a7d26d81c841f d7d937303a6d5a9d a65e30106ea50423 d46598813fb437e5 a5d5ba33b5b1dc95 4d32dae7b43c489a 01e5a6edcee7deb0 0647acc4602d4e8f 29968e8fd13539f8 f49e13a653cbdad2 01b3da54ffb158a0 88b62355670ec8f8 1c3b74a02a86467d 061f3e1feeaa3094 dc12cc503ac0eddb ac9ee0c09b538140 4bed80e56ea2e099 e4a7a996ed6a5a81 65ad9c583823162d 65708d542bd01f39 fa173131f15f5534 99e833818ec4bbf2 a292248bb2bffb3d 8643165b0f53df11
112,9a0f5ee4f845c9b2 8bf446c0455e3c5c da7d3c2d591c4295 98dbd15aa33ebc18 eff60ceea8817dad f48d0fbea7dc2782 9100ea6cd0e084bf 047769588be1aea9 ca43e349133fc0e3 f29eee8054c061e1 83b911ff0ff45844 0451447dd64f6284 4bed80e56ea2e099 e4a7a996ed6a5a81 acae1d29289b1266 65d44c6393907290 07f22a7ad7e4711d 8643165b0f53df11 ac9ee0c09b538140 95d25d38ba7df9c7 3734d3b0b9232538 455fde214d16d350 765c0695339c3abe 04886579947a80c2 6899956cd6c683f0 a853f13216170123 d73a65673e3f1d78 f25bfcffedaccf28 4d32dae7b43c489a ec1b3d7ccd3984d0
113,65ad9c583823162d 65708d542bd01f39 52aa48c07b34dc88 5879096a38d69fc5 daa257a37227cd72 a18df74d3a16e9c0 2e79d45ba4d1540d 73f770f2643a2135 4f915ad69e1dca36 bc2552a642ce8497 01ecc81f6341e902 955e465ce0788ea6 29bedd00fb2be056 0eedb1a0d3b8ddae 49224aca40e6e5e3 b69ce8b8154645f8 796888cc3443006c 59bf6d6df9146d60 a52df8083c238c46 853e36b1550c6274 622f2e4119882c94 d6bbbd6c4968075a 5fb2d8e734956af0 af41e2b6da3e7e02 bf3ccaba4a3450a8 6a9aa1bd93e36e66 b05b5f6850cfa158 ac9ee0c09b538140 22756be6fd061d4c 10ad13170242ecae
114,b0b5e62a93a2c37c 2dd12c230ab22555 9f27aa36c1ea793c f28fb3d9880c5d4c a677c3a76055a6d2 0c2eeab1e4ce1db8 fc8971756f9ec194 351c9da399c2b915 120e745e2961b5d5 42c9b72cc77dcb28 2e44fbb8bc3d8d71 2bafd15871caae91 37001ade0df85823 00ff646ca6637bd7 95166957b2c38794 b05b5f6850cfa158 c810ac016901e8ac 36d33c41812ce7dc 238ec735a13a3f09 7e4a4a1300b77a06 e7828f0ea9749505 5057551fc55e9ed2 d64c06baf5ef1c90 0eedb1a0d3b8ddae 83f8aca6ee2caabc 52e459a551d4ac2d 453bc79164d57a01 3d93a60f990a0a7c 5430097e23000368 cc861214a89ef1f4
115,9ab90dfc5c9b0b37 ce8cb4351b8c0f6e 04886579947a80c2 7f29daa16b9b4cda 892074f7c1ef5d5e 919b1679fffa7ef1 28403e62105b00f6 d216e5458ad70e60 f6d23cdd2359f7c0 a5f55580081236f4 cc0c9419f8a20603 5430097e23000368 0eedb1a0d3b8ddae b05b5f6850cfa158 00e1e2eb13f650e4 0195950ce0f47e34 5fb2d8e734956af0 cea18be9a89d7a81 bbbd5d2fd957e8f7 47fbe21f5c35c7b4 3fa57d488e979d74 796888cc3443006c 447fc00f40d71d08 4d7653ea9499eed4 9a0f5ee4f845c9b2 0bcaac840d5e66d7 c28bc62802b90f82 9cf6709de35bf0f3 702d8f1064ab3e30 3986b68500d7704b
116,43b3338423d7386c 419b5dc40744fb9b b84b6c0b2e4d0306 bd0f175ee98c613e 88b62355670ec8f8 22dc81380cf4baec 97d696011258825c 01e5a6edcee7deb0 36d33c41812ce7dc c810ac016901e8ac 9113e9dc940fb287 d3c4a7db726191e0 34a62e66e05f9a44 eff60ceea8817dad d16da1fb61813db9 bb7515be835dea49 d64c06baf5ef1c90 83f8aca6ee2caabc 2394b08708475900 453bc79164d57a01 2e4b00c01d58e79e 025a148c3a53bd9f 016da874bd04df55 316382267dcd804f 0add47a043c64d7f 9100ea6cd0e084bf a14394322cf7043d 74244a8703c03720 eab15ee21e126f6a bf3ccaba4a3450a8
117,4f2fffd7528de786 3cb6b40d377e7ca8 0eafda717681bbdc ec4ef2f727e7a03f de35d2410e916471 a492bd402afd5c71 72b80b099fd64ec4 da011b87595c1019 b26d8664feb18c8c b05b5f6850cfa158 877672967d3f70bb 0e45c4c185f35df6 83b911ff0ff45844 83f8f2fc471cad74 c14d5b16840d3032 50cb6a6c60ad711a e403278468d84383 238de368bb05c0ec 8faeacf8ca08f62d 3b4a85bac6ead3c8 5430097e23000368 1d0f5fdc58e3efb5 95ecdbff44ad0b60 8abe670908f12614 c5830f9d0f1e29e5 a2805ed52b47b8ec b6e646c13d0753ae 3e8e56f639a5db5b 447fc00f40d71d08 5fb2d8e734956af0
118,05f23e7d05dbf7c2 f2234bb7ce0c6f59 0fbd0f422e926816 0d0368139e9a647f 72403ecdfe02bba6 9b2adcf4041227d7 73391e0853c1e040 5b16bae6a0de7c88 b6d0f83aad4e4dc7 c08c3765ac609cc0 f705b637f624147e 36d33c41812ce7dc c810ac016901e8ac 238ec735a13a3f09 9d5edf3b993fee50 b749972436ac9791 e7828f0ea9749505 8d58da0e1800dc96 61ba7707ef6a5a99 a9eef13786610446 42c9b72cc77dcb28 d64c06baf5ef1c90 387e9cd2e5d4ea7d 63d95d5977c2fe98 52e459a551d4ac2d 70776cdd9bb3b7d4 00140806971e7a73 e7cad3748e50b0f8 453bc79164d57a01 3d93a60f990a0a7c
119,c08c3765ac609cc0 a9eef13786610446 74e59c5820900b17 5b34da30b93eb123 ffc688c4c1c2a068 f705b637f624147e b749972436ac9791 44d324ebd3e22ad7 4d417b203b333363 dac29ed8400b50cc 2359719a0f40ffac 05f23e7d05dbf7c2 00140806971e7a73 6d80d2e62d01f6bc 2810fb6f81d1711c 54f55c74d37db3c0 2a06f5614060e3b6 0fbd0f422e926816 005666aa098abe8e 0d0368139e9a647f bed3e73d52011f68 f46601a9955f9949 8d58da0e1800dc96 e14a893f1918277e 5fb2d8e734956af0 65254e0d209fd66e f2234bb7ce0c6f59 0eafda717681bbdc e7cad3748e50b0f8 65fac1ba1840000f
120,cc507a0d6fcf4a1c b05b5f6850cfa158 419b5dc40744fb9b 6899956cd6c683f0 16b11706660177ff 3b4a85bac6ead3c8 01e5a6edcee7deb0 cc0c9419f8a20603 0add47a043c64d7f b6cdb608f640e038 d3c4a7db726191e0 520ec719078be07c 7f95168400948588 b84b6c0b2e4d0306 a292248bb2bffb3d eec6b281e236b500 8fc68213b63951dc 48cf88c17ff38c5e 39f6296778264878 999a52f1d301247c 5547f9f1638ac345 ec1b3d7ccd3984d0 bfb8032f2183d471 f76f44d372517a9a 97d696011258825c 1f4f62844c3cb99c 9cf6709de35bf0f3 bed3e73d52011f68 d7d937303a6d5a9d 8f578001f9d5f543
121,25145708d494530b ec1b3d7ccd3984d0 e22c35101e190db9 48f93f9c2c699e19 765c0695339c3abe 1f423f368aebf7f3 27bc34b9887bec0d 3d6880bd12f6613f 0a79fabc6f5d93c9 047769588be1aea9 3cb6b40d377e7ca8 c5830f9d0f1e29e5 03dfe518713e006c a2805ed52b47b8ec 09bbaa171c20bae3 34a62e66e05f9a44 8699cc5dd4159b69 0451447dd64f6284 7155e5a86136eb02 b6e646c13d0753ae 45630e1451157ff3 4d32dae7b43c489a 4fe9e4e55585ba4b f48d0fbea7dc2782 ae000f9d0b5e104e 01b3da54ffb158a0 9cf6709de35bf0f3 d7d937303a6d5a9d 88b62355670ec8f8 a65e30106ea50423
122,1d0f5fdc58e3efb5 95ecdbff44ad0b60 047769588be1aea9 e1460af4a7044067 0451447dd64f6284 e228204ae08d1355 e878efab7c37179e 9269d2b0d877352d 1a05ef8c93af8eed a492bd402afd5c71 828f5dfbbf1272ee fb2ebcb5335ad2e2 96e82fa141db9a4b 3b6d27775fce1c7b 5c8c6d9a1fd4c1e0 eab15ee21e126f6a 366a22fce0614fb8 c36c2dce0e6e434f 148ac4a56a18844d 4d7653ea9499eed4 48cf88c17ff38c5e ddb3810e0289c148 de8e1345e8c305c4 877672967d3f70bb 587e0b2a4811fab1 26140b225c4f8d3f bf973f9ec3600199 a860b682add9de1c 4f2fffd7528de786 d980375fbd40c75f
123,de8e1345e8c305c4 8566d15270eb5e83 28a2067685cb3e97 047769588be1aea9 0451447dd64f6284 1d0f5fdc58e3efb5 95ecdbff44ad0b60 e1460af4a7044067 e228204ae08d1355 e878efab7c37179e 9269d2b0d877352d 1a05ef8c93af8eed a492bd402afd5c71 828f5dfbbf1272ee fb2ebcb5335ad2e2 96e82fa141db9a4b 3b6d27775fce1c7b 5c8c6d9a1fd4c1e0 eab15ee21e126f6a 366a22fce0614fb8 c36c2dce0e6e434f 148ac4a56a18844d 4d7653ea9499eed4 48cf88c17ff38c5e ddb3810e0289c148 877672967d3f70bb 587e0b2a4811fab1 26140b225c4f8d3f bf973f9ec3600199 a860b682add9de1c
124,2e44fbb8bc3d8d71 fc8971756f9ec194 f28fb3d9880c5d4c c810ac016901e8ac 36d33c41812ce7dc d64c06baf5ef1c90 83f8aca6ee2caabc 6e1b6b53c9710940 025a148c3a53bd9f 016da874bd04df55 316382267dcd804f 453bc79164d57a01 a14394322cf7043d 74244a8703c03720 059bbdbdb843af6a 27a12f29dceccdbd 120e745e2961b5d5 18b1d2d84c97a364 c03b11a0cdc3fa39 2bafd15871caae91 bc27d5dc9bab1c18 39f6296778264878 00af886180e9eaec c28bc62802b90f82 26fc2a95df5659c2 3d93a60f990a0a7c cc861214a89ef1f4 2dd12c230ab22555 9a439fd1abf95245 00d9f8d3f7d412b3
125,48a76e3aff69d605 a860b682add9de1c 1efd7bd8a34a1359 4d32dae7b43c489a 01b3da54ffb158a0 d7d937303a6d5a9d 50cb6a6c60ad711a 88b62355670ec8f8 f1a3b8b13e9401c0 a65e30106ea50423 10ad13170242ecae 81bd116c786bf9ae 061f3e1feeaa3094 dc12cc503ac0eddb a5d5ba33b5b1dc95 01e5a6edcee7deb0 65ad9c583823162d 65708d542bd01f39 0647acc4602d4e8f fa173131f15f5534 99e833818ec4bbf2 29968e8fd13539f8 43b3338423d7386c f209d29f991432f0 f49e13a653cbdad2 22756be6fd061d4c aa0789b403bcd839 bc2ae5f4e5d53e00 0772e3ab293a1f30 87c5481930cfe126
126,45bd99d5d2eef776 eab15ee21e126f6a a60934e6b473097a 5430097e23000368 b05b5f6850cfa158 e1460af4a7044067 1d0f5fdc58e3efb5 e228204ae08d1355 e878efab7c37179e 9269d2b0d877352d 1a05ef8c93af8eed a492bd402afd5c71 828f5dfbbf1272ee 0eedb1a0d3b8ddae fb2ebcb5335ad2e2 96e82fa141db9a4b 3b6d27775fce1c7b 5c8c6d9a1fd4c1e0 9c9a9d45c2ea7ddf 366a22fce0614fb8 c36c2dce0e6e434f ae000f9d0b5e104e 95ecdbff44ad0b60 148ac4a56a18844d 4d7653ea9499eed4 48cf88c17ff38c5e ddb3810e0289c148 de8e1345e8c305c4 877672967d3f70bb 587e0b2a4811fab1
127,734dabb98795c35c fd57e641d06ebda7 013030fd7d29bf3d 6aefb6531736648a 65254e0d209fd66e c143c095983a65c2 72c2a95813ea72bd 3d93a60f990a0a7c 5b16bae6a0de7c88 c03b11a0cdc3fa39 7b81f1f2b6ec2e5f e461837f0fb35048 b84b6c0b2e4d0306 54a11cbcd7a32af4 34a62e66e05f9a44 d5952b2e031c4e7e c810ac016901e8ac 36d33c41812ce7dc 238ec735a13a3f09 7e4a4a1300b77a06 e7828f0ea9749505 5057551fc55e9ed2 d64c06baf5ef1c90 83f8aca6ee2caabc 52e459a551d4ac2d 2bafd15871caae91 453bc79164d57a01 5430097e23000368 cc861214a89ef1f4 af8e70f978cd5aee
128,f2b5098ac9c92da9 b50b4e27b03c7b37 db7342eff9200020 a017f3358d5327aa 12af6a34778710db 0897dcfae16e280f 285657fcdf89f00d e25a1da6ca187350 1dc7139adba034ec ca4de5b8a7bda9df c1f2e3a76d388944 24e582daf6f87158 ba5199dba342af68 e8b87ed7db1bcb1f 2bafd15871caae91 83b911ff0ff45844 1fe79c7de59ff6c6 4d32dae7b43c489a d1e21234d7cc61d2 0bcaac840d5e66d7 e403278468d84383 3c0873ce078d332b 8faeacf8ca08f62d 3c565c1fc2316d16 f48d0fbea7dc2782 24c47959ea77b15b b6a1c97f19af78d0 f705b637f624147e 393f49286db04aeb 0eedb1a0d3b8ddae
129,047769588be1aea9 0451447dd64f6284 0a79fabc6f5d93c9 5867d40811c0229f 999a52f1d301247c a813c15b46ceaf68 47fbe21f5c35c7b4 e22c35101e190db9 2e4b00c01d58e79e 855f2f0354e102c7 4a5ac473c9d176ba 4f915ad69e1dca36 abf90e759d208468 4b29fc21f912754d 4d32dae7b43c489a a292248bb2bffb3d d46598813fb437e5 eec6b281e236b500 8fc68213b63951dc 39075e303166355e 6aac5e116b75aa22 528161039994b4dc 81bd116c786bf9ae ec1b3d7ccd3984d0 16b11706660177ff b05b5f6850cfa158 f76f44d372517a9a ae94d8435a6847f4 430feb4826a5632e d216e5458ad70e60
130,22e8d6734e4121ae e7828f0ea9749505 5057551fc55e9ed2 83f8aca6ee2caabc 52e459a551d4ac2d 453bc79164d57a01 af8e70f978cd5aee 61ba7707ef6a5a99 da904d2a54ff8cf2 c05f45f86d0771d5 6461a9faa871b3ac 9c9a9d45c2ea7ddf 00d9f8d3f7d412b3 ee3ed9a3f51336cd d6ed7e4b14c51296 9b2adcf4041227d7 c606425856952286 74244a8703c03720 a1314cd417504572 4483bbdd3241f11a 8b7c486a910dd004 d72363ddd958d906 bc27d5dc9bab1c18 8df3f13d6af34cb3 b0b5e62a93a2c37c ad06e9eeea8eb4ea 9f27aa36c1ea793c cec2eea2a1fe566a b8e2f75014710ced 0b774cf90856c4da
131,83f8f2fc471cad74 2e4b00c01d58e79e 1fe79c7de59ff6c6 6204e398d8c7f888 bee46c54461925d0 4577ae048ef1967d b2ee9eea2d974c90 5057551fc55e9ed2 acf5cb026b3c4551 57113c2a4cacd961 4535ce2e3dced00f bfb8032f2183d471 5b4c879fc9c316fb 4bed80e56ea2e099 7c98dedd223b36c0 ad06e9eeea8eb4ea 419b5dc40744fb9b 8643165b0f53df11 538c7bb968b2154c 25145708d494530b 64267373570e4ea3 050544c040f46152 522bd6887960c25d c1f2e3a76d388944 d6ed7e4b14c51296 03dfe518713e006c 4d7653ea9499eed4 09bbaa171c20bae3 f209d29f991432f0 a0b1f4dd32f3e278
132,4f915ad69e1dca36 aa967ad3c1f65a29 6aefb6531736648a 047769588be1aea9 00e1e2eb13f650e4 734dabb98795c35c 1fe79c7de59ff6c6 0451447dd64f6284 e461837f0fb35048 daa257a37227cd72 4d29c6922b2d0d56 10ad13170242ecae 9b0e8cf8153e3b33 c49d8f84a4f87f8a 5b4c879fc9c316fb 069e7e25e43deab3 ad06e9eeea8eb4ea 538c7bb968b2154c 25145708d494530b 03dfe518713e006c 765c0695339c3abe 033d905aec273595 09bbaa171c20bae3 585f4ee09d8fea46 a0b1f4dd32f3e278 892074f7c1ef5d5e c143c095983a65c2 0079f3c74309b582 72c2a95813ea72bd 4f31209941bb05fc
133,74244a8703c03720 047769588be1aea9 cc861214a89ef1f4 af8e70f978cd5aee 7d83ffe83f61bdc4 46315cf30aaee51c 016da874bd04df55 65fac1ba1840000f c606425856952286 fab14d178b24a67f 0688c790d5806540 853e36b1550c6274 9c9a9d45c2ea7ddf 5867d40811c0229f 4d9214c0925e5af8 f05fa5f57dc03e81 4105533fe46dfba9 da904d2a54ff8cf2 059bbdbdb843af6a 351c9da399c2b915 bbbd5d2fd957e8f7 4483bbdd3241f11a 428f9363fa35882d 22e8d6734e4121ae 702d8f1064ab3e30 ae94d8435a6847f4 430feb4826a5632e b8e2f75014710ced 8abe670908f12614 73f770f2643a2135
134,a65e30106ea50423 50cb6a6c60ad711a 90ecb28f2edb9d43 58654e3143c6550b ced9c56f2be86774 2e79d45ba4d1540d 9f3d2ca16f358290 2e031d83339759b2 447fc00f40d71d08 6899956cd6c683f0 a853f13216170123 f25bfcffedaccf28 4d32dae7b43c489a ec1b3d7ccd3984d0 16b11706660177ff f76f44d372517a9a d216e5458ad70e60 9cf6709de35bf0f3 01b3da54ffb158a0 b1dcaca98bb76736 3c565c1fc2316d16 8e0cc5199a0ee659 d7d937303a6d5a9d 7f95168400948588 9f4e0d572b1f4e6c 5b4c879fc9c316fb e1460af4a7044067 f48d0fbea7dc2782 24c47959ea77b15b 88b62355670ec8f8
135,522bd6887960c25d 1fe79c7de59ff6c6 a292248bb2bffb3d 538c7bb968b2154c 40583079f57235a6 25145708d494530b 09bbaa171c20bae3 ad06e9eeea8eb4ea 5b4c879fc9c316fb 095bb1b6ecbd0a50 64b31699d7d15934 f209d29f991432f0 c1f2e3a76d388944 03dfe518713e006c 4d32dae7b43c489a 4d7653ea9499eed4 c28bc62802b90f82 393f49286db04aeb a04d6febd82a4389 6c017e548aa138f2 033d905aec273595 2e4b00c01d58e79e 061f3e1feeaa3094 54f55c74d37db3c0 8faeacf8ca08f62d b3e75fdca5ca2f1a 01b3da54ffb158a0 33856365c271aea4 b9d966ad9e04127a 1efd7bd8a34a1359
136,2e79d45ba4d1540d 8699cc5dd4159b69 d0f6c00eec5eb973 47fbe21f5c35c7b4 1f423f368aebf7f3 a292248bb2bffb3d 24e582daf6f87158 5430097e23000368 528161039994b4dc 8faeacf8ca08f62d 88b62355670ec8f8 5897953fdf87b60f a813c15b46ceaf68 a60934e6b473097a 3b6d27775fce1c7b 81b639b74256b45b 2e4b00c01d58e79e eec6b281e236b500 8fc68213b63951dc d63b7f083330247f a2c35fdf07a13286 ec1b3d7ccd3984d0 d5805cdb9e8f0f48 f76f44d372517a9a 0eedb1a0d3b8ddae b05b5f6850cfa158 52370bea1acd0600 1f4f62844c3cb99c 9cf6709de35bf0f3 bed3e73d52011f68
137,5c4b7558c942a224 636224e349e561bf e6a29676c096f8e8 48a76e3aff69d605 a860b682add9de1c f1a3b8b13e9401c0 3a6e7894dde31c67 24e582daf6f87158 59c231f8fd21260c 3b6d27775fce1c7b 1efd7bd8a34a1359 95166957b2c38794 c015590d6a6fe833 528161039994b4dc 72b80b099fd64ec4 52370bea1acd0600 8dedff0a79784abc 285657fcdf89f00d 6461a9faa871b3ac b6e72edcad270be0 0f33ce8d8014f308 1a8e5d6512d9e2d8 4f915ad69e1dca36 e9c20b67a4c5395f 28a2067685cb3e97 50cb6a6c60ad711a 976baf0e84752a68 2820628e65a062e2 f48d0fbea7dc2782 c143c095983a65c2
138,c08c3765ac609cc0 f705b637f624147e 74e59c5820900b17 5b34da30b93eb123 b749972436ac9791 d216e5458ad70e60 a9eef13786610446 ffc688c4c1c2a068 44d324ebd3e22ad7 4d417b203b333363 2359719a0f40ffac dac29ed8400b50cc 6d80d2e62d01f6bc a5f55580081236f4 54f55c74d37db3c0 05f23e7d05dbf7c2 bed3e73d52011f68 f46601a9955f9949 1d0f5fdc58e3efb5 2810fb6f81d1711c 8d58da0e1800dc96 e14a893f1918277e 0eafda717681bbdc 00140806971e7a73 e7cad3748e50b0f8 65fac1ba1840000f 2a06f5614060e3b6 0fbd0f422e926816 5fb2d8e734956af0 005666aa098abe8e
139,19b4014943e0ad92 d216e5458ad70e60 6406fcdb7d87b5dc 96e82fa141db9a4b 62431fd374eb99fb 99e833818ec4bbf2 f29eee8054c061e1 133b04350c75770b 9f3d2ca16f358290 07f22a7ad7e4711d 069e7e25e43deab3 1dc7139adba034ec 6a9aa1bd93e36e66 bee46c54461925d0 e8ad5e31484ef889 3b4a85bac6ead3c8 1d0f5fdc58e3efb5 da7d3c2d591c4295 95ecdbff44ad0b60 3cb6b40d377e7ca8 6899956cd6c683f0 98dbd15aa33ebc18 a853f13216170123 c5830f9d0f1e29e5 eff60ceea8817dad a2805ed52b47b8ec f25bfcffedaccf28 aa967ad3c1f65a29 b6e646c13d0753ae 4d32dae7b43c489a
140,666bdff4faa513ca 3e66b4855d0dddbe bf3ccaba4a3450a8 63d509cd2a2e0e47 855f2f0354e102c7 3c565c1fc2316d16 e8ad5e31484ef889 5b4c879fc9c316fb 07be6a290720707d f48d0fbea7dc2782 24c47959ea77b15b a853f13216170123 c015590d6a6fe833 c1f2e3a76d388944 bf973f9ec3600199 8dedff0a79784abc cc507a0d6fcf4a1c 1398b478b71773ed a76ffccd2f5df1a7 62431fd374eb99fb 0f4c71d341e2d939 ddf332f2b55a2a23 cea18be9a89d7a81 4d954d933e606b70 4f2fffd7528de786 4d29c6922b2d0d56 b6e72edcad270be0 7155e5a86136eb02 4b29fc21f912754d cc0c9419f8a20603
141,72403ecdfe02bba6 f2234bb7ce0c6f59 0d0368139e9a647f 05f23e7d05dbf7c2 0fbd0f422e926816 73391e0853c1e040 5b16bae6a0de7c88 b6d0f83aad4e4dc7 dc17b07476183764 387e9cd2e5d4ea7d 70776cdd9bb3b7d4 abf90e759d208468 46b99f864d6a075a d35e11d3d1ab3c67 d216e5458ad70e60 63d95d5977c2fe98 09660f466b38b7ba 01020d1b0821f4c7 8faeacf8ca08f62d 8d58da0e1800dc96 f9c6286cff30aaa8 b29ab87af6ea6310 b6e646c13d0753ae 26fc2a95df5659c2 00140806971e7a73 316382267dcd804f e7cad3748e50b0f8 fb8bd6b95eb4702a 33856365c271aea4 a14394322cf7043d
142,ff88049e61f0f4ef 04fda7c9d8971ec0 4d417b203b333363 025a148c3a53bd9f 73f770f2643a2135 74244a8703c03720 1f4f62844c3cb99c 95166957b2c38794 bed3e73d52011f68 4d954d933e606b70 8f578001f9d5f543 a60934e6b473097a f9c6286cff30aaa8 81b639b74256b45b 26fc2a95df5659c2 a292248bb2bffb3d eec6b281e236b500 8fc68213b63951dc 4c3802a1bd3c842e ec1b3d7ccd3984d0 16b11706660177ff f76f44d372517a9a 8faeacf8ca08f62d 01e5a6edcee7deb0 853e36b1550c6274 c810ac016901e8ac 36d33c41812ce7dc d216e5458ad70e60 b8e2f75014710ced 24e582daf6f87158
143,abf90e759d208468 316382267dcd804f a292248bb2bffb3d 65fac1ba1840000f e7cad3748e50b0f8 26fc2a95df5659c2 72403ecdfe02bba6 a14394322cf7043d f2234bb7ce0c6f59 0d0368139e9a647f 1f4f62844c3cb99c 05f23e7d05dbf7c2 393f49286db04aeb 0fbd0f422e926816 73391e0853c1e040 5b16bae6a0de7c88 b6d0f83aad4e4dc7 f25bfcffedaccf28 09660f466b38b7ba 16b11706660177ff f9c6286cff30aaa8 c28bc62802b90f82 9100ea6cd0e084bf b29ab87af6ea6310 0db6584e3bdfa1c4 c6b615b2589e036d 387e9cd2e5d4ea7d a04d6febd82a4389 5867d40811c0229f 40583079f57235a6
144,6461a9faa871b3ac 976baf0e84752a68 2820628e65a062e2 1a8e5d6512d9e2d8 ecb768ef6fd223ca 155600e5f1221f8c 628accd9be98503c 7cea1f637ea3f37d 83f8aca6ee2caabc f48d0fbea7dc2782 453bc79164d57a01 190ab585fd379f0f e7828f0ea9749505 5057551fc55e9ed2 c810ac016901e8ac 36d33c41812ce7dc bd9cd6b87a4fe0ce d64c06baf5ef1c90 5c4b7558c942a224 8b7c486a910dd004 52e459a551d4ac2d 238ec735a13a3f09 d72363ddd958d906 025a148c3a53bd9f 7e4a4a1300b77a06 af8e70f978cd5aee 61ba7707ef6a5a99 da904d2a54ff8cf2 c05f45f86d0771d5 00d9f8d3f7d412b3
145,5430097e23000368 97d696011258825c 0683b6a78f54be75 35488b3b8b781278 47fbe21f5c35c7b4 d1e21234d7cc61d2 0a79fabc6f5d93c9 a292248bb2bffb3d 2e4b00c01d58e79e 855f2f0354e102c7 5897953fdf87b60f 73f770f2643a2135 4b29fc21f912754d 1d0f5fdc58e3efb5 538c7bb968b2154c c1f2e3a76d388944 eff60ceea8817dad a853f13216170123 81bd116c786bf9ae ce0f56b7190c268a d3c4a7db726191e0 b26d8664feb18c8c f29eee8054c061e1 01ecc81f6341e902 dc17b07476183764 a2805ed52b47b8ec 3734d3b0b9232538 acf5cb026b3c4551 e740c80fce094788 666bdff4faa513ca
146,3fa57d488e979d74 35488b3b8b781278 d92c0298f76ccf77 bd9cd6b87a4fe0ce 42a5cae2a3a45557 5430097e23000368 0683b6a78f54be75 9100ea6cd0e084bf 1d0f5fdc58e3efb5 db0e648651f4c92b bbbd5d2fd957e8f7 ae77487a89f2610c a853f13216170123 7d83ffe83f61bdc4 49b5678e0d1e5bcd c1f2e3a76d388944 dc12cc503ac0eddb 7e4a4a1300b77a06 6a3919ad9ed8197e ddf332f2b55a2a23 d257d1fbcf43abd5 4dba7ce835494a63 e740c80fce094788 52e459a551d4ac2d 09bbaa171c20bae3 01ecc81f6341e902 22756be6fd061d4c 3734d3b0b9232538 b69ce8b8154645f8 5ebb4d2f5f1c1f13
147,ae94d8435a6847f4 24e582daf6f87158 404031ab9d5977c4 6204e398d8c7f888 d216e5458ad70e60 59c231f8fd21260c 4d32dae7b43c489a 2e4b00c01d58e79e bee46c54461925d0 4577ae048ef1967d b2ee9eea2d974c90 8faeacf8ca08f62d 57113c2a4cacd961 4535ce2e3dced00f bfb8032f2183d471 bf973f9ec3600199 3c565c1fc2316d16 4bed80e56ea2e099 5c4b7558c942a224 83f8f2fc471cad74 7c98dedd223b36c0 fb8bd6b95eb4702a f48d0fbea7dc2782 4beacc71024f8b08 9b0e8cf8153e3b33 24c47959ea77b15b 393f49286db04aeb 419b5dc40744fb9b 8643165b0f53df11 e6a29676c096f8e8
148,10ad13170242ecae 4a5ac473c9d176ba 1ba7a50457e93996 5570ef88d970e9b4 e7cad3748e50b0f8 e7dd56376be2cf1c 36d33c41812ce7dc c810ac016901e8ac 238ec735a13a3f09 7e4a4a1300b77a06 e7828f0ea9749505 5057551fc55e9ed2 d64c06baf5ef1c90 83f8aca6ee2caabc 52e459a551d4ac2d 2bafd15871caae91 453bc79164d57a01 3d93a60f990a0a7c 5430097e23000368 cc861214a89ef1f4 af8e70f978cd5aee 61ba7707ef6a5a99 2dd12c230ab22555 da904d2a54ff8cf2 c05f45f86d0771d5 6461a9faa871b3ac db0e648651f4c92b 00d9f8d3f7d412b3 f28fb3d9880c5d4c ee3ed9a3f51336cd
149,0add47a043c64d7f 1fe79c7de59ff6c6 419b5dc40744fb9b 6899956cd6c683f0 b84b6c0b2e4d0306 b05b5f6850cfa158 5547f9f1638ac345 97d696011258825c f25bfcffedaccf28 16b11706660177ff e8b87ed7db1bcb1f 9c9ebf71707d7a37 455fde214d16d350 88b62355670ec8f8 eff60ceea8817dad 7f95168400948588 a2805ed52b47b8ec d1e21234d7cc61d2 bb7515be835dea49 2359719a0f40ffac f2e30efbd27bee51 eab15ee21e126f6a 01e5a6edcee7deb0 72b80b099fd64ec4 9113e9dc940fb287 d3c4a7db726191e0 22dc81380cf4baec 49b5678e0d1e5bcd 2cebd52b41930f0a 99e833818ec4bbf2
150,45630e1451157ff3 2e79d45ba4d1540d 4d7653ea9499eed4 7c8324ce28ffb96e 72b80b099fd64ec4 90ecb28f2edb9d43 1efd7bd8a34a1359 9f3d2ca16f358290 2e031d83339759b2 447fc00f40d71d08 8699cc5dd4159b69 d0f6c00eec5eb973 a292248bb2bffb3d 8faeacf8ca08f62d 5430097e23000368 1d0f5fdc58e3efb5 95ecdbff44ad0b60 d1e21234d7cc61d2 3cb6b40d377e7ca8 8abe670908f12614 c5830f9d0f1e29e5 a2805ed52b47b8ec b6e646c13d0753ae d73a65673e3f1d78 3e8e56f639a5db5b 128d583954b18074 0eedb1a0d3b8ddae 0195950ce0f47e34 c143c095983a65c2 fd30682593995748
151,c49d8f84a4f87f8a 734dabb98795c35c 04886579947a80c2 c1f2e3a76d388944 0a79fabc6f5d93c9 5430097e23000368 b84b6c0b2e4d0306 54a11cbcd7a32af4 6aefb6531736648a 585f4ee09d8fea46 8a5635c748344d47 892074f7c1ef5d5e 34a62e66e05f9a44 c143c095983a65c2 72c2a95813ea72bd d5952b2e031c4e7e 4f31209941bb05fc f54ad8d1eb18212e 00e1e2eb13f650e4 2e2904c5373734ae 428f9363fa35882d e8ad5e31484ef889 07be6a290720707d 3986b68500d7704b dc576af4ae66e25e 919b1679fffa7ef1 63d509cd2a2e0e47 19b4014943e0ad92 f0d53dcf0c296b57 ce8cb4351b8c0f6e
152,c5830f9d0f1e29e5 a2805ed52b47b8ec eec6b281e236b500 4491016efed845f1 f76f44d372517a9a 5c8c6d9a1fd4c1e0 9cf6709de35bf0f3 b6e646c13d0753ae 8f578001f9d5f543 95ecdbff44ad0b60 b29ab87af6ea6310 e25a1da6ca187350 b1dcaca98bb76736 702d8f1064ab3e30 6204e398d8c7f888 a60934e6b473097a 7c98dedd223b36c0 ce2fe99a7cda4a17 ca4de5b8a7bda9df a5d5ba33b5b1dc95 a292248bb2bffb3d e228204ae08d1355 8fc68213b63951dc 587e0b2a4811fab1 ced9c56f2be86774 c6b615b2589e036d 57113c2a4cacd961 96e82fa141db9a4b f29eee8054c061e1 ec1b3d7ccd3984d0
153,1f4f62844c3cb99c 16b11706660177ff a292248bb2bffb3d 393f49286db04aeb eec6b281e236b500 8fc68213b63951dc 40583079f57235a6 0db6584e3bdfa1c4 64b31699d7d15934 bed3e73d52011f68 8f578001f9d5f543 20d283a232dfd13c b29ab87af6ea6310 26fc2a95df5659c2 ffa9091747ae2466 8faeacf8ca08f62d ec4ef2f727e7a03f 65fac1ba1840000f 2a06f5614060e3b6 b3ad55963554f220 a60934e6b473097a c28bc62802b90f82 81b639b74256b45b d46598813fb437e5 a52df8083c238c46 f25bfcffedaccf28 ec1b3d7ccd3984d0 f76f44d372517a9a 853e36b1550c6274 acae1d29289b1266
154,0897dcfae16e280f 285657fcdf89f00d 0bcaac840d5e66d7 01ecc81f6341e902 2bafd15871caae91 73f770f2643a2135 b6a1c97f19af78d0 538c7bb968b2154c ce0f56b7190c268a d3c4a7db726191e0 b26d8664feb18c8c 6a3919ad9ed8197e f29eee8054c061e1 ddf332f2b55a2a23 b84b6c0b2e4d0306 a2805ed52b47b8ec 54a11cbcd7a32af4 4dba7ce835494a63 acf5cb026b3c4551 09bbaa171c20bae3 22756be6fd061d4c 3734d3b0b9232538 97d696011258825c 04fda7c9d8971ec0 cc0c9419f8a20603 5ebb4d2f5f1c1f13 bc2ae5f4e5d53e00 34a62e66e05f9a44 486dd77002936dec 2394b08708475900
155,40583079f57235a6 5b34da30b93eb123 a292248bb2bffb3d a9eef13786610446 ffc688c4c1c2a068 1f4f62844c3cb99c c08c3765ac609cc0 005666aa098abe8e 2a06f5614060e3b6 b3ad55963554f220 74e59c5820900b17 b749972436ac9791 54f55c74d37db3c0 c28bc62802b90f82 65254e0d209fd66e a52df8083c238c46 64b31699d7d15934 09660f466b38b7ba 00140806971e7a73 a5f55580081236f4 bed3e73d52011f68 f46601a9955f9949 5fb2d8e734956af0 44d324ebd3e22ad7 dac29ed8400b50cc f705b637f624147e ffa9091747ae2466 0d0368139e9a647f 4d417b203b333363 0eafda717681bbdc
156,bb7515be835dea49 eff60ceea8817dad dc12cc503ac0eddb e7828f0ea9749505 9f4e0d572b1f4e6c d16da1fb61813db9 9b2adcf4041227d7 99e833818ec4bbf2 f209d29f991432f0 8566d15270eb5e83 97d696011258825c 1c3b74a02a86467d 419b5dc40744fb9b 4bed80e56ea2e099 54a11cbcd7a32af4 0a79fabc6f5d93c9 4d32dae7b43c489a a292248bb2bffb3d 522bd6887960c25d 061f3e1feeaa3094 42bb83d7c4b9ecae 64b31699d7d15934 b9d966ad9e04127a c015590d6a6fe833 3c565c1fc2316d16 edc79e57b20e9036 01b3da54ffb158a0 8faeacf8ca08f62d b26d8664feb18c8c 8a5635c748344d47
157,aa967ad3c1f65a29 6aefb6531736648a e461837f0fb35048 3b4a85bac6ead3c8 1d0f5fdc58e3efb5 734dabb98795c35c 04886579947a80c2 c49d8f84a4f87f8a a853f13216170123 e740c80fce094788 666bdff4faa513ca d1e21234d7cc61d2 0683b6a78f54be75 585f4ee09d8fea46 bee46c54461925d0 892074f7c1ef5d5e c143c095983a65c2 72c2a95813ea72bd 4f31209941bb05fc f54ad8d1eb18212e 8faeacf8ca08f62d 2e2904c5373734ae 428f9363fa35882d e8ad5e31484ef889 da7d3c2d591c4295 07be6a290720707d 3986b68500d7704b dc576af4ae66e25e 919b1679fffa7ef1 e36475c1af5ea3ab
158,6aefb6531736648a aa967ad3c1f65a29 e461837f0fb35048 734dabb98795c35c c143c095983a65c2 72c2a95813ea72bd daa257a37227cd72 05e4165a56bf50eb 6a3919ad9ed8197e 4f915ad69e1dca36 0b0021aa60d05daa 01b3da54ffb158a0 395b26d91f98bd92 10ad13170242ecae 919b1679fffa7ef1 db0e648651f4c92b af41e2b6da3e7e02 047769588be1aea9 3e66b4855d0dddbe 013030fd7d29bf3d 9d5edf3b993fee50 64267373570e4ea3 d72363ddd958d906 c49d8f84a4f87f8a 6cb9ab508a0678a0 6899956cd6c683f0 7f29daa16b9b4cda 2b48ab08c915c0ad 52aa48c07b34dc88 bd713b37b67866c3
159,3734d3b0b9232538 8f578001f9d5f543 20d283a232dfd13c b29ab87af6ea6310 46315cf30aaee51c 7e4a4a1300b77a06 025a148c3a53bd9f f76f44d372517a9a f2e30efbd27bee51 c5830f9d0f1e29e5 2a06f5614060e3b6 eec6b281e236b500 8fc68213b63951dc 73391e0853c1e040 fc21db75b354a917 9cf6709de35bf0f3 6c017e548aa138f2 095bb1b6ecbd0a50 d5805cdb9e8f0f48 54f55c74d37db3c0 528161039994b4dc db69d4cbfef8d22f b3e75fdca5ca2f1a 39075e303166355e d6bbbd6c4968075a 27888817db122597 1f4f62844c3cb99c bed3e73d52011f68 09660f466b38b7ba 702d8f1064ab3e30
160,a60934e6b473097a 24e582daf6f87158 eab15ee21e126f6a 4d32dae7b43c489a d1e21234d7cc61d2 8faeacf8ca08f62d 3c565c1fc2316d16 1d0f5fdc58e3efb5 f48d0fbea7dc2782 24c47959ea77b15b 393f49286db04aeb 522bd6887960c25d a292248bb2bffb3d 3b6d27775fce1c7b 81b639b74256b45b 3e66b4855d0dddbe 47fbe21f5c35c7b4 a853f13216170123 64b31699d7d15934 b9d966ad9e04127a 0db6584e3bdfa1c4 3734d3b0b9232538 c015590d6a6fe833 a76ffccd2f5df1a7 e740c80fce094788 62431fd374eb99fb 0195950ce0f47e34 0f4c71d341e2d939 54a11cbcd7a32af4 ddf332f2b55a2a23
161,5430097e23000368 70ebf53ced736fa4 1d0f5fdc58e3efb5 0451447dd64f6284 5f94b027039f4e48 dea5e9227fbbac29 8faeacf8ca08f62d 047769588be1aea9 b6e646c13d0753ae 522bd6887960c25d a76ffccd2f5df1a7 da011b87595c1019 95ecdbff44ad0b60 c1f2e3a76d388944 1efd7bd8a34a1359 ad06e9eeea8eb4ea 2e4b00c01d58e79e 3cb6b40d377e7ca8 e9c20b67a4c5395f 8abe670908f12614 a60934e6b473097a 58654e3143c6550b 4d7653ea9499eed4 ebfda3b48083e390 c5830f9d0f1e29e5 8dedff0a79784abc 455fde214d16d350 c143c095983a65c2 387e9cd2e5d4ea7d f209d29f991432f0
162,b24820ae14e16a24 00d9f8d3f7d412b3 f28fb3d9880c5d4c bf3ccaba4a3450a8 4d29c6922b2d0d56 22e8d6734e4121ae 6e1b6b53c9710940 0a79fabc6f5d93c9 00958a140c3a6de8 059bbdbdb843af6a 8a5635c748344d47 5430097e23000368 d73a65673e3f1d78 128d583954b18074 bd0f175ee98c613e 702d8f1064ab3e30 3986b68500d7704b 3fa57d488e979d74 c28bc62802b90f82 942a7d26d81c841f e0269da736ddf004 bd713b37b67866c3 fd30682593995748 2a06f5614060e3b6 39f6296778264878 e25a1da6ca187350 c31a456b544a40a8 ff88049e61f0f4ef b6d0f83aad4e4dc7 622f2e4119882c94
163,5dd752753760ced8 898a4921ab9f4cce c1f2e3a76d388944 522bd6887960c25d a292248bb2bffb3d 2e4b00c01d58e79e 4d7653ea9499eed4 b1dcaca98bb76736 387e9cd2e5d4ea7d f209d29f991432f0 88b62355670ec8f8 e7cad3748e50b0f8 520ec719078be07c fa173131f15f5534 77e2f7da1f9d3a8f e0269da736ddf004 1efd7bd8a34a1359 855f2f0354e102c7 377c1150c781e37a d46598813fb437e5 dc17b07476183764 8a5635c748344d47 d1e21234d7cc61d2 5430097e23000368 b84b6c0b2e4d0306 54a11cbcd7a32af4 edc79e57b20e9036 34a62e66e05f9a44 d5952b2e031c4e7e 8faeacf8ca08f62d
164,af8e70f978cd5aee fab14d178b24a67f 059bbdbdb843af6a 4b8c7061102517ef cc861214a89ef1f4 4105533fe46dfba9 005666aa098abe8e e7cad3748e50b0f8 6cb9ab508a0678a0 22e8d6734e4121ae ecb768ef6fd223ca 0079f3c74309b582 05e4165a56bf50eb 5989fb934598c1a7 354d7a327bbcc152 f6d23cdd2359f7c0 0195950ce0f47e34 00d9eb862ba3dfc6 b05b5f6850cfa158 c810ac016901e8ac 36d33c41812ce7dc 238ec735a13a3f09 7e4a4a1300b77a06 e7828f0ea9749505 5057551fc55e9ed2 d64c06baf5ef1c90 0eedb1a0d3b8ddae 83f8aca6ee2caabc d73a65673e3f1d78 52e459a551d4ac2d
165,01020d1b0821f4c7 abf90e759d208468 bd713b37b67866c3 5879096a38d69fc5 46b99f864d6a075a 26fc2a95df5659c2 387e9cd2e5d4ea7d f25bfcffedaccf28 16b11706660177ff 73391e0853c1e040 393f49286db04aeb 5fb2d8e734956af0 72403ecdfe02bba6 050544c040f46152 d5952b2e031c4e7e f2234bb7ce0c6f59 0d0368139e9a647f 01ecc81f6341e902 40583079f57235a6 05f23e7d05dbf7c2 0fbd0f422e926816 0db6584e3bdfa1c4 5b16bae6a0de7c88 b6d0f83aad4e4dc7 45bd99d5d2eef776 33856365c271aea4 65fac1ba1840000f 0eafda717681bbdc d16da1fb61813db9 70776cdd9bb3b7d4
166,8e0cc5199a0ee659 74ae9af23a383bf5 576dd429db946393 ae000f9d0b5e104e 16b11706660177ff 204ec91c39d1479d f25bfcffedaccf28 5b4c879fc9c316fb 24e582daf6f87158 b69ce8b8154645f8 9100ea6cd0e084bf 4d32dae7b43c489a 7f95168400948588 b05b5f6850cfa158 a60934e6b473097a f209d29f991432f0 81b639b74256b45b c5830f9d0f1e29e5 3c565c1fc2316d16 0add47a043c64d7f 72b80b099fd64ec4 6899956cd6c683f0 8faeacf8ca08f62d 2cebd52b41930f0a 45bd99d5d2eef776 f48d0fbea7dc2782 24c47959ea77b15b b84b6c0b2e4d0306 1f423f368aebf7f3 20db73cf07a45f71
167,c08c3765ac609cc0 74244a8703c03720 e7cad3748e50b0f8 bed3e73d52011f68 f705b637f624147e 2810fb6f81d1711c 74e59c5820900b17 5b34da30b93eb123 b749972436ac9791 e14a893f1918277e 36d33c41812ce7dc c810ac016901e8ac a9eef13786610446 ffc688c4c1c2a068 65fac1ba1840000f 025a148c3a53bd9f 016da874bd04df55 316382267dcd804f 44d324ebd3e22ad7 9100ea6cd0e084bf 4d417b203b333363 a14394322cf7043d d64c06baf5ef1c90 83f8aca6ee2caabc c6b615b2589e036d 27a12f29dceccdbd 453bc79164d57a01 b6cdb608f640e038 bd0f175ee98c613e 18b1d2d84c97a364
168,f25bfcffedaccf28 16b11706660177ff 52aa48c07b34dc88 c11b97f245a9dfd0 7f95168400948588 0add47a043c64d7f 72b80b099fd64ec4 2cebd52b41930f0a 45bd99d5d2eef776 b84b6c0b2e4d0306 6899956cd6c683f0 b05b5f6850cfa158 cc0c9419f8a20603 a0566ca9daca7778 ca43e349133fc0e3 5547f9f1638ac345 92f42fbd0c38f7fd 19e8f436d4b2fc25 1d72229ebcc00faf a9dad59c7055b56c 430feb4826a5632e 43c354dbf952caaa b69ce8b8154645f8 955e465ce0788ea6 29bedd00fb2be056 a52df8083c238c46 622f2e4119882c94 73f770f2643a2135 af41e2b6da3e7e02 5430097e23000368
169,43c354dbf952caaa 0f33ce8d8014f308 5430097e23000368 3734d3b0b9232538 f76f44d372517a9a f2e30efbd27bee51 9cf6709de35bf0f3 f25bfcffedaccf28 36d33c41812ce7dc c810ac016901e8ac 16b11706660177ff 238ec735a13a3f09 7e4a4a1300b77a06 e7828f0ea9749505 5057551fc55e9ed2 d64c06baf5ef1c90 83f8aca6ee2caabc 52e459a551d4ac2d 7f95168400948588 b05b5f6850cfa158 2bafd15871caae91 453bc79164d57a01 3d93a60f990a0a7c cc861214a89ef1f4 af8e70f978cd5aee f44f74b3451aa593 61ba7707ef6a5a99 2dd12c230ab22555 da904d2a54ff8cf2 c05f45f86d0771d5
170,3fa57d488e979d74 42a5cae2a3a45557 bed3e73d52011f68 5b34da30b93eb123 2810fb6f81d1711c e14a893f1918277e 74e59c5820900b17 d92c0298f76ccf77 b749972436ac9791 f705b637f624147e f46601a9955f9949 bd9cd6b87a4fe0ce 8f578001f9d5f543 0eafda717681bbdc 2359719a0f40ffac c08c3765ac609cc0 a04d6febd82a4389 65fac1ba1840000f 2a06f5614060e3b6 c6b615b2589e036d 1f423f368aebf7f3 46315cf30aaee51c 095bb1b6ecbd0a50 955e465ce0788ea6 9c9ebf71707d7a37 8d58da0e1800dc96 b3e75fdca5ca2f1a 39075e303166355e 54f55c74d37db3c0 1f4f62844c3cb99c
171,fa173131f15f5534 6204e398d8c7f888 a292248bb2bffb3d a982b5c3aed39396 fb8bd6b95eb4702a 57113c2a4cacd961 bee46c54461925d0 ec1b3d7ccd3984d0 16b11706660177ff f76f44d372517a9a 34a62e66e05f9a44 d216e5458ad70e60 eec6b281e236b500 8fc68213b63951dc 9cf6709de35bf0f3 d7d937303a6d5a9d 4e966bb2768c2b8a e25a1da6ca187350 1f4f62844c3cb99c a65e30106ea50423 73f770f2643a2135 bed3e73d52011f68 ad06e9eeea8eb4ea e878efab7c37179e 8f578001f9d5f543 01020d1b0821f4c7 a60934e6b473097a 20d283a232dfd13c e22c35101e190db9 2e4b00c01d58e79e
172,a292248bb2bffb3d 01b3da54ffb158a0 522bd6887960c25d c1f2e3a76d388944 40583079f57235a6 10ad13170242ecae 4d7653ea9499eed4 8faeacf8ca08f62d f209d29f991432f0 b3ad55963554f220 c28bc62802b90f82 2e4b00c01d58e79e 387e9cd2e5d4ea7d eec6b281e236b500 ac9ee0c09b538140 8fc68213b63951dc c143c095983a65c2 52aa48c07b34dc88 1efd7bd8a34a1359 6c017e548aa138f2 1f4f62844c3cb99c 72c2a95813ea72bd 095bb1b6ecbd0a50 54f55c74d37db3c0 b3e75fdca5ca2f1a 528161039994b4dc 589ef345cb2dccfc bed3e73d52011f68 09660f466b38b7ba f46601a9955f9949
173,a860b682add9de1c ae94d8435a6847f4 828f5dfbbf1272ee b84b6c0b2e4d0306 34a62e66e05f9a44 83f8f2fc471cad74 050544c040f46152 bf973f9ec3600199 404031ab9d5977c4 a60934e6b473097a 5c4b7558c942a224 59c231f8fd21260c 81b639b74256b45b 4beacc71024f8b08 9b0e8cf8153e3b33 a292248bb2bffb3d eec6b281e236b500 8fc68213b63951dc e6a29676c096f8e8 ec1b3d7ccd3984d0 16b11706660177ff f76f44d372517a9a d216e5458ad70e60 24e582daf6f87158 1f4f62844c3cb99c 9cf6709de35bf0f3 a982b5c3aed39396 bed3e73d52011f68 9a0f5ee4f845c9b2 d7d937303a6d5a9d
174,1ba7a50457e93996 00140806971e7a73 0d0368139e9a647f a9eef13786610446 ffc688c4c1c2a068 65254e0d209fd66e a5f55580081236f4 005666aa098abe8e 70776cdd9bb3b7d4 dac29ed8400b50cc 72403ecdfe02bba6 74e59c5820900b17 5b34da30b93eb123 f2234bb7ce0c6f59 b760ebc5f25788d3 b749972436ac9791 05f23e7d05dbf7c2 c08c3765ac609cc0 44d324ebd3e22ad7 09660f466b38b7ba 2810fb6f81d1711c 3b4a85bac6ead3c8 5430097e23000368 ffa9091747ae2466 2a06f5614060e3b6 0fbd0f422e926816 636224e349e561bf 12af6a34778710db 4d417b203b333363 9d5edf3b993fee50
175,feddfcf56818968e ac9ee0c09b538140 a2805ed52b47b8ec 666bdff4faa513ca 6e239f4dd4b6aed7 50806199c80e215c 6e1b6b53c9710940 428f9363fa35882d 07be6a290720707d 74e59c5820900b17 c08c3765ac609cc0 5b34da30b93eb123 b749972436ac9791 2359719a0f40ffac a0566ca9daca7778 65fac1ba1840000f 6d80d2e62d01f6bc 4d417b203b333363 f705b637f624147e 54f55c74d37db3c0 a9eef13786610446 abf90e759d208468 ffc688c4c1c2a068 bed3e73d52011f68 f25bfcffedaccf28 44d324ebd3e22ad7 16b11706660177ff 2810fb6f81d1711c 8d58da0e1800dc96 e14a893f1918277e
176,f48d0fbea7dc2782 3c565c1fc2316d16 24e582daf6f87158 1a8e5d6512d9e2d8 24c47959ea77b15b 6461a9faa871b3ac 2820628e65a062e2 ecb768ef6fd223ca 976baf0e84752a68 3e66b4855d0dddbe 4d32dae7b43c489a a76ffccd2f5df1a7 62431fd374eb99fb 155600e5f1221f8c 0f4c71d341e2d939 ddf332f2b55a2a23 cea18be9a89d7a81 8faeacf8ca08f62d 48a76e3aff69d605 404031ab9d5977c4 4d954d933e606b70 9f4e0d572b1f4e6c b6e72edcad270be0 4b29fc21f912754d 172bc0ee09332ae9 393f49286db04aeb d92c0298f76ccf77 6406fcdb7d87b5dc a492bd402afd5c71 9c9a9d45c2ea7ddf
177,0d0368139e9a647f 72403ecdfe02bba6 f2234bb7ce0c6f59 05f23e7d05dbf7c2 00140806971e7a73 70776cdd9bb3b7d4 0fbd0f422e926816 a9eef13786610446 387e9cd2e5d4ea7d 09660f466b38b7ba e7cad3748e50b0f8 b749972436ac9791 d35e11d3d1ab3c67 ffc688c4c1c2a068 c08c3765ac609cc0 73391e0853c1e040 5b16bae6a0de7c88 b6d0f83aad4e4dc7 65254e0d209fd66e 9d5edf3b993fee50 a5f55580081236f4 005666aa098abe8e dac29ed8400b50cc f705b637f624147e abf90e759d208468 74e59c5820900b17 5b34da30b93eb123 b760ebc5f25788d3 46b99f864d6a075a 63d95d5977c2fe98
178,781aaf62a955e4e8 a65e30106ea50423 ced9c56f2be86774 ec4ef2f727e7a03f a982b5c3aed39396 58654e3143c6550b 6aac5e116b75aa22 bd9cd6b87a4fe0ce 486dd77002936dec b6cdb608f640e038 39f6296778264878 da7d3c2d591c4295 d46598813fb437e5 3b4a85bac6ead3c8 6cb9ab508a0678a0 a0566ca9daca7778 c015590d6a6fe833 59bf6d6df9146d60 5f94b027039f4e48 680bb5c5c3bb6ee1 4535ce2e3dced00f acae1d29289b1266 50cb6a6c60ad711a 4b8c7061102517ef bc2ae5f4e5d53e00 81bd116c786bf9ae c606425856952286 22dc81380cf4baec cc2cc23a98c14c33 63d95d5977c2fe98
179,520ec719078be07c 05e4165a56bf50eb c96049ed915ced0a b1dcaca98bb76736 88b62355670ec8f8 e7cad3748e50b0f8 2e031d83339759b2 77e2f7da1f9d3a8f e0269da736ddf004 855f2f0354e102c7 5dd752753760ced8 377c1150c781e37a a292248bb2bffb3d 8a5635c748344d47 edc79e57b20e9036 bee46c54461925d0 da7d3c2d591c4295 e36475c1af5ea3ab 98dbd15aa33ebc18 eff60ceea8817dad d1e21234d7cc61d2 0eedb1a0d3b8ddae ff88049e61f0f4ef 942a7d26d81c841f bd0f175ee98c613e 3fa57d488e979d74 3986b68500d7704b ae94d8435a6847f4 702d8f1064ab3e30 b6d0f83aad4e4dc7
180,9b2adcf4041227d7 3a6e7894dde31c67 a860b682add9de1c 3b6d27775fce1c7b c015590d6a6fe833 24e582daf6f87158 0f33ce8d8014f308 e9c20b67a4c5395f 52370bea1acd0600 8dedff0a79784abc c143c095983a65c2 285657fcdf89f00d 0451447dd64f6284 4f915ad69e1dca36 9b0e8cf8153e3b33 28a2067685cb3e97 50cb6a6c60ad711a 35488b3b8b781278 b6a1c97f19af78d0 7c8324ce28ffb96e 8faeacf8ca08f62d d73a65673e3f1d78 1d0f5fdc58e3efb5 128d583954b18074 95ecdbff44ad0b60 3cb6b40d377e7ca8 8abe670908f12614 c5830f9d0f1e29e5 a2805ed52b47b8ec b05b5f6850cfa158
181,2a06f5614060e3b6 73391e0853c1e040 c11b97f245a9dfd0 7e4a4a1300b77a06 eec6b281e236b500 7c98dedd223b36c0 8fc68213b63951dc 6c017e548aa138f2 095bb1b6ecbd0a50 d5805cdb9e8f0f48 3d93a60f990a0a7c 54f55c74d37db3c0 b3e75fdca5ca2f1a 39075e303166355e 1f4f62844c3cb99c bee46c54461925d0 bed3e73d52011f68 09660f466b38b7ba 702d8f1064ab3e30 d7d937303a6d5a9d 8f578001f9d5f543 2810fb6f81d1711c 8d58da0e1800dc96 20d283a232dfd13c 7f95168400948588 b69ce8b8154645f8 b3ad55963554f220 955e465ce0788ea6 b29ab87af6ea6310 e14a893f1918277e
182,b0b5e62a93a2c37c 9f27aa36c1ea793c 2dd12c230ab22555 f05fa5f57dc03e81 e36475c1af5ea3ab d6ed7e4b14c51296 64907c4568244eb4 702d8f1064ab3e30 ae94d8435a6847f4 430feb4826a5632e b8e2f75014710ced 537a55eda51a3f60 73f770f2643a2135 74244a8703c03720 00958a140c3a6de8 f58ff7f1a6cde683 c810ac016901e8ac 36d33c41812ce7dc 238ec735a13a3f09 7e4a4a1300b77a06 e7828f0ea9749505 5057551fc55e9ed2 d64c06baf5ef1c90 83f8aca6ee2caabc 52e459a551d4ac2d 2bafd15871caae91 453bc79164d57a01 3d93a60f990a0a7c 0eedb1a0d3b8ddae 5430097e23000368
183,238ec735a13a3f09 b6cdb608f640e038 61ba7707ef6a5a99 74873b42602d8958 d64c7c3b658689f4 5057551fc55e9ed2 8abe670908f12614 3d93a60f990a0a7c b78189788d563693 db0e648651f4c92b c810ac016901e8ac 36d33c41812ce7dc bbbd5d2fd957e8f7 a1314cd417504572 e7828f0ea9749505 b0bfe0f426275870 fc16a50ff0baec53 d64c06baf5ef1c90 628accd9be98503c 49b5678e0d1e5bcd 52e459a551d4ac2d 8dc313a2cf9da354 453bc79164d57a01 e8684734f2e587bd da011b87595c1019 d216e5458ad70e60 8bf446c0455e3c5c da904d2a54ff8cf2 d6ed7e4b14c51296 033d905aec273595
184,e25a1da6ca187350 ca4de5b8a7bda9df c1f2e3a76d388944 ba5199dba342af68 1dc7139adba034ec e8b87ed7db1bcb1f 83b911ff0ff45844 1fe79c7de59ff6c6 d1e21234d7cc61d2 e403278468d84383 3c0873ce078d332b 24e582daf6f87158 4d32dae7b43c489a 8faeacf8ca08f62d 3c565c1fc2316d16 f48d0fbea7dc2782 24c47959ea77b15b 393f49286db04aeb a60934e6b473097a 522bd6887960c25d 3b6d27775fce1c7b 81b639b74256b45b 3e66b4855d0dddbe 47fbe21f5c35c7b4 64b31699d7d15934 b9d966ad9e04127a 0db6584e3bdfa1c4 c015590d6a6fe833 a76ffccd2f5df1a7 62431fd374eb99fb
185,8e0cc5199a0ee659 74ae9af23a383bf5 576dd429db946393 ae000f9d0b5e104e 65254e0d209fd66e 204ec91c39d1479d 3d93a60f990a0a7c b69ce8b8154645f8 5b4c879fc9c316fb c03b11a0cdc3fa39 46315cf30aaee51c 016da874bd04df55 f209d29f991432f0 65fac1ba1840000f c5830f9d0f1e29e5 c606425856952286 7b81f1f2b6ec2e5f 74244a8703c03720 1f423f368aebf7f3 047769588be1aea9 0688c790d5806540 853e36b1550c6274 9c9a9d45c2ea7ddf 5867d40811c0229f 4d9214c0925e5af8 1efd7bd8a34a1359 351c9da399c2b915 24e582daf6f87158 428f9363fa35882d 486dd77002936dec
186,63d509cd2a2e0e47 e8ad5e31484ef889 07be6a290720707d 1398b478b71773ed 3e66b4855d0dddbe bf3ccaba4a3450a8 bf973f9ec3600199 8dedff0a79784abc d216e5458ad70e60 680bb5c5c3bb6ee1 a5f55580081236f4 c5830f9d0f1e29e5 a2805ed52b47b8ec b6e646c13d0753ae b05b5f6850cfa158 0eedb1a0d3b8ddae 5fb2d8e734956af0 bbbd5d2fd957e8f7 47fbe21f5c35c7b4 366a22fce0614fb8 52370bea1acd0600 4d7653ea9499eed4 9a0f5ee4f845c9b2 0bcaac840d5e66d7 c28bc62802b90f82 702d8f1064ab3e30 3986b68500d7704b 3fa57d488e979d74 ff88049e61f0f4ef e0269da736ddf004
187,9ab90dfc5c9b0b37 7f29daa16b9b4cda ce8cb4351b8c0f6e 04886579947a80c2 b84b6c0b2e4d0306 54a11cbcd7a32af4 34a62e66e05f9a44 d5952b2e031c4e7e 5430097e23000368 00e1e2eb13f650e4 47fbe21f5c35c7b4 52370bea1acd0600 4d7653ea9499eed4 9a0f5ee4f845c9b2 0bcaac840d5e66d7 c28bc62802b90f82 702d8f1064ab3e30 3986b68500d7704b 3fa57d488e979d74 ff88049e61f0f4ef e0269da736ddf004 bd713b37b67866c3 fd30682593995748 39f6296778264878 bbbd5d2fd957e8f7 0708923badf2ff5d 734dabb98795c35c 942a7d26d81c841f bd0f175ee98c613e ae94d8435a6847f4
188,abf90e759d208468 f25bfcffedaccf28 16b11706660177ff 4d954d933e606b70 9cf6709de35bf0f3 393f49286db04aeb 65fac1ba1840000f 4491016efed845f1 29bedd00fb2be056 0db6584e3bdfa1c4 22dc81380cf4baec 9269d2b0d877352d e22c35101e190db9 48f93f9c2c699e19 942a7d26d81c841f 9113e9dc940fb287 0a79fabc6f5d93c9 d3c4a7db726191e0 d46598813fb437e5 a292248bb2bffb3d 419b5dc40744fb9b 050544c040f46152 0b0021aa60d05daa 8a5635c748344d47 d1e21234d7cc61d2 c810ac016901e8ac 36d33c41812ce7dc 238ec735a13a3f09 7e4a4a1300b77a06 e7828f0ea9749505
189,26f72a4eb15ea8c0 4c0eee2c1a5e76e2 74873b42602d8958 9c9a9d45c2ea7ddf bbbd5d2fd957e8f7 00d9f8d3f7d412b3 b05b5f6850cfa158 36d33c41812ce7dc c810ac016901e8ac 238ec735a13a3f09 7e4a4a1300b77a06 e7828f0ea9749505 5057551fc55e9ed2 d64c06baf5ef1c90 0eedb1a0d3b8ddae 83f8aca6ee2caabc 52e459a551d4ac2d 2bafd15871caae91 453bc79164d57a01 3d93a60f990a0a7c 5430097e23000368 cc861214a89ef1f4 af8e70f978cd5aee 61ba7707ef6a5a99 2dd12c230ab22555 da904d2a54ff8cf2 c05f45f86d0771d5 6461a9faa871b3ac db0e648651f4c92b f28fb3d9880c5d4c
190,00958a140c3a6de8 453bc79164d57a01 0b774cf90856c4da 197fa50b30d91fe8 9b2adcf4041227d7 190ab585fd379f0f 04fda7c9d8971ec0 e7828f0ea9749505 5057551fc55e9ed2 83f8aca6ee2caabc 52e459a551d4ac2d af8e70f978cd5aee 61ba7707ef6a5a99 da904d2a54ff8cf2 bc27d5dc9bab1c18 c05f45f86d0771d5 6461a9faa871b3ac dc12cc503ac0eddb 00d9f8d3f7d412b3 ee3ed9a3f51336cd d6ed7e4b14c51296 a1314cd417504572 22e8d6734e4121ae 628accd9be98503c 4483bbdd3241f11a 8b7c486a910dd004 d72363ddd958d906 8dc313a2cf9da354 9d5edf3b993fee50 7cea1f637ea3f37d
191,87c5481930cfe126 0f4c71d341e2d939 c11b97f245a9dfd0 4d32dae7b43c489a 01b3da54ffb158a0 d7d937303a6d5a9d 88b62355670ec8f8 a65e30106ea50423 061f3e1feeaa3094 dc12cc503ac0eddb a5d5ba33b5b1dc95 01e5a6edcee7deb0 65ad9c583823162d 65708d542bd01f39 0647acc4602d4e8f fa173131f15f5534 99e833818ec4bbf2 29968e8fd13539f8 43b3338423d7386c f209d29f991432f0 f49e13a653cbdad2 22756be6fd061d4c aa0789b403bcd839 bc2ae5f4e5d53e00 3e8e56f639a5db5b 0772e3ab293a1f30 e6a29676c096f8e8 1c3b74a02a86467d 4e966bb2768c2b8a 1efd7bd8a34a1359
192,451e7ba901ad661d 537a55eda51a3f60 a84cd36608cb8665 f05fa5f57dc03e81 0b774cf90856c4da e36475c1af5ea3ab d6ed7e4b14c51296 4d954d933e606b70 64907c4568244eb4 190ab585fd379f0f 00958a140c3a6de8 cc0c9419f8a20603 b05b5f6850cfa158 3b4a85bac6ead3c8 0eedb1a0d3b8ddae c810ac016901e8ac 36d33c41812ce7dc 238ec735a13a3f09 7e4a4a1300b77a06 e7828f0ea9749505 5057551fc55e9ed2 d64c06baf5ef1c90 83f8aca6ee2caabc 52e459a551d4ac2d 2bafd15871caae91 453bc79164d57a01 3d93a60f990a0a7c 5430097e23000368 cc861214a89ef1f4 af8e70f978cd5aee
193,005666aa098abe8e 0079f3c74309b582 395b26d91f98bd92 6899956cd6c683f0 964a50d33717c26d bd713b37b67866c3 0195950ce0f47e34 af41e2b6da3e7e02 d0f6c00eec5eb973 5430097e23000368 0b0021aa60d05daa 29bedd00fb2be056 01b3da54ffb158a0 00d9eb862ba3dfc6 3e66b4855d0dddbe 9d5edf3b993fee50 64267373570e4ea3 6e12311169bcb24c 6cb9ab508a0678a0 013030fd7d29bf3d db0e648651f4c92b 447fc00f40d71d08 8643165b0f53df11 2b48ab08c915c0ad 52aa48c07b34dc88 2e2904c5373734ae 8e83d05923cde390 fc16a50ff0baec53 d72363ddd958d906 19b4014943e0ad92
194,64907c4568244eb4 2b48ab08c915c0ad fd30682593995748 f05fa5f57dc03e81 537a55eda51a3f60 a1314cd417504572 e36475c1af5ea3ab 00d9f8d3f7d412b3 d6ed7e4b14c51296 0b774cf90856c4da d72363ddd958d906 9d5edf3b993fee50 00ff646ca6637bd7 28a2067685cb3e97 238ec735a13a3f09 fc8971756f9ec194 e7828f0ea9749505 120e745e2961b5d5 8566d15270eb5e83 00958a140c3a6de8 52e459a551d4ac2d 6461a9faa871b3ac ee3ed9a3f51336cd a84cd36608cb8665 451e7ba901ad661d 7c9248ed6224aa26 5989fb934598c1a7 9b2adcf4041227d7 65fac1ba1840000f 24e582daf6f87158
195,1a8e5d6512d9e2d8 6461a9faa871b3ac 2820628e65a062e2 976baf0e84752a68 ecb768ef6fd223ca 155600e5f1221f8c f48d0fbea7dc2782 628accd9be98503c 190ab585fd379f0f bd9cd6b87a4fe0ce 7cea1f637ea3f37d 898a4921ab9f4cce 5c4b7558c942a224 8faeacf8ca08f62d a292248bb2bffb3d 24e582daf6f87158 0eedb1a0d3b8ddae 95166957b2c38794 cc0c9419f8a20603 bee46c54461925d0 b05b5f6850cfa158 4d32dae7b43c489a 3b4a85bac6ead3c8 da7d3c2d591c4295 3c565c1fc2316d16 e36475c1af5ea3ab 1d0f5fdc58e3efb5 24c47959ea77b15b 393f49286db04aeb 98dbd15aa33ebc18
196,f05fa5f57dc03e81 d6ed7e4b14c51296 e36475c1af5ea3ab 83f8aca6ee2caabc c015590d6a6fe833 453bc79164d57a01 64907c4568244eb4 9c9a9d45c2ea7ddf e7828f0ea9749505 5057551fc55e9ed2 bc27d5dc9bab1c18 58654e3143c6550b 00958a140c3a6de8 4d954d933e606b70 c810ac016901e8ac 36d33c41812ce7dc d64c06baf5ef1c90 8dc313a2cf9da354 0cd920bad11c716d 537a55eda51a3f60 8b7c486a910dd004 d72363ddd958d906 059bbdbdb843af6a 025a148c3a53bd9f 016da874bd04df55 316382267dcd804f 5a1149fbcbd37376 9100ea6cd0e084bf a14394322cf7043d 74244a8703c03720
197,3d93a60f990a0a7c 734dabb98795c35c d980375fbd40c75f 0eb4de784c8dd679 5048a37f10cf2d91 e36475c1af5ea3ab 44d324ebd3e22ad7 a017f3358d5327aa 855f2f0354e102c7 387e9cd2e5d4ea7d 95166957b2c38794 013030fd7d29bf3d 10ad13170242ecae c810ac016901e8ac 36d33c41812ce7dc 00d9eb862ba3dfc6 238ec735a13a3f09 7e4a4a1300b77a06 e7828f0ea9749505 5057551fc55e9ed2 d64c06baf5ef1c90 83f8aca6ee2caabc 52e459a551d4ac2d 2bafd15871caae91 453bc79164d57a01 5430097e23000368 cc861214a89ef1f4 af8e70f978cd5aee 61ba7707ef6a5a99 2dd12c230ab22555
198,b69ce8b8154645f8 622f2e4119882c94 49224aca40e6e5e3 5fb2d8e734956af0 6a9aa1bd93e36e66 65d44c6393907290 a52df8083c238c46 34a62e66e05f9a44 64b31699d7d15934 033d905aec273595 486dd77002936dec ac9ee0c09b538140 955e465ce0788ea6 a9dad59c7055b56c 24e582daf6f87158 8faeacf8ca08f62d 106204cd0e07e1b2 29bedd00fb2be056 a982b5c3aed39396 4d32dae7b43c489a 40583079f57235a6 25a3b47fe31bc6b5 393f49286db04aeb 63d95d5977c2fe98 5879096a38d69fc5 0db6584e3bdfa1c4 796888cc3443006c 005666aa098abe8e 59bf6d6df9146d60 853e36b1550c6274
199,c08c3765ac609cc0 f705b637f624147e 74e59c5820900b17 5b34da30b93eb123 b749972436ac9791 a9eef13786610446 ffc688c4c1c2a068 44d324ebd3e22ad7 4d417b203b333363 2359719a0f40ffac dac29ed8400b50cc 6d80d2e62d01f6bc 54f55c74d37db3c0 05f23e7d05dbf7c2 8e0760918e88e4a9 bed3e73d52011f68 f46601a9955f9949 2810fb6f81d1711c 8d58da0e1800dc96 e14a893f1918277e 0eafda717681bbdc 00140806971e7a73 e7cad3748e50b0f8 65fac1ba1840000f 2a06f5614060e3b6 0fbd0f422e926816 27bc34b9887bec0d 5fb2d8e734956af0 005666aa098abe8e d6ed7e4b14c51296
200,8dedff0a79784abc b6e72edcad270be0 4d954d933e606b70 a60934e6b473097a 24e582daf6f87158 58654e3143c6550b 52370bea1acd0600 ebfda3b48083e390 5430097e23000368 3e66b4855d0dddbe 63d509cd2a2e0e47 ca43e349133fc0e3 8faeacf8ca08f62d 3b6d27775fce1c7b bf973f9ec3600199 c015590d6a6fe833 3b4a85bac6ead3c8 b6a1c97f19af78d0 4d32dae7b43c489a 285657fcdf89f00d 4f915ad69e1dca36 b1e47da7659b675c 238de368bb05c0ec e8ad5e31484ef889 4beacc71024f8b08 9b0e8cf8153e3b33 404031ab9d5977c4 3c565c1fc2316d16 28a2067685cb3e97 07be6a290720707d
201,27888817db122597 5547f9f1638ac345 1d0f5fdc58e3efb5 430feb4826a5632e bc2ae5f4e5d53e00 a9dad59c7055b56c c5830f9d0f1e29e5 a2805ed52b47b8ec 5430097e23000368 a017f3358d5327aa b6e646c13d0753ae 047769588be1aea9 0451447dd64f6284 3734d3b0b9232538 9c9a9d45c2ea7ddf ae000f9d0b5e104e 486dd77002936dec 8faeacf8ca08f62d 765c0695339c3abe 0eedb1a0d3b8ddae 95ecdbff44ad0b60 3cb6b40d377e7ca8 8abe670908f12614 b05b5f6850cfa158 d73a65673e3f1d78 0079f3c74309b582 3e8e56f639a5db5b 0195950ce0f47e34 c28bc62802b90f82 702d8f1064ab3e30
202,48f93f9c2c699e19 a2805ed52b47b8ec 8a5635c748344d47 3b6d27775fce1c7b d63b7f083330247f 5897953fdf87b60f ec1b3d7ccd3984d0 34a62e66e05f9a44 54a11cbcd7a32af4 a18df74d3a16e9c0 25145708d494530b b84b6c0b2e4d0306 1d0f5fdc58e3efb5 3cb6b40d377e7ca8 e22c35101e190db9 27bc34b9887bec0d d5952b2e031c4e7e 3d6880bd12f6613f 0a79fabc6f5d93c9 09bbaa171c20bae3 8699cc5dd4159b69 03dfe518713e006c 01b3da54ffb158a0 061f3e1feeaa3094 7155e5a86136eb02 6899956cd6c683f0 f25bfcffedaccf28 4d32dae7b43c489a 16b11706660177ff 45630e1451157ff3
203,e7828f0ea9749505 5057551fc55e9ed2 83f8aca6ee2caabc 52e459a551d4ac2d 453bc79164d57a01 af8e70f978cd5aee 61ba7707ef6a5a99 da904d2a54ff8cf2 c05f45f86d0771d5 6461a9faa871b3ac 00d9f8d3f7d412b3 ee3ed9a3f51336cd d6ed7e4b14c51296 9b2adcf4041227d7 a1314cd417504572 22e8d6734e4121ae 4483bbdd3241f11a 8b7c486a910dd004 d72363ddd958d906 8df3f13d6af34cb3 b0b5e62a93a2c37c 9f27aa36c1ea793c cec2eea2a1fe566a bc27d5dc9bab1c18 0b774cf90856c4da 628accd9be98503c 059bbdbdb843af6a 8dc313a2cf9da354 9d5edf3b993fee50 7cea1f637ea3f37d
204,90ecb28f2edb9d43 447fc00f40d71d08 96445bec1579ec97 2e79d45ba4d1540d 5867d40811c0229f 9f4e0d572b1f4e6c 9f3d2ca16f358290 2e031d83339759b2 3c565c1fc2316d16 a492bd402afd5c71 feddfcf56818968e f48d0fbea7dc2782 24c47959ea77b15b 43b3338423d7386c 6a3919ad9ed8197e de8e1345e8c305c4 8faeacf8ca08f62d 4d9214c0925e5af8 404031ab9d5977c4 ced9c56f2be86774 3e66b4855d0dddbe 0bcaac840d5e66d7 a76ffccd2f5df1a7 964a50d33717c26d 62431fd374eb99fb 0f4c71d341e2d939 8a5635c748344d47 ddf332f2b55a2a23 b24820ae14e16a24 50806199c80e215c
205,4d954d933e606b70 63d509cd2a2e0e47 3e66b4855d0dddbe e8ad5e31484ef889 07be6a290720707d 1398b478b71773ed 3c565c1fc2316d16 8dedff0a79784abc f48d0fbea7dc2782 24c47959ea77b15b 48a76e3aff69d605 bf3ccaba4a3450a8 bf973f9ec3600199 a76ffccd2f5df1a7 62431fd374eb99fb 5b4c879fc9c316fb 0f4c71d341e2d939 ddf332f2b55a2a23 cea18be9a89d7a81 404031ab9d5977c4 b6e72edcad270be0 4b29fc21f912754d a860b682add9de1c 9f4e0d572b1f4e6c 172bc0ee09332ae9 cc507a0d6fcf4a1c 6406fcdb7d87b5dc aa0789b403bcd839 a853f13216170123 4f2fffd7528de786
206,005666aa098abe8e a9eef13786610446 ffc688c4c1c2a068 0079f3c74309b582 5b34da30b93eb123 00140806971e7a73 c08c3765ac609cc0 74e59c5820900b17 b749972436ac9791 0d0368139e9a647f 65254e0d209fd66e dac29ed8400b50cc 44d324ebd3e22ad7 05f23e7d05dbf7c2 a5f55580081236f4 f705b637f624147e 4d417b203b333363 2a06f5614060e3b6 f2234bb7ce0c6f59 2810fb6f81d1711c b760ebc5f25788d3 70776cdd9bb3b7d4 09660f466b38b7ba 72403ecdfe02bba6 2359719a0f40ffac 5fb2d8e734956af0 0fbd0f422e926816 ffa9091747ae2466 636224e349e561bf 12af6a34778710db
207,b6d0f83aad4e4dc7 197fa50b30d91fe8 796888cc3443006c 72403ecdfe02bba6 f2234bb7ce0c6f59 0d0368139e9a647f 63d95d5977c2fe98 05f23e7d05dbf7c2 0fbd0f422e926816 73391e0853c1e040 5b16bae6a0de7c88 09660f466b38b7ba 22dc81380cf4baec b29ab87af6ea6310 26fc2a95df5659c2 387e9cd2e5d4ea7d 40583079f57235a6 316382267dcd804f 59bf6d6df9146d60 70776cdd9bb3b7d4 853e36b1550c6274 33856365c271aea4 abf90e759d208468 acae1d29289b1266 8700059e85433b32 6a9aa1bd93e36e66 65d44c6393907290 46b99f864d6a075a d35e11d3d1ab3c67 1f4f62844c3cb99c
208,6461a9faa871b3ac 976baf0e84752a68 1a8e5d6512d9e2d8 64907c4568244eb4 2820628e65a062e2 ecb768ef6fd223ca 155600e5f1221f8c da904d2a54ff8cf2 2b48ab08c915c0ad f48d0fbea7dc2782 190ab585fd379f0f fd30682593995748 00d9f8d3f7d412b3 bbbd5d2fd957e8f7 628accd9be98503c 7d83ffe83f61bdc4 7cea1f637ea3f37d d6ed7e4b14c51296 bd9cd6b87a4fe0ce f05fa5f57dc03e81 a1314cd417504572 4483bbdd3241f11a d72363ddd958d906 e36475c1af5ea3ab 537a55eda51a3f60 5c4b7558c942a224 5430097e23000368 e7828f0ea9749505 5057551fc55e9ed2 8abe670908f12614
209,9f3d2ca16f358290 680bb5c5c3bb6ee1 3c565c1fc2316d16 1c3b74a02a86467d 47fbe21f5c35c7b4 90ecb28f2edb9d43 2e79d45ba4d1540d ec1b3d7ccd3984d0 f76f44d372517a9a e8ad5e31484ef889 2e031d83339759b2 9cf6709de35bf0f3 447fc00f40d71d08 b05b5f6850cfa158 d7d937303a6d5a9d a292248bb2bffb3d 7f95168400948588 eec6b281e236b500 8fc68213b63951dc e25a1da6ca187350 a65e30106ea50423 6899956cd6c683f0 d5805cdb9e8f0f48 ad06e9eeea8eb4ea b84b6c0b2e4d0306 54a11cbcd7a32af4 e878efab7c37179e 6204e398d8c7f888 a60934e6b473097a 06de3ca1148b088b
210,c1f2e3a76d388944 393f49286db04aeb 8faeacf8ca08f62d d6ed7e4b14c51296 0db6584e3bdfa1c4 abf90e759d208468 f25bfcffedaccf28 16b11706660177ff 24e582daf6f87158 5bf89d11a25121d9 351c9da399c2b915 65fac1ba1840000f 4d32dae7b43c489a 3c565c1fc2316d16 942a7d26d81c841f 1d0f5fdc58e3efb5 f48d0fbea7dc2782 24c47959ea77b15b a60934e6b473097a 522bd6887960c25d d46598813fb437e5 3b6d27775fce1c7b 81b639b74256b45b 3e66b4855d0dddbe 47fbe21f5c35c7b4 64b31699d7d15934 95ecdbff44ad0b60 b9d966ad9e04127a 3734d3b0b9232538 c015590d6a6fe833
211,c03b11a0cdc3fa39 e36475c1af5ea3ab 0a79fabc6f5d93c9 8faeacf8ca08f62d 65254e0d209fd66e 7b81f1f2b6ec2e5f bee46c54461925d0 dc17b07476183764 92f42fbd0c38f7fd 47fbe21f5c35c7b4 ec4ef2f727e7a03f da7d3c2d591c4295 f05fa5f57dc03e81 4d32dae7b43c489a acf5cb026b3c4551 a982b5c3aed39396 a813c15b46ceaf68 1d0f5fdc58e3efb5 98dbd15aa33ebc18 24e582daf6f87158 4f915ad69e1dca36 4b29fc21f912754d eff60ceea8817dad f49e13a653cbdad2 2e4b00c01d58e79e 95ecdbff44ad0b60 2394b08708475900 81bd116c786bf9ae 9f3d2ca16f358290 3cb6b40d377e7ca8
212,a65e30106ea50423 58654e3143c6550b ced9c56f2be86774 0079f3c74309b582 d46598813fb437e5 4d7653ea9499eed4 9a0f5ee4f845c9b2 0bcaac840d5e66d7 c28bc62802b90f82 702d8f1064ab3e30 f58ff7f1a6cde683 3fa57d488e979d74 ff88049e61f0f4ef e0269da736ddf004 bd713b37b67866c3 fd30682593995748 2a06f5614060e3b6 39f6296778264878 e25a1da6ca187350 c31a456b544a40a8 3986b68500d7704b 0708923badf2ff5d 734dabb98795c35c 942a7d26d81c841f bd0f175ee98c613e ae94d8435a6847f4 b6d0f83aad4e4dc7 b24820ae14e16a24 622f2e4119882c94 4b8c7061102517ef
213,047769588be1aea9 0451447dd64f6284 36d33c41812ce7dc c810ac016901e8ac d64c06baf5ef1c90 83f8aca6ee2caabc 430feb4826a5632e 453bc79164d57a01 2e031d83339759b2 025a148c3a53bd9f 016da874bd04df55 316382267dcd804f 9100ea6cd0e084bf a14394322cf7043d 74244a8703c03720 c6b615b2589e036d 27a12f29dceccdbd b6cdb608f640e038 bd0f175ee98c613e 18b1d2d84c97a364 2820628e65a062e2 238ec735a13a3f09 7e4a4a1300b77a06 39f6296778264878 dc17b07476183764 e7828f0ea9749505 5057551fc55e9ed2 bc2ae5f4e5d53e00 a04d6febd82a4389 2e44fbb8bc3d8d71
214,ee3ed9a3f51336cd 5a1149fbcbd37376 dac29ed8400b50cc 4d32dae7b43c489a 00d9f8d3f7d412b3 50ba507a268872e1 01b3da54ffb158a0 d7d937303a6d5a9d 88b62355670ec8f8 a65e30106ea50423 061f3e1feeaa3094 dc12cc503ac0eddb a5d5ba33b5b1dc95 01e5a6edcee7deb0 65ad9c583823162d 65708d542bd01f39 0647acc4602d4e8f fa173131f15f5534 99e833818ec4bbf2 29968e8fd13539f8 43b3338423d7386c f209d29f991432f0 f49e13a653cbdad2 22756be6fd061d4c 3e8e56f639a5db5b aa0789b403bcd839 bc2ae5f4e5d53e00 0772e3ab293a1f30 87c5481930cfe126 e6a29676c096f8e8
215,9b2adcf4041227d7 7d83ffe83f61bdc4 87c5481930cfe126 7e4a4a1300b77a06 3d93a60f990a0a7c ae77487a89f2610c a292248bb2bffb3d 8fc68213b63951dc 8b7c486a910dd004 a04d6febd82a4389 4d32dae7b43c489a 16b11706660177ff d5805cdb9e8f0f48 39075e303166355e 528161039994b4dc 8faeacf8ca08f62d b05b5f6850cfa158 1f4f62844c3cb99c 09660f466b38b7ba f46601a9955f9949 ae94d8435a6847f4 d7d937303a6d5a9d 8f578001f9d5f543 8d58da0e1800dc96 b78189788d563693 b3ad55963554f220 bb7515be835dea49 36d33c41812ce7dc c810ac016901e8ac 5b4c879fc9c316fb
216,4dba7ce835494a63 148ac4a56a18844d 1d0f5fdc58e3efb5 95ecdbff44ad0b60 e1460af4a7044067 e228204ae08d1355 e878efab7c37179e 9269d2b0d877352d 1a05ef8c93af8eed a492bd402afd5c71 828f5dfbbf1272ee fb2ebcb5335ad2e2 96e82fa141db9a4b 3b6d27775fce1c7b 5c8c6d9a1fd4c1e0 5f94b027039f4e48 0688c790d5806540 eab15ee21e126f6a 366a22fce0614fb8 c36c2dce0e6e434f 58654e3143c6550b 4d7653ea9499eed4 48cf88c17ff38c5e ebfda3b48083e390 ddb3810e0289c148 de8e1345e8c305c4 877672967d3f70bb 587e0b2a4811fab1 26140b225c4f8d3f bf973f9ec3600199
217,27a12f29dceccdbd bc27d5dc9bab1c18 e7828f0ea9749505 cba7e22bb383083a 6cb9ab508a0678a0 42c9b72cc77dcb28 9f4e0d572b1f4e6c 36d33c41812ce7dc c810ac016901e8ac c03b11a0cdc3fa39 00af886180e9eaec 781f4d0147aef776 d64c06baf5ef1c90 83f8aca6ee2caabc 9a439fd1abf95245 453bc79164d57a01 b7d7d9ae1cbe0d8a 4bed80e56ea2e099 bee46c54461925d0 8566d15270eb5e83 354d7a327bbcc152 1c3b74a02a86467d 238ec735a13a3f09 7e4a4a1300b77a06 025a148c3a53bd9f 016da874bd04df55 316382267dcd804f 9100ea6cd0e084bf a14394322cf7043d 5057551fc55e9ed2
218,a292248bb2bffb3d c015590d6a6fe833 57113c2a4cacd961 d1e21234d7cc61d2 061f3e1feeaa3094 a04d6febd82a4389 095bb1b6ecbd0a50 54a11cbcd7a32af4 b05b5f6850cfa158 b26d8664feb18c8c 01b3da54ffb158a0 bb7515be835dea49 42bb83d7c4b9ecae 22dc81380cf4baec 33856365c271aea4 40583079f57235a6 95d25d38ba7df9c7 522bd6887960c25d 538c7bb968b2154c 0add47a043c64d7f 828f5dfbbf1272ee 0b0021aa60d05daa fb2ebcb5335ad2e2 25145708d494530b fb8bd6b95eb4702a eab15ee21e126f6a 64b31699d7d15934 b9d966ad9e04127a b6cdb608f640e038 2cebd52b41930f0a
219,0c2eeab1e4ce1db8 2e44fbb8bc3d8d71 351c9da399c2b915 42c9b72cc77dcb28 f28fb3d9880c5d4c a677c3a76055a6d2 fc8971756f9ec194 120e745e2961b5d5 b0b5e62a93a2c37c 2bafd15871caae91 2dd12c230ab22555 37001ade0df85823 00ff646ca6637bd7 7b81f1f2b6ec2e5f c28bc62802b90f82 40583079f57235a6 1f4f62844c3cb99c 197fa50b30d91fe8 316382267dcd804f b3ad55963554f220 26fc2a95df5659c2 a52df8083c238c46 ddb3810e0289c148 65254e0d209fd66e a04d6febd82a4389 3d93a60f990a0a7c 095bb1b6ecbd0a50 64b31699d7d15934 b3e75fdca5ca2f1a 39075e303166355e
220,fa173131f15f5534 00d9eb862ba3dfc6 a2805ed52b47b8ec 73f770f2643a2135 0195950ce0f47e34 538c7bb968b2154c ce0f56b7190c268a d3c4a7db726191e0 b26d8664feb18c8c dc17b07476183764 f29eee8054c061e1 01ecc81f6341e902 acf5cb026b3c4551 3734d3b0b9232538 97d696011258825c b84b6c0b2e4d0306 54a11cbcd7a32af4 a18df74d3a16e9c0 34a62e66e05f9a44 eff60ceea8817dad 5879096a38d69fc5 07d688f5e2142b87 d5952b2e031c4e7e f2b5098ac9c92da9 8faeacf8ca08f62d 765c0695339c3abe 1d0f5fdc58e3efb5 95ecdbff44ad0b60 3cb6b40d377e7ca8 8abe670908f12614
221,7c9248ed6224aa26 64907c4568244eb4 f05fa5f57dc03e81 e36475c1af5ea3ab 5b16bae6a0de7c88 537a55eda51a3f60 50ba507a268872e1 58654e3143c6550b b50b4e27b03c7b37 190ab585fd379f0f d6ed7e4b14c51296 46315cf30aaee51c 2b48ab08c915c0ad 853e36b1550c6274 fd30682593995748 00958a140c3a6de8 c606425856952286 0b774cf90856c4da 70776cdd9bb3b7d4 a04d6febd82a4389 d64c7c3b658689f4 095bb1b6ecbd0a50 016da874bd04df55 0cd920bad11c716d b78189788d563693 ffa9091747ae2466 025a148c3a53bd9f 047769588be1aea9 65fac1ba1840000f d72363ddd958d906
222,1d0f5fdc58e3efb5 9b2adcf4041227d7 72403ecdfe02bba6 f2234bb7ce0c6f59 0d0368139e9a647f 05f23e7d05dbf7c2 0fbd0f422e926816 73391e0853c1e040 5b16bae6a0de7c88 b6d0f83aad4e4dc7 d1e21234d7cc61d2 a853f13216170123 387e9cd2e5d4ea7d e740c80fce094788 70776cdd9bb3b7d4 666bdff4faa513ca 0683b6a78f54be75 abf90e759d208468 46b99f864d6a075a d35e11d3d1ab3c67 430feb4826a5632e 63d95d5977c2fe98 bf3ccaba4a3450a8 36d33c41812ce7dc c810ac016901e8ac 238ec735a13a3f09 7e4a4a1300b77a06 09660f466b38b7ba 4d29c6922b2d0d56 01020d1b0821f4c7
223,63d509cd2a2e0e47 e8ad5e31484ef889 07be6a290720707d 1398b478b71773ed 0079f3c74309b582 3e66b4855d0dddbe bf3ccaba4a3450a8 bf973f9ec3600199 8dedff0a79784abc 5430097e23000368 680bb5c5c3bb6ee1 bee46c54461925d0 da7d3c2d591c4295 e36475c1af5ea3ab 98dbd15aa33ebc18 0eedb1a0d3b8ddae eff60ceea8817dad 3fa57d488e979d74 3986b68500d7704b 702d8f1064ab3e30 ff88049e61f0f4ef c28bc62802b90f82 0bcaac840d5e66d7 9a0f5ee4f845c9b2 4d7653ea9499eed4 e0269da736ddf004 bd713b37b67866c3 fd30682593995748 734dabb98795c35c bd0f175ee98c613e
224,d63b7f083330247f e36475c1af5ea3ab 59c231f8fd21260c f05fa5f57dc03e81 c03b11a0cdc3fa39 d216e5458ad70e60 da7d3c2d591c4295 fb8bd6b95eb4702a e8684734f2e587bd 3ca7964973437917 8bf446c0455e3c5c 60a070db9f1869b5 d5952b2e031c4e7e 36d33c41812ce7dc c810ac016901e8ac b6e646c13d0753ae 238ec735a13a3f09 bee46c54461925d0 7e4a4a1300b77a06 8a5635c748344d47 e7828f0ea9749505 a292248bb2bffb3d 5057551fc55e9ed2 d64c06baf5ef1c90 83f8aca6ee2caabc 52e459a551d4ac2d 2bafd15871caae91 453bc79164d57a01 3d93a60f990a0a7c 5430097e23000368
225,ecb768ef6fd223ca cc861214a89ef1f4 af8e70f978cd5aee 6461a9faa871b3ac 1a8e5d6512d9e2d8 976baf0e84752a68 2820628e65a062e2 fab14d178b24a67f 155600e5f1221f8c 4105533fe46dfba9 059bbdbdb843af6a f48d0fbea7dc2782 430feb4826a5632e 628accd9be98503c 190ab585fd379f0f bd9cd6b87a4fe0ce 22e8d6734e4121ae 7cea1f637ea3f37d 6cb9ab508a0678a0 1d0f5fdc58e3efb5 5c4b7558c942a224 4b8c7061102517ef bc2ae5f4e5d53e00 a853f13216170123 05e4165a56bf50eb 5430097e23000368 e740c80fce094788 a9dad59c7055b56c 666bdff4faa513ca d1e21234d7cc61d2
226,1f4f62844c3cb99c 0a79fabc6f5d93c9 a292248bb2bffb3d eec6b281e236b500 8fc68213b63951dc 40583079f57235a6 2e031d83339759b2 bed3e73d52011f68 8f578001f9d5f543 20d283a232dfd13c b29ab87af6ea6310 26fc2a95df5659c2 ffa9091747ae2466 cc861214a89ef1f4 ec4ef2f727e7a03f ec1b3d7ccd3984d0 16b11706660177ff f76f44d372517a9a 2a06f5614060e3b6 b3ad55963554f220 64b31699d7d15934 61ba7707ef6a5a99 c28bc62802b90f82 d216e5458ad70e60 a52df8083c238c46 9cf6709de35bf0f3 b05b5f6850cfa158 e5fb8dc5c9cb4a19 d7d937303a6d5a9d 853e36b1550c6274
227,bc2ae5f4e5d53e00 4d32dae7b43c489a 430feb4826a5632e 8faeacf8ca08f62d 4e966bb2768c2b8a 828f5dfbbf1272ee 24e582daf6f87158 a9dad59c7055b56c b84b6c0b2e4d0306 01b3da54ffb158a0 d7d937303a6d5a9d 34a62e66e05f9a44 88b62355670ec8f8 83f8f2fc471cad74 a65e30106ea50423 3e8e56f639a5db5b 061f3e1feeaa3094 dc12cc503ac0eddb a5d5ba33b5b1dc95 050544c040f46152 3c565c1fc2316d16 01e5a6edcee7deb0 65ad9c583823162d 65708d542bd01f39 0647acc4602d4e8f fa173131f15f5534 1d0f5fdc58e3efb5 f48d0fbea7dc2782 24c47959ea77b15b 99e833818ec4bbf2
228,a860b682add9de1c 48a76e3aff69d605 5d26da95786b3a3a f1a3b8b13e9401c0 10ad13170242ecae 5ebb4d2f5f1c1f13 bc2ae5f4e5d53e00 2394b08708475900 106204cd0e07e1b2 e1460af4a7044067 98dbd15aa33ebc18 1d0f5fdc58e3efb5 ae000f9d0b5e104e e228204ae08d1355 e878efab7c37179e 9269d2b0d877352d 1a05ef8c93af8eed a492bd402afd5c71 828f5dfbbf1272ee fb2ebcb5335ad2e2 96e82fa141db9a4b 3b6d27775fce1c7b 5c8c6d9a1fd4c1e0 eab15ee21e126f6a 366a22fce0614fb8 c36c2dce0e6e434f 95ecdbff44ad0b60 148ac4a56a18844d 4d7653ea9499eed4 48cf88c17ff38c5e
229,9269d2b0d877352d c28bc62802b90f82 316382267dcd804f d16da1fb61813db9 c810ac016901e8ac 36d33c41812ce7dc e228204ae08d1355 025a148c3a53bd9f 26fc2a95df5659c2 016da874bd04df55 a14394322cf7043d 74244a8703c03720 1f4f62844c3cb99c d64c06baf5ef1c90 83f8aca6ee2caabc dc17b07476183764 27a12f29dceccdbd 453bc79164d57a01 486dd77002936dec e1460af4a7044067 18b1d2d84c97a364 cc861214a89ef1f4 2e44fbb8bc3d8d71 1d0f5fdc58e3efb5 9100ea6cd0e084bf e878efab7c37179e d46598813fb437e5 bc27d5dc9bab1c18 1a05ef8c93af8eed 39f6296778264878
230,e7cad3748e50b0f8 1d0f5fdc58e3efb5 a853f13216170123 e740c80fce094788 666bdff4faa513ca d1e21234d7cc61d2 0683b6a78f54be75 ced9c56f2be86774 73f770f2643a2135 702d8f1064ab3e30 ae94d8435a6847f4 430feb4826a5632e c015590d6a6fe833 74244a8703c03720 b8e2f75014710ced f58ff7f1a6cde683 bee46c54461925d0 455fde214d16d350 5430097e23000368 da7d3c2d591c4295 98dbd15aa33ebc18 eff60ceea8817dad e36475c1af5ea3ab 04886579947a80c2 6899956cd6c683f0 d73a65673e3f1d78 128d583954b18074 f25bfcffedaccf28 4d32dae7b43c489a ec1b3d7ccd3984d0
231,9c9ebf71707d7a37 e8b87ed7db1bcb1f 2359719a0f40ffac d1e21234d7cc61d2 49b5678e0d1e5bcd f2e30efbd27bee51 0220a434aa8bf029 0a79fabc6f5d93c9 2e4b00c01d58e79e 855f2f0354e102c7 5897953fdf87b60f 4b29fc21f912754d 8faeacf8ca08f62d c1f2e3a76d388944 81bd116c786bf9ae 1d0f5fdc58e3efb5 95ecdbff44ad0b60 3cb6b40d377e7ca8 8abe670908f12614 c5830f9d0f1e29e5 f1a3b8b13e9401c0 a2805ed52b47b8ec b6e646c13d0753ae 3e8e56f639a5db5b d73a65673e3f1d78 128d583954b18074 447fc00f40d71d08 cea18be9a89d7a81 bbbd5d2fd957e8f7 47fbe21f5c35c7b4
232,c08c3765ac609cc0 cc861214a89ef1f4 af8e70f978cd5aee f705b637f624147e 74e59c5820900b17 5b34da30b93eb123 b749972436ac9791 fab14d178b24a67f a9eef13786610446 ffc688c4c1c2a068 44d324ebd3e22ad7 4d417b203b333363 e7cad3748e50b0f8 2359719a0f40ffac dac29ed8400b50cc 4105533fe46dfba9 6d80d2e62d01f6bc 059bbdbdb843af6a 54f55c74d37db3c0 05f23e7d05dbf7c2 bed3e73d52011f68 f46601a9955f9949 6cb9ab508a0678a0 2810fb6f81d1711c 8d58da0e1800dc96 e14a893f1918277e ecb768ef6fd223ca 0eafda717681bbdc 00140806971e7a73 22e8d6734e4121ae
233,db7342eff9200020 0a79fabc6f5d93c9 a017f3358d5327aa e14a893f1918277e 8a5635c748344d47 e7cad3748e50b0f8 0fbd0f422e926816 b6d0f83aad4e4dc7 8dc313a2cf9da354 dc12cc503ac0eddb e1460af4a7044067 1d0f5fdc58e3efb5 f58ff7f1a6cde683 e228204ae08d1355 e878efab7c37179e 9269d2b0d877352d 1a05ef8c93af8eed a492bd402afd5c71 828f5dfbbf1272ee fb2ebcb5335ad2e2 96e82fa141db9a4b 3b6d27775fce1c7b 72403ecdfe02bba6 5c8c6d9a1fd4c1e0 eab15ee21e126f6a 366a22fce0614fb8 c36c2dce0e6e434f 95ecdbff44ad0b60 148ac4a56a18844d 4d7653ea9499eed4
234,26f72a4eb15ea8c0 50ba507a268872e1 b50b4e27b03c7b37 9c9a9d45c2ea7ddf cec2eea2a1fe566a 00d9f8d3f7d412b3 4c0eee2c1a5e76e2 0cd920bad11c716d 120e745e2961b5d5 bbbd5d2fd957e8f7 e7828f0ea9749505 5057551fc55e9ed2 74873b42602d8958 83f8aca6ee2caabc 52e459a551d4ac2d 453bc79164d57a01 af8e70f978cd5aee 61ba7707ef6a5a99 da904d2a54ff8cf2 c05f45f86d0771d5 6461a9faa871b3ac ee3ed9a3f51336cd d6ed7e4b14c51296 9b2adcf4041227d7 a1314cd417504572 22e8d6734e4121ae 4483bbdd3241f11a 8b7c486a910dd004 d72363ddd958d906 bc27d5dc9bab1c18
235,f1a3b8b13e9401c0 59c231f8fd21260c 48a76e3aff69d605 72b80b099fd64ec4 1d72229ebcc00faf b6e72edcad270be0 f25bfcffedaccf28 16b11706660177ff 05e4165a56bf50eb 1efd7bd8a34a1359 95166957b2c38794 b1e47da7659b675c 01020d1b0821f4c7 7f95168400948588 5879096a38d69fc5 b05b5f6850cfa158 0add47a043c64d7f 2cebd52b41930f0a 45bd99d5d2eef776 b84b6c0b2e4d0306 5fb2d8e734956af0 6899956cd6c683f0 cc0c9419f8a20603 ca43e349133fc0e3 5547f9f1638ac345 92f42fbd0c38f7fd 52aa48c07b34dc88 19e8f436d4b2fc25 01ecc81f6341e902 d5952b2e031c4e7e
236,dc17b07476183764 4fe9e4e55585ba4b 50806199c80e215c d16da1fb61813db9 e1460af4a7044067 1d0f5fdc58e3efb5 404031ab9d5977c4 e228204ae08d1355 e878efab7c37179e 9269d2b0d877352d 1a05ef8c93af8eed a492bd402afd5c71 828f5dfbbf1272ee fb2ebcb5335ad2e2 96e82fa141db9a4b 3b6d27775fce1c7b 5c8c6d9a1fd4c1e0 106204cd0e07e1b2 eab15ee21e126f6a 366a22fce0614fb8 c36c2dce0e6e434f 98dbd15aa33ebc18 95ecdbff44ad0b60 148ac4a56a18844d 4d7653ea9499eed4 48cf88c17ff38c5e ddb3810e0289c148 de8e1345e8c305c4 877672967d3f70bb 587e0b2a4811fab1
237,dc12cc503ac0eddb 9b2adcf4041227d7 528161039994b4dc 88b62355670ec8f8 a813c15b46ceaf68 47fbe21f5c35c7b4 2e4b00c01d58e79e 24e582daf6f87158 d63b7f083330247f c11b97f245a9dfd0 5897953fdf87b60f 2394b08708475900 a292248bb2bffb3d a2c35fdf07a13286 486dd77002936dec 8faeacf8ca08f62d 1d0f5fdc58e3efb5 95ecdbff44ad0b60 d1e21234d7cc61d2 3cb6b40d377e7ca8 8abe670908f12614 c5830f9d0f1e29e5 a2805ed52b47b8ec b6e646c13d0753ae 3e8e56f639a5db5b 0eedb1a0d3b8ddae 3986b68500d7704b c28bc62802b90f82 702d8f1064ab3e30 3fa57d488e979d74
238,d64c06baf5ef1c90 c810ac016901e8ac 36d33c41812ce7dc 24e582daf6f87158 83f8aca6ee2caabc 453bc79164d57a01 4d32dae7b43c489a 025a148c3a53bd9f 016da874bd04df55 316382267dcd804f 9100ea6cd0e084bf a14394322cf7043d 74244a8703c03720 8faeacf8ca08f62d c6b615b2589e036d 3c565c1fc2316d16 27a12f29dceccdbd b6cdb608f640e038 bd0f175ee98c613e 18b1d2d84c97a364 2820628e65a062e2 f48d0fbea7dc2782 24c47959ea77b15b 393f49286db04aeb 238ec735a13a3f09 7e4a4a1300b77a06 39f6296778264878 e7828f0ea9749505 5057551fc55e9ed2 a60934e6b473097a
239,bee46c54461925d0 da7d3c2d591c4295 e36475c1af5ea3ab 98dbd15aa33ebc18 eff60ceea8817dad d73a65673e3f1d78 128d583954b18074 52370bea1acd0600 4d7653ea9499eed4 9a0f5ee4f845c9b2 0bcaac840d5e66d7 c28bc62802b90f82 702d8f1064ab3e30 3986b68500d7704b 39f6296778264878 ff88049e61f0f4ef e0269da736ddf004 bd713b37b67866c3 fd30682593995748 2a06f5614060e3b6 3fa57d488e979d74 e7cad3748e50b0f8 0708923badf2ff5d 734dabb98795c35c 942a7d26d81c841f bd0f175ee98c613e ae94d8435a6847f4 b6d0f83aad4e4dc7 b24820ae14e16a24 622f2e4119882c94
240,898a4921ab9f4cce c810ac016901e8ac 36d33c41812ce7dc d64c06baf5ef1c90 83f8aca6ee2caabc 453bc79164d57a01 025a148c3a53bd9f 016da874bd04df55 316382267dcd804f 9100ea6cd0e084bf a14394322cf7043d 74244a8703c03720 c6b615b2589e036d 27a12f29dceccdbd b6cdb608f640e038 bd0f175ee98c613e 18b1d2d84c97a364 2820628e65a062e2 238ec735a13a3f09 7e4a4a1300b77a06 39f6296778264878 e7828f0ea9749505 5057551fc55e9ed2 a04d6febd82a4389 5430097e23000368 2e44fbb8bc3d8d71 095bb1b6ecbd0a50 2bafd15871caae91 c03b11a0cdc3fa39 3d93a60f990a0a7c
241,4b8c7061102517ef 055d895a3b26e466 cc861214a89ef1f4 9b2adcf4041227d7 f05fa5f57dc03e81 fab14d178b24a67f e36475c1af5ea3ab af8e70f978cd5aee 059bbdbdb843af6a 5430097e23000368 025a148c3a53bd9f 5b16bae6a0de7c88 4105533fe46dfba9 6cb9ab508a0678a0 1f4f62844c3cb99c bed3e73d52011f68 d6ed7e4b14c51296 8f578001f9d5f543 64907c4568244eb4 f9c6286cff30aaa8 537a55eda51a3f60 26fc2a95df5659c2 36d33c41812ce7dc c810ac016901e8ac 9c9a9d45c2ea7ddf 016da874bd04df55 316382267dcd804f 9100ea6cd0e084bf a14394322cf7043d 4c3802a1bd3c842e
242,feddfcf56818968e 96445bec1579ec97 6a3919ad9ed8197e 5867d40811c0229f ced9c56f2be86774 0bcaac840d5e66d7 964a50d33717c26d b24820ae14e16a24 9fbffc521da97c54 781f4d0147aef776 8faeacf8ca08f62d 1d0f5fdc58e3efb5 95ecdbff44ad0b60 3cb6b40d377e7ca8 8abe670908f12614 c5830f9d0f1e29e5 a2805ed52b47b8ec b6e646c13d0753ae 3e8e56f639a5db5b c28bc62802b90f82 702d8f1064ab3e30 3986b68500d7704b 3fa57d488e979d74 39f6296778264878 ff88049e61f0f4ef e0269da736ddf004 bd713b37b67866c3 fd30682593995748 bd0f175ee98c613e b6d0f83aad4e4dc7
243,8643165b0f53df11 395b26d91f98bd92 bd713b37b67866c3 95d25d38ba7df9c7 6899956cd6c683f0 ac9ee0c09b538140 01b3da54ffb158a0 0b0021aa60d05daa c1f2e3a76d388944 964a50d33717c26d 4bed80e56ea2e099 e4a7a996ed6a5a81 af41e2b6da3e7e02 29bedd00fb2be056 d5952b2e031c4e7e d0f6c00eec5eb973 d216e5458ad70e60 54a11cbcd7a32af4 fb8bd6b95eb4702a 52aa48c07b34dc88 3ca7964973437917 a292248bb2bffb3d e25a1da6ca187350 d1e21234d7cc61d2 b6e646c13d0753ae db0e648651f4c92b d63b7f083330247f ca4de5b8a7bda9df e8684734f2e587bd ba5199dba342af68
244,351c9da399c2b915 46315cf30aaee51c 016da874bd04df55 f28fb3d9880c5d4c 65fac1ba1840000f c606425856952286 74244a8703c03720 a677c3a76055a6d2 0c2eeab1e4ce1db8 047769588be1aea9 0688c790d5806540 853e36b1550c6274 42c9b72cc77dcb28 9c9a9d45c2ea7ddf b0b5e62a93a2c37c 5867d40811c0229f 4d9214c0925e5af8 2bafd15871caae91 2dd12c230ab22555 fc8971756f9ec194 428f9363fa35882d 120e745e2961b5d5 37001ade0df85823 2e44fbb8bc3d8d71 36d33c41812ce7dc c810ac016901e8ac 238ec735a13a3f09 7e4a4a1300b77a06 e7828f0ea9749505 5057551fc55e9ed2
245,4bed80e56ea2e099 2e4b00c01d58e79e 528161039994b4dc 3e8e56f639a5db5b 88b62355670ec8f8 a813c15b46ceaf68 47fbe21f5c35c7b4 46b99f864d6a075a 447fc00f40d71d08 ac9ee0c09b538140 24e582daf6f87158 d63b7f083330247f 9f4e0d572b1f4e6c 8e0760918e88e4a9 8643165b0f53df11 5897953fdf87b60f bee46c54461925d0 e7828f0ea9749505 2394b08708475900 01b3da54ffb158a0 74244a8703c03720 7eec211cc37a1b05 a2c35fdf07a13286 680bb5c5c3bb6ee1 8566d15270eb5e83 6204e398d8c7f888 29968e8fd13539f8 1c3b74a02a86467d 8699cc5dd4159b69 4577ae048ef1967d
246,5430097e23000368 9cf6709de35bf0f3 d216e5458ad70e60 486dd77002936dec 4491016efed845f1 03ed286136d7b3cf 29bedd00fb2be056 22dc81380cf4baec 9269d2b0d877352d e22c35101e190db9 b6e646c13d0753ae 48f93f9c2c699e19 fb8bd6b95eb4702a 9113e9dc940fb287 d3c4a7db726191e0 d63b7f083330247f e8684734f2e587bd 3ca7964973437917 8bf446c0455e3c5c 60a070db9f1869b5 419b5dc40744fb9b 9c9a9d45c2ea7ddf d5952b2e031c4e7e ae000f9d0b5e104e da7d3c2d591c4295 050544c040f46152 0b0021aa60d05daa 8a5635c748344d47 8faeacf8ca08f62d 1d0f5fdc58e3efb5
247,00ff646ca6637bd7 f48d0fbea7dc2782 9100ea6cd0e084bf 24e582daf6f87158 64b31699d7d15934 8faeacf8ca08f62d 4d32dae7b43c489a 6cb9ab508a0678a0 354d7a327bbcc152 1f4f62844c3cb99c 393f49286db04aeb b8e2f75014710ced 3c565c1fc2316d16 047769588be1aea9 0db6584e3bdfa1c4 c28bc62802b90f82 316382267dcd804f 47fbe21f5c35c7b4 24c47959ea77b15b 0c2eeab1e4ce1db8 acae1d29289b1266 d46598813fb437e5 a292248bb2bffb3d c6b615b2589e036d a04d6febd82a4389 40583079f57235a6 65d44c6393907290 52e459a551d4ac2d a60934e6b473097a 522bd6887960c25d
248,5ebb4d2f5f1c1f13 877672967d3f70bb eab15ee21e126f6a 061f3e1feeaa3094 4f2fffd7528de786 95d25d38ba7df9c7 bb7515be835dea49 ec1b3d7ccd3984d0 413c55a5ab86881a 5c8c6d9a1fd4c1e0 0add47a043c64d7f c36c2dce0e6e434f e8684734f2e587bd 9cf6709de35bf0f3 b1dcaca98bb76736 3c565c1fc2316d16 828f5dfbbf1272ee 42bb83d7c4b9ecae fb2ebcb5335ad2e2 b6cdb608f640e038 01020d1b0821f4c7 b78189788d563693 453bc79164d57a01 ffa9091747ae2466 54a11cbcd7a32af4 d980375fbd40c75f e1460af4a7044067 a65e30106ea50423 bf973f9ec3600199 95ecdbff44ad0b60
249,ae000f9d0b5e104e a292248bb2bffb3d d1e21234d7cc61d2 3b4a85bac6ead3c8 d46598813fb437e5 0eedb1a0d3b8ddae c810ac016901e8ac 36d33c41812ce7dc 238ec735a13a3f09 7e4a4a1300b77a06 e7828f0ea9749505 5057551fc55e9ed2 d64c06baf5ef1c90 83f8aca6ee2caabc 52e459a551d4ac2d 2bafd15871caae91 453bc79164d57a01 3d93a60f990a0a7c 5430097e23000368 cc861214a89ef1f4 af8e70f978cd5aee 61ba7707ef6a5a99 2dd12c230ab22555 da904d2a54ff8cf2 c05f45f86d0771d5 6461a9faa871b3ac db0e648651f4c92b 00d9f8d3f7d412b3 f28fb3d9880c5d4c ee3ed9a3f51336cd
250,20db73cf07a45f71 95d25d38ba7df9c7 377c1150c781e37a b6a1c97f19af78d0 42bb83d7c4b9ecae 7ee52d2519eea367 9fda36f260eec24e 05e4165a56bf50eb e8684734f2e587bd 5b4c879fc9c316fb 3986b68500d7704b cc0c9419f8a20603 fc21db75b354a917 1a05ef8c93af8eed b9d966ad9e04127a c36c2dce0e6e434f 0688c790d5806540 45bd99d5d2eef776 0f33ce8d8014f308 ce0f56b7190c268a 666bdff4faa513ca f105a53e5cfae611 cea18be9a89d7a81 26140b225c4f8d3f 0e45c4c185f35df6 133b04350c75770b c49d8f84a4f87f8a 81b7c7e312bfa1a0 28a2067685cb3e97 50cb6a6c60ad711a
251,781f4d0147aef776 bf3ccaba4a3450a8 9b2adcf4041227d7 feddfcf56818968e 96445bec1579ec97 6a3919ad9ed8197e 5dd752753760ced8 5867d40811c0229f ced9c56f2be86774 0bcaac840d5e66d7 1d0f5fdc58e3efb5 964a50d33717c26d 8faeacf8ca08f62d b24820ae14e16a24 9fbffc521da97c54 95ecdbff44ad0b60 3cb6b40d377e7ca8 b84b6c0b2e4d0306 54a11cbcd7a32af4 c5830f9d0f1e29e5 a2805ed52b47b8ec 34a62e66e05f9a44 b6e646c13d0753ae d5952b2e031c4e7e 8abe670908f12614 3e8e56f639a5db5b b05b5f6850cfa158 6899956cd6c683f0 a853f13216170123 f25bfcffedaccf28
252,43b3338423d7386c 8a5635c748344d47 bd713b37b67866c3 01b3da54ffb158a0 b6e646c13d0753ae a2805ed52b47b8ec 4f2fffd7528de786 c5830f9d0f1e29e5 050544c040f46152 095bb1b6ecbd0a50 47fbe21f5c35c7b4 52aa48c07b34dc88 2a06f5614060e3b6 54a11cbcd7a32af4 73391e0853c1e040 b26d8664feb18c8c ac9ee0c09b538140 6c017e548aa138f2 d5805cdb9e8f0f48 54f55c74d37db3c0 828f5dfbbf1272ee 72c2a95813ea72bd fb2ebcb5335ad2e2 b3e75fdca5ca2f1a 64b31699d7d15934 395b26d91f98bd92 a0566ca9daca7778 061f3e1feeaa3094 7c98dedd223b36c0 d7d937303a6d5a9d
253,0a79fabc6f5d93c9 855f2f0354e102c7 ec4ef2f727e7a03f e7cad3748e50b0f8 e0269da736ddf004 88b62355670ec8f8 b1dcaca98bb76736 4b29fc21f912754d 2e4b00c01d58e79e a982b5c3aed39396 f49e13a653cbdad2 77e2f7da1f9d3a8f a292248bb2bffb3d ac9ee0c09b538140 eec6b281e236b500 5897953fdf87b60f 8fc68213b63951dc e4a7a996ed6a5a81 9f3d2ca16f358290 8a5635c748344d47 ec1b3d7ccd3984d0 e22c35101e190db9 16b11706660177ff 5dd752753760ced8 f76f44d372517a9a 5b16bae6a0de7c88 520ec719078be07c 81bd116c786bf9ae 8643165b0f53df11 4d32dae7b43c489a
254,00ff646ca6637bd7 354d7a327bbcc152 b8e2f75014710ced 6cb9ab508a0678a0 00af886180e9eaec 781f4d0147aef776 9a439fd1abf95245 83f5a9732f0de67f c015590d6a6fe833 5430097e23000368 bee46c54461925d0 c810ac016901e8ac 36d33c41812ce7dc 238ec735a13a3f09 7e4a4a1300b77a06 e7828f0ea9749505 5057551fc55e9ed2 da7d3c2d591c4295 d64c06baf5ef1c90 83f8aca6ee2caabc e36475c1af5ea3ab 52e459a551d4ac2d 2bafd15871caae91 453bc79164d57a01 3d93a60f990a0a7c cc861214a89ef1f4 af8e70f978cd5aee 98dbd15aa33ebc18 61ba7707ef6a5a99 2dd12c230ab22555
255,ec1b3d7ccd3984d0 88b62355670ec8f8 528161039994b4dc 2e4b00c01d58e79e 24e582daf6f87158 d63b7f083330247f a813c15b46ceaf68 3cb6b40d377e7ca8 5897953fdf87b60f 2394b08708475900 34a62e66e05f9a44 47fbe21f5c35c7b4 f76f44d372517a9a 877672967d3f70bb 9cf6709de35bf0f3 e22c35101e190db9 b1dcaca98bb76736 3c565c1fc2316d16 48f93f9c2c699e19 a2c35fdf07a13286 27bc34b9887bec0d 25145708d494530b 3d6880bd12f6613f 0a79fabc6f5d93c9 03dfe518713e006c e25a1da6ca187350 a65e30106ea50423 061f3e1feeaa3094 09bbaa171c20bae3 6204e398d8c7f888
256,f49e13a653cbdad2 4d32dae7b43c489a 01b3da54ffb158a0 d7d937303a6d5a9d 88b62355670ec8f8 a65e30106ea50423 061f3e1feeaa3094 dc12cc503ac0eddb a5d5ba33b5b1dc95 01e5a6edcee7deb0 65ad9c583823162d 65708d542bd01f39 0647acc4602d4e8f fa173131f15f5534 99e833818ec4bbf2 29968e8fd13539f8 43b3338423d7386c f209d29f991432f0 22756be6fd061d4c aa0789b403bcd839 bc2ae5f4e5d53e00 0772e3ab293a1f30 87c5481930cfe126 e6a29676c096f8e8 1c3b74a02a86467d 4e966bb2768c2b8a 1efd7bd8a34a1359 95166957b2c38794 455fde214d16d350 3e8e56f639a5db5b
257,01104a026d22ae55 ff88049e61f0f4ef 37001ade0df85823 81bd116c786bf9ae d64c06baf5ef1c90 00d9f8d3f7d412b3 bbbd5d2fd957e8f7 ae000f9d0b5e104e 26f72a4eb15ea8c0 4c0eee2c1a5e76e2 f28fb3d9880c5d4c 74873b42602d8958 22e8d6734e4121ae 6e1b6b53c9710940 9c9a9d45c2ea7ddf b05b5f6850cfa158 c03b11a0cdc3fa39 059bbdbdb843af6a 00958a140c3a6de8 0eedb1a0d3b8ddae 5430097e23000368 95166957b2c38794 c810ac016901e8ac 36d33c41812ce7dc 238ec735a13a3f09 7e4a4a1300b77a06 e7828f0ea9749505 5057551fc55e9ed2 83f8aca6ee2caabc 52e459a551d4ac2d
258,a292248bb2bffb3d 40583079f57235a6 d72363ddd958d906 d216e5458ad70e60 1f4f62844c3cb99c 8a5635c748344d47 b3ad55963554f220 d46598813fb437e5 64b31699d7d15934 c28bc62802b90f82 a52df8083c238c46 fb8bd6b95eb4702a 8faeacf8ca08f62d d63b7f083330247f e8684734f2e587bd 0772e3ab293a1f30 3ca7964973437917 8bf446c0455e3c5c 60a070db9f1869b5 393f49286db04aeb eec6b281e236b500 8fc68213b63951dc d5952b2e031c4e7e b6e646c13d0753ae a04d6febd82a4389 da7d3c2d591c4295 6c017e548aa138f2 095bb1b6ecbd0a50 cc861214a89ef1f4 d5805cdb9e8f0f48
259,486dd77002936dec 54a11cbcd7a32af4 828f5dfbbf1272ee fb2ebcb5335ad2e2 e1460af4a7044067 eab15ee21e126f6a 9269d2b0d877352d 877672967d3f70bb bf973f9ec3600199 061f3e1feeaa3094 96e82fa141db9a4b 01b3da54ffb158a0 d16da1fb61813db9 95d25d38ba7df9c7 366a22fce0614fb8 5ebb4d2f5f1c1f13 b84b6c0b2e4d0306 95ecdbff44ad0b60 d5952b2e031c4e7e 1d0f5fdc58e3efb5 26140b225c4f8d3f e228204ae08d1355 a860b682add9de1c e878efab7c37179e f25bfcffedaccf28 b26d8664feb18c8c 34a62e66e05f9a44 4f2fffd7528de786 4d32dae7b43c489a 133b04350c75770b
260,898a4921ab9f4cce d64c06baf5ef1c90 c08c3765ac609cc0 f705b637f624147e 74e59c5820900b17 5b34da30b93eb123 b749972436ac9791 050544c040f46152 a9eef13786610446 ffc688c4c1c2a068 54f55c74d37db3c0 44d324ebd3e22ad7 4d417b203b333363 6d80d2e62d01f6bc bed3e73d52011f68 f46601a9955f9949 828f5dfbbf1272ee 2810fb6f81d1711c 83f8f2fc471cad74 e14a893f1918277e 2359719a0f40ffac dac29ed8400b50cc b84b6c0b2e4d0306 0eafda717681bbdc 2a06f5614060e3b6 34a62e66e05f9a44 05f23e7d05dbf7c2 5fb2d8e734956af0 8d58da0e1800dc96 3ca7964973437917
261,a017f3358d5327aa db7342eff9200020 a18df74d3a16e9c0 f76f44d372517a9a f2e30efbd27bee51 8df3f13d6af34cb3 b50b4e27b03c7b37 9cf6709de35bf0f3 36d33c41812ce7dc c810ac016901e8ac 025a148c3a53bd9f 016da874bd04df55 316382267dcd804f f44f74b3451aa593 9100ea6cd0e084bf a14394322cf7043d 74244a8703c03720 1d0f5fdc58e3efb5 d64c06baf5ef1c90 83f8aca6ee2caabc c6b615b2589e036d 27a12f29dceccdbd db69d4cbfef8d22f 453bc79164d57a01 b6cdb608f640e038 c5830f9d0f1e29e5 3734d3b0b9232538 bd0f175ee98c613e 18b1d2d84c97a364 2820628e65a062e2
262,72403ecdfe02bba6 f2234bb7ce0c6f59 0d0368139e9a647f 05f23e7d05dbf7c2 0fbd0f422e926816 73391e0853c1e040 5b16bae6a0de7c88 b6d0f83aad4e4dc7 387e9cd2e5d4ea7d 70776cdd9bb3b7d4 abf90e759d208468 46b99f864d6a075a d35e11d3d1ab3c67 63d95d5977c2fe98 03ed286136d7b3cf 09660f466b38b7ba 01020d1b0821f4c7 8d58da0e1800dc96 f9c6286cff30aaa8 b29ab87af6ea6310 26fc2a95df5659c2 00140806971e7a73 316382267dcd804f e7cad3748e50b0f8 33856365c271aea4 a14394322cf7043d 796888cc3443006c 9d5edf3b993fee50 64267373570e4ea3 f58ff7f1a6cde683
263,49224aca40e6e5e3 18ced18aee04c48e 922e625fae98b3b9 8df3f13d6af34cb3 7e4a4a1300b77a06 2a06f5614060e3b6 73391e0853c1e040 3d93a60f990a0a7c 7c98dedd223b36c0 5430097e23000368 28a2067685cb3e97 eec6b281e236b500 8fc68213b63951dc d7d937303a6d5a9d 6c017e548aa138f2 095bb1b6ecbd0a50 7f95168400948588 d5805cdb9e8f0f48 54f55c74d37db3c0 b3e75fdca5ca2f1a 39075e303166355e 25a3b47fe31bc6b5 73f770f2643a2135 1f4f62844c3cb99c 1d0f5fdc58e3efb5 bed3e73d52011f68 09660f466b38b7ba e228204ae08d1355 e878efab7c37179e 702d8f1064ab3e30
264,7c98dedd223b36c0 bee46c54461925d0 4577ae048ef1967d b2ee9eea2d974c90 6204e398d8c7f888 4bed80e56ea2e099 83f8f2fc471cad74 2e4b00c01d58e79e 419b5dc40744fb9b 8643165b0f53df11 4491016efed845f1 050544c040f46152 57113c2a4cacd961 4535ce2e3dced00f bfb8032f2183d471 b1dcaca98bb76736 702d8f1064ab3e30 1d0f5fdc58e3efb5 d1e21234d7cc61d2 ce2fe99a7cda4a17 e228204ae08d1355 c6b615b2589e036d 96e82fa141db9a4b 5c8c6d9a1fd4c1e0 3e66b4855d0dddbe eab15ee21e126f6a 366a22fce0614fb8 77e2f7da1f9d3a8f 0db6584e3bdfa1c4 f44f74b3451aa593
265,96445bec1579ec97 ced9c56f2be86774 feddfcf56818968e a5f55580081236f4 6a3919ad9ed8197e b84b6c0b2e4d0306 5867d40811c0229f 0bcaac840d5e66d7 964a50d33717c26d b24820ae14e16a24 9fbffc521da97c54 96e82fa141db9a4b a65e30106ea50423 781f4d0147aef776 285657fcdf89f00d 83b911ff0ff45844 58654e3143c6550b 9a0f5ee4f845c9b2 622f2e4119882c94 95d25d38ba7df9c7 ca43e349133fc0e3 05e4165a56bf50eb bf3ccaba4a3450a8 98dbd15aa33ebc18 4d29c6922b2d0d56 acae1d29289b1266 0a49074a4158155b 54a11cbcd7a32af4 b760ebc5f25788d3 f54ad8d1eb18212e
266,dea5e9227fbbac29 d16da1fb61813db9 da011b87595c1019 98dbd15aa33ebc18 a677c3a76055a6d2 07be6a290720707d 70ebf53ced736fa4 3734d3b0b9232538 ad06e9eeea8eb4ea f76f44d372517a9a f2e30efbd27bee51 9cf6709de35bf0f3 1d0f5fdc58e3efb5 b84b6c0b2e4d0306 54a11cbcd7a32af4 f105a53e5cfae611 c5830f9d0f1e29e5 34a62e66e05f9a44 4beacc71024f8b08 d5952b2e031c4e7e a9223c28b10c131f f44f74b3451aa593 c015590d6a6fe833 5430097e23000368 db69d4cbfef8d22f 9c9a9d45c2ea7ddf ae000f9d0b5e104e a017f3358d5327aa 8faeacf8ca08f62d 765c0695339c3abe
267,07d688f5e2142b87 40583079f57235a6 64b31699d7d15934 1f4f62844c3cb99c 8faeacf8ca08f62d b3ad55963554f220 c28bc62802b90f82 a52df8083c238c46 393f49286db04aeb 47fbe21f5c35c7b4 0db6584e3bdfa1c4 24e582daf6f87158 a292248bb2bffb3d eec6b281e236b500 8fc68213b63951dc a04d6febd82a4389 6c017e548aa138f2 095bb1b6ecbd0a50 cc861214a89ef1f4 d5805cdb9e8f0f48 54f55c74d37db3c0 0eedb1a0d3b8ddae 61ba7707ef6a5a99 d46598813fb437e5 b3e75fdca5ca2f1a 39075e303166355e 528161039994b4dc bed3e73d52011f68 09660f466b38b7ba f46601a9955f9949
268,36d33c41812ce7dc c810ac016901e8ac 238ec735a13a3f09 e7828f0ea9749505 d64c06baf5ef1c90 52e459a551d4ac2d 453bc79164d57a01 3d93a60f990a0a7c b78189788d563693 61ba7707ef6a5a99 46315cf30aaee51c da904d2a54ff8cf2 d6ed7e4b14c51296 9b2adcf4041227d7 b0bfe0f426275870 976baf0e84752a68 0b774cf90856c4da 74873b42602d8958 4483bbdd3241f11a 047769588be1aea9 d64c7c3b658689f4 27a12f29dceccdbd 8dc313a2cf9da354 9d5edf3b993fee50 7cea1f637ea3f37d 7d83ffe83f61bdc4 b6cdb608f640e038 0cd920bad11c716d da011b87595c1019 055d895a3b26e466
269,1a8e5d6512d9e2d8 976baf0e84752a68 155600e5f1221f8c 6461a9faa871b3ac 2820628e65a062e2 ecb768ef6fd223ca 628accd9be98503c 190ab585fd379f0f bd9cd6b87a4fe0ce 7cea1f637ea3f37d f48d0fbea7dc2782 74873b42602d8958 d216e5458ad70e60 8abe670908f12614 5c4b7558c942a224 4d29c6922b2d0d56 b0b5e62a93a2c37c 6a9aa1bd93e36e66 6406fcdb7d87b5dc 1dc7139adba034ec 07f22a7ad7e4711d e8ad5e31484ef889 aa967ad3c1f65a29 8faeacf8ca08f62d 1398b478b71773ed 24e582daf6f87158 4d32dae7b43c489a 3b4a85bac6ead3c8 3c565c1fc2316d16 1d0f5fdc58e3efb5
270,587e0b2a4811fab1 a292248bb2bffb3d 3c565c1fc2316d16 5b4c879fc9c316fb f48d0fbea7dc2782 24c47959ea77b15b a853f13216170123 3e66b4855d0dddbe cc507a0d6fcf4a1c a76ffccd2f5df1a7 62431fd374eb99fb 0f4c71d341e2d939 ddf332f2b55a2a23 cea18be9a89d7a81 4d954d933e606b70 4f2fffd7528de786 d1e21234d7cc61d2 b6e72edcad270be0 7155e5a86136eb02 4b29fc21f912754d 486dd77002936dec 172bc0ee09332ae9 2e031d83339759b2 666bdff4faa513ca 6406fcdb7d87b5dc 07f22a7ad7e4711d 3b4a85bac6ead3c8 999a52f1d301247c 66ccd03c9e03ac06 238de368bb05c0ec
271,50ba507a268872e1 ee3ed9a3f51336cd b50b4e27b03c7b37 5a1149fbcbd37376 0cd920bad11c716d 00d9f8d3f7d412b3 e7828f0ea9749505 5057551fc55e9ed2 83f8aca6ee2caabc 52e459a551d4ac2d bc27d5dc9bab1c18 453bc79164d57a01 af8e70f978cd5aee 61ba7707ef6a5a99 26f72a4eb15ea8c0 da904d2a54ff8cf2 c05f45f86d0771d5 6461a9faa871b3ac dac29ed8400b50cc 0b774cf90856c4da d6ed7e4b14c51296 628accd9be98503c 9b2adcf4041227d7 8dc313a2cf9da354 9d5edf3b993fee50 7cea1f637ea3f37d a1314cd417504572 22e8d6734e4121ae 4483bbdd3241f11a 8b7c486a910dd004
272,50806199c80e215c feddfcf56818968e a2805ed52b47b8ec b1dcaca98bb76736 83b911ff0ff45844 d1e21234d7cc61d2 8643165b0f53df11 27bc34b9887bec0d ce2fe99a7cda4a17 29bedd00fb2be056 e25a1da6ca187350 b05b5f6850cfa158 2e4b00c01d58e79e ca4de5b8a7bda9df c1f2e3a76d388944 666bdff4faa513ca 061f3e1feeaa3094 ba5199dba342af68 01b3da54ffb158a0 e8b87ed7db1bcb1f a0566ca9daca7778 0bcaac840d5e66d7 ac9ee0c09b538140 964a50d33717c26d 54a11cbcd7a32af4 b26d8664feb18c8c 1fe79c7de59ff6c6 106204cd0e07e1b2 0eedb1a0d3b8ddae e403278468d84383
273,765c0695339c3abe dc576af4ae66e25e 892074f7c1ef5d5e bc2552a642ce8497 26140b225c4f8d3f 734dabb98795c35c 8faeacf8ca08f62d 04886579947a80c2 c49d8f84a4f87f8a 36d33c41812ce7dc c810ac016901e8ac 24e582daf6f87158 bc27d5dc9bab1c18 c28bc62802b90f82 26fc2a95df5659c2 025a148c3a53bd9f 4d32dae7b43c489a 016da874bd04df55 316382267dcd804f a14394322cf7043d 74244a8703c03720 d16da1fb61813db9 d64c06baf5ef1c90 fc21db75b354a917 83f8aca6ee2caabc c143c095983a65c2 4c3802a1bd3c842e 128d583954b18074 27a12f29dceccdbd 2bafd15871caae91
274,ced9c56f2be86774 942a7d26d81c841f 4491016efed845f1 e8b87ed7db1bcb1f a5d5ba33b5b1dc95 7c98dedd223b36c0 96445bec1579ec97 eec6b281e236b500 29bedd00fb2be056 6c017e548aa138f2 48f93f9c2c699e19 095bb1b6ecbd0a50 9cf6709de35bf0f3 b3e75fdca5ca2f1a c6b615b2589e036d 702d8f1064ab3e30 c5830f9d0f1e29e5 366a22fce0614fb8 77e2f7da1f9d3a8f 419b5dc40744fb9b 8faeacf8ca08f62d 2810fb6f81d1711c 95ecdbff44ad0b60 1c3b74a02a86467d 050544c040f46152 b29ab87af6ea6310 e14a893f1918277e 46315cf30aaee51c 2a06f5614060e3b6 148ac4a56a18844d
275,e25a1da6ca187350 00958a140c3a6de8 ca4de5b8a7bda9df c1f2e3a76d388944 ba5199dba342af68 e8b87ed7db1bcb1f 83b911ff0ff45844 1fe79c7de59ff6c6 d1e21234d7cc61d2 e403278468d84383 da904d2a54ff8cf2 3c0873ce078d332b 1dc7139adba034ec 0eedb1a0d3b8ddae 1d0f5fdc58e3efb5 455fde214d16d350 cc0c9419f8a20603 a017f3358d5327aa b05b5f6850cfa158 04886579947a80c2 d73a65673e3f1d78 128d583954b18074 00e1e2eb13f650e4 3986b68500d7704b bd713b37b67866c3 e0269da736ddf004 fd30682593995748 2a06f5614060e3b6 ff88049e61f0f4ef 39f6296778264878
276,6e239f4dd4b6aed7 0c15f252d30646fc dc17b07476183764 24e582daf6f87158 cc0c9419f8a20603 bee46c54461925d0 4d32dae7b43c489a 8faeacf8ca08f62d da7d3c2d591c4295 5430097e23000368 3c565c1fc2316d16 e36475c1af5ea3ab f48d0fbea7dc2782 24c47959ea77b15b 393f49286db04aeb 98dbd15aa33ebc18 0eedb1a0d3b8ddae eff60ceea8817dad a60934e6b473097a 522bd6887960c25d 3b6d27775fce1c7b 81b639b74256b45b 3e66b4855d0dddbe 47fbe21f5c35c7b4 64b31699d7d15934 b9d966ad9e04127a 0db6584e3bdfa1c4 c015590d6a6fe833 a76ffccd2f5df1a7 62431fd374eb99fb
277,83f8f2fc471cad74 abf90e759d208468 62431fd374eb99fb 393f49286db04aeb f25bfcffedaccf28 16b11706660177ff 0db6584e3bdfa1c4 f44f74b3451aa593 f29eee8054c061e1 65fac1ba1840000f 4beacc71024f8b08 9b0e8cf8153e3b33 f2b5098ac9c92da9 942a7d26d81c841f 5048a37f10cf2d91 d46598813fb437e5 a292248bb2bffb3d 24e582daf6f87158 4d32dae7b43c489a 8faeacf8ca08f62d 3c565c1fc2316d16 f48d0fbea7dc2782 24c47959ea77b15b a60934e6b473097a 522bd6887960c25d 3b6d27775fce1c7b 81b639b74256b45b 3e66b4855d0dddbe 47fbe21f5c35c7b4 64b31699d7d15934
278,7155e5a86136eb02 4d954d933e606b70 3a6e7894dde31c67 fa173131f15f5534 b84b6c0b2e4d0306 54a11cbcd7a32af4 34a62e66e05f9a44 3b4a85bac6ead3c8 d5952b2e031c4e7e 6899956cd6c683f0 a853f13216170123 f25bfcffedaccf28 4d32dae7b43c489a ec1b3d7ccd3984d0 16b11706660177ff f76f44d372517a9a d216e5458ad70e60 9cf6709de35bf0f3 01b3da54ffb158a0 b1dcaca98bb76736 3c565c1fc2316d16 8e0cc5199a0ee659 d7d937303a6d5a9d 7f95168400948588 9f4e0d572b1f4e6c 5b4c879fc9c316fb e1460af4a7044067 f48d0fbea7dc2782 24c47959ea77b15b 88b62355670ec8f8
279,ee3ed9a3f51336cd 00d9f8d3f7d412b3 5a1149fbcbd37376 dac29ed8400b50cc bbbd5d2fd957e8f7 9c9a9d45c2ea7ddf 26f72a4eb15ea8c0 4c0eee2c1a5e76e2 61ba7707ef6a5a99 50ba507a268872e1 74873b42602d8958 46315cf30aaee51c 016da874bd04df55 18b1d2d84c97a364 d6bbbd6c4968075a 65fac1ba1840000f c606425856952286 74244a8703c03720 047769588be1aea9 fc16a50ff0baec53 0688c790d5806540 853e36b1550c6274 5867d40811c0229f 4d9214c0925e5af8 351c9da399c2b915 428f9363fa35882d 36d33c41812ce7dc c810ac016901e8ac 238ec735a13a3f09 7e4a4a1300b77a06
280,db7342eff9200020 a017f3358d5327aa e14a893f1918277e e7cad3748e50b0f8 0fbd0f422e926816 f58ff7f1a6cde683 b6d0f83aad4e4dc7 8dc313a2cf9da354 72403ecdfe02bba6 9b2adcf4041227d7 ffc688c4c1c2a068 d216e5458ad70e60 a5f55580081236f4 40583079f57235a6 0772e3ab293a1f30 1f4f62844c3cb99c b3ad55963554f220 c28bc62802b90f82 a52df8083c238c46 cc861214a89ef1f4 64b31699d7d15934 61ba7707ef6a5a99 e5fb8dc5c9cb4a19 a292248bb2bffb3d eec6b281e236b500 b84b6c0b2e4d0306 54a11cbcd7a32af4 8fc68213b63951dc a04d6febd82a4389 6c017e548aa138f2
281,b78189788d563693 36d33c41812ce7dc c810ac016901e8ac 238ec735a13a3f09 46315cf30aaee51c e7828f0ea9749505 b0bfe0f426275870 0b774cf90856c4da d64c06baf5ef1c90 74873b42602d8958 047769588be1aea9 d64c7c3b658689f4 52e459a551d4ac2d 27a12f29dceccdbd 8dc313a2cf9da354 9d5edf3b993fee50 7cea1f637ea3f37d 453bc79164d57a01 3d93a60f990a0a7c b6cdb608f640e038 0cd920bad11c716d da011b87595c1019 055d895a3b26e466 61ba7707ef6a5a99 da904d2a54ff8cf2 9c9a9d45c2ea7ddf 8abe670908f12614 d6ed7e4b14c51296 033d905aec273595 0eb4de784c8dd679
282,0683b6a78f54be75 5430097e23000368 db0e648651f4c92b bbbd5d2fd957e8f7 ae77487a89f2610c 7d83ffe83f61bdc4 49b5678e0d1e5bcd d257d1fbcf43abd5 35488b3b8b781278 7e4a4a1300b77a06 52e459a551d4ac2d 9d5edf3b993fee50 7cea1f637ea3f37d d92c0298f76ccf77 1ba7a50457e93996 6461a9faa871b3ac ee3ed9a3f51336cd 42a5cae2a3a45557 e36475c1af5ea3ab 0220a434aa8bf029 24e582daf6f87158 4d32dae7b43c489a 8faeacf8ca08f62d 3c565c1fc2316d16 f48d0fbea7dc2782 24c47959ea77b15b 393f49286db04aeb a60934e6b473097a 522bd6887960c25d 3b6d27775fce1c7b
283,bf973f9ec3600199 e25a1da6ca187350 ca4de5b8a7bda9df c1f2e3a76d388944 ba5199dba342af68 e8b87ed7db1bcb1f 83b911ff0ff45844 1fe79c7de59ff6c6 d1e21234d7cc61d2 e403278468d84383 3c0873ce078d332b 1dc7139adba034ec e8ad5e31484ef889 9cf6709de35bf0f3 430feb4826a5632e 2e031d83339759b2 4491016efed845f1 29bedd00fb2be056 22dc81380cf4baec 9269d2b0d877352d e22c35101e190db9 48f93f9c2c699e19 4e966bb2768c2b8a 9113e9dc940fb287 d3c4a7db726191e0 bc2ae5f4e5d53e00 3734d3b0b9232538 419b5dc40744fb9b a9dad59c7055b56c 050544c040f46152
284,49b5678e0d1e5bcd 5430097e23000368 db0e648651f4c92b 0220a434aa8bf029 9c9ebf71707d7a37 e8b87ed7db1bcb1f bbbd5d2fd957e8f7 ae77487a89f2610c 0683b6a78f54be75 2359719a0f40ffac 7d83ffe83f61bdc4 d1e21234d7cc61d2 f2e30efbd27bee51 d257d1fbcf43abd5 7e4a4a1300b77a06 f48d0fbea7dc2782 52e459a551d4ac2d 9d5edf3b993fee50 7cea1f637ea3f37d d92c0298f76ccf77 1ba7a50457e93996 6461a9faa871b3ac ee3ed9a3f51336cd 9b2adcf4041227d7 42a5cae2a3a45557 c015590d6a6fe833 9100ea6cd0e084bf 047769588be1aea9 35488b3b8b781278 e36475c1af5ea3ab
285,d216e5458ad70e60 6406fcdb7d87b5dc 07f22a7ad7e4711d 6a9aa1bd93e36e66 1dc7139adba034ec e8ad5e31484ef889 3c565c1fc2316d16 a853f13216170123 f48d0fbea7dc2782 24c47959ea77b15b 666bdff4faa513ca 3e66b4855d0dddbe aa967ad3c1f65a29 a76ffccd2f5df1a7 62431fd374eb99fb f6d23cdd2359f7c0 0f4c71d341e2d939 ddf332f2b55a2a23 cea18be9a89d7a81 4d954d933e606b70 d1e21234d7cc61d2 5b4c879fc9c316fb b6e72edcad270be0 4b29fc21f912754d 1d0f5fdc58e3efb5 172bc0ee09332ae9 cc507a0d6fcf4a1c 999a52f1d301247c 66ccd03c9e03ac06 238de368bb05c0ec
286,fd57e641d06ebda7 522bd6887960c25d c1f2e3a76d388944 828f5dfbbf1272ee 455fde214d16d350 2e4b00c01d58e79e 4d7653ea9499eed4 b84b6c0b2e4d0306 f209d29f991432f0 34a62e66e05f9a44 387e9cd2e5d4ea7d 83f8f2fc471cad74 050544c040f46152 1efd7bd8a34a1359 c810ac016901e8ac 36d33c41812ce7dc 238ec735a13a3f09 7e4a4a1300b77a06 cc0c9419f8a20603 e7828f0ea9749505 5057551fc55e9ed2 d64c06baf5ef1c90 83f8aca6ee2caabc 52e459a551d4ac2d 2bafd15871caae91 453bc79164d57a01 3d93a60f990a0a7c 5430097e23000368 cc861214a89ef1f4 af8e70f978cd5aee
287,fd57e641d06ebda7 9b2adcf4041227d7 bc2ae5f4e5d53e00 b24820ae14e16a24 a9dad59c7055b56c 0195950ce0f47e34 36d33c41812ce7dc c810ac016901e8ac 238ec735a13a3f09 7e4a4a1300b77a06 e7828f0ea9749505 5057551fc55e9ed2 d64c06baf5ef1c90 83f8aca6ee2caabc 52e459a551d4ac2d 0eedb1a0d3b8ddae 2bafd15871caae91 453bc79164d57a01 3d93a60f990a0a7c 5430097e23000368 cc861214a89ef1f4 af8e70f978cd5aee 61ba7707ef6a5a99 2dd12c230ab22555 da904d2a54ff8cf2 c05f45f86d0771d5 6461a9faa871b3ac db0e648651f4c92b b05b5f6850cfa158 00d9f8d3f7d412b3
288,3986b68500d7704b 26140b225c4f8d3f ae77487a89f2610c b3ad55963554f220 413c55a5ab86881a 238de368bb05c0ec b0bfe0f426275870 3c565c1fc2316d16 3b4a85bac6ead3c8 8faeacf8ca08f62d 5b4c879fc9c316fb f48d0fbea7dc2782 24c47959ea77b15b 4d9214c0925e5af8 ebfda3b48083e390 52370bea1acd0600 1d0f5fdc58e3efb5 a9223c28b10c131f 3e66b4855d0dddbe c810ac016901e8ac 36d33c41812ce7dc 238ec735a13a3f09 d0f6c00eec5eb973 cc507a0d6fcf4a1c 7e4a4a1300b77a06 a76ffccd2f5df1a7 62431fd374eb99fb 0f4c71d341e2d939 ddf332f2b55a2a23 e7828f0ea9749505
289,40583079f57235a6 0897dcfae16e280f 393f49286db04aeb 26fc2a95df5659c2 1f4f62844c3cb99c 0db6584e3bdfa1c4 8faeacf8ca08f62d 65fac1ba1840000f b3ad55963554f220 64b31699d7d15934 c28bc62802b90f82 d46598813fb437e5 a52df8083c238c46 abf90e759d208468 942a7d26d81c841f f25bfcffedaccf28 16b11706660177ff 2901e5309bb3f8f6 a292248bb2bffb3d eec6b281e236b500 8fc68213b63951dc a04d6febd82a4389 6c017e548aa138f2 095bb1b6ecbd0a50 cc861214a89ef1f4 d5805cdb9e8f0f48 54f55c74d37db3c0 61ba7707ef6a5a99 47fbe21f5c35c7b4 b3e75fdca5ca2f1a
290,3fa57d488e979d74 d92c0298f76ccf77 35488b3b8b781278 bd9cd6b87a4fe0ce 42a5cae2a3a45557 5430097e23000368 3c565c1fc2316d16 2e031d83339759b2 0683b6a78f54be75 43c354dbf952caaa f48d0fbea7dc2782 24c47959ea77b15b ae77487a89f2610c 3e66b4855d0dddbe a76ffccd2f5df1a7 62431fd374eb99fb 5b4c879fc9c316fb 0f4c71d341e2d939 db0e648651f4c92b ddf332f2b55a2a23 cea18be9a89d7a81 4d954d933e606b70 404031ab9d5977c4 bbbd5d2fd957e8f7 b6e72edcad270be0 4b29fc21f912754d 9f4e0d572b1f4e6c 172bc0ee09332ae9 7d83ffe83f61bdc4 cc507a0d6fcf4a1c
291,73f770f2643a2135 702d8f1064ab3e30 ae94d8435a6847f4 430feb4826a5632e 54a11cbcd7a32af4 74244a8703c03720 b8e2f75014710ced 24e582daf6f87158 f58ff7f1a6cde683 b84b6c0b2e4d0306 4d32dae7b43c489a cc0c9419f8a20603 34a62e66e05f9a44 3c565c1fc2316d16 d5952b2e031c4e7e f48d0fbea7dc2782 24c47959ea77b15b a60934e6b473097a 522bd6887960c25d 3b6d27775fce1c7b 81b639b74256b45b 3e66b4855d0dddbe 64b31699d7d15934 b9d966ad9e04127a 0db6584e3bdfa1c4 c015590d6a6fe833 a76ffccd2f5df1a7 62431fd374eb99fb 0f4c71d341e2d939 ddf332f2b55a2a23
292,316382267dcd804f 781f4d0147aef776 c606425856952286 d72363ddd958d906 a14394322cf7043d b3e75fdca5ca2f1a 016da874bd04df55 c810ac016901e8ac 36d33c41812ce7dc 7e4a4a1300b77a06 74244a8703c03720 c6b615b2589e036d 6c017e548aa138f2 d64c06baf5ef1c90 83f8aca6ee2caabc c28bc62802b90f82 453bc79164d57a01 e7cad3748e50b0f8 cc861214a89ef1f4 46315cf30aaee51c 20d283a232dfd13c 65fac1ba1840000f 025a148c3a53bd9f 26fc2a95df5659c2 e5fb8dc5c9cb4a19 9c9a9d45c2ea7ddf 0eafda717681bbdc 2bafd15871caae91 622f2e4119882c94 3d93a60f990a0a7c
293,7cea1f637ea3f37d 2820628e65a062e2 cc861214a89ef1f4 af8e70f978cd5aee ecb768ef6fd223ca 155600e5f1221f8c fab14d178b24a67f 059bbdbdb843af6a 4105533fe46dfba9 22e8d6734e4121ae 6cb9ab508a0678a0 976baf0e84752a68 1a8e5d6512d9e2d8 9f4e0d572b1f4e6c 50ba507a268872e1 b50b4e27b03c7b37 e7828f0ea9749505 628accd9be98503c 6461a9faa871b3ac 46315cf30aaee51c 4b8c7061102517ef 05e4165a56bf50eb 65fac1ba1840000f c606425856952286 40583079f57235a6 853e36b1550c6274 9fda36f260eec24e 354d7a327bbcc152 4bed80e56ea2e099 8566d15270eb5e83
294,01104a026d22ae55 74244a8703c03720 36d33c41812ce7dc c810ac016901e8ac d64c06baf5ef1c90 83f8aca6ee2caabc 453bc79164d57a01 025a148c3a53bd9f 016da874bd04df55 316382267dcd804f 9100ea6cd0e084bf a14394322cf7043d b8e2f75014710ced c6b615b2589e036d 27a12f29dceccdbd b6cdb608f640e038 bd0f175ee98c613e 18b1d2d84c97a364 2820628e65a062e2 ff88049e61f0f4ef 238ec735a13a3f09 7e4a4a1300b77a06 39f6296778264878 e7828f0ea9749505 5057551fc55e9ed2 a04d6febd82a4389 2e44fbb8bc3d8d71 095bb1b6ecbd0a50 2bafd15871caae91 c03b11a0cdc3fa39
295,451e7ba901ad661d a84cd36608cb8665 0b774cf90856c4da 37001ade0df85823 537a55eda51a3f60 190ab585fd379f0f 2b48ab08c915c0ad fd30682593995748 3d93a60f990a0a7c 64907c4568244eb4 9d5edf3b993fee50 e7828f0ea9749505 9a439fd1abf95245 00d9f8d3f7d412b3 52e459a551d4ac2d a1314cd417504572 453bc79164d57a01 d72363ddd958d906 61ba7707ef6a5a99 da904d2a54ff8cf2 65254e0d209fd66e d6ed7e4b14c51296 9b2adcf4041227d7 4483bbdd3241f11a 36d33c41812ce7dc c810ac016901e8ac 238ec735a13a3f09 c03b11a0cdc3fa39 5057551fc55e9ed2 120e745e2961b5d5
296,abf90e759d208468 393f49286db04aeb 72403ecdfe02bba6 f2234bb7ce0c6f59 0d0368139e9a647f 0db6584e3bdfa1c4 05f23e7d05dbf7c2 0fbd0f422e926816 73391e0853c1e040 5b16bae6a0de7c88 b6d0f83aad4e4dc7 f25bfcffedaccf28 16b11706660177ff 387e9cd2e5d4ea7d 24e582daf6f87158 70776cdd9bb3b7d4 46b99f864d6a075a d35e11d3d1ab3c67 65fac1ba1840000f 4d32dae7b43c489a 63d95d5977c2fe98 09660f466b38b7ba 01020d1b0821f4c7 8d58da0e1800dc96 8faeacf8ca08f62d f9c6286cff30aaa8 b29ab87af6ea6310 3c565c1fc2316d16 942a7d26d81c841f 26fc2a95df5659c2
297,e461837f0fb35048 4fe9e4e55585ba4b 734dabb98795c35c 6aefb6531736648a 65254e0d209fd66e c143c095983a65c2 72c2a95813ea72bd 3d93a60f990a0a7c 70ebf53ced736fa4 ad06e9eeea8eb4ea dea5e9227fbbac29 f105a53e5cfae611 4beacc71024f8b08 a9223c28b10c131f c03b11a0cdc3fa39 7b81f1f2b6ec2e5f 5430097e23000368 a292248bb2bffb3d 9c9a9d45c2ea7ddf ae000f9d0b5e104e 486dd77002936dec 3b4a85bac6ead3c8 d1e21234d7cc61d2 36d33c41812ce7dc c810ac016901e8ac 238ec735a13a3f09 7e4a4a1300b77a06 e7828f0ea9749505 5057551fc55e9ed2 d64c06baf5ef1c90
298,39075e303166355e a813c15b46ceaf68 1f4f62844c3cb99c 65fac1ba1840000f 47fbe21f5c35c7b4 c28bc62802b90f82 27a12f29dceccdbd 316382267dcd804f 9100ea6cd0e084bf a292248bb2bffb3d c6b615b2589e036d a04d6febd82a4389 40583079f57235a6 528161039994b4dc 095bb1b6ecbd0a50 bd0f175ee98c613e 39f6296778264878 ae94d8435a6847f4 b3e75fdca5ca2f1a 430feb4826a5632e daa257a37227cd72 bed3e73d52011f68 c810ac016901e8ac 36d33c41812ce7dc 8f578001f9d5f543 0a79fabc6f5d93c9 2e4b00c01d58e79e 33856365c271aea4 025a148c3a53bd9f 955e465ce0788ea6
299,49b5678e0d1e5bcd 5430097e23000368 db0e648651f4c92b 0220a434aa8bf029 9c9ebf71707d7a37 d6ed7e4b14c51296 e8b87ed7db1bcb1f bbbd5d2fd957e8f7 ae77487a89f2610c 5bf89d11a25121d9 351c9da399c2b915 0683b6a78f54be75 2359719a0f40ffac 7d83ffe83f61bdc4 d1e21234d7cc61d2 f2e30efbd27bee51 d257d1fbcf43abd5 7e4a4a1300b77a06 52e459a551d4ac2d 9d5edf3b993fee50 7cea1f637ea3f37d d92c0298f76ccf77 1ba7a50457e93996 6461a9faa871b3ac ee3ed9a3f51336cd 42a5cae2a3a45557 35488b3b8b781278 e36475c1af5ea3ab 8faeacf8ca08f62d 0eedb1a0d3b8ddae
300,04fda7c9d8971ec0 64907c4568244eb4 2b48ab08c915c0ad fd30682593995748 0b774cf90856c4da d72363ddd958d906 ced9c56f2be86774 00d9f8d3f7d412b3 5dd752753760ced8 a1314cd417504572 120e745e2961b5d5 9d5edf3b993fee50 8f578001f9d5f543 20d283a232dfd13c 781f4d0147aef776 00ff646ca6637bd7 b78189788d563693 b29ab87af6ea6310 36d33c41812ce7dc c810ac016901e8ac 46315cf30aaee51c ffa9091747ae2466 7e4a4a1300b77a06 025a148c3a53bd9f fc8971756f9ec194 537a55eda51a3f60 fc21db75b354a917 c015590d6a6fe833 83f8aca6ee2caabc 7c9248ed6224aa26
301,0683b6a78f54be75 5430097e23000368 35488b3b8b781278 5f94b027039f4e48 0688c790d5806540 148ac4a56a18844d 4dba7ce835494a63 58654e3143c6550b ebfda3b48083e390 c1f2e3a76d388944 25a3b47fe31bc6b5 3b4a85bac6ead3c8 c810ac016901e8ac 36d33c41812ce7dc 238ec735a13a3f09 7e4a4a1300b77a06 e7828f0ea9749505 5057551fc55e9ed2 d64c06baf5ef1c90 83f8aca6ee2caabc 52e459a551d4ac2d 2bafd15871caae91 453bc79164d57a01 3d93a60f990a0a7c cc861214a89ef1f4 af8e70f978cd5aee 61ba7707ef6a5a99 2dd12c230ab22555 da904d2a54ff8cf2 c05f45f86d0771d5
302,95d25d38ba7df9c7 8643165b0f53df11 393f49286db04aeb 74244a8703c03720 8faeacf8ca08f62d 24e582daf6f87158 2cebd52b41930f0a 50806199c80e215c 702d8f1064ab3e30 ae94d8435a6847f4 430feb4826a5632e 42bb83d7c4b9ecae 29bedd00fb2be056 20db73cf07a45f71 9fda36f260eec24e 4d32dae7b43c489a 73f770f2643a2135 05e4165a56bf50eb ac9ee0c09b538140 3c565c1fc2316d16 4bed80e56ea2e099 e4a7a996ed6a5a81 f58ff7f1a6cde683 f48d0fbea7dc2782 404031ab9d5977c4 24c47959ea77b15b 395b26d91f98bd92 b8e2f75014710ced a2805ed52b47b8ec a60934e6b473097a
303,05f23e7d05dbf7c2 f2234bb7ce0c6f59 0fbd0f422e926816 0d0368139e9a647f 72403ecdfe02bba6 73391e0853c1e040 5b16bae6a0de7c88 b6d0f83aad4e4dc7 c08c3765ac609cc0 f705b637f624147e b749972436ac9791 8d58da0e1800dc96 63d95d5977c2fe98 46b99f864d6a075a a9eef13786610446 387e9cd2e5d4ea7d 70776cdd9bb3b7d4 00140806971e7a73 e7cad3748e50b0f8 abf90e759d208468 33856365c271aea4 d35e11d3d1ab3c67 01020d1b0821f4c7 09660f466b38b7ba a14394322cf7043d 4a5ac473c9d176ba f9c6286cff30aaa8 b29ab87af6ea6310 796888cc3443006c 26fc2a95df5659c2
304,285657fcdf89f00d 24e582daf6f87158 3a6e7894dde31c67 3b6d27775fce1c7b c015590d6a6fe833 0451447dd64f6284 52370bea1acd0600 8dedff0a79784abc 4f915ad69e1dca36 28a2067685cb3e97 50cb6a6c60ad711a 0f33ce8d8014f308 e9c20b67a4c5395f 7c8324ce28ffb96e c143c095983a65c2 f25bfcffedaccf28 16b11706660177ff b84b6c0b2e4d0306 9b0e8cf8153e3b33 35488b3b8b781278 54a11cbcd7a32af4 4d32dae7b43c489a f1a3b8b13e9401c0 b6a1c97f19af78d0 7f95168400948588 6899956cd6c683f0 b05b5f6850cfa158 3c565c1fc2316d16 52e459a551d4ac2d 0add47a043c64d7f
305,c5830f9d0f1e29e5 a2805ed52b47b8ec b6e646c13d0753ae 8faeacf8ca08f62d 1d0f5fdc58e3efb5 486dd77002936dec 95ecdbff44ad0b60 3cb6b40d377e7ca8 c015590d6a6fe833 8abe670908f12614 5430097e23000368 b84b6c0b2e4d0306 54a11cbcd7a32af4 3e8e56f639a5db5b 34a62e66e05f9a44 455fde214d16d350 a292248bb2bffb3d d5952b2e031c4e7e 3b4a85bac6ead3c8 c810ac016901e8ac 36d33c41812ce7dc 238ec735a13a3f09 7e4a4a1300b77a06 d1e21234d7cc61d2 e7828f0ea9749505 5057551fc55e9ed2 d64c06baf5ef1c90 83f8aca6ee2caabc 52e459a551d4ac2d 2bafd15871caae91
306,7d83ffe83f61bdc4 a1314cd417504572 bbbd5d2fd957e8f7 52e459a551d4ac2d 7cea1f637ea3f37d 6461a9faa871b3ac ee3ed9a3f51336cd 238ec735a13a3f09 65fac1ba1840000f e7828f0ea9749505 5430097e23000368 db0e648651f4c92b 00d9f8d3f7d412b3 ae77487a89f2610c 0683b6a78f54be75 fd30682593995748 49b5678e0d1e5bcd da904d2a54ff8cf2 8abe670908f12614 d257d1fbcf43abd5 4d29c6922b2d0d56 4483bbdd3241f11a 7e4a4a1300b77a06 9d5edf3b993fee50 d92c0298f76ccf77 1ba7a50457e93996 42a5cae2a3a45557 35488b3b8b781278 e36475c1af5ea3ab 3b4a85bac6ead3c8
307,04886579947a80c2 ce8cb4351b8c0f6e 9ab90dfc5c9b0b37 1d0f5fdc58e3efb5 a65e30106ea50423 e740c80fce094788 666bdff4faa513ca a853f13216170123 d1e21234d7cc61d2 0683b6a78f54be75 58654e3143c6550b ced9c56f2be86774 7f29daa16b9b4cda 061f3e1feeaa3094 a04d6febd82a4389 095bb1b6ecbd0a50 54a11cbcd7a32af4 d46598813fb437e5 b26d8664feb18c8c 01b3da54ffb158a0 bb7515be835dea49 42bb83d7c4b9ecae 22dc81380cf4baec 33856365c271aea4 40583079f57235a6 95d25d38ba7df9c7 522bd6887960c25d 538c7bb968b2154c 0add47a043c64d7f 828f5dfbbf1272ee
308,18ced18aee04c48e 66ccd03c9e03ac06 5430097e23000368 a292248bb2bffb3d c810ac016901e8ac 36d33c41812ce7dc 238ec735a13a3f09 7e4a4a1300b77a06 8faeacf8ca08f62d e7828f0ea9749505 5057551fc55e9ed2 d64c06baf5ef1c90 83f8aca6ee2caabc 52e459a551d4ac2d 2bafd15871caae91 453bc79164d57a01 3d93a60f990a0a7c cc861214a89ef1f4 1d0f5fdc58e3efb5 af8e70f978cd5aee 61ba7707ef6a5a99 2dd12c230ab22555 da904d2a54ff8cf2 c05f45f86d0771d5 6461a9faa871b3ac db0e648651f4c92b 00d9f8d3f7d412b3 f28fb3d9880c5d4c ee3ed9a3f51336cd d6ed7e4b14c51296
309,055d895a3b26e466 4b8c7061102517ef bbbd5d2fd957e8f7 26f72a4eb15ea8c0 4c0eee2c1a5e76e2 00d9f8d3f7d412b3 74873b42602d8958 9c9a9d45c2ea7ddf a292248bb2bffb3d d1e21234d7cc61d2 b05b5f6850cfa158 c810ac016901e8ac 36d33c41812ce7dc 238ec735a13a3f09 7e4a4a1300b77a06 e7828f0ea9749505 5057551fc55e9ed2 d64c06baf5ef1c90 0eedb1a0d3b8ddae 83f8aca6ee2caabc 52e459a551d4ac2d 2bafd15871caae91 453bc79164d57a01 3d93a60f990a0a7c 5430097e23000368 cc861214a89ef1f4 af8e70f978cd5aee 61ba7707ef6a5a99 2dd12c230ab22555 da904d2a54ff8cf2
310,8e83d05923cde390 249bf372159f33e9 7eec211cc37a1b05 0c15f252d30646fc 9c9ebf71707d7a37 a0b1f4dd32f3e278 72c2a95813ea72bd d1e21234d7cc61d2 0e45c4c185f35df6 6aac5e116b75aa22 9fbffc521da97c54 106204cd0e07e1b2 1dc7139adba034ec 069e7e25e43deab3 3e8e56f639a5db5b dc17b07476183764 b84b6c0b2e4d0306 54a11cbcd7a32af4 cc0c9419f8a20603 34a62e66e05f9a44 d5952b2e031c4e7e 00e1e2eb13f650e4 0195950ce0f47e34 0eedb1a0d3b8ddae 0bcaac840d5e66d7 702d8f1064ab3e30 622f2e4119882c94 3986b68500d7704b 3fa57d488e979d74 b24820ae14e16a24
311,2e031d83339759b2 f2e30efbd27bee51 1f423f368aebf7f3 3734d3b0b9232538 24e582daf6f87158 4d32dae7b43c489a 90ecb28f2edb9d43 73f770f2643a2135 2e79d45ba4d1540d 3c565c1fc2316d16 538c7bb968b2154c c1f2e3a76d388944 eff60ceea8817dad f48d0fbea7dc2782 24c47959ea77b15b 9f3d2ca16f358290 ce0f56b7190c268a d3c4a7db726191e0 447fc00f40d71d08 b26d8664feb18c8c 765c0695339c3abe 8faeacf8ca08f62d a60934e6b473097a 522bd6887960c25d f29eee8054c061e1 3b6d27775fce1c7b 01ecc81f6341e902 81b639b74256b45b 3e66b4855d0dddbe 64b31699d7d15934
312,6e239f4dd4b6aed7 d35e11d3d1ab3c67 522bd6887960c25d f76f44d372517a9a f2e30efbd27bee51 9cf6709de35bf0f3 6aefb6531736648a f705b637f624147e c5830f9d0f1e29e5 9f3d2ca16f358290 74e59c5820900b17 5b34da30b93eb123 f2234bb7ce0c6f59 b749972436ac9791 05f23e7d05dbf7c2 f44f74b3451aa593 63d95d5977c2fe98 8faeacf8ca08f62d bed3e73d52011f68 f46601a9955f9949 2810fb6f81d1711c 8d58da0e1800dc96 db69d4cbfef8d22f 955e465ce0788ea6 3734d3b0b9232538 e14a893f1918277e 0eafda717681bbdc 00140806971e7a73 622f2e4119882c94 316382267dcd804f
313,b1dcaca98bb76736 88b62355670ec8f8 e7cad3748e50b0f8 520ec719078be07c 77e2f7da1f9d3a8f e0269da736ddf004 855f2f0354e102c7 5dd752753760ced8 377c1150c781e37a 8a5635c748344d47 edc79e57b20e9036 b05b5f6850cfa158 0eedb1a0d3b8ddae c810ac016901e8ac 36d33c41812ce7dc 238ec735a13a3f09 7e4a4a1300b77a06 e7828f0ea9749505 5057551fc55e9ed2 d64c06baf5ef1c90 83f8aca6ee2caabc 52e459a551d4ac2d 2bafd15871caae91 453bc79164d57a01 3d93a60f990a0a7c 5430097e23000368 cc861214a89ef1f4 af8e70f978cd5aee 61ba7707ef6a5a99 2dd12c230ab22555
314,26fc2a95df5659c2 680bb5c5c3bb6ee1 395b26d91f98bd92 6d80d2e62d01f6bc 22dc81380cf4baec 34a62e66e05f9a44 acae1d29289b1266 54a11cbcd7a32af4 8faeacf8ca08f62d c606425856952286 a982b5c3aed39396 95ecdbff44ad0b60 a292248bb2bffb3d b6e646c13d0753ae 781aaf62a955e4e8 b05b5f6850cfa158 3cb6b40d377e7ca8 1d0f5fdc58e3efb5 796888cc3443006c 0451447dd64f6284 3e8e56f639a5db5b ec1b3d7ccd3984d0 16b11706660177ff dc12cc503ac0eddb ce0f56b7190c268a c11b97f245a9dfd0 a2805ed52b47b8ec 6a9aa1bd93e36e66 9b2adcf4041227d7 d216e5458ad70e60
315,18ced18aee04c48e 922e625fae98b3b9 24c47959ea77b15b 5f94b027039f4e48 7f95168400948588 a60934e6b473097a 49224aca40e6e5e3 430feb4826a5632e e7828f0ea9749505 70ebf53ced736fa4 7c98dedd223b36c0 9f4e0d572b1f4e6c d5952b2e031c4e7e 28a2067685cb3e97 eab15ee21e126f6a 587e0b2a4811fab1 db69d4cbfef8d22f ebfda3b48083e390 3cb6b40d377e7ca8 27888817db122597 b05b5f6850cfa158 0e45c4c185f35df6 0eafda717681bbdc ec4ef2f727e7a03f de35d2410e916471 5ebb4d2f5f1c1f13 4bed80e56ea2e099 a492bd402afd5c71 72b80b099fd64ec4 8566d15270eb5e83
316,3c565c1fc2316d16 a292248bb2bffb3d a65e30106ea50423 f48d0fbea7dc2782 24c47959ea77b15b 3e66b4855d0dddbe 58654e3143c6550b ced9c56f2be86774 a76ffccd2f5df1a7 62431fd374eb99fb 0f4c71d341e2d939 ddf332f2b55a2a23 cea18be9a89d7a81 4d954d933e606b70 5b4c879fc9c316fb b6e72edcad270be0 4b29fc21f912754d 172bc0ee09332ae9 6406fcdb7d87b5dc cc507a0d6fcf4a1c 999a52f1d301247c 66ccd03c9e03ac06 238de368bb05c0ec a2c35fdf07a13286 404031ab9d5977c4 c31a456b544a40a8 d1e21234d7cc61d2 a853f13216170123 4f2fffd7528de786 24e582daf6f87158
317,d6ed7e4b14c51296 8e0760918e88e4a9 f05fa5f57dc03e81 27bc34b9887bec0d e36475c1af5ea3ab 6461a9faa871b3ac 5430097e23000368 0220a434aa8bf029 9cf6709de35bf0f3 4491016efed845f1 29bedd00fb2be056 1a8e5d6512d9e2d8 22dc81380cf4baec 9269d2b0d877352d e22c35101e190db9 2820628e65a062e2 48f93f9c2c699e19 7cea1f637ea3f37d ecb768ef6fd223ca 976baf0e84752a68 9113e9dc940fb287 d3c4a7db726191e0 155600e5f1221f8c db0e648651f4c92b 419b5dc40744fb9b bbbd5d2fd957e8f7 050544c040f46152 ae77487a89f2610c 0b0021aa60d05daa 64907c4568244eb4
318,26f72a4eb15ea8c0 4c0eee2c1a5e76e2 74873b42602d8958 9c9a9d45c2ea7ddf bbbd5d2fd957e8f7 00d9f8d3f7d412b3 fc16a50ff0baec53 ced9c56f2be86774 8abe670908f12614 4d29c6922b2d0d56 7d83ffe83f61bdc4 447fc00f40d71d08 96445bec1579ec97 a65e30106ea50423 b6cdb608f640e038 9f4e0d572b1f4e6c de8e1345e8c305c4 238ec735a13a3f09 5b4c879fc9c316fb a492bd402afd5c71 5057551fc55e9ed2 a5d5ba33b5b1dc95 58654e3143c6550b 1c3b74a02a86467d 628accd9be98503c 1a05ef8c93af8eed d64c7c3b658689f4 bc2552a642ce8497 98dbd15aa33ebc18 148ac4a56a18844d
319,36d33c41812ce7dc c810ac016901e8ac 025a148c3a53bd9f 016da874bd04df55 316382267dcd804f 9100ea6cd0e084bf a14394322cf7043d 74244a8703c03720 d64c06baf5ef1c90 83f8aca6ee2caabc c6b615b2589e036d 27a12f29dceccdbd 453bc79164d57a01 b6cdb608f640e038 bd0f175ee98c613e 18b1d2d84c97a364 59c231f8fd21260c 2820628e65a062e2 39f6296778264878 6e1b6b53c9710940 351c9da399c2b915 a04d6febd82a4389 2e44fbb8bc3d8d71 095bb1b6ecbd0a50 c03b11a0cdc3fa39 b3e75fdca5ca2f1a 39075e303166355e 1f4f62844c3cb99c bed3e73d52011f68 8f578001f9d5f543
320,b8e2f75014710ced e5fb8dc5c9cb4a19 6e1b6b53c9710940 2bafd15871caae91 2dd12c230ab22555 0c2eeab1e4ce1db8 24e582daf6f87158 36d33c41812ce7dc c810ac016901e8ac 238ec735a13a3f09 7e4a4a1300b77a06 4d32dae7b43c489a e7828f0ea9749505 5057551fc55e9ed2 8faeacf8ca08f62d d64c06baf5ef1c90 83f8aca6ee2caabc 3c565c1fc2316d16 52e459a551d4ac2d 453bc79164d57a01 3d93a60f990a0a7c 5430097e23000368 cc861214a89ef1f4 af8e70f978cd5aee 61ba7707ef6a5a99 da904d2a54ff8cf2 f48d0fbea7dc2782 c05f45f86d0771d5 24c47959ea77b15b 6461a9faa871b3ac
321,b7d7d9ae1cbe0d8a a1314cd417504572 83f5a9732f0de67f 00ff646ca6637bd7 c49d8f84a4f87f8a 585f4ee09d8fea46 aa0789b403bcd839 3a6e7894dde31c67 b8e2f75014710ced 919b1679fffa7ef1 6cb9ab508a0678a0 f0d53dcf0c296b57 ce8cb4351b8c0f6e 354d7a327bbcc152 9b2adcf4041227d7 0079f3c74309b582 bc2552a642ce8497 06de3ca1148b088b c810ac016901e8ac 36d33c41812ce7dc f44f74b3451aa593 62431fd374eb99fb 00af886180e9eaec d64c06baf5ef1c90 83f8aca6ee2caabc 9a439fd1abf95245 f29eee8054c061e1 d73a65673e3f1d78 453bc79164d57a01 4beacc71024f8b08
322,1d0f5fdc58e3efb5 a853f13216170123 e740c80fce094788 666bdff4faa513ca d1e21234d7cc61d2 0683b6a78f54be75 50cb6a6c60ad711a ddf332f2b55a2a23 09bbaa171c20bae3 0e45c4c185f35df6 b05b5f6850cfa158 5b4c879fc9c316fb 3cb6b40d377e7ca8 ec4ef2f727e7a03f 7155e5a86136eb02 83b911ff0ff45844 a492bd402afd5c71 72b80b099fd64ec4 3a6e7894dde31c67 1a05ef8c93af8eed b9d966ad9e04127a c36c2dce0e6e434f ec1b3d7ccd3984d0 16b11706660177ff f76f44d372517a9a 0688c790d5806540 45bd99d5d2eef776 b26d8664feb18c8c 0f33ce8d8014f308 877672967d3f70bb
323,877672967d3f70bb ec1b3d7ccd3984d0 f76f44d372517a9a 9cf6709de35bf0f3 f46601a9955f9949 b1dcaca98bb76736 3c565c1fc2316d16 01020d1b0821f4c7 b78189788d563693 f9c6286cff30aaa8 bb7515be835dea49 413c55a5ab86881a ffa9091747ae2466 e25a1da6ca187350 a65e30106ea50423 061f3e1feeaa3094 6204e398d8c7f888 a60934e6b473097a 0add47a043c64d7f 4c3802a1bd3c842e 5c8c6d9a1fd4c1e0 90ecb28f2edb9d43 eab15ee21e126f6a 453bc79164d57a01 c36c2dce0e6e434f b6cdb608f640e038 0db6584e3bdfa1c4 f44f74b3451aa593 59bf6d6df9146d60 0f33ce8d8014f308
324,5547f9f1638ac345 f25bfcffedaccf28 16b11706660177ff 0add47a043c64d7f b05b5f6850cfa158 b84b6c0b2e4d0306 942a7d26d81c841f 6899956cd6c683f0 7f95168400948588 24e582daf6f87158 72b80b099fd64ec4 27888817db122597 2cebd52b41930f0a 45bd99d5d2eef776 cc0c9419f8a20603 ca43e349133fc0e3 92f42fbd0c38f7fd 88b62355670ec8f8 52aa48c07b34dc88 19e8f436d4b2fc25 419b5dc40744fb9b 1d72229ebcc00faf 47fbe21f5c35c7b4 c11b97f245a9dfd0 8faeacf8ca08f62d e8b87ed7db1bcb1f 5897953fdf87b60f 42bb83d7c4b9ecae 43c354dbf952caaa eff60ceea8817dad
325,964a50d33717c26d 29bedd00fb2be056 8643165b0f53df11 1f423f368aebf7f3 0c15f252d30646fc feddfcf56818968e 6899956cd6c683f0 12af6a34778710db bd713b37b67866c3 1d0f5fdc58e3efb5 0bcaac840d5e66d7 447fc00f40d71d08 d0f6c00eec5eb973 6e12311169bcb24c 50806199c80e215c b1dcaca98bb76736 a2805ed52b47b8ec 39f6296778264878 2e2904c5373734ae 0772e3ab293a1f30 395b26d91f98bd92 19b4014943e0ad92 81bd116c786bf9ae af41e2b6da3e7e02 ce2fe99a7cda4a17 27bc34b9887bec0d 2e4b00c01d58e79e a84cd36608cb8665 96445bec1579ec97 6a3919ad9ed8197e
326,a60934e6b473097a acae1d29289b1266 f29eee8054c061e1 83b911ff0ff45844 f48d0fbea7dc2782 4c3802a1bd3c842e 9100ea6cd0e084bf 07f22a7ad7e4711d eab15ee21e126f6a 047769588be1aea9 4dba7ce835494a63 a982b5c3aed39396 ca43e349133fc0e3 65d44c6393907290 3b4a85bac6ead3c8 9a0f5ee4f845c9b2 b69ce8b8154645f8 6aac5e116b75aa22 5430097e23000368 0451447dd64f6284 daa257a37227cd72 29bedd00fb2be056 a52df8083c238c46 c606425856952286 a292248bb2bffb3d eec6b281e236b500 8fc68213b63951dc 796888cc3443006c ec1b3d7ccd3984d0 16b11706660177ff
327,106204cd0e07e1b2 5d26da95786b3a3a 1d0f5fdc58e3efb5 95ecdbff44ad0b60 3b4a85bac6ead3c8 e1460af4a7044067 e228204ae08d1355 e878efab7c37179e 9269d2b0d877352d 1a05ef8c93af8eed a492bd402afd5c71 828f5dfbbf1272ee fb2ebcb5335ad2e2 96e82fa141db9a4b 3b6d27775fce1c7b 5c8c6d9a1fd4c1e0 eab15ee21e126f6a 366a22fce0614fb8 c36c2dce0e6e434f 148ac4a56a18844d 4d7653ea9499eed4 48cf88c17ff38c5e ddb3810e0289c148 de8e1345e8c305c4 877672967d3f70bb 587e0b2a4811fab1 26140b225c4f8d3f bf973f9ec3600199 a860b682add9de1c 4f2fffd7528de786
328,a9dad59c7055b56c 061f3e1feeaa3094 4522ad78bf79f0c9 ac9ee0c09b538140 486dd77002936dec 25a3b47fe31bc6b5 9f4e0d572b1f4e6c 796888cc3443006c 892074f7c1ef5d5e 999a52f1d301247c 6a9aa1bd93e36e66 d46598813fb437e5 413c55a5ab86881a 63d95d5977c2fe98 5b4c879fc9c316fb 65d44c6393907290 f58ff7f1a6cde683 49224aca40e6e5e3 106204cd0e07e1b2 ddf332f2b55a2a23 6d80d2e62d01f6bc 50806199c80e215c 81b7c7e312bfa1a0 cea18be9a89d7a81 7c8324ce28ffb96e 4d9214c0925e5af8 a0566ca9daca7778 3c565c1fc2316d16 b69ce8b8154645f8 fc16a50ff0baec53
329,f705b637f624147e 74e59c5820900b17 5b34da30b93eb123 c08c3765ac609cc0 b749972436ac9791 a9eef13786610446 ffc688c4c1c2a068 05f23e7d05dbf7c2 00140806971e7a73 2810fb6f81d1711c 2359719a0f40ffac 4d417b203b333363 44d324ebd3e22ad7 2a06f5614060e3b6 bed3e73d52011f68 8d58da0e1800dc96 f46601a9955f9949 e14a893f1918277e dac29ed8400b50cc f2234bb7ce0c6f59 0fbd0f422e926816 0eafda717681bbdc e7cad3748e50b0f8 65fac1ba1840000f 6d80d2e62d01f6bc 54f55c74d37db3c0 63d95d5977c2fe98 3ca7964973437917 42a5cae2a3a45557 3fa57d488e979d74
330,8df3f13d6af34cb3 1f4f62844c3cb99c a292248bb2bffb3d 64b31699d7d15934 40583079f57235a6 fc21db75b354a917 c28bc62802b90f82 1dc7139adba034ec 6406fcdb7d87b5dc 8faeacf8ca08f62d b3ad55963554f220 c015590d6a6fe833 a04d6febd82a4389 316382267dcd804f 666bdff4faa513ca 9100ea6cd0e084bf 095bb1b6ecbd0a50 a52df8083c238c46 0db6584e3bdfa1c4 b3e75fdca5ca2f1a 39075e303166355e c6b615b2589e036d 393f49286db04aeb 24e582daf6f87158 bed3e73d52011f68 bd0f175ee98c613e 4d32dae7b43c489a 8f578001f9d5f543 781f4d0147aef776 7155e5a86136eb02
331,4d9214c0925e5af8 9f4e0d572b1f4e6c 3b4a85bac6ead3c8 d9885881381fd10a 9113e9dc940fb287 48cf88c17ff38c5e 1d0f5fdc58e3efb5 81b7c7e312bfa1a0 c015590d6a6fe833 d0f6c00eec5eb973 a9dad59c7055b56c a853f13216170123 387e9cd2e5d4ea7d e740c80fce094788 666bdff4faa513ca d1e21234d7cc61d2 0683b6a78f54be75 10ad13170242ecae 6899956cd6c683f0 f25bfcffedaccf28 4d32dae7b43c489a ec1b3d7ccd3984d0 16b11706660177ff f76f44d372517a9a 00d9eb862ba3dfc6 d216e5458ad70e60 9cf6709de35bf0f3 01b3da54ffb158a0 b1dcaca98bb76736 3c565c1fc2316d16
332,589ef345cb2dccfc daa257a37227cd72 bf3ccaba4a3450a8 4f915ad69e1dca36 4d29c6922b2d0d56 5430097e23000368 24e582daf6f87158 9c9a9d45c2ea7ddf ae000f9d0b5e104e 702d8f1064ab3e30 ae94d8435a6847f4 430feb4826a5632e 4d32dae7b43c489a 73f770f2643a2135 74244a8703c03720 8faeacf8ca08f62d 3c565c1fc2316d16 f58ff7f1a6cde683 10ad13170242ecae f48d0fbea7dc2782 24c47959ea77b15b 393f49286db04aeb b8e2f75014710ced a60934e6b473097a 522bd6887960c25d 3b6d27775fce1c7b 81b639b74256b45b 3e66b4855d0dddbe 47fbe21f5c35c7b4 64b31699d7d15934
333,8faeacf8ca08f62d 6a9aa1bd93e36e66 34a62e66e05f9a44 73f770f2643a2135 d216e5458ad70e60 a982b5c3aed39396 853e36b1550c6274 b69ce8b8154645f8 955e465ce0788ea6 1d0f5fdc58e3efb5 a65e30106ea50423 29bedd00fb2be056 a52df8083c238c46 622f2e4119882c94 af41e2b6da3e7e02 49224aca40e6e5e3 95ecdbff44ad0b60 796888cc3443006c 3cb6b40d377e7ca8 59bf6d6df9146d60 65ad9c583823162d 6aac5e116b75aa22 999a52f1d301247c 8abe670908f12614 d6bbbd6c4968075a 65708d542bd01f39 7c8324ce28ffb96e 5fb2d8e734956af0 5b16bae6a0de7c88 c31a456b544a40a8
334,57113c2a4cacd961 abf90e759d208468 7c98dedd223b36c0 5dd752753760ced8 4491016efed845f1 0bcaac840d5e66d7 ac9ee0c09b538140 0db6584e3bdfa1c4 a2805ed52b47b8ec bee46c54461925d0 4577ae048ef1967d b2ee9eea2d974c90 83f8f2fc471cad74 cb3e4ce97e7f2881 419b5dc40744fb9b 8643165b0f53df11 ce2fe99a7cda4a17 4bed80e56ea2e099 f25bfcffedaccf28 050544c040f46152 16b11706660177ff 6204e398d8c7f888 b1dcaca98bb76736 702d8f1064ab3e30 feddfcf56818968e c6b615b2589e036d c5830f9d0f1e29e5 5c8c6d9a1fd4c1e0 eab15ee21e126f6a 366a22fce0614fb8
335,8b7c486a910dd004 cec2eea2a1fe566a c05f45f86d0771d5 453bc79164d57a01 e7828f0ea9749505 5057551fc55e9ed2 83f8aca6ee2caabc 8dc313a2cf9da354 ae94d8435a6847f4 bc27d5dc9bab1c18 52e459a551d4ac2d a0566ca9daca7778 af8e70f978cd5aee 61ba7707ef6a5a99 0b774cf90856c4da da904d2a54ff8cf2 628accd9be98503c 6461a9faa871b3ac a52df8083c238c46 00d9f8d3f7d412b3 64907c4568244eb4 ee3ed9a3f51336cd d6ed7e4b14c51296 9b2adcf4041227d7 9d5edf3b993fee50 7cea1f637ea3f37d bf973f9ec3600199 0cd920bad11c716d 055d895a3b26e466 a1314cd417504572
336,3e8e56f639a5db5b 447fc00f40d71d08 46b99f864d6a075a 8e0760918e88e4a9 29968e8fd13539f8 74244a8703c03720 7eec211cc37a1b05 680bb5c5c3bb6ee1 8699cc5dd4159b69 01b3da54ffb158a0 60a070db9f1869b5 964a50d33717c26d 395b26d91f98bd92 8643165b0f53df11 6899956cd6c683f0 4d32dae7b43c489a bd713b37b67866c3 af41e2b6da3e7e02 29bedd00fb2be056 d0f6c00eec5eb973 88b62355670ec8f8 061f3e1feeaa3094 0b0021aa60d05daa c1f2e3a76d388944 ac9ee0c09b538140 e4a7a996ed6a5a81 d7d937303a6d5a9d 455fde214d16d350 43b3338423d7386c f209d29f991432f0
337,d216e5458ad70e60 16b11706660177ff a292248bb2bffb3d f25bfcffedaccf28 73f770f2643a2135 abf90e759d208468 cc0c9419f8a20603 702d8f1064ab3e30 ae94d8435a6847f4 393f49286db04aeb 0db6584e3bdfa1c4 430feb4826a5632e a5f55580081236f4 3b4a85bac6ead3c8 65fac1ba1840000f ec1b3d7ccd3984d0 f76f44d372517a9a 74244a8703c03720 9cf6709de35bf0f3 942a7d26d81c841f d7d937303a6d5a9d f58ff7f1a6cde683 d1e21234d7cc61d2 eec6b281e236b500 8fc68213b63951dc b8e2f75014710ced e25a1da6ca187350 a65e30106ea50423 ad06e9eeea8eb4ea e878efab7c37179e
338,3e8e56f639a5db5b 419b5dc40744fb9b 22dc81380cf4baec 680bb5c5c3bb6ee1 447fc00f40d71d08 46b99f864d6a075a 8e0760918e88e4a9 97d696011258825c eff60ceea8817dad 9113e9dc940fb287 d3c4a7db726191e0 ac9ee0c09b538140 74244a8703c03720 a2805ed52b47b8ec 3cb6b40d377e7ca8 7eec211cc37a1b05 88b62355670ec8f8 bb7515be835dea49 29968e8fd13539f8 8699cc5dd4159b69 0add47a043c64d7f b05b5f6850cfa158 eab15ee21e126f6a 6899956cd6c683f0 01e5a6edcee7deb0 b84b6c0b2e4d0306 4bed80e56ea2e099 e4a7a996ed6a5a81 99e833818ec4bbf2 43b3338423d7386c
339,f1a3b8b13e9401c0 59c231f8fd21260c b1e47da7659b675c 48a76e3aff69d605 72b80b099fd64ec4 a860b682add9de1c b6e72edcad270be0 05e4165a56bf50eb 1efd7bd8a34a1359 95166957b2c38794 7d83ffe83f61bdc4 e1460af4a7044067 88b62355670ec8f8 10ad13170242ecae daa257a37227cd72 0451447dd64f6284 dc12cc503ac0eddb a813c15b46ceaf68 3a6e7894dde31c67 7eec211cc37a1b05 01ecc81f6341e902 680bb5c5c3bb6ee1 3b6d27775fce1c7b c015590d6a6fe833 24e582daf6f87158 0f33ce8d8014f308 e9c20b67a4c5395f 52370bea1acd0600 8dedff0a79784abc c143c095983a65c2
340,abf90e759d208468 f25bfcffedaccf28 16b11706660177ff 65fac1ba1840000f 393f49286db04aeb 0db6584e3bdfa1c4 26fc2a95df5659c2 942a7d26d81c841f c810ac016901e8ac 36d33c41812ce7dc d46598813fb437e5 d64c06baf5ef1c90 83f8aca6ee2caabc 453bc79164d57a01 9cf6709de35bf0f3 238de368bb05c0ec 238ec735a13a3f09 7e4a4a1300b77a06 025a148c3a53bd9f 4491016efed845f1 016da874bd04df55 29bedd00fb2be056 316382267dcd804f 9100ea6cd0e084bf a14394322cf7043d e7828f0ea9749505 5057551fc55e9ed2 74244a8703c03720 22dc81380cf4baec 0451447dd64f6284
341,abf90e759d208468 65fac1ba1840000f f25bfcffedaccf28 16b11706660177ff 6461a9faa871b3ac 393f49286db04aeb 976baf0e84752a68 1a8e5d6512d9e2d8 0db6584e3bdfa1c4 2820628e65a062e2 942a7d26d81c841f ecb768ef6fd223ca d216e5458ad70e60 0a79fabc6f5d93c9 155600e5f1221f8c d46598813fb437e5 26fc2a95df5659c2 1d0f5fdc58e3efb5 c5830f9d0f1e29e5 8a5635c748344d47 a2805ed52b47b8ec f48d0fbea7dc2782 a5f55580081236f4 b6e646c13d0753ae 486dd77002936dec a860b682add9de1c 628accd9be98503c 46315cf30aaee51c 190ab585fd379f0f bd9cd6b87a4fe0ce
342,622f2e4119882c94 a5f55580081236f4 acae1d29289b1266 ca43e349133fc0e3 0a49074a4158155b 2901e5309bb3f8f6 c49d8f84a4f87f8a b760ebc5f25788d3 f54ad8d1eb18212e 19b4014943e0ad92 f0d53dcf0c296b57 e7dd56376be2cf1c 10ad13170242ecae aa967ad3c1f65a29 4f2fffd7528de786 f2b5098ac9c92da9 26fc2a95df5659c2 1398b478b71773ed 3b4a85bac6ead3c8 0451447dd64f6284 6d80d2e62d01f6bc 0195950ce0f47e34 bee46c54461925d0 da7d3c2d591c4295 98dbd15aa33ebc18 eff60ceea8817dad e36475c1af5ea3ab 6899956cd6c683f0 a853f13216170123 f25bfcffedaccf28
343,bc2ae5f4e5d53e00 b24820ae14e16a24 a9dad59c7055b56c 486dd77002936dec 3c565c1fc2316d16 5b4c879fc9c316fb f48d0fbea7dc2782 24c47959ea77b15b 3e66b4855d0dddbe cc507a0d6fcf4a1c a76ffccd2f5df1a7 62431fd374eb99fb 0f4c71d341e2d939 ddf332f2b55a2a23 cea18be9a89d7a81 a853f13216170123 4d954d933e606b70 4f2fffd7528de786 b6e72edcad270be0 7155e5a86136eb02 4b29fc21f912754d 172bc0ee09332ae9 2e031d83339759b2 666bdff4faa513ca 6406fcdb7d87b5dc 07f22a7ad7e4711d 999a52f1d301247c 66ccd03c9e03ac06 238de368bb05c0ec a2c35fdf07a13286
344,5430097e23000368 db0e648651f4c92b bbbd5d2fd957e8f7 7e4a4a1300b77a06 ae77487a89f2610c 7d83ffe83f61bdc4 49b5678e0d1e5bcd f9c6286cff30aaa8 52e459a551d4ac2d 6461a9faa871b3ac ee3ed9a3f51336cd 033d905aec273595 4535ce2e3dced00f 36d33c41812ce7dc c810ac016901e8ac 238ec735a13a3f09 e461837f0fb35048 72c2a95813ea72bd e7828f0ea9749505 5057551fc55e9ed2 0220a434aa8bf029 0683b6a78f54be75 d64c06baf5ef1c90 83f8aca6ee2caabc 2bafd15871caae91 453bc79164d57a01 3d93a60f990a0a7c cc861214a89ef1f4 af8e70f978cd5aee 61ba7707ef6a5a99
345,6e12311169bcb24c 8abe670908f12614 964a50d33717c26d 29bedd00fb2be056 bd713b37b67866c3 6899956cd6c683f0 5430097e23000368 395b26d91f98bd92 83f5a9732f0de67f 1d0f5fdc58e3efb5 061f3e1feeaa3094 a04d6febd82a4389 0683b6a78f54be75 095bb1b6ecbd0a50 cc0c9419f8a20603 447fc00f40d71d08 8643165b0f53df11 35488b3b8b781278 54a11cbcd7a32af4 d0f6c00eec5eb973 b05b5f6850cfa158 2e2904c5373734ae b26d8664feb18c8c 01b3da54ffb158a0 19b4014943e0ad92 bb7515be835dea49 42bb83d7c4b9ecae 22dc81380cf4baec 33856365c271aea4 40583079f57235a6
346,238de368bb05c0ec ba5199dba342af68 3c565c1fc2316d16 c810ac016901e8ac 36d33c41812ce7dc aa0789b403bcd839 a0b1f4dd32f3e278 f48d0fbea7dc2782 24c47959ea77b15b e8b87ed7db1bcb1f d64c06baf5ef1c90 83f8aca6ee2caabc 49b5678e0d1e5bcd 9c9ebf71707d7a37 069e7e25e43deab3 3e66b4855d0dddbe 453bc79164d57a01 a76ffccd2f5df1a7 62431fd374eb99fb 0f4c71d341e2d939 d1e21234d7cc61d2 ddf332f2b55a2a23 cea18be9a89d7a81 2359719a0f40ffac f2e30efbd27bee51 5b4c879fc9c316fb 0220a434aa8bf029 4d954d933e606b70 430feb4826a5632e b6e72edcad270be0
347,9100ea6cd0e084bf 047769588be1aea9 9c9a9d45c2ea7ddf 0451447dd64f6284 9f4e0d572b1f4e6c c810ac016901e8ac 36d33c41812ce7dc a492bd402afd5c71 a860b682add9de1c d92c0298f76ccf77 3b4a85bac6ead3c8 d64c06baf5ef1c90 83f8aca6ee2caabc de8e1345e8c305c4 2bafd15871caae91 5430097e23000368 4d9214c0925e5af8 453bc79164d57a01 3d93a60f990a0a7c fa173131f15f5534 cc861214a89ef1f4 2dd12c230ab22555 f28fb3d9880c5d4c 447fc00f40d71d08 b8e2f75014710ced 3c565c1fc2316d16 50806199c80e215c d0f6c00eec5eb973 a677c3a76055a6d2 e5fb8dc5c9cb4a19
348,65254e0d209fd66e 7b81f1f2b6ec2e5f c03b11a0cdc3fa39 3d93a60f990a0a7c 387e9cd2e5d4ea7d 62431fd374eb99fb 40583079f57235a6 f44f74b3451aa593 64b31699d7d15934 f29eee8054c061e1 1f4f62844c3cb99c 4beacc71024f8b08 9b0e8cf8153e3b33 8faeacf8ca08f62d b3ad55963554f220 666bdff4faa513ca c28bc62802b90f82 a52df8083c238c46 393f49286db04aeb b6a1c97f19af78d0 c49d8f84a4f87f8a 0079f3c74309b582 dc17b07476183764 47fbe21f5c35c7b4 0db6584e3bdfa1c4 24e582daf6f87158 a292248bb2bffb3d eec6b281e236b500 8fc68213b63951dc a04d6febd82a4389
349,f0d53dcf0c296b57 bee46c54461925d0 f54ad8d1eb18212e c49d8f84a4f87f8a 585f4ee09d8fea46 aa0789b403bcd839 3a6e7894dde31c67 919b1679fffa7ef1 ce8cb4351b8c0f6e 83f5a9732f0de67f bc2552a642ce8497 06de3ca1148b088b 486dd77002936dec 04886579947a80c2 d73a65673e3f1d78 8faeacf8ca08f62d 0079f3c74309b582 1d0f5fdc58e3efb5 1398b478b71773ed 95ecdbff44ad0b60 3cb6b40d377e7ca8 8abe670908f12614 0a49074a4158155b c5830f9d0f1e29e5 a2805ed52b47b8ec b6e646c13d0753ae c810ac016901e8ac 36d33c41812ce7dc 238ec735a13a3f09 7e4a4a1300b77a06
350,5430097e23000368 db0e648651f4c92b bbbd5d2fd957e8f7 ae77487a89f2610c 7d83ffe83f61bdc4 7e4a4a1300b77a06 49b5678e0d1e5bcd 52e459a551d4ac2d 0683b6a78f54be75 6461a9faa871b3ac ee3ed9a3f51336cd d257d1fbcf43abd5 a18df74d3a16e9c0 0220a434aa8bf029 9d5edf3b993fee50 7cea1f637ea3f37d f05fa5f57dc03e81 d92c0298f76ccf77 07d688f5e2142b87 1ba7a50457e93996 aa0789b403bcd839 c810ac016901e8ac 36d33c41812ce7dc 238ec735a13a3f09 42a5cae2a3a45557 35488b3b8b781278 e7828f0ea9749505 5057551fc55e9ed2 d64c06baf5ef1c90 83f8aca6ee2caabc
351,1d72229ebcc00faf 4beacc71024f8b08 1f423f368aebf7f3 d216e5458ad70e60 ca43e349133fc0e3 7b81f1f2b6ec2e5f f25bfcffedaccf28 5430097e23000368 16b11706660177ff 622f2e4119882c94 6a9aa1bd93e36e66 7f95168400948588 aa967ad3c1f65a29 a5f55580081236f4 acae1d29289b1266 0a49074a4158155b 6406fcdb7d87b5dc 07f22a7ad7e4711d 0add47a043c64d7f 1dc7139adba034ec 72b80b099fd64ec4 e8ad5e31484ef889 2cebd52b41930f0a 45bd99d5d2eef776 b84b6c0b2e4d0306 b760ebc5f25788d3 f54ad8d1eb18212e 6899956cd6c683f0 b05b5f6850cfa158 c810ac016901e8ac
352,455fde214d16d350 88b62355670ec8f8 95166957b2c38794 b6e72edcad270be0 a292248bb2bffb3d 4d32dae7b43c489a f48d0fbea7dc2782 528161039994b4dc 9100ea6cd0e084bf 01b3da54ffb158a0 d7d937303a6d5a9d 047769588be1aea9 a813c15b46ceaf68 acae1d29289b1266 a65e30106ea50423 061f3e1feeaa3094 ca43e349133fc0e3 65d44c6393907290 f29eee8054c061e1 3b4a85bac6ead3c8 47fbe21f5c35c7b4 dc12cc503ac0eddb 83b911ff0ff45844 2e4b00c01d58e79e a5d5ba33b5b1dc95 0451447dd64f6284 24e582daf6f87158 d63b7f083330247f 01e5a6edcee7deb0 65ad9c583823162d
353,5430097e23000368 d3c4a7db726191e0 4d954d933e606b70 1d0f5fdc58e3efb5 9cf6709de35bf0f3 36d33c41812ce7dc c810ac016901e8ac 238ec735a13a3f09 4491016efed845f1 a2805ed52b47b8ec 29bedd00fb2be056 7e4a4a1300b77a06 73f770f2643a2135 22dc81380cf4baec 8faeacf8ca08f62d e7828f0ea9749505 5057551fc55e9ed2 9269d2b0d877352d e22c35101e190db9 538c7bb968b2154c 48f93f9c2c699e19 d64c06baf5ef1c90 83f8aca6ee2caabc 0683b6a78f54be75 52e459a551d4ac2d 2bafd15871caae91 453bc79164d57a01 3d93a60f990a0a7c 35488b3b8b781278 cc861214a89ef1f4
354,d73a65673e3f1d78 128d583954b18074 bc2552a642ce8497 e8ad5e31484ef889 a5d5ba33b5b1dc95 96445bec1579ec97 148ac4a56a18844d 8faeacf8ca08f62d ced9c56f2be86774 4d29c6922b2d0d56 fc16a50ff0baec53 447fc00f40d71d08 1c3b74a02a86467d 00e1e2eb13f650e4 919b1679fffa7ef1 98dbd15aa33ebc18 24e582daf6f87158 af41e2b6da3e7e02 4d32dae7b43c489a 3c565c1fc2316d16 0eedb1a0d3b8ddae 1d0f5fdc58e3efb5 f48d0fbea7dc2782 24c47959ea77b15b 393f49286db04aeb a60934e6b473097a 522bd6887960c25d 3b6d27775fce1c7b 81b639b74256b45b 3e66b4855d0dddbe
355,8dedff0a79784abc 50806199c80e215c 8643165b0f53df11 b1dcaca98bb76736 3a6e7894dde31c67 e4a7a996ed6a5a81 ce2fe99a7cda4a17 3b4a85bac6ead3c8 29bedd00fb2be056 2901e5309bb3f8f6 feddfcf56818968e 27bc34b9887bec0d 83b911ff0ff45844 2e4b00c01d58e79e d1e21234d7cc61d2 3b6d27775fce1c7b bf3ccaba4a3450a8 ca43e349133fc0e3 c015590d6a6fe833 24e582daf6f87158 0f33ce8d8014f308 0bcaac840d5e66d7 64c2e323906b42d3 4d29c6922b2d0d56 a2805ed52b47b8ec 964a50d33717c26d a60934e6b473097a e9c20b67a4c5395f 52370bea1acd0600 c143c095983a65c2
356,a2c35fdf07a13286 393f49286db04aeb c08c3765ac609cc0 0db6584e3bdfa1c4 24e582daf6f87158 65fac1ba1840000f f705b637f624147e 74e59c5820900b17 5b34da30b93eb123 b749972436ac9791 a9eef13786610446 abf90e759d208468 ffc688c4c1c2a068 4d32dae7b43c489a f25bfcffedaccf28 d46598813fb437e5 44d324ebd3e22ad7 16b11706660177ff 4d417b203b333363 8faeacf8ca08f62d 3c565c1fc2316d16 2359719a0f40ffac dac29ed8400b50cc f48d0fbea7dc2782 24c47959ea77b15b 6d80d2e62d01f6bc 9cf6709de35bf0f3 050544c040f46152 feddfcf56818968e a60934e6b473097a
357,8faeacf8ca08f62d 64b31699d7d15934 52e459a551d4ac2d 24e582daf6f87158 4d32dae7b43c489a 40583079f57235a6 393f49286db04aeb 0db6584e3bdfa1c4 0c2eeab1e4ce1db8 585f4ee09d8fea46 3c565c1fc2316d16 47fbe21f5c35c7b4 1f4f62844c3cb99c f48d0fbea7dc2782 24c47959ea77b15b b3ad55963554f220 c28bc62802b90f82 a60934e6b473097a 522bd6887960c25d a52df8083c238c46 3b6d27775fce1c7b 81b639b74256b45b 3e66b4855d0dddbe b9d966ad9e04127a c015590d6a6fe833 a76ffccd2f5df1a7 62431fd374eb99fb 0f4c71d341e2d939 54a11cbcd7a32af4 ddf332f2b55a2a23
358,45630e1451157ff3 ec1b3d7ccd3984d0 3cb6b40d377e7ca8 e22c35101e190db9 48f93f9c2c699e19 27bc34b9887bec0d 25145708d494530b 3d6880bd12f6613f 0a79fabc6f5d93c9 03dfe518713e006c 09bbaa171c20bae3 34a62e66e05f9a44 8699cc5dd4159b69 7155e5a86136eb02 4fe9e4e55585ba4b a292248bb2bffb3d 1d0f5fdc58e3efb5 95ecdbff44ad0b60 8faeacf8ca08f62d d1e21234d7cc61d2 c5830f9d0f1e29e5 5430097e23000368 a2805ed52b47b8ec b6e646c13d0753ae 6899956cd6c683f0 3e8e56f639a5db5b 8abe670908f12614 a853f13216170123 f25bfcffedaccf28 4d32dae7b43c489a
359,b371170568146b12 6e239f4dd4b6aed7 cc0c9419f8a20603 486dd77002936dec 00e1e2eb13f650e4 47fbe21f5c35c7b4 4d7653ea9499eed4 9a0f5ee4f845c9b2 0bcaac840d5e66d7 c28bc62802b90f82 702d8f1064ab3e30 3986b68500d7704b 3fa57d488e979d74 ff88049e61f0f4ef e0269da736ddf004 bd713b37b67866c3 fd30682593995748 2a06f5614060e3b6 39f6296778264878 52370bea1acd0600 e36475c1af5ea3ab 0708923badf2ff5d 734dabb98795c35c 942a7d26d81c841f bd0f175ee98c613e ae94d8435a6847f4 b6d0f83aad4e4dc7 b24820ae14e16a24 622f2e4119882c94 bbbd5d2fd957e8f7
360,ae94d8435a6847f4 404031ab9d5977c4 3c565c1fc2316d16 5b4c879fc9c316fb f48d0fbea7dc2782 bf973f9ec3600199 24c47959ea77b15b 5c4b7558c942a224 0a79fabc6f5d93c9 4beacc71024f8b08 9b0e8cf8153e3b33 e6a29676c096f8e8 3e66b4855d0dddbe cc507a0d6fcf4a1c a76ffccd2f5df1a7 62431fd374eb99fb 0f4c71d341e2d939 ddf332f2b55a2a23 cea18be9a89d7a81 a853f13216170123 4d954d933e606b70 4f2fffd7528de786 b6e72edcad270be0 59c231f8fd21260c 7155e5a86136eb02 4b29fc21f912754d a0566ca9daca7778 486dd77002936dec 172bc0ee09332ae9 2e031d83339759b2
361,f1a3b8b13e9401c0 59c231f8fd21260c 48a76e3aff69d605 4b05967001421eab 1d12acf7349196b0 ae94d8435a6847f4 bf973f9ec3600199 404031ab9d5977c4 5c4b7558c942a224 4beacc71024f8b08 9b0e8cf8153e3b33 e6a29676c096f8e8 24e582daf6f87158 a0566ca9daca7778 4d32dae7b43c489a 8faeacf8ca08f62d 3c565c1fc2316d16 f48d0fbea7dc2782 24c47959ea77b15b 393f49286db04aeb a60934e6b473097a 522bd6887960c25d 3b6d27775fce1c7b 81b639b74256b45b 3e66b4855d0dddbe 47fbe21f5c35c7b4 64b31699d7d15934 b9d966ad9e04127a 0db6584e3bdfa1c4 c015590d6a6fe833
362,abf90e759d208468 81bd116c786bf9ae ae94d8435a6847f4 430feb4826a5632e 65fac1ba1840000f 393f49286db04aeb f25bfcffedaccf28 16b11706660177ff 50cb6a6c60ad711a 47fbe21f5c35c7b4 c1f2e3a76d388944 4d32dae7b43c489a f58ff7f1a6cde683 0db6584e3bdfa1c4 c015590d6a6fe833 a813c15b46ceaf68 24e582daf6f87158 702d8f1064ab3e30 4f915ad69e1dca36 4b29fc21f912754d 0a79fabc6f5d93c9 2e4b00c01d58e79e 73f770f2643a2135 74244a8703c03720 54a11cbcd7a32af4 855f2f0354e102c7 455fde214d16d350 4a5ac473c9d176ba 942a7d26d81c841f 4d954d933e606b70
363,5867d40811c0229f 48a76e3aff69d605 528161039994b4dc 24e582daf6f87158 0bcaac840d5e66d7 96445bec1579ec97 88b62355670ec8f8 a813c15b46ceaf68 feddfcf56818968e 5897953fdf87b60f 47fbe21f5c35c7b4 6a3919ad9ed8197e a2c35fdf07a13286 d5952b2e031c4e7e 8faeacf8ca08f62d 2e4b00c01d58e79e 3c565c1fc2316d16 ced9c56f2be86774 d63b7f083330247f 964a50d33717c26d f48d0fbea7dc2782 24c47959ea77b15b b24820ae14e16a24 9f4e0d572b1f4e6c 2394b08708475900 9fbffc521da97c54 4d32dae7b43c489a 57113c2a4cacd961 1d0f5fdc58e3efb5 f49e13a653cbdad2
364,4f2fffd7528de786 ae77487a89f2610c 9f4e0d572b1f4e6c 3c565c1fc2316d16 d92c0298f76ccf77 5b4c879fc9c316fb a492bd402afd5c71 5430097e23000368 447fc00f40d71d08 de8e1345e8c305c4 3e66b4855d0dddbe 7e4a4a1300b77a06 d0f6c00eec5eb973 db0e648651f4c92b c015590d6a6fe833 29bedd00fb2be056 a813c15b46ceaf68 bbbd5d2fd957e8f7 a2c35fdf07a13286 62431fd374eb99fb 4d9214c0925e5af8 0f4c71d341e2d939 f48d0fbea7dc2782 24c47959ea77b15b cc507a0d6fcf4a1c 54a11cbcd7a32af4 22dc81380cf4baec cea18be9a89d7a81 702d8f1064ab3e30 666bdff4faa513ca
365,0220a434aa8bf029 3d93a60f990a0a7c 0eb4de784c8dd679 46315cf30aaee51c 047769588be1aea9 a017f3358d5327aa 9c9a9d45c2ea7ddf 4d9214c0925e5af8 c810ac016901e8ac 36d33c41812ce7dc 238ec735a13a3f09 430feb4826a5632e e7828f0ea9749505 d64c06baf5ef1c90 8abe670908f12614 016da874bd04df55 52e459a551d4ac2d 65fac1ba1840000f c606425856952286 453bc79164d57a01 74244a8703c03720 b78189788d563693 61ba7707ef6a5a99 da904d2a54ff8cf2 d6ed7e4b14c51296 9b2adcf4041227d7 0688c790d5806540 853e36b1550c6274 b0bfe0f426275870 976baf0e84752a68
366,f25bfcffedaccf28 16b11706660177ff abf90e759d208468 393f49286db04aeb 0db6584e3bdfa1c4 5dd752753760ced8 65fac1ba1840000f 942a7d26d81c841f 24e582daf6f87158 3734d3b0b9232538 4d32dae7b43c489a 36d33c41812ce7dc c810ac016901e8ac 238ec735a13a3f09 7e4a4a1300b77a06 b05b5f6850cfa158 d46598813fb437e5 e7828f0ea9749505 5057551fc55e9ed2 3c565c1fc2316d16 d64c06baf5ef1c90 83f8aca6ee2caabc 52e459a551d4ac2d 2bafd15871caae91 453bc79164d57a01 3d93a60f990a0a7c 5430097e23000368 f48d0fbea7dc2782 cc861214a89ef1f4 24c47959ea77b15b
367,0eedb1a0d3b8ddae 0708923badf2ff5d 6ae470a7c9ec20fd b0e254dd420faee3 587e0b2a4811fab1 43b3338423d7386c 8a5635c748344d47 52370bea1acd0600 9a0f5ee4f845c9b2 0bcaac840d5e66d7 c28bc62802b90f82 702d8f1064ab3e30 3986b68500d7704b 3fa57d488e979d74 ff88049e61f0f4ef e0269da736ddf004 bd713b37b67866c3 fd30682593995748 2a06f5614060e3b6 e25a1da6ca187350 4d7653ea9499eed4 734dabb98795c35c 942a7d26d81c841f bd0f175ee98c613e ae94d8435a6847f4 b6d0f83aad4e4dc7 b24820ae14e16a24 622f2e4119882c94 4b8c7061102517ef 39f6296778264878
368,63d509cd2a2e0e47 3e66b4855d0dddbe e8ad5e31484ef889 07be6a290720707d 1398b478b71773ed bf3ccaba4a3450a8 bf973f9ec3600199 8dedff0a79784abc 3c565c1fc2316d16 680bb5c5c3bb6ee1 5b4c879fc9c316fb f48d0fbea7dc2782 24c47959ea77b15b d46598813fb437e5 cc507a0d6fcf4a1c a76ffccd2f5df1a7 62431fd374eb99fb 0f4c71d341e2d939 ddf332f2b55a2a23 cea18be9a89d7a81 a853f13216170123 4d954d933e606b70 4f2fffd7528de786 b6e72edcad270be0 7155e5a86136eb02 4b29fc21f912754d 486dd77002936dec 172bc0ee09332ae9 2e031d83339759b2 666bdff4faa513ca
369,204ec91c39d1479d cc2cc23a98c14c33 8faeacf8ca08f62d 1d0f5fdc58e3efb5 95ecdbff44ad0b60 3cb6b40d377e7ca8 8abe670908f12614 c5830f9d0f1e29e5 a2805ed52b47b8ec b6e646c13d0753ae 3e8e56f639a5db5b 9a0f5ee4f845c9b2 0bcaac840d5e66d7 c28bc62802b90f82 702d8f1064ab3e30 3986b68500d7704b bd0f175ee98c613e 3fa57d488e979d74 ae94d8435a6847f4 e0269da736ddf004 bd713b37b67866c3 942a7d26d81c841f 0708923badf2ff5d fd30682593995748 2a06f5614060e3b6 39f6296778264878 ff88049e61f0f4ef 52370bea1acd0600 b6d0f83aad4e4dc7 47fbe21f5c35c7b4
370,95d25d38ba7df9c7 9fda36f260eec24e 20db73cf07a45f71 42bb83d7c4b9ecae 05e4165a56bf50eb 377c1150c781e37a 7ee52d2519eea367 b6a1c97f19af78d0 4d32dae7b43c489a 24e582daf6f87158 54a11cbcd7a32af4 47fbe21f5c35c7b4 ac9ee0c09b538140 8faeacf8ca08f62d 4bed80e56ea2e099 e4a7a996ed6a5a81 3c565c1fc2316d16 4f915ad69e1dca36 4b29fc21f912754d 522bd6887960c25d 81bd116c786bf9ae a860b682add9de1c 8643165b0f53df11 64b31699d7d15934 b9d966ad9e04127a c015590d6a6fe833 393f49286db04aeb a60934e6b473097a 4d954d933e606b70 0a79fabc6f5d93c9
371,0cd920bad11c716d f28fb3d9880c5d4c a677c3a76055a6d2 22e8d6734e4121ae fc8971756f9ec194 42c9b72cc77dcb28 5430097e23000368 b84b6c0b2e4d0306 54a11cbcd7a32af4 bee46c54461925d0 34a62e66e05f9a44 d5952b2e031c4e7e da7d3c2d591c4295 e36475c1af5ea3ab 0eedb1a0d3b8ddae 98dbd15aa33ebc18 eff60ceea8817dad b05b5f6850cfa158 c810ac016901e8ac 36d33c41812ce7dc 238ec735a13a3f09 7e4a4a1300b77a06 e7828f0ea9749505 5057551fc55e9ed2 d64c06baf5ef1c90 83f8aca6ee2caabc 52e459a551d4ac2d 2bafd15871caae91 453bc79164d57a01 3d93a60f990a0a7c
372,8b7c486a910dd004 cec2eea2a1fe566a 1f423f368aebf7f3 c05f45f86d0771d5 36d33c41812ce7dc c810ac016901e8ac 025a148c3a53bd9f 016da874bd04df55 316382267dcd804f 9100ea6cd0e084bf a14394322cf7043d 74244a8703c03720 d64c06baf5ef1c90 83f8aca6ee2caabc c6b615b2589e036d 27a12f29dceccdbd 453bc79164d57a01 b6cdb608f640e038 bd0f175ee98c613e 18b1d2d84c97a364 2820628e65a062e2 39f6296778264878 a04d6febd82a4389 2e44fbb8bc3d8d71 095bb1b6ecbd0a50 c03b11a0cdc3fa39 b3e75fdca5ca2f1a 39075e303166355e 1f4f62844c3cb99c bed3e73d52011f68
373,dc17b07476183764 f05fa5f57dc03e81 acf5cb026b3c4551 c03b11a0cdc3fa39 e36475c1af5ea3ab bc2ae5f4e5d53e00 b24820ae14e16a24 0195950ce0f47e34 a9dad59c7055b56c 486dd77002936dec 00d9eb862ba3dfc6 5430097e23000368 1d0f5fdc58e3efb5 5dd752753760ced8 95ecdbff44ad0b60 0a79fabc6f5d93c9 e1460af4a7044067 e228204ae08d1355 e878efab7c37179e 9269d2b0d877352d 1a05ef8c93af8eed a492bd402afd5c71 828f5dfbbf1272ee fb2ebcb5335ad2e2 96e82fa141db9a4b 3b6d27775fce1c7b 5c8c6d9a1fd4c1e0 eab15ee21e126f6a 9c9a9d45c2ea7ddf b84b6c0b2e4d0306
374,c1f2e3a76d388944 cc0c9419f8a20603 1d0f5fdc58e3efb5 95ecdbff44ad0b60 3cb6b40d377e7ca8 8faeacf8ca08f62d c5830f9d0f1e29e5 a2805ed52b47b8ec b6e646c13d0753ae 6899956cd6c683f0 3e8e56f639a5db5b 8abe670908f12614 a853f13216170123 f25bfcffedaccf28 4d32dae7b43c489a ec1b3d7ccd3984d0 16b11706660177ff f76f44d372517a9a c810ac016901e8ac 36d33c41812ce7dc 238ec735a13a3f09 7e4a4a1300b77a06 d216e5458ad70e60 9cf6709de35bf0f3 01b3da54ffb158a0 b1dcaca98bb76736 3c565c1fc2316d16 8e0cc5199a0ee659 e7828f0ea9749505 5057551fc55e9ed2
375,3b6d27775fce1c7b a860b682add9de1c e1460af4a7044067 1d0f5fdc58e3efb5 e228204ae08d1355 e878efab7c37179e 9269d2b0d877352d 1a05ef8c93af8eed a492bd402afd5c71 828f5dfbbf1272ee fb2ebcb5335ad2e2 96e82fa141db9a4b 5c8c6d9a1fd4c1e0 24e582daf6f87158 a2c35fdf07a13286 eab15ee21e126f6a 366a22fce0614fb8 c36c2dce0e6e434f 95ecdbff44ad0b60 148ac4a56a18844d 4d7653ea9499eed4 48cf88c17ff38c5e ddb3810e0289c148 de8e1345e8c305c4 877672967d3f70bb 587e0b2a4811fab1 26140b225c4f8d3f bf973f9ec3600199 4f2fffd7528de786 d980375fbd40c75f
376,00e1e2eb13f650e4 428f9363fa35882d 63d509cd2a2e0e47 a65e30106ea50423 e8ad5e31484ef889 07be6a290720707d 58654e3143c6550b ced9c56f2be86774 1398b478b71773ed 3e66b4855d0dddbe bf973f9ec3600199 8dedff0a79784abc bf3ccaba4a3450a8 5430097e23000368 96e82fa141db9a4b 3734d3b0b9232538 62431fd374eb99fb 9cf6709de35bf0f3 99e833818ec4bbf2 f29eee8054c061e1 133b04350c75770b 9f3d2ca16f358290 6406fcdb7d87b5dc 9269d2b0d877352d e22c35101e190db9 48f93f9c2c699e19 069e7e25e43deab3 4491016efed845f1 29bedd00fb2be056 9113e9dc940fb287
377,0772e3ab293a1f30 fa173131f15f5534 4d32dae7b43c489a 01b3da54ffb158a0 d7d937303a6d5a9d 88b62355670ec8f8 a65e30106ea50423 061f3e1feeaa3094 dc12cc503ac0eddb db7342eff9200020 a5d5ba33b5b1dc95 01e5a6edcee7deb0 65ad9c583823162d 65708d542bd01f39 0647acc4602d4e8f 99e833818ec4bbf2 29968e8fd13539f8 43b3338423d7386c f209d29f991432f0 f49e13a653cbdad2 22756be6fd061d4c aa0789b403bcd839 bc2ae5f4e5d53e00 87c5481930cfe126 e6a29676c096f8e8 1c3b74a02a86467d 4e966bb2768c2b8a 387e9cd2e5d4ea7d 1efd7bd8a34a1359 95166957b2c38794
378,f76f44d372517a9a f2e30efbd27bee51 9cf6709de35bf0f3 c5830f9d0f1e29e5 430feb4826a5632e f44f74b3451aa593 db69d4cbfef8d22f 3734d3b0b9232538 bc2ae5f4e5d53e00 a9dad59c7055b56c 8faeacf8ca08f62d 1d0f5fdc58e3efb5 95ecdbff44ad0b60 3cb6b40d377e7ca8 8abe670908f12614 a2805ed52b47b8ec b6e646c13d0753ae c810ac016901e8ac 36d33c41812ce7dc 238ec735a13a3f09 7e4a4a1300b77a06 e7828f0ea9749505 5057551fc55e9ed2 d64c06baf5ef1c90 83f8aca6ee2caabc 3e8e56f639a5db5b 52e459a551d4ac2d 2bafd15871caae91 453bc79164d57a01 3d93a60f990a0a7c
379,54a11cbcd7a32af4 b84b6c0b2e4d0306 419b5dc40744fb9b bb7515be835dea49 3e8e56f639a5db5b 0add47a043c64d7f 42bb83d7c4b9ecae 22dc81380cf4baec eab15ee21e126f6a a2805ed52b47b8ec d3c4a7db726191e0 d5952b2e031c4e7e 061f3e1feeaa3094 97d696011258825c b05b5f6850cfa158 eff60ceea8817dad bd0f175ee98c613e f49e13a653cbdad2 88b62355670ec8f8 d16da1fb61813db9 b6e646c13d0753ae a04d6febd82a4389 34a62e66e05f9a44 01b3da54ffb158a0 95ecdbff44ad0b60 b26d8664feb18c8c 095bb1b6ecbd0a50 6899956cd6c683f0 3cb6b40d377e7ca8 01e5a6edcee7deb0
380,0c15f252d30646fc 1d0f5fdc58e3efb5 9c9ebf71707d7a37 e8b87ed7db1bcb1f a60934e6b473097a 49b5678e0d1e5bcd 2359719a0f40ffac eab15ee21e126f6a d1e21234d7cc61d2 bf3ccaba4a3450a8 f2e30efbd27bee51 0220a434aa8bf029 4d29c6922b2d0d56 c015590d6a6fe833 c1f2e3a76d388944 b84b6c0b2e4d0306 54a11cbcd7a32af4 a017f3358d5327aa 34a62e66e05f9a44 d5952b2e031c4e7e 8faeacf8ca08f62d 95ecdbff44ad0b60 3cb6b40d377e7ca8 8abe670908f12614 c5830f9d0f1e29e5 a2805ed52b47b8ec b05b5f6850cfa158 b6e646c13d0753ae 36d33c41812ce7dc c810ac016901e8ac
381,c810ac016901e8ac 36d33c41812ce7dc d64c06baf5ef1c90 453bc79164d57a01 83f8aca6ee2caabc 238ec735a13a3f09 e7828f0ea9749505 3d93a60f990a0a7c 7e4a4a1300b77a06 2bafd15871caae91 b8e2f75014710ced cc861214a89ef1f4 5057551fc55e9ed2 2dd12c230ab22555 f28fb3d9880c5d4c 976baf0e84752a68 a677c3a76055a6d2 e5fb8dc5c9cb4a19 74244a8703c03720 0c2eeab1e4ce1db8 8b7c486a910dd004 5430097e23000368 d72363ddd958d906 52e459a551d4ac2d cba7e22bb383083a 27a12f29dceccdbd 42c9b72cc77dcb28 6e1b6b53c9710940 61ba7707ef6a5a99 059bbdbdb843af6a
382,fd30682593995748 64907c4568244eb4 2b48ab08c915c0ad 0b774cf90856c4da d72363ddd958d906 00ff646ca6637bd7 9d5edf3b993fee50 fc8971756f9ec194 00d9f8d3f7d412b3 83f8aca6ee2caabc a1314cd417504572 453bc79164d57a01 c810ac016901e8ac 36d33c41812ce7dc 120e745e2961b5d5 025a148c3a53bd9f 016da874bd04df55 d64c06baf5ef1c90 316382267dcd804f 9100ea6cd0e084bf a14394322cf7043d 537a55eda51a3f60 74244a8703c03720 c6b615b2589e036d 27a12f29dceccdbd a84cd36608cb8665 b6cdb608f640e038 bd0f175ee98c613e 18b1d2d84c97a364 e7828f0ea9749505
383,c14d5b16840d3032 486dd77002936dec d73a65673e3f1d78 128d583954b18074 0eedb1a0d3b8ddae 52370bea1acd0600 4d7653ea9499eed4 9a0f5ee4f845c9b2 0bcaac840d5e66d7 c28bc62802b90f82 702d8f1064ab3e30 3986b68500d7704b ff88049e61f0f4ef e0269da736ddf004 bd713b37b67866c3 fd30682593995748 2a06f5614060e3b6 39f6296778264878 e25a1da6ca187350 3fa57d488e979d74 e7cad3748e50b0f8 0708923badf2ff5d 734dabb98795c35c 942a7d26d81c841f bd0f175ee98c613e ae94d8435a6847f4 b6d0f83aad4e4dc7 b24820ae14e16a24 622f2e4119882c94 47fbe21f5c35c7b4
384,52370bea1acd0600 0451447dd64f6284 a60934e6b473097a 285657fcdf89f00d c1f2e3a76d388944 24e582daf6f87158 047769588be1aea9 a65e30106ea50423 3a6e7894dde31c67 3b6d27775fce1c7b c015590d6a6fe833 b6a1c97f19af78d0 eab15ee21e126f6a 8dedff0a79784abc 58654e3143c6550b ced9c56f2be86774 d1e21234d7cc61d2 4f915ad69e1dca36 3b4a85bac6ead3c8 b84b6c0b2e4d0306 28a2067685cb3e97 b2ee9eea2d974c90 50cb6a6c60ad711a 48cf88c17ff38c5e 0f33ce8d8014f308 2e79d45ba4d1540d e9c20b67a4c5395f f29eee8054c061e1 0a79fabc6f5d93c9 133b04350c75770b
385,66ccd03c9e03ac06 07be6a290720707d f76f44d372517a9a c5830f9d0f1e29e5 f2e30efbd27bee51 db69d4cbfef8d22f 9cf6709de35bf0f3 8faeacf8ca08f62d 7155e5a86136eb02 589ef345cb2dccfc 1d0f5fdc58e3efb5 a292248bb2bffb3d abf90e759d208468 eec6b281e236b500 f44f74b3451aa593 8fc68213b63951dc f25bfcffedaccf28 6c017e548aa138f2 4d32dae7b43c489a ec1b3d7ccd3984d0 095bb1b6ecbd0a50 16b11706660177ff 54f55c74d37db3c0 3cb6b40d377e7ca8 b3e75fdca5ca2f1a 3734d3b0b9232538 528161039994b4dc 01b3da54ffb158a0 bed3e73d52011f68 09660f466b38b7ba
386,1fe79c7de59ff6c6 0add47a043c64d7f 63d509cd2a2e0e47 522bd6887960c25d fd30682593995748 428f9363fa35882d e8ad5e31484ef889 07be6a290720707d e25a1da6ca187350 bf973f9ec3600199 ca4de5b8a7bda9df c1f2e3a76d388944 3e66b4855d0dddbe ba5199dba342af68 1398b478b71773ed e8b87ed7db1bcb1f bf3ccaba4a3450a8 8dedff0a79784abc 83b911ff0ff45844 d1e21234d7cc61d2 e403278468d84383 3c0873ce078d332b 1dc7139adba034ec 430feb4826a5632e 1d0f5fdc58e3efb5 061f3e1feeaa3094 680bb5c5c3bb6ee1 01b3da54ffb158a0 bc2ae5f4e5d53e00 54a11cbcd7a32af4
387,0d0368139e9a647f 72403ecdfe02bba6 f2234bb7ce0c6f59 05f23e7d05dbf7c2 0fbd0f422e926816 70776cdd9bb3b7d4 00140806971e7a73 387e9cd2e5d4ea7d 73391e0853c1e040 5b16bae6a0de7c88 b6d0f83aad4e4dc7 09660f466b38b7ba d35e11d3d1ab3c67 a9eef13786610446 abf90e759d208468 ba5199dba342af68 b749972436ac9791 46b99f864d6a075a 9d5edf3b993fee50 c08c3765ac609cc0 63d95d5977c2fe98 01020d1b0821f4c7 f705b637f624147e 8d58da0e1800dc96 f9c6286cff30aaa8 b29ab87af6ea6310 26fc2a95df5659c2 316382267dcd804f e7cad3748e50b0f8 ffc688c4c1c2a068
388,09bbaa171c20bae3 ec1b3d7ccd3984d0 0a79fabc6f5d93c9 27bc34b9887bec0d a292248bb2bffb3d e7cad3748e50b0f8 9f4e0d572b1f4e6c 3cb6b40d377e7ca8 e22c35101e190db9 48f93f9c2c699e19 486dd77002936dec 095bb1b6ecbd0a50 25145708d494530b 061f3e1feeaa3094 01b3da54ffb158a0 de8e1345e8c305c4 4d9214c0925e5af8 90ecb28f2edb9d43 45630e1451157ff3 f25bfcffedaccf28 6c017e548aa138f2 0f4c71d341e2d939 4d32dae7b43c489a 16b11706660177ff b26d8664feb18c8c 54f55c74d37db3c0 8699cc5dd4159b69 8faeacf8ca08f62d a813c15b46ceaf68 33856365c271aea4
389,1d0f5fdc58e3efb5 d216e5458ad70e60 828f5dfbbf1272ee fb2ebcb5335ad2e2 e1460af4a7044067 eab15ee21e126f6a 95ecdbff44ad0b60 9269d2b0d877352d 877672967d3f70bb bf973f9ec3600199 96e82fa141db9a4b d16da1fb61813db9 366a22fce0614fb8 95d25d38ba7df9c7 5ebb4d2f5f1c1f13 e228204ae08d1355 26140b225c4f8d3f e878efab7c37179e a860b682add9de1c 4f2fffd7528de786 1a05ef8c93af8eed 133b04350c75770b a492bd402afd5c71 e740c80fce094788 3b6d27775fce1c7b 5c8c6d9a1fd4c1e0 bc2ae5f4e5d53e00 c36c2dce0e6e434f 8566d15270eb5e83 72c2a95813ea72bd
390,47fbe21f5c35c7b4 22756be6fd061d4c eff60ceea8817dad dc17b07476183764 ae000f9d0b5e104e e7cad3748e50b0f8 73f770f2643a2135 538c7bb968b2154c ce0f56b7190c268a d3c4a7db726191e0 b26d8664feb18c8c f29eee8054c061e1 01ecc81f6341e902 a2805ed52b47b8ec acf5cb026b3c4551 97d696011258825c 455fde214d16d350 a18df74d3a16e9c0 cc0c9419f8a20603 5879096a38d69fc5 07d688f5e2142b87 486dd77002936dec 36d33c41812ce7dc c810ac016901e8ac 238ec735a13a3f09 7e4a4a1300b77a06 f2b5098ac9c92da9 e7828f0ea9749505 5057551fc55e9ed2 d64c06baf5ef1c90
391,bfb8032f2183d471 7c98dedd223b36c0 bee46c54461925d0 4577ae048ef1967d b2ee9eea2d974c90 6204e398d8c7f888 4bed80e56ea2e099 83f8f2fc471cad74 2e4b00c01d58e79e 419b5dc40744fb9b 8643165b0f53df11 57113c2a4cacd961 4535ce2e3dced00f 050544c040f46152 4491016efed845f1 b1dcaca98bb76736 e228204ae08d1355 702d8f1064ab3e30 96e82fa141db9a4b 5c8c6d9a1fd4c1e0 3e66b4855d0dddbe eab15ee21e126f6a 366a22fce0614fb8 77e2f7da1f9d3a8f 0db6584e3bdfa1c4 f44f74b3451aa593 95ecdbff44ad0b60 6a3919ad9ed8197e ce2fe99a7cda4a17 e8b87ed7db1bcb1f
392,10ad13170242ecae 4a5ac473c9d176ba 5570ef88d970e9b4 f25bfcffedaccf28 e7dd56376be2cf1c 16b11706660177ff 0add47a043c64d7f 7f95168400948588 2cebd52b41930f0a 45bd99d5d2eef776 b05b5f6850cfa158 72b80b099fd64ec4 52aa48c07b34dc88 19e8f436d4b2fc25 6899956cd6c683f0 b84b6c0b2e4d0306 c015590d6a6fe833 c11b97f245a9dfd0 cc0c9419f8a20603 ca43e349133fc0e3 5547f9f1638ac345 54a11cbcd7a32af4 92f42fbd0c38f7fd 061f3e1feeaa3094 40583079f57235a6 1d72229ebcc00faf a860b682add9de1c a60934e6b473097a 43c354dbf952caaa ebfda3b48083e390
393,3d6880bd12f6613f 9100ea6cd0e084bf b9d966ad9e04127a 45bd99d5d2eef776 5430097e23000368 fc21db75b354a917 9c9a9d45c2ea7ddf ae000f9d0b5e104e 5b4c879fc9c316fb ce0f56b7190c268a e8684734f2e587bd cea18be9a89d7a81 26140b225c4f8d3f 133b04350c75770b 1a05ef8c93af8eed c36c2dce0e6e434f 0688c790d5806540 0f33ce8d8014f308 061f3e1feeaa3094 f105a53e5cfae611 e740c80fce094788 0e45c4c185f35df6 a04d6febd82a4389 1d0f5fdc58e3efb5 095bb1b6ecbd0a50 666bdff4faa513ca cc0c9419f8a20603 54a11cbcd7a32af4 81b7c7e312bfa1a0 28a2067685cb3e97
394,d216e5458ad70e60 6a9aa1bd93e36e66 a5f55580081236f4 07f22a7ad7e4711d 6406fcdb7d87b5dc 1dc7139adba034ec eab15ee21e126f6a e8ad5e31484ef889 7155e5a86136eb02 a60934e6b473097a fb8bd6b95eb4702a af41e2b6da3e7e02 65ad9c583823162d 65708d542bd01f39 73f770f2643a2135 3a6e7894dde31c67 b69ce8b8154645f8 3ca7964973437917 52aa48c07b34dc88 5ebb4d2f5f1c1f13 29bedd00fb2be056 ebfda3b48083e390 a52df8083c238c46 622f2e4119882c94 b3ad55963554f220 413c55a5ab86881a d5952b2e031c4e7e b6e646c13d0753ae d63b7f083330247f a292248bb2bffb3d
395,da904d2a54ff8cf2 5bf89d11a25121d9 00958a140c3a6de8 4483bbdd3241f11a 7d83ffe83f61bdc4 8abe670908f12614 bbbd5d2fd957e8f7 5430097e23000368 c810ac016901e8ac 36d33c41812ce7dc 238ec735a13a3f09 7e4a4a1300b77a06 197fa50b30d91fe8 e7828f0ea9749505 5057551fc55e9ed2 d64c06baf5ef1c90 83f8aca6ee2caabc 52e459a551d4ac2d 2bafd15871caae91 453bc79164d57a01 3d93a60f990a0a7c cc861214a89ef1f4 af8e70f978cd5aee 61ba7707ef6a5a99 2dd12c230ab22555 c05f45f86d0771d5 6461a9faa871b3ac db0e648651f4c92b 00d9f8d3f7d412b3 f28fb3d9880c5d4c
396,0e45c4c185f35df6 9cf6709de35bf0f3 a60934e6b473097a 81b639b74256b45b 24e582daf6f87158 48a76e3aff69d605 e22c35101e190db9 a860b682add9de1c 2e031d83339759b2 8faeacf8ca08f62d d3c4a7db726191e0 4d32dae7b43c489a 9f3d2ca16f358290 ec1b3d7ccd3984d0 16b11706660177ff f76f44d372517a9a a982b5c3aed39396 9a0f5ee4f845c9b2 3b4a85bac6ead3c8 a292248bb2bffb3d 3c565c1fc2316d16 d216e5458ad70e60 eec6b281e236b500 8fc68213b63951dc 1d0f5fdc58e3efb5 7155e5a86136eb02 d7d937303a6d5a9d 66ccd03c9e03ac06 f48d0fbea7dc2782 24c47959ea77b15b
397,e403278468d84383 7155e5a86136eb02 ec1b3d7ccd3984d0 3a6e7894dde31c67 d216e5458ad70e60 e22c35101e190db9 48f93f9c2c699e19 27bc34b9887bec0d 25145708d494530b 3d6880bd12f6613f 0a79fabc6f5d93c9 3cb6b40d377e7ca8 03dfe518713e006c 09bbaa171c20bae3 34a62e66e05f9a44 8699cc5dd4159b69 da7d3c2d591c4295 fb8bd6b95eb4702a 9b2adcf4041227d7 d63b7f083330247f e8684734f2e587bd 45630e1451157ff3 4fe9e4e55585ba4b 3ca7964973437917 8bf446c0455e3c5c 60a070db9f1869b5 0195950ce0f47e34 a292248bb2bffb3d d5952b2e031c4e7e b6e646c13d0753ae
398,43b3338423d7386c 8a5635c748344d47 5430097e23000368 cc0c9419f8a20603 36d33c41812ce7dc c810ac016901e8ac 238ec735a13a3f09 7e4a4a1300b77a06 e7828f0ea9749505 5057551fc55e9ed2 d64c06baf5ef1c90 83f8aca6ee2caabc 52e459a551d4ac2d 2bafd15871caae91 453bc79164d57a01 3d93a60f990a0a7c cc861214a89ef1f4 af8e70f978cd5aee 61ba7707ef6a5a99 2dd12c230ab22555 da904d2a54ff8cf2 c05f45f86d0771d5 6461a9faa871b3ac db0e648651f4c92b 00d9f8d3f7d412b3 f28fb3d9880c5d4c ee3ed9a3f51336cd d6ed7e4b14c51296 9b2adcf4041227d7 cba7e22bb383083a
399,976baf0e84752a68 1a8e5d6512d9e2d8 6461a9faa871b3ac 2820628e65a062e2 ecb768ef6fd223ca 155600e5f1221f8c 628accd9be98503c 190ab585fd379f0f bd9cd6b87a4fe0ce 7cea1f637ea3f37d f48d0fbea7dc2782 74873b42602d8958 8abe670908f12614 4d29c6922b2d0d56 5c4b7558c942a224 b0b5e62a93a2c37c 8faeacf8ca08f62d 24e582daf6f87158 4d32dae7b43c489a 3c565c1fc2316d16 1d0f5fdc58e3efb5 24c47959ea77b15b 393f49286db04aeb a60934e6b473097a 522bd6887960c25d 3b6d27775fce1c7b 81b639b74256b45b 3e66b4855d0dddbe 47fbe21f5c35c7b4 64b31699d7d15934
400,f705b637f624147e c08c3765ac609cc0 74e59c5820900b17 5b34da30b93eb123 b749972436ac9791 a9eef13786610446 ffc688c4c1c2a068 44d324ebd3e22ad7 4d417b203b333363 2359719a0f40ffac 05f23e7d05dbf7c2 bed3e73d52011f68 f46601a9955f9949 dac29ed8400b50cc 2810fb6f81d1711c 8d58da0e1800dc96 6d80d2e62d01f6bc e14a893f1918277e 0eafda717681bbdc 00140806971e7a73 e7cad3748e50b0f8 65fac1ba1840000f 2a06f5614060e3b6 54f55c74d37db3c0 0fbd0f422e926816 f2234bb7ce0c6f59 3ca7964973437917 63d95d5977c2fe98 42a5cae2a3a45557 050544c040f46152
401,05f23e7d05dbf7c2 f705b637f624147e c08c3765ac609cc0 f2234bb7ce0c6f59 0fbd0f422e926816 b749972436ac9791 a9eef13786610446 0d0368139e9a647f 8d58da0e1800dc96 74e59c5820900b17 5b34da30b93eb123 72403ecdfe02bba6 00140806971e7a73 e7cad3748e50b0f8 63d95d5977c2fe98 73391e0853c1e040 b6d0f83aad4e4dc7 ffc688c4c1c2a068 5b16bae6a0de7c88 44d324ebd3e22ad7 4d417b203b333363 2359719a0f40ffac 387e9cd2e5d4ea7d bed3e73d52011f68 70776cdd9bb3b7d4 f46601a9955f9949 4a5ac473c9d176ba dac29ed8400b50cc 2810fb6f81d1711c abf90e759d208468
402,ae94d8435a6847f4 404031ab9d5977c4 bf973f9ec3600199 dc12cc503ac0eddb 3c565c1fc2316d16 bee46c54461925d0 59c231f8fd21260c 4beacc71024f8b08 9b0e8cf8153e3b33 5c4b7558c942a224 e6a29676c096f8e8 64b31699d7d15934 f48d0fbea7dc2782 24c47959ea77b15b 9b2adcf4041227d7 9f4e0d572b1f4e6c 24e582daf6f87158 8faeacf8ca08f62d 3e66b4855d0dddbe a76ffccd2f5df1a7 62431fd374eb99fb 0f4c71d341e2d939 a0566ca9daca7778 4d32dae7b43c489a a492bd402afd5c71 40583079f57235a6 4d29c6922b2d0d56 ddf332f2b55a2a23 98dbd15aa33ebc18 cea18be9a89d7a81
403,af41e2b6da3e7e02 1d0f5fdc58e3efb5 e740c80fce094788 dc17b07476183764 a853f13216170123 e1460af4a7044067 e228204ae08d1355 e878efab7c37179e 9269d2b0d877352d 1a05ef8c93af8eed a492bd402afd5c71 828f5dfbbf1272ee fb2ebcb5335ad2e2 96e82fa141db9a4b 3b6d27775fce1c7b 5c8c6d9a1fd4c1e0 eab15ee21e126f6a 366a22fce0614fb8 c36c2dce0e6e434f 95ecdbff44ad0b60 148ac4a56a18844d 4d7653ea9499eed4 48cf88c17ff38c5e 666bdff4faa513ca d1e21234d7cc61d2 0683b6a78f54be75 ddb3810e0289c148 de8e1345e8c305c4 877672967d3f70bb 587e0b2a4811fab1
404,72403ecdfe02bba6 46b99f864d6a075a f2234bb7ce0c6f59 0d0368139e9a647f 05f23e7d05dbf7c2 0fbd0f422e926816 73391e0853c1e040 5b16bae6a0de7c88 b6d0f83aad4e4dc7 387e9cd2e5d4ea7d 70776cdd9bb3b7d4 abf90e759d208468 09660f466b38b7ba d35e11d3d1ab3c67 b29ab87af6ea6310 26fc2a95df5659c2 63d95d5977c2fe98 316382267dcd804f 33856365c271aea4 01020d1b0821f4c7 8d58da0e1800dc96 f9c6286cff30aaa8 796888cc3443006c 00140806971e7a73 e7cad3748e50b0f8 a14394322cf7043d f58ff7f1a6cde683 9d5edf3b993fee50 64267373570e4ea3 3e8e56f639a5db5b
405,6e239f4dd4b6aed7 a292248bb2bffb3d fa173131f15f5534 05f23e7d05dbf7c2 4e966bb2768c2b8a c08c3765ac609cc0 f705b637f624147e 0fbd0f422e926816 f2234bb7ce0c6f59 b749972436ac9791 0d0368139e9a647f d1e21234d7cc61d2 a9eef13786610446 5b34da30b93eb123 72403ecdfe02bba6 8d58da0e1800dc96 74e59c5820900b17 00140806971e7a73 e7cad3748e50b0f8 54f55c74d37db3c0 6aac5e116b75aa22 73391e0853c1e040 5b16bae6a0de7c88 ffc688c4c1c2a068 ac9ee0c09b538140 b6d0f83aad4e4dc7 63d95d5977c2fe98 09660f466b38b7ba bed3e73d52011f68 f46601a9955f9949
406,43b3338423d7386c 8a5635c748344d47 d6ed7e4b14c51296 351c9da399c2b915 5bf89d11a25121d9 1d0f5fdc58e3efb5 061f3e1feeaa3094 a04d6febd82a4389 095bb1b6ecbd0a50 54a11cbcd7a32af4 b26d8664feb18c8c 01b3da54ffb158a0 bb7515be835dea49 42bb83d7c4b9ecae 22dc81380cf4baec 33856365c271aea4 40583079f57235a6 95d25d38ba7df9c7 522bd6887960c25d 538c7bb968b2154c 0add47a043c64d7f 828f5dfbbf1272ee 0b0021aa60d05daa fb2ebcb5335ad2e2 25145708d494530b fb8bd6b95eb4702a eab15ee21e126f6a 64b31699d7d15934 a017f3358d5327aa b9d966ad9e04127a
407,1ba7a50457e93996 898a4921ab9f4cce c810ac016901e8ac 36d33c41812ce7dc 025a148c3a53bd9f 016da874bd04df55 316382267dcd804f 9100ea6cd0e084bf a14394322cf7043d 74244a8703c03720 d216e5458ad70e60 d64c06baf5ef1c90 83f8aca6ee2caabc bf3ccaba4a3450a8 c6b615b2589e036d 27a12f29dceccdbd 453bc79164d57a01 b6cdb608f640e038 bd0f175ee98c613e 18b1d2d84c97a364 2820628e65a062e2 39f6296778264878 828f5dfbbf1272ee b84b6c0b2e4d0306 a04d6febd82a4389 2e44fbb8bc3d8d71 095bb1b6ecbd0a50 c03b11a0cdc3fa39 b3e75fdca5ca2f1a 39075e303166355e
408,26140b225c4f8d3f ae000f9d0b5e104e 48a76e3aff69d605 5c4b7558c942a224 a292248bb2bffb3d 40583079f57235a6 e6a29676c096f8e8 bee46c54461925d0 1f4f62844c3cb99c 1efd7bd8a34a1359 63d509cd2a2e0e47 95166957b2c38794 59c231f8fd21260c b3ad55963554f220 a0566ca9daca7778 c28bc62802b90f82 da7d3c2d591c4295 c015590d6a6fe833 a52df8083c238c46 e36475c1af5ea3ab cc861214a89ef1f4 98dbd15aa33ebc18 64b31699d7d15934 61ba7707ef6a5a99 eff60ceea8817dad e5fb8dc5c9cb4a19 3734d3b0b9232538 eec6b281e236b500 8fc68213b63951dc a04d6febd82a4389
409,919b1679fffa7ef1 892074f7c1ef5d5e ce8cb4351b8c0f6e 3b4a85bac6ead3c8 9ab90dfc5c9b0b37 28403e62105b00f6 7f29daa16b9b4cda f6d23cdd2359f7c0 b84b6c0b2e4d0306 54a11cbcd7a32af4 0eedb1a0d3b8ddae 04886579947a80c2 b05b5f6850cfa158 34a62e66e05f9a44 d5952b2e031c4e7e c810ac016901e8ac 36d33c41812ce7dc 238ec735a13a3f09 7e4a4a1300b77a06 e7828f0ea9749505 5057551fc55e9ed2 d64c06baf5ef1c90 83f8aca6ee2caabc 52e459a551d4ac2d 2bafd15871caae91 453bc79164d57a01 3d93a60f990a0a7c 5430097e23000368 cc861214a89ef1f4 af8e70f978cd5aee
410,a292248bb2bffb3d 40583079f57235a6 393f49286db04aeb 16b11706660177ff 65fac1ba1840000f 0db6584e3bdfa1c4 1f4f62844c3cb99c a52df8083c238c46 f25bfcffedaccf28 b3ad55963554f220 a04d6febd82a4389 942a7d26d81c841f abf90e759d208468 c28bc62802b90f82 d46598813fb437e5 64b31699d7d15934 d5805cdb9e8f0f48 bb7515be835dea49 095bb1b6ecbd0a50 8fc68213b63951dc ae94d8435a6847f4 22dc81380cf4baec 33856365c271aea4 39075e303166355e ffa9091747ae2466 6c017e548aa138f2 528161039994b4dc 8faeacf8ca08f62d 54f55c74d37db3c0 09660f466b38b7ba
411,70ebf53ced736fa4 28a2067685cb3e97 5f94b027039f4e48 dea5e9227fbbac29 a76ffccd2f5df1a7 da011b87595c1019 522bd6887960c25d 1d0f5fdc58e3efb5 c015590d6a6fe833 0451447dd64f6284 1efd7bd8a34a1359 f25bfcffedaccf28 8dedff0a79784abc ebfda3b48083e390 f209d29f991432f0 a60934e6b473097a 40583079f57235a6 c1f2e3a76d388944 24e582daf6f87158 2e4b00c01d58e79e e9c20b67a4c5395f b6e646c13d0753ae 58654e3143c6550b 4d7653ea9499eed4 c143c095983a65c2 387e9cd2e5d4ea7d 54a11cbcd7a32af4 b05b5f6850cfa158 3b6d27775fce1c7b 35488b3b8b781278
412,8faeacf8ca08f62d a5f55580081236f4 65254e0d209fd66e 00140806971e7a73 0d0368139e9a647f 005666aa098abe8e a9eef13786610446 ffc688c4c1c2a068 09660f466b38b7ba 5b34da30b93eb123 b760ebc5f25788d3 64b31699d7d15934 ffa9091747ae2466 a292248bb2bffb3d 24e582daf6f87158 40583079f57235a6 70776cdd9bb3b7d4 2a06f5614060e3b6 54a11cbcd7a32af4 dac29ed8400b50cc 72403ecdfe02bba6 393f49286db04aeb 636224e349e561bf 74e59c5820900b17 12af6a34778710db f2234bb7ce0c6f59 b749972436ac9791 05f23e7d05dbf7c2 5fb2d8e734956af0 47fbe21f5c35c7b4
413,4d32dae7b43c489a d7d937303a6d5a9d 1f4f62844c3cb99c 8faeacf8ca08f62d d6ed7e4b14c51296 a65e30106ea50423 a292248bb2bffb3d eec6b281e236b500 8fc68213b63951dc 5bf89d11a25121d9 351c9da399c2b915 d9885881381fd10a a5d5ba33b5b1dc95 d5805cdb9e8f0f48 01e5a6edcee7deb0 0647acc4602d4e8f 40583079f57235a6 29968e8fd13539f8 5ebb4d2f5f1c1f13 bed3e73d52011f68 702d8f1064ab3e30 8f578001f9d5f543 97d696011258825c 20d283a232dfd13c 01b3da54ffb158a0 b29ab87af6ea6310 26fc2a95df5659c2 ffa9091747ae2466 64b31699d7d15934 1c3b74a02a86467d
414,7c9248ed6224aa26 190ab585fd379f0f f1a3b8b13e9401c0 e7828f0ea9749505 5057551fc55e9ed2 83f8aca6ee2caabc 52e459a551d4ac2d 453bc79164d57a01 af8e70f978cd5aee 61ba7707ef6a5a99 da904d2a54ff8cf2 c05f45f86d0771d5 9c9a9d45c2ea7ddf 6461a9faa871b3ac 00d9f8d3f7d412b3 ee3ed9a3f51336cd d6ed7e4b14c51296 9b2adcf4041227d7 a1314cd417504572 22e8d6734e4121ae 4483bbdd3241f11a 8b7c486a910dd004 d72363ddd958d906 bc27d5dc9bab1c18 8df3f13d6af34cb3 b0b5e62a93a2c37c 9f27aa36c1ea793c cec2eea2a1fe566a 0b774cf90856c4da 628accd9be98503c
415,047769588be1aea9 0451447dd64f6284 36d33c41812ce7dc c810ac016901e8ac d64c06baf5ef1c90 83f8aca6ee2caabc 453bc79164d57a01 e7cad3748e50b0f8 025a148c3a53bd9f 016da874bd04df55 316382267dcd804f 9100ea6cd0e084bf a14394322cf7043d 74244a8703c03720 c6b615b2589e036d 27a12f29dceccdbd 1d0f5fdc58e3efb5 b6cdb608f640e038 bd0f175ee98c613e 18b1d2d84c97a364 2820628e65a062e2 238ec735a13a3f09 7e4a4a1300b77a06 39f6296778264878 e7828f0ea9749505 5057551fc55e9ed2 a04d6febd82a4389 a853f13216170123 2e44fbb8bc3d8d71 e740c80fce094788
416,f25bfcffedaccf28 16b11706660177ff 7f95168400948588 0add47a043c64d7f 72b80b099fd64ec4 2cebd52b41930f0a 45bd99d5d2eef776 b84b6c0b2e4d0306 6899956cd6c683f0 b05b5f6850cfa158 cc0c9419f8a20603 ca43e349133fc0e3 5547f9f1638ac345 92f42fbd0c38f7fd 52aa48c07b34dc88 19e8f436d4b2fc25 1d72229ebcc00faf c11b97f245a9dfd0 455fde214d16d350 43c354dbf952caaa a0566ca9daca7778 04886579947a80c2 d73a65673e3f1d78 128d583954b18074 ff88049e61f0f4ef 3fa57d488e979d74 e0269da736ddf004 3986b68500d7704b bd713b37b67866c3 fd30682593995748
417,0b0021aa60d05daa 64c2e323906b42d3 db7342eff9200020 0772e3ab293a1f30 fd57e641d06ebda7 3b4a85bac6ead3c8 e878efab7c37179e 5c8c6d9a1fd4c1e0 587e0b2a4811fab1 a292248bb2bffb3d eec6b281e236b500 8fc68213b63951dc e1460af4a7044067 1d0f5fdc58e3efb5 ec1b3d7ccd3984d0 16b11706660177ff f76f44d372517a9a e228204ae08d1355 9269d2b0d877352d 1a05ef8c93af8eed a492bd402afd5c71 828f5dfbbf1272ee d216e5458ad70e60 fb2ebcb5335ad2e2 96e82fa141db9a4b 3b6d27775fce1c7b 1f4f62844c3cb99c 9cf6709de35bf0f3 eab15ee21e126f6a bed3e73d52011f68
418,db7342eff9200020 16b11706660177ff f25bfcffedaccf28 abf90e759d208468 a292248bb2bffb3d 0772e3ab293a1f30 393f49286db04aeb 0db6584e3bdfa1c4 65fac1ba1840000f ec1b3d7ccd3984d0 f76f44d372517a9a d216e5458ad70e60 9cf6709de35bf0f3 942a7d26d81c841f d7d937303a6d5a9d eec6b281e236b500 8fc68213b63951dc e25a1da6ca187350 a65e30106ea50423 73f770f2643a2135 ad06e9eeea8eb4ea e878efab7c37179e 6204e398d8c7f888 d46598813fb437e5 a60934e6b473097a e22c35101e190db9 5c8c6d9a1fd4c1e0 ca4de5b8a7bda9df 81b639b74256b45b a5d5ba33b5b1dc95
419,a1314cd417504572 6ae470a7c9ec20fd 238ec735a13a3f09 e7828f0ea9749505 52e459a551d4ac2d 65fac1ba1840000f 6461a9faa871b3ac 00d9f8d3f7d412b3 ee3ed9a3f51336cd 7cea1f637ea3f37d 3cb6b40d377e7ca8 b05b5f6850cfa158 0e45c4c185f35df6 0eafda717681bbdc ec4ef2f727e7a03f de35d2410e916471 a492bd402afd5c71 72b80b099fd64ec4 fd30682593995748 50cb6a6c60ad711a da011b87595c1019 b26d8664feb18c8c 877672967d3f70bb 238de368bb05c0ec 8faeacf8ca08f62d 83b911ff0ff45844 83f8f2fc471cad74 c14d5b16840d3032 e403278468d84383 00d9eb862ba3dfc6
420,9cf6709de35bf0f3 ae94d8435a6847f4 430feb4826a5632e f76f44d372517a9a f2e30efbd27bee51 73f770f2643a2135 74244a8703c03720 c5830f9d0f1e29e5 702d8f1064ab3e30 54a11cbcd7a32af4 f58ff7f1a6cde683 f44f74b3451aa593 42bb83d7c4b9ecae 522bd6887960c25d 4d32dae7b43c489a 8faeacf8ca08f62d 3b4a85bac6ead3c8 061f3e1feeaa3094 64b31699d7d15934 b9d966ad9e04127a a04d6febd82a4389 c015590d6a6fe833 db69d4cbfef8d22f 3734d3b0b9232538 095bb1b6ecbd0a50 3c565c1fc2316d16 b26d8664feb18c8c b8e2f75014710ced 01b3da54ffb158a0 bd713b37b67866c3
421,b69ce8b8154645f8 955e465ce0788ea6 29bedd00fb2be056 a52df8083c238c46 622f2e4119882c94 73f770f2643a2135 af41e2b6da3e7e02 49224aca40e6e5e3 796888cc3443006c 59bf6d6df9146d60 65ad9c583823162d 853e36b1550c6274 d6bbbd6c4968075a 65708d542bd01f39 5fb2d8e734956af0 bf3ccaba4a3450a8 6a9aa1bd93e36e66 033d905aec273595 65d44c6393907290 ac9ee0c09b538140 5048a37f10cf2d91 01ecc81f6341e902 22756be6fd061d4c 34a62e66e05f9a44 52aa48c07b34dc88 5ebb4d2f5f1c1f13 6d80d2e62d01f6bc 486dd77002936dec 2394b08708475900 a982b5c3aed39396
422,b50b4e27b03c7b37 50ba507a268872e1 0cd920bad11c716d d64c7c3b658689f4 70776cdd9bb3b7d4 5057551fc55e9ed2 26f72a4eb15ea8c0 36d33c41812ce7dc c810ac016901e8ac 238ec735a13a3f09 7e4a4a1300b77a06 e7828f0ea9749505 64267373570e4ea3 d64c06baf5ef1c90 83f8aca6ee2caabc af8e70f978cd5aee 2dd12c230ab22555 6461a9faa871b3ac f28fb3d9880c5d4c ee3ed9a3f51336cd cba7e22bb383083a 95166957b2c38794 b8e2f75014710ced bbbd5d2fd957e8f7 976baf0e84752a68 a677c3a76055a6d2 22e8d6734e4121ae 0c2eeab1e4ce1db8 39075e303166355e 8b7c486a910dd004
423,4d29c6922b2d0d56 7d83ffe83f61bdc4 b8e2f75014710ced e5fb8dc5c9cb4a19 6e1b6b53c9710940 da904d2a54ff8cf2 8abe670908f12614 bbbd5d2fd957e8f7 4483bbdd3241f11a 9b0e8cf8153e3b33 0cd920bad11c716d 069e7e25e43deab3 f28fb3d9880c5d4c 2bafd15871caae91 a677c3a76055a6d2 fc8971756f9ec194 22e8d6734e4121ae 2dd12c230ab22555 42c9b72cc77dcb28 0c2eeab1e4ce1db8 0eedb1a0d3b8ddae f2b5098ac9c92da9 702d8f1064ab3e30 3986b68500d7704b 3fa57d488e979d74 ff88049e61f0f4ef c28bc62802b90f82 e0269da736ddf004 bd713b37b67866c3 fd30682593995748
424,95d25d38ba7df9c7 20db73cf07a45f71 e1460af4a7044067 486dd77002936dec 1d0f5fdc58e3efb5 e228204ae08d1355 e878efab7c37179e 9269d2b0d877352d 3cb6b40d377e7ca8 1a05ef8c93af8eed a492bd402afd5c71 828f5dfbbf1272ee fb2ebcb5335ad2e2 96e82fa141db9a4b 3b6d27775fce1c7b 5c8c6d9a1fd4c1e0 eab15ee21e126f6a 366a22fce0614fb8 52370bea1acd0600 c36c2dce0e6e434f 377c1150c781e37a 95ecdbff44ad0b60 148ac4a56a18844d 4d7653ea9499eed4 48cf88c17ff38c5e ddb3810e0289c148 de8e1345e8c305c4 877672967d3f70bb 587e0b2a4811fab1 42bb83d7c4b9ecae
425,00e1e2eb13f650e4 428f9363fa35882d a65e30106ea50423 58654e3143c6550b ced9c56f2be86774 8faeacf8ca08f62d 1d0f5fdc58e3efb5 95ecdbff44ad0b60 3cb6b40d377e7ca8 8abe670908f12614 c5830f9d0f1e29e5 a2805ed52b47b8ec b6e646c13d0753ae 3e8e56f639a5db5b 0eedb1a0d3b8ddae d73a65673e3f1d78 128d583954b18074 52370bea1acd0600 95166957b2c38794 4d7653ea9499eed4 9a0f5ee4f845c9b2 0bcaac840d5e66d7 c28bc62802b90f82 3986b68500d7704b 3fa57d488e979d74 ff88049e61f0f4ef e0269da736ddf004 bd713b37b67866c3 fd30682593995748 366a22fce0614fb8
426,b2ee9eea2d974c90 6204e398d8c7f888 83f8f2fc471cad74 7c98dedd223b36c0 2e4b00c01d58e79e 419b5dc40744fb9b bee46c54461925d0 4577ae048ef1967d 050544c040f46152 061f3e1feeaa3094 57113c2a4cacd961 4535ce2e3dced00f 453bc79164d57a01 bfb8032f2183d471 a04d6febd82a4389 4bed80e56ea2e099 095bb1b6ecbd0a50 54a11cbcd7a32af4 b05b5f6850cfa158 8643165b0f53df11 b26d8664feb18c8c 36d33c41812ce7dc c810ac016901e8ac 01b3da54ffb158a0 238ec735a13a3f09 7e4a4a1300b77a06 3e8e56f639a5db5b b6e646c13d0753ae e7828f0ea9749505 bb7515be835dea49
427,a60934e6b473097a eab15ee21e126f6a 24e582daf6f87158 bee46c54461925d0 4d32dae7b43c489a 8faeacf8ca08f62d da7d3c2d591c4295 3c565c1fc2316d16 e36475c1af5ea3ab f48d0fbea7dc2782 24c47959ea77b15b 393f49286db04aeb 98dbd15aa33ebc18 eff60ceea8817dad 522bd6887960c25d 3b6d27775fce1c7b 81b639b74256b45b 3e66b4855d0dddbe 47fbe21f5c35c7b4 64b31699d7d15934 b9d966ad9e04127a 0db6584e3bdfa1c4 c015590d6a6fe833 a76ffccd2f5df1a7 62431fd374eb99fb 0f4c71d341e2d939 54a11cbcd7a32af4 ddf332f2b55a2a23 cea18be9a89d7a81 48a76e3aff69d605
428,e1460af4a7044067 24e582daf6f87158 8dedff0a79784abc e9c20b67a4c5395f c143c095983a65c2 35488b3b8b781278 3b4a85bac6ead3c8 3b6d27775fce1c7b c015590d6a6fe833 b6a1c97f19af78d0 3a6e7894dde31c67 58654e3143c6550b ebfda3b48083e390 52370bea1acd0600 285657fcdf89f00d 98dbd15aa33ebc18 0f33ce8d8014f308 4f915ad69e1dca36 f25bfcffedaccf28 28a2067685cb3e97 50cb6a6c60ad711a 1d0f5fdc58e3efb5 0451447dd64f6284 d257d1fbcf43abd5 9b0e8cf8153e3b33 a60934e6b473097a 25a3b47fe31bc6b5 7c8324ce28ffb96e 5430097e23000368 70ebf53ced736fa4
429,393f49286db04aeb fc16a50ff0baec53 c015590d6a6fe833 b6e646c13d0753ae 50806199c80e215c 050544c040f46152 19b4014943e0ad92 395b26d91f98bd92 36d33c41812ce7dc c810ac016901e8ac 238ec735a13a3f09 7e4a4a1300b77a06 e7828f0ea9749505 5057551fc55e9ed2 d64c06baf5ef1c90 83f8aca6ee2caabc 52e459a551d4ac2d 2bafd15871caae91 453bc79164d57a01 3d93a60f990a0a7c 5430097e23000368 cc861214a89ef1f4 af8e70f978cd5aee 61ba7707ef6a5a99 2dd12c230ab22555 da904d2a54ff8cf2 c05f45f86d0771d5 6461a9faa871b3ac db0e648651f4c92b 00d9f8d3f7d412b3
430,919b1679fffa7ef1 28403e62105b00f6 9c9ebf71707d7a37 dc576af4ae66e25e ae000f9d0b5e104e b84b6c0b2e4d0306 54a11cbcd7a32af4 ba5199dba342af68 34a62e66e05f9a44 db0e648651f4c92b 585f4ee09d8fea46 0eb4de784c8dd679 d5952b2e031c4e7e 8faeacf8ca08f62d d1e21234d7cc61d2 3a6e7894dde31c67 3fa57d488e979d74 18ced18aee04c48e 387e9cd2e5d4ea7d 1d0f5fdc58e3efb5 0a79fabc6f5d93c9 95ecdbff44ad0b60 3cb6b40d377e7ca8 8abe670908f12614 c5830f9d0f1e29e5 0eedb1a0d3b8ddae 8a5635c748344d47 a2805ed52b47b8ec f6d23cdd2359f7c0 b6e646c13d0753ae
431,4a5ac473c9d176ba 10ad13170242ecae 5570ef88d970e9b4 e8ad5e31484ef889 e7dd56376be2cf1c e403278468d84383 3b4a85bac6ead3c8 bee46c54461925d0 da7d3c2d591c4295 e36475c1af5ea3ab 98dbd15aa33ebc18 eff60ceea8817dad 0a49074a4158155b b05b5f6850cfa158 0eedb1a0d3b8ddae 9a0f5ee4f845c9b2 0bcaac840d5e66d7 c28bc62802b90f82 2a06f5614060e3b6 702d8f1064ab3e30 3986b68500d7704b 3fa57d488e979d74 ff88049e61f0f4ef e0269da736ddf004 bd713b37b67866c3 4d7653ea9499eed4 942a7d26d81c841f bd0f175ee98c613e ae94d8435a6847f4 b6d0f83aad4e4dc7
432,120e745e2961b5d5 fc8971756f9ec194 64907c4568244eb4 2b48ab08c915c0ad fd30682593995748 b0b5e62a93a2c37c f28fb3d9880c5d4c 00ff646ca6637bd7 0b774cf90856c4da a677c3a76055a6d2 0c2eeab1e4ce1db8 9d5edf3b993fee50 00d9f8d3f7d412b3 42c9b72cc77dcb28 351c9da399c2b915 a1314cd417504572 d72363ddd958d906 2e44fbb8bc3d8d71 37001ade0df85823 2bafd15871caae91 2dd12c230ab22555 a84cd36608cb8665 7c9248ed6224aa26 e7828f0ea9749505 5057551fc55e9ed2 5dd752753760ced8 537a55eda51a3f60 83f8aca6ee2caabc 52e459a551d4ac2d 453bc79164d57a01
433,9f4e0d572b1f4e6c 4d9214c0925e5af8 3b4a85bac6ead3c8 d0f6c00eec5eb973 8a5635c748344d47 0a79fabc6f5d93c9 a492bd402afd5c71 cc861214a89ef1f4 d9885881381fd10a 9113e9dc940fb287 b0bfe0f426275870 af8e70f978cd5aee 48cf88c17ff38c5e 3c565c1fc2316d16 de8e1345e8c305c4 ae77487a89f2610c 81b7c7e312bfa1a0 d216e5458ad70e60 f48d0fbea7dc2782 24c47959ea77b15b dc12cc503ac0eddb 6a3919ad9ed8197e a9dad59c7055b56c 9b2adcf4041227d7 447fc00f40d71d08 404031ab9d5977c4 50806199c80e215c 238de368bb05c0ec fab14d178b24a67f 3e66b4855d0dddbe
434,828f5dfbbf1272ee f48d0fbea7dc2782 b3ad55963554f220 413c55a5ab86881a b84b6c0b2e4d0306 9100ea6cd0e084bf 047769588be1aea9 b0bfe0f426275870 34a62e66e05f9a44 83f8f2fc471cad74 ae77487a89f2610c acae1d29289b1266 3b4a85bac6ead3c8 ca43e349133fc0e3 65d44c6393907290 f29eee8054c061e1 83b911ff0ff45844 050544c040f46152 0451447dd64f6284 4d9214c0925e5af8 ebfda3b48083e390 52370bea1acd0600 07f22a7ad7e4711d a9223c28b10c131f d0f6c00eec5eb973 b6a1c97f19af78d0 238de368bb05c0ec af41e2b6da3e7e02 c810ac016901e8ac 36d33c41812ce7dc
435,0cd920bad11c716d 5570ef88d970e9b4 5430097e23000368 f28fb3d9880c5d4c ec1b3d7ccd3984d0 9b2adcf4041227d7 a677c3a76055a6d2 fc8971756f9ec194 22e8d6734e4121ae ff88049e61f0f4ef 42c9b72cc77dcb28 e22c35101e190db9 48f93f9c2c699e19 27bc34b9887bec0d 25145708d494530b 3d6880bd12f6613f 0a79fabc6f5d93c9 3cb6b40d377e7ca8 03dfe518713e006c c015590d6a6fe833 09bbaa171c20bae3 34a62e66e05f9a44 8699cc5dd4159b69 387e9cd2e5d4ea7d 7155e5a86136eb02 45630e1451157ff3 4fe9e4e55585ba4b 9c9a9d45c2ea7ddf ae000f9d0b5e104e 95166957b2c38794
436,5897953fdf87b60f dc17b07476183764 7eec211cc37a1b05 0c15f252d30646fc 9c9ebf71707d7a37 8e83d05923cde390 1dc7139adba034ec a0b1f4dd32f3e278 72c2a95813ea72bd d1e21234d7cc61d2 6aac5e116b75aa22 9fbffc521da97c54 106204cd0e07e1b2 3e8e56f639a5db5b 069e7e25e43deab3 3734d3b0b9232538 4e966bb2768c2b8a 249bf372159f33e9 c03b11a0cdc3fa39 8faeacf8ca08f62d 765c0695339c3abe 5430097e23000368 d73a65673e3f1d78 24e582daf6f87158 4d32dae7b43c489a c810ac016901e8ac 36d33c41812ce7dc 238ec735a13a3f09 7e4a4a1300b77a06 0079f3c74309b582
437,b371170568146b12 24e582daf6f87158 1dc7139adba034ec 8faeacf8ca08f62d e25a1da6ca187350 4d32dae7b43c489a ca4de5b8a7bda9df c1f2e3a76d388944 54a11cbcd7a32af4 ba5199dba342af68 e8b87ed7db1bcb1f 3c565c1fc2316d16 83b911ff0ff45844 1fe79c7de59ff6c6 f48d0fbea7dc2782 24c47959ea77b15b 393f49286db04aeb d1e21234d7cc61d2 e403278468d84383 a60934e6b473097a 522bd6887960c25d 3c0873ce078d332b 3b6d27775fce1c7b 81b639b74256b45b 3e66b4855d0dddbe 47fbe21f5c35c7b4 64b31699d7d15934 b9d966ad9e04127a 0db6584e3bdfa1c4 c015590d6a6fe833
438,b6a1c97f19af78d0 3a6e7894dde31c67 3b6d27775fce1c7b c015590d6a6fe833 24e582daf6f87158 0f33ce8d8014f308 e9c20b67a4c5395f 52370bea1acd0600 8dedff0a79784abc c143c095983a65c2 285657fcdf89f00d 0451447dd64f6284 4f915ad69e1dca36 9b0e8cf8153e3b33 28a2067685cb3e97 50cb6a6c60ad711a 35488b3b8b781278 7c8324ce28ffb96e fa173131f15f5534 8faeacf8ca08f62d 1d0f5fdc58e3efb5 95ecdbff44ad0b60 3cb6b40d377e7ca8 8abe670908f12614 c5830f9d0f1e29e5 a2805ed52b47b8ec b6e646c13d0753ae 3e8e56f639a5db5b d73a65673e3f1d78 128d583954b18074
439,00958a140c3a6de8 da904d2a54ff8cf2 451e7ba901ad661d a84cd36608cb8665 5430097e23000368 0b774cf90856c4da 537a55eda51a3f60 36d33c41812ce7dc c810ac016901e8ac 238ec735a13a3f09 7e4a4a1300b77a06 f05fa5f57dc03e81 e7828f0ea9749505 5057551fc55e9ed2 d64c06baf5ef1c90 83f8aca6ee2caabc 52e459a551d4ac2d 2bafd15871caae91 453bc79164d57a01 3d93a60f990a0a7c cc861214a89ef1f4 af8e70f978cd5aee 61ba7707ef6a5a99 2dd12c230ab22555 c05f45f86d0771d5 6461a9faa871b3ac db0e648651f4c92b 00d9f8d3f7d412b3 f28fb3d9880c5d4c ee3ed9a3f51336cd
440,6899956cd6c683f0 a853f13216170123 f25bfcffedaccf28 4d32dae7b43c489a ec1b3d7ccd3984d0 16b11706660177ff f76f44d372517a9a d216e5458ad70e60 9cf6709de35bf0f3 01b3da54ffb158a0 b1dcaca98bb76736 3c565c1fc2316d16 8e0cc5199a0ee659 d7d937303a6d5a9d 7f95168400948588 9f4e0d572b1f4e6c 5b4c879fc9c316fb e1460af4a7044067 f48d0fbea7dc2782 24c47959ea77b15b 88b62355670ec8f8 1d0f5fdc58e3efb5 70ebf53ced736fa4 e25a1da6ca187350 a65e30106ea50423 73f770f2643a2135 ad06e9eeea8eb4ea e228204ae08d1355 061f3e1feeaa3094 e878efab7c37179e
441,ca4de5b8a7bda9df e25a1da6ca187350 c1f2e3a76d388944 d1e21234d7cc61d2 e8b87ed7db1bcb1f ba5199dba342af68 83b911ff0ff45844 3c0873ce078d332b 1dc7139adba034ec 1fe79c7de59ff6c6 e403278468d84383 1d0f5fdc58e3efb5 a292248bb2bffb3d 486dd77002936dec 589ef345cb2dccfc a017f3358d5327aa abf90e759d208468 eec6b281e236b500 8fc68213b63951dc f25bfcffedaccf28 6c017e548aa138f2 4d32dae7b43c489a ec1b3d7ccd3984d0 095bb1b6ecbd0a50 16b11706660177ff f76f44d372517a9a 54f55c74d37db3c0 b3e75fdca5ca2f1a ae77487a89f2610c 528161039994b4dc
442,d1e21234d7cc61d2 9c9ebf71707d7a37 e8b87ed7db1bcb1f 2359719a0f40ffac 49b5678e0d1e5bcd 50806199c80e215c f2e30efbd27bee51 0220a434aa8bf029 8643165b0f53df11 b1dcaca98bb76736 ce2fe99a7cda4a17 29bedd00fb2be056 106204cd0e07e1b2 feddfcf56818968e 27bc34b9887bec0d 2e4b00c01d58e79e 64c2e323906b42d3 0bcaac840d5e66d7 83b911ff0ff45844 a2805ed52b47b8ec 964a50d33717c26d e1460af4a7044067 1d0f5fdc58e3efb5 404031ab9d5977c4 e228204ae08d1355 e878efab7c37179e 9269d2b0d877352d 1a05ef8c93af8eed a492bd402afd5c71 828f5dfbbf1272ee
443,128d583954b18074 d73a65673e3f1d78 ae000f9d0b5e104e 8e0cc5199a0ee659 74ae9af23a383bf5 765c0695339c3abe 576dd429db946393 204ec91c39d1479d 52e459a551d4ac2d dc576af4ae66e25e 0c2eeab1e4ce1db8 b69ce8b8154645f8 5b4c879fc9c316fb 04886579947a80c2 585f4ee09d8fea46 892074f7c1ef5d5e f1a3b8b13e9401c0 f209d29f991432f0 c5830f9d0f1e29e5 ac9ee0c09b538140 c015590d6a6fe833 1f423f368aebf7f3 4bed80e56ea2e099 e4a7a996ed6a5a81 0a79fabc6f5d93c9 8643165b0f53df11 95d25d38ba7df9c7 1efd7bd8a34a1359 a292248bb2bffb3d bc2552a642ce8497
444,00ff646ca6637bd7 354d7a327bbcc152 9a439fd1abf95245 00af886180e9eaec 2e44fbb8bc3d8d71 6cb9ab508a0678a0 b8e2f75014710ced fc8971756f9ec194 ce2fe99a7cda4a17 1f4f62844c3cb99c e7cad3748e50b0f8 c28bc62802b90f82 316382267dcd804f 9100ea6cd0e084bf c6b615b2589e036d a04d6febd82a4389 40583079f57235a6 095bb1b6ecbd0a50 bd0f175ee98c613e 36d33c41812ce7dc c810ac016901e8ac b3e75fdca5ca2f1a 39075e303166355e bed3e73d52011f68 8f578001f9d5f543 c03b11a0cdc3fa39 d64c06baf5ef1c90 83f8aca6ee2caabc 025a148c3a53bd9f 955e465ce0788ea6
445,4beacc71024f8b08 ad06e9eeea8eb4ea 1d72229ebcc00faf 70ebf53ced736fa4 dea5e9227fbbac29 f105a53e5cfae611 a9223c28b10c131f 3b4a85bac6ead3c8 f29eee8054c061e1 9f3d2ca16f358290 96e82fa141db9a4b 62431fd374eb99fb 99e833818ec4bbf2 133b04350c75770b 0079f3c74309b582 6406fcdb7d87b5dc 666bdff4faa513ca 069e7e25e43deab3 b6a1c97f19af78d0 c49d8f84a4f87f8a a292248bb2bffb3d eec6b281e236b500 8fc68213b63951dc 00e1e2eb13f650e4 ec1b3d7ccd3984d0 16b11706660177ff b05b5f6850cfa158 f76f44d372517a9a 3734d3b0b9232538 d216e5458ad70e60
446,8faeacf8ca08f62d 1d0f5fdc58e3efb5 95ecdbff44ad0b60 3cb6b40d377e7ca8 8abe670908f12614 c5830f9d0f1e29e5 a2805ed52b47b8ec 3c565c1fc2316d16 b6e646c13d0753ae f48d0fbea7dc2782 24c47959ea77b15b 3e66b4855d0dddbe a76ffccd2f5df1a7 3e8e56f639a5db5b 62431fd374eb99fb 0f4c71d341e2d939 ddf332f2b55a2a23 cea18be9a89d7a81 4d954d933e606b70 54a11cbcd7a32af4 5b4c879fc9c316fb b6e72edcad270be0 4b29fc21f912754d c1f2e3a76d388944 172bc0ee09332ae9 6406fcdb7d87b5dc cc507a0d6fcf4a1c 999a52f1d301247c 66ccd03c9e03ac06 238de368bb05c0ec
447,25a3b47fe31bc6b5 ebfda3b48083e390 3b4a85bac6ead3c8 b3ad55963554f220 1f423f368aebf7f3 413c55a5ab86881a b0bfe0f426275870 4d9214c0925e5af8 52370bea1acd0600 ae77487a89f2610c a9223c28b10c131f d0f6c00eec5eb973 f25bfcffedaccf28 16b11706660177ff b05b5f6850cfa158 b6a1c97f19af78d0 5f94b027039f4e48 238de368bb05c0ec 0688c790d5806540 148ac4a56a18844d 4dba7ce835494a63 58654e3143c6550b 7f95168400948588 af41e2b6da3e7e02 0683b6a78f54be75 6899956cd6c683f0 0add47a043c64d7f 72b80b099fd64ec4 f6d23cdd2359f7c0 2cebd52b41930f0a
448,a292248bb2bffb3d 1f4f62844c3cb99c eec6b281e236b500 8fc68213b63951dc ffa9091747ae2466 40583079f57235a6 ec1b3d7ccd3984d0 ec4ef2f727e7a03f 16b11706660177ff 2a06f5614060e3b6 bed3e73d52011f68 8f578001f9d5f543 d216e5458ad70e60 20d283a232dfd13c 9cf6709de35bf0f3 b29ab87af6ea6310 26fc2a95df5659c2 d7d937303a6d5a9d 01020d1b0821f4c7 853e36b1550c6274 acae1d29289b1266 a04d6febd82a4389 025a148c3a53bd9f 095bb1b6ecbd0a50 f76f44d372517a9a d3c4a7db726191e0 a65e30106ea50423 73f770f2643a2135 b05b5f6850cfa158 64b31699d7d15934
449,00958a140c3a6de8 da904d2a54ff8cf2 00d9f8d3f7d412b3 9c9a9d45c2ea7ddf bbbd5d2fd957e8f7 fab14d178b24a67f 26f72a4eb15ea8c0 853e36b1550c6274 22e8d6734e4121ae a292248bb2bffb3d eec6b281e236b500 8fc68213b63951dc ec1b3d7ccd3984d0 16b11706660177ff f76f44d372517a9a 3b4a85bac6ead3c8 4c0eee2c1a5e76e2 d216e5458ad70e60 1f4f62844c3cb99c 9cf6709de35bf0f3 bed3e73d52011f68 d7d937303a6d5a9d 8f578001f9d5f543 01020d1b0821f4c7 f28fb3d9880c5d4c 20d283a232dfd13c f9c6286cff30aaa8 059bbdbdb843af6a b29ab87af6ea6310 b05b5f6850cfa158
450,d64c06baf5ef1c90 781f4d0147aef776 9b2adcf4041227d7 36d33c41812ce7dc c810ac016901e8ac 238ec735a13a3f09 7e4a4a1300b77a06 e7828f0ea9749505 5057551fc55e9ed2 83f8aca6ee2caabc 52e459a551d4ac2d 2bafd15871caae91 453bc79164d57a01 3d93a60f990a0a7c 5430097e23000368 cc861214a89ef1f4 af8e70f978cd5aee 61ba7707ef6a5a99 2dd12c230ab22555 da904d2a54ff8cf2 c05f45f86d0771d5 6461a9faa871b3ac db0e648651f4c92b 00d9f8d3f7d412b3 f28fb3d9880c5d4c ee3ed9a3f51336cd d6ed7e4b14c51296 cba7e22bb383083a b8e2f75014710ced bbbd5d2fd957e8f7
451,e7cad3748e50b0f8 bf3ccaba4a3450a8 63d509cd2a2e0e47 bc27d5dc9bab1c18 a18df74d3a16e9c0 e7828f0ea9749505 5057551fc55e9ed2 4b29fc21f912754d 0b774cf90856c4da 628accd9be98503c 83f8aca6ee2caabc 52e459a551d4ac2d 8dc313a2cf9da354 9d5edf3b993fee50 7cea1f637ea3f37d 453bc79164d57a01 0cd920bad11c716d e8ad5e31484ef889 af8e70f978cd5aee 055d895a3b26e466 07be6a290720707d 61ba7707ef6a5a99 da904d2a54ff8cf2 c05f45f86d0771d5 6461a9faa871b3ac 9c9a9d45c2ea7ddf 00d9f8d3f7d412b3 ee3ed9a3f51336cd 50ba507a268872e1 d6ed7e4b14c51296
452,01104a026d22ae55 74244a8703c03720 702d8f1064ab3e30 ae94d8435a6847f4 430feb4826a5632e 73f770f2643a2135 b8e2f75014710ced f58ff7f1a6cde683 ff88049e61f0f4ef 36d33c41812ce7dc c810ac016901e8ac 025a148c3a53bd9f 016da874bd04df55 316382267dcd804f 9100ea6cd0e084bf a14394322cf7043d d64c06baf5ef1c90 83f8aca6ee2caabc c6b615b2589e036d 27a12f29dceccdbd 453bc79164d57a01 b6cdb608f640e038 bd0f175ee98c613e 18b1d2d84c97a364 2820628e65a062e2 39f6296778264878 a04d6febd82a4389 2e44fbb8bc3d8d71 095bb1b6ecbd0a50 c03b11a0cdc3fa39
453,cba7e22bb383083a b6e646c13d0753ae f44f74b3451aa593 62431fd374eb99fb f29eee8054c061e1 4beacc71024f8b08 36d33c41812ce7dc c810ac016901e8ac 9b0e8cf8153e3b33 238ec735a13a3f09 7e4a4a1300b77a06 e7828f0ea9749505 5057551fc55e9ed2 d64c06baf5ef1c90 83f8aca6ee2caabc 52e459a551d4ac2d 2bafd15871caae91 453bc79164d57a01 3d93a60f990a0a7c 5430097e23000368 cc861214a89ef1f4 af8e70f978cd5aee 61ba7707ef6a5a99 2dd12c230ab22555 da904d2a54ff8cf2 c05f45f86d0771d5 6461a9faa871b3ac db0e648651f4c92b 00d9f8d3f7d412b3 f28fb3d9880c5d4c
454,9100ea6cd0e084bf f48d0fbea7dc2782 047769588be1aea9 acae1d29289b1266 74244a8703c03720 ca43e349133fc0e3 e7cad3748e50b0f8 65d44c6393907290 f29eee8054c061e1 72403ecdfe02bba6 316382267dcd804f 83b911ff0ff45844 a14394322cf7043d 0451447dd64f6284 c1f2e3a76d388944 f2234bb7ce0c6f59 0d0368139e9a647f 26140b225c4f8d3f 05f23e7d05dbf7c2 07f22a7ad7e4711d 0fbd0f422e926816 73391e0853c1e040 5b16bae6a0de7c88 b6d0f83aad4e4dc7 f58ff7f1a6cde683 dc17b07476183764 f9c6286cff30aaa8 26fc2a95df5659c2 36d33c41812ce7dc c810ac016901e8ac
455,c5830f9d0f1e29e5 49b5678e0d1e5bcd 47fbe21f5c35c7b4 f76f44d372517a9a f2e30efbd27bee51 9cf6709de35bf0f3 c810ac016901e8ac 36d33c41812ce7dc 9f4e0d572b1f4e6c 72c2a95813ea72bd 7155e5a86136eb02 d92c0298f76ccf77 d64c06baf5ef1c90 83f8aca6ee2caabc 106204cd0e07e1b2 a492bd402afd5c71 2bafd15871caae91 9c9a9d45c2ea7ddf 7eec211cc37a1b05 069e7e25e43deab3 453bc79164d57a01 3d93a60f990a0a7c cc861214a89ef1f4 0c15f252d30646fc 9c9ebf71707d7a37 2dd12c230ab22555 f44f74b3451aa593 f28fb3d9880c5d4c de8e1345e8c305c4 b8e2f75014710ced
456,8df3f13d6af34cb3 bc2ae5f4e5d53e00 b24820ae14e16a24 a9dad59c7055b56c 666bdff4faa513ca b78189788d563693 36d33c41812ce7dc c810ac016901e8ac 238ec735a13a3f09 46315cf30aaee51c 1dc7139adba034ec e7828f0ea9749505 b0bfe0f426275870 b84b6c0b2e4d0306 54a11cbcd7a32af4 4d9214c0925e5af8 0b774cf90856c4da d64c06baf5ef1c90 74873b42602d8958 047769588be1aea9 d64c7c3b658689f4 52e459a551d4ac2d 27a12f29dceccdbd 8dc313a2cf9da354 9d5edf3b993fee50 7cea1f637ea3f37d 453bc79164d57a01 3d93a60f990a0a7c b6cdb608f640e038 34a62e66e05f9a44
457,0c15f252d30646fc e8b87ed7db1bcb1f 6e239f4dd4b6aed7 d1e21234d7cc61d2 f2e30efbd27bee51 9c9ebf71707d7a37 2359719a0f40ffac f48d0fbea7dc2782 4bed80e56ea2e099 e4a7a996ed6a5a81 49b5678e0d1e5bcd c1f2e3a76d388944 b1dcaca98bb76736 8643165b0f53df11 f29eee8054c061e1 83b911ff0ff45844 0220a434aa8bf029 95ecdbff44ad0b60 f76f44d372517a9a ca43e349133fc0e3 e228204ae08d1355 c5830f9d0f1e29e5 ac9ee0c09b538140 0451447dd64f6284 96e82fa141db9a4b a2805ed52b47b8ec 5c8c6d9a1fd4c1e0 7c98dedd223b36c0 3e66b4855d0dddbe eab15ee21e126f6a
458,54a11cbcd7a32af4 061f3e1feeaa3094 a04d6febd82a4389 88b62355670ec8f8 095bb1b6ecbd0a50 42bb83d7c4b9ecae 522bd6887960c25d b26d8664feb18c8c 24e582daf6f87158 01b3da54ffb158a0 64b31699d7d15934 b9d966ad9e04127a c015590d6a6fe833 bb7515be835dea49 d63b7f083330247f 4d32dae7b43c489a 528161039994b4dc 47fbe21f5c35c7b4 22dc81380cf4baec 33856365c271aea4 40583079f57235a6 bd713b37b67866c3 95d25d38ba7df9c7 a2c35fdf07a13286 538c7bb968b2154c 3c565c1fc2316d16 0add47a043c64d7f 828f5dfbbf1272ee 0b0021aa60d05daa 2394b08708475900
459,fa173131f15f5534 c015590d6a6fe833 c1f2e3a76d388944 e1460af4a7044067 1d0f5fdc58e3efb5 e228204ae08d1355 e878efab7c37179e 9269d2b0d877352d 1a05ef8c93af8eed a492bd402afd5c71 828f5dfbbf1272ee 5430097e23000368 fb2ebcb5335ad2e2 96e82fa141db9a4b 3b6d27775fce1c7b 5c8c6d9a1fd4c1e0 eab15ee21e126f6a 366a22fce0614fb8 c36c2dce0e6e434f 95ecdbff44ad0b60 148ac4a56a18844d 4d7653ea9499eed4 48cf88c17ff38c5e ddb3810e0289c148 de8e1345e8c305c4 877672967d3f70bb 587e0b2a4811fab1 26140b225c4f8d3f bf973f9ec3600199 a860b682add9de1c
460,64907c4568244eb4 2b48ab08c915c0ad fd30682593995748 0b774cf90856c4da 9d5edf3b993fee50 00ff646ca6637bd7 00d9f8d3f7d412b3 feddfcf56818968e 96445bec1579ec97 6a3919ad9ed8197e fc8971756f9ec194 a1314cd417504572 537a55eda51a3f60 d72363ddd958d906 120e745e2961b5d5 5867d40811c0229f ced9c56f2be86774 0bcaac840d5e66d7 964a50d33717c26d b24820ae14e16a24 9fbffc521da97c54 a84cd36608cb8665 451e7ba901ad661d 781f4d0147aef776 7c9248ed6224aa26 f2b5098ac9c92da9 702d8f1064ab3e30 3986b68500d7704b 3fa57d488e979d74 ff88049e61f0f4ef
461,3cb6b40d377e7ca8 1f4f62844c3cb99c 316382267dcd804f a292248bb2bffb3d 26fc2a95df5659c2 ec1b3d7ccd3984d0 c28bc62802b90f82 bed3e73d52011f68 9100ea6cd0e084bf 8f578001f9d5f543 a14394322cf7043d c6b615b2589e036d 64b31699d7d15934 a04d6febd82a4389 f9c6286cff30aaa8 40583079f57235a6 025a148c3a53bd9f 095bb1b6ecbd0a50 bd0f175ee98c613e b29ab87af6ea6310 dc12cc503ac0eddb b3e75fdca5ca2f1a 39075e303166355e e22c35101e190db9 0a79fabc6f5d93c9 c810ac016901e8ac 36d33c41812ce7dc 73391e0853c1e040 853e36b1550c6274 eec6b281e236b500
462,050544c040f46152 069e7e25e43deab3 aa0789b403bcd839 f29eee8054c061e1 c015590d6a6fe833 ec1b3d7ccd3984d0 96e82fa141db9a4b f48d0fbea7dc2782 62431fd374eb99fb e8b87ed7db1bcb1f 99e833818ec4bbf2 9c9ebf71707d7a37 6204e398d8c7f888 133b04350c75770b e22c35101e190db9 48f93f9c2c699e19 d1e21234d7cc61d2 27bc34b9887bec0d 9100ea6cd0e084bf 25145708d494530b 9f3d2ca16f358290 2e4b00c01d58e79e 3d6880bd12f6613f 0a79fabc6f5d93c9 bee46c54461925d0 2359719a0f40ffac 4577ae048ef1967d f2e30efbd27bee51 b2ee9eea2d974c90 047769588be1aea9
463,f28fb3d9880c5d4c a677c3a76055a6d2 0c2eeab1e4ce1db8 fc8971756f9ec194 2e44fbb8bc3d8d71 351c9da399c2b915 42c9b72cc77dcb28 07d688f5e2142b87 120e745e2961b5d5 b0b5e62a93a2c37c 2bafd15871caae91 2dd12c230ab22555 00ff646ca6637bd7 37001ade0df85823 3986b68500d7704b 52370bea1acd0600 781f4d0147aef776 3cb6b40d377e7ca8 c810ac016901e8ac 36d33c41812ce7dc b0e254dd420faee3 87c5481930cfe126 d64c06baf5ef1c90 83f8aca6ee2caabc 453bc79164d57a01 025a148c3a53bd9f 016da874bd04df55 d257d1fbcf43abd5 316382267dcd804f 9100ea6cd0e084bf
464,1d12acf7349196b0 63d509cd2a2e0e47 73f770f2643a2135 e8ad5e31484ef889 538c7bb968b2154c 07be6a290720707d ce0f56b7190c268a d3c4a7db726191e0 b26d8664feb18c8c f29eee8054c061e1 01ecc81f6341e902 a2805ed52b47b8ec acf5cb026b3c4551 97d696011258825c 1398b478b71773ed 734dabb98795c35c a18df74d3a16e9c0 781f4d0147aef776 eff60ceea8817dad 5879096a38d69fc5 07d688f5e2142b87 3e66b4855d0dddbe bf3ccaba4a3450a8 c49d8f84a4f87f8a bf973f9ec3600199 8dedff0a79784abc 680bb5c5c3bb6ee1 6aefb6531736648a 585f4ee09d8fea46 cc0c9419f8a20603
465,922e625fae98b3b9 18ced18aee04c48e 06de3ca1148b088b 49224aca40e6e5e3 28a2067685cb3e97 25a3b47fe31bc6b5 a292248bb2bffb3d eec6b281e236b500 8fc68213b63951dc ec1b3d7ccd3984d0 16b11706660177ff f76f44d372517a9a d216e5458ad70e60 1f4f62844c3cb99c 9cf6709de35bf0f3 bed3e73d52011f68 0195950ce0f47e34 d7d937303a6d5a9d 8f578001f9d5f543 01020d1b0821f4c7 20d283a232dfd13c f9c6286cff30aaa8 b29ab87af6ea6310 26fc2a95df5659c2 ffa9091747ae2466 025a148c3a53bd9f e25a1da6ca187350 ec4ef2f727e7a03f a65e30106ea50423 73f770f2643a2135
466,cea18be9a89d7a81 83b911ff0ff45844 8e83d05923cde390 fc16a50ff0baec53 01b3da54ffb158a0 5989fb934598c1a7 9b2adcf4041227d7 3e66b4855d0dddbe 63d509cd2a2e0e47 ac9ee0c09b538140 c143c095983a65c2 52aa48c07b34dc88 72c2a95813ea72bd 395b26d91f98bd92 3c565c1fc2316d16 8faeacf8ca08f62d a292248bb2bffb3d e8ad5e31484ef889 07be6a290720707d f48d0fbea7dc2782 24c47959ea77b15b 4c0eee2c1a5e76e2 a0566ca9daca7778 8dedff0a79784abc 1398b478b71773ed a76ffccd2f5df1a7 62431fd374eb99fb 0f4c71d341e2d939 ddf332f2b55a2a23 4d954d933e606b70
467,a492bd402afd5c71 7c98dedd223b36c0 ddf332f2b55a2a23 09bbaa171c20bae3 47fbe21f5c35c7b4 e1460af4a7044067 1d0f5fdc58e3efb5 e228204ae08d1355 e878efab7c37179e 9269d2b0d877352d 1a05ef8c93af8eed 828f5dfbbf1272ee fb2ebcb5335ad2e2 96e82fa141db9a4b 3b6d27775fce1c7b 5c8c6d9a1fd4c1e0 eab15ee21e126f6a 366a22fce0614fb8 c36c2dce0e6e434f 95ecdbff44ad0b60 148ac4a56a18844d 4d7653ea9499eed4 48cf88c17ff38c5e ddb3810e0289c148 de8e1345e8c305c4 877672967d3f70bb 587e0b2a4811fab1 26140b225c4f8d3f bf973f9ec3600199 a860b682add9de1c
468,9c9ebf71707d7a37 d1e21234d7cc61d2 9fbffc521da97c54 7eec211cc37a1b05 0c15f252d30646fc 8e83d05923cde390 a0b1f4dd32f3e278 26140b225c4f8d3f 72c2a95813ea72bd 6aac5e116b75aa22 dc576af4ae66e25e 106204cd0e07e1b2 919b1679fffa7ef1 1dc7139adba034ec 069e7e25e43deab3 3e8e56f639a5db5b db0e648651f4c92b ba5199dba342af68 5430097e23000368 585f4ee09d8fea46 0eb4de784c8dd679 feddfcf56818968e 249bf372159f33e9 96445bec1579ec97 6a3919ad9ed8197e 3a6e7894dde31c67 5867d40811c0229f 3fa57d488e979d74 ced9c56f2be86774 18ced18aee04c48e
469,8b7c486a910dd004 cec2eea2a1fe566a e7828f0ea9749505 a1314cd417504572 c05f45f86d0771d5 83f8aca6ee2caabc 238ec735a13a3f09 453bc79164d57a01 52e459a551d4ac2d 36d33c41812ce7dc c810ac016901e8ac 6461a9faa871b3ac 00d9f8d3f7d412b3 bc27d5dc9bab1c18 01b3da54ffb158a0 ee3ed9a3f51336cd d64c06baf5ef1c90 3d93a60f990a0a7c 016da874bd04df55 5057551fc55e9ed2 a14394322cf7043d d72363ddd958d906 7cea1f637ea3f37d ac9ee0c09b538140 65fac1ba1840000f c143c095983a65c2 7e4a4a1300b77a06 52aa48c07b34dc88 2bafd15871caae91 72c2a95813ea72bd
470,9fbffc521da97c54 4c3802a1bd3c842e 2394b08708475900 a982b5c3aed39396 29bedd00fb2be056 6a3919ad9ed8197e a52df8083c238c46 c606425856952286 bf3ccaba4a3450a8 bc2ae5f4e5d53e00 ac9ee0c09b538140 3734d3b0b9232538 eab15ee21e126f6a b69ce8b8154645f8 daa257a37227cd72 a9dad59c7055b56c ddf332f2b55a2a23 c11b97f245a9dfd0 a60934e6b473097a 796888cc3443006c ae000f9d0b5e104e 9a0f5ee4f845c9b2 ec4ef2f727e7a03f 5fb2d8e734956af0 18b1d2d84c97a364 4dba7ce835494a63 dc17b07476183764 09bbaa171c20bae3 4491016efed845f1 01ecc81f6341e902
471,537a55eda51a3f60 451e7ba901ad661d 0b774cf90856c4da a84cd36608cb8665 64907c4568244eb4 2b48ab08c915c0ad 7d83ffe83f61bdc4 fd30682593995748 6a3919ad9ed8197e 00ff646ca6637bd7 0c2eeab1e4ce1db8 fc8971756f9ec194 680bb5c5c3bb6ee1 52e459a551d4ac2d d72363ddd958d906 9d5edf3b993fee50 585f4ee09d8fea46 c810ac016901e8ac 36d33c41812ce7dc 00d9f8d3f7d412b3 190ab585fd379f0f 025a148c3a53bd9f 016da874bd04df55 316382267dcd804f a1314cd417504572 9100ea6cd0e084bf a14394322cf7043d 8faeacf8ca08f62d 74244a8703c03720 d64c06baf5ef1c90
472,bbbd5d2fd957e8f7 26f72a4eb15ea8c0 4c0eee2c1a5e76e2 87c5481930cfe126 74873b42602d8958 537a55eda51a3f60 9c9a9d45c2ea7ddf 00d9f8d3f7d412b3 7d83ffe83f61bdc4 da904d2a54ff8cf2 8abe670908f12614 4d29c6922b2d0d56 4483bbdd3241f11a c11b97f245a9dfd0 cc0c9419f8a20603 0eedb1a0d3b8ddae 00e1e2eb13f650e4 3986b68500d7704b 702d8f1064ab3e30 3fa57d488e979d74 c28bc62802b90f82 ff88049e61f0f4ef e0269da736ddf004 bd713b37b67866c3 fd30682593995748 0bcaac840d5e66d7 2a06f5614060e3b6 39f6296778264878 bd0f175ee98c613e ae94d8435a6847f4
473,26fc2a95df5659c2 40583079f57235a6 72403ecdfe02bba6 09660f466b38b7ba 33856365c271aea4 f2234bb7ce0c6f59 0d0368139e9a647f abf90e759d208468 b29ab87af6ea6310 05f23e7d05dbf7c2 0fbd0f422e926816 1f4f62844c3cb99c 73391e0853c1e040 5b16bae6a0de7c88 b6d0f83aad4e4dc7 316382267dcd804f f58ff7f1a6cde683 b3ad55963554f220 c28bc62802b90f82 57113c2a4cacd961 a52df8083c238c46 796888cc3443006c 387e9cd2e5d4ea7d 0bcaac840d5e66d7 a813c15b46ceaf68 70776cdd9bb3b7d4 39075e303166355e 528161039994b4dc 64b31699d7d15934 cb3e4ce97e7f2881
474,05e4165a56bf50eb 48a76e3aff69d605 5c4b7558c942a224 e6a29676c096f8e8 1efd7bd8a34a1359 59c231f8fd21260c 63d509cd2a2e0e47 95166957b2c38794 a0566ca9daca7778 95d25d38ba7df9c7 285657fcdf89f00d 96e82fa141db9a4b 83b911ff0ff45844 96445bec1579ec97 a860b682add9de1c 9a0f5ee4f845c9b2 b84b6c0b2e4d0306 a5f55580081236f4 b1e47da7659b675c ac9ee0c09b538140 e4a7a996ed6a5a81 98dbd15aa33ebc18 0eedb1a0d3b8ddae 8643165b0f53df11 4d32dae7b43c489a 24e582daf6f87158 8faeacf8ca08f62d 4bed80e56ea2e099 b05b5f6850cfa158 393f49286db04aeb
475,354d7a327bbcc152 00af886180e9eaec 00ff646ca6637bd7 9a439fd1abf95245 0e45c4c185f35df6 6cb9ab508a0678a0 b8e2f75014710ced 781f4d0147aef776 c810ac016901e8ac 36d33c41812ce7dc 025a148c3a53bd9f 016da874bd04df55 316382267dcd804f 9100ea6cd0e084bf a14394322cf7043d 74244a8703c03720 d64c06baf5ef1c90 83f8aca6ee2caabc c6b615b2589e036d 27a12f29dceccdbd 453bc79164d57a01 b6cdb608f640e038 bd0f175ee98c613e 18b1d2d84c97a364 b84b6c0b2e4d0306 54a11cbcd7a32af4 2820628e65a062e2 39f6296778264878 34a62e66e05f9a44 a04d6febd82a4389
476,6d80d2e62d01f6bc 0eafda717681bbdc 2359719a0f40ffac 4e966bb2768c2b8a ecb768ef6fd223ca 74e59c5820900b17 26fc2a95df5659c2 5b34da30b93eb123 54f55c74d37db3c0 b749972436ac9791 4d417b203b333363 976baf0e84752a68 ec4ef2f727e7a03f 8f578001f9d5f543 20d283a232dfd13c b78189788d563693 bed3e73d52011f68 b29ab87af6ea6310 46315cf30aaee51c 74873b42602d8958 ffa9091747ae2466 c08c3765ac609cc0 bd9cd6b87a4fe0ce 025a148c3a53bd9f 2810fb6f81d1711c 8d58da0e1800dc96 e14a893f1918277e fc21db75b354a917 00140806971e7a73 6aac5e116b75aa22
477,4f2fffd7528de786 a292248bb2bffb3d 2a06f5614060e3b6 1d0f5fdc58e3efb5 73391e0853c1e040 dc12cc503ac0eddb 81b639b74256b45b 3e66b4855d0dddbe 64b31699d7d15934 54a11cbcd7a32af4 9b2adcf4041227d7 eec6b281e236b500 7c98dedd223b36c0 8fc68213b63951dc 0e45c4c185f35df6 d1e21234d7cc61d2 52370bea1acd0600 6c017e548aa138f2 24e582daf6f87158 095bb1b6ecbd0a50 d5805cdb9e8f0f48 54f55c74d37db3c0 b3e75fdca5ca2f1a 39075e303166355e 172bc0ee09332ae9 1f4f62844c3cb99c a017f3358d5327aa bed3e73d52011f68 09660f466b38b7ba 702d8f1064ab3e30
478,9c9a9d45c2ea7ddf 26f72a4eb15ea8c0 4c0eee2c1a5e76e2 74873b42602d8958 bbbd5d2fd957e8f7 016da874bd04df55 74244a8703c03720 83f5a9732f0de67f 46315cf30aaee51c 65fac1ba1840000f c606425856952286 5430097e23000368 c810ac016901e8ac 36d33c41812ce7dc 047769588be1aea9 0688c790d5806540 853e36b1550c6274 00d9f8d3f7d412b3 d64c06baf5ef1c90 9ab90dfc5c9b0b37 83f8aca6ee2caabc 5867d40811c0229f 453bc79164d57a01 e7cad3748e50b0f8 486dd77002936dec 351c9da399c2b915 025a148c3a53bd9f 316382267dcd804f 9100ea6cd0e084bf a14394322cf7043d
479,f48d0fbea7dc2782 24e582daf6f87158 4d32dae7b43c489a 54a11cbcd7a32af4 3c565c1fc2316d16 e8b87ed7db1bcb1f 24c47959ea77b15b 8faeacf8ca08f62d 9c9ebf71707d7a37 a60934e6b473097a 522bd6887960c25d 3b6d27775fce1c7b 81b639b74256b45b 3e66b4855d0dddbe d1e21234d7cc61d2 9100ea6cd0e084bf 64b31699d7d15934 b9d966ad9e04127a 393f49286db04aeb 0db6584e3bdfa1c4 c015590d6a6fe833 a76ffccd2f5df1a7 62431fd374eb99fb 2359719a0f40ffac 0f4c71d341e2d939 f2e30efbd27bee51 047769588be1aea9 ca43e349133fc0e3 ddf332f2b55a2a23 f29eee8054c061e1
480,f6d23cdd2359f7c0 1d72229ebcc00faf 9c9ebf71707d7a37 dc576af4ae66e25e 919b1679fffa7ef1 0eb4de784c8dd679 3fa57d488e979d74 ba5199dba342af68 e8ad5e31484ef889 db0e648651f4c92b 585f4ee09d8fea46 54a11cbcd7a32af4 2a06f5614060e3b6 d1e21234d7cc61d2 1d0f5fdc58e3efb5 34a62e66e05f9a44 3a6e7894dde31c67 73391e0853c1e040 18ced18aee04c48e eec6b281e236b500 7c98dedd223b36c0 8fc68213b63951dc 6c017e548aa138f2 095bb1b6ecbd0a50 b84b6c0b2e4d0306 d5805cdb9e8f0f48 54f55c74d37db3c0 b3e75fdca5ca2f1a 39075e303166355e 1f4f62844c3cb99c
481,24e582daf6f87158 4d32dae7b43c489a bf3ccaba4a3450a8 4d29c6922b2d0d56 8faeacf8ca08f62d 3c565c1fc2316d16 4e966bb2768c2b8a f48d0fbea7dc2782 24c47959ea77b15b 393f49286db04aeb a60934e6b473097a 522bd6887960c25d 5048a37f10cf2d91 3b6d27775fce1c7b 81b639b74256b45b 3e66b4855d0dddbe 47fbe21f5c35c7b4 64b31699d7d15934 b9d966ad9e04127a 0db6584e3bdfa1c4 c015590d6a6fe833 a76ffccd2f5df1a7 62431fd374eb99fb 0f4c71d341e2d939 54a11cbcd7a32af4 ddf332f2b55a2a23 cea18be9a89d7a81 48a76e3aff69d605 0e45c4c185f35df6 4d954d933e606b70
482,316382267dcd804f 64267373570e4ea3 5057551fc55e9ed2 f2234bb7ce0c6f59 2810fb6f81d1711c 05f23e7d05dbf7c2 955e465ce0788ea6 e14a893f1918277e 72403ecdfe02bba6 b50b4e27b03c7b37 0fbd0f422e926816 73391e0853c1e040 b6d0f83aad4e4dc7 39075e303166355e d35e11d3d1ab3c67 c810ac016901e8ac 36d33c41812ce7dc 63d95d5977c2fe98 8d58da0e1800dc96 f705b637f624147e 74244a8703c03720 b78189788d563693 d64c06baf5ef1c90 83f8aca6ee2caabc 238ec735a13a3f09 c6b615b2589e036d bc27d5dc9bab1c18 7e4a4a1300b77a06 0d0368139e9a647f b749972436ac9791
483,528161039994b4dc 4f2fffd7528de786 a18df74d3a16e9c0 f49e13a653cbdad2 d6ed7e4b14c51296 5bf89d11a25121d9 351c9da399c2b915 c5830f9d0f1e29e5 a2805ed52b47b8ec b6e646c13d0753ae dc17b07476183764 bee46c54461925d0 cc0c9419f8a20603 b05b5f6850cfa158 3b4a85bac6ead3c8 da7d3c2d591c4295 98dbd15aa33ebc18 eff60ceea8817dad 0eedb1a0d3b8ddae e36475c1af5ea3ab 6899956cd6c683f0 a853f13216170123 f25bfcffedaccf28 4d32dae7b43c489a ec1b3d7ccd3984d0 16b11706660177ff f76f44d372517a9a 36d33c41812ce7dc c810ac016901e8ac 238ec735a13a3f09
484,70ebf53ced736fa4 ad06e9eeea8eb4ea dea5e9227fbbac29 f105a53e5cfae611 4beacc71024f8b08 a9223c28b10c131f 047769588be1aea9 d1e21234d7cc61d2 5430097e23000368 1d0f5fdc58e3efb5 0451447dd64f6284 a292248bb2bffb3d a853f13216170123 e740c80fce094788 24e582daf6f87158 9c9a9d45c2ea7ddf ae000f9d0b5e104e 666bdff4faa513ca 0683b6a78f54be75 bee46c54461925d0 4d32dae7b43c489a 3b4a85bac6ead3c8 8faeacf8ca08f62d da7d3c2d591c4295 3c565c1fc2316d16 e36475c1af5ea3ab f48d0fbea7dc2782 24c47959ea77b15b 393f49286db04aeb 98dbd15aa33ebc18
485,8b7c486a910dd004 cec2eea2a1fe566a c05f45f86d0771d5 48a76e3aff69d605 daa257a37227cd72 4f915ad69e1dca36 8faeacf8ca08f62d 24e582daf6f87158 4d32dae7b43c489a 46315cf30aaee51c 016da874bd04df55 65fac1ba1840000f c606425856952286 74244a8703c03720 3c565c1fc2316d16 047769588be1aea9 0688c790d5806540 853e36b1550c6274 10ad13170242ecae f48d0fbea7dc2782 24c47959ea77b15b 393f49286db04aeb 9c9a9d45c2ea7ddf 5867d40811c0229f 4d9214c0925e5af8 a60934e6b473097a 522bd6887960c25d 3b6d27775fce1c7b 81b639b74256b45b 3e66b4855d0dddbe
486,dc12cc503ac0eddb 4d32dae7b43c489a 01b3da54ffb158a0 d7d937303a6d5a9d 88b62355670ec8f8 a65e30106ea50423 061f3e1feeaa3094 a5d5ba33b5b1dc95 01e5a6edcee7deb0 65ad9c583823162d 65708d542bd01f39 0647acc4602d4e8f fa173131f15f5534 99e833818ec4bbf2 29968e8fd13539f8 43b3338423d7386c f209d29f991432f0 f49e13a653cbdad2 22756be6fd061d4c 3e8e56f639a5db5b aa0789b403bcd839 bc2ae5f4e5d53e00 0772e3ab293a1f30 9b2adcf4041227d7 87c5481930cfe126 e6a29676c096f8e8 1c3b74a02a86467d 4e966bb2768c2b8a 1efd7bd8a34a1359 95166957b2c38794
487,16b11706660177ff 9cf6709de35bf0f3 c810ac016901e8ac 36d33c41812ce7dc 025a148c3a53bd9f e22c35101e190db9 d64c06baf5ef1c90 83f8aca6ee2caabc f25bfcffedaccf28 453bc79164d57a01 0a79fabc6f5d93c9 d3c4a7db726191e0 1f4f62844c3cb99c bed3e73d52011f68 b05b5f6850cfa158 8f578001f9d5f543 f9c6286cff30aaa8 26fc2a95df5659c2 7f95168400948588 238ec735a13a3f09 2e031d83339759b2 7e4a4a1300b77a06 4491016efed845f1 016da874bd04df55 29bedd00fb2be056 316382267dcd804f 9100ea6cd0e084bf a14394322cf7043d e7828f0ea9749505 5057551fc55e9ed2
488,5c4b7558c942a224 e6a29676c096f8e8 636224e349e561bf ae94d8435a6847f4 c5830f9d0f1e29e5 c1f2e3a76d388944 bf973f9ec3600199 a2805ed52b47b8ec 404031ab9d5977c4 b6e646c13d0753ae 59c231f8fd21260c 4beacc71024f8b08 9b0e8cf8153e3b33 24e582daf6f87158 4d32dae7b43c489a a0566ca9daca7778 5048a37f10cf2d91 3c565c1fc2316d16 3b4a85bac6ead3c8 f48d0fbea7dc2782 24c47959ea77b15b a60934e6b473097a 522bd6887960c25d 3b6d27775fce1c7b 81b639b74256b45b 3e66b4855d0dddbe 64b31699d7d15934 b9d966ad9e04127a 0db6584e3bdfa1c4 c015590d6a6fe833
489,e8ad5e31484ef889 63d509cd2a2e0e47 07be6a290720707d 1398b478b71773ed d216e5458ad70e60 3e66b4855d0dddbe bf3ccaba4a3450a8 bf973f9ec3600199 8dedff0a79784abc 6a9aa1bd93e36e66 6406fcdb7d87b5dc 07f22a7ad7e4711d 1dc7139adba034ec 680bb5c5c3bb6ee1 a65e30106ea50423 a60934e6b473097a eab15ee21e126f6a 5430097e23000368 aa967ad3c1f65a29 58654e3143c6550b ced9c56f2be86774 a292248bb2bffb3d f2b5098ac9c92da9 3b4a85bac6ead3c8 d1e21234d7cc61d2 c810ac016901e8ac 36d33c41812ce7dc 238ec735a13a3f09 7e4a4a1300b77a06 e7828f0ea9749505
490,bc2ae5f4e5d53e00 cb3e4ce97e7f2881 b24820ae14e16a24 a9dad59c7055b56c 8bf446c0455e3c5c 0772e3ab293a1f30 db7342eff9200020 c03b11a0cdc3fa39 cc0c9419f8a20603 3b4a85bac6ead3c8 1d0f5fdc58e3efb5 95ecdbff44ad0b60 3cb6b40d377e7ca8 8faeacf8ca08f62d c5830f9d0f1e29e5 a2805ed52b47b8ec b6e646c13d0753ae 6899956cd6c683f0 3e8e56f639a5db5b 8abe670908f12614 a853f13216170123 f25bfcffedaccf28 4d32dae7b43c489a ec1b3d7ccd3984d0 16b11706660177ff f76f44d372517a9a d216e5458ad70e60 9cf6709de35bf0f3 01b3da54ffb158a0 b1dcaca98bb76736
491,40583079f57235a6 1f4f62844c3cb99c 09660f466b38b7ba b3ad55963554f220 c28bc62802b90f82 b29ab87af6ea6310 72403ecdfe02bba6 26fc2a95df5659c2 a52df8083c238c46 f2234bb7ce0c6f59 316382267dcd804f 33856365c271aea4 0d0368139e9a647f 05f23e7d05dbf7c2 0fbd0f422e926816 73391e0853c1e040 5b16bae6a0de7c88 64b31699d7d15934 b6d0f83aad4e4dc7 8faeacf8ca08f62d 796888cc3443006c f58ff7f1a6cde683 387e9cd2e5d4ea7d a292248bb2bffb3d eec6b281e236b500 70776cdd9bb3b7d4 8fc68213b63951dc a04d6febd82a4389 abf90e759d208468 6c017e548aa138f2
492,4e966bb2768c2b8a d216e5458ad70e60 d5952b2e031c4e7e fb8bd6b95eb4702a b6e646c13d0753ae d63b7f083330247f e8684734f2e587bd 3ca7964973437917 8bf446c0455e3c5c 60a070db9f1869b5 da7d3c2d591c4295 8a5635c748344d47 430feb4826a5632e 238de368bb05c0ec 1d12acf7349196b0 bc2ae5f4e5d53e00 a9dad59c7055b56c b84b6c0b2e4d0306 54a11cbcd7a32af4 34a62e66e05f9a44 8faeacf8ca08f62d 1d0f5fdc58e3efb5 95ecdbff44ad0b60 3cb6b40d377e7ca8 8abe670908f12614 c5830f9d0f1e29e5 a2805ed52b47b8ec c810ac016901e8ac 36d33c41812ce7dc 238ec735a13a3f09
493,ddf332f2b55a2a23 4d954d933e606b70 74244a8703c03720 c1f2e3a76d388944 e25a1da6ca187350 486dd77002936dec 4d9214c0925e5af8 73f770f2643a2135 ca4de5b8a7bda9df 3b4a85bac6ead3c8 3c565c1fc2316d16 238de368bb05c0ec 9c9a9d45c2ea7ddf 828f5dfbbf1272ee f48d0fbea7dc2782 24c47959ea77b15b 853e36b1550c6274 b3ad55963554f220 83b911ff0ff45844 cc507a0d6fcf4a1c 413c55a5ab86881a b84b6c0b2e4d0306 ae77487a89f2610c 702d8f1064ab3e30 ae94d8435a6847f4 52370bea1acd0600 430feb4826a5632e b8e2f75014710ced b0bfe0f426275870 3e66b4855d0dddbe
494,b760ebc5f25788d3 c28bc62802b90f82 0195950ce0f47e34 12af6a34778710db 48a76e3aff69d605 0eb4de784c8dd679 39f6296778264878 ced9c56f2be86774 b24820ae14e16a24 bc2ae5f4e5d53e00 a9dad59c7055b56c b84b6c0b2e4d0306 54a11cbcd7a32af4 34a62e66e05f9a44 feddfcf56818968e d5952b2e031c4e7e 43b3338423d7386c 96445bec1579ec97 6a3919ad9ed8197e 1d0f5fdc58e3efb5 5867d40811c0229f 0bcaac840d5e66d7 964a50d33717c26d 8a5635c748344d47 387e9cd2e5d4ea7d 0eedb1a0d3b8ddae 9fbffc521da97c54 781f4d0147aef776 a017f3358d5327aa 486dd77002936dec
495,0897dcfae16e280f 2bafd15871caae91 285657fcdf89f00d 0bcaac840d5e66d7 b6a1c97f19af78d0 04fda7c9d8971ec0 36d33c41812ce7dc c810ac016901e8ac 238ec735a13a3f09 e7828f0ea9749505 d64c06baf5ef1c90 52e459a551d4ac2d 453bc79164d57a01 3d93a60f990a0a7c 61ba7707ef6a5a99 da904d2a54ff8cf2 d6ed7e4b14c51296 9b2adcf4041227d7 b78189788d563693 976baf0e84752a68 46315cf30aaee51c 4483bbdd3241f11a b0bfe0f426275870 7d83ffe83f61bdc4 0b774cf90856c4da 74873b42602d8958 047769588be1aea9 d64c7c3b658689f4 27a12f29dceccdbd 8dc313a2cf9da354
496,73f770f2643a2135 f29eee8054c061e1 702d8f1064ab3e30 ae94d8435a6847f4 430feb4826a5632e 393f49286db04aeb abf90e759d208468 65fac1ba1840000f f25bfcffedaccf28 16b11706660177ff 0db6584e3bdfa1c4 40583079f57235a6 d46598813fb437e5 f44f74b3451aa593 62431fd374eb99fb 942a7d26d81c841f 6e239f4dd4b6aed7 f58ff7f1a6cde683 5430097e23000368 1f4f62844c3cb99c 4beacc71024f8b08 9b0e8cf8153e3b33 b3ad55963554f220 74244a8703c03720 c28bc62802b90f82 a52df8083c238c46 538c7bb968b2154c 0683b6a78f54be75 35488b3b8b781278 ce0f56b7190c268a
497,50cb6a6c60ad711a 0a79fabc6f5d93c9 8e0760918e88e4a9 48cf88c17ff38c5e f29eee8054c061e1 133b04350c75770b 52370bea1acd0600 285657fcdf89f00d 0451447dd64f6284 a9dad59c7055b56c 9f4e0d572b1f4e6c 27bc34b9887bec0d 3a6e7894dde31c67 96e82fa141db9a4b 1d0f5fdc58e3efb5 b6a1c97f19af78d0 62431fd374eb99fb d6ed7e4b14c51296 4e966bb2768c2b8a 2e4b00c01d58e79e 99e833818ec4bbf2 3b4a85bac6ead3c8 d9885881381fd10a 9113e9dc940fb287 430feb4826a5632e 855f2f0354e102c7 f1a3b8b13e9401c0 9f3d2ca16f358290 4d9214c0925e5af8 5897953fdf87b60f
498,4f915ad69e1dca36 e9c20b67a4c5395f 3a6e7894dde31c67 a65e30106ea50423 2e2904c5373734ae 58654e3143c6550b ced9c56f2be86774 3b6d27775fce1c7b c015590d6a6fe833 24e582daf6f87158 0f33ce8d8014f308 52370bea1acd0600 8dedff0a79784abc c143c095983a65c2 285657fcdf89f00d 0451447dd64f6284 9b0e8cf8153e3b33 28a2067685cb3e97 50cb6a6c60ad711a 35488b3b8b781278 b6a1c97f19af78d0 7c8324ce28ffb96e a292248bb2bffb3d 1d0f5fdc58e3efb5 95ecdbff44ad0b60 3cb6b40d377e7ca8 8faeacf8ca08f62d d1e21234d7cc61d2 c5830f9d0f1e29e5 a2805ed52b47b8ec
499,62431fd374eb99fb 1d0f5fdc58e3efb5 8faeacf8ca08f62d 6406fcdb7d87b5dc 3c565c1fc2316d16 d216e5458ad70e60 f48d0fbea7dc2782 24c47959ea77b15b d6ed7e4b14c51296 07f22a7ad7e4711d 3e66b4855d0dddbe a76ffccd2f5df1a7 0f4c71d341e2d939 1dc7139adba034ec a853f13216170123 ddf332f2b55a2a23 24e582daf6f87158 cea18be9a89d7a81 54a11cbcd7a32af4 4d954d933e606b70 666bdff4faa513ca b6e72edcad270be0 5bf89d11a25121d9 4b29fc21f912754d 351c9da399c2b915 172bc0ee09332ae9 6a9aa1bd93e36e66 4d32dae7b43c489a 95ecdbff44ad0b60 999a52f1d301247c
500,a9223c28b10c131f 4577ae048ef1967d 1d0f5fdc58e3efb5 01104a026d22ae55 d216e5458ad70e60 a853f13216170123 ff88049e61f0f4ef e740c80fce094788 666bdff4faa513ca d1e21234d7cc61d2 0683b6a78f54be75 6204e398d8c7f888 2e4b00c01d58e79e bee46c54461925d0 b2ee9eea2d974c90 a5f55580081236f4 57113c2a4cacd961 4535ce2e3dced00f bfb8032f2183d471 4bed80e56ea2e099 83f8f2fc471cad74 7c98dedd223b36c0 419b5dc40744fb9b 8643165b0f53df11 050544c040f46152 a017f3358d5327aa 95ecdbff44ad0b60 36d33c41812ce7dc c810ac016901e8ac 238ec735a13a3f09
501,0eedb1a0d3b8ddae 0708923badf2ff5d 6ae470a7c9ec20fd b0e254dd420faee3 587e0b2a4811fab1 5b16bae6a0de7c88 ae94d8435a6847f4 a860b682add9de1c bf973f9ec3600199 5c4b7558c942a224 4beacc71024f8b08 9b0e8cf8153e3b33 e6a29676c096f8e8 a292248bb2bffb3d 404031ab9d5977c4 5430097e23000368 b84b6c0b2e4d0306 54a11cbcd7a32af4 59c231f8fd21260c a0566ca9daca7778 34a62e66e05f9a44 d5952b2e031c4e7e d1e21234d7cc61d2 0079f3c74309b582 b05b5f6850cfa158 c810ac016901e8ac 36d33c41812ce7dc 238ec735a13a3f09 7e4a4a1300b77a06 e7828f0ea9749505
502,2359719a0f40ffac 01e5a6edcee7deb0 9c9ebf71707d7a37 e8b87ed7db1bcb1f d1e21234d7cc61d2 49b5678e0d1e5bcd f2e30efbd27bee51 0220a434aa8bf029 4d32dae7b43c489a bf3ccaba4a3450a8 4d29c6922b2d0d56 fa173131f15f5534 d7d937303a6d5a9d a60934e6b473097a 01b3da54ffb158a0 43b3338423d7386c eab15ee21e126f6a 8f578001f9d5f543 20d283a232dfd13c b78189788d563693 b29ab87af6ea6310 46315cf30aaee51c ffa9091747ae2466 88b62355670ec8f8 025a148c3a53bd9f a65e30106ea50423 061f3e1feeaa3094 8faeacf8ca08f62d fc21db75b354a917 dc12cc503ac0eddb
503,976baf0e84752a68 7d83ffe83f61bdc4 ecb768ef6fd223ca 190ab585fd379f0f 36d33c41812ce7dc c810ac016901e8ac 238ec735a13a3f09 7cea1f637ea3f37d 6461a9faa871b3ac e7828f0ea9749505 d64c06baf5ef1c90 52e459a551d4ac2d 453bc79164d57a01 3d93a60f990a0a7c 9c9a9d45c2ea7ddf 61ba7707ef6a5a99 f48d0fbea7dc2782 1a8e5d6512d9e2d8 da904d2a54ff8cf2 d6ed7e4b14c51296 9b2adcf4041227d7 b78189788d563693 2820628e65a062e2 46315cf30aaee51c 4483bbdd3241f11a b0bfe0f426275870 0b774cf90856c4da 74873b42602d8958 047769588be1aea9 d64c7c3b658689f4
504,59c231f8fd21260c cc0c9419f8a20603 f1a3b8b13e9401c0 48a76e3aff69d605 ae94d8435a6847f4 54a11cbcd7a32af4 bf973f9ec3600199 404031ab9d5977c4 5c4b7558c942a224 4beacc71024f8b08 9b0e8cf8153e3b33 e6a29676c096f8e8 24e582daf6f87158 b84b6c0b2e4d0306 a0566ca9daca7778 34a62e66e05f9a44 d5952b2e031c4e7e 4d32dae7b43c489a 8faeacf8ca08f62d 3c565c1fc2316d16 f48d0fbea7dc2782 24c47959ea77b15b 393f49286db04aeb a60934e6b473097a 522bd6887960c25d 3b6d27775fce1c7b 81b639b74256b45b 3e66b4855d0dddbe 47fbe21f5c35c7b4 64b31699d7d15934
505,8e0cc5199a0ee659 74ae9af23a383bf5 3b6d27775fce1c7b 576dd429db946393 d63b7f083330247f ae000f9d0b5e104e 204ec91c39d1479d 00e1e2eb13f650e4 b69ce8b8154645f8 5b4c879fc9c316fb c5830f9d0f1e29e5 f209d29f991432f0 5430097e23000368 1f423f368aebf7f3 1efd7bd8a34a1359 8faeacf8ca08f62d 1d0f5fdc58e3efb5 95ecdbff44ad0b60 3cb6b40d377e7ca8 8abe670908f12614 a2805ed52b47b8ec b6e646c13d0753ae 3e8e56f639a5db5b 0eedb1a0d3b8ddae fd30682593995748 2a06f5614060e3b6 bd713b37b67866c3 e0269da736ddf004 b24820ae14e16a24 ff88049e61f0f4ef
506,f25bfcffedaccf28 52aa48c07b34dc88 16b11706660177ff e9c20b67a4c5395f 58654e3143c6550b 65ad9c583823162d ebfda3b48083e390 65708d542bd01f39 8dedff0a79784abc c143c095983a65c2 7f95168400948588 ad06e9eeea8eb4ea 35488b3b8b781278 a60934e6b473097a b05b5f6850cfa158 b6a1c97f19af78d0 d257d1fbcf43abd5 3b4a85bac6ead3c8 98dbd15aa33ebc18 25a3b47fe31bc6b5 0add47a043c64d7f 72b80b099fd64ec4 587e0b2a4811fab1 4dba7ce835494a63 2cebd52b41930f0a 45bd99d5d2eef776 b84b6c0b2e4d0306 1d0f5fdc58e3efb5 70ebf53ced736fa4 5430097e23000368
507,451e7ba901ad661d cc861214a89ef1f4 a84cd36608cb8665 0b774cf90856c4da af8e70f978cd5aee fab14d178b24a67f 537a55eda51a3f60 ecb768ef6fd223ca 4105533fe46dfba9 059bbdbdb843af6a 190ab585fd379f0f 6cb9ab508a0678a0 22e8d6734e4121ae 2bafd15871caae91 8e83d05923cde390 fc16a50ff0baec53 4b8c7061102517ef 5430097e23000368 05e4165a56bf50eb 5989fb934598c1a7 354d7a327bbcc152 0eedb1a0d3b8ddae 666bdff4faa513ca 1d0f5fdc58e3efb5 c11b97f245a9dfd0 b6a1c97f19af78d0 c49d8f84a4f87f8a 0079f3c74309b582 9c9a9d45c2ea7ddf ae000f9d0b5e104e
508,d5805cdb9e8f0f48 8d58da0e1800dc96 7f95168400948588 016da874bd04df55 4fe9e4e55585ba4b a292248bb2bffb3d eec6b281e236b500 8fc68213b63951dc ec1b3d7ccd3984d0 f76f44d372517a9a 59bf6d6df9146d60 54f55c74d37db3c0 4b05967001421eab 6899956cd6c683f0 1f4f62844c3cb99c 9cf6709de35bf0f3 bed3e73d52011f68 52370bea1acd0600 09660f466b38b7ba d7d937303a6d5a9d 8f578001f9d5f543 01020d1b0821f4c7 20d283a232dfd13c a18df74d3a16e9c0 6d80d2e62d01f6bc f9c6286cff30aaa8 b3ad55963554f220 b29ab87af6ea6310 955e465ce0788ea6 26fc2a95df5659c2
509,45bd99d5d2eef776 8df3f13d6af34cb3 666bdff4faa513ca 1dc7139adba034ec bee46c54461925d0 c810ac016901e8ac 36d33c41812ce7dc 238ec735a13a3f09 7e4a4a1300b77a06 e7828f0ea9749505 5057551fc55e9ed2 da7d3c2d591c4295 d64c06baf5ef1c90 83f8aca6ee2caabc e36475c1af5ea3ab 52e459a551d4ac2d 2bafd15871caae91 453bc79164d57a01 3d93a60f990a0a7c 5430097e23000368 cc861214a89ef1f4 af8e70f978cd5aee 98dbd15aa33ebc18 61ba7707ef6a5a99 2dd12c230ab22555 da904d2a54ff8cf2 c05f45f86d0771d5 6461a9faa871b3ac eff60ceea8817dad db0e648651f4c92b
510,148ac4a56a18844d a60934e6b473097a 58654e3143c6550b ebfda3b48083e390 4dba7ce835494a63 5f94b027039f4e48 0688c790d5806540 3b6d27775fce1c7b 25a3b47fe31bc6b5 0683b6a78f54be75 ad06e9eeea8eb4ea 98dbd15aa33ebc18 f25bfcffedaccf28 a5d5ba33b5b1dc95 24e582daf6f87158 e9c20b67a4c5395f 0f33ce8d8014f308 8dedff0a79784abc 8faeacf8ca08f62d eab15ee21e126f6a c143c095983a65c2 1c3b74a02a86467d ec1b3d7ccd3984d0 587e0b2a4811fab1 f76f44d372517a9a 52370bea1acd0600 c015590d6a6fe833 486dd77002936dec a292248bb2bffb3d 3b4a85bac6ead3c8
511,40583079f57235a6 1f4f62844c3cb99c 43b3338423d7386c a292248bb2bffb3d b3ad55963554f220 64b31699d7d15934 c28bc62802b90f82 a52df8083c238c46 8a5635c748344d47 8faeacf8ca08f62d 393f49286db04aeb eec6b281e236b500 8fc68213b63951dc a04d6febd82a4389 6c017e548aa138f2 095bb1b6ecbd0a50 d5805cdb9e8f0f48 54f55c74d37db3c0 47fbe21f5c35c7b4 d46598813fb437e5 b3e75fdca5ca2f1a 39075e303166355e 0db6584e3bdfa1c4 528161039994b4dc bed3e73d52011f68 09660f466b38b7ba f46601a9955f9949 7b81f1f2b6ec2e5f 702d8f1064ab3e30 ae94d8435a6847f4
512,522bd6887960c25d f48d0fbea7dc2782 047769588be1aea9 0451447dd64f6284 2e031d83339759b2 3c565c1fc2316d16 07f22a7ad7e4711d 24c47959ea77b15b 9100ea6cd0e084bf aa0789b403bcd839 bee46c54461925d0 486dd77002936dec 3e66b4855d0dddbe 5430097e23000368 a76ffccd2f5df1a7 62431fd374eb99fb 0f4c71d341e2d939 2e2904c5373734ae ddf332f2b55a2a23 acae1d29289b1266 cea18be9a89d7a81 4d954d933e606b70 ca43e349133fc0e3 65d44c6393907290 f29eee8054c061e1 da7d3c2d591c4295 5b4c879fc9c316fb b6e72edcad270be0 83b911ff0ff45844 4b29fc21f912754d
513,b6e72edcad270be0 24e582daf6f87158 4d32dae7b43c489a 3c565c1fc2316d16 8faeacf8ca08f62d f48d0fbea7dc2782 24c47959ea77b15b c11b97f245a9dfd0 a60934e6b473097a 522bd6887960c25d 393f49286db04aeb 3b6d27775fce1c7b 81b639b74256b45b 3e66b4855d0dddbe 64b31699d7d15934 b9d966ad9e04127a 0db6584e3bdfa1c4 c015590d6a6fe833 a76ffccd2f5df1a7 62431fd374eb99fb 0f4c71d341e2d939 54a11cbcd7a32af4 ddf332f2b55a2a23 cea18be9a89d7a81 48a76e3aff69d605 47fbe21f5c35c7b4 0e45c4c185f35df6 4d954d933e606b70 a860b682add9de1c 52370bea1acd0600
514,cc861214a89ef1f4 af8e70f978cd5aee fab14d178b24a67f 4105533fe46dfba9 ecb768ef6fd223ca 059bbdbdb843af6a 6cb9ab508a0678a0 22e8d6734e4121ae 5430097e23000368 4491016efed845f1 4b8c7061102517ef 48f93f9c2c699e19 05e4165a56bf50eb 354d7a327bbcc152 9cf6709de35bf0f3 8f578001f9d5f543 20d283a232dfd13c b78189788d563693 b29ab87af6ea6310 46315cf30aaee51c ffa9091747ae2466 025a148c3a53bd9f 29bedd00fb2be056 22dc81380cf4baec 9269d2b0d877352d fc21db75b354a917 e22c35101e190db9 c1f2e3a76d388944 0683b6a78f54be75 853e36b1550c6274
515,54a11cbcd7a32af4 4d954d933e606b70 bee46c54461925d0 98dbd15aa33ebc18 eff60ceea8817dad da7d3c2d591c4295 e36475c1af5ea3ab f25bfcffedaccf28 4d32dae7b43c489a b05b5f6850cfa158 ec1b3d7ccd3984d0 16b11706660177ff f76f44d372517a9a 01b3da54ffb158a0 0eedb1a0d3b8ddae 7f95168400948588 9f4e0d572b1f4e6c e1460af4a7044067 a853f13216170123 589ef345cb2dccfc 88b62355670ec8f8 1d0f5fdc58e3efb5 70ebf53ced736fa4 e25a1da6ca187350 ad06e9eeea8eb4ea 061f3e1feeaa3094 522bd6887960c25d e22c35101e190db9 1a05ef8c93af8eed a292248bb2bffb3d
516,3b4a85bac6ead3c8 bbbd5d2fd957e8f7 47fbe21f5c35c7b4 52370bea1acd0600 4d7653ea9499eed4 9a0f5ee4f845c9b2 0bcaac840d5e66d7 c28bc62802b90f82 cea18be9a89d7a81 3986b68500d7704b 3fa57d488e979d74 ff88049e61f0f4ef e0269da736ddf004 bd713b37b67866c3 fd30682593995748 2a06f5614060e3b6 39f6296778264878 e25a1da6ca187350 702d8f1064ab3e30 e36475c1af5ea3ab e7cad3748e50b0f8 0708923badf2ff5d 734dabb98795c35c 942a7d26d81c841f bd0f175ee98c613e ae94d8435a6847f4 b6d0f83aad4e4dc7 5fb2d8e734956af0 622f2e4119882c94 4b8c7061102517ef
517,64907c4568244eb4 2b48ab08c915c0ad fd30682593995748 0b774cf90856c4da 9d5edf3b993fee50 00ff646ca6637bd7 00d9f8d3f7d412b3 898a4921ab9f4cce fc8971756f9ec194 a1314cd417504572 537a55eda51a3f60 d72363ddd958d906 120e745e2961b5d5 a84cd36608cb8665 451e7ba901ad661d 7c9248ed6224aa26 70ebf53ced736fa4 ad06e9eeea8eb4ea dea5e9227fbbac29 4e966bb2768c2b8a f105a53e5cfae611 e25a1da6ca187350 4beacc71024f8b08 a9223c28b10c131f 07d688f5e2142b87 46315cf30aaee51c ca4de5b8a7bda9df c1f2e3a76d388944 016da874bd04df55 ba5199dba342af68
518,e8684734f2e587bd d216e5458ad70e60 4d954d933e606b70 b6e646c13d0753ae 8a5635c748344d47 da7d3c2d591c4295 a5f55580081236f4 1d0f5fdc58e3efb5 b69ce8b8154645f8 daa257a37227cd72 29bedd00fb2be056 a52df8083c238c46 c606425856952286 fb8bd6b95eb4702a 0a79fabc6f5d93c9 4c3802a1bd3c842e d63b7f083330247f 796888cc3443006c 6a3919ad9ed8197e 3ca7964973437917 a292248bb2bffb3d 8bf446c0455e3c5c 5fb2d8e734956af0 ddf332f2b55a2a23 bf3ccaba4a3450a8 60a070db9f1869b5 4dba7ce835494a63 ac9ee0c09b538140 09bbaa171c20bae3 d5952b2e031c4e7e
519,d72363ddd958d906 3c0873ce078d332b 44d324ebd3e22ad7 047769588be1aea9 9c9ebf71707d7a37 e8b87ed7db1bcb1f e8ad5e31484ef889 2359719a0f40ffac 36d33c41812ce7dc c810ac016901e8ac d1e21234d7cc61d2 49b5678e0d1e5bcd 025a148c3a53bd9f 016da874bd04df55 f2e30efbd27bee51 316382267dcd804f 9100ea6cd0e084bf a14394322cf7043d 74244a8703c03720 d64c06baf5ef1c90 83f8aca6ee2caabc c6b615b2589e036d 27a12f29dceccdbd c1f2e3a76d388944 453bc79164d57a01 b6cdb608f640e038 0220a434aa8bf029 bd0f175ee98c613e 18b1d2d84c97a364 2820628e65a062e2
520,acf5cb026b3c4551 d216e5458ad70e60 6a9aa1bd93e36e66 3b4a85bac6ead3c8 6406fcdb7d87b5dc 07f22a7ad7e4711d 1dc7139adba034ec e8ad5e31484ef889 aa967ad3c1f65a29 1398b478b71773ed 4d7653ea9499eed4 9a0f5ee4f845c9b2 0bcaac840d5e66d7 c28bc62802b90f82 702d8f1064ab3e30 3986b68500d7704b 39f6296778264878 2a06f5614060e3b6 fd30682593995748 52370bea1acd0600 3fa57d488e979d74 ff88049e61f0f4ef e0269da736ddf004 bd713b37b67866c3 c31a456b544a40a8 942a7d26d81c841f bd0f175ee98c613e ae94d8435a6847f4 b6d0f83aad4e4dc7 b24820ae14e16a24
521,5c4b7558c942a224 1d0f5fdc58e3efb5 e6a29676c096f8e8 636224e349e561bf a853f13216170123 e740c80fce094788 ae94d8435a6847f4 a2805ed52b47b8ec 0eedb1a0d3b8ddae 666bdff4faa513ca d1e21234d7cc61d2 0683b6a78f54be75 b05b5f6850cfa158 73f770f2643a2135 8faeacf8ca08f62d 538c7bb968b2154c bf973f9ec3600199 5430097e23000368 c1f2e3a76d388944 4beacc71024f8b08 9b0e8cf8153e3b33 ce0f56b7190c268a d3c4a7db726191e0 b26d8664feb18c8c f29eee8054c061e1 01ecc81f6341e902 95ecdbff44ad0b60 acf5cb026b3c4551 404031ab9d5977c4 97d696011258825c
522,9b2adcf4041227d7 a60934e6b473097a 430feb4826a5632e 520ec719078be07c cc507a0d6fcf4a1c eff60ceea8817dad bb7515be835dea49 48cf88c17ff38c5e bfb8032f2183d471 24e582daf6f87158 eab15ee21e126f6a 999a52f1d301247c 3a6e7894dde31c67 27888817db122597 3b6d27775fce1c7b c015590d6a6fe833 07be6a290720707d 99e833818ec4bbf2 5ebb4d2f5f1c1f13 f209d29f991432f0 d16da1fb61813db9 52370bea1acd0600 8dedff0a79784abc 285657fcdf89f00d 97d696011258825c 4f915ad69e1dca36 419b5dc40744fb9b 28a2067685cb3e97 50cb6a6c60ad711a edc79e57b20e9036
523,3a6e7894dde31c67 7155e5a86136eb02 a860b682add9de1c 3b6d27775fce1c7b c015590d6a6fe833 24e582daf6f87158 0f33ce8d8014f308 e9c20b67a4c5395f 52370bea1acd0600 8dedff0a79784abc c143c095983a65c2 285657fcdf89f00d 0451447dd64f6284 4f915ad69e1dca36 9b0e8cf8153e3b33 28a2067685cb3e97 50cb6a6c60ad711a 35488b3b8b781278 b6a1c97f19af78d0 7c8324ce28ffb96e d73a65673e3f1d78 128d583954b18074 e0269da736ddf004 ff88049e61f0f4ef 3fa57d488e979d74 feddfcf56818968e 3986b68500d7704b 702d8f1064ab3e30 bd9cd6b87a4fe0ce c28bc62802b90f82
524,fa173131f15f5534 f25bfcffedaccf28 16b11706660177ff abf90e759d208468 393f49286db04aeb 0db6584e3bdfa1c4 65fac1ba1840000f 942a7d26d81c841f 24e582daf6f87158 4d32dae7b43c489a d46598813fb437e5 3c565c1fc2316d16 3b4a85bac6ead3c8 f48d0fbea7dc2782 24c47959ea77b15b a60934e6b473097a 522bd6887960c25d 3b6d27775fce1c7b 81b639b74256b45b 3e66b4855d0dddbe 64b31699d7d15934 b9d966ad9e04127a c015590d6a6fe833 a76ffccd2f5df1a7 62431fd374eb99fb 0f4c71d341e2d939 54a11cbcd7a32af4 ddf332f2b55a2a23 cea18be9a89d7a81 8faeacf8ca08f62d
525,36d33c41812ce7dc c810ac016901e8ac 74244a8703c03720 d64c06baf5ef1c90 83f8aca6ee2caabc 453bc79164d57a01 025a148c3a53bd9f 016da874bd04df55 316382267dcd804f a14394322cf7043d b8e2f75014710ced 27a12f29dceccdbd 4d954d933e606b70 18b1d2d84c97a364 2bafd15871caae91 3d93a60f990a0a7c cc861214a89ef1f4 39f6296778264878 2dd12c230ab22555 f28fb3d9880c5d4c 9100ea6cd0e084bf bc27d5dc9bab1c18 c28bc62802b90f82 26fc2a95df5659c2 a677c3a76055a6d2 e5fb8dc5c9cb4a19 2e44fbb8bc3d8d71 238ec735a13a3f09 c6b615b2589e036d 0c2eeab1e4ce1db8
526,70ebf53ced736fa4 dea5e9227fbbac29 ad06e9eeea8eb4ea 5430097e23000368 a76ffccd2f5df1a7 e9c20b67a4c5395f c143c095983a65c2 5f94b027039f4e48 8dedff0a79784abc 3b6d27775fce1c7b 3a6e7894dde31c67 f76f44d372517a9a c015590d6a6fe833 24e582daf6f87158 0f33ce8d8014f308 f105a53e5cfae611 35488b3b8b781278 4beacc71024f8b08 a9223c28b10c131f b6a1c97f19af78d0 1d0f5fdc58e3efb5 f25bfcffedaccf28 9b0e8cf8153e3b33 28a2067685cb3e97 f2e30efbd27bee51 c5830f9d0f1e29e5 52370bea1acd0600 285657fcdf89f00d da011b87595c1019 9cf6709de35bf0f3
527,9c9ebf71707d7a37 01020d1b0821f4c7 dc576af4ae66e25e 919b1679fffa7ef1 0220a434aa8bf029 a292248bb2bffb3d ba5199dba342af68 d1e21234d7cc61d2 1f4f62844c3cb99c 5879096a38d69fc5 eec6b281e236b500 8fc68213b63951dc db0e648651f4c92b 585f4ee09d8fea46 0eb4de784c8dd679 3fa57d488e979d74 3a6e7894dde31c67 ec1b3d7ccd3984d0 16b11706660177ff f76f44d372517a9a 5fb2d8e734956af0 d216e5458ad70e60 bed3e73d52011f68 9cf6709de35bf0f3 a60934e6b473097a 18ced18aee04c48e 8f578001f9d5f543 01ecc81f6341e902 20d283a232dfd13c d7d937303a6d5a9d
528,4d32dae7b43c489a c810ac016901e8ac 36d33c41812ce7dc 01e5a6edcee7deb0 01b3da54ffb158a0 d64c06baf5ef1c90 83f8aca6ee2caabc d7d937303a6d5a9d 453bc79164d57a01 e7cad3748e50b0f8 88b62355670ec8f8 025a148c3a53bd9f 016da874bd04df55 a65e30106ea50423 316382267dcd804f 9100ea6cd0e084bf a14394322cf7043d 061f3e1feeaa3094 74244a8703c03720 dc12cc503ac0eddb c6b615b2589e036d a5d5ba33b5b1dc95 27a12f29dceccdbd b6cdb608f640e038 65ad9c583823162d bd0f175ee98c613e 65708d542bd01f39 0647acc4602d4e8f 18b1d2d84c97a364 fa173131f15f5534
529,83f5a9732f0de67f a292248bb2bffb3d cc0c9419f8a20603 d1e21234d7cc61d2 00e1e2eb13f650e4 0195950ce0f47e34 52370bea1acd0600 4d7653ea9499eed4 9a0f5ee4f845c9b2 0bcaac840d5e66d7 c28bc62802b90f82 702d8f1064ab3e30 3986b68500d7704b 47fbe21f5c35c7b4 ff88049e61f0f4ef e0269da736ddf004 bd713b37b67866c3 fd30682593995748 2a06f5614060e3b6 e25a1da6ca187350 3fa57d488e979d74 0708923badf2ff5d 734dabb98795c35c 942a7d26d81c841f bd0f175ee98c613e ae94d8435a6847f4 b6d0f83aad4e4dc7 b24820ae14e16a24 622f2e4119882c94 39f6296778264878
530,46b99f864d6a075a 447fc00f40d71d08 3e8e56f639a5db5b 680bb5c5c3bb6ee1 ac9ee0c09b538140 6a9aa1bd93e36e66 72403ecdfe02bba6 d216e5458ad70e60 796888cc3443006c 63d95d5977c2fe98 5b16bae6a0de7c88 387e9cd2e5d4ea7d 8e0760918e88e4a9 f2234bb7ce0c6f59 0d0368139e9a647f 05f23e7d05dbf7c2 0fbd0f422e926816 73391e0853c1e040 b6d0f83aad4e4dc7 486dd77002936dec abf90e759d208468 74244a8703c03720 a9dad59c7055b56c 29968e8fd13539f8 70776cdd9bb3b7d4 106204cd0e07e1b2 7eec211cc37a1b05 34a62e66e05f9a44 09660f466b38b7ba 49224aca40e6e5e3
531,b1e47da7659b675c 48a76e3aff69d605 a860b682add9de1c 52e459a551d4ac2d 585f4ee09d8fea46 0c2eeab1e4ce1db8 b6e72edcad270be0 f1a3b8b13e9401c0 10ad13170242ecae 24e582daf6f87158 5c4b7558c942a224 528161039994b4dc 47fbe21f5c35c7b4 e6a29676c096f8e8 59c231f8fd21260c 88b62355670ec8f8 5897953fdf87b60f a813c15b46ceaf68 1efd7bd8a34a1359 63d509cd2a2e0e47 95166957b2c38794 a0566ca9daca7778 1d0f5fdc58e3efb5 2e4b00c01d58e79e d63b7f083330247f a2c35fdf07a13286 2394b08708475900 a017f3358d5327aa 4d32dae7b43c489a 8faeacf8ca08f62d
532,4d29c6922b2d0d56 bf3ccaba4a3450a8 197fa50b30d91fe8 b6e72edcad270be0 1f4f62844c3cb99c b3ad55963554f220 c28bc62802b90f82 2a06f5614060e3b6 a52df8083c238c46 95166957b2c38794 eec6b281e236b500 8fc68213b63951dc 40583079f57235a6 6c017e548aa138f2 095bb1b6ecbd0a50 d5805cdb9e8f0f48 64b31699d7d15934 54f55c74d37db3c0 b3e75fdca5ca2f1a 39075e303166355e bed3e73d52011f68 09660f466b38b7ba 702d8f1064ab3e30 8f578001f9d5f543 20d283a232dfd13c b69ce8b8154645f8 955e465ce0788ea6 b29ab87af6ea6310 46315cf30aaee51c 26fc2a95df5659c2
533,0a49074a4158155b 585f4ee09d8fea46 f25bfcffedaccf28 16b11706660177ff 7f95168400948588 734dabb98795c35c 10ad13170242ecae 6899956cd6c683f0 0add47a043c64d7f 72b80b099fd64ec4 2cebd52b41930f0a 45bd99d5d2eef776 b84b6c0b2e4d0306 b05b5f6850cfa158 cc0c9419f8a20603 ca43e349133fc0e3 5547f9f1638ac345 c49d8f84a4f87f8a 92f42fbd0c38f7fd 52aa48c07b34dc88 19e8f436d4b2fc25 1d72229ebcc00faf c11b97f245a9dfd0 c143c095983a65c2 72c2a95813ea72bd 4f31209941bb05fc 43c354dbf952caaa a0566ca9daca7778 6aefb6531736648a 892074f7c1ef5d5e
534,0c2eeab1e4ce1db8 42c9b72cc77dcb28 2e44fbb8bc3d8d71 351c9da399c2b915 74244a8703c03720 36d33c41812ce7dc c810ac016901e8ac f28fb3d9880c5d4c a677c3a76055a6d2 b8e2f75014710ced 2bafd15871caae91 d64c06baf5ef1c90 83f8aca6ee2caabc 453bc79164d57a01 2dd12c230ab22555 fc8971756f9ec194 025a148c3a53bd9f 016da874bd04df55 316382267dcd804f a14394322cf7043d 3d93a60f990a0a7c cc861214a89ef1f4 27a12f29dceccdbd 238ec735a13a3f09 702d8f1064ab3e30 18b1d2d84c97a364 7e4a4a1300b77a06 ae94d8435a6847f4 b0b5e62a93a2c37c 430feb4826a5632e
535,f705b637f624147e 74e59c5820900b17 5b34da30b93eb123 b749972436ac9791 c08c3765ac609cc0 18ced18aee04c48e 922e625fae98b3b9 a9eef13786610446 ffc688c4c1c2a068 05f23e7d05dbf7c2 5430097e23000368 25a3b47fe31bc6b5 bed3e73d52011f68 f46601a9955f9949 49224aca40e6e5e3 28a2067685cb3e97 2359719a0f40ffac 2810fb6f81d1711c 8d58da0e1800dc96 e14a893f1918277e f2234bb7ce0c6f59 acae1d29289b1266 0eafda717681bbdc 00140806971e7a73 e7cad3748e50b0f8 65fac1ba1840000f 2a06f5614060e3b6 0fbd0f422e926816 63d95d5977c2fe98 44d324ebd3e22ad7
536,133b04350c75770b a60934e6b473097a 3b4a85bac6ead3c8 1d0f5fdc58e3efb5 b6a1c97f19af78d0 8643165b0f53df11 48cf88c17ff38c5e 52370bea1acd0600 285657fcdf89f00d 3b6d27775fce1c7b e4a7a996ed6a5a81 0451447dd64f6284 e740c80fce094788 4beacc71024f8b08 680bb5c5c3bb6ee1 98dbd15aa33ebc18 e9c20b67a4c5395f 148ac4a56a18844d 58654e3143c6550b ebfda3b48083e390 587e0b2a4811fab1 50806199c80e215c 8dedff0a79784abc f25bfcffedaccf28 cb3e4ce97e7f2881 c143c095983a65c2 95d25d38ba7df9c7 9b0e8cf8153e3b33 35488b3b8b781278 b84b6c0b2e4d0306
537,00ff646ca6637bd7 b8e2f75014710ced 354d7a327bbcc152 6cb9ab508a0678a0 f28fb3d9880c5d4c a677c3a76055a6d2 0c2eeab1e4ce1db8 00af886180e9eaec 2e44fbb8bc3d8d71 42c9b72cc77dcb28 fc8971756f9ec194 4d32dae7b43c489a 351c9da399c2b915 9a439fd1abf95245 2bafd15871caae91 74244a8703c03720 b0b5e62a93a2c37c 2dd12c230ab22555 120e745e2961b5d5 c810ac016901e8ac 36d33c41812ce7dc 5897953fdf87b60f 01e5a6edcee7deb0 4b29fc21f912754d 01b3da54ffb158a0 0a79fabc6f5d93c9 2e4b00c01d58e79e d64c06baf5ef1c90 83f8aca6ee2caabc d7d937303a6d5a9d
538,e8ad5e31484ef889 63d509cd2a2e0e47 a5f55580081236f4 07be6a290720707d 1398b478b71773ed 3e66b4855d0dddbe bf3ccaba4a3450a8 bf973f9ec3600199 8dedff0a79784abc d216e5458ad70e60 1d0f5fdc58e3efb5 4f31209941bb05fc 4d954d933e606b70 430feb4826a5632e ce8cb4351b8c0f6e 680bb5c5c3bb6ee1 bc2ae5f4e5d53e00 a9dad59c7055b56c bee46c54461925d0 a017f3358d5327aa 0079f3c74309b582 013030fd7d29bf3d 8faeacf8ca08f62d da7d3c2d591c4295 5430097e23000368 e36475c1af5ea3ab 98dbd15aa33ebc18 eff60ceea8817dad 0a49074a4158155b 95ecdbff44ad0b60
539,ec1b3d7ccd3984d0 9cf6709de35bf0f3 522bd6887960c25d e22c35101e190db9 48f93f9c2c699e19 eab15ee21e126f6a acf5cb026b3c4551 b1dcaca98bb76736 3c565c1fc2316d16 238de368bb05c0ec 387e9cd2e5d4ea7d 4e966bb2768c2b8a 4491016efed845f1 f76f44d372517a9a 3cb6b40d377e7ca8 c1f2e3a76d388944 877672967d3f70bb 061f3e1feeaa3094 0db6584e3bdfa1c4 25145708d494530b 29bedd00fb2be056 4d7653ea9499eed4 bb7515be835dea49 54a11cbcd7a32af4 a60934e6b473097a 5c8c6d9a1fd4c1e0 42bb83d7c4b9ecae 0add47a043c64d7f f209d29f991432f0 095bb1b6ecbd0a50
540,942a7d26d81c841f ca43e349133fc0e3 e8b87ed7db1bcb1f 455fde214d16d350 2e031d83339759b2 c810ac016901e8ac 36d33c41812ce7dc 238ec735a13a3f09 7e4a4a1300b77a06 e7828f0ea9749505 5057551fc55e9ed2 d64c06baf5ef1c90 83f8aca6ee2caabc 52e459a551d4ac2d 2bafd15871caae91 453bc79164d57a01 3d93a60f990a0a7c 5430097e23000368 cc861214a89ef1f4 af8e70f978cd5aee 61ba7707ef6a5a99 2dd12c230ab22555 da904d2a54ff8cf2 c05f45f86d0771d5 6461a9faa871b3ac db0e648651f4c92b 00d9f8d3f7d412b3 f28fb3d9880c5d4c ee3ed9a3f51336cd d6ed7e4b14c51296
541,e878efab7c37179e bb7515be835dea49 419b5dc40744fb9b d16da1fb61813db9 eff60ceea8817dad 97d696011258825c eab15ee21e126f6a 99e833818ec4bbf2 f209d29f991432f0 47fbe21f5c35c7b4 2394b08708475900 bc2ae5f4e5d53e00 5430097e23000368 4b05967001421eab 430feb4826a5632e a9dad59c7055b56c edc79e57b20e9036 e1460af4a7044067 22dc81380cf4baec 1d0f5fdc58e3efb5 e228204ae08d1355 9269d2b0d877352d 1a05ef8c93af8eed a492bd402afd5c71 828f5dfbbf1272ee fb2ebcb5335ad2e2 96e82fa141db9a4b 3b6d27775fce1c7b 5c8c6d9a1fd4c1e0 40583079f57235a6
542,0eafda717681bbdc ec4ef2f727e7a03f de35d2410e916471 da011b87595c1019 40583079f57235a6 b05b5f6850cfa158 a492bd402afd5c71 72b80b099fd64ec4 1f4f62844c3cb99c 3cb6b40d377e7ca8 b26d8664feb18c8c 877672967d3f70bb b3ad55963554f220 0e45c4c185f35df6 c28bc62802b90f82 3b4a85bac6ead3c8 83b911ff0ff45844 a52df8083c238c46 83f8f2fc471cad74 c14d5b16840d3032 50cb6a6c60ad711a c11b97f245a9dfd0 e403278468d84383 64b31699d7d15934 238de368bb05c0ec a292248bb2bffb3d eec6b281e236b500 8fc68213b63951dc a04d6febd82a4389 6c017e548aa138f2
543,c31a456b544a40a8 1d0f5fdc58e3efb5 e9c20b67a4c5395f 58654e3143c6550b ebfda3b48083e390 8dedff0a79784abc c143c095983a65c2 702d8f1064ab3e30 ae94d8435a6847f4 430feb4826a5632e b6e646c13d0753ae f25bfcffedaccf28 35488b3b8b781278 73f770f2643a2135 74244a8703c03720 8faeacf8ca08f62d b6a1c97f19af78d0 d257d1fbcf43abd5 98dbd15aa33ebc18 25a3b47fe31bc6b5 f58ff7f1a6cde683 70ebf53ced736fa4 ad06e9eeea8eb4ea 40583079f57235a6 b8e2f75014710ced a60934e6b473097a 3b6d27775fce1c7b 3b4a85bac6ead3c8 5430097e23000368 c015590d6a6fe833
544,e22c35101e190db9 ec1b3d7ccd3984d0 48f93f9c2c699e19 0a79fabc6f5d93c9 3cb6b40d377e7ca8 27bc34b9887bec0d 29bedd00fb2be056 d3c4a7db726191e0 09bbaa171c20bae3 43b3338423d7386c 095bb1b6ecbd0a50 01b3da54ffb158a0 f25bfcffedaccf28 061f3e1feeaa3094 4d32dae7b43c489a 16b11706660177ff a292248bb2bffb3d 6c017e548aa138f2 25145708d494530b 54f55c74d37db3c0 45630e1451157ff3 b26d8664feb18c8c 9cf6709de35bf0f3 522bd6887960c25d 8a5635c748344d47 589ef345cb2dccfc 8faeacf8ca08f62d b3e75fdca5ca2f1a fb2ebcb5335ad2e2 7f95168400948588
545,404031ab9d5977c4 63d509cd2a2e0e47 47fbe21f5c35c7b4 3c565c1fc2316d16 5b4c879fc9c316fb f48d0fbea7dc2782 24c47959ea77b15b 3e66b4855d0dddbe cc507a0d6fcf4a1c a76ffccd2f5df1a7 62431fd374eb99fb 0f4c71d341e2d939 ddf332f2b55a2a23 cea18be9a89d7a81 a853f13216170123 4d954d933e606b70 4f2fffd7528de786 b6e72edcad270be0 7155e5a86136eb02 4b29fc21f912754d 486dd77002936dec 172bc0ee09332ae9 2e031d83339759b2 666bdff4faa513ca 6406fcdb7d87b5dc 07f22a7ad7e4711d 999a52f1d301247c 66ccd03c9e03ac06 238de368bb05c0ec a2c35fdf07a13286
546,0eedb1a0d3b8ddae 0708923badf2ff5d 6ae470a7c9ec20fd b0e254dd420faee3 587e0b2a4811fab1 48a76e3aff69d605 24e582daf6f87158 a860b682add9de1c 4d32dae7b43c489a 8faeacf8ca08f62d 3c565c1fc2316d16 f48d0fbea7dc2782 24c47959ea77b15b 393f49286db04aeb a60934e6b473097a 522bd6887960c25d 3b6d27775fce1c7b 81b639b74256b45b 3e66b4855d0dddbe 47fbe21f5c35c7b4 64b31699d7d15934 b9d966ad9e04127a 0db6584e3bdfa1c4 c015590d6a6fe833 a76ffccd2f5df1a7 62431fd374eb99fb 0f4c71d341e2d939 54a11cbcd7a32af4 ddf332f2b55a2a23 cea18be9a89d7a81
547,a5d5ba33b5b1dc95 4d32dae7b43c489a a60934e6b473097a 7c8324ce28ffb96e 24e582daf6f87158 393f49286db04aeb 8faeacf8ca08f62d d7d937303a6d5a9d 01e5a6edcee7deb0 0db6584e3bdfa1c4 a65e30106ea50423 01b3da54ffb158a0 3b6d27775fce1c7b 81b639b74256b45b eab15ee21e126f6a 3c565c1fc2316d16 0647acc4602d4e8f 36d33c41812ce7dc c810ac016901e8ac 29968e8fd13539f8 88b62355670ec8f8 f48d0fbea7dc2782 24c47959ea77b15b 52370bea1acd0600 061f3e1feeaa3094 dc12cc503ac0eddb d64c06baf5ef1c90 83f8aca6ee2caabc 522bd6887960c25d 1c3b74a02a86467d
548,19e8f436d4b2fc25 f25bfcffedaccf28 16b11706660177ff 7f95168400948588 0add47a043c64d7f 72b80b099fd64ec4 6899956cd6c683f0 2cebd52b41930f0a 45bd99d5d2eef776 b84b6c0b2e4d0306 b05b5f6850cfa158 cc0c9419f8a20603 ca43e349133fc0e3 5547f9f1638ac345 92f42fbd0c38f7fd 52aa48c07b34dc88 1d72229ebcc00faf 5897953fdf87b60f 4b29fc21f912754d c11b97f245a9dfd0 0a79fabc6f5d93c9 2e4b00c01d58e79e 855f2f0354e102c7 81bd116c786bf9ae 43c354dbf952caaa a0566ca9daca7778 f1a3b8b13e9401c0 24e582daf6f87158 4d32dae7b43c489a bee46c54461925d0
549,01104a026d22ae55 ff88049e61f0f4ef 04fda7c9d8971ec0 00ff646ca6637bd7 ce2fe99a7cda4a17 4a5ac473c9d176ba 354d7a327bbcc152 8699cc5dd4159b69 8e83d05923cde390 81bd116c786bf9ae b8e2f75014710ced 6cb9ab508a0678a0 5570ef88d970e9b4 10ad13170242ecae 00af886180e9eaec 46315cf30aaee51c 016da874bd04df55 65fac1ba1840000f c606425856952286 74244a8703c03720 047769588be1aea9 9a439fd1abf95245 0688c790d5806540 853e36b1550c6274 e7dd56376be2cf1c 9c9a9d45c2ea7ddf 5867d40811c0229f 4d9214c0925e5af8 351c9da399c2b915 428f9363fa35882d
550,ddf332f2b55a2a23 09bbaa171c20bae3 8bf446c0455e3c5c 2e79d45ba4d1540d 3986b68500d7704b 455fde214d16d350 486dd77002936dec 3b4a85bac6ead3c8 0eedb1a0d3b8ddae 04886579947a80c2 9a0f5ee4f845c9b2 0bcaac840d5e66d7 c28bc62802b90f82 702d8f1064ab3e30 3fa57d488e979d74 4d7653ea9499eed4 0708923badf2ff5d e0269da736ddf004 bd713b37b67866c3 fd30682593995748 2a06f5614060e3b6 39f6296778264878 e25a1da6ca187350 ff88049e61f0f4ef 942a7d26d81c841f bd0f175ee98c613e ae94d8435a6847f4 b6d0f83aad4e4dc7 b24820ae14e16a24 622f2e4119882c94
551,cc2cc23a98c14c33 204ec91c39d1479d 3cb6b40d377e7ca8 dc17b07476183764 52370bea1acd0600 b0e254dd420faee3 1f423f368aebf7f3 87c5481930cfe126 d257d1fbcf43abd5 9ab90dfc5c9b0b37 1d0f5fdc58e3efb5 387e9cd2e5d4ea7d a017f3358d5327aa 10ad13170242ecae 0eedb1a0d3b8ddae 00d9eb862ba3dfc6 d73a65673e3f1d78 128d583954b18074 c28bc62802b90f82 2a06f5614060e3b6 0bcaac840d5e66d7 bd713b37b67866c3 9a0f5ee4f845c9b2 3986b68500d7704b 3fa57d488e979d74 ff88049e61f0f4ef e0269da736ddf004 702d8f1064ab3e30 734dabb98795c35c bd0f175ee98c613e
552,40583079f57235a6 1f4f62844c3cb99c b3ad55963554f220 64b31699d7d15934 c28bc62802b90f82 a52df8083c238c46 197fa50b30d91fe8 8faeacf8ca08f62d 393f49286db04aeb a292248bb2bffb3d cc861214a89ef1f4 eec6b281e236b500 8fc68213b63951dc 61ba7707ef6a5a99 a04d6febd82a4389 6c017e548aa138f2 095bb1b6ecbd0a50 d5805cdb9e8f0f48 54f55c74d37db3c0 47fbe21f5c35c7b4 d46598813fb437e5 b3e75fdca5ca2f1a 39075e303166355e 0db6584e3bdfa1c4 e5fb8dc5c9cb4a19 528161039994b4dc bed3e73d52011f68 09660f466b38b7ba f46601a9955f9949 7b81f1f2b6ec2e5f
553,4b05967001421eab 1d12acf7349196b0 20db73cf07a45f71 95d25d38ba7df9c7 e403278468d84383 42bb83d7c4b9ecae 2e031d83339759b2 9fda36f260eec24e 377c1150c781e37a 05e4165a56bf50eb bee46c54461925d0 7ee52d2519eea367 b6a1c97f19af78d0 3b4a85bac6ead3c8 da7d3c2d591c4295 e36475c1af5ea3ab 98dbd15aa33ebc18 eff60ceea8817dad 24e582daf6f87158 486dd77002936dec 4d32dae7b43c489a 8faeacf8ca08f62d 3c565c1fc2316d16 f48d0fbea7dc2782 24c47959ea77b15b 393f49286db04aeb a60934e6b473097a 522bd6887960c25d 3b6d27775fce1c7b 81b639b74256b45b
554,24e582daf6f87158 2e031d83339759b2 acf5cb026b3c4551 47fbe21f5c35c7b4 5897953fdf87b60f 528161039994b4dc 88b62355670ec8f8 a2c35fdf07a13286 a813c15b46ceaf68 4d32dae7b43c489a 8faeacf8ca08f62d 2e4b00c01d58e79e 3c565c1fc2316d16 d63b7f083330247f f48d0fbea7dc2782 24c47959ea77b15b 393f49286db04aeb 2394b08708475900 a60934e6b473097a 522bd6887960c25d 3b6d27775fce1c7b 81b639b74256b45b 3e66b4855d0dddbe 64b31699d7d15934 b9d966ad9e04127a 0db6584e3bdfa1c4 c015590d6a6fe833 a76ffccd2f5df1a7 62431fd374eb99fb 0f4c71d341e2d939
555,013030fd7d29bf3d fd57e641d06ebda7 734dabb98795c35c 00d9eb862ba3dfc6 fa173131f15f5534 00e1e2eb13f650e4 c49d8f84a4f87f8a a292248bb2bffb3d 6aefb6531736648a 585f4ee09d8fea46 892074f7c1ef5d5e c143c095983a65c2 72c2a95813ea72bd 4f31209941bb05fc f54ad8d1eb18212e 8faeacf8ca08f62d 2e2904c5373734ae 428f9363fa35882d e8ad5e31484ef889 07be6a290720707d 3986b68500d7704b dc576af4ae66e25e 919b1679fffa7ef1 63d509cd2a2e0e47 19b4014943e0ad92 f0d53dcf0c296b57 ce8cb4351b8c0f6e 0079f3c74309b582 1d0f5fdc58e3efb5 83f5a9732f0de67f
556,1c3b74a02a86467d 447fc00f40d71d08 3e8e56f639a5db5b a5d5ba33b5b1dc95 ced9c56f2be86774 4d32dae7b43c489a a65e30106ea50423 46b99f864d6a075a 29968e8fd13539f8 5ebb4d2f5f1c1f13 01b3da54ffb158a0 bc2552a642ce8497 148ac4a56a18844d 061f3e1feeaa3094 4d29c6922b2d0d56 96445bec1579ec97 74244a8703c03720 88b62355670ec8f8 fc16a50ff0baec53 8e0760918e88e4a9 a292248bb2bffb3d 98dbd15aa33ebc18 f49e13a653cbdad2 5989fb934598c1a7 d73a65673e3f1d78 d7d937303a6d5a9d 8699cc5dd4159b69 680bb5c5c3bb6ee1 65ad9c583823162d 919b1679fffa7ef1
557,cc861214a89ef1f4 af8e70f978cd5aee fab14d178b24a67f 3a6e7894dde31c67 4105533fe46dfba9 059bbdbdb843af6a 430feb4826a5632e 3b6d27775fce1c7b 6cb9ab508a0678a0 c015590d6a6fe833 c5830f9d0f1e29e5 24e582daf6f87158 0f33ce8d8014f308 a2805ed52b47b8ec ecb768ef6fd223ca e9c20b67a4c5395f b6e646c13d0753ae 22e8d6734e4121ae 52370bea1acd0600 8dedff0a79784abc c143c095983a65c2 285657fcdf89f00d 0451447dd64f6284 4f915ad69e1dca36 4b8c7061102517ef 9b0e8cf8153e3b33 28a2067685cb3e97 50cb6a6c60ad711a bc2ae5f4e5d53e00 35488b3b8b781278
558,0f4c71d341e2d939 95d25d38ba7df9c7 4d32dae7b43c489a 26fc2a95df5659c2 42bb83d7c4b9ecae 20db73cf07a45f71 1c3b74a02a86467d 64b31699d7d15934 c11b97f245a9dfd0 e7828f0ea9749505 3c565c1fc2316d16 a65e30106ea50423 0db6584e3bdfa1c4 9f4e0d572b1f4e6c 061f3e1feeaa3094 d7d937303a6d5a9d 1f4f62844c3cb99c 9fda36f260eec24e b3ad55963554f220 8faeacf8ca08f62d c28bc62802b90f82 a60934e6b473097a 05e4165a56bf50eb f46601a9955f9949 2a06f5614060e3b6 29968e8fd13539f8 a52df8083c238c46 eec6b281e236b500 a5d5ba33b5b1dc95 8fc68213b63951dc
559,8e0cc5199a0ee659 74ae9af23a383bf5 576dd429db946393 ae000f9d0b5e104e 204ec91c39d1479d b69ce8b8154645f8 5b4c879fc9c316fb 430feb4826a5632e f209d29f991432f0 c5830f9d0f1e29e5 1f423f368aebf7f3 00e1e2eb13f650e4 1efd7bd8a34a1359 bc2ae5f4e5d53e00 a9dad59c7055b56c 9a0f5ee4f845c9b2 0bcaac840d5e66d7 4d7653ea9499eed4 c28bc62802b90f82 702d8f1064ab3e30 3fa57d488e979d74 ff88049e61f0f4ef e0269da736ddf004 bd713b37b67866c3 fd30682593995748 39f6296778264878 3986b68500d7704b 942a7d26d81c841f ae94d8435a6847f4 b6d0f83aad4e4dc7
560,b26d8664feb18c8c d3c4a7db726191e0 dc12cc503ac0eddb 538c7bb968b2154c 061f3e1feeaa3094 4d32dae7b43c489a ce0f56b7190c268a 16b11706660177ff acf5cb026b3c4551 73f770f2643a2135 a292248bb2bffb3d 01b3da54ffb158a0 a2805ed52b47b8ec 9b2adcf4041227d7 a04d6febd82a4389 01ecc81f6341e902 f25bfcffedaccf28 33856365c271aea4 ec1b3d7ccd3984d0 97d696011258825c 52aa48c07b34dc88 25145708d494530b d7d937303a6d5a9d 0a79fabc6f5d93c9 07d688f5e2142b87 2cebd52b41930f0a eff60ceea8817dad 5879096a38d69fc5 095bb1b6ecbd0a50 522bd6887960c25d
561,06de3ca1148b088b 734dabb98795c35c c49d8f84a4f87f8a 6aefb6531736648a 585f4ee09d8fea46 892074f7c1ef5d5e c143c095983a65c2 72c2a95813ea72bd 4f31209941bb05fc f54ad8d1eb18212e 2e2904c5373734ae 428f9363fa35882d e8ad5e31484ef889 07be6a290720707d 3986b68500d7704b dc576af4ae66e25e 919b1679fffa7ef1 63d509cd2a2e0e47 19b4014943e0ad92 f0d53dcf0c296b57 ce8cb4351b8c0f6e 0079f3c74309b582 83f5a9732f0de67f 0a79fabc6f5d93c9 e7dd56376be2cf1c 765c0695339c3abe 013030fd7d29bf3d 9ab90dfc5c9b0b37 bc2552a642ce8497 00d9eb862ba3dfc6
562,da904d2a54ff8cf2 00958a140c3a6de8 7d83ffe83f61bdc4 4483bbdd3241f11a 8abe670908f12614 9b2adcf4041227d7 52e459a551d4ac2d 61ba7707ef6a5a99 bbbd5d2fd957e8f7 5dd752753760ced8 4d29c6922b2d0d56 b24820ae14e16a24 5430097e23000368 36d33c41812ce7dc c810ac016901e8ac 238ec735a13a3f09 7e4a4a1300b77a06 e7828f0ea9749505 5057551fc55e9ed2 ec4ef2f727e7a03f d64c06baf5ef1c90 83f8aca6ee2caabc 2bafd15871caae91 453bc79164d57a01 3d93a60f990a0a7c cc861214a89ef1f4 af8e70f978cd5aee 2dd12c230ab22555 0a79fabc6f5d93c9 c05f45f86d0771d5
563,a65e30106ea50423 58654e3143c6550b ced9c56f2be86774 1d0f5fdc58e3efb5 a60934e6b473097a eab15ee21e126f6a 3c565c1fc2316d16 8faeacf8ca08f62d 5b4c879fc9c316fb f48d0fbea7dc2782 24c47959ea77b15b 3e66b4855d0dddbe cc507a0d6fcf4a1c a76ffccd2f5df1a7 dc17b07476183764 62431fd374eb99fb 0f4c71d341e2d939 ddf332f2b55a2a23 cea18be9a89d7a81 95ecdbff44ad0b60 a853f13216170123 4d954d933e606b70 4f2fffd7528de786 3cb6b40d377e7ca8 b6e72edcad270be0 8abe670908f12614 7155e5a86136eb02 4b29fc21f912754d c5830f9d0f1e29e5 486dd77002936dec
564,da904d2a54ff8cf2 61ba7707ef6a5a99 7d83ffe83f61bdc4 8abe670908f12614 18b1d2d84c97a364 d6bbbd6c4968075a 4483bbdd3241f11a fc16a50ff0baec53 bbbd5d2fd957e8f7 00958a140c3a6de8 c810ac016901e8ac 36d33c41812ce7dc 238ec735a13a3f09 e7828f0ea9749505 d64c06baf5ef1c90 52e459a551d4ac2d 453bc79164d57a01 3d93a60f990a0a7c 4d29c6922b2d0d56 d6ed7e4b14c51296 9b2adcf4041227d7 976baf0e84752a68 7e4a4a1300b77a06 5057551fc55e9ed2 cec2eea2a1fe566a 83f8aca6ee2caabc 2bafd15871caae91 898a4921ab9f4cce 5430097e23000368 cc861214a89ef1f4
565,e7cad3748e50b0f8 666bdff4faa513ca 1d0f5fdc58e3efb5 8df3f13d6af34cb3 a853f13216170123 e740c80fce094788 d1e21234d7cc61d2 0683b6a78f54be75 a60934e6b473097a eab15ee21e126f6a c1f2e3a76d388944 dc12cc503ac0eddb 1dc7139adba034ec 9b2adcf4041227d7 04886579947a80c2 b05b5f6850cfa158 0eedb1a0d3b8ddae 702d8f1064ab3e30 c28bc62802b90f82 3986b68500d7704b 3fa57d488e979d74 0bcaac840d5e66d7 9a0f5ee4f845c9b2 4d7653ea9499eed4 ff88049e61f0f4ef e0269da736ddf004 52370bea1acd0600 bd713b37b67866c3 2a06f5614060e3b6 942a7d26d81c841f
566,f54ad8d1eb18212e f0d53dcf0c296b57 bee46c54461925d0 d216e5458ad70e60 a5f55580081236f4 b84b6c0b2e4d0306 54a11cbcd7a32af4 34a62e66e05f9a44 d5952b2e031c4e7e 8faeacf8ca08f62d 1d0f5fdc58e3efb5 95ecdbff44ad0b60 3cb6b40d377e7ca8 8abe670908f12614 c5830f9d0f1e29e5 a2805ed52b47b8ec b6e646c13d0753ae 3e8e56f639a5db5b 00e1e2eb13f650e4 3986b68500d7704b 796888cc3443006c 702d8f1064ab3e30 c28bc62802b90f82 9cf6709de35bf0f3 0bcaac840d5e66d7 9a0f5ee4f845c9b2 0772e3ab293a1f30 4d7653ea9499eed4 52370bea1acd0600 47fbe21f5c35c7b4
567,5ebb4d2f5f1c1f13 ac9ee0c09b538140 c143c095983a65c2 f58ff7f1a6cde683 52aa48c07b34dc88 b69ce8b8154645f8 955e465ce0788ea6 29bedd00fb2be056 a52df8083c238c46 622f2e4119882c94 73f770f2643a2135 af41e2b6da3e7e02 49224aca40e6e5e3 7c8324ce28ffb96e 4c0eee2c1a5e76e2 796888cc3443006c 59bf6d6df9146d60 65ad9c583823162d 853e36b1550c6274 a0566ca9daca7778 d6bbbd6c4968075a 65708d542bd01f39 5fb2d8e734956af0 bf3ccaba4a3450a8 5989fb934598c1a7 6a9aa1bd93e36e66 033d905aec273595 65d44c6393907290 3a6e7894dde31c67 01ecc81f6341e902
568,c28bc62802b90f82 b760ebc5f25788d3 197fa50b30d91fe8 74ae9af23a383bf5 12af6a34778710db 40583079f57235a6 0eb4de784c8dd679 0195950ce0f47e34 39f6296778264878 64b31699d7d15934 1f4f62844c3cb99c 8faeacf8ca08f62d b3ad55963554f220 a52df8083c238c46 393f49286db04aeb 47fbe21f5c35c7b4 0db6584e3bdfa1c4 24e582daf6f87158 a292248bb2bffb3d eec6b281e236b500 8fc68213b63951dc a04d6febd82a4389 6c017e548aa138f2 095bb1b6ecbd0a50 d5805cdb9e8f0f48 54f55c74d37db3c0 cc0c9419f8a20603 d46598813fb437e5 b3e75fdca5ca2f1a 39075e303166355e
569,a292248bb2bffb3d dc12cc503ac0eddb 9b2adcf4041227d7 9f4e0d572b1f4e6c 40583079f57235a6 702d8f1064ab3e30 a492bd402afd5c71 bee46c54461925d0 1f4f62844c3cb99c a813c15b46ceaf68 4522ad78bf79f0c9 b3ad55963554f220 de8e1345e8c305c4 486dd77002936dec c28bc62802b90f82 4d9214c0925e5af8 a52df8083c238c46 942a7d26d81c841f 447fc00f40d71d08 50806199c80e215c d0f6c00eec5eb973 64b31699d7d15934 fc16a50ff0baec53 98dbd15aa33ebc18 404031ab9d5977c4 3c565c1fc2316d16 d1e21234d7cc61d2 5b4c879fc9c316fb eec6b281e236b500 8fc68213b63951dc
570,73f770f2643a2135 538c7bb968b2154c b26d8664feb18c8c 01ecc81f6341e902 d3c4a7db726191e0 ce0f56b7190c268a f29eee8054c061e1 acf5cb026b3c4551 a2805ed52b47b8ec 666bdff4faa513ca a853f13216170123 fa173131f15f5534 97d696011258825c 3b4a85bac6ead3c8 1d0f5fdc58e3efb5 52370bea1acd0600 ebfda3b48083e390 dc17b07476183764 a18df74d3a16e9c0 4d9214c0925e5af8 eff60ceea8817dad 5879096a38d69fc5 07d688f5e2142b87 b3ad55963554f220 413c55a5ab86881a e740c80fce094788 4d32dae7b43c489a a9223c28b10c131f b0bfe0f426275870 238de368bb05c0ec
571,055d895a3b26e466 4b8c7061102517ef 9c9a9d45c2ea7ddf 5dd752753760ced8 bc27d5dc9bab1c18 c03b11a0cdc3fa39 e7828f0ea9749505 5057551fc55e9ed2 0b774cf90856c4da 628accd9be98503c dc17b07476183764 83f8aca6ee2caabc 52e459a551d4ac2d 8dc313a2cf9da354 9d5edf3b993fee50 7cea1f637ea3f37d 453bc79164d57a01 5430097e23000368 0cd920bad11c716d af8e70f978cd5aee 61ba7707ef6a5a99 da904d2a54ff8cf2 c05f45f86d0771d5 6461a9faa871b3ac 00d9f8d3f7d412b3 ee3ed9a3f51336cd 50ba507a268872e1 ae000f9d0b5e104e d6ed7e4b14c51296 b50b4e27b03c7b37
572,c143c095983a65c2 eff60ceea8817dad 4c0eee2c1a5e76e2 0451447dd64f6284 bb7515be835dea49 01b3da54ffb158a0 3a6e7894dde31c67 99e833818ec4bbf2 d216e5458ad70e60 f209d29f991432f0 d16da1fb61813db9 97d696011258825c 419b5dc40744fb9b 3b6d27775fce1c7b c015590d6a6fe833 24e582daf6f87158 0f33ce8d8014f308 edc79e57b20e9036 e9c20b67a4c5395f fb8bd6b95eb4702a 52aa48c07b34dc88 52370bea1acd0600 72c2a95813ea72bd 8dedff0a79784abc 047769588be1aea9 285657fcdf89f00d d63b7f083330247f 4f915ad69e1dca36 e8684734f2e587bd 9b0e8cf8153e3b33
573,26f72a4eb15ea8c0 bbbd5d2fd957e8f7 4c0eee2c1a5e76e2 9c9a9d45c2ea7ddf 74873b42602d8958 7d83ffe83f61bdc4 00d9f8d3f7d412b3 da904d2a54ff8cf2 52e459a551d4ac2d 5430097e23000368 4483bbdd3241f11a db0e648651f4c92b 6461a9faa871b3ac ee3ed9a3f51336cd ae77487a89f2610c f2b5098ac9c92da9 9d5edf3b993fee50 7cea1f637ea3f37d 49b5678e0d1e5bcd 7e4a4a1300b77a06 e7828f0ea9749505 5057551fc55e9ed2 83f8aca6ee2caabc 702d8f1064ab3e30 ae94d8435a6847f4 0683b6a78f54be75 430feb4826a5632e b8e2f75014710ced 453bc79164d57a01 af8e70f978cd5aee
574,d216e5458ad70e60 fb8bd6b95eb4702a 8a5635c748344d47 da7d3c2d591c4295 d63b7f083330247f e8684734f2e587bd 3ca7964973437917 10ad13170242ecae 8bf446c0455e3c5c 60a070db9f1869b5 d5952b2e031c4e7e b6e646c13d0753ae 36d33c41812ce7dc c810ac016901e8ac 238ec735a13a3f09 b6e72edcad270be0 e7828f0ea9749505 d64c06baf5ef1c90 52e459a551d4ac2d 453bc79164d57a01 3d93a60f990a0a7c 61ba7707ef6a5a99 da904d2a54ff8cf2 d6ed7e4b14c51296 9b2adcf4041227d7 976baf0e84752a68 1d12acf7349196b0 4483bbdd3241f11a 7d83ffe83f61bdc4 e36475c1af5ea3ab
575,e1460af4a7044067 8df3f13d6af34cb3 1d0f5fdc58e3efb5 e228204ae08d1355 e878efab7c37179e 9269d2b0d877352d 1a05ef8c93af8eed a492bd402afd5c71 828f5dfbbf1272ee fb2ebcb5335ad2e2 96e82fa141db9a4b 3b6d27775fce1c7b 5c8c6d9a1fd4c1e0 eab15ee21e126f6a 366a22fce0614fb8 c36c2dce0e6e434f 95ecdbff44ad0b60 148ac4a56a18844d 4d7653ea9499eed4 48cf88c17ff38c5e ddb3810e0289c148 de8e1345e8c305c4 877672967d3f70bb 587e0b2a4811fab1 26140b225c4f8d3f bf973f9ec3600199 a860b682add9de1c 4f2fffd7528de786 d980375fbd40c75f 133b04350c75770b
576,f2e30efbd27bee51 ba5199dba342af68 f76f44d372517a9a aa0789b403bcd839 a0b1f4dd32f3e278 9cf6709de35bf0f3 9c9ebf71707d7a37 e8b87ed7db1bcb1f 069e7e25e43deab3 c5830f9d0f1e29e5 238de368bb05c0ec 2359719a0f40ffac d1e21234d7cc61d2 49b5678e0d1e5bcd f44f74b3451aa593 db69d4cbfef8d22f c1f2e3a76d388944 0220a434aa8bf029 3734d3b0b9232538 8faeacf8ca08f62d 5430097e23000368 1d0f5fdc58e3efb5 95ecdbff44ad0b60 3cb6b40d377e7ca8 8abe670908f12614 a2805ed52b47b8ec b6e646c13d0753ae 3e8e56f639a5db5b d73a65673e3f1d78 128d583954b18074
577,70ebf53ced736fa4 a76ffccd2f5df1a7 5f94b027039f4e48 dea5e9227fbbac29 da011b87595c1019 c015590d6a6fe833 b1dcaca98bb76736 88b62355670ec8f8 1d0f5fdc58e3efb5 765c0695339c3abe 520ec719078be07c 77e2f7da1f9d3a8f e0269da736ddf004 e7cad3748e50b0f8 855f2f0354e102c7 5dd752753760ced8 377c1150c781e37a 387e9cd2e5d4ea7d 8a5635c748344d47 36d33c41812ce7dc c810ac016901e8ac 238ec735a13a3f09 7e4a4a1300b77a06 edc79e57b20e9036 e7828f0ea9749505 5057551fc55e9ed2 d64c06baf5ef1c90 83f8aca6ee2caabc 52e459a551d4ac2d 2bafd15871caae91
578,03ed286136d7b3cf e7cad3748e50b0f8 b05b5f6850cfa158 0e45c4c185f35df6 0eafda717681bbdc ec4ef2f727e7a03f de35d2410e916471 a492bd402afd5c71 72b80b099fd64ec4 50cb6a6c60ad711a da011b87595c1019 3cb6b40d377e7ca8 b26d8664feb18c8c 877672967d3f70bb 83f5a9732f0de67f 238de368bb05c0ec 54a11cbcd7a32af4 83b911ff0ff45844 c5830f9d0f1e29e5 83f8f2fc471cad74 a2805ed52b47b8ec c14d5b16840d3032 e403278468d84383 b6e646c13d0753ae 3734d3b0b9232538 24e582daf6f87158 b84b6c0b2e4d0306 34a62e66e05f9a44 d5952b2e031c4e7e 4d32dae7b43c489a
579,e8b87ed7db1bcb1f 9c9ebf71707d7a37 ad06e9eeea8eb4ea 1d72229ebcc00faf 2359719a0f40ffac 49b5678e0d1e5bcd d1e21234d7cc61d2 f2e30efbd27bee51 a0b1f4dd32f3e278 0220a434aa8bf029 ba5199dba342af68 942a7d26d81c841f 70ebf53ced736fa4 aa0789b403bcd839 dea5e9227fbbac29 f105a53e5cfae611 1fe79c7de59ff6c6 90ecb28f2edb9d43 4beacc71024f8b08 a9223c28b10c131f 9f3d2ca16f358290 8df3f13d6af34cb3 2e79d45ba4d1540d 03dfe518713e006c 5b4c879fc9c316fb 2e031d83339759b2 447fc00f40d71d08 238de368bb05c0ec c015590d6a6fe833 538c7bb968b2154c
580,d64c7c3b658689f4 238ec735a13a3f09 898a4921ab9f4cce 04fda7c9d8971ec0 50ba507a268872e1 b50b4e27b03c7b37 61ba7707ef6a5a99 0cd920bad11c716d 5057551fc55e9ed2 74873b42602d8958 b6cdb608f640e038 26f72a4eb15ea8c0 8abe670908f12614 c810ac016901e8ac 36d33c41812ce7dc db0e648651f4c92b e7828f0ea9749505 bbbd5d2fd957e8f7 a1314cd417504572 d64c06baf5ef1c90 52e459a551d4ac2d 453bc79164d57a01 3d93a60f990a0a7c 49b5678e0d1e5bcd 047769588be1aea9 70776cdd9bb3b7d4 27a12f29dceccdbd da904d2a54ff8cf2 da011b87595c1019 a813c15b46ceaf68
581,74e59c5820900b17 5b34da30b93eb123 b749972436ac9791 f705b637f624147e c08c3765ac609cc0 2359719a0f40ffac 6d80d2e62d01f6bc 4d417b203b333363 bed3e73d52011f68 a9eef13786610446 2810fb6f81d1711c 8d58da0e1800dc96 ffc688c4c1c2a068 54f55c74d37db3c0 e14a893f1918277e 0eafda717681bbdc 00140806971e7a73 e7cad3748e50b0f8 2a06f5614060e3b6 0fbd0f422e926816 44d324ebd3e22ad7 05f23e7d05dbf7c2 f46601a9955f9949 dac29ed8400b50cc 42a5cae2a3a45557 6aac5e116b75aa22 63d95d5977c2fe98 8f578001f9d5f543 5fb2d8e734956af0 20d283a232dfd13c
582,40583079f57235a6 1f4f62844c3cb99c a292248bb2bffb3d b3ad55963554f220 64b31699d7d15934 c28bc62802b90f82 a52df8083c238c46 8faeacf8ca08f62d 393f49286db04aeb eec6b281e236b500 8fc68213b63951dc a04d6febd82a4389 6c017e548aa138f2 095bb1b6ecbd0a50 d5805cdb9e8f0f48 54f55c74d37db3c0 47fbe21f5c35c7b4 d46598813fb437e5 b3e75fdca5ca2f1a 39075e303166355e 0db6584e3bdfa1c4 528161039994b4dc bed3e73d52011f68 09660f466b38b7ba f46601a9955f9949 7b81f1f2b6ec2e5f 702d8f1064ab3e30 ae94d8435a6847f4 8f578001f9d5f543 430feb4826a5632e
583,a860b682add9de1c 57113c2a4cacd961 ae94d8435a6847f4 48a76e3aff69d605 bf973f9ec3600199 5c4b7558c942a224 dc12cc503ac0eddb 4beacc71024f8b08 9b0e8cf8153e3b33 e6a29676c096f8e8 9b2adcf4041227d7 404031ab9d5977c4 59c231f8fd21260c a0566ca9daca7778 f1a3b8b13e9401c0 10ad13170242ecae 0079f3c74309b582 0eedb1a0d3b8ddae d73a65673e3f1d78 128d583954b18074 3986b68500d7704b bd713b37b67866c3 3fa57d488e979d74 fd30682593995748 702d8f1064ab3e30 2a06f5614060e3b6 ff88049e61f0f4ef e0269da736ddf004 c28bc62802b90f82 b6d0f83aad4e4dc7
584,05e4165a56bf50eb b1e47da7659b675c 72b80b099fd64ec4 b05b5f6850cfa158 b6e72edcad270be0 f25bfcffedaccf28 16b11706660177ff 95166957b2c38794 9cf6709de35bf0f3 a492bd402afd5c71 7f95168400948588 0eafda717681bbdc ec4ef2f727e7a03f de35d2410e916471 48a76e3aff69d605 3cb6b40d377e7ca8 a860b682add9de1c b26d8664feb18c8c 877672967d3f70bb 0e45c4c185f35df6 9269d2b0d877352d 6899956cd6c683f0 e22c35101e190db9 0add47a043c64d7f 48f93f9c2c699e19 83b911ff0ff45844 da011b87595c1019 83f8f2fc471cad74 2cebd52b41930f0a 4491016efed845f1
585,07f22a7ad7e4711d aa0789b403bcd839 2e2904c5373734ae 3c565c1fc2316d16 5b4c879fc9c316fb f48d0fbea7dc2782 24c47959ea77b15b 3e66b4855d0dddbe cc507a0d6fcf4a1c a76ffccd2f5df1a7 62431fd374eb99fb 0f4c71d341e2d939 ddf332f2b55a2a23 cea18be9a89d7a81 a853f13216170123 4d954d933e606b70 4f2fffd7528de786 b6e72edcad270be0 7155e5a86136eb02 4b29fc21f912754d 486dd77002936dec 172bc0ee09332ae9 2e031d83339759b2 666bdff4faa513ca 6406fcdb7d87b5dc 999a52f1d301247c 66ccd03c9e03ac06 238de368bb05c0ec a2c35fdf07a13286 404031ab9d5977c4
586,898a4921ab9f4cce 8faeacf8ca08f62d 1d0f5fdc58e3efb5 95ecdbff44ad0b60 3cb6b40d377e7ca8 8abe670908f12614 c5830f9d0f1e29e5 a2805ed52b47b8ec b6e646c13d0753ae 3e8e56f639a5db5b 0195950ce0f47e34 0bcaac840d5e66d7 c28bc62802b90f82 702d8f1064ab3e30 3986b68500d7704b ae94d8435a6847f4 bd0f175ee98c613e 3fa57d488e979d74 9a0f5ee4f845c9b2 e0269da736ddf004 bd713b37b67866c3 942a7d26d81c841f 0708923badf2ff5d fd30682593995748 2a06f5614060e3b6 39f6296778264878 ff88049e61f0f4ef 52370bea1acd0600 b6d0f83aad4e4dc7 47fbe21f5c35c7b4
587,5430097e23000368 7d83ffe83f61bdc4 db0e648651f4c92b bbbd5d2fd957e8f7 ae77487a89f2610c 0683b6a78f54be75 49b5678e0d1e5bcd 52e459a551d4ac2d 7cea1f637ea3f37d d257d1fbcf43abd5 6461a9faa871b3ac ee3ed9a3f51336cd 7e4a4a1300b77a06 9d5edf3b993fee50 d92c0298f76ccf77 1ba7a50457e93996 42a5cae2a3a45557 e36475c1af5ea3ab 35488b3b8b781278 0220a434aa8bf029 a1314cd417504572 87c5481930cfe126 48a76e3aff69d605 238ec735a13a3f09 65fac1ba1840000f e7828f0ea9749505 50cb6a6c60ad711a 81bd116c786bf9ae 00d9f8d3f7d412b3 fd30682593995748
588,fc21db75b354a917 c810ac016901e8ac 36d33c41812ce7dc 025a148c3a53bd9f 016da874bd04df55 316382267dcd804f 6406fcdb7d87b5dc a14394322cf7043d 74244a8703c03720 d64c06baf5ef1c90 83f8aca6ee2caabc 27a12f29dceccdbd 453bc79164d57a01 18b1d2d84c97a364 bc27d5dc9bab1c18 39f6296778264878 c28bc62802b90f82 26fc2a95df5659c2 2e44fbb8bc3d8d71 4c3802a1bd3c842e 2bafd15871caae91 3d93a60f990a0a7c 1d0f5fdc58e3efb5 d16da1fb61813db9 cc861214a89ef1f4 d92c0298f76ccf77 d1e21234d7cc61d2 5570ef88d970e9b4 2dd12c230ab22555 bf3ccaba4a3450a8
589,d1e21234d7cc61d2 e25a1da6ca187350 1dc7139adba034ec a292248bb2bffb3d ca4de5b8a7bda9df c1f2e3a76d388944 ba5199dba342af68 e8b87ed7db1bcb1f 83b911ff0ff45844 1fe79c7de59ff6c6 8df3f13d6af34cb3 e403278468d84383 3c0873ce078d332b 6204e398d8c7f888 2e4b00c01d58e79e bee46c54461925d0 4577ae048ef1967d b2ee9eea2d974c90 57113c2a4cacd961 4535ce2e3dced00f bfb8032f2183d471 4bed80e56ea2e099 83f8f2fc471cad74 7c98dedd223b36c0 666bdff4faa513ca 419b5dc40744fb9b 8643165b0f53df11 050544c040f46152 04886579947a80c2 bbbd5d2fd957e8f7
590,7d83ffe83f61bdc4 5430097e23000368 bbbd5d2fd957e8f7 db0e648651f4c92b ae77487a89f2610c 0683b6a78f54be75 49b5678e0d1e5bcd d257d1fbcf43abd5 9d5edf3b993fee50 7e4a4a1300b77a06 52e459a551d4ac2d d92c0298f76ccf77 7cea1f637ea3f37d 6461a9faa871b3ac 1ba7a50457e93996 ee3ed9a3f51336cd e36475c1af5ea3ab 42a5cae2a3a45557 35488b3b8b781278 0220a434aa8bf029 da904d2a54ff8cf2 4483bbdd3241f11a 8abe670908f12614 4d29c6922b2d0d56 12af6a34778710db d6ed7e4b14c51296 047769588be1aea9 016da874bd04df55 bee46c54461925d0 74244a8703c03720
591,a2c35fdf07a13286 5430097e23000368 dc12cc503ac0eddb 9b2adcf4041227d7 0683b6a78f54be75 35488b3b8b781278 3c565c1fc2316d16 f48d0fbea7dc2782 24c47959ea77b15b 3e66b4855d0dddbe a76ffccd2f5df1a7 62431fd374eb99fb 0f4c71d341e2d939 ddf332f2b55a2a23 cea18be9a89d7a81 4d954d933e606b70 5b4c879fc9c316fb b6e72edcad270be0 fa173131f15f5534 4b29fc21f912754d c1f2e3a76d388944 172bc0ee09332ae9 6406fcdb7d87b5dc cc507a0d6fcf4a1c 999a52f1d301247c 66ccd03c9e03ac06 238de368bb05c0ec 404031ab9d5977c4 c31a456b544a40a8 a853f13216170123
592,d35e11d3d1ab3c67 03ed286136d7b3cf 522bd6887960c25d 6aefb6531736648a 9f3d2ca16f358290 3734d3b0b9232538 cc0c9419f8a20603 d73a65673e3f1d78 3b4a85bac6ead3c8 765c0695339c3abe 5430097e23000368 0079f3c74309b582 128d583954b18074 00e1e2eb13f650e4 4d7653ea9499eed4 9a0f5ee4f845c9b2 0bcaac840d5e66d7 c28bc62802b90f82 702d8f1064ab3e30 2a06f5614060e3b6 fd30682593995748 bd713b37b67866c3 3986b68500d7704b 3fa57d488e979d74 ff88049e61f0f4ef e0269da736ddf004 52370bea1acd0600 942a7d26d81c841f bd0f175ee98c613e ae94d8435a6847f4
593,35488b3b8b781278 3a6e7894dde31c67 90ecb28f2edb9d43 2e79d45ba4d1540d 3b6d27775fce1c7b c015590d6a6fe833 24e582daf6f87158 0f33ce8d8014f308 9b2adcf4041227d7 e9c20b67a4c5395f 9f3d2ca16f358290 2e031d83339759b2 dc12cc503ac0eddb 447fc00f40d71d08 52370bea1acd0600 8dedff0a79784abc c143c095983a65c2 285657fcdf89f00d 0451447dd64f6284 4f915ad69e1dca36 9b0e8cf8153e3b33 28a2067685cb3e97 50cb6a6c60ad711a a292248bb2bffb3d b6a1c97f19af78d0 7c8324ce28ffb96e 8faeacf8ca08f62d 3b4a85bac6ead3c8 1d0f5fdc58e3efb5 95ecdbff44ad0b60
594,6a3919ad9ed8197e e7cad3748e50b0f8 1fe79c7de59ff6c6 09bbaa171c20bae3 d46598813fb437e5 a52df8083c238c46 5b4c879fc9c316fb 393f49286db04aeb abf90e759d208468 ad06e9eeea8eb4ea 65fac1ba1840000f f25bfcffedaccf28 538c7bb968b2154c 16b11706660177ff 25145708d494530b 522bd6887960c25d b69ce8b8154645f8 0db6584e3bdfa1c4 daa257a37227cd72 c1f2e3a76d388944 a292248bb2bffb3d 29bedd00fb2be056 2e4b00c01d58e79e 40583079f57235a6 9fbffc521da97c54 03dfe518713e006c c606425856952286 942a7d26d81c841f 033d905aec273595 4d7653ea9499eed4
595,bd713b37b67866c3 a292248bb2bffb3d 40583079f57235a6 393f49286db04aeb 1f4f62844c3cb99c 0db6584e3bdfa1c4 8faeacf8ca08f62d 65fac1ba1840000f b3ad55963554f220 64b31699d7d15934 c28bc62802b90f82 d46598813fb437e5 a52df8083c238c46 abf90e759d208468 942a7d26d81c841f f25bfcffedaccf28 16b11706660177ff eec6b281e236b500 8fc68213b63951dc c015590d6a6fe833 a04d6febd82a4389 6c017e548aa138f2 095bb1b6ecbd0a50 d5805cdb9e8f0f48 54f55c74d37db3c0 47fbe21f5c35c7b4 b3e75fdca5ca2f1a 39075e303166355e 528161039994b4dc bed3e73d52011f68
596,238de368bb05c0ec 3c565c1fc2316d16 f48d0fbea7dc2782 24c47959ea77b15b 486dd77002936dec 3e66b4855d0dddbe a76ffccd2f5df1a7 62431fd374eb99fb 0f4c71d341e2d939 ddf332f2b55a2a23 43b3338423d7386c cea18be9a89d7a81 4d954d933e606b70 1d0f5fdc58e3efb5 5b4c879fc9c316fb b6e72edcad270be0 4b29fc21f912754d 172bc0ee09332ae9 8a5635c748344d47 6406fcdb7d87b5dc cc507a0d6fcf4a1c 999a52f1d301247c 66ccd03c9e03ac06 a2c35fdf07a13286 404031ab9d5977c4 c31a456b544a40a8 3734d3b0b9232538 a853f13216170123 4f2fffd7528de786 24e582daf6f87158
597,f44f74b3451aa593 f76f44d372517a9a f2e30efbd27bee51 9cf6709de35bf0f3 cc0c9419f8a20603 fa173131f15f5534 db69d4cbfef8d22f c5830f9d0f1e29e5 3734d3b0b9232538 b84b6c0b2e4d0306 54a11cbcd7a32af4 34a62e66e05f9a44 d5952b2e031c4e7e 00e1e2eb13f650e4 ff88049e61f0f4ef 734dabb98795c35c 3fa57d488e979d74 3986b68500d7704b 702d8f1064ab3e30 c28bc62802b90f82 0bcaac840d5e66d7 9a0f5ee4f845c9b2 4d7653ea9499eed4 e0269da736ddf004 52370bea1acd0600 47fbe21f5c35c7b4 bbbd5d2fd957e8f7 cea18be9a89d7a81 942a7d26d81c841f 5fb2d8e734956af0
598,dc576af4ae66e25e 9c9ebf71707d7a37 919b1679fffa7ef1 8e0cc5199a0ee659 585f4ee09d8fea46 db0e648651f4c92b 74ae9af23a383bf5 ba5199dba342af68 f6d23cdd2359f7c0 0eb4de784c8dd679 576dd429db946393 d1e21234d7cc61d2 3a6e7894dde31c67 ae000f9d0b5e104e 3fa57d488e979d74 18ced18aee04c48e 204ec91c39d1479d 5b4c879fc9c316fb c5830f9d0f1e29e5 b69ce8b8154645f8 5989fb934598c1a7 734dabb98795c35c f209d29f991432f0 5430097e23000368 1f423f368aebf7f3 c49d8f84a4f87f8a 1efd7bd8a34a1359 c810ac016901e8ac 36d33c41812ce7dc 238ec735a13a3f09
599,a65e30106ea50423 58654e3143c6550b ced9c56f2be86774 133b04350c75770b 1d0f5fdc58e3efb5 52370bea1acd0600 a60934e6b473097a 70ebf53ced736fa4 3b6d27775fce1c7b ebfda3b48083e390 b6a1c97f19af78d0 3b4a85bac6ead3c8 e740c80fce094788 48cf88c17ff38c5e 5f94b027039f4e48 dea5e9227fbbac29 828f5dfbbf1272ee e1460af4a7044067 fb2ebcb5335ad2e2 eab15ee21e126f6a 148ac4a56a18844d 95ecdbff44ad0b60 587e0b2a4811fab1 a76ffccd2f5df1a7 9269d2b0d877352d 285657fcdf89f00d 98dbd15aa33ebc18 50806199c80e215c cb3e4ce97e7f2881 877672967d3f70bb
600,36d33c41812ce7dc c810ac016901e8ac 74244a8703c03720 025a148c3a53bd9f d64c06baf5ef1c90 83f8aca6ee2caabc 453bc79164d57a01 016da874bd04df55 316382267dcd804f 9100ea6cd0e084bf a14394322cf7043d c6b615b2589e036d 27a12f29dceccdbd c03b11a0cdc3fa39 b6cdb608f640e038 bd0f175ee98c613e 18b1d2d84c97a364 2820628e65a062e2 1f4f62844c3cb99c 39f6296778264878 bed3e73d52011f68 238ec735a13a3f09 8f578001f9d5f543 7e4a4a1300b77a06 b8e2f75014710ced f9c6286cff30aaa8 a04d6febd82a4389 e7828f0ea9749505 26fc2a95df5659c2 5057551fc55e9ed2
