dialogue_id,photo_id
1,e25a1da6ca187350 c5830f9d0f1e29e5 f48d0fbea7dc2782 66ccd03c9e03ac06 bb7515be835dea49 a18df74d3a16e9c0 01b3da54ffb158a0 54a11cbcd7a32af4 f76f44d372517a9a 4f2fffd7528de786 a853f13216170123 a982b5c3aed39396 95ecdbff44ad0b60 62431fd374eb99fb 172bc0ee09332ae9 8faeacf8ca08f62d 4d7653ea9499eed4 4b29fc21f912754d 72b80b099fd64ec4 a2c35fdf07a13286 828f5dfbbf1272ee 4d32dae7b43c489a bd0f175ee98c613e ec4ef2f727e7a03f 16b11706660177ff 095bb1b6ecbd0a50 8fc68213b63951dc eec6b281e236b500 0a79fabc6f5d93c9 3d93a60f990a0a7c
2,0688c790d5806540 0683b6a78f54be75 5f94b027039f4e48 ebfda3b48083e390 58654e3143c6550b 148ac4a56a18844d 4dba7ce835494a63 25a3b47fe31bc6b5 1d0f5fdc58e3efb5 b78189788d563693 1d12acf7349196b0 666bdff4faa513ca 047769588be1aea9 f76f44d372517a9a 5430097e23000368 f25bfcffedaccf28 72b80b099fd64ec4 e1460af4a7044067 d216e5458ad70e60 5b4c879fc9c316fb 3c565c1fc2316d16 2e4b00c01d58e79e 01b3da54ffb158a0 ec1b3d7ccd3984d0 828f5dfbbf1272ee 4d32dae7b43c489a 70ebf53ced736fa4 939a1f686ea36c05 16b11706660177ff e228204ae08d1355
3,5430097e23000368 feddfcf56818968e f9c6286cff30aaa8 da011b87595c1019 e461837f0fb35048 4535ce2e3dced00f 2e031d83339759b2 033d905aec273595 e8684734f2e587bd 72c2a95813ea72bd 3b6d27775fce1c7b 964a50d33717c26d b24820ae14e16a24 3a6e7894dde31c67 6a3919ad9ed8197e ced9c56f2be86774 9fbffc521da97c54 0bcaac840d5e66d7 5867d40811c0229f 96445bec1579ec97 781f4d0147aef776 da904d2a54ff8cf2 d64c06baf5ef1c90 3d93a60f990a0a7c 238ec735a13a3f09 c810ac016901e8ac 36d33c41812ce7dc cc861214a89ef1f4 e5fb8dc5c9cb4a19 d6ed7e4b14c51296
4,b78189788d563693 48a76e3aff69d605 da904d2a54ff8cf2 46315cf30aaee51c 39f6296778264878 2b48ab08c915c0ad d64c06baf5ef1c90 3d93a60f990a0a7c b6cdb608f640e038 238ec735a13a3f09 c810ac016901e8ac 36d33c41812ce7dc b0bfe0f426275870 b7d7d9ae1cbe0d8a 7cea1f637ea3f37d da011b87595c1019 8dc313a2cf9da354 4d9214c0925e5af8 453bc79164d57a01 d6ed7e4b14c51296 047769588be1aea9 9c9a9d45c2ea7ddf 27a12f29dceccdbd 52e459a551d4ac2d d64c7c3b658689f4 61ba7707ef6a5a99 0eb4de784c8dd679 74873b42602d8958 0cd920bad11c716d 3c565c1fc2316d16
5,4d29c6922b2d0d56 70ebf53ced736fa4 069e7e25e43deab3 9b0e8cf8153e3b33 ad06e9eeea8eb4ea dea5e9227fbbac29 f105a53e5cfae611 12af6a34778710db 4beacc71024f8b08 ca4de5b8a7bda9df bc2ae5f4e5d53e00 3a6e7894dde31c67 a9223c28b10c131f 39f6296778264878 2a06f5614060e3b6 0bcaac840d5e66d7 fd30682593995748 c28bc62802b90f82 9a0f5ee4f845c9b2 3986b68500d7704b 3fa57d488e979d74 ff88049e61f0f4ef e0269da736ddf004 bd713b37b67866c3 702d8f1064ab3e30 ae94d8435a6847f4 b6d0f83aad4e4dc7 b24820ae14e16a24 622f2e4119882c94 4b8c7061102517ef
6,ebfda3b48083e390 005666aa098abe8e 0079f3c74309b582 07be6a290720707d 0195950ce0f47e34 9c9a9d45c2ea7ddf 5f94b027039f4e48 c143c095983a65c2 0688c790d5806540 f105a53e5cfae611 58654e3143c6550b 133b04350c75770b 4d9214c0925e5af8 0683b6a78f54be75 148ac4a56a18844d 4dba7ce835494a63 26140b225c4f8d3f a14394322cf7043d 00d9eb862ba3dfc6 acae1d29289b1266 25a3b47fe31bc6b5 680bb5c5c3bb6ee1 702d8f1064ab3e30 3986b68500d7704b 3fa57d488e979d74 c28bc62802b90f82 e0269da736ddf004 bd713b37b67866c3 fd30682593995748 2a06f5614060e3b6
7,393f49286db04aeb 0c15f252d30646fc 73391e0853c1e040 abf90e759d208468 855f2f0354e102c7 b1dcaca98bb76736 daa257a37227cd72 0db6584e3bdfa1c4 bb7515be835dea49 1a05ef8c93af8eed 047769588be1aea9 520ec719078be07c e7cad3748e50b0f8 377c1150c781e37a 5dd752753760ced8 77e2f7da1f9d3a8f a14394322cf7043d 0fbd0f422e926816 d6ed7e4b14c51296 f46601a9955f9949 e0269da736ddf004 0d0368139e9a647f 63d509cd2a2e0e47 8fc68213b63951dc 72403ecdfe02bba6 00140806971e7a73 976baf0e84752a68 6c017e548aa138f2 95ecdbff44ad0b60 a813c15b46ceaf68
8,585f4ee09d8fea46 c49d8f84a4f87f8a 734dabb98795c35c 4535ce2e3dced00f c143c095983a65c2 3986b68500d7704b 4f915ad69e1dca36 07be6a290720707d 72c2a95813ea72bd 428f9363fa35882d dc576af4ae66e25e 4f31209941bb05fc 83f5a9732f0de67f f54ad8d1eb18212e e8ad5e31484ef889 013030fd7d29bf3d 63d509cd2a2e0e47 28403e62105b00f6 0079f3c74309b582 f0d53dcf0c296b57 fd57e641d06ebda7 765c0695339c3abe 19b4014943e0ad92 ce8cb4351b8c0f6e 2e2904c5373734ae 9ab90dfc5c9b0b37 919b1679fffa7ef1 00d9eb862ba3dfc6 e7dd56376be2cf1c bc2552a642ce8497
9,fab14d178b24a67f cc861214a89ef1f4 af8e70f978cd5aee bc27d5dc9bab1c18 64267373570e4ea3 18b1d2d84c97a364 4105533fe46dfba9 059bbdbdb843af6a 781aaf62a955e4e8 d64c06baf5ef1c90 9f4e0d572b1f4e6c 36d33c41812ce7dc c810ac016901e8ac 7cea1f637ea3f37d 1ba7a50457e93996 b50b4e27b03c7b37 00d9f8d3f7d412b3 00ff646ca6637bd7 27a12f29dceccdbd 83f8aca6ee2caabc f28fb3d9880c5d4c 316382267dcd804f d72363ddd958d906 0cd920bad11c716d 4b8c7061102517ef 055d895a3b26e466 2820628e65a062e2 6a3919ad9ed8197e 120e745e2961b5d5 976baf0e84752a68
10,f58ff7f1a6cde683 63d95d5977c2fe98 8699cc5dd4159b69 73391e0853c1e040 bb7515be835dea49 01b3da54ffb158a0 a04d6febd82a4389 f25bfcffedaccf28 ec1b3d7ccd3984d0 46b99f864d6a075a ac9ee0c09b538140 0a79fabc6f5d93c9 061f3e1feeaa3094 3cb6b40d377e7ca8 bd713b37b67866c3 522bd6887960c25d fb8bd6b95eb4702a 25145708d494530b 54f55c74d37db3c0 01020d1b0821f4c7 538c7bb968b2154c 19e8f436d4b2fc25 64b31699d7d15934 2cebd52b41930f0a 40583079f57235a6 95d25d38ba7df9c7 fb2ebcb5335ad2e2 9fda36f260eec24e 8a5635c748344d47 acae1d29289b1266
11,18ced18aee04c48e 922e625fae98b3b9 49224aca40e6e5e3 7c9248ed6224aa26 48cf88c17ff38c5e 25a3b47fe31bc6b5 a14394322cf7043d acae1d29289b1266 10ad13170242ecae 6899956cd6c683f0 5430097e23000368 3a6e7894dde31c67 00d9eb862ba3dfc6 00e1e2eb13f650e4 d73a65673e3f1d78 128d583954b18074 52370bea1acd0600 4d7653ea9499eed4 9a0f5ee4f845c9b2 0bcaac840d5e66d7 47fbe21f5c35c7b4 702d8f1064ab3e30 3986b68500d7704b 3fa57d488e979d74 ff88049e61f0f4ef e0269da736ddf004 bd713b37b67866c3 2a06f5614060e3b6 c28bc62802b90f82 942a7d26d81c841f
12,bd0f175ee98c613e f25bfcffedaccf28 8699cc5dd4159b69 e7cad3748e50b0f8 e4a7a996ed6a5a81 e8684734f2e587bd 636224e349e561bf d257d1fbcf43abd5 8643165b0f53df11 07f22a7ad7e4711d b6e72edcad270be0 a292248bb2bffb3d 0e45c4c185f35df6 520ec719078be07c 59c231f8fd21260c dc12cc503ac0eddb e6a29676c096f8e8 5c4b7558c942a224 10ad13170242ecae 24e582daf6f87158 f44f74b3451aa593 87c5481930cfe126 3c565c1fc2316d16 24c47959ea77b15b a60934e6b473097a 3e66b4855d0dddbe 3a6e7894dde31c67 f48d0fbea7dc2782 bd713b37b67866c3 522bd6887960c25d
13,ddb3810e0289c148 964a50d33717c26d 5d26da95786b3a3a 8e0cc5199a0ee659 52aa48c07b34dc88 7eec211cc37a1b05 1f423f368aebf7f3 74ae9af23a383bf5 ae000f9d0b5e104e d6ed7e4b14c51296 b50b4e27b03c7b37 1d0f5fdc58e3efb5 3b6d27775fce1c7b dc17b07476183764 a0b1f4dd32f3e278 e1460af4a7044067 828f5dfbbf1272ee 069e7e25e43deab3 20db73cf07a45f71 204ec91c39d1479d 939a1f686ea36c05 64267373570e4ea3 1c3b74a02a86467d e228204ae08d1355 106204cd0e07e1b2 4d7653ea9499eed4 9fbffc521da97c54 3e8e56f639a5db5b 1dc7139adba034ec b371170568146b12
14,01b3da54ffb158a0 061f3e1feeaa3094 4d32dae7b43c489a d7d937303a6d5a9d 1c3b74a02a86467d a65e30106ea50423 87c5481930cfe126 43b3338423d7386c 99e833818ec4bbf2 f209d29f991432f0 a5d5ba33b5b1dc95 65708d542bd01f39 65ad9c583823162d f49e13a653cbdad2 3e8e56f639a5db5b 01e5a6edcee7deb0 29968e8fd13539f8 0647acc4602d4e8f fa173131f15f5534 455fde214d16d350 1efd7bd8a34a1359 0772e3ab293a1f30 bc2ae5f4e5d53e00 4e966bb2768c2b8a e6a29676c096f8e8 22756be6fd061d4c 95166957b2c38794 aa0789b403bcd839 dc12cc503ac0eddb 88b62355670ec8f8
15,24e582daf6f87158 3c565c1fc2316d16 20d283a232dfd13c 0708923badf2ff5d 24c47959ea77b15b a60934e6b473097a 3e66b4855d0dddbe f48d0fbea7dc2782 bd713b37b67866c3 522bd6887960c25d 81b639b74256b45b c015590d6a6fe833 64b31699d7d15934 9fda36f260eec24e 0db6584e3bdfa1c4 b9d966ad9e04127a 3b6d27775fce1c7b 4b29fc21f912754d 66ccd03c9e03ac06 a76ffccd2f5df1a7 62431fd374eb99fb 5897953fdf87b60f 0f4c71d341e2d939 42bb83d7c4b9ecae cea18be9a89d7a81 172bc0ee09332ae9 395b26d91f98bd92 b6e72edcad270be0 0e45c4c185f35df6 a2c35fdf07a13286
16,b05b5f6850cfa158 5430097e23000368 9c9a9d45c2ea7ddf 5b34da30b93eb123 f705b637f624147e b749972436ac9791 a9eef13786610446 c08c3765ac609cc0 f25bfcffedaccf28 72b80b099fd64ec4 05f23e7d05dbf7c2 a18df74d3a16e9c0 ffc688c4c1c2a068 2359719a0f40ffac 16b11706660177ff 2810fb6f81d1711c 7f95168400948588 74e59c5820900b17 e14a893f1918277e 42a5cae2a3a45557 5547f9f1638ac345 ca43e349133fc0e3 bed3e73d52011f68 8d58da0e1800dc96 b6d0f83aad4e4dc7 f2234bb7ce0c6f59 6899956cd6c683f0 19e8f436d4b2fc25 2a06f5614060e3b6 2cebd52b41930f0a
17,3c565c1fc2316d16 447fc00f40d71d08 047769588be1aea9 a65e30106ea50423 20d283a232dfd13c 3b4a85bac6ead3c8 ec4ef2f727e7a03f a14394322cf7043d bd713b37b67866c3 430feb4826a5632e 8566d15270eb5e83 2810fb6f81d1711c a04d6febd82a4389 1f4f62844c3cb99c 46315cf30aaee51c 64b31699d7d15934 6c017e548aa138f2 3d93a60f990a0a7c 025a148c3a53bd9f 74244a8703c03720 f48d0fbea7dc2782 90ecb28f2edb9d43 0688c790d5806540 4bed80e56ea2e099 49b5678e0d1e5bcd 09bbaa171c20bae3 6cb9ab508a0678a0 e5fb8dc5c9cb4a19 b8e2f75014710ced 46b99f864d6a075a
18,c1f2e3a76d388944 95ecdbff44ad0b60 1dc7139adba034ec e8b87ed7db1bcb1f c11b97f245a9dfd0 5430097e23000368 00d9eb862ba3dfc6 0195950ce0f47e34 f76f44d372517a9a da904d2a54ff8cf2 1d0f5fdc58e3efb5 f25bfcffedaccf28 72b80b099fd64ec4 e1460af4a7044067 d216e5458ad70e60 5b4c879fc9c316fb 3c565c1fc2316d16 d64c06baf5ef1c90 2e4b00c01d58e79e 3d93a60f990a0a7c 01b3da54ffb158a0 ec1b3d7ccd3984d0 828f5dfbbf1272ee 238ec735a13a3f09 c810ac016901e8ac 36d33c41812ce7dc 4d32dae7b43c489a 70ebf53ced736fa4 939a1f686ea36c05 16b11706660177ff
19,8566d15270eb5e83 24e582daf6f87158 3c565c1fc2316d16 20d283a232dfd13c 24c47959ea77b15b a60934e6b473097a 3e66b4855d0dddbe f48d0fbea7dc2782 bd713b37b67866c3 522bd6887960c25d 81b639b74256b45b c015590d6a6fe833 64b31699d7d15934 9fda36f260eec24e 0db6584e3bdfa1c4 b9d966ad9e04127a 3b6d27775fce1c7b 4b29fc21f912754d 66ccd03c9e03ac06 a76ffccd2f5df1a7 62431fd374eb99fb 5897953fdf87b60f 0f4c71d341e2d939 42bb83d7c4b9ecae cea18be9a89d7a81 172bc0ee09332ae9 395b26d91f98bd92 b6e72edcad270be0 0e45c4c185f35df6 a2c35fdf07a13286
20,855f2f0354e102c7 b1dcaca98bb76736 520ec719078be07c 377c1150c781e37a 5dd752753760ced8 77e2f7da1f9d3a8f e0269da736ddf004 a853f13216170123 4b29fc21f912754d edc79e57b20e9036 5b4c879fc9c316fb 3c565c1fc2316d16 70ebf53ced736fa4 81b7c7e312bfa1a0 666bdff4faa513ca 24c47959ea77b15b 3e66b4855d0dddbe f48d0fbea7dc2782 4d954d933e606b70 5f94b027039f4e48 b9d966ad9e04127a cc507a0d6fcf4a1c da011b87595c1019 66ccd03c9e03ac06 7155e5a86136eb02 0bcaac840d5e66d7 9f4e0d572b1f4e6c 964a50d33717c26d 1d0f5fdc58e3efb5 d1e21234d7cc61d2
21,0bcaac840d5e66d7 ce2fe99a7cda4a17 964a50d33717c26d feddfcf56818968e 0897dcfae16e280f 2e4b00c01d58e79e a2805ed52b47b8ec 5867d40811c0229f 4491016efed845f1 3e66b4855d0dddbe bb7515be835dea49 ddf332f2b55a2a23 64c2e323906b42d3 f46601a9955f9949 b1dcaca98bb76736 0a79fabc6f5d93c9 04fda7c9d8971ec0 5c8c6d9a1fd4c1e0 1d0f5fdc58e3efb5 4bed80e56ea2e099 6a3919ad9ed8197e 39075e303166355e e4a7a996ed6a5a81 ced9c56f2be86774 f44f74b3451aa593 8643165b0f53df11 9fbffc521da97c54 b24820ae14e16a24 5b4c879fc9c316fb 25145708d494530b
22,fc8971756f9ec194 f28fb3d9880c5d4c 2e44fbb8bc3d8d71 120e745e2961b5d5 351c9da399c2b915 b0b5e62a93a2c37c 37001ade0df85823 0c2eeab1e4ce1db8 42c9b72cc77dcb28 a677c3a76055a6d2 b8e2f75014710ced 00ff646ca6637bd7 016da874bd04df55 9a439fd1abf95245 354d7a327bbcc152 00af886180e9eaec 6cb9ab508a0678a0 2bafd15871caae91 2dd12c230ab22555 d73a65673e3f1d78 128d583954b18074 9a0f5ee4f845c9b2 c28bc62802b90f82 702d8f1064ab3e30 3986b68500d7704b 3fa57d488e979d74 ff88049e61f0f4ef e0269da736ddf004 bd713b37b67866c3 0bcaac840d5e66d7
23,db69d4cbfef8d22f f76f44d372517a9a 49b5678e0d1e5bcd 42a5cae2a3a45557 5430097e23000368 d257d1fbcf43abd5 d92c0298f76ccf77 0683b6a78f54be75 db0e648651f4c92b 7e4a4a1300b77a06 35488b3b8b781278 ae77487a89f2610c 7d83ffe83f61bdc4 1ba7a50457e93996 bbbd5d2fd957e8f7 4d9214c0925e5af8 ddf332f2b55a2a23 fab14d178b24a67f 24c47959ea77b15b 3e66b4855d0dddbe f48d0fbea7dc2782 9cf6709de35bf0f3 81b639b74256b45b f44f74b3451aa593 2b48ab08c915c0ad c5830f9d0f1e29e5 0708923badf2ff5d 238ec735a13a3f09 39075e303166355e f2e30efbd27bee51
24,197fa50b30d91fe8 24e582daf6f87158 3c565c1fc2316d16 24c47959ea77b15b 0708923badf2ff5d a60934e6b473097a 3e66b4855d0dddbe f48d0fbea7dc2782 bd713b37b67866c3 522bd6887960c25d 81b639b74256b45b c015590d6a6fe833 64b31699d7d15934 5430097e23000368 9fda36f260eec24e 0db6584e3bdfa1c4 b9d966ad9e04127a 3b6d27775fce1c7b 0eafda717681bbdc 4b29fc21f912754d 66ccd03c9e03ac06 a76ffccd2f5df1a7 62431fd374eb99fb 20d283a232dfd13c 5897953fdf87b60f 0f4c71d341e2d939 01020d1b0821f4c7 42bb83d7c4b9ecae cea18be9a89d7a81 172bc0ee09332ae9
25,c96049ed915ced0a 0079f3c74309b582 bb7515be835dea49 c5830f9d0f1e29e5 c49d8f84a4f87f8a 734dabb98795c35c 4535ce2e3dced00f c143c095983a65c2 585f4ee09d8fea46 3986b68500d7704b 4f915ad69e1dca36 07be6a290720707d 72c2a95813ea72bd 428f9363fa35882d dc576af4ae66e25e 4f31209941bb05fc 83f5a9732f0de67f f54ad8d1eb18212e e8ad5e31484ef889 013030fd7d29bf3d 63d509cd2a2e0e47 28403e62105b00f6 f0d53dcf0c296b57 fd57e641d06ebda7 765c0695339c3abe 19b4014943e0ad92 ce8cb4351b8c0f6e 2e2904c5373734ae 9ab90dfc5c9b0b37 919b1679fffa7ef1
26,20d283a232dfd13c a14394322cf7043d bd713b37b67866c3 ec4ef2f727e7a03f 64b31699d7d15934 430feb4826a5632e 2810fb6f81d1711c a04d6febd82a4389 1f4f62844c3cb99c 46315cf30aaee51c 3d93a60f990a0a7c 6c017e548aa138f2 025a148c3a53bd9f 047769588be1aea9 90ecb28f2edb9d43 0688c790d5806540 09bbaa171c20bae3 24e582daf6f87158 6cb9ab508a0678a0 acae1d29289b1266 3c565c1fc2316d16 24c47959ea77b15b a60934e6b473097a 3e66b4855d0dddbe f48d0fbea7dc2782 522bd6887960c25d 81b639b74256b45b c015590d6a6fe833 9fda36f260eec24e 0db6584e3bdfa1c4
27,c14d5b16840d3032 0897dcfae16e280f 04fda7c9d8971ec0 2bafd15871caae91 64907c4568244eb4 e36475c1af5ea3ab f05fa5f57dc03e81 9a439fd1abf95245 ddf332f2b55a2a23 52aa48c07b34dc88 8df3f13d6af34cb3 bc27d5dc9bab1c18 61ba7707ef6a5a99 5430097e23000368 e8684734f2e587bd 9c9a9d45c2ea7ddf bd0f175ee98c613e 537a55eda51a3f60 d6ed7e4b14c51296 b50b4e27b03c7b37 c143c095983a65c2 d64c06baf5ef1c90 26fc2a95df5659c2 00958a140c3a6de8 36d33c41812ce7dc c810ac016901e8ac 016da874bd04df55 4d9214c0925e5af8 18b1d2d84c97a364 c28bc62802b90f82
28,52e459a551d4ac2d 9c9a9d45c2ea7ddf d6ed7e4b14c51296 da904d2a54ff8cf2 61ba7707ef6a5a99 3d93a60f990a0a7c af8e70f978cd5aee 8dc313a2cf9da354 6461a9faa871b3ac ecb768ef6fd223ca d64c06baf5ef1c90 39f6296778264878 976baf0e84752a68 7cea1f637ea3f37d 453bc79164d57a01 238ec735a13a3f09 36d33c41812ce7dc c810ac016901e8ac e7828f0ea9749505 b78189788d563693 46315cf30aaee51c 4483bbdd3241f11a cec2eea2a1fe566a 033d905aec273595 7d83ffe83f61bdc4 2b48ab08c915c0ad b50b4e27b03c7b37 74244a8703c03720 190ab585fd379f0f 047769588be1aea9
29,9b0e8cf8153e3b33 4d29c6922b2d0d56 e9c20b67a4c5395f 069e7e25e43deab3 3b6d27775fce1c7b 1d0f5fdc58e3efb5 f9c6286cff30aaa8 5430097e23000368 2e031d83339759b2 ad06e9eeea8eb4ea 033d905aec273595 da011b87595c1019 c143c095983a65c2 e461837f0fb35048 4535ce2e3dced00f 587e0b2a4811fab1 72c2a95813ea72bd 148ac4a56a18844d ce0f56b7190c268a e1460af4a7044067 98dbd15aa33ebc18 70ebf53ced736fa4 7c8324ce28ffb96e 58654e3143c6550b d257d1fbcf43abd5 939a1f686ea36c05 4f915ad69e1dca36 133b04350c75770b 28a2067685cb3e97 50cb6a6c60ad711a
30,3b6d27775fce1c7b 64b31699d7d15934 bb7515be835dea49 a04d6febd82a4389 bd713b37b67866c3 522bd6887960c25d 3c565c1fc2316d16 9fda36f260eec24e b9d966ad9e04127a e5fb8dc5c9cb4a19 ec4ef2f727e7a03f 01b3da54ffb158a0 095bb1b6ecbd0a50 d5805cdb9e8f0f48 ec1b3d7ccd3984d0 24c47959ea77b15b 40583079f57235a6 acae1d29289b1266 395b26d91f98bd92 393f49286db04aeb a60934e6b473097a f48d0fbea7dc2782 20d283a232dfd13c 0a79fabc6f5d93c9 0db6584e3bdfa1c4 061f3e1feeaa3094 ae94d8435a6847f4 54a11cbcd7a32af4 33856365c271aea4 29bedd00fb2be056
31,a853f13216170123 4b29fc21f912754d 5b4c879fc9c316fb 3c565c1fc2316d16 24c47959ea77b15b 3e66b4855d0dddbe f48d0fbea7dc2782 cc507a0d6fcf4a1c 66ccd03c9e03ac06 a76ffccd2f5df1a7 62431fd374eb99fb 0f4c71d341e2d939 cea18be9a89d7a81 172bc0ee09332ae9 b6e72edcad270be0 4f2fffd7528de786 666bdff4faa513ca a2c35fdf07a13286 0195950ce0f47e34 4d954d933e606b70 ddf332f2b55a2a23 8abe670908f12614 07f22a7ad7e4711d 4105533fe46dfba9 6e12311169bcb24c ec1b3d7ccd3984d0 6406fcdb7d87b5dc 939a1f686ea36c05 0a79fabc6f5d93c9 999a52f1d301247c
32,acf5cb026b3c4551 29bedd00fb2be056 e5fb8dc5c9cb4a19 197fa50b30d91fe8 acae1d29289b1266 2901e5309bb3f8f6 8faeacf8ca08f62d f46601a9955f9949 bd0f175ee98c613e 39075e303166355e ec4ef2f727e7a03f 64b31699d7d15934 095bb1b6ecbd0a50 d5805cdb9e8f0f48 8fc68213b63951dc eec6b281e236b500 b3ad55963554f220 4491016efed845f1 0db6584e3bdfa1c4 393f49286db04aeb 430feb4826a5632e 955e465ce0788ea6 a813c15b46ceaf68 26fc2a95df5659c2 bb7515be835dea49 528161039994b4dc a04d6febd82a4389 1f4f62844c3cb99c 8f578001f9d5f543 ae94d8435a6847f4
33,e8684734f2e587bd ae94d8435a6847f4 d216e5458ad70e60 da011b87595c1019 3b4a85bac6ead3c8 a292248bb2bffb3d bf973f9ec3600199 520ec719078be07c fb8bd6b95eb4702a e403278468d84383 587e0b2a4811fab1 58654e3143c6550b b6e72edcad270be0 8a5635c748344d47 0e45c4c185f35df6 60a070db9f1869b5 da7d3c2d591c4295 2e031d83339759b2 8dedff0a79784abc d63b7f083330247f 8bf446c0455e3c5c 22756be6fd061d4c b6e646c13d0753ae 3ca7964973437917 d5952b2e031c4e7e dc12cc503ac0eddb a0566ca9daca7778 3a6e7894dde31c67 1d12acf7349196b0 5430097e23000368
34,01b3da54ffb158a0 24e582daf6f87158 4d32dae7b43c489a 061f3e1feeaa3094 855f2f0354e102c7 d7d937303a6d5a9d bb7515be835dea49 3c565c1fc2316d16 b1dcaca98bb76736 95ecdbff44ad0b60 24c47959ea77b15b 520ec719078be07c 377c1150c781e37a a65e30106ea50423 a60934e6b473097a c5830f9d0f1e29e5 3e66b4855d0dddbe 43b3338423d7386c 99e833818ec4bbf2 5dd752753760ced8 77e2f7da1f9d3a8f f48d0fbea7dc2782 f209d29f991432f0 a5d5ba33b5b1dc95 1dc7139adba034ec bd713b37b67866c3 522bd6887960c25d 01e5a6edcee7deb0 1c3b74a02a86467d 87c5481930cfe126
35,f25bfcffedaccf28 72b80b099fd64ec4 16b11706660177ff 7f95168400948588 5547f9f1638ac345 ca43e349133fc0e3 19e8f436d4b2fc25 2cebd52b41930f0a b84b6c0b2e4d0306 52aa48c07b34dc88 b05b5f6850cfa158 cc0c9419f8a20603 92f42fbd0c38f7fd 45bd99d5d2eef776 0add47a043c64d7f c11b97f245a9dfd0 1d72229ebcc00faf bd0f175ee98c613e 055d895a3b26e466 feddfcf56818968e a2805ed52b47b8ec 6899956cd6c683f0 a0566ca9daca7778 43c354dbf952caaa 5d26da95786b3a3a ac9ee0c09b538140 20db73cf07a45f71 b371170568146b12 8699cc5dd4159b69 e7cad3748e50b0f8
36,2e4b00c01d58e79e 6204e398d8c7f888 419b5dc40744fb9b bee46c54461925d0 4535ce2e3dced00f 83f8f2fc471cad74 57113c2a4cacd961 b2ee9eea2d974c90 bfb8032f2183d471 050544c040f46152 4577ae048ef1967d 7c98dedd223b36c0 4bed80e56ea2e099 8643165b0f53df11 0195950ce0f47e34 c28bc62802b90f82 0bcaac840d5e66d7 4d7653ea9499eed4 9a0f5ee4f845c9b2 702d8f1064ab3e30 52370bea1acd0600 3fa57d488e979d74 ff88049e61f0f4ef e0269da736ddf004 bd713b37b67866c3 fd30682593995748 39f6296778264878 3986b68500d7704b 734dabb98795c35c bd0f175ee98c613e
37,5f94b027039f4e48 0688c790d5806540 ebfda3b48083e390 58654e3143c6550b 0683b6a78f54be75 148ac4a56a18844d 4dba7ce835494a63 6899956cd6c683f0 25a3b47fe31bc6b5 ca4de5b8a7bda9df bc2ae5f4e5d53e00 12af6a34778710db f44f74b3451aa593 87c5481930cfe126 f76f44d372517a9a 5430097e23000368 1d0f5fdc58e3efb5 f25bfcffedaccf28 72b80b099fd64ec4 e1460af4a7044067 d216e5458ad70e60 5b4c879fc9c316fb 3c565c1fc2316d16 2e4b00c01d58e79e 01b3da54ffb158a0 ec1b3d7ccd3984d0 828f5dfbbf1272ee 4d32dae7b43c489a 70ebf53ced736fa4 939a1f686ea36c05
38,5048a37f10cf2d91 c015590d6a6fe833 ad06e9eeea8eb4ea 5430097e23000368 b6e646c13d0753ae c143c095983a65c2 58654e3143c6550b d257d1fbcf43abd5 e9c20b67a4c5395f 4f915ad69e1dca36 148ac4a56a18844d 50cb6a6c60ad711a ce0f56b7190c268a 8dedff0a79784abc 35488b3b8b781278 0451447dd64f6284 1d0f5fdc58e3efb5 7c8324ce28ffb96e 9b0e8cf8153e3b33 b6a1c97f19af78d0 28a2067685cb3e97 70ebf53ced736fa4 83f8f2fc471cad74 a60934e6b473097a 98dbd15aa33ebc18 9fbffc521da97c54 3b4a85bac6ead3c8 40583079f57235a6 5f94b027039f4e48 3b6d27775fce1c7b
39,7f29daa16b9b4cda 9ab90dfc5c9b0b37 ce8cb4351b8c0f6e 781aaf62a955e4e8 04886579947a80c2 c606425856952286 22dc81380cf4baec 28403e62105b00f6 34a62e66e05f9a44 d46598813fb437e5 acae1d29289b1266 919b1679fffa7ef1 ac9ee0c09b538140 6d80d2e62d01f6bc 6a9aa1bd93e36e66 8700059e85433b32 c11b97f245a9dfd0 a982b5c3aed39396 f6d23cdd2359f7c0 6aac5e116b75aa22 a9dad59c7055b56c 106204cd0e07e1b2 25a3b47fe31bc6b5 486dd77002936dec f44f74b3451aa593 87c5481930cfe126 a0566ca9daca7778 5430097e23000368 da904d2a54ff8cf2 d64c06baf5ef1c90
40,8e0cc5199a0ee659 1f423f368aebf7f3 74ae9af23a383bf5 ae000f9d0b5e104e 204ec91c39d1479d 1c3b74a02a86467d e8b87ed7db1bcb1f c11b97f245a9dfd0 3986b68500d7704b 5430097e23000368 576dd429db946393 8faeacf8ca08f62d f76f44d372517a9a f46601a9955f9949 bd0f175ee98c613e 39075e303166355e ec4ef2f727e7a03f 1d0f5fdc58e3efb5 095bb1b6ecbd0a50 d5805cdb9e8f0f48 b78189788d563693 8fc68213b63951dc eec6b281e236b500 b3ad55963554f220 4491016efed845f1 f25bfcffedaccf28 72b80b099fd64ec4 393f49286db04aeb e1460af4a7044067 d216e5458ad70e60
41,0f33ce8d8014f308 3a6e7894dde31c67 43c354dbf952caaa c143c095983a65c2 35488b3b8b781278 e9c20b67a4c5395f 4f915ad69e1dca36 c015590d6a6fe833 50cb6a6c60ad711a 8dedff0a79784abc 3b6d27775fce1c7b 0451447dd64f6284 5430097e23000368 7c8324ce28ffb96e 24e582daf6f87158 52370bea1acd0600 1d0f5fdc58e3efb5 b6a1c97f19af78d0 28a2067685cb3e97 285657fcdf89f00d 0683b6a78f54be75 d257d1fbcf43abd5 49b5678e0d1e5bcd ae77487a89f2610c ad06e9eeea8eb4ea db0e648651f4c92b 7e4a4a1300b77a06 3b4a85bac6ead3c8 7d83ffe83f61bdc4 58654e3143c6550b
42,a982b5c3aed39396 da904d2a54ff8cf2 d64c06baf5ef1c90 3d93a60f990a0a7c 238ec735a13a3f09 c810ac016901e8ac 36d33c41812ce7dc 5430097e23000368 cc861214a89ef1f4 e5fb8dc5c9cb4a19 d6ed7e4b14c51296 b8e2f75014710ced 00d9f8d3f7d412b3 83f8aca6ee2caabc 52e459a551d4ac2d f28fb3d9880c5d4c 61ba7707ef6a5a99 db0e648651f4c92b d72363ddd958d906 7e4a4a1300b77a06 af8e70f978cd5aee 6e1b6b53c9710940 2bafd15871caae91 ae77487a89f2610c 453bc79164d57a01 7d83ffe83f61bdc4 9f27aa36c1ea793c e7828f0ea9749505 6461a9faa871b3ac ee3ed9a3f51336cd
43,351c9da399c2b915 016da874bd04df55 f28fb3d9880c5d4c 2e44fbb8bc3d8d71 fc8971756f9ec194 0c2eeab1e4ce1db8 42c9b72cc77dcb28 a677c3a76055a6d2 4c3802a1bd3c842e d64c06baf5ef1c90 2bafd15871caae91 bf3ccaba4a3450a8 c810ac016901e8ac 36d33c41812ce7dc 27a12f29dceccdbd 5570ef88d970e9b4 26fc2a95df5659c2 bc27d5dc9bab1c18 2dd12c230ab22555 39f6296778264878 18b1d2d84c97a364 025a148c3a53bd9f 3d93a60f990a0a7c 74244a8703c03720 b0b5e62a93a2c37c 37001ade0df85823 fab14d178b24a67f 120e745e2961b5d5 9c9a9d45c2ea7ddf c28bc62802b90f82
44,5430097e23000368 bbbd5d2fd957e8f7 47fbe21f5c35c7b4 52370bea1acd0600 4d7653ea9499eed4 9a0f5ee4f845c9b2 0bcaac840d5e66d7 c28bc62802b90f82 8e0cc5199a0ee659 3986b68500d7704b 3fa57d488e979d74 ff88049e61f0f4ef e0269da736ddf004 bd713b37b67866c3 fd30682593995748 2a06f5614060e3b6 39f6296778264878 e25a1da6ca187350 702d8f1064ab3e30 e36475c1af5ea3ab e7cad3748e50b0f8 0708923badf2ff5d 734dabb98795c35c 942a7d26d81c841f bd0f175ee98c613e ae94d8435a6847f4 b6d0f83aad4e4dc7 cea18be9a89d7a81 622f2e4119882c94 4b8c7061102517ef
45,73391e0853c1e040 f58ff7f1a6cde683 0fbd0f422e926816 0d0368139e9a647f 46b99f864d6a075a 72403ecdfe02bba6 00140806971e7a73 387e9cd2e5d4ea7d d35e11d3d1ab3c67 b749972436ac9791 01020d1b0821f4c7 05f23e7d05dbf7c2 abf90e759d208468 5b16bae6a0de7c88 63d95d5977c2fe98 09660f466b38b7ba 4a5ac473c9d176ba f9c6286cff30aaa8 8d58da0e1800dc96 b29ab87af6ea6310 b6d0f83aad4e4dc7 ac9ee0c09b538140 bb7515be835dea49 01b3da54ffb158a0 a04d6febd82a4389 ec1b3d7ccd3984d0 bd713b37b67866c3 522bd6887960c25d e7cad3748e50b0f8 c015590d6a6fe833
46,d257d1fbcf43abd5 538c7bb968b2154c 50806199c80e215c b6a1c97f19af78d0 26140b225c4f8d3f 35488b3b8b781278 d92c0298f76ccf77 1d0f5fdc58e3efb5 0683b6a78f54be75 5b4c879fc9c316fb 4d32dae7b43c489a 16b11706660177ff 0a79fabc6f5d93c9 061f3e1feeaa3094 d7d937303a6d5a9d 3e66b4855d0dddbe 25145708d494530b 2cebd52b41930f0a 0db6584e3bdfa1c4 60a070db9f1869b5 66ccd03c9e03ac06 5c8c6d9a1fd4c1e0 e403278468d84383 8faeacf8ca08f62d 3d93a60f990a0a7c c143c095983a65c2 3d6880bd12f6613f e4a7a996ed6a5a81 d3c4a7db726191e0 24e582daf6f87158
47,64c2e323906b42d3 2e4b00c01d58e79e 0c15f252d30646fc 964a50d33717c26d 83b911ff0ff45844 b1dcaca98bb76736 db0e648651f4c92b ce2fe99a7cda4a17 9c9ebf71707d7a37 feddfcf56818968e a2805ed52b47b8ec 0add47a043c64d7f d1e21234d7cc61d2 5d26da95786b3a3a 4bed80e56ea2e099 49b5678e0d1e5bcd 8643165b0f53df11 50806199c80e215c aa0789b403bcd839 0220a434aa8bf029 106204cd0e07e1b2 5989fb934598c1a7 28a2067685cb3e97 ba5199dba342af68 e25a1da6ca187350 e403278468d84383 1fe79c7de59ff6c6 3c0873ce078d332b e8b87ed7db1bcb1f ca4de5b8a7bda9df
48,99e833818ec4bbf2 0add47a043c64d7f 88b62355670ec8f8 419b5dc40744fb9b 43b3338423d7386c f209d29f991432f0 01e5a6edcee7deb0 97d696011258825c f49e13a653cbdad2 3e8e56f639a5db5b fa173131f15f5534 4b05967001421eab 4e966bb2768c2b8a eff60ceea8817dad 01b3da54ffb158a0 4d32dae7b43c489a 7ee52d2519eea367 5547f9f1638ac345 061f3e1feeaa3094 d7d937303a6d5a9d b84b6c0b2e4d0306 eab15ee21e126f6a ce0f56b7190c268a a65e30106ea50423 b05b5f6850cfa158 d16da1fb61813db9 42bb83d7c4b9ecae a5d5ba33b5b1dc95 cc0c9419f8a20603 1c3b74a02a86467d
49,395b26d91f98bd92 45630e1451157ff3 0bcaac840d5e66d7 5430097e23000368 24e582daf6f87158 3a6e7894dde31c67 3c565c1fc2316d16 20d283a232dfd13c 24c47959ea77b15b a60934e6b473097a 3e66b4855d0dddbe f48d0fbea7dc2782 bd713b37b67866c3 522bd6887960c25d 81b639b74256b45b c015590d6a6fe833 64b31699d7d15934 9fda36f260eec24e 0db6584e3bdfa1c4 b9d966ad9e04127a 3b6d27775fce1c7b 4b29fc21f912754d 66ccd03c9e03ac06 a76ffccd2f5df1a7 62431fd374eb99fb 5897953fdf87b60f 0f4c71d341e2d939 42bb83d7c4b9ecae cea18be9a89d7a81 172bc0ee09332ae9
50,4f31209941bb05fc 486dd77002936dec a677c3a76055a6d2 4535ce2e3dced00f 5430097e23000368 f9c6286cff30aaa8 83f8f2fc471cad74 da011b87595c1019 e461837f0fb35048 377c1150c781e37a 393f49286db04aeb abf90e759d208468 2e4b00c01d58e79e 6c017e548aa138f2 2e031d83339759b2 20d283a232dfd13c 033d905aec273595 72c2a95813ea72bd 9100ea6cd0e084bf a292248bb2bffb3d 6204e398d8c7f888 e7cad3748e50b0f8 daa257a37227cd72 0db6584e3bdfa1c4 419b5dc40744fb9b bee46c54461925d0 a14394322cf7043d 57113c2a4cacd961 c015590d6a6fe833 acae1d29289b1266
51,4fe9e4e55585ba4b 16b11706660177ff 0a79fabc6f5d93c9 57113c2a4cacd961 ec1b3d7ccd3984d0 e22c35101e190db9 03dfe518713e006c 3cb6b40d377e7ca8 0bcaac840d5e66d7 8643165b0f53df11 25145708d494530b 48f93f9c2c699e19 27bc34b9887bec0d 8699cc5dd4159b69 34a62e66e05f9a44 3d6880bd12f6613f 45630e1451157ff3 7155e5a86136eb02 09bbaa171c20bae3 65ad9c583823162d 8faeacf8ca08f62d 0079f3c74309b582 f76f44d372517a9a 95ecdbff44ad0b60 3d93a60f990a0a7c bd0f175ee98c613e ec4ef2f727e7a03f 095bb1b6ecbd0a50 8fc68213b63951dc eec6b281e236b500
52,1d0f5fdc58e3efb5 5d26da95786b3a3a e1460af4a7044067 005666aa098abe8e 50806199c80e215c 64c2e323906b42d3 828f5dfbbf1272ee 939a1f686ea36c05 e228204ae08d1355 106204cd0e07e1b2 2e4b00c01d58e79e 4d7653ea9499eed4 e878efab7c37179e 96e82fa141db9a4b 0079f3c74309b582 9269d2b0d877352d c36c2dce0e6e434f 95d25d38ba7df9c7 fb2ebcb5335ad2e2 a860b682add9de1c a492bd402afd5c71 bf973f9ec3600199 964a50d33717c26d 95ecdbff44ad0b60 8e0760918e88e4a9 5c8c6d9a1fd4c1e0 366a22fce0614fb8 eab15ee21e126f6a 8566d15270eb5e83 e4a7a996ed6a5a81
53,01b3da54ffb158a0 4d32dae7b43c489a 10ad13170242ecae 061f3e1feeaa3094 d7d937303a6d5a9d a65e30106ea50423 43b3338423d7386c 99e833818ec4bbf2 f209d29f991432f0 a5d5ba33b5b1dc95 bb7515be835dea49 01e5a6edcee7deb0 1c3b74a02a86467d 87c5481930cfe126 29968e8fd13539f8 0647acc4602d4e8f 65708d542bd01f39 65ad9c583823162d f49e13a653cbdad2 3e8e56f639a5db5b bc2ae5f4e5d53e00 3a6e7894dde31c67 95ecdbff44ad0b60 fa173131f15f5534 455fde214d16d350 1efd7bd8a34a1359 0772e3ab293a1f30 e6a29676c096f8e8 22756be6fd061d4c c5830f9d0f1e29e5
54,37001ade0df85823 120e745e2961b5d5 f28fb3d9880c5d4c 2e44fbb8bc3d8d71 351c9da399c2b915 b0b5e62a93a2c37c fc8971756f9ec194 0c2eeab1e4ce1db8 42c9b72cc77dcb28 a677c3a76055a6d2 016da874bd04df55 f48d0fbea7dc2782 2bafd15871caae91 2dd12c230ab22555 c5830f9d0f1e29e5 781f4d0147aef776 ecb768ef6fd223ca 4b29fc21f912754d a853f13216170123 2820628e65a062e2 3c565c1fc2316d16 6461a9faa871b3ac 155600e5f1221f8c 24c47959ea77b15b 3e66b4855d0dddbe bd713b37b67866c3 20d283a232dfd13c 64b31699d7d15934 5b4c879fc9c316fb 1a8e5d6512d9e2d8
55,b2ee9eea2d974c90 9c9ebf71707d7a37 2e4b00c01d58e79e 8643165b0f53df11 4bed80e56ea2e099 964a50d33717c26d a2805ed52b47b8ec 680bb5c5c3bb6ee1 6204e398d8c7f888 50806199c80e215c f29eee8054c061e1 a60934e6b473097a bee46c54461925d0 83f8f2fc471cad74 feddfcf56818968e b1dcaca98bb76736 bfb8032f2183d471 64c2e323906b42d3 ce2fe99a7cda4a17 d1e21234d7cc61d2 050544c040f46152 4577ae048ef1967d 7c98dedd223b36c0 419b5dc40744fb9b 4535ce2e3dced00f 57113c2a4cacd961 83b911ff0ff45844 5d26da95786b3a3a cb3e4ce97e7f2881 5430097e23000368
56,a65e30106ea50423 b9d966ad9e04127a cea18be9a89d7a81 a76ffccd2f5df1a7 24e582daf6f87158 3c565c1fc2316d16 bd713b37b67866c3 522bd6887960c25d 24c47959ea77b15b 64b31699d7d15934 9fda36f260eec24e a60934e6b473097a 285657fcdf89f00d 5b4c879fc9c316fb f48d0fbea7dc2782 395b26d91f98bd92 999a52f1d301247c 81b639b74256b45b c015590d6a6fe833 c11b97f245a9dfd0 45bd99d5d2eef776 c143c095983a65c2 54a11cbcd7a32af4 66ccd03c9e03ac06 3e66b4855d0dddbe 9c9a9d45c2ea7ddf f105a53e5cfae611 ebfda3b48083e390 0f4c71d341e2d939 42bb83d7c4b9ecae
57,52aa48c07b34dc88 f25bfcffedaccf28 72b80b099fd64ec4 16b11706660177ff 7f95168400948588 5547f9f1638ac345 ca43e349133fc0e3 19e8f436d4b2fc25 2cebd52b41930f0a b84b6c0b2e4d0306 b05b5f6850cfa158 cc0c9419f8a20603 92f42fbd0c38f7fd 45bd99d5d2eef776 0add47a043c64d7f c11b97f245a9dfd0 1d72229ebcc00faf 6899956cd6c683f0 a0566ca9daca7778 43c354dbf952caaa 8700059e85433b32 af8e70f978cd5aee 702d8f1064ab3e30 3986b68500d7704b 3fa57d488e979d74 ff88049e61f0f4ef 622f2e4119882c94 e0269da736ddf004 bd713b37b67866c3 b24820ae14e16a24
58,0fbd0f422e926816 73391e0853c1e040 0d0368139e9a647f 72403ecdfe02bba6 00140806971e7a73 387e9cd2e5d4ea7d d35e11d3d1ab3c67 b749972436ac9791 05f23e7d05dbf7c2 46b99f864d6a075a abf90e759d208468 5b16bae6a0de7c88 f58ff7f1a6cde683 09660f466b38b7ba f9c6286cff30aaa8 8d58da0e1800dc96 b29ab87af6ea6310 b6d0f83aad4e4dc7 01020d1b0821f4c7 e7cad3748e50b0f8 db7342eff9200020 a14394322cf7043d d46598813fb437e5 5b34da30b93eb123 f705b637f624147e 4a5ac473c9d176ba ac9ee0c09b538140 a9eef13786610446 5a1149fbcbd37376 64267373570e4ea3
59,bd0f175ee98c613e e5fb8dc5c9cb4a19 5430097e23000368 49b5678e0d1e5bcd 42a5cae2a3a45557 db0e648651f4c92b 20d283a232dfd13c 7e4a4a1300b77a06 ae77487a89f2610c 7d83ffe83f61bdc4 29bedd00fb2be056 64b31699d7d15934 bbbd5d2fd957e8f7 0db6584e3bdfa1c4 197fa50b30d91fe8 24e582daf6f87158 acae1d29289b1266 2901e5309bb3f8f6 8faeacf8ca08f62d f25bfcffedaccf28 d257d1fbcf43abd5 f46601a9955f9949 238ec735a13a3f09 cc861214a89ef1f4 39075e303166355e d6ed7e4b14c51296 ec4ef2f727e7a03f 61ba7707ef6a5a99 3c565c1fc2316d16 095bb1b6ecbd0a50
60,00d9eb862ba3dfc6 013030fd7d29bf3d 07be6a290720707d 0079f3c74309b582 00e1e2eb13f650e4 e8ad5e31484ef889 c49d8f84a4f87f8a 63d509cd2a2e0e47 2e2904c5373734ae 4f915ad69e1dca36 734dabb98795c35c aa967ad3c1f65a29 e461837f0fb35048 4535ce2e3dced00f 680bb5c5c3bb6ee1 c143c095983a65c2 585f4ee09d8fea46 3986b68500d7704b 855f2f0354e102c7 b1dcaca98bb76736 72c2a95813ea72bd 428f9363fa35882d dc576af4ae66e25e 4f31209941bb05fc 83f5a9732f0de67f f54ad8d1eb18212e 520ec719078be07c 377c1150c781e37a 5dd752753760ced8 77e2f7da1f9d3a8f
61,d257d1fbcf43abd5 5430097e23000368 bd0f175ee98c613e 83f5a9732f0de67f ca4de5b8a7bda9df d92c0298f76ccf77 0683b6a78f54be75 35488b3b8b781278 49b5678e0d1e5bcd 8faeacf8ca08f62d db0e648651f4c92b a60934e6b473097a 7e4a4a1300b77a06 ae77487a89f2610c 095bb1b6ecbd0a50 8fc68213b63951dc eec6b281e236b500 7d83ffe83f61bdc4 72b80b099fd64ec4 bbbd5d2fd957e8f7 a813c15b46ceaf68 26fc2a95df5659c2 81b639b74256b45b 1f4f62844c3cb99c 8f578001f9d5f543 b3e75fdca5ca2f1a 4d32dae7b43c489a 16b11706660177ff 025a148c3a53bd9f f9c6286cff30aaa8
62,1d0f5fdc58e3efb5 b78189788d563693 666bdff4faa513ca a853f13216170123 a2c35fdf07a13286 047769588be1aea9 4b29fc21f912754d 0683b6a78f54be75 5b4c879fc9c316fb 855f2f0354e102c7 3c565c1fc2316d16 b1dcaca98bb76736 24c47959ea77b15b 520ec719078be07c 3e66b4855d0dddbe 377c1150c781e37a f48d0fbea7dc2782 5dd752753760ced8 77e2f7da1f9d3a8f e0269da736ddf004 cc507a0d6fcf4a1c 66ccd03c9e03ac06 a76ffccd2f5df1a7 62431fd374eb99fb 0f4c71d341e2d939 cea18be9a89d7a81 172bc0ee09332ae9 b6e72edcad270be0 edc79e57b20e9036 4f2fffd7528de786
63,8e0760918e88e4a9 e0269da736ddf004 50806199c80e215c 1d0f5fdc58e3efb5 e1460af4a7044067 d6ed7e4b14c51296 828f5dfbbf1272ee 939a1f686ea36c05 e228204ae08d1355 95ecdbff44ad0b60 4d7653ea9499eed4 3b6d27775fce1c7b e878efab7c37179e 96e82fa141db9a4b 9269d2b0d877352d c36c2dce0e6e434f 95d25d38ba7df9c7 fb2ebcb5335ad2e2 a860b682add9de1c a492bd402afd5c71 bf973f9ec3600199 5c8c6d9a1fd4c1e0 366a22fce0614fb8 47fbe21f5c35c7b4 eab15ee21e126f6a 8566d15270eb5e83 e4a7a996ed6a5a81 877672967d3f70bb 0220a434aa8bf029 d16da1fb61813db9
64,430feb4826a5632e 27888817db122597 f44f74b3451aa593 5ebb4d2f5f1c1f13 e461837f0fb35048 ec1b3d7ccd3984d0 0a79fabc6f5d93c9 1d0f5fdc58e3efb5 3cb6b40d377e7ca8 b78189788d563693 25145708d494530b e5fb8dc5c9cb4a19 48f93f9c2c699e19 e22c35101e190db9 8699cc5dd4159b69 34a62e66e05f9a44 4fe9e4e55585ba4b 3d6880bd12f6613f 45630e1451157ff3 7155e5a86136eb02 03dfe518713e006c 20d283a232dfd13c 29bedd00fb2be056 09bbaa171c20bae3 27bc34b9887bec0d 197fa50b30d91fe8 047769588be1aea9 64b31699d7d15934 0db6584e3bdfa1c4 acae1d29289b1266
65,20db73cf07a45f71 42bb83d7c4b9ecae 12af6a34778710db e7cad3748e50b0f8 377c1150c781e37a 95d25d38ba7df9c7 9fda36f260eec24e 9c9a9d45c2ea7ddf ca4de5b8a7bda9df 7ee52d2519eea367 fa173131f15f5534 bc2ae5f4e5d53e00 ec1b3d7ccd3984d0 4d9214c0925e5af8 585f4ee09d8fea46 939a1f686ea36c05 ec4ef2f727e7a03f 0a79fabc6f5d93c9 b78189788d563693 05e4165a56bf50eb b6a1c97f19af78d0 26fc2a95df5659c2 5b16bae6a0de7c88 a04d6febd82a4389 1f4f62844c3cb99c 8f578001f9d5f543 016da874bd04df55 46315cf30aaee51c a2c35fdf07a13286 83f5a9732f0de67f
66,bb7515be835dea49 2394b08708475900 95ecdbff44ad0b60 c5830f9d0f1e29e5 1dc7139adba034ec 5430097e23000368 bbbd5d2fd957e8f7 47fbe21f5c35c7b4 52370bea1acd0600 4d7653ea9499eed4 9a0f5ee4f845c9b2 0bcaac840d5e66d7 702d8f1064ab3e30 3986b68500d7704b 3fa57d488e979d74 ff88049e61f0f4ef e0269da736ddf004 bd713b37b67866c3 fd30682593995748 2a06f5614060e3b6 c28bc62802b90f82 0708923badf2ff5d 734dabb98795c35c 942a7d26d81c841f bd0f175ee98c613e ae94d8435a6847f4 b6d0f83aad4e4dc7 b24820ae14e16a24 622f2e4119882c94 cea18be9a89d7a81
67,061f3e1feeaa3094 e8684734f2e587bd 27bc34b9887bec0d ca4de5b8a7bda9df 892074f7c1ef5d5e 12af6a34778710db 60a070db9f1869b5 bc2ae5f4e5d53e00 d216e5458ad70e60 f76f44d372517a9a b6e646c13d0753ae 3ca7964973437917 d5952b2e031c4e7e 1d0f5fdc58e3efb5 589ef345cb2dccfc f25bfcffedaccf28 e1460af4a7044067 8faeacf8ca08f62d 01b3da54ffb158a0 fb8bd6b95eb4702a ec1b3d7ccd3984d0 4d32dae7b43c489a 70ebf53ced736fa4 f46601a9955f9949 939a1f686ea36c05 16b11706660177ff 8a5635c748344d47 7f95168400948588 0a79fabc6f5d93c9 447fc00f40d71d08
68,a813c15b46ceaf68 bb7515be835dea49 66ccd03c9e03ac06 62431fd374eb99fb 172bc0ee09332ae9 9f4e0d572b1f4e6c 3c565c1fc2316d16 4d954d933e606b70 a2c35fdf07a13286 24c47959ea77b15b e878efab7c37179e a492bd402afd5c71 3e66b4855d0dddbe f48d0fbea7dc2782 a60934e6b473097a 4d9214c0925e5af8 1a05ef8c93af8eed 2e79d45ba4d1540d c5830f9d0f1e29e5 2e031d83339759b2 48cf88c17ff38c5e 81b639b74256b45b 50806199c80e215c 4b29fc21f912754d 8faeacf8ca08f62d f76f44d372517a9a a76ffccd2f5df1a7 3d93a60f990a0a7c 0f4c71d341e2d939 26140b225c4f8d3f
69,2e79d45ba4d1540d 47fbe21f5c35c7b4 9f3d2ca16f358290 f2e30efbd27bee51 a52df8083c238c46 ad06e9eeea8eb4ea 4dba7ce835494a63 7c8324ce28ffb96e a492bd402afd5c71 9b0e8cf8153e3b33 095bb1b6ecbd0a50 c015590d6a6fe833 eec6b281e236b500 c11b97f245a9dfd0 2e031d83339759b2 702d8f1064ab3e30 a813c15b46ceaf68 172bc0ee09332ae9 a60934e6b473097a 999a52f1d301247c 828f5dfbbf1272ee b3e75fdca5ca2f1a 48cf88c17ff38c5e 24c47959ea77b15b 4d32dae7b43c489a a9dad59c7055b56c c143c095983a65c2 796888cc3443006c 3b4a85bac6ead3c8 3e66b4855d0dddbe
70,f44f74b3451aa593 5430097e23000368 f76f44d372517a9a db0e648651f4c92b 0c15f252d30646fc d6ed7e4b14c51296 c015590d6a6fe833 87c5481930cfe126 db69d4cbfef8d22f 9c9ebf71707d7a37 b50b4e27b03c7b37 49b5678e0d1e5bcd 52aa48c07b34dc88 0220a434aa8bf029 3a6e7894dde31c67 9cf6709de35bf0f3 0add47a043c64d7f 64267373570e4ea3 83f8f2fc471cad74 c5830f9d0f1e29e5 7eec211cc37a1b05 aa0789b403bcd839 f2e30efbd27bee51 3734d3b0b9232538 b6e646c13d0753ae 9fbffc521da97c54 b371170568146b12 28403e62105b00f6 24e582daf6f87158 9ab90dfc5c9b0b37
71,fab14d178b24a67f cc861214a89ef1f4 af8e70f978cd5aee 4105533fe46dfba9 059bbdbdb843af6a 9f4e0d572b1f4e6c 05e4165a56bf50eb 5430097e23000368 6a3919ad9ed8197e 0b0021aa60d05daa 4b8c7061102517ef 49b5678e0d1e5bcd db0e648651f4c92b 7e4a4a1300b77a06 354d7a327bbcc152 ae77487a89f2610c 7d83ffe83f61bdc4 ddf332f2b55a2a23 bbbd5d2fd957e8f7 bd713b37b67866c3 522bd6887960c25d ecb768ef6fd223ca 3c565c1fc2316d16 64b31699d7d15934 9fda36f260eec24e 01b3da54ffb158a0 b9d966ad9e04127a ec1b3d7ccd3984d0 24c47959ea77b15b a60934e6b473097a
72,39075e303166355e 46315cf30aaee51c 095bb1b6ecbd0a50 d5805cdb9e8f0f48 eec6b281e236b500 b3ad55963554f220 4491016efed845f1 955e465ce0788ea6 702d8f1064ab3e30 b3e75fdca5ca2f1a de35d2410e916471 b29ab87af6ea6310 b78189788d563693 42a5cae2a3a45557 bed3e73d52011f68 a52df8083c238c46 27888817db122597 238ec735a13a3f09 c810ac016901e8ac 36d33c41812ce7dc 2a06f5614060e3b6 b760ebc5f25788d3 f48d0fbea7dc2782 65fac1ba1840000f fc21db75b354a917 39f6296778264878 622f2e4119882c94 20d283a232dfd13c abf90e759d208468 81b639b74256b45b
73,d6ed7e4b14c51296 db0e648651f4c92b 49b5678e0d1e5bcd 5430097e23000368 d257d1fbcf43abd5 d92c0298f76ccf77 0683b6a78f54be75 7e4a4a1300b77a06 35488b3b8b781278 ae77487a89f2610c 7d83ffe83f61bdc4 bbbd5d2fd957e8f7 919b1679fffa7ef1 a677c3a76055a6d2 b50b4e27b03c7b37 0220a434aa8bf029 52aa48c07b34dc88 dc576af4ae66e25e 42a5cae2a3a45557 64267373570e4ea3 2b48ab08c915c0ad 7eec211cc37a1b05 a853f13216170123 238ec735a13a3f09 1ba7a50457e93996 b371170568146b12 4b29fc21f912754d 28403e62105b00f6 ba5199dba342af68 2820628e65a062e2
74,fc8971756f9ec194 f28fb3d9880c5d4c 4a5ac473c9d176ba d72363ddd958d906 0c2eeab1e4ce1db8 2e44fbb8bc3d8d71 42c9b72cc77dcb28 016da874bd04df55 a677c3a76055a6d2 351c9da399c2b915 316382267dcd804f 2bafd15871caae91 d64c06baf5ef1c90 2dd12c230ab22555 c810ac016901e8ac 36d33c41812ce7dc b0b5e62a93a2c37c 37001ade0df85823 e7dd56376be2cf1c 3d93a60f990a0a7c 10ad13170242ecae 120e745e2961b5d5 cc861214a89ef1f4 e5fb8dc5c9cb4a19 bc27d5dc9bab1c18 b8e2f75014710ced 83f8aca6ee2caabc 18b1d2d84c97a364 6e1b6b53c9710940 453bc79164d57a01
75,b6e72edcad270be0 636224e349e561bf a292248bb2bffb3d a853f13216170123 520ec719078be07c 4b29fc21f912754d 0e45c4c185f35df6 48a76e3aff69d605 59c231f8fd21260c 5b4c879fc9c316fb 3c565c1fc2316d16 e6a29676c096f8e8 5c4b7558c942a224 24c47959ea77b15b 3e66b4855d0dddbe 4d954d933e606b70 f48d0fbea7dc2782 cc507a0d6fcf4a1c 66ccd03c9e03ac06 f1a3b8b13e9401c0 486dd77002936dec 9f4e0d572b1f4e6c a76ffccd2f5df1a7 62431fd374eb99fb 0f4c71d341e2d939 95166957b2c38794 cea18be9a89d7a81 172bc0ee09332ae9 4f2fffd7528de786 666bdff4faa513ca
76,0eafda717681bbdc 01020d1b0821f4c7 2901e5309bb3f8f6 d46598813fb437e5 33856365c271aea4 005666aa098abe8e 6d80d2e62d01f6bc ecb768ef6fd223ca 8700059e85433b32 c49d8f84a4f87f8a 20d283a232dfd13c 24e582daf6f87158 64b31699d7d15934 0db6584e3bdfa1c4 5430097e23000368 3c565c1fc2316d16 29bedd00fb2be056 24c47959ea77b15b e5fb8dc5c9cb4a19 a60934e6b473097a 3e66b4855d0dddbe 197fa50b30d91fe8 f48d0fbea7dc2782 bd713b37b67866c3 522bd6887960c25d acae1d29289b1266 81b639b74256b45b c015590d6a6fe833 8faeacf8ca08f62d 9fda36f260eec24e
77,f28fb3d9880c5d4c 2e44fbb8bc3d8d71 0c2eeab1e4ce1db8 351c9da399c2b915 42c9b72cc77dcb28 fc8971756f9ec194 a677c3a76055a6d2 b0b5e62a93a2c37c 37001ade0df85823 016da874bd04df55 120e745e2961b5d5 2bafd15871caae91 2dd12c230ab22555 d64c06baf5ef1c90 36d33c41812ce7dc c810ac016901e8ac bc27d5dc9bab1c18 18b1d2d84c97a364 cba7e22bb383083a 27a12f29dceccdbd 5570ef88d970e9b4 4c3802a1bd3c842e 3d93a60f990a0a7c 059bbdbdb843af6a cc861214a89ef1f4 bd0f175ee98c613e e5fb8dc5c9cb4a19 b8e2f75014710ced 00d9f8d3f7d412b3 83f8aca6ee2caabc
78,ec4ef2f727e7a03f 20d283a232dfd13c 430feb4826a5632e a04d6febd82a4389 1f4f62844c3cb99c 46315cf30aaee51c 6c017e548aa138f2 bb7515be835dea49 64b31699d7d15934 29bedd00fb2be056 e5fb8dc5c9cb4a19 197fa50b30d91fe8 acae1d29289b1266 2901e5309bb3f8f6 8faeacf8ca08f62d f46601a9955f9949 bd713b37b67866c3 bd0f175ee98c613e 39075e303166355e 095bb1b6ecbd0a50 d5805cdb9e8f0f48 8fc68213b63951dc eec6b281e236b500 b3ad55963554f220 4491016efed845f1 0db6584e3bdfa1c4 393f49286db04aeb 955e465ce0788ea6 a813c15b46ceaf68 26fc2a95df5659c2
79,c31a456b544a40a8 1fe79c7de59ff6c6 a853f13216170123 4b29fc21f912754d 5b4c879fc9c316fb 3c565c1fc2316d16 c015590d6a6fe833 24c47959ea77b15b 3e66b4855d0dddbe 83f8f2fc471cad74 f48d0fbea7dc2782 b6e646c13d0753ae 9fbffc521da97c54 cc507a0d6fcf4a1c 66ccd03c9e03ac06 a76ffccd2f5df1a7 62431fd374eb99fb 0f4c71d341e2d939 cea18be9a89d7a81 172bc0ee09332ae9 b6e72edcad270be0 4f2fffd7528de786 666bdff4faa513ca a2c35fdf07a13286 4d954d933e606b70 ddf332f2b55a2a23 07f22a7ad7e4711d 6406fcdb7d87b5dc 999a52f1d301247c 238de368bb05c0ec
80,bd0f175ee98c613e f25bfcffedaccf28 8699cc5dd4159b69 e7cad3748e50b0f8 e4a7a996ed6a5a81 e8684734f2e587bd d257d1fbcf43abd5 24e582daf6f87158 8643165b0f53df11 07f22a7ad7e4711d dc12cc503ac0eddb 3c565c1fc2316d16 20d283a232dfd13c 24c47959ea77b15b a60934e6b473097a 3e66b4855d0dddbe f48d0fbea7dc2782 bd713b37b67866c3 522bd6887960c25d 81b639b74256b45b c015590d6a6fe833 64b31699d7d15934 9fda36f260eec24e 0db6584e3bdfa1c4 b9d966ad9e04127a 3b6d27775fce1c7b 4b29fc21f912754d 66ccd03c9e03ac06 a76ffccd2f5df1a7 62431fd374eb99fb
81,4e966bb2768c2b8a 0b0021aa60d05daa e7828f0ea9749505 01b3da54ffb158a0 4d32dae7b43c489a 061f3e1feeaa3094 d7d937303a6d5a9d 04886579947a80c2 a65e30106ea50423 43b3338423d7386c 99e833818ec4bbf2 f209d29f991432f0 a5d5ba33b5b1dc95 01e5a6edcee7deb0 1c3b74a02a86467d 87c5481930cfe126 29968e8fd13539f8 0647acc4602d4e8f 65708d542bd01f39 65ad9c583823162d f49e13a653cbdad2 3e8e56f639a5db5b bc2ae5f4e5d53e00 c49d8f84a4f87f8a fa173131f15f5534 455fde214d16d350 1efd7bd8a34a1359 0772e3ab293a1f30 4535ce2e3dced00f e6a29676c096f8e8
82,528161039994b4dc 1efd7bd8a34a1359 39075e303166355e 430feb4826a5632e ae94d8435a6847f4 1d0f5fdc58e3efb5 12af6a34778710db 39f6296778264878 e1460af4a7044067 bf3ccaba4a3450a8 828f5dfbbf1272ee 939a1f686ea36c05 65fac1ba1840000f da011b87595c1019 e228204ae08d1355 047769588be1aea9 5570ef88d970e9b4 4d7653ea9499eed4 4535ce2e3dced00f fc16a50ff0baec53 f705b637f624147e ca4de5b8a7bda9df e878efab7c37179e 4a5ac473c9d176ba 47fbe21f5c35c7b4 96e82fa141db9a4b bc2ae5f4e5d53e00 2901e5309bb3f8f6 351c9da399c2b915 d63b7f083330247f
83,7eec211cc37a1b05 46b99f864d6a075a 447fc00f40d71d08 74244a8703c03720 680bb5c5c3bb6ee1 29968e8fd13539f8 4bed80e56ea2e099 3e8e56f639a5db5b 964a50d33717c26d 50806199c80e215c d6ed7e4b14c51296 b50b4e27b03c7b37 5d26da95786b3a3a e8b87ed7db1bcb1f 52aa48c07b34dc88 20db73cf07a45f71 c11b97f245a9dfd0 64267373570e4ea3 b371170568146b12 013030fd7d29bf3d 28403e62105b00f6 9ab90dfc5c9b0b37 c96049ed915ced0a 919b1679fffa7ef1 7f29daa16b9b4cda 5430097e23000368 0079f3c74309b582 0a49074a4158155b d73a65673e3f1d78 128d583954b18074
84,f25bfcffedaccf28 bd0f175ee98c613e 8699cc5dd4159b69 e7cad3748e50b0f8 e4a7a996ed6a5a81 e8684734f2e587bd d257d1fbcf43abd5 8643165b0f53df11 72b80b099fd64ec4 07f22a7ad7e4711d 1d0f5fdc58e3efb5 b78189788d563693 5430097e23000368 16b11706660177ff 7f95168400948588 5547f9f1638ac345 ca43e349133fc0e3 dc12cc503ac0eddb 19e8f436d4b2fc25 2cebd52b41930f0a b84b6c0b2e4d0306 52aa48c07b34dc88 b05b5f6850cfa158 047769588be1aea9 cc0c9419f8a20603 2394b08708475900 92f42fbd0c38f7fd 45bd99d5d2eef776 0add47a043c64d7f c11b97f245a9dfd0
85,942a7d26d81c841f e8b87ed7db1bcb1f d7d937303a6d5a9d 680bb5c5c3bb6ee1 de35d2410e916471 e0269da736ddf004 c606425856952286 52aa48c07b34dc88 09bbaa171c20bae3 c6b615b2589e036d a2805ed52b47b8ec c11b97f245a9dfd0 622f2e4119882c94 b3e75fdca5ca2f1a 7e4a4a1300b77a06 6c017e548aa138f2 a14394322cf7043d 453bc79164d57a01 8700059e85433b32 1efd7bd8a34a1359 20d283a232dfd13c 0eafda717681bbdc bb7515be835dea49 a04d6febd82a4389 00d9f8d3f7d412b3 0a79fabc6f5d93c9 061f3e1feeaa3094 74873b42602d8958 316382267dcd804f d6ed7e4b14c51296
86,5b16bae6a0de7c88 09660f466b38b7ba 73391e0853c1e040 0fbd0f422e926816 0d0368139e9a647f 8d58da0e1800dc96 b29ab87af6ea6310 72403ecdfe02bba6 00140806971e7a73 387e9cd2e5d4ea7d d35e11d3d1ab3c67 b749972436ac9791 f9c6286cff30aaa8 d46598813fb437e5 05f23e7d05dbf7c2 01020d1b0821f4c7 46b99f864d6a075a abf90e759d208468 d5805cdb9e8f0f48 b3ad55963554f220 29968e8fd13539f8 f58ff7f1a6cde683 de35d2410e916471 a14394322cf7043d bee46c54461925d0 b6d0f83aad4e4dc7 ac9ee0c09b538140 12af6a34778710db 8faeacf8ca08f62d ffa9091747ae2466
87,73391e0853c1e040 b8e2f75014710ced 81bd116c786bf9ae 00ff646ca6637bd7 fc8971756f9ec194 9a439fd1abf95245 354d7a327bbcc152 00af886180e9eaec 6cb9ab508a0678a0 5430097e23000368 da904d2a54ff8cf2 d64c06baf5ef1c90 3d93a60f990a0a7c 238ec735a13a3f09 c810ac016901e8ac 36d33c41812ce7dc cc861214a89ef1f4 e5fb8dc5c9cb4a19 d6ed7e4b14c51296 00d9f8d3f7d412b3 83f8aca6ee2caabc 52e459a551d4ac2d f28fb3d9880c5d4c 61ba7707ef6a5a99 db0e648651f4c92b d72363ddd958d906 7e4a4a1300b77a06 af8e70f978cd5aee 6e1b6b53c9710940 2bafd15871caae91
88,6d80d2e62d01f6bc d46598813fb437e5 c08c3765ac609cc0 a52df8083c238c46 63d95d5977c2fe98 74e59c5820900b17 0eafda717681bbdc dac29ed8400b50cc 622f2e4119882c94 f705b637f624147e 05f23e7d05dbf7c2 29bedd00fb2be056 8d58da0e1800dc96 796888cc3443006c ffc688c4c1c2a068 54f55c74d37db3c0 a9eef13786610446 2359719a0f40ffac 42a5cae2a3a45557 0d0368139e9a647f 2901e5309bb3f8f6 bed3e73d52011f68 5fb2d8e734956af0 44d324ebd3e22ad7 b69ce8b8154645f8 0fbd0f422e926816 00140806971e7a73 4d417b203b333363 2a06f5614060e3b6 bf3ccaba4a3450a8
89,e403278468d84383 6ae470a7c9ec20fd b0e254dd420faee3 22756be6fd061d4c 0708923badf2ff5d 0eedb1a0d3b8ddae 587e0b2a4811fab1 3734d3b0b9232538 ae94d8435a6847f4 da011b87595c1019 3b4a85bac6ead3c8 a292248bb2bffb3d bf973f9ec3600199 520ec719078be07c 58654e3143c6550b b6e72edcad270be0 0e45c4c185f35df6 2e031d83339759b2 8dedff0a79784abc 0195950ce0f47e34 dc12cc503ac0eddb a0566ca9daca7778 d73a65673e3f1d78 ff88049e61f0f4ef e0269da736ddf004 3fa57d488e979d74 bd713b37b67866c3 fd30682593995748 3986b68500d7704b 39f6296778264878
90,74ae9af23a383bf5 47fbe21f5c35c7b4 45bd99d5d2eef776 7eec211cc37a1b05 d6ed7e4b14c51296 b1e47da7659b675c d5805cdb9e8f0f48 b3ad55963554f220 f25bfcffedaccf28 8df3f13d6af34cb3 e1460af4a7044067 d216e5458ad70e60 955e465ce0788ea6 5b16bae6a0de7c88 de35d2410e916471 09660f466b38b7ba 7f95168400948588 50806199c80e215c ffa9091747ae2466 2a06f5614060e3b6 0220a434aa8bf029 48f93f9c2c699e19 49224aca40e6e5e3 9269d2b0d877352d bb7515be835dea49 43b3338423d7386c 34a62e66e05f9a44 99e833818ec4bbf2 f209d29f991432f0 d46598813fb437e5
91,c810ac016901e8ac 36d33c41812ce7dc fc21db75b354a917 d64c06baf5ef1c90 bc27d5dc9bab1c18 18b1d2d84c97a364 a14394322cf7043d 27a12f29dceccdbd 5570ef88d970e9b4 666bdff4faa513ca 4c3802a1bd3c842e d9885881381fd10a cba7e22bb383083a 8f578001f9d5f543 b78189788d563693 9f4e0d572b1f4e6c 39f6296778264878 c28bc62802b90f82 025a148c3a53bd9f 81b7c7e312bfa1a0 f9c6286cff30aaa8 bed3e73d52011f68 bd0f175ee98c613e 3b4a85bac6ead3c8 059bbdbdb843af6a b7d7d9ae1cbe0d8a b8e2f75014710ced 1d0f5fdc58e3efb5 83f8aca6ee2caabc 26fc2a95df5659c2
92,b6e646c13d0753ae c015590d6a6fe833 bd0f175ee98c613e 12af6a34778710db f25bfcffedaccf28 52370bea1acd0600 50cb6a6c60ad711a ad06e9eeea8eb4ea 40583079f57235a6 7c8324ce28ffb96e 83f8f2fc471cad74 ae77487a89f2610c 413c55a5ab86881a 58654e3143c6550b 4577ae048ef1967d 3ca7964973437917 148ac4a56a18844d 0bcaac840d5e66d7 2e031d83339759b2 9fbffc521da97c54 8699cc5dd4159b69 e7cad3748e50b0f8 0451447dd64f6284 72c2a95813ea72bd e4a7a996ed6a5a81 9b0e8cf8153e3b33 e8684734f2e587bd b6a1c97f19af78d0 d257d1fbcf43abd5 24e582daf6f87158
93,29bedd00fb2be056 455fde214d16d350 33856365c271aea4 5989fb934598c1a7 07f22a7ad7e4711d 25a3b47fe31bc6b5 ddb3810e0289c148 387e9cd2e5d4ea7d ebfda3b48083e390 42c9b72cc77dcb28 025a148c3a53bd9f c5830f9d0f1e29e5 7155e5a86136eb02 65708d542bd01f39 57113c2a4cacd961 4d954d933e606b70 095bb1b6ecbd0a50 8643165b0f53df11 3ca7964973437917 eff60ceea8817dad 1f423f368aebf7f3 26fc2a95df5659c2 855f2f0354e102c7 63d95d5977c2fe98 7ee52d2519eea367 44d324ebd3e22ad7 1398b478b71773ed 4d417b203b333363 587e0b2a4811fab1 b6a1c97f19af78d0
94,26140b225c4f8d3f d257d1fbcf43abd5 d92c0298f76ccf77 0683b6a78f54be75 35488b3b8b781278 bd0f175ee98c613e ae77487a89f2610c 95ecdbff44ad0b60 e878efab7c37179e a492bd402afd5c71 49b5678e0d1e5bcd 5430097e23000368 939a1f686ea36c05 828f5dfbbf1272ee 4d9214c0925e5af8 1a05ef8c93af8eed db0e648651f4c92b 7e4a4a1300b77a06 a813c15b46ceaf68 50806199c80e215c 7d83ffe83f61bdc4 e4a7a996ed6a5a81 bbbd5d2fd957e8f7 6899956cd6c683f0 c36c2dce0e6e434f 9f4e0d572b1f4e6c a860b682add9de1c 5c8c6d9a1fd4c1e0 f25bfcffedaccf28 de8e1345e8c305c4
95,fa173131f15f5534 2394b08708475900 a5d5ba33b5b1dc95 1c3b74a02a86467d e7cad3748e50b0f8 01b3da54ffb158a0 4d32dae7b43c489a 061f3e1feeaa3094 d7d937303a6d5a9d bc2552a642ce8497 af41e2b6da3e7e02 ced9c56f2be86774 148ac4a56a18844d a65e30106ea50423 43b3338423d7386c 99e833818ec4bbf2 fc16a50ff0baec53 f209d29f991432f0 01e5a6edcee7deb0 4d29c6922b2d0d56 87c5481930cfe126 29968e8fd13539f8 0647acc4602d4e8f 65708d542bd01f39 65ad9c583823162d f49e13a653cbdad2 3e8e56f639a5db5b bc2ae5f4e5d53e00 455fde214d16d350 1efd7bd8a34a1359
96,63d509cd2a2e0e47 07be6a290720707d e8ad5e31484ef889 3e66b4855d0dddbe 1398b478b71773ed bf973f9ec3600199 ce0f56b7190c268a 8dedff0a79784abc 680bb5c5c3bb6ee1 f58ff7f1a6cde683 0bcaac840d5e66d7 c28bc62802b90f82 702d8f1064ab3e30 3986b68500d7704b 3fa57d488e979d74 ff88049e61f0f4ef bd713b37b67866c3 fd30682593995748 2a06f5614060e3b6 39f6296778264878 e25a1da6ca187350 c31a456b544a40a8 e0269da736ddf004 734dabb98795c35c bd0f175ee98c613e ae94d8435a6847f4 b6d0f83aad4e4dc7 b24820ae14e16a24 622f2e4119882c94 4b8c7061102517ef
97,d216e5458ad70e60 fb8bd6b95eb4702a 8a5635c748344d47 60a070db9f1869b5 da7d3c2d591c4295 e8684734f2e587bd d63b7f083330247f 8bf446c0455e3c5c b6e646c13d0753ae 3ca7964973437917 d5952b2e031c4e7e 1d12acf7349196b0 1d0f5fdc58e3efb5 b78189788d563693 047769588be1aea9 666bdff4faa513ca 0683b6a78f54be75 bb7515be835dea49 95ecdbff44ad0b60 c5830f9d0f1e29e5 1dc7139adba034ec c28bc62802b90f82 3986b68500d7704b 3fa57d488e979d74 ff88049e61f0f4ef e0269da736ddf004 bd713b37b67866c3 fd30682593995748 2a06f5614060e3b6 39f6296778264878
98,cc507a0d6fcf4a1c a853f13216170123 24c47959ea77b15b 3e66b4855d0dddbe f48d0fbea7dc2782 4b29fc21f912754d 172bc0ee09332ae9 5b4c879fc9c316fb 3c565c1fc2316d16 4f2fffd7528de786 828f5dfbbf1272ee 4d32dae7b43c489a 66ccd03c9e03ac06 e228204ae08d1355 db69d4cbfef8d22f 7f95168400948588 a76ffccd2f5df1a7 62431fd374eb99fb 0f4c71d341e2d939 d7d937303a6d5a9d cea18be9a89d7a81 b6e72edcad270be0 39075e303166355e 73f770f2643a2135 095bb1b6ecbd0a50 666bdff4faa513ca d5805cdb9e8f0f48 eec6b281e236b500 b3ad55963554f220 a2c35fdf07a13286
99,1efd7bd8a34a1359 c143c095983a65c2 58654e3143c6550b 4d954d933e606b70 e6a29676c096f8e8 ad06e9eeea8eb4ea 8dedff0a79784abc 95166957b2c38794 587e0b2a4811fab1 3b4a85bac6ead3c8 01b3da54ffb158a0 22756be6fd061d4c a0566ca9daca7778 4d32dae7b43c489a 1d0f5fdc58e3efb5 48a76e3aff69d605 e9c20b67a4c5395f 061f3e1feeaa3094 148ac4a56a18844d ce0f56b7190c268a 2e031d83339759b2 59c231f8fd21260c 70ebf53ced736fa4 a292248bb2bffb3d 7c8324ce28ffb96e 9b0e8cf8153e3b33 d257d1fbcf43abd5 f105a53e5cfae611 ae94d8435a6847f4 5c4b7558c942a224
100,e403278468d84383 3a6e7894dde31c67 528161039994b4dc d1e21234d7cc61d2 22756be6fd061d4c 1d0f5fdc58e3efb5 ba5199dba342af68 033d905aec273595 5f94b027039f4e48 b9d966ad9e04127a e25a1da6ca187350 bc27d5dc9bab1c18 4535ce2e3dced00f b78189788d563693 7155e5a86136eb02 18b1d2d84c97a364 54f55c74d37db3c0 dea5e9227fbbac29 1fe79c7de59ff6c6 395b26d91f98bd92 3c0873ce078d332b 40583079f57235a6 e8b87ed7db1bcb1f 83b911ff0ff45844 148ac4a56a18844d ca4de5b8a7bda9df 50cb6a6c60ad711a 1dc7139adba034ec 50806199c80e215c fc16a50ff0baec53
101,d16da1fb61813db9 dea5e9227fbbac29 98dbd15aa33ebc18 e4a7a996ed6a5a81 bd0f175ee98c613e f25bfcffedaccf28 1d0f5fdc58e3efb5 e1460af4a7044067 828f5dfbbf1272ee 939a1f686ea36c05 e228204ae08d1355 8699cc5dd4159b69 e7cad3748e50b0f8 4d7653ea9499eed4 e878efab7c37179e 96e82fa141db9a4b 9269d2b0d877352d e8684734f2e587bd c36c2dce0e6e434f 95d25d38ba7df9c7 fb2ebcb5335ad2e2 d257d1fbcf43abd5 a860b682add9de1c a492bd402afd5c71 bf973f9ec3600199 95ecdbff44ad0b60 8e0760918e88e4a9 24e582daf6f87158 5c8c6d9a1fd4c1e0 366a22fce0614fb8
102,46315cf30aaee51c 3d93a60f990a0a7c b78189788d563693 ec4ef2f727e7a03f 26fc2a95df5659c2 1f4f62844c3cb99c 8f578001f9d5f543 8dc313a2cf9da354 025a148c3a53bd9f 047769588be1aea9 9c9a9d45c2ea7ddf 27a12f29dceccdbd 0eb4de784c8dd679 a60934e6b473097a e878efab7c37179e 24e582daf6f87158 4d9214c0925e5af8 81b639b74256b45b 853e36b1550c6274 033d905aec273595 4c3802a1bd3c842e 66ccd03c9e03ac06 62431fd374eb99fb 172bc0ee09332ae9 ecb768ef6fd223ca 5b16bae6a0de7c88 a04d6febd82a4389 a2c35fdf07a13286 016da874bd04df55 da904d2a54ff8cf2
103,b6e72edcad270be0 48a76e3aff69d605 4b29fc21f912754d a853f13216170123 3c565c1fc2316d16 24c47959ea77b15b 636224e349e561bf 3e66b4855d0dddbe 0e45c4c185f35df6 f48d0fbea7dc2782 59c231f8fd21260c a292248bb2bffb3d 520ec719078be07c 5b4c879fc9c316fb 66ccd03c9e03ac06 a76ffccd2f5df1a7 62431fd374eb99fb 0f4c71d341e2d939 cea18be9a89d7a81 172bc0ee09332ae9 a2c35fdf07a13286 4d954d933e606b70 ddf332f2b55a2a23 e6a29676c096f8e8 5c4b7558c942a224 6406fcdb7d87b5dc 999a52f1d301247c c31a456b544a40a8 cc507a0d6fcf4a1c 238de368bb05c0ec
104,bb7515be835dea49 c5830f9d0f1e29e5 d216e5458ad70e60 fb8bd6b95eb4702a 8a5635c748344d47 60a070db9f1869b5 da7d3c2d591c4295 e8684734f2e587bd d63b7f083330247f 8bf446c0455e3c5c b6e646c13d0753ae 3ca7964973437917 d5952b2e031c4e7e 24e582daf6f87158 3c565c1fc2316d16 1d12acf7349196b0 20d283a232dfd13c 24c47959ea77b15b a60934e6b473097a 3e66b4855d0dddbe f48d0fbea7dc2782 bd713b37b67866c3 522bd6887960c25d 81b639b74256b45b c015590d6a6fe833 64b31699d7d15934 95ecdbff44ad0b60 9fda36f260eec24e 0db6584e3bdfa1c4 b9d966ad9e04127a
105,1efd7bd8a34a1359 395b26d91f98bd92 24e582daf6f87158 a982b5c3aed39396 a60934e6b473097a 3c565c1fc2316d16 81b639b74256b45b 24c47959ea77b15b c31a456b544a40a8 66ccd03c9e03ac06 238de368bb05c0ec 3e66b4855d0dddbe 62431fd374eb99fb 404031ab9d5977c4 f48d0fbea7dc2782 172bc0ee09332ae9 20d283a232dfd13c bd713b37b67866c3 522bd6887960c25d a2c35fdf07a13286 1a8e5d6512d9e2d8 c015590d6a6fe833 64b31699d7d15934 54a11cbcd7a32af4 9fda36f260eec24e 0db6584e3bdfa1c4 b9d966ad9e04127a 3b6d27775fce1c7b 4b29fc21f912754d a76ffccd2f5df1a7
106,9a0f5ee4f845c9b2 24e582daf6f87158 ce0f56b7190c268a 3c565c1fc2316d16 24c47959ea77b15b a60934e6b473097a 3e66b4855d0dddbe f48d0fbea7dc2782 bd713b37b67866c3 522bd6887960c25d 81b639b74256b45b c015590d6a6fe833 64b31699d7d15934 9fda36f260eec24e 0db6584e3bdfa1c4 b9d966ad9e04127a 3b6d27775fce1c7b 4b29fc21f912754d 66ccd03c9e03ac06 a76ffccd2f5df1a7 62431fd374eb99fb 20d283a232dfd13c 5897953fdf87b60f 0f4c71d341e2d939 42bb83d7c4b9ecae cea18be9a89d7a81 172bc0ee09332ae9 395b26d91f98bd92 b6e72edcad270be0 0e45c4c185f35df6
107,37001ade0df85823 2e44fbb8bc3d8d71 f28fb3d9880c5d4c 781f4d0147aef776 00958a140c3a6de8 120e745e2961b5d5 351c9da399c2b915 b0b5e62a93a2c37c fc8971756f9ec194 0c2eeab1e4ce1db8 42c9b72cc77dcb28 a677c3a76055a6d2 81bd116c786bf9ae 016da874bd04df55 00d9f8d3f7d412b3 0cd920bad11c716d b6cdb608f640e038 5057551fc55e9ed2 2bafd15871caae91 c03b11a0cdc3fa39 2dd12c230ab22555 29bedd00fb2be056 e5fb8dc5c9cb4a19 197fa50b30d91fe8 acae1d29289b1266 2901e5309bb3f8f6 8faeacf8ca08f62d f46601a9955f9949 bd0f175ee98c613e 39075e303166355e
108,bc2552a642ce8497 d73a65673e3f1d78 9a0f5ee4f845c9b2 f44f74b3451aa593 87c5481930cfe126 128d583954b18074 5430097e23000368 52370bea1acd0600 4d7653ea9499eed4 0bcaac840d5e66d7 c28bc62802b90f82 702d8f1064ab3e30 3986b68500d7704b 47fbe21f5c35c7b4 ff88049e61f0f4ef e0269da736ddf004 bd713b37b67866c3 fd30682593995748 2a06f5614060e3b6 39f6296778264878 3fa57d488e979d74 0708923badf2ff5d 734dabb98795c35c 942a7d26d81c841f bd0f175ee98c613e ae94d8435a6847f4 b6d0f83aad4e4dc7 b24820ae14e16a24 622f2e4119882c94 bbbd5d2fd957e8f7
109,bd0f175ee98c613e f25bfcffedaccf28 8699cc5dd4159b69 e7cad3748e50b0f8 e4a7a996ed6a5a81 e8684734f2e587bd d257d1fbcf43abd5 8643165b0f53df11 07f22a7ad7e4711d dc12cc503ac0eddb 5430097e23000368 3a6e7894dde31c67 d73a65673e3f1d78 128d583954b18074 9a0f5ee4f845c9b2 0bcaac840d5e66d7 c28bc62802b90f82 702d8f1064ab3e30 3986b68500d7704b ff88049e61f0f4ef e0269da736ddf004 bd713b37b67866c3 fd30682593995748 2a06f5614060e3b6 39f6296778264878 e25a1da6ca187350 3fa57d488e979d74 b24820ae14e16a24 b6d0f83aad4e4dc7 622f2e4119882c94
110,01b3da54ffb158a0 4d32dae7b43c489a 061f3e1feeaa3094 d7d937303a6d5a9d e8b87ed7db1bcb1f a65e30106ea50423 c11b97f245a9dfd0 43b3338423d7386c 99e833818ec4bbf2 f209d29f991432f0 a5d5ba33b5b1dc95 01e5a6edcee7deb0 1c3b74a02a86467d 87c5481930cfe126 29968e8fd13539f8 0647acc4602d4e8f 65708d542bd01f39 65ad9c583823162d f49e13a653cbdad2 3e8e56f639a5db5b bc2ae5f4e5d53e00 fa173131f15f5534 455fde214d16d350 1efd7bd8a34a1359 0772e3ab293a1f30 e6a29676c096f8e8 5430097e23000368 22756be6fd061d4c 4e966bb2768c2b8a 95166957b2c38794
111,8e0760918e88e4a9 8fc68213b63951dc a813c15b46ceaf68 f46601a9955f9949 393f49286db04aeb 942a7d26d81c841f d6ed7e4b14c51296 976baf0e84752a68 73391e0853c1e040 796888cc3443006c daa257a37227cd72 0db6584e3bdfa1c4 24e582daf6f87158 4d32dae7b43c489a 59bf6d6df9146d60 5fb2d8e734956af0 d7d937303a6d5a9d a65e30106ea50423 a5d5ba33b5b1dc95 01e5a6edcee7deb0 29968e8fd13539f8 0647acc4602d4e8f 01b3da54ffb158a0 bc2ae5f4e5d53e00 7ee52d2519eea367 061f3e1feeaa3094 3d93a60f990a0a7c 43b3338423d7386c 99e833818ec4bbf2 8faeacf8ca08f62d
112,9a0f5ee4f845c9b2 da7d3c2d591c4295 a677c3a76055a6d2 8e0760918e88e4a9 393f49286db04aeb abf90e759d208468 6c017e548aa138f2 20d283a232dfd13c 0db6584e3bdfa1c4 9100ea6cd0e084bf a292248bb2bffb3d 7ee52d2519eea367 e7cad3748e50b0f8 daa257a37227cd72 a14394322cf7043d 07f22a7ad7e4711d acae1d29289b1266 1d72229ebcc00faf 6a9aa1bd93e36e66 3734d3b0b9232538 ecb768ef6fd223ca 3a6e7894dde31c67 f76f44d372517a9a d73a65673e3f1d78 1d0f5fdc58e3efb5 f25bfcffedaccf28 72b80b099fd64ec4 e1460af4a7044067 d216e5458ad70e60 5b4c879fc9c316fb
113,5879096a38d69fc5 a18df74d3a16e9c0 5430097e23000368 73f770f2643a2135 955e465ce0788ea6 bc2552a642ce8497 bf3ccaba4a3450a8 01ecc81f6341e902 29bedd00fb2be056 49224aca40e6e5e3 796888cc3443006c a52df8083c238c46 853e36b1550c6274 d6bbbd6c4968075a d46598813fb437e5 b69ce8b8154645f8 59bf6d6df9146d60 622f2e4119882c94 5fb2d8e734956af0 ac9ee0c09b538140 6d80d2e62d01f6bc 34a62e66e05f9a44 6a9aa1bd93e36e66 a982b5c3aed39396 d257d1fbcf43abd5 7c8324ce28ffb96e 22756be6fd061d4c 63d95d5977c2fe98 a9dad59c7055b56c 4e966bb2768c2b8a
114,b0b5e62a93a2c37c f28fb3d9880c5d4c 2e44fbb8bc3d8d71 37001ade0df85823 120e745e2961b5d5 351c9da399c2b915 fc8971756f9ec194 0c2eeab1e4ce1db8 42c9b72cc77dcb28 a677c3a76055a6d2 9f27aa36c1ea793c 016da874bd04df55 cba7e22bb383083a 2bafd15871caae91 2dd12c230ab22555 acf5cb026b3c4551 5430097e23000368 da904d2a54ff8cf2 d64c06baf5ef1c90 3d93a60f990a0a7c 238ec735a13a3f09 36d33c41812ce7dc c810ac016901e8ac cc861214a89ef1f4 e5fb8dc5c9cb4a19 d6ed7e4b14c51296 b8e2f75014710ced 00d9f8d3f7d412b3 83f8aca6ee2caabc 52e459a551d4ac2d
115,9ab90dfc5c9b0b37 ce8cb4351b8c0f6e 04886579947a80c2 7f29daa16b9b4cda 28403e62105b00f6 919b1679fffa7ef1 f6d23cdd2359f7c0 5430097e23000368 6899956cd6c683f0 00e1e2eb13f650e4 0195950ce0f47e34 47fbe21f5c35c7b4 52370bea1acd0600 2a06f5614060e3b6 4d7653ea9499eed4 9a0f5ee4f845c9b2 0bcaac840d5e66d7 fd30682593995748 702d8f1064ab3e30 bd713b37b67866c3 e0269da736ddf004 ff88049e61f0f4ef 3fa57d488e979d74 3986b68500d7704b c28bc62802b90f82 942a7d26d81c841f bd0f175ee98c613e ae94d8435a6847f4 b6d0f83aad4e4dc7 b24820ae14e16a24
116,43b3338423d7386c 419b5dc40744fb9b 88b62355670ec8f8 97d696011258825c 4b05967001421eab 39f6296778264878 74244a8703c03720 d64c06baf5ef1c90 eff60ceea8817dad b05b5f6850cfa158 01e5a6edcee7deb0 d16da1fb61813db9 42bb83d7c4b9ecae 36d33c41812ce7dc c810ac016901e8ac 5547f9f1638ac345 a14394322cf7043d 855f2f0354e102c7 bc27d5dc9bab1c18 2394b08708475900 18b1d2d84c97a364 cba7e22bb383083a 99e833818ec4bbf2 b84b6c0b2e4d0306 e25a1da6ca187350 033d905aec273595 f209d29f991432f0 27a12f29dceccdbd eab15ee21e126f6a 5570ef88d970e9b4
117,72b80b099fd64ec4 e1460af4a7044067 19e8f436d4b2fc25 9fda36f260eec24e b24820ae14e16a24 cc507a0d6fcf4a1c e403278468d84383 172bc0ee09332ae9 bfb8032f2183d471 83b911ff0ff45844 ca4de5b8a7bda9df 54a11cbcd7a32af4 d5952b2e031c4e7e 4dba7ce835494a63 922e625fae98b3b9 bb7515be835dea49 95ecdbff44ad0b60 c5830f9d0f1e29e5 1dc7139adba034ec 3fa57d488e979d74 3986b68500d7704b ff88049e61f0f4ef e0269da736ddf004 bd713b37b67866c3 fd30682593995748 702d8f1064ab3e30 2a06f5614060e3b6 c28bc62802b90f82 39f6296778264878 ae94d8435a6847f4
118,0fbd0f422e926816 0d0368139e9a647f 00140806971e7a73 05f23e7d05dbf7c2 da904d2a54ff8cf2 b749972436ac9791 898a4921ab9f4cce 73391e0853c1e040 c08c3765ac609cc0 d64c06baf5ef1c90 3d93a60f990a0a7c 61ba7707ef6a5a99 238ec735a13a3f09 c810ac016901e8ac 36d33c41812ce7dc 72403ecdfe02bba6 f705b637f624147e 8d58da0e1800dc96 387e9cd2e5d4ea7d d6ed7e4b14c51296 d35e11d3d1ab3c67 a9eef13786610446 52e459a551d4ac2d 5b34da30b93eb123 46315cf30aaee51c 453bc79164d57a01 7d83ffe83f61bdc4 e7cad3748e50b0f8 e7828f0ea9749505 b6d0f83aad4e4dc7
119,74e59c5820900b17 dac29ed8400b50cc c08c3765ac609cc0 ffc688c4c1c2a068 2359719a0f40ffac a9eef13786610446 54f55c74d37db3c0 44d324ebd3e22ad7 f705b637f624147e 4d417b203b333363 05f23e7d05dbf7c2 2810fb6f81d1711c 6d80d2e62d01f6bc 0d0368139e9a647f 00140806971e7a73 5b34da30b93eb123 2a06f5614060e3b6 b749972436ac9791 005666aa098abe8e e14a893f1918277e 42a5cae2a3a45557 70776cdd9bb3b7d4 0eafda717681bbdc bed3e73d52011f68 8d58da0e1800dc96 0fbd0f422e926816 65fac1ba1840000f 622f2e4119882c94 65254e0d209fd66e e7cad3748e50b0f8
120,b84b6c0b2e4d0306 72b80b099fd64ec4 b05b5f6850cfa158 5547f9f1638ac345 16b11706660177ff 419b5dc40744fb9b 8faeacf8ca08f62d 01e5a6edcee7deb0 9c9ebf71707d7a37 97d696011258825c bd0f175ee98c613e 095bb1b6ecbd0a50 8fc68213b63951dc eec6b281e236b500 cc0c9419f8a20603 88b62355670ec8f8 99e833818ec4bbf2 a813c15b46ceaf68 26fc2a95df5659c2 edc79e57b20e9036 4b05967001421eab 0add47a043c64d7f 0eedb1a0d3b8ddae 1f4f62844c3cb99c 8f578001f9d5f543 b3e75fdca5ca2f1a 2394b08708475900 4d32dae7b43c489a 6899956cd6c683f0 025a148c3a53bd9f
121,25145708d494530b ec1b3d7ccd3984d0 0a79fabc6f5d93c9 bb7515be835dea49 3cb6b40d377e7ca8 48f93f9c2c699e19 5057551fc55e9ed2 e22c35101e190db9 8699cc5dd4159b69 34a62e66e05f9a44 4fe9e4e55585ba4b 3d6880bd12f6613f 45630e1451157ff3 7155e5a86136eb02 03dfe518713e006c c5830f9d0f1e29e5 09bbaa171c20bae3 27bc34b9887bec0d 393f49286db04aeb abf90e759d208468 01b3da54ffb158a0 939a1f686ea36c05 6c017e548aa138f2 4d32dae7b43c489a 20d283a232dfd13c 061f3e1feeaa3094 d7d937303a6d5a9d 5430097e23000368 0db6584e3bdfa1c4 2cebd52b41930f0a
122,1d0f5fdc58e3efb5 95ecdbff44ad0b60 e1460af4a7044067 828f5dfbbf1272ee 939a1f686ea36c05 e8684734f2e587bd e228204ae08d1355 4d7653ea9499eed4 e878efab7c37179e 96e82fa141db9a4b 9269d2b0d877352d c36c2dce0e6e434f 95d25d38ba7df9c7 fb2ebcb5335ad2e2 a860b682add9de1c a492bd402afd5c71 bf973f9ec3600199 8e0760918e88e4a9 5c8c6d9a1fd4c1e0 366a22fce0614fb8 eab15ee21e126f6a 8566d15270eb5e83 e4a7a996ed6a5a81 877672967d3f70bb d16da1fb61813db9 587e0b2a4811fab1 de8e1345e8c305c4 af41e2b6da3e7e02 e740c80fce094788 5d26da95786b3a3a
123,de8e1345e8c305c4 e8684734f2e587bd 1d0f5fdc58e3efb5 e1460af4a7044067 95ecdbff44ad0b60 828f5dfbbf1272ee 939a1f686ea36c05 e228204ae08d1355 4d7653ea9499eed4 e878efab7c37179e 96e82fa141db9a4b 9269d2b0d877352d c36c2dce0e6e434f 95d25d38ba7df9c7 fb2ebcb5335ad2e2 a860b682add9de1c a492bd402afd5c71 bf973f9ec3600199 8e0760918e88e4a9 5c8c6d9a1fd4c1e0 366a22fce0614fb8 eab15ee21e126f6a 8566d15270eb5e83 e4a7a996ed6a5a81 877672967d3f70bb d16da1fb61813db9 587e0b2a4811fab1 af41e2b6da3e7e02 e740c80fce094788 5d26da95786b3a3a
124,37001ade0df85823 d64c06baf5ef1c90 36d33c41812ce7dc c810ac016901e8ac 00d9f8d3f7d412b3 00958a140c3a6de8 9a439fd1abf95245 bc27d5dc9bab1c18 18b1d2d84c97a364 27a12f29dceccdbd 5570ef88d970e9b4 26fc2a95df5659c2 3d93a60f990a0a7c 5430097e23000368 016da874bd04df55 4c3802a1bd3c842e 39f6296778264878 cc861214a89ef1f4 c28bc62802b90f82 025a148c3a53bd9f e5fb8dc5c9cb4a19 b8e2f75014710ced 74244a8703c03720 83f8aca6ee2caabc f28fb3d9880c5d4c d72363ddd958d906 c03b11a0cdc3fa39 bf3ccaba4a3450a8 6e1b6b53c9710940 2bafd15871caae91
125,636224e349e561bf e6a29676c096f8e8 a292248bb2bffb3d 520ec719078be07c b6e72edcad270be0 0e45c4c185f35df6 59c231f8fd21260c 5c4b7558c942a224 01b3da54ffb158a0 4d32dae7b43c489a 061f3e1feeaa3094 d7d937303a6d5a9d 10ad13170242ecae a65e30106ea50423 43b3338423d7386c 9a0f5ee4f845c9b2 99e833818ec4bbf2 f209d29f991432f0 a5d5ba33b5b1dc95 01e5a6edcee7deb0 1c3b74a02a86467d 87c5481930cfe126 29968e8fd13539f8 0647acc4602d4e8f 65708d542bd01f39 65ad9c583823162d f49e13a653cbdad2 3e8e56f639a5db5b bc2ae5f4e5d53e00 fa173131f15f5534
126,45bd99d5d2eef776 5430097e23000368 3b6d27775fce1c7b 133b04350c75770b 26140b225c4f8d3f 1d0f5fdc58e3efb5 a2c35fdf07a13286 e1460af4a7044067 828f5dfbbf1272ee 939a1f686ea36c05 e228204ae08d1355 4d7653ea9499eed4 9c9a9d45c2ea7ddf e878efab7c37179e 96e82fa141db9a4b 9269d2b0d877352d c36c2dce0e6e434f 95d25d38ba7df9c7 fb2ebcb5335ad2e2 a860b682add9de1c a492bd402afd5c71 bf973f9ec3600199 c143c095983a65c2 95ecdbff44ad0b60 8e0760918e88e4a9 5c8c6d9a1fd4c1e0 366a22fce0614fb8 eab15ee21e126f6a 8566d15270eb5e83 e4a7a996ed6a5a81
127,013030fd7d29bf3d fd57e641d06ebda7 65254e0d209fd66e 734dabb98795c35c c03b11a0cdc3fa39 4535ce2e3dced00f c143c095983a65c2 4f915ad69e1dca36 72c2a95813ea72bd 7b81f1f2b6ec2e5f 50806199c80e215c acf5cb026b3c4551 e461837f0fb35048 f44f74b3451aa593 87c5481930cfe126 da904d2a54ff8cf2 d64c06baf5ef1c90 3d93a60f990a0a7c 238ec735a13a3f09 36d33c41812ce7dc c810ac016901e8ac 5430097e23000368 cc861214a89ef1f4 e5fb8dc5c9cb4a19 d6ed7e4b14c51296 b8e2f75014710ced 00d9f8d3f7d412b3 83f8aca6ee2caabc 52e459a551d4ac2d f28fb3d9880c5d4c
128,a017f3358d5327aa f2b5098ac9c92da9 ddf332f2b55a2a23 db7342eff9200020 0897dcfae16e280f ba5199dba342af68 e25a1da6ca187350 24e582daf6f87158 04fda7c9d8971ec0 e403278468d84383 5430097e23000368 1fe79c7de59ff6c6 3c0873ce078d332b e8b87ed7db1bcb1f 83b911ff0ff45844 ca4de5b8a7bda9df 1dc7139adba034ec 5b34da30b93eb123 f705b637f624147e 3c565c1fc2316d16 b749972436ac9791 a9eef13786610446 d1e21234d7cc61d2 20d283a232dfd13c 24c47959ea77b15b c08c3765ac609cc0 05f23e7d05dbf7c2 a60934e6b473097a 3e66b4855d0dddbe f48d0fbea7dc2782
129,e8684734f2e587bd b26d8664feb18c8c 0f33ce8d8014f308 3b6d27775fce1c7b 999a52f1d301247c 39075e303166355e 47fbe21f5c35c7b4 430feb4826a5632e ae94d8435a6847f4 a14394322cf7043d 39f6296778264878 acae1d29289b1266 72c2a95813ea72bd bf3ccaba4a3450a8 5430097e23000368 8faeacf8ca08f62d 65fac1ba1840000f da011b87595c1019 f76f44d372517a9a 3d93a60f990a0a7c 047769588be1aea9 5570ef88d970e9b4 4535ce2e3dced00f bd0f175ee98c613e ec4ef2f727e7a03f fc16a50ff0baec53 095bb1b6ecbd0a50 f705b637f624147e 8fc68213b63951dc eec6b281e236b500
130,22e8d6734e4121ae 8dc313a2cf9da354 da904d2a54ff8cf2 b50b4e27b03c7b37 3d93a60f990a0a7c d6ed7e4b14c51296 ec4ef2f727e7a03f 00d9f8d3f7d412b3 83f8aca6ee2caabc 52e459a551d4ac2d 61ba7707ef6a5a99 8b7c486a910dd004 d72363ddd958d906 af8e70f978cd5aee 9c9a9d45c2ea7ddf 453bc79164d57a01 9f27aa36c1ea793c d5952b2e031c4e7e a04d6febd82a4389 1f4f62844c3cb99c 46315cf30aaee51c e7828f0ea9749505 6461a9faa871b3ac 0eb4de784c8dd679 ee3ed9a3f51336cd b0b5e62a93a2c37c 37001ade0df85823 025a148c3a53bd9f a1314cd417504572 c606425856952286
131,83f8f2fc471cad74 2e4b00c01d58e79e 6204e398d8c7f888 419b5dc40744fb9b bee46c54461925d0 4535ce2e3dced00f 4d7653ea9499eed4 57113c2a4cacd961 b2ee9eea2d974c90 bfb8032f2183d471 050544c040f46152 4577ae048ef1967d 7c98dedd223b36c0 4bed80e56ea2e099 8643165b0f53df11 64267373570e4ea3 d64c06baf5ef1c90 36d33c41812ce7dc c810ac016901e8ac 00d9f8d3f7d412b3 83f8aca6ee2caabc f28fb3d9880c5d4c d72363ddd958d906 bc27d5dc9bab1c18 7cea1f637ea3f37d 18b1d2d84c97a364 976baf0e84752a68 1ba7a50457e93996 b50b4e27b03c7b37 cba7e22bb383083a
132,4f915ad69e1dca36 aa967ad3c1f65a29 e8684734f2e587bd 00e1e2eb13f650e4 6aefb6531736648a 4d29c6922b2d0d56 4d7653ea9499eed4 069e7e25e43deab3 c49d8f84a4f87f8a 9b0e8cf8153e3b33 e461837f0fb35048 07d688f5e2142b87 734dabb98795c35c 4535ce2e3dced00f c143c095983a65c2 8700059e85433b32 585f4ee09d8fea46 3986b68500d7704b 07be6a290720707d 10ad13170242ecae 72c2a95813ea72bd 428f9363fa35882d dc576af4ae66e25e 4f31209941bb05fc 00d9eb862ba3dfc6 83f5a9732f0de67f f54ad8d1eb18212e e8ad5e31484ef889 013030fd7d29bf3d 63d509cd2a2e0e47
133,ec4ef2f727e7a03f 3d93a60f990a0a7c a04d6febd82a4389 1f4f62844c3cb99c 46315cf30aaee51c 025a148c3a53bd9f 9f4e0d572b1f4e6c cc861214a89ef1f4 047769588be1aea9 af8e70f978cd5aee b78189788d563693 0688c790d5806540 6a3919ad9ed8197e fab14d178b24a67f 26fc2a95df5659c2 5b16bae6a0de7c88 8f578001f9d5f543 016da874bd04df55 4105533fe46dfba9 74244a8703c03720 ecb768ef6fd223ca 059bbdbdb843af6a 8dc313a2cf9da354 c606425856952286 9100ea6cd0e084bf e878efab7c37179e 9c9a9d45c2ea7ddf 27a12f29dceccdbd 853e36b1550c6274 7d83ffe83f61bdc4
134,447fc00f40d71d08 3c565c1fc2316d16 3b4a85bac6ead3c8 8566d15270eb5e83 90ecb28f2edb9d43 2e79d45ba4d1540d 2e031d83339759b2 9f3d2ca16f358290 f76f44d372517a9a 1d0f5fdc58e3efb5 f25bfcffedaccf28 72b80b099fd64ec4 e1460af4a7044067 d216e5458ad70e60 5b4c879fc9c316fb 2e4b00c01d58e79e 01b3da54ffb158a0 ec1b3d7ccd3984d0 828f5dfbbf1272ee 4d32dae7b43c489a 70ebf53ced736fa4 939a1f686ea36c05 16b11706660177ff e228204ae08d1355 24c47959ea77b15b db69d4cbfef8d22f 7f95168400948588 0a79fabc6f5d93c9 061f3e1feeaa3094 d7d937303a6d5a9d
135,4d7653ea9499eed4 522bd6887960c25d 64b31699d7d15934 ec4ef2f727e7a03f e5fb8dc5c9cb4a19 095bb1b6ecbd0a50 01b3da54ffb158a0 ec1b3d7ccd3984d0 393f49286db04aeb b9d966ad9e04127a bb7515be835dea49 40583079f57235a6 a04d6febd82a4389 20d283a232dfd13c 0a79fabc6f5d93c9 061f3e1feeaa3094 5430097e23000368 acae1d29289b1266 c28bc62802b90f82 8faeacf8ca08f62d bd713b37b67866c3 29bedd00fb2be056 3cb6b40d377e7ca8 f46601a9955f9949 81b639b74256b45b 33856365c271aea4 c015590d6a6fe833 ffa9091747ae2466 3c565c1fc2316d16 f25bfcffedaccf28
136,e25a1da6ca187350 855f2f0354e102c7 01ecc81f6341e902 48a76e3aff69d605 5430097e23000368 9f3d2ca16f358290 47fbe21f5c35c7b4 2e79d45ba4d1540d f2e30efbd27bee51 2394b08708475900 a60934e6b473097a 8faeacf8ca08f62d 81b639b74256b45b bd0f175ee98c613e 0708923badf2ff5d 095bb1b6ecbd0a50 8fc68213b63951dc eec6b281e236b500 172bc0ee09332ae9 72b80b099fd64ec4 b6e72edcad270be0 5b4c879fc9c316fb a813c15b46ceaf68 26fc2a95df5659c2 a2c35fdf07a13286 1f4f62844c3cb99c 8f578001f9d5f543 702d8f1064ab3e30 b3e75fdca5ca2f1a 52370bea1acd0600
137,636224e349e561bf 5c4b7558c942a224 e6a29676c096f8e8 59c231f8fd21260c 48a76e3aff69d605 24e582daf6f87158 c015590d6a6fe833 b6e72edcad270be0 a292248bb2bffb3d 0e45c4c185f35df6 520ec719078be07c 3b6d27775fce1c7b 3a6e7894dde31c67 ecb768ef6fd223ca 4f915ad69e1dca36 6461a9faa871b3ac 52370bea1acd0600 c143c095983a65c2 50cb6a6c60ad711a 8dedff0a79784abc 285657fcdf89f00d f1a3b8b13e9401c0 0f33ce8d8014f308 7c8324ce28ffb96e 2820628e65a062e2 e9c20b67a4c5395f 155600e5f1221f8c 10ad13170242ecae 28a2067685cb3e97 35488b3b8b781278
138,74e59c5820900b17 c08c3765ac609cc0 dac29ed8400b50cc ffc688c4c1c2a068 54f55c74d37db3c0 2359719a0f40ffac 44d324ebd3e22ad7 f705b637f624147e 4d417b203b333363 a9eef13786610446 6d80d2e62d01f6bc 05f23e7d05dbf7c2 2810fb6f81d1711c e14a893f1918277e 42a5cae2a3a45557 0eafda717681bbdc bed3e73d52011f68 8d58da0e1800dc96 5430097e23000368 2a06f5614060e3b6 65fac1ba1840000f 622f2e4119882c94 0d0368139e9a647f e7cad3748e50b0f8 00140806971e7a73 5b34da30b93eb123 4a5ac473c9d176ba 050544c040f46152 b749972436ac9791 65254e0d209fd66e
139,19b4014943e0ad92 d216e5458ad70e60 96e82fa141db9a4b 96445bec1579ec97 e8ad5e31484ef889 62431fd374eb99fb f29eee8054c061e1 069e7e25e43deab3 07f22a7ad7e4711d 1d72229ebcc00faf aa0789b403bcd839 6a9aa1bd93e36e66 95ecdbff44ad0b60 c5830f9d0f1e29e5 f76f44d372517a9a aa967ad3c1f65a29 1dc7139adba034ec 1d0f5fdc58e3efb5 f25bfcffedaccf28 72b80b099fd64ec4 e1460af4a7044067 5b4c879fc9c316fb 3c565c1fc2316d16 2e4b00c01d58e79e 01b3da54ffb158a0 bb7515be835dea49 ec1b3d7ccd3984d0 828f5dfbbf1272ee 4d32dae7b43c489a 70ebf53ced736fa4
140,666bdff4faa513ca 3e66b4855d0dddbe a853f13216170123 ce0f56b7190c268a 5570ef88d970e9b4 4b29fc21f912754d 63d509cd2a2e0e47 07be6a290720707d 5b4c879fc9c316fb 3c565c1fc2316d16 24c47959ea77b15b c015590d6a6fe833 bf973f9ec3600199 f48d0fbea7dc2782 e8ad5e31484ef889 83f8f2fc471cad74 cc507a0d6fcf4a1c 66ccd03c9e03ac06 b6e646c13d0753ae 9fbffc521da97c54 a76ffccd2f5df1a7 1398b478b71773ed 62431fd374eb99fb 0f4c71d341e2d939 8dedff0a79784abc cea18be9a89d7a81 172bc0ee09332ae9 b6e72edcad270be0 4f2fffd7528de786 a2c35fdf07a13286
141,0fbd0f422e926816 73391e0853c1e040 0d0368139e9a647f 72403ecdfe02bba6 00140806971e7a73 387e9cd2e5d4ea7d d35e11d3d1ab3c67 b749972436ac9791 05f23e7d05dbf7c2 d216e5458ad70e60 46b99f864d6a075a abf90e759d208468 5b16bae6a0de7c88 e8b87ed7db1bcb1f f58ff7f1a6cde683 09660f466b38b7ba 5430097e23000368 f9c6286cff30aaa8 c11b97f245a9dfd0 8d58da0e1800dc96 b29ab87af6ea6310 b6d0f83aad4e4dc7 fb8bd6b95eb4702a 01020d1b0821f4c7 8a5635c748344d47 60a070db9f1869b5 da7d3c2d591c4295 e7cad3748e50b0f8 db7342eff9200020 e8684734f2e587bd
142,1f4f62844c3cb99c 3d93a60f990a0a7c 025a148c3a53bd9f 4d417b203b333363 ec4ef2f727e7a03f 46315cf30aaee51c bd0f175ee98c613e 26fc2a95df5659c2 a60934e6b473097a 8f578001f9d5f543 bb7515be835dea49 20d283a232dfd13c ff88049e61f0f4ef f9c6286cff30aaa8 4c3802a1bd3c842e 81b639b74256b45b bed3e73d52011f68 8faeacf8ca08f62d bd713b37b67866c3 f76f44d372517a9a 66ccd03c9e03ac06 64b31699d7d15934 62431fd374eb99fb 172bc0ee09332ae9 095bb1b6ecbd0a50 8fc68213b63951dc eec6b281e236b500 fc21db75b354a917 a2c35fdf07a13286 72b80b099fd64ec4
143,73391e0853c1e040 f46601a9955f9949 8fc68213b63951dc 393f49286db04aeb a813c15b46ceaf68 e403278468d84383 942a7d26d81c841f 0fbd0f422e926816 db7342eff9200020 09bbaa171c20bae3 0d0368139e9a647f 27bc34b9887bec0d f9c6286cff30aaa8 22756be6fd061d4c 72403ecdfe02bba6 00140806971e7a73 796888cc3443006c daa257a37227cd72 0db6584e3bdfa1c4 b6d0f83aad4e4dc7 387e9cd2e5d4ea7d 01020d1b0821f4c7 e5fb8dc5c9cb4a19 bd0f175ee98c613e d35e11d3d1ab3c67 b749972436ac9791 59bf6d6df9146d60 5fb2d8e734956af0 964a50d33717c26d 26fc2a95df5659c2
144,6461a9faa871b3ac ecb768ef6fd223ca 2820628e65a062e2 61ba7707ef6a5a99 155600e5f1221f8c 7cea1f637ea3f37d 1a8e5d6512d9e2d8 190ab585fd379f0f 976baf0e84752a68 120e745e2961b5d5 bd9cd6b87a4fe0ce 3d93a60f990a0a7c d64c06baf5ef1c90 da904d2a54ff8cf2 00d9f8d3f7d412b3 83f8aca6ee2caabc 36d33c41812ce7dc c810ac016901e8ac d72363ddd958d906 453bc79164d57a01 4d29c6922b2d0d56 059bbdbdb843af6a 22e8d6734e4121ae d6ed7e4b14c51296 52e459a551d4ac2d af8e70f978cd5aee 8b7c486a910dd004 8dc313a2cf9da354 5c4b7558c942a224 cba7e22bb383083a
145,97d696011258825c 0683b6a78f54be75 d257d1fbcf43abd5 d92c0298f76ccf77 35488b3b8b781278 1d0f5fdc58e3efb5 2e79d45ba4d1540d f2e30efbd27bee51 47fbe21f5c35c7b4 73f770f2643a2135 b78189788d563693 538c7bb968b2154c 9f3d2ca16f358290 a18df74d3a16e9c0 d3c4a7db726191e0 a2805ed52b47b8ec b26d8664feb18c8c f29eee8054c061e1 07d688f5e2142b87 ce0f56b7190c268a 01ecc81f6341e902 666bdff4faa513ca 3734d3b0b9232538 047769588be1aea9 eff60ceea8817dad acf5cb026b3c4551 3a6e7894dde31c67 5879096a38d69fc5 5430097e23000368 6899956cd6c683f0
146,3fa57d488e979d74 d92c0298f76ccf77 1ba7a50457e93996 65fac1ba1840000f c6b615b2589e036d 0683b6a78f54be75 d257d1fbcf43abd5 5430097e23000368 35488b3b8b781278 49b5678e0d1e5bcd 1d0f5fdc58e3efb5 db0e648651f4c92b 7e4a4a1300b77a06 f25bfcffedaccf28 ae77487a89f2610c 7d83ffe83f61bdc4 bbbd5d2fd957e8f7 c015590d6a6fe833 bd0f175ee98c613e 8699cc5dd4159b69 b78189788d563693 83f8f2fc471cad74 238ec735a13a3f09 da7d3c2d591c4295 e4a7a996ed6a5a81 e8684734f2e587bd d6ed7e4b14c51296 5d26da95786b3a3a 666bdff4faa513ca 5ebb4d2f5f1c1f13
147,2e4b00c01d58e79e b6e72edcad270be0 0e45c4c185f35df6 24e582daf6f87158 8dedff0a79784abc ae94d8435a6847f4 d216e5458ad70e60 6204e398d8c7f888 419b5dc40744fb9b bee46c54461925d0 4535ce2e3dced00f 83f8f2fc471cad74 da011b87595c1019 3b4a85bac6ead3c8 a292248bb2bffb3d 57113c2a4cacd961 b2ee9eea2d974c90 3c565c1fc2316d16 bfb8032f2183d471 bf973f9ec3600199 050544c040f46152 520ec719078be07c 4577ae048ef1967d fb8bd6b95eb4702a e403278468d84383 7c98dedd223b36c0 4bed80e56ea2e099 20d283a232dfd13c 8643165b0f53df11 24c47959ea77b15b
148,10ad13170242ecae 4a5ac473c9d176ba e7dd56376be2cf1c 047769588be1aea9 da904d2a54ff8cf2 d64c06baf5ef1c90 3d93a60f990a0a7c 238ec735a13a3f09 36d33c41812ce7dc c810ac016901e8ac 5430097e23000368 cc861214a89ef1f4 e5fb8dc5c9cb4a19 d6ed7e4b14c51296 b8e2f75014710ced 00d9f8d3f7d412b3 83f8aca6ee2caabc 52e459a551d4ac2d f28fb3d9880c5d4c 61ba7707ef6a5a99 db0e648651f4c92b d72363ddd958d906 7e4a4a1300b77a06 af8e70f978cd5aee 6e1b6b53c9710940 2bafd15871caae91 ae77487a89f2610c 453bc79164d57a01 7d83ffe83f61bdc4 9f27aa36c1ea793c
149,0add47a043c64d7f 1fe79c7de59ff6c6 5547f9f1638ac345 419b5dc40744fb9b b84b6c0b2e4d0306 b05b5f6850cfa158 97d696011258825c cc0c9419f8a20603 88b62355670ec8f8 4b05967001421eab f25bfcffedaccf28 72b80b099fd64ec4 eff60ceea8817dad 0c15f252d30646fc 16b11706660177ff 7f95168400948588 db0e648651f4c92b ca43e349133fc0e3 9c9ebf71707d7a37 43b3338423d7386c 99e833818ec4bbf2 19e8f436d4b2fc25 f209d29f991432f0 eab15ee21e126f6a 2cebd52b41930f0a 01e5a6edcee7deb0 d16da1fb61813db9 42bb83d7c4b9ecae aa0789b403bcd839 52aa48c07b34dc88
150,45630e1451157ff3 0bcaac840d5e66d7 2e79d45ba4d1540d 447fc00f40d71d08 90ecb28f2edb9d43 2e031d83339759b2 9f3d2ca16f358290 bb7515be835dea49 95ecdbff44ad0b60 c5830f9d0f1e29e5 5430097e23000368 1dc7139adba034ec d73a65673e3f1d78 128d583954b18074 0195950ce0f47e34 bd713b37b67866c3 942a7d26d81c841f e0269da736ddf004 9a0f5ee4f845c9b2 fd30682593995748 ff88049e61f0f4ef 3fa57d488e979d74 3986b68500d7704b 702d8f1064ab3e30 c28bc62802b90f82 bd0f175ee98c613e 2a06f5614060e3b6 734dabb98795c35c 622f2e4119882c94 4b8c7061102517ef
151,c49d8f84a4f87f8a 5430097e23000368 734dabb98795c35c 4535ce2e3dced00f f44f74b3451aa593 c143c095983a65c2 87c5481930cfe126 585f4ee09d8fea46 3986b68500d7704b 4f915ad69e1dca36 07be6a290720707d 72c2a95813ea72bd 3a6e7894dde31c67 428f9363fa35882d dc576af4ae66e25e 4f31209941bb05fc 83f5a9732f0de67f f54ad8d1eb18212e e8ad5e31484ef889 013030fd7d29bf3d 63d509cd2a2e0e47 28403e62105b00f6 0079f3c74309b582 f0d53dcf0c296b57 fd57e641d06ebda7 765c0695339c3abe 19b4014943e0ad92 ce8cb4351b8c0f6e 2e2904c5373734ae 9ab90dfc5c9b0b37
152,6899956cd6c683f0 bb7515be835dea49 c5830f9d0f1e29e5 f76f44d372517a9a eec6b281e236b500 a813c15b46ceaf68 95ecdbff44ad0b60 5c8c6d9a1fd4c1e0 8f578001f9d5f543 4491016efed845f1 0a79fabc6f5d93c9 7c98dedd223b36c0 b29ab87af6ea6310 a60934e6b473097a 2e4b00c01d58e79e 702d8f1064ab3e30 939a1f686ea36c05 e228204ae08d1355 1dc7139adba034ec db69d4cbfef8d22f 8faeacf8ca08f62d e25a1da6ca187350 b24820ae14e16a24 3e66b4855d0dddbe 964a50d33717c26d 9cf6709de35bf0f3 855f2f0354e102c7 a5d5ba33b5b1dc95 4d7653ea9499eed4 ce2fe99a7cda4a17
153,8fc68213b63951dc a813c15b46ceaf68 8faeacf8ca08f62d f46601a9955f9949 bd0f175ee98c613e ec4ef2f727e7a03f 0db6584e3bdfa1c4 095bb1b6ecbd0a50 eec6b281e236b500 393f49286db04aeb 26fc2a95df5659c2 1f4f62844c3cb99c 24e582daf6f87158 8f578001f9d5f543 b3e75fdca5ca2f1a 46315cf30aaee51c 942a7d26d81c841f a60934e6b473097a 0eafda717681bbdc bed3e73d52011f68 a52df8083c238c46 e5fb8dc5c9cb4a19 01020d1b0821f4c7 f76f44d372517a9a 81b639b74256b45b 20d283a232dfd13c 796888cc3443006c daa257a37227cd72 853e36b1550c6274 66ccd03c9e03ac06
154,0897dcfae16e280f ddf332f2b55a2a23 04fda7c9d8971ec0 01ecc81f6341e902 73f770f2643a2135 538c7bb968b2154c c015590d6a6fe833 a18df74d3a16e9c0 d3c4a7db726191e0 a2805ed52b47b8ec b26d8664feb18c8c 83f8f2fc471cad74 da7d3c2d591c4295 f29eee8054c061e1 97d696011258825c f44f74b3451aa593 07d688f5e2142b87 ce0f56b7190c268a 5d26da95786b3a3a 87c5481930cfe126 5ebb4d2f5f1c1f13 b6e646c13d0753ae dc17b07476183764 9fbffc521da97c54 bc2ae5f4e5d53e00 3734d3b0b9232538 4dba7ce835494a63 c11b97f245a9dfd0 a982b5c3aed39396 7c8324ce28ffb96e
155,5b34da30b93eb123 197fa50b30d91fe8 2a06f5614060e3b6 dac29ed8400b50cc bd0f175ee98c613e 005666aa098abe8e 74e59c5820900b17 ffc688c4c1c2a068 db7342eff9200020 2359719a0f40ffac a9eef13786610446 29bedd00fb2be056 e5fb8dc5c9cb4a19 c08c3765ac609cc0 42a5cae2a3a45557 0eafda717681bbdc 0d0368139e9a647f 05f23e7d05dbf7c2 bed3e73d52011f68 636224e349e561bf 12af6a34778710db 65254e0d209fd66e ffa9091747ae2466 00140806971e7a73 acae1d29289b1266 f705b637f624147e 4d417b203b333363 2810fb6f81d1711c 2901e5309bb3f8f6 65fac1ba1840000f
156,f25bfcffedaccf28 eff60ceea8817dad 8699cc5dd4159b69 bd0f175ee98c613e 538c7bb968b2154c 54a11cbcd7a32af4 d16da1fb61813db9 419b5dc40744fb9b 05e4165a56bf50eb f209d29f991432f0 e8684734f2e587bd 2bafd15871caae91 e4a7a996ed6a5a81 07f22a7ad7e4711d e7cad3748e50b0f8 8643165b0f53df11 4bed80e56ea2e099 d257d1fbcf43abd5 bb7515be835dea49 dc12cc503ac0eddb 628accd9be98503c bd713b37b67866c3 522bd6887960c25d edc79e57b20e9036 64b31699d7d15934 3c565c1fc2316d16 9fda36f260eec24e 20db73cf07a45f71 b9d966ad9e04127a 01b3da54ffb158a0
157,aa967ad3c1f65a29 576dd429db946393 6aefb6531736648a 07d688f5e2142b87 e461837f0fb35048 1d0f5fdc58e3efb5 b78189788d563693 c49d8f84a4f87f8a 047769588be1aea9 734dabb98795c35c 5430097e23000368 666bdff4faa513ca 4535ce2e3dced00f c143c095983a65c2 0683b6a78f54be75 585f4ee09d8fea46 3986b68500d7704b 4f915ad69e1dca36 07be6a290720707d 72c2a95813ea72bd 428f9363fa35882d dc576af4ae66e25e bb7515be835dea49 4f31209941bb05fc 83f5a9732f0de67f f54ad8d1eb18212e e8ad5e31484ef889 013030fd7d29bf3d 63d509cd2a2e0e47 28403e62105b00f6
158,6aefb6531736648a aa967ad3c1f65a29 07d688f5e2142b87 e461837f0fb35048 4535ce2e3dced00f c143c095983a65c2 4f915ad69e1dca36 72c2a95813ea72bd d6ed7e4b14c51296 b50b4e27b03c7b37 28403e62105b00f6 52aa48c07b34dc88 9ab90dfc5c9b0b37 919b1679fffa7ef1 64267373570e4ea3 7eec211cc37a1b05 7f29daa16b9b4cda c49d8f84a4f87f8a e8684734f2e587bd 013030fd7d29bf3d 0079f3c74309b582 b371170568146b12 734dabb98795c35c 585f4ee09d8fea46 3986b68500d7704b 07be6a290720707d 5430097e23000368 428f9363fa35882d dc576af4ae66e25e bb7515be835dea49
159,3734d3b0b9232538 db69d4cbfef8d22f b29ab87af6ea6310 f76f44d372517a9a 39075e303166355e 095bb1b6ecbd0a50 d5805cdb9e8f0f48 eec6b281e236b500 b3ad55963554f220 fc21db75b354a917 4491016efed845f1 abf90e759d208468 955e465ce0788ea6 c5830f9d0f1e29e5 702d8f1064ab3e30 b3e75fdca5ca2f1a de35d2410e916471 4d32dae7b43c489a f58ff7f1a6cde683 09660f466b38b7ba 27888817db122597 e14a893f1918277e 42a5cae2a3a45557 bed3e73d52011f68 b760ebc5f25788d3 8d58da0e1800dc96 a52df8083c238c46 d7d937303a6d5a9d f48d0fbea7dc2782 73f770f2643a2135
160,a2c35fdf07a13286 24e582daf6f87158 1d0f5fdc58e3efb5 b78189788d563693 3c565c1fc2316d16 20d283a232dfd13c 24c47959ea77b15b a60934e6b473097a 3e66b4855d0dddbe f48d0fbea7dc2782 047769588be1aea9 bd713b37b67866c3 522bd6887960c25d 5430097e23000368 81b639b74256b45b c015590d6a6fe833 64b31699d7d15934 9fda36f260eec24e 0db6584e3bdfa1c4 b9d966ad9e04127a 3b6d27775fce1c7b 4b29fc21f912754d 66ccd03c9e03ac06 3734d3b0b9232538 666bdff4faa513ca a76ffccd2f5df1a7 62431fd374eb99fb 5897953fdf87b60f 0f4c71d341e2d939 0195950ce0f47e34
161,70ebf53ced736fa4 50cb6a6c60ad711a 5f94b027039f4e48 7ee52d2519eea367 c143c095983a65c2 bb7515be835dea49 dea5e9227fbbac29 28a2067685cb3e97 95ecdbff44ad0b60 e8684734f2e587bd ad06e9eeea8eb4ea da011b87595c1019 a60934e6b473097a b9d966ad9e04127a 58654e3143c6550b 81b7c7e312bfa1a0 7155e5a86136eb02 d257d1fbcf43abd5 f105a53e5cfae611 c5830f9d0f1e29e5 e9c20b67a4c5395f 4f915ad69e1dca36 133b04350c75770b 1dc7139adba034ec 148ac4a56a18844d ce0f56b7190c268a 8dedff0a79784abc 35488b3b8b781278 0451447dd64f6284 587e0b2a4811fab1
162,00958a140c3a6de8 e5fb8dc5c9cb4a19 b8e2f75014710ced 00d9f8d3f7d412b3 0cd920bad11c716d b6cdb608f640e038 37001ade0df85823 c03b11a0cdc3fa39 ce0f56b7190c268a d73a65673e3f1d78 128d583954b18074 e0269da736ddf004 ff88049e61f0f4ef 4d7653ea9499eed4 bd713b37b67866c3 3fa57d488e979d74 3986b68500d7704b fd30682593995748 702d8f1064ab3e30 c28bc62802b90f82 2a06f5614060e3b6 39f6296778264878 0bcaac840d5e66d7 9a0f5ee4f845c9b2 942a7d26d81c841f bd0f175ee98c613e ae94d8435a6847f4 b6d0f83aad4e4dc7 b24820ae14e16a24 622f2e4119882c94
163,5dd752753760ced8 898a4921ab9f4cce 855f2f0354e102c7 b1dcaca98bb76736 a14394322cf7043d acae1d29289b1266 520ec719078be07c 377c1150c781e37a 5430097e23000368 77e2f7da1f9d3a8f e0269da736ddf004 3a6e7894dde31c67 edc79e57b20e9036 f44f74b3451aa593 87c5481930cfe126 bb7515be835dea49 00d9eb862ba3dfc6 95ecdbff44ad0b60 c5830f9d0f1e29e5 1dc7139adba034ec da904d2a54ff8cf2 d64c06baf5ef1c90 3d93a60f990a0a7c 238ec735a13a3f09 36d33c41812ce7dc c810ac016901e8ac cc861214a89ef1f4 e5fb8dc5c9cb4a19 d6ed7e4b14c51296 b8e2f75014710ced
164,af8e70f978cd5aee cc861214a89ef1f4 fab14d178b24a67f 4105533fe46dfba9 059bbdbdb843af6a 9f4e0d572b1f4e6c e7828f0ea9749505 005666aa098abe8e 047769588be1aea9 4b8c7061102517ef 6a3919ad9ed8197e 5989fb934598c1a7 354d7a327bbcc152 0079f3c74309b582 05e4165a56bf50eb 28a2067685cb3e97 ecb768ef6fd223ca 07be6a290720707d 04886579947a80c2 0195950ce0f47e34 5430097e23000368 00d9eb862ba3dfc6 da904d2a54ff8cf2 d64c06baf5ef1c90 3d93a60f990a0a7c 238ec735a13a3f09 36d33c41812ce7dc c810ac016901e8ac e5fb8dc5c9cb4a19 d6ed7e4b14c51296
165,01020d1b0821f4c7 5fb2d8e734956af0 73391e0853c1e040 387e9cd2e5d4ea7d 46b99f864d6a075a 01ecc81f6341e902 b9d966ad9e04127a 4a5ac473c9d176ba 393f49286db04aeb d46598813fb437e5 395b26d91f98bd92 f58ff7f1a6cde683 0fbd0f422e926816 54f55c74d37db3c0 f46601a9955f9949 40583079f57235a6 24e582daf6f87158 33856365c271aea4 0d0368139e9a647f e7cad3748e50b0f8 f25bfcffedaccf28 bc27d5dc9bab1c18 7155e5a86136eb02 8fc68213b63951dc 72403ecdfe02bba6 00140806971e7a73 81bd116c786bf9ae 0eafda717681bbdc a813c15b46ceaf68 8699cc5dd4159b69
166,74ae9af23a383bf5 8e0cc5199a0ee659 1f423f368aebf7f3 ae000f9d0b5e104e 204ec91c39d1479d 72b80b099fd64ec4 16b11706660177ff f25bfcffedaccf28 5547f9f1638ac345 24e582daf6f87158 a677c3a76055a6d2 a60934e6b473097a 1c3b74a02a86467d 7f95168400948588 b84b6c0b2e4d0306 3c565c1fc2316d16 ca43e349133fc0e3 b05b5f6850cfa158 81b639b74256b45b 19e8f436d4b2fc25 24c47959ea77b15b 2cebd52b41930f0a 66ccd03c9e03ac06 3e66b4855d0dddbe 62431fd374eb99fb f48d0fbea7dc2782 172bc0ee09332ae9 52aa48c07b34dc88 20d283a232dfd13c bd713b37b67866c3
167,74e59c5820900b17 c08c3765ac609cc0 047769588be1aea9 dac29ed8400b50cc bed3e73d52011f68 ffc688c4c1c2a068 54f55c74d37db3c0 d64c06baf5ef1c90 2359719a0f40ffac 2810fb6f81d1711c bc27d5dc9bab1c18 c810ac016901e8ac 36d33c41812ce7dc 44d324ebd3e22ad7 1f4f62844c3cb99c 18b1d2d84c97a364 f705b637f624147e 4d417b203b333363 27a12f29dceccdbd 025a148c3a53bd9f 5570ef88d970e9b4 a9eef13786610446 3d93a60f990a0a7c 6d80d2e62d01f6bc 4c3802a1bd3c842e 05f23e7d05dbf7c2 cba7e22bb383083a 9c9a9d45c2ea7ddf bd0f175ee98c613e a14394322cf7043d
168,f25bfcffedaccf28 72b80b099fd64ec4 16b11706660177ff 7f95168400948588 5547f9f1638ac345 ca43e349133fc0e3 19e8f436d4b2fc25 2cebd52b41930f0a b84b6c0b2e4d0306 52aa48c07b34dc88 b05b5f6850cfa158 a0566ca9daca7778 cc0c9419f8a20603 92f42fbd0c38f7fd 45bd99d5d2eef776 0add47a043c64d7f c11b97f245a9dfd0 1d72229ebcc00faf 955e465ce0788ea6 6899956cd6c683f0 43c354dbf952caaa a52df8083c238c46 12af6a34778710db bf3ccaba4a3450a8 73f770f2643a2135 29bedd00fb2be056 b69ce8b8154645f8 622f2e4119882c94 49224aca40e6e5e3 796888cc3443006c
169,43c354dbf952caaa 0f33ce8d8014f308 133b04350c75770b 5430097e23000368 f76f44d372517a9a 3734d3b0b9232538 da904d2a54ff8cf2 d64c06baf5ef1c90 f25bfcffedaccf28 db69d4cbfef8d22f 3d93a60f990a0a7c 72b80b099fd64ec4 238ec735a13a3f09 c810ac016901e8ac 36d33c41812ce7dc cc861214a89ef1f4 e5fb8dc5c9cb4a19 d6ed7e4b14c51296 16b11706660177ff b8e2f75014710ced 00d9f8d3f7d412b3 83f8aca6ee2caabc 7f95168400948588 52e459a551d4ac2d f28fb3d9880c5d4c 61ba7707ef6a5a99 db0e648651f4c92b d72363ddd958d906 7e4a4a1300b77a06 af8e70f978cd5aee
170,3fa57d488e979d74 65fac1ba1840000f c6b615b2589e036d 1ba7a50457e93996 bed3e73d52011f68 42a5cae2a3a45557 2359719a0f40ffac c08c3765ac609cc0 e14a893f1918277e 74e59c5820900b17 d92c0298f76ccf77 f705b637f624147e 2a06f5614060e3b6 ffc688c4c1c2a068 622f2e4119882c94 a9eef13786610446 2810fb6f81d1711c 5b34da30b93eb123 8d58da0e1800dc96 54f55c74d37db3c0 050544c040f46152 05f23e7d05dbf7c2 dac29ed8400b50cc 4491016efed845f1 8f578001f9d5f543 c28bc62802b90f82 702d8f1064ab3e30 c810ac016901e8ac 36d33c41812ce7dc 0eafda717681bbdc
171,57113c2a4cacd961 b2ee9eea2d974c90 f76f44d372517a9a 34a62e66e05f9a44 7c98dedd223b36c0 8faeacf8ca08f62d 2e4b00c01d58e79e 72b80b099fd64ec4 828f5dfbbf1272ee 4d32dae7b43c489a bd0f175ee98c613e ec4ef2f727e7a03f 16b11706660177ff 095bb1b6ecbd0a50 8fc68213b63951dc eec6b281e236b500 0a79fabc6f5d93c9 d7d937303a6d5a9d a60934e6b473097a a813c15b46ceaf68 26fc2a95df5659c2 5547f9f1638ac345 4e966bb2768c2b8a 1f4f62844c3cb99c 73f770f2643a2135 8f578001f9d5f543 b3e75fdca5ca2f1a 6204e398d8c7f888 46315cf30aaee51c e878efab7c37179e
172,52aa48c07b34dc88 8faeacf8ca08f62d 453bc79164d57a01 29bedd00fb2be056 ac9ee0c09b538140 f46601a9955f9949 1efd7bd8a34a1359 72c2a95813ea72bd bd0f175ee98c613e ec4ef2f727e7a03f 095bb1b6ecbd0a50 e5fb8dc5c9cb4a19 8fc68213b63951dc eec6b281e236b500 b3ad55963554f220 bb7515be835dea49 acae1d29289b1266 393f49286db04aeb 589ef345cb2dccfc 955e465ce0788ea6 a813c15b46ceaf68 26fc2a95df5659c2 528161039994b4dc b3e75fdca5ca2f1a 46315cf30aaee51c 6c017e548aa138f2 54a11cbcd7a32af4 942a7d26d81c841f c28bc62802b90f82 20d283a232dfd13c
173,587e0b2a4811fab1 ae94d8435a6847f4 b6e72edcad270be0 0e45c4c185f35df6 8dedff0a79784abc da011b87595c1019 3b4a85bac6ead3c8 a60934e6b473097a a292248bb2bffb3d bf973f9ec3600199 520ec719078be07c e403278468d84383 81b639b74256b45b 8faeacf8ca08f62d 58654e3143c6550b f76f44d372517a9a 66ccd03c9e03ac06 62431fd374eb99fb 2e031d83339759b2 172bc0ee09332ae9 bd0f175ee98c613e ec4ef2f727e7a03f 095bb1b6ecbd0a50 8fc68213b63951dc eec6b281e236b500 a2c35fdf07a13286 22756be6fd061d4c 72b80b099fd64ec4 54a11cbcd7a32af4 a813c15b46ceaf68
174,0d0368139e9a647f db7342eff9200020 72403ecdfe02bba6 00140806971e7a73 5b34da30b93eb123 b749972436ac9791 a9eef13786610446 005666aa098abe8e 70776cdd9bb3b7d4 dac29ed8400b50cc 05f23e7d05dbf7c2 0fbd0f422e926816 ffc688c4c1c2a068 2359719a0f40ffac 2810fb6f81d1711c 4522ad78bf79f0c9 09660f466b38b7ba 74e59c5820900b17 636224e349e561bf f2234bb7ce0c6f59 12af6a34778710db ffa9091747ae2466 2a06f5614060e3b6 197fa50b30d91fe8 a5f55580081236f4 f705b637f624147e 4d417b203b333363 387e9cd2e5d4ea7d d35e11d3d1ab3c67 65254e0d209fd66e
175,055d895a3b26e466 feddfcf56818968e a2805ed52b47b8ec b371170568146b12 5d26da95786b3a3a ac9ee0c09b538140 20db73cf07a45f71 2359719a0f40ffac 6e239f4dd4b6aed7 d6ed7e4b14c51296 74e59c5820900b17 c08c3765ac609cc0 dac29ed8400b50cc 6d80d2e62d01f6bc ffc688c4c1c2a068 f46601a9955f9949 54f55c74d37db3c0 e14a893f1918277e 42a5cae2a3a45557 0eafda717681bbdc bed3e73d52011f68 8d58da0e1800dc96 44d324ebd3e22ad7 8fc68213b63951dc 2a06f5614060e3b6 f705b637f624147e 4d417b203b333363 393f49286db04aeb 65fac1ba1840000f 622f2e4119882c94
176,3c565c1fc2316d16 ecb768ef6fd223ca 24c47959ea77b15b 24e582daf6f87158 3e66b4855d0dddbe 2820628e65a062e2 f48d0fbea7dc2782 6461a9faa871b3ac 155600e5f1221f8c 4d954d933e606b70 4b29fc21f912754d 66ccd03c9e03ac06 a76ffccd2f5df1a7 62431fd374eb99fb 0f4c71d341e2d939 cea18be9a89d7a81 172bc0ee09332ae9 b6e72edcad270be0 a2c35fdf07a13286 1a8e5d6512d9e2d8 ddf332f2b55a2a23 20d283a232dfd13c 9c9a9d45c2ea7ddf 9f4e0d572b1f4e6c a60934e6b473097a 6406fcdb7d87b5dc bd713b37b67866c3 522bd6887960c25d 190ab585fd379f0f 999a52f1d301247c
177,0d0368139e9a647f 0fbd0f422e926816 72403ecdfe02bba6 00140806971e7a73 b749972436ac9791 05f23e7d05dbf7c2 db7342eff9200020 5b34da30b93eb123 387e9cd2e5d4ea7d a9eef13786610446 d35e11d3d1ab3c67 09660f466b38b7ba 70776cdd9bb3b7d4 5430097e23000368 73391e0853c1e040 4522ad78bf79f0c9 f705b637f624147e f2234bb7ce0c6f59 005666aa098abe8e dac29ed8400b50cc c08c3765ac609cc0 ffc688c4c1c2a068 2359719a0f40ffac 9d5edf3b993fee50 2810fb6f81d1711c 46b99f864d6a075a abf90e759d208468 5b16bae6a0de7c88 74e59c5820900b17 f58ff7f1a6cde683
178,781aaf62a955e4e8 3c565c1fc2316d16 447fc00f40d71d08 3b4a85bac6ead3c8 8566d15270eb5e83 a982b5c3aed39396 bd9cd6b87a4fe0ce 1a8e5d6512d9e2d8 acae1d29289b1266 ca4de5b8a7bda9df 6aac5e116b75aa22 bc2ae5f4e5d53e00 a0566ca9daca7778 59bf6d6df9146d60 2901e5309bb3f8f6 d0f6c00eec5eb973 63d95d5977c2fe98 c606425856952286 95166957b2c38794 c31a456b544a40a8 a14394322cf7043d 22dc81380cf4baec 238de368bb05c0ec 34a62e66e05f9a44 4522ad78bf79f0c9 404031ab9d5977c4 d46598813fb437e5 e7dd56376be2cf1c ac9ee0c09b538140 8faeacf8ca08f62d
179,520ec719078be07c 40583079f57235a6 1f423f368aebf7f3 26140b225c4f8d3f 05e4165a56bf50eb 855f2f0354e102c7 b1dcaca98bb76736 377c1150c781e37a 5dd752753760ced8 77e2f7da1f9d3a8f e0269da736ddf004 edc79e57b20e9036 5430097e23000368 52370bea1acd0600 4d7653ea9499eed4 9a0f5ee4f845c9b2 0bcaac840d5e66d7 c28bc62802b90f82 702d8f1064ab3e30 3986b68500d7704b 3fa57d488e979d74 ff88049e61f0f4ef bd713b37b67866c3 fd30682593995748 47fbe21f5c35c7b4 734dabb98795c35c 942a7d26d81c841f bd0f175ee98c613e ae94d8435a6847f4 b6d0f83aad4e4dc7
180,3a6e7894dde31c67 c015590d6a6fe833 3b6d27775fce1c7b c143c095983a65c2 24e582daf6f87158 0f33ce8d8014f308 e9c20b67a4c5395f 4f915ad69e1dca36 52370bea1acd0600 50cb6a6c60ad711a 8dedff0a79784abc 285657fcdf89f00d 35488b3b8b781278 0451447dd64f6284 7c8324ce28ffb96e b6a1c97f19af78d0 28a2067685cb3e97 bb7515be835dea49 d73a65673e3f1d78 128d583954b18074 5430097e23000368 95ecdbff44ad0b60 c5830f9d0f1e29e5 1dc7139adba034ec fd30682593995748 bd713b37b67866c3 e0269da736ddf004 ff88049e61f0f4ef 702d8f1064ab3e30 c28bc62802b90f82
181,39075e303166355e 095bb1b6ecbd0a50 d5805cdb9e8f0f48 eec6b281e236b500 b3ad55963554f220 4491016efed845f1 abf90e759d208468 955e465ce0788ea6 828f5dfbbf1272ee 702d8f1064ab3e30 b3e75fdca5ca2f1a de35d2410e916471 4d32dae7b43c489a f58ff7f1a6cde683 09660f466b38b7ba e14a893f1918277e 42a5cae2a3a45557 e228204ae08d1355 24c47959ea77b15b db69d4cbfef8d22f 7f95168400948588 bed3e73d52011f68 8d58da0e1800dc96 b29ab87af6ea6310 a52df8083c238c46 d7d937303a6d5a9d 3e66b4855d0dddbe f48d0fbea7dc2782 73f770f2643a2135 2a06f5614060e3b6
182,9f27aa36c1ea793c b0b5e62a93a2c37c cba7e22bb383083a 64907c4568244eb4 e36475c1af5ea3ab f05fa5f57dc03e81 61ba7707ef6a5a99 3d93a60f990a0a7c ec4ef2f727e7a03f 430feb4826a5632e 537a55eda51a3f60 5430097e23000368 2810fb6f81d1711c a04d6febd82a4389 1f4f62844c3cb99c 46315cf30aaee51c 6c017e548aa138f2 00958a140c3a6de8 025a148c3a53bd9f 20d283a232dfd13c bd713b37b67866c3 64b31699d7d15934 047769588be1aea9 90ecb28f2edb9d43 0688c790d5806540 a14394322cf7043d 09bbaa171c20bae3 6cb9ab508a0678a0 da904d2a54ff8cf2 d64c06baf5ef1c90
183,b6cdb608f640e038 238ec735a13a3f09 61ba7707ef6a5a99 855f2f0354e102c7 d64c7c3b658689f4 74873b42602d8958 3d93a60f990a0a7c e25a1da6ca187350 b78189788d563693 db0e648651f4c92b da904d2a54ff8cf2 8abe670908f12614 fc16a50ff0baec53 01ecc81f6341e902 bbbd5d2fd957e8f7 d64c06baf5ef1c90 a1314cd417504572 c810ac016901e8ac 36d33c41812ce7dc b0bfe0f426275870 da011b87595c1019 8dc313a2cf9da354 49b5678e0d1e5bcd d6ed7e4b14c51296 60a070db9f1869b5 52e459a551d4ac2d d216e5458ad70e60 e8684734f2e587bd 0220a434aa8bf029 059bbdbdb843af6a
184,ba5199dba342af68 e25a1da6ca187350 e403278468d84383 1fe79c7de59ff6c6 3c0873ce078d332b e8b87ed7db1bcb1f 83b911ff0ff45844 ca4de5b8a7bda9df 1dc7139adba034ec d1e21234d7cc61d2 24e582daf6f87158 3c565c1fc2316d16 20d283a232dfd13c 24c47959ea77b15b a60934e6b473097a 3e66b4855d0dddbe f48d0fbea7dc2782 bd713b37b67866c3 522bd6887960c25d 81b639b74256b45b c015590d6a6fe833 64b31699d7d15934 9fda36f260eec24e 0db6584e3bdfa1c4 b9d966ad9e04127a 3b6d27775fce1c7b 4b29fc21f912754d 66ccd03c9e03ac06 a76ffccd2f5df1a7 62431fd374eb99fb
185,8e0cc5199a0ee659 1f423f368aebf7f3 74ae9af23a383bf5 65254e0d209fd66e ae000f9d0b5e104e c03b11a0cdc3fa39 204ec91c39d1479d 7b81f1f2b6ec2e5f 1c3b74a02a86467d ec4ef2f727e7a03f b78189788d563693 26fc2a95df5659c2 5b16bae6a0de7c88 a04d6febd82a4389 1f4f62844c3cb99c 8f578001f9d5f543 016da874bd04df55 46315cf30aaee51c 025a148c3a53bd9f 74244a8703c03720 3d93a60f990a0a7c 0708923badf2ff5d 9f4e0d572b1f4e6c 8dc313a2cf9da354 c606425856952286 9100ea6cd0e084bf e878efab7c37179e 047769588be1aea9 9c9a9d45c2ea7ddf 27a12f29dceccdbd
186,63d509cd2a2e0e47 07be6a290720707d e8ad5e31484ef889 3e66b4855d0dddbe 1398b478b71773ed bf973f9ec3600199 ce0f56b7190c268a 8dedff0a79784abc bb7515be835dea49 680bb5c5c3bb6ee1 c5830f9d0f1e29e5 5430097e23000368 c1f2e3a76d388944 e0269da736ddf004 ff88049e61f0f4ef 3fa57d488e979d74 bd713b37b67866c3 fd30682593995748 3986b68500d7704b 2a06f5614060e3b6 702d8f1064ab3e30 c28bc62802b90f82 39f6296778264878 0bcaac840d5e66d7 9a0f5ee4f845c9b2 734dabb98795c35c bd0f175ee98c613e ae94d8435a6847f4 b6d0f83aad4e4dc7 b24820ae14e16a24
187,9ab90dfc5c9b0b37 7f29daa16b9b4cda ce8cb4351b8c0f6e 04886579947a80c2 f44f74b3451aa593 87c5481930cfe126 47fbe21f5c35c7b4 52370bea1acd0600 4d7653ea9499eed4 9a0f5ee4f845c9b2 0bcaac840d5e66d7 c28bc62802b90f82 702d8f1064ab3e30 bbbd5d2fd957e8f7 3fa57d488e979d74 ff88049e61f0f4ef e0269da736ddf004 bd713b37b67866c3 fd30682593995748 2a06f5614060e3b6 e25a1da6ca187350 3986b68500d7704b 0708923badf2ff5d 734dabb98795c35c 942a7d26d81c841f bd0f175ee98c613e ae94d8435a6847f4 b6d0f83aad4e4dc7 b24820ae14e16a24 622f2e4119882c94
188,f46601a9955f9949 8fc68213b63951dc 393f49286db04aeb a813c15b46ceaf68 942a7d26d81c841f d6ed7e4b14c51296 ec1b3d7ccd3984d0 939a1f686ea36c05 0a79fabc6f5d93c9 976baf0e84752a68 73391e0853c1e040 796888cc3443006c daa257a37227cd72 0db6584e3bdfa1c4 2cebd52b41930f0a 9269d2b0d877352d 24e582daf6f87158 8a5635c748344d47 59bf6d6df9146d60 5fb2d8e734956af0 60a070db9f1869b5 5c8c6d9a1fd4c1e0 b05b5f6850cfa158 42bb83d7c4b9ecae 5430097e23000368 88b62355670ec8f8 da904d2a54ff8cf2 d64c06baf5ef1c90 3d93a60f990a0a7c 238ec735a13a3f09
189,4c0eee2c1a5e76e2 26f72a4eb15ea8c0 0451447dd64f6284 bbbd5d2fd957e8f7 50ba507a268872e1 5057551fc55e9ed2 5430097e23000368 da904d2a54ff8cf2 3a6e7894dde31c67 d64c06baf5ef1c90 3d93a60f990a0a7c 238ec735a13a3f09 c810ac016901e8ac 36d33c41812ce7dc cc861214a89ef1f4 e5fb8dc5c9cb4a19 d6ed7e4b14c51296 b8e2f75014710ced 00d9f8d3f7d412b3 83f8aca6ee2caabc 52e459a551d4ac2d f28fb3d9880c5d4c 61ba7707ef6a5a99 db0e648651f4c92b d72363ddd958d906 7e4a4a1300b77a06 af8e70f978cd5aee 6e1b6b53c9710940 2bafd15871caae91 ae77487a89f2610c
190,52e459a551d4ac2d 9c9a9d45c2ea7ddf a677c3a76055a6d2 64907c4568244eb4 00958a140c3a6de8 0b774cf90856c4da 8dc313a2cf9da354 b50b4e27b03c7b37 da904d2a54ff8cf2 bd0f175ee98c613e f25bfcffedaccf28 d6ed7e4b14c51296 00d9f8d3f7d412b3 83f8aca6ee2caabc 61ba7707ef6a5a99 d72363ddd958d906 af8e70f978cd5aee 2b48ab08c915c0ad 453bc79164d57a01 9f27aa36c1ea793c e7828f0ea9749505 6461a9faa871b3ac ee3ed9a3f51336cd b0b5e62a93a2c37c 37001ade0df85823 8699cc5dd4159b69 a1314cd417504572 7cea1f637ea3f37d e7cad3748e50b0f8 22e8d6734e4121ae
191,87c5481930cfe126 0647acc4602d4e8f 01b3da54ffb158a0 4d32dae7b43c489a 061f3e1feeaa3094 d7d937303a6d5a9d a65e30106ea50423 43b3338423d7386c 99e833818ec4bbf2 f209d29f991432f0 a5d5ba33b5b1dc95 01e5a6edcee7deb0 1c3b74a02a86467d 29968e8fd13539f8 65708d542bd01f39 65ad9c583823162d f49e13a653cbdad2 3e8e56f639a5db5b bc2ae5f4e5d53e00 fa173131f15f5534 455fde214d16d350 1efd7bd8a34a1359 0772e3ab293a1f30 e6a29676c096f8e8 22756be6fd061d4c 4e966bb2768c2b8a 95166957b2c38794 aa0789b403bcd839 dc12cc503ac0eddb 88b62355670ec8f8
192,a84cd36608cb8665 537a55eda51a3f60 64907c4568244eb4 e36475c1af5ea3ab f05fa5f57dc03e81 61ba7707ef6a5a99 451e7ba901ad661d 5430097e23000368 190ab585fd379f0f 00958a140c3a6de8 da904d2a54ff8cf2 6899956cd6c683f0 d64c06baf5ef1c90 3d93a60f990a0a7c 238ec735a13a3f09 36d33c41812ce7dc c810ac016901e8ac cc861214a89ef1f4 e5fb8dc5c9cb4a19 d6ed7e4b14c51296 b8e2f75014710ced 00d9f8d3f7d412b3 83f8aca6ee2caabc 52e459a551d4ac2d f28fb3d9880c5d4c db0e648651f4c92b d72363ddd958d906 7e4a4a1300b77a06 af8e70f978cd5aee 6e1b6b53c9710940
193,005666aa098abe8e 0079f3c74309b582 07be6a290720707d 0195950ce0f47e34 964a50d33717c26d d6ed7e4b14c51296 b50b4e27b03c7b37 5d26da95786b3a3a 52aa48c07b34dc88 00d9eb862ba3dfc6 20db73cf07a45f71 64267373570e4ea3 7eec211cc37a1b05 b371170568146b12 013030fd7d29bf3d 28403e62105b00f6 9ab90dfc5c9b0b37 c96049ed915ced0a 919b1679fffa7ef1 7f29daa16b9b4cda bb7515be835dea49 95ecdbff44ad0b60 c5830f9d0f1e29e5 1dc7139adba034ec 0a49074a4158155b 2a06f5614060e3b6 fd30682593995748 622f2e4119882c94 bd713b37b67866c3 5ebb4d2f5f1c1f13
194,64907c4568244eb4 e36475c1af5ea3ab 537a55eda51a3f60 2b48ab08c915c0ad f05fa5f57dc03e81 9f27aa36c1ea793c 0b774cf90856c4da 61ba7707ef6a5a99 00ff646ca6637bd7 7c9248ed6224aa26 120e745e2961b5d5 00958a140c3a6de8 fc8971756f9ec194 fd30682593995748 451e7ba901ad661d 238ec735a13a3f09 a84cd36608cb8665 00d9f8d3f7d412b3 9d5edf3b993fee50 e7828f0ea9749505 6461a9faa871b3ac ee3ed9a3f51336cd 5430097e23000368 24e582daf6f87158 da904d2a54ff8cf2 f25bfcffedaccf28 d64c06baf5ef1c90 3d93a60f990a0a7c c810ac016901e8ac 36d33c41812ce7dc
195,ecb768ef6fd223ca 6461a9faa871b3ac 2820628e65a062e2 155600e5f1221f8c 1a8e5d6512d9e2d8 190ab585fd379f0f bd9cd6b87a4fe0ce 83f8aca6ee2caabc 7cea1f637ea3f37d 61ba7707ef6a5a99 976baf0e84752a68 898a4921ab9f4cce 120e745e2961b5d5 4d29c6922b2d0d56 5c4b7558c942a224 acf5cb026b3c4551 5430097e23000368 24e582daf6f87158 bb7515be835dea49 3c565c1fc2316d16 20d283a232dfd13c 24c47959ea77b15b a60934e6b473097a 6899956cd6c683f0 3e66b4855d0dddbe f48d0fbea7dc2782 bd713b37b67866c3 522bd6887960c25d 81b639b74256b45b c015590d6a6fe833
196,64907c4568244eb4 f05fa5f57dc03e81 61ba7707ef6a5a99 e36475c1af5ea3ab c015590d6a6fe833 9c9a9d45c2ea7ddf 83f8f2fc471cad74 00958a140c3a6de8 b6e646c13d0753ae 9fbffc521da97c54 8dc313a2cf9da354 b50b4e27b03c7b37 00d9f8d3f7d412b3 83f8aca6ee2caabc d72363ddd958d906 d64c06baf5ef1c90 453bc79164d57a01 36d33c41812ce7dc c810ac016901e8ac 059bbdbdb843af6a f1a3b8b13e9401c0 da904d2a54ff8cf2 537a55eda51a3f60 22e8d6734e4121ae bc27d5dc9bab1c18 8b7c486a910dd004 18b1d2d84c97a364 d6ed7e4b14c51296 cba7e22bb383083a 27a12f29dceccdbd
197,d5952b2e031c4e7e d980375fbd40c75f e36475c1af5ea3ab 5570ef88d970e9b4 a017f3358d5327aa 10ad13170242ecae da904d2a54ff8cf2 00d9eb862ba3dfc6 d64c06baf5ef1c90 3d93a60f990a0a7c 238ec735a13a3f09 c810ac016901e8ac 36d33c41812ce7dc 5430097e23000368 cc861214a89ef1f4 e5fb8dc5c9cb4a19 d6ed7e4b14c51296 b8e2f75014710ced 00d9f8d3f7d412b3 83f8aca6ee2caabc 52e459a551d4ac2d f28fb3d9880c5d4c 61ba7707ef6a5a99 db0e648651f4c92b d72363ddd958d906 7e4a4a1300b77a06 af8e70f978cd5aee 6e1b6b53c9710940 2bafd15871caae91 ae77487a89f2610c
198,b69ce8b8154645f8 622f2e4119882c94 49224aca40e6e5e3 5fb2d8e734956af0 34a62e66e05f9a44 6a9aa1bd93e36e66 29bedd00fb2be056 bd0f175ee98c613e 65d44c6393907290 955e465ce0788ea6 ac9ee0c09b538140 a52df8083c238c46 a9dad59c7055b56c 24e582daf6f87158 033d905aec273595 106204cd0e07e1b2 d257d1fbcf43abd5 63d95d5977c2fe98 589ef345cb2dccfc 20d283a232dfd13c 25a3b47fe31bc6b5 f25bfcffedaccf28 486dd77002936dec 64b31699d7d15934 a982b5c3aed39396 7c8324ce28ffb96e e5fb8dc5c9cb4a19 0db6584e3bdfa1c4 796888cc3443006c 853e36b1550c6274
199,74e59c5820900b17 c08c3765ac609cc0 dac29ed8400b50cc ffc688c4c1c2a068 54f55c74d37db3c0 2359719a0f40ffac 44d324ebd3e22ad7 f705b637f624147e 4d417b203b333363 a9eef13786610446 6d80d2e62d01f6bc 05f23e7d05dbf7c2 2810fb6f81d1711c d6ed7e4b14c51296 e14a893f1918277e 42a5cae2a3a45557 0eafda717681bbdc bed3e73d52011f68 8d58da0e1800dc96 2a06f5614060e3b6 65fac1ba1840000f 622f2e4119882c94 0d0368139e9a647f e7cad3748e50b0f8 00140806971e7a73 5b34da30b93eb123 4a5ac473c9d176ba 050544c040f46152 b749972436ac9791 65254e0d209fd66e
200,8dedff0a79784abc 58654e3143c6550b 50cb6a6c60ad711a 24e582daf6f87158 ad06e9eeea8eb4ea 7c8324ce28ffb96e 3e66b4855d0dddbe 52370bea1acd0600 2e031d83339759b2 a60934e6b473097a 4f915ad69e1dca36 f1a3b8b13e9401c0 c143c095983a65c2 148ac4a56a18844d ce0f56b7190c268a bf973f9ec3600199 a2c35fdf07a13286 0451447dd64f6284 63d509cd2a2e0e47 c015590d6a6fe833 9b0e8cf8153e3b33 3b4a85bac6ead3c8 b6e72edcad270be0 3b6d27775fce1c7b 40583079f57235a6 0e45c4c185f35df6 b6a1c97f19af78d0 28a2067685cb3e97 07be6a290720707d 587e0b2a4811fab1
201,5547f9f1638ac345 27888817db122597 c1f2e3a76d388944 12af6a34778710db bb7515be835dea49 ca4de5b8a7bda9df bc2ae5f4e5d53e00 c5830f9d0f1e29e5 a017f3358d5327aa e8684734f2e587bd 9c9a9d45c2ea7ddf c143c095983a65c2 3734d3b0b9232538 5430097e23000368 f105a53e5cfae611 133b04350c75770b 4d9214c0925e5af8 26140b225c4f8d3f 95ecdbff44ad0b60 1dc7139adba034ec d73a65673e3f1d78 3a6e7894dde31c67 0195950ce0f47e34 3986b68500d7704b 3fa57d488e979d74 ff88049e61f0f4ef 702d8f1064ab3e30 bd713b37b67866c3 fd30682593995748 2a06f5614060e3b6
202,48f93f9c2c699e19 a2805ed52b47b8ec ec1b3d7ccd3984d0 0a79fabc6f5d93c9 3cb6b40d377e7ca8 25145708d494530b 87c5481930cfe126 8699cc5dd4159b69 4fe9e4e55585ba4b 7155e5a86136eb02 e22c35101e190db9 34a62e66e05f9a44 f44f74b3451aa593 3d6880bd12f6613f 45630e1451157ff3 03dfe518713e006c 01b3da54ffb158a0 09bbaa171c20bae3 27bc34b9887bec0d 061f3e1feeaa3094 f25bfcffedaccf28 72b80b099fd64ec4 bd713b37b67866c3 522bd6887960c25d e1460af4a7044067 d216e5458ad70e60 fb8bd6b95eb4702a 3c565c1fc2316d16 538c7bb968b2154c 19e8f436d4b2fc25
203,da904d2a54ff8cf2 8dc313a2cf9da354 b50b4e27b03c7b37 d6ed7e4b14c51296 00d9f8d3f7d412b3 83f8aca6ee2caabc 52e459a551d4ac2d 61ba7707ef6a5a99 d72363ddd958d906 af8e70f978cd5aee 453bc79164d57a01 9f27aa36c1ea793c e7828f0ea9749505 6461a9faa871b3ac ee3ed9a3f51336cd b0b5e62a93a2c37c 37001ade0df85823 acf5cb026b3c4551 a1314cd417504572 22e8d6734e4121ae 4483bbdd3241f11a cec2eea2a1fe566a 8b7c486a910dd004 c05f45f86d0771d5 059bbdbdb843af6a af41e2b6da3e7e02 2b48ab08c915c0ad 8df3f13d6af34cb3 5057551fc55e9ed2 5430097e23000368
204,447fc00f40d71d08 2e79d45ba4d1540d 2e031d83339759b2 90ecb28f2edb9d43 0bcaac840d5e66d7 9f4e0d572b1f4e6c 3c565c1fc2316d16 964a50d33717c26d 4d954d933e606b70 24c47959ea77b15b 9f3d2ca16f358290 a492bd402afd5c71 3e66b4855d0dddbe b24820ae14e16a24 a14394322cf7043d f48d0fbea7dc2782 acae1d29289b1266 feddfcf56818968e 4d9214c0925e5af8 1a05ef8c93af8eed 6a3919ad9ed8197e ced9c56f2be86774 50806199c80e215c 9fbffc521da97c54 4b29fc21f912754d 66ccd03c9e03ac06 5867d40811c0229f a76ffccd2f5df1a7 62431fd374eb99fb 0f4c71d341e2d939
205,4d954d933e606b70 3e66b4855d0dddbe 63d509cd2a2e0e47 07be6a290720707d e8ad5e31484ef889 b6e72edcad270be0 4b29fc21f912754d a853f13216170123 3c565c1fc2316d16 1398b478b71773ed 24c47959ea77b15b f48d0fbea7dc2782 bf973f9ec3600199 5b4c879fc9c316fb 8dedff0a79784abc 66ccd03c9e03ac06 ce0f56b7190c268a a76ffccd2f5df1a7 62431fd374eb99fb 0f4c71d341e2d939 cea18be9a89d7a81 172bc0ee09332ae9 a2c35fdf07a13286 636224e349e561bf ddf332f2b55a2a23 cc507a0d6fcf4a1c 6406fcdb7d87b5dc 0e45c4c185f35df6 486dd77002936dec 9f4e0d572b1f4e6c
206,005666aa098abe8e 0079f3c74309b582 2810fb6f81d1711c dac29ed8400b50cc 5b34da30b93eb123 0d0368139e9a647f a9eef13786610446 74e59c5820900b17 ffc688c4c1c2a068 2359719a0f40ffac 00140806971e7a73 05f23e7d05dbf7c2 db7342eff9200020 b749972436ac9791 70776cdd9bb3b7d4 07be6a290720707d 2a06f5614060e3b6 c08c3765ac609cc0 0fbd0f422e926816 72403ecdfe02bba6 f705b637f624147e 4d417b203b333363 44d324ebd3e22ad7 197fa50b30d91fe8 636224e349e561bf 4522ad78bf79f0c9 f2234bb7ce0c6f59 12af6a34778710db 65254e0d209fd66e ffa9091747ae2466
207,b6d0f83aad4e4dc7 0fbd0f422e926816 acae1d29289b1266 73391e0853c1e040 0d0368139e9a647f 2901e5309bb3f8f6 72403ecdfe02bba6 00140806971e7a73 4522ad78bf79f0c9 387e9cd2e5d4ea7d 796888cc3443006c 22dc81380cf4baec 853e36b1550c6274 01020d1b0821f4c7 d35e11d3d1ab3c67 b749972436ac9791 63d95d5977c2fe98 59bf6d6df9146d60 05f23e7d05dbf7c2 db7342eff9200020 6a9aa1bd93e36e66 d46598813fb437e5 5b34da30b93eb123 8700059e85433b32 46b99f864d6a075a abf90e759d208468 e5fb8dc5c9cb4a19 73f770f2643a2135 5b16bae6a0de7c88 65d44c6393907290
208,6461a9faa871b3ac 61ba7707ef6a5a99 ecb768ef6fd223ca 2820628e65a062e2 976baf0e84752a68 155600e5f1221f8c 120e745e2961b5d5 190ab585fd379f0f 64907c4568244eb4 1a8e5d6512d9e2d8 fd30682593995748 7cea1f637ea3f37d bbbd5d2fd957e8f7 bd9cd6b87a4fe0ce 9f27aa36c1ea793c 0b774cf90856c4da 7d83ffe83f61bdc4 5430097e23000368 da904d2a54ff8cf2 f05fa5f57dc03e81 4483bbdd3241f11a e36475c1af5ea3ab 4d29c6922b2d0d56 537a55eda51a3f60 00ff646ca6637bd7 2b48ab08c915c0ad 5c4b7558c942a224 d6ed7e4b14c51296 00d9f8d3f7d412b3 83f8aca6ee2caabc
209,9f3d2ca16f358290 680bb5c5c3bb6ee1 a65e30106ea50423 2e79d45ba4d1540d 447fc00f40d71d08 f2e30efbd27bee51 47fbe21f5c35c7b4 90ecb28f2edb9d43 72b80b099fd64ec4 5b4c879fc9c316fb 2e031d83339759b2 8faeacf8ca08f62d 4d32dae7b43c489a 16b11706660177ff d7d937303a6d5a9d a60934e6b473097a bd0f175ee98c613e 095bb1b6ecbd0a50 8fc68213b63951dc eec6b281e236b500 06de3ca1148b088b f44f74b3451aa593 3b4a85bac6ead3c8 a813c15b46ceaf68 26fc2a95df5659c2 e878efab7c37179e 81b639b74256b45b 87c5481930cfe126 1f4f62844c3cb99c e22c35101e190db9
210,24e582daf6f87158 0db6584e3bdfa1c4 f46601a9955f9949 3a6e7894dde31c67 d6ed7e4b14c51296 8fc68213b63951dc 393f49286db04aeb a813c15b46ceaf68 942a7d26d81c841f 976baf0e84752a68 5430097e23000368 73391e0853c1e040 796888cc3443006c daa257a37227cd72 bb7515be835dea49 3c565c1fc2316d16 59bf6d6df9146d60 5fb2d8e734956af0 20d283a232dfd13c 24c47959ea77b15b a60934e6b473097a 3e66b4855d0dddbe f48d0fbea7dc2782 bd713b37b67866c3 522bd6887960c25d 81b639b74256b45b c015590d6a6fe833 64b31699d7d15934 95ecdbff44ad0b60 9fda36f260eec24e
211,8e0760918e88e4a9 5057551fc55e9ed2 c03b11a0cdc3fa39 7b81f1f2b6ec2e5f 65254e0d209fd66e 734dabb98795c35c 01b3da54ffb158a0 66ccd03c9e03ac06 e36475c1af5ea3ab 4d7653ea9499eed4 bb7515be835dea49 f05fa5f57dc03e81 54a11cbcd7a32af4 a982b5c3aed39396 7c8324ce28ffb96e a18df74d3a16e9c0 39075e303166355e 4f2fffd7528de786 f49e13a653cbdad2 430feb4826a5632e ae94d8435a6847f4 95ecdbff44ad0b60 39f6296778264878 c5830f9d0f1e29e5 bf3ccaba4a3450a8 1dc7139adba034ec 65fac1ba1840000f da011b87595c1019 047769588be1aea9 5570ef88d970e9b4
212,3c565c1fc2316d16 447fc00f40d71d08 3b4a85bac6ead3c8 8566d15270eb5e83 0079f3c74309b582 a14394322cf7043d acae1d29289b1266 3a6e7894dde31c67 4d7653ea9499eed4 9a0f5ee4f845c9b2 0bcaac840d5e66d7 c28bc62802b90f82 52370bea1acd0600 3986b68500d7704b 3fa57d488e979d74 ff88049e61f0f4ef e0269da736ddf004 bd713b37b67866c3 fd30682593995748 2a06f5614060e3b6 39f6296778264878 e25a1da6ca187350 702d8f1064ab3e30 942a7d26d81c841f bd0f175ee98c613e ae94d8435a6847f4 b6d0f83aad4e4dc7 b24820ae14e16a24 622f2e4119882c94 4b8c7061102517ef
213,e8684734f2e587bd d64c06baf5ef1c90 c810ac016901e8ac 36d33c41812ce7dc bc27d5dc9bab1c18 12af6a34778710db 18b1d2d84c97a364 cba7e22bb383083a 27a12f29dceccdbd 5570ef88d970e9b4 4c3802a1bd3c842e 3d93a60f990a0a7c 059bbdbdb843af6a ca4de5b8a7bda9df cc861214a89ef1f4 bd0f175ee98c613e e5fb8dc5c9cb4a19 bc2ae5f4e5d53e00 b8e2f75014710ced 00d9f8d3f7d412b3 83f8aca6ee2caabc f28fb3d9880c5d4c d72363ddd958d906 6e1b6b53c9710940 2bafd15871caae91 26fc2a95df5659c2 453bc79164d57a01 1f4f62844c3cb99c 8f578001f9d5f543 016da874bd04df55
214,ee3ed9a3f51336cd 5a1149fbcbd37376 5057551fc55e9ed2 01b3da54ffb158a0 50ba507a268872e1 4d32dae7b43c489a 061f3e1feeaa3094 dac29ed8400b50cc d7d937303a6d5a9d a65e30106ea50423 43b3338423d7386c 99e833818ec4bbf2 f209d29f991432f0 a5d5ba33b5b1dc95 01e5a6edcee7deb0 1c3b74a02a86467d 87c5481930cfe126 29968e8fd13539f8 0647acc4602d4e8f 65708d542bd01f39 65ad9c583823162d f49e13a653cbdad2 3e8e56f639a5db5b bc2ae5f4e5d53e00 fa173131f15f5534 455fde214d16d350 1efd7bd8a34a1359 0772e3ab293a1f30 e6a29676c096f8e8 22756be6fd061d4c
215,7c9248ed6224aa26 1d72229ebcc00faf 7eec211cc37a1b05 6cb9ab508a0678a0 5430097e23000368 3d93a60f990a0a7c 7e4a4a1300b77a06 ae77487a89f2610c 8faeacf8ca08f62d f46601a9955f9949 39075e303166355e 1d0f5fdc58e3efb5 8b7c486a910dd004 d5805cdb9e8f0f48 b78189788d563693 8fc68213b63951dc b3ad55963554f220 4491016efed845f1 393f49286db04aeb 5b4c879fc9c316fb bb7515be835dea49 5b16bae6a0de7c88 528161039994b4dc a04d6febd82a4389 1f4f62844c3cb99c 8f578001f9d5f543 ae94d8435a6847f4 016da874bd04df55 de35d2410e916471 da904d2a54ff8cf2
216,4dba7ce835494a63 1d0f5fdc58e3efb5 e1460af4a7044067 828f5dfbbf1272ee 939a1f686ea36c05 e228204ae08d1355 95ecdbff44ad0b60 4d7653ea9499eed4 e878efab7c37179e 96e82fa141db9a4b 9269d2b0d877352d 5f94b027039f4e48 c36c2dce0e6e434f 95d25d38ba7df9c7 fb2ebcb5335ad2e2 a860b682add9de1c a492bd402afd5c71 bf973f9ec3600199 8e0760918e88e4a9 0688c790d5806540 5c8c6d9a1fd4c1e0 366a22fce0614fb8 eab15ee21e126f6a 8566d15270eb5e83 e4a7a996ed6a5a81 877672967d3f70bb ebfda3b48083e390 d16da1fb61813db9 58654e3143c6550b 587e0b2a4811fab1
217,27a12f29dceccdbd b7d7d9ae1cbe0d8a d72363ddd958d906 73391e0853c1e040 2bafd15871caae91 316382267dcd804f 00af886180e9eaec fc8971756f9ec194 d64c06baf5ef1c90 354d7a327bbcc152 c810ac016901e8ac 36d33c41812ce7dc 538c7bb968b2154c 628accd9be98503c 4bed80e56ea2e099 54a11cbcd7a32af4 cba7e22bb383083a 20db73cf07a45f71 05e4165a56bf50eb bc27d5dc9bab1c18 3d93a60f990a0a7c 18b1d2d84c97a364 cc861214a89ef1f4 059bbdbdb843af6a e5fb8dc5c9cb4a19 5570ef88d970e9b4 b8e2f75014710ced 00d9f8d3f7d412b3 83f8aca6ee2caabc f28fb3d9880c5d4c
218,c015590d6a6fe833 b6e646c13d0753ae 83f8f2fc471cad74 a982b5c3aed39396 9fbffc521da97c54 bb7515be835dea49 01b3da54ffb158a0 a04d6febd82a4389 ec1b3d7ccd3984d0 f58ff7f1a6cde683 0a79fabc6f5d93c9 061f3e1feeaa3094 5430097e23000368 3cb6b40d377e7ca8 bd713b37b67866c3 522bd6887960c25d fb8bd6b95eb4702a 25145708d494530b 54f55c74d37db3c0 538c7bb968b2154c 19e8f436d4b2fc25 64b31699d7d15934 2cebd52b41930f0a 40583079f57235a6 8699cc5dd4159b69 95d25d38ba7df9c7 fb2ebcb5335ad2e2 9fda36f260eec24e 8a5635c748344d47 b9d966ad9e04127a
219,2e44fbb8bc3d8d71 351c9da399c2b915 0c2eeab1e4ce1db8 42c9b72cc77dcb28 f28fb3d9880c5d4c fc8971756f9ec194 120e745e2961b5d5 b0b5e62a93a2c37c 37001ade0df85823 a677c3a76055a6d2 016da874bd04df55 2bafd15871caae91 2dd12c230ab22555 197fa50b30d91fe8 e5fb8dc5c9cb4a19 65254e0d209fd66e 26fc2a95df5659c2 c28bc62802b90f82 29bedd00fb2be056 7b81f1f2b6ec2e5f c03b11a0cdc3fa39 bd0f175ee98c613e cc861214a89ef1f4 ddb3810e0289c148 316382267dcd804f 1f4f62844c3cb99c 8f578001f9d5f543 acae1d29289b1266 2901e5309bb3f8f6 8faeacf8ca08f62d
220,00d9eb862ba3dfc6 73f770f2643a2135 0195950ce0f47e34 538c7bb968b2154c a18df74d3a16e9c0 d3c4a7db726191e0 a2805ed52b47b8ec b26d8664feb18c8c f29eee8054c061e1 97d696011258825c 07d688f5e2142b87 ce0f56b7190c268a 01ecc81f6341e902 3734d3b0b9232538 f44f74b3451aa593 87c5481930cfe126 eff60ceea8817dad acf5cb026b3c4551 bb7515be835dea49 5879096a38d69fc5 95ecdbff44ad0b60 c5830f9d0f1e29e5 1dc7139adba034ec d73a65673e3f1d78 da904d2a54ff8cf2 d64c06baf5ef1c90 3d93a60f990a0a7c 238ec735a13a3f09 c810ac016901e8ac 36d33c41812ce7dc
221,64907c4568244eb4 e36475c1af5ea3ab f05fa5f57dc03e81 7c9248ed6224aa26 537a55eda51a3f60 61ba7707ef6a5a99 00ff646ca6637bd7 50ba507a268872e1 50806199c80e215c 00958a140c3a6de8 025a148c3a53bd9f b78189788d563693 a04d6febd82a4389 5b16bae6a0de7c88 d6bbbd6c4968075a 0b774cf90856c4da 8f578001f9d5f543 46315cf30aaee51c b50b4e27b03c7b37 ec4ef2f727e7a03f d64c7c3b658689f4 0cd920bad11c716d 2b48ab08c915c0ad f58ff7f1a6cde683 190ab585fd379f0f 016da874bd04df55 666bdff4faa513ca 9100ea6cd0e084bf bb7515be835dea49 853e36b1550c6274
222,1d0f5fdc58e3efb5 c05f45f86d0771d5 b78189788d563693 0fbd0f422e926816 5430097e23000368 047769588be1aea9 73391e0853c1e040 0d0368139e9a647f 6cb9ab508a0678a0 72403ecdfe02bba6 00140806971e7a73 387e9cd2e5d4ea7d d35e11d3d1ab3c67 666bdff4faa513ca b749972436ac9791 0683b6a78f54be75 05f23e7d05dbf7c2 da904d2a54ff8cf2 46b99f864d6a075a abf90e759d208468 5b16bae6a0de7c88 d64c06baf5ef1c90 3d93a60f990a0a7c 12af6a34778710db f58ff7f1a6cde683 09660f466b38b7ba 238ec735a13a3f09 36d33c41812ce7dc c810ac016901e8ac f9c6286cff30aaa8
223,63d509cd2a2e0e47 07be6a290720707d e8ad5e31484ef889 3e66b4855d0dddbe 0079f3c74309b582 1398b478b71773ed bf973f9ec3600199 ce0f56b7190c268a 8dedff0a79784abc 680bb5c5c3bb6ee1 5430097e23000368 bd713b37b67866c3 e0269da736ddf004 ff88049e61f0f4ef fd30682593995748 3fa57d488e979d74 2a06f5614060e3b6 39f6296778264878 3986b68500d7704b 702d8f1064ab3e30 c28bc62802b90f82 e25a1da6ca187350 0bcaac840d5e66d7 9a0f5ee4f845c9b2 942a7d26d81c841f bd0f175ee98c613e ae94d8435a6847f4 b6d0f83aad4e4dc7 b24820ae14e16a24 622f2e4119882c94
224,d63b7f083330247f 734dabb98795c35c d216e5458ad70e60 fb8bd6b95eb4702a 8a5635c748344d47 60a070db9f1869b5 da7d3c2d591c4295 e8684734f2e587bd 8bf446c0455e3c5c b6e646c13d0753ae da904d2a54ff8cf2 3ca7964973437917 d5952b2e031c4e7e d64c06baf5ef1c90 3d93a60f990a0a7c 238ec735a13a3f09 36d33c41812ce7dc c810ac016901e8ac 5430097e23000368 cc861214a89ef1f4 e5fb8dc5c9cb4a19 d6ed7e4b14c51296 b8e2f75014710ced 00d9f8d3f7d412b3 83f8aca6ee2caabc 52e459a551d4ac2d f28fb3d9880c5d4c 61ba7707ef6a5a99 db0e648651f4c92b d72363ddd958d906
225,ecb768ef6fd223ca cc861214a89ef1f4 af8e70f978cd5aee fab14d178b24a67f 6461a9faa871b3ac 2820628e65a062e2 155600e5f1221f8c 4105533fe46dfba9 059bbdbdb843af6a 1a8e5d6512d9e2d8 7c9248ed6224aa26 61ba7707ef6a5a99 1d0f5fdc58e3efb5 9f4e0d572b1f4e6c b78189788d563693 190ab585fd379f0f bd9cd6b87a4fe0ce 7cea1f637ea3f37d 976baf0e84752a68 12af6a34778710db 4b8c7061102517ef 5430097e23000368 120e745e2961b5d5 6a3919ad9ed8197e 4d29c6922b2d0d56 354d7a327bbcc152 047769588be1aea9 5c4b7558c942a224 05e4165a56bf50eb ca4de5b8a7bda9df
226,8faeacf8ca08f62d e5fb8dc5c9cb4a19 bd0f175ee98c613e ec4ef2f727e7a03f 095bb1b6ecbd0a50 8fc68213b63951dc 3d93a60f990a0a7c eec6b281e236b500 a813c15b46ceaf68 26fc2a95df5659c2 1f4f62844c3cb99c 8f578001f9d5f543 b3e75fdca5ca2f1a 46315cf30aaee51c f76f44d372517a9a cc861214a89ef1f4 0eafda717681bbdc bed3e73d52011f68 a52df8083c238c46 5430097e23000368 61ba7707ef6a5a99 01020d1b0821f4c7 72b80b099fd64ec4 9f27aa36c1ea793c 828f5dfbbf1272ee 853e36b1550c6274 29bedd00fb2be056 4d32dae7b43c489a 16b11706660177ff da904d2a54ff8cf2
227,bc2ae5f4e5d53e00 12af6a34778710db ca4de5b8a7bda9df 24e582daf6f87158 01b3da54ffb158a0 a18df74d3a16e9c0 4d32dae7b43c489a 061f3e1feeaa3094 d7d937303a6d5a9d e8b87ed7db1bcb1f 5430097e23000368 bb7515be835dea49 3c565c1fc2316d16 c11b97f245a9dfd0 a65e30106ea50423 43b3338423d7386c 99e833818ec4bbf2 20d283a232dfd13c f209d29f991432f0 a5d5ba33b5b1dc95 24c47959ea77b15b da904d2a54ff8cf2 a60934e6b473097a 01e5a6edcee7deb0 1c3b74a02a86467d 3e66b4855d0dddbe 87c5481930cfe126 29968e8fd13539f8 0647acc4602d4e8f f48d0fbea7dc2782
228,a292248bb2bffb3d 636224e349e561bf 0e45c4c185f35df6 5c4b7558c942a224 520ec719078be07c b6e72edcad270be0 59c231f8fd21260c e6a29676c096f8e8 5d26da95786b3a3a 10ad13170242ecae 1d0f5fdc58e3efb5 5ebb4d2f5f1c1f13 e1460af4a7044067 828f5dfbbf1272ee 939a1f686ea36c05 e228204ae08d1355 106204cd0e07e1b2 2394b08708475900 4d7653ea9499eed4 e878efab7c37179e 96e82fa141db9a4b 9269d2b0d877352d c36c2dce0e6e434f 95d25d38ba7df9c7 fb2ebcb5335ad2e2 a860b682add9de1c a492bd402afd5c71 bf973f9ec3600199 98dbd15aa33ebc18 95ecdbff44ad0b60
229,9269d2b0d877352d d16da1fb61813db9 26fc2a95df5659c2 a14394322cf7043d e5fb8dc5c9cb4a19 1d0f5fdc58e3efb5 c28bc62802b90f82 d64c06baf5ef1c90 e1460af4a7044067 bc27d5dc9bab1c18 36d33c41812ce7dc c810ac016901e8ac 828f5dfbbf1272ee 939a1f686ea36c05 18b1d2d84c97a364 acae1d29289b1266 e228204ae08d1355 cc861214a89ef1f4 27a12f29dceccdbd 5570ef88d970e9b4 016da874bd04df55 316382267dcd804f 4d7653ea9499eed4 4c3802a1bd3c842e 39f6296778264878 025a148c3a53bd9f e878efab7c37179e 96e82fa141db9a4b 74244a8703c03720 c36c2dce0e6e434f
230,047769588be1aea9 1d0f5fdc58e3efb5 e5fb8dc5c9cb4a19 b8e2f75014710ced b78189788d563693 666bdff4faa513ca 0683b6a78f54be75 ec4ef2f727e7a03f 3d93a60f990a0a7c c015590d6a6fe833 430feb4826a5632e 2810fb6f81d1711c bd713b37b67866c3 a04d6febd82a4389 1f4f62844c3cb99c 46315cf30aaee51c 6c017e548aa138f2 83f8f2fc471cad74 64b31699d7d15934 025a148c3a53bd9f 20d283a232dfd13c 90ecb28f2edb9d43 0688c790d5806540 b6e646c13d0753ae 9fbffc521da97c54 09bbaa171c20bae3 a14394322cf7043d 6cb9ab508a0678a0 5430097e23000368 d73a65673e3f1d78
231,0add47a043c64d7f 0c15f252d30646fc db0e648651f4c92b 9c9ebf71707d7a37 49b5678e0d1e5bcd 0220a434aa8bf029 aa0789b403bcd839 bb7515be835dea49 95ecdbff44ad0b60 c5830f9d0f1e29e5 1dc7139adba034ec 3a6e7894dde31c67 d73a65673e3f1d78 128d583954b18074 4d7653ea9499eed4 0bcaac840d5e66d7 c28bc62802b90f82 702d8f1064ab3e30 3986b68500d7704b 3fa57d488e979d74 ff88049e61f0f4ef e0269da736ddf004 bd713b37b67866c3 fd30682593995748 9a0f5ee4f845c9b2 bd0f175ee98c613e ae94d8435a6847f4 b6d0f83aad4e4dc7 b24820ae14e16a24 622f2e4119882c94
232,cc861214a89ef1f4 fab14d178b24a67f af8e70f978cd5aee 74e59c5820900b17 c08c3765ac609cc0 dac29ed8400b50cc ffc688c4c1c2a068 54f55c74d37db3c0 2359719a0f40ffac 4105533fe46dfba9 44d324ebd3e22ad7 f705b637f624147e 4d417b203b333363 059bbdbdb843af6a a9eef13786610446 6d80d2e62d01f6bc 05f23e7d05dbf7c2 9f4e0d572b1f4e6c 2810fb6f81d1711c e14a893f1918277e 42a5cae2a3a45557 0eafda717681bbdc 4b8c7061102517ef bed3e73d52011f68 8d58da0e1800dc96 6a3919ad9ed8197e 2a06f5614060e3b6 65fac1ba1840000f 622f2e4119882c94 354d7a327bbcc152
233,e7cad3748e50b0f8 e4a7a996ed6a5a81 f58ff7f1a6cde683 f25bfcffedaccf28 e14a893f1918277e 1d0f5fdc58e3efb5 b6d0f83aad4e4dc7 e1460af4a7044067 828f5dfbbf1272ee 8dc313a2cf9da354 939a1f686ea36c05 e228204ae08d1355 db7342eff9200020 72403ecdfe02bba6 4d7653ea9499eed4 bd0f175ee98c613e 8699cc5dd4159b69 e878efab7c37179e 96e82fa141db9a4b 9269d2b0d877352d c36c2dce0e6e434f 95d25d38ba7df9c7 fb2ebcb5335ad2e2 a860b682add9de1c a492bd402afd5c71 bf973f9ec3600199 e8684734f2e587bd 95ecdbff44ad0b60 8e0760918e88e4a9 5c8c6d9a1fd4c1e0
234,26f72a4eb15ea8c0 50ba507a268872e1 b50b4e27b03c7b37 d64c7c3b658689f4 cec2eea2a1fe566a 4c0eee2c1a5e76e2 8dc313a2cf9da354 da904d2a54ff8cf2 0cd920bad11c716d d6ed7e4b14c51296 00d9f8d3f7d412b3 83f8aca6ee2caabc 52e459a551d4ac2d 61ba7707ef6a5a99 d72363ddd958d906 5057551fc55e9ed2 af8e70f978cd5aee 453bc79164d57a01 9f27aa36c1ea793c e7828f0ea9749505 6461a9faa871b3ac ee3ed9a3f51336cd b0b5e62a93a2c37c 37001ade0df85823 5430097e23000368 0451447dd64f6284 a1314cd417504572 22e8d6734e4121ae 4483bbdd3241f11a 2b48ab08c915c0ad
235,f1a3b8b13e9401c0 59c231f8fd21260c a0566ca9daca7778 48a76e3aff69d605 b1e47da7659b675c f25bfcffedaccf28 72b80b099fd64ec4 01020d1b0821f4c7 16b11706660177ff 7f95168400948588 5430097e23000368 5547f9f1638ac345 ca43e349133fc0e3 19e8f436d4b2fc25 2cebd52b41930f0a 5fb2d8e734956af0 b84b6c0b2e4d0306 52aa48c07b34dc88 b05b5f6850cfa158 cc0c9419f8a20603 01ecc81f6341e902 92f42fbd0c38f7fd 45bd99d5d2eef776 0add47a043c64d7f c11b97f245a9dfd0 1d72229ebcc00faf 6899956cd6c683f0 43c354dbf952caaa 5879096a38d69fc5 0195950ce0f47e34
236,dc17b07476183764 3b6d27775fce1c7b 65ad9c583823162d 1d0f5fdc58e3efb5 e1460af4a7044067 d16da1fb61813db9 828f5dfbbf1272ee 939a1f686ea36c05 e228204ae08d1355 5d26da95786b3a3a 4d7653ea9499eed4 50806199c80e215c e878efab7c37179e 96e82fa141db9a4b 9269d2b0d877352d c36c2dce0e6e434f 95d25d38ba7df9c7 fb2ebcb5335ad2e2 a860b682add9de1c 106204cd0e07e1b2 a492bd402afd5c71 bf973f9ec3600199 95ecdbff44ad0b60 8e0760918e88e4a9 5c8c6d9a1fd4c1e0 366a22fce0614fb8 eab15ee21e126f6a 8566d15270eb5e83 e4a7a996ed6a5a81 877672967d3f70bb
237,bd0f175ee98c613e f25bfcffedaccf28 8699cc5dd4159b69 e7cad3748e50b0f8 e4a7a996ed6a5a81 e8684734f2e587bd d257d1fbcf43abd5 8643165b0f53df11 07f22a7ad7e4711d dc12cc503ac0eddb 2394b08708475900 bb7515be835dea49 95ecdbff44ad0b60 c5830f9d0f1e29e5 5430097e23000368 1dc7139adba034ec 52370bea1acd0600 4d7653ea9499eed4 9a0f5ee4f845c9b2 0bcaac840d5e66d7 702d8f1064ab3e30 3986b68500d7704b 3fa57d488e979d74 ff88049e61f0f4ef e0269da736ddf004 bd713b37b67866c3 fd30682593995748 c28bc62802b90f82 47fbe21f5c35c7b4 bbbd5d2fd957e8f7
238,d72363ddd958d906 316382267dcd804f d64c06baf5ef1c90 24e582daf6f87158 c810ac016901e8ac 36d33c41812ce7dc bc27d5dc9bab1c18 18b1d2d84c97a364 3c565c1fc2316d16 cba7e22bb383083a 27a12f29dceccdbd 5570ef88d970e9b4 20d283a232dfd13c 24c47959ea77b15b 4c3802a1bd3c842e a60934e6b473097a 3e66b4855d0dddbe f48d0fbea7dc2782 3d93a60f990a0a7c 059bbdbdb843af6a bd713b37b67866c3 522bd6887960c25d 81b639b74256b45b c015590d6a6fe833 64b31699d7d15934 cc861214a89ef1f4 bd0f175ee98c613e e5fb8dc5c9cb4a19 9fda36f260eec24e 0db6584e3bdfa1c4
239,d73a65673e3f1d78 128d583954b18074 47fbe21f5c35c7b4 52370bea1acd0600 4d7653ea9499eed4 9a0f5ee4f845c9b2 0bcaac840d5e66d7 c28bc62802b90f82 702d8f1064ab3e30 3986b68500d7704b c31a456b544a40a8 ff88049e61f0f4ef e0269da736ddf004 bd713b37b67866c3 fd30682593995748 2a06f5614060e3b6 39f6296778264878 e25a1da6ca187350 3fa57d488e979d74 e7cad3748e50b0f8 0708923badf2ff5d 734dabb98795c35c 942a7d26d81c841f bd0f175ee98c613e ae94d8435a6847f4 b6d0f83aad4e4dc7 b24820ae14e16a24 bbbd5d2fd957e8f7 4b8c7061102517ef af8e70f978cd5aee
240,898a4921ab9f4cce d64c06baf5ef1c90 c810ac016901e8ac 36d33c41812ce7dc bc27d5dc9bab1c18 18b1d2d84c97a364 cba7e22bb383083a 27a12f29dceccdbd 5570ef88d970e9b4 4c3802a1bd3c842e 3d93a60f990a0a7c 059bbdbdb843af6a cc861214a89ef1f4 bd0f175ee98c613e e5fb8dc5c9cb4a19 b8e2f75014710ced 00d9f8d3f7d412b3 83f8aca6ee2caabc f28fb3d9880c5d4c d72363ddd958d906 6e1b6b53c9710940 2bafd15871caae91 26fc2a95df5659c2 453bc79164d57a01 1f4f62844c3cb99c 8f578001f9d5f543 016da874bd04df55 2e44fbb8bc3d8d71 2dd12c230ab22555 39f6296778264878
241,4b8c7061102517ef 453bc79164d57a01 055d895a3b26e466 cc861214a89ef1f4 bd0f175ee98c613e fab14d178b24a67f c015590d6a6fe833 64907c4568244eb4 e36475c1af5ea3ab f05fa5f57dc03e81 059bbdbdb843af6a af8e70f978cd5aee 4105533fe46dfba9 6cb9ab508a0678a0 b6e646c13d0753ae 61ba7707ef6a5a99 26fc2a95df5659c2 4c3802a1bd3c842e 1f4f62844c3cb99c 8f578001f9d5f543 451e7ba901ad661d 025a148c3a53bd9f 9c9a9d45c2ea7ddf f9c6286cff30aaa8 50806199c80e215c bed3e73d52011f68 9f4e0d572b1f4e6c 537a55eda51a3f60 3d93a60f990a0a7c f25bfcffedaccf28
242,964a50d33717c26d b24820ae14e16a24 feddfcf56818968e 6a3919ad9ed8197e ced9c56f2be86774 9fbffc521da97c54 0bcaac840d5e66d7 5867d40811c0229f 96445bec1579ec97 781f4d0147aef776 bb7515be835dea49 95ecdbff44ad0b60 c5830f9d0f1e29e5 1dc7139adba034ec ff88049e61f0f4ef 3fa57d488e979d74 2a06f5614060e3b6 3986b68500d7704b e0269da736ddf004 39f6296778264878 702d8f1064ab3e30 bd713b37b67866c3 c28bc62802b90f82 fd30682593995748 9a0f5ee4f845c9b2 bd0f175ee98c613e ae94d8435a6847f4 b6d0f83aad4e4dc7 622f2e4119882c94 4b8c7061102517ef
243,7ee52d2519eea367 d216e5458ad70e60 52aa48c07b34dc88 fb8bd6b95eb4702a 964a50d33717c26d 8a5635c748344d47 60a070db9f1869b5 d6ed7e4b14c51296 3ca7964973437917 87c5481930cfe126 b50b4e27b03c7b37 d5952b2e031c4e7e ba5199dba342af68 5d26da95786b3a3a da7d3c2d591c4295 e8684734f2e587bd e25a1da6ca187350 d63b7f083330247f 8bf446c0455e3c5c e403278468d84383 20db73cf07a45f71 b6e646c13d0753ae 1fe79c7de59ff6c6 64267373570e4ea3 3c0873ce078d332b 5430097e23000368 e8b87ed7db1bcb1f 7eec211cc37a1b05 83b911ff0ff45844 ca4de5b8a7bda9df
244,016da874bd04df55 3d93a60f990a0a7c 351c9da399c2b915 ec4ef2f727e7a03f b78189788d563693 f28fb3d9880c5d4c 26fc2a95df5659c2 5b16bae6a0de7c88 a04d6febd82a4389 1f4f62844c3cb99c 8f578001f9d5f543 46315cf30aaee51c b0b5e62a93a2c37c 37001ade0df85823 025a148c3a53bd9f 0c2eeab1e4ce1db8 74244a8703c03720 42c9b72cc77dcb28 9f4e0d572b1f4e6c 8b7c486a910dd004 a677c3a76055a6d2 8dc313a2cf9da354 c606425856952286 9100ea6cd0e084bf e878efab7c37179e 047769588be1aea9 9c9a9d45c2ea7ddf 27a12f29dceccdbd 853e36b1550c6274 0eb4de784c8dd679
245,4bed80e56ea2e099 cc0c9419f8a20603 54a11cbcd7a32af4 05e4165a56bf50eb 46b99f864d6a075a 538c7bb968b2154c 447fc00f40d71d08 74244a8703c03720 2394b08708475900 2e4b00c01d58e79e 2bafd15871caae91 628accd9be98503c 680bb5c5c3bb6ee1 20db73cf07a45f71 6204e398d8c7f888 7ee52d2519eea367 29968e8fd13539f8 52aa48c07b34dc88 419b5dc40744fb9b 453bc79164d57a01 3e8e56f639a5db5b bee46c54461925d0 4535ce2e3dced00f 83f8f2fc471cad74 7eec211cc37a1b05 57113c2a4cacd961 b2ee9eea2d974c90 ac9ee0c09b538140 bfb8032f2183d471 050544c040f46152
246,8a5635c748344d47 60a070db9f1869b5 ec1b3d7ccd3984d0 939a1f686ea36c05 d216e5458ad70e60 0a79fabc6f5d93c9 2cebd52b41930f0a 9269d2b0d877352d fb8bd6b95eb4702a 5c8c6d9a1fd4c1e0 b05b5f6850cfa158 42bb83d7c4b9ecae da7d3c2d591c4295 e8684734f2e587bd d63b7f083330247f 8bf446c0455e3c5c 9c9a9d45c2ea7ddf b6e646c13d0753ae 3ca7964973437917 c143c095983a65c2 d5952b2e031c4e7e f105a53e5cfae611 133b04350c75770b 4d9214c0925e5af8 5430097e23000368 3a6e7894dde31c67 26140b225c4f8d3f bb7515be835dea49 88b62355670ec8f8 1d12acf7349196b0
247,20d283a232dfd13c acae1d29289b1266 0db6584e3bdfa1c4 a14394322cf7043d 24e582daf6f87158 393f49286db04aeb 9100ea6cd0e084bf b8e2f75014710ced 00ff646ca6637bd7 6c017e548aa138f2 3c565c1fc2316d16 64b31699d7d15934 fc8971756f9ec194 9a439fd1abf95245 a292248bb2bffb3d 00af886180e9eaec 24c47959ea77b15b 6cb9ab508a0678a0 abf90e759d208468 daa257a37227cd72 a60934e6b473097a 3e66b4855d0dddbe f48d0fbea7dc2782 bd713b37b67866c3 522bd6887960c25d e5fb8dc5c9cb4a19 bd0f175ee98c613e 81b639b74256b45b c015590d6a6fe833 9fda36f260eec24e
248,eab15ee21e126f6a 5ebb4d2f5f1c1f13 4b05967001421eab a60934e6b473097a d980375fbd40c75f 413c55a5ab86881a a65e30106ea50423 9cf6709de35bf0f3 fa173131f15f5534 0772e3ab293a1f30 e1460af4a7044067 8bf446c0455e3c5c 828f5dfbbf1272ee 95d25d38ba7df9c7 fb2ebcb5335ad2e2 a2c35fdf07a13286 bf973f9ec3600199 939a1f686ea36c05 27bc34b9887bec0d 877672967d3f70bb acf5cb026b3c4551 d16da1fb61813db9 486dd77002936dec 40583079f57235a6 453bc79164d57a01 bb7515be835dea49 e0269da736ddf004 1d0f5fdc58e3efb5 96e82fa141db9a4b 9269d2b0d877352d
249,5430097e23000368 acf5cb026b3c4551 a14394322cf7043d acae1d29289b1266 da904d2a54ff8cf2 d64c06baf5ef1c90 3d93a60f990a0a7c 238ec735a13a3f09 36d33c41812ce7dc c810ac016901e8ac cc861214a89ef1f4 e5fb8dc5c9cb4a19 d6ed7e4b14c51296 b8e2f75014710ced 00d9f8d3f7d412b3 83f8aca6ee2caabc 52e459a551d4ac2d f28fb3d9880c5d4c 61ba7707ef6a5a99 db0e648651f4c92b d72363ddd958d906 7e4a4a1300b77a06 af8e70f978cd5aee 6e1b6b53c9710940 2bafd15871caae91 ae77487a89f2610c 453bc79164d57a01 7d83ffe83f61bdc4 9f27aa36c1ea793c e7828f0ea9749505
250,20db73cf07a45f71 95d25d38ba7df9c7 9fda36f260eec24e 7ee52d2519eea367 42bb83d7c4b9ecae 05e4165a56bf50eb b6a1c97f19af78d0 3986b68500d7704b 5b4c879fc9c316fb 3b4a85bac6ead3c8 c36c2dce0e6e434f cc507a0d6fcf4a1c d6bbbd6c4968075a 0688c790d5806540 a76ffccd2f5df1a7 ebfda3b48083e390 cea18be9a89d7a81 0f33ce8d8014f308 de8e1345e8c305c4 4f2fffd7528de786 d92c0298f76ccf77 45bd99d5d2eef776 285657fcdf89f00d c49d8f84a4f87f8a 0079f3c74309b582 6899956cd6c683f0 a9dad59c7055b56c 999a52f1d301247c 25a3b47fe31bc6b5 9f3d2ca16f358290
251,781f4d0147aef776 b0bfe0f426275870 5dd752753760ced8 6cb9ab508a0678a0 964a50d33717c26d b24820ae14e16a24 fab14d178b24a67f feddfcf56818968e ddf332f2b55a2a23 6a3919ad9ed8197e ced9c56f2be86774 9fbffc521da97c54 0bcaac840d5e66d7 5867d40811c0229f bb7515be835dea49 96445bec1579ec97 95ecdbff44ad0b60 f44f74b3451aa593 87c5481930cfe126 c5830f9d0f1e29e5 1dc7139adba034ec 5430097e23000368 f76f44d372517a9a da904d2a54ff8cf2 1d0f5fdc58e3efb5 f25bfcffedaccf28 72b80b099fd64ec4 e1460af4a7044067 d216e5458ad70e60 5b4c879fc9c316fb
252,bb7515be835dea49 54a11cbcd7a32af4 c5830f9d0f1e29e5 52aa48c07b34dc88 f58ff7f1a6cde683 1efd7bd8a34a1359 453bc79164d57a01 47fbe21f5c35c7b4 095bb1b6ecbd0a50 d5805cdb9e8f0f48 05e4165a56bf50eb ac9ee0c09b538140 2e79d45ba4d1540d f2e30efbd27bee51 fb2ebcb5335ad2e2 828f5dfbbf1272ee 4d32dae7b43c489a 72c2a95813ea72bd 877672967d3f70bb 24c47959ea77b15b 7f95168400948588 d7d937303a6d5a9d f48d0fbea7dc2782 73f770f2643a2135 3ca7964973437917 9f3d2ca16f358290 65fac1ba1840000f 622f2e4119882c94 81b639b74256b45b 48f93f9c2c699e19
253,8e0760918e88e4a9 66ccd03c9e03ac06 855f2f0354e102c7 a18df74d3a16e9c0 edc79e57b20e9036 8faeacf8ca08f62d a982b5c3aed39396 01b3da54ffb158a0 7ee52d2519eea367 f76f44d372517a9a 54a11cbcd7a32af4 b1dcaca98bb76736 5dd752753760ced8 77e2f7da1f9d3a8f bd0f175ee98c613e ec4ef2f727e7a03f 095bb1b6ecbd0a50 8fc68213b63951dc eec6b281e236b500 e0269da736ddf004 47fbe21f5c35c7b4 4d7653ea9499eed4 520ec719078be07c 377c1150c781e37a a813c15b46ceaf68 26fc2a95df5659c2 b3e75fdca5ca2f1a 46315cf30aaee51c 81b639b74256b45b 4d32dae7b43c489a
254,b8e2f75014710ced 00ff646ca6637bd7 fc8971756f9ec194 9a439fd1abf95245 65d44c6393907290 354d7a327bbcc152 781f4d0147aef776 00af886180e9eaec 6cb9ab508a0678a0 5057551fc55e9ed2 c015590d6a6fe833 83f8f2fc471cad74 b6e646c13d0753ae 9fbffc521da97c54 da904d2a54ff8cf2 d64c06baf5ef1c90 3d93a60f990a0a7c 238ec735a13a3f09 c810ac016901e8ac 36d33c41812ce7dc 5430097e23000368 cc861214a89ef1f4 e5fb8dc5c9cb4a19 d6ed7e4b14c51296 00d9f8d3f7d412b3 83f8aca6ee2caabc 52e459a551d4ac2d f28fb3d9880c5d4c 61ba7707ef6a5a99 db0e648651f4c92b
255,27bc34b9887bec0d ec1b3d7ccd3984d0 a60934e6b473097a 0a79fabc6f5d93c9 2394b08708475900 3cb6b40d377e7ca8 a65e30106ea50423 9cf6709de35bf0f3 25145708d494530b eab15ee21e126f6a 48f93f9c2c699e19 e22c35101e190db9 8699cc5dd4159b69 34a62e66e05f9a44 8bf446c0455e3c5c e0269da736ddf004 d980375fbd40c75f 4fe9e4e55585ba4b a2c35fdf07a13286 3d6880bd12f6613f 5ebb4d2f5f1c1f13 45630e1451157ff3 7155e5a86136eb02 03dfe518713e006c fa173131f15f5534 0772e3ab293a1f30 09bbaa171c20bae3 4b05967001421eab f44f74b3451aa593 486dd77002936dec
256,f49e13a653cbdad2 01b3da54ffb158a0 4d32dae7b43c489a 061f3e1feeaa3094 d7d937303a6d5a9d a65e30106ea50423 43b3338423d7386c 99e833818ec4bbf2 f209d29f991432f0 a5d5ba33b5b1dc95 01e5a6edcee7deb0 1c3b74a02a86467d 87c5481930cfe126 29968e8fd13539f8 0647acc4602d4e8f 65708d542bd01f39 65ad9c583823162d 3e8e56f639a5db5b bc2ae5f4e5d53e00 fa173131f15f5534 455fde214d16d350 1efd7bd8a34a1359 0772e3ab293a1f30 e6a29676c096f8e8 22756be6fd061d4c 4e966bb2768c2b8a 95166957b2c38794 aa0789b403bcd839 dc12cc503ac0eddb 88b62355670ec8f8
257,01104a026d22ae55 81bd116c786bf9ae d72363ddd958d906 316382267dcd804f 00958a140c3a6de8 4c0eee2c1a5e76e2 00d9f8d3f7d412b3 26f72a4eb15ea8c0 37001ade0df85823 5430097e23000368 0cd920bad11c716d b6cdb608f640e038 bbbd5d2fd957e8f7 c03b11a0cdc3fa39 5057551fc55e9ed2 0451447dd64f6284 da904d2a54ff8cf2 d64c06baf5ef1c90 3d93a60f990a0a7c 238ec735a13a3f09 36d33c41812ce7dc c810ac016901e8ac cc861214a89ef1f4 e5fb8dc5c9cb4a19 d6ed7e4b14c51296 b8e2f75014710ced 83f8aca6ee2caabc 52e459a551d4ac2d f28fb3d9880c5d4c 61ba7707ef6a5a99
258,acae1d29289b1266 d216e5458ad70e60 e5fb8dc5c9cb4a19 fb8bd6b95eb4702a e8b87ed7db1bcb1f 29bedd00fb2be056 8a5635c748344d47 197fa50b30d91fe8 60a070db9f1869b5 da7d3c2d591c4295 e8684734f2e587bd d63b7f083330247f 8bf446c0455e3c5c 20d283a232dfd13c 2901e5309bb3f8f6 8faeacf8ca08f62d b6e646c13d0753ae 3ca7964973437917 f46601a9955f9949 d5952b2e031c4e7e cc861214a89ef1f4 bd0f175ee98c613e 39075e303166355e ec4ef2f727e7a03f 61ba7707ef6a5a99 095bb1b6ecbd0a50 d5805cdb9e8f0f48 8fc68213b63951dc eec6b281e236b500 b3ad55963554f220
259,e1460af4a7044067 828f5dfbbf1272ee 939a1f686ea36c05 1d0f5fdc58e3efb5 95d25d38ba7df9c7 fb2ebcb5335ad2e2 bf973f9ec3600199 eab15ee21e126f6a 877672967d3f70bb 87c5481930cfe126 d16da1fb61813db9 96e82fa141db9a4b 9269d2b0d877352d 01b3da54ffb158a0 5ebb4d2f5f1c1f13 e228204ae08d1355 a860b682add9de1c ec1b3d7ccd3984d0 8566d15270eb5e83 4d7653ea9499eed4 0a79fabc6f5d93c9 061f3e1feeaa3094 4b05967001421eab e740c80fce094788 e878efab7c37179e 3cb6b40d377e7ca8 bd713b37b67866c3 522bd6887960c25d c36c2dce0e6e434f fb8bd6b95eb4702a
260,898a4921ab9f4cce d72363ddd958d906 316382267dcd804f 54f55c74d37db3c0 74e59c5820900b17 c08c3765ac609cc0 dac29ed8400b50cc ffc688c4c1c2a068 2359719a0f40ffac 6d80d2e62d01f6bc 44d324ebd3e22ad7 2810fb6f81d1711c f705b637f624147e 4d417b203b333363 e14a893f1918277e 0eafda717681bbdc bed3e73d52011f68 a9eef13786610446 2a06f5614060e3b6 05f23e7d05dbf7c2 42a5cae2a3a45557 050544c040f46152 8d58da0e1800dc96 65fac1ba1840000f 622f2e4119882c94 63d95d5977c2fe98 0d0368139e9a647f e7cad3748e50b0f8 00140806971e7a73 5b34da30b93eb123
261,a017f3358d5327aa f2b5098ac9c92da9 db7342eff9200020 f76f44d372517a9a 8df3f13d6af34cb3 ddf332f2b55a2a23 db69d4cbfef8d22f d64c06baf5ef1c90 bc27d5dc9bab1c18 c810ac016901e8ac 36d33c41812ce7dc 9cf6709de35bf0f3 18b1d2d84c97a364 f44f74b3451aa593 27a12f29dceccdbd 5570ef88d970e9b4 c5830f9d0f1e29e5 4c3802a1bd3c842e f2e30efbd27bee51 3734d3b0b9232538 cba7e22bb383083a bd0f175ee98c613e 26fc2a95df5659c2 059bbdbdb843af6a 1f4f62844c3cb99c 8f578001f9d5f543 016da874bd04df55 2e44fbb8bc3d8d71 39f6296778264878 c28bc62802b90f82
262,0fbd0f422e926816 73391e0853c1e040 0d0368139e9a647f 72403ecdfe02bba6 00140806971e7a73 387e9cd2e5d4ea7d d35e11d3d1ab3c67 b749972436ac9791 05f23e7d05dbf7c2 46b99f864d6a075a abf90e759d208468 5b16bae6a0de7c88 f58ff7f1a6cde683 09660f466b38b7ba f9c6286cff30aaa8 8d58da0e1800dc96 b29ab87af6ea6310 b6d0f83aad4e4dc7 01020d1b0821f4c7 e7cad3748e50b0f8 db7342eff9200020 a14394322cf7043d d46598813fb437e5 5b34da30b93eb123 f705b637f624147e 4a5ac473c9d176ba ac9ee0c09b538140 a9eef13786610446 5a1149fbcbd37376 64267373570e4ea3
263,49224aca40e6e5e3 922e625fae98b3b9 48cf88c17ff38c5e 18ced18aee04c48e 8df3f13d6af34cb3 828f5dfbbf1272ee 39075e303166355e 4d32dae7b43c489a 095bb1b6ecbd0a50 d5805cdb9e8f0f48 eec6b281e236b500 b3ad55963554f220 4491016efed845f1 e228204ae08d1355 24c47959ea77b15b db69d4cbfef8d22f 7f95168400948588 abf90e759d208468 955e465ce0788ea6 d7d937303a6d5a9d 3e66b4855d0dddbe 702d8f1064ab3e30 f48d0fbea7dc2782 b3e75fdca5ca2f1a de35d2410e916471 73f770f2643a2135 f58ff7f1a6cde683 09660f466b38b7ba ad06e9eeea8eb4ea e14a893f1918277e
264,2e4b00c01d58e79e 6899956cd6c683f0 6204e398d8c7f888 bee46c54461925d0 83f8f2fc471cad74 bfb8032f2183d471 050544c040f46152 4577ae048ef1967d 7c98dedd223b36c0 4bed80e56ea2e099 8643165b0f53df11 419b5dc40744fb9b 4535ce2e3dced00f 57113c2a4cacd961 b2ee9eea2d974c90 1d0f5fdc58e3efb5 b78189788d563693 4491016efed845f1 702d8f1064ab3e30 939a1f686ea36c05 e228204ae08d1355 db69d4cbfef8d22f 3e66b4855d0dddbe 964a50d33717c26d 855f2f0354e102c7 4d7653ea9499eed4 ce2fe99a7cda4a17 047769588be1aea9 18b1d2d84c97a364 96e82fa141db9a4b
265,96445bec1579ec97 964a50d33717c26d b24820ae14e16a24 feddfcf56818968e 6a3919ad9ed8197e 3c565c1fc2316d16 ced9c56f2be86774 9fbffc521da97c54 0bcaac840d5e66d7 5867d40811c0229f 781f4d0147aef776 447fc00f40d71d08 96e82fa141db9a4b ca43e349133fc0e3 b84b6c0b2e4d0306 3b4a85bac6ead3c8 a5f55580081236f4 83b911ff0ff45844 8566d15270eb5e83 285657fcdf89f00d 0a49074a4158155b 05e4165a56bf50eb ce0f56b7190c268a 9a0f5ee4f845c9b2 98dbd15aa33ebc18 f44f74b3451aa593 87c5481930cfe126 c49d8f84a4f87f8a f0d53dcf0c296b57 19b4014943e0ad92
266,dea5e9227fbbac29 d16da1fb61813db9 f44f74b3451aa593 98dbd15aa33ebc18 f105a53e5cfae611 70ebf53ced736fa4 f76f44d372517a9a ad06e9eeea8eb4ea 3734d3b0b9232538 87c5481930cfe126 db69d4cbfef8d22f c5830f9d0f1e29e5 9cf6709de35bf0f3 c015590d6a6fe833 4beacc71024f8b08 83f8f2fc471cad74 f2e30efbd27bee51 b6e646c13d0753ae 9fbffc521da97c54 9c9a9d45c2ea7ddf c143c095983a65c2 133b04350c75770b 4d9214c0925e5af8 5430097e23000368 a017f3358d5327aa 26140b225c4f8d3f bb7515be835dea49 95ecdbff44ad0b60 1dc7139adba034ec d73a65673e3f1d78
267,5430097e23000368 e5fb8dc5c9cb4a19 20d283a232dfd13c 29bedd00fb2be056 197fa50b30d91fe8 64b31699d7d15934 0db6584e3bdfa1c4 acae1d29289b1266 2901e5309bb3f8f6 8faeacf8ca08f62d f46601a9955f9949 cc861214a89ef1f4 24e582daf6f87158 bd0f175ee98c613e 39075e303166355e ec4ef2f727e7a03f 61ba7707ef6a5a99 095bb1b6ecbd0a50 d5805cdb9e8f0f48 8fc68213b63951dc eec6b281e236b500 b3ad55963554f220 4491016efed845f1 393f49286db04aeb 430feb4826a5632e 9f27aa36c1ea793c 955e465ce0788ea6 a813c15b46ceaf68 26fc2a95df5659c2 bb7515be835dea49
268,e5fb8dc5c9cb4a19 b8e2f75014710ced da904d2a54ff8cf2 d64c06baf5ef1c90 3d93a60f990a0a7c b78189788d563693 238ec735a13a3f09 c810ac016901e8ac 36d33c41812ce7dc d6ed7e4b14c51296 46315cf30aaee51c 52e459a551d4ac2d 61ba7707ef6a5a99 39f6296778264878 2b48ab08c915c0ad 453bc79164d57a01 7d83ffe83f61bdc4 e7828f0ea9749505 b0bfe0f426275870 976baf0e84752a68 b7d7d9ae1cbe0d8a 7cea1f637ea3f37d da011b87595c1019 8dc313a2cf9da354 047769588be1aea9 9c9a9d45c2ea7ddf 27a12f29dceccdbd d64c7c3b658689f4 0eb4de784c8dd679 74873b42602d8958
269,155600e5f1221f8c ecb768ef6fd223ca 2820628e65a062e2 6461a9faa871b3ac 190ab585fd379f0f bd9cd6b87a4fe0ce 7cea1f637ea3f37d 1a8e5d6512d9e2d8 61ba7707ef6a5a99 120e745e2961b5d5 976baf0e84752a68 4d29c6922b2d0d56 74873b42602d8958 d216e5458ad70e60 e8ad5e31484ef889 b0b5e62a93a2c37c 628accd9be98503c 5c4b7558c942a224 8abe670908f12614 6a9aa1bd93e36e66 07f22a7ad7e4711d 1d72229ebcc00faf aa967ad3c1f65a29 24e582daf6f87158 bb7515be835dea49 3c565c1fc2316d16 20d283a232dfd13c 24c47959ea77b15b a60934e6b473097a 3e66b4855d0dddbe
270,587e0b2a4811fab1 a853f13216170123 4b29fc21f912754d a982b5c3aed39396 5b4c879fc9c316fb 3c565c1fc2316d16 24c47959ea77b15b 3e66b4855d0dddbe f48d0fbea7dc2782 cc507a0d6fcf4a1c 66ccd03c9e03ac06 a76ffccd2f5df1a7 62431fd374eb99fb 0f4c71d341e2d939 cea18be9a89d7a81 172bc0ee09332ae9 b6e72edcad270be0 4f2fffd7528de786 666bdff4faa513ca a2c35fdf07a13286 4d954d933e606b70 ddf332f2b55a2a23 07f22a7ad7e4711d 6406fcdb7d87b5dc 999a52f1d301247c c31a456b544a40a8 238de368bb05c0ec 486dd77002936dec 404031ab9d5977c4 f76f44d372517a9a
271,b50b4e27b03c7b37 50ba507a268872e1 ee3ed9a3f51336cd 8dc313a2cf9da354 5a1149fbcbd37376 0cd920bad11c716d 5057551fc55e9ed2 da904d2a54ff8cf2 d6ed7e4b14c51296 00d9f8d3f7d412b3 2b48ab08c915c0ad 83f8aca6ee2caabc 52e459a551d4ac2d 61ba7707ef6a5a99 d72363ddd958d906 af8e70f978cd5aee 26f72a4eb15ea8c0 453bc79164d57a01 9f27aa36c1ea793c e7828f0ea9749505 7cea1f637ea3f37d 6461a9faa871b3ac b0b5e62a93a2c37c 37001ade0df85823 9c9a9d45c2ea7ddf a1314cd417504572 22e8d6734e4121ae 055d895a3b26e466 4b8c7061102517ef 7c9248ed6224aa26
272,a2805ed52b47b8ec feddfcf56818968e 5d26da95786b3a3a 83b911ff0ff45844 64c2e323906b42d3 2e4b00c01d58e79e 964a50d33717c26d d1e21234d7cc61d2 5430097e23000368 b1dcaca98bb76736 ce2fe99a7cda4a17 ba5199dba342af68 e25a1da6ca187350 e403278468d84383 01b3da54ffb158a0 ec1b3d7ccd3984d0 ac9ee0c09b538140 1fe79c7de59ff6c6 4bed80e56ea2e099 3c0873ce078d332b e8b87ed7db1bcb1f 8643165b0f53df11 50806199c80e215c 0a79fabc6f5d93c9 061f3e1feeaa3094 ca4de5b8a7bda9df 1dc7139adba034ec 055d895a3b26e466 3cb6b40d377e7ca8 bd713b37b67866c3
273,765c0695339c3abe dc576af4ae66e25e 892074f7c1ef5d5e bc2552a642ce8497 26140b225c4f8d3f 6899956cd6c683f0 4f915ad69e1dca36 26fc2a95df5659c2 016da874bd04df55 39f6296778264878 c28bc62802b90f82 025a148c3a53bd9f c49d8f84a4f87f8a 74244a8703c03720 4535ce2e3dced00f d64c06baf5ef1c90 24e582daf6f87158 3d93a60f990a0a7c c143c095983a65c2 d16da1fb61813db9 bf3ccaba4a3450a8 bc27d5dc9bab1c18 c810ac016901e8ac 36d33c41812ce7dc 18b1d2d84c97a364 cc861214a89ef1f4 3c565c1fc2316d16 e5fb8dc5c9cb4a19 fab14d178b24a67f 9c9a9d45c2ea7ddf
274,ced9c56f2be86774 942a7d26d81c841f 939a1f686ea36c05 09bbaa171c20bae3 ec1b3d7ccd3984d0 a5d5ba33b5b1dc95 0a79fabc6f5d93c9 5c8c6d9a1fd4c1e0 4491016efed845f1 eec6b281e236b500 abf90e759d208468 702d8f1064ab3e30 af41e2b6da3e7e02 e228204ae08d1355 4d29c6922b2d0d56 db69d4cbfef8d22f c6b615b2589e036d 60a070db9f1869b5 e14a893f1918277e 366a22fce0614fb8 c5830f9d0f1e29e5 3e66b4855d0dddbe bb7515be835dea49 b29ab87af6ea6310 77e2f7da1f9d3a8f 1dc7139adba034ec 39075e303166355e 050544c040f46152 7c98dedd223b36c0 ddb3810e0289c148
275,da904d2a54ff8cf2 ba5199dba342af68 e25a1da6ca187350 e403278468d84383 1fe79c7de59ff6c6 3c0873ce078d332b e8b87ed7db1bcb1f 83b911ff0ff45844 ca4de5b8a7bda9df 1dc7139adba034ec 5430097e23000368 d1e21234d7cc61d2 4483bbdd3241f11a 9a0f5ee4f845c9b2 a017f3358d5327aa 3a6e7894dde31c67 6899956cd6c683f0 d73a65673e3f1d78 128d583954b18074 c1f2e3a76d388944 00e1e2eb13f650e4 702d8f1064ab3e30 3986b68500d7704b ae94d8435a6847f4 ff88049e61f0f4ef e0269da736ddf004 bd713b37b67866c3 fd30682593995748 2a06f5614060e3b6 3fa57d488e979d74
276,6e239f4dd4b6aed7 0c15f252d30646fc 1a05ef8c93af8eed 63d509cd2a2e0e47 e8b87ed7db1bcb1f c11b97f245a9dfd0 24e582daf6f87158 5430097e23000368 3c565c1fc2316d16 20d283a232dfd13c 24c47959ea77b15b a60934e6b473097a 6899956cd6c683f0 3e66b4855d0dddbe f48d0fbea7dc2782 bd713b37b67866c3 522bd6887960c25d 81b639b74256b45b c015590d6a6fe833 64b31699d7d15934 9fda36f260eec24e 0db6584e3bdfa1c4 b9d966ad9e04127a 3b6d27775fce1c7b 4b29fc21f912754d 66ccd03c9e03ac06 a76ffccd2f5df1a7 62431fd374eb99fb 5897953fdf87b60f 0f4c71d341e2d939
277,83f8f2fc471cad74 f46601a9955f9949 24e582daf6f87158 a76ffccd2f5df1a7 09bbaa171c20bae3 62431fd374eb99fb 27bc34b9887bec0d 8fc68213b63951dc 96e82fa141db9a4b 393f49286db04aeb a813c15b46ceaf68 0db6584e3bdfa1c4 942a7d26d81c841f f29eee8054c061e1 d6ed7e4b14c51296 069e7e25e43deab3 73391e0853c1e040 796888cc3443006c daa257a37227cd72 4beacc71024f8b08 59bf6d6df9146d60 5fb2d8e734956af0 976baf0e84752a68 3c565c1fc2316d16 20d283a232dfd13c 24c47959ea77b15b a60934e6b473097a 3e66b4855d0dddbe f48d0fbea7dc2782 bd713b37b67866c3
278,3a6e7894dde31c67 d1e21234d7cc61d2 033d905aec273595 f44f74b3451aa593 87c5481930cfe126 f76f44d372517a9a 1d0f5fdc58e3efb5 f25bfcffedaccf28 72b80b099fd64ec4 e1460af4a7044067 d216e5458ad70e60 5b4c879fc9c316fb 3c565c1fc2316d16 2e4b00c01d58e79e 01b3da54ffb158a0 ec1b3d7ccd3984d0 828f5dfbbf1272ee 4d32dae7b43c489a 70ebf53ced736fa4 939a1f686ea36c05 16b11706660177ff e228204ae08d1355 24c47959ea77b15b db69d4cbfef8d22f 7f95168400948588 0a79fabc6f5d93c9 061f3e1feeaa3094 447fc00f40d71d08 d7d937303a6d5a9d a60934e6b473097a
279,5057551fc55e9ed2 ee3ed9a3f51336cd 5a1149fbcbd37376 4c0eee2c1a5e76e2 7c9248ed6224aa26 d6bbbd6c4968075a 26f72a4eb15ea8c0 0451447dd64f6284 bbbd5d2fd957e8f7 3d93a60f990a0a7c 50ba507a268872e1 ec4ef2f727e7a03f b78189788d563693 dac29ed8400b50cc 26fc2a95df5659c2 5b16bae6a0de7c88 a04d6febd82a4389 1f4f62844c3cb99c 8f578001f9d5f543 fc16a50ff0baec53 016da874bd04df55 46315cf30aaee51c 025a148c3a53bd9f 74244a8703c03720 9f4e0d572b1f4e6c 8dc313a2cf9da354 8b7c486a910dd004 c606425856952286 9100ea6cd0e084bf e878efab7c37179e
280,b6d0f83aad4e4dc7 f58ff7f1a6cde683 e14a893f1918277e db7342eff9200020 8dc313a2cf9da354 0cd920bad11c716d e7cad3748e50b0f8 72403ecdfe02bba6 0b0021aa60d05daa 0fbd0f422e926816 ffc688c4c1c2a068 a017f3358d5327aa 377c1150c781e37a e5fb8dc5c9cb4a19 29bedd00fb2be056 cc861214a89ef1f4 61ba7707ef6a5a99 5430097e23000368 197fa50b30d91fe8 9f27aa36c1ea793c acae1d29289b1266 2901e5309bb3f8f6 8faeacf8ca08f62d f46601a9955f9949 f44f74b3451aa593 87c5481930cfe126 bd0f175ee98c613e 39075e303166355e ec4ef2f727e7a03f 095bb1b6ecbd0a50
281,b78189788d563693 da904d2a54ff8cf2 46315cf30aaee51c 39f6296778264878 2b48ab08c915c0ad d64c06baf5ef1c90 3d93a60f990a0a7c 238ec735a13a3f09 c810ac016901e8ac 36d33c41812ce7dc b0bfe0f426275870 b7d7d9ae1cbe0d8a 7cea1f637ea3f37d da011b87595c1019 8dc313a2cf9da354 d6ed7e4b14c51296 047769588be1aea9 9c9a9d45c2ea7ddf 27a12f29dceccdbd 52e459a551d4ac2d d64c7c3b658689f4 61ba7707ef6a5a99 0eb4de784c8dd679 74873b42602d8958 0cd920bad11c716d 055d895a3b26e466 7c9248ed6224aa26 453bc79164d57a01 7d83ffe83f61bdc4 b6cdb608f640e038
282,0683b6a78f54be75 5430097e23000368 49b5678e0d1e5bcd db0e648651f4c92b 7e4a4a1300b77a06 ae77487a89f2610c 7d83ffe83f61bdc4 bbbd5d2fd957e8f7 d257d1fbcf43abd5 d92c0298f76ccf77 35488b3b8b781278 42a5cae2a3a45557 2b48ab08c915c0ad 238ec735a13a3f09 1ba7a50457e93996 d6ed7e4b14c51296 2820628e65a062e2 e7828f0ea9749505 6461a9faa871b3ac ee3ed9a3f51336cd 4d9214c0925e5af8 e36475c1af5ea3ab 0220a434aa8bf029 24e582daf6f87158 3c565c1fc2316d16 20d283a232dfd13c 24c47959ea77b15b a60934e6b473097a 3e66b4855d0dddbe f48d0fbea7dc2782
283,bf973f9ec3600199 ca4de5b8a7bda9df ba5199dba342af68 e25a1da6ca187350 e403278468d84383 1fe79c7de59ff6c6 3c0873ce078d332b e8b87ed7db1bcb1f 83b911ff0ff45844 1dc7139adba034ec 3b6d27775fce1c7b 4d954d933e606b70 d1e21234d7cc61d2 ec1b3d7ccd3984d0 939a1f686ea36c05 a18df74d3a16e9c0 0a79fabc6f5d93c9 e8ad5e31484ef889 12af6a34778710db 2cebd52b41930f0a 9269d2b0d877352d 8a5635c748344d47 60a070db9f1869b5 5c8c6d9a1fd4c1e0 b05b5f6850cfa158 42bb83d7c4b9ecae bc2ae5f4e5d53e00 3734d3b0b9232538 5430097e23000368 88b62355670ec8f8
284,db0e648651f4c92b 49b5678e0d1e5bcd 5430097e23000368 7e4a4a1300b77a06 0220a434aa8bf029 ae77487a89f2610c 0c15f252d30646fc 7d83ffe83f61bdc4 bbbd5d2fd957e8f7 9c9ebf71707d7a37 0add47a043c64d7f 42a5cae2a3a45557 2b48ab08c915c0ad 20d283a232dfd13c aa0789b403bcd839 238ec735a13a3f09 1ba7a50457e93996 d6ed7e4b14c51296 393f49286db04aeb abf90e759d208468 0db6584e3bdfa1c4 6c017e548aa138f2 2820628e65a062e2 e7828f0ea9749505 6461a9faa871b3ac c015590d6a6fe833 d257d1fbcf43abd5 ee3ed9a3f51336cd 4d9214c0925e5af8 d92c0298f76ccf77
285,d216e5458ad70e60 e8ad5e31484ef889 07f22a7ad7e4711d 6a9aa1bd93e36e66 1d72229ebcc00faf 4b29fc21f912754d a853f13216170123 3c565c1fc2316d16 24c47959ea77b15b 3e66b4855d0dddbe 666bdff4faa513ca f48d0fbea7dc2782 aa967ad3c1f65a29 1d0f5fdc58e3efb5 b78189788d563693 5b4c879fc9c316fb 66ccd03c9e03ac06 a76ffccd2f5df1a7 62431fd374eb99fb 0f4c71d341e2d939 cea18be9a89d7a81 172bc0ee09332ae9 b6e72edcad270be0 a2c35fdf07a13286 4d954d933e606b70 ddf332f2b55a2a23 6406fcdb7d87b5dc 999a52f1d301247c c31a456b544a40a8 047769588be1aea9
286,fd57e641d06ebda7 da904d2a54ff8cf2 d64c06baf5ef1c90 3d93a60f990a0a7c 238ec735a13a3f09 36d33c41812ce7dc c810ac016901e8ac 5430097e23000368 cc861214a89ef1f4 e5fb8dc5c9cb4a19 d6ed7e4b14c51296 b8e2f75014710ced 00d9f8d3f7d412b3 83f8aca6ee2caabc 52e459a551d4ac2d f28fb3d9880c5d4c 61ba7707ef6a5a99 db0e648651f4c92b d72363ddd958d906 7e4a4a1300b77a06 af8e70f978cd5aee 6e1b6b53c9710940 2bafd15871caae91 ae77487a89f2610c 453bc79164d57a01 7d83ffe83f61bdc4 9f27aa36c1ea793c e7828f0ea9749505 6461a9faa871b3ac ee3ed9a3f51336cd
287,c11b97f245a9dfd0 5430097e23000368 3b6d27775fce1c7b fd57e641d06ebda7 da904d2a54ff8cf2 0195950ce0f47e34 d64c06baf5ef1c90 3d93a60f990a0a7c 238ec735a13a3f09 36d33c41812ce7dc c810ac016901e8ac cc861214a89ef1f4 e5fb8dc5c9cb4a19 d6ed7e4b14c51296 b8e2f75014710ced 00d9f8d3f7d412b3 83f8aca6ee2caabc 52e459a551d4ac2d f28fb3d9880c5d4c 61ba7707ef6a5a99 db0e648651f4c92b d72363ddd958d906 7e4a4a1300b77a06 af8e70f978cd5aee 6e1b6b53c9710940 2bafd15871caae91 ae77487a89f2610c 453bc79164d57a01 7d83ffe83f61bdc4 9f27aa36c1ea793c
288,3986b68500d7704b a853f13216170123 26140b225c4f8d3f 4b29fc21f912754d ae77487a89f2610c 486dd77002936dec 12af6a34778710db 5b4c879fc9c316fb 3c565c1fc2316d16 ad06e9eeea8eb4ea 40583079f57235a6 bb7515be835dea49 24c47959ea77b15b 3e66b4855d0dddbe f48d0fbea7dc2782 413c55a5ab86881a 58654e3143c6550b da904d2a54ff8cf2 4577ae048ef1967d b6e646c13d0753ae 3ca7964973437917 148ac4a56a18844d 0bcaac840d5e66d7 52370bea1acd0600 2e031d83339759b2 50cb6a6c60ad711a cc507a0d6fcf4a1c 66ccd03c9e03ac06 d64c06baf5ef1c90 3d93a60f990a0a7c
289,f46601a9955f9949 8fc68213b63951dc 393f49286db04aeb a813c15b46ceaf68 2901e5309bb3f8f6 0eafda717681bbdc 942a7d26d81c841f 01020d1b0821f4c7 0db6584e3bdfa1c4 e5fb8dc5c9cb4a19 796888cc3443006c d46598813fb437e5 daa257a37227cd72 29bedd00fb2be056 33856365c271aea4 59bf6d6df9146d60 5fb2d8e734956af0 197fa50b30d91fe8 005666aa098abe8e bb7515be835dea49 24e582daf6f87158 d6ed7e4b14c51296 acae1d29289b1266 20d283a232dfd13c 8faeacf8ca08f62d cc861214a89ef1f4 976baf0e84752a68 bd0f175ee98c613e 39075e303166355e ec4ef2f727e7a03f
290,3fa57d488e979d74 d92c0298f76ccf77 1ba7a50457e93996 65fac1ba1840000f c6b615b2589e036d 4fe9e4e55585ba4b 4b29fc21f912754d a853f13216170123 3c565c1fc2316d16 d257d1fbcf43abd5 ae77487a89f2610c 24c47959ea77b15b 3e66b4855d0dddbe f48d0fbea7dc2782 49b5678e0d1e5bcd 5b4c879fc9c316fb 5430097e23000368 4d954d933e606b70 db0e648651f4c92b 07f22a7ad7e4711d 7e4a4a1300b77a06 66ccd03c9e03ac06 43c354dbf952caaa 7d83ffe83f61bdc4 a76ffccd2f5df1a7 4d9214c0925e5af8 62431fd374eb99fb 0f4c71d341e2d939 cea18be9a89d7a81 172bc0ee09332ae9
291,bd713b37b67866c3 20d283a232dfd13c 64b31699d7d15934 ec4ef2f727e7a03f 3d93a60f990a0a7c 430feb4826a5632e 2810fb6f81d1711c a04d6febd82a4389 1f4f62844c3cb99c 46315cf30aaee51c 6c017e548aa138f2 025a148c3a53bd9f 90ecb28f2edb9d43 0688c790d5806540 5430097e23000368 09bbaa171c20bae3 047769588be1aea9 24e582daf6f87158 f44f74b3451aa593 87c5481930cfe126 a14394322cf7043d 3c565c1fc2316d16 24c47959ea77b15b 6cb9ab508a0678a0 a60934e6b473097a 3e66b4855d0dddbe f48d0fbea7dc2782 522bd6887960c25d 81b639b74256b45b c015590d6a6fe833
292,316382267dcd804f 976baf0e84752a68 d72363ddd958d906 fc8971756f9ec194 26fc2a95df5659c2 3d93a60f990a0a7c e5fb8dc5c9cb4a19 d64c06baf5ef1c90 c810ac016901e8ac 36d33c41812ce7dc 016da874bd04df55 c606425856952286 025a148c3a53bd9f 27a12f29dceccdbd cc861214a89ef1f4 74244a8703c03720 a14394322cf7043d 4c3802a1bd3c842e 1f4f62844c3cb99c 8f578001f9d5f543 b3e75fdca5ca2f1a de35d2410e916471 6c017e548aa138f2 c6b615b2589e036d 20d283a232dfd13c c28bc62802b90f82 9c9a9d45c2ea7ddf 0eafda717681bbdc 8b7c486a910dd004 65d44c6393907290
293,7cea1f637ea3f37d 2820628e65a062e2 cc861214a89ef1f4 155600e5f1221f8c fab14d178b24a67f af8e70f978cd5aee ecb768ef6fd223ca 4105533fe46dfba9 6a3919ad9ed8197e 9f4e0d572b1f4e6c 059bbdbdb843af6a 05e4165a56bf50eb 628accd9be98503c 4b8c7061102517ef ec4ef2f727e7a03f 50ba507a268872e1 354d7a327bbcc152 26fc2a95df5659c2 61ba7707ef6a5a99 a04d6febd82a4389 1f4f62844c3cb99c 6461a9faa871b3ac 8f578001f9d5f543 46315cf30aaee51c 538c7bb968b2154c 2bafd15871caae91 0cd920bad11c716d 54a11cbcd7a32af4 4d29c6922b2d0d56 190ab585fd379f0f
294,d64c06baf5ef1c90 c810ac016901e8ac 36d33c41812ce7dc 3d93a60f990a0a7c 1f4f62844c3cb99c 025a148c3a53bd9f bc27d5dc9bab1c18 18b1d2d84c97a364 cba7e22bb383083a 27a12f29dceccdbd 5570ef88d970e9b4 4c3802a1bd3c842e a14394322cf7043d 059bbdbdb843af6a 01104a026d22ae55 cc861214a89ef1f4 bd0f175ee98c613e e5fb8dc5c9cb4a19 b8e2f75014710ced 6cb9ab508a0678a0 00d9f8d3f7d412b3 83f8aca6ee2caabc f28fb3d9880c5d4c d72363ddd958d906 6e1b6b53c9710940 2bafd15871caae91 26fc2a95df5659c2 ec4ef2f727e7a03f 453bc79164d57a01 8f578001f9d5f543
295,a84cd36608cb8665 537a55eda51a3f60 451e7ba901ad661d 190ab585fd379f0f 2b48ab08c915c0ad da904d2a54ff8cf2 c03b11a0cdc3fa39 0b774cf90856c4da 2bafd15871caae91 7c9248ed6224aa26 65254e0d209fd66e 9f27aa36c1ea793c 8dc313a2cf9da354 fd30682593995748 d6ed7e4b14c51296 52e459a551d4ac2d 61ba7707ef6a5a99 453bc79164d57a01 e7828f0ea9749505 9d5edf3b993fee50 120e745e2961b5d5 d64c06baf5ef1c90 3d93a60f990a0a7c 9a439fd1abf95245 781aaf62a955e4e8 4483bbdd3241f11a cec2eea2a1fe566a 238ec735a13a3f09 7cea1f637ea3f37d 36d33c41812ce7dc
296,73391e0853c1e040 24e582daf6f87158 0fbd0f422e926816 d6ed7e4b14c51296 0db6584e3bdfa1c4 f46601a9955f9949 0d0368139e9a647f 8fc68213b63951dc 72403ecdfe02bba6 00140806971e7a73 976baf0e84752a68 393f49286db04aeb a813c15b46ceaf68 387e9cd2e5d4ea7d d35e11d3d1ab3c67 b749972436ac9791 942a7d26d81c841f 05f23e7d05dbf7c2 46b99f864d6a075a abf90e759d208468 5b16bae6a0de7c88 796888cc3443006c daa257a37227cd72 f58ff7f1a6cde683 09660f466b38b7ba 3c565c1fc2316d16 f9c6286cff30aaa8 8d58da0e1800dc96 b29ab87af6ea6310 b6d0f83aad4e4dc7
297,e461837f0fb35048 c143c095983a65c2 65254e0d209fd66e c03b11a0cdc3fa39 4535ce2e3dced00f f105a53e5cfae611 4f915ad69e1dca36 70ebf53ced736fa4 72c2a95813ea72bd ad06e9eeea8eb4ea 7b81f1f2b6ec2e5f dea5e9227fbbac29 4beacc71024f8b08 9c9a9d45c2ea7ddf 133b04350c75770b 4d9214c0925e5af8 5430097e23000368 26140b225c4f8d3f da904d2a54ff8cf2 d64c06baf5ef1c90 3d93a60f990a0a7c 238ec735a13a3f09 c810ac016901e8ac 36d33c41812ce7dc cc861214a89ef1f4 e5fb8dc5c9cb4a19 d6ed7e4b14c51296 b8e2f75014710ced 00d9f8d3f7d412b3 83f8aca6ee2caabc
298,39075e303166355e 5570ef88d970e9b4 430feb4826a5632e ae94d8435a6847f4 09bbaa171c20bae3 39f6296778264878 27bc34b9887bec0d bf3ccaba4a3450a8 2901e5309bb3f8f6 e5fb8dc5c9cb4a19 bd0f175ee98c613e 65fac1ba1840000f da011b87595c1019 26fc2a95df5659c2 1f4f62844c3cb99c 8f578001f9d5f543 fc16a50ff0baec53 351c9da399c2b915 d64c06baf5ef1c90 c28bc62802b90f82 47fbe21f5c35c7b4 bc27d5dc9bab1c18 bed3e73d52011f68 c810ac016901e8ac 36d33c41812ce7dc 18b1d2d84c97a364 27a12f29dceccdbd cc861214a89ef1f4 9100ea6cd0e084bf 40583079f57235a6
299,db0e648651f4c92b 49b5678e0d1e5bcd 5430097e23000368 7e4a4a1300b77a06 0220a434aa8bf029 ae77487a89f2610c 0c15f252d30646fc 7d83ffe83f61bdc4 bbbd5d2fd957e8f7 9c9ebf71707d7a37 0add47a043c64d7f 42a5cae2a3a45557 2b48ab08c915c0ad aa0789b403bcd839 238ec735a13a3f09 1ba7a50457e93996 d6ed7e4b14c51296 2820628e65a062e2 e7828f0ea9749505 6461a9faa871b3ac d257d1fbcf43abd5 ee3ed9a3f51336cd 4d9214c0925e5af8 d92c0298f76ccf77 0683b6a78f54be75 e36475c1af5ea3ab 35488b3b8b781278 bb7515be835dea49 95ecdbff44ad0b60 c5830f9d0f1e29e5
300,83f8aca6ee2caabc fc8971756f9ec194 d72363ddd958d906 0b774cf90856c4da 316382267dcd804f 9f27aa36c1ea793c 2b48ab08c915c0ad b29ab87af6ea6310 00ff646ca6637bd7 fab14d178b24a67f 7c9248ed6224aa26 238ec735a13a3f09 36d33c41812ce7dc c810ac016901e8ac 120e745e2961b5d5 fc21db75b354a917 fd30682593995748 d6bbbd6c4968075a 451e7ba901ad661d 537a55eda51a3f60 64907c4568244eb4 c015590d6a6fe833 b8e2f75014710ced ddf332f2b55a2a23 83f8f2fc471cad74 27888817db122597 a84cd36608cb8665 453bc79164d57a01 b760ebc5f25788d3 9d5edf3b993fee50
301,0683b6a78f54be75 d257d1fbcf43abd5 d92c0298f76ccf77 35488b3b8b781278 5f94b027039f4e48 0688c790d5806540 ebfda3b48083e390 58654e3143c6550b 148ac4a56a18844d 4dba7ce835494a63 25a3b47fe31bc6b5 5430097e23000368 3a6e7894dde31c67 da904d2a54ff8cf2 d64c06baf5ef1c90 3d93a60f990a0a7c 238ec735a13a3f09 c810ac016901e8ac 36d33c41812ce7dc cc861214a89ef1f4 e5fb8dc5c9cb4a19 d6ed7e4b14c51296 b8e2f75014710ced 00d9f8d3f7d412b3 83f8aca6ee2caabc 52e459a551d4ac2d f28fb3d9880c5d4c 61ba7707ef6a5a99 db0e648651f4c92b d72363ddd958d906
302,20d283a232dfd13c 7ee52d2519eea367 ec4ef2f727e7a03f 42bb83d7c4b9ecae bd713b37b67866c3 a04d6febd82a4389 1f4f62844c3cb99c 46315cf30aaee51c 64b31699d7d15934 025a148c3a53bd9f 9fda36f260eec24e 3d93a60f990a0a7c 24e582daf6f87158 047769588be1aea9 430feb4826a5632e 20db73cf07a45f71 0688c790d5806540 2810fb6f81d1711c 6c017e548aa138f2 05e4165a56bf50eb 64c2e323906b42d3 3c565c1fc2316d16 24c47959ea77b15b a60934e6b473097a 90ecb28f2edb9d43 3e66b4855d0dddbe f48d0fbea7dc2782 a14394322cf7043d 522bd6887960c25d 2e4b00c01d58e79e
303,0fbd0f422e926816 0d0368139e9a647f 00140806971e7a73 05f23e7d05dbf7c2 73391e0853c1e040 b749972436ac9791 e7cad3748e50b0f8 c08c3765ac609cc0 72403ecdfe02bba6 f705b637f624147e 8d58da0e1800dc96 f58ff7f1a6cde683 387e9cd2e5d4ea7d d35e11d3d1ab3c67 a9eef13786610446 46b99f864d6a075a 4a5ac473c9d176ba 54f55c74d37db3c0 5b34da30b93eb123 63d95d5977c2fe98 abf90e759d208468 5b16bae6a0de7c88 01020d1b0821f4c7 09660f466b38b7ba 74e59c5820900b17 70776cdd9bb3b7d4 f9c6286cff30aaa8 b29ab87af6ea6310 b6d0f83aad4e4dc7 dac29ed8400b50cc
304,285657fcdf89f00d 24e582daf6f87158 3a6e7894dde31c67 c015590d6a6fe833 3b6d27775fce1c7b 4f915ad69e1dca36 52370bea1acd0600 50cb6a6c60ad711a 8dedff0a79784abc 7c8324ce28ffb96e c143c095983a65c2 0f33ce8d8014f308 28a2067685cb3e97 e9c20b67a4c5395f f25bfcffedaccf28 35488b3b8b781278 72b80b099fd64ec4 0451447dd64f6284 b6a1c97f19af78d0 16b11706660177ff 7f95168400948588 3c565c1fc2316d16 5547f9f1638ac345 ca43e349133fc0e3 24c47959ea77b15b 19e8f436d4b2fc25 2cebd52b41930f0a a60934e6b473097a 3e66b4855d0dddbe f48d0fbea7dc2782
305,bb7515be835dea49 c5830f9d0f1e29e5 95ecdbff44ad0b60 c015590d6a6fe833 83f8f2fc471cad74 1dc7139adba034ec b6e646c13d0753ae 9fbffc521da97c54 f44f74b3451aa593 87c5481930cfe126 da904d2a54ff8cf2 d64c06baf5ef1c90 3d93a60f990a0a7c 238ec735a13a3f09 c810ac016901e8ac 36d33c41812ce7dc 5430097e23000368 cc861214a89ef1f4 e5fb8dc5c9cb4a19 d6ed7e4b14c51296 b8e2f75014710ced 00d9f8d3f7d412b3 83f8aca6ee2caabc 52e459a551d4ac2d f28fb3d9880c5d4c 61ba7707ef6a5a99 db0e648651f4c92b d72363ddd958d906 7e4a4a1300b77a06 af8e70f978cd5aee
306,2b48ab08c915c0ad 238ec735a13a3f09 7d83ffe83f61bdc4 bbbd5d2fd957e8f7 e7828f0ea9749505 6461a9faa871b3ac ee3ed9a3f51336cd 49b5678e0d1e5bcd 5430097e23000368 00d9f8d3f7d412b3 db0e648651f4c92b 7e4a4a1300b77a06 ae77487a89f2610c 9f27aa36c1ea793c 451e7ba901ad661d 74873b42602d8958 428f9363fa35882d 976baf0e84752a68 fd30682593995748 8abe670908f12614 42a5cae2a3a45557 4483bbdd3241f11a 1ba7a50457e93996 d6ed7e4b14c51296 2820628e65a062e2 d257d1fbcf43abd5 4d9214c0925e5af8 d92c0298f76ccf77 0683b6a78f54be75 e36475c1af5ea3ab
307,04886579947a80c2 ce8cb4351b8c0f6e 1d0f5fdc58e3efb5 b78189788d563693 9ab90dfc5c9b0b37 3c565c1fc2316d16 047769588be1aea9 666bdff4faa513ca 447fc00f40d71d08 8566d15270eb5e83 3b4a85bac6ead3c8 0683b6a78f54be75 acae1d29289b1266 a14394322cf7043d 7f29daa16b9b4cda bb7515be835dea49 01b3da54ffb158a0 a04d6febd82a4389 ec1b3d7ccd3984d0 f58ff7f1a6cde683 0a79fabc6f5d93c9 061f3e1feeaa3094 3cb6b40d377e7ca8 bd713b37b67866c3 522bd6887960c25d fb8bd6b95eb4702a 25145708d494530b 54f55c74d37db3c0 538c7bb968b2154c 19e8f436d4b2fc25
308,18ced18aee04c48e 09bbaa171c20bae3 27bc34b9887bec0d da904d2a54ff8cf2 d64c06baf5ef1c90 3d93a60f990a0a7c bb7515be835dea49 238ec735a13a3f09 36d33c41812ce7dc c810ac016901e8ac 5430097e23000368 cc861214a89ef1f4 e5fb8dc5c9cb4a19 d6ed7e4b14c51296 b8e2f75014710ced 00d9f8d3f7d412b3 83f8aca6ee2caabc 52e459a551d4ac2d f28fb3d9880c5d4c 61ba7707ef6a5a99 db0e648651f4c92b d72363ddd958d906 7e4a4a1300b77a06 af8e70f978cd5aee 6e1b6b53c9710940 2bafd15871caae91 ae77487a89f2610c 453bc79164d57a01 7d83ffe83f61bdc4 9f27aa36c1ea793c
309,453bc79164d57a01 055d895a3b26e466 4b8c7061102517ef e7828f0ea9749505 fd30682593995748 4c0eee2c1a5e76e2 26f72a4eb15ea8c0 bbbd5d2fd957e8f7 5057551fc55e9ed2 0451447dd64f6284 5430097e23000368 da904d2a54ff8cf2 d64c06baf5ef1c90 3d93a60f990a0a7c 238ec735a13a3f09 c810ac016901e8ac 36d33c41812ce7dc cc861214a89ef1f4 e5fb8dc5c9cb4a19 d6ed7e4b14c51296 b8e2f75014710ced 00d9f8d3f7d412b3 83f8aca6ee2caabc 52e459a551d4ac2d f28fb3d9880c5d4c 61ba7707ef6a5a99 db0e648651f4c92b d72363ddd958d906 7e4a4a1300b77a06 af8e70f978cd5aee
310,249bf372159f33e9 8e83d05923cde390 0c15f252d30646fc 9c9ebf71707d7a37 b84b6c0b2e4d0306 a0b1f4dd32f3e278 9fbffc521da97c54 3e8e56f639a5db5b 1dc7139adba034ec 7eec211cc37a1b05 72c2a95813ea72bd 069e7e25e43deab3 6aac5e116b75aa22 106204cd0e07e1b2 d1e21234d7cc61d2 dc17b07476183764 f44f74b3451aa593 87c5481930cfe126 6899956cd6c683f0 5430097e23000368 0195950ce0f47e34 00e1e2eb13f650e4 9a0f5ee4f845c9b2 4d7653ea9499eed4 52370bea1acd0600 0bcaac840d5e66d7 702d8f1064ab3e30 bd713b37b67866c3 3986b68500d7704b 3fa57d488e979d74
311,2e031d83339759b2 f2e30efbd27bee51 447fc00f40d71d08 24e582daf6f87158 3734d3b0b9232538 90ecb28f2edb9d43 3c565c1fc2316d16 73f770f2643a2135 538c7bb968b2154c 24c47959ea77b15b 2e79d45ba4d1540d a60934e6b473097a 3e66b4855d0dddbe f48d0fbea7dc2782 a18df74d3a16e9c0 d3c4a7db726191e0 a2805ed52b47b8ec bd713b37b67866c3 522bd6887960c25d b26d8664feb18c8c 81b639b74256b45b c015590d6a6fe833 f29eee8054c061e1 97d696011258825c 64b31699d7d15934 9fda36f260eec24e 0db6584e3bdfa1c4 b9d966ad9e04127a 3b6d27775fce1c7b 20d283a232dfd13c
312,6e239f4dd4b6aed7 522bd6887960c25d f76f44d372517a9a 5b34da30b93eb123 f705b637f624147e b749972436ac9791 a9eef13786610446 d35e11d3d1ab3c67 c08c3765ac609cc0 db69d4cbfef8d22f 05f23e7d05dbf7c2 c5830f9d0f1e29e5 ffc688c4c1c2a068 2359719a0f40ffac 2810fb6f81d1711c 74e59c5820900b17 e14a893f1918277e 42a5cae2a3a45557 9f3d2ca16f358290 9cf6709de35bf0f3 bed3e73d52011f68 8d58da0e1800dc96 b6d0f83aad4e4dc7 f2234bb7ce0c6f59 f44f74b3451aa593 2a06f5614060e3b6 b69ce8b8154645f8 65fac1ba1840000f 622f2e4119882c94 54f55c74d37db3c0
313,e403278468d84383 22756be6fd061d4c 855f2f0354e102c7 b1dcaca98bb76736 5430097e23000368 520ec719078be07c 377c1150c781e37a 5dd752753760ced8 77e2f7da1f9d3a8f e0269da736ddf004 edc79e57b20e9036 da904d2a54ff8cf2 d64c06baf5ef1c90 3d93a60f990a0a7c 238ec735a13a3f09 c810ac016901e8ac 36d33c41812ce7dc cc861214a89ef1f4 e5fb8dc5c9cb4a19 d6ed7e4b14c51296 b8e2f75014710ced 00d9f8d3f7d412b3 83f8aca6ee2caabc 52e459a551d4ac2d f28fb3d9880c5d4c 61ba7707ef6a5a99 db0e648651f4c92b d72363ddd958d906 7e4a4a1300b77a06 af8e70f978cd5aee
314,bb7515be835dea49 01020d1b0821f4c7 d46598813fb437e5 0eafda717681bbdc bd0f175ee98c613e 6d80d2e62d01f6bc 781aaf62a955e4e8 33856365c271aea4 680bb5c5c3bb6ee1 95ecdbff44ad0b60 f25bfcffedaccf28 5430097e23000368 c606425856952286 8699cc5dd4159b69 a982b5c3aed39396 22dc81380cf4baec 0a79fabc6f5d93c9 34a62e66e05f9a44 c11b97f245a9dfd0 acae1d29289b1266 ec4ef2f727e7a03f 095bb1b6ecbd0a50 87c5481930cfe126 ac9ee0c09b538140 72b80b099fd64ec4 3d93a60f990a0a7c 828f5dfbbf1272ee 4d32dae7b43c489a 2901e5309bb3f8f6 16b11706660177ff
315,922e625fae98b3b9 d5952b2e031c4e7e 24c47959ea77b15b 18ced18aee04c48e 54a11cbcd7a32af4 5f94b027039f4e48 430feb4826a5632e db69d4cbfef8d22f 7f95168400948588 7c98dedd223b36c0 49224aca40e6e5e3 2bafd15871caae91 72b80b099fd64ec4 48cf88c17ff38c5e e1460af4a7044067 538c7bb968b2154c ebfda3b48083e390 f44f74b3451aa593 9fda36f260eec24e 27888817db122597 5ebb4d2f5f1c1f13 05e4165a56bf50eb 172bc0ee09332ae9 628accd9be98503c 4bed80e56ea2e099 25a3b47fe31bc6b5 19e8f436d4b2fc25 20db73cf07a45f71 b24820ae14e16a24 cc507a0d6fcf4a1c
316,3c565c1fc2316d16 4b29fc21f912754d a853f13216170123 447fc00f40d71d08 5c4b7558c942a224 24c47959ea77b15b 3e66b4855d0dddbe 3b4a85bac6ead3c8 f48d0fbea7dc2782 8566d15270eb5e83 5b4c879fc9c316fb 66ccd03c9e03ac06 a76ffccd2f5df1a7 62431fd374eb99fb 0f4c71d341e2d939 cea18be9a89d7a81 172bc0ee09332ae9 b6e72edcad270be0 a2c35fdf07a13286 4d954d933e606b70 ddf332f2b55a2a23 6406fcdb7d87b5dc 999a52f1d301247c c31a456b544a40a8 cc507a0d6fcf4a1c 238de368bb05c0ec 404031ab9d5977c4 4f2fffd7528de786 666bdff4faa513ca 24e582daf6f87158
317,d6ed7e4b14c51296 f05fa5f57dc03e81 e36475c1af5ea3ab 0220a434aa8bf029 2820628e65a062e2 6461a9faa871b3ac ec1b3d7ccd3984d0 61ba7707ef6a5a99 939a1f686ea36c05 64907c4568244eb4 0a79fabc6f5d93c9 ecb768ef6fd223ca 2cebd52b41930f0a 9269d2b0d877352d 8a5635c748344d47 60a070db9f1869b5 155600e5f1221f8c 5c8c6d9a1fd4c1e0 49b5678e0d1e5bcd b05b5f6850cfa158 42bb83d7c4b9ecae 5430097e23000368 db0e648651f4c92b 7e4a4a1300b77a06 ae77487a89f2610c 7d83ffe83f61bdc4 1a8e5d6512d9e2d8 3986b68500d7704b bbbd5d2fd957e8f7 537a55eda51a3f60
318,4c0eee2c1a5e76e2 26f72a4eb15ea8c0 0451447dd64f6284 bbbd5d2fd957e8f7 50ba507a268872e1 fc16a50ff0baec53 5057551fc55e9ed2 3c565c1fc2316d16 447fc00f40d71d08 74873b42602d8958 3b4a85bac6ead3c8 8abe670908f12614 5b4c879fc9c316fb af41e2b6da3e7e02 1c3b74a02a86467d b6cdb608f640e038 9f4e0d572b1f4e6c a14394322cf7043d 1a05ef8c93af8eed 3e66b4855d0dddbe 238ec735a13a3f09 8566d15270eb5e83 a492bd402afd5c71 a5d5ba33b5b1dc95 bc2552a642ce8497 d64c7c3b658689f4 61ba7707ef6a5a99 db0e648651f4c92b 66ccd03c9e03ac06 ced9c56f2be86774
319,d64c06baf5ef1c90 bc27d5dc9bab1c18 c810ac016901e8ac 36d33c41812ce7dc 18b1d2d84c97a364 9d5edf3b993fee50 27a12f29dceccdbd 5570ef88d970e9b4 4c3802a1bd3c842e cba7e22bb383083a bd0f175ee98c613e 26fc2a95df5659c2 059bbdbdb843af6a 1f4f62844c3cb99c 8f578001f9d5f543 016da874bd04df55 2e44fbb8bc3d8d71 39f6296778264878 c28bc62802b90f82 025a148c3a53bd9f f9c6286cff30aaa8 bed3e73d52011f68 74244a8703c03720 3d93a60f990a0a7c bf3ccaba4a3450a8 b0bfe0f426275870 b7d7d9ae1cbe0d8a cc861214a89ef1f4 1ba7a50457e93996 9100ea6cd0e084bf
320,6e1b6b53c9710940 e5fb8dc5c9cb4a19 b8e2f75014710ced 2bafd15871caae91 2dd12c230ab22555 0c2eeab1e4ce1db8 9a0f5ee4f845c9b2 24e582daf6f87158 da904d2a54ff8cf2 d64c06baf5ef1c90 3d93a60f990a0a7c 238ec735a13a3f09 c810ac016901e8ac 36d33c41812ce7dc 5430097e23000368 3c565c1fc2316d16 cc861214a89ef1f4 d6ed7e4b14c51296 00d9f8d3f7d412b3 83f8aca6ee2caabc 52e459a551d4ac2d f28fb3d9880c5d4c 61ba7707ef6a5a99 db0e648651f4c92b d72363ddd958d906 20d283a232dfd13c 7e4a4a1300b77a06 24c47959ea77b15b af8e70f978cd5aee ae77487a89f2610c
321,b7d7d9ae1cbe0d8a c49d8f84a4f87f8a 585f4ee09d8fea46 b8e2f75014710ced 83f5a9732f0de67f aa0789b403bcd839 00ff646ca6637bd7 f0d53dcf0c296b57 0079f3c74309b582 ce8cb4351b8c0f6e fc8971756f9ec194 3a6e7894dde31c67 0b0021aa60d05daa fab14d178b24a67f 9a439fd1abf95245 919b1679fffa7ef1 00af886180e9eaec 6cb9ab508a0678a0 bc2552a642ce8497 06de3ca1148b088b 5430097e23000368 96e82fa141db9a4b d64c06baf5ef1c90 c810ac016901e8ac 36d33c41812ce7dc 5057551fc55e9ed2 a76ffccd2f5df1a7 62431fd374eb99fb 04886579947a80c2 354d7a327bbcc152
322,1d0f5fdc58e3efb5 b78189788d563693 047769588be1aea9 666bdff4faa513ca 0683b6a78f54be75 72b80b099fd64ec4 cc507a0d6fcf4a1c 4d954d933e606b70 2394b08708475900 e1460af4a7044067 5b4c879fc9c316fb 3a6e7894dde31c67 b24820ae14e16a24 172bc0ee09332ae9 83b911ff0ff45844 f76f44d372517a9a ca4de5b8a7bda9df 54a11cbcd7a32af4 3b4a85bac6ead3c8 19e8f436d4b2fc25 4dba7ce835494a63 c36c2dce0e6e434f 9fda36f260eec24e 0688c790d5806540 e403278468d84383 a76ffccd2f5df1a7 ebfda3b48083e390 cea18be9a89d7a81 0f33ce8d8014f308 bfb8032f2183d471
323,a60934e6b473097a a65e30106ea50423 9cf6709de35bf0f3 eab15ee21e126f6a 413c55a5ab86881a 8bf446c0455e3c5c e0269da736ddf004 d980375fbd40c75f a2c35fdf07a13286 5ebb4d2f5f1c1f13 27bc34b9887bec0d fa173131f15f5534 0772e3ab293a1f30 4b05967001421eab 0708923badf2ff5d 486dd77002936dec acf5cb026b3c4551 5430097e23000368 9a0f5ee4f845c9b2 4d7653ea9499eed4 0bcaac840d5e66d7 c28bc62802b90f82 702d8f1064ab3e30 52370bea1acd0600 3fa57d488e979d74 ff88049e61f0f4ef bd713b37b67866c3 3986b68500d7704b 734dabb98795c35c 942a7d26d81c841f
324,5547f9f1638ac345 f25bfcffedaccf28 72b80b099fd64ec4 b84b6c0b2e4d0306 16b11706660177ff b05b5f6850cfa158 7f95168400948588 cc0c9419f8a20603 ca43e349133fc0e3 0add47a043c64d7f 19e8f436d4b2fc25 2cebd52b41930f0a 942a7d26d81c841f 52aa48c07b34dc88 27888817db122597 92f42fbd0c38f7fd 45bd99d5d2eef776 c11b97f245a9dfd0 4e966bb2768c2b8a 1d72229ebcc00faf 24e582daf6f87158 419b5dc40744fb9b 42bb83d7c4b9ecae 97d696011258825c 09bbaa171c20bae3 6899956cd6c683f0 a0566ca9daca7778 43c354dbf952caaa 88b62355670ec8f8 4b05967001421eab
325,964a50d33717c26d 5d26da95786b3a3a 0c15f252d30646fc feddfcf56818968e 1a05ef8c93af8eed 64c2e323906b42d3 20db73cf07a45f71 2e4b00c01d58e79e 81bd116c786bf9ae 63d509cd2a2e0e47 5057551fc55e9ed2 b1dcaca98bb76736 ce2fe99a7cda4a17 b24820ae14e16a24 c96049ed915ced0a a2805ed52b47b8ec 83b911ff0ff45844 4bed80e56ea2e099 ce0f56b7190c268a 6a3919ad9ed8197e 8643165b0f53df11 ced9c56f2be86774 50806199c80e215c 9fbffc521da97c54 0bcaac840d5e66d7 12af6a34778710db 5867d40811c0229f bb7515be835dea49 96445bec1579ec97 781f4d0147aef776
326,33856365c271aea4 daa257a37227cd72 393f49286db04aeb a52df8083c238c46 abf90e759d208468 6c017e548aa138f2 a2c35fdf07a13286 20d283a232dfd13c 4c3802a1bd3c842e 9100ea6cd0e084bf a292248bb2bffb3d e7cad3748e50b0f8 0db6584e3bdfa1c4 bc2ae5f4e5d53e00 a14394322cf7043d 4dba7ce835494a63 acae1d29289b1266 a982b5c3aed39396 edc79e57b20e9036 bf3ccaba4a3450a8 2394b08708475900 6a9aa1bd93e36e66 8faeacf8ca08f62d 0708923badf2ff5d 07f22a7ad7e4711d 29bedd00fb2be056 9a0f5ee4f845c9b2 f76f44d372517a9a b69ce8b8154645f8 3d93a60f990a0a7c
327,106204cd0e07e1b2 1d0f5fdc58e3efb5 95ecdbff44ad0b60 e1460af4a7044067 828f5dfbbf1272ee 939a1f686ea36c05 0708923badf2ff5d e228204ae08d1355 4d7653ea9499eed4 e878efab7c37179e 96e82fa141db9a4b 9269d2b0d877352d c36c2dce0e6e434f 95d25d38ba7df9c7 fb2ebcb5335ad2e2 a860b682add9de1c a492bd402afd5c71 bf973f9ec3600199 8e0760918e88e4a9 5c8c6d9a1fd4c1e0 366a22fce0614fb8 eab15ee21e126f6a 8566d15270eb5e83 e4a7a996ed6a5a81 877672967d3f70bb d16da1fb61813db9 587e0b2a4811fab1 de8e1345e8c305c4 af41e2b6da3e7e02 e740c80fce094788
328,a9dad59c7055b56c 061f3e1feeaa3094 25a3b47fe31bc6b5 d46598813fb437e5 ac9ee0c09b538140 5b4c879fc9c316fb 486dd77002936dec 999a52f1d301247c 63d95d5977c2fe98 4522ad78bf79f0c9 3b4a85bac6ead3c8 9f4e0d572b1f4e6c a76ffccd2f5df1a7 6a9aa1bd93e36e66 a853f13216170123 4b29fc21f912754d 6d80d2e62d01f6bc 106204cd0e07e1b2 cea18be9a89d7a81 49224aca40e6e5e3 65d44c6393907290 a0566ca9daca7778 cc507a0d6fcf4a1c 4f2fffd7528de786 3c565c1fc2316d16 4d9214c0925e5af8 796888cc3443006c 413c55a5ab86881a d9885881381fd10a acae1d29289b1266
329,74e59c5820900b17 c08c3765ac609cc0 ffc688c4c1c2a068 2359719a0f40ffac f705b637f624147e dac29ed8400b50cc a9eef13786610446 05f23e7d05dbf7c2 54f55c74d37db3c0 5b34da30b93eb123 2810fb6f81d1711c b749972436ac9791 2a06f5614060e3b6 e14a893f1918277e 42a5cae2a3a45557 bed3e73d52011f68 8d58da0e1800dc96 44d324ebd3e22ad7 4d417b203b333363 00140806971e7a73 65fac1ba1840000f 622f2e4119882c94 6d80d2e62d01f6bc e7cad3748e50b0f8 f2234bb7ce0c6f59 0fbd0f422e926816 050544c040f46152 0d0368139e9a647f 63d95d5977c2fe98 3fa57d488e979d74
330,8df3f13d6af34cb3 e5fb8dc5c9cb4a19 fc21db75b354a917 65d44c6393907290 c015590d6a6fe833 e8684734f2e587bd bd0f175ee98c613e 64b31699d7d15934 666bdff4faa513ca 20d283a232dfd13c 0db6584e3bdfa1c4 781f4d0147aef776 ddf332f2b55a2a23 29bedd00fb2be056 26fc2a95df5659c2 1f4f62844c3cb99c 8f578001f9d5f543 24e582daf6f87158 fab14d178b24a67f 197fa50b30d91fe8 c28bc62802b90f82 cc861214a89ef1f4 bed3e73d52011f68 acae1d29289b1266 3c565c1fc2316d16 2901e5309bb3f8f6 8faeacf8ca08f62d f46601a9955f9949 d64c06baf5ef1c90 9100ea6cd0e084bf
331,4d9214c0925e5af8 9f4e0d572b1f4e6c 3b4a85bac6ead3c8 d9885881381fd10a 1d0f5fdc58e3efb5 81b7c7e312bfa1a0 48cf88c17ff38c5e d0f6c00eec5eb973 c015590d6a6fe833 9113e9dc940fb287 b78189788d563693 83f8f2fc471cad74 a9dad59c7055b56c b6e646c13d0753ae 9fbffc521da97c54 666bdff4faa513ca 047769588be1aea9 0683b6a78f54be75 10ad13170242ecae f76f44d372517a9a f25bfcffedaccf28 72b80b099fd64ec4 e1460af4a7044067 d216e5458ad70e60 5b4c879fc9c316fb 00d9eb862ba3dfc6 3c565c1fc2316d16 2e4b00c01d58e79e 01b3da54ffb158a0 ec1b3d7ccd3984d0
332,20d283a232dfd13c ce0f56b7190c268a 589ef345cb2dccfc bd713b37b67866c3 64b31699d7d15934 9c9a9d45c2ea7ddf c143c095983a65c2 24e582daf6f87158 f105a53e5cfae611 ec4ef2f727e7a03f 133b04350c75770b 4d9214c0925e5af8 430feb4826a5632e 2810fb6f81d1711c a04d6febd82a4389 1f4f62844c3cb99c 46315cf30aaee51c 6c017e548aa138f2 26140b225c4f8d3f 025a148c3a53bd9f 3d93a60f990a0a7c 3c565c1fc2316d16 24c47959ea77b15b 047769588be1aea9 a60934e6b473097a 90ecb28f2edb9d43 3e66b4855d0dddbe f48d0fbea7dc2782 0688c790d5806540 a14394322cf7043d
333,3c565c1fc2316d16 a52df8083c238c46 73f770f2643a2135 bb7515be835dea49 6a9aa1bd93e36e66 955e465ce0788ea6 95ecdbff44ad0b60 853e36b1550c6274 a982b5c3aed39396 e8ad5e31484ef889 bf3ccaba4a3450a8 29bedd00fb2be056 b69ce8b8154645f8 622f2e4119882c94 7c8324ce28ffb96e e8b87ed7db1bcb1f d216e5458ad70e60 49224aca40e6e5e3 796888cc3443006c 34a62e66e05f9a44 999a52f1d301247c c31a456b544a40a8 d6bbbd6c4968075a d46598813fb437e5 edc79e57b20e9036 c5830f9d0f1e29e5 59bf6d6df9146d60 5fb2d8e734956af0 2394b08708475900 d257d1fbcf43abd5
334,57113c2a4cacd961 2e4b00c01d58e79e 8643165b0f53df11 f46601a9955f9949 e8b87ed7db1bcb1f a813c15b46ceaf68 83f8f2fc471cad74 6204e398d8c7f888 942a7d26d81c841f ac9ee0c09b538140 feddfcf56818968e bee46c54461925d0 050544c040f46152 7c98dedd223b36c0 939a1f686ea36c05 bfb8032f2183d471 16b11706660177ff 4577ae048ef1967d 4bed80e56ea2e099 4491016efed845f1 419b5dc40744fb9b 964a50d33717c26d 855f2f0354e102c7 4d7653ea9499eed4 ce2fe99a7cda4a17 8fc68213b63951dc 702d8f1064ab3e30 393f49286db04aeb c5830f9d0f1e29e5 e228204ae08d1355
335,8b7c486a910dd004 cec2eea2a1fe566a c05f45f86d0771d5 8dc313a2cf9da354 b50b4e27b03c7b37 7c9248ed6224aa26 da904d2a54ff8cf2 453bc79164d57a01 2b48ab08c915c0ad d6ed7e4b14c51296 00d9f8d3f7d412b3 ae94d8435a6847f4 83f8aca6ee2caabc 52e459a551d4ac2d 61ba7707ef6a5a99 d72363ddd958d906 af8e70f978cd5aee a0566ca9daca7778 7cea1f637ea3f37d bf973f9ec3600199 9f27aa36c1ea793c e7828f0ea9749505 6461a9faa871b3ac ee3ed9a3f51336cd 9c9a9d45c2ea7ddf b0b5e62a93a2c37c 37001ade0df85823 64907c4568244eb4 0cd920bad11c716d a1314cd417504572
336,46b99f864d6a075a 447fc00f40d71d08 74244a8703c03720 29968e8fd13539f8 3e8e56f639a5db5b 7eec211cc37a1b05 680bb5c5c3bb6ee1 4bed80e56ea2e099 964a50d33717c26d 01b3da54ffb158a0 4d32dae7b43c489a 061f3e1feeaa3094 d6ed7e4b14c51296 52aa48c07b34dc88 43b3338423d7386c f209d29f991432f0 b50b4e27b03c7b37 7ee52d2519eea367 1c3b74a02a86467d d7d937303a6d5a9d 5d26da95786b3a3a f49e13a653cbdad2 20db73cf07a45f71 1efd7bd8a34a1359 64267373570e4ea3 22756be6fd061d4c a65e30106ea50423 99e833818ec4bbf2 4e966bb2768c2b8a a5d5ba33b5b1dc95
337,8fc68213b63951dc a813c15b46ceaf68 ec4ef2f727e7a03f 1f4f62844c3cb99c 46315cf30aaee51c f46601a9955f9949 025a148c3a53bd9f 3d93a60f990a0a7c 393f49286db04aeb 942a7d26d81c841f 0db6584e3bdfa1c4 430feb4826a5632e f76f44d372517a9a 2810fb6f81d1711c bd713b37b67866c3 a04d6febd82a4389 24e582daf6f87158 6c017e548aa138f2 64b31699d7d15934 d6ed7e4b14c51296 20d283a232dfd13c 73391e0853c1e040 796888cc3443006c 90ecb28f2edb9d43 daa257a37227cd72 0688c790d5806540 72b80b099fd64ec4 6899956cd6c683f0 828f5dfbbf1272ee 59bf6d6df9146d60
338,3e8e56f639a5db5b 419b5dc40744fb9b 88b62355670ec8f8 46b99f864d6a075a 97d696011258825c 680bb5c5c3bb6ee1 447fc00f40d71d08 4b05967001421eab 74244a8703c03720 b05b5f6850cfa158 eff60ceea8817dad 42bb83d7c4b9ecae 5547f9f1638ac345 29968e8fd13539f8 4bed80e56ea2e099 7ee52d2519eea367 43b3338423d7386c 99e833818ec4bbf2 b84b6c0b2e4d0306 f209d29f991432f0 eab15ee21e126f6a 7eec211cc37a1b05 01e5a6edcee7deb0 d16da1fb61813db9 cc0c9419f8a20603 f49e13a653cbdad2 9c9ebf71707d7a37 0add47a043c64d7f fa173131f15f5534 781aaf62a955e4e8
339,b1e47da7659b675c 59c231f8fd21260c f1a3b8b13e9401c0 636224e349e561bf a292248bb2bffb3d 520ec719078be07c b6e72edcad270be0 48a76e3aff69d605 0e45c4c185f35df6 e6a29676c096f8e8 5c4b7558c942a224 a0566ca9daca7778 10ad13170242ecae 680bb5c5c3bb6ee1 3a6e7894dde31c67 5430097e23000368 c015590d6a6fe833 3b6d27775fce1c7b c143c095983a65c2 24e582daf6f87158 a14394322cf7043d 0f33ce8d8014f308 e8684734f2e587bd e9c20b67a4c5395f acae1d29289b1266 4f915ad69e1dca36 52370bea1acd0600 50cb6a6c60ad711a 8dedff0a79784abc 285657fcdf89f00d
340,f46601a9955f9949 8fc68213b63951dc 393f49286db04aeb a813c15b46ceaf68 942a7d26d81c841f d6ed7e4b14c51296 976baf0e84752a68 73391e0853c1e040 796888cc3443006c daa257a37227cd72 0db6584e3bdfa1c4 24e582daf6f87158 59bf6d6df9146d60 5fb2d8e734956af0 d64c06baf5ef1c90 0b774cf90856c4da 36d33c41812ce7dc c810ac016901e8ac 0eafda717681bbdc 01020d1b0821f4c7 ec1b3d7ccd3984d0 939a1f686ea36c05 0a79fabc6f5d93c9 cba7e22bb383083a d46598813fb437e5 bc27d5dc9bab1c18 3d93a60f990a0a7c 33856365c271aea4 2901e5309bb3f8f6 18b1d2d84c97a364
341,ecb768ef6fd223ca f46601a9955f9949 976baf0e84752a68 8fc68213b63951dc 393f49286db04aeb a813c15b46ceaf68 d6ed7e4b14c51296 942a7d26d81c841f 6461a9faa871b3ac 73391e0853c1e040 796888cc3443006c daa257a37227cd72 0db6584e3bdfa1c4 bb7515be835dea49 24e582daf6f87158 2820628e65a062e2 59bf6d6df9146d60 5fb2d8e734956af0 155600e5f1221f8c 3d93a60f990a0a7c 61ba7707ef6a5a99 0eafda717681bbdc 5430097e23000368 1a8e5d6512d9e2d8 01020d1b0821f4c7 c5830f9d0f1e29e5 ec4ef2f727e7a03f 190ab585fd379f0f b78189788d563693 bd9cd6b87a4fe0ce
342,ca43e349133fc0e3 0a49074a4158155b c49d8f84a4f87f8a f0d53dcf0c296b57 19b4014943e0ad92 e7dd56376be2cf1c 855f2f0354e102c7 aa967ad3c1f65a29 10ad13170242ecae e25a1da6ca187350 b6cdb608f640e038 27bc34b9887bec0d 01ecc81f6341e902 0eafda717681bbdc 01020d1b0821f4c7 1398b478b71773ed d46598813fb437e5 33856365c271aea4 2901e5309bb3f8f6 0195950ce0f47e34 005666aa098abe8e 6d80d2e62d01f6bc ecb768ef6fd223ca f76f44d372517a9a 1d0f5fdc58e3efb5 f25bfcffedaccf28 72b80b099fd64ec4 e1460af4a7044067 d216e5458ad70e60 5b4c879fc9c316fb
343,a853f13216170123 4b29fc21f912754d 5b4c879fc9c316fb 3c565c1fc2316d16 24c47959ea77b15b 3e66b4855d0dddbe f48d0fbea7dc2782 cc507a0d6fcf4a1c 66ccd03c9e03ac06 a76ffccd2f5df1a7 62431fd374eb99fb 0f4c71d341e2d939 cea18be9a89d7a81 172bc0ee09332ae9 b6e72edcad270be0 4f2fffd7528de786 666bdff4faa513ca a2c35fdf07a13286 4d954d933e606b70 ddf332f2b55a2a23 07f22a7ad7e4711d 6406fcdb7d87b5dc 999a52f1d301247c c31a456b544a40a8 238de368bb05c0ec 486dd77002936dec 404031ab9d5977c4 bb7515be835dea49 95ecdbff44ad0b60 c5830f9d0f1e29e5
344,5430097e23000368 49b5678e0d1e5bcd db0e648651f4c92b 7e4a4a1300b77a06 ae77487a89f2610c 7d83ffe83f61bdc4 bbbd5d2fd957e8f7 238ec735a13a3f09 f9c6286cff30aaa8 d6ed7e4b14c51296 da011b87595c1019 e7828f0ea9749505 6461a9faa871b3ac ee3ed9a3f51336cd e461837f0fb35048 4535ce2e3dced00f da904d2a54ff8cf2 2e031d83339759b2 d64c06baf5ef1c90 033d905aec273595 0220a434aa8bf029 3d93a60f990a0a7c 72c2a95813ea72bd c810ac016901e8ac 36d33c41812ce7dc cc861214a89ef1f4 fab14d178b24a67f e5fb8dc5c9cb4a19 b8e2f75014710ced 00d9f8d3f7d412b3
345,6e12311169bcb24c c1f2e3a76d388944 8abe670908f12614 964a50d33717c26d 5d26da95786b3a3a 20db73cf07a45f71 d257d1fbcf43abd5 d92c0298f76ccf77 0683b6a78f54be75 35488b3b8b781278 bb7515be835dea49 01b3da54ffb158a0 a04d6febd82a4389 ec1b3d7ccd3984d0 f58ff7f1a6cde683 0a79fabc6f5d93c9 061f3e1feeaa3094 5430097e23000368 3cb6b40d377e7ca8 bd713b37b67866c3 522bd6887960c25d fb8bd6b95eb4702a 25145708d494530b 54f55c74d37db3c0 538c7bb968b2154c 19e8f436d4b2fc25 64b31699d7d15934 c96049ed915ced0a 2cebd52b41930f0a 40583079f57235a6
346,238de368bb05c0ec a853f13216170123 0add47a043c64d7f aa0789b403bcd839 b1dcaca98bb76736 ba5199dba342af68 4b29fc21f912754d 3c565c1fc2316d16 db0e648651f4c92b 24c47959ea77b15b d64c06baf5ef1c90 a0b1f4dd32f3e278 f2e30efbd27bee51 3e66b4855d0dddbe 36d33c41812ce7dc c810ac016901e8ac f48d0fbea7dc2782 069e7e25e43deab3 0c15f252d30646fc 5b4c879fc9c316fb 49b5678e0d1e5bcd 66ccd03c9e03ac06 a76ffccd2f5df1a7 62431fd374eb99fb 0f4c71d341e2d939 cea18be9a89d7a81 172bc0ee09332ae9 0220a434aa8bf029 b6e72edcad270be0 9c9ebf71707d7a37
347,9c9a9d45c2ea7ddf e8684734f2e587bd 4d9214c0925e5af8 26140b225c4f8d3f 9f4e0d572b1f4e6c d64c06baf5ef1c90 3d93a60f990a0a7c f105a53e5cfae611 a492bd402afd5c71 36d33c41812ce7dc c810ac016901e8ac 133b04350c75770b cc861214a89ef1f4 e5fb8dc5c9cb4a19 b8e2f75014710ced 83f8aca6ee2caabc f28fb3d9880c5d4c d72363ddd958d906 6e1b6b53c9710940 2bafd15871caae91 1a05ef8c93af8eed 2e79d45ba4d1540d 4d954d933e606b70 2e031d83339759b2 453bc79164d57a01 d92c0298f76ccf77 5b4c879fc9c316fb 50806199c80e215c 3c565c1fc2316d16 2dd12c230ab22555
348,7b81f1f2b6ec2e5f 65254e0d209fd66e c03b11a0cdc3fa39 387e9cd2e5d4ea7d a76ffccd2f5df1a7 62431fd374eb99fb 96e82fa141db9a4b f29eee8054c061e1 e5fb8dc5c9cb4a19 069e7e25e43deab3 20d283a232dfd13c 4beacc71024f8b08 29bedd00fb2be056 c49d8f84a4f87f8a 0079f3c74309b582 197fa50b30d91fe8 64b31699d7d15934 0db6584e3bdfa1c4 acae1d29289b1266 2901e5309bb3f8f6 8faeacf8ca08f62d f46601a9955f9949 cc861214a89ef1f4 24e582daf6f87158 bd0f175ee98c613e 39075e303166355e ec4ef2f727e7a03f 61ba7707ef6a5a99 095bb1b6ecbd0a50 d5805cdb9e8f0f48
349,f0d53dcf0c296b57 f54ad8d1eb18212e c49d8f84a4f87f8a 585f4ee09d8fea46 3a6e7894dde31c67 83f5a9732f0de67f aa0789b403bcd839 ce8cb4351b8c0f6e 919b1679fffa7ef1 bc2552a642ce8497 06de3ca1148b088b 04886579947a80c2 bb7515be835dea49 d73a65673e3f1d78 0079f3c74309b582 1398b478b71773ed 95ecdbff44ad0b60 c5830f9d0f1e29e5 1dc7139adba034ec 0a49074a4158155b da904d2a54ff8cf2 d64c06baf5ef1c90 3d93a60f990a0a7c 238ec735a13a3f09 36d33c41812ce7dc c810ac016901e8ac 5430097e23000368 cc861214a89ef1f4 e5fb8dc5c9cb4a19 d6ed7e4b14c51296
350,5430097e23000368 49b5678e0d1e5bcd db0e648651f4c92b 7e4a4a1300b77a06 ae77487a89f2610c 7d83ffe83f61bdc4 bbbd5d2fd957e8f7 238ec735a13a3f09 d6ed7e4b14c51296 4d954d933e606b70 e7828f0ea9749505 6461a9faa871b3ac ee3ed9a3f51336cd 42a5cae2a3a45557 2b48ab08c915c0ad 0220a434aa8bf029 1ba7a50457e93996 da904d2a54ff8cf2 4d9214c0925e5af8 0683b6a78f54be75 2820628e65a062e2 f05fa5f57dc03e81 d257d1fbcf43abd5 d64c06baf5ef1c90 35488b3b8b781278 3d93a60f990a0a7c 36d33c41812ce7dc c810ac016901e8ac d92c0298f76ccf77 e36475c1af5ea3ab
351,1d72229ebcc00faf 4beacc71024f8b08 ca43e349133fc0e3 d216e5458ad70e60 e8ad5e31484ef889 f25bfcffedaccf28 72b80b099fd64ec4 0a49074a4158155b aa967ad3c1f65a29 16b11706660177ff 7f95168400948588 6a9aa1bd93e36e66 07f22a7ad7e4711d 5430097e23000368 5547f9f1638ac345 19e8f436d4b2fc25 2cebd52b41930f0a da904d2a54ff8cf2 b84b6c0b2e4d0306 52aa48c07b34dc88 b05b5f6850cfa158 d64c06baf5ef1c90 3d93a60f990a0a7c cc0c9419f8a20603 c49d8f84a4f87f8a 92f42fbd0c38f7fd 238ec735a13a3f09 c810ac016901e8ac 36d33c41812ce7dc f0d53dcf0c296b57
352,455fde214d16d350 95166957b2c38794 393f49286db04aeb abf90e759d208468 6c017e548aa138f2 20d283a232dfd13c 01b3da54ffb158a0 4d32dae7b43c489a 9100ea6cd0e084bf a292248bb2bffb3d 061f3e1feeaa3094 e7cad3748e50b0f8 d7d937303a6d5a9d daa257a37227cd72 0db6584e3bdfa1c4 a14394322cf7043d acae1d29289b1266 a65e30106ea50423 6a9aa1bd93e36e66 43b3338423d7386c 99e833818ec4bbf2 f209d29f991432f0 a5d5ba33b5b1dc95 07f22a7ad7e4711d 01e5a6edcee7deb0 1c3b74a02a86467d 87c5481930cfe126 1d72229ebcc00faf 29968e8fd13539f8 0647acc4602d4e8f
353,33856365c271aea4 5430097e23000368 ec1b3d7ccd3984d0 939a1f686ea36c05 42bb83d7c4b9ecae da904d2a54ff8cf2 0a79fabc6f5d93c9 d64c06baf5ef1c90 3d93a60f990a0a7c 73f770f2643a2135 238ec735a13a3f09 c810ac016901e8ac 36d33c41812ce7dc d257d1fbcf43abd5 2cebd52b41930f0a 9269d2b0d877352d 8a5635c748344d47 538c7bb968b2154c cc861214a89ef1f4 60a070db9f1869b5 e5fb8dc5c9cb4a19 d6ed7e4b14c51296 5c8c6d9a1fd4c1e0 d92c0298f76ccf77 0683b6a78f54be75 b8e2f75014710ced 00d9f8d3f7d412b3 83f8aca6ee2caabc 52e459a551d4ac2d f28fb3d9880c5d4c
354,d73a65673e3f1d78 128d583954b18074 bc2552a642ce8497 a5d5ba33b5b1dc95 fc16a50ff0baec53 e8b87ed7db1bcb1f 1c3b74a02a86467d 4d29c6922b2d0d56 af41e2b6da3e7e02 ced9c56f2be86774 148ac4a56a18844d c11b97f245a9dfd0 fa173131f15f5534 5430097e23000368 24e582daf6f87158 98dbd15aa33ebc18 919b1679fffa7ef1 bb7515be835dea49 3c565c1fc2316d16 20d283a232dfd13c 24c47959ea77b15b a60934e6b473097a 3e66b4855d0dddbe f48d0fbea7dc2782 bd713b37b67866c3 522bd6887960c25d 81b639b74256b45b c015590d6a6fe833 64b31699d7d15934 9fda36f260eec24e
355,64c2e323906b42d3 8dedff0a79784abc 2e4b00c01d58e79e 3a6e7894dde31c67 964a50d33717c26d b1dcaca98bb76736 83b911ff0ff45844 ce2fe99a7cda4a17 feddfcf56818968e a2805ed52b47b8ec c015590d6a6fe833 3b6d27775fce1c7b 5d26da95786b3a3a 4bed80e56ea2e099 c143c095983a65c2 ce0f56b7190c268a 24e582daf6f87158 8643165b0f53df11 50806199c80e215c 0f33ce8d8014f308 e9c20b67a4c5395f 4f915ad69e1dca36 52370bea1acd0600 50cb6a6c60ad711a 106204cd0e07e1b2 285657fcdf89f00d 35488b3b8b781278 0451447dd64f6284 d1e21234d7cc61d2 7c8324ce28ffb96e
356,24e582daf6f87158 0db6584e3bdfa1c4 74e59c5820900b17 c08c3765ac609cc0 dac29ed8400b50cc 42bb83d7c4b9ecae ffc688c4c1c2a068 f46601a9955f9949 54f55c74d37db3c0 2359719a0f40ffac 44d324ebd3e22ad7 8fc68213b63951dc 3c565c1fc2316d16 f705b637f624147e 4d417b203b333363 393f49286db04aeb a813c15b46ceaf68 a9eef13786610446 20d283a232dfd13c 24c47959ea77b15b 6d80d2e62d01f6bc 942a7d26d81c841f d6ed7e4b14c51296 a60934e6b473097a ec1b3d7ccd3984d0 3e66b4855d0dddbe f48d0fbea7dc2782 05f23e7d05dbf7c2 939a1f686ea36c05 bd713b37b67866c3
357,24e582daf6f87158 20d283a232dfd13c 64b31699d7d15934 0db6584e3bdfa1c4 3c565c1fc2316d16 24c47959ea77b15b e5fb8dc5c9cb4a19 bb7515be835dea49 a60934e6b473097a 3e66b4855d0dddbe f48d0fbea7dc2782 bd713b37b67866c3 522bd6887960c25d 81b639b74256b45b c015590d6a6fe833 9fda36f260eec24e 29bedd00fb2be056 b9d966ad9e04127a 3b6d27775fce1c7b 4b29fc21f912754d 66ccd03c9e03ac06 a76ffccd2f5df1a7 197fa50b30d91fe8 62431fd374eb99fb 5897953fdf87b60f 0f4c71d341e2d939 42bb83d7c4b9ecae cea18be9a89d7a81 172bc0ee09332ae9 395b26d91f98bd92
358,45630e1451157ff3 ec1b3d7ccd3984d0 0a79fabc6f5d93c9 3cb6b40d377e7ca8 25145708d494530b 48f93f9c2c699e19 e22c35101e190db9 8699cc5dd4159b69 34a62e66e05f9a44 4fe9e4e55585ba4b 3d6880bd12f6613f 7155e5a86136eb02 03dfe518713e006c 09bbaa171c20bae3 27bc34b9887bec0d 95ecdbff44ad0b60 bb7515be835dea49 c5830f9d0f1e29e5 1dc7139adba034ec f76f44d372517a9a 1d0f5fdc58e3efb5 f25bfcffedaccf28 72b80b099fd64ec4 e1460af4a7044067 d216e5458ad70e60 5b4c879fc9c316fb 3c565c1fc2316d16 2e4b00c01d58e79e 01b3da54ffb158a0 828f5dfbbf1272ee
359,b371170568146b12 acf5cb026b3c4551 6899956cd6c683f0 3a6e7894dde31c67 00e1e2eb13f650e4 52370bea1acd0600 4d7653ea9499eed4 9a0f5ee4f845c9b2 0bcaac840d5e66d7 c28bc62802b90f82 702d8f1064ab3e30 47fbe21f5c35c7b4 3fa57d488e979d74 ff88049e61f0f4ef e0269da736ddf004 bd713b37b67866c3 fd30682593995748 2a06f5614060e3b6 39f6296778264878 e25a1da6ca187350 3986b68500d7704b 0708923badf2ff5d 734dabb98795c35c 942a7d26d81c841f bd0f175ee98c613e ae94d8435a6847f4 b6d0f83aad4e4dc7 b24820ae14e16a24 622f2e4119882c94 bbbd5d2fd957e8f7
360,a853f13216170123 b6e72edcad270be0 4b29fc21f912754d ae94d8435a6847f4 5b4c879fc9c316fb 3c565c1fc2316d16 da011b87595c1019 3b4a85bac6ead3c8 a292248bb2bffb3d 24c47959ea77b15b bf973f9ec3600199 3e66b4855d0dddbe 520ec719078be07c f48d0fbea7dc2782 e403278468d84383 587e0b2a4811fab1 58654e3143c6550b 0e45c4c185f35df6 cc507a0d6fcf4a1c 2e031d83339759b2 66ccd03c9e03ac06 8dedff0a79784abc a76ffccd2f5df1a7 62431fd374eb99fb 0f4c71d341e2d939 cea18be9a89d7a81 172bc0ee09332ae9 22756be6fd061d4c 4f2fffd7528de786 666bdff4faa513ca
361,59c231f8fd21260c f1a3b8b13e9401c0 a0566ca9daca7778 4b05967001421eab 1d12acf7349196b0 ae94d8435a6847f4 b6e72edcad270be0 0e45c4c185f35df6 8dedff0a79784abc da011b87595c1019 3b4a85bac6ead3c8 a292248bb2bffb3d bf973f9ec3600199 520ec719078be07c e403278468d84383 587e0b2a4811fab1 58654e3143c6550b 2e031d83339759b2 22756be6fd061d4c 24e582daf6f87158 dc12cc503ac0eddb 3c565c1fc2316d16 20d283a232dfd13c 24c47959ea77b15b a60934e6b473097a 3e66b4855d0dddbe f48d0fbea7dc2782 bd713b37b67866c3 522bd6887960c25d 81b639b74256b45b
362,430feb4826a5632e 047769588be1aea9 f46601a9955f9949 2394b08708475900 24e582daf6f87158 8fc68213b63951dc 20d283a232dfd13c 393f49286db04aeb a813c15b46ceaf68 0db6584e3bdfa1c4 c015590d6a6fe833 bd713b37b67866c3 942a7d26d81c841f ec4ef2f727e7a03f 64b31699d7d15934 39075e303166355e 2810fb6f81d1711c a04d6febd82a4389 1f4f62844c3cb99c 46315cf30aaee51c 6c017e548aa138f2 ae94d8435a6847f4 d6ed7e4b14c51296 025a148c3a53bd9f 73391e0853c1e040 796888cc3443006c daa257a37227cd72 39f6296778264878 3d93a60f990a0a7c 83f8f2fc471cad74
363,5867d40811c0229f 0bcaac840d5e66d7 964a50d33717c26d b24820ae14e16a24 e8b87ed7db1bcb1f feddfcf56818968e 3c565c1fc2316d16 16b11706660177ff c11b97f245a9dfd0 6a3919ad9ed8197e ced9c56f2be86774 24c47959ea77b15b 9fbffc521da97c54 9113e9dc940fb287 3e66b4855d0dddbe 96445bec1579ec97 f48d0fbea7dc2782 781f4d0147aef776 4d954d933e606b70 9f4e0d572b1f4e6c 2394b08708475900 d63b7f083330247f 24e582daf6f87158 57113c2a4cacd961 f49e13a653cbdad2 4b29fc21f912754d 66ccd03c9e03ac06 a76ffccd2f5df1a7 62431fd374eb99fb 0f4c71d341e2d939
364,4f2fffd7528de786 ae77487a89f2610c 5430097e23000368 24c47959ea77b15b 3c565c1fc2316d16 f48d0fbea7dc2782 95166957b2c38794 939a1f686ea36c05 4d9214c0925e5af8 3e66b4855d0dddbe 5b4c879fc9c316fb a492bd402afd5c71 49b5678e0d1e5bcd 7e4a4a1300b77a06 9f4e0d572b1f4e6c a853f13216170123 db0e648651f4c92b 4d954d933e606b70 66ccd03c9e03ac06 7d83ffe83f61bdc4 42a5cae2a3a45557 1a05ef8c93af8eed 4b29fc21f912754d 0a79fabc6f5d93c9 bbbd5d2fd957e8f7 666bdff4faa513ca d92c0298f76ccf77 702d8f1064ab3e30 a2c35fdf07a13286 3ca7964973437917
365,0220a434aa8bf029 b78189788d563693 3d93a60f990a0a7c 46315cf30aaee51c a017f3358d5327aa 8dc313a2cf9da354 047769588be1aea9 9c9a9d45c2ea7ddf 27a12f29dceccdbd 0eb4de784c8dd679 da904d2a54ff8cf2 4d9214c0925e5af8 033d905aec273595 d64c06baf5ef1c90 ec4ef2f727e7a03f 238ec735a13a3f09 36d33c41812ce7dc c810ac016901e8ac 26fc2a95df5659c2 ecb768ef6fd223ca 5b16bae6a0de7c88 a04d6febd82a4389 1f4f62844c3cb99c 8f578001f9d5f543 d6ed7e4b14c51296 12af6a34778710db 016da874bd04df55 52e459a551d4ac2d 61ba7707ef6a5a99 39f6296778264878
366,24e582daf6f87158 d6ed7e4b14c51296 f46601a9955f9949 0db6584e3bdfa1c4 8fc68213b63951dc 976baf0e84752a68 393f49286db04aeb 5430097e23000368 a813c15b46ceaf68 ddf332f2b55a2a23 942a7d26d81c841f fab14d178b24a67f 73391e0853c1e040 796888cc3443006c daa257a37227cd72 59bf6d6df9146d60 5fb2d8e734956af0 da904d2a54ff8cf2 3734d3b0b9232538 d64c06baf5ef1c90 3d93a60f990a0a7c 3c565c1fc2316d16 238ec735a13a3f09 c810ac016901e8ac 36d33c41812ce7dc cc861214a89ef1f4 e5fb8dc5c9cb4a19 24c47959ea77b15b b8e2f75014710ced 00d9f8d3f7d412b3
367,b0e254dd420faee3 6ae470a7c9ec20fd 0708923badf2ff5d 0eedb1a0d3b8ddae 587e0b2a4811fab1 52370bea1acd0600 4d7653ea9499eed4 9a0f5ee4f845c9b2 0bcaac840d5e66d7 c28bc62802b90f82 702d8f1064ab3e30 e25a1da6ca187350 3fa57d488e979d74 ff88049e61f0f4ef e0269da736ddf004 bd713b37b67866c3 fd30682593995748 2a06f5614060e3b6 39f6296778264878 3986b68500d7704b e7cad3748e50b0f8 734dabb98795c35c 942a7d26d81c841f bd0f175ee98c613e ae94d8435a6847f4 b6d0f83aad4e4dc7 b24820ae14e16a24 622f2e4119882c94 47fbe21f5c35c7b4 af8e70f978cd5aee
368,63d509cd2a2e0e47 07be6a290720707d 3e66b4855d0dddbe e8ad5e31484ef889 1398b478b71773ed bf973f9ec3600199 a853f13216170123 ce0f56b7190c268a 8dedff0a79784abc 4b29fc21f912754d 5b4c879fc9c316fb 3c565c1fc2316d16 a14394322cf7043d acae1d29289b1266 24c47959ea77b15b 680bb5c5c3bb6ee1 f48d0fbea7dc2782 cc507a0d6fcf4a1c 66ccd03c9e03ac06 a76ffccd2f5df1a7 62431fd374eb99fb 0f4c71d341e2d939 cea18be9a89d7a81 172bc0ee09332ae9 b6e72edcad270be0 4f2fffd7528de786 666bdff4faa513ca a2c35fdf07a13286 4d954d933e606b70 ddf332f2b55a2a23
369,204ec91c39d1479d cc2cc23a98c14c33 bb7515be835dea49 95ecdbff44ad0b60 c5830f9d0f1e29e5 1dc7139adba034ec bbbd5d2fd957e8f7 47fbe21f5c35c7b4 e25a1da6ca187350 52370bea1acd0600 2a06f5614060e3b6 4d7653ea9499eed4 9a0f5ee4f845c9b2 0bcaac840d5e66d7 c28bc62802b90f82 702d8f1064ab3e30 3986b68500d7704b 3fa57d488e979d74 ff88049e61f0f4ef e0269da736ddf004 bd713b37b67866c3 fd30682593995748 0708923badf2ff5d 734dabb98795c35c 942a7d26d81c841f bd0f175ee98c613e ae94d8435a6847f4 b6d0f83aad4e4dc7 b24820ae14e16a24 622f2e4119882c94
370,9fda36f260eec24e 20db73cf07a45f71 7ee52d2519eea367 95d25d38ba7df9c7 42bb83d7c4b9ecae 05e4165a56bf50eb b6a1c97f19af78d0 24e582daf6f87158 3c565c1fc2316d16 bd713b37b67866c3 522bd6887960c25d 64b31699d7d15934 24c47959ea77b15b b9d966ad9e04127a a60934e6b473097a f48d0fbea7dc2782 395b26d91f98bd92 ae94d8435a6847f4 81b639b74256b45b c015590d6a6fe833 5430097e23000368 54a11cbcd7a32af4 bb7515be835dea49 20d283a232dfd13c 66ccd03c9e03ac06 acae1d29289b1266 bf3ccaba4a3450a8 0f4c71d341e2d939 3e66b4855d0dddbe cea18be9a89d7a81
371,5430097e23000368 f44f74b3451aa593 87c5481930cfe126 da904d2a54ff8cf2 d64c06baf5ef1c90 3d93a60f990a0a7c 238ec735a13a3f09 36d33c41812ce7dc c810ac016901e8ac cc861214a89ef1f4 e5fb8dc5c9cb4a19 d6ed7e4b14c51296 b8e2f75014710ced 00d9f8d3f7d412b3 83f8aca6ee2caabc 52e459a551d4ac2d f28fb3d9880c5d4c 61ba7707ef6a5a99 db0e648651f4c92b d72363ddd958d906 7e4a4a1300b77a06 af8e70f978cd5aee 6e1b6b53c9710940 2bafd15871caae91 ae77487a89f2610c 453bc79164d57a01 7d83ffe83f61bdc4 9f27aa36c1ea793c e7828f0ea9749505 6461a9faa871b3ac
372,8b7c486a910dd004 cec2eea2a1fe566a c05f45f86d0771d5 d64c06baf5ef1c90 bc27d5dc9bab1c18 c810ac016901e8ac 36d33c41812ce7dc 18b1d2d84c97a364 27a12f29dceccdbd 5570ef88d970e9b4 4c3802a1bd3c842e cba7e22bb383083a 5430097e23000368 bd0f175ee98c613e 26fc2a95df5659c2 059bbdbdb843af6a 1f4f62844c3cb99c 8f578001f9d5f543 016da874bd04df55 2e44fbb8bc3d8d71 39f6296778264878 c28bc62802b90f82 025a148c3a53bd9f f9c6286cff30aaa8 bed3e73d52011f68 74244a8703c03720 3d93a60f990a0a7c bf3ccaba4a3450a8 b0bfe0f426275870 b7d7d9ae1cbe0d8a
373,734dabb98795c35c e36475c1af5ea3ab c03b11a0cdc3fa39 f05fa5f57dc03e81 0195950ce0f47e34 3b6d27775fce1c7b 00d9eb862ba3dfc6 133b04350c75770b fab14d178b24a67f 26140b225c4f8d3f 1d0f5fdc58e3efb5 95ecdbff44ad0b60 e1460af4a7044067 ddf332f2b55a2a23 828f5dfbbf1272ee 939a1f686ea36c05 e228204ae08d1355 4d7653ea9499eed4 9c9a9d45c2ea7ddf e878efab7c37179e 96e82fa141db9a4b 9269d2b0d877352d c36c2dce0e6e434f 95d25d38ba7df9c7 fb2ebcb5335ad2e2 a860b682add9de1c a492bd402afd5c71 bf973f9ec3600199 c143c095983a65c2 8e0760918e88e4a9
374,3a6e7894dde31c67 95ecdbff44ad0b60 6899956cd6c683f0 bb7515be835dea49 c5830f9d0f1e29e5 1dc7139adba034ec f76f44d372517a9a da904d2a54ff8cf2 1d0f5fdc58e3efb5 f25bfcffedaccf28 72b80b099fd64ec4 e1460af4a7044067 d216e5458ad70e60 5b4c879fc9c316fb 3c565c1fc2316d16 d64c06baf5ef1c90 2e4b00c01d58e79e 3d93a60f990a0a7c 01b3da54ffb158a0 ec1b3d7ccd3984d0 828f5dfbbf1272ee 238ec735a13a3f09 36d33c41812ce7dc c810ac016901e8ac 4d32dae7b43c489a 70ebf53ced736fa4 939a1f686ea36c05 5430097e23000368 16b11706660177ff e228204ae08d1355
375,1d0f5fdc58e3efb5 e1460af4a7044067 828f5dfbbf1272ee 939a1f686ea36c05 e228204ae08d1355 3a6e7894dde31c67 4d7653ea9499eed4 e878efab7c37179e 96e82fa141db9a4b 9269d2b0d877352d c36c2dce0e6e434f 95d25d38ba7df9c7 fb2ebcb5335ad2e2 a860b682add9de1c a492bd402afd5c71 bf973f9ec3600199 95ecdbff44ad0b60 8e0760918e88e4a9 24e582daf6f87158 5c8c6d9a1fd4c1e0 366a22fce0614fb8 eab15ee21e126f6a 8566d15270eb5e83 e4a7a996ed6a5a81 877672967d3f70bb d16da1fb61813db9 587e0b2a4811fab1 5430097e23000368 de8e1345e8c305c4 af41e2b6da3e7e02
376,428f9363fa35882d 00e1e2eb13f650e4 63d509cd2a2e0e47 3c565c1fc2316d16 07be6a290720707d 447fc00f40d71d08 3b4a85bac6ead3c8 e8ad5e31484ef889 3e66b4855d0dddbe 8566d15270eb5e83 1398b478b71773ed bf973f9ec3600199 ce0f56b7190c268a 8dedff0a79784abc 96e82fa141db9a4b ec1b3d7ccd3984d0 3734d3b0b9232538 62431fd374eb99fb 939a1f686ea36c05 f29eee8054c061e1 0a79fabc6f5d93c9 069e7e25e43deab3 2cebd52b41930f0a 9269d2b0d877352d 8a5635c748344d47 aa0789b403bcd839 60a070db9f1869b5 5c8c6d9a1fd4c1e0 5430097e23000368 b05b5f6850cfa158
377,0772e3ab293a1f30 377c1150c781e37a 01b3da54ffb158a0 4d32dae7b43c489a 061f3e1feeaa3094 d7d937303a6d5a9d a65e30106ea50423 43b3338423d7386c 99e833818ec4bbf2 f209d29f991432f0 a5d5ba33b5b1dc95 01e5a6edcee7deb0 1c3b74a02a86467d 87c5481930cfe126 29968e8fd13539f8 0647acc4602d4e8f 65708d542bd01f39 65ad9c583823162d f49e13a653cbdad2 3e8e56f639a5db5b bc2ae5f4e5d53e00 fa173131f15f5534 455fde214d16d350 1efd7bd8a34a1359 e6a29676c096f8e8 22756be6fd061d4c 4e966bb2768c2b8a 95166957b2c38794 aa0789b403bcd839 dc12cc503ac0eddb
378,f76f44d372517a9a db69d4cbfef8d22f c5830f9d0f1e29e5 9cf6709de35bf0f3 12af6a34778710db f44f74b3451aa593 0708923badf2ff5d f2e30efbd27bee51 3734d3b0b9232538 ca4de5b8a7bda9df bc2ae5f4e5d53e00 bb7515be835dea49 95ecdbff44ad0b60 1dc7139adba034ec da904d2a54ff8cf2 d64c06baf5ef1c90 3d93a60f990a0a7c 238ec735a13a3f09 c810ac016901e8ac 36d33c41812ce7dc 5430097e23000368 cc861214a89ef1f4 e5fb8dc5c9cb4a19 d6ed7e4b14c51296 b8e2f75014710ced 00d9f8d3f7d412b3 83f8aca6ee2caabc 52e459a551d4ac2d f28fb3d9880c5d4c 61ba7707ef6a5a99
379,bb7515be835dea49 419b5dc40744fb9b 87c5481930cfe126 4b05967001421eab 97d696011258825c 88b62355670ec8f8 eff60ceea8817dad eab15ee21e126f6a b05b5f6850cfa158 d16da1fb61813db9 cc0c9419f8a20603 5547f9f1638ac345 f49e13a653cbdad2 3e8e56f639a5db5b 01b3da54ffb158a0 ec1b3d7ccd3984d0 fa173131f15f5534 43b3338423d7386c 99e833818ec4bbf2 b84b6c0b2e4d0306 4e966bb2768c2b8a f209d29f991432f0 0a79fabc6f5d93c9 061f3e1feeaa3094 01e5a6edcee7deb0 a04d6febd82a4389 42bb83d7c4b9ecae 3cb6b40d377e7ca8 f58ff7f1a6cde683 bd713b37b67866c3
380,0c15f252d30646fc 1a05ef8c93af8eed 63d509cd2a2e0e47 db0e648651f4c92b 8700059e85433b32 9c9ebf71707d7a37 49b5678e0d1e5bcd 0220a434aa8bf029 0add47a043c64d7f a2c35fdf07a13286 c015590d6a6fe833 ce0f56b7190c268a 83f8f2fc471cad74 aa0789b403bcd839 b6e646c13d0753ae 9fbffc521da97c54 3a6e7894dde31c67 f44f74b3451aa593 87c5481930cfe126 5430097e23000368 a017f3358d5327aa bb7515be835dea49 95ecdbff44ad0b60 c5830f9d0f1e29e5 1dc7139adba034ec da904d2a54ff8cf2 d64c06baf5ef1c90 3d93a60f990a0a7c 238ec735a13a3f09 36d33c41812ce7dc
381,d64c06baf5ef1c90 c810ac016901e8ac 36d33c41812ce7dc 3d93a60f990a0a7c cc861214a89ef1f4 453bc79164d57a01 e5fb8dc5c9cb4a19 b8e2f75014710ced da904d2a54ff8cf2 83f8aca6ee2caabc f28fb3d9880c5d4c d72363ddd958d906 6e1b6b53c9710940 2bafd15871caae91 cba7e22bb383083a 00d9f8d3f7d412b3 2dd12c230ab22555 238ec735a13a3f09 059bbdbdb843af6a 0b774cf90856c4da 0c2eeab1e4ce1db8 5430097e23000368 42c9b72cc77dcb28 d6ed7e4b14c51296 4105533fe46dfba9 52e459a551d4ac2d 61ba7707ef6a5a99 a677c3a76055a6d2 27a12f29dceccdbd 8b7c486a910dd004
382,0b774cf90856c4da fd30682593995748 7c9248ed6224aa26 2b48ab08c915c0ad 00ff646ca6637bd7 fc8971756f9ec194 451e7ba901ad661d 9f27aa36c1ea793c 120e745e2961b5d5 d64c06baf5ef1c90 64907c4568244eb4 c810ac016901e8ac 36d33c41812ce7dc a84cd36608cb8665 bc27d5dc9bab1c18 9d5edf3b993fee50 537a55eda51a3f60 18b1d2d84c97a364 e7828f0ea9749505 9c9a9d45c2ea7ddf 27a12f29dceccdbd 5570ef88d970e9b4 5430097e23000368 4c3802a1bd3c842e 059bbdbdb843af6a cba7e22bb383083a a14394322cf7043d 00d9f8d3f7d412b3 83f8aca6ee2caabc d72363ddd958d906
383,c14d5b16840d3032 5057551fc55e9ed2 5430097e23000368 d73a65673e3f1d78 128d583954b18074 c31a456b544a40a8 4d7653ea9499eed4 9a0f5ee4f845c9b2 0bcaac840d5e66d7 c28bc62802b90f82 702d8f1064ab3e30 3986b68500d7704b 3fa57d488e979d74 e0269da736ddf004 bd713b37b67866c3 fd30682593995748 2a06f5614060e3b6 e25a1da6ca187350 39f6296778264878 ff88049e61f0f4ef e7cad3748e50b0f8 0708923badf2ff5d 734dabb98795c35c 942a7d26d81c841f bd0f175ee98c613e ae94d8435a6847f4 b6d0f83aad4e4dc7 b24820ae14e16a24 622f2e4119882c94 52370bea1acd0600
384,52370bea1acd0600 3a6e7894dde31c67 3c565c1fc2316d16 285657fcdf89f00d a60934e6b473097a e8684734f2e587bd 447fc00f40d71d08 24e582daf6f87158 0451447dd64f6284 c015590d6a6fe833 3b4a85bac6ead3c8 3b6d27775fce1c7b b6a1c97f19af78d0 a2c35fdf07a13286 395b26d91f98bd92 8566d15270eb5e83 4f915ad69e1dca36 50cb6a6c60ad711a b84b6c0b2e4d0306 8dedff0a79784abc f1a3b8b13e9401c0 b2ee9eea2d974c90 7c8324ce28ffb96e c143c095983a65c2 f29eee8054c061e1 e740c80fce094788 0f33ce8d8014f308 48cf88c17ff38c5e 133b04350c75770b e9c20b67a4c5395f
385,28a2067685cb3e97 f76f44d372517a9a 8e0760918e88e4a9 c5830f9d0f1e29e5 db69d4cbfef8d22f 589ef345cb2dccfc 8faeacf8ca08f62d f46601a9955f9949 9cf6709de35bf0f3 bd0f175ee98c613e ec4ef2f727e7a03f 1d0f5fdc58e3efb5 f44f74b3451aa593 095bb1b6ecbd0a50 8fc68213b63951dc eec6b281e236b500 b3ad55963554f220 f25bfcffedaccf28 393f49286db04aeb e1460af4a7044067 abf90e759d208468 955e465ce0788ea6 a813c15b46ceaf68 26fc2a95df5659c2 5b16bae6a0de7c88 0708923badf2ff5d 2810fb6f81d1711c 01b3da54ffb158a0 528161039994b4dc f2e30efbd27bee51
386,1fe79c7de59ff6c6 522bd6887960c25d 63d509cd2a2e0e47 07be6a290720707d 0add47a043c64d7f bf973f9ec3600199 3e66b4855d0dddbe ca4de5b8a7bda9df e8ad5e31484ef889 ba5199dba342af68 e25a1da6ca187350 e403278468d84383 1398b478b71773ed 3c0873ce078d332b ce0f56b7190c268a e8b87ed7db1bcb1f 83b911ff0ff45844 1dc7139adba034ec 8dedff0a79784abc d1e21234d7cc61d2 01b3da54ffb158a0 ec1b3d7ccd3984d0 bc2ae5f4e5d53e00 680bb5c5c3bb6ee1 0a79fabc6f5d93c9 061f3e1feeaa3094 5430097e23000368 3cb6b40d377e7ca8 bd713b37b67866c3 fb8bd6b95eb4702a
387,0d0368139e9a647f 0fbd0f422e926816 72403ecdfe02bba6 00140806971e7a73 b749972436ac9791 05f23e7d05dbf7c2 387e9cd2e5d4ea7d d35e11d3d1ab3c67 73391e0853c1e040 db7342eff9200020 09660f466b38b7ba 5b34da30b93eb123 a9eef13786610446 70776cdd9bb3b7d4 46b99f864d6a075a f705b637f624147e abf90e759d208468 5b16bae6a0de7c88 4522ad78bf79f0c9 f58ff7f1a6cde683 f9c6286cff30aaa8 c08c3765ac609cc0 f2234bb7ce0c6f59 8d58da0e1800dc96 b29ab87af6ea6310 b6d0f83aad4e4dc7 01020d1b0821f4c7 9d5edf3b993fee50 e7cad3748e50b0f8 a14394322cf7043d
388,09bbaa171c20bae3 ec1b3d7ccd3984d0 0a79fabc6f5d93c9 3cb6b40d377e7ca8 48f93f9c2c699e19 e22c35101e190db9 047769588be1aea9 9f4e0d572b1f4e6c 939a1f686ea36c05 45630e1451157ff3 25145708d494530b 855f2f0354e102c7 01b3da54ffb158a0 a813c15b46ceaf68 8699cc5dd4159b69 27bc34b9887bec0d 4fe9e4e55585ba4b 7155e5a86136eb02 3ca7964973437917 061f3e1feeaa3094 4d9214c0925e5af8 90ecb28f2edb9d43 1a05ef8c93af8eed 447fc00f40d71d08 66ccd03c9e03ac06 ec4ef2f727e7a03f 095bb1b6ecbd0a50 0f4c71d341e2d939 522bd6887960c25d f25bfcffedaccf28
389,e1460af4a7044067 828f5dfbbf1272ee 939a1f686ea36c05 1d0f5fdc58e3efb5 95d25d38ba7df9c7 fb2ebcb5335ad2e2 bf973f9ec3600199 eab15ee21e126f6a 877672967d3f70bb d16da1fb61813db9 96e82fa141db9a4b e228204ae08d1355 9269d2b0d877352d 95ecdbff44ad0b60 a860b682add9de1c 5ebb4d2f5f1c1f13 8566d15270eb5e83 4d7653ea9499eed4 a18df74d3a16e9c0 4b05967001421eab e878efab7c37179e e740c80fce094788 c36c2dce0e6e434f a492bd402afd5c71 8e0760918e88e4a9 bb7515be835dea49 5c8c6d9a1fd4c1e0 366a22fce0614fb8 e4a7a996ed6a5a81 acae1d29289b1266
390,eff60ceea8817dad 47fbe21f5c35c7b4 22756be6fd061d4c 2e79d45ba4d1540d f2e30efbd27bee51 9f3d2ca16f358290 73f770f2643a2135 047769588be1aea9 538c7bb968b2154c 5430097e23000368 a18df74d3a16e9c0 d3c4a7db726191e0 a2805ed52b47b8ec b26d8664feb18c8c f29eee8054c061e1 97d696011258825c 07d688f5e2142b87 ce0f56b7190c268a 01ecc81f6341e902 da904d2a54ff8cf2 acf5cb026b3c4551 d64c06baf5ef1c90 3d93a60f990a0a7c 238ec735a13a3f09 c810ac016901e8ac 36d33c41812ce7dc 5879096a38d69fc5 cc861214a89ef1f4 e5fb8dc5c9cb4a19 d6ed7e4b14c51296
391,bfb8032f2183d471 2e4b00c01d58e79e 6204e398d8c7f888 bee46c54461925d0 83f8f2fc471cad74 050544c040f46152 4577ae048ef1967d 7c98dedd223b36c0 4bed80e56ea2e099 8643165b0f53df11 419b5dc40744fb9b 4535ce2e3dced00f 57113c2a4cacd961 b2ee9eea2d974c90 939a1f686ea36c05 e228204ae08d1355 db69d4cbfef8d22f 3e66b4855d0dddbe 964a50d33717c26d 4491016efed845f1 855f2f0354e102c7 4d7653ea9499eed4 702d8f1064ab3e30 96e82fa141db9a4b f76f44d372517a9a 8e0760918e88e4a9 5c8c6d9a1fd4c1e0 366a22fce0614fb8 377c1150c781e37a eab15ee21e126f6a
392,10ad13170242ecae 4a5ac473c9d176ba e7dd56376be2cf1c f25bfcffedaccf28 72b80b099fd64ec4 19e8f436d4b2fc25 2cebd52b41930f0a 16b11706660177ff 7f95168400948588 52aa48c07b34dc88 5547f9f1638ac345 b05b5f6850cfa158 ca43e349133fc0e3 cc0c9419f8a20603 92f42fbd0c38f7fd 45bd99d5d2eef776 c11b97f245a9dfd0 b84b6c0b2e4d0306 a60934e6b473097a bb7515be835dea49 0add47a043c64d7f 40583079f57235a6 c015590d6a6fe833 a0566ca9daca7778 43c354dbf952caaa bd713b37b67866c3 522bd6887960c25d 1d72229ebcc00faf 520ec719078be07c 59c231f8fd21260c
393,3d6880bd12f6613f 3b6d27775fce1c7b 5b4c879fc9c316fb 9c9a9d45c2ea7ddf 45bd99d5d2eef776 c143c095983a65c2 f105a53e5cfae611 ebfda3b48083e390 cea18be9a89d7a81 133b04350c75770b 4d9214c0925e5af8 4f2fffd7528de786 3b4a85bac6ead3c8 1d0f5fdc58e3efb5 b78189788d563693 c36c2dce0e6e434f cc507a0d6fcf4a1c 26140b225c4f8d3f d6bbbd6c4968075a 0688c790d5806540 a76ffccd2f5df1a7 0f33ce8d8014f308 de8e1345e8c305c4 666bdff4faa513ca d92c0298f76ccf77 285657fcdf89f00d bb7515be835dea49 01b3da54ffb158a0 a04d6febd82a4389 ec1b3d7ccd3984d0
394,d216e5458ad70e60 e8ad5e31484ef889 6a9aa1bd93e36e66 07f22a7ad7e4711d 1d72229ebcc00faf 3ca7964973437917 3a6e7894dde31c67 033d905aec273595 b6e646c13d0753ae fb8bd6b95eb4702a 40583079f57235a6 8a5635c748344d47 60a070db9f1869b5 73f770f2643a2135 7c8324ce28ffb96e 1d0f5fdc58e3efb5 a2c35fdf07a13286 5ebb4d2f5f1c1f13 486dd77002936dec bf3ccaba4a3450a8 34a62e66e05f9a44 d5952b2e031c4e7e 01ecc81f6341e902 ad06e9eeea8eb4ea aa967ad3c1f65a29 b69ce8b8154645f8 622f2e4119882c94 da7d3c2d591c4295 955e465ce0788ea6 d1e21234d7cc61d2
395,da904d2a54ff8cf2 5bf89d11a25121d9 fd30682593995748 4483bbdd3241f11a 451e7ba901ad661d 5430097e23000368 7d83ffe83f61bdc4 bbbd5d2fd957e8f7 976baf0e84752a68 5057551fc55e9ed2 197fa50b30d91fe8 d64c06baf5ef1c90 3d93a60f990a0a7c 238ec735a13a3f09 36d33c41812ce7dc c810ac016901e8ac cc861214a89ef1f4 e5fb8dc5c9cb4a19 d6ed7e4b14c51296 b8e2f75014710ced 00d9f8d3f7d412b3 5b4c879fc9c316fb 83f8aca6ee2caabc 52e459a551d4ac2d f28fb3d9880c5d4c 61ba7707ef6a5a99 db0e648651f4c92b d72363ddd958d906 7e4a4a1300b77a06 af8e70f978cd5aee
396,0e45c4c185f35df6 a60934e6b473097a 0a79fabc6f5d93c9 5c4b7558c942a224 81b639b74256b45b 3a6e7894dde31c67 66ccd03c9e03ac06 24e582daf6f87158 b6e72edcad270be0 62431fd374eb99fb 5c8c6d9a1fd4c1e0 f76f44d372517a9a 172bc0ee09332ae9 59c231f8fd21260c 42bb83d7c4b9ecae b05b5f6850cfa158 a2c35fdf07a13286 54a11cbcd7a32af4 8faeacf8ca08f62d 3c565c1fc2316d16 a982b5c3aed39396 72b80b099fd64ec4 828f5dfbbf1272ee 447fc00f40d71d08 24c47959ea77b15b 4d32dae7b43c489a bd0f175ee98c613e 95ecdbff44ad0b60 ec4ef2f727e7a03f ec1b3d7ccd3984d0
397,3a6e7894dde31c67 ec1b3d7ccd3984d0 0a79fabc6f5d93c9 d216e5458ad70e60 3cb6b40d377e7ca8 033d905aec273595 25145708d494530b 48f93f9c2c699e19 e22c35101e190db9 8699cc5dd4159b69 d1e21234d7cc61d2 34a62e66e05f9a44 4fe9e4e55585ba4b 3d6880bd12f6613f 45630e1451157ff3 7155e5a86136eb02 e403278468d84383 03dfe518713e006c fb8bd6b95eb4702a 09bbaa171c20bae3 27bc34b9887bec0d 8a5635c748344d47 60a070db9f1869b5 da7d3c2d591c4295 e8684734f2e587bd d63b7f083330247f 22756be6fd061d4c 8bf446c0455e3c5c b6e646c13d0753ae 3ca7964973437917
398,3a6e7894dde31c67 6899956cd6c683f0 da904d2a54ff8cf2 d64c06baf5ef1c90 3d93a60f990a0a7c 238ec735a13a3f09 c810ac016901e8ac 36d33c41812ce7dc 5430097e23000368 cc861214a89ef1f4 e5fb8dc5c9cb4a19 d6ed7e4b14c51296 b8e2f75014710ced 00d9f8d3f7d412b3 83f8aca6ee2caabc 52e459a551d4ac2d f28fb3d9880c5d4c 61ba7707ef6a5a99 db0e648651f4c92b d72363ddd958d906 7e4a4a1300b77a06 af8e70f978cd5aee 6e1b6b53c9710940 2bafd15871caae91 ae77487a89f2610c 453bc79164d57a01 7d83ffe83f61bdc4 9f27aa36c1ea793c e7828f0ea9749505 6461a9faa871b3ac
399,155600e5f1221f8c ecb768ef6fd223ca 2820628e65a062e2 6461a9faa871b3ac 190ab585fd379f0f bd9cd6b87a4fe0ce 7cea1f637ea3f37d 61ba7707ef6a5a99 1a8e5d6512d9e2d8 120e745e2961b5d5 976baf0e84752a68 4d29c6922b2d0d56 74873b42602d8958 b0b5e62a93a2c37c 628accd9be98503c 8abe670908f12614 5c4b7558c942a224 24e582daf6f87158 bb7515be835dea49 3c565c1fc2316d16 20d283a232dfd13c 24c47959ea77b15b a60934e6b473097a 3e66b4855d0dddbe f48d0fbea7dc2782 bd713b37b67866c3 522bd6887960c25d 81b639b74256b45b c015590d6a6fe833 64b31699d7d15934
400,74e59c5820900b17 c08c3765ac609cc0 ffc688c4c1c2a068 dac29ed8400b50cc 2359719a0f40ffac 54f55c74d37db3c0 f705b637f624147e a9eef13786610446 05f23e7d05dbf7c2 44d324ebd3e22ad7 4d417b203b333363 2810fb6f81d1711c e14a893f1918277e 42a5cae2a3a45557 6d80d2e62d01f6bc bed3e73d52011f68 8d58da0e1800dc96 5b34da30b93eb123 2a06f5614060e3b6 65fac1ba1840000f 622f2e4119882c94 b749972436ac9791 e7cad3748e50b0f8 00140806971e7a73 050544c040f46152 0eafda717681bbdc a677c3a76055a6d2 0fbd0f422e926816 0d0368139e9a647f 63d95d5977c2fe98
401,c08c3765ac609cc0 05f23e7d05dbf7c2 f705b637f624147e 0fbd0f422e926816 a9eef13786610446 b749972436ac9791 00140806971e7a73 0d0368139e9a647f 74e59c5820900b17 8d58da0e1800dc96 ffc688c4c1c2a068 dac29ed8400b50cc 2359719a0f40ffac 5b34da30b93eb123 54f55c74d37db3c0 e7cad3748e50b0f8 72403ecdfe02bba6 387e9cd2e5d4ea7d 73391e0853c1e040 44d324ebd3e22ad7 4d417b203b333363 2810fb6f81d1711c 4a5ac473c9d176ba 63d95d5977c2fe98 d35e11d3d1ab3c67 e14a893f1918277e 42a5cae2a3a45557 6d80d2e62d01f6bc 46b99f864d6a075a 70776cdd9bb3b7d4
402,ae94d8435a6847f4 bd0f175ee98c613e b6e72edcad270be0 3b4a85bac6ead3c8 2e031d83339759b2 f25bfcffedaccf28 da011b87595c1019 a292248bb2bffb3d 0e45c4c185f35df6 dc12cc503ac0eddb 8dedff0a79784abc bf973f9ec3600199 520ec719078be07c e403278468d84383 3c565c1fc2316d16 587e0b2a4811fab1 58654e3143c6550b 07f22a7ad7e4711d 24c47959ea77b15b 8699cc5dd4159b69 3e66b4855d0dddbe 4d954d933e606b70 f48d0fbea7dc2782 e4a7a996ed6a5a81 22756be6fd061d4c e8684734f2e587bd e7cad3748e50b0f8 24e582daf6f87158 9f4e0d572b1f4e6c 8643165b0f53df11
403,af41e2b6da3e7e02 1d0f5fdc58e3efb5 e1460af4a7044067 828f5dfbbf1272ee b78189788d563693 939a1f686ea36c05 e228204ae08d1355 4d7653ea9499eed4 e878efab7c37179e 96e82fa141db9a4b 9269d2b0d877352d c36c2dce0e6e434f 95d25d38ba7df9c7 fb2ebcb5335ad2e2 a860b682add9de1c a492bd402afd5c71 bf973f9ec3600199 95ecdbff44ad0b60 8e0760918e88e4a9 5c8c6d9a1fd4c1e0 366a22fce0614fb8 666bdff4faa513ca eab15ee21e126f6a 8566d15270eb5e83 e4a7a996ed6a5a81 877672967d3f70bb 047769588be1aea9 0683b6a78f54be75 d16da1fb61813db9 587e0b2a4811fab1
404,0fbd0f422e926816 46b99f864d6a075a 73391e0853c1e040 0d0368139e9a647f 72403ecdfe02bba6 00140806971e7a73 387e9cd2e5d4ea7d d35e11d3d1ab3c67 b749972436ac9791 05f23e7d05dbf7c2 abf90e759d208468 b6d0f83aad4e4dc7 5b16bae6a0de7c88 01020d1b0821f4c7 f58ff7f1a6cde683 09660f466b38b7ba f9c6286cff30aaa8 8d58da0e1800dc96 b29ab87af6ea6310 db7342eff9200020 d46598813fb437e5 5b34da30b93eb123 e7cad3748e50b0f8 33856365c271aea4 a14394322cf7043d f705b637f624147e 4a5ac473c9d176ba ac9ee0c09b538140 a9eef13786610446 5a1149fbcbd37376
405,6e239f4dd4b6aed7 a18df74d3a16e9c0 c08c3765ac609cc0 05f23e7d05dbf7c2 0d0368139e9a647f 0fbd0f422e926816 00140806971e7a73 f705b637f624147e a9eef13786610446 b749972436ac9791 74e59c5820900b17 8d58da0e1800dc96 5b34da30b93eb123 dac29ed8400b50cc ac9ee0c09b538140 ffc688c4c1c2a068 54f55c74d37db3c0 2359719a0f40ffac 73391e0853c1e040 e7cad3748e50b0f8 44d324ebd3e22ad7 42a5cae2a3a45557 0eafda717681bbdc 72403ecdfe02bba6 bed3e73d52011f68 4d417b203b333363 b6d0f83aad4e4dc7 4a5ac473c9d176ba 20d283a232dfd13c 387e9cd2e5d4ea7d
406,bb7515be835dea49 01b3da54ffb158a0 a04d6febd82a4389 ec1b3d7ccd3984d0 f58ff7f1a6cde683 0a79fabc6f5d93c9 061f3e1feeaa3094 3cb6b40d377e7ca8 bd713b37b67866c3 522bd6887960c25d fb8bd6b95eb4702a 25145708d494530b 54f55c74d37db3c0 538c7bb968b2154c 19e8f436d4b2fc25 64b31699d7d15934 2cebd52b41930f0a 40583079f57235a6 8699cc5dd4159b69 95d25d38ba7df9c7 fb2ebcb5335ad2e2 9fda36f260eec24e 8a5635c748344d47 b9d966ad9e04127a bf973f9ec3600199 60a070db9f1869b5 4fe9e4e55585ba4b eab15ee21e126f6a 877672967d3f70bb 52aa48c07b34dc88
407,898a4921ab9f4cce 39f6296778264878 74244a8703c03720 d64c06baf5ef1c90 a14394322cf7043d bc27d5dc9bab1c18 c810ac016901e8ac 36d33c41812ce7dc 18b1d2d84c97a364 27a12f29dceccdbd 5570ef88d970e9b4 4c3802a1bd3c842e d92c0298f76ccf77 cba7e22bb383083a ffa9091747ae2466 c606425856952286 bd0f175ee98c613e 26fc2a95df5659c2 059bbdbdb843af6a 1f4f62844c3cb99c 8f578001f9d5f543 016da874bd04df55 2e44fbb8bc3d8d71 c28bc62802b90f82 025a148c3a53bd9f f9c6286cff30aaa8 bed3e73d52011f68 3d93a60f990a0a7c ce0f56b7190c268a 033d905aec273595
408,26140b225c4f8d3f 59c231f8fd21260c e5fb8dc5c9cb4a19 48a76e3aff69d605 1efd7bd8a34a1359 6899956cd6c683f0 e6a29676c096f8e8 5c4b7558c942a224 95166957b2c38794 5430097e23000368 63d509cd2a2e0e47 a0566ca9daca7778 c015590d6a6fe833 83f8f2fc471cad74 29bedd00fb2be056 cc861214a89ef1f4 61ba7707ef6a5a99 197fa50b30d91fe8 b6e646c13d0753ae 9fbffc521da97c54 9f27aa36c1ea793c acae1d29289b1266 2901e5309bb3f8f6 8faeacf8ca08f62d f46601a9955f9949 3734d3b0b9232538 bd0f175ee98c613e 39075e303166355e ec4ef2f727e7a03f 095bb1b6ecbd0a50
409,5430097e23000368 28403e62105b00f6 ce8cb4351b8c0f6e 9ab90dfc5c9b0b37 919b1679fffa7ef1 7f29daa16b9b4cda f6d23cdd2359f7c0 04886579947a80c2 f44f74b3451aa593 87c5481930cfe126 da904d2a54ff8cf2 d64c06baf5ef1c90 3d93a60f990a0a7c 238ec735a13a3f09 36d33c41812ce7dc c810ac016901e8ac cc861214a89ef1f4 e5fb8dc5c9cb4a19 d6ed7e4b14c51296 b8e2f75014710ced 00d9f8d3f7d412b3 83f8aca6ee2caabc 52e459a551d4ac2d f28fb3d9880c5d4c 61ba7707ef6a5a99 db0e648651f4c92b d72363ddd958d906 7e4a4a1300b77a06 af8e70f978cd5aee 6e1b6b53c9710940
410,f46601a9955f9949 393f49286db04aeb 8fc68213b63951dc 942a7d26d81c841f a813c15b46ceaf68 daa257a37227cd72 0db6584e3bdfa1c4 5fb2d8e734956af0 796888cc3443006c 59bf6d6df9146d60 bb7515be835dea49 a04d6febd82a4389 8faeacf8ca08f62d d5805cdb9e8f0f48 73391e0853c1e040 29bedd00fb2be056 ae94d8435a6847f4 e5fb8dc5c9cb4a19 2901e5309bb3f8f6 39075e303166355e acae1d29289b1266 197fa50b30d91fe8 b3ad55963554f220 4491016efed845f1 24e582daf6f87158 ec4ef2f727e7a03f 095bb1b6ecbd0a50 528161039994b4dc 1f4f62844c3cb99c 8f578001f9d5f543
411,28a2067685cb3e97 70ebf53ced736fa4 b9d966ad9e04127a 5f94b027039f4e48 50cb6a6c60ad711a 7ee52d2519eea367 da011b87595c1019 7155e5a86136eb02 dea5e9227fbbac29 81b7c7e312bfa1a0 d1e21234d7cc61d2 3b6d27775fce1c7b 2e2904c5373734ae a60934e6b473097a ad06e9eeea8eb4ea 4f915ad69e1dca36 c015590d6a6fe833 8dedff0a79784abc ce0f56b7190c268a c143c095983a65c2 7c8324ce28ffb96e 40583079f57235a6 0451447dd64f6284 24e582daf6f87158 5430097e23000368 bb7515be835dea49 58654e3143c6550b d257d1fbcf43abd5 e9c20b67a4c5395f 148ac4a56a18844d
412,e5fb8dc5c9cb4a19 65d44c6393907290 db7342eff9200020 5b34da30b93eb123 005666aa098abe8e 0d0368139e9a647f 197fa50b30d91fe8 b8e2f75014710ced 72403ecdfe02bba6 00140806971e7a73 636224e349e561bf 12af6a34778710db b749972436ac9791 ffa9091747ae2466 a9eef13786610446 20d283a232dfd13c 2a06f5614060e3b6 70776cdd9bb3b7d4 4522ad78bf79f0c9 24e582daf6f87158 dac29ed8400b50cc 05f23e7d05dbf7c2 0fbd0f422e926816 a5f55580081236f4 781f4d0147aef776 ffc688c4c1c2a068 64b31699d7d15934 2359719a0f40ffac 0db6584e3bdfa1c4 2810fb6f81d1711c
413,4d32dae7b43c489a d7d937303a6d5a9d 8faeacf8ca08f62d d9885881381fd10a bd0f175ee98c613e a65e30106ea50423 095bb1b6ecbd0a50 8fc68213b63951dc eec6b281e236b500 99e833818ec4bbf2 a5d5ba33b5b1dc95 e8684734f2e587bd a813c15b46ceaf68 5ebb4d2f5f1c1f13 26fc2a95df5659c2 01e5a6edcee7deb0 1f4f62844c3cb99c 8f578001f9d5f543 29968e8fd13539f8 702d8f1064ab3e30 b3e75fdca5ca2f1a 0647acc4602d4e8f 01b3da54ffb158a0 bc2ae5f4e5d53e00 bed3e73d52011f68 01020d1b0821f4c7 ffa9091747ae2466 2a06f5614060e3b6 a60934e6b473097a 061f3e1feeaa3094
414,8dc313a2cf9da354 7c9248ed6224aa26 190ab585fd379f0f da904d2a54ff8cf2 b50b4e27b03c7b37 d6ed7e4b14c51296 00d9f8d3f7d412b3 83f8aca6ee2caabc 52e459a551d4ac2d 61ba7707ef6a5a99 8b7c486a910dd004 d72363ddd958d906 9c9a9d45c2ea7ddf af8e70f978cd5aee 453bc79164d57a01 9f27aa36c1ea793c e7828f0ea9749505 6461a9faa871b3ac ee3ed9a3f51336cd b0b5e62a93a2c37c 37001ade0df85823 a1314cd417504572 3d93a60f990a0a7c 22e8d6734e4121ae 4483bbdd3241f11a 2b48ab08c915c0ad cec2eea2a1fe566a c05f45f86d0771d5 5430097e23000368 059bbdbdb843af6a
415,047769588be1aea9 e8684734f2e587bd d64c06baf5ef1c90 36d33c41812ce7dc c810ac016901e8ac 1d0f5fdc58e3efb5 b78189788d563693 bc27d5dc9bab1c18 18b1d2d84c97a364 cba7e22bb383083a 27a12f29dceccdbd 5570ef88d970e9b4 4c3802a1bd3c842e 3d93a60f990a0a7c 059bbdbdb843af6a cc861214a89ef1f4 bd0f175ee98c613e e5fb8dc5c9cb4a19 b8e2f75014710ced 00d9f8d3f7d412b3 83f8aca6ee2caabc f28fb3d9880c5d4c d72363ddd958d906 666bdff4faa513ca 6e1b6b53c9710940 2bafd15871caae91 26fc2a95df5659c2 0683b6a78f54be75 453bc79164d57a01 1f4f62844c3cb99c
416,0add47a043c64d7f f25bfcffedaccf28 72b80b099fd64ec4 16b11706660177ff 7f95168400948588 5547f9f1638ac345 ca43e349133fc0e3 19e8f436d4b2fc25 2cebd52b41930f0a b84b6c0b2e4d0306 52aa48c07b34dc88 b05b5f6850cfa158 cc0c9419f8a20603 92f42fbd0c38f7fd 45bd99d5d2eef776 c11b97f245a9dfd0 1d72229ebcc00faf 6899956cd6c683f0 a0566ca9daca7778 43c354dbf952caaa d73a65673e3f1d78 128d583954b18074 3986b68500d7704b 3fa57d488e979d74 ff88049e61f0f4ef af8e70f978cd5aee 4b8c7061102517ef 622f2e4119882c94 bd713b37b67866c3 fd30682593995748
417,377c1150c781e37a 3b6d27775fce1c7b 828f5dfbbf1272ee fd57e641d06ebda7 e878efab7c37179e a860b682add9de1c 95ecdbff44ad0b60 5c8c6d9a1fd4c1e0 587e0b2a4811fab1 1d0f5fdc58e3efb5 e740c80fce094788 e1460af4a7044067 939a1f686ea36c05 8faeacf8ca08f62d e228204ae08d1355 5430097e23000368 f76f44d372517a9a 3d93a60f990a0a7c 2394b08708475900 4d7653ea9499eed4 bd0f175ee98c613e ec4ef2f727e7a03f 095bb1b6ecbd0a50 8fc68213b63951dc eec6b281e236b500 96e82fa141db9a4b 72b80b099fd64ec4 9269d2b0d877352d c36c2dce0e6e434f 95d25d38ba7df9c7
418,daa257a37227cd72 8fc68213b63951dc a813c15b46ceaf68 bfb8032f2183d471 377c1150c781e37a f46601a9955f9949 393f49286db04aeb 942a7d26d81c841f d6ed7e4b14c51296 0db6584e3bdfa1c4 f76f44d372517a9a 24e582daf6f87158 976baf0e84752a68 73391e0853c1e040 796888cc3443006c 72b80b099fd64ec4 828f5dfbbf1272ee 59bf6d6df9146d60 5fb2d8e734956af0 4d32dae7b43c489a 8faeacf8ca08f62d 16b11706660177ff 3d93a60f990a0a7c 0a79fabc6f5d93c9 d7d937303a6d5a9d a60934e6b473097a 5547f9f1638ac345 73f770f2643a2135 bd0f175ee98c613e ec4ef2f727e7a03f
419,238ec735a13a3f09 2b48ab08c915c0ad 00d9f8d3f7d412b3 9f27aa36c1ea793c e7828f0ea9749505 6461a9faa871b3ac 72b80b099fd64ec4 e1460af4a7044067 ee3ed9a3f51336cd 9fda36f260eec24e 4e966bb2768c2b8a 172bc0ee09332ae9 54a11cbcd7a32af4 19e8f436d4b2fc25 428f9363fa35882d b24820ae14e16a24 cc507a0d6fcf4a1c e403278468d84383 bfb8032f2183d471 83b911ff0ff45844 ca4de5b8a7bda9df 5430097e23000368 d5952b2e031c4e7e 4dba7ce835494a63 922e625fae98b3b9 00d9eb862ba3dfc6 0195950ce0f47e34 24e582daf6f87158 bb7515be835dea49 3c565c1fc2316d16
420,bd713b37b67866c3 a04d6febd82a4389 64b31699d7d15934 f76f44d372517a9a ec4ef2f727e7a03f 20d283a232dfd13c 025a148c3a53bd9f bb7515be835dea49 9cf6709de35bf0f3 db69d4cbfef8d22f c5830f9d0f1e29e5 430feb4826a5632e 2810fb6f81d1711c 1f4f62844c3cb99c 90ecb28f2edb9d43 46315cf30aaee51c 6c017e548aa138f2 522bd6887960c25d 3d93a60f990a0a7c 09bbaa171c20bae3 f44f74b3451aa593 9fda36f260eec24e b9d966ad9e04127a 3c565c1fc2316d16 047769588be1aea9 f2e30efbd27bee51 395b26d91f98bd92 3734d3b0b9232538 01b3da54ffb158a0 24c47959ea77b15b
421,955e465ce0788ea6 a52df8083c238c46 bf3ccaba4a3450a8 73f770f2643a2135 29bedd00fb2be056 b69ce8b8154645f8 622f2e4119882c94 49224aca40e6e5e3 796888cc3443006c 853e36b1550c6274 34a62e66e05f9a44 d6bbbd6c4968075a d46598813fb437e5 59bf6d6df9146d60 5fb2d8e734956af0 d257d1fbcf43abd5 ac9ee0c09b538140 5ebb4d2f5f1c1f13 6d80d2e62d01f6bc 6a9aa1bd93e36e66 033d905aec273595 65d44c6393907290 01ecc81f6341e902 a982b5c3aed39396 7c8324ce28ffb96e 22756be6fd061d4c 63d95d5977c2fe98 6aac5e116b75aa22 a9dad59c7055b56c 4e966bb2768c2b8a
422,50ba507a268872e1 b50b4e27b03c7b37 00ff646ca6637bd7 0cd920bad11c716d d64c7c3b658689f4 70776cdd9bb3b7d4 26f72a4eb15ea8c0 d64c06baf5ef1c90 c810ac016901e8ac 36d33c41812ce7dc 00d9f8d3f7d412b3 64267373570e4ea3 83f8aca6ee2caabc f28fb3d9880c5d4c d72363ddd958d906 976baf0e84752a68 cba7e22bb383083a 0c2eeab1e4ce1db8 22e8d6734e4121ae 5430097e23000368 8b7c486a910dd004 bc27d5dc9bab1c18 7cea1f637ea3f37d 18b1d2d84c97a364 1ba7a50457e93996 27a12f29dceccdbd 316382267dcd804f 055d895a3b26e466 2820628e65a062e2 120e745e2961b5d5
423,6e1b6b53c9710940 74873b42602d8958 7d83ffe83f61bdc4 bbbd5d2fd957e8f7 976baf0e84752a68 fd30682593995748 4d29c6922b2d0d56 8abe670908f12614 4483bbdd3241f11a 069e7e25e43deab3 9b0e8cf8153e3b33 e5fb8dc5c9cb4a19 b8e2f75014710ced 2bafd15871caae91 2dd12c230ab22555 5430097e23000368 0c2eeab1e4ce1db8 9a0f5ee4f845c9b2 0bcaac840d5e66d7 c28bc62802b90f82 702d8f1064ab3e30 3986b68500d7704b 4d7653ea9499eed4 ff88049e61f0f4ef e0269da736ddf004 bd713b37b67866c3 2a06f5614060e3b6 3fa57d488e979d74 52370bea1acd0600 39f6296778264878
424,95d25d38ba7df9c7 1d0f5fdc58e3efb5 20db73cf07a45f71 e1460af4a7044067 828f5dfbbf1272ee 6899956cd6c683f0 939a1f686ea36c05 e228204ae08d1355 4d7653ea9499eed4 9fda36f260eec24e e878efab7c37179e 96e82fa141db9a4b 9269d2b0d877352d c36c2dce0e6e434f fb2ebcb5335ad2e2 a860b682add9de1c a492bd402afd5c71 bf973f9ec3600199 42bb83d7c4b9ecae 95ecdbff44ad0b60 8e0760918e88e4a9 5c8c6d9a1fd4c1e0 366a22fce0614fb8 eab15ee21e126f6a 52370bea1acd0600 8566d15270eb5e83 e4a7a996ed6a5a81 877672967d3f70bb 7ee52d2519eea367 d16da1fb61813db9
425,428f9363fa35882d 00e1e2eb13f650e4 3c565c1fc2316d16 447fc00f40d71d08 3b4a85bac6ead3c8 8566d15270eb5e83 bb7515be835dea49 95ecdbff44ad0b60 c5830f9d0f1e29e5 5430097e23000368 1dc7139adba034ec d73a65673e3f1d78 128d583954b18074 ff88049e61f0f4ef 3fa57d488e979d74 3986b68500d7704b 702d8f1064ab3e30 e0269da736ddf004 bd713b37b67866c3 fd30682593995748 c28bc62802b90f82 0bcaac840d5e66d7 9a0f5ee4f845c9b2 39f6296778264878 4d7653ea9499eed4 942a7d26d81c841f bd0f175ee98c613e ae94d8435a6847f4 b6d0f83aad4e4dc7 b24820ae14e16a24
426,2e4b00c01d58e79e 6204e398d8c7f888 419b5dc40744fb9b bb7515be835dea49 050544c040f46152 5430097e23000368 bee46c54461925d0 4535ce2e3dced00f 83f8f2fc471cad74 57113c2a4cacd961 b2ee9eea2d974c90 bfb8032f2183d471 4577ae048ef1967d 7c98dedd223b36c0 4bed80e56ea2e099 453bc79164d57a01 8643165b0f53df11 da904d2a54ff8cf2 01b3da54ffb158a0 a04d6febd82a4389 ec1b3d7ccd3984d0 d64c06baf5ef1c90 f58ff7f1a6cde683 3d93a60f990a0a7c 238ec735a13a3f09 36d33c41812ce7dc c810ac016901e8ac 0a79fabc6f5d93c9 061f3e1feeaa3094 8b7c486a910dd004
427,a2c35fdf07a13286 24e582daf6f87158 3c565c1fc2316d16 20d283a232dfd13c 24c47959ea77b15b a60934e6b473097a 3e66b4855d0dddbe f48d0fbea7dc2782 bd713b37b67866c3 522bd6887960c25d 81b639b74256b45b c015590d6a6fe833 64b31699d7d15934 9fda36f260eec24e 0db6584e3bdfa1c4 b9d966ad9e04127a 3b6d27775fce1c7b 4b29fc21f912754d 66ccd03c9e03ac06 a76ffccd2f5df1a7 62431fd374eb99fb 5897953fdf87b60f 0f4c71d341e2d939 42bb83d7c4b9ecae cea18be9a89d7a81 172bc0ee09332ae9 395b26d91f98bd92 b6e72edcad270be0 0e45c4c185f35df6 4f915ad69e1dca36
428,24e582daf6f87158 c143c095983a65c2 4f915ad69e1dca36 50cb6a6c60ad711a e9c20b67a4c5395f 8dedff0a79784abc 7c8324ce28ffb96e ad06e9eeea8eb4ea 35488b3b8b781278 0451447dd64f6284 c015590d6a6fe833 28a2067685cb3e97 3b6d27775fce1c7b b6a1c97f19af78d0 58654e3143c6550b d257d1fbcf43abd5 148ac4a56a18844d ce0f56b7190c268a 52370bea1acd0600 1d0f5fdc58e3efb5 0f33ce8d8014f308 285657fcdf89f00d 9b0e8cf8153e3b33 a60934e6b473097a 3a6e7894dde31c67 70ebf53ced736fa4 98dbd15aa33ebc18 3b4a85bac6ead3c8 40583079f57235a6 5f94b027039f4e48
429,00d9f8d3f7d412b3 453bc79164d57a01 1efd7bd8a34a1359 c015590d6a6fe833 83f8f2fc471cad74 63d509cd2a2e0e47 b6e646c13d0753ae 9fbffc521da97c54 da904d2a54ff8cf2 3a6e7894dde31c67 d64c06baf5ef1c90 3d93a60f990a0a7c 238ec735a13a3f09 c810ac016901e8ac 36d33c41812ce7dc 5430097e23000368 cc861214a89ef1f4 e5fb8dc5c9cb4a19 d6ed7e4b14c51296 b8e2f75014710ced 83f8aca6ee2caabc 52e459a551d4ac2d f28fb3d9880c5d4c 61ba7707ef6a5a99 db0e648651f4c92b d72363ddd958d906 7e4a4a1300b77a06 af8e70f978cd5aee 6e1b6b53c9710940 2bafd15871caae91
430,919b1679fffa7ef1 28403e62105b00f6 dc576af4ae66e25e bee46c54461925d0 29968e8fd13539f8 ba5199dba342af68 f44f74b3451aa593 87c5481930cfe126 0eb4de784c8dd679 db0e648651f4c92b 9c9ebf71707d7a37 1a05ef8c93af8eed 2e79d45ba4d1540d bb7515be835dea49 5430097e23000368 3fa57d488e979d74 d1e21234d7cc61d2 3a6e7894dde31c67 95ecdbff44ad0b60 c5830f9d0f1e29e5 f6d23cdd2359f7c0 1dc7139adba034ec 10ad13170242ecae 00d9eb862ba3dfc6 0bcaac840d5e66d7 702d8f1064ab3e30 3986b68500d7704b 6e1b6b53c9710940 ff88049e61f0f4ef e0269da736ddf004
431,4a5ac473c9d176ba 10ad13170242ecae e7dd56376be2cf1c e0269da736ddf004 e403278468d84383 5430097e23000368 0a49074a4158155b 47fbe21f5c35c7b4 52370bea1acd0600 4d7653ea9499eed4 9a0f5ee4f845c9b2 0bcaac840d5e66d7 c28bc62802b90f82 702d8f1064ab3e30 3986b68500d7704b 3fa57d488e979d74 bd713b37b67866c3 fd30682593995748 2a06f5614060e3b6 39f6296778264878 ff88049e61f0f4ef 734dabb98795c35c 942a7d26d81c841f bd0f175ee98c613e ae94d8435a6847f4 b6d0f83aad4e4dc7 b24820ae14e16a24 622f2e4119882c94 4b8c7061102517ef bbbd5d2fd957e8f7
432,120e745e2961b5d5 7c9248ed6224aa26 fc8971756f9ec194 b0b5e62a93a2c37c 37001ade0df85823 f28fb3d9880c5d4c 2b48ab08c915c0ad 0b774cf90856c4da 2e44fbb8bc3d8d71 0c2eeab1e4ce1db8 9f27aa36c1ea793c 42c9b72cc77dcb28 351c9da399c2b915 a677c3a76055a6d2 fd30682593995748 64907c4568244eb4 8dc313a2cf9da354 b50b4e27b03c7b37 016da874bd04df55 a84cd36608cb8665 9d5edf3b993fee50 2bafd15871caae91 da904d2a54ff8cf2 00ff646ca6637bd7 ddf332f2b55a2a23 2dd12c230ab22555 fab14d178b24a67f 451e7ba901ad661d 537a55eda51a3f60 d6ed7e4b14c51296
433,9f4e0d572b1f4e6c 4d9214c0925e5af8 2e031d83339759b2 3b4a85bac6ead3c8 cc861214a89ef1f4 d9885881381fd10a f25bfcffedaccf28 af8e70f978cd5aee a492bd402afd5c71 bd0f175ee98c613e ae77487a89f2610c 81b7c7e312bfa1a0 d257d1fbcf43abd5 4d954d933e606b70 07f22a7ad7e4711d 3c565c1fc2316d16 486dd77002936dec 48cf88c17ff38c5e d0f6c00eec5eb973 fab14d178b24a67f 9113e9dc940fb287 24c47959ea77b15b 1a05ef8c93af8eed 2e79d45ba4d1540d 4105533fe46dfba9 3e66b4855d0dddbe 50806199c80e215c 3ca7964973437917 f48d0fbea7dc2782 0bcaac840d5e66d7
434,e7cad3748e50b0f8 393f49286db04aeb abf90e759d208468 fa173131f15f5534 6c017e548aa138f2 20d283a232dfd13c 9100ea6cd0e084bf a292248bb2bffb3d 12af6a34778710db ae77487a89f2610c daa257a37227cd72 0db6584e3bdfa1c4 ad06e9eeea8eb4ea a14394322cf7043d 40583079f57235a6 acae1d29289b1266 6a9aa1bd93e36e66 413c55a5ab86881a 58654e3143c6550b 07f22a7ad7e4711d 4577ae048ef1967d b6e646c13d0753ae 3ca7964973437917 1d72229ebcc00faf 148ac4a56a18844d 0bcaac840d5e66d7 52370bea1acd0600 2e031d83339759b2 50cb6a6c60ad711a 0451447dd64f6284
435,5570ef88d970e9b4 0b0021aa60d05daa b6cdb608f640e038 ec1b3d7ccd3984d0 0a79fabc6f5d93c9 3cb6b40d377e7ca8 25145708d494530b acf5cb026b3c4551 48f93f9c2c699e19 e22c35101e190db9 8699cc5dd4159b69 34a62e66e05f9a44 c015590d6a6fe833 4fe9e4e55585ba4b 3d6880bd12f6613f 45630e1451157ff3 7155e5a86136eb02 03dfe518713e006c 83f8f2fc471cad74 09bbaa171c20bae3 27bc34b9887bec0d b6e646c13d0753ae 9fbffc521da97c54 9c9a9d45c2ea7ddf c143c095983a65c2 f105a53e5cfae611 133b04350c75770b 4d9214c0925e5af8 26140b225c4f8d3f 10ad13170242ecae
436,5897953fdf87b60f 8e83d05923cde390 0c15f252d30646fc 1dc7139adba034ec 9c9ebf71707d7a37 dc17b07476183764 a0b1f4dd32f3e278 9fbffc521da97c54 3e8e56f639a5db5b 7eec211cc37a1b05 72c2a95813ea72bd 069e7e25e43deab3 6aac5e116b75aa22 106204cd0e07e1b2 d1e21234d7cc61d2 249bf372159f33e9 3734d3b0b9232538 5430097e23000368 d73a65673e3f1d78 24e582daf6f87158 da904d2a54ff8cf2 d64c06baf5ef1c90 3d93a60f990a0a7c bb7515be835dea49 238ec735a13a3f09 36d33c41812ce7dc c810ac016901e8ac 3c565c1fc2316d16 cc861214a89ef1f4 e5fb8dc5c9cb4a19
437,b371170568146b12 24e582daf6f87158 ba5199dba342af68 e25a1da6ca187350 1dc7139adba034ec 3c565c1fc2316d16 e403278468d84383 1fe79c7de59ff6c6 3c0873ce078d332b e8b87ed7db1bcb1f 83b911ff0ff45844 20d283a232dfd13c 24c47959ea77b15b ca4de5b8a7bda9df a60934e6b473097a 3e66b4855d0dddbe f48d0fbea7dc2782 bd713b37b67866c3 522bd6887960c25d 81b639b74256b45b c015590d6a6fe833 64b31699d7d15934 9fda36f260eec24e 0db6584e3bdfa1c4 b9d966ad9e04127a 3b6d27775fce1c7b 4b29fc21f912754d 66ccd03c9e03ac06 d1e21234d7cc61d2 a76ffccd2f5df1a7
438,b6a1c97f19af78d0 3a6e7894dde31c67 c015590d6a6fe833 3b6d27775fce1c7b c143c095983a65c2 24e582daf6f87158 0f33ce8d8014f308 e9c20b67a4c5395f 4f915ad69e1dca36 52370bea1acd0600 50cb6a6c60ad711a 8dedff0a79784abc 285657fcdf89f00d 35488b3b8b781278 0451447dd64f6284 7c8324ce28ffb96e 28a2067685cb3e97 acf5cb026b3c4551 bb7515be835dea49 95ecdbff44ad0b60 c5830f9d0f1e29e5 1dc7139adba034ec d73a65673e3f1d78 128d583954b18074 2a06f5614060e3b6 fd30682593995748 702d8f1064ab3e30 bd713b37b67866c3 e0269da736ddf004 3986b68500d7704b
439,da904d2a54ff8cf2 4483bbdd3241f11a a84cd36608cb8665 5430097e23000368 0b774cf90856c4da 451e7ba901ad661d 537a55eda51a3f60 d64c06baf5ef1c90 3d93a60f990a0a7c 238ec735a13a3f09 c810ac016901e8ac 36d33c41812ce7dc cc861214a89ef1f4 e5fb8dc5c9cb4a19 d6ed7e4b14c51296 f05fa5f57dc03e81 b8e2f75014710ced 00d9f8d3f7d412b3 83f8aca6ee2caabc 52e459a551d4ac2d f28fb3d9880c5d4c 61ba7707ef6a5a99 db0e648651f4c92b d72363ddd958d906 7e4a4a1300b77a06 af8e70f978cd5aee 6e1b6b53c9710940 2bafd15871caae91 ae77487a89f2610c 453bc79164d57a01
440,f76f44d372517a9a 1d0f5fdc58e3efb5 f25bfcffedaccf28 72b80b099fd64ec4 e1460af4a7044067 d216e5458ad70e60 5b4c879fc9c316fb 3c565c1fc2316d16 2e4b00c01d58e79e 01b3da54ffb158a0 ec1b3d7ccd3984d0 828f5dfbbf1272ee 4d32dae7b43c489a 70ebf53ced736fa4 939a1f686ea36c05 16b11706660177ff e228204ae08d1355 24c47959ea77b15b db69d4cbfef8d22f 7f95168400948588 0a79fabc6f5d93c9 061f3e1feeaa3094 447fc00f40d71d08 d7d937303a6d5a9d a60934e6b473097a 3e66b4855d0dddbe 964a50d33717c26d f48d0fbea7dc2782 855f2f0354e102c7 5547f9f1638ac345
441,ca4de5b8a7bda9df e25a1da6ca187350 ba5199dba342af68 3c0873ce078d332b e8b87ed7db1bcb1f 83b911ff0ff45844 1dc7139adba034ec e403278468d84383 1fe79c7de59ff6c6 d1e21234d7cc61d2 589ef345cb2dccfc 8faeacf8ca08f62d a017f3358d5327aa f76f44d372517a9a f46601a9955f9949 ae77487a89f2610c bd0f175ee98c613e ec4ef2f727e7a03f 1d0f5fdc58e3efb5 095bb1b6ecbd0a50 8fc68213b63951dc eec6b281e236b500 b3ad55963554f220 f25bfcffedaccf28 393f49286db04aeb e1460af4a7044067 abf90e759d208468 955e465ce0788ea6 a813c15b46ceaf68 26fc2a95df5659c2
442,0c15f252d30646fc db0e648651f4c92b 9c9ebf71707d7a37 49b5678e0d1e5bcd 64c2e323906b42d3 0add47a043c64d7f 0220a434aa8bf029 aa0789b403bcd839 5d26da95786b3a3a 2e4b00c01d58e79e 50806199c80e215c 964a50d33717c26d 106204cd0e07e1b2 ce2fe99a7cda4a17 b1dcaca98bb76736 feddfcf56818968e a2805ed52b47b8ec 1d0f5fdc58e3efb5 e1460af4a7044067 83b911ff0ff45844 4bed80e56ea2e099 828f5dfbbf1272ee 8643165b0f53df11 939a1f686ea36c05 e228204ae08d1355 4d7653ea9499eed4 d1e21234d7cc61d2 e878efab7c37179e 96e82fa141db9a4b 9269d2b0d877352d
443,128d583954b18074 d73a65673e3f1d78 8e0cc5199a0ee659 1f423f368aebf7f3 74ae9af23a383bf5 ae000f9d0b5e104e 204ec91c39d1479d 8e0760918e88e4a9 dc576af4ae66e25e 09bbaa171c20bae3 27bc34b9887bec0d 765c0695339c3abe 892074f7c1ef5d5e 1c3b74a02a86467d 7ee52d2519eea367 c015590d6a6fe833 83f8f2fc471cad74 b6e646c13d0753ae 9fbffc521da97c54 bc2552a642ce8497 da904d2a54ff8cf2 d64c06baf5ef1c90 3d93a60f990a0a7c 238ec735a13a3f09 36d33c41812ce7dc c810ac016901e8ac 5430097e23000368 cc861214a89ef1f4 e5fb8dc5c9cb4a19 d6ed7e4b14c51296
444,9a439fd1abf95245 00af886180e9eaec 354d7a327bbcc152 b8e2f75014710ced 00ff646ca6637bd7 fc8971756f9ec194 6cb9ab508a0678a0 ce2fe99a7cda4a17 2bafd15871caae91 047769588be1aea9 e5fb8dc5c9cb4a19 bd0f175ee98c613e d64c06baf5ef1c90 26fc2a95df5659c2 37001ade0df85823 1f4f62844c3cb99c c810ac016901e8ac 36d33c41812ce7dc 8f578001f9d5f543 c28bc62802b90f82 bc27d5dc9bab1c18 bed3e73d52011f68 cc861214a89ef1f4 18b1d2d84c97a364 27a12f29dceccdbd 5570ef88d970e9b4 9100ea6cd0e084bf 40583079f57235a6 29bedd00fb2be056 2e44fbb8bc3d8d71
445,4beacc71024f8b08 70ebf53ced736fa4 ad06e9eeea8eb4ea 1d72229ebcc00faf dea5e9227fbbac29 f105a53e5cfae611 62431fd374eb99fb f29eee8054c061e1 96e82fa141db9a4b 069e7e25e43deab3 aa0789b403bcd839 8faeacf8ca08f62d f76f44d372517a9a c49d8f84a4f87f8a 95ecdbff44ad0b60 0079f3c74309b582 bd0f175ee98c613e 00e1e2eb13f650e4 ec4ef2f727e7a03f 095bb1b6ecbd0a50 8fc68213b63951dc eec6b281e236b500 72b80b099fd64ec4 a813c15b46ceaf68 26fc2a95df5659c2 1f4f62844c3cb99c 3734d3b0b9232538 828f5dfbbf1272ee 8f578001f9d5f543 5430097e23000368
446,bb7515be835dea49 4b29fc21f912754d 95ecdbff44ad0b60 a853f13216170123 3c565c1fc2316d16 c5830f9d0f1e29e5 1dc7139adba034ec 24c47959ea77b15b 3e66b4855d0dddbe f48d0fbea7dc2782 5b4c879fc9c316fb 66ccd03c9e03ac06 a76ffccd2f5df1a7 62431fd374eb99fb 0f4c71d341e2d939 cea18be9a89d7a81 172bc0ee09332ae9 b6e72edcad270be0 a2c35fdf07a13286 4d954d933e606b70 ddf332f2b55a2a23 6406fcdb7d87b5dc 999a52f1d301247c c31a456b544a40a8 cc507a0d6fcf4a1c 238de368bb05c0ec 404031ab9d5977c4 4f2fffd7528de786 666bdff4faa513ca 24e582daf6f87158
447,25a3b47fe31bc6b5 58654e3143c6550b 148ac4a56a18844d ad06e9eeea8eb4ea 12af6a34778710db ae77487a89f2610c 40583079f57235a6 4577ae048ef1967d b6e646c13d0753ae 3ca7964973437917 413c55a5ab86881a 0bcaac840d5e66d7 52370bea1acd0600 2e031d83339759b2 50cb6a6c60ad711a 0451447dd64f6284 7c8324ce28ffb96e 9b0e8cf8153e3b33 5f94b027039f4e48 f25bfcffedaccf28 72b80b099fd64ec4 b6a1c97f19af78d0 72c2a95813ea72bd 0688c790d5806540 ebfda3b48083e390 486dd77002936dec 16b11706660177ff 7f95168400948588 0683b6a78f54be75 4dba7ce835494a63
448,ec4ef2f727e7a03f 095bb1b6ecbd0a50 8faeacf8ca08f62d bd0f175ee98c613e 8fc68213b63951dc eec6b281e236b500 a813c15b46ceaf68 26fc2a95df5659c2 01020d1b0821f4c7 0a79fabc6f5d93c9 1f4f62844c3cb99c 8f578001f9d5f543 bb7515be835dea49 b3e75fdca5ca2f1a 46315cf30aaee51c 72b80b099fd64ec4 828f5dfbbf1272ee 0eafda717681bbdc bed3e73d52011f68 f76f44d372517a9a a52df8083c238c46 4d32dae7b43c489a 16b11706660177ff 025a148c3a53bd9f d7d937303a6d5a9d a60934e6b473097a 5547f9f1638ac345 73f770f2643a2135 b05b5f6850cfa158 853e36b1550c6274
449,da904d2a54ff8cf2 4483bbdd3241f11a a677c3a76055a6d2 ec4ef2f727e7a03f 00958a140c3a6de8 26fc2a95df5659c2 1f4f62844c3cb99c 8dc313a2cf9da354 8f578001f9d5f543 46315cf30aaee51c 3d93a60f990a0a7c 00d9f8d3f7d412b3 025a148c3a53bd9f 4c0eee2c1a5e76e2 0cd920bad11c716d 37001ade0df85823 26f72a4eb15ea8c0 e878efab7c37179e 853e36b1550c6274 8faeacf8ca08f62d f76f44d372517a9a 4c3802a1bd3c842e bd0f175ee98c613e 9c9a9d45c2ea7ddf b50b4e27b03c7b37 095bb1b6ecbd0a50 8fc68213b63951dc eec6b281e236b500 0451447dd64f6284 72b80b099fd64ec4
450,d72363ddd958d906 316382267dcd804f fc8971756f9ec194 5430097e23000368 da904d2a54ff8cf2 d64c06baf5ef1c90 3d93a60f990a0a7c 238ec735a13a3f09 36d33c41812ce7dc c810ac016901e8ac 0b0021aa60d05daa cc861214a89ef1f4 e5fb8dc5c9cb4a19 d6ed7e4b14c51296 b8e2f75014710ced 00d9f8d3f7d412b3 83f8aca6ee2caabc 52e459a551d4ac2d f28fb3d9880c5d4c 61ba7707ef6a5a99 db0e648651f4c92b 7e4a4a1300b77a06 af8e70f978cd5aee 6e1b6b53c9710940 2bafd15871caae91 ae77487a89f2610c 453bc79164d57a01 7d83ffe83f61bdc4 9f27aa36c1ea793c e7828f0ea9749505
451,8dc313a2cf9da354 b50b4e27b03c7b37 5057551fc55e9ed2 047769588be1aea9 da904d2a54ff8cf2 63d509cd2a2e0e47 2b48ab08c915c0ad ce0f56b7190c268a 07be6a290720707d 7cea1f637ea3f37d d6ed7e4b14c51296 9c9a9d45c2ea7ddf 00d9f8d3f7d412b3 83f8aca6ee2caabc 52e459a551d4ac2d 61ba7707ef6a5a99 d72363ddd958d906 af8e70f978cd5aee 0cd920bad11c716d 055d895a3b26e466 4b8c7061102517ef 7c9248ed6224aa26 453bc79164d57a01 9f27aa36c1ea793c e8ad5e31484ef889 e7828f0ea9749505 6461a9faa871b3ac ee3ed9a3f51336cd 120e745e2961b5d5 b0b5e62a93a2c37c
452,a14394322cf7043d 1f4f62844c3cb99c 025a148c3a53bd9f ec4ef2f727e7a03f 3d93a60f990a0a7c 430feb4826a5632e 39f6296778264878 2810fb6f81d1711c a04d6febd82a4389 46315cf30aaee51c 6c017e548aa138f2 74244a8703c03720 20d283a232dfd13c bd713b37b67866c3 64b31699d7d15934 047769588be1aea9 6cb9ab508a0678a0 90ecb28f2edb9d43 0688c790d5806540 ffa9091747ae2466 01104a026d22ae55 c606425856952286 09bbaa171c20bae3 d64c06baf5ef1c90 033d905aec273595 bc27d5dc9bab1c18 36d33c41812ce7dc c810ac016901e8ac 18b1d2d84c97a364 9a0f5ee4f845c9b2
453,cba7e22bb383083a b6e646c13d0753ae 96e82fa141db9a4b a76ffccd2f5df1a7 62431fd374eb99fb f29eee8054c061e1 da904d2a54ff8cf2 069e7e25e43deab3 d64c06baf5ef1c90 3d93a60f990a0a7c 238ec735a13a3f09 c810ac016901e8ac 36d33c41812ce7dc 4beacc71024f8b08 5430097e23000368 cc861214a89ef1f4 e5fb8dc5c9cb4a19 d6ed7e4b14c51296 b8e2f75014710ced 00d9f8d3f7d412b3 83f8aca6ee2caabc 52e459a551d4ac2d f28fb3d9880c5d4c 61ba7707ef6a5a99 db0e648651f4c92b d72363ddd958d906 7e4a4a1300b77a06 af8e70f978cd5aee 6e1b6b53c9710940 2bafd15871caae91
454,20d283a232dfd13c abf90e759d208468 a14394322cf7043d 6c017e548aa138f2 393f49286db04aeb e7cad3748e50b0f8 9100ea6cd0e084bf 0db6584e3bdfa1c4 a292248bb2bffb3d daa257a37227cd72 acae1d29289b1266 047769588be1aea9 6a9aa1bd93e36e66 3d93a60f990a0a7c 0fbd0f422e926816 1f4f62844c3cb99c 07f22a7ad7e4711d 025a148c3a53bd9f 1d72229ebcc00faf 73391e0853c1e040 0d0368139e9a647f 26140b225c4f8d3f f9c6286cff30aaa8 ecb768ef6fd223ca 72403ecdfe02bba6 00140806971e7a73 387e9cd2e5d4ea7d d64c06baf5ef1c90 d35e11d3d1ab3c67 bd713b37b67866c3
455,c5830f9d0f1e29e5 2e79d45ba4d1540d f2e30efbd27bee51 47fbe21f5c35c7b4 bee46c54461925d0 9f3d2ca16f358290 8566d15270eb5e83 f76f44d372517a9a 29968e8fd13539f8 d64c06baf5ef1c90 3d93a60f990a0a7c 72c2a95813ea72bd 36d33c41812ce7dc c810ac016901e8ac 069e7e25e43deab3 9c9a9d45c2ea7ddf db69d4cbfef8d22f 8e83d05923cde390 0c15f252d30646fc 9f4e0d572b1f4e6c 1dc7139adba034ec cc861214a89ef1f4 106204cd0e07e1b2 e5fb8dc5c9cb4a19 b8e2f75014710ced 83f8aca6ee2caabc d1e21234d7cc61d2 f28fb3d9880c5d4c 7ee52d2519eea367 d72363ddd958d906
456,8df3f13d6af34cb3 b78189788d563693 9a0f5ee4f845c9b2 da904d2a54ff8cf2 46315cf30aaee51c 39f6296778264878 2b48ab08c915c0ad d64c06baf5ef1c90 3d93a60f990a0a7c 238ec735a13a3f09 c810ac016901e8ac 36d33c41812ce7dc b0bfe0f426275870 b7d7d9ae1cbe0d8a f44f74b3451aa593 7cea1f637ea3f37d da011b87595c1019 8dc313a2cf9da354 87c5481930cfe126 4d9214c0925e5af8 d6ed7e4b14c51296 047769588be1aea9 9c9a9d45c2ea7ddf 27a12f29dceccdbd 52e459a551d4ac2d d64c7c3b658689f4 61ba7707ef6a5a99 0eb4de784c8dd679 74873b42602d8958 0cd920bad11c716d
457,6e239f4dd4b6aed7 0c15f252d30646fc 1a05ef8c93af8eed 0add47a043c64d7f db0e648651f4c92b 9c9ebf71707d7a37 aa0789b403bcd839 0db6584e3bdfa1c4 abf90e759d208468 2e4b00c01d58e79e 49b5678e0d1e5bcd 6c017e548aa138f2 939a1f686ea36c05 f76f44d372517a9a e228204ae08d1355 db69d4cbfef8d22f 0220a434aa8bf029 3e66b4855d0dddbe 964a50d33717c26d 855f2f0354e102c7 4d7653ea9499eed4 1d72229ebcc00faf c5830f9d0f1e29e5 6204e398d8c7f888 393f49286db04aeb 96e82fa141db9a4b 3c565c1fc2316d16 63d509cd2a2e0e47 1dc7139adba034ec ec1b3d7ccd3984d0
458,c1f2e3a76d388944 bd713b37b67866c3 522bd6887960c25d bb7515be835dea49 01b3da54ffb158a0 a04d6febd82a4389 ec1b3d7ccd3984d0 64b31699d7d15934 9fda36f260eec24e f58ff7f1a6cde683 b9d966ad9e04127a 0a79fabc6f5d93c9 061f3e1feeaa3094 395b26d91f98bd92 3cb6b40d377e7ca8 3c565c1fc2316d16 fb8bd6b95eb4702a 25145708d494530b 54f55c74d37db3c0 54a11cbcd7a32af4 538c7bb968b2154c 19e8f436d4b2fc25 2cebd52b41930f0a 40583079f57235a6 8699cc5dd4159b69 95d25d38ba7df9c7 fb2ebcb5335ad2e2 8a5635c748344d47 666bdff4faa513ca bf973f9ec3600199
459,3b6d27775fce1c7b 1d0f5fdc58e3efb5 c015590d6a6fe833 e1460af4a7044067 83f8f2fc471cad74 828f5dfbbf1272ee 939a1f686ea36c05 e228204ae08d1355 b6e646c13d0753ae 9fbffc521da97c54 4d7653ea9499eed4 e878efab7c37179e 96e82fa141db9a4b 9269d2b0d877352d c36c2dce0e6e434f 95d25d38ba7df9c7 fb2ebcb5335ad2e2 a860b682add9de1c a492bd402afd5c71 bf973f9ec3600199 95ecdbff44ad0b60 8e0760918e88e4a9 5c8c6d9a1fd4c1e0 366a22fce0614fb8 eab15ee21e126f6a 8566d15270eb5e83 e4a7a996ed6a5a81 877672967d3f70bb d16da1fb61813db9 587e0b2a4811fab1
460,64267373570e4ea3 0b774cf90856c4da 2b48ab08c915c0ad 964a50d33717c26d 00ff646ca6637bd7 7c9248ed6224aa26 9f27aa36c1ea793c 120e745e2961b5d5 b24820ae14e16a24 fc8971756f9ec194 fd30682593995748 451e7ba901ad661d 537a55eda51a3f60 feddfcf56818968e 64907c4568244eb4 6a3919ad9ed8197e a84cd36608cb8665 ced9c56f2be86774 9fbffc521da97c54 0bcaac840d5e66d7 5867d40811c0229f 9d5edf3b993fee50 96445bec1579ec97 781f4d0147aef776 bd0f175ee98c613e 3fa57d488e979d74 ff88049e61f0f4ef 3986b68500d7704b ae94d8435a6847f4 b6d0f83aad4e4dc7
461,bd0f175ee98c613e 3cb6b40d377e7ca8 8699cc5dd4159b69 f25bfcffedaccf28 26fc2a95df5659c2 1f4f62844c3cb99c 8f578001f9d5f543 0a79fabc6f5d93c9 bed3e73d52011f68 f9c6286cff30aaa8 e5fb8dc5c9cb4a19 db7342eff9200020 01020d1b0821f4c7 ec1b3d7ccd3984d0 d257d1fbcf43abd5 e7cad3748e50b0f8 e22c35101e190db9 8faeacf8ca08f62d d64c06baf5ef1c90 c28bc62802b90f82 4c3802a1bd3c842e e4a7a996ed6a5a81 bc27d5dc9bab1c18 f76f44d372517a9a 36d33c41812ce7dc c810ac016901e8ac 03dfe518713e006c e8684734f2e587bd 18b1d2d84c97a364 ec4ef2f727e7a03f
462,050544c040f46152 aa0789b403bcd839 83f8f2fc471cad74 c015590d6a6fe833 b6e646c13d0753ae 9fbffc521da97c54 2e4b00c01d58e79e 96e82fa141db9a4b ec1b3d7ccd3984d0 393f49286db04aeb abf90e759d208468 0a79fabc6f5d93c9 62431fd374eb99fb 6c017e548aa138f2 0c15f252d30646fc 3cb6b40d377e7ca8 f29eee8054c061e1 20d283a232dfd13c 6204e398d8c7f888 25145708d494530b 0db6584e3bdfa1c4 48f93f9c2c699e19 db0e648651f4c92b 419b5dc40744fb9b e22c35101e190db9 8699cc5dd4159b69 bee46c54461925d0 4535ce2e3dced00f 069e7e25e43deab3 34a62e66e05f9a44
463,fc8971756f9ec194 f28fb3d9880c5d4c 2e44fbb8bc3d8d71 351c9da399c2b915 0c2eeab1e4ce1db8 42c9b72cc77dcb28 b0b5e62a93a2c37c 37001ade0df85823 120e745e2961b5d5 a677c3a76055a6d2 016da874bd04df55 2bafd15871caae91 2dd12c230ab22555 3986b68500d7704b d72363ddd958d906 316382267dcd804f 52370bea1acd0600 0708923badf2ff5d d64c06baf5ef1c90 c810ac016901e8ac 36d33c41812ce7dc cc2cc23a98c14c33 bc27d5dc9bab1c18 18b1d2d84c97a364 cba7e22bb383083a 27a12f29dceccdbd 5570ef88d970e9b4 9ab90dfc5c9b0b37 4c3802a1bd3c842e 3d93a60f990a0a7c
464,1d12acf7349196b0 63d509cd2a2e0e47 07be6a290720707d ce0f56b7190c268a 73f770f2643a2135 538c7bb968b2154c e8ad5e31484ef889 316382267dcd804f d72363ddd958d906 a18df74d3a16e9c0 d3c4a7db726191e0 a2805ed52b47b8ec b26d8664feb18c8c f29eee8054c061e1 97d696011258825c fc8971756f9ec194 07d688f5e2142b87 01ecc81f6341e902 1398b478b71773ed eff60ceea8817dad 3e66b4855d0dddbe acf5cb026b3c4551 bf973f9ec3600199 5879096a38d69fc5 c49d8f84a4f87f8a 680bb5c5c3bb6ee1 8dedff0a79784abc 734dabb98795c35c 4535ce2e3dced00f c143c095983a65c2
465,922e625fae98b3b9 06de3ca1148b088b 18ced18aee04c48e 48cf88c17ff38c5e 49224aca40e6e5e3 65708d542bd01f39 25a3b47fe31bc6b5 8faeacf8ca08f62d f76f44d372517a9a bd0f175ee98c613e ec4ef2f727e7a03f 095bb1b6ecbd0a50 8fc68213b63951dc eec6b281e236b500 72b80b099fd64ec4 a813c15b46ceaf68 26fc2a95df5659c2 1f4f62844c3cb99c 828f5dfbbf1272ee 8f578001f9d5f543 b3e75fdca5ca2f1a 46315cf30aaee51c 4d32dae7b43c489a 16b11706660177ff 025a148c3a53bd9f f9c6286cff30aaa8 0eafda717681bbdc 0a79fabc6f5d93c9 bed3e73d52011f68 8d58da0e1800dc96
466,cea18be9a89d7a81 83b911ff0ff45844 3e66b4855d0dddbe 453bc79164d57a01 54a11cbcd7a32af4 52aa48c07b34dc88 ac9ee0c09b538140 05e4165a56bf50eb 4b29fc21f912754d 63d509cd2a2e0e47 a853f13216170123 1efd7bd8a34a1359 72c2a95813ea72bd 07be6a290720707d 3c565c1fc2316d16 24c47959ea77b15b f48d0fbea7dc2782 e8ad5e31484ef889 5b4c879fc9c316fb 66ccd03c9e03ac06 1398b478b71773ed a76ffccd2f5df1a7 e8b87ed7db1bcb1f 62431fd374eb99fb 0f4c71d341e2d939 8dedff0a79784abc 172bc0ee09332ae9 b6e72edcad270be0 bb7515be835dea49 a2c35fdf07a13286
467,a492bd402afd5c71 7c98dedd223b36c0 a292248bb2bffb3d 3b6d27775fce1c7b 0e45c4c185f35df6 47fbe21f5c35c7b4 2e79d45ba4d1540d f2e30efbd27bee51 1d0f5fdc58e3efb5 9f3d2ca16f358290 e1460af4a7044067 828f5dfbbf1272ee 939a1f686ea36c05 e228204ae08d1355 4d7653ea9499eed4 e878efab7c37179e 96e82fa141db9a4b 9269d2b0d877352d c36c2dce0e6e434f 95d25d38ba7df9c7 fb2ebcb5335ad2e2 a860b682add9de1c bf973f9ec3600199 95ecdbff44ad0b60 8e0760918e88e4a9 5c8c6d9a1fd4c1e0 366a22fce0614fb8 eab15ee21e126f6a 8566d15270eb5e83 e4a7a996ed6a5a81
468,9c9ebf71707d7a37 9fbffc521da97c54 8e83d05923cde390 0c15f252d30646fc d1e21234d7cc61d2 a0b1f4dd32f3e278 3e8e56f639a5db5b 1dc7139adba034ec dc576af4ae66e25e 7eec211cc37a1b05 72c2a95813ea72bd 069e7e25e43deab3 6aac5e116b75aa22 106204cd0e07e1b2 26140b225c4f8d3f 249bf372159f33e9 db0e648651f4c92b 919b1679fffa7ef1 ba5199dba342af68 0eb4de784c8dd679 964a50d33717c26d 1a05ef8c93af8eed 2e79d45ba4d1540d b24820ae14e16a24 feddfcf56818968e dc17b07476183764 3fa57d488e979d74 6a3919ad9ed8197e ced9c56f2be86774 0bcaac840d5e66d7
469,8b7c486a910dd004 453bc79164d57a01 cec2eea2a1fe566a c05f45f86d0771d5 00d9f8d3f7d412b3 d64c06baf5ef1c90 3d93a60f990a0a7c 9f27aa36c1ea793c 36d33c41812ce7dc c810ac016901e8ac e7828f0ea9749505 6461a9faa871b3ac 83f8aca6ee2caabc ee3ed9a3f51336cd 238ec735a13a3f09 d72363ddd958d906 2b48ab08c915c0ad 52aa48c07b34dc88 bc27d5dc9bab1c18 ac9ee0c09b538140 059bbdbdb843af6a 18b1d2d84c97a364 cc861214a89ef1f4 e5fb8dc5c9cb4a19 da904d2a54ff8cf2 016da874bd04df55 b8e2f75014710ced 72c2a95813ea72bd 5570ef88d970e9b4 f28fb3d9880c5d4c
470,9fbffc521da97c54 9a0f5ee4f845c9b2 83f8f2fc471cad74 c015590d6a6fe833 bf3ccaba4a3450a8 4d7653ea9499eed4 a982b5c3aed39396 7c8324ce28ffb96e b6e646c13d0753ae 29bedd00fb2be056 4c3802a1bd3c842e c606425856952286 bc2ae5f4e5d53e00 ac9ee0c09b538140 a52df8083c238c46 3734d3b0b9232538 01b3da54ffb158a0 c11b97f245a9dfd0 2901e5309bb3f8f6 b69ce8b8154645f8 5d26da95786b3a3a dc17b07476183764 796888cc3443006c daa257a37227cd72 18b1d2d84c97a364 4522ad78bf79f0c9 01ecc81f6341e902 d46598813fb437e5 da7d3c2d591c4295 63d95d5977c2fe98
471,451e7ba901ad661d a84cd36608cb8665 537a55eda51a3f60 0b774cf90856c4da 00ff646ca6637bd7 2b48ab08c915c0ad fc8971756f9ec194 680bb5c5c3bb6ee1 190ab585fd379f0f 5057551fc55e9ed2 7c9248ed6224aa26 9f27aa36c1ea793c d64c06baf5ef1c90 120e745e2961b5d5 bc27d5dc9bab1c18 36d33c41812ce7dc c810ac016901e8ac fd30682593995748 bb7515be835dea49 18b1d2d84c97a364 64907c4568244eb4 27a12f29dceccdbd 5570ef88d970e9b4 4c3802a1bd3c842e 9d5edf3b993fee50 cba7e22bb383083a bd0f175ee98c613e 95ecdbff44ad0b60 26fc2a95df5659c2 059bbdbdb843af6a
472,4c0eee2c1a5e76e2 87c5481930cfe126 26f72a4eb15ea8c0 bbbd5d2fd957e8f7 0451447dd64f6284 5057551fc55e9ed2 74873b42602d8958 7d83ffe83f61bdc4 acf5cb026b3c4551 50ba507a268872e1 976baf0e84752a68 fd30682593995748 8abe670908f12614 4483bbdd3241f11a 6899956cd6c683f0 5430097e23000368 00e1e2eb13f650e4 3fa57d488e979d74 3986b68500d7704b bd713b37b67866c3 2a06f5614060e3b6 702d8f1064ab3e30 c28bc62802b90f82 39f6296778264878 0bcaac840d5e66d7 9a0f5ee4f845c9b2 e0269da736ddf004 ff88049e61f0f4ef bd0f175ee98c613e ae94d8435a6847f4
473,01020d1b0821f4c7 2901e5309bb3f8f6 d46598813fb437e5 0fbd0f422e926816 16b11706660177ff b6d0f83aad4e4dc7 73391e0853c1e040 0d0368139e9a647f 39075e303166355e 72403ecdfe02bba6 0eafda717681bbdc 00140806971e7a73 430feb4826a5632e e5fb8dc5c9cb4a19 387e9cd2e5d4ea7d ae94d8435a6847f4 db7342eff9200020 29bedd00fb2be056 d35e11d3d1ab3c67 b749972436ac9791 57113c2a4cacd961 5b34da30b93eb123 197fa50b30d91fe8 05f23e7d05dbf7c2 0bcaac840d5e66d7 8643165b0f53df11 acae1d29289b1266 bb7515be835dea49 46b99f864d6a075a 65fac1ba1840000f
474,05e4165a56bf50eb 59c231f8fd21260c 95166957b2c38794 e6a29676c096f8e8 5c4b7558c942a224 48a76e3aff69d605 1efd7bd8a34a1359 63d509cd2a2e0e47 a0566ca9daca7778 636224e349e561bf 5430097e23000368 a292248bb2bffb3d 83b911ff0ff45844 96e82fa141db9a4b a5f55580081236f4 b1e47da7659b675c 285657fcdf89f00d b84b6c0b2e4d0306 b6e72edcad270be0 0e45c4c185f35df6 9a0f5ee4f845c9b2 520ec719078be07c 7ee52d2519eea367 96445bec1579ec97 98dbd15aa33ebc18 24e582daf6f87158 20d283a232dfd13c 522bd6887960c25d 81b639b74256b45b c015590d6a6fe833
475,9a439fd1abf95245 00af886180e9eaec 354d7a327bbcc152 0b0021aa60d05daa b8e2f75014710ced 00ff646ca6637bd7 781f4d0147aef776 fc8971756f9ec194 65d44c6393907290 6cb9ab508a0678a0 d64c06baf5ef1c90 bc27d5dc9bab1c18 c810ac016901e8ac 36d33c41812ce7dc 18b1d2d84c97a364 27a12f29dceccdbd 5570ef88d970e9b4 4c3802a1bd3c842e f44f74b3451aa593 87c5481930cfe126 cba7e22bb383083a bd0f175ee98c613e 26fc2a95df5659c2 059bbdbdb843af6a 1f4f62844c3cb99c 8f578001f9d5f543 016da874bd04df55 2e44fbb8bc3d8d71 5dd752753760ced8 01e5a6edcee7deb0
476,0eafda717681bbdc a18df74d3a16e9c0 6d80d2e62d01f6bc 2359719a0f40ffac b29ab87af6ea6310 bd9cd6b87a4fe0ce ecb768ef6fd223ca e14a893f1918277e 42a5cae2a3a45557 bed3e73d52011f68 8d58da0e1800dc96 fc21db75b354a917 2a06f5614060e3b6 d6bbbd6c4968075a 65fac1ba1840000f 74e59c5820900b17 622f2e4119882c94 c08c3765ac609cc0 27888817db122597 dac29ed8400b50cc b760ebc5f25788d3 00140806971e7a73 238ec735a13a3f09 c810ac016901e8ac 36d33c41812ce7dc ffc688c4c1c2a068 54f55c74d37db3c0 61ba7707ef6a5a99 39075e303166355e 005666aa098abe8e
477,a292248bb2bffb3d 0e45c4c185f35df6 bd0f175ee98c613e 24c47959ea77b15b f25bfcffedaccf28 3e66b4855d0dddbe f48d0fbea7dc2782 81b639b74256b45b 39075e303166355e 095bb1b6ecbd0a50 d5805cdb9e8f0f48 eec6b281e236b500 b3ad55963554f220 172bc0ee09332ae9 4491016efed845f1 abf90e759d208468 955e465ce0788ea6 8699cc5dd4159b69 e7cad3748e50b0f8 828f5dfbbf1272ee 702d8f1064ab3e30 b3e75fdca5ca2f1a 54a11cbcd7a32af4 52370bea1acd0600 de35d2410e916471 4d32dae7b43c489a f58ff7f1a6cde683 e4a7a996ed6a5a81 09660f466b38b7ba e14a893f1918277e
478,4c0eee2c1a5e76e2 9c9a9d45c2ea7ddf 26f72a4eb15ea8c0 e5fb8dc5c9cb4a19 0451447dd64f6284 b8e2f75014710ced 52e459a551d4ac2d 047769588be1aea9 af41e2b6da3e7e02 26fc2a95df5659c2 27a12f29dceccdbd 3d93a60f990a0a7c 1f4f62844c3cb99c 8f578001f9d5f543 016da874bd04df55 4c3802a1bd3c842e 025a148c3a53bd9f a14394322cf7043d 74244a8703c03720 d64c06baf5ef1c90 36d33c41812ce7dc c810ac016901e8ac 9100ea6cd0e084bf 4d9214c0925e5af8 0eb4de784c8dd679 bbbd5d2fd957e8f7 ec4ef2f727e7a03f b78189788d563693 351c9da399c2b915 8b7c486a910dd004
479,20d283a232dfd13c 0db6584e3bdfa1c4 24e582daf6f87158 3c565c1fc2316d16 393f49286db04aeb 24c47959ea77b15b abf90e759d208468 a60934e6b473097a 3e66b4855d0dddbe 6c017e548aa138f2 f48d0fbea7dc2782 0c15f252d30646fc bd713b37b67866c3 522bd6887960c25d 81b639b74256b45b c015590d6a6fe833 64b31699d7d15934 db0e648651f4c92b 9fda36f260eec24e b9d966ad9e04127a 3b6d27775fce1c7b 4b29fc21f912754d 66ccd03c9e03ac06 9c9ebf71707d7a37 a76ffccd2f5df1a7 62431fd374eb99fb 0add47a043c64d7f 5897953fdf87b60f 9100ea6cd0e084bf 0f4c71d341e2d939
480,f6d23cdd2359f7c0 dc576af4ae66e25e 919b1679fffa7ef1 ba5199dba342af68 3fa57d488e979d74 0eb4de784c8dd679 db0e648651f4c92b 9c9ebf71707d7a37 1a05ef8c93af8eed 2e79d45ba4d1540d 5430097e23000368 d1e21234d7cc61d2 39075e303166355e 095bb1b6ecbd0a50 d5805cdb9e8f0f48 eec6b281e236b500 b3ad55963554f220 4491016efed845f1 abf90e759d208468 955e465ce0788ea6 828f5dfbbf1272ee 702d8f1064ab3e30 b3e75fdca5ca2f1a 3a6e7894dde31c67 de35d2410e916471 4d32dae7b43c489a f58ff7f1a6cde683 09660f466b38b7ba e14a893f1918277e 42a5cae2a3a45557
481,24e582daf6f87158 a18df74d3a16e9c0 3c565c1fc2316d16 ce0f56b7190c268a 20d283a232dfd13c 24c47959ea77b15b a60934e6b473097a 3e66b4855d0dddbe f48d0fbea7dc2782 bd713b37b67866c3 522bd6887960c25d 81b639b74256b45b c015590d6a6fe833 64b31699d7d15934 9fda36f260eec24e 0db6584e3bdfa1c4 b9d966ad9e04127a 3b6d27775fce1c7b 4b29fc21f912754d 66ccd03c9e03ac06 a76ffccd2f5df1a7 62431fd374eb99fb 5897953fdf87b60f 0f4c71d341e2d939 42bb83d7c4b9ecae cea18be9a89d7a81 172bc0ee09332ae9 395b26d91f98bd92 b6e72edcad270be0 0e45c4c185f35df6
482,64267373570e4ea3 b749972436ac9791 d35e11d3d1ab3c67 05f23e7d05dbf7c2 0fbd0f422e926816 d64c06baf5ef1c90 5b34da30b93eb123 bc27d5dc9bab1c18 36d33c41812ce7dc c810ac016901e8ac 72403ecdfe02bba6 f705b637f624147e 00140806971e7a73 387e9cd2e5d4ea7d 18b1d2d84c97a364 a9eef13786610446 27a12f29dceccdbd 8d58da0e1800dc96 c08c3765ac609cc0 b6d0f83aad4e4dc7 1ba7a50457e93996 db7342eff9200020 00d9f8d3f7d412b3 a017f3358d5327aa 00ff646ca6637bd7 83f8aca6ee2caabc f28fb3d9880c5d4c 316382267dcd804f d72363ddd958d906 46b99f864d6a075a
483,22dc81380cf4baec d63b7f083330247f f49e13a653cbdad2 bb7515be835dea49 9113e9dc940fb287 c5830f9d0f1e29e5 5430097e23000368 6899956cd6c683f0 f76f44d372517a9a da904d2a54ff8cf2 1d0f5fdc58e3efb5 f25bfcffedaccf28 72b80b099fd64ec4 e1460af4a7044067 d216e5458ad70e60 5b4c879fc9c316fb 3c565c1fc2316d16 d64c06baf5ef1c90 2e4b00c01d58e79e 3d93a60f990a0a7c 01b3da54ffb158a0 ec1b3d7ccd3984d0 828f5dfbbf1272ee 238ec735a13a3f09 c810ac016901e8ac 36d33c41812ce7dc 4d32dae7b43c489a 70ebf53ced736fa4 939a1f686ea36c05 16b11706660177ff
484,f105a53e5cfae611 70ebf53ced736fa4 ad06e9eeea8eb4ea dea5e9227fbbac29 1d0f5fdc58e3efb5 b78189788d563693 4beacc71024f8b08 0708923badf2ff5d e8684734f2e587bd 047769588be1aea9 9c9a9d45c2ea7ddf c143c095983a65c2 666bdff4faa513ca 24e582daf6f87158 0683b6a78f54be75 133b04350c75770b 4d9214c0925e5af8 26140b225c4f8d3f 3c565c1fc2316d16 20d283a232dfd13c 24c47959ea77b15b a60934e6b473097a 3e66b4855d0dddbe f48d0fbea7dc2782 bd713b37b67866c3 522bd6887960c25d 81b639b74256b45b c015590d6a6fe833 64b31699d7d15934 9fda36f260eec24e
485,8b7c486a910dd004 cec2eea2a1fe566a c05f45f86d0771d5 24e582daf6f87158 7c9248ed6224aa26 ec4ef2f727e7a03f b78189788d563693 26fc2a95df5659c2 5b16bae6a0de7c88 a04d6febd82a4389 1f4f62844c3cb99c 8f578001f9d5f543 016da874bd04df55 46315cf30aaee51c 3c565c1fc2316d16 025a148c3a53bd9f 74244a8703c03720 3d93a60f990a0a7c 20d283a232dfd13c 24c47959ea77b15b 9f4e0d572b1f4e6c a60934e6b473097a 3e66b4855d0dddbe 8dc313a2cf9da354 f48d0fbea7dc2782 c606425856952286 9100ea6cd0e084bf e878efab7c37179e 047769588be1aea9 bd713b37b67866c3
486,01b3da54ffb158a0 4d32dae7b43c489a bd0f175ee98c613e f25bfcffedaccf28 061f3e1feeaa3094 d7d937303a6d5a9d dc12cc503ac0eddb a65e30106ea50423 43b3338423d7386c 99e833818ec4bbf2 f209d29f991432f0 a5d5ba33b5b1dc95 01e5a6edcee7deb0 1c3b74a02a86467d 87c5481930cfe126 29968e8fd13539f8 0647acc4602d4e8f 8699cc5dd4159b69 65708d542bd01f39 65ad9c583823162d e7cad3748e50b0f8 f49e13a653cbdad2 3e8e56f639a5db5b bc2ae5f4e5d53e00 e4a7a996ed6a5a81 fa173131f15f5534 455fde214d16d350 1efd7bd8a34a1359 0772e3ab293a1f30 e8684734f2e587bd
487,b05b5f6850cfa158 72b80b099fd64ec4 2cebd52b41930f0a 16b11706660177ff 0a79fabc6f5d93c9 3d93a60f990a0a7c d64c06baf5ef1c90 5547f9f1638ac345 c810ac016901e8ac 36d33c41812ce7dc a14394322cf7043d bd0f175ee98c613e 5c8c6d9a1fd4c1e0 26fc2a95df5659c2 b84b6c0b2e4d0306 4c3802a1bd3c842e 1f4f62844c3cb99c 8f578001f9d5f543 f25bfcffedaccf28 ec1b3d7ccd3984d0 025a148c3a53bd9f 939a1f686ea36c05 f9c6286cff30aaa8 bed3e73d52011f68 cba7e22bb383083a 7f95168400948588 bc27d5dc9bab1c18 acae1d29289b1266 ca43e349133fc0e3 18b1d2d84c97a364
488,636224e349e561bf e6a29676c096f8e8 5c4b7558c942a224 bb7515be835dea49 b6e72edcad270be0 0e45c4c185f35df6 ae94d8435a6847f4 3b4a85bac6ead3c8 8dedff0a79784abc bf973f9ec3600199 520ec719078be07c e403278468d84383 c5830f9d0f1e29e5 da011b87595c1019 587e0b2a4811fab1 58654e3143c6550b a292248bb2bffb3d 2e031d83339759b2 22756be6fd061d4c 24e582daf6f87158 3c565c1fc2316d16 dc12cc503ac0eddb a0566ca9daca7778 24c47959ea77b15b a60934e6b473097a 3e66b4855d0dddbe 3a6e7894dde31c67 f48d0fbea7dc2782 bd713b37b67866c3 522bd6887960c25d
489,e8ad5e31484ef889 63d509cd2a2e0e47 07be6a290720707d d216e5458ad70e60 3e66b4855d0dddbe 1398b478b71773ed bf973f9ec3600199 ce0f56b7190c268a 8dedff0a79784abc 6a9aa1bd93e36e66 07f22a7ad7e4711d 1d72229ebcc00faf 3c565c1fc2316d16 447fc00f40d71d08 680bb5c5c3bb6ee1 3b4a85bac6ead3c8 aa967ad3c1f65a29 8566d15270eb5e83 a2c35fdf07a13286 5430097e23000368 da904d2a54ff8cf2 3a6e7894dde31c67 d64c06baf5ef1c90 3d93a60f990a0a7c 238ec735a13a3f09 36d33c41812ce7dc c810ac016901e8ac cc861214a89ef1f4 e5fb8dc5c9cb4a19 d6ed7e4b14c51296
490,cb3e4ce97e7f2881 377c1150c781e37a 95ecdbff44ad0b60 6899956cd6c683f0 bb7515be835dea49 c5830f9d0f1e29e5 1dc7139adba034ec f76f44d372517a9a 1d0f5fdc58e3efb5 f25bfcffedaccf28 72b80b099fd64ec4 e1460af4a7044067 d216e5458ad70e60 5b4c879fc9c316fb 3c565c1fc2316d16 2e4b00c01d58e79e 01b3da54ffb158a0 ec1b3d7ccd3984d0 828f5dfbbf1272ee 4d32dae7b43c489a 70ebf53ced736fa4 939a1f686ea36c05 16b11706660177ff e228204ae08d1355 24c47959ea77b15b db69d4cbfef8d22f 7f95168400948588 0a79fabc6f5d93c9 061f3e1feeaa3094 447fc00f40d71d08
491,b6d0f83aad4e4dc7 01020d1b0821f4c7 29bedd00fb2be056 0fbd0f422e926816 6899956cd6c683f0 e5fb8dc5c9cb4a19 197fa50b30d91fe8 bb7515be835dea49 73391e0853c1e040 0d0368139e9a647f db7342eff9200020 d46598813fb437e5 acae1d29289b1266 5b34da30b93eb123 72403ecdfe02bba6 00140806971e7a73 2901e5309bb3f8f6 8faeacf8ca08f62d 387e9cd2e5d4ea7d f46601a9955f9949 d35e11d3d1ab3c67 b749972436ac9791 bd0f175ee98c613e 39075e303166355e ec4ef2f727e7a03f 095bb1b6ecbd0a50 d5805cdb9e8f0f48 8fc68213b63951dc eec6b281e236b500 b3ad55963554f220
492,a18df74d3a16e9c0 d216e5458ad70e60 fb8bd6b95eb4702a 8a5635c748344d47 60a070db9f1869b5 da7d3c2d591c4295 e8684734f2e587bd d63b7f083330247f 8bf446c0455e3c5c b6e646c13d0753ae 3ca7964973437917 d5952b2e031c4e7e 12af6a34778710db 1d12acf7349196b0 ca4de5b8a7bda9df bc2ae5f4e5d53e00 f44f74b3451aa593 87c5481930cfe126 bb7515be835dea49 95ecdbff44ad0b60 c5830f9d0f1e29e5 1dc7139adba034ec da904d2a54ff8cf2 d64c06baf5ef1c90 3d93a60f990a0a7c 238ec735a13a3f09 c810ac016901e8ac 36d33c41812ce7dc 5430097e23000368 cc861214a89ef1f4
493,ddf332f2b55a2a23 ec4ef2f727e7a03f 3d93a60f990a0a7c 1f4f62844c3cb99c 46315cf30aaee51c 025a148c3a53bd9f 09bbaa171c20bae3 a04d6febd82a4389 27bc34b9887bec0d 4b29fc21f912754d a853f13216170123 26fc2a95df5659c2 8f578001f9d5f543 047769588be1aea9 66ccd03c9e03ac06 3c565c1fc2316d16 0688c790d5806540 62431fd374eb99fb e25a1da6ca187350 9c9a9d45c2ea7ddf 20d283a232dfd13c 172bc0ee09332ae9 24c47959ea77b15b a2c35fdf07a13286 3e66b4855d0dddbe 3c0873ce078d332b 0451447dd64f6284 413c55a5ab86881a 666bdff4faa513ca e878efab7c37179e
494,b760ebc5f25788d3 c28bc62802b90f82 12af6a34778710db 0195950ce0f47e34 f44f74b3451aa593 87c5481930cfe126 964a50d33717c26d 95166957b2c38794 5430097e23000368 e8b87ed7db1bcb1f b24820ae14e16a24 feddfcf56818968e c11b97f245a9dfd0 6a3919ad9ed8197e ced9c56f2be86774 9fbffc521da97c54 0bcaac840d5e66d7 5867d40811c0229f 96445bec1579ec97 781f4d0147aef776 a017f3358d5327aa 10ad13170242ecae 00d9eb862ba3dfc6 e0269da736ddf004 ff88049e61f0f4ef 2a06f5614060e3b6 3fa57d488e979d74 b6d0f83aad4e4dc7 3986b68500d7704b 622f2e4119882c94
495,0897dcfae16e280f 04fda7c9d8971ec0 ddf332f2b55a2a23 da904d2a54ff8cf2 d64c06baf5ef1c90 3d93a60f990a0a7c 238ec735a13a3f09 c810ac016901e8ac 36d33c41812ce7dc d6ed7e4b14c51296 b78189788d563693 52e459a551d4ac2d 61ba7707ef6a5a99 46315cf30aaee51c 453bc79164d57a01 7d83ffe83f61bdc4 e7828f0ea9749505 39f6296778264878 976baf0e84752a68 2b48ab08c915c0ad b0bfe0f426275870 b7d7d9ae1cbe0d8a 4483bbdd3241f11a 7cea1f637ea3f37d cec2eea2a1fe566a da011b87595c1019 8dc313a2cf9da354 047769588be1aea9 9c9a9d45c2ea7ddf 27a12f29dceccdbd
496,f46601a9955f9949 33856365c271aea4 8fc68213b63951dc 393f49286db04aeb a813c15b46ceaf68 f29eee8054c061e1 ec4ef2f727e7a03f 942a7d26d81c841f 430feb4826a5632e a04d6febd82a4389 1f4f62844c3cb99c 46315cf30aaee51c 6c017e548aa138f2 20d283a232dfd13c 96e82fa141db9a4b 796888cc3443006c daa257a37227cd72 0db6584e3bdfa1c4 64b31699d7d15934 59bf6d6df9146d60 5fb2d8e734956af0 a76ffccd2f5df1a7 62431fd374eb99fb 2810fb6f81d1711c d6ed7e4b14c51296 069e7e25e43deab3 025a148c3a53bd9f 73391e0853c1e040 73f770f2643a2135 3d93a60f990a0a7c
497,3b6d27775fce1c7b f29eee8054c061e1 48cf88c17ff38c5e aa0789b403bcd839 d6ed7e4b14c51296 52370bea1acd0600 285657fcdf89f00d 0451447dd64f6284 96e82fa141db9a4b b6a1c97f19af78d0 3a6e7894dde31c67 9f4e0d572b1f4e6c 3b4a85bac6ead3c8 d9885881381fd10a 62431fd374eb99fb 4e966bb2768c2b8a a60934e6b473097a 81b7c7e312bfa1a0 0220a434aa8bf029 069e7e25e43deab3 4d9214c0925e5af8 d0f6c00eec5eb973 9113e9dc940fb287 c015590d6a6fe833 12af6a34778710db b84b6c0b2e4d0306 b2ee9eea2d974c90 c143c095983a65c2 395b26d91f98bd92 24e582daf6f87158
498,4f915ad69e1dca36 e9c20b67a4c5395f 3c565c1fc2316d16 447fc00f40d71d08 3a6e7894dde31c67 3b4a85bac6ead3c8 8566d15270eb5e83 c015590d6a6fe833 3b6d27775fce1c7b c143c095983a65c2 24e582daf6f87158 0f33ce8d8014f308 52370bea1acd0600 50cb6a6c60ad711a 8dedff0a79784abc 285657fcdf89f00d 35488b3b8b781278 0451447dd64f6284 7c8324ce28ffb96e b6a1c97f19af78d0 28a2067685cb3e97 95ecdbff44ad0b60 bb7515be835dea49 c5830f9d0f1e29e5 1dc7139adba034ec f76f44d372517a9a 5430097e23000368 1d0f5fdc58e3efb5 f25bfcffedaccf28 72b80b099fd64ec4
499,62431fd374eb99fb 4b29fc21f912754d b84b6c0b2e4d0306 3c565c1fc2316d16 24c47959ea77b15b d216e5458ad70e60 a853f13216170123 3e66b4855d0dddbe f48d0fbea7dc2782 e8ad5e31484ef889 07f22a7ad7e4711d 09bbaa171c20bae3 27bc34b9887bec0d bb7515be835dea49 66ccd03c9e03ac06 a76ffccd2f5df1a7 0f4c71d341e2d939 666bdff4faa513ca cea18be9a89d7a81 172bc0ee09332ae9 24e582daf6f87158 b6e72edcad270be0 a2c35fdf07a13286 4d954d933e606b70 ddf332f2b55a2a23 1d0f5fdc58e3efb5 6406fcdb7d87b5dc b78189788d563693 5b4c879fc9c316fb 95ecdbff44ad0b60
500,4577ae048ef1967d 3b6d27775fce1c7b 1d0f5fdc58e3efb5 b78189788d563693 2e4b00c01d58e79e 047769588be1aea9 01104a026d22ae55 666bdff4faa513ca 0683b6a78f54be75 6204e398d8c7f888 419b5dc40744fb9b e8b87ed7db1bcb1f bee46c54461925d0 4535ce2e3dced00f 83f8f2fc471cad74 57113c2a4cacd961 b2ee9eea2d974c90 bfb8032f2183d471 c11b97f245a9dfd0 050544c040f46152 7c98dedd223b36c0 4bed80e56ea2e099 8643165b0f53df11 da904d2a54ff8cf2 a017f3358d5327aa 95ecdbff44ad0b60 d64c06baf5ef1c90 3d93a60f990a0a7c bb7515be835dea49 238ec735a13a3f09
501,b0e254dd420faee3 6ae470a7c9ec20fd 0708923badf2ff5d 0eedb1a0d3b8ddae 587e0b2a4811fab1 ae94d8435a6847f4 50806199c80e215c da011b87595c1019 3b4a85bac6ead3c8 a292248bb2bffb3d bf973f9ec3600199 520ec719078be07c e403278468d84383 58654e3143c6550b b6e72edcad270be0 0e45c4c185f35df6 2e031d83339759b2 8dedff0a79784abc 22756be6fd061d4c f44f74b3451aa593 87c5481930cfe126 dc12cc503ac0eddb 5430097e23000368 a0566ca9daca7778 da904d2a54ff8cf2 d64c06baf5ef1c90 3d93a60f990a0a7c 238ec735a13a3f09 c810ac016901e8ac 36d33c41812ce7dc
502,01e5a6edcee7deb0 aa0789b403bcd839 0c15f252d30646fc db0e648651f4c92b 9c9ebf71707d7a37 0add47a043c64d7f 49b5678e0d1e5bcd 0220a434aa8bf029 4d32dae7b43c489a ce0f56b7190c268a d7d937303a6d5a9d 43b3338423d7386c a2c35fdf07a13286 b29ab87af6ea6310 01b3da54ffb158a0 061f3e1feeaa3094 20d283a232dfd13c fc21db75b354a917 d6bbbd6c4968075a f48d0fbea7dc2782 81b639b74256b45b 27888817db122597 a65e30106ea50423 99e833818ec4bbf2 f209d29f991432f0 a5d5ba33b5b1dc95 b760ebc5f25788d3 1c3b74a02a86467d 87c5481930cfe126 29968e8fd13539f8
503,ecb768ef6fd223ca 190ab585fd379f0f 61ba7707ef6a5a99 da904d2a54ff8cf2 976baf0e84752a68 7cea1f637ea3f37d d64c06baf5ef1c90 3d93a60f990a0a7c 238ec735a13a3f09 36d33c41812ce7dc c810ac016901e8ac 6461a9faa871b3ac 9c9a9d45c2ea7ddf d6ed7e4b14c51296 b78189788d563693 52e459a551d4ac2d 46315cf30aaee51c 453bc79164d57a01 7d83ffe83f61bdc4 e7828f0ea9749505 39f6296778264878 4d9214c0925e5af8 2820628e65a062e2 2b48ab08c915c0ad 155600e5f1221f8c b0bfe0f426275870 b7d7d9ae1cbe0d8a 4483bbdd3241f11a cec2eea2a1fe566a da011b87595c1019
504,59c231f8fd21260c cc0c9419f8a20603 a0566ca9daca7778 f1a3b8b13e9401c0 ae94d8435a6847f4 b6e72edcad270be0 0e45c4c185f35df6 8dedff0a79784abc da011b87595c1019 3b4a85bac6ead3c8 a292248bb2bffb3d bf973f9ec3600199 520ec719078be07c e403278468d84383 587e0b2a4811fab1 58654e3143c6550b 2e031d83339759b2 22756be6fd061d4c 24e582daf6f87158 f44f74b3451aa593 87c5481930cfe126 dc12cc503ac0eddb 3c565c1fc2316d16 20d283a232dfd13c 24c47959ea77b15b a60934e6b473097a 6899956cd6c683f0 3e66b4855d0dddbe f48d0fbea7dc2782 bd713b37b67866c3
505,8e0cc5199a0ee659 1f423f368aebf7f3 74ae9af23a383bf5 ae000f9d0b5e104e 204ec91c39d1479d 1c3b74a02a86467d bb7515be835dea49 95ecdbff44ad0b60 5430097e23000368 8faeacf8ca08f62d f76f44d372517a9a c5830f9d0f1e29e5 f46601a9955f9949 1dc7139adba034ec bd0f175ee98c613e 39075e303166355e ec4ef2f727e7a03f 1d0f5fdc58e3efb5 095bb1b6ecbd0a50 d5805cdb9e8f0f48 b78189788d563693 8fc68213b63951dc eec6b281e236b500 b3ad55963554f220 4491016efed845f1 f25bfcffedaccf28 72b80b099fd64ec4 393f49286db04aeb e1460af4a7044067 d216e5458ad70e60
506,72b80b099fd64ec4 ad06e9eeea8eb4ea 16b11706660177ff c143c095983a65c2 58654e3143c6550b d257d1fbcf43abd5 5547f9f1638ac345 f25bfcffedaccf28 e9c20b67a4c5395f 4f915ad69e1dca36 148ac4a56a18844d 50cb6a6c60ad711a ce0f56b7190c268a a60934e6b473097a 8dedff0a79784abc 35488b3b8b781278 0451447dd64f6284 1d0f5fdc58e3efb5 7c8324ce28ffb96e b84b6c0b2e4d0306 7f95168400948588 9b0e8cf8153e3b33 b05b5f6850cfa158 b6a1c97f19af78d0 ca43e349133fc0e3 28a2067685cb3e97 70ebf53ced736fa4 19e8f436d4b2fc25 2cebd52b41930f0a 587e0b2a4811fab1
507,a84cd36608cb8665 cc861214a89ef1f4 fab14d178b24a67f af8e70f978cd5aee 451e7ba901ad661d 537a55eda51a3f60 6a3919ad9ed8197e 4105533fe46dfba9 059bbdbdb843af6a 9f4e0d572b1f4e6c 190ab585fd379f0f 4b8c7061102517ef 5430097e23000368 354d7a327bbcc152 05e4165a56bf50eb ecb768ef6fd223ca c49d8f84a4f87f8a 0079f3c74309b582 9c9a9d45c2ea7ddf c143c095983a65c2 f105a53e5cfae611 133b04350c75770b 4d9214c0925e5af8 a017f3358d5327aa 26140b225c4f8d3f da904d2a54ff8cf2 d64c06baf5ef1c90 3d93a60f990a0a7c 238ec735a13a3f09 c810ac016901e8ac
508,8faeacf8ca08f62d ffa9091747ae2466 2a06f5614060e3b6 bd0f175ee98c613e 095bb1b6ecbd0a50 8fc68213b63951dc eec6b281e236b500 99e833818ec4bbf2 72b80b099fd64ec4 a813c15b46ceaf68 26fc2a95df5659c2 d3c4a7db726191e0 d5805cdb9e8f0f48 b3ad55963554f220 1f4f62844c3cb99c f25bfcffedaccf28 8f578001f9d5f543 59bf6d6df9146d60 b3e75fdca5ca2f1a e1460af4a7044067 d216e5458ad70e60 955e465ce0788ea6 4d32dae7b43c489a 5b16bae6a0de7c88 16b11706660177ff 025a148c3a53bd9f de35d2410e916471 f9c6286cff30aaa8 6d80d2e62d01f6bc bed3e73d52011f68
509,45bd99d5d2eef776 8df3f13d6af34cb3 5430097e23000368 da904d2a54ff8cf2 d64c06baf5ef1c90 3d93a60f990a0a7c 238ec735a13a3f09 c810ac016901e8ac 36d33c41812ce7dc cc861214a89ef1f4 e5fb8dc5c9cb4a19 d6ed7e4b14c51296 b8e2f75014710ced 00d9f8d3f7d412b3 83f8aca6ee2caabc 52e459a551d4ac2d f28fb3d9880c5d4c 61ba7707ef6a5a99 db0e648651f4c92b d72363ddd958d906 7e4a4a1300b77a06 af8e70f978cd5aee 6e1b6b53c9710940 2bafd15871caae91 ae77487a89f2610c 453bc79164d57a01 7d83ffe83f61bdc4 9f27aa36c1ea793c e7828f0ea9749505 6461a9faa871b3ac
510,148ac4a56a18844d 58654e3143c6550b 5f94b027039f4e48 4dba7ce835494a63 a60934e6b473097a 0688c790d5806540 0683b6a78f54be75 ad06e9eeea8eb4ea ebfda3b48083e390 a2c35fdf07a13286 1d0f5fdc58e3efb5 c143c095983a65c2 a5d5ba33b5b1dc95 24e582daf6f87158 98dbd15aa33ebc18 25a3b47fe31bc6b5 7c8324ce28ffb96e e9c20b67a4c5395f 4f915ad69e1dca36 c015590d6a6fe833 587e0b2a4811fab1 50cb6a6c60ad711a 3b4a85bac6ead3c8 70ebf53ced736fa4 8faeacf8ca08f62d ce0f56b7190c268a 8dedff0a79784abc 3b6d27775fce1c7b 28a2067685cb3e97 52370bea1acd0600
511,29bedd00fb2be056 e5fb8dc5c9cb4a19 197fa50b30d91fe8 acae1d29289b1266 20d283a232dfd13c 2901e5309bb3f8f6 8faeacf8ca08f62d f46601a9955f9949 bd0f175ee98c613e 39075e303166355e ec4ef2f727e7a03f 095bb1b6ecbd0a50 d5805cdb9e8f0f48 8fc68213b63951dc eec6b281e236b500 b3ad55963554f220 64b31699d7d15934 4491016efed845f1 0db6584e3bdfa1c4 393f49286db04aeb 430feb4826a5632e 955e465ce0788ea6 a813c15b46ceaf68 26fc2a95df5659c2 bb7515be835dea49 528161039994b4dc a04d6febd82a4389 1f4f62844c3cb99c 8f578001f9d5f543 ae94d8435a6847f4
512,522bd6887960c25d 4b29fc21f912754d 20d283a232dfd13c a853f13216170123 3c565c1fc2316d16 393f49286db04aeb abf90e759d208468 07f22a7ad7e4711d 0db6584e3bdfa1c4 6c017e548aa138f2 24c47959ea77b15b 3e66b4855d0dddbe f48d0fbea7dc2782 9100ea6cd0e084bf a292248bb2bffb3d 5b4c879fc9c316fb 66ccd03c9e03ac06 e7cad3748e50b0f8 daa257a37227cd72 a76ffccd2f5df1a7 62431fd374eb99fb 0f4c71d341e2d939 cea18be9a89d7a81 172bc0ee09332ae9 a14394322cf7043d b6e72edcad270be0 acae1d29289b1266 a2c35fdf07a13286 4d954d933e606b70 ddf332f2b55a2a23
513,24e582daf6f87158 3c565c1fc2316d16 24c47959ea77b15b a60934e6b473097a 3e66b4855d0dddbe f48d0fbea7dc2782 bd713b37b67866c3 522bd6887960c25d 20d283a232dfd13c 5430097e23000368 81b639b74256b45b c015590d6a6fe833 64b31699d7d15934 9fda36f260eec24e 0db6584e3bdfa1c4 b9d966ad9e04127a 3b6d27775fce1c7b 4b29fc21f912754d 66ccd03c9e03ac06 a76ffccd2f5df1a7 62431fd374eb99fb 5897953fdf87b60f 0f4c71d341e2d939 bb7515be835dea49 42bb83d7c4b9ecae cea18be9a89d7a81 172bc0ee09332ae9 395b26d91f98bd92 b6e72edcad270be0 0e45c4c185f35df6
514,cc861214a89ef1f4 fab14d178b24a67f af8e70f978cd5aee 4105533fe46dfba9 059bbdbdb843af6a 4b8c7061102517ef 9f4e0d572b1f4e6c ecb768ef6fd223ca 6a3919ad9ed8197e 354d7a327bbcc152 05e4165a56bf50eb d92c0298f76ccf77 b29ab87af6ea6310 ec1b3d7ccd3984d0 939a1f686ea36c05 0a79fabc6f5d93c9 fc21db75b354a917 d6bbbd6c4968075a d257d1fbcf43abd5 2cebd52b41930f0a 9269d2b0d877352d 8a5635c748344d47 27888817db122597 60a070db9f1869b5 5c8c6d9a1fd4c1e0 0683b6a78f54be75 b760ebc5f25788d3 238ec735a13a3f09 b05b5f6850cfa158 c810ac016901e8ac
515,54a11cbcd7a32af4 5430097e23000368 f76f44d372517a9a 1d0f5fdc58e3efb5 f25bfcffedaccf28 e1460af4a7044067 01b3da54ffb158a0 ec1b3d7ccd3984d0 4d32dae7b43c489a 70ebf53ced736fa4 939a1f686ea36c05 16b11706660177ff 589ef345cb2dccfc 7f95168400948588 0a79fabc6f5d93c9 061f3e1feeaa3094 447fc00f40d71d08 964a50d33717c26d 855f2f0354e102c7 4d7653ea9499eed4 9f4e0d572b1f4e6c 3cb6b40d377e7ca8 a853f13216170123 8faeacf8ca08f62d 522bd6887960c25d ad06e9eeea8eb4ea f46601a9955f9949 81b639b74256b45b c015590d6a6fe833 d9885881381fd10a
516,29bedd00fb2be056 455fde214d16d350 33856365c271aea4 5989fb934598c1a7 07f22a7ad7e4711d 25a3b47fe31bc6b5 ddb3810e0289c148 387e9cd2e5d4ea7d ebfda3b48083e390 42c9b72cc77dcb28 025a148c3a53bd9f c5830f9d0f1e29e5 7155e5a86136eb02 65708d542bd01f39 57113c2a4cacd961 4d954d933e606b70 095bb1b6ecbd0a50 8643165b0f53df11 3ca7964973437917 eff60ceea8817dad 1f423f368aebf7f3 26fc2a95df5659c2 855f2f0354e102c7 63d95d5977c2fe98 7ee52d2519eea367 44d324ebd3e22ad7 1398b478b71773ed 4d417b203b333363 587e0b2a4811fab1 b6a1c97f19af78d0
517,0b774cf90856c4da 2b48ab08c915c0ad 00ff646ca6637bd7 7c9248ed6224aa26 9f27aa36c1ea793c 120e745e2961b5d5 898a4921ab9f4cce fc8971756f9ec194 fd30682593995748 451e7ba901ad661d 537a55eda51a3f60 64907c4568244eb4 a84cd36608cb8665 9d5edf3b993fee50 70ebf53ced736fa4 ad06e9eeea8eb4ea dea5e9227fbbac29 f105a53e5cfae611 4e966bb2768c2b8a ec4ef2f727e7a03f b78189788d563693 ba5199dba342af68 26fc2a95df5659c2 5b16bae6a0de7c88 a04d6febd82a4389 1f4f62844c3cb99c e25a1da6ca187350 8f578001f9d5f543 016da874bd04df55 46315cf30aaee51c
518,da7d3c2d591c4295 b6e646c13d0753ae 5430097e23000368 d216e5458ad70e60 a52df8083c238c46 fb8bd6b95eb4702a bf3ccaba4a3450a8 29bedd00fb2be056 b69ce8b8154645f8 8a5635c748344d47 c606425856952286 c015590d6a6fe833 60a070db9f1869b5 796888cc3443006c daa257a37227cd72 83f8f2fc471cad74 e8684734f2e587bd d46598813fb437e5 d63b7f083330247f 8bf446c0455e3c5c 4c3802a1bd3c842e 5fb2d8e734956af0 3ca7964973437917 2901e5309bb3f8f6 5d26da95786b3a3a d5952b2e031c4e7e ac9ee0c09b538140 5ebb4d2f5f1c1f13 dc17b07476183764 9fbffc521da97c54
519,0c15f252d30646fc 4d954d933e606b70 db0e648651f4c92b 9c9ebf71707d7a37 e8ad5e31484ef889 d64c06baf5ef1c90 bc27d5dc9bab1c18 c810ac016901e8ac 36d33c41812ce7dc 0add47a043c64d7f 18b1d2d84c97a364 49b5678e0d1e5bcd 27a12f29dceccdbd 5570ef88d970e9b4 0220a434aa8bf029 aa0789b403bcd839 4c3802a1bd3c842e e8684734f2e587bd cba7e22bb383083a bd0f175ee98c613e 26fc2a95df5659c2 059bbdbdb843af6a 1f4f62844c3cb99c 8f578001f9d5f543 016da874bd04df55 2e44fbb8bc3d8d71 39f6296778264878 c28bc62802b90f82 025a148c3a53bd9f f9c6286cff30aaa8
520,acf5cb026b3c4551 d216e5458ad70e60 e8ad5e31484ef889 6a9aa1bd93e36e66 07f22a7ad7e4711d 1d72229ebcc00faf aa967ad3c1f65a29 47fbe21f5c35c7b4 52370bea1acd0600 4d7653ea9499eed4 9a0f5ee4f845c9b2 0bcaac840d5e66d7 c28bc62802b90f82 702d8f1064ab3e30 3986b68500d7704b ff88049e61f0f4ef e0269da736ddf004 bd713b37b67866c3 fd30682593995748 2a06f5614060e3b6 39f6296778264878 e25a1da6ca187350 3fa57d488e979d74 734dabb98795c35c 942a7d26d81c841f bd0f175ee98c613e ae94d8435a6847f4 b6d0f83aad4e4dc7 b24820ae14e16a24 622f2e4119882c94
521,636224e349e561bf 1d0f5fdc58e3efb5 b78189788d563693 5430097e23000368 e6a29676c096f8e8 5c4b7558c942a224 047769588be1aea9 666bdff4faa513ca 0683b6a78f54be75 ae94d8435a6847f4 da011b87595c1019 3b4a85bac6ead3c8 a292248bb2bffb3d bb7515be835dea49 73f770f2643a2135 bf973f9ec3600199 520ec719078be07c 538c7bb968b2154c e403278468d84383 587e0b2a4811fab1 58654e3143c6550b b6e72edcad270be0 a18df74d3a16e9c0 d3c4a7db726191e0 a2805ed52b47b8ec 0e45c4c185f35df6 b26d8664feb18c8c 3a6e7894dde31c67 2e031d83339759b2 f29eee8054c061e1
522,430feb4826a5632e eff60ceea8817dad 24e582daf6f87158 f44f74b3451aa593 0eedb1a0d3b8ddae 419b5dc40744fb9b f209d29f991432f0 c015590d6a6fe833 27888817db122597 5ebb4d2f5f1c1f13 d16da1fb61813db9 3b6d27775fce1c7b 1d0f5fdc58e3efb5 b78189788d563693 3a6e7894dde31c67 4f915ad69e1dca36 52370bea1acd0600 50cb6a6c60ad711a edc79e57b20e9036 8dedff0a79784abc 285657fcdf89f00d 7c8324ce28ffb96e c143c095983a65c2 28a2067685cb3e97 0f33ce8d8014f308 e9c20b67a4c5395f 047769588be1aea9 e461837f0fb35048 35488b3b8b781278 0451447dd64f6284
523,3a6e7894dde31c67 033d905aec273595 d1e21234d7cc61d2 c015590d6a6fe833 3b6d27775fce1c7b c143c095983a65c2 24e582daf6f87158 0f33ce8d8014f308 e9c20b67a4c5395f 4f915ad69e1dca36 52370bea1acd0600 50cb6a6c60ad711a 8dedff0a79784abc 285657fcdf89f00d 35488b3b8b781278 0451447dd64f6284 7c8324ce28ffb96e b6a1c97f19af78d0 28a2067685cb3e97 d73a65673e3f1d78 128d583954b18074 3fa57d488e979d74 ff88049e61f0f4ef e0269da736ddf004 3986b68500d7704b 702d8f1064ab3e30 bd713b37b67866c3 fd30682593995748 2a06f5614060e3b6 e25a1da6ca187350
524,24e582daf6f87158 f46601a9955f9949 0db6584e3bdfa1c4 8fc68213b63951dc 393f49286db04aeb a813c15b46ceaf68 942a7d26d81c841f d6ed7e4b14c51296 73391e0853c1e040 796888cc3443006c daa257a37227cd72 59bf6d6df9146d60 5fb2d8e734956af0 976baf0e84752a68 3c565c1fc2316d16 24c47959ea77b15b a60934e6b473097a 3e66b4855d0dddbe f48d0fbea7dc2782 bd713b37b67866c3 522bd6887960c25d 81b639b74256b45b c015590d6a6fe833 64b31699d7d15934 9fda36f260eec24e b9d966ad9e04127a 3b6d27775fce1c7b 4b29fc21f912754d 66ccd03c9e03ac06 a76ffccd2f5df1a7
525,e5fb8dc5c9cb4a19 b8e2f75014710ced d64c06baf5ef1c90 3d93a60f990a0a7c c810ac016901e8ac 36d33c41812ce7dc 025a148c3a53bd9f bc27d5dc9bab1c18 18b1d2d84c97a364 27a12f29dceccdbd 5570ef88d970e9b4 cc861214a89ef1f4 1f4f62844c3cb99c 4c3802a1bd3c842e a14394322cf7043d 83f8aca6ee2caabc 26fc2a95df5659c2 f28fb3d9880c5d4c d72363ddd958d906 059bbdbdb843af6a 6e1b6b53c9710940 2bafd15871caae91 016da874bd04df55 453bc79164d57a01 cba7e22bb383083a 39f6296778264878 c28bc62802b90f82 2dd12c230ab22555 74244a8703c03720 bf3ccaba4a3450a8
526,70ebf53ced736fa4 c143c095983a65c2 dea5e9227fbbac29 ad06e9eeea8eb4ea f105a53e5cfae611 50cb6a6c60ad711a 28a2067685cb3e97 e9c20b67a4c5395f f76f44d372517a9a 5f94b027039f4e48 a853f13216170123 c015590d6a6fe833 7c8324ce28ffb96e 7ee52d2519eea367 4f915ad69e1dca36 3b6d27775fce1c7b 8dedff0a79784abc 24e582daf6f87158 35488b3b8b781278 0451447dd64f6284 4b29fc21f912754d 133b04350c75770b 0f33ce8d8014f308 b6a1c97f19af78d0 b9d966ad9e04127a 81b7c7e312bfa1a0 1d0f5fdc58e3efb5 3a6e7894dde31c67 da011b87595c1019 c5830f9d0f1e29e5
527,01020d1b0821f4c7 dc576af4ae66e25e 0220a434aa8bf029 ba5199dba342af68 919b1679fffa7ef1 0eb4de784c8dd679 db0e648651f4c92b 8faeacf8ca08f62d 1a05ef8c93af8eed 2e79d45ba4d1540d 9c9ebf71707d7a37 f76f44d372517a9a 33856365c271aea4 bd0f175ee98c613e 3fa57d488e979d74 5fb2d8e734956af0 ec4ef2f727e7a03f 095bb1b6ecbd0a50 8fc68213b63951dc eec6b281e236b500 a60934e6b473097a d1e21234d7cc61d2 a813c15b46ceaf68 26fc2a95df5659c2 72b80b099fd64ec4 1f4f62844c3cb99c 8f578001f9d5f543 b3e75fdca5ca2f1a 46315cf30aaee51c ca4de5b8a7bda9df
528,d64c06baf5ef1c90 c810ac016901e8ac 36d33c41812ce7dc 01e5a6edcee7deb0 01b3da54ffb158a0 4d32dae7b43c489a 061f3e1feeaa3094 d7d937303a6d5a9d bc27d5dc9bab1c18 18b1d2d84c97a364 047769588be1aea9 cba7e22bb383083a 27a12f29dceccdbd 5570ef88d970e9b4 a65e30106ea50423 43b3338423d7386c 99e833818ec4bbf2 f209d29f991432f0 a5d5ba33b5b1dc95 4c3802a1bd3c842e 1c3b74a02a86467d 87c5481930cfe126 29968e8fd13539f8 0647acc4602d4e8f 3d93a60f990a0a7c 059bbdbdb843af6a 65708d542bd01f39 65ad9c583823162d f49e13a653cbdad2 3e8e56f639a5db5b
529,83f5a9732f0de67f 585f4ee09d8fea46 6899956cd6c683f0 00e1e2eb13f650e4 0195950ce0f47e34 bbbd5d2fd957e8f7 47fbe21f5c35c7b4 52370bea1acd0600 4d7653ea9499eed4 9a0f5ee4f845c9b2 0bcaac840d5e66d7 c28bc62802b90f82 cea18be9a89d7a81 3986b68500d7704b 3fa57d488e979d74 ff88049e61f0f4ef e0269da736ddf004 bd713b37b67866c3 fd30682593995748 2a06f5614060e3b6 39f6296778264878 702d8f1064ab3e30 e7cad3748e50b0f8 0708923badf2ff5d 734dabb98795c35c 942a7d26d81c841f bd0f175ee98c613e ae94d8435a6847f4 b6d0f83aad4e4dc7 b24820ae14e16a24
530,46b99f864d6a075a 447fc00f40d71d08 ac9ee0c09b538140 680bb5c5c3bb6ee1 6a9aa1bd93e36e66 387e9cd2e5d4ea7d d46598813fb437e5 0fbd0f422e926816 74244a8703c03720 73391e0853c1e040 0d0368139e9a647f 34a62e66e05f9a44 486dd77002936dec 72403ecdfe02bba6 00140806971e7a73 a9dad59c7055b56c 404031ab9d5977c4 63d95d5977c2fe98 29968e8fd13539f8 d35e11d3d1ab3c67 b749972436ac9791 abf90e759d208468 106204cd0e07e1b2 5b16bae6a0de7c88 781aaf62a955e4e8 09660f466b38b7ba 05f23e7d05dbf7c2 4a5ac473c9d176ba f9c6286cff30aaa8 4bed80e56ea2e099
531,b1e47da7659b675c 59c231f8fd21260c 636224e349e561bf e6a29676c096f8e8 5c4b7558c942a224 a292248bb2bffb3d 520ec719078be07c b6e72edcad270be0 0e45c4c185f35df6 95166957b2c38794 10ad13170242ecae 48a76e3aff69d605 1efd7bd8a34a1359 63d509cd2a2e0e47 a0566ca9daca7778 2394b08708475900 24e582daf6f87158 a017f3358d5327aa 3c565c1fc2316d16 20d283a232dfd13c 24c47959ea77b15b a60934e6b473097a 3e66b4855d0dddbe f48d0fbea7dc2782 bd713b37b67866c3 522bd6887960c25d 81b639b74256b45b c015590d6a6fe833 64b31699d7d15934 9fda36f260eec24e
532,ce0f56b7190c268a 95166957b2c38794 39075e303166355e 095bb1b6ecbd0a50 d5805cdb9e8f0f48 eec6b281e236b500 b3ad55963554f220 4491016efed845f1 955e465ce0788ea6 702d8f1064ab3e30 b3e75fdca5ca2f1a de35d2410e916471 42a5cae2a3a45557 bed3e73d52011f68 a52df8083c238c46 2a06f5614060e3b6 65fac1ba1840000f 622f2e4119882c94 49224aca40e6e5e3 796888cc3443006c c6b615b2589e036d 29bedd00fb2be056 5fb2d8e734956af0 e5fb8dc5c9cb4a19 27888817db122597 197fa50b30d91fe8 6a9aa1bd93e36e66 abf90e759d208468 b760ebc5f25788d3 828f5dfbbf1272ee
533,0a49074a4158155b 585f4ee09d8fea46 f25bfcffedaccf28 72b80b099fd64ec4 16b11706660177ff 7f95168400948588 5547f9f1638ac345 ca43e349133fc0e3 10ad13170242ecae 19e8f436d4b2fc25 2cebd52b41930f0a b84b6c0b2e4d0306 52aa48c07b34dc88 b05b5f6850cfa158 cc0c9419f8a20603 92f42fbd0c38f7fd 45bd99d5d2eef776 c49d8f84a4f87f8a 4535ce2e3dced00f 0add47a043c64d7f c11b97f245a9dfd0 c143c095983a65c2 1d72229ebcc00faf 4f915ad69e1dca36 734dabb98795c35c 6899956cd6c683f0 a0566ca9daca7778 43c354dbf952caaa 3986b68500d7704b 07be6a290720707d
534,0c2eeab1e4ce1db8 42c9b72cc77dcb28 2e44fbb8bc3d8d71 351c9da399c2b915 3d93a60f990a0a7c f28fb3d9880c5d4c d64c06baf5ef1c90 36d33c41812ce7dc c810ac016901e8ac 025a148c3a53bd9f a677c3a76055a6d2 047769588be1aea9 2bafd15871caae91 016da874bd04df55 1f4f62844c3cb99c 2dd12c230ab22555 fc8971756f9ec194 a14394322cf7043d b0b5e62a93a2c37c bc27d5dc9bab1c18 cc861214a89ef1f4 37001ade0df85823 e5fb8dc5c9cb4a19 b8e2f75014710ced 83f8aca6ee2caabc 18b1d2d84c97a364 d72363ddd958d906 6e1b6b53c9710940 27a12f29dceccdbd 5570ef88d970e9b4
535,2810fb6f81d1711c c08c3765ac609cc0 74e59c5820900b17 f705b637f624147e 922e625fae98b3b9 a14394322cf7043d ffc688c4c1c2a068 2359719a0f40ffac a9eef13786610446 e7cad3748e50b0f8 54f55c74d37db3c0 6c017e548aa138f2 05f23e7d05dbf7c2 18ced18aee04c48e dac29ed8400b50cc 20d283a232dfd13c 5b34da30b93eb123 b749972436ac9791 c143c095983a65c2 e14a893f1918277e 42a5cae2a3a45557 acae1d29289b1266 bed3e73d52011f68 8d58da0e1800dc96 d72363ddd958d906 49224aca40e6e5e3 2a06f5614060e3b6 65fac1ba1840000f 622f2e4119882c94 25a3b47fe31bc6b5
536,133b04350c75770b 1d0f5fdc58e3efb5 a60934e6b473097a 0451447dd64f6284 b6a1c97f19af78d0 7ee52d2519eea367 9c9ebf71707d7a37 ad06e9eeea8eb4ea 9b0e8cf8153e3b33 e740c80fce094788 52370bea1acd0600 c143c095983a65c2 50806199c80e215c 285657fcdf89f00d 58654e3143c6550b cb3e4ce97e7f2881 587e0b2a4811fab1 680bb5c5c3bb6ee1 e9c20b67a4c5395f 4f915ad69e1dca36 148ac4a56a18844d 4beacc71024f8b08 50cb6a6c60ad711a ce0f56b7190c268a 98dbd15aa33ebc18 d257d1fbcf43abd5 8dedff0a79784abc 35488b3b8b781278 e1460af4a7044067 7c8324ce28ffb96e
537,fc8971756f9ec194 b8e2f75014710ced 00ff646ca6637bd7 6cb9ab508a0678a0 f28fb3d9880c5d4c 9a439fd1abf95245 2e44fbb8bc3d8d71 00af886180e9eaec 0c2eeab1e4ce1db8 42c9b72cc77dcb28 354d7a327bbcc152 351c9da399c2b915 a677c3a76055a6d2 b0b5e62a93a2c37c 37001ade0df85823 016da874bd04df55 3d93a60f990a0a7c 120e745e2961b5d5 2bafd15871caae91 2dd12c230ab22555 1f4f62844c3cb99c 025a148c3a53bd9f d64c06baf5ef1c90 36d33c41812ce7dc c810ac016901e8ac bd713b37b67866c3 01b3da54ffb158a0 20d283a232dfd13c 01e5a6edcee7deb0 4d32dae7b43c489a
538,e8ad5e31484ef889 63d509cd2a2e0e47 07be6a290720707d 3e66b4855d0dddbe 1398b478b71773ed e0269da736ddf004 a5f55580081236f4 bf973f9ec3600199 3ca7964973437917 ce0f56b7190c268a 8dedff0a79784abc ce8cb4351b8c0f6e 12af6a34778710db 680bb5c5c3bb6ee1 ca4de5b8a7bda9df bc2ae5f4e5d53e00 0079f3c74309b582 a017f3358d5327aa bb7515be835dea49 95ecdbff44ad0b60 c5830f9d0f1e29e5 1dc7139adba034ec 39f6296778264878 2a06f5614060e3b6 fd30682593995748 3986b68500d7704b 3fa57d488e979d74 702d8f1064ab3e30 ff88049e61f0f4ef bd713b37b67866c3
539,ec1b3d7ccd3984d0 0a79fabc6f5d93c9 939a1f686ea36c05 a18df74d3a16e9c0 eab15ee21e126f6a a60934e6b473097a 27bc34b9887bec0d 3cb6b40d377e7ca8 25145708d494530b 60a070db9f1869b5 8699cc5dd4159b69 e0269da736ddf004 d980375fbd40c75f 5c8c6d9a1fd4c1e0 8a5635c748344d47 a2c35fdf07a13286 734dabb98795c35c 9cf6709de35bf0f3 48f93f9c2c699e19 42bb83d7c4b9ecae e22c35101e190db9 09bbaa171c20bae3 3d6880bd12f6613f 2cebd52b41930f0a 855f2f0354e102c7 45630e1451157ff3 4fe9e4e55585ba4b 5ebb4d2f5f1c1f13 a65e30106ea50423 7155e5a86136eb02
540,ca43e349133fc0e3 942a7d26d81c841f 09bbaa171c20bae3 da904d2a54ff8cf2 d64c06baf5ef1c90 3d93a60f990a0a7c 238ec735a13a3f09 36d33c41812ce7dc c810ac016901e8ac 5430097e23000368 cc861214a89ef1f4 e5fb8dc5c9cb4a19 d6ed7e4b14c51296 b8e2f75014710ced 00d9f8d3f7d412b3 83f8aca6ee2caabc 52e459a551d4ac2d f28fb3d9880c5d4c 61ba7707ef6a5a99 db0e648651f4c92b d72363ddd958d906 7e4a4a1300b77a06 af8e70f978cd5aee 6e1b6b53c9710940 2bafd15871caae91 ae77487a89f2610c 453bc79164d57a01 7d83ffe83f61bdc4 9f27aa36c1ea793c e7828f0ea9749505
541,3b6d27775fce1c7b e878efab7c37179e d16da1fb61813db9 419b5dc40744fb9b eff60ceea8817dad 4b05967001421eab f209d29f991432f0 eab15ee21e126f6a 1d0f5fdc58e3efb5 e1460af4a7044067 828f5dfbbf1272ee 939a1f686ea36c05 edc79e57b20e9036 e228204ae08d1355 97d696011258825c 47fbe21f5c35c7b4 2394b08708475900 88b62355670ec8f8 4d7653ea9499eed4 12af6a34778710db 96e82fa141db9a4b 9269d2b0d877352d c36c2dce0e6e434f 95d25d38ba7df9c7 fb2ebcb5335ad2e2 a860b682add9de1c a492bd402afd5c71 bf973f9ec3600199 95ecdbff44ad0b60 8e0760918e88e4a9
542,72b80b099fd64ec4 e1460af4a7044067 19e8f436d4b2fc25 9fda36f260eec24e b24820ae14e16a24 cc507a0d6fcf4a1c e403278468d84383 172bc0ee09332ae9 bfb8032f2183d471 83b911ff0ff45844 ca4de5b8a7bda9df 54a11cbcd7a32af4 29bedd00fb2be056 d5952b2e031c4e7e 4dba7ce835494a63 922e625fae98b3b9 e5fb8dc5c9cb4a19 197fa50b30d91fe8 acae1d29289b1266 2901e5309bb3f8f6 8faeacf8ca08f62d f46601a9955f9949 5430097e23000368 bd0f175ee98c613e 39075e303166355e ec4ef2f727e7a03f 095bb1b6ecbd0a50 d5805cdb9e8f0f48 8fc68213b63951dc eec6b281e236b500
543,c31a456b544a40a8 ad06e9eeea8eb4ea 0688c790d5806540 c143c095983a65c2 58654e3143c6550b d257d1fbcf43abd5 ec4ef2f727e7a03f e9c20b67a4c5395f 4f915ad69e1dca36 148ac4a56a18844d 430feb4826a5632e 50cb6a6c60ad711a ce0f56b7190c268a 8dedff0a79784abc 2810fb6f81d1711c a04d6febd82a4389 1f4f62844c3cb99c 35488b3b8b781278 0451447dd64f6284 46315cf30aaee51c 6c017e548aa138f2 1d0f5fdc58e3efb5 7c8324ce28ffb96e 9b0e8cf8153e3b33 025a148c3a53bd9f 20d283a232dfd13c b6a1c97f19af78d0 bb7515be835dea49 3d93a60f990a0a7c 28a2067685cb3e97
544,e22c35101e190db9 ec1b3d7ccd3984d0 0a79fabc6f5d93c9 3cb6b40d377e7ca8 939a1f686ea36c05 60a070db9f1869b5 48f93f9c2c699e19 01b3da54ffb158a0 45630e1451157ff3 42bb83d7c4b9ecae 061f3e1feeaa3094 09bbaa171c20bae3 f25bfcffedaccf28 27bc34b9887bec0d e1460af4a7044067 5c8c6d9a1fd4c1e0 f76f44d372517a9a 25145708d494530b 522bd6887960c25d ec4ef2f727e7a03f 095bb1b6ecbd0a50 4d32dae7b43c489a 589ef345cb2dccfc 8699cc5dd4159b69 16b11706660177ff 393f49286db04aeb 2cebd52b41930f0a fb2ebcb5335ad2e2 7f95168400948588 1d0f5fdc58e3efb5
545,404031ab9d5977c4 a853f13216170123 4b29fc21f912754d 47fbe21f5c35c7b4 2e79d45ba4d1540d f2e30efbd27bee51 5b4c879fc9c316fb 3c565c1fc2316d16 24c47959ea77b15b 9f3d2ca16f358290 9a0f5ee4f845c9b2 3e66b4855d0dddbe f48d0fbea7dc2782 cc507a0d6fcf4a1c 66ccd03c9e03ac06 a76ffccd2f5df1a7 62431fd374eb99fb 0f4c71d341e2d939 cea18be9a89d7a81 172bc0ee09332ae9 b6e72edcad270be0 4f2fffd7528de786 666bdff4faa513ca a2c35fdf07a13286 4d954d933e606b70 ddf332f2b55a2a23 07f22a7ad7e4711d 6406fcdb7d87b5dc 999a52f1d301247c c31a456b544a40a8
546,b0e254dd420faee3 6ae470a7c9ec20fd 0708923badf2ff5d 0eedb1a0d3b8ddae 587e0b2a4811fab1 24e582daf6f87158 3c565c1fc2316d16 20d283a232dfd13c 6899956cd6c683f0 24c47959ea77b15b 5430097e23000368 a60934e6b473097a 3e66b4855d0dddbe f48d0fbea7dc2782 bd713b37b67866c3 522bd6887960c25d 81b639b74256b45b c015590d6a6fe833 64b31699d7d15934 9fda36f260eec24e 0db6584e3bdfa1c4 b9d966ad9e04127a 3b6d27775fce1c7b 4b29fc21f912754d 66ccd03c9e03ac06 a76ffccd2f5df1a7 62431fd374eb99fb 5897953fdf87b60f 0f4c71d341e2d939 42bb83d7c4b9ecae
547,a5d5ba33b5b1dc95 24e582daf6f87158 7c8324ce28ffb96e a2c35fdf07a13286 4d32dae7b43c489a d7d937303a6d5a9d a60934e6b473097a 0db6584e3bdfa1c4 01e5a6edcee7deb0 01b3da54ffb158a0 81b639b74256b45b 3c565c1fc2316d16 a65e30106ea50423 8fc68213b63951dc 99e833818ec4bbf2 061f3e1feeaa3094 a813c15b46ceaf68 20d283a232dfd13c 24c47959ea77b15b 29968e8fd13539f8 d64c06baf5ef1c90 0647acc4602d4e8f 172bc0ee09332ae9 3e66b4855d0dddbe b6e72edcad270be0 36d33c41812ce7dc c810ac016901e8ac 0b0021aa60d05daa f48d0fbea7dc2782 bc2ae5f4e5d53e00
548,19e8f436d4b2fc25 f25bfcffedaccf28 72b80b099fd64ec4 16b11706660177ff 7f95168400948588 5547f9f1638ac345 ca43e349133fc0e3 2cebd52b41930f0a b84b6c0b2e4d0306 52aa48c07b34dc88 b05b5f6850cfa158 cc0c9419f8a20603 92f42fbd0c38f7fd 45bd99d5d2eef776 0add47a043c64d7f c11b97f245a9dfd0 1d72229ebcc00faf 6899956cd6c683f0 a0566ca9daca7778 43c354dbf952caaa 24e582daf6f87158 3c565c1fc2316d16 24c47959ea77b15b a60934e6b473097a 3e66b4855d0dddbe f48d0fbea7dc2782 bd713b37b67866c3 522bd6887960c25d 81b639b74256b45b c015590d6a6fe833
549,01104a026d22ae55 ce2fe99a7cda4a17 4a5ac473c9d176ba b8e2f75014710ced 81bd116c786bf9ae 00ff646ca6637bd7 e7dd56376be2cf1c 10ad13170242ecae fc8971756f9ec194 9a439fd1abf95245 354d7a327bbcc152 00af886180e9eaec 6cb9ab508a0678a0 ec4ef2f727e7a03f 3d93a60f990a0a7c b78189788d563693 26fc2a95df5659c2 5b16bae6a0de7c88 a04d6febd82a4389 1f4f62844c3cb99c 8f578001f9d5f543 016da874bd04df55 46315cf30aaee51c 025a148c3a53bd9f 74244a8703c03720 9f4e0d572b1f4e6c 8dc313a2cf9da354 c606425856952286 9100ea6cd0e084bf e878efab7c37179e
550,7eec211cc37a1b05 3986b68500d7704b 5430097e23000368 47fbe21f5c35c7b4 4d7653ea9499eed4 9a0f5ee4f845c9b2 0bcaac840d5e66d7 c28bc62802b90f82 702d8f1064ab3e30 3fa57d488e979d74 ff88049e61f0f4ef e0269da736ddf004 bd713b37b67866c3 fd30682593995748 2a06f5614060e3b6 39f6296778264878 e25a1da6ca187350 c31a456b544a40a8 52370bea1acd0600 0708923badf2ff5d 734dabb98795c35c 942a7d26d81c841f bd0f175ee98c613e ae94d8435a6847f4 b6d0f83aad4e4dc7 b24820ae14e16a24 622f2e4119882c94 bbbd5d2fd957e8f7 af8e70f978cd5aee 5ebb4d2f5f1c1f13
551,cc2cc23a98c14c33 204ec91c39d1479d dc17b07476183764 0708923badf2ff5d 52370bea1acd0600 9ab90dfc5c9b0b37 7f29daa16b9b4cda 5430097e23000368 a017f3358d5327aa 10ad13170242ecae 00d9eb862ba3dfc6 d73a65673e3f1d78 128d583954b18074 4d7653ea9499eed4 fd30682593995748 9a0f5ee4f845c9b2 bd713b37b67866c3 0bcaac840d5e66d7 e0269da736ddf004 c28bc62802b90f82 702d8f1064ab3e30 3986b68500d7704b 3fa57d488e979d74 ff88049e61f0f4ef 39f6296778264878 734dabb98795c35c 942a7d26d81c841f bd0f175ee98c613e ae94d8435a6847f4 b6d0f83aad4e4dc7
552,e5fb8dc5c9cb4a19 29bedd00fb2be056 197fa50b30d91fe8 acae1d29289b1266 20d283a232dfd13c 2901e5309bb3f8f6 cc861214a89ef1f4 8faeacf8ca08f62d f46601a9955f9949 61ba7707ef6a5a99 9f27aa36c1ea793c bd0f175ee98c613e 39075e303166355e ec4ef2f727e7a03f 095bb1b6ecbd0a50 d5805cdb9e8f0f48 8fc68213b63951dc eec6b281e236b500 b3ad55963554f220 64b31699d7d15934 4491016efed845f1 0db6584e3bdfa1c4 393f49286db04aeb 430feb4826a5632e 955e465ce0788ea6 a813c15b46ceaf68 26fc2a95df5659c2 bb7515be835dea49 528161039994b4dc a04d6febd82a4389
553,4b05967001421eab 1d12acf7349196b0 20db73cf07a45f71 e403278468d84383 9fda36f260eec24e 42bb83d7c4b9ecae 95d25d38ba7df9c7 7ee52d2519eea367 05e4165a56bf50eb b6a1c97f19af78d0 24e582daf6f87158 5430097e23000368 3c565c1fc2316d16 20d283a232dfd13c 24c47959ea77b15b a60934e6b473097a 3e66b4855d0dddbe f48d0fbea7dc2782 bd713b37b67866c3 522bd6887960c25d 81b639b74256b45b c015590d6a6fe833 64b31699d7d15934 0db6584e3bdfa1c4 b9d966ad9e04127a 3b6d27775fce1c7b 4b29fc21f912754d 66ccd03c9e03ac06 a76ffccd2f5df1a7 62431fd374eb99fb
554,acf5cb026b3c4551 24e582daf6f87158 3c565c1fc2316d16 20d283a232dfd13c 24c47959ea77b15b a60934e6b473097a 3e66b4855d0dddbe f48d0fbea7dc2782 bd713b37b67866c3 522bd6887960c25d 2394b08708475900 81b639b74256b45b c015590d6a6fe833 64b31699d7d15934 9fda36f260eec24e 0db6584e3bdfa1c4 b9d966ad9e04127a 3b6d27775fce1c7b 4b29fc21f912754d 66ccd03c9e03ac06 a76ffccd2f5df1a7 62431fd374eb99fb 5897953fdf87b60f 0f4c71d341e2d939 42bb83d7c4b9ecae cea18be9a89d7a81 172bc0ee09332ae9 395b26d91f98bd92 b6e72edcad270be0 0e45c4c185f35df6
555,013030fd7d29bf3d fd57e641d06ebda7 734dabb98795c35c 00d9eb862ba3dfc6 00e1e2eb13f650e4 c49d8f84a4f87f8a 4535ce2e3dced00f c143c095983a65c2 5430097e23000368 585f4ee09d8fea46 3986b68500d7704b 4f915ad69e1dca36 07be6a290720707d 72c2a95813ea72bd 428f9363fa35882d dc576af4ae66e25e bb7515be835dea49 4f31209941bb05fc 83f5a9732f0de67f f54ad8d1eb18212e e8ad5e31484ef889 63d509cd2a2e0e47 28403e62105b00f6 0079f3c74309b582 f0d53dcf0c296b57 765c0695339c3abe 19b4014943e0ad92 ce8cb4351b8c0f6e 2e2904c5373734ae 9ab90dfc5c9b0b37
556,1c3b74a02a86467d 447fc00f40d71d08 a5d5ba33b5b1dc95 fa173131f15f5534 3c565c1fc2316d16 01b3da54ffb158a0 29968e8fd13539f8 46b99f864d6a075a bc2552a642ce8497 3e8e56f639a5db5b 4d29c6922b2d0d56 74244a8703c03720 061f3e1feeaa3094 ced9c56f2be86774 148ac4a56a18844d fc16a50ff0baec53 4d32dae7b43c489a af41e2b6da3e7e02 d73a65673e3f1d78 f49e13a653cbdad2 680bb5c5c3bb6ee1 43b3338423d7386c 98dbd15aa33ebc18 f209d29f991432f0 8566d15270eb5e83 d7d937303a6d5a9d 1efd7bd8a34a1359 522bd6887960c25d 87c5481930cfe126 3b4a85bac6ead3c8
557,cc861214a89ef1f4 fab14d178b24a67f af8e70f978cd5aee 4105533fe46dfba9 bb7515be835dea49 059bbdbdb843af6a 9f4e0d572b1f4e6c 3a6e7894dde31c67 c015590d6a6fe833 12af6a34778710db 4b8c7061102517ef 3b6d27775fce1c7b c143c095983a65c2 c5830f9d0f1e29e5 24e582daf6f87158 6a3919ad9ed8197e 0f33ce8d8014f308 e9c20b67a4c5395f 354d7a327bbcc152 4f915ad69e1dca36 52370bea1acd0600 50cb6a6c60ad711a 8dedff0a79784abc 285657fcdf89f00d 35488b3b8b781278 05e4165a56bf50eb 0451447dd64f6284 7c8324ce28ffb96e ca4de5b8a7bda9df ecb768ef6fd223ca
558,0647acc4602d4e8f 20db73cf07a45f71 05e4165a56bf50eb 27bc34b9887bec0d a60934e6b473097a 54a11cbcd7a32af4 9fda36f260eec24e a65e30106ea50423 42bb83d7c4b9ecae 4d32dae7b43c489a 0eafda717681bbdc 01020d1b0821f4c7 d7d937303a6d5a9d 2901e5309bb3f8f6 fa173131f15f5534 0772e3ab293a1f30 a2c35fdf07a13286 2bafd15871caae91 09bbaa171c20bae3 628accd9be98503c 24c47959ea77b15b 538c7bb968b2154c 95d25d38ba7df9c7 3e66b4855d0dddbe 39075e303166355e d46598813fb437e5 413c55a5ab86881a 095bb1b6ecbd0a50 f48d0fbea7dc2782 d5805cdb9e8f0f48
559,8e0cc5199a0ee659 1f423f368aebf7f3 74ae9af23a383bf5 ae000f9d0b5e104e 204ec91c39d1479d 1c3b74a02a86467d 12af6a34778710db ca4de5b8a7bda9df bc2ae5f4e5d53e00 8faeacf8ca08f62d f76f44d372517a9a f46601a9955f9949 bd0f175ee98c613e 39075e303166355e ec4ef2f727e7a03f 1d0f5fdc58e3efb5 095bb1b6ecbd0a50 d5805cdb9e8f0f48 b78189788d563693 8fc68213b63951dc eec6b281e236b500 b3ad55963554f220 4491016efed845f1 f25bfcffedaccf28 72b80b099fd64ec4 393f49286db04aeb e1460af4a7044067 d216e5458ad70e60 abf90e759d208468 430feb4826a5632e
560,b26d8664feb18c8c f25bfcffedaccf28 bd0f175ee98c613e e8684734f2e587bd 8699cc5dd4159b69 e4a7a996ed6a5a81 538c7bb968b2154c d3c4a7db726191e0 0a79fabc6f5d93c9 061f3e1feeaa3094 07f22a7ad7e4711d ce0f56b7190c268a 07d688f5e2142b87 a2805ed52b47b8ec 4d32dae7b43c489a 8643165b0f53df11 16b11706660177ff d257d1fbcf43abd5 a18df74d3a16e9c0 73f770f2643a2135 01b3da54ffb158a0 ec1b3d7ccd3984d0 1d0f5fdc58e3efb5 01ecc81f6341e902 60a070db9f1869b5 97d696011258825c 52aa48c07b34dc88 e7cad3748e50b0f8 1c3b74a02a86467d 25145708d494530b
561,06de3ca1148b088b c49d8f84a4f87f8a 4f915ad69e1dca36 734dabb98795c35c 4535ce2e3dced00f c143c095983a65c2 585f4ee09d8fea46 3986b68500d7704b 07be6a290720707d 72c2a95813ea72bd 428f9363fa35882d dc576af4ae66e25e 4f31209941bb05fc 83f5a9732f0de67f f54ad8d1eb18212e e8ad5e31484ef889 013030fd7d29bf3d 63d509cd2a2e0e47 28403e62105b00f6 0079f3c74309b582 f0d53dcf0c296b57 fd57e641d06ebda7 765c0695339c3abe 19b4014943e0ad92 ce8cb4351b8c0f6e 2e2904c5373734ae 9ab90dfc5c9b0b37 919b1679fffa7ef1 00d9eb862ba3dfc6 e7dd56376be2cf1c
562,da904d2a54ff8cf2 4483bbdd3241f11a fd30682593995748 7d83ffe83f61bdc4 0b0021aa60d05daa bbbd5d2fd957e8f7 976baf0e84752a68 74873b42602d8958 fab14d178b24a67f 5430097e23000368 bb7515be835dea49 8abe670908f12614 ddf332f2b55a2a23 01b3da54ffb158a0 d64c06baf5ef1c90 3d93a60f990a0a7c 238ec735a13a3f09 36d33c41812ce7dc c810ac016901e8ac 4d7653ea9499eed4 cc861214a89ef1f4 2e44fbb8bc3d8d71 e5fb8dc5c9cb4a19 d6ed7e4b14c51296 b8e2f75014710ced 00d9f8d3f7d412b3 83f8aca6ee2caabc 52e459a551d4ac2d f28fb3d9880c5d4c 61ba7707ef6a5a99
563,3c565c1fc2316d16 447fc00f40d71d08 3b4a85bac6ead3c8 8566d15270eb5e83 a853f13216170123 a2c35fdf07a13286 4b29fc21f912754d 5b4c879fc9c316fb bb7515be835dea49 24c47959ea77b15b 3e66b4855d0dddbe f48d0fbea7dc2782 cc507a0d6fcf4a1c 66ccd03c9e03ac06 a76ffccd2f5df1a7 62431fd374eb99fb 0f4c71d341e2d939 cea18be9a89d7a81 172bc0ee09332ae9 95ecdbff44ad0b60 b6e72edcad270be0 4f2fffd7528de786 666bdff4faa513ca 4d954d933e606b70 ddf332f2b55a2a23 07f22a7ad7e4711d c5830f9d0f1e29e5 6406fcdb7d87b5dc 1dc7139adba034ec 999a52f1d301247c
564,da904d2a54ff8cf2 4483bbdd3241f11a fd30682593995748 d6bbbd6c4968075a 7d83ffe83f61bdc4 fc16a50ff0baec53 976baf0e84752a68 bbbd5d2fd957e8f7 74873b42602d8958 8abe670908f12614 d64c06baf5ef1c90 3d93a60f990a0a7c 238ec735a13a3f09 c810ac016901e8ac 36d33c41812ce7dc d6ed7e4b14c51296 52e459a551d4ac2d 61ba7707ef6a5a99 453bc79164d57a01 e7828f0ea9749505 5430097e23000368 cec2eea2a1fe566a 2e44fbb8bc3d8d71 cc861214a89ef1f4 e5fb8dc5c9cb4a19 b8e2f75014710ced 00d9f8d3f7d412b3 83f8aca6ee2caabc f28fb3d9880c5d4c db0e648651f4c92b
565,047769588be1aea9 1d0f5fdc58e3efb5 b78189788d563693 8df3f13d6af34cb3 666bdff4faa513ca 0683b6a78f54be75 bd0f175ee98c613e f25bfcffedaccf28 a2c35fdf07a13286 8699cc5dd4159b69 3a6e7894dde31c67 e7cad3748e50b0f8 e4a7a996ed6a5a81 e8684734f2e587bd d257d1fbcf43abd5 8643165b0f53df11 07f22a7ad7e4711d dc12cc503ac0eddb 5430097e23000368 0bcaac840d5e66d7 c28bc62802b90f82 702d8f1064ab3e30 a52df8083c238c46 3986b68500d7704b ff88049e61f0f4ef e0269da736ddf004 bd713b37b67866c3 fd30682593995748 2a06f5614060e3b6 39f6296778264878
566,f54ad8d1eb18212e f0d53dcf0c296b57 f44f74b3451aa593 87c5481930cfe126 bb7515be835dea49 95ecdbff44ad0b60 c5830f9d0f1e29e5 1dc7139adba034ec ff88049e61f0f4ef 3fa57d488e979d74 3986b68500d7704b 702d8f1064ab3e30 c28bc62802b90f82 0bcaac840d5e66d7 e0269da736ddf004 9a0f5ee4f845c9b2 4d7653ea9499eed4 52370bea1acd0600 bd713b37b67866c3 fd30682593995748 47fbe21f5c35c7b4 39f6296778264878 942a7d26d81c841f bd0f175ee98c613e ae94d8435a6847f4 b6d0f83aad4e4dc7 b24820ae14e16a24 622f2e4119882c94 4b8c7061102517ef 2a06f5614060e3b6
567,ac9ee0c09b538140 955e465ce0788ea6 a52df8083c238c46 7c8324ce28ffb96e bf3ccaba4a3450a8 73f770f2643a2135 29bedd00fb2be056 b69ce8b8154645f8 622f2e4119882c94 49224aca40e6e5e3 796888cc3443006c 853e36b1550c6274 34a62e66e05f9a44 d6bbbd6c4968075a d46598813fb437e5 59bf6d6df9146d60 5fb2d8e734956af0 d257d1fbcf43abd5 5ebb4d2f5f1c1f13 6d80d2e62d01f6bc 6a9aa1bd93e36e66 033d905aec273595 65d44c6393907290 01ecc81f6341e902 a982b5c3aed39396 22756be6fd061d4c 63d95d5977c2fe98 6aac5e116b75aa22 a9dad59c7055b56c 4e966bb2768c2b8a
568,b760ebc5f25788d3 c28bc62802b90f82 12af6a34778710db 0195950ce0f47e34 20d283a232dfd13c 29bedd00fb2be056 e5fb8dc5c9cb4a19 197fa50b30d91fe8 64b31699d7d15934 0db6584e3bdfa1c4 acae1d29289b1266 2901e5309bb3f8f6 8faeacf8ca08f62d f46601a9955f9949 24e582daf6f87158 bd0f175ee98c613e 39075e303166355e ec4ef2f727e7a03f 095bb1b6ecbd0a50 d5805cdb9e8f0f48 8fc68213b63951dc eec6b281e236b500 b3ad55963554f220 4491016efed845f1 393f49286db04aeb 430feb4826a5632e 955e465ce0788ea6 a813c15b46ceaf68 26fc2a95df5659c2 bb7515be835dea49
569,bd0f175ee98c613e f25bfcffedaccf28 07f22a7ad7e4711d 8699cc5dd4159b69 e7cad3748e50b0f8 e4a7a996ed6a5a81 e8684734f2e587bd d257d1fbcf43abd5 a813c15b46ceaf68 702d8f1064ab3e30 8643165b0f53df11 9f4e0d572b1f4e6c a492bd402afd5c71 dc12cc503ac0eddb 4d9214c0925e5af8 1a05ef8c93af8eed 2e79d45ba4d1540d 4d954d933e606b70 2e031d83339759b2 fc16a50ff0baec53 29bedd00fb2be056 50806199c80e215c e5fb8dc5c9cb4a19 26140b225c4f8d3f 197fa50b30d91fe8 5b4c879fc9c316fb 3c565c1fc2316d16 acae1d29289b1266 486dd77002936dec 2901e5309bb3f8f6
570,73f770f2643a2135 538c7bb968b2154c 01ecc81f6341e902 b26d8664feb18c8c 1d0f5fdc58e3efb5 a18df74d3a16e9c0 d3c4a7db726191e0 a2805ed52b47b8ec 4577ae048ef1967d 07d688f5e2142b87 f29eee8054c061e1 b6e646c13d0753ae 97d696011258825c ce0f56b7190c268a ad06e9eeea8eb4ea 7c8324ce28ffb96e bd713b37b67866c3 3ca7964973437917 eff60ceea8817dad 64b31699d7d15934 2e4b00c01d58e79e 9b0e8cf8153e3b33 acf5cb026b3c4551 83f8f2fc471cad74 52370bea1acd0600 50cb6a6c60ad711a 40583079f57235a6 58654e3143c6550b c015590d6a6fe833 047769588be1aea9
571,055d895a3b26e466 4b8c7061102517ef 453bc79164d57a01 8dc313a2cf9da354 b50b4e27b03c7b37 9c9a9d45c2ea7ddf fab14d178b24a67f da904d2a54ff8cf2 ddf332f2b55a2a23 2b48ab08c915c0ad 7cea1f637ea3f37d d6ed7e4b14c51296 00d9f8d3f7d412b3 83f8aca6ee2caabc 52e459a551d4ac2d 61ba7707ef6a5a99 d72363ddd958d906 af8e70f978cd5aee 0cd920bad11c716d c143c095983a65c2 7c9248ed6224aa26 9f27aa36c1ea793c e7828f0ea9749505 6461a9faa871b3ac f105a53e5cfae611 ee3ed9a3f51336cd 120e745e2961b5d5 b0b5e62a93a2c37c 37001ade0df85823 50ba507a268872e1
572,eff60ceea8817dad e8684734f2e587bd c143c095983a65c2 419b5dc40744fb9b f209d29f991432f0 d16da1fb61813db9 d216e5458ad70e60 1d12acf7349196b0 3a6e7894dde31c67 52aa48c07b34dc88 c015590d6a6fe833 edc79e57b20e9036 3b6d27775fce1c7b fb8bd6b95eb4702a 24e582daf6f87158 54a11cbcd7a32af4 453bc79164d57a01 0f33ce8d8014f308 1efd7bd8a34a1359 8a5635c748344d47 e9c20b67a4c5395f 60a070db9f1869b5 4f915ad69e1dca36 ac9ee0c09b538140 05e4165a56bf50eb da7d3c2d591c4295 52370bea1acd0600 50cb6a6c60ad711a 8dedff0a79784abc d63b7f083330247f
573,26f72a4eb15ea8c0 4c0eee2c1a5e76e2 bbbd5d2fd957e8f7 0451447dd64f6284 7d83ffe83f61bdc4 50ba507a268872e1 5430097e23000368 5057551fc55e9ed2 49b5678e0d1e5bcd d6ed7e4b14c51296 db0e648651f4c92b 7e4a4a1300b77a06 ae77487a89f2610c 4483bbdd3241f11a 2b48ab08c915c0ad e7828f0ea9749505 6461a9faa871b3ac ee3ed9a3f51336cd fd30682593995748 8dc313a2cf9da354 da904d2a54ff8cf2 b50b4e27b03c7b37 3d93a60f990a0a7c 976baf0e84752a68 238ec735a13a3f09 ec4ef2f727e7a03f 74873b42602d8958 fab14d178b24a67f 430feb4826a5632e 00d9f8d3f7d412b3
574,d216e5458ad70e60 fb8bd6b95eb4702a 8a5635c748344d47 60a070db9f1869b5 da7d3c2d591c4295 e8684734f2e587bd 10ad13170242ecae d63b7f083330247f 8bf446c0455e3c5c b6e646c13d0753ae 3ca7964973437917 d5952b2e031c4e7e da904d2a54ff8cf2 5430097e23000368 d64c06baf5ef1c90 3d93a60f990a0a7c 238ec735a13a3f09 c810ac016901e8ac 36d33c41812ce7dc d6ed7e4b14c51296 52e459a551d4ac2d 61ba7707ef6a5a99 1d12acf7349196b0 453bc79164d57a01 7d83ffe83f61bdc4 e7828f0ea9749505 976baf0e84752a68 b78189788d563693 4483bbdd3241f11a cec2eea2a1fe566a
575,1d0f5fdc58e3efb5 e1460af4a7044067 828f5dfbbf1272ee 939a1f686ea36c05 e228204ae08d1355 3b6d27775fce1c7b 4d7653ea9499eed4 e878efab7c37179e 8df3f13d6af34cb3 96e82fa141db9a4b 9269d2b0d877352d c36c2dce0e6e434f 95d25d38ba7df9c7 fb2ebcb5335ad2e2 a860b682add9de1c a492bd402afd5c71 bf973f9ec3600199 95ecdbff44ad0b60 8e0760918e88e4a9 5c8c6d9a1fd4c1e0 366a22fce0614fb8 eab15ee21e126f6a 8566d15270eb5e83 e4a7a996ed6a5a81 877672967d3f70bb d16da1fb61813db9 587e0b2a4811fab1 de8e1345e8c305c4 af41e2b6da3e7e02 e740c80fce094788
576,0add47a043c64d7f f2e30efbd27bee51 aa0789b403bcd839 a853f13216170123 b1dcaca98bb76736 ba5199dba342af68 f76f44d372517a9a a0b1f4dd32f3e278 0c15f252d30646fc 069e7e25e43deab3 db69d4cbfef8d22f db0e648651f4c92b c5830f9d0f1e29e5 9c9ebf71707d7a37 238de368bb05c0ec 9cf6709de35bf0f3 49b5678e0d1e5bcd f44f74b3451aa593 0220a434aa8bf029 3734d3b0b9232538 3a6e7894dde31c67 bb7515be835dea49 95ecdbff44ad0b60 1dc7139adba034ec d73a65673e3f1d78 128d583954b18074 9a0f5ee4f845c9b2 702d8f1064ab3e30 3986b68500d7704b 0bcaac840d5e66d7
577,70ebf53ced736fa4 da011b87595c1019 5f94b027039f4e48 b9d966ad9e04127a 81b7c7e312bfa1a0 7155e5a86136eb02 7ee52d2519eea367 dea5e9227fbbac29 50cb6a6c60ad711a c015590d6a6fe833 83f8f2fc471cad74 d1e21234d7cc61d2 28a2067685cb3e97 b6e646c13d0753ae 9fbffc521da97c54 2e2904c5373734ae 5057551fc55e9ed2 855f2f0354e102c7 b1dcaca98bb76736 520ec719078be07c 377c1150c781e37a 5dd752753760ced8 77e2f7da1f9d3a8f e0269da736ddf004 da904d2a54ff8cf2 edc79e57b20e9036 d64c06baf5ef1c90 3d93a60f990a0a7c 238ec735a13a3f09 c810ac016901e8ac
578,03ed286136d7b3cf 047769588be1aea9 6899956cd6c683f0 72b80b099fd64ec4 e1460af4a7044067 9fda36f260eec24e bb7515be835dea49 172bc0ee09332ae9 54a11cbcd7a32af4 19e8f436d4b2fc25 b24820ae14e16a24 cc507a0d6fcf4a1c e403278468d84383 bfb8032f2183d471 83b911ff0ff45844 ca4de5b8a7bda9df c5830f9d0f1e29e5 d5952b2e031c4e7e 4dba7ce835494a63 922e625fae98b3b9 3734d3b0b9232538 24e582daf6f87158 f44f74b3451aa593 87c5481930cfe126 3c565c1fc2316d16 20d283a232dfd13c 24c47959ea77b15b a60934e6b473097a 3e66b4855d0dddbe f48d0fbea7dc2782
579,0add47a043c64d7f aa0789b403bcd839 db0e648651f4c92b 0c15f252d30646fc 9c9ebf71707d7a37 49b5678e0d1e5bcd 0220a434aa8bf029 b1dcaca98bb76736 ba5199dba342af68 70ebf53ced736fa4 ad06e9eeea8eb4ea a0b1f4dd32f3e278 f2e30efbd27bee51 447fc00f40d71d08 dea5e9227fbbac29 f105a53e5cfae611 942a7d26d81c841f 90ecb28f2edb9d43 4d7653ea9499eed4 bb7515be835dea49 a853f13216170123 4beacc71024f8b08 8df3f13d6af34cb3 2e79d45ba4d1540d 2e031d83339759b2 c015590d6a6fe833 09bbaa171c20bae3 238de368bb05c0ec 9f3d2ca16f358290 a60934e6b473097a
580,d64c7c3b658689f4 898a4921ab9f4cce 238ec735a13a3f09 50ba507a268872e1 61ba7707ef6a5a99 0cd920bad11c716d 39f6296778264878 74873b42602d8958 da904d2a54ff8cf2 fc16a50ff0baec53 db0e648651f4c92b 26f72a4eb15ea8c0 b6cdb608f640e038 da011b87595c1019 d64c06baf5ef1c90 3d93a60f990a0a7c bbbd5d2fd957e8f7 047769588be1aea9 b50b4e27b03c7b37 c810ac016901e8ac 36d33c41812ce7dc 00ff646ca6637bd7 8abe670908f12614 a1314cd417504572 d6ed7e4b14c51296 49b5678e0d1e5bcd 52e459a551d4ac2d 453bc79164d57a01 7d83ffe83f61bdc4 0220a434aa8bf029
581,2359719a0f40ffac 74e59c5820900b17 c08c3765ac609cc0 ffc688c4c1c2a068 dac29ed8400b50cc e14a893f1918277e 42a5cae2a3a45557 54f55c74d37db3c0 f705b637f624147e bed3e73d52011f68 8d58da0e1800dc96 a9eef13786610446 2a06f5614060e3b6 6d80d2e62d01f6bc 65fac1ba1840000f 622f2e4119882c94 05f23e7d05dbf7c2 0eafda717681bbdc 44d324ebd3e22ad7 00140806971e7a73 4d417b203b333363 2810fb6f81d1711c 050544c040f46152 b29ab87af6ea6310 5b34da30b93eb123 63d95d5977c2fe98 3fa57d488e979d74 b749972436ac9791 e7cad3748e50b0f8 fc21db75b354a917
582,29bedd00fb2be056 e5fb8dc5c9cb4a19 197fa50b30d91fe8 acae1d29289b1266 20d283a232dfd13c 2901e5309bb3f8f6 8faeacf8ca08f62d f46601a9955f9949 bd0f175ee98c613e 39075e303166355e ec4ef2f727e7a03f 095bb1b6ecbd0a50 d5805cdb9e8f0f48 8fc68213b63951dc eec6b281e236b500 b3ad55963554f220 64b31699d7d15934 4491016efed845f1 0db6584e3bdfa1c4 393f49286db04aeb 430feb4826a5632e 955e465ce0788ea6 a813c15b46ceaf68 26fc2a95df5659c2 bb7515be835dea49 528161039994b4dc a04d6febd82a4389 1f4f62844c3cb99c 8f578001f9d5f543 ae94d8435a6847f4
583,a860b682add9de1c a292248bb2bffb3d 520ec719078be07c b6e72edcad270be0 0e45c4c185f35df6 636224e349e561bf ae94d8435a6847f4 bd0f175ee98c613e f25bfcffedaccf28 dc12cc503ac0eddb da011b87595c1019 3b4a85bac6ead3c8 59c231f8fd21260c bf973f9ec3600199 e403278468d84383 e6a29676c096f8e8 5c4b7558c942a224 587e0b2a4811fab1 58654e3143c6550b 8699cc5dd4159b69 2e031d83339759b2 e7cad3748e50b0f8 8dedff0a79784abc e4a7a996ed6a5a81 22756be6fd061d4c e8684734f2e587bd d257d1fbcf43abd5 8643165b0f53df11 07f22a7ad7e4711d a0566ca9daca7778
584,95166957b2c38794 72b80b099fd64ec4 b1e47da7659b675c 19e8f436d4b2fc25 2cebd52b41930f0a b05b5f6850cfa158 e1460af4a7044067 f25bfcffedaccf28 ec1b3d7ccd3984d0 939a1f686ea36c05 636224e349e561bf 0a79fabc6f5d93c9 16b11706660177ff 520ec719078be07c 7f95168400948588 9fda36f260eec24e b24820ae14e16a24 cc507a0d6fcf4a1c a292248bb2bffb3d e403278468d84383 5547f9f1638ac345 ca43e349133fc0e3 b6e72edcad270be0 0e45c4c185f35df6 172bc0ee09332ae9 bfb8032f2183d471 9269d2b0d877352d 59c231f8fd21260c 8a5635c748344d47 83b911ff0ff45844
585,07f22a7ad7e4711d a853f13216170123 4b29fc21f912754d 5b4c879fc9c316fb 3c565c1fc2316d16 24c47959ea77b15b 3e66b4855d0dddbe f48d0fbea7dc2782 cc507a0d6fcf4a1c 66ccd03c9e03ac06 a76ffccd2f5df1a7 62431fd374eb99fb 0f4c71d341e2d939 cea18be9a89d7a81 172bc0ee09332ae9 b6e72edcad270be0 4f2fffd7528de786 666bdff4faa513ca a2c35fdf07a13286 4d954d933e606b70 ddf332f2b55a2a23 6406fcdb7d87b5dc 999a52f1d301247c c31a456b544a40a8 238de368bb05c0ec 486dd77002936dec 404031ab9d5977c4 3a6e7894dde31c67 d73a65673e3f1d78 128d583954b18074
586,898a4921ab9f4cce e5fb8dc5c9cb4a19 b8e2f75014710ced bb7515be835dea49 95ecdbff44ad0b60 c5830f9d0f1e29e5 1dc7139adba034ec 0195950ce0f47e34 52370bea1acd0600 4d7653ea9499eed4 9a0f5ee4f845c9b2 0bcaac840d5e66d7 c28bc62802b90f82 702d8f1064ab3e30 3986b68500d7704b 734dabb98795c35c ff88049e61f0f4ef e0269da736ddf004 bd713b37b67866c3 0708923badf2ff5d fd30682593995748 2a06f5614060e3b6 39f6296778264878 3fa57d488e979d74 b24820ae14e16a24 b6d0f83aad4e4dc7 622f2e4119882c94 4b8c7061102517ef af8e70f978cd5aee 5ebb4d2f5f1c1f13
587,5430097e23000368 49b5678e0d1e5bcd db0e648651f4c92b 7e4a4a1300b77a06 ae77487a89f2610c 7d83ffe83f61bdc4 bbbd5d2fd957e8f7 2b48ab08c915c0ad 238ec735a13a3f09 e7828f0ea9749505 6461a9faa871b3ac 42a5cae2a3a45557 ee3ed9a3f51336cd 1ba7a50457e93996 d6ed7e4b14c51296 4d9214c0925e5af8 2820628e65a062e2 0683b6a78f54be75 d257d1fbcf43abd5 35488b3b8b781278 d92c0298f76ccf77 e36475c1af5ea3ab 0220a434aa8bf029 1d72229ebcc00faf 00d9f8d3f7d412b3 9f27aa36c1ea793c 428f9363fa35882d f76f44d372517a9a 1d0f5fdc58e3efb5 f25bfcffedaccf28
588,fc21db75b354a917 666bdff4faa513ca d64c06baf5ef1c90 bc27d5dc9bab1c18 36d33c41812ce7dc c810ac016901e8ac e8684734f2e587bd 18b1d2d84c97a364 27a12f29dceccdbd 5570ef88d970e9b4 26fc2a95df5659c2 016da874bd04df55 4c3802a1bd3c842e 39f6296778264878 c28bc62802b90f82 025a148c3a53bd9f 1d0f5fdc58e3efb5 74244a8703c03720 3d93a60f990a0a7c bf3ccaba4a3450a8 cc861214a89ef1f4 d16da1fb61813db9 e5fb8dc5c9cb4a19 fab14d178b24a67f 9c9a9d45c2ea7ddf b8e2f75014710ced 83f8aca6ee2caabc f28fb3d9880c5d4c 316382267dcd804f d72363ddd958d906
589,ba5199dba342af68 e25a1da6ca187350 e403278468d84383 1fe79c7de59ff6c6 3c0873ce078d332b e8b87ed7db1bcb1f 83b911ff0ff45844 ca4de5b8a7bda9df 1dc7139adba034ec 2e4b00c01d58e79e 8df3f13d6af34cb3 d1e21234d7cc61d2 6204e398d8c7f888 419b5dc40744fb9b bee46c54461925d0 4535ce2e3dced00f 83f8f2fc471cad74 57113c2a4cacd961 b2ee9eea2d974c90 bfb8032f2183d471 050544c040f46152 4577ae048ef1967d 7c98dedd223b36c0 4bed80e56ea2e099 8643165b0f53df11 c1f2e3a76d388944 cea18be9a89d7a81 bbbd5d2fd957e8f7 47fbe21f5c35c7b4 52370bea1acd0600
590,5430097e23000368 49b5678e0d1e5bcd 7d83ffe83f61bdc4 bbbd5d2fd957e8f7 db0e648651f4c92b 7e4a4a1300b77a06 ae77487a89f2610c 42a5cae2a3a45557 2b48ab08c915c0ad 238ec735a13a3f09 d6ed7e4b14c51296 1ba7a50457e93996 e7828f0ea9749505 6461a9faa871b3ac ee3ed9a3f51336cd 4d9214c0925e5af8 2820628e65a062e2 d92c0298f76ccf77 d257d1fbcf43abd5 0683b6a78f54be75 e36475c1af5ea3ab 35488b3b8b781278 0220a434aa8bf029 451e7ba901ad661d 74873b42602d8958 976baf0e84752a68 fd30682593995748 4483bbdd3241f11a 8abe670908f12614 a1314cd417504572
591,a2c35fdf07a13286 d257d1fbcf43abd5 bd0f175ee98c613e f25bfcffedaccf28 07f22a7ad7e4711d 8699cc5dd4159b69 e7cad3748e50b0f8 e4a7a996ed6a5a81 e8684734f2e587bd 8643165b0f53df11 4b29fc21f912754d d92c0298f76ccf77 a853f13216170123 0683b6a78f54be75 35488b3b8b781278 3c565c1fc2316d16 dc12cc503ac0eddb 24c47959ea77b15b 3e66b4855d0dddbe f48d0fbea7dc2782 5b4c879fc9c316fb 66ccd03c9e03ac06 a76ffccd2f5df1a7 62431fd374eb99fb 0f4c71d341e2d939 cea18be9a89d7a81 172bc0ee09332ae9 b6e72edcad270be0 4d954d933e606b70 ddf332f2b55a2a23
592,522bd6887960c25d d35e11d3d1ab3c67 9f3d2ca16f358290 6aefb6531736648a 3734d3b0b9232538 d73a65673e3f1d78 6899956cd6c683f0 128d583954b18074 00e1e2eb13f650e4 52370bea1acd0600 4d7653ea9499eed4 9a0f5ee4f845c9b2 0bcaac840d5e66d7 c28bc62802b90f82 47fbe21f5c35c7b4 3986b68500d7704b 3fa57d488e979d74 ff88049e61f0f4ef e0269da736ddf004 bd713b37b67866c3 fd30682593995748 2a06f5614060e3b6 39f6296778264878 702d8f1064ab3e30 734dabb98795c35c 942a7d26d81c841f bd0f175ee98c613e ae94d8435a6847f4 b6d0f83aad4e4dc7 b24820ae14e16a24
593,35488b3b8b781278 447fc00f40d71d08 bd0f175ee98c613e 3a6e7894dde31c67 f25bfcffedaccf28 90ecb28f2edb9d43 c015590d6a6fe833 3b6d27775fce1c7b 2e79d45ba4d1540d c143c095983a65c2 24e582daf6f87158 2e031d83339759b2 0f33ce8d8014f308 e9c20b67a4c5395f 4f915ad69e1dca36 52370bea1acd0600 8699cc5dd4159b69 50cb6a6c60ad711a e7cad3748e50b0f8 8dedff0a79784abc 285657fcdf89f00d 0451447dd64f6284 9f3d2ca16f358290 e4a7a996ed6a5a81 7c8324ce28ffb96e e8684734f2e587bd d257d1fbcf43abd5 b6a1c97f19af78d0 28a2067685cb3e97 8643165b0f53df11
594,6a3919ad9ed8197e 2394b08708475900 047769588be1aea9 f46601a9955f9949 796888cc3443006c daa257a37227cd72 8fc68213b63951dc 393f49286db04aeb 4d7653ea9499eed4 5fb2d8e734956af0 a813c15b46ceaf68 942a7d26d81c841f 29bedd00fb2be056 9fbffc521da97c54 a52df8083c238c46 0db6584e3bdfa1c4 2901e5309bb3f8f6 b69ce8b8154645f8 59bf6d6df9146d60 d6ed7e4b14c51296 c606425856952286 964a50d33717c26d d46598813fb437e5 e5fb8dc5c9cb4a19 976baf0e84752a68 b24820ae14e16a24 73391e0853c1e040 feddfcf56818968e 24e582daf6f87158 5430097e23000368
595,bd713b37b67866c3 f46601a9955f9949 8fc68213b63951dc 393f49286db04aeb a813c15b46ceaf68 942a7d26d81c841f 0db6584e3bdfa1c4 e5fb8dc5c9cb4a19 796888cc3443006c daa257a37227cd72 29bedd00fb2be056 59bf6d6df9146d60 5fb2d8e734956af0 197fa50b30d91fe8 bb7515be835dea49 24e582daf6f87158 09bbaa171c20bae3 27bc34b9887bec0d acae1d29289b1266 20d283a232dfd13c 2901e5309bb3f8f6 8faeacf8ca08f62d c015590d6a6fe833 d6ed7e4b14c51296 bd0f175ee98c613e 39075e303166355e ec4ef2f727e7a03f 095bb1b6ecbd0a50 d5805cdb9e8f0f48 eec6b281e236b500
596,4b29fc21f912754d a853f13216170123 3c565c1fc2316d16 24c47959ea77b15b 3e66b4855d0dddbe f48d0fbea7dc2782 5b4c879fc9c316fb 66ccd03c9e03ac06 a76ffccd2f5df1a7 62431fd374eb99fb 0f4c71d341e2d939 cea18be9a89d7a81 172bc0ee09332ae9 b6e72edcad270be0 a2c35fdf07a13286 4d954d933e606b70 ddf332f2b55a2a23 6406fcdb7d87b5dc 999a52f1d301247c c31a456b544a40a8 cc507a0d6fcf4a1c 238de368bb05c0ec 404031ab9d5977c4 4f2fffd7528de786 666bdff4faa513ca 3734d3b0b9232538 24e582daf6f87158 07f22a7ad7e4711d a017f3358d5327aa 486dd77002936dec
597,f44f74b3451aa593 f76f44d372517a9a db69d4cbfef8d22f 9cf6709de35bf0f3 c5830f9d0f1e29e5 f2e30efbd27bee51 3734d3b0b9232538 6899956cd6c683f0 87c5481930cfe126 00e1e2eb13f650e4 bbbd5d2fd957e8f7 47fbe21f5c35c7b4 52370bea1acd0600 4d7653ea9499eed4 9a0f5ee4f845c9b2 cea18be9a89d7a81 c28bc62802b90f82 702d8f1064ab3e30 3986b68500d7704b 3fa57d488e979d74 ff88049e61f0f4ef e0269da736ddf004 bd713b37b67866c3 2a06f5614060e3b6 0bcaac840d5e66d7 5fb2d8e734956af0 447fc00f40d71d08 45bd99d5d2eef776 9c9a9d45c2ea7ddf 00140806971e7a73
598,dc576af4ae66e25e 919b1679fffa7ef1 db0e648651f4c92b 8e0cc5199a0ee659 ba5199dba342af68 1f423f368aebf7f3 74ae9af23a383bf5 0eb4de784c8dd679 ae000f9d0b5e104e 9c9ebf71707d7a37 1a05ef8c93af8eed 2e79d45ba4d1540d 204ec91c39d1479d d1e21234d7cc61d2 3fa57d488e979d74 5989fb934598c1a7 3b6d27775fce1c7b 3a6e7894dde31c67 28a2067685cb3e97 f6d23cdd2359f7c0 1c3b74a02a86467d c49d8f84a4f87f8a da904d2a54ff8cf2 4535ce2e3dced00f c143c095983a65c2 d64c06baf5ef1c90 3d93a60f990a0a7c 238ec735a13a3f09 c810ac016901e8ac 36d33c41812ce7dc
599,3c565c1fc2316d16 8566d15270eb5e83 3b4a85bac6ead3c8 447fc00f40d71d08 3b6d27775fce1c7b 50cb6a6c60ad711a 1d0f5fdc58e3efb5 a60934e6b473097a 0451447dd64f6284 70ebf53ced736fa4 9b0e8cf8153e3b33 ad06e9eeea8eb4ea 133b04350c75770b 52370bea1acd0600 e1460af4a7044067 b6a1c97f19af78d0 b9d966ad9e04127a e740c80fce094788 828f5dfbbf1272ee 939a1f686ea36c05 40583079f57235a6 58654e3143c6550b 5f94b027039f4e48 28a2067685cb3e97 98dbd15aa33ebc18 7c8324ce28ffb96e 95d25d38ba7df9c7 fb2ebcb5335ad2e2 148ac4a56a18844d bf973f9ec3600199
600,d64c06baf5ef1c90 36d33c41812ce7dc c810ac016901e8ac 3d93a60f990a0a7c 1f4f62844c3cb99c bc27d5dc9bab1c18 025a148c3a53bd9f 18b1d2d84c97a364 4c3802a1bd3c842e 27a12f29dceccdbd 5570ef88d970e9b4 cba7e22bb383083a bd0f175ee98c613e 26fc2a95df5659c2 8f578001f9d5f543 059bbdbdb843af6a f9c6286cff30aaa8 bed3e73d52011f68 45bd99d5d2eef776 cc861214a89ef1f4 9c9a9d45c2ea7ddf e5fb8dc5c9cb4a19 a14394322cf7043d b8e2f75014710ced 00d9f8d3f7d412b3 83f8aca6ee2caabc f28fb3d9880c5d4c 016da874bd04df55 d72363ddd958d906 2e44fbb8bc3d8d71
