dialogue_id,photo_id
1,585f4ee09d8fea46 0c2eeab1e4ce1db8 52e459a551d4ac2d 5d26da95786b3a3a 0a79fabc6f5d93c9 f49e13a653cbdad2 a982b5c3aed39396 4d7653ea9499eed4 c5830f9d0f1e29e5 ec4ef2f727e7a03f 9f3d2ca16f358290 2394b08708475900 16b11706660177ff a292248bb2bffb3d 4dba7ce835494a63 e25a1da6ca187350 f76f44d372517a9a ec1b3d7ccd3984d0 6204e398d8c7f888 ca4de5b8a7bda9df d7d937303a6d5a9d 20d283a232dfd13c e878efab7c37179e 01e5a6edcee7deb0 bed3e73d52011f68 8f578001f9d5f543 eec6b281e236b500 8fc68213b63951dc a2805ed52b47b8ec ffa9091747ae2466
2,8e0cc5199a0ee659 c143c095983a65c2 4c0eee2c1a5e76e2 a853f13216170123 72c2a95813ea72bd d1e21234d7cc61d2 1d0f5fdc58e3efb5 0683b6a78f54be75 4f31209941bb05fc 6899956cd6c683f0 c96049ed915ced0a e740c80fce094788 666bdff4faa513ca 10ad13170242ecae 5430097e23000368 0eedb1a0d3b8ddae 4d7653ea9499eed4 9a0f5ee4f845c9b2 0bcaac840d5e66d7 c28bc62802b90f82 702d8f1064ab3e30 e25a1da6ca187350 2a06f5614060e3b6 fd30682593995748 3fa57d488e979d74 ff88049e61f0f4ef e0269da736ddf004 bd713b37b67866c3 3986b68500d7704b 942a7d26d81c841f
3,047769588be1aea9 5d26da95786b3a3a 0451447dd64f6284 c1f2e3a76d388944 a292248bb2bffb3d d1e21234d7cc61d2 a860b682add9de1c 98dbd15aa33ebc18 bee46c54461925d0 eff60ceea8817dad 0eedb1a0d3b8ddae 3b4a85bac6ead3c8 e36475c1af5ea3ab da7d3c2d591c4295 b05b5f6850cfa158 47fbe21f5c35c7b4 52370bea1acd0600 4d7653ea9499eed4 9a0f5ee4f845c9b2 0bcaac840d5e66d7 c28bc62802b90f82 702d8f1064ab3e30 e0269da736ddf004 3986b68500d7704b 3fa57d488e979d74 ff88049e61f0f4ef fd30682593995748 0708923badf2ff5d 734dabb98795c35c 942a7d26d81c841f
4,8e0cc5199a0ee659 05e4165a56bf50eb 72c2a95813ea72bd d216e5458ad70e60 5dd752753760ced8 4d32dae7b43c489a 24e582daf6f87158 4f31209941bb05fc 6899956cd6c683f0 a5f55580081236f4 c96049ed915ced0a b26d8664feb18c8c 8faeacf8ca08f62d 47fbe21f5c35c7b4 22dc81380cf4baec 10ad13170242ecae a853f13216170123 061f3e1feeaa3094 54a11cbcd7a32af4 393f49286db04aeb 42bb83d7c4b9ecae a860b682add9de1c b05b5f6850cfa158 0add47a043c64d7f b1dcaca98bb76736 c015590d6a6fe833 6c017e548aa138f2 bd0f175ee98c613e a04d6febd82a4389 95d25d38ba7df9c7
5,430feb4826a5632e c1f2e3a76d388944 bc2ae5f4e5d53e00 a9dad59c7055b56c 3b4a85bac6ead3c8 5430097e23000368 52370bea1acd0600 4d7653ea9499eed4 9a0f5ee4f845c9b2 0bcaac840d5e66d7 c28bc62802b90f82 702d8f1064ab3e30 47fbe21f5c35c7b4 3fa57d488e979d74 ff88049e61f0f4ef e0269da736ddf004 bd713b37b67866c3 fd30682593995748 2a06f5614060e3b6 39f6296778264878 3986b68500d7704b 0708923badf2ff5d 734dabb98795c35c 942a7d26d81c841f bd0f175ee98c613e ae94d8435a6847f4 b6d0f83aad4e4dc7 b24820ae14e16a24 622f2e4119882c94 cea18be9a89d7a81
6,0195950ce0f47e34 005666aa098abe8e 0079f3c74309b582 5430097e23000368 ae000f9d0b5e104e 9c9a9d45c2ea7ddf a860b682add9de1c d46598813fb437e5 4d7653ea9499eed4 9a0f5ee4f845c9b2 0bcaac840d5e66d7 c28bc62802b90f82 702d8f1064ab3e30 52370bea1acd0600 3fa57d488e979d74 ff88049e61f0f4ef e0269da736ddf004 bd713b37b67866c3 fd30682593995748 2a06f5614060e3b6 39f6296778264878 e25a1da6ca187350 3986b68500d7704b 734dabb98795c35c 942a7d26d81c841f bd0f175ee98c613e ae94d8435a6847f4 b6d0f83aad4e4dc7 b24820ae14e16a24 622f2e4119882c94
7,e7cad3748e50b0f8 88b62355670ec8f8 0c15f252d30646fc c5830f9d0f1e29e5 95ecdbff44ad0b60 16b11706660177ff 8faeacf8ca08f62d 6e1b6b53c9710940 abf90e759d208468 f48d0fbea7dc2782 05f23e7d05dbf7c2 f2234bb7ce0c6f59 72403ecdfe02bba6 65d44c6393907290 1d0f5fdc58e3efb5 f25bfcffedaccf28 d216e5458ad70e60 8a5635c748344d47 8abe670908f12614 3cb6b40d377e7ca8 0d0368139e9a647f 0db6584e3bdfa1c4 83b911ff0ff45844 0fbd0f422e926816 b6d0f83aad4e4dc7 a2805ed52b47b8ec f29eee8054c061e1 047769588be1aea9 acae1d29289b1266 3734d3b0b9232538
8,6aefb6531736648a 734dabb98795c35c c49d8f84a4f87f8a c143c095983a65c2 04886579947a80c2 3b4a85bac6ead3c8 bbbd5d2fd957e8f7 52370bea1acd0600 4d7653ea9499eed4 9a0f5ee4f845c9b2 0bcaac840d5e66d7 c28bc62802b90f82 702d8f1064ab3e30 3986b68500d7704b 3fa57d488e979d74 ff88049e61f0f4ef e0269da736ddf004 bd713b37b67866c3 fd30682593995748 2a06f5614060e3b6 39f6296778264878 e25a1da6ca187350 47fbe21f5c35c7b4 0708923badf2ff5d 942a7d26d81c841f bd0f175ee98c613e ae94d8435a6847f4 b6d0f83aad4e4dc7 b24820ae14e16a24 622f2e4119882c94
9,ecb768ef6fd223ca af8e70f978cd5aee 5057551fc55e9ed2 22e8d6734e4121ae 4105533fe46dfba9 6cb9ab508a0678a0 c810ac016901e8ac 36d33c41812ce7dc e228204ae08d1355 680bb5c5c3bb6ee1 ce0f56b7190c268a 18b1d2d84c97a364 cc861214a89ef1f4 64267373570e4ea3 148ac4a56a18844d 7e4a4a1300b77a06 c6b615b2589e036d 2810fb6f81d1711c 39075e303166355e e14a893f1918277e 238ec735a13a3f09 b78189788d563693 316382267dcd804f 0c2eeab1e4ce1db8 8b7c486a910dd004 74244a8703c03720 976baf0e84752a68 e740c80fce094788 d64c06baf5ef1c90 83f8aca6ee2caabc
10,26140b225c4f8d3f b26d8664feb18c8c 22dc81380cf4baec 061f3e1feeaa3094 54a11cbcd7a32af4 796888cc3443006c 42bb83d7c4b9ecae b1dcaca98bb76736 0add47a043c64d7f 33856365c271aea4 c015590d6a6fe833 6c017e548aa138f2 bd0f175ee98c613e a04d6febd82a4389 95d25d38ba7df9c7 90ecb28f2edb9d43 07d688f5e2142b87 25145708d494530b ae94d8435a6847f4 095bb1b6ecbd0a50 b3e75fdca5ca2f1a a14394322cf7043d b69ce8b8154645f8 a52df8083c238c46 64b31699d7d15934 46b99f864d6a075a 01b3da54ffb158a0 d72363ddd958d906 0db6584e3bdfa1c4 cea18be9a89d7a81
11,49224aca40e6e5e3 25a3b47fe31bc6b5 18ced18aee04c48e 28a2067685cb3e97 922e625fae98b3b9 d46598813fb437e5 66ccd03c9e03ac06 387e9cd2e5d4ea7d cc0c9419f8a20603 b05b5f6850cfa158 0eedb1a0d3b8ddae c28bc62802b90f82 0bcaac840d5e66d7 702d8f1064ab3e30 3986b68500d7704b 3fa57d488e979d74 9a0f5ee4f845c9b2 4d7653ea9499eed4 52370bea1acd0600 ff88049e61f0f4ef e0269da736ddf004 bd713b37b67866c3 fd30682593995748 47fbe21f5c35c7b4 39f6296778264878 0708923badf2ff5d 734dabb98795c35c 942a7d26d81c841f bd0f175ee98c613e ae94d8435a6847f4
12,dc12cc503ac0eddb a860b682add9de1c 9b2adcf4041227d7 48a76e3aff69d605 c1f2e3a76d388944 f1a3b8b13e9401c0 54a11cbcd7a32af4 00e1e2eb13f650e4 4d32dae7b43c489a 8e0cc5199a0ee659 b84b6c0b2e4d0306 24e582daf6f87158 d5952b2e031c4e7e 34a62e66e05f9a44 72c2a95813ea72bd 8faeacf8ca08f62d 47fbe21f5c35c7b4 393f49286db04aeb 4f31209941bb05fc 6899956cd6c683f0 c96049ed915ced0a 10ad13170242ecae a853f13216170123 1dc7139adba034ec 52370bea1acd0600 e0269da736ddf004 ff88049e61f0f4ef 3fa57d488e979d74 9a0f5ee4f845c9b2 3986b68500d7704b
13,6899956cd6c683f0 8e0cc5199a0ee659 395b26d91f98bd92 bd713b37b67866c3 72c2a95813ea72bd d0f6c00eec5eb973 964a50d33717c26d af41e2b6da3e7e02 01b3da54ffb158a0 64267373570e4ea3 106204cd0e07e1b2 1398b478b71773ed 8643165b0f53df11 29bedd00fb2be056 19b4014943e0ad92 0b0021aa60d05daa 6e12311169bcb24c 2e2904c5373734ae 3e66b4855d0dddbe 7f29daa16b9b4cda 74ae9af23a383bf5 447fc00f40d71d08 9d5edf3b993fee50 db0e648651f4c92b 1f423f368aebf7f3 919b1679fffa7ef1 2b48ab08c915c0ad 6cb9ab508a0678a0 52aa48c07b34dc88 b69ce8b8154645f8
14,680bb5c5c3bb6ee1 40583079f57235a6 0eafda717681bbdc 45bd99d5d2eef776 d16da1fb61813db9 64907c4568244eb4 dea5e9227fbbac29 a76ffccd2f5df1a7 19e8f436d4b2fc25 285657fcdf89f00d 83f8f2fc471cad74 46b99f864d6a075a ce0f56b7190c268a f46601a9955f9949 4c0eee2c1a5e76e2 b26d8664feb18c8c 148ac4a56a18844d acae1d29289b1266 387e9cd2e5d4ea7d 95ecdbff44ad0b60 5f94b027039f4e48 22dc81380cf4baec 4d29c6922b2d0d56 e228204ae08d1355 061f3e1feeaa3094 54a11cbcd7a32af4 18b1d2d84c97a364 e740c80fce094788 172bc0ee09332ae9 42bb83d7c4b9ecae
15,238de368bb05c0ec 4d32dae7b43c489a 24e582daf6f87158 8faeacf8ca08f62d 47fbe21f5c35c7b4 393f49286db04aeb dc17b07476183764 a860b682add9de1c 1dc7139adba034ec e25a1da6ca187350 4d7653ea9499eed4 9a0f5ee4f845c9b2 2a06f5614060e3b6 0bcaac840d5e66d7 c28bc62802b90f82 3986b68500d7704b 52370bea1acd0600 3fa57d488e979d74 fd30682593995748 ff88049e61f0f4ef e0269da736ddf004 bd713b37b67866c3 702d8f1064ab3e30 942a7d26d81c841f bd0f175ee98c613e ae94d8435a6847f4 b6d0f83aad4e4dc7 b24820ae14e16a24 622f2e4119882c94 4b8c7061102517ef
16,c03b11a0cdc3fa39 0e45c4c185f35df6 b05b5f6850cfa158 0fbd0f422e926816 b6d0f83aad4e4dc7 4e966bb2768c2b8a fb2ebcb5335ad2e2 316382267dcd804f 74e59c5820900b17 622f2e4119882c94 0eedb1a0d3b8ddae 50ba507a268872e1 63d95d5977c2fe98 f46601a9955f9949 955e465ce0788ea6 0eafda717681bbdc 73391e0853c1e040 acae1d29289b1266 538c7bb968b2154c f2234bb7ce0c6f59 05f23e7d05dbf7c2 72403ecdfe02bba6 3ca7964973437917 f705b637f624147e 5430097e23000368 b50b4e27b03c7b37 5a1149fbcbd37376 61ba7707ef6a5a99 5b34da30b93eb123 b749972436ac9791
17,a65e30106ea50423 ced9c56f2be86774 73f770f2643a2135 ae94d8435a6847f4 430feb4826a5632e e7cad3748e50b0f8 702d8f1064ab3e30 74244a8703c03720 58654e3143c6550b b8e2f75014710ced 2e2904c5373734ae 3e8e56f639a5db5b aa0789b403bcd839 447fc00f40d71d08 9f4e0d572b1f4e6c f58ff7f1a6cde683 1ba7a50457e93996 96445bec1579ec97 8e0760918e88e4a9 a5d5ba33b5b1dc95 b6e72edcad270be0 0772e3ab293a1f30 e7828f0ea9749505 4d32dae7b43c489a 148ac4a56a18844d 1dc7139adba034ec 4bed80e56ea2e099 7eec211cc37a1b05 919b1679fffa7ef1 24e582daf6f87158
18,95ecdbff44ad0b60 8faeacf8ca08f62d 1d0f5fdc58e3efb5 e1460af4a7044067 dc17b07476183764 8e0cc5199a0ee659 486dd77002936dec 72c2a95813ea72bd 0eedb1a0d3b8ddae 3b4a85bac6ead3c8 4f31209941bb05fc 6899956cd6c683f0 c96049ed915ced0a 10ad13170242ecae a853f13216170123 ff88049e61f0f4ef 3fa57d488e979d74 e0269da736ddf004 3986b68500d7704b 702d8f1064ab3e30 c28bc62802b90f82 0bcaac840d5e66d7 9a0f5ee4f845c9b2 bd713b37b67866c3 fd30682593995748 2a06f5614060e3b6 bd0f175ee98c613e ae94d8435a6847f4 b6d0f83aad4e4dc7 b24820ae14e16a24
19,4d32dae7b43c489a 8faeacf8ca08f62d 24e582daf6f87158 47fbe21f5c35c7b4 393f49286db04aeb a860b682add9de1c 1dc7139adba034ec c5830f9d0f1e29e5 95ecdbff44ad0b60 1d0f5fdc58e3efb5 8abe670908f12614 3cb6b40d377e7ca8 a2805ed52b47b8ec b6e646c13d0753ae 3e8e56f639a5db5b 39f6296778264878 2a06f5614060e3b6 fd30682593995748 bd713b37b67866c3 942a7d26d81c841f e0269da736ddf004 ff88049e61f0f4ef ae94d8435a6847f4 3fa57d488e979d74 b6d0f83aad4e4dc7 3986b68500d7704b 702d8f1064ab3e30 c28bc62802b90f82 b24820ae14e16a24 622f2e4119882c94
20,e7cad3748e50b0f8 88b62355670ec8f8 8a5635c748344d47 a76ffccd2f5df1a7 dea5e9227fbbac29 d1e21234d7cc61d2 70ebf53ced736fa4 5f94b027039f4e48 a492bd402afd5c71 da011b87595c1019 98dbd15aa33ebc18 9f4e0d572b1f4e6c 96445bec1579ec97 4d9214c0925e5af8 de8e1345e8c305c4 27bc34b9887bec0d 1d0f5fdc58e3efb5 a853f13216170123 4522ad78bf79f0c9 ddb3810e0289c148 0683b6a78f54be75 5867d40811c0229f 7155e5a86136eb02 a292248bb2bffb3d 2e031d83339759b2 8e0cc5199a0ee659 48a76e3aff69d605 b0bfe0f426275870 e740c80fce094788 50806199c80e215c
21,ce2fe99a7cda4a17 0bcaac840d5e66d7 285657fcdf89f00d 8699cc5dd4159b69 a2805ed52b47b8ec 2bafd15871caae91 8643165b0f53df11 29bedd00fb2be056 0897dcfae16e280f 106204cd0e07e1b2 feddfcf56818968e 8e83d05923cde390 8e0cc5199a0ee659 b6a1c97f19af78d0 27bc34b9887bec0d 964a50d33717c26d 4491016efed845f1 72c2a95813ea72bd c5830f9d0f1e29e5 95ecdbff44ad0b60 7c98dedd223b36c0 50806199c80e215c 404031ab9d5977c4 b1dcaca98bb76736 0add47a043c64d7f 6c017e548aa138f2 4f31209941bb05fc 6899956cd6c683f0 a04d6febd82a4389 90ecb28f2edb9d43
22,00ff646ca6637bd7 6a3919ad9ed8197e b8e2f75014710ced 0c2eeab1e4ce1db8 354d7a327bbcc152 2bafd15871caae91 f28fb3d9880c5d4c 351c9da399c2b915 2dd12c230ab22555 2e44fbb8bc3d8d71 a677c3a76055a6d2 fc8971756f9ec194 42c9b72cc77dcb28 120e745e2961b5d5 b0b5e62a93a2c37c 37001ade0df85823 0bcaac840d5e66d7 9a0f5ee4f845c9b2 52370bea1acd0600 c28bc62802b90f82 702d8f1064ab3e30 3986b68500d7704b 3fa57d488e979d74 ff88049e61f0f4ef e0269da736ddf004 bd713b37b67866c3 4d7653ea9499eed4 942a7d26d81c841f bd0f175ee98c613e ae94d8435a6847f4
23,5430097e23000368 0683b6a78f54be75 765c0695339c3abe 35488b3b8b781278 5dd752753760ced8 2a06f5614060e3b6 f2e30efbd27bee51 73391e0853c1e040 7c98dedd223b36c0 3b4a85bac6ead3c8 ee3ed9a3f51336cd 4dba7ce835494a63 7cea1f637ea3f37d 6461a9faa871b3ac 52e459a551d4ac2d d257d1fbcf43abd5 4d32dae7b43c489a 9d5edf3b993fee50 db0e648651f4c92b 6c017e548aa138f2 00140806971e7a73 d92c0298f76ccf77 d7d937303a6d5a9d e878efab7c37179e 8fc68213b63951dc eec6b281e236b500 8f578001f9d5f543 20d283a232dfd13c bed3e73d52011f68 01e5a6edcee7deb0
24,4d32dae7b43c489a 197fa50b30d91fe8 24e582daf6f87158 7b81f1f2b6ec2e5f 8faeacf8ca08f62d 8e0cc5199a0ee659 47fbe21f5c35c7b4 26fc2a95df5659c2 393f49286db04aeb 6d80d2e62d01f6bc a860b682add9de1c 72c2a95813ea72bd 0451447dd64f6284 c49d8f84a4f87f8a 1dc7139adba034ec 2901e5309bb3f8f6 4f31209941bb05fc 6899956cd6c683f0 c96049ed915ced0a 0eedb1a0d3b8ddae 10ad13170242ecae a853f13216170123 b05b5f6850cfa158 4d7653ea9499eed4 52370bea1acd0600 0bcaac840d5e66d7 c28bc62802b90f82 702d8f1064ab3e30 3986b68500d7704b 3fa57d488e979d74
25,c96049ed915ced0a c5830f9d0f1e29e5 6aefb6531736648a a2805ed52b47b8ec 734dabb98795c35c c49d8f84a4f87f8a b6e646c13d0753ae c143c095983a65c2 95ecdbff44ad0b60 8faeacf8ca08f62d 1d0f5fdc58e3efb5 8abe670908f12614 3cb6b40d377e7ca8 3e8e56f639a5db5b 0bcaac840d5e66d7 c28bc62802b90f82 702d8f1064ab3e30 3986b68500d7704b 4d7653ea9499eed4 3fa57d488e979d74 ff88049e61f0f4ef e0269da736ddf004 bd713b37b67866c3 fd30682593995748 2a06f5614060e3b6 e25a1da6ca187350 9a0f5ee4f845c9b2 bd0f175ee98c613e ae94d8435a6847f4 b6d0f83aad4e4dc7
26,73f770f2643a2135 ae94d8435a6847f4 430feb4826a5632e 702d8f1064ab3e30 74244a8703c03720 b8e2f75014710ced 4d32dae7b43c489a f58ff7f1a6cde683 24e582daf6f87158 8faeacf8ca08f62d 47fbe21f5c35c7b4 d46598813fb437e5 c11b97f245a9dfd0 393f49286db04aeb a860b682add9de1c 1dc7139adba034ec 39f6296778264878 e25a1da6ca187350 2a06f5614060e3b6 fd30682593995748 bd713b37b67866c3 e0269da736ddf004 ff88049e61f0f4ef b6d0f83aad4e4dc7 b24820ae14e16a24 622f2e4119882c94 3fa57d488e979d74 3986b68500d7704b 4b8c7061102517ef c28bc62802b90f82
27,c14d5b16840d3032 9100ea6cd0e084bf 285657fcdf89f00d 2bafd15871caae91 0bcaac840d5e66d7 0897dcfae16e280f e36475c1af5ea3ab 9a439fd1abf95245 047769588be1aea9 a292248bb2bffb3d b6a1c97f19af78d0 f05fa5f57dc03e81 01b3da54ffb158a0 6899956cd6c683f0 d6ed7e4b14c51296 64267373570e4ea3 106204cd0e07e1b2 d1e21234d7cc61d2 395b26d91f98bd92 589ef345cb2dccfc 0b0021aa60d05daa b6cdb608f640e038 3e66b4855d0dddbe 0eedb1a0d3b8ddae 7f29daa16b9b4cda af41e2b6da3e7e02 c810ac016901e8ac 36d33c41812ce7dc 9d5edf3b993fee50 a04d6febd82a4389
28,d6ed7e4b14c51296 af8e70f978cd5aee c5830f9d0f1e29e5 fab14d178b24a67f f48d0fbea7dc2782 4b8c7061102517ef 01b3da54ffb158a0 64267373570e4ea3 106204cd0e07e1b2 bc27d5dc9bab1c18 a2805ed52b47b8ec 976baf0e84752a68 853e36b1550c6274 2820628e65a062e2 395b26d91f98bd92 4d9214c0925e5af8 46315cf30aaee51c c606425856952286 0b0021aa60d05daa b6e646c13d0753ae 0688c790d5806540 016da874bd04df55 628accd9be98503c 74244a8703c03720 1a8e5d6512d9e2d8 7cea1f637ea3f37d 6461a9faa871b3ac 3e66b4855d0dddbe 7f29daa16b9b4cda 6899956cd6c683f0
29,e9c20b67a4c5395f f25bfcffedaccf28 72c2a95813ea72bd 033d905aec273595 22756be6fd061d4c 48cf88c17ff38c5e 589ef345cb2dccfc a9dad59c7055b56c bc2ae5f4e5d53e00 5430097e23000368 d6bbbd6c4968075a 8dedff0a79784abc ebfda3b48083e390 148ac4a56a18844d e6a29676c096f8e8 4f2fffd7528de786 25a3b47fe31bc6b5 d257d1fbcf43abd5 3b6d27775fce1c7b 98dbd15aa33ebc18 486dd77002936dec d46598813fb437e5 58654e3143c6550b 35488b3b8b781278 c143c095983a65c2 db69d4cbfef8d22f b24820ae14e16a24 b6a1c97f19af78d0 b6e646c13d0753ae a2c35fdf07a13286
30,40583079f57235a6 64b31699d7d15934 a52df8083c238c46 c28bc62802b90f82 b26d8664feb18c8c c03b11a0cdc3fa39 22dc81380cf4baec b29ab87af6ea6310 1f4f62844c3cb99c 54f55c74d37db3c0 09660f466b38b7ba 061f3e1feeaa3094 54a11cbcd7a32af4 42bb83d7c4b9ecae b3ad55963554f220 cc861214a89ef1f4 4d32dae7b43c489a 8e0cc5199a0ee659 0add47a043c64d7f b1dcaca98bb76736 c015590d6a6fe833 6c017e548aa138f2 bd0f175ee98c613e a04d6febd82a4389 95d25d38ba7df9c7 90ecb28f2edb9d43 24e582daf6f87158 25145708d494530b ae94d8435a6847f4 095bb1b6ecbd0a50
31,f6d23cdd2359f7c0 7155e5a86136eb02 8700059e85433b32 2e031d83339759b2 0eb4de784c8dd679 9269d2b0d877352d d5952b2e031c4e7e 12af6a34778710db 430feb4826a5632e 5430097e23000368 e22c35101e190db9 9cf6709de35bf0f3 48f93f9c2c699e19 0683b6a78f54be75 9113e9dc940fb287 a9dad59c7055b56c bc2ae5f4e5d53e00 d3c4a7db726191e0 22dc81380cf4baec 4491016efed845f1 29bedd00fb2be056 35488b3b8b781278 419b5dc40744fb9b 050544c040f46152 0b0021aa60d05daa c5830f9d0f1e29e5 95ecdbff44ad0b60 3b4a85bac6ead3c8 8faeacf8ca08f62d 1d0f5fdc58e3efb5
32,40583079f57235a6 a52df8083c238c46 64b31699d7d15934 b29ab87af6ea6310 1f4f62844c3cb99c 54f55c74d37db3c0 09660f466b38b7ba c28bc62802b90f82 b3ad55963554f220 cc861214a89ef1f4 8e0cc5199a0ee659 d46598813fb437e5 72c2a95813ea72bd f58ff7f1a6cde683 7b81f1f2b6ec2e5f 4f31209941bb05fc 6899956cd6c683f0 c96049ed915ced0a 10ad13170242ecae a853f13216170123 4d7653ea9499eed4 9a0f5ee4f845c9b2 0bcaac840d5e66d7 39f6296778264878 fd30682593995748 3986b68500d7704b 3fa57d488e979d74 bd713b37b67866c3 e0269da736ddf004 ff88049e61f0f4ef
33,ae94d8435a6847f4 9b0e8cf8153e3b33 c1f2e3a76d388944 5c4b7558c942a224 e6a29676c096f8e8 bf973f9ec3600199 047769588be1aea9 4beacc71024f8b08 a0566ca9daca7778 0451447dd64f6284 404031ab9d5977c4 0079f3c74309b582 59c231f8fd21260c b05b5f6850cfa158 0eedb1a0d3b8ddae 702d8f1064ab3e30 622f2e4119882c94 3986b68500d7704b b24820ae14e16a24 3fa57d488e979d74 e0269da736ddf004 bd713b37b67866c3 fd30682593995748 2a06f5614060e3b6 39f6296778264878 e25a1da6ca187350 b6d0f83aad4e4dc7 bd0f175ee98c613e ff88049e61f0f4ef 00140806971e7a73
34,8faeacf8ca08f62d 4d32dae7b43c489a 8e0cc5199a0ee659 e7cad3748e50b0f8 c5830f9d0f1e29e5 95ecdbff44ad0b60 88b62355670ec8f8 24e582daf6f87158 1d0f5fdc58e3efb5 8abe670908f12614 3cb6b40d377e7ca8 72c2a95813ea72bd 47fbe21f5c35c7b4 a2805ed52b47b8ec 3b4a85bac6ead3c8 393f49286db04aeb 4f31209941bb05fc 6899956cd6c683f0 b6e646c13d0753ae 8a5635c748344d47 a860b682add9de1c c96049ed915ced0a 10ad13170242ecae a853f13216170123 1dc7139adba034ec 3e8e56f639a5db5b 0eedb1a0d3b8ddae b05b5f6850cfa158 bd713b37b67866c3 b6d0f83aad4e4dc7
35,feddfcf56818968e ac9ee0c09b538140 c1f2e3a76d388944 dc12cc503ac0eddb a0566ca9daca7778 50806199c80e215c a2805ed52b47b8ec 666bdff4faa513ca 07be6a290720707d 428f9363fa35882d 6e1b6b53c9710940 4d32dae7b43c489a 24e582daf6f87158 6e239f4dd4b6aed7 9b2adcf4041227d7 8faeacf8ca08f62d 47fbe21f5c35c7b4 393f49286db04aeb a860b682add9de1c b05b5f6850cfa158 1dc7139adba034ec 0eedb1a0d3b8ddae 9a0f5ee4f845c9b2 0bcaac840d5e66d7 c28bc62802b90f82 3986b68500d7704b 3fa57d488e979d74 ff88049e61f0f4ef e0269da736ddf004 bd713b37b67866c3
36,29bedd00fb2be056 455fde214d16d350 33856365c271aea4 5989fb934598c1a7 07f22a7ad7e4711d 25a3b47fe31bc6b5 ddb3810e0289c148 387e9cd2e5d4ea7d ebfda3b48083e390 42c9b72cc77dcb28 025a148c3a53bd9f c5830f9d0f1e29e5 7155e5a86136eb02 65708d542bd01f39 57113c2a4cacd961 4d954d933e606b70 095bb1b6ecbd0a50 8643165b0f53df11 3ca7964973437917 eff60ceea8817dad 1f423f368aebf7f3 26fc2a95df5659c2 855f2f0354e102c7 63d95d5977c2fe98 7ee52d2519eea367 44d324ebd3e22ad7 1398b478b71773ed 4d417b203b333363 587e0b2a4811fab1 b6a1c97f19af78d0
37,8e0cc5199a0ee659 3b4a85bac6ead3c8 430feb4826a5632e fa173131f15f5534 72c2a95813ea72bd a9dad59c7055b56c bc2ae5f4e5d53e00 4f31209941bb05fc 6899956cd6c683f0 a292248bb2bffb3d c96049ed915ced0a 54a11cbcd7a32af4 00e1e2eb13f650e4 b84b6c0b2e4d0306 10ad13170242ecae a853f13216170123 d5952b2e031c4e7e d1e21234d7cc61d2 34a62e66e05f9a44 0eedb1a0d3b8ddae 702d8f1064ab3e30 3986b68500d7704b c28bc62802b90f82 942a7d26d81c841f 0bcaac840d5e66d7 9a0f5ee4f845c9b2 3fa57d488e979d74 ff88049e61f0f4ef 4d7653ea9499eed4 e0269da736ddf004
38,6a3919ad9ed8197e 9fda36f260eec24e f25bfcffedaccf28 fa173131f15f5534 033d905aec273595 22756be6fd061d4c 5430097e23000368 d6bbbd6c4968075a 8dedff0a79784abc e9c20b67a4c5395f ebfda3b48083e390 e6a29676c096f8e8 25a3b47fe31bc6b5 d257d1fbcf43abd5 98dbd15aa33ebc18 d46598813fb437e5 58654e3143c6550b c015590d6a6fe833 0eedb1a0d3b8ddae 35488b3b8b781278 c143c095983a65c2 b6a1c97f19af78d0 b6e646c13d0753ae cc0c9419f8a20603 b05b5f6850cfa158 486dd77002936dec fd30682593995748 e0269da736ddf004 ff88049e61f0f4ef 3fa57d488e979d74
39,e1460af4a7044067 892074f7c1ef5d5e 10ad13170242ecae 7f29daa16b9b4cda 9ab90dfc5c9b0b37 796888cc3443006c d16da1fb61813db9 680bb5c5c3bb6ee1 ce0f56b7190c268a 148ac4a56a18844d 19e8f436d4b2fc25 3fa57d488e979d74 e740c80fce094788 4b29fc21f912754d 781aaf62a955e4e8 fc16a50ff0baec53 3c0873ce078d332b 54a11cbcd7a32af4 00e1e2eb13f650e4 b84b6c0b2e4d0306 d5952b2e031c4e7e 34a62e66e05f9a44 5430097e23000368 0eedb1a0d3b8ddae c28bc62802b90f82 4b8c7061102517ef 622f2e4119882c94 b24820ae14e16a24 0bcaac840d5e66d7 702d8f1064ab3e30
40,8e0cc5199a0ee659 74ae9af23a383bf5 b69ce8b8154645f8 c5830f9d0f1e29e5 5b4c879fc9c316fb 204ec91c39d1479d 00e1e2eb13f650e4 576dd429db946393 f209d29f991432f0 ae000f9d0b5e104e 1efd7bd8a34a1359 1f423f368aebf7f3 b84b6c0b2e4d0306 828f5dfbbf1272ee 83f8f2fc471cad74 34a62e66e05f9a44 2e031d83339759b2 050544c040f46152 c03b11a0cdc3fa39 0eedb1a0d3b8ddae 3b4a85bac6ead3c8 702d8f1064ab3e30 3986b68500d7704b c28bc62802b90f82 0bcaac840d5e66d7 3fa57d488e979d74 ff88049e61f0f4ef e0269da736ddf004 bd713b37b67866c3 9a0f5ee4f845c9b2
41,cc0c9419f8a20603 ba5199dba342af68 9b0e8cf8153e3b33 3a6e7894dde31c67 5430097e23000368 0683b6a78f54be75 d257d1fbcf43abd5 c11b97f245a9dfd0 f25bfcffedaccf28 98dbd15aa33ebc18 35488b3b8b781278 fa173131f15f5534 033d905aec273595 22756be6fd061d4c d1e21234d7cc61d2 d6bbbd6c4968075a 8dedff0a79784abc e9c20b67a4c5395f e22c35101e190db9 9cf6709de35bf0f3 ebfda3b48083e390 047769588be1aea9 e6a29676c096f8e8 ae77487a89f2610c 25a3b47fe31bc6b5 1d0f5fdc58e3efb5 a853f13216170123 d3c4a7db726191e0 0451447dd64f6284 ee3ed9a3f51336cd
42,29bedd00fb2be056 455fde214d16d350 33856365c271aea4 5989fb934598c1a7 07f22a7ad7e4711d 25a3b47fe31bc6b5 ddb3810e0289c148 387e9cd2e5d4ea7d ebfda3b48083e390 42c9b72cc77dcb28 025a148c3a53bd9f c5830f9d0f1e29e5 7155e5a86136eb02 65708d542bd01f39 57113c2a4cacd961 4d954d933e606b70 095bb1b6ecbd0a50 8643165b0f53df11 3ca7964973437917 eff60ceea8817dad 1f423f368aebf7f3 26fc2a95df5659c2 855f2f0354e102c7 63d95d5977c2fe98 7ee52d2519eea367 44d324ebd3e22ad7 1398b478b71773ed 4d417b203b333363 587e0b2a4811fab1 b6a1c97f19af78d0
43,00ff646ca6637bd7 853e36b1550c6274 46315cf30aaee51c c606425856952286 b6cdb608f640e038 0688c790d5806540 016da874bd04df55 74244a8703c03720 351c9da399c2b915 0c2eeab1e4ce1db8 27a12f29dceccdbd 65fac1ba1840000f c810ac016901e8ac 36d33c41812ce7dc 047769588be1aea9 a04d6febd82a4389 5867d40811c0229f b3e75fdca5ca2f1a 095bb1b6ecbd0a50 a14394322cf7043d 025a148c3a53bd9f 2bafd15871caae91 f28fb3d9880c5d4c 2810fb6f81d1711c e14a893f1918277e 39075e303166355e 7e4a4a1300b77a06 c6b615b2589e036d 238ec735a13a3f09 b78189788d563693
44,c11b97f245a9dfd0 0eedb1a0d3b8ddae bbbd5d2fd957e8f7 47fbe21f5c35c7b4 52370bea1acd0600 4d7653ea9499eed4 9a0f5ee4f845c9b2 0bcaac840d5e66d7 c28bc62802b90f82 3986b68500d7704b 3fa57d488e979d74 ff88049e61f0f4ef e0269da736ddf004 bd713b37b67866c3 fd30682593995748 2a06f5614060e3b6 39f6296778264878 c31a456b544a40a8 702d8f1064ab3e30 e7cad3748e50b0f8 0708923badf2ff5d 734dabb98795c35c 942a7d26d81c841f bd0f175ee98c613e ae94d8435a6847f4 b6d0f83aad4e4dc7 b24820ae14e16a24 e25a1da6ca187350 4b8c7061102517ef af8e70f978cd5aee
45,f2234bb7ce0c6f59 72403ecdfe02bba6 05f23e7d05dbf7c2 796888cc3443006c 0d0368139e9a647f b6d0f83aad4e4dc7 0fbd0f422e926816 33856365c271aea4 316382267dcd804f 46b99f864d6a075a b26d8664feb18c8c d35e11d3d1ab3c67 63d95d5977c2fe98 22dc81380cf4baec c015590d6a6fe833 26fc2a95df5659c2 5b16bae6a0de7c88 73391e0853c1e040 061f3e1feeaa3094 54a11cbcd7a32af4 387e9cd2e5d4ea7d 42bb83d7c4b9ecae 70776cdd9bb3b7d4 5a1149fbcbd37376 9d5edf3b993fee50 0add47a043c64d7f b1dcaca98bb76736 6c017e548aa138f2 bd0f175ee98c613e a04d6febd82a4389
46,5430097e23000368 d257d1fbcf43abd5 50806199c80e215c 26140b225c4f8d3f 8e0cc5199a0ee659 0683b6a78f54be75 72c2a95813ea72bd 35488b3b8b781278 4f31209941bb05fc 6899956cd6c683f0 c96049ed915ced0a 10ad13170242ecae a853f13216170123 0bcaac840d5e66d7 c28bc62802b90f82 702d8f1064ab3e30 96e82fa141db9a4b 3986b68500d7704b 3fa57d488e979d74 9a0f5ee4f845c9b2 e0269da736ddf004 bd713b37b67866c3 fd30682593995748 2a06f5614060e3b6 39f6296778264878 e25a1da6ca187350 f58ff7f1a6cde683 ff88049e61f0f4ef ae94d8435a6847f4 b6d0f83aad4e4dc7
47,d1e21234d7cc61d2 9c9ebf71707d7a37 e8b87ed7db1bcb1f 106204cd0e07e1b2 feddfcf56818968e 27bc34b9887bec0d ce2fe99a7cda4a17 8643165b0f53df11 2359719a0f40ffac 29bedd00fb2be056 0bcaac840d5e66d7 f2e30efbd27bee51 50806199c80e215c a2805ed52b47b8ec 49b5678e0d1e5bcd 404031ab9d5977c4 0220a434aa8bf029 964a50d33717c26d f6d23cdd2359f7c0 5989fb934598c1a7 c1f2e3a76d388944 5430097e23000368 8e0cc5199a0ee659 ae000f9d0b5e104e 9c9a9d45c2ea7ddf 72c2a95813ea72bd 4f31209941bb05fc 6899956cd6c683f0 c96049ed915ced0a 10ad13170242ecae
48,419b5dc40744fb9b 4e966bb2768c2b8a 9113e9dc940fb287 d3c4a7db726191e0 22dc81380cf4baec bb7515be835dea49 ac9ee0c09b538140 8643165b0f53df11 b05b5f6850cfa158 99e833818ec4bbf2 6899956cd6c683f0 4d29c6922b2d0d56 d16da1fb61813db9 97d696011258825c e4a7a996ed6a5a81 f209d29f991432f0 4bed80e56ea2e099 bf3ccaba4a3450a8 a2805ed52b47b8ec edc79e57b20e9036 bd0f175ee98c613e eff60ceea8817dad 95d25d38ba7df9c7 3e8e56f639a5db5b f2b5098ac9c92da9 4d7653ea9499eed4 734dabb98795c35c 9a0f5ee4f845c9b2 702d8f1064ab3e30 52370bea1acd0600
49,45630e1451157ff3 7c8324ce28ffb96e 4d7653ea9499eed4 238de368bb05c0ec 395b26d91f98bd92 c1f2e3a76d388944 0eedb1a0d3b8ddae 4d32dae7b43c489a b05b5f6850cfa158 24e582daf6f87158 8faeacf8ca08f62d 47fbe21f5c35c7b4 393f49286db04aeb a860b682add9de1c 1dc7139adba034ec 52370bea1acd0600 9a0f5ee4f845c9b2 0bcaac840d5e66d7 c28bc62802b90f82 702d8f1064ab3e30 3986b68500d7704b 3fa57d488e979d74 ff88049e61f0f4ef e0269da736ddf004 bbbd5d2fd957e8f7 0708923badf2ff5d 734dabb98795c35c 942a7d26d81c841f bd0f175ee98c613e ae94d8435a6847f4
50,4f31209941bb05fc 4535ce2e3dced00f f48d0fbea7dc2782 65d44c6393907290 db7342eff9200020 0772e3ab293a1f30 83b911ff0ff45844 f29eee8054c061e1 047769588be1aea9 acae1d29289b1266 9100ea6cd0e084bf 0451447dd64f6284 ca43e349133fc0e3 387e9cd2e5d4ea7d 07f22a7ad7e4711d a292248bb2bffb3d c015590d6a6fe833 54a11cbcd7a32af4 00e1e2eb13f650e4 b84b6c0b2e4d0306 cc0c9419f8a20603 d5952b2e031c4e7e 486dd77002936dec d1e21234d7cc61d2 34a62e66e05f9a44 3fa57d488e979d74 fd30682593995748 bd713b37b67866c3 3986b68500d7704b ff88049e61f0f4ef
51,57113c2a4cacd961 0bcaac840d5e66d7 cb3e4ce97e7f2881 a292248bb2bffb3d 4fe9e4e55585ba4b 3734d3b0b9232538 387e9cd2e5d4ea7d 3b4a85bac6ead3c8 16b11706660177ff 4dba7ce835494a63 ec1b3d7ccd3984d0 f76f44d372517a9a e25a1da6ca187350 6204e398d8c7f888 eec6b281e236b500 20d283a232dfd13c 8fc68213b63951dc bed3e73d52011f68 d7d937303a6d5a9d 01e5a6edcee7deb0 e878efab7c37179e 8f578001f9d5f543 ca4de5b8a7bda9df f9c6286cff30aaa8 ffa9091747ae2466 4c3802a1bd3c842e 01020d1b0821f4c7 5c8c6d9a1fd4c1e0 73f770f2643a2135 025a148c3a53bd9f
52,72c2a95813ea72bd 48cf88c17ff38c5e bc2ae5f4e5d53e00 a9dad59c7055b56c 148ac4a56a18844d 4f2fffd7528de786 47fbe21f5c35c7b4 3b6d27775fce1c7b 486dd77002936dec 0195950ce0f47e34 106204cd0e07e1b2 feddfcf56818968e b24820ae14e16a24 27bc34b9887bec0d 005666aa098abe8e ce2fe99a7cda4a17 8643165b0f53df11 29bedd00fb2be056 eab15ee21e126f6a a60934e6b473097a a2c35fdf07a13286 0bcaac840d5e66d7 0079f3c74309b582 50806199c80e215c a2805ed52b47b8ec 404031ab9d5977c4 964a50d33717c26d 8e0cc5199a0ee659 0eedb1a0d3b8ddae 5430097e23000368
53,2e79d45ba4d1540d 387e9cd2e5d4ea7d 74ae9af23a383bf5 1f423f368aebf7f3 c1f2e3a76d388944 98dbd15aa33ebc18 bee46c54461925d0 eff60ceea8817dad c5830f9d0f1e29e5 95ecdbff44ad0b60 e36475c1af5ea3ab 8faeacf8ca08f62d da7d3c2d591c4295 1d0f5fdc58e3efb5 8e0cc5199a0ee659 8abe670908f12614 3cb6b40d377e7ca8 a2805ed52b47b8ec 72c2a95813ea72bd b6e646c13d0753ae 3b4a85bac6ead3c8 4f31209941bb05fc 3e8e56f639a5db5b 6899956cd6c683f0 c96049ed915ced0a 10ad13170242ecae a853f13216170123 0eedb1a0d3b8ddae 3fa57d488e979d74 e0269da736ddf004
54,2e44fbb8bc3d8d71 0c2eeab1e4ce1db8 00ff646ca6637bd7 2bafd15871caae91 f28fb3d9880c5d4c 351c9da399c2b915 2dd12c230ab22555 a677c3a76055a6d2 fc8971756f9ec194 42c9b72cc77dcb28 120e745e2961b5d5 b0b5e62a93a2c37c f48d0fbea7dc2782 37001ade0df85823 8faeacf8ca08f62d 73f770f2643a2135 ae94d8435a6847f4 430feb4826a5632e 976baf0e84752a68 702d8f1064ab3e30 2820628e65a062e2 74244a8703c03720 628accd9be98503c 1a8e5d6512d9e2d8 6461a9faa871b3ac 7cea1f637ea3f37d c5830f9d0f1e29e5 95ecdbff44ad0b60 3b4a85bac6ead3c8 b8e2f75014710ced
55,8e0cc5199a0ee659 ce2fe99a7cda4a17 8643165b0f53df11 a2805ed52b47b8ec 29bedd00fb2be056 72c2a95813ea72bd 0bcaac840d5e66d7 106204cd0e07e1b2 feddfcf56818968e 27bc34b9887bec0d 0eedb1a0d3b8ddae 4f31209941bb05fc 6899956cd6c683f0 964a50d33717c26d 4491016efed845f1 c96049ed915ced0a 7c98dedd223b36c0 50806199c80e215c b05b5f6850cfa158 10ad13170242ecae 404031ab9d5977c4 a853f13216170123 b1dcaca98bb76736 0add47a043c64d7f 6c017e548aa138f2 a04d6febd82a4389 90ecb28f2edb9d43 5c8c6d9a1fd4c1e0 65d44c6393907290 25145708d494530b
56,c1f2e3a76d388944 4d32dae7b43c489a 5430097e23000368 cea18be9a89d7a81 8faeacf8ca08f62d 24e582daf6f87158 b9d966ad9e04127a 1a05ef8c93af8eed fc21db75b354a917 45bd99d5d2eef776 47fbe21f5c35c7b4 133b04350c75770b 0f33ce8d8014f308 c36c2dce0e6e434f 26140b225c4f8d3f 0688c790d5806540 393f49286db04aeb 5b4c879fc9c316fb ce0f56b7190c268a ae000f9d0b5e104e 9c9a9d45c2ea7ddf a860b682add9de1c 0e45c4c185f35df6 e8684734f2e587bd b26d8664feb18c8c 95ecdbff44ad0b60 22dc81380cf4baec 999a52f1d301247c 1dc7139adba034ec 061f3e1feeaa3094
57,3b4a85bac6ead3c8 bbbd5d2fd957e8f7 47fbe21f5c35c7b4 52370bea1acd0600 4d7653ea9499eed4 9a0f5ee4f845c9b2 0bcaac840d5e66d7 c28bc62802b90f82 cea18be9a89d7a81 3986b68500d7704b 3fa57d488e979d74 ff88049e61f0f4ef e0269da736ddf004 bd713b37b67866c3 fd30682593995748 2a06f5614060e3b6 39f6296778264878 e25a1da6ca187350 702d8f1064ab3e30 e36475c1af5ea3ab e7cad3748e50b0f8 0708923badf2ff5d 734dabb98795c35c 942a7d26d81c841f bd0f175ee98c613e ae94d8435a6847f4 b6d0f83aad4e4dc7 5fb2d8e734956af0 622f2e4119882c94 4b8c7061102517ef
58,f2234bb7ce0c6f59 05f23e7d05dbf7c2 72403ecdfe02bba6 0d0368139e9a647f b6d0f83aad4e4dc7 0fbd0f422e926816 316382267dcd804f 796888cc3443006c d35e11d3d1ab3c67 63d95d5977c2fe98 26fc2a95df5659c2 5b16bae6a0de7c88 73391e0853c1e040 387e9cd2e5d4ea7d 33856365c271aea4 70776cdd9bb3b7d4 5a1149fbcbd37376 9d5edf3b993fee50 46b99f864d6a075a 0eedb1a0d3b8ddae ff88049e61f0f4ef e0269da736ddf004 3fa57d488e979d74 3986b68500d7704b 702d8f1064ab3e30 bd713b37b67866c3 0bcaac840d5e66d7 c28bc62802b90f82 fd30682593995748 bd0f175ee98c613e
59,40583079f57235a6 a52df8083c238c46 64b31699d7d15934 1f4f62844c3cb99c b29ab87af6ea6310 54f55c74d37db3c0 09660f466b38b7ba c28bc62802b90f82 b3ad55963554f220 cc861214a89ef1f4 4d32dae7b43c489a 24e582daf6f87158 d46598813fb437e5 f58ff7f1a6cde683 dc12cc503ac0eddb 8faeacf8ca08f62d 47fbe21f5c35c7b4 7b81f1f2b6ec2e5f 5430097e23000368 393f49286db04aeb ee3ed9a3f51336cd 0683b6a78f54be75 6461a9faa871b3ac 7cea1f637ea3f37d a860b682add9de1c 52e459a551d4ac2d d257d1fbcf43abd5 9d5edf3b993fee50 8e0cc5199a0ee659 db0e648651f4c92b
60,00d9eb862ba3dfc6 6aefb6531736648a 734dabb98795c35c c49d8f84a4f87f8a c143c095983a65c2 8a5635c748344d47 e7cad3748e50b0f8 88b62355670ec8f8 fa173131f15f5534 43b3338423d7386c 4d32dae7b43c489a 24e582daf6f87158 8faeacf8ca08f62d 47fbe21f5c35c7b4 393f49286db04aeb a860b682add9de1c 1dc7139adba034ec 52370bea1acd0600 4d7653ea9499eed4 9a0f5ee4f845c9b2 c28bc62802b90f82 702d8f1064ab3e30 3986b68500d7704b 3fa57d488e979d74 ff88049e61f0f4ef e0269da736ddf004 bd713b37b67866c3 2a06f5614060e3b6 0bcaac840d5e66d7 bbbd5d2fd957e8f7
61,5430097e23000368 0683b6a78f54be75 a292248bb2bffb3d 35488b3b8b781278 ec4ef2f727e7a03f 4dba7ce835494a63 f76f44d372517a9a 6204e398d8c7f888 ec1b3d7ccd3984d0 e25a1da6ca187350 bed3e73d52011f68 01e5a6edcee7deb0 20d283a232dfd13c 8fc68213b63951dc 8f578001f9d5f543 eec6b281e236b500 ca4de5b8a7bda9df d7d937303a6d5a9d e878efab7c37179e 01020d1b0821f4c7 ffa9091747ae2466 f9c6286cff30aaa8 4c3802a1bd3c842e 5c8c6d9a1fd4c1e0 025a148c3a53bd9f e22c35101e190db9 1f4f62844c3cb99c b29ab87af6ea6310 9cf6709de35bf0f3 a5d5ba33b5b1dc95
62,d1e21234d7cc61d2 1d0f5fdc58e3efb5 0683b6a78f54be75 e740c80fce094788 e7cad3748e50b0f8 88b62355670ec8f8 666bdff4faa513ca eab15ee21e126f6a a60934e6b473097a a853f13216170123 7155e5a86136eb02 a292248bb2bffb3d 8a5635c748344d47 2e031d83339759b2 486dd77002936dec 3b4a85bac6ead3c8 0bcaac840d5e66d7 c28bc62802b90f82 702d8f1064ab3e30 3986b68500d7704b 3fa57d488e979d74 ff88049e61f0f4ef e0269da736ddf004 bd713b37b67866c3 fd30682593995748 2a06f5614060e3b6 39f6296778264878 734dabb98795c35c bd0f175ee98c613e b6d0f83aad4e4dc7
63,72c2a95813ea72bd 48cf88c17ff38c5e a9dad59c7055b56c bc2ae5f4e5d53e00 148ac4a56a18844d 8e0760918e88e4a9 4f2fffd7528de786 27bc34b9887bec0d 47fbe21f5c35c7b4 3b6d27775fce1c7b 486dd77002936dec 5b16bae6a0de7c88 b24820ae14e16a24 ac9ee0c09b538140 8643165b0f53df11 d6ed7e4b14c51296 a2c35fdf07a13286 e4a7a996ed6a5a81 4bed80e56ea2e099 0220a434aa8bf029 95d25d38ba7df9c7 a292248bb2bffb3d d1e21234d7cc61d2 04886579947a80c2 455fde214d16d350 5430097e23000368 c5830f9d0f1e29e5 95ecdbff44ad0b60 8faeacf8ca08f62d 1d0f5fdc58e3efb5
64,07f22a7ad7e4711d eab15ee21e126f6a a60934e6b473097a 5ebb4d2f5f1c1f13 1ba7a50457e93996 d1e21234d7cc61d2 40583079f57235a6 387e9cd2e5d4ea7d a52df8083c238c46 64b31699d7d15934 1f4f62844c3cb99c b29ab87af6ea6310 54f55c74d37db3c0 09660f466b38b7ba 1d0f5fdc58e3efb5 0683b6a78f54be75 a292248bb2bffb3d c28bc62802b90f82 b3ad55963554f220 cc861214a89ef1f4 4d32dae7b43c489a e740c80fce094788 666bdff4faa513ca 24e582daf6f87158 a853f13216170123 d46598813fb437e5 f58ff7f1a6cde683 8faeacf8ca08f62d 47fbe21f5c35c7b4 7b81f1f2b6ec2e5f
65,430feb4826a5632e bc2ae5f4e5d53e00 a9dad59c7055b56c 3a6e7894dde31c67 377c1150c781e37a db7342eff9200020 9269d2b0d877352d 95d25d38ba7df9c7 0772e3ab293a1f30 9c9a9d45c2ea7ddf 2e2904c5373734ae e22c35101e190db9 9cf6709de35bf0f3 eab15ee21e126f6a a60934e6b473097a 20db73cf07a45f71 48f93f9c2c699e19 853e36b1550c6274 aa0789b403bcd839 9113e9dc940fb287 4d9214c0925e5af8 46315cf30aaee51c c606425856952286 0688c790d5806540 d3c4a7db726191e0 016da874bd04df55 22dc81380cf4baec 74244a8703c03720 4491016efed845f1 29bedd00fb2be056
66,2e79d45ba4d1540d 24e582daf6f87158 2394b08708475900 528161039994b4dc 47fbe21f5c35c7b4 88b62355670ec8f8 d63b7f083330247f a813c15b46ceaf68 c5830f9d0f1e29e5 95ecdbff44ad0b60 8faeacf8ca08f62d 2e4b00c01d58e79e 1d0f5fdc58e3efb5 5897953fdf87b60f 8abe670908f12614 3cb6b40d377e7ca8 a2805ed52b47b8ec a2c35fdf07a13286 b6e646c13d0753ae 3e8e56f639a5db5b 0eedb1a0d3b8ddae 702d8f1064ab3e30 bd9cd6b87a4fe0ce c28bc62802b90f82 0bcaac840d5e66d7 9a0f5ee4f845c9b2 4d7653ea9499eed4 9cf6709de35bf0f3 7c8324ce28ffb96e 52370bea1acd0600
67,061f3e1feeaa3094 430feb4826a5632e a292248bb2bffb3d bc2ae5f4e5d53e00 a9dad59c7055b56c 589ef345cb2dccfc d1e21234d7cc61d2 db69d4cbfef8d22f 047769588be1aea9 0451447dd64f6284 8e0cc5199a0ee659 72c2a95813ea72bd 0eedb1a0d3b8ddae 4f31209941bb05fc 6899956cd6c683f0 c96049ed915ced0a b05b5f6850cfa158 10ad13170242ecae a853f13216170123 fd30682593995748 bd713b37b67866c3 ae94d8435a6847f4 b24820ae14e16a24 622f2e4119882c94 e0269da736ddf004 c28bc62802b90f82 ff88049e61f0f4ef 3fa57d488e979d74 3986b68500d7704b 702d8f1064ab3e30
68,7b81f1f2b6ec2e5f 1f423f368aebf7f3 c5830f9d0f1e29e5 a492bd402afd5c71 9f4e0d572b1f4e6c 96445bec1579ec97 4d9214c0925e5af8 de8e1345e8c305c4 a2805ed52b47b8ec 27bc34b9887bec0d 16b11706660177ff a292248bb2bffb3d 4dba7ce835494a63 4522ad78bf79f0c9 ddb3810e0289c148 6204e398d8c7f888 f76f44d372517a9a e25a1da6ca187350 ec1b3d7ccd3984d0 5867d40811c0229f b6e646c13d0753ae 20d283a232dfd13c ca4de5b8a7bda9df 8f578001f9d5f543 eec6b281e236b500 8fc68213b63951dc 01e5a6edcee7deb0 bed3e73d52011f68 e878efab7c37179e d7d937303a6d5a9d
69,47fbe21f5c35c7b4 e8684734f2e587bd 2e79d45ba4d1540d d0f6c00eec5eb973 4dba7ce835494a63 96445bec1579ec97 3734d3b0b9232538 8699cc5dd4159b69 2a06f5614060e3b6 b6e646c13d0753ae d6bbbd6c4968075a f25bfcffedaccf28 98dbd15aa33ebc18 20d283a232dfd13c 01e5a6edcee7deb0 e878efab7c37179e ca4de5b8a7bda9df 8f578001f9d5f543 d7d937303a6d5a9d 8fc68213b63951dc bed3e73d52011f68 eec6b281e236b500 047769588be1aea9 ebfda3b48083e390 73391e0853c1e040 6a3919ad9ed8197e 9fbffc521da97c54 73f770f2643a2135 ddf332f2b55a2a23 ddb3810e0289c148
70,c1f2e3a76d388944 f2e30efbd27bee51 d1e21234d7cc61d2 9c9ebf71707d7a37 e8b87ed7db1bcb1f 0220a434aa8bf029 54a11cbcd7a32af4 00e1e2eb13f650e4 b84b6c0b2e4d0306 01b3da54ffb158a0 64267373570e4ea3 106204cd0e07e1b2 2359719a0f40ffac d5952b2e031c4e7e 0eedb1a0d3b8ddae 34a62e66e05f9a44 395b26d91f98bd92 455fde214d16d350 0b0021aa60d05daa 3e66b4855d0dddbe 7f29daa16b9b4cda 49b5678e0d1e5bcd 6899956cd6c683f0 af41e2b6da3e7e02 9d5edf3b993fee50 db0e648651f4c92b 919b1679fffa7ef1 2b48ab08c915c0ad 6cb9ab508a0678a0 52aa48c07b34dc88
71,cc861214a89ef1f4 ecb768ef6fd223ca af8e70f978cd5aee 22e8d6734e4121ae fab14d178b24a67f 4105533fe46dfba9 6cb9ab508a0678a0 354d7a327bbcc152 5dd752753760ced8 8e0cc5199a0ee659 05e4165a56bf50eb 9b2adcf4041227d7 72c2a95813ea72bd 059bbdbdb843af6a b26d8664feb18c8c 22dc81380cf4baec 061f3e1feeaa3094 54a11cbcd7a32af4 5430097e23000368 ee3ed9a3f51336cd 42bb83d7c4b9ecae 0683b6a78f54be75 4f31209941bb05fc 6899956cd6c683f0 7cea1f637ea3f37d 6461a9faa871b3ac c96049ed915ced0a 52e459a551d4ac2d b05b5f6850cfa158 d257d1fbcf43abd5
72,64b31699d7d15934 a52df8083c238c46 b29ab87af6ea6310 1f4f62844c3cb99c 09660f466b38b7ba 54f55c74d37db3c0 197fa50b30d91fe8 c28bc62802b90f82 b3ad55963554f220 4d32dae7b43c489a 2a06f5614060e3b6 6c017e548aa138f2 40583079f57235a6 00140806971e7a73 20d283a232dfd13c e878efab7c37179e eec6b281e236b500 bed3e73d52011f68 d7d937303a6d5a9d 8fc68213b63951dc 8f578001f9d5f543 01e5a6edcee7deb0 ca4de5b8a7bda9df 73391e0853c1e040 7c98dedd223b36c0 73f770f2643a2135 a14394322cf7043d 095bb1b6ecbd0a50 b3e75fdca5ca2f1a cc861214a89ef1f4
73,db0e648651f4c92b 5430097e23000368 0683b6a78f54be75 0220a434aa8bf029 9d5edf3b993fee50 35488b3b8b781278 919b1679fffa7ef1 01b3da54ffb158a0 18ced18aee04c48e 64267373570e4ea3 106204cd0e07e1b2 395b26d91f98bd92 0b0021aa60d05daa 3e66b4855d0dddbe 7f29daa16b9b4cda 8e0760918e88e4a9 585f4ee09d8fea46 6899956cd6c683f0 9c9ebf71707d7a37 af41e2b6da3e7e02 27bc34b9887bec0d dc576af4ae66e25e 2b48ab08c915c0ad 6cb9ab508a0678a0 52aa48c07b34dc88 ee3ed9a3f51336cd bd713b37b67866c3 404031ab9d5977c4 7cea1f637ea3f37d 6461a9faa871b3ac
74,4a5ac473c9d176ba 00ff646ca6637bd7 5570ef88d970e9b4 10ad13170242ecae 781f4d0147aef776 0c2eeab1e4ce1db8 2bafd15871caae91 f28fb3d9880c5d4c 351c9da399c2b915 2dd12c230ab22555 b6cdb608f640e038 2e44fbb8bc3d8d71 a677c3a76055a6d2 fc8971756f9ec194 42c9b72cc77dcb28 36d33c41812ce7dc c810ac016901e8ac a04d6febd82a4389 120e745e2961b5d5 a14394322cf7043d 095bb1b6ecbd0a50 b3e75fdca5ca2f1a 025a148c3a53bd9f b0b5e62a93a2c37c 2810fb6f81d1711c 39075e303166355e c6b615b2589e036d 7e4a4a1300b77a06 e14a893f1918277e 853e36b1550c6274
75,48a76e3aff69d605 a860b682add9de1c 4d954d933e606b70 58654e3143c6550b a492bd402afd5c71 98dbd15aa33ebc18 e7cad3748e50b0f8 9f4e0d572b1f4e6c c1f2e3a76d388944 96445bec1579ec97 b1e47da7659b675c 4d9214c0925e5af8 f1a3b8b13e9401c0 de8e1345e8c305c4 27bc34b9887bec0d 4522ad78bf79f0c9 ddb3810e0289c148 5867d40811c0229f 7155e5a86136eb02 c015590d6a6fe833 2e031d83339759b2 b0bfe0f426275870 50806199c80e215c 9c9a9d45c2ea7ddf 447fc00f40d71d08 ae77487a89f2610c 404031ab9d5977c4 d0f6c00eec5eb973 486dd77002936dec 942a7d26d81c841f
76,26fc2a95df5659c2 6d80d2e62d01f6bc 0451447dd64f6284 c49d8f84a4f87f8a 2901e5309bb3f8f6 4d32dae7b43c489a 40583079f57235a6 24e582daf6f87158 8faeacf8ca08f62d 47fbe21f5c35c7b4 64b31699d7d15934 a52df8083c238c46 b29ab87af6ea6310 1f4f62844c3cb99c 09660f466b38b7ba 54f55c74d37db3c0 393f49286db04aeb a292248bb2bffb3d c28bc62802b90f82 b3ad55963554f220 cc861214a89ef1f4 a860b682add9de1c 0a79fabc6f5d93c9 0eedb1a0d3b8ddae 1dc7139adba034ec d1e21234d7cc61d2 8a5635c748344d47 d46598813fb437e5 f58ff7f1a6cde683 7b81f1f2b6ec2e5f
77,00ff646ca6637bd7 0c2eeab1e4ce1db8 2bafd15871caae91 f28fb3d9880c5d4c 351c9da399c2b915 2dd12c230ab22555 b6cdb608f640e038 2e44fbb8bc3d8d71 a677c3a76055a6d2 fc8971756f9ec194 42c9b72cc77dcb28 c810ac016901e8ac 36d33c41812ce7dc a04d6febd82a4389 120e745e2961b5d5 a14394322cf7043d b3e75fdca5ca2f1a 095bb1b6ecbd0a50 025a148c3a53bd9f b0b5e62a93a2c37c e14a893f1918277e 7e4a4a1300b77a06 2810fb6f81d1711c 39075e303166355e c6b615b2589e036d 853e36b1550c6274 238ec735a13a3f09 b78189788d563693 316382267dcd804f 46315cf30aaee51c
78,40583079f57235a6 a52df8083c238c46 64b31699d7d15934 1f4f62844c3cb99c b29ab87af6ea6310 09660f466b38b7ba 54f55c74d37db3c0 f58ff7f1a6cde683 c28bc62802b90f82 b3ad55963554f220 cc861214a89ef1f4 8faeacf8ca08f62d 73f770f2643a2135 ae94d8435a6847f4 5430097e23000368 430feb4826a5632e 702d8f1064ab3e30 0683b6a78f54be75 d46598813fb437e5 74244a8703c03720 c5830f9d0f1e29e5 95ecdbff44ad0b60 7b81f1f2b6ec2e5f 35488b3b8b781278 b8e2f75014710ced 1d0f5fdc58e3efb5 54a11cbcd7a32af4 00e1e2eb13f650e4 4d32dae7b43c489a b84b6c0b2e4d0306
79,19e8f436d4b2fc25 c31a456b544a40a8 a18df74d3a16e9c0 fa173131f15f5534 c1f2e3a76d388944 7155e5a86136eb02 c015590d6a6fe833 2e031d83339759b2 0a79fabc6f5d93c9 8a5635c748344d47 f2b5098ac9c92da9 98dbd15aa33ebc18 bee46c54461925d0 eff60ceea8817dad e36475c1af5ea3ab da7d3c2d591c4295 0eedb1a0d3b8ddae 9a0f5ee4f845c9b2 4d7653ea9499eed4 0bcaac840d5e66d7 702d8f1064ab3e30 3986b68500d7704b 3fa57d488e979d74 ff88049e61f0f4ef e0269da736ddf004 bd713b37b67866c3 c28bc62802b90f82 734dabb98795c35c bd0f175ee98c613e ae94d8435a6847f4
80,dc12cc503ac0eddb 4d32dae7b43c489a 24e582daf6f87158 9b2adcf4041227d7 8faeacf8ca08f62d 47fbe21f5c35c7b4 3b4a85bac6ead3c8 393f49286db04aeb a860b682add9de1c 1dc7139adba034ec 4d7653ea9499eed4 9a0f5ee4f845c9b2 0bcaac840d5e66d7 c28bc62802b90f82 702d8f1064ab3e30 3986b68500d7704b 3fa57d488e979d74 ff88049e61f0f4ef e0269da736ddf004 bd713b37b67866c3 fd30682593995748 39f6296778264878 52370bea1acd0600 734dabb98795c35c 942a7d26d81c841f bd0f175ee98c613e ae94d8435a6847f4 b6d0f83aad4e4dc7 b24820ae14e16a24 622f2e4119882c94
81,f58ff7f1a6cde683 6aefb6531736648a 734dabb98795c35c 3734d3b0b9232538 c49d8f84a4f87f8a c143c095983a65c2 dc17b07476183764 8e0cc5199a0ee659 486dd77002936dec 0079f3c74309b582 765c0695339c3abe 72c2a95813ea72bd 4f31209941bb05fc 6899956cd6c683f0 c96049ed915ced0a 10ad13170242ecae a853f13216170123 0eedb1a0d3b8ddae c28bc62802b90f82 702d8f1064ab3e30 3986b68500d7704b 3fa57d488e979d74 ff88049e61f0f4ef e0269da736ddf004 bd713b37b67866c3 fd30682593995748 2a06f5614060e3b6 39f6296778264878 e25a1da6ca187350 c31a456b544a40a8
82,a9dad59c7055b56c bc2ae5f4e5d53e00 8566d15270eb5e83 cc0c9419f8a20603 a813c15b46ceaf68 430feb4826a5632e 72c2a95813ea72bd 4d32dae7b43c489a 2e4b00c01d58e79e 0a79fabc6f5d93c9 48cf88c17ff38c5e abf90e759d208468 4f915ad69e1dca36 939a1f686ea36c05 24e582daf6f87158 855f2f0354e102c7 a2c35fdf07a13286 148ac4a56a18844d 4f2fffd7528de786 e22c35101e190db9 4b29fc21f912754d 106204cd0e07e1b2 3b6d27775fce1c7b c1f2e3a76d388944 dc12cc503ac0eddb feddfcf56818968e 528161039994b4dc e7cad3748e50b0f8 486dd77002936dec 81bd116c786bf9ae
83,3e8e56f639a5db5b 8e0760918e88e4a9 447fc00f40d71d08 7eec211cc37a1b05 8699cc5dd4159b69 46b99f864d6a075a 6899956cd6c683f0 395b26d91f98bd92 bd713b37b67866c3 d0f6c00eec5eb973 964a50d33717c26d 5b16bae6a0de7c88 af41e2b6da3e7e02 01b3da54ffb158a0 64267373570e4ea3 106204cd0e07e1b2 1398b478b71773ed 8643165b0f53df11 29bedd00fb2be056 19b4014943e0ad92 2e4b00c01d58e79e 0a79fabc6f5d93c9 5897953fdf87b60f 0b0021aa60d05daa 6e12311169bcb24c 2e2904c5373734ae 3e66b4855d0dddbe 855f2f0354e102c7 7f29daa16b9b4cda 3b4a85bac6ead3c8
84,dc12cc503ac0eddb 2e4b00c01d58e79e 5897953fdf87b60f d1e21234d7cc61d2 24e582daf6f87158 2394b08708475900 9b2adcf4041227d7 528161039994b4dc 47fbe21f5c35c7b4 0a79fabc6f5d93c9 88b62355670ec8f8 855f2f0354e102c7 d63b7f083330247f a813c15b46ceaf68 1d0f5fdc58e3efb5 4b29fc21f912754d 0683b6a78f54be75 a292248bb2bffb3d 81bd116c786bf9ae e740c80fce094788 666bdff4faa513ca a2c35fdf07a13286 a853f13216170123 f1a3b8b13e9401c0 0eedb1a0d3b8ddae 3b4a85bac6ead3c8 b05b5f6850cfa158 b6d0f83aad4e4dc7 bd713b37b67866c3 e0269da736ddf004
85,942a7d26d81c841f e8684734f2e587bd a292248bb2bffb3d e8b87ed7db1bcb1f 395b26d91f98bd92 e8ad5e31484ef889 01b3da54ffb158a0 d1e21234d7cc61d2 b6e72edcad270be0 fc16a50ff0baec53 2359719a0f40ffac 0b0021aa60d05daa 64267373570e4ea3 106204cd0e07e1b2 050544c040f46152 393f49286db04aeb 52aa48c07b34dc88 19b4014943e0ad92 b6e646c13d0753ae bd713b37b67866c3 b26d8664feb18c8c 50806199c80e215c 3e66b4855d0dddbe 7f29daa16b9b4cda 22dc81380cf4baec 6899956cd6c683f0 af41e2b6da3e7e02 9d5edf3b993fee50 061f3e1feeaa3094 db0e648651f4c92b
86,f2234bb7ce0c6f59 05f23e7d05dbf7c2 72403ecdfe02bba6 63d95d5977c2fe98 5b16bae6a0de7c88 0d0368139e9a647f 413c55a5ab86881a b6d0f83aad4e4dc7 0fbd0f422e926816 b3ad55963554f220 26fc2a95df5659c2 73391e0853c1e040 52370bea1acd0600 316382267dcd804f 796888cc3443006c d35e11d3d1ab3c67 3b4a85bac6ead3c8 387e9cd2e5d4ea7d 9269d2b0d877352d 33856365c271aea4 a292248bb2bffb3d 70776cdd9bb3b7d4 a9223c28b10c131f 5a1149fbcbd37376 9d5edf3b993fee50 59bf6d6df9146d60 8d58da0e1800dc96 d5805cdb9e8f0f48 54f55c74d37db3c0 09660f466b38b7ba
87,e5fb8dc5c9cb4a19 27a12f29dceccdbd bc27d5dc9bab1c18 00ff646ca6637bd7 b8e2f75014710ced 81bd116c786bf9ae 354d7a327bbcc152 0eedb1a0d3b8ddae b05b5f6850cfa158 3986b68500d7704b 702d8f1064ab3e30 3fa57d488e979d74 c28bc62802b90f82 ff88049e61f0f4ef 0bcaac840d5e66d7 9a0f5ee4f845c9b2 4d7653ea9499eed4 e0269da736ddf004 52370bea1acd0600 47fbe21f5c35c7b4 fd30682593995748 bbbd5d2fd957e8f7 e7cad3748e50b0f8 0708923badf2ff5d 734dabb98795c35c 942a7d26d81c841f bd0f175ee98c613e ae94d8435a6847f4 b6d0f83aad4e4dc7 b24820ae14e16a24
88,6d80d2e62d01f6bc 3734d3b0b9232538 f705b637f624147e 5b34da30b93eb123 b749972436ac9791 4d417b203b333363 c08c3765ac609cc0 a9eef13786610446 ffc688c4c1c2a068 6a3919ad9ed8197e 9fbffc521da97c54 26fc2a95df5659c2 ddf332f2b55a2a23 6aac5e116b75aa22 5fb2d8e734956af0 09bbaa171c20bae3 74e59c5820900b17 dac29ed8400b50cc f46601a9955f9949 0eafda717681bbdc 73391e0853c1e040 b6e646c13d0753ae 005666aa098abe8e 3ca7964973437917 f2234bb7ce0c6f59 05f23e7d05dbf7c2 72403ecdfe02bba6 65708d542bd01f39 65ad9c583823162d 796888cc3443006c
89,0eedb1a0d3b8ddae 6ae470a7c9ec20fd 0708923badf2ff5d a860b682add9de1c 587e0b2a4811fab1 b0e254dd420faee3 e403278468d84383 3734d3b0b9232538 0079f3c74309b582 ae94d8435a6847f4 fa173131f15f5534 9b0e8cf8153e3b33 765c0695339c3abe 5c4b7558c942a224 e6a29676c096f8e8 bf973f9ec3600199 4beacc71024f8b08 a0566ca9daca7778 404031ab9d5977c4 59c231f8fd21260c 702d8f1064ab3e30 0bcaac840d5e66d7 c28bc62802b90f82 3986b68500d7704b 3fa57d488e979d74 ff88049e61f0f4ef e0269da736ddf004 bd713b37b67866c3 fd30682593995748 b6d0f83aad4e4dc7
90,20db73cf07a45f71 5b16bae6a0de7c88 5ebb4d2f5f1c1f13 2e79d45ba4d1540d 8e0760918e88e4a9 27bc34b9887bec0d 3cb6b40d377e7ca8 9269d2b0d877352d 8699cc5dd4159b69 59bf6d6df9146d60 5989fb934598c1a7 d5805cdb9e8f0f48 8d58da0e1800dc96 54f55c74d37db3c0 09660f466b38b7ba 013030fd7d29bf3d 413c55a5ab86881a 48f93f9c2c699e19 d0f6c00eec5eb973 9113e9dc940fb287 49224aca40e6e5e3 016da874bd04df55 63d95d5977c2fe98 b3ad55963554f220 7f95168400948588 5fb2d8e734956af0 d6ed7e4b14c51296 955e465ce0788ea6 2e4b00c01d58e79e 0a79fabc6f5d93c9
91,b6cdb608f640e038 c810ac016901e8ac 36d33c41812ce7dc a04d6febd82a4389 a14394322cf7043d b3e75fdca5ca2f1a 095bb1b6ecbd0a50 025a148c3a53bd9f 7e4a4a1300b77a06 e14a893f1918277e c6b615b2589e036d 39075e303166355e 2810fb6f81d1711c 853e36b1550c6274 b78189788d563693 c606425856952286 46315cf30aaee51c 0688c790d5806540 016da874bd04df55 83f8aca6ee2caabc 2820628e65a062e2 d6bbbd6c4968075a 453bc79164d57a01 238ec735a13a3f09 955e465ce0788ea6 047769588be1aea9 316382267dcd804f 2901e5309bb3f8f6 d1e21234d7cc61d2 9100ea6cd0e084bf
92,24e582daf6f87158 413c55a5ab86881a 4d9214c0925e5af8 b3ad55963554f220 ebfda3b48083e390 52370bea1acd0600 47fbe21f5c35c7b4 dc12cc503ac0eddb 4a5ac473c9d176ba b0bfe0f426275870 8faeacf8ca08f62d 3b4a85bac6ead3c8 238de368bb05c0ec ae77487a89f2610c d0f6c00eec5eb973 a9223c28b10c131f c015590d6a6fe833 b6a1c97f19af78d0 4d32dae7b43c489a 2394b08708475900 10ad13170242ecae 9b2adcf4041227d7 528161039994b4dc f2b5098ac9c92da9 88b62355670ec8f8 af41e2b6da3e7e02 d63b7f083330247f a813c15b46ceaf68 c5830f9d0f1e29e5 95ecdbff44ad0b60
93,d16da1fb61813db9 19e8f436d4b2fc25 4b29fc21f912754d 47fbe21f5c35c7b4 52370bea1acd0600 4d7653ea9499eed4 9a0f5ee4f845c9b2 0bcaac840d5e66d7 c28bc62802b90f82 702d8f1064ab3e30 3986b68500d7704b bbbd5d2fd957e8f7 ff88049e61f0f4ef e0269da736ddf004 bd713b37b67866c3 fd30682593995748 2a06f5614060e3b6 39f6296778264878 3fa57d488e979d74 e7cad3748e50b0f8 0708923badf2ff5d 734dabb98795c35c 942a7d26d81c841f bd0f175ee98c613e ae94d8435a6847f4 b6d0f83aad4e4dc7 b24820ae14e16a24 cea18be9a89d7a81 4b8c7061102517ef af8e70f978cd5aee
94,26140b225c4f8d3f 5430097e23000368 a292248bb2bffb3d 0683b6a78f54be75 35488b3b8b781278 52e459a551d4ac2d d1e21234d7cc61d2 585f4ee09d8fea46 0c2eeab1e4ce1db8 a492bd402afd5c71 ae77487a89f2610c 72c2a95813ea72bd 9f4e0d572b1f4e6c 48cf88c17ff38c5e 96445bec1579ec97 a9dad59c7055b56c bc2ae5f4e5d53e00 dc12cc503ac0eddb 4d9214c0925e5af8 148ac4a56a18844d 4f2fffd7528de786 de8e1345e8c305c4 27bc34b9887bec0d c5830f9d0f1e29e5 95ecdbff44ad0b60 16b11706660177ff 8faeacf8ca08f62d 4dba7ce835494a63 3b6d27775fce1c7b 4522ad78bf79f0c9
95,24e582daf6f87158 2394b08708475900 528161039994b4dc 47fbe21f5c35c7b4 88b62355670ec8f8 d63b7f083330247f a813c15b46ceaf68 2e4b00c01d58e79e 5897953fdf87b60f 96445bec1579ec97 a5d5ba33b5b1dc95 a2c35fdf07a13286 148ac4a56a18844d 447fc00f40d71d08 d73a65673e3f1d78 387e9cd2e5d4ea7d bc2552a642ce8497 8e0cc5199a0ee659 72c2a95813ea72bd 4f31209941bb05fc 6899956cd6c683f0 c96049ed915ced0a 10ad13170242ecae a853f13216170123 0eedb1a0d3b8ddae 5fb2d8e734956af0 cea18be9a89d7a81 bbbd5d2fd957e8f7 feddfcf56818968e 52370bea1acd0600
96,680bb5c5c3bb6ee1 1398b478b71773ed 8dedff0a79784abc 3e66b4855d0dddbe bf973f9ec3600199 bf3ccaba4a3450a8 63d509cd2a2e0e47 e8ad5e31484ef889 07be6a290720707d c28bc62802b90f82 702d8f1064ab3e30 3986b68500d7704b 3fa57d488e979d74 ff88049e61f0f4ef e0269da736ddf004 ae94d8435a6847f4 fd30682593995748 2a06f5614060e3b6 bd0f175ee98c613e 942a7d26d81c841f 39f6296778264878 0708923badf2ff5d e25a1da6ca187350 c31a456b544a40a8 bd713b37b67866c3 622f2e4119882c94 4b8c7061102517ef af8e70f978cd5aee 5ebb4d2f5f1c1f13 b24820ae14e16a24
97,1d0f5fdc58e3efb5 d1e21234d7cc61d2 0683b6a78f54be75 e740c80fce094788 666bdff4faa513ca a853f13216170123 5430097e23000368 c5830f9d0f1e29e5 95ecdbff44ad0b60 8faeacf8ca08f62d 8abe670908f12614 3cb6b40d377e7ca8 a2805ed52b47b8ec b6e646c13d0753ae 3e8e56f639a5db5b 9a0f5ee4f845c9b2 0bcaac840d5e66d7 c28bc62802b90f82 702d8f1064ab3e30 3986b68500d7704b 3fa57d488e979d74 ff88049e61f0f4ef e0269da736ddf004 fd30682593995748 2a06f5614060e3b6 39f6296778264878 e25a1da6ca187350 c31a456b544a40a8 f58ff7f1a6cde683 5547f9f1638ac345
98,2a06f5614060e3b6 73391e0853c1e040 7c98dedd223b36c0 7155e5a86136eb02 4dba7ce835494a63 2e031d83339759b2 8e0cc5199a0ee659 6c017e548aa138f2 00140806971e7a73 bed3e73d52011f68 20d283a232dfd13c eec6b281e236b500 01e5a6edcee7deb0 ca4de5b8a7bda9df 8f578001f9d5f543 8fc68213b63951dc e878efab7c37179e d7d937303a6d5a9d 1a05ef8c93af8eed 73f770f2643a2135 b3e75fdca5ca2f1a 095bb1b6ecbd0a50 a14394322cf7043d 3d6880bd12f6613f b69ce8b8154645f8 64b31699d7d15934 a52df8083c238c46 025a148c3a53bd9f 8d58da0e1800dc96 d5805cdb9e8f0f48
99,e6a29676c096f8e8 5430097e23000368 d216e5458ad70e60 f25bfcffedaccf28 ae94d8435a6847f4 9b0e8cf8153e3b33 033d905aec273595 a5f55580081236f4 22756be6fd061d4c a860b682add9de1c 5c4b7558c942a224 589ef345cb2dccfc d6bbbd6c4968075a 8dedff0a79784abc e9c20b67a4c5395f bf973f9ec3600199 ebfda3b48083e390 b6e646c13d0753ae 4beacc71024f8b08 25a3b47fe31bc6b5 a0566ca9daca7778 d257d1fbcf43abd5 98dbd15aa33ebc18 d46598813fb437e5 404031ab9d5977c4 58654e3143c6550b 0079f3c74309b582 35488b3b8b781278 c143c095983a65c2 db69d4cbfef8d22f
100,8566d15270eb5e83 d1e21234d7cc61d2 e740c80fce094788 3a6e7894dde31c67 7155e5a86136eb02 a76ffccd2f5df1a7 dea5e9227fbbac29 4d7653ea9499eed4 285657fcdf89f00d 680bb5c5c3bb6ee1 a860b682add9de1c ce0f56b7190c268a 7c8324ce28ffb96e f46601a9955f9949 40583079f57235a6 939a1f686ea36c05 0eafda717681bbdc 148ac4a56a18844d acae1d29289b1266 45bd99d5d2eef776 387e9cd2e5d4ea7d 5f94b027039f4e48 4d29c6922b2d0d56 e228204ae08d1355 d16da1fb61813db9 64907c4568244eb4 1d0f5fdc58e3efb5 a853f13216170123 18b1d2d84c97a364 172bc0ee09332ae9
101,43b3338423d7386c 72c2a95813ea72bd 48cf88c17ff38c5e bc2ae5f4e5d53e00 a9dad59c7055b56c dc12cc503ac0eddb 148ac4a56a18844d 4f2fffd7528de786 3b6d27775fce1c7b 486dd77002936dec 8a5635c748344d47 a292248bb2bffb3d 4d32dae7b43c489a b24820ae14e16a24 24e582daf6f87158 9b2adcf4041227d7 d1e21234d7cc61d2 a2c35fdf07a13286 8faeacf8ca08f62d 47fbe21f5c35c7b4 0eedb1a0d3b8ddae 393f49286db04aeb a860b682add9de1c 1dc7139adba034ec 4b8c7061102517ef e0269da736ddf004 ff88049e61f0f4ef 3fa57d488e979d74 c28bc62802b90f82 3986b68500d7704b
102,853e36b1550c6274 a292248bb2bffb3d 4d32dae7b43c489a 24e582daf6f87158 4d9214c0925e5af8 46315cf30aaee51c c606425856952286 0688c790d5806540 016da874bd04df55 74244a8703c03720 8faeacf8ca08f62d 47fbe21f5c35c7b4 65fac1ba1840000f 047769588be1aea9 5867d40811c0229f 16b11706660177ff 4dba7ce835494a63 393f49286db04aeb e25a1da6ca187350 6204e398d8c7f888 ec1b3d7ccd3984d0 f76f44d372517a9a 351c9da399c2b915 bed3e73d52011f68 eec6b281e236b500 e878efab7c37179e d7d937303a6d5a9d 8fc68213b63951dc ca4de5b8a7bda9df 20d283a232dfd13c
103,a860b682add9de1c 48a76e3aff69d605 8faeacf8ca08f62d 7155e5a86136eb02 2e031d83339759b2 4d32dae7b43c489a 24e582daf6f87158 47fbe21f5c35c7b4 0eedb1a0d3b8ddae f1a3b8b13e9401c0 c5830f9d0f1e29e5 95ecdbff44ad0b60 393f49286db04aeb 1d0f5fdc58e3efb5 8abe670908f12614 3cb6b40d377e7ca8 b05b5f6850cfa158 a2805ed52b47b8ec 1dc7139adba034ec b6e646c13d0753ae 3e8e56f639a5db5b c28bc62802b90f82 702d8f1064ab3e30 3986b68500d7704b 3fa57d488e979d74 ff88049e61f0f4ef e0269da736ddf004 bd713b37b67866c3 fd30682593995748 2a06f5614060e3b6
104,2e031d83339759b2 c5830f9d0f1e29e5 a2805ed52b47b8ec b6e646c13d0753ae 8faeacf8ca08f62d a292248bb2bffb3d 4d32dae7b43c489a 24e582daf6f87158 d1e21234d7cc61d2 47fbe21f5c35c7b4 95ecdbff44ad0b60 393f49286db04aeb 1d0f5fdc58e3efb5 a860b682add9de1c 8abe670908f12614 3cb6b40d377e7ca8 1dc7139adba034ec 3e8e56f639a5db5b c28bc62802b90f82 702d8f1064ab3e30 3986b68500d7704b 3fa57d488e979d74 ff88049e61f0f4ef e0269da736ddf004 6e1b6b53c9710940 b2ee9eea2d974c90 fd30682593995748 2a06f5614060e3b6 39f6296778264878 e25a1da6ca187350
105,4d32dae7b43c489a 24e582daf6f87158 8faeacf8ca08f62d 47fbe21f5c35c7b4 6a3919ad9ed8197e 393f49286db04aeb 5f94b027039f4e48 a860b682add9de1c c015590d6a6fe833 7c8324ce28ffb96e 1dc7139adba034ec da7d3c2d591c4295 395b26d91f98bd92 16b11706660177ff a292248bb2bffb3d 4dba7ce835494a63 c03b11a0cdc3fa39 e25a1da6ca187350 6204e398d8c7f888 ec1b3d7ccd3984d0 f76f44d372517a9a 8f578001f9d5f543 01e5a6edcee7deb0 8fc68213b63951dc bed3e73d52011f68 d7d937303a6d5a9d 20d283a232dfd13c e878efab7c37179e ca4de5b8a7bda9df eec6b281e236b500
106,4d29c6922b2d0d56 4d32dae7b43c489a bf3ccaba4a3450a8 24e582daf6f87158 8faeacf8ca08f62d 8e0cc5199a0ee659 47fbe21f5c35c7b4 393f49286db04aeb a860b682add9de1c 72c2a95813ea72bd 1dc7139adba034ec c11b97f245a9dfd0 4f31209941bb05fc 6899956cd6c683f0 c96049ed915ced0a 10ad13170242ecae a853f13216170123 0eedb1a0d3b8ddae 52370bea1acd0600 2a06f5614060e3b6 4d7653ea9499eed4 9a0f5ee4f845c9b2 0bcaac840d5e66d7 e0269da736ddf004 ff88049e61f0f4ef c28bc62802b90f82 702d8f1064ab3e30 3986b68500d7704b 3fa57d488e979d74 bd713b37b67866c3
107,351c9da399c2b915 f28fb3d9880c5d4c 393f49286db04aeb 5bf89d11a25121d9 d6ed7e4b14c51296 40583079f57235a6 0c2eeab1e4ce1db8 81bd116c786bf9ae 00ff646ca6637bd7 22e8d6734e4121ae 2bafd15871caae91 6e239f4dd4b6aed7 2dd12c230ab22555 2e44fbb8bc3d8d71 a677c3a76055a6d2 fc8971756f9ec194 64b31699d7d15934 a52df8083c238c46 42c9b72cc77dcb28 1f4f62844c3cb99c b29ab87af6ea6310 54f55c74d37db3c0 09660f466b38b7ba 120e745e2961b5d5 6e1b6b53c9710940 c28bc62802b90f82 b3ad55963554f220 cc861214a89ef1f4 b0b5e62a93a2c37c 059bbdbdb843af6a
108,bc2552a642ce8497 447fc00f40d71d08 d73a65673e3f1d78 e8ad5e31484ef889 c11b97f245a9dfd0 54a11cbcd7a32af4 00e1e2eb13f650e4 b84b6c0b2e4d0306 d5952b2e031c4e7e 34a62e66e05f9a44 0eedb1a0d3b8ddae 52370bea1acd0600 9a0f5ee4f845c9b2 0bcaac840d5e66d7 c28bc62802b90f82 702d8f1064ab3e30 3986b68500d7704b 3fa57d488e979d74 ff88049e61f0f4ef e0269da736ddf004 bd713b37b67866c3 fd30682593995748 2a06f5614060e3b6 39f6296778264878 4d7653ea9499eed4 734dabb98795c35c 942a7d26d81c841f bd0f175ee98c613e ae94d8435a6847f4 b6d0f83aad4e4dc7
109,dc12cc503ac0eddb a292248bb2bffb3d 9b2adcf4041227d7 d1e21234d7cc61d2 b05b5f6850cfa158 0eedb1a0d3b8ddae 52370bea1acd0600 4d7653ea9499eed4 9a0f5ee4f845c9b2 0bcaac840d5e66d7 c28bc62802b90f82 47fbe21f5c35c7b4 3986b68500d7704b 3fa57d488e979d74 ff88049e61f0f4ef e0269da736ddf004 bd713b37b67866c3 fd30682593995748 2a06f5614060e3b6 39f6296778264878 702d8f1064ab3e30 0708923badf2ff5d 734dabb98795c35c 942a7d26d81c841f bd0f175ee98c613e ae94d8435a6847f4 b6d0f83aad4e4dc7 b24820ae14e16a24 622f2e4119882c94 bbbd5d2fd957e8f7
110,49b5678e0d1e5bcd 8e0cc5199a0ee659 72c2a95813ea72bd 4f31209941bb05fc 6899956cd6c683f0 c96049ed915ced0a b05b5f6850cfa158 10ad13170242ecae a853f13216170123 0eedb1a0d3b8ddae e0269da736ddf004 ff88049e61f0f4ef bbbd5d2fd957e8f7 47fbe21f5c35c7b4 52370bea1acd0600 fd30682593995748 9a0f5ee4f845c9b2 0bcaac840d5e66d7 bd713b37b67866c3 c28bc62802b90f82 702d8f1064ab3e30 3986b68500d7704b 3fa57d488e979d74 4d7653ea9499eed4 0708923badf2ff5d 734dabb98795c35c 942a7d26d81c841f bd0f175ee98c613e ae94d8435a6847f4 b6d0f83aad4e4dc7
111,16b11706660177ff abf90e759d208468 f25bfcffedaccf28 0db6584e3bdfa1c4 65fac1ba1840000f 393f49286db04aeb d46598813fb437e5 942a7d26d81c841f ac9ee0c09b538140 8643165b0f53df11 3734d3b0b9232538 e4a7a996ed6a5a81 4bed80e56ea2e099 a292248bb2bffb3d 4dba7ce835494a63 95d25d38ba7df9c7 ec1b3d7ccd3984d0 f76f44d372517a9a e25a1da6ca187350 6204e398d8c7f888 8f578001f9d5f543 d7d937303a6d5a9d eec6b281e236b500 ca4de5b8a7bda9df bed3e73d52011f68 e878efab7c37179e 20d283a232dfd13c 01e5a6edcee7deb0 8fc68213b63951dc 01020d1b0821f4c7
112,8bf446c0455e3c5c 98dbd15aa33ebc18 eff60ceea8817dad da7d3c2d591c4295 f48d0fbea7dc2782 65d44c6393907290 83b911ff0ff45844 ac9ee0c09b538140 8643165b0f53df11 f29eee8054c061e1 047769588be1aea9 acae1d29289b1266 3734d3b0b9232538 9100ea6cd0e084bf e4a7a996ed6a5a81 4bed80e56ea2e099 0451447dd64f6284 ca43e349133fc0e3 07f22a7ad7e4711d 95d25d38ba7df9c7 8e0cc5199a0ee659 0079f3c74309b582 765c0695339c3abe 04886579947a80c2 455fde214d16d350 72c2a95813ea72bd 4f31209941bb05fc 6899956cd6c683f0 c96049ed915ced0a 10ad13170242ecae
113,65ad9c583823162d 65708d542bd01f39 52aa48c07b34dc88 5879096a38d69fc5 daa257a37227cd72 2e79d45ba4d1540d bc2552a642ce8497 4f915ad69e1dca36 af41e2b6da3e7e02 10ad13170242ecae 0eedb1a0d3b8ddae b05b5f6850cfa158 4d954d933e606b70 c1f2e3a76d388944 589ef345cb2dccfc c5830f9d0f1e29e5 95ecdbff44ad0b60 8faeacf8ca08f62d 1d0f5fdc58e3efb5 8abe670908f12614 3cb6b40d377e7ca8 db69d4cbfef8d22f a2805ed52b47b8ec b6e646c13d0753ae 3e8e56f639a5db5b e0269da736ddf004 ff88049e61f0f4ef 3fa57d488e979d74 3986b68500d7704b bd713b37b67866c3
114,b0b5e62a93a2c37c 2dd12c230ab22555 9f27aa36c1ea793c 0c2eeab1e4ce1db8 00ff646ca6637bd7 2bafd15871caae91 f28fb3d9880c5d4c 351c9da399c2b915 2e44fbb8bc3d8d71 a677c3a76055a6d2 fc8971756f9ec194 42c9b72cc77dcb28 120e745e2961b5d5 37001ade0df85823 95166957b2c38794 b05b5f6850cfa158 0eedb1a0d3b8ddae 47fbe21f5c35c7b4 4d7653ea9499eed4 9a0f5ee4f845c9b2 0bcaac840d5e66d7 c28bc62802b90f82 702d8f1064ab3e30 3986b68500d7704b 3fa57d488e979d74 ff88049e61f0f4ef e0269da736ddf004 52370bea1acd0600 942a7d26d81c841f bd0f175ee98c613e
115,ce8cb4351b8c0f6e 04886579947a80c2 892074f7c1ef5d5e 7f29daa16b9b4cda 9ab90dfc5c9b0b37 d216e5458ad70e60 a5f55580081236f4 cc0c9419f8a20603 5430097e23000368 0eedb1a0d3b8ddae b05b5f6850cfa158 47fbe21f5c35c7b4 52370bea1acd0600 4d7653ea9499eed4 9a0f5ee4f845c9b2 0bcaac840d5e66d7 c28bc62802b90f82 702d8f1064ab3e30 bd713b37b67866c3 3986b68500d7704b e0269da736ddf004 3fa57d488e979d74 ff88049e61f0f4ef 2a06f5614060e3b6 734dabb98795c35c 942a7d26d81c841f bd0f175ee98c613e ae94d8435a6847f4 b6d0f83aad4e4dc7 b24820ae14e16a24
116,419b5dc40744fb9b 9113e9dc940fb287 d3c4a7db726191e0 22dc81380cf4baec bd0f175ee98c613e bb7515be835dea49 b05b5f6850cfa158 99e833818ec4bbf2 6899956cd6c683f0 d16da1fb61813db9 b84b6c0b2e4d0306 97d696011258825c f209d29f991432f0 b6cdb608f640e038 2e4b00c01d58e79e a2805ed52b47b8ec edc79e57b20e9036 5897953fdf87b60f 005666aa098abe8e eff60ceea8817dad c810ac016901e8ac 36d33c41812ce7dc a04d6febd82a4389 050544c040f46152 34a62e66e05f9a44 b3e75fdca5ca2f1a a14394322cf7043d 095bb1b6ecbd0a50 025a148c3a53bd9f 7e4a4a1300b77a06
117,4f2fffd7528de786 a492bd402afd5c71 3cb6b40d377e7ca8 b26d8664feb18c8c 83b911ff0ff45844 0eafda717681bbdc de35d2410e916471 877672967d3f70bb b05b5f6850cfa158 0e45c4c185f35df6 c14d5b16840d3032 ec4ef2f727e7a03f 238de368bb05c0ec 72b80b099fd64ec4 da011b87595c1019 83f8f2fc471cad74 50cb6a6c60ad711a e403278468d84383 5430097e23000368 c5830f9d0f1e29e5 95ecdbff44ad0b60 3b4a85bac6ead3c8 8faeacf8ca08f62d 1d0f5fdc58e3efb5 8abe670908f12614 a2805ed52b47b8ec b6e646c13d0753ae 3e8e56f639a5db5b 447fc00f40d71d08 5fb2d8e734956af0
118,f2234bb7ce0c6f59 72403ecdfe02bba6 05f23e7d05dbf7c2 0d0368139e9a647f b6d0f83aad4e4dc7 0fbd0f422e926816 42c9b72cc77dcb28 316382267dcd804f ced9c56f2be86774 796888cc3443006c 05e4165a56bf50eb d35e11d3d1ab3c67 63d95d5977c2fe98 26fc2a95df5659c2 5b16bae6a0de7c88 73391e0853c1e040 387e9cd2e5d4ea7d 33856365c271aea4 f705b637f624147e 70776cdd9bb3b7d4 5a1149fbcbd37376 b749972436ac9791 5b34da30b93eb123 9d5edf3b993fee50 40583079f57235a6 46b99f864d6a075a a9eef13786610446 c08c3765ac609cc0 ffc688c4c1c2a068 4d417b203b333363
119,f705b637f624147e 5b34da30b93eb123 b749972436ac9791 ffc688c4c1c2a068 a9eef13786610446 c08c3765ac609cc0 4d417b203b333363 74e59c5820900b17 dac29ed8400b50cc 6aac5e116b75aa22 5fb2d8e734956af0 005666aa098abe8e 3ca7964973437917 65254e0d209fd66e f46601a9955f9949 0eafda717681bbdc 6d80d2e62d01f6bc 44d324ebd3e22ad7 d1e21234d7cc61d2 2e031d83339759b2 0d0368139e9a647f 00140806971e7a73 1d0f5fdc58e3efb5 d35e11d3d1ab3c67 c03b11a0cdc3fa39 b760ebc5f25788d3 72403ecdfe02bba6 05f23e7d05dbf7c2 f2234bb7ce0c6f59 70776cdd9bb3b7d4
120,cc507a0d6fcf4a1c d3c4a7db726191e0 520ec719078be07c 48cf88c17ff38c5e b05b5f6850cfa158 999a52f1d301247c a292248bb2bffb3d 4dba7ce835494a63 3b4a85bac6ead3c8 419b5dc40744fb9b b6cdb608f640e038 e25a1da6ca187350 6204e398d8c7f888 f76f44d372517a9a ec1b3d7ccd3984d0 eec6b281e236b500 20d283a232dfd13c e878efab7c37179e 01e5a6edcee7deb0 d7d937303a6d5a9d ca4de5b8a7bda9df 8fc68213b63951dc 8f578001f9d5f543 bed3e73d52011f68 bfb8032f2183d471 6899956cd6c683f0 4c3802a1bd3c842e 01020d1b0821f4c7 ffa9091747ae2466 f9c6286cff30aaa8
121,765c0695339c3abe c5830f9d0f1e29e5 047769588be1aea9 1f423f368aebf7f3 0451447dd64f6284 a2805ed52b47b8ec f48d0fbea7dc2782 65d44c6393907290 b6e646c13d0753ae 9269d2b0d877352d ae000f9d0b5e104e 83b911ff0ff45844 e22c35101e190db9 9cf6709de35bf0f3 486dd77002936dec f29eee8054c061e1 acae1d29289b1266 48f93f9c2c699e19 3734d3b0b9232538 9100ea6cd0e084bf 9113e9dc940fb287 d3c4a7db726191e0 22dc81380cf4baec 4491016efed845f1 ca43e349133fc0e3 29bedd00fb2be056 07f22a7ad7e4711d 0eedb1a0d3b8ddae c03b11a0cdc3fa39 8e0cc5199a0ee659
122,72c2a95813ea72bd 48cf88c17ff38c5e a9dad59c7055b56c bc2ae5f4e5d53e00 047769588be1aea9 148ac4a56a18844d 4f2fffd7528de786 3b6d27775fce1c7b 0451447dd64f6284 486dd77002936dec b24820ae14e16a24 a2c35fdf07a13286 c5830f9d0f1e29e5 95ecdbff44ad0b60 8faeacf8ca08f62d 1d0f5fdc58e3efb5 8abe670908f12614 3cb6b40d377e7ca8 a2805ed52b47b8ec b6e646c13d0753ae 0eedb1a0d3b8ddae 3e8e56f639a5db5b bd713b37b67866c3 366a22fce0614fb8 00e1e2eb13f650e4 4d7653ea9499eed4 9a0f5ee4f845c9b2 0bcaac840d5e66d7 52370bea1acd0600 c28bc62802b90f82
123,8566d15270eb5e83 28a2067685cb3e97 047769588be1aea9 72c2a95813ea72bd 0451447dd64f6284 48cf88c17ff38c5e a9dad59c7055b56c bc2ae5f4e5d53e00 148ac4a56a18844d 4f2fffd7528de786 3b6d27775fce1c7b 486dd77002936dec 8e0cc5199a0ee659 b24820ae14e16a24 a2c35fdf07a13286 c5830f9d0f1e29e5 95ecdbff44ad0b60 8faeacf8ca08f62d 1d0f5fdc58e3efb5 4f31209941bb05fc 6899956cd6c683f0 c96049ed915ced0a 8abe670908f12614 3cb6b40d377e7ca8 10ad13170242ecae a2805ed52b47b8ec a853f13216170123 b6e646c13d0753ae 3e8e56f639a5db5b feddfcf56818968e
124,2e44fbb8bc3d8d71 fc8971756f9ec194 00af886180e9eaec 120e745e2961b5d5 9269d2b0d877352d c03b11a0cdc3fa39 e22c35101e190db9 22e8d6734e4121ae 9cf6709de35bf0f3 f28fb3d9880c5d4c 48f93f9c2c699e19 9113e9dc940fb287 d3c4a7db726191e0 b6cdb608f640e038 22dc81380cf4baec 4491016efed845f1 0eedb1a0d3b8ddae 29bedd00fb2be056 36d33c41812ce7dc c810ac016901e8ac a04d6febd82a4389 6e1b6b53c9710940 095bb1b6ecbd0a50 a14394322cf7043d b3e75fdca5ca2f1a c015590d6a6fe833 025a148c3a53bd9f e14a893f1918277e 39075e303166355e 7e4a4a1300b77a06
125,48a76e3aff69d605 a860b682add9de1c 1efd7bd8a34a1359 50cb6a6c60ad711a f1a3b8b13e9401c0 81bd116c786bf9ae 8e0cc5199a0ee659 72c2a95813ea72bd 0eedb1a0d3b8ddae 4f31209941bb05fc 6899956cd6c683f0 c96049ed915ced0a 10ad13170242ecae a853f13216170123 c28bc62802b90f82 4d7653ea9499eed4 9a0f5ee4f845c9b2 0bcaac840d5e66d7 702d8f1064ab3e30 3986b68500d7704b 3fa57d488e979d74 e0269da736ddf004 bd713b37b67866c3 fd30682593995748 2a06f5614060e3b6 ff88049e61f0f4ef bd0f175ee98c613e ae94d8435a6847f4 b6d0f83aad4e4dc7 b24820ae14e16a24
126,45bd99d5d2eef776 eab15ee21e126f6a 72c2a95813ea72bd a60934e6b473097a 48cf88c17ff38c5e bc2ae5f4e5d53e00 a9dad59c7055b56c b05b5f6850cfa158 148ac4a56a18844d 4f2fffd7528de786 3b6d27775fce1c7b 486dd77002936dec 5430097e23000368 0eedb1a0d3b8ddae b24820ae14e16a24 ae000f9d0b5e104e 9c9a9d45c2ea7ddf a2c35fdf07a13286 0bcaac840d5e66d7 c28bc62802b90f82 702d8f1064ab3e30 3986b68500d7704b 3fa57d488e979d74 ff88049e61f0f4ef e0269da736ddf004 bd713b37b67866c3 fd30682593995748 9a0f5ee4f845c9b2 4d7653ea9499eed4 52370bea1acd0600
127,fd57e641d06ebda7 6aefb6531736648a 734dabb98795c35c c143c095983a65c2 5b16bae6a0de7c88 3d93a60f990a0a7c 013030fd7d29bf3d 65254e0d209fd66e 54a11cbcd7a32af4 00e1e2eb13f650e4 b84b6c0b2e4d0306 d5952b2e031c4e7e 34a62e66e05f9a44 c28bc62802b90f82 9a0f5ee4f845c9b2 0bcaac840d5e66d7 4d7653ea9499eed4 52370bea1acd0600 702d8f1064ab3e30 47fbe21f5c35c7b4 3fa57d488e979d74 ff88049e61f0f4ef e0269da736ddf004 bd713b37b67866c3 fd30682593995748 39f6296778264878 3986b68500d7704b 942a7d26d81c841f bd0f175ee98c613e ae94d8435a6847f4
128,b50b4e27b03c7b37 f2b5098ac9c92da9 12af6a34778710db 285657fcdf89f00d 4d32dae7b43c489a 2bafd15871caae91 24e582daf6f87158 0bcaac840d5e66d7 0897dcfae16e280f 8faeacf8ca08f62d 47fbe21f5c35c7b4 b6a1c97f19af78d0 0eedb1a0d3b8ddae 0fbd0f422e926816 b6d0f83aad4e4dc7 393f49286db04aeb b05b5f6850cfa158 fb2ebcb5335ad2e2 a860b682add9de1c 316382267dcd804f 74e59c5820900b17 622f2e4119882c94 50ba507a268872e1 1d0f5fdc58e3efb5 63d95d5977c2fe98 f46601a9955f9949 1dc7139adba034ec 955e465ce0788ea6 0eafda717681bbdc 73391e0853c1e040
129,047769588be1aea9 0451447dd64f6284 5867d40811c0229f 0a79fabc6f5d93c9 999a52f1d301247c e22c35101e190db9 a813c15b46ceaf68 4d32dae7b43c489a 2e4b00c01d58e79e abf90e759d208468 4f915ad69e1dca36 24e582daf6f87158 855f2f0354e102c7 d46598813fb437e5 16b11706660177ff a292248bb2bffb3d 4dba7ce835494a63 4b29fc21f912754d 106204cd0e07e1b2 c1f2e3a76d388944 dc12cc503ac0eddb feddfcf56818968e 6204e398d8c7f888 ec1b3d7ccd3984d0 f76f44d372517a9a e25a1da6ca187350 528161039994b4dc b05b5f6850cfa158 e7cad3748e50b0f8 81bd116c786bf9ae
130,bc27d5dc9bab1c18 74244a8703c03720 ad06e9eeea8eb4ea a017f3358d5327aa 796888cc3443006c bf3ccaba4a3450a8 680bb5c5c3bb6ee1 ce0f56b7190c268a 73f770f2643a2135 fab14d178b24a67f ae94d8435a6847f4 148ac4a56a18844d 430feb4826a5632e 3fa57d488e979d74 702d8f1064ab3e30 853e36b1550c6274 4d9214c0925e5af8 46315cf30aaee51c c606425856952286 e740c80fce094788 0688c790d5806540 016da874bd04df55 65fac1ba1840000f 047769588be1aea9 5867d40811c0229f 781aaf62a955e4e8 b8e2f75014710ced fc16a50ff0baec53 3c0873ce078d332b 351c9da399c2b915
131,acf5cb026b3c4551 1fe79c7de59ff6c6 25145708d494530b 5057551fc55e9ed2 c1f2e3a76d388944 033d905aec273595 5b4c879fc9c316fb ad06e9eeea8eb4ea 03dfe518713e006c 387e9cd2e5d4ea7d a0b1f4dd32f3e278 538c7bb968b2154c 5bf89d11a25121d9 36d33c41812ce7dc c810ac016901e8ac 351c9da399c2b915 09bbaa171c20bae3 522bd6887960c25d f209d29f991432f0 2e4b00c01d58e79e fa173131f15f5534 d6ed7e4b14c51296 64267373570e4ea3 39075e303166355e c6b615b2589e036d 2810fb6f81d1711c e14a893f1918277e 7e4a4a1300b77a06 238ec735a13a3f09 b78189788d563693
132,047769588be1aea9 0451447dd64f6284 6aefb6531736648a 1fe79c7de59ff6c6 734dabb98795c35c c49d8f84a4f87f8a c143c095983a65c2 25145708d494530b daa257a37227cd72 e461837f0fb35048 033d905aec273595 aa967ad3c1f65a29 5b4c879fc9c316fb ad06e9eeea8eb4ea 03dfe518713e006c 4f915ad69e1dca36 a0b1f4dd32f3e278 538c7bb968b2154c 10ad13170242ecae 09bbaa171c20bae3 3734d3b0b9232538 5430097e23000368 387e9cd2e5d4ea7d 95166957b2c38794 0079f3c74309b582 765c0695339c3abe 98dbd15aa33ebc18 bee46c54461925d0 eff60ceea8817dad c5830f9d0f1e29e5
133,74244a8703c03720 047769588be1aea9 853e36b1550c6274 4d9214c0925e5af8 c606425856952286 46315cf30aaee51c 0688c790d5806540 016da874bd04df55 65fac1ba1840000f 5867d40811c0229f 7d83ffe83f61bdc4 351c9da399c2b915 f05fa5f57dc03e81 9c9a9d45c2ea7ddf 73f770f2643a2135 ae94d8435a6847f4 428f9363fa35882d 430feb4826a5632e 8abe670908f12614 702d8f1064ab3e30 4d29c6922b2d0d56 cc861214a89ef1f4 ecb768ef6fd223ca af8e70f978cd5aee 22e8d6734e4121ae da904d2a54ff8cf2 bbbd5d2fd957e8f7 4105533fe46dfba9 4483bbdd3241f11a b8e2f75014710ced
134,a65e30106ea50423 ced9c56f2be86774 50cb6a6c60ad711a 58654e3143c6550b 8e0cc5199a0ee659 72c2a95813ea72bd 4f31209941bb05fc 6899956cd6c683f0 c96049ed915ced0a 10ad13170242ecae a853f13216170123 c31a456b544a40a8 9a0f5ee4f845c9b2 0bcaac840d5e66d7 c28bc62802b90f82 39f6296778264878 702d8f1064ab3e30 3fa57d488e979d74 ff88049e61f0f4ef e0269da736ddf004 bd713b37b67866c3 2a06f5614060e3b6 fd30682593995748 3986b68500d7704b 734dabb98795c35c bd0f175ee98c613e ae94d8435a6847f4 b6d0f83aad4e4dc7 b24820ae14e16a24 622f2e4119882c94
135,25145708d494530b 1fe79c7de59ff6c6 033d905aec273595 40583079f57235a6 c1f2e3a76d388944 538c7bb968b2154c 09bbaa171c20bae3 522bd6887960c25d 5b4c879fc9c316fb ad06e9eeea8eb4ea a52df8083c238c46 64b31699d7d15934 03dfe518713e006c 387e9cd2e5d4ea7d a0b1f4dd32f3e278 c28bc62802b90f82 f209d29f991432f0 2e4b00c01d58e79e fa173131f15f5534 4d7653ea9499eed4 589ef345cb2dccfc b26d8664feb18c8c 1efd7bd8a34a1359 22dc81380cf4baec b29ab87af6ea6310 1f4f62844c3cb99c 09660f466b38b7ba 54f55c74d37db3c0 061f3e1feeaa3094 54a11cbcd7a32af4
136,2e79d45ba4d1540d 8699cc5dd4159b69 d0f6c00eec5eb973 47fbe21f5c35c7b4 24e582daf6f87158 1f423f368aebf7f3 a292248bb2bffb3d 2394b08708475900 5430097e23000368 8faeacf8ca08f62d 528161039994b4dc 88b62355670ec8f8 4dba7ce835494a63 ec1b3d7ccd3984d0 6204e398d8c7f888 e25a1da6ca187350 f76f44d372517a9a 0eedb1a0d3b8ddae d63b7f083330247f a813c15b46ceaf68 20d283a232dfd13c d7d937303a6d5a9d 8fc68213b63951dc 8f578001f9d5f543 bed3e73d52011f68 e878efab7c37179e eec6b281e236b500 01e5a6edcee7deb0 ca4de5b8a7bda9df b05b5f6850cfa158
137,5c4b7558c942a224 e6a29676c096f8e8 636224e349e561bf a860b682add9de1c 9b0e8cf8153e3b33 f1a3b8b13e9401c0 48a76e3aff69d605 3a6e7894dde31c67 528161039994b4dc f49e13a653cbdad2 b6e72edcad270be0 72b80b099fd64ec4 f48d0fbea7dc2782 622f2e4119882c94 1efd7bd8a34a1359 05e4165a56bf50eb 95166957b2c38794 976baf0e84752a68 b1e47da7659b675c acae1d29289b1266 59c231f8fd21260c 2820628e65a062e2 b760ebc5f25788d3 f54ad8d1eb18212e a5f55580081236f4 628accd9be98503c 1a8e5d6512d9e2d8 ca43e349133fc0e3 6461a9faa871b3ac 7cea1f637ea3f37d
138,f705b637f624147e 5b34da30b93eb123 b749972436ac9791 d216e5458ad70e60 c08c3765ac609cc0 ffc688c4c1c2a068 a9eef13786610446 4d417b203b333363 a5f55580081236f4 74e59c5820900b17 dac29ed8400b50cc 6aac5e116b75aa22 5fb2d8e734956af0 f46601a9955f9949 1d0f5fdc58e3efb5 0eafda717681bbdc 6d80d2e62d01f6bc 005666aa098abe8e 3ca7964973437917 44d324ebd3e22ad7 65254e0d209fd66e 0eedb1a0d3b8ddae 3b4a85bac6ead3c8 b05b5f6850cfa158 00140806971e7a73 e0269da736ddf004 bd713b37b67866c3 fd30682593995748 af8e70f978cd5aee 2a06f5614060e3b6
139,19b4014943e0ad92 6406fcdb7d87b5dc d216e5458ad70e60 62431fd374eb99fb 96e82fa141db9a4b f29eee8054c061e1 8e0cc5199a0ee659 1398b478b71773ed 6a9aa1bd93e36e66 99e833818ec4bbf2 133b04350c75770b 9f3d2ca16f358290 07f22a7ad7e4711d 72c2a95813ea72bd 069e7e25e43deab3 1dc7139adba034ec 4f31209941bb05fc 6899956cd6c683f0 c96049ed915ced0a 10ad13170242ecae a853f13216170123 98dbd15aa33ebc18 bee46c54461925d0 eff60ceea8817dad c5830f9d0f1e29e5 95ecdbff44ad0b60 3b4a85bac6ead3c8 e36475c1af5ea3ab 8faeacf8ca08f62d da7d3c2d591c4295
140,bf3ccaba4a3450a8 8e0cc5199a0ee659 855f2f0354e102c7 680bb5c5c3bb6ee1 1398b478b71773ed c1f2e3a76d388944 8dedff0a79784abc 4d29c6922b2d0d56 72c2a95813ea72bd 3e66b4855d0dddbe bf973f9ec3600199 013030fd7d29bf3d 63d509cd2a2e0e47 7155e5a86136eb02 4f31209941bb05fc 6899956cd6c683f0 a292248bb2bffb3d c015590d6a6fe833 e8ad5e31484ef889 2e031d83339759b2 07be6a290720707d c96049ed915ced0a cc0c9419f8a20603 10ad13170242ecae a853f13216170123 d1e21234d7cc61d2 5430097e23000368 b05b5f6850cfa158 0eedb1a0d3b8ddae 9a0f5ee4f845c9b2
141,72403ecdfe02bba6 f2234bb7ce0c6f59 05f23e7d05dbf7c2 dc17b07476183764 0d0368139e9a647f b6d0f83aad4e4dc7 0fbd0f422e926816 316382267dcd804f 796888cc3443006c d35e11d3d1ab3c67 63d95d5977c2fe98 8faeacf8ca08f62d 26fc2a95df5659c2 5b16bae6a0de7c88 73391e0853c1e040 387e9cd2e5d4ea7d 33856365c271aea4 70776cdd9bb3b7d4 5a1149fbcbd37376 9d5edf3b993fee50 4d32dae7b43c489a 0eedb1a0d3b8ddae 46b99f864d6a075a 24e582daf6f87158 47fbe21f5c35c7b4 c5830f9d0f1e29e5 95ecdbff44ad0b60 3b4a85bac6ead3c8 393f49286db04aeb 1d0f5fdc58e3efb5
142,04fda7c9d8971ec0 73f770f2643a2135 ff88049e61f0f4ef 025a148c3a53bd9f 853e36b1550c6274 95166957b2c38794 005666aa098abe8e c5830f9d0f1e29e5 16b11706660177ff a292248bb2bffb3d 4dba7ce835494a63 74244a8703c03720 e25a1da6ca187350 ec1b3d7ccd3984d0 6204e398d8c7f888 f76f44d372517a9a 8fc68213b63951dc ca4de5b8a7bda9df d7d937303a6d5a9d eec6b281e236b500 8f578001f9d5f543 bed3e73d52011f68 e878efab7c37179e 01e5a6edcee7deb0 20d283a232dfd13c 4d32dae7b43c489a f9c6286cff30aaa8 ffa9091747ae2466 4c3802a1bd3c842e 01020d1b0821f4c7
143,16b11706660177ff 316382267dcd804f abf90e759d208468 65fac1ba1840000f 05f23e7d05dbf7c2 f2234bb7ce0c6f59 72403ecdfe02bba6 a292248bb2bffb3d f25bfcffedaccf28 40583079f57235a6 0d0368139e9a647f d46598813fb437e5 0db6584e3bdfa1c4 5a1149fbcbd37376 b6d0f83aad4e4dc7 0fbd0f422e926816 e7cad3748e50b0f8 d1e21234d7cc61d2 b6cdb608f640e038 796888cc3443006c d35e11d3d1ab3c67 393f49286db04aeb 63d95d5977c2fe98 26fc2a95df5659c2 a52df8083c238c46 64b31699d7d15934 36d33c41812ce7dc c810ac016901e8ac b29ab87af6ea6310 1f4f62844c3cb99c
144,f48d0fbea7dc2782 976baf0e84752a68 2820628e65a062e2 628accd9be98503c 1a8e5d6512d9e2d8 7cea1f637ea3f37d 6461a9faa871b3ac 155600e5f1221f8c 190ab585fd379f0f 025a148c3a53bd9f 853e36b1550c6274 bc27d5dc9bab1c18 b6cdb608f640e038 c810ac016901e8ac 36d33c41812ce7dc a04d6febd82a4389 16b11706660177ff a292248bb2bffb3d 4dba7ce835494a63 ec1b3d7ccd3984d0 6204e398d8c7f888 f76f44d372517a9a e25a1da6ca187350 b05b5f6850cfa158 095bb1b6ecbd0a50 a14394322cf7043d b3e75fdca5ca2f1a e878efab7c37179e 8f578001f9d5f543 bed3e73d52011f68
145,0683b6a78f54be75 5430097e23000368 35488b3b8b781278 d1e21234d7cc61d2 47fbe21f5c35c7b4 a292248bb2bffb3d 3734d3b0b9232538 2e4b00c01d58e79e c1f2e3a76d388944 0a79fabc6f5d93c9 5897953fdf87b60f 855f2f0354e102c7 1d0f5fdc58e3efb5 a853f13216170123 4b29fc21f912754d 81bd116c786bf9ae dc17b07476183764 8e0cc5199a0ee659 e740c80fce094788 cc0c9419f8a20603 666bdff4faa513ca 0079f3c74309b582 765c0695339c3abe 72c2a95813ea72bd 98dbd15aa33ebc18 bee46c54461925d0 f1a3b8b13e9401c0 eff60ceea8817dad 3b4a85bac6ead3c8 e36475c1af5ea3ab
146,35488b3b8b781278 bd9cd6b87a4fe0ce d92c0298f76ccf77 3fa57d488e979d74 0683b6a78f54be75 42a5cae2a3a45557 5430097e23000368 9100ea6cd0e084bf 1d0f5fdc58e3efb5 3734d3b0b9232538 8e0cc5199a0ee659 6a3919ad9ed8197e 9fbffc521da97c54 ddf332f2b55a2a23 a853f13216170123 c1f2e3a76d388944 72c2a95813ea72bd 09bbaa171c20bae3 d1e21234d7cc61d2 dc12cc503ac0eddb b6e646c13d0753ae ee3ed9a3f51336cd 4f31209941bb05fc 6899956cd6c683f0 6461a9faa871b3ac 7cea1f637ea3f37d 0eedb1a0d3b8ddae c96049ed915ced0a 52e459a551d4ac2d d257d1fbcf43abd5
147,ae94d8435a6847f4 4d32dae7b43c489a 24e582daf6f87158 9b0e8cf8153e3b33 5c4b7558c942a224 e6a29676c096f8e8 8faeacf8ca08f62d bf973f9ec3600199 47fbe21f5c35c7b4 4beacc71024f8b08 a0566ca9daca7778 393f49286db04aeb 404031ab9d5977c4 0079f3c74309b582 a860b682add9de1c 59c231f8fd21260c 1dc7139adba034ec fd30682593995748 2a06f5614060e3b6 39f6296778264878 bd713b37b67866c3 e0269da736ddf004 e25a1da6ca187350 ff88049e61f0f4ef 3fa57d488e979d74 3986b68500d7704b 702d8f1064ab3e30 b24820ae14e16a24 b6d0f83aad4e4dc7 5ebb4d2f5f1c1f13
148,10ad13170242ecae 4a5ac473c9d176ba 1ba7a50457e93996 e7cad3748e50b0f8 5570ef88d970e9b4 52370bea1acd0600 4d7653ea9499eed4 9a0f5ee4f845c9b2 0bcaac840d5e66d7 c28bc62802b90f82 702d8f1064ab3e30 3986b68500d7704b 3fa57d488e979d74 ff88049e61f0f4ef e0269da736ddf004 bd713b37b67866c3 fd30682593995748 2a06f5614060e3b6 39f6296778264878 e25a1da6ca187350 0708923badf2ff5d 942a7d26d81c841f bd0f175ee98c613e ae94d8435a6847f4 b6d0f83aad4e4dc7 b24820ae14e16a24 622f2e4119882c94 4b8c7061102517ef af8e70f978cd5aee 734dabb98795c35c
149,d1e21234d7cc61d2 419b5dc40744fb9b 9c9ebf71707d7a37 e8b87ed7db1bcb1f 6899956cd6c683f0 9113e9dc940fb287 d3c4a7db726191e0 22dc81380cf4baec 2359719a0f40ffac a2805ed52b47b8ec bb7515be835dea49 b05b5f6850cfa158 99e833818ec4bbf2 d16da1fb61813db9 04886579947a80c2 455fde214d16d350 f2e30efbd27bee51 97d696011258825c f209d29f991432f0 edc79e57b20e9036 49b5678e0d1e5bcd bd0f175ee98c613e eff60ceea8817dad 0220a434aa8bf029 3e8e56f639a5db5b 8e0cc5199a0ee659 72c2a95813ea72bd c5830f9d0f1e29e5 95ecdbff44ad0b60 3b4a85bac6ead3c8
150,45630e1451157ff3 4d7653ea9499eed4 7c8324ce28ffb96e 72b80b099fd64ec4 2e79d45ba4d1540d 1efd7bd8a34a1359 8699cc5dd4159b69 d0f6c00eec5eb973 a292248bb2bffb3d d1e21234d7cc61d2 5430097e23000368 c5830f9d0f1e29e5 95ecdbff44ad0b60 8faeacf8ca08f62d 1d0f5fdc58e3efb5 8abe670908f12614 3cb6b40d377e7ca8 a2805ed52b47b8ec b6e646c13d0753ae 0eedb1a0d3b8ddae 3e8e56f639a5db5b ff88049e61f0f4ef e0269da736ddf004 bd713b37b67866c3 fd30682593995748 7f95168400948588 2a06f5614060e3b6 00140806971e7a73 39f6296778264878 e25a1da6ca187350
151,6aefb6531736648a 734dabb98795c35c c1f2e3a76d388944 c49d8f84a4f87f8a c143c095983a65c2 04886579947a80c2 54a11cbcd7a32af4 00e1e2eb13f650e4 b84b6c0b2e4d0306 0a79fabc6f5d93c9 d5952b2e031c4e7e 34a62e66e05f9a44 8a5635c748344d47 5430097e23000368 0eedb1a0d3b8ddae b05b5f6850cfa158 52370bea1acd0600 47fbe21f5c35c7b4 4d7653ea9499eed4 9a0f5ee4f845c9b2 c28bc62802b90f82 702d8f1064ab3e30 3986b68500d7704b 3fa57d488e979d74 ff88049e61f0f4ef e0269da736ddf004 bd713b37b67866c3 fd30682593995748 0bcaac840d5e66d7 942a7d26d81c841f
152,c5830f9d0f1e29e5 a2805ed52b47b8ec 5c8c6d9a1fd4c1e0 4491016efed845f1 95ecdbff44ad0b60 b6e646c13d0753ae 7c98dedd223b36c0 16b11706660177ff a292248bb2bffb3d 4dba7ce835494a63 0add47a043c64d7f b1dcaca98bb76736 e25a1da6ca187350 6204e398d8c7f888 ec1b3d7ccd3984d0 f76f44d372517a9a b05b5f6850cfa158 6c017e548aa138f2 a04d6febd82a4389 bed3e73d52011f68 ca4de5b8a7bda9df 8f578001f9d5f543 e878efab7c37179e 20d283a232dfd13c 01e5a6edcee7deb0 d7d937303a6d5a9d 8fc68213b63951dc eec6b281e236b500 90ecb28f2edb9d43 ffa9091747ae2466
153,16b11706660177ff 1f4f62844c3cb99c b29ab87af6ea6310 40583079f57235a6 d46598813fb437e5 a52df8083c238c46 64b31699d7d15934 393f49286db04aeb 54f55c74d37db3c0 09660f466b38b7ba a292248bb2bffb3d 4dba7ce835494a63 abf90e759d208468 ec1b3d7ccd3984d0 e25a1da6ca187350 f76f44d372517a9a 6204e398d8c7f888 b05b5f6850cfa158 f25bfcffedaccf28 c28bc62802b90f82 d7d937303a6d5a9d 20d283a232dfd13c 8f578001f9d5f543 e878efab7c37179e 8fc68213b63951dc bed3e73d52011f68 01e5a6edcee7deb0 ca4de5b8a7bda9df eec6b281e236b500 b3ad55963554f220
154,285657fcdf89f00d 8e0cc5199a0ee659 2bafd15871caae91 0bcaac840d5e66d7 0897dcfae16e280f 3734d3b0b9232538 72c2a95813ea72bd b6a1c97f19af78d0 6a3919ad9ed8197e 9fbffc521da97c54 ddf332f2b55a2a23 4f31209941bb05fc 6899956cd6c683f0 c96049ed915ced0a 09bbaa171c20bae3 10ad13170242ecae a853f13216170123 b6e646c13d0753ae 54a11cbcd7a32af4 00e1e2eb13f650e4 b84b6c0b2e4d0306 cc0c9419f8a20603 d5952b2e031c4e7e 34a62e66e05f9a44 3b4a85bac6ead3c8 702d8f1064ab3e30 3986b68500d7704b 3fa57d488e979d74 ff88049e61f0f4ef e0269da736ddf004
155,40583079f57235a6 c08c3765ac609cc0 a9eef13786610446 ffc688c4c1c2a068 64b31699d7d15934 a52df8083c238c46 b29ab87af6ea6310 1f4f62844c3cb99c 54f55c74d37db3c0 09660f466b38b7ba f705b637f624147e 5b34da30b93eb123 b749972436ac9791 4d417b203b333363 c28bc62802b90f82 b3ad55963554f220 cc861214a89ef1f4 74e59c5820900b17 dac29ed8400b50cc 65254e0d209fd66e 6aac5e116b75aa22 5fb2d8e734956af0 005666aa098abe8e 3ca7964973437917 d46598813fb437e5 0d0368139e9a647f a292248bb2bffb3d f58ff7f1a6cde683 00140806971e7a73 44d324ebd3e22ad7
156,9f4e0d572b1f4e6c dc12cc503ac0eddb bb7515be835dea49 d16da1fb61813db9 e7828f0ea9749505 eff60ceea8817dad 419b5dc40744fb9b 99e833818ec4bbf2 4bed80e56ea2e099 919b1679fffa7ef1 97d696011258825c f209d29f991432f0 9b2adcf4041227d7 edc79e57b20e9036 1c3b74a02a86467d 8566d15270eb5e83 b26d8664feb18c8c 95ecdbff44ad0b60 22dc81380cf4baec 8faeacf8ca08f62d 83f5a9732f0de67f 061f3e1feeaa3094 54a11cbcd7a32af4 42bb83d7c4b9ecae a292248bb2bffb3d 4d32dae7b43c489a 8e0cc5199a0ee659 0add47a043c64d7f b1dcaca98bb76736 0a79fabc6f5d93c9
157,aa967ad3c1f65a29 e461837f0fb35048 3b4a85bac6ead3c8 1d0f5fdc58e3efb5 6aefb6531736648a 734dabb98795c35c c49d8f84a4f87f8a d1e21234d7cc61d2 c143c095983a65c2 04886579947a80c2 0683b6a78f54be75 e740c80fce094788 666bdff4faa513ca a853f13216170123 98dbd15aa33ebc18 bee46c54461925d0 eff60ceea8817dad 0eedb1a0d3b8ddae c5830f9d0f1e29e5 95ecdbff44ad0b60 e36475c1af5ea3ab 8faeacf8ca08f62d da7d3c2d591c4295 8abe670908f12614 3cb6b40d377e7ca8 b05b5f6850cfa158 a2805ed52b47b8ec b6e646c13d0753ae 3e8e56f639a5db5b 3fa57d488e979d74
158,e461837f0fb35048 aa967ad3c1f65a29 6aefb6531736648a 734dabb98795c35c c143c095983a65c2 6a3919ad9ed8197e daa257a37227cd72 05e4165a56bf50eb 4f915ad69e1dca36 01b3da54ffb158a0 10ad13170242ecae 64267373570e4ea3 106204cd0e07e1b2 395b26d91f98bd92 c49d8f84a4f87f8a 0b0021aa60d05daa 3e66b4855d0dddbe 047769588be1aea9 7f29daa16b9b4cda 6899956cd6c683f0 af41e2b6da3e7e02 9d5edf3b993fee50 db0e648651f4c92b 919b1679fffa7ef1 2b48ab08c915c0ad 6cb9ab508a0678a0 0451447dd64f6284 52aa48c07b34dc88 bd713b37b67866c3 18ced18aee04c48e
159,2a06f5614060e3b6 6c017e548aa138f2 24e582daf6f87158 238de368bb05c0ec 00140806971e7a73 bed3e73d52011f68 d7d937303a6d5a9d e878efab7c37179e 8fc68213b63951dc 8f578001f9d5f543 20d283a232dfd13c 01e5a6edcee7deb0 ca4de5b8a7bda9df eec6b281e236b500 2394b08708475900 73391e0853c1e040 7c98dedd223b36c0 73f770f2643a2135 a14394322cf7043d b3e75fdca5ca2f1a 095bb1b6ecbd0a50 b69ce8b8154645f8 a52df8083c238c46 64b31699d7d15934 025a148c3a53bd9f 8d58da0e1800dc96 d5805cdb9e8f0f48 1f4f62844c3cb99c b29ab87af6ea6310 54f55c74d37db3c0
160,d1e21234d7cc61d2 4d32dae7b43c489a 24e582daf6f87158 eab15ee21e126f6a a60934e6b473097a 3734d3b0b9232538 8faeacf8ca08f62d 47fbe21f5c35c7b4 1d0f5fdc58e3efb5 393f49286db04aeb 0683b6a78f54be75 a292248bb2bffb3d a860b682add9de1c e740c80fce094788 666bdff4faa513ca 1dc7139adba034ec 0079f3c74309b582 a853f13216170123 765c0695339c3abe 0eedb1a0d3b8ddae 702d8f1064ab3e30 3986b68500d7704b 3fa57d488e979d74 ff88049e61f0f4ef 6e1b6b53c9710940 c28bc62802b90f82 bd713b37b67866c3 fd30682593995748 2a06f5614060e3b6 39f6296778264878
161,5430097e23000368 047769588be1aea9 dea5e9227fbbac29 a76ffccd2f5df1a7 c5830f9d0f1e29e5 c1f2e3a76d388944 95ecdbff44ad0b60 8faeacf8ca08f62d b6e646c13d0753ae 0451447dd64f6284 70ebf53ced736fa4 1d0f5fdc58e3efb5 f25bfcffedaccf28 8abe670908f12614 3cb6b40d377e7ca8 5f94b027039f4e48 387e9cd2e5d4ea7d cc0c9419f8a20603 522bd6887960c25d f209d29f991432f0 2e4b00c01d58e79e da011b87595c1019 a2805ed52b47b8ec 033d905aec273595 22756be6fd061d4c 04886579947a80c2 455fde214d16d350 4d7653ea9499eed4 d6bbbd6c4968075a 8dedff0a79784abc
162,b24820ae14e16a24 22e8d6734e4121ae f28fb3d9880c5d4c 4d29c6922b2d0d56 bf3ccaba4a3450a8 6e1b6b53c9710940 0a79fabc6f5d93c9 059bbdbdb843af6a 8a5635c748344d47 5430097e23000368 9a0f5ee4f845c9b2 0bcaac840d5e66d7 c28bc62802b90f82 702d8f1064ab3e30 3fa57d488e979d74 4d7653ea9499eed4 39f6296778264878 ff88049e61f0f4ef e0269da736ddf004 2a06f5614060e3b6 fd30682593995748 bd713b37b67866c3 3986b68500d7704b 734dabb98795c35c 942a7d26d81c841f bd0f175ee98c613e ae94d8435a6847f4 b6d0f83aad4e4dc7 622f2e4119882c94 4b8c7061102517ef
163,c1f2e3a76d388944 898a4921ab9f4cce a292248bb2bffb3d 387e9cd2e5d4ea7d e7cad3748e50b0f8 88b62355670ec8f8 522bd6887960c25d f209d29f991432f0 2e4b00c01d58e79e fa173131f15f5534 d1e21234d7cc61d2 4d7653ea9499eed4 1efd7bd8a34a1359 d46598813fb437e5 8a5635c748344d47 dc17b07476183764 54a11cbcd7a32af4 00e1e2eb13f650e4 b84b6c0b2e4d0306 d5952b2e031c4e7e 34a62e66e05f9a44 5430097e23000368 0eedb1a0d3b8ddae c5830f9d0f1e29e5 95ecdbff44ad0b60 8faeacf8ca08f62d 1d0f5fdc58e3efb5 8abe670908f12614 3cb6b40d377e7ca8 b05b5f6850cfa158
164,af8e70f978cd5aee fab14d178b24a67f 059bbdbdb843af6a 4b8c7061102517ef e7cad3748e50b0f8 cc861214a89ef1f4 ecb768ef6fd223ca 22e8d6734e4121ae 4105533fe46dfba9 6cb9ab508a0678a0 354d7a327bbcc152 0195950ce0f47e34 f6d23cdd2359f7c0 005666aa098abe8e 05e4165a56bf50eb 5989fb934598c1a7 0079f3c74309b582 b05b5f6850cfa158 0eedb1a0d3b8ddae 3986b68500d7704b 702d8f1064ab3e30 3fa57d488e979d74 ff88049e61f0f4ef e0269da736ddf004 bd713b37b67866c3 fd30682593995748 39f6296778264878 e25a1da6ca187350 c31a456b544a40a8 f58ff7f1a6cde683
165,26fc2a95df5659c2 5879096a38d69fc5 bd713b37b67866c3 050544c040f46152 d5952b2e031c4e7e 0db6584e3bdfa1c4 46b99f864d6a075a 387e9cd2e5d4ea7d 16b11706660177ff abf90e759d208468 05f23e7d05dbf7c2 72403ecdfe02bba6 f2234bb7ce0c6f59 680bb5c5c3bb6ee1 f25bfcffedaccf28 40583079f57235a6 796888cc3443006c 0eafda717681bbdc 65fac1ba1840000f 45bd99d5d2eef776 393f49286db04aeb 0d0368139e9a647f d16da1fb61813db9 64907c4568244eb4 b6d0f83aad4e4dc7 0fbd0f422e926816 a76ffccd2f5df1a7 dea5e9227fbbac29 33856365c271aea4 6d80d2e62d01f6bc
166,8e0cc5199a0ee659 74ae9af23a383bf5 b69ce8b8154645f8 4d32dae7b43c489a c5830f9d0f1e29e5 5b4c879fc9c316fb 204ec91c39d1479d 24e582daf6f87158 00e1e2eb13f650e4 9100ea6cd0e084bf 576dd429db946393 f209d29f991432f0 8faeacf8ca08f62d 47fbe21f5c35c7b4 ae000f9d0b5e104e 585f4ee09d8fea46 393f49286db04aeb 20db73cf07a45f71 0c2eeab1e4ce1db8 1efd7bd8a34a1359 a860b682add9de1c 52e459a551d4ac2d 1dc7139adba034ec 98dbd15aa33ebc18 bee46c54461925d0 eff60ceea8817dad 16b11706660177ff e36475c1af5ea3ab a292248bb2bffb3d 4dba7ce835494a63
167,f705b637f624147e b749972436ac9791 5b34da30b93eb123 b6cdb608f640e038 74244a8703c03720 ffc688c4c1c2a068 c08c3765ac609cc0 a9eef13786610446 36d33c41812ce7dc c810ac016901e8ac a04d6febd82a4389 095bb1b6ecbd0a50 b3e75fdca5ca2f1a a14394322cf7043d e7cad3748e50b0f8 025a148c3a53bd9f 4d417b203b333363 39075e303166355e e14a893f1918277e 2810fb6f81d1711c c6b615b2589e036d 7e4a4a1300b77a06 853e36b1550c6274 238ec735a13a3f09 b78189788d563693 74e59c5820900b17 316382267dcd804f dac29ed8400b50cc 46315cf30aaee51c c606425856952286
168,65ad9c583823162d 65708d542bd01f39 af41e2b6da3e7e02 52aa48c07b34dc88 430feb4826a5632e a9dad59c7055b56c bc2ae5f4e5d53e00 5430097e23000368 c11b97f245a9dfd0 c5830f9d0f1e29e5 95ecdbff44ad0b60 8faeacf8ca08f62d 1d0f5fdc58e3efb5 8abe670908f12614 3cb6b40d377e7ca8 a2805ed52b47b8ec b6e646c13d0753ae 0eedb1a0d3b8ddae 3e8e56f639a5db5b 942a7d26d81c841f 4d7653ea9499eed4 95166957b2c38794 9a0f5ee4f845c9b2 0bcaac840d5e66d7 52370bea1acd0600 702d8f1064ab3e30 3986b68500d7704b 00e1e2eb13f650e4 3fa57d488e979d74 ff88049e61f0f4ef
169,43c354dbf952caaa fa173131f15f5534 3734d3b0b9232538 f2e30efbd27bee51 5430097e23000368 ae000f9d0b5e104e 9c9a9d45c2ea7ddf 0079f3c74309b582 765c0695339c3abe 0eedb1a0d3b8ddae 3b4a85bac6ead3c8 b05b5f6850cfa158 0bcaac840d5e66d7 c28bc62802b90f82 bbbd5d2fd957e8f7 702d8f1064ab3e30 9a0f5ee4f845c9b2 3986b68500d7704b 4d7653ea9499eed4 52370bea1acd0600 47fbe21f5c35c7b4 3fa57d488e979d74 ff88049e61f0f4ef e0269da736ddf004 fd30682593995748 0708923badf2ff5d 734dabb98795c35c 942a7d26d81c841f bd0f175ee98c613e ae94d8435a6847f4
170,bd9cd6b87a4fe0ce 3fa57d488e979d74 5b34da30b93eb123 b749972436ac9791 74e59c5820900b17 f705b637f624147e f46601a9955f9949 fb2ebcb5335ad2e2 a04d6febd82a4389 a52df8083c238c46 64b31699d7d15934 d92c0298f76ccf77 42a5cae2a3a45557 a14394322cf7043d 095bb1b6ecbd0a50 b3e75fdca5ca2f1a 1f423f368aebf7f3 7e4a4a1300b77a06 2810fb6f81d1711c e14a893f1918277e c6b615b2589e036d 39075e303166355e 955e465ce0788ea6 b6d0f83aad4e4dc7 0fbd0f422e926816 585f4ee09d8fea46 9c9ebf71707d7a37 c606425856952286 46315cf30aaee51c 3734d3b0b9232538
171,fa173131f15f5534 a982b5c3aed39396 a292248bb2bffb3d 16b11706660177ff 4dba7ce835494a63 ec1b3d7ccd3984d0 e25a1da6ca187350 f76f44d372517a9a 6204e398d8c7f888 4e966bb2768c2b8a fb8bd6b95eb4702a e878efab7c37179e bed3e73d52011f68 20d283a232dfd13c 01e5a6edcee7deb0 8f578001f9d5f543 ca4de5b8a7bda9df 8fc68213b63951dc d7d937303a6d5a9d eec6b281e236b500 34a62e66e05f9a44 f9c6286cff30aaa8 ffa9091747ae2466 01020d1b0821f4c7 4c3802a1bd3c842e 5c8c6d9a1fd4c1e0 73f770f2643a2135 025a148c3a53bd9f e22c35101e190db9 b29ab87af6ea6310
172,10ad13170242ecae c1f2e3a76d388944 01b3da54ffb158a0 40583079f57235a6 387e9cd2e5d4ea7d 522bd6887960c25d f209d29f991432f0 2e4b00c01d58e79e ac9ee0c09b538140 4d7653ea9499eed4 589ef345cb2dccfc 1efd7bd8a34a1359 a0566ca9daca7778 64b31699d7d15934 a52df8083c238c46 52aa48c07b34dc88 1f4f62844c3cb99c b29ab87af6ea6310 09660f466b38b7ba 54f55c74d37db3c0 c143c095983a65c2 4c0eee2c1a5e76e2 a292248bb2bffb3d c28bc62802b90f82 b3ad55963554f220 cc861214a89ef1f4 db69d4cbfef8d22f 395b26d91f98bd92 d1e21234d7cc61d2 d46598813fb437e5
173,a860b682add9de1c ae94d8435a6847f4 b84b6c0b2e4d0306 9b0e8cf8153e3b33 828f5dfbbf1272ee 83f8f2fc471cad74 5c4b7558c942a224 34a62e66e05f9a44 e6a29676c096f8e8 050544c040f46152 bf973f9ec3600199 4beacc71024f8b08 16b11706660177ff a292248bb2bffb3d 4dba7ce835494a63 a0566ca9daca7778 6204e398d8c7f888 ec1b3d7ccd3984d0 e25a1da6ca187350 f76f44d372517a9a 404031ab9d5977c4 01e5a6edcee7deb0 8f578001f9d5f543 eec6b281e236b500 ca4de5b8a7bda9df 8fc68213b63951dc bed3e73d52011f68 20d283a232dfd13c d7d937303a6d5a9d e878efab7c37179e
174,1ba7a50457e93996 0d0368139e9a647f c08c3765ac609cc0 a9eef13786610446 ffc688c4c1c2a068 00140806971e7a73 65254e0d209fd66e 4d417b203b333363 74e59c5820900b17 dac29ed8400b50cc d35e11d3d1ab3c67 6aac5e116b75aa22 5fb2d8e734956af0 5430097e23000368 b760ebc5f25788d3 005666aa098abe8e 05f23e7d05dbf7c2 72403ecdfe02bba6 f2234bb7ce0c6f59 3ca7964973437917 f705b637f624147e 70776cdd9bb3b7d4 a5f55580081236f4 3b4a85bac6ead3c8 5b34da30b93eb123 b749972436ac9791 0897dcfae16e280f 9d5edf3b993fee50 18b1d2d84c97a364 44d324ebd3e22ad7
175,feddfcf56818968e ac9ee0c09b538140 a0566ca9daca7778 50806199c80e215c a2805ed52b47b8ec 666bdff4faa513ca 6e239f4dd4b6aed7 07be6a290720707d 428f9363fa35882d 6e1b6b53c9710940 b749972436ac9791 5b34da30b93eb123 64267373570e4ea3 16b11706660177ff 4d417b203b333363 abf90e759d208468 f705b637f624147e 74e59c5820900b17 f25bfcffedaccf28 6aac5e116b75aa22 5fb2d8e734956af0 a9eef13786610446 c08c3765ac609cc0 ffc688c4c1c2a068 01b3da54ffb158a0 6d80d2e62d01f6bc 0db6584e3bdfa1c4 106204cd0e07e1b2 395b26d91f98bd92 0b0021aa60d05daa
176,4d32dae7b43c489a 24e582daf6f87158 f48d0fbea7dc2782 8faeacf8ca08f62d 47fbe21f5c35c7b4 393f49286db04aeb a492bd402afd5c71 976baf0e84752a68 2820628e65a062e2 9f4e0d572b1f4e6c a860b682add9de1c 96445bec1579ec97 628accd9be98503c 1a8e5d6512d9e2d8 6461a9faa871b3ac 7cea1f637ea3f37d 4d9214c0925e5af8 de8e1345e8c305c4 27bc34b9887bec0d 1dc7139adba034ec 4522ad78bf79f0c9 ddb3810e0289c148 5867d40811c0229f 155600e5f1221f8c 190ab585fd379f0f 48a76e3aff69d605 b0bfe0f426275870 98dbd15aa33ebc18 50806199c80e215c 9c9a9d45c2ea7ddf
177,0d0368139e9a647f f2234bb7ce0c6f59 72403ecdfe02bba6 05f23e7d05dbf7c2 d35e11d3d1ab3c67 70776cdd9bb3b7d4 9d5edf3b993fee50 a9eef13786610446 ffc688c4c1c2a068 c08c3765ac609cc0 00140806971e7a73 65254e0d209fd66e 4d417b203b333363 b6d0f83aad4e4dc7 0fbd0f422e926816 74e59c5820900b17 e7cad3748e50b0f8 dac29ed8400b50cc 6aac5e116b75aa22 5fb2d8e734956af0 316382267dcd804f 796888cc3443006c 63d95d5977c2fe98 b760ebc5f25788d3 26fc2a95df5659c2 005666aa098abe8e 3ca7964973437917 f705b637f624147e 5b16bae6a0de7c88 a5f55580081236f4
178,a65e30106ea50423 ced9c56f2be86774 781aaf62a955e4e8 58654e3143c6550b 5f94b027039f4e48 ec4ef2f727e7a03f b6cdb608f640e038 da7d3c2d591c4295 c015590d6a6fe833 39f6296778264878 796888cc3443006c 680bb5c5c3bb6ee1 ce0f56b7190c268a 486dd77002936dec 3b4a85bac6ead3c8 6cb9ab508a0678a0 148ac4a56a18844d 50cb6a6c60ad711a 4535ce2e3dced00f 3fa57d488e979d74 128d583954b18074 d73a65673e3f1d78 e740c80fce094788 4b8c7061102517ef 81bd116c786bf9ae cc2cc23a98c14c33 d46598813fb437e5 16b11706660177ff a292248bb2bffb3d 4dba7ce835494a63
179,c96049ed915ced0a 05e4165a56bf50eb e7cad3748e50b0f8 88b62355670ec8f8 2e031d83339759b2 a292248bb2bffb3d 8a5635c748344d47 d1e21234d7cc61d2 98dbd15aa33ebc18 bee46c54461925d0 eff60ceea8817dad e36475c1af5ea3ab da7d3c2d591c4295 0eedb1a0d3b8ddae 0bcaac840d5e66d7 c28bc62802b90f82 b6d0f83aad4e4dc7 702d8f1064ab3e30 3986b68500d7704b 3fa57d488e979d74 ae94d8435a6847f4 bd0f175ee98c613e 942a7d26d81c841f e0269da736ddf004 bd713b37b67866c3 fd30682593995748 2a06f5614060e3b6 ff88049e61f0f4ef 4b8c7061102517ef af8e70f978cd5aee
180,9b2adcf4041227d7 9b0e8cf8153e3b33 a860b682add9de1c 3a6e7894dde31c67 c5830f9d0f1e29e5 95ecdbff44ad0b60 8faeacf8ca08f62d 1d0f5fdc58e3efb5 8abe670908f12614 3cb6b40d377e7ca8 b05b5f6850cfa158 a2805ed52b47b8ec b6e646c13d0753ae 0eedb1a0d3b8ddae 3e8e56f639a5db5b 702d8f1064ab3e30 3986b68500d7704b c28bc62802b90f82 0bcaac840d5e66d7 9a0f5ee4f845c9b2 3fa57d488e979d74 4d7653ea9499eed4 ff88049e61f0f4ef e0269da736ddf004 bd713b37b67866c3 fd30682593995748 942a7d26d81c841f ae94d8435a6847f4 b6d0f83aad4e4dc7 b24820ae14e16a24
181,2a06f5614060e3b6 73391e0853c1e040 7c98dedd223b36c0 c11b97f245a9dfd0 4dba7ce835494a63 6c017e548aa138f2 00140806971e7a73 eec6b281e236b500 20d283a232dfd13c 8f578001f9d5f543 e878efab7c37179e 8fc68213b63951dc ca4de5b8a7bda9df bed3e73d52011f68 d7d937303a6d5a9d 01e5a6edcee7deb0 1a05ef8c93af8eed 73f770f2643a2135 095bb1b6ecbd0a50 a14394322cf7043d b3e75fdca5ca2f1a 3d6880bd12f6613f b69ce8b8154645f8 a52df8083c238c46 64b31699d7d15934 025a148c3a53bd9f 8d58da0e1800dc96 d5805cdb9e8f0f48 96445bec1579ec97 b29ab87af6ea6310
182,b0b5e62a93a2c37c 9f27aa36c1ea793c 2dd12c230ab22555 f05fa5f57dc03e81 73f770f2643a2135 d6ed7e4b14c51296 ae94d8435a6847f4 e36475c1af5ea3ab 430feb4826a5632e 702d8f1064ab3e30 74244a8703c03720 b8e2f75014710ced f58ff7f1a6cde683 0eedb1a0d3b8ddae b05b5f6850cfa158 9a0f5ee4f845c9b2 4d7653ea9499eed4 0bcaac840d5e66d7 c28bc62802b90f82 52370bea1acd0600 3fa57d488e979d74 ff88049e61f0f4ef e0269da736ddf004 bd713b37b67866c3 2a06f5614060e3b6 3986b68500d7704b 734dabb98795c35c bd0f175ee98c613e b6d0f83aad4e4dc7 b24820ae14e16a24
183,29bedd00fb2be056 455fde214d16d350 33856365c271aea4 5989fb934598c1a7 07f22a7ad7e4711d 25a3b47fe31bc6b5 ddb3810e0289c148 387e9cd2e5d4ea7d ebfda3b48083e390 42c9b72cc77dcb28 025a148c3a53bd9f c5830f9d0f1e29e5 7155e5a86136eb02 65708d542bd01f39 57113c2a4cacd961 4d954d933e606b70 095bb1b6ecbd0a50 8643165b0f53df11 3ca7964973437917 eff60ceea8817dad 1f423f368aebf7f3 26fc2a95df5659c2 855f2f0354e102c7 63d95d5977c2fe98 7ee52d2519eea367 44d324ebd3e22ad7 1398b478b71773ed 4d417b203b333363 587e0b2a4811fab1 b6a1c97f19af78d0
184,4d32dae7b43c489a 24e582daf6f87158 8faeacf8ca08f62d 47fbe21f5c35c7b4 393f49286db04aeb a860b682add9de1c 1dc7139adba034ec 52370bea1acd0600 4d7653ea9499eed4 9a0f5ee4f845c9b2 0bcaac840d5e66d7 c28bc62802b90f82 702d8f1064ab3e30 3fa57d488e979d74 ff88049e61f0f4ef e0269da736ddf004 bd713b37b67866c3 fd30682593995748 2a06f5614060e3b6 39f6296778264878 3986b68500d7704b 734dabb98795c35c 942a7d26d81c841f bd0f175ee98c613e ae94d8435a6847f4 b6d0f83aad4e4dc7 b24820ae14e16a24 622f2e4119882c94 4b8c7061102517ef bbbd5d2fd957e8f7
185,8e0cc5199a0ee659 74ae9af23a383bf5 b69ce8b8154645f8 c5830f9d0f1e29e5 3d93a60f990a0a7c 5b4c879fc9c316fb 204ec91c39d1479d 00e1e2eb13f650e4 853e36b1550c6274 65254e0d209fd66e 4d9214c0925e5af8 46315cf30aaee51c c606425856952286 0688c790d5806540 576dd429db946393 016da874bd04df55 f209d29f991432f0 74244a8703c03720 ae000f9d0b5e104e 65fac1ba1840000f 047769588be1aea9 5867d40811c0229f 351c9da399c2b915 1efd7bd8a34a1359 4d32dae7b43c489a 9c9a9d45c2ea7ddf 24e582daf6f87158 428f9363fa35882d 486dd77002936dec 8faeacf8ca08f62d
186,680bb5c5c3bb6ee1 1398b478b71773ed 8dedff0a79784abc 3e66b4855d0dddbe bf973f9ec3600199 bf3ccaba4a3450a8 63d509cd2a2e0e47 e8ad5e31484ef889 07be6a290720707d d216e5458ad70e60 c5830f9d0f1e29e5 a5f55580081236f4 a2805ed52b47b8ec b6e646c13d0753ae b05b5f6850cfa158 0eedb1a0d3b8ddae 5fb2d8e734956af0 bbbd5d2fd957e8f7 47fbe21f5c35c7b4 366a22fce0614fb8 52370bea1acd0600 4d7653ea9499eed4 9a0f5ee4f845c9b2 0bcaac840d5e66d7 c28bc62802b90f82 702d8f1064ab3e30 3986b68500d7704b 3fa57d488e979d74 ff88049e61f0f4ef e0269da736ddf004
187,7f29daa16b9b4cda 9ab90dfc5c9b0b37 ce8cb4351b8c0f6e 04886579947a80c2 54a11cbcd7a32af4 00e1e2eb13f650e4 b84b6c0b2e4d0306 d5952b2e031c4e7e 34a62e66e05f9a44 5430097e23000368 47fbe21f5c35c7b4 52370bea1acd0600 4d7653ea9499eed4 9a0f5ee4f845c9b2 0bcaac840d5e66d7 c28bc62802b90f82 702d8f1064ab3e30 3986b68500d7704b 3fa57d488e979d74 ff88049e61f0f4ef e0269da736ddf004 bd713b37b67866c3 fd30682593995748 39f6296778264878 bbbd5d2fd957e8f7 0708923badf2ff5d 734dabb98795c35c 942a7d26d81c841f bd0f175ee98c613e ae94d8435a6847f4
188,16b11706660177ff abf90e759d208468 f25bfcffedaccf28 9269d2b0d877352d 0db6584e3bdfa1c4 4d954d933e606b70 e22c35101e190db9 9cf6709de35bf0f3 48f93f9c2c699e19 9113e9dc940fb287 65fac1ba1840000f d3c4a7db726191e0 22dc81380cf4baec 4491016efed845f1 393f49286db04aeb 29bedd00fb2be056 d46598813fb437e5 a292248bb2bffb3d 0a79fabc6f5d93c9 942a7d26d81c841f 419b5dc40744fb9b 050544c040f46152 d1e21234d7cc61d2 8a5635c748344d47 0b0021aa60d05daa 0eedb1a0d3b8ddae 3986b68500d7704b af8e70f978cd5aee 3fa57d488e979d74 702d8f1064ab3e30
189,74873b42602d8958 9c9a9d45c2ea7ddf bbbd5d2fd957e8f7 4c0eee2c1a5e76e2 26f72a4eb15ea8c0 00d9f8d3f7d412b3 b05b5f6850cfa158 0eedb1a0d3b8ddae 4d7653ea9499eed4 9a0f5ee4f845c9b2 0bcaac840d5e66d7 c28bc62802b90f82 52370bea1acd0600 3986b68500d7704b 3fa57d488e979d74 ff88049e61f0f4ef e0269da736ddf004 bd713b37b67866c3 fd30682593995748 2a06f5614060e3b6 39f6296778264878 702d8f1064ab3e30 0708923badf2ff5d 734dabb98795c35c 942a7d26d81c841f bd0f175ee98c613e ae94d8435a6847f4 b6d0f83aad4e4dc7 b24820ae14e16a24 622f2e4119882c94
190,00958a140c3a6de8 453bc79164d57a01 0b774cf90856c4da 197fa50b30d91fe8 190ab585fd379f0f bc27d5dc9bab1c18 04fda7c9d8971ec0 dc12cc503ac0eddb 9b2adcf4041227d7 486dd77002936dec 5430097e23000368 4d7653ea9499eed4 9a0f5ee4f845c9b2 0bcaac840d5e66d7 c28bc62802b90f82 52370bea1acd0600 3986b68500d7704b 3fa57d488e979d74 ff88049e61f0f4ef e0269da736ddf004 bd713b37b67866c3 fd30682593995748 39f6296778264878 702d8f1064ab3e30 942a7d26d81c841f bd0f175ee98c613e ae94d8435a6847f4 b6d0f83aad4e4dc7 b24820ae14e16a24 622f2e4119882c94
191,0f4c71d341e2d939 c11b97f245a9dfd0 8e0cc5199a0ee659 72c2a95813ea72bd c5830f9d0f1e29e5 95ecdbff44ad0b60 8faeacf8ca08f62d 1d0f5fdc58e3efb5 4f31209941bb05fc 6899956cd6c683f0 c96049ed915ced0a 8abe670908f12614 3cb6b40d377e7ca8 10ad13170242ecae a2805ed52b47b8ec a853f13216170123 b6e646c13d0753ae 3e8e56f639a5db5b 3fa57d488e979d74 ff88049e61f0f4ef e0269da736ddf004 3986b68500d7704b bd713b37b67866c3 702d8f1064ab3e30 c28bc62802b90f82 0bcaac840d5e66d7 fd30682593995748 39f6296778264878 9a0f5ee4f845c9b2 bd0f175ee98c613e
192,451e7ba901ad661d 0b774cf90856c4da f05fa5f57dc03e81 a84cd36608cb8665 d6ed7e4b14c51296 4d954d933e606b70 e36475c1af5ea3ab 0eedb1a0d3b8ddae 8e0cc5199a0ee659 cc0c9419f8a20603 b05b5f6850cfa158 72c2a95813ea72bd 3b4a85bac6ead3c8 4f31209941bb05fc 6899956cd6c683f0 c96049ed915ced0a 10ad13170242ecae a853f13216170123 0708923badf2ff5d 47fbe21f5c35c7b4 52370bea1acd0600 4d7653ea9499eed4 9a0f5ee4f845c9b2 0bcaac840d5e66d7 c28bc62802b90f82 702d8f1064ab3e30 3986b68500d7704b 3fa57d488e979d74 ff88049e61f0f4ef e0269da736ddf004
193,0195950ce0f47e34 005666aa098abe8e 0079f3c74309b582 6899956cd6c683f0 395b26d91f98bd92 bd713b37b67866c3 d0f6c00eec5eb973 964a50d33717c26d 5430097e23000368 af41e2b6da3e7e02 01b3da54ffb158a0 64267373570e4ea3 106204cd0e07e1b2 1398b478b71773ed 8643165b0f53df11 29bedd00fb2be056 19b4014943e0ad92 0b0021aa60d05daa 6e12311169bcb24c 04886579947a80c2 2e2904c5373734ae 3e66b4855d0dddbe 7f29daa16b9b4cda 447fc00f40d71d08 9d5edf3b993fee50 db0e648651f4c92b 919b1679fffa7ef1 2b48ab08c915c0ad 6cb9ab508a0678a0 52aa48c07b34dc88
194,64907c4568244eb4 2b48ab08c915c0ad a1314cd417504572 fd30682593995748 00d9f8d3f7d412b3 f05fa5f57dc03e81 d6ed7e4b14c51296 e36475c1af5ea3ab d72363ddd958d906 8566d15270eb5e83 28a2067685cb3e97 238ec735a13a3f09 5989fb934598c1a7 65fac1ba1840000f e7828f0ea9749505 ee3ed9a3f51336cd 4d32dae7b43c489a 7cea1f637ea3f37d 6461a9faa871b3ac 52e459a551d4ac2d 24e582daf6f87158 dc12cc503ac0eddb 8faeacf8ca08f62d 387e9cd2e5d4ea7d 47fbe21f5c35c7b4 393f49286db04aeb a860b682add9de1c 8e0cc5199a0ee659 0eedb1a0d3b8ddae 9b2adcf4041227d7
195,f48d0fbea7dc2782 976baf0e84752a68 2820628e65a062e2 628accd9be98503c 1a8e5d6512d9e2d8 6461a9faa871b3ac 7cea1f637ea3f37d 155600e5f1221f8c 190ab585fd379f0f 898a4921ab9f4cce 8faeacf8ca08f62d a292248bb2bffb3d 0eedb1a0d3b8ddae 4d32dae7b43c489a cc0c9419f8a20603 b05b5f6850cfa158 95166957b2c38794 24e582daf6f87158 d1e21234d7cc61d2 98dbd15aa33ebc18 bee46c54461925d0 47fbe21f5c35c7b4 eff60ceea8817dad c5830f9d0f1e29e5 95ecdbff44ad0b60 3b4a85bac6ead3c8 e36475c1af5ea3ab 393f49286db04aeb da7d3c2d591c4295 1d0f5fdc58e3efb5
196,c015590d6a6fe833 4d954d933e606b70 f05fa5f57dc03e81 58654e3143c6550b d6ed7e4b14c51296 e36475c1af5ea3ab bc27d5dc9bab1c18 b6cdb608f640e038 b1e47da7659b675c c810ac016901e8ac 36d33c41812ce7dc a04d6febd82a4389 b3e75fdca5ca2f1a a14394322cf7043d 095bb1b6ecbd0a50 5430097e23000368 025a148c3a53bd9f 2810fb6f81d1711c 7e4a4a1300b77a06 c6b615b2589e036d 39075e303166355e e14a893f1918277e 853e36b1550c6274 238ec735a13a3f09 b78189788d563693 316382267dcd804f 46315cf30aaee51c c606425856952286 0688c790d5806540 27a12f29dceccdbd
197,734dabb98795c35c 44d324ebd3e22ad7 3d93a60f990a0a7c a017f3358d5327aa d980375fbd40c75f 0eb4de784c8dd679 5048a37f10cf2d91 855f2f0354e102c7 387e9cd2e5d4ea7d 013030fd7d29bf3d 95166957b2c38794 5989fb934598c1a7 25a3b47fe31bc6b5 ddb3810e0289c148 5d26da95786b3a3a 63d95d5977c2fe98 90ecb28f2edb9d43 0683b6a78f54be75 33856365c271aea4 b6e646c13d0753ae 4483bbdd3241f11a 451e7ba901ad661d 5c4b7558c942a224 ffa9091747ae2466 f1a3b8b13e9401c0 00ff646ca6637bd7 0e45c4c185f35df6 45630e1451157ff3 01104a026d22ae55 6aac5e116b75aa22
198,005666aa098abe8e 65708d542bd01f39 65ad9c583823162d af41e2b6da3e7e02 4d32dae7b43c489a 40583079f57235a6 52aa48c07b34dc88 24e582daf6f87158 dc12cc503ac0eddb 8faeacf8ca08f62d 47fbe21f5c35c7b4 64b31699d7d15934 a52df8083c238c46 1f4f62844c3cb99c b29ab87af6ea6310 54f55c74d37db3c0 09660f466b38b7ba 393f49286db04aeb c28bc62802b90f82 b3ad55963554f220 cc861214a89ef1f4 a860b682add9de1c 8e0cc5199a0ee659 9b2adcf4041227d7 1dc7139adba034ec d46598813fb437e5 72c2a95813ea72bd f58ff7f1a6cde683 7b81f1f2b6ec2e5f 4f31209941bb05fc
199,f705b637f624147e 5b34da30b93eb123 b749972436ac9791 c08c3765ac609cc0 ffc688c4c1c2a068 a9eef13786610446 4d417b203b333363 74e59c5820900b17 dac29ed8400b50cc 6aac5e116b75aa22 5fb2d8e734956af0 f46601a9955f9949 8e0760918e88e4a9 0eafda717681bbdc 27bc34b9887bec0d 6d80d2e62d01f6bc 005666aa098abe8e 3ca7964973437917 44d324ebd3e22ad7 65254e0d209fd66e 0220a434aa8bf029 d6ed7e4b14c51296 c03b11a0cdc3fa39 01b3da54ffb158a0 64267373570e4ea3 106204cd0e07e1b2 395b26d91f98bd92 0b0021aa60d05daa 5430097e23000368 3e66b4855d0dddbe
200,8dedff0a79784abc b6e72edcad270be0 4d954d933e606b70 5430097e23000368 4d32dae7b43c489a 58654e3143c6550b ebfda3b48083e390 bf973f9ec3600199 e6a29676c096f8e8 8faeacf8ca08f62d ca43e349133fc0e3 24e582daf6f87158 d46598813fb437e5 f25bfcffedaccf28 ae94d8435a6847f4 b6a1c97f19af78d0 47fbe21f5c35c7b4 413c55a5ab86881a 4d9214c0925e5af8 393f49286db04aeb 680bb5c5c3bb6ee1 eab15ee21e126f6a 9b0e8cf8153e3b33 b3ad55963554f220 a60934e6b473097a 033d905aec273595 1398b478b71773ed 22756be6fd061d4c a860b682add9de1c 5c4b7558c942a224
201,27888817db122597 5547f9f1638ac345 430feb4826a5632e 1d0f5fdc58e3efb5 a9dad59c7055b56c bc2ae5f4e5d53e00 c5830f9d0f1e29e5 5430097e23000368 a2805ed52b47b8ec 3734d3b0b9232538 b6e646c13d0753ae 047769588be1aea9 0451447dd64f6284 ae000f9d0b5e104e 9c9a9d45c2ea7ddf 486dd77002936dec 0079f3c74309b582 765c0695339c3abe 0eedb1a0d3b8ddae 95ecdbff44ad0b60 8faeacf8ca08f62d 8abe670908f12614 3cb6b40d377e7ca8 b05b5f6850cfa158 3e8e56f639a5db5b ff88049e61f0f4ef b6d0f83aad4e4dc7 3fa57d488e979d74 3986b68500d7704b 0772e3ab293a1f30
202,8a5635c748344d47 d63b7f083330247f 3b6d27775fce1c7b 5897953fdf87b60f 8e0cc5199a0ee659 54a11cbcd7a32af4 72c2a95813ea72bd a18df74d3a16e9c0 4f31209941bb05fc 6899956cd6c683f0 d5952b2e031c4e7e c96049ed915ced0a 00e1e2eb13f650e4 b84b6c0b2e4d0306 1d0f5fdc58e3efb5 10ad13170242ecae a853f13216170123 34a62e66e05f9a44 b26d8664feb18c8c 95ecdbff44ad0b60 22dc81380cf4baec 061f3e1feeaa3094 42bb83d7c4b9ecae 0add47a043c64d7f b1dcaca98bb76736 c015590d6a6fe833 6c017e548aa138f2 bd0f175ee98c613e a04d6febd82a4389 95d25d38ba7df9c7
203,bc27d5dc9bab1c18 9ab90dfc5c9b0b37 ff88049e61f0f4ef dc17b07476183764 4d32dae7b43c489a cc0c9419f8a20603 24e582daf6f87158 8faeacf8ca08f62d 47fbe21f5c35c7b4 3b4a85bac6ead3c8 393f49286db04aeb a860b682add9de1c b05b5f6850cfa158 1dc7139adba034ec 0eedb1a0d3b8ddae c28bc62802b90f82 702d8f1064ab3e30 3986b68500d7704b 0bcaac840d5e66d7 9a0f5ee4f845c9b2 3fa57d488e979d74 e0269da736ddf004 bd713b37b67866c3 4d7653ea9499eed4 2a06f5614060e3b6 52370bea1acd0600 734dabb98795c35c 942a7d26d81c841f bd0f175ee98c613e ae94d8435a6847f4
204,a492bd402afd5c71 43b3338423d7386c 9f4e0d572b1f4e6c 3734d3b0b9232538 96445bec1579ec97 4d9214c0925e5af8 8faeacf8ca08f62d de8e1345e8c305c4 d46598813fb437e5 27bc34b9887bec0d 4522ad78bf79f0c9 ddb3810e0289c148 5867d40811c0229f 8a5635c748344d47 4d32dae7b43c489a 48a76e3aff69d605 b0bfe0f426275870 98dbd15aa33ebc18 50806199c80e215c 9c9a9d45c2ea7ddf 24e582daf6f87158 447fc00f40d71d08 ae77487a89f2610c 404031ab9d5977c4 d0f6c00eec5eb973 0079f3c74309b582 942a7d26d81c841f 765c0695339c3abe 47fbe21f5c35c7b4 c5830f9d0f1e29e5
205,680bb5c5c3bb6ee1 1398b478b71773ed 8dedff0a79784abc 3e66b4855d0dddbe bf973f9ec3600199 48a76e3aff69d605 bf3ccaba4a3450a8 63d509cd2a2e0e47 e8ad5e31484ef889 07be6a290720707d a860b682add9de1c 2e2904c5373734ae a492bd402afd5c71 9f4e0d572b1f4e6c aa0789b403bcd839 96445bec1579ec97 4d9214c0925e5af8 de8e1345e8c305c4 27bc34b9887bec0d 4522ad78bf79f0c9 ddb3810e0289c148 5867d40811c0229f 7155e5a86136eb02 2e031d83339759b2 4d32dae7b43c489a b0bfe0f426275870 98dbd15aa33ebc18 50806199c80e215c 9c9a9d45c2ea7ddf 24e582daf6f87158
206,005666aa098abe8e 0195950ce0f47e34 c08c3765ac609cc0 a9eef13786610446 ffc688c4c1c2a068 4d417b203b333363 65254e0d209fd66e f705b637f624147e 74e59c5820900b17 dac29ed8400b50cc 5b34da30b93eb123 b749972436ac9791 0d0368139e9a647f 6aac5e116b75aa22 5fb2d8e734956af0 00140806971e7a73 0079f3c74309b582 3ca7964973437917 d35e11d3d1ab3c67 44d324ebd3e22ad7 b760ebc5f25788d3 72403ecdfe02bba6 f2234bb7ce0c6f59 05f23e7d05dbf7c2 70776cdd9bb3b7d4 a5f55580081236f4 0897dcfae16e280f 9d5edf3b993fee50 18b1d2d84c97a364 40583079f57235a6
207,197fa50b30d91fe8 72403ecdfe02bba6 05f23e7d05dbf7c2 f2234bb7ce0c6f59 40583079f57235a6 0d0368139e9a647f b6d0f83aad4e4dc7 0fbd0f422e926816 316382267dcd804f 796888cc3443006c d35e11d3d1ab3c67 63d95d5977c2fe98 26fc2a95df5659c2 64b31699d7d15934 a52df8083c238c46 1f4f62844c3cb99c b29ab87af6ea6310 54f55c74d37db3c0 09660f466b38b7ba 5b16bae6a0de7c88 73391e0853c1e040 387e9cd2e5d4ea7d 33856365c271aea4 70776cdd9bb3b7d4 5a1149fbcbd37376 c28bc62802b90f82 9d5edf3b993fee50 b3ad55963554f220 cc861214a89ef1f4 46b99f864d6a075a
208,f48d0fbea7dc2782 976baf0e84752a68 2820628e65a062e2 628accd9be98503c 1a8e5d6512d9e2d8 6461a9faa871b3ac 7cea1f637ea3f37d 64907c4568244eb4 8abe670908f12614 2b48ab08c915c0ad fd30682593995748 155600e5f1221f8c 190ab585fd379f0f bbbd5d2fd957e8f7 da904d2a54ff8cf2 7d83ffe83f61bdc4 95166957b2c38794 00d9f8d3f7d412b3 e36475c1af5ea3ab f05fa5f57dc03e81 d6ed7e4b14c51296 0a79fabc6f5d93c9 4d29c6922b2d0d56 50ba507a268872e1 a1314cd417504572 2394b08708475900 d72363ddd958d906 4483bbdd3241f11a b50b4e27b03c7b37 a84cd36608cb8665
209,3c565c1fc2316d16 06de3ca1148b088b 47fbe21f5c35c7b4 1c3b74a02a86467d e8ad5e31484ef889 a292248bb2bffb3d 4dba7ce835494a63 f76f44d372517a9a 6204e398d8c7f888 ec1b3d7ccd3984d0 e25a1da6ca187350 6899956cd6c683f0 eec6b281e236b500 d7d937303a6d5a9d ca4de5b8a7bda9df 01e5a6edcee7deb0 e878efab7c37179e 8fc68213b63951dc 20d283a232dfd13c 8f578001f9d5f543 bed3e73d52011f68 b05b5f6850cfa158 013030fd7d29bf3d 1a05ef8c93af8eed ffa9091747ae2466 f9c6286cff30aaa8 4c3802a1bd3c842e 01020d1b0821f4c7 5c8c6d9a1fd4c1e0 59bf6d6df9146d60
210,c1f2e3a76d388944 8faeacf8ca08f62d 393f49286db04aeb 16b11706660177ff abf90e759d208468 f25bfcffedaccf28 4d32dae7b43c489a 5bf89d11a25121d9 351c9da399c2b915 0db6584e3bdfa1c4 24e582daf6f87158 3734d3b0b9232538 d6ed7e4b14c51296 65fac1ba1840000f 47fbe21f5c35c7b4 c5830f9d0f1e29e5 95ecdbff44ad0b60 d46598813fb437e5 1d0f5fdc58e3efb5 a860b682add9de1c 8abe670908f12614 3cb6b40d377e7ca8 942a7d26d81c841f a2805ed52b47b8ec 1dc7139adba034ec 0079f3c74309b582 765c0695339c3abe 04886579947a80c2 455fde214d16d350 b6e646c13d0753ae
211,e36475c1af5ea3ab 0a79fabc6f5d93c9 4d32dae7b43c489a 2394b08708475900 8faeacf8ca08f62d 92f42fbd0c38f7fd 24e582daf6f87158 acf5cb026b3c4551 dc17b07476183764 98dbd15aa33ebc18 bee46c54461925d0 eff60ceea8817dad f49e13a653cbdad2 f05fa5f57dc03e81 c5830f9d0f1e29e5 95ecdbff44ad0b60 a982b5c3aed39396 c03b11a0cdc3fa39 a813c15b46ceaf68 47fbe21f5c35c7b4 da7d3c2d591c4295 1d0f5fdc58e3efb5 ec4ef2f727e7a03f 9f3d2ca16f358290 2e4b00c01d58e79e 3734d3b0b9232538 abf90e759d208468 8abe670908f12614 3cb6b40d377e7ca8 4f915ad69e1dca36
212,a65e30106ea50423 ced9c56f2be86774 58654e3143c6550b d46598813fb437e5 9a0f5ee4f845c9b2 0bcaac840d5e66d7 c28bc62802b90f82 702d8f1064ab3e30 3986b68500d7704b 5547f9f1638ac345 ff88049e61f0f4ef e0269da736ddf004 bd713b37b67866c3 fd30682593995748 2a06f5614060e3b6 39f6296778264878 e25a1da6ca187350 c31a456b544a40a8 f58ff7f1a6cde683 3fa57d488e979d74 734dabb98795c35c 942a7d26d81c841f bd0f175ee98c613e ae94d8435a6847f4 b6d0f83aad4e4dc7 b24820ae14e16a24 622f2e4119882c94 4b8c7061102517ef af8e70f978cd5aee 4d7653ea9499eed4
213,047769588be1aea9 0451447dd64f6284 430feb4826a5632e bc2ae5f4e5d53e00 a9dad59c7055b56c 2e031d83339759b2 b6cdb608f640e038 36d33c41812ce7dc c810ac016901e8ac a04d6febd82a4389 095bb1b6ecbd0a50 a14394322cf7043d b3e75fdca5ca2f1a 025a148c3a53bd9f 39075e303166355e 7e4a4a1300b77a06 2810fb6f81d1711c c6b615b2589e036d e14a893f1918277e 853e36b1550c6274 dc17b07476183764 238ec735a13a3f09 b78189788d563693 316382267dcd804f c606425856952286 46315cf30aaee51c 0688c790d5806540 27a12f29dceccdbd 016da874bd04df55 74244a8703c03720
214,dac29ed8400b50cc ee3ed9a3f51336cd 5a1149fbcbd37376 00d9f8d3f7d412b3 c5830f9d0f1e29e5 0eedb1a0d3b8ddae 95ecdbff44ad0b60 8faeacf8ca08f62d 1d0f5fdc58e3efb5 8abe670908f12614 3cb6b40d377e7ca8 a2805ed52b47b8ec b6e646c13d0753ae 3e8e56f639a5db5b 52370bea1acd0600 4d7653ea9499eed4 9a0f5ee4f845c9b2 0bcaac840d5e66d7 c28bc62802b90f82 702d8f1064ab3e30 bd713b37b67866c3 3986b68500d7704b e0269da736ddf004 3fa57d488e979d74 ff88049e61f0f4ef 47fbe21f5c35c7b4 0708923badf2ff5d 942a7d26d81c841f bd0f175ee98c613e ae94d8435a6847f4
215,87c5481930cfe126 9b2adcf4041227d7 7d83ffe83f61bdc4 b05b5f6850cfa158 0eedb1a0d3b8ddae 47fbe21f5c35c7b4 52370bea1acd0600 4d7653ea9499eed4 9a0f5ee4f845c9b2 0bcaac840d5e66d7 c28bc62802b90f82 3986b68500d7704b 3fa57d488e979d74 ff88049e61f0f4ef e0269da736ddf004 bd713b37b67866c3 fd30682593995748 2a06f5614060e3b6 39f6296778264878 702d8f1064ab3e30 0708923badf2ff5d 734dabb98795c35c 942a7d26d81c841f bd0f175ee98c613e ae94d8435a6847f4 b6d0f83aad4e4dc7 b24820ae14e16a24 622f2e4119882c94 e25a1da6ca187350 af8e70f978cd5aee
216,72c2a95813ea72bd 48cf88c17ff38c5e a9dad59c7055b56c bc2ae5f4e5d53e00 148ac4a56a18844d 4f2fffd7528de786 3b6d27775fce1c7b 486dd77002936dec b24820ae14e16a24 a2c35fdf07a13286 c5830f9d0f1e29e5 95ecdbff44ad0b60 8faeacf8ca08f62d 1d0f5fdc58e3efb5 8abe670908f12614 3cb6b40d377e7ca8 a2805ed52b47b8ec b6e646c13d0753ae 3e8e56f639a5db5b 366a22fce0614fb8 52370bea1acd0600 4d7653ea9499eed4 9a0f5ee4f845c9b2 00e1e2eb13f650e4 0bcaac840d5e66d7 702d8f1064ab3e30 3986b68500d7704b 3fa57d488e979d74 ff88049e61f0f4ef e0269da736ddf004
217,27a12f29dceccdbd bc27d5dc9bab1c18 9f4e0d572b1f4e6c e7828f0ea9749505 00af886180e9eaec cba7e22bb383083a 6cb9ab508a0678a0 9a439fd1abf95245 42c9b72cc77dcb28 354d7a327bbcc152 781f4d0147aef776 4bed80e56ea2e099 919b1679fffa7ef1 c03b11a0cdc3fa39 1c3b74a02a86467d 8566d15270eb5e83 98dbd15aa33ebc18 bee46c54461925d0 b6cdb608f640e038 387e9cd2e5d4ea7d eff60ceea8817dad c810ac016901e8ac 36d33c41812ce7dc a04d6febd82a4389 e36475c1af5ea3ab 83f5a9732f0de67f da7d3c2d591c4295 095bb1b6ecbd0a50 a14394322cf7043d b3e75fdca5ca2f1a
218,a292248bb2bffb3d d1e21234d7cc61d2 c015590d6a6fe833 57113c2a4cacd961 b26d8664feb18c8c 22dc81380cf4baec 061f3e1feeaa3094 54a11cbcd7a32af4 42bb83d7c4b9ecae b05b5f6850cfa158 b1dcaca98bb76736 0add47a043c64d7f 6c017e548aa138f2 bd0f175ee98c613e a04d6febd82a4389 95d25d38ba7df9c7 90ecb28f2edb9d43 25145708d494530b ae94d8435a6847f4 a14394322cf7043d 095bb1b6ecbd0a50 b3e75fdca5ca2f1a b69ce8b8154645f8 64b31699d7d15934 a52df8083c238c46 01b3da54ffb158a0 0db6584e3bdfa1c4 cea18be9a89d7a81 fb2ebcb5335ad2e2 520ec719078be07c
219,0c2eeab1e4ce1db8 00ff646ca6637bd7 2bafd15871caae91 f28fb3d9880c5d4c 351c9da399c2b915 2dd12c230ab22555 2e44fbb8bc3d8d71 a677c3a76055a6d2 fc8971756f9ec194 42c9b72cc77dcb28 120e745e2961b5d5 7b81f1f2b6ec2e5f b0b5e62a93a2c37c 40583079f57235a6 ddb3810e0289c148 37001ade0df85823 64b31699d7d15934 a52df8083c238c46 b29ab87af6ea6310 1f4f62844c3cb99c 09660f466b38b7ba 54f55c74d37db3c0 c28bc62802b90f82 b3ad55963554f220 cc861214a89ef1f4 197fa50b30d91fe8 d46598813fb437e5 1f423f368aebf7f3 ff88049e61f0f4ef f58ff7f1a6cde683
220,fa173131f15f5534 3734d3b0b9232538 dc17b07476183764 54a11cbcd7a32af4 00e1e2eb13f650e4 b84b6c0b2e4d0306 d5952b2e031c4e7e 0079f3c74309b582 34a62e66e05f9a44 f2b5098ac9c92da9 765c0695339c3abe c5830f9d0f1e29e5 95ecdbff44ad0b60 8faeacf8ca08f62d 1d0f5fdc58e3efb5 8abe670908f12614 3cb6b40d377e7ca8 a2805ed52b47b8ec b6e646c13d0753ae 3e8e56f639a5db5b 0bcaac840d5e66d7 c28bc62802b90f82 9a0f5ee4f845c9b2 702d8f1064ab3e30 3986b68500d7704b 3fa57d488e979d74 ff88049e61f0f4ef bd713b37b67866c3 4d7653ea9499eed4 942a7d26d81c841f
221,7c9248ed6224aa26 5b16bae6a0de7c88 f05fa5f57dc03e81 d6ed7e4b14c51296 58654e3143c6550b 50ba507a268872e1 e36475c1af5ea3ab 853e36b1550c6274 c606425856952286 46315cf30aaee51c 64907c4568244eb4 190ab585fd379f0f 4d9214c0925e5af8 b50b4e27b03c7b37 0688c790d5806540 016da874bd04df55 74244a8703c03720 6c017e548aa138f2 047769588be1aea9 a04d6febd82a4389 65fac1ba1840000f 90ecb28f2edb9d43 b3e75fdca5ca2f1a 095bb1b6ecbd0a50 a14394322cf7043d b69ce8b8154645f8 a52df8083c238c46 64b31699d7d15934 d72363ddd958d906 cea18be9a89d7a81
222,d1e21234d7cc61d2 1d0f5fdc58e3efb5 f2234bb7ce0c6f59 72403ecdfe02bba6 05f23e7d05dbf7c2 0683b6a78f54be75 e740c80fce094788 0d0368139e9a647f 9b2adcf4041227d7 666bdff4faa513ca 0fbd0f422e926816 b6d0f83aad4e4dc7 430feb4826a5632e a853f13216170123 3734d3b0b9232538 4d29c6922b2d0d56 bc2ae5f4e5d53e00 a9dad59c7055b56c 316382267dcd804f 796888cc3443006c d35e11d3d1ab3c67 bf3ccaba4a3450a8 63d95d5977c2fe98 26fc2a95df5659c2 5b16bae6a0de7c88 73391e0853c1e040 387e9cd2e5d4ea7d 33856365c271aea4 70776cdd9bb3b7d4 5a1149fbcbd37376
223,680bb5c5c3bb6ee1 1398b478b71773ed 8dedff0a79784abc 3e66b4855d0dddbe bf973f9ec3600199 bf3ccaba4a3450a8 63d509cd2a2e0e47 5430097e23000368 e8ad5e31484ef889 07be6a290720707d 98dbd15aa33ebc18 bee46c54461925d0 eff60ceea8817dad 0eedb1a0d3b8ddae e36475c1af5ea3ab da7d3c2d591c4295 e0269da736ddf004 bd713b37b67866c3 ff88049e61f0f4ef bd0f175ee98c613e 3fa57d488e979d74 3986b68500d7704b fd30682593995748 702d8f1064ab3e30 c28bc62802b90f82 0bcaac840d5e66d7 9a0f5ee4f845c9b2 4d7653ea9499eed4 b6d0f83aad4e4dc7 b24820ae14e16a24
224,e36475c1af5ea3ab f05fa5f57dc03e81 59c231f8fd21260c c03b11a0cdc3fa39 a292248bb2bffb3d 8e0cc5199a0ee659 d1e21234d7cc61d2 72c2a95813ea72bd 98dbd15aa33ebc18 bee46c54461925d0 eff60ceea8817dad da7d3c2d591c4295 4f31209941bb05fc 6899956cd6c683f0 c96049ed915ced0a 10ad13170242ecae a853f13216170123 bbbd5d2fd957e8f7 47fbe21f5c35c7b4 52370bea1acd0600 4d7653ea9499eed4 9a0f5ee4f845c9b2 cea18be9a89d7a81 c28bc62802b90f82 702d8f1064ab3e30 3986b68500d7704b 3fa57d488e979d74 ff88049e61f0f4ef 0772e3ab293a1f30 bd713b37b67866c3
225,f48d0fbea7dc2782 430feb4826a5632e 976baf0e84752a68 cc861214a89ef1f4 2820628e65a062e2 ecb768ef6fd223ca d1e21234d7cc61d2 bc2ae5f4e5d53e00 a9dad59c7055b56c af8e70f978cd5aee 628accd9be98503c 1a8e5d6512d9e2d8 22e8d6734e4121ae 7cea1f637ea3f37d 6461a9faa871b3ac 4105533fe46dfba9 1d0f5fdc58e3efb5 6cb9ab508a0678a0 fab14d178b24a67f 0683b6a78f54be75 155600e5f1221f8c 354d7a327bbcc152 190ab585fd379f0f e740c80fce094788 05e4165a56bf50eb 666bdff4faa513ca a853f13216170123 059bbdbdb843af6a 5430097e23000368 0eedb1a0d3b8ddae
226,1f4f62844c3cb99c b29ab87af6ea6310 40583079f57235a6 0a79fabc6f5d93c9 2e031d83339759b2 387e9cd2e5d4ea7d a52df8083c238c46 64b31699d7d15934 54f55c74d37db3c0 09660f466b38b7ba 16b11706660177ff a292248bb2bffb3d 4dba7ce835494a63 e25a1da6ca187350 6204e398d8c7f888 ec1b3d7ccd3984d0 f76f44d372517a9a b05b5f6850cfa158 c28bc62802b90f82 bed3e73d52011f68 d7d937303a6d5a9d 8fc68213b63951dc 8f578001f9d5f543 e878efab7c37179e 20d283a232dfd13c eec6b281e236b500 ca4de5b8a7bda9df 01e5a6edcee7deb0 b3ad55963554f220 cc861214a89ef1f4
227,430feb4826a5632e bc2ae5f4e5d53e00 a9dad59c7055b56c 8faeacf8ca08f62d 4d32dae7b43c489a b84b6c0b2e4d0306 24e582daf6f87158 828f5dfbbf1272ee 4e966bb2768c2b8a 83f8f2fc471cad74 34a62e66e05f9a44 050544c040f46152 47fbe21f5c35c7b4 c5830f9d0f1e29e5 95ecdbff44ad0b60 393f49286db04aeb 1d0f5fdc58e3efb5 a860b682add9de1c 8abe670908f12614 3cb6b40d377e7ca8 a2805ed52b47b8ec 1dc7139adba034ec b6e646c13d0753ae 3e8e56f639a5db5b 0eedb1a0d3b8ddae 3fa57d488e979d74 3986b68500d7704b ff88049e61f0f4ef e0269da736ddf004 bd713b37b67866c3
228,48a76e3aff69d605 a860b682add9de1c f1a3b8b13e9401c0 72c2a95813ea72bd 48cf88c17ff38c5e bc2ae5f4e5d53e00 a9dad59c7055b56c 148ac4a56a18844d 4f2fffd7528de786 3b6d27775fce1c7b 486dd77002936dec b24820ae14e16a24 ae000f9d0b5e104e a2c35fdf07a13286 5430097e23000368 0eedb1a0d3b8ddae 3b4a85bac6ead3c8 b05b5f6850cfa158 ae94d8435a6847f4 9a0f5ee4f845c9b2 0bcaac840d5e66d7 c28bc62802b90f82 3986b68500d7704b 3fa57d488e979d74 ff88049e61f0f4ef 942a7d26d81c841f e0269da736ddf004 bd713b37b67866c3 702d8f1064ab3e30 4d7653ea9499eed4
229,72c2a95813ea72bd 48cf88c17ff38c5e 486dd77002936dec bc2ae5f4e5d53e00 a9dad59c7055b56c 148ac4a56a18844d 4f2fffd7528de786 3b6d27775fce1c7b d46598813fb437e5 40583079f57235a6 b24820ae14e16a24 a2c35fdf07a13286 b6cdb608f640e038 64b31699d7d15934 a52df8083c238c46 36d33c41812ce7dc c810ac016901e8ac 1f4f62844c3cb99c b29ab87af6ea6310 09660f466b38b7ba 54f55c74d37db3c0 a04d6febd82a4389 b3e75fdca5ca2f1a a14394322cf7043d 095bb1b6ecbd0a50 025a148c3a53bd9f c28bc62802b90f82 b3ad55963554f220 cc861214a89ef1f4 2810fb6f81d1711c
230,e7cad3748e50b0f8 d1e21234d7cc61d2 1d0f5fdc58e3efb5 0683b6a78f54be75 e740c80fce094788 ced9c56f2be86774 a853f13216170123 666bdff4faa513ca 73f770f2643a2135 ae94d8435a6847f4 430feb4826a5632e 702d8f1064ab3e30 74244a8703c03720 b8e2f75014710ced c015590d6a6fe833 8e0cc5199a0ee659 f58ff7f1a6cde683 04886579947a80c2 455fde214d16d350 72c2a95813ea72bd 98dbd15aa33ebc18 bee46c54461925d0 5430097e23000368 eff60ceea8817dad e36475c1af5ea3ab da7d3c2d591c4295 4f31209941bb05fc 6899956cd6c683f0 c96049ed915ced0a 10ad13170242ecae
231,d1e21234d7cc61d2 9c9ebf71707d7a37 e8b87ed7db1bcb1f 2359719a0f40ffac f2e30efbd27bee51 49b5678e0d1e5bcd 0220a434aa8bf029 2e4b00c01d58e79e c1f2e3a76d388944 0a79fabc6f5d93c9 5897953fdf87b60f 855f2f0354e102c7 c5830f9d0f1e29e5 95ecdbff44ad0b60 8faeacf8ca08f62d 4b29fc21f912754d 1d0f5fdc58e3efb5 81bd116c786bf9ae 8abe670908f12614 3cb6b40d377e7ca8 a2805ed52b47b8ec b6e646c13d0753ae f1a3b8b13e9401c0 3e8e56f639a5db5b 2a06f5614060e3b6 ae94d8435a6847f4 fd30682593995748 bd713b37b67866c3 b24820ae14e16a24 e0269da736ddf004
232,f705b637f624147e b749972436ac9791 5b34da30b93eb123 a9eef13786610446 ffc688c4c1c2a068 c08c3765ac609cc0 cc861214a89ef1f4 4d417b203b333363 ecb768ef6fd223ca 74e59c5820900b17 af8e70f978cd5aee dac29ed8400b50cc 22e8d6734e4121ae 6aac5e116b75aa22 5fb2d8e734956af0 f46601a9955f9949 4105533fe46dfba9 0eafda717681bbdc 6d80d2e62d01f6bc 6cb9ab508a0678a0 005666aa098abe8e 3ca7964973437917 fab14d178b24a67f 354d7a327bbcc152 1d0f5fdc58e3efb5 44d324ebd3e22ad7 05e4165a56bf50eb 65254e0d209fd66e 50cb6a6c60ad711a e7cad3748e50b0f8
233,72c2a95813ea72bd db7342eff9200020 a017f3358d5327aa 8e0cc5199a0ee659 0a79fabc6f5d93c9 8a5635c748344d47 48cf88c17ff38c5e bc2ae5f4e5d53e00 a9dad59c7055b56c dc12cc503ac0eddb 148ac4a56a18844d 4f2fffd7528de786 3b6d27775fce1c7b 486dd77002936dec 4f31209941bb05fc 6899956cd6c683f0 c96049ed915ced0a b24820ae14e16a24 9b2adcf4041227d7 10ad13170242ecae a853f13216170123 a2c35fdf07a13286 5430097e23000368 3b4a85bac6ead3c8 0eedb1a0d3b8ddae 0772e3ab293a1f30 3fa57d488e979d74 3986b68500d7704b 702d8f1064ab3e30 ff88049e61f0f4ef
234,26f72a4eb15ea8c0 74873b42602d8958 bc27d5dc9bab1c18 9c9a9d45c2ea7ddf 50ba507a268872e1 bbbd5d2fd957e8f7 4c0eee2c1a5e76e2 cec2eea2a1fe566a b50b4e27b03c7b37 120e745e2961b5d5 00d9f8d3f7d412b3 0eedb1a0d3b8ddae 8e0cc5199a0ee659 b05b5f6850cfa158 72c2a95813ea72bd 4f31209941bb05fc 6899956cd6c683f0 c96049ed915ced0a 10ad13170242ecae a853f13216170123 b6d0f83aad4e4dc7 ae94d8435a6847f4 c28bc62802b90f82 702d8f1064ab3e30 0bcaac840d5e66d7 3fa57d488e979d74 ff88049e61f0f4ef e0269da736ddf004 bd0f175ee98c613e 734dabb98795c35c
235,f1a3b8b13e9401c0 59c231f8fd21260c 48a76e3aff69d605 b6e72edcad270be0 72b80b099fd64ec4 1d72229ebcc00faf 1efd7bd8a34a1359 05e4165a56bf50eb 95166957b2c38794 b1e47da7659b675c 5879096a38d69fc5 d5952b2e031c4e7e 0eedb1a0d3b8ddae a860b682add9de1c c1f2e3a76d388944 b05b5f6850cfa158 9a0f5ee4f845c9b2 0bcaac840d5e66d7 c28bc62802b90f82 702d8f1064ab3e30 4d7653ea9499eed4 3fa57d488e979d74 ff88049e61f0f4ef e0269da736ddf004 bd713b37b67866c3 ae94d8435a6847f4 942a7d26d81c841f fd30682593995748 2a06f5614060e3b6 3986b68500d7704b
236,72c2a95813ea72bd 48cf88c17ff38c5e bc2ae5f4e5d53e00 a9dad59c7055b56c 148ac4a56a18844d 4f2fffd7528de786 4fe9e4e55585ba4b 3b6d27775fce1c7b 486dd77002936dec b24820ae14e16a24 a2c35fdf07a13286 106204cd0e07e1b2 feddfcf56818968e 27bc34b9887bec0d ce2fe99a7cda4a17 8643165b0f53df11 29bedd00fb2be056 0bcaac840d5e66d7 98dbd15aa33ebc18 bee46c54461925d0 2e031d83339759b2 50806199c80e215c a2805ed52b47b8ec eff60ceea8817dad 404031ab9d5977c4 e36475c1af5ea3ab 964a50d33717c26d da7d3c2d591c4295 cc0c9419f8a20603 fd30682593995748
237,dc12cc503ac0eddb 9b2adcf4041227d7 24e582daf6f87158 2394b08708475900 528161039994b4dc 47fbe21f5c35c7b4 88b62355670ec8f8 d63b7f083330247f a813c15b46ceaf68 c11b97f245a9dfd0 2e4b00c01d58e79e 5897953fdf87b60f a292248bb2bffb3d 486dd77002936dec d1e21234d7cc61d2 a2c35fdf07a13286 c5830f9d0f1e29e5 95ecdbff44ad0b60 8faeacf8ca08f62d 1d0f5fdc58e3efb5 8abe670908f12614 3cb6b40d377e7ca8 a2805ed52b47b8ec b6e646c13d0753ae 0eedb1a0d3b8ddae 3e8e56f639a5db5b 3986b68500d7704b c28bc62802b90f82 702d8f1064ab3e30 3fa57d488e979d74
238,d64c06baf5ef1c90 4d32dae7b43c489a 24e582daf6f87158 b6cdb608f640e038 8faeacf8ca08f62d 47fbe21f5c35c7b4 36d33c41812ce7dc c810ac016901e8ac a04d6febd82a4389 393f49286db04aeb b3e75fdca5ca2f1a a14394322cf7043d 095bb1b6ecbd0a50 025a148c3a53bd9f 39075e303166355e 2810fb6f81d1711c 7e4a4a1300b77a06 c6b615b2589e036d e14a893f1918277e 853e36b1550c6274 a860b682add9de1c 238ec735a13a3f09 b78189788d563693 316382267dcd804f 46315cf30aaee51c c606425856952286 0688c790d5806540 27a12f29dceccdbd 016da874bd04df55 74244a8703c03720
239,98dbd15aa33ebc18 bee46c54461925d0 eff60ceea8817dad e36475c1af5ea3ab da7d3c2d591c4295 47fbe21f5c35c7b4 52370bea1acd0600 4d7653ea9499eed4 9a0f5ee4f845c9b2 0bcaac840d5e66d7 c28bc62802b90f82 702d8f1064ab3e30 3fa57d488e979d74 ff88049e61f0f4ef e0269da736ddf004 bd713b37b67866c3 fd30682593995748 2a06f5614060e3b6 39f6296778264878 3986b68500d7704b e7cad3748e50b0f8 0708923badf2ff5d 734dabb98795c35c 942a7d26d81c841f bd0f175ee98c613e ae94d8435a6847f4 b6d0f83aad4e4dc7 b24820ae14e16a24 bbbd5d2fd957e8f7 4b8c7061102517ef
240,898a4921ab9f4cce b6cdb608f640e038 36d33c41812ce7dc c810ac016901e8ac a04d6febd82a4389 a14394322cf7043d b3e75fdca5ca2f1a 095bb1b6ecbd0a50 025a148c3a53bd9f 7e4a4a1300b77a06 e14a893f1918277e 2810fb6f81d1711c c6b615b2589e036d 39075e303166355e 853e36b1550c6274 238ec735a13a3f09 b78189788d563693 316382267dcd804f c606425856952286 46315cf30aaee51c 0688c790d5806540 27a12f29dceccdbd 016da874bd04df55 74244a8703c03720 976baf0e84752a68 d64c06baf5ef1c90 83f8aca6ee2caabc 5057551fc55e9ed2 2820628e65a062e2 d6bbbd6c4968075a
241,055d895a3b26e466 4b8c7061102517ef 9b2adcf4041227d7 5430097e23000368 5b16bae6a0de7c88 025a148c3a53bd9f f05fa5f57dc03e81 853e36b1550c6274 d6ed7e4b14c51296 e36475c1af5ea3ab cc861214a89ef1f4 ecb768ef6fd223ca af8e70f978cd5aee dc12cc503ac0eddb b6cdb608f640e038 22e8d6734e4121ae 4105533fe46dfba9 c810ac016901e8ac 36d33c41812ce7dc a04d6febd82a4389 16b11706660177ff a292248bb2bffb3d 4dba7ce835494a63 6cb9ab508a0678a0 e25a1da6ca187350 f76f44d372517a9a 6204e398d8c7f888 ec1b3d7ccd3984d0 fab14d178b24a67f b3e75fdca5ca2f1a
242,c5830f9d0f1e29e5 95ecdbff44ad0b60 8faeacf8ca08f62d 1d0f5fdc58e3efb5 8abe670908f12614 3cb6b40d377e7ca8 a2805ed52b47b8ec b6e646c13d0753ae 3e8e56f639a5db5b 0708923badf2ff5d 47fbe21f5c35c7b4 52370bea1acd0600 4d7653ea9499eed4 9a0f5ee4f845c9b2 0bcaac840d5e66d7 c28bc62802b90f82 3986b68500d7704b 3fa57d488e979d74 ff88049e61f0f4ef e0269da736ddf004 bd713b37b67866c3 fd30682593995748 2a06f5614060e3b6 39f6296778264878 702d8f1064ab3e30 734dabb98795c35c 942a7d26d81c841f bd0f175ee98c613e ae94d8435a6847f4 b6d0f83aad4e4dc7
243,8643165b0f53df11 ac9ee0c09b538140 95d25d38ba7df9c7 e4a7a996ed6a5a81 4bed80e56ea2e099 bd713b37b67866c3 6899956cd6c683f0 395b26d91f98bd92 01b3da54ffb158a0 29bedd00fb2be056 d0f6c00eec5eb973 54a11cbcd7a32af4 964a50d33717c26d 0b0021aa60d05daa af41e2b6da3e7e02 0079f3c74309b582 64267373570e4ea3 106204cd0e07e1b2 1398b478b71773ed 52aa48c07b34dc88 19b4014943e0ad92 3734d3b0b9232538 c1f2e3a76d388944 6e12311169bcb24c b26d8664feb18c8c 2e2904c5373734ae 3e66b4855d0dddbe 7f29daa16b9b4cda d5952b2e031c4e7e 22dc81380cf4baec
244,853e36b1550c6274 351c9da399c2b915 4d9214c0925e5af8 c606425856952286 46315cf30aaee51c 0688c790d5806540 016da874bd04df55 74244a8703c03720 65fac1ba1840000f 047769588be1aea9 5867d40811c0229f 9c9a9d45c2ea7ddf 428f9363fa35882d 0c2eeab1e4ce1db8 00ff646ca6637bd7 2bafd15871caae91 f28fb3d9880c5d4c 2dd12c230ab22555 2e44fbb8bc3d8d71 a677c3a76055a6d2 fc8971756f9ec194 42c9b72cc77dcb28 120e745e2961b5d5 b0b5e62a93a2c37c 37001ade0df85823 b05b5f6850cfa158 0eedb1a0d3b8ddae 3986b68500d7704b 702d8f1064ab3e30 3fa57d488e979d74
245,24e582daf6f87158 2394b08708475900 ac9ee0c09b538140 4bed80e56ea2e099 3e8e56f639a5db5b 528161039994b4dc 47fbe21f5c35c7b4 88b62355670ec8f8 9f4e0d572b1f4e6c d63b7f083330247f a813c15b46ceaf68 8e0760918e88e4a9 2e4b00c01d58e79e 5897953fdf87b60f e7828f0ea9749505 01b3da54ffb158a0 7eec211cc37a1b05 919b1679fffa7ef1 8699cc5dd4159b69 8643165b0f53df11 46b99f864d6a075a a2c35fdf07a13286 1c3b74a02a86467d 8566d15270eb5e83 447fc00f40d71d08 e4a7a996ed6a5a81 a0566ca9daca7778 52aa48c07b34dc88 83f5a9732f0de67f 95d25d38ba7df9c7
246,03ed286136d7b3cf 9269d2b0d877352d 5430097e23000368 e22c35101e190db9 9cf6709de35bf0f3 486dd77002936dec 48f93f9c2c699e19 9113e9dc940fb287 d3c4a7db726191e0 22dc81380cf4baec 4491016efed845f1 29bedd00fb2be056 419b5dc40744fb9b 050544c040f46152 ae000f9d0b5e104e 9c9a9d45c2ea7ddf 0b0021aa60d05daa c5830f9d0f1e29e5 95ecdbff44ad0b60 8faeacf8ca08f62d 1d0f5fdc58e3efb5 8abe670908f12614 3cb6b40d377e7ca8 b05b5f6850cfa158 a2805ed52b47b8ec b6e646c13d0753ae 0eedb1a0d3b8ddae 3e8e56f639a5db5b fd30682593995748 bd713b37b67866c3
247,00ff646ca6637bd7 4d32dae7b43c489a 24e582daf6f87158 047769588be1aea9 585f4ee09d8fea46 9100ea6cd0e084bf f48d0fbea7dc2782 b8e2f75014710ced 65d44c6393907290 0c2eeab1e4ce1db8 8faeacf8ca08f62d d46598813fb437e5 40583079f57235a6 47fbe21f5c35c7b4 354d7a327bbcc152 83b911ff0ff45844 393f49286db04aeb 52e459a551d4ac2d e7cad3748e50b0f8 f29eee8054c061e1 acae1d29289b1266 a860b682add9de1c b6cdb608f640e038 0451447dd64f6284 ca43e349133fc0e3 07f22a7ad7e4711d a52df8083c238c46 64b31699d7d15934 c810ac016901e8ac 36d33c41812ce7dc
248,5ebb4d2f5f1c1f13 b1dcaca98bb76736 0add47a043c64d7f 4f2fffd7528de786 877672967d3f70bb 90ecb28f2edb9d43 061f3e1feeaa3094 413c55a5ab86881a 0db6584e3bdfa1c4 42bb83d7c4b9ecae cea18be9a89d7a81 b78189788d563693 3c565c1fc2316d16 54a11cbcd7a32af4 e8684734f2e587bd 95d25d38ba7df9c7 453bc79164d57a01 72c2a95813ea72bd bb7515be835dea49 eab15ee21e126f6a 6204e398d8c7f888 ec1b3d7ccd3984d0 f76f44d372517a9a e25a1da6ca187350 48cf88c17ff38c5e 238de368bb05c0ec c14d5b16840d3032 a9dad59c7055b56c bc2ae5f4e5d53e00 acf5cb026b3c4551
249,ae000f9d0b5e104e a292248bb2bffb3d d1e21234d7cc61d2 d46598813fb437e5 3b4a85bac6ead3c8 0eedb1a0d3b8ddae b05b5f6850cfa158 4d7653ea9499eed4 9a0f5ee4f845c9b2 0bcaac840d5e66d7 e25a1da6ca187350 702d8f1064ab3e30 3986b68500d7704b 3fa57d488e979d74 ff88049e61f0f4ef e0269da736ddf004 bd713b37b67866c3 fd30682593995748 2a06f5614060e3b6 39f6296778264878 c28bc62802b90f82 0708923badf2ff5d 734dabb98795c35c 942a7d26d81c841f bd0f175ee98c613e ae94d8435a6847f4 b6d0f83aad4e4dc7 b24820ae14e16a24 622f2e4119882c94 4b8c7061102517ef
250,377c1150c781e37a 95d25d38ba7df9c7 20db73cf07a45f71 e8684734f2e587bd 1a05ef8c93af8eed cea18be9a89d7a81 0f33ce8d8014f308 c36c2dce0e6e434f cc0c9419f8a20603 0688c790d5806540 5b4c879fc9c316fb b9d966ad9e04127a ce0f56b7190c268a fc21db75b354a917 45bd99d5d2eef776 666bdff4faa513ca c49d8f84a4f87f8a 0e45c4c185f35df6 133b04350c75770b 26140b225c4f8d3f b6a1c97f19af78d0 999a52f1d301247c 81b7c7e312bfa1a0 f105a53e5cfae611 28a2067685cb3e97 50cb6a6c60ad711a 7c8324ce28ffb96e f2b5098ac9c92da9 3b4a85bac6ead3c8 0eedb1a0d3b8ddae
251,781f4d0147aef776 bf3ccaba4a3450a8 9b2adcf4041227d7 5dd752753760ced8 c5830f9d0f1e29e5 95ecdbff44ad0b60 8faeacf8ca08f62d 1d0f5fdc58e3efb5 54a11cbcd7a32af4 00e1e2eb13f650e4 8e0cc5199a0ee659 b84b6c0b2e4d0306 8abe670908f12614 3cb6b40d377e7ca8 a2805ed52b47b8ec d5952b2e031c4e7e 34a62e66e05f9a44 72c2a95813ea72bd b6e646c13d0753ae 4f31209941bb05fc 3e8e56f639a5db5b 6899956cd6c683f0 c96049ed915ced0a b05b5f6850cfa158 10ad13170242ecae a853f13216170123 0eedb1a0d3b8ddae 9a0f5ee4f845c9b2 0bcaac840d5e66d7 c28bc62802b90f82
252,43b3338423d7386c 8a5635c748344d47 bd713b37b67866c3 c5830f9d0f1e29e5 01b3da54ffb158a0 050544c040f46152 4f2fffd7528de786 b6e646c13d0753ae a2805ed52b47b8ec 47fbe21f5c35c7b4 b26d8664feb18c8c 2a06f5614060e3b6 6c017e548aa138f2 54a11cbcd7a32af4 7c98dedd223b36c0 a0566ca9daca7778 52aa48c07b34dc88 b3e75fdca5ca2f1a 095bb1b6ecbd0a50 a14394322cf7043d ac9ee0c09b538140 b69ce8b8154645f8 64b31699d7d15934 a52df8083c238c46 fb2ebcb5335ad2e2 520ec719078be07c 77e2f7da1f9d3a8f 4c0eee2c1a5e76e2 366a22fce0614fb8 b2ee9eea2d974c90
253,0a79fabc6f5d93c9 e7cad3748e50b0f8 88b62355670ec8f8 f49e13a653cbdad2 ac9ee0c09b538140 8643165b0f53df11 a982b5c3aed39396 2e4b00c01d58e79e e22c35101e190db9 ec4ef2f727e7a03f 8a5635c748344d47 9f3d2ca16f358290 e4a7a996ed6a5a81 4bed80e56ea2e099 855f2f0354e102c7 4d32dae7b43c489a 2394b08708475900 16b11706660177ff a292248bb2bffb3d 4dba7ce835494a63 92f42fbd0c38f7fd 4b29fc21f912754d 95d25d38ba7df9c7 24e582daf6f87158 5897953fdf87b60f ec1b3d7ccd3984d0 f76f44d372517a9a 6204e398d8c7f888 e25a1da6ca187350 5b16bae6a0de7c88
254,00ff646ca6637bd7 b8e2f75014710ced 781f4d0147aef776 354d7a327bbcc152 83f5a9732f0de67f c015590d6a6fe833 98dbd15aa33ebc18 bee46c54461925d0 5430097e23000368 eff60ceea8817dad e36475c1af5ea3ab da7d3c2d591c4295 47fbe21f5c35c7b4 52370bea1acd0600 4d7653ea9499eed4 9a0f5ee4f845c9b2 0bcaac840d5e66d7 702d8f1064ab3e30 3986b68500d7704b 3fa57d488e979d74 ff88049e61f0f4ef e0269da736ddf004 c28bc62802b90f82 e7cad3748e50b0f8 0708923badf2ff5d 734dabb98795c35c 942a7d26d81c841f bd0f175ee98c613e ae94d8435a6847f4 b6d0f83aad4e4dc7
255,24e582daf6f87158 2394b08708475900 528161039994b4dc 47fbe21f5c35c7b4 88b62355670ec8f8 8e0cc5199a0ee659 d63b7f083330247f a813c15b46ceaf68 2e4b00c01d58e79e 72c2a95813ea72bd 5897953fdf87b60f 877672967d3f70bb 0add47a043c64d7f b1dcaca98bb76736 4f31209941bb05fc 6899956cd6c683f0 a2c35fdf07a13286 f76f44d372517a9a ec1b3d7ccd3984d0 e25a1da6ca187350 6204e398d8c7f888 c96049ed915ced0a 90ecb28f2edb9d43 4c3802a1bd3c842e ffa9091747ae2466 f9c6286cff30aaa8 01020d1b0821f4c7 5c8c6d9a1fd4c1e0 65d44c6393907290 59bf6d6df9146d60
256,b05b5f6850cfa158 0eedb1a0d3b8ddae bbbd5d2fd957e8f7 47fbe21f5c35c7b4 52370bea1acd0600 4d7653ea9499eed4 9a0f5ee4f845c9b2 0bcaac840d5e66d7 e25a1da6ca187350 702d8f1064ab3e30 3986b68500d7704b 3fa57d488e979d74 ff88049e61f0f4ef e0269da736ddf004 bd713b37b67866c3 fd30682593995748 2a06f5614060e3b6 39f6296778264878 c28bc62802b90f82 e36475c1af5ea3ab e7cad3748e50b0f8 0708923badf2ff5d 734dabb98795c35c 942a7d26d81c841f bd0f175ee98c613e ae94d8435a6847f4 b6d0f83aad4e4dc7 cea18be9a89d7a81 622f2e4119882c94 4b8c7061102517ef
257,01104a026d22ae55 ff88049e61f0f4ef 37001ade0df85823 81bd116c786bf9ae d64c06baf5ef1c90 bbbd5d2fd957e8f7 ae000f9d0b5e104e 74873b42602d8958 22e8d6734e4121ae f28fb3d9880c5d4c 9c9a9d45c2ea7ddf b05b5f6850cfa158 00d9f8d3f7d412b3 4c0eee2c1a5e76e2 6e1b6b53c9710940 c03b11a0cdc3fa39 26f72a4eb15ea8c0 0eedb1a0d3b8ddae 059bbdbdb843af6a 95166957b2c38794 5430097e23000368 52370bea1acd0600 4d7653ea9499eed4 9a0f5ee4f845c9b2 0bcaac840d5e66d7 c28bc62802b90f82 47fbe21f5c35c7b4 3986b68500d7704b 3fa57d488e979d74 00e1e2eb13f650e4
258,40583079f57235a6 a292248bb2bffb3d d46598813fb437e5 64b31699d7d15934 a52df8083c238c46 1f4f62844c3cb99c b29ab87af6ea6310 54f55c74d37db3c0 09660f466b38b7ba d1e21234d7cc61d2 d72363ddd958d906 0772e3ab293a1f30 c28bc62802b90f82 b3ad55963554f220 cc861214a89ef1f4 486dd77002936dec 43b3338423d7386c f58ff7f1a6cde683 7b81f1f2b6ec2e5f 8a5635c748344d47 4d32dae7b43c489a 24e582daf6f87158 8faeacf8ca08f62d 47fbe21f5c35c7b4 393f49286db04aeb a860b682add9de1c 1dc7139adba034ec 4b8c7061102517ef bd713b37b67866c3 af8e70f978cd5aee
259,72c2a95813ea72bd 8e0cc5199a0ee659 486dd77002936dec 54a11cbcd7a32af4 4f31209941bb05fc 6899956cd6c683f0 48cf88c17ff38c5e c96049ed915ced0a a9dad59c7055b56c bc2ae5f4e5d53e00 b26d8664feb18c8c d5952b2e031c4e7e 148ac4a56a18844d 22dc81380cf4baec 4f2fffd7528de786 10ad13170242ecae a853f13216170123 061f3e1feeaa3094 3b6d27775fce1c7b 42bb83d7c4b9ecae 00e1e2eb13f650e4 b84b6c0b2e4d0306 0add47a043c64d7f b1dcaca98bb76736 b24820ae14e16a24 c015590d6a6fe833 6c017e548aa138f2 bd0f175ee98c613e a04d6febd82a4389 95d25d38ba7df9c7
260,898a4921ab9f4cce d64c06baf5ef1c90 f705b637f624147e b749972436ac9791 5b34da30b93eb123 a9eef13786610446 ffc688c4c1c2a068 c08c3765ac609cc0 b84b6c0b2e4d0306 828f5dfbbf1272ee 4d417b203b333363 83f8f2fc471cad74 34a62e66e05f9a44 589ef345cb2dccfc 74e59c5820900b17 dac29ed8400b50cc 050544c040f46152 6aac5e116b75aa22 5fb2d8e734956af0 f46601a9955f9949 0eafda717681bbdc 6d80d2e62d01f6bc 005666aa098abe8e 3ca7964973437917 db69d4cbfef8d22f 44d324ebd3e22ad7 65254e0d209fd66e b05b5f6850cfa158 0eedb1a0d3b8ddae 2a06f5614060e3b6
261,b50b4e27b03c7b37 a18df74d3a16e9c0 b6cdb608f640e038 1d0f5fdc58e3efb5 f2e30efbd27bee51 c810ac016901e8ac 36d33c41812ce7dc a04d6febd82a4389 666bdff4faa513ca a14394322cf7043d b3e75fdca5ca2f1a 095bb1b6ecbd0a50 a292248bb2bffb3d 025a148c3a53bd9f 1dc7139adba034ec 39075e303166355e c6b615b2589e036d 2810fb6f81d1711c e14a893f1918277e 7e4a4a1300b77a06 853e36b1550c6274 238ec735a13a3f09 b78189788d563693 8df3f13d6af34cb3 316382267dcd804f 46315cf30aaee51c c606425856952286 0688c790d5806540 cc0c9419f8a20603 27a12f29dceccdbd
262,03ed286136d7b3cf f2234bb7ce0c6f59 05f23e7d05dbf7c2 72403ecdfe02bba6 0d0368139e9a647f b6d0f83aad4e4dc7 0fbd0f422e926816 316382267dcd804f 796888cc3443006c d35e11d3d1ab3c67 63d95d5977c2fe98 26fc2a95df5659c2 5b16bae6a0de7c88 73391e0853c1e040 387e9cd2e5d4ea7d 33856365c271aea4 70776cdd9bb3b7d4 5a1149fbcbd37376 9d5edf3b993fee50 46b99f864d6a075a ff88049e61f0f4ef e0269da736ddf004 bd713b37b67866c3 3fa57d488e979d74 3986b68500d7704b 702d8f1064ab3e30 fd30682593995748 0bcaac840d5e66d7 c28bc62802b90f82 bd0f175ee98c613e
263,49224aca40e6e5e3 2a06f5614060e3b6 73391e0853c1e040 7c98dedd223b36c0 25a3b47fe31bc6b5 4dba7ce835494a63 6c017e548aa138f2 00140806971e7a73 18ced18aee04c48e ca4de5b8a7bda9df 8fc68213b63951dc 01e5a6edcee7deb0 eec6b281e236b500 bed3e73d52011f68 d7d937303a6d5a9d e878efab7c37179e 8f578001f9d5f543 20d283a232dfd13c 28a2067685cb3e97 1a05ef8c93af8eed 73f770f2643a2135 a14394322cf7043d 095bb1b6ecbd0a50 b3e75fdca5ca2f1a 3d6880bd12f6613f b69ce8b8154645f8 a52df8083c238c46 64b31699d7d15934 025a148c3a53bd9f d5805cdb9e8f0f48
264,4491016efed845f1 d1e21234d7cc61d2 7c98dedd223b36c0 1d0f5fdc58e3efb5 0add47a043c64d7f b1dcaca98bb76736 a2805ed52b47b8ec 0683b6a78f54be75 6c017e548aa138f2 a04d6febd82a4389 90ecb28f2edb9d43 5c8c6d9a1fd4c1e0 65d44c6393907290 e740c80fce094788 25145708d494530b 095bb1b6ecbd0a50 a14394322cf7043d b3e75fdca5ca2f1a 3d6880bd12f6613f a52df8083c238c46 64b31699d7d15934 3734d3b0b9232538 f44f74b3451aa593 0db6584e3bdfa1c4 fb2ebcb5335ad2e2 666bdff4faa513ca c6b615b2589e036d 7e4a4a1300b77a06 39075e303166355e 2810fb6f81d1711c
265,95d25d38ba7df9c7 a65e30106ea50423 ced9c56f2be86774 622f2e4119882c94 acae1d29289b1266 b760ebc5f25788d3 4d29c6922b2d0d56 f54ad8d1eb18212e a5f55580081236f4 58654e3143c6550b ca43e349133fc0e3 bf3ccaba4a3450a8 c49d8f84a4f87f8a aa967ad3c1f65a29 2901e5309bb3f8f6 54a11cbcd7a32af4 00e1e2eb13f650e4 8e0cc5199a0ee659 b84b6c0b2e4d0306 d5952b2e031c4e7e 34a62e66e05f9a44 72c2a95813ea72bd 3b4a85bac6ead3c8 4f31209941bb05fc 6899956cd6c683f0 c96049ed915ced0a 10ad13170242ecae a853f13216170123 702d8f1064ab3e30 c28bc62802b90f82
266,da011b87595c1019 a677c3a76055a6d2 07be6a290720707d 54a11cbcd7a32af4 00e1e2eb13f650e4 b84b6c0b2e4d0306 1d0f5fdc58e3efb5 d5952b2e031c4e7e 34a62e66e05f9a44 3734d3b0b9232538 f2e30efbd27bee51 5430097e23000368 c015590d6a6fe833 ae000f9d0b5e104e 9c9a9d45c2ea7ddf 0079f3c74309b582 765c0695339c3abe c5830f9d0f1e29e5 95ecdbff44ad0b60 8faeacf8ca08f62d 8abe670908f12614 3cb6b40d377e7ca8 b05b5f6850cfa158 a2805ed52b47b8ec b6e646c13d0753ae 0eedb1a0d3b8ddae 3e8e56f639a5db5b 3fa57d488e979d74 3986b68500d7704b bd0f175ee98c613e
267,07d688f5e2142b87 40583079f57235a6 a52df8083c238c46 64b31699d7d15934 b29ab87af6ea6310 1f4f62844c3cb99c 54f55c74d37db3c0 09660f466b38b7ba c28bc62802b90f82 b3ad55963554f220 cc861214a89ef1f4 4d32dae7b43c489a 0eedb1a0d3b8ddae 24e582daf6f87158 d46598813fb437e5 f58ff7f1a6cde683 8faeacf8ca08f62d 47fbe21f5c35c7b4 7b81f1f2b6ec2e5f 393f49286db04aeb a860b682add9de1c 1dc7139adba034ec 702d8f1064ab3e30 3986b68500d7704b ff88049e61f0f4ef e0269da736ddf004 bd713b37b67866c3 fd30682593995748 2a06f5614060e3b6 3fa57d488e979d74
268,29bedd00fb2be056 455fde214d16d350 33856365c271aea4 5989fb934598c1a7 07f22a7ad7e4711d 25a3b47fe31bc6b5 ddb3810e0289c148 387e9cd2e5d4ea7d ebfda3b48083e390 42c9b72cc77dcb28 025a148c3a53bd9f c5830f9d0f1e29e5 7155e5a86136eb02 65708d542bd01f39 57113c2a4cacd961 4d954d933e606b70 095bb1b6ecbd0a50 8643165b0f53df11 3ca7964973437917 eff60ceea8817dad 1f423f368aebf7f3 26fc2a95df5659c2 855f2f0354e102c7 63d95d5977c2fe98 7ee52d2519eea367 44d324ebd3e22ad7 1398b478b71773ed 4d417b203b333363 587e0b2a4811fab1 b6a1c97f19af78d0
269,976baf0e84752a68 2820628e65a062e2 155600e5f1221f8c 628accd9be98503c 1a8e5d6512d9e2d8 6461a9faa871b3ac 7cea1f637ea3f37d f48d0fbea7dc2782 190ab585fd379f0f 8abe670908f12614 74873b42602d8958 4d29c6922b2d0d56 d216e5458ad70e60 1398b478b71773ed 6a9aa1bd93e36e66 6406fcdb7d87b5dc b0b5e62a93a2c37c 07f22a7ad7e4711d 1dc7139adba034ec 8faeacf8ca08f62d 4d32dae7b43c489a 24e582daf6f87158 47fbe21f5c35c7b4 c5830f9d0f1e29e5 95ecdbff44ad0b60 3b4a85bac6ead3c8 393f49286db04aeb 1d0f5fdc58e3efb5 a860b682add9de1c 3cb6b40d377e7ca8
270,a292248bb2bffb3d d1e21234d7cc61d2 7155e5a86136eb02 2e031d83339759b2 8e0cc5199a0ee659 72c2a95813ea72bd 3b4a85bac6ead3c8 4f31209941bb05fc 6899956cd6c683f0 c96049ed915ced0a 10ad13170242ecae a853f13216170123 47fbe21f5c35c7b4 52370bea1acd0600 4d7653ea9499eed4 39f6296778264878 9a0f5ee4f845c9b2 0bcaac840d5e66d7 c28bc62802b90f82 702d8f1064ab3e30 3fa57d488e979d74 fd30682593995748 ff88049e61f0f4ef bd713b37b67866c3 e0269da736ddf004 3986b68500d7704b e7cad3748e50b0f8 734dabb98795c35c 942a7d26d81c841f bd0f175ee98c613e
271,bc27d5dc9bab1c18 50ba507a268872e1 dac29ed8400b50cc b50b4e27b03c7b37 ee3ed9a3f51336cd 5a1149fbcbd37376 00d9f8d3f7d412b3 8faeacf8ca08f62d 4d32dae7b43c489a 24e582daf6f87158 98dbd15aa33ebc18 bee46c54461925d0 5430097e23000368 47fbe21f5c35c7b4 eff60ceea8817dad 0eedb1a0d3b8ddae c5830f9d0f1e29e5 95ecdbff44ad0b60 e36475c1af5ea3ab 393f49286db04aeb da7d3c2d591c4295 1d0f5fdc58e3efb5 a860b682add9de1c 8abe670908f12614 3cb6b40d377e7ca8 b05b5f6850cfa158 a2805ed52b47b8ec 1dc7139adba034ec b6e646c13d0753ae 3e8e56f639a5db5b
272,feddfcf56818968e 50806199c80e215c a2805ed52b47b8ec 29bedd00fb2be056 106204cd0e07e1b2 8e0cc5199a0ee659 27bc34b9887bec0d ce2fe99a7cda4a17 a0566ca9daca7778 8643165b0f53df11 ac9ee0c09b538140 0eedb1a0d3b8ddae 3734d3b0b9232538 0bcaac840d5e66d7 72c2a95813ea72bd b05b5f6850cfa158 b26d8664feb18c8c 22dc81380cf4baec 666bdff4faa513ca 404031ab9d5977c4 061f3e1feeaa3094 54a11cbcd7a32af4 42bb83d7c4b9ecae 964a50d33717c26d 07be6a290720707d 428f9363fa35882d 4f31209941bb05fc 6e1b6b53c9710940 6899956cd6c683f0 c96049ed915ced0a
273,dc576af4ae66e25e 892074f7c1ef5d5e 765c0695339c3abe 26140b225c4f8d3f 6aefb6531736648a 734dabb98795c35c c49d8f84a4f87f8a c143c095983a65c2 04886579947a80c2 8faeacf8ca08f62d 4d32dae7b43c489a 8e0cc5199a0ee659 24e582daf6f87158 72c2a95813ea72bd 47fbe21f5c35c7b4 c5830f9d0f1e29e5 95ecdbff44ad0b60 393f49286db04aeb 1d0f5fdc58e3efb5 4f31209941bb05fc 6899956cd6c683f0 a860b682add9de1c c96049ed915ced0a 8abe670908f12614 3cb6b40d377e7ca8 10ad13170242ecae a2805ed52b47b8ec a853f13216170123 1dc7139adba034ec b6e646c13d0753ae
274,942a7d26d81c841f e8b87ed7db1bcb1f 4491016efed845f1 96445bec1579ec97 a5d5ba33b5b1dc95 7c98dedd223b36c0 48f93f9c2c699e19 589ef345cb2dccfc c5830f9d0f1e29e5 6c017e548aa138f2 95ecdbff44ad0b60 29bedd00fb2be056 148ac4a56a18844d a2805ed52b47b8ec 9269d2b0d877352d db69d4cbfef8d22f d73a65673e3f1d78 b3e75fdca5ca2f1a 095bb1b6ecbd0a50 a14394322cf7043d 3d6880bd12f6613f a52df8083c238c46 64b31699d7d15934 fb2ebcb5335ad2e2 2810fb6f81d1711c 7e4a4a1300b77a06 c6b615b2589e036d 39075e303166355e e14a893f1918277e e22c35101e190db9
275,00958a140c3a6de8 da904d2a54ff8cf2 0eedb1a0d3b8ddae 1d0f5fdc58e3efb5 cc0c9419f8a20603 b05b5f6850cfa158 04886579947a80c2 455fde214d16d350 9a0f5ee4f845c9b2 0bcaac840d5e66d7 c28bc62802b90f82 702d8f1064ab3e30 3986b68500d7704b 3fa57d488e979d74 ff88049e61f0f4ef 4d7653ea9499eed4 bd713b37b67866c3 fd30682593995748 2a06f5614060e3b6 39f6296778264878 e25a1da6ca187350 e0269da736ddf004 734dabb98795c35c 942a7d26d81c841f bd0f175ee98c613e ae94d8435a6847f4 b6d0f83aad4e4dc7 b24820ae14e16a24 622f2e4119882c94 4b8c7061102517ef
276,6e239f4dd4b6aed7 dc17b07476183764 0c15f252d30646fc 4d32dae7b43c489a cc0c9419f8a20603 24e582daf6f87158 98dbd15aa33ebc18 bee46c54461925d0 5430097e23000368 8faeacf8ca08f62d 47fbe21f5c35c7b4 eff60ceea8817dad 0eedb1a0d3b8ddae e36475c1af5ea3ab 393f49286db04aeb da7d3c2d591c4295 a860b682add9de1c 1dc7139adba034ec 2a06f5614060e3b6 bd713b37b67866c3 0bcaac840d5e66d7 e0269da736ddf004 c28bc62802b90f82 702d8f1064ab3e30 ff88049e61f0f4ef 3986b68500d7704b 3fa57d488e979d74 9a0f5ee4f845c9b2 bd0f175ee98c613e ae94d8435a6847f4
277,f44f74b3451aa593 16b11706660177ff abf90e759d208468 f25bfcffedaccf28 9b0e8cf8153e3b33 62431fd374eb99fb 393f49286db04aeb f29eee8054c061e1 0db6584e3bdfa1c4 4beacc71024f8b08 f2b5098ac9c92da9 65fac1ba1840000f d46598813fb437e5 a292248bb2bffb3d 4d32dae7b43c489a 942a7d26d81c841f 24e582daf6f87158 5048a37f10cf2d91 d1e21234d7cc61d2 8faeacf8ca08f62d 47fbe21f5c35c7b4 a860b682add9de1c b05b5f6850cfa158 1dc7139adba034ec 0eedb1a0d3b8ddae 702d8f1064ab3e30 c28bc62802b90f82 3986b68500d7704b 3fa57d488e979d74 ff88049e61f0f4ef
278,8e0cc5199a0ee659 3a6e7894dde31c67 7155e5a86136eb02 4d954d933e606b70 fa173131f15f5534 72c2a95813ea72bd 4f31209941bb05fc 6899956cd6c683f0 c96049ed915ced0a 54a11cbcd7a32af4 00e1e2eb13f650e4 b84b6c0b2e4d0306 10ad13170242ecae a853f13216170123 d5952b2e031c4e7e 34a62e66e05f9a44 3b4a85bac6ead3c8 47fbe21f5c35c7b4 bbbd5d2fd957e8f7 5fb2d8e734956af0 52370bea1acd0600 4d7653ea9499eed4 9a0f5ee4f845c9b2 0bcaac840d5e66d7 c28bc62802b90f82 702d8f1064ab3e30 3986b68500d7704b 3fa57d488e979d74 ff88049e61f0f4ef bd713b37b67866c3
279,00d9f8d3f7d412b3 bbbd5d2fd957e8f7 dac29ed8400b50cc 9c9a9d45c2ea7ddf ee3ed9a3f51336cd 5a1149fbcbd37376 74873b42602d8958 853e36b1550c6274 4d9214c0925e5af8 46315cf30aaee51c c606425856952286 0688c790d5806540 016da874bd04df55 74244a8703c03720 61ba7707ef6a5a99 18b1d2d84c97a364 65fac1ba1840000f 047769588be1aea9 5867d40811c0229f 4c0eee2c1a5e76e2 26f72a4eb15ea8c0 351c9da399c2b915 fc16a50ff0baec53 428f9363fa35882d b05b5f6850cfa158 0eedb1a0d3b8ddae c28bc62802b90f82 0bcaac840d5e66d7 702d8f1064ab3e30 3986b68500d7704b
280,db7342eff9200020 a017f3358d5327aa d216e5458ad70e60 40583079f57235a6 0772e3ab293a1f30 9b2adcf4041227d7 a5f55580081236f4 64b31699d7d15934 a52df8083c238c46 1f4f62844c3cb99c b29ab87af6ea6310 09660f466b38b7ba 54f55c74d37db3c0 c28bc62802b90f82 b3ad55963554f220 cc861214a89ef1f4 54a11cbcd7a32af4 00e1e2eb13f650e4 b84b6c0b2e4d0306 d5952b2e031c4e7e 34a62e66e05f9a44 d46598813fb437e5 f58ff7f1a6cde683 7b81f1f2b6ec2e5f b05b5f6850cfa158 0eedb1a0d3b8ddae 702d8f1064ab3e30 0bcaac840d5e66d7 47fbe21f5c35c7b4 9a0f5ee4f845c9b2
281,0eedb1a0d3b8ddae bbbd5d2fd957e8f7 47fbe21f5c35c7b4 52370bea1acd0600 4d7653ea9499eed4 9a0f5ee4f845c9b2 0bcaac840d5e66d7 c28bc62802b90f82 90ecb28f2edb9d43 3986b68500d7704b 3fa57d488e979d74 ff88049e61f0f4ef e0269da736ddf004 bd713b37b67866c3 fd30682593995748 2a06f5614060e3b6 39f6296778264878 e25a1da6ca187350 702d8f1064ab3e30 e36475c1af5ea3ab e7cad3748e50b0f8 0708923badf2ff5d 734dabb98795c35c 942a7d26d81c841f bd0f175ee98c613e ae94d8435a6847f4 b6d0f83aad4e4dc7 cea18be9a89d7a81 622f2e4119882c94 4b8c7061102517ef
282,0683b6a78f54be75 5430097e23000368 35488b3b8b781278 ee3ed9a3f51336cd 6461a9faa871b3ac 7cea1f637ea3f37d 52e459a551d4ac2d d257d1fbcf43abd5 9d5edf3b993fee50 db0e648651f4c92b d92c0298f76ccf77 bbbd5d2fd957e8f7 ae77487a89f2610c 42a5cae2a3a45557 e36475c1af5ea3ab 7d83ffe83f61bdc4 49b5678e0d1e5bcd 0220a434aa8bf029 4d32dae7b43c489a 24e582daf6f87158 8faeacf8ca08f62d 47fbe21f5c35c7b4 393f49286db04aeb a860b682add9de1c b05b5f6850cfa158 1dc7139adba034ec 0eedb1a0d3b8ddae a04d6febd82a4389 702d8f1064ab3e30 3986b68500d7704b
283,9269d2b0d877352d e8ad5e31484ef889 430feb4826a5632e e22c35101e190db9 9cf6709de35bf0f3 48f93f9c2c699e19 4e966bb2768c2b8a 3734d3b0b9232538 9113e9dc940fb287 a9dad59c7055b56c bc2ae5f4e5d53e00 d3c4a7db726191e0 2e031d83339759b2 22dc81380cf4baec 4491016efed845f1 29bedd00fb2be056 419b5dc40744fb9b 050544c040f46152 cc0c9419f8a20603 0079f3c74309b582 765c0695339c3abe 0eedb1a0d3b8ddae 0b0021aa60d05daa 3b4a85bac6ead3c8 b05b5f6850cfa158 0bcaac840d5e66d7 9a0f5ee4f845c9b2 c28bc62802b90f82 702d8f1064ab3e30 3fa57d488e979d74
284,d1e21234d7cc61d2 9c9ebf71707d7a37 e8b87ed7db1bcb1f 49b5678e0d1e5bcd 0220a434aa8bf029 2359719a0f40ffac 5430097e23000368 f2e30efbd27bee51 f48d0fbea7dc2782 ee3ed9a3f51336cd 0683b6a78f54be75 65d44c6393907290 7cea1f637ea3f37d 6461a9faa871b3ac 52e459a551d4ac2d d257d1fbcf43abd5 9d5edf3b993fee50 db0e648651f4c92b d92c0298f76ccf77 83b911ff0ff45844 bbbd5d2fd957e8f7 ae77487a89f2610c 35488b3b8b781278 f29eee8054c061e1 047769588be1aea9 42a5cae2a3a45557 e36475c1af5ea3ab acae1d29289b1266 9100ea6cd0e084bf 9b2adcf4041227d7
285,d216e5458ad70e60 1398b478b71773ed 6a9aa1bd93e36e66 6406fcdb7d87b5dc 07f22a7ad7e4711d 1dc7139adba034ec f6d23cdd2359f7c0 d1e21234d7cc61d2 1d0f5fdc58e3efb5 0683b6a78f54be75 7155e5a86136eb02 a292248bb2bffb3d 2e031d83339759b2 4d32dae7b43c489a e740c80fce094788 666bdff4faa513ca 24e582daf6f87158 5048a37f10cf2d91 a853f13216170123 5430097e23000368 8faeacf8ca08f62d 47fbe21f5c35c7b4 3b4a85bac6ead3c8 393f49286db04aeb a860b682add9de1c 0eedb1a0d3b8ddae af8e70f978cd5aee 00140806971e7a73 5ebb4d2f5f1c1f13 c28bc62802b90f82
286,c1f2e3a76d388944 fd57e641d06ebda7 387e9cd2e5d4ea7d b84b6c0b2e4d0306 522bd6887960c25d 455fde214d16d350 f209d29f991432f0 2e4b00c01d58e79e 828f5dfbbf1272ee 83f8f2fc471cad74 4d7653ea9499eed4 34a62e66e05f9a44 050544c040f46152 1efd7bd8a34a1359 8e0cc5199a0ee659 cc0c9419f8a20603 72c2a95813ea72bd 4f31209941bb05fc 6899956cd6c683f0 c96049ed915ced0a 10ad13170242ecae a853f13216170123 fd30682593995748 ae94d8435a6847f4 bd713b37b67866c3 e0269da736ddf004 b6d0f83aad4e4dc7 ff88049e61f0f4ef b24820ae14e16a24 2a06f5614060e3b6
287,bc2ae5f4e5d53e00 a9dad59c7055b56c fd57e641d06ebda7 b24820ae14e16a24 9b2adcf4041227d7 0eedb1a0d3b8ddae b05b5f6850cfa158 3b4a85bac6ead3c8 52370bea1acd0600 4d7653ea9499eed4 9a0f5ee4f845c9b2 0bcaac840d5e66d7 c28bc62802b90f82 702d8f1064ab3e30 3986b68500d7704b 3fa57d488e979d74 ff88049e61f0f4ef e0269da736ddf004 bd713b37b67866c3 fd30682593995748 39f6296778264878 47fbe21f5c35c7b4 0708923badf2ff5d 734dabb98795c35c 942a7d26d81c841f bd0f175ee98c613e ae94d8435a6847f4 b6d0f83aad4e4dc7 622f2e4119882c94 4b8c7061102517ef
288,3986b68500d7704b 26140b225c4f8d3f 413c55a5ab86881a 4d9214c0925e5af8 b3ad55963554f220 ebfda3b48083e390 52370bea1acd0600 b0bfe0f426275870 3b4a85bac6ead3c8 238de368bb05c0ec c5830f9d0f1e29e5 95ecdbff44ad0b60 8faeacf8ca08f62d ae77487a89f2610c 1d0f5fdc58e3efb5 d0f6c00eec5eb973 7155e5a86136eb02 a9223c28b10c131f b6a1c97f19af78d0 2e031d83339759b2 8abe670908f12614 3cb6b40d377e7ca8 a2805ed52b47b8ec b6e646c13d0753ae af41e2b6da3e7e02 3e8e56f639a5db5b bd713b37b67866c3 e0269da736ddf004 fd30682593995748 bd0f175ee98c613e
289,40583079f57235a6 0897dcfae16e280f d46598813fb437e5 64b31699d7d15934 a52df8083c238c46 1f4f62844c3cb99c b29ab87af6ea6310 54f55c74d37db3c0 09660f466b38b7ba 16b11706660177ff abf90e759d208468 f25bfcffedaccf28 c28bc62802b90f82 b3ad55963554f220 cc861214a89ef1f4 393f49286db04aeb 0db6584e3bdfa1c4 26fc2a95df5659c2 6d80d2e62d01f6bc 0451447dd64f6284 65fac1ba1840000f f58ff7f1a6cde683 8faeacf8ca08f62d c49d8f84a4f87f8a 7b81f1f2b6ec2e5f 2901e5309bb3f8f6 4d32dae7b43c489a 942a7d26d81c841f 24e582daf6f87158 5430097e23000368
290,bd9cd6b87a4fe0ce 35488b3b8b781278 d92c0298f76ccf77 3fa57d488e979d74 42a5cae2a3a45557 43c354dbf952caaa 5430097e23000368 0683b6a78f54be75 2e031d83339759b2 765c0695339c3abe a492bd402afd5c71 ae77487a89f2610c 9f4e0d572b1f4e6c 4d29c6922b2d0d56 96445bec1579ec97 dc12cc503ac0eddb bf3ccaba4a3450a8 4d9214c0925e5af8 8faeacf8ca08f62d de8e1345e8c305c4 27bc34b9887bec0d 4522ad78bf79f0c9 ee3ed9a3f51336cd ddb3810e0289c148 5867d40811c0229f 7155e5a86136eb02 7cea1f637ea3f37d 6461a9faa871b3ac 52e459a551d4ac2d d257d1fbcf43abd5
291,73f770f2643a2135 ae94d8435a6847f4 430feb4826a5632e 702d8f1064ab3e30 74244a8703c03720 b8e2f75014710ced 54a11cbcd7a32af4 00e1e2eb13f650e4 4d32dae7b43c489a 8e0cc5199a0ee659 b84b6c0b2e4d0306 f58ff7f1a6cde683 cc0c9419f8a20603 24e582daf6f87158 d5952b2e031c4e7e 34a62e66e05f9a44 72c2a95813ea72bd 8faeacf8ca08f62d 47fbe21f5c35c7b4 0eedb1a0d3b8ddae 393f49286db04aeb 4f31209941bb05fc 6899956cd6c683f0 a860b682add9de1c c96049ed915ced0a b05b5f6850cfa158 10ad13170242ecae a853f13216170123 1dc7139adba034ec 3fa57d488e979d74
292,781f4d0147aef776 e7cad3748e50b0f8 853e36b1550c6274 c606425856952286 46315cf30aaee51c 0688c790d5806540 016da874bd04df55 74244a8703c03720 65fac1ba1840000f 047769588be1aea9 5867d40811c0229f d72363ddd958d906 40583079f57235a6 88b62355670ec8f8 4d9214c0925e5af8 b6cdb608f640e038 1d0f5fdc58e3efb5 a52df8083c238c46 64b31699d7d15934 36d33c41812ce7dc c810ac016901e8ac 1f4f62844c3cb99c b29ab87af6ea6310 54f55c74d37db3c0 09660f466b38b7ba a04d6febd82a4389 b3e75fdca5ca2f1a a14394322cf7043d 095bb1b6ecbd0a50 351c9da399c2b915
293,cc861214a89ef1f4 ecb768ef6fd223ca 22e8d6734e4121ae 9f4e0d572b1f4e6c af8e70f978cd5aee 4105533fe46dfba9 6cb9ab508a0678a0 fab14d178b24a67f 354d7a327bbcc152 e7828f0ea9749505 40583079f57235a6 059bbdbdb843af6a 4bed80e56ea2e099 05e4165a56bf50eb 976baf0e84752a68 919b1679fffa7ef1 2820628e65a062e2 853e36b1550c6274 1c3b74a02a86467d 8566d15270eb5e83 9fda36f260eec24e 4d9214c0925e5af8 628accd9be98503c c606425856952286 46315cf30aaee51c 1a8e5d6512d9e2d8 6461a9faa871b3ac 7cea1f637ea3f37d 0688c790d5806540 50ba507a268872e1
294,74244a8703c03720 01104a026d22ae55 b6cdb608f640e038 36d33c41812ce7dc c810ac016901e8ac a04d6febd82a4389 ff88049e61f0f4ef 095bb1b6ecbd0a50 b3e75fdca5ca2f1a a14394322cf7043d 025a148c3a53bd9f 39075e303166355e 7e4a4a1300b77a06 e14a893f1918277e c6b615b2589e036d 2810fb6f81d1711c 853e36b1550c6274 238ec735a13a3f09 b78189788d563693 316382267dcd804f c606425856952286 46315cf30aaee51c 0688c790d5806540 27a12f29dceccdbd 73f770f2643a2135 016da874bd04df55 ae94d8435a6847f4 976baf0e84752a68 d64c06baf5ef1c90 83f8aca6ee2caabc
295,451e7ba901ad661d 0b774cf90856c4da 37001ade0df85823 a84cd36608cb8665 3d93a60f990a0a7c 796888cc3443006c 680bb5c5c3bb6ee1 ce0f56b7190c268a 9a439fd1abf95245 64907c4568244eb4 bc27d5dc9bab1c18 148ac4a56a18844d 3fa57d488e979d74 2b48ab08c915c0ad 65254e0d209fd66e fd30682593995748 00d9f8d3f7d412b3 e740c80fce094788 a1314cd417504572 781aaf62a955e4e8 d72363ddd958d906 fc16a50ff0baec53 3c0873ce078d332b 95166957b2c38794 486dd77002936dec b05b5f6850cfa158 0eedb1a0d3b8ddae ff88049e61f0f4ef 0772e3ab293a1f30 3986b68500d7704b
296,393f49286db04aeb 16b11706660177ff abf90e759d208468 05f23e7d05dbf7c2 72403ecdfe02bba6 f2234bb7ce0c6f59 f25bfcffedaccf28 4d32dae7b43c489a 0d0368139e9a647f 0db6584e3bdfa1c4 b6d0f83aad4e4dc7 0fbd0f422e926816 24e582daf6f87158 316382267dcd804f 65fac1ba1840000f 796888cc3443006c 8faeacf8ca08f62d d35e11d3d1ab3c67 63d95d5977c2fe98 47fbe21f5c35c7b4 26fc2a95df5659c2 5b16bae6a0de7c88 73391e0853c1e040 387e9cd2e5d4ea7d 33856365c271aea4 d46598813fb437e5 70776cdd9bb3b7d4 5a1149fbcbd37376 9d5edf3b993fee50 a860b682add9de1c
297,e461837f0fb35048 4fe9e4e55585ba4b 6aefb6531736648a 734dabb98795c35c c143c095983a65c2 3d93a60f990a0a7c 65254e0d209fd66e 5430097e23000368 a292248bb2bffb3d ae000f9d0b5e104e 9c9a9d45c2ea7ddf 486dd77002936dec d1e21234d7cc61d2 3b4a85bac6ead3c8 0eedb1a0d3b8ddae 9a0f5ee4f845c9b2 39f6296778264878 0bcaac840d5e66d7 fd30682593995748 c28bc62802b90f82 bd713b37b67866c3 3986b68500d7704b 3fa57d488e979d74 ff88049e61f0f4ef e0269da736ddf004 702d8f1064ab3e30 bd0f175ee98c613e ae94d8435a6847f4 b6d0f83aad4e4dc7 b24820ae14e16a24
298,40583079f57235a6 27a12f29dceccdbd a813c15b46ceaf68 4d32dae7b43c489a 2e4b00c01d58e79e 0a79fabc6f5d93c9 abf90e759d208468 4f915ad69e1dca36 666bdff4faa513ca c49d8f84a4f87f8a f58ff7f1a6cde683 b6cdb608f640e038 24e582daf6f87158 855f2f0354e102c7 b6a1c97f19af78d0 64b31699d7d15934 a52df8083c238c46 36d33c41812ce7dc c810ac016901e8ac 1f4f62844c3cb99c b29ab87af6ea6310 54f55c74d37db3c0 09660f466b38b7ba a04d6febd82a4389 e22c35101e190db9 4b29fc21f912754d 106204cd0e07e1b2 c1f2e3a76d388944 dc12cc503ac0eddb feddfcf56818968e
299,d1e21234d7cc61d2 9c9ebf71707d7a37 e8b87ed7db1bcb1f 49b5678e0d1e5bcd 0220a434aa8bf029 5bf89d11a25121d9 351c9da399c2b915 2359719a0f40ffac d6ed7e4b14c51296 f2e30efbd27bee51 5430097e23000368 ee3ed9a3f51336cd 0683b6a78f54be75 6461a9faa871b3ac 7cea1f637ea3f37d 52e459a551d4ac2d d257d1fbcf43abd5 9d5edf3b993fee50 db0e648651f4c92b d92c0298f76ccf77 bbbd5d2fd957e8f7 ae77487a89f2610c 35488b3b8b781278 42a5cae2a3a45557 e36475c1af5ea3ab 7d83ffe83f61bdc4 0eedb1a0d3b8ddae c5830f9d0f1e29e5 95ecdbff44ad0b60 8faeacf8ca08f62d
300,04fda7c9d8971ec0 ced9c56f2be86774 64907c4568244eb4 5dd752753760ced8 781f4d0147aef776 d72363ddd958d906 2b48ab08c915c0ad fd30682593995748 00d9f8d3f7d412b3 a1314cd417504572 4d32dae7b43c489a c015590d6a6fe833 6c017e548aa138f2 00140806971e7a73 36d33c41812ce7dc c810ac016901e8ac a04d6febd82a4389 ca4de5b8a7bda9df 8f578001f9d5f543 8fc68213b63951dc d7d937303a6d5a9d eec6b281e236b500 bed3e73d52011f68 01e5a6edcee7deb0 20d283a232dfd13c e878efab7c37179e 90ecb28f2edb9d43 b6d0f83aad4e4dc7 0fbd0f422e926816 01020d1b0821f4c7
301,5430097e23000368 0683b6a78f54be75 35488b3b8b781278 c1f2e3a76d388944 3b4a85bac6ead3c8 0eedb1a0d3b8ddae 47fbe21f5c35c7b4 e25a1da6ca187350 2a06f5614060e3b6 52370bea1acd0600 4d7653ea9499eed4 9a0f5ee4f845c9b2 c28bc62802b90f82 bbbd5d2fd957e8f7 702d8f1064ab3e30 3986b68500d7704b 3fa57d488e979d74 ff88049e61f0f4ef e0269da736ddf004 bd713b37b67866c3 fd30682593995748 0bcaac840d5e66d7 e36475c1af5ea3ab 0708923badf2ff5d 734dabb98795c35c 942a7d26d81c841f bd0f175ee98c613e ae94d8435a6847f4 b6d0f83aad4e4dc7 b24820ae14e16a24
302,8643165b0f53df11 95d25d38ba7df9c7 74244a8703c03720 4d32dae7b43c489a 8faeacf8ca08f62d 393f49286db04aeb 73f770f2643a2135 ae94d8435a6847f4 24e582daf6f87158 ac9ee0c09b538140 430feb4826a5632e 702d8f1064ab3e30 2cebd52b41930f0a 29bedd00fb2be056 e4a7a996ed6a5a81 4bed80e56ea2e099 50806199c80e215c 47fbe21f5c35c7b4 377c1150c781e37a b8e2f75014710ced a2805ed52b47b8ec 050544c040f46152 106204cd0e07e1b2 feddfcf56818968e a860b682add9de1c f58ff7f1a6cde683 9269d2b0d877352d 27bc34b9887bec0d b6e646c13d0753ae ce2fe99a7cda4a17
303,05f23e7d05dbf7c2 f2234bb7ce0c6f59 72403ecdfe02bba6 0d0368139e9a647f 0fbd0f422e926816 b6d0f83aad4e4dc7 796888cc3443006c 316382267dcd804f 33856365c271aea4 d35e11d3d1ab3c67 63d95d5977c2fe98 26fc2a95df5659c2 5b16bae6a0de7c88 73391e0853c1e040 46b99f864d6a075a 387e9cd2e5d4ea7d f705b637f624147e 70776cdd9bb3b7d4 5a1149fbcbd37376 5b34da30b93eb123 b749972436ac9791 9d5edf3b993fee50 a9eef13786610446 c08c3765ac609cc0 ffc688c4c1c2a068 0eafda717681bbdc 3ca7964973437917 4d417b203b333363 74e59c5820900b17 dc12cc503ac0eddb
304,9b0e8cf8153e3b33 3a6e7894dde31c67 585f4ee09d8fea46 0c2eeab1e4ce1db8 4d32dae7b43c489a 8e0cc5199a0ee659 24e582daf6f87158 52e459a551d4ac2d fa173131f15f5534 72c2a95813ea72bd 8faeacf8ca08f62d 047769588be1aea9 47fbe21f5c35c7b4 f1a3b8b13e9401c0 0451447dd64f6284 393f49286db04aeb 4f31209941bb05fc 6899956cd6c683f0 a860b682add9de1c c96049ed915ced0a 54a11cbcd7a32af4 00e1e2eb13f650e4 b84b6c0b2e4d0306 10ad13170242ecae a853f13216170123 1dc7139adba034ec d5952b2e031c4e7e 34a62e66e05f9a44 0eedb1a0d3b8ddae 3b4a85bac6ead3c8
305,c5830f9d0f1e29e5 a2805ed52b47b8ec b6e646c13d0753ae 95ecdbff44ad0b60 8faeacf8ca08f62d 1d0f5fdc58e3efb5 486dd77002936dec 8abe670908f12614 3cb6b40d377e7ca8 a292248bb2bffb3d c015590d6a6fe833 54a11cbcd7a32af4 00e1e2eb13f650e4 8e0cc5199a0ee659 b84b6c0b2e4d0306 d5952b2e031c4e7e 3e8e56f639a5db5b d1e21234d7cc61d2 34a62e66e05f9a44 04886579947a80c2 455fde214d16d350 72c2a95813ea72bd 5430097e23000368 3b4a85bac6ead3c8 4f31209941bb05fc 6899956cd6c683f0 c96049ed915ced0a 10ad13170242ecae a853f13216170123 c28bc62802b90f82
306,ee3ed9a3f51336cd 7d83ffe83f61bdc4 6461a9faa871b3ac 7cea1f637ea3f37d a1314cd417504572 52e459a551d4ac2d 238ec735a13a3f09 bbbd5d2fd957e8f7 65fac1ba1840000f e7828f0ea9749505 8abe670908f12614 fd30682593995748 00d9f8d3f7d412b3 4d29c6922b2d0d56 da904d2a54ff8cf2 4483bbdd3241f11a 5430097e23000368 0683b6a78f54be75 d257d1fbcf43abd5 9d5edf3b993fee50 db0e648651f4c92b d92c0298f76ccf77 ae77487a89f2610c 35488b3b8b781278 42a5cae2a3a45557 e36475c1af5ea3ab 49b5678e0d1e5bcd 0220a434aa8bf029 3b4a85bac6ead3c8 9c9a9d45c2ea7ddf
307,ce8cb4351b8c0f6e 04886579947a80c2 d1e21234d7cc61d2 1d0f5fdc58e3efb5 0683b6a78f54be75 a65e30106ea50423 ced9c56f2be86774 e740c80fce094788 666bdff4faa513ca a853f13216170123 58654e3143c6550b b26d8664feb18c8c 22dc81380cf4baec d46598813fb437e5 061f3e1feeaa3094 54a11cbcd7a32af4 42bb83d7c4b9ecae 0add47a043c64d7f b1dcaca98bb76736 c015590d6a6fe833 6c017e548aa138f2 bd0f175ee98c613e a04d6febd82a4389 95d25d38ba7df9c7 90ecb28f2edb9d43 25145708d494530b ae94d8435a6847f4 a14394322cf7043d b3e75fdca5ca2f1a 095bb1b6ecbd0a50
308,66ccd03c9e03ac06 a292248bb2bffb3d d1e21234d7cc61d2 5430097e23000368 c5830f9d0f1e29e5 95ecdbff44ad0b60 8faeacf8ca08f62d 1d0f5fdc58e3efb5 8abe670908f12614 3cb6b40d377e7ca8 a2805ed52b47b8ec b6e646c13d0753ae 3e8e56f639a5db5b 734dabb98795c35c 52370bea1acd0600 4d7653ea9499eed4 9a0f5ee4f845c9b2 0bcaac840d5e66d7 c28bc62802b90f82 47fbe21f5c35c7b4 3986b68500d7704b 3fa57d488e979d74 ff88049e61f0f4ef e0269da736ddf004 bd713b37b67866c3 fd30682593995748 fc21db75b354a917 2a06f5614060e3b6 702d8f1064ab3e30 cea18be9a89d7a81
309,055d895a3b26e466 4b8c7061102517ef bbbd5d2fd957e8f7 74873b42602d8958 9c9a9d45c2ea7ddf 00d9f8d3f7d412b3 4c0eee2c1a5e76e2 26f72a4eb15ea8c0 a292248bb2bffb3d d1e21234d7cc61d2 b05b5f6850cfa158 0eedb1a0d3b8ddae 0bcaac840d5e66d7 c28bc62802b90f82 702d8f1064ab3e30 3986b68500d7704b ff88049e61f0f4ef e0269da736ddf004 bd713b37b67866c3 fd30682593995748 2a06f5614060e3b6 e25a1da6ca187350 3fa57d488e979d74 734dabb98795c35c 942a7d26d81c841f bd0f175ee98c613e ae94d8435a6847f4 b6d0f83aad4e4dc7 b24820ae14e16a24 622f2e4119882c94
310,8e83d05923cde390 249bf372159f33e9 0e45c4c185f35df6 dc17b07476183764 54a11cbcd7a32af4 00e1e2eb13f650e4 b84b6c0b2e4d0306 cc0c9419f8a20603 d5952b2e031c4e7e 34a62e66e05f9a44 0eedb1a0d3b8ddae bd713b37b67866c3 e0269da736ddf004 ff88049e61f0f4ef 3fa57d488e979d74 3986b68500d7704b 702d8f1064ab3e30 c28bc62802b90f82 fd30682593995748 2a06f5614060e3b6 0bcaac840d5e66d7 9a0f5ee4f845c9b2 4d7653ea9499eed4 52370bea1acd0600 e7cad3748e50b0f8 734dabb98795c35c 942a7d26d81c841f bd0f175ee98c613e ae94d8435a6847f4 b6d0f83aad4e4dc7
311,3734d3b0b9232538 1f423f368aebf7f3 4d32dae7b43c489a 24e582daf6f87158 0079f3c74309b582 c1f2e3a76d388944 765c0695339c3abe 8faeacf8ca08f62d 47fbe21f5c35c7b4 393f49286db04aeb a860b682add9de1c 8e0cc5199a0ee659 1dc7139adba034ec 72c2a95813ea72bd 98dbd15aa33ebc18 bee46c54461925d0 eff60ceea8817dad 3b4a85bac6ead3c8 e36475c1af5ea3ab da7d3c2d591c4295 4f31209941bb05fc 6899956cd6c683f0 c96049ed915ced0a 10ad13170242ecae a853f13216170123 0eedb1a0d3b8ddae 0bcaac840d5e66d7 9a0f5ee4f845c9b2 4d7653ea9499eed4 c28bc62802b90f82
312,6e239f4dd4b6aed7 d35e11d3d1ab3c67 6aefb6531736648a 522bd6887960c25d 0fbd0f422e926816 b6d0f83aad4e4dc7 fb2ebcb5335ad2e2 316382267dcd804f 74e59c5820900b17 622f2e4119882c94 50ba507a268872e1 63d95d5977c2fe98 f2e30efbd27bee51 8faeacf8ca08f62d f46601a9955f9949 955e465ce0788ea6 0eafda717681bbdc 73391e0853c1e040 acae1d29289b1266 b05b5f6850cfa158 538c7bb968b2154c 72403ecdfe02bba6 f2234bb7ce0c6f59 05f23e7d05dbf7c2 3ca7964973437917 f705b637f624147e b50b4e27b03c7b37 5a1149fbcbd37376 61ba7707ef6a5a99 b749972436ac9791
313,e7cad3748e50b0f8 88b62355670ec8f8 8a5635c748344d47 b05b5f6850cfa158 0eedb1a0d3b8ddae 52370bea1acd0600 c31a456b544a40a8 4d7653ea9499eed4 9a0f5ee4f845c9b2 0bcaac840d5e66d7 c28bc62802b90f82 39f6296778264878 3986b68500d7704b 3fa57d488e979d74 ff88049e61f0f4ef e0269da736ddf004 bd713b37b67866c3 fd30682593995748 2a06f5614060e3b6 702d8f1064ab3e30 0708923badf2ff5d 734dabb98795c35c 942a7d26d81c841f bd0f175ee98c613e ae94d8435a6847f4 b6d0f83aad4e4dc7 b24820ae14e16a24 622f2e4119882c94 4b8c7061102517ef e25a1da6ca187350
314,796888cc3443006c 95ecdbff44ad0b60 680bb5c5c3bb6ee1 26fc2a95df5659c2 54a11cbcd7a32af4 395b26d91f98bd92 c5830f9d0f1e29e5 ce0f56b7190c268a 8faeacf8ca08f62d 148ac4a56a18844d b05b5f6850cfa158 1d0f5fdc58e3efb5 3fa57d488e979d74 6d80d2e62d01f6bc 853e36b1550c6274 b6e646c13d0753ae 8abe670908f12614 3cb6b40d377e7ca8 e740c80fce094788 d3c4a7db726191e0 3e8e56f639a5db5b 0451447dd64f6284 2a06f5614060e3b6 dc12cc503ac0eddb f49e13a653cbdad2 b26d8664feb18c8c d5952b2e031c4e7e 22dc81380cf4baec c49d8f84a4f87f8a a2805ed52b47b8ec
315,49224aca40e6e5e3 9f4e0d572b1f4e6c 7f95168400948588 70ebf53ced736fa4 a492bd402afd5c71 eab15ee21e126f6a 24c47959ea77b15b a60934e6b473097a ebfda3b48083e390 25a3b47fe31bc6b5 587e0b2a4811fab1 5ebb4d2f5f1c1f13 e7828f0ea9749505 3cb6b40d377e7ca8 b05b5f6850cfa158 b26d8664feb18c8c 18ced18aee04c48e 28a2067685cb3e97 4bed80e56ea2e099 83b911ff0ff45844 919b1679fffa7ef1 0eafda717681bbdc db69d4cbfef8d22f 922e625fae98b3b9 de35d2410e916471 877672967d3f70bb 1c3b74a02a86467d 8566d15270eb5e83 0e45c4c185f35df6 c14d5b16840d3032
316,a65e30106ea50423 a292248bb2bffb3d ced9c56f2be86774 d1e21234d7cc61d2 58654e3143c6550b 7155e5a86136eb02 2e031d83339759b2 4d32dae7b43c489a 24e582daf6f87158 8faeacf8ca08f62d 47fbe21f5c35c7b4 393f49286db04aeb a860b682add9de1c 1dc7139adba034ec e25a1da6ca187350 2a06f5614060e3b6 0bcaac840d5e66d7 c28bc62802b90f82 9a0f5ee4f845c9b2 3986b68500d7704b 3fa57d488e979d74 ff88049e61f0f4ef e0269da736ddf004 bd713b37b67866c3 fd30682593995748 702d8f1064ab3e30 942a7d26d81c841f bd0f175ee98c613e ae94d8435a6847f4 b6d0f83aad4e4dc7
317,d6ed7e4b14c51296 8e0760918e88e4a9 27bc34b9887bec0d f05fa5f57dc03e81 9269d2b0d877352d 0220a434aa8bf029 e22c35101e190db9 9cf6709de35bf0f3 48f93f9c2c699e19 e36475c1af5ea3ab 9113e9dc940fb287 d3c4a7db726191e0 22dc81380cf4baec 4491016efed845f1 29bedd00fb2be056 5430097e23000368 7cea1f637ea3f37d 6461a9faa871b3ac f48d0fbea7dc2782 419b5dc40744fb9b 050544c040f46152 976baf0e84752a68 2820628e65a062e2 666bdff4faa513ca c49d8f84a4f87f8a 628accd9be98503c 1a8e5d6512d9e2d8 0b0021aa60d05daa b6a1c97f19af78d0 c11b97f245a9dfd0
318,74873b42602d8958 9c9a9d45c2ea7ddf bbbd5d2fd957e8f7 4c0eee2c1a5e76e2 26f72a4eb15ea8c0 96445bec1579ec97 00d9f8d3f7d412b3 a5d5ba33b5b1dc95 447fc00f40d71d08 7d83ffe83f61bdc4 a65e30106ea50423 ced9c56f2be86774 148ac4a56a18844d a492bd402afd5c71 8abe670908f12614 4d29c6922b2d0d56 9f4e0d572b1f4e6c 58654e3143c6550b 5430097e23000368 d73a65673e3f1d78 da904d2a54ff8cf2 4d9214c0925e5af8 de8e1345e8c305c4 d46598813fb437e5 27bc34b9887bec0d 4483bbdd3241f11a bc2552a642ce8497 c03b11a0cdc3fa39 4522ad78bf79f0c9 ddb3810e0289c148
319,b6cdb608f640e038 c810ac016901e8ac 36d33c41812ce7dc a04d6febd82a4389 59c231f8fd21260c b3e75fdca5ca2f1a a14394322cf7043d 095bb1b6ecbd0a50 025a148c3a53bd9f 39075e303166355e 2810fb6f81d1711c e14a893f1918277e c6b615b2589e036d 7e4a4a1300b77a06 853e36b1550c6274 238ec735a13a3f09 b78189788d563693 316382267dcd804f c606425856952286 46315cf30aaee51c 0688c790d5806540 27a12f29dceccdbd 016da874bd04df55 74244a8703c03720 976baf0e84752a68 d64c06baf5ef1c90 83f8aca6ee2caabc 5057551fc55e9ed2 2820628e65a062e2 d6bbbd6c4968075a
320,e5fb8dc5c9cb4a19 b8e2f75014710ced 4d32dae7b43c489a 6e1b6b53c9710940 24e582daf6f87158 8faeacf8ca08f62d 47fbe21f5c35c7b4 393f49286db04aeb a860b682add9de1c 1dc7139adba034ec 3b4a85bac6ead3c8 39f6296778264878 fd30682593995748 52370bea1acd0600 4d7653ea9499eed4 9a0f5ee4f845c9b2 c28bc62802b90f82 702d8f1064ab3e30 bd713b37b67866c3 e0269da736ddf004 3986b68500d7704b ff88049e61f0f4ef 3fa57d488e979d74 0bcaac840d5e66d7 734dabb98795c35c 942a7d26d81c841f bd0f175ee98c613e ae94d8435a6847f4 b6d0f83aad4e4dc7 b24820ae14e16a24
321,b7d7d9ae1cbe0d8a 3a6e7894dde31c67 a1314cd417504572 00ff646ca6637bd7 f44f74b3451aa593 b8e2f75014710ced 83f5a9732f0de67f 9b0e8cf8153e3b33 62431fd374eb99fb f29eee8054c061e1 354d7a327bbcc152 9b2adcf4041227d7 4beacc71024f8b08 5dd752753760ced8 666bdff4faa513ca c49d8f84a4f87f8a b6cdb608f640e038 b6a1c97f19af78d0 c810ac016901e8ac 36d33c41812ce7dc 0eedb1a0d3b8ddae a04d6febd82a4389 b3e75fdca5ca2f1a a14394322cf7043d 095bb1b6ecbd0a50 025a148c3a53bd9f 2810fb6f81d1711c e14a893f1918277e 7e4a4a1300b77a06 39075e303166355e
322,d1e21234d7cc61d2 1d0f5fdc58e3efb5 0683b6a78f54be75 a853f13216170123 e740c80fce094788 666bdff4faa513ca 50cb6a6c60ad711a ddf332f2b55a2a23 8e0cc5199a0ee659 0e45c4c185f35df6 09bbaa171c20bae3 03ed286136d7b3cf 83b911ff0ff45844 a492bd402afd5c71 1a05ef8c93af8eed 72c2a95813ea72bd b05b5f6850cfa158 ec4ef2f727e7a03f 3cb6b40d377e7ca8 cea18be9a89d7a81 3a6e7894dde31c67 0f33ce8d8014f308 c36c2dce0e6e434f b26d8664feb18c8c 7155e5a86136eb02 0688c790d5806540 5b4c879fc9c316fb 0eafda717681bbdc b9d966ad9e04127a ce0f56b7190c268a
323,877672967d3f70bb b1dcaca98bb76736 0add47a043c64d7f ec1b3d7ccd3984d0 f76f44d372517a9a 6204e398d8c7f888 e25a1da6ca187350 90ecb28f2edb9d43 01020d1b0821f4c7 ffa9091747ae2466 f9c6286cff30aaa8 4c3802a1bd3c842e 5c8c6d9a1fd4c1e0 65d44c6393907290 59bf6d6df9146d60 f44f74b3451aa593 0db6584e3bdfa1c4 cea18be9a89d7a81 9cf6709de35bf0f3 0f33ce8d8014f308 413c55a5ab86881a c36c2dce0e6e434f b78189788d563693 a65e30106ea50423 3c565c1fc2316d16 83b911ff0ff45844 29968e8fd13539f8 f46601a9955f9949 453bc79164d57a01 bb7515be835dea49
324,24e582daf6f87158 27888817db122597 942a7d26d81c841f 47fbe21f5c35c7b4 4d32dae7b43c489a 5547f9f1638ac345 e8b87ed7db1bcb1f 8faeacf8ca08f62d 419b5dc40744fb9b a292248bb2bffb3d b05b5f6850cfa158 9113e9dc940fb287 2394b08708475900 eff60ceea8817dad d3c4a7db726191e0 22dc81380cf4baec a2805ed52b47b8ec bb7515be835dea49 393f49286db04aeb d1e21234d7cc61d2 528161039994b4dc 99e833818ec4bbf2 6899956cd6c683f0 88b62355670ec8f8 a860b682add9de1c d16da1fb61813db9 97d696011258825c f209d29f991432f0 edc79e57b20e9036 bd0f175ee98c613e
325,964a50d33717c26d 8643165b0f53df11 29bedd00fb2be056 6899956cd6c683f0 1398b478b71773ed 19b4014943e0ad92 0c15f252d30646fc 6e12311169bcb24c 1f423f368aebf7f3 2e2904c5373734ae bd713b37b67866c3 447fc00f40d71d08 d0f6c00eec5eb973 1d0f5fdc58e3efb5 12af6a34778710db 0772e3ab293a1f30 a2805ed52b47b8ec 106204cd0e07e1b2 feddfcf56818968e 39f6296778264878 27bc34b9887bec0d ce2fe99a7cda4a17 395b26d91f98bd92 430feb4826a5632e a84cd36608cb8665 0bcaac840d5e66d7 81bd116c786bf9ae 4d29c6922b2d0d56 bc2ae5f4e5d53e00 a9dad59c7055b56c
326,83b911ff0ff45844 f29eee8054c061e1 a60934e6b473097a f48d0fbea7dc2782 acae1d29289b1266 3734d3b0b9232538 65d44c6393907290 07f22a7ad7e4711d 6a3919ad9ed8197e 9fbffc521da97c54 ddf332f2b55a2a23 eab15ee21e126f6a 047769588be1aea9 9100ea6cd0e084bf 09bbaa171c20bae3 0451447dd64f6284 ca43e349133fc0e3 3b4a85bac6ead3c8 16b11706660177ff a292248bb2bffb3d 4dba7ce835494a63 b6e646c13d0753ae e25a1da6ca187350 ec1b3d7ccd3984d0 6204e398d8c7f888 f76f44d372517a9a b05b5f6850cfa158 5430097e23000368 e878efab7c37179e bed3e73d52011f68
327,5d26da95786b3a3a 72c2a95813ea72bd 48cf88c17ff38c5e bc2ae5f4e5d53e00 a9dad59c7055b56c 148ac4a56a18844d 4f2fffd7528de786 3b4a85bac6ead3c8 3b6d27775fce1c7b 486dd77002936dec b24820ae14e16a24 a2c35fdf07a13286 c5830f9d0f1e29e5 95ecdbff44ad0b60 8faeacf8ca08f62d 1d0f5fdc58e3efb5 8abe670908f12614 3cb6b40d377e7ca8 a2805ed52b47b8ec b6e646c13d0753ae 3e8e56f639a5db5b c28bc62802b90f82 3986b68500d7704b 3fa57d488e979d74 ae94d8435a6847f4 ff88049e61f0f4ef e0269da736ddf004 bd713b37b67866c3 fd30682593995748 2a06f5614060e3b6
328,061f3e1feeaa3094 ce0f56b7190c268a f58ff7f1a6cde683 b6e646c13d0753ae 005666aa098abe8e fc16a50ff0baec53 50806199c80e215c 3734d3b0b9232538 1a05ef8c93af8eed 393f49286db04aeb cea18be9a89d7a81 796888cc3443006c 0f33ce8d8014f308 c36c2dce0e6e434f 6a3919ad9ed8197e 680bb5c5c3bb6ee1 9fbffc521da97c54 ddf332f2b55a2a23 0688c790d5806540 148ac4a56a18844d a492bd402afd5c71 5b4c879fc9c316fb b9d966ad9e04127a 3fa57d488e979d74 19b4014943e0ad92 9f4e0d572b1f4e6c fc21db75b354a917 45bd99d5d2eef776 09bbaa171c20bae3 589ef345cb2dccfc
329,f705b637f624147e 5b34da30b93eb123 b749972436ac9791 74e59c5820900b17 c08c3765ac609cc0 a9eef13786610446 ffc688c4c1c2a068 f46601a9955f9949 4d417b203b333363 3ca7964973437917 0eafda717681bbdc 6aac5e116b75aa22 5fb2d8e734956af0 dac29ed8400b50cc 005666aa098abe8e 6d80d2e62d01f6bc 65254e0d209fd66e 44d324ebd3e22ad7 fb2ebcb5335ad2e2 4f2fffd7528de786 b6d0f83aad4e4dc7 0fbd0f422e926816 622f2e4119882c94 73391e0853c1e040 50ba507a268872e1 63d95d5977c2fe98 05f23e7d05dbf7c2 f2234bb7ce0c6f59 72403ecdfe02bba6 0eedb1a0d3b8ddae
330,40583079f57235a6 1dc7139adba034ec fc21db75b354a917 a52df8083c238c46 64b31699d7d15934 1f4f62844c3cb99c b29ab87af6ea6310 09660f466b38b7ba 54f55c74d37db3c0 6406fcdb7d87b5dc 666bdff4faa513ca a292248bb2bffb3d c28bc62802b90f82 b3ad55963554f220 cc861214a89ef1f4 4d32dae7b43c489a 8e0cc5199a0ee659 8df3f13d6af34cb3 781f4d0147aef776 24e582daf6f87158 7155e5a86136eb02 d1e21234d7cc61d2 04886579947a80c2 5dd752753760ced8 9b2adcf4041227d7 d46598813fb437e5 72c2a95813ea72bd f58ff7f1a6cde683 b6cdb608f640e038 8faeacf8ca08f62d
331,d1e21234d7cc61d2 387e9cd2e5d4ea7d 1d0f5fdc58e3efb5 a853f13216170123 0683b6a78f54be75 c015590d6a6fe833 8e0cc5199a0ee659 e740c80fce094788 666bdff4faa513ca 72c2a95813ea72bd 4f31209941bb05fc 6899956cd6c683f0 c96049ed915ced0a 10ad13170242ecae 47fbe21f5c35c7b4 4d7653ea9499eed4 9a0f5ee4f845c9b2 0bcaac840d5e66d7 c28bc62802b90f82 702d8f1064ab3e30 3986b68500d7704b 3fa57d488e979d74 ff88049e61f0f4ef e0269da736ddf004 bd713b37b67866c3 fd30682593995748 39f6296778264878 52370bea1acd0600 734dabb98795c35c 942a7d26d81c841f
332,589ef345cb2dccfc 4d29c6922b2d0d56 daa257a37227cd72 bf3ccaba4a3450a8 5430097e23000368 4f915ad69e1dca36 4d32dae7b43c489a 10ad13170242ecae 73f770f2643a2135 ae94d8435a6847f4 24e582daf6f87158 430feb4826a5632e ae000f9d0b5e104e 9c9a9d45c2ea7ddf 702d8f1064ab3e30 74244a8703c03720 8faeacf8ca08f62d 47fbe21f5c35c7b4 b8e2f75014710ced 393f49286db04aeb a860b682add9de1c f58ff7f1a6cde683 95166957b2c38794 1dc7139adba034ec 0eedb1a0d3b8ddae bd713b37b67866c3 fd30682593995748 e0269da736ddf004 ff88049e61f0f4ef 3fa57d488e979d74
333,8faeacf8ca08f62d 65ad9c583823162d 65708d542bd01f39 af41e2b6da3e7e02 52aa48c07b34dc88 c5830f9d0f1e29e5 d216e5458ad70e60 95ecdbff44ad0b60 a65e30106ea50423 ced9c56f2be86774 1d0f5fdc58e3efb5 8abe670908f12614 3cb6b40d377e7ca8 5b16bae6a0de7c88 1dc7139adba034ec a2805ed52b47b8ec 07f22a7ad7e4711d 4d32dae7b43c489a 1398b478b71773ed 6a9aa1bd93e36e66 b84b6c0b2e4d0306 b6e646c13d0753ae 24e582daf6f87158 6aefb6531736648a 6406fcdb7d87b5dc 734dabb98795c35c 828f5dfbbf1272ee 83f8f2fc471cad74 c49d8f84a4f87f8a 34a62e66e05f9a44
334,a2805ed52b47b8ec 0db6584e3bdfa1c4 0bcaac840d5e66d7 ac9ee0c09b538140 4491016efed845f1 589ef345cb2dccfc 5dd752753760ced8 cb3e4ce97e7f2881 7c98dedd223b36c0 0683b6a78f54be75 16b11706660177ff 0add47a043c64d7f b1dcaca98bb76736 abf90e759d208468 c5830f9d0f1e29e5 95ecdbff44ad0b60 57113c2a4cacd961 4e966bb2768c2b8a 6c017e548aa138f2 f25bfcffedaccf28 a04d6febd82a4389 90ecb28f2edb9d43 feddfcf56818968e 5c8c6d9a1fd4c1e0 65d44c6393907290 db69d4cbfef8d22f 25145708d494530b 095bb1b6ecbd0a50 b3e75fdca5ca2f1a a14394322cf7043d
335,8b7c486a910dd004 bc27d5dc9bab1c18 ae94d8435a6847f4 cec2eea2a1fe566a 5c4b7558c942a224 e6a29676c096f8e8 bf973f9ec3600199 a0566ca9daca7778 9b0e8cf8153e3b33 b26d8664feb18c8c 22dc81380cf4baec 4beacc71024f8b08 061f3e1feeaa3094 54a11cbcd7a32af4 42bb83d7c4b9ecae 404031ab9d5977c4 0079f3c74309b582 dc17b07476183764 b1dcaca98bb76736 0add47a043c64d7f c015590d6a6fe833 6c017e548aa138f2 bd0f175ee98c613e a04d6febd82a4389 95d25d38ba7df9c7 90ecb28f2edb9d43 59c231f8fd21260c 25145708d494530b a14394322cf7043d b3e75fdca5ca2f1a
336,3e8e56f639a5db5b 8e0760918e88e4a9 447fc00f40d71d08 7eec211cc37a1b05 8699cc5dd4159b69 46b99f864d6a075a 60a070db9f1869b5 8643165b0f53df11 6899956cd6c683f0 395b26d91f98bd92 bd713b37b67866c3 d0f6c00eec5eb973 964a50d33717c26d af41e2b6da3e7e02 01b3da54ffb158a0 64267373570e4ea3 106204cd0e07e1b2 1398b478b71773ed 29bedd00fb2be056 ac9ee0c09b538140 19b4014943e0ad92 c1f2e3a76d388944 589ef345cb2dccfc 0b0021aa60d05daa 6e12311169bcb24c e4a7a996ed6a5a81 4bed80e56ea2e099 2e2904c5373734ae 3e66b4855d0dddbe 7f29daa16b9b4cda
337,16b11706660177ff a292248bb2bffb3d d216e5458ad70e60 73f770f2643a2135 abf90e759d208468 f25bfcffedaccf28 0db6584e3bdfa1c4 cc0c9419f8a20603 ae94d8435a6847f4 430feb4826a5632e 702d8f1064ab3e30 d1e21234d7cc61d2 a5f55580081236f4 74244a8703c03720 65fac1ba1840000f 393f49286db04aeb 3b4a85bac6ead3c8 4dba7ce835494a63 b8e2f75014710ced d46598813fb437e5 e25a1da6ca187350 f76f44d372517a9a 6204e398d8c7f888 ec1b3d7ccd3984d0 ca4de5b8a7bda9df 8f578001f9d5f543 bed3e73d52011f68 20d283a232dfd13c eec6b281e236b500 01e5a6edcee7deb0
338,3e8e56f639a5db5b 419b5dc40744fb9b 9113e9dc940fb287 d3c4a7db726191e0 22dc81380cf4baec 8e0760918e88e4a9 a2805ed52b47b8ec 3cb6b40d377e7ca8 7eec211cc37a1b05 b05b5f6850cfa158 6899956cd6c683f0 8699cc5dd4159b69 bb7515be835dea49 ac9ee0c09b538140 8643165b0f53df11 46b99f864d6a075a eff60ceea8817dad 99e833818ec4bbf2 447fc00f40d71d08 d16da1fb61813db9 97d696011258825c e4a7a996ed6a5a81 f209d29f991432f0 4bed80e56ea2e099 edc79e57b20e9036 bd0f175ee98c613e 95d25d38ba7df9c7 52370bea1acd0600 d257d1fbcf43abd5 9ab90dfc5c9b0b37
339,f1a3b8b13e9401c0 b1e47da7659b675c 48a76e3aff69d605 59c231f8fd21260c b6e72edcad270be0 72b80b099fd64ec4 a860b682add9de1c 1efd7bd8a34a1359 05e4165a56bf50eb 95166957b2c38794 7d83ffe83f61bdc4 dc12cc503ac0eddb 88b62355670ec8f8 daa257a37227cd72 e1460af4a7044067 01ecc81f6341e902 a813c15b46ceaf68 9b0e8cf8153e3b33 7eec211cc37a1b05 3a6e7894dde31c67 047769588be1aea9 d46598813fb437e5 0451447dd64f6284 8e0cc5199a0ee659 0eedb1a0d3b8ddae 72c2a95813ea72bd 3b4a85bac6ead3c8 4f31209941bb05fc 6899956cd6c683f0 c96049ed915ced0a
340,16b11706660177ff abf90e759d208468 f25bfcffedaccf28 0db6584e3bdfa1c4 65fac1ba1840000f 393f49286db04aeb d46598813fb437e5 238de368bb05c0ec 942a7d26d81c841f 9269d2b0d877352d 26fc2a95df5659c2 e22c35101e190db9 9cf6709de35bf0f3 6d80d2e62d01f6bc 48f93f9c2c699e19 9113e9dc940fb287 0451447dd64f6284 d3c4a7db726191e0 b6cdb608f640e038 22dc81380cf4baec 4491016efed845f1 29bedd00fb2be056 c49d8f84a4f87f8a c810ac016901e8ac 36d33c41812ce7dc a04d6febd82a4389 2901e5309bb3f8f6 a14394322cf7043d 095bb1b6ecbd0a50 b3e75fdca5ca2f1a
341,16b11706660177ff abf90e759d208468 f25bfcffedaccf28 65fac1ba1840000f 0db6584e3bdfa1c4 393f49286db04aeb c5830f9d0f1e29e5 d46598813fb437e5 f48d0fbea7dc2782 d216e5458ad70e60 0a79fabc6f5d93c9 942a7d26d81c841f 1d0f5fdc58e3efb5 26fc2a95df5659c2 a2805ed52b47b8ec 976baf0e84752a68 6d80d2e62d01f6bc 486dd77002936dec 853e36b1550c6274 2820628e65a062e2 3734d3b0b9232538 8a5635c748344d47 a5f55580081236f4 a860b682add9de1c 4d9214c0925e5af8 46315cf30aaee51c c606425856952286 b6e646c13d0753ae 0451447dd64f6284 0688c790d5806540
342,622f2e4119882c94 acae1d29289b1266 c49d8f84a4f87f8a b760ebc5f25788d3 f54ad8d1eb18212e 2901e5309bb3f8f6 a5f55580081236f4 ca43e349133fc0e3 aa967ad3c1f65a29 4f2fffd7528de786 f2b5098ac9c92da9 26fc2a95df5659c2 6d80d2e62d01f6bc 0451447dd64f6284 3b4a85bac6ead3c8 8e0cc5199a0ee659 72c2a95813ea72bd 98dbd15aa33ebc18 bee46c54461925d0 eff60ceea8817dad e36475c1af5ea3ab da7d3c2d591c4295 4f31209941bb05fc 6899956cd6c683f0 c96049ed915ced0a 10ad13170242ecae a853f13216170123 702d8f1064ab3e30 3986b68500d7704b 3fa57d488e979d74
343,a9dad59c7055b56c bc2ae5f4e5d53e00 b24820ae14e16a24 7155e5a86136eb02 2e031d83339759b2 486dd77002936dec c5830f9d0f1e29e5 95ecdbff44ad0b60 8faeacf8ca08f62d 1d0f5fdc58e3efb5 8abe670908f12614 3cb6b40d377e7ca8 a2805ed52b47b8ec b6e646c13d0753ae 3e8e56f639a5db5b bbbd5d2fd957e8f7 47fbe21f5c35c7b4 52370bea1acd0600 366a22fce0614fb8 4d7653ea9499eed4 9a0f5ee4f845c9b2 cea18be9a89d7a81 c28bc62802b90f82 702d8f1064ab3e30 3986b68500d7704b 3fa57d488e979d74 00e1e2eb13f650e4 ff88049e61f0f4ef e0269da736ddf004 0772e3ab293a1f30
344,5430097e23000368 5dd752753760ced8 e36475c1af5ea3ab ee3ed9a3f51336cd 0683b6a78f54be75 7cea1f637ea3f37d 6461a9faa871b3ac 52e459a551d4ac2d d257d1fbcf43abd5 9d5edf3b993fee50 db0e648651f4c92b 0eedb1a0d3b8ddae d92c0298f76ccf77 bbbd5d2fd957e8f7 ae77487a89f2610c 35488b3b8b781278 42a5cae2a3a45557 7d83ffe83f61bdc4 49b5678e0d1e5bcd 98dbd15aa33ebc18 bee46c54461925d0 0220a434aa8bf029 eff60ceea8817dad da7d3c2d591c4295 b05b5f6850cfa158 9a0f5ee4f845c9b2 8d58da0e1800dc96 4d7653ea9499eed4 522bd6887960c25d 1a05ef8c93af8eed
345,6e12311169bcb24c 29bedd00fb2be056 964a50d33717c26d 1398b478b71773ed 8643165b0f53df11 bd713b37b67866c3 5430097e23000368 19b4014943e0ad92 0683b6a78f54be75 6899956cd6c683f0 b26d8664feb18c8c 83f5a9732f0de67f 2e2904c5373734ae 1d0f5fdc58e3efb5 22dc81380cf4baec 447fc00f40d71d08 d0f6c00eec5eb973 061f3e1feeaa3094 54a11cbcd7a32af4 395b26d91f98bd92 35488b3b8b781278 42bb83d7c4b9ecae b05b5f6850cfa158 0add47a043c64d7f b1dcaca98bb76736 c015590d6a6fe833 6c017e548aa138f2 cc0c9419f8a20603 bd0f175ee98c613e a04d6febd82a4389
346,d1e21234d7cc61d2 9c9ebf71707d7a37 a0b1f4dd32f3e278 e8b87ed7db1bcb1f ba5199dba342af68 238de368bb05c0ec aa0789b403bcd839 2359719a0f40ffac 069e7e25e43deab3 430feb4826a5632e f2e30efbd27bee51 bc2ae5f4e5d53e00 a9dad59c7055b56c b6cdb608f640e038 49b5678e0d1e5bcd 36d33c41812ce7dc c810ac016901e8ac 0220a434aa8bf029 a04d6febd82a4389 b3e75fdca5ca2f1a a14394322cf7043d 095bb1b6ecbd0a50 7155e5a86136eb02 025a148c3a53bd9f 2e031d83339759b2 7e4a4a1300b77a06 2810fb6f81d1711c 39075e303166355e e14a893f1918277e c6b615b2589e036d
347,9100ea6cd0e084bf 047769588be1aea9 0451447dd64f6284 9c9a9d45c2ea7ddf a492bd402afd5c71 fa173131f15f5534 9f4e0d572b1f4e6c a860b682add9de1c 96445bec1579ec97 387e9cd2e5d4ea7d 4d9214c0925e5af8 de8e1345e8c305c4 27bc34b9887bec0d 4522ad78bf79f0c9 ddb3810e0289c148 5867d40811c0229f 5430097e23000368 a292248bb2bffb3d 8e0cc5199a0ee659 48a76e3aff69d605 b0bfe0f426275870 98dbd15aa33ebc18 50806199c80e215c 447fc00f40d71d08 ae77487a89f2610c 404031ab9d5977c4 ae000f9d0b5e104e d0f6c00eec5eb973 d1e21234d7cc61d2 942a7d26d81c841f
348,3d93a60f990a0a7c 65254e0d209fd66e f44f74b3451aa593 9b0e8cf8153e3b33 62431fd374eb99fb 40583079f57235a6 f29eee8054c061e1 4beacc71024f8b08 666bdff4faa513ca c49d8f84a4f87f8a b6a1c97f19af78d0 64b31699d7d15934 a52df8083c238c46 1f4f62844c3cb99c b29ab87af6ea6310 09660f466b38b7ba 54f55c74d37db3c0 c28bc62802b90f82 b3ad55963554f220 cc861214a89ef1f4 dc17b07476183764 4d32dae7b43c489a cc0c9419f8a20603 24e582daf6f87158 d46598813fb437e5 f58ff7f1a6cde683 8faeacf8ca08f62d 47fbe21f5c35c7b4 3b4a85bac6ead3c8 7b81f1f2b6ec2e5f
349,bee46c54461925d0 f0d53dcf0c296b57 c49d8f84a4f87f8a f54ad8d1eb18212e 3a6e7894dde31c67 486dd77002936dec c5830f9d0f1e29e5 95ecdbff44ad0b60 8faeacf8ca08f62d 1d0f5fdc58e3efb5 8abe670908f12614 3cb6b40d377e7ca8 a2805ed52b47b8ec b6e646c13d0753ae 3e8e56f639a5db5b 39f6296778264878 e25a1da6ca187350 2a06f5614060e3b6 ae94d8435a6847f4 b24820ae14e16a24 622f2e4119882c94 4b8c7061102517ef fd30682593995748 bd713b37b67866c3 af8e70f978cd5aee e0269da736ddf004 ff88049e61f0f4ef 3fa57d488e979d74 3986b68500d7704b 00140806971e7a73
350,5430097e23000368 ee3ed9a3f51336cd 0683b6a78f54be75 a18df74d3a16e9c0 7cea1f637ea3f37d 6461a9faa871b3ac f05fa5f57dc03e81 52e459a551d4ac2d d257d1fbcf43abd5 9d5edf3b993fee50 db0e648651f4c92b d92c0298f76ccf77 2e2904c5373734ae bbbd5d2fd957e8f7 ae77487a89f2610c 35488b3b8b781278 07d688f5e2142b87 42a5cae2a3a45557 e36475c1af5ea3ab aa0789b403bcd839 7d83ffe83f61bdc4 49b5678e0d1e5bcd 0220a434aa8bf029 4d32dae7b43c489a 8e0cc5199a0ee659 0eedb1a0d3b8ddae 24e582daf6f87158 72c2a95813ea72bd 8faeacf8ca08f62d 47fbe21f5c35c7b4
351,7b81f1f2b6ec2e5f d216e5458ad70e60 1f423f368aebf7f3 1398b478b71773ed 6a9aa1bd93e36e66 622f2e4119882c94 6406fcdb7d87b5dc acae1d29289b1266 b760ebc5f25788d3 07f22a7ad7e4711d f54ad8d1eb18212e a5f55580081236f4 ca43e349133fc0e3 1dc7139adba034ec c49d8f84a4f87f8a aa967ad3c1f65a29 2901e5309bb3f8f6 5430097e23000368 a292248bb2bffb3d ae000f9d0b5e104e 9c9a9d45c2ea7ddf d1e21234d7cc61d2 c5830f9d0f1e29e5 95ecdbff44ad0b60 8faeacf8ca08f62d 1d0f5fdc58e3efb5 8abe670908f12614 3cb6b40d377e7ca8 a2805ed52b47b8ec b6e646c13d0753ae
352,b6e72edcad270be0 455fde214d16d350 f48d0fbea7dc2782 65d44c6393907290 a292248bb2bffb3d 24e582daf6f87158 2394b08708475900 95166957b2c38794 83b911ff0ff45844 f29eee8054c061e1 d1e21234d7cc61d2 047769588be1aea9 528161039994b4dc acae1d29289b1266 9100ea6cd0e084bf 47fbe21f5c35c7b4 88b62355670ec8f8 0451447dd64f6284 ca43e349133fc0e3 07f22a7ad7e4711d d63b7f083330247f a813c15b46ceaf68 3b4a85bac6ead3c8 2e4b00c01d58e79e 5897953fdf87b60f a2c35fdf07a13286 98dbd15aa33ebc18 bee46c54461925d0 eff60ceea8817dad c5830f9d0f1e29e5
353,9269d2b0d877352d 1d0f5fdc58e3efb5 4d954d933e606b70 5430097e23000368 e22c35101e190db9 9cf6709de35bf0f3 48f93f9c2c699e19 0683b6a78f54be75 9113e9dc940fb287 d3c4a7db726191e0 22dc81380cf4baec 4491016efed845f1 29bedd00fb2be056 8faeacf8ca08f62d 35488b3b8b781278 a292248bb2bffb3d 4d32dae7b43c489a 0a79fabc6f5d93c9 0eedb1a0d3b8ddae 419b5dc40744fb9b 050544c040f46152 24e582daf6f87158 d1e21234d7cc61d2 8a5635c748344d47 47fbe21f5c35c7b4 0b0021aa60d05daa c5830f9d0f1e29e5 95ecdbff44ad0b60 3b4a85bac6ead3c8 393f49286db04aeb
354,d73a65673e3f1d78 128d583954b18074 96445bec1579ec97 a5d5ba33b5b1dc95 148ac4a56a18844d e8ad5e31484ef889 447fc00f40d71d08 8faeacf8ca08f62d bc2552a642ce8497 4d32dae7b43c489a 24e582daf6f87158 47fbe21f5c35c7b4 0eedb1a0d3b8ddae c5830f9d0f1e29e5 95ecdbff44ad0b60 393f49286db04aeb 1d0f5fdc58e3efb5 a860b682add9de1c 8abe670908f12614 3cb6b40d377e7ca8 b05b5f6850cfa158 a2805ed52b47b8ec 1dc7139adba034ec b6e646c13d0753ae 3e8e56f639a5db5b 3986b68500d7704b 702d8f1064ab3e30 3fa57d488e979d74 ff88049e61f0f4ef e0269da736ddf004
355,e4a7a996ed6a5a81 106204cd0e07e1b2 feddfcf56818968e 27bc34b9887bec0d 9b0e8cf8153e3b33 2901e5309bb3f8f6 ce2fe99a7cda4a17 8643165b0f53df11 29bedd00fb2be056 8dedff0a79784abc 3734d3b0b9232538 0bcaac840d5e66d7 3b4a85bac6ead3c8 4d29c6922b2d0d56 3a6e7894dde31c67 bf3ccaba4a3450a8 50806199c80e215c a2805ed52b47b8ec ca43e349133fc0e3 404031ab9d5977c4 a60934e6b473097a a292248bb2bffb3d 964a50d33717c26d b84b6c0b2e4d0306 eab15ee21e126f6a 0079f3c74309b582 828f5dfbbf1272ee b05b5f6850cfa158 765c0695339c3abe 83f8f2fc471cad74
356,393f49286db04aeb 4d32dae7b43c489a a2c35fdf07a13286 24e582daf6f87158 16b11706660177ff d46598813fb437e5 abf90e759d208468 f705b637f624147e 5b34da30b93eb123 b749972436ac9791 f25bfcffedaccf28 8faeacf8ca08f62d 47fbe21f5c35c7b4 feddfcf56818968e 9269d2b0d877352d c08c3765ac609cc0 ffc688c4c1c2a068 a9eef13786610446 0db6584e3bdfa1c4 ac9ee0c09b538140 e22c35101e190db9 9cf6709de35bf0f3 43b3338423d7386c 48f93f9c2c699e19 4d417b203b333363 a860b682add9de1c 9113e9dc940fb287 74e59c5820900b17 65fac1ba1840000f d3c4a7db726191e0
357,585f4ee09d8fea46 0c2eeab1e4ce1db8 4d32dae7b43c489a 40583079f57235a6 8faeacf8ca08f62d 24e582daf6f87158 52e459a551d4ac2d 47fbe21f5c35c7b4 a52df8083c238c46 64b31699d7d15934 1f4f62844c3cb99c b29ab87af6ea6310 09660f466b38b7ba 54f55c74d37db3c0 393f49286db04aeb c28bc62802b90f82 b3ad55963554f220 cc861214a89ef1f4 a860b682add9de1c 8e0cc5199a0ee659 1dc7139adba034ec 486dd77002936dec d46598813fb437e5 72c2a95813ea72bd f58ff7f1a6cde683 c5830f9d0f1e29e5 95ecdbff44ad0b60 7b81f1f2b6ec2e5f 1d0f5fdc58e3efb5 4f31209941bb05fc
358,a292248bb2bffb3d 8e0cc5199a0ee659 d1e21234d7cc61d2 72c2a95813ea72bd 5430097e23000368 c5830f9d0f1e29e5 95ecdbff44ad0b60 8faeacf8ca08f62d 1d0f5fdc58e3efb5 4f31209941bb05fc 6899956cd6c683f0 c96049ed915ced0a 8abe670908f12614 3cb6b40d377e7ca8 10ad13170242ecae a2805ed52b47b8ec a853f13216170123 b6e646c13d0753ae 3e8e56f639a5db5b 3fa57d488e979d74 ff88049e61f0f4ef 3986b68500d7704b 702d8f1064ab3e30 e0269da736ddf004 c28bc62802b90f82 bd713b37b67866c3 0bcaac840d5e66d7 fd30682593995748 39f6296778264878 bd0f175ee98c613e
359,b371170568146b12 6e239f4dd4b6aed7 cc0c9419f8a20603 486dd77002936dec c31a456b544a40a8 4d7653ea9499eed4 9a0f5ee4f845c9b2 0bcaac840d5e66d7 c28bc62802b90f82 702d8f1064ab3e30 3986b68500d7704b 3fa57d488e979d74 ff88049e61f0f4ef e0269da736ddf004 bd713b37b67866c3 fd30682593995748 2a06f5614060e3b6 39f6296778264878 e25a1da6ca187350 52370bea1acd0600 e36475c1af5ea3ab 0708923badf2ff5d 734dabb98795c35c 942a7d26d81c841f bd0f175ee98c613e ae94d8435a6847f4 b6d0f83aad4e4dc7 b24820ae14e16a24 622f2e4119882c94 47fbe21f5c35c7b4
360,ae94d8435a6847f4 9b0e8cf8153e3b33 5c4b7558c942a224 e6a29676c096f8e8 bf973f9ec3600199 4beacc71024f8b08 a0566ca9daca7778 7155e5a86136eb02 404031ab9d5977c4 2e031d83339759b2 0079f3c74309b582 0a79fabc6f5d93c9 59c231f8fd21260c 8a5635c748344d47 3b4a85bac6ead3c8 702d8f1064ab3e30 c28bc62802b90f82 3986b68500d7704b 3fa57d488e979d74 ff88049e61f0f4ef e0269da736ddf004 bd713b37b67866c3 fd30682593995748 2a06f5614060e3b6 39f6296778264878 c31a456b544a40a8 0bcaac840d5e66d7 942a7d26d81c841f bd0f175ee98c613e b6d0f83aad4e4dc7
361,59c231f8fd21260c f1a3b8b13e9401c0 48a76e3aff69d605 ae94d8435a6847f4 9b0e8cf8153e3b33 5c4b7558c942a224 e6a29676c096f8e8 bf973f9ec3600199 4beacc71024f8b08 a0566ca9daca7778 404031ab9d5977c4 0079f3c74309b582 4d32dae7b43c489a 24e582daf6f87158 8faeacf8ca08f62d 47fbe21f5c35c7b4 393f49286db04aeb a860b682add9de1c 1dc7139adba034ec 39f6296778264878 e25a1da6ca187350 bd713b37b67866c3 fd30682593995748 e0269da736ddf004 ff88049e61f0f4ef 3fa57d488e979d74 3986b68500d7704b b6d0f83aad4e4dc7 702d8f1064ab3e30 b24820ae14e16a24
362,abf90e759d208468 c1f2e3a76d388944 4d32dae7b43c489a 16b11706660177ff 81bd116c786bf9ae 24e582daf6f87158 f25bfcffedaccf28 393f49286db04aeb 0db6584e3bdfa1c4 73f770f2643a2135 ae94d8435a6847f4 a813c15b46ceaf68 47fbe21f5c35c7b4 f58ff7f1a6cde683 50cb6a6c60ad711a 430feb4826a5632e 702d8f1064ab3e30 2e4b00c01d58e79e 0a79fabc6f5d93c9 4f915ad69e1dca36 74244a8703c03720 65fac1ba1840000f 855f2f0354e102c7 a860b682add9de1c 455fde214d16d350 e22c35101e190db9 4b29fc21f912754d b8e2f75014710ced 106204cd0e07e1b2 dc12cc503ac0eddb
363,48a76e3aff69d605 528161039994b4dc 24e582daf6f87158 47fbe21f5c35c7b4 2394b08708475900 8faeacf8ca08f62d d5952b2e031c4e7e 88b62355670ec8f8 8e0cc5199a0ee659 d63b7f083330247f a813c15b46ceaf68 f49e13a653cbdad2 2e4b00c01d58e79e 57113c2a4cacd961 72c2a95813ea72bd 5897953fdf87b60f 0bcaac840d5e66d7 4d32dae7b43c489a 5bf89d11a25121d9 351c9da399c2b915 c5830f9d0f1e29e5 95ecdbff44ad0b60 e8ad5e31484ef889 cb3e4ce97e7f2881 a492bd402afd5c71 1d0f5fdc58e3efb5 4f31209941bb05fc 43b3338423d7386c 6899956cd6c683f0 a2c35fdf07a13286
364,96445bec1579ec97 a492bd402afd5c71 9f4e0d572b1f4e6c 29bedd00fb2be056 ae77487a89f2610c 54a11cbcd7a32af4 ddb3810e0289c148 22dc81380cf4baec 4d9214c0925e5af8 de8e1345e8c305c4 27bc34b9887bec0d 447fc00f40d71d08 d0f6c00eec5eb973 b26d8664feb18c8c 4522ad78bf79f0c9 5867d40811c0229f fa173131f15f5534 48a76e3aff69d605 c015590d6a6fe833 b0bfe0f426275870 6c017e548aa138f2 d3c4a7db726191e0 98dbd15aa33ebc18 50806199c80e215c 2a06f5614060e3b6 9c9a9d45c2ea7ddf b3e75fdca5ca2f1a 095bb1b6ecbd0a50 a14394322cf7043d 404031ab9d5977c4
365,3d93a60f990a0a7c a017f3358d5327aa 0eb4de784c8dd679 0220a434aa8bf029 430feb4826a5632e 853e36b1550c6274 4d9214c0925e5af8 a9dad59c7055b56c bc2ae5f4e5d53e00 46315cf30aaee51c c606425856952286 0688c790d5806540 016da874bd04df55 74244a8703c03720 65fac1ba1840000f 047769588be1aea9 5867d40811c0229f 351c9da399c2b915 9c9a9d45c2ea7ddf 428f9363fa35882d c5830f9d0f1e29e5 95ecdbff44ad0b60 3b4a85bac6ead3c8 8faeacf8ca08f62d 1d0f5fdc58e3efb5 8abe670908f12614 3cb6b40d377e7ca8 a2805ed52b47b8ec b6e646c13d0753ae 3e8e56f639a5db5b
366,16b11706660177ff abf90e759d208468 f25bfcffedaccf28 393f49286db04aeb 0db6584e3bdfa1c4 3734d3b0b9232538 5dd752753760ced8 65fac1ba1840000f d46598813fb437e5 4d32dae7b43c489a 8e0cc5199a0ee659 942a7d26d81c841f b05b5f6850cfa158 24e582daf6f87158 0079f3c74309b582 765c0695339c3abe 72c2a95813ea72bd 0eedb1a0d3b8ddae 8faeacf8ca08f62d 47fbe21f5c35c7b4 4f31209941bb05fc 6899956cd6c683f0 a860b682add9de1c c96049ed915ced0a 10ad13170242ecae a853f13216170123 1dc7139adba034ec c28bc62802b90f82 702d8f1064ab3e30 4d7653ea9499eed4
367,0eedb1a0d3b8ddae 6ae470a7c9ec20fd 0708923badf2ff5d 587e0b2a4811fab1 b0e254dd420faee3 43b3338423d7386c 8a5635c748344d47 52370bea1acd0600 9a0f5ee4f845c9b2 0bcaac840d5e66d7 c28bc62802b90f82 702d8f1064ab3e30 3986b68500d7704b 3fa57d488e979d74 ff88049e61f0f4ef e0269da736ddf004 bd713b37b67866c3 fd30682593995748 2a06f5614060e3b6 e25a1da6ca187350 4d7653ea9499eed4 734dabb98795c35c 942a7d26d81c841f bd0f175ee98c613e ae94d8435a6847f4 b6d0f83aad4e4dc7 b24820ae14e16a24 622f2e4119882c94 4b8c7061102517ef 39f6296778264878
368,680bb5c5c3bb6ee1 1398b478b71773ed 8dedff0a79784abc 3e66b4855d0dddbe bf973f9ec3600199 bf3ccaba4a3450a8 63d509cd2a2e0e47 e8ad5e31484ef889 07be6a290720707d d46598813fb437e5 7155e5a86136eb02 2e031d83339759b2 c5830f9d0f1e29e5 95ecdbff44ad0b60 8faeacf8ca08f62d 1d0f5fdc58e3efb5 8abe670908f12614 3cb6b40d377e7ca8 a2805ed52b47b8ec b6e646c13d0753ae 3e8e56f639a5db5b 2a06f5614060e3b6 fd30682593995748 bd713b37b67866c3 e0269da736ddf004 942a7d26d81c841f ae94d8435a6847f4 ff88049e61f0f4ef b6d0f83aad4e4dc7 3fa57d488e979d74
369,204ec91c39d1479d cc2cc23a98c14c33 c5830f9d0f1e29e5 95ecdbff44ad0b60 8faeacf8ca08f62d 1d0f5fdc58e3efb5 8abe670908f12614 3cb6b40d377e7ca8 a2805ed52b47b8ec b6e646c13d0753ae 3e8e56f639a5db5b 9a0f5ee4f845c9b2 0bcaac840d5e66d7 c28bc62802b90f82 702d8f1064ab3e30 3986b68500d7704b bd0f175ee98c613e 3fa57d488e979d74 ae94d8435a6847f4 e0269da736ddf004 bd713b37b67866c3 942a7d26d81c841f 0708923badf2ff5d fd30682593995748 2a06f5614060e3b6 39f6296778264878 ff88049e61f0f4ef 52370bea1acd0600 b6d0f83aad4e4dc7 47fbe21f5c35c7b4
370,95d25d38ba7df9c7 377c1150c781e37a 20db73cf07a45f71 4d32dae7b43c489a 24e582daf6f87158 ac9ee0c09b538140 8643165b0f53df11 47fbe21f5c35c7b4 e4a7a996ed6a5a81 4bed80e56ea2e099 8faeacf8ca08f62d a860b682add9de1c 54a11cbcd7a32af4 a813c15b46ceaf68 393f49286db04aeb 2e4b00c01d58e79e 0a79fabc6f5d93c9 abf90e759d208468 4f915ad69e1dca36 33856365c271aea4 b26d8664feb18c8c 855f2f0354e102c7 95ecdbff44ad0b60 d5952b2e031c4e7e 22dc81380cf4baec d46598813fb437e5 1dc7139adba034ec e22c35101e190db9 061f3e1feeaa3094 4b29fc21f912754d
371,22e8d6734e4121ae f28fb3d9880c5d4c 0cd920bad11c716d a677c3a76055a6d2 fc8971756f9ec194 42c9b72cc77dcb28 54a11cbcd7a32af4 00e1e2eb13f650e4 b84b6c0b2e4d0306 d5952b2e031c4e7e 34a62e66e05f9a44 98dbd15aa33ebc18 bee46c54461925d0 5430097e23000368 eff60ceea8817dad 0eedb1a0d3b8ddae e36475c1af5ea3ab da7d3c2d591c4295 b05b5f6850cfa158 52370bea1acd0600 bd0f175ee98c613e 4d7653ea9499eed4 942a7d26d81c841f 9a0f5ee4f845c9b2 0bcaac840d5e66d7 c28bc62802b90f82 3986b68500d7704b 0708923badf2ff5d 3fa57d488e979d74 ff88049e61f0f4ef
372,8b7c486a910dd004 1f423f368aebf7f3 cec2eea2a1fe566a b6cdb608f640e038 c810ac016901e8ac 36d33c41812ce7dc a04d6febd82a4389 a14394322cf7043d b3e75fdca5ca2f1a 095bb1b6ecbd0a50 025a148c3a53bd9f c6b615b2589e036d 7e4a4a1300b77a06 39075e303166355e e14a893f1918277e 2810fb6f81d1711c 853e36b1550c6274 238ec735a13a3f09 b78189788d563693 316382267dcd804f 46315cf30aaee51c c606425856952286 0688c790d5806540 27a12f29dceccdbd 016da874bd04df55 74244a8703c03720 976baf0e84752a68 b05b5f6850cfa158 d64c06baf5ef1c90 83f8aca6ee2caabc
373,acf5cb026b3c4551 bc2ae5f4e5d53e00 a9dad59c7055b56c f05fa5f57dc03e81 c03b11a0cdc3fa39 e36475c1af5ea3ab dc17b07476183764 b24820ae14e16a24 486dd77002936dec 5430097e23000368 72c2a95813ea72bd 48cf88c17ff38c5e 5dd752753760ced8 148ac4a56a18844d 4f2fffd7528de786 3b6d27775fce1c7b 54a11cbcd7a32af4 00e1e2eb13f650e4 b84b6c0b2e4d0306 0a79fabc6f5d93c9 d5952b2e031c4e7e ae000f9d0b5e104e 9c9a9d45c2ea7ddf a2c35fdf07a13286 34a62e66e05f9a44 8a5635c748344d47 c5830f9d0f1e29e5 95ecdbff44ad0b60 8faeacf8ca08f62d 1d0f5fdc58e3efb5
374,c1f2e3a76d388944 8e0cc5199a0ee659 cc0c9419f8a20603 72c2a95813ea72bd c5830f9d0f1e29e5 95ecdbff44ad0b60 8faeacf8ca08f62d 1d0f5fdc58e3efb5 4f31209941bb05fc 6899956cd6c683f0 c96049ed915ced0a 8abe670908f12614 3cb6b40d377e7ca8 10ad13170242ecae a2805ed52b47b8ec a853f13216170123 b6e646c13d0753ae 3e8e56f639a5db5b 4d7653ea9499eed4 3fa57d488e979d74 3986b68500d7704b ff88049e61f0f4ef 702d8f1064ab3e30 e0269da736ddf004 c28bc62802b90f82 0bcaac840d5e66d7 bd713b37b67866c3 fd30682593995748 9a0f5ee4f845c9b2 942a7d26d81c841f
375,72c2a95813ea72bd 48cf88c17ff38c5e a9dad59c7055b56c bc2ae5f4e5d53e00 148ac4a56a18844d 4f2fffd7528de786 3b6d27775fce1c7b 486dd77002936dec 4d32dae7b43c489a b24820ae14e16a24 24e582daf6f87158 a2c35fdf07a13286 8faeacf8ca08f62d 47fbe21f5c35c7b4 3b4a85bac6ead3c8 393f49286db04aeb a860b682add9de1c b05b5f6850cfa158 1dc7139adba034ec 0eedb1a0d3b8ddae 3fa57d488e979d74 ff88049e61f0f4ef e0269da736ddf004 1f4f62844c3cb99c bd713b37b67866c3 fd30682593995748 39f6296778264878 e25a1da6ca187350 c31a456b544a40a8 f58ff7f1a6cde683
376,00e1e2eb13f650e4 428f9363fa35882d a65e30106ea50423 ced9c56f2be86774 680bb5c5c3bb6ee1 1398b478b71773ed 3734d3b0b9232538 8dedff0a79784abc 58654e3143c6550b 3e66b4855d0dddbe bf973f9ec3600199 bf3ccaba4a3450a8 62431fd374eb99fb 63d509cd2a2e0e47 e8ad5e31484ef889 96e82fa141db9a4b 07be6a290720707d f29eee8054c061e1 9269d2b0d877352d 99e833818ec4bbf2 133b04350c75770b 6406fcdb7d87b5dc 5430097e23000368 9f3d2ca16f358290 e22c35101e190db9 9cf6709de35bf0f3 0079f3c74309b582 48f93f9c2c699e19 765c0695339c3abe 9113e9dc940fb287
377,fa173131f15f5534 db7342eff9200020 8e0cc5199a0ee659 0772e3ab293a1f30 72c2a95813ea72bd 387e9cd2e5d4ea7d 4f31209941bb05fc 6899956cd6c683f0 c96049ed915ced0a 10ad13170242ecae a853f13216170123 5430097e23000368 0eedb1a0d3b8ddae 3986b68500d7704b 3fa57d488e979d74 702d8f1064ab3e30 ff88049e61f0f4ef c28bc62802b90f82 0bcaac840d5e66d7 e0269da736ddf004 9a0f5ee4f845c9b2 4d7653ea9499eed4 52370bea1acd0600 47fbe21f5c35c7b4 bd713b37b67866c3 fd30682593995748 39f6296778264878 0708923badf2ff5d 942a7d26d81c841f bd0f175ee98c613e
378,430feb4826a5632e a9dad59c7055b56c bc2ae5f4e5d53e00 f2e30efbd27bee51 c5830f9d0f1e29e5 95ecdbff44ad0b60 8faeacf8ca08f62d 1d0f5fdc58e3efb5 8abe670908f12614 3cb6b40d377e7ca8 a2805ed52b47b8ec b6e646c13d0753ae 3e8e56f639a5db5b e0269da736ddf004 bd713b37b67866c3 ff88049e61f0f4ef 3fa57d488e979d74 3986b68500d7704b fd30682593995748 39f6296778264878 702d8f1064ab3e30 c28bc62802b90f82 0bcaac840d5e66d7 9a0f5ee4f845c9b2 942a7d26d81c841f ae94d8435a6847f4 b6d0f83aad4e4dc7 b24820ae14e16a24 622f2e4119882c94 4b8c7061102517ef
379,54a11cbcd7a32af4 22dc81380cf4baec 419b5dc40744fb9b 95ecdbff44ad0b60 d3c4a7db726191e0 bd0f175ee98c613e bb7515be835dea49 3e8e56f639a5db5b b26d8664feb18c8c b05b5f6850cfa158 d5952b2e031c4e7e a2805ed52b47b8ec d16da1fb61813db9 061f3e1feeaa3094 42bb83d7c4b9ecae eff60ceea8817dad 6899956cd6c683f0 00e1e2eb13f650e4 9113e9dc940fb287 b84b6c0b2e4d0306 0add47a043c64d7f b1dcaca98bb76736 b6e646c13d0753ae c015590d6a6fe833 6c017e548aa138f2 c5830f9d0f1e29e5 8faeacf8ca08f62d a04d6febd82a4389 95d25d38ba7df9c7 90ecb28f2edb9d43
380,0c15f252d30646fc d1e21234d7cc61d2 9c9ebf71707d7a37 e8b87ed7db1bcb1f 1d0f5fdc58e3efb5 2359719a0f40ffac eab15ee21e126f6a a60934e6b473097a c1f2e3a76d388944 4d29c6922b2d0d56 f2e30efbd27bee51 bf3ccaba4a3450a8 49b5678e0d1e5bcd 0220a434aa8bf029 c015590d6a6fe833 54a11cbcd7a32af4 00e1e2eb13f650e4 b84b6c0b2e4d0306 d5952b2e031c4e7e 34a62e66e05f9a44 c5830f9d0f1e29e5 95ecdbff44ad0b60 8faeacf8ca08f62d 8abe670908f12614 3cb6b40d377e7ca8 b05b5f6850cfa158 a2805ed52b47b8ec b6e646c13d0753ae 0eedb1a0d3b8ddae 3e8e56f639a5db5b
381,b6cdb608f640e038 74244a8703c03720 c810ac016901e8ac 36d33c41812ce7dc a04d6febd82a4389 095bb1b6ecbd0a50 a14394322cf7043d b3e75fdca5ca2f1a 025a148c3a53bd9f 39075e303166355e 7e4a4a1300b77a06 e14a893f1918277e c6b615b2589e036d 2810fb6f81d1711c 853e36b1550c6274 238ec735a13a3f09 b78189788d563693 316382267dcd804f 46315cf30aaee51c c606425856952286 daa257a37227cd72 0688c790d5806540 27a12f29dceccdbd 781f4d0147aef776 016da874bd04df55 976baf0e84752a68 d64c06baf5ef1c90 83f8aca6ee2caabc 5057551fc55e9ed2 2820628e65a062e2
382,fd30682593995748 64907c4568244eb4 2b48ab08c915c0ad 00d9f8d3f7d412b3 b6cdb608f640e038 a1314cd417504572 c810ac016901e8ac 36d33c41812ce7dc d72363ddd958d906 a04d6febd82a4389 a14394322cf7043d 095bb1b6ecbd0a50 b3e75fdca5ca2f1a 025a148c3a53bd9f 39075e303166355e e14a893f1918277e 2810fb6f81d1711c 7e4a4a1300b77a06 c6b615b2589e036d 853e36b1550c6274 238ec735a13a3f09 b78189788d563693 316382267dcd804f 46315cf30aaee51c c606425856952286 0688c790d5806540 27a12f29dceccdbd 016da874bd04df55 74244a8703c03720 976baf0e84752a68
383,c14d5b16840d3032 486dd77002936dec 0eedb1a0d3b8ddae 47fbe21f5c35c7b4 52370bea1acd0600 4d7653ea9499eed4 9a0f5ee4f845c9b2 0bcaac840d5e66d7 c28bc62802b90f82 702d8f1064ab3e30 3986b68500d7704b 3fa57d488e979d74 ff88049e61f0f4ef e0269da736ddf004 bd713b37b67866c3 fd30682593995748 2a06f5614060e3b6 39f6296778264878 e25a1da6ca187350 e7cad3748e50b0f8 0708923badf2ff5d 734dabb98795c35c 942a7d26d81c841f bd0f175ee98c613e ae94d8435a6847f4 b6d0f83aad4e4dc7 b24820ae14e16a24 bbbd5d2fd957e8f7 4b8c7061102517ef af8e70f978cd5aee
384,c1f2e3a76d388944 047769588be1aea9 0451447dd64f6284 a65e30106ea50423 ced9c56f2be86774 8e0cc5199a0ee659 9b0e8cf8153e3b33 eab15ee21e126f6a a60934e6b473097a 72c2a95813ea72bd 58654e3143c6550b 3a6e7894dde31c67 3b4a85bac6ead3c8 4f31209941bb05fc 6899956cd6c683f0 a292248bb2bffb3d c96049ed915ced0a 4d32dae7b43c489a 0a79fabc6f5d93c9 cc0c9419f8a20603 24e582daf6f87158 10ad13170242ecae a853f13216170123 d1e21234d7cc61d2 8a5635c748344d47 5430097e23000368 8faeacf8ca08f62d 47fbe21f5c35c7b4 393f49286db04aeb a860b682add9de1c
385,66ccd03c9e03ac06 07be6a290720707d 589ef345cb2dccfc db69d4cbfef8d22f 7155e5a86136eb02 f2e30efbd27bee51 f2b5098ac9c92da9 c5830f9d0f1e29e5 95ecdbff44ad0b60 3b4a85bac6ead3c8 8faeacf8ca08f62d 1d0f5fdc58e3efb5 8abe670908f12614 3cb6b40d377e7ca8 b05b5f6850cfa158 a2805ed52b47b8ec b6e646c13d0753ae 0eedb1a0d3b8ddae 3e8e56f639a5db5b 5fb2d8e734956af0 cea18be9a89d7a81 bbbd5d2fd957e8f7 47fbe21f5c35c7b4 52370bea1acd0600 4d7653ea9499eed4 451e7ba901ad661d 447fc00f40d71d08 0bcaac840d5e66d7 c28bc62802b90f82 702d8f1064ab3e30
386,fd30682593995748 428f9363fa35882d 680bb5c5c3bb6ee1 522bd6887960c25d bf973f9ec3600199 1398b478b71773ed 8dedff0a79784abc bf3ccaba4a3450a8 3e66b4855d0dddbe 430feb4826a5632e 63d509cd2a2e0e47 e8ad5e31484ef889 07be6a290720707d 8e0cc5199a0ee659 72c2a95813ea72bd a9dad59c7055b56c bc2ae5f4e5d53e00 b26d8664feb18c8c 1d0f5fdc58e3efb5 22dc81380cf4baec 061f3e1feeaa3094 54a11cbcd7a32af4 42bb83d7c4b9ecae 4f31209941bb05fc 6899956cd6c683f0 c96049ed915ced0a b05b5f6850cfa158 0add47a043c64d7f b1dcaca98bb76736 c015590d6a6fe833
387,0d0368139e9a647f f2234bb7ce0c6f59 72403ecdfe02bba6 05f23e7d05dbf7c2 d35e11d3d1ab3c67 0fbd0f422e926816 b6d0f83aad4e4dc7 70776cdd9bb3b7d4 9d5edf3b993fee50 316382267dcd804f ba5199dba342af68 796888cc3443006c 63d95d5977c2fe98 26fc2a95df5659c2 5b16bae6a0de7c88 73391e0853c1e040 387e9cd2e5d4ea7d 33856365c271aea4 5a1149fbcbd37376 c08c3765ac609cc0 a9eef13786610446 ffc688c4c1c2a068 a292248bb2bffb3d 00140806971e7a73 65254e0d209fd66e 46b99f864d6a075a 4d417b203b333363 74e59c5820900b17 d1e21234d7cc61d2 dac29ed8400b50cc
388,e7cad3748e50b0f8 589ef345cb2dccfc db69d4cbfef8d22f a492bd402afd5c71 486dd77002936dec 9f4e0d572b1f4e6c 96445bec1579ec97 b26d8664feb18c8c 95ecdbff44ad0b60 4d9214c0925e5af8 22dc81380cf4baec de8e1345e8c305c4 27bc34b9887bec0d 061f3e1feeaa3094 54a11cbcd7a32af4 4522ad78bf79f0c9 ddb3810e0289c148 42bb83d7c4b9ecae 5867d40811c0229f a292248bb2bffb3d b05b5f6850cfa158 b1dcaca98bb76736 0add47a043c64d7f 48a76e3aff69d605 0a79fabc6f5d93c9 b0bfe0f426275870 c015590d6a6fe833 6c017e548aa138f2 bd0f175ee98c613e 98dbd15aa33ebc18
389,72c2a95813ea72bd 1d0f5fdc58e3efb5 48cf88c17ff38c5e a9dad59c7055b56c bc2ae5f4e5d53e00 148ac4a56a18844d 4f2fffd7528de786 3b6d27775fce1c7b 486dd77002936dec d216e5458ad70e60 b24820ae14e16a24 4e966bb2768c2b8a a2c35fdf07a13286 a5f55580081236f4 b26d8664feb18c8c 95ecdbff44ad0b60 22dc81380cf4baec d46598813fb437e5 061f3e1feeaa3094 54a11cbcd7a32af4 42bb83d7c4b9ecae 0add47a043c64d7f b1dcaca98bb76736 c015590d6a6fe833 6c017e548aa138f2 bd0f175ee98c613e a04d6febd82a4389 95d25d38ba7df9c7 3e8e56f639a5db5b 90ecb28f2edb9d43
390,47fbe21f5c35c7b4 dc17b07476183764 ae000f9d0b5e104e e7cad3748e50b0f8 cc0c9419f8a20603 486dd77002936dec f2b5098ac9c92da9 04886579947a80c2 455fde214d16d350 b05b5f6850cfa158 0eedb1a0d3b8ddae 0bcaac840d5e66d7 c28bc62802b90f82 702d8f1064ab3e30 3986b68500d7704b 3fa57d488e979d74 ff88049e61f0f4ef e0269da736ddf004 bd0f175ee98c613e bd713b37b67866c3 942a7d26d81c841f fd30682593995748 2a06f5614060e3b6 39f6296778264878 ae94d8435a6847f4 b24820ae14e16a24 622f2e4119882c94 4b8c7061102517ef af8e70f978cd5aee 5ebb4d2f5f1c1f13
391,4491016efed845f1 7c98dedd223b36c0 b1dcaca98bb76736 0add47a043c64d7f a2805ed52b47b8ec 6c017e548aa138f2 a04d6febd82a4389 90ecb28f2edb9d43 8e0cc5199a0ee659 5c8c6d9a1fd4c1e0 65d44c6393907290 25145708d494530b b3e75fdca5ca2f1a 095bb1b6ecbd0a50 a14394322cf7043d 3d6880bd12f6613f a52df8083c238c46 64b31699d7d15934 3734d3b0b9232538 f44f74b3451aa593 0db6584e3bdfa1c4 cc0c9419f8a20603 fb2ebcb5335ad2e2 e14a893f1918277e 39075e303166355e c6b615b2589e036d 7e4a4a1300b77a06 2810fb6f81d1711c c36c2dce0e6e434f 77e2f7da1f9d3a8f
392,4a5ac473c9d176ba 5570ef88d970e9b4 10ad13170242ecae 033d905aec273595 b26d8664feb18c8c 387e9cd2e5d4ea7d 22dc81380cf4baec ebfda3b48083e390 e6a29676c096f8e8 061f3e1feeaa3094 54a11cbcd7a32af4 42bb83d7c4b9ecae b6e646c13d0753ae f25bfcffedaccf28 95ecdbff44ad0b60 a860b682add9de1c 0add47a043c64d7f b1dcaca98bb76736 c015590d6a6fe833 6c017e548aa138f2 bd0f175ee98c613e a04d6febd82a4389 95d25d38ba7df9c7 4d954d933e606b70 90ecb28f2edb9d43 25145708d494530b ae94d8435a6847f4 a14394322cf7043d b3e75fdca5ca2f1a 095bb1b6ecbd0a50
393,9100ea6cd0e084bf cea18be9a89d7a81 b9d966ad9e04127a 1a05ef8c93af8eed 5430097e23000368 fc21db75b354a917 45bd99d5d2eef776 133b04350c75770b 0f33ce8d8014f308 c36c2dce0e6e434f 26140b225c4f8d3f 0688c790d5806540 5b4c879fc9c316fb ce0f56b7190c268a ae000f9d0b5e104e 9c9a9d45c2ea7ddf d1e21234d7cc61d2 0e45c4c185f35df6 e8684734f2e587bd b26d8664feb18c8c 22dc81380cf4baec 999a52f1d301247c 061f3e1feeaa3094 54a11cbcd7a32af4 1d0f5fdc58e3efb5 81b7c7e312bfa1a0 f105a53e5cfae611 42bb83d7c4b9ecae 28a2067685cb3e97 50cb6a6c60ad711a
394,d216e5458ad70e60 6a9aa1bd93e36e66 1398b478b71773ed 6406fcdb7d87b5dc a5f55580081236f4 07f22a7ad7e4711d 65708d542bd01f39 65ad9c583823162d af41e2b6da3e7e02 1dc7139adba034ec 52aa48c07b34dc88 d1e21234d7cc61d2 eab15ee21e126f6a ebfda3b48083e390 3a6e7894dde31c67 413c55a5ab86881a 7155e5a86136eb02 4d9214c0925e5af8 b3ad55963554f220 a60934e6b473097a 52370bea1acd0600 b26d8664feb18c8c b0bfe0f426275870 22dc81380cf4baec 3b4a85bac6ead3c8 238de368bb05c0ec 061f3e1feeaa3094 54a11cbcd7a32af4 1d0f5fdc58e3efb5 a853f13216170123
395,da904d2a54ff8cf2 00958a140c3a6de8 5bf89d11a25121d9 4483bbdd3241f11a 8abe670908f12614 7d83ffe83f61bdc4 1a05ef8c93af8eed a292248bb2bffb3d cea18be9a89d7a81 0f33ce8d8014f308 c36c2dce0e6e434f 0688c790d5806540 5b4c879fc9c316fb b9d966ad9e04127a ce0f56b7190c268a d1e21234d7cc61d2 4d29c6922b2d0d56 6e239f4dd4b6aed7 fc21db75b354a917 45bd99d5d2eef776 0e45c4c185f35df6 e8684734f2e587bd 133b04350c75770b 26140b225c4f8d3f bbbd5d2fd957e8f7 999a52f1d301247c 81b7c7e312bfa1a0 f105a53e5cfae611 28a2067685cb3e97 50cb6a6c60ad711a
396,e22c35101e190db9 9cf6709de35bf0f3 a860b682add9de1c 4d32dae7b43c489a d3c4a7db726191e0 8faeacf8ca08f62d 24e582daf6f87158 16b11706660177ff a292248bb2bffb3d 4dba7ce835494a63 f76f44d372517a9a ec1b3d7ccd3984d0 e25a1da6ca187350 6204e398d8c7f888 ca4de5b8a7bda9df 8fc68213b63951dc d7d937303a6d5a9d 01e5a6edcee7deb0 8f578001f9d5f543 20d283a232dfd13c e878efab7c37179e eec6b281e236b500 bed3e73d52011f68 ffa9091747ae2466 4c3802a1bd3c842e 01020d1b0821f4c7 f9c6286cff30aaa8 47fbe21f5c35c7b4 5c8c6d9a1fd4c1e0 73f770f2643a2135
397,e403278468d84383 3a6e7894dde31c67 7155e5a86136eb02 a292248bb2bffb3d d1e21234d7cc61d2 9b2adcf4041227d7 8e0cc5199a0ee659 72c2a95813ea72bd 98dbd15aa33ebc18 bee46c54461925d0 eff60ceea8817dad e36475c1af5ea3ab da7d3c2d591c4295 4f31209941bb05fc 6899956cd6c683f0 c96049ed915ced0a 10ad13170242ecae a853f13216170123 bbbd5d2fd957e8f7 47fbe21f5c35c7b4 52370bea1acd0600 4d7653ea9499eed4 9a0f5ee4f845c9b2 cea18be9a89d7a81 c28bc62802b90f82 702d8f1064ab3e30 3986b68500d7704b 3fa57d488e979d74 0772e3ab293a1f30 ff88049e61f0f4ef
398,43b3338423d7386c 8a5635c748344d47 cc0c9419f8a20603 5430097e23000368 4d7653ea9499eed4 9a0f5ee4f845c9b2 0bcaac840d5e66d7 c28bc62802b90f82 702d8f1064ab3e30 3986b68500d7704b 3fa57d488e979d74 ff88049e61f0f4ef e0269da736ddf004 bd713b37b67866c3 fd30682593995748 2a06f5614060e3b6 39f6296778264878 e25a1da6ca187350 c31a456b544a40a8 52370bea1acd0600 0708923badf2ff5d 734dabb98795c35c 942a7d26d81c841f bd0f175ee98c613e ae94d8435a6847f4 b6d0f83aad4e4dc7 b24820ae14e16a24 622f2e4119882c94 47fbe21f5c35c7b4 af8e70f978cd5aee
399,976baf0e84752a68 2820628e65a062e2 628accd9be98503c 1a8e5d6512d9e2d8 6461a9faa871b3ac 7cea1f637ea3f37d 155600e5f1221f8c 190ab585fd379f0f f48d0fbea7dc2782 8abe670908f12614 74873b42602d8958 4d29c6922b2d0d56 b0b5e62a93a2c37c 8faeacf8ca08f62d 4d32dae7b43c489a 24e582daf6f87158 47fbe21f5c35c7b4 c5830f9d0f1e29e5 95ecdbff44ad0b60 393f49286db04aeb 1d0f5fdc58e3efb5 a860b682add9de1c 3cb6b40d377e7ca8 a2805ed52b47b8ec 1dc7139adba034ec b6e646c13d0753ae 0eedb1a0d3b8ddae 3e8e56f639a5db5b ff88049e61f0f4ef 964a50d33717c26d
400,f705b637f624147e b749972436ac9791 5b34da30b93eb123 74e59c5820900b17 c08c3765ac609cc0 ffc688c4c1c2a068 a9eef13786610446 f46601a9955f9949 0eafda717681bbdc 4d417b203b333363 3ca7964973437917 dac29ed8400b50cc 6aac5e116b75aa22 5fb2d8e734956af0 6d80d2e62d01f6bc 005666aa098abe8e 44d324ebd3e22ad7 65254e0d209fd66e feddfcf56818968e 01b3da54ffb158a0 6899956cd6c683f0 64267373570e4ea3 106204cd0e07e1b2 ac9ee0c09b538140 0fbd0f422e926816 b6d0f83aad4e4dc7 6e239f4dd4b6aed7 fb2ebcb5335ad2e2 395b26d91f98bd92 0b0021aa60d05daa
401,f705b637f624147e f2234bb7ce0c6f59 72403ecdfe02bba6 05f23e7d05dbf7c2 5b34da30b93eb123 b749972436ac9791 0fbd0f422e926816 b6d0f83aad4e4dc7 74e59c5820900b17 316382267dcd804f a9eef13786610446 c08c3765ac609cc0 ffc688c4c1c2a068 0d0368139e9a647f 63d95d5977c2fe98 f46601a9955f9949 0eafda717681bbdc 73391e0853c1e040 4d417b203b333363 3ca7964973437917 5a1149fbcbd37376 dac29ed8400b50cc 796888cc3443006c d35e11d3d1ab3c67 6aac5e116b75aa22 5fb2d8e734956af0 26fc2a95df5659c2 5b16bae6a0de7c88 6d80d2e62d01f6bc 387e9cd2e5d4ea7d
402,ae94d8435a6847f4 9b0e8cf8153e3b33 404031ab9d5977c4 5c4b7558c942a224 dc12cc503ac0eddb e6a29676c096f8e8 bf973f9ec3600199 4beacc71024f8b08 a0566ca9daca7778 98dbd15aa33ebc18 0079f3c74309b582 4d32dae7b43c489a 40583079f57235a6 24e582daf6f87158 9b2adcf4041227d7 a492bd402afd5c71 59c231f8fd21260c 9f4e0d572b1f4e6c 4d29c6922b2d0d56 96445bec1579ec97 bee46c54461925d0 8faeacf8ca08f62d bf3ccaba4a3450a8 47fbe21f5c35c7b4 eff60ceea8817dad 4d9214c0925e5af8 a52df8083c238c46 64b31699d7d15934 de8e1345e8c305c4 27bc34b9887bec0d
403,72c2a95813ea72bd 48cf88c17ff38c5e d1e21234d7cc61d2 bc2ae5f4e5d53e00 a9dad59c7055b56c 148ac4a56a18844d 4f2fffd7528de786 1d0f5fdc58e3efb5 a853f13216170123 3b6d27775fce1c7b 0683b6a78f54be75 486dd77002936dec dc17b07476183764 8e0cc5199a0ee659 e740c80fce094788 b24820ae14e16a24 666bdff4faa513ca b05b5f6850cfa158 5048a37f10cf2d91 a2c35fdf07a13286 0eedb1a0d3b8ddae 4f31209941bb05fc 6899956cd6c683f0 c96049ed915ced0a 10ad13170242ecae 3fa57d488e979d74 1f4f62844c3cb99c ff88049e61f0f4ef e0269da736ddf004 fd30682593995748
404,f2234bb7ce0c6f59 72403ecdfe02bba6 05f23e7d05dbf7c2 0d0368139e9a647f b6d0f83aad4e4dc7 0fbd0f422e926816 46b99f864d6a075a 316382267dcd804f 796888cc3443006c d35e11d3d1ab3c67 63d95d5977c2fe98 26fc2a95df5659c2 5b16bae6a0de7c88 73391e0853c1e040 387e9cd2e5d4ea7d 33856365c271aea4 70776cdd9bb3b7d4 5a1149fbcbd37376 3e8e56f639a5db5b 9d5edf3b993fee50 8e0760918e88e4a9 40583079f57235a6 7eec211cc37a1b05 8699cc5dd4159b69 447fc00f40d71d08 4d29c6922b2d0d56 bf3ccaba4a3450a8 64b31699d7d15934 a52df8083c238c46 1f4f62844c3cb99c
405,fa173131f15f5534 4e966bb2768c2b8a a292248bb2bffb3d d1e21234d7cc61d2 6e239f4dd4b6aed7 f705b637f624147e f2234bb7ce0c6f59 05f23e7d05dbf7c2 72403ecdfe02bba6 5b34da30b93eb123 b749972436ac9791 4d32dae7b43c489a 40583079f57235a6 feddfcf56818968e a9eef13786610446 ffc688c4c1c2a068 c08c3765ac609cc0 0d0368139e9a647f cc0c9419f8a20603 0fbd0f422e926816 b6d0f83aad4e4dc7 ac9ee0c09b538140 24e582daf6f87158 dc17b07476183764 4d417b203b333363 3734d3b0b9232538 74e59c5820900b17 316382267dcd804f 5430097e23000368 dac29ed8400b50cc
406,43b3338423d7386c 351c9da399c2b915 8a5635c748344d47 5bf89d11a25121d9 d6ed7e4b14c51296 b26d8664feb18c8c 1d0f5fdc58e3efb5 22dc81380cf4baec 061f3e1feeaa3094 54a11cbcd7a32af4 42bb83d7c4b9ecae b1dcaca98bb76736 0add47a043c64d7f c015590d6a6fe833 6c017e548aa138f2 bd0f175ee98c613e a04d6febd82a4389 95d25d38ba7df9c7 90ecb28f2edb9d43 25145708d494530b ae94d8435a6847f4 b3e75fdca5ca2f1a 095bb1b6ecbd0a50 a14394322cf7043d 486dd77002936dec b69ce8b8154645f8 64b31699d7d15934 a52df8083c238c46 01b3da54ffb158a0 0db6584e3bdfa1c4
407,1ba7a50457e93996 898a4921ab9f4cce b6cdb608f640e038 c810ac016901e8ac 36d33c41812ce7dc a04d6febd82a4389 b3e75fdca5ca2f1a 095bb1b6ecbd0a50 a14394322cf7043d 025a148c3a53bd9f d216e5458ad70e60 2810fb6f81d1711c e14a893f1918277e 39075e303166355e 7e4a4a1300b77a06 c6b615b2589e036d 853e36b1550c6274 238ec735a13a3f09 b78189788d563693 316382267dcd804f b84b6c0b2e4d0306 46315cf30aaee51c c606425856952286 0688c790d5806540 27a12f29dceccdbd 016da874bd04df55 74244a8703c03720 976baf0e84752a68 d64c06baf5ef1c90 83f8aca6ee2caabc
408,26140b225c4f8d3f 40583079f57235a6 ae000f9d0b5e104e 3734d3b0b9232538 98dbd15aa33ebc18 bee46c54461925d0 eff60ceea8817dad a52df8083c238c46 64b31699d7d15934 1f4f62844c3cb99c b29ab87af6ea6310 54f55c74d37db3c0 09660f466b38b7ba e36475c1af5ea3ab da7d3c2d591c4295 a292248bb2bffb3d c015590d6a6fe833 c28bc62802b90f82 b3ad55963554f220 cc861214a89ef1f4 0079f3c74309b582 d1e21234d7cc61d2 d46598813fb437e5 765c0695339c3abe f58ff7f1a6cde683 0eedb1a0d3b8ddae 7b81f1f2b6ec2e5f b05b5f6850cfa158 b24820ae14e16a24 e0269da736ddf004
409,892074f7c1ef5d5e 919b1679fffa7ef1 3b4a85bac6ead3c8 0eedb1a0d3b8ddae 54a11cbcd7a32af4 00e1e2eb13f650e4 b84b6c0b2e4d0306 b05b5f6850cfa158 d5952b2e031c4e7e 34a62e66e05f9a44 bbbd5d2fd957e8f7 47fbe21f5c35c7b4 52370bea1acd0600 4d7653ea9499eed4 9a0f5ee4f845c9b2 cea18be9a89d7a81 c28bc62802b90f82 702d8f1064ab3e30 3986b68500d7704b 3fa57d488e979d74 ff88049e61f0f4ef e0269da736ddf004 bd713b37b67866c3 fd30682593995748 0bcaac840d5e66d7 e7cad3748e50b0f8 0708923badf2ff5d 734dabb98795c35c 942a7d26d81c841f bd0f175ee98c613e
410,40583079f57235a6 16b11706660177ff abf90e759d208468 64b31699d7d15934 a52df8083c238c46 d46598813fb437e5 0db6584e3bdfa1c4 f25bfcffedaccf28 c28bc62802b90f82 b29ab87af6ea6310 1f4f62844c3cb99c 54f55c74d37db3c0 09660f466b38b7ba 65fac1ba1840000f a292248bb2bffb3d b3ad55963554f220 cc861214a89ef1f4 393f49286db04aeb d1e21234d7cc61d2 f58ff7f1a6cde683 942a7d26d81c841f 7b81f1f2b6ec2e5f b26d8664feb18c8c 22dc81380cf4baec 061f3e1feeaa3094 54a11cbcd7a32af4 42bb83d7c4b9ecae b05b5f6850cfa158 0add47a043c64d7f b1dcaca98bb76736
411,dea5e9227fbbac29 a76ffccd2f5df1a7 70ebf53ced736fa4 5f94b027039f4e48 da011b87595c1019 c1f2e3a76d388944 033d905aec273595 522bd6887960c25d f25bfcffedaccf28 387e9cd2e5d4ea7d ebfda3b48083e390 1d0f5fdc58e3efb5 e6a29676c096f8e8 b6e646c13d0753ae f209d29f991432f0 2e4b00c01d58e79e 22756be6fd061d4c 4d7653ea9499eed4 b05b5f6850cfa158 5430097e23000368 d6bbbd6c4968075a 8dedff0a79784abc b26d8664feb18c8c e9c20b67a4c5395f 047769588be1aea9 95ecdbff44ad0b60 0eedb1a0d3b8ddae 1efd7bd8a34a1359 22dc81380cf4baec 8faeacf8ca08f62d
412,0d0368139e9a647f a9eef13786610446 c08c3765ac609cc0 ffc688c4c1c2a068 00140806971e7a73 65254e0d209fd66e 4d32dae7b43c489a 40583079f57235a6 8faeacf8ca08f62d 781f4d0147aef776 4d417b203b333363 24e582daf6f87158 74e59c5820900b17 dac29ed8400b50cc d35e11d3d1ab3c67 6aac5e116b75aa22 5fb2d8e734956af0 47fbe21f5c35c7b4 b760ebc5f25788d3 005666aa098abe8e 64b31699d7d15934 a52df8083c238c46 05f23e7d05dbf7c2 f2234bb7ce0c6f59 72403ecdfe02bba6 3ca7964973437917 f705b637f624147e 70776cdd9bb3b7d4 b29ab87af6ea6310 1f4f62844c3cb99c
413,5bf89d11a25121d9 351c9da399c2b915 b29ab87af6ea6310 1f4f62844c3cb99c 97d696011258825c d6ed7e4b14c51296 40583079f57235a6 8faeacf8ca08f62d a292248bb2bffb3d 4dba7ce835494a63 047769588be1aea9 f76f44d372517a9a 6204e398d8c7f888 ec1b3d7ccd3984d0 e25a1da6ca187350 a52df8083c238c46 64b31699d7d15934 09660f466b38b7ba 54f55c74d37db3c0 bed3e73d52011f68 8f578001f9d5f543 20d283a232dfd13c 8fc68213b63951dc e878efab7c37179e 01e5a6edcee7deb0 d7d937303a6d5a9d ca4de5b8a7bda9df eec6b281e236b500 1a05ef8c93af8eed 0451447dd64f6284
414,7c9248ed6224aa26 f1a3b8b13e9401c0 bc27d5dc9bab1c18 190ab585fd379f0f 853e36b1550c6274 4d9214c0925e5af8 46315cf30aaee51c c606425856952286 0688c790d5806540 016da874bd04df55 74244a8703c03720 65fac1ba1840000f 047769588be1aea9 5867d40811c0229f 351c9da399c2b915 4d32dae7b43c489a 9c9a9d45c2ea7ddf 24e582daf6f87158 428f9363fa35882d 8faeacf8ca08f62d 47fbe21f5c35c7b4 0eedb1a0d3b8ddae 393f49286db04aeb a860b682add9de1c b05b5f6850cfa158 1dc7139adba034ec 622f2e4119882c94 3986b68500d7704b 3fa57d488e979d74 4b8c7061102517ef
415,047769588be1aea9 0451447dd64f6284 e7cad3748e50b0f8 d1e21234d7cc61d2 b6cdb608f640e038 36d33c41812ce7dc c810ac016901e8ac a04d6febd82a4389 1d0f5fdc58e3efb5 0683b6a78f54be75 095bb1b6ecbd0a50 a14394322cf7043d b3e75fdca5ca2f1a 025a148c3a53bd9f 39075e303166355e 7e4a4a1300b77a06 c6b615b2589e036d e14a893f1918277e 2810fb6f81d1711c 853e36b1550c6274 238ec735a13a3f09 b78189788d563693 e740c80fce094788 316382267dcd804f 46315cf30aaee51c c606425856952286 0688c790d5806540 27a12f29dceccdbd 016da874bd04df55 74244a8703c03720
416,04886579947a80c2 455fde214d16d350 cea18be9a89d7a81 47fbe21f5c35c7b4 52370bea1acd0600 4d7653ea9499eed4 9a0f5ee4f845c9b2 0bcaac840d5e66d7 c28bc62802b90f82 702d8f1064ab3e30 3986b68500d7704b 3fa57d488e979d74 ff88049e61f0f4ef e0269da736ddf004 bd713b37b67866c3 fd30682593995748 2a06f5614060e3b6 39f6296778264878 e25a1da6ca187350 bbbd5d2fd957e8f7 e7cad3748e50b0f8 0708923badf2ff5d 734dabb98795c35c 942a7d26d81c841f bd0f175ee98c613e ae94d8435a6847f4 b6d0f83aad4e4dc7 b24820ae14e16a24 5fb2d8e734956af0 4b8c7061102517ef
417,0b0021aa60d05daa 64c2e323906b42d3 db7342eff9200020 0772e3ab293a1f30 fd57e641d06ebda7 3b4a85bac6ead3c8 72c2a95813ea72bd 48cf88c17ff38c5e a9dad59c7055b56c bc2ae5f4e5d53e00 148ac4a56a18844d 4f2fffd7528de786 16b11706660177ff a292248bb2bffb3d 4dba7ce835494a63 3b6d27775fce1c7b e25a1da6ca187350 6204e398d8c7f888 ec1b3d7ccd3984d0 f76f44d372517a9a 486dd77002936dec d7d937303a6d5a9d 8f578001f9d5f543 20d283a232dfd13c bed3e73d52011f68 ca4de5b8a7bda9df 8fc68213b63951dc eec6b281e236b500 01e5a6edcee7deb0 e878efab7c37179e
418,db7342eff9200020 16b11706660177ff abf90e759d208468 a292248bb2bffb3d f25bfcffedaccf28 0772e3ab293a1f30 0db6584e3bdfa1c4 65fac1ba1840000f 393f49286db04aeb 4dba7ce835494a63 d46598813fb437e5 ec1b3d7ccd3984d0 e25a1da6ca187350 f76f44d372517a9a 6204e398d8c7f888 e878efab7c37179e d7d937303a6d5a9d 8f578001f9d5f543 8fc68213b63951dc bed3e73d52011f68 20d283a232dfd13c 01e5a6edcee7deb0 ca4de5b8a7bda9df eec6b281e236b500 8e0cc5199a0ee659 01020d1b0821f4c7 ffa9091747ae2466 4c3802a1bd3c842e f9c6286cff30aaa8 5c8c6d9a1fd4c1e0
419,6ae470a7c9ec20fd a1314cd417504572 238ec735a13a3f09 a492bd402afd5c71 65fac1ba1840000f e7828f0ea9749505 ee3ed9a3f51336cd 3cb6b40d377e7ca8 b05b5f6850cfa158 7cea1f637ea3f37d 6461a9faa871b3ac b26d8664feb18c8c 83b911ff0ff45844 52e459a551d4ac2d 0eafda717681bbdc fd30682593995748 00d9f8d3f7d412b3 de35d2410e916471 877672967d3f70bb 0e45c4c185f35df6 c14d5b16840d3032 ec4ef2f727e7a03f 238de368bb05c0ec 72b80b099fd64ec4 da011b87595c1019 83f8f2fc471cad74 8faeacf8ca08f62d 50cb6a6c60ad711a e403278468d84383 a292248bb2bffb3d
420,ae94d8435a6847f4 430feb4826a5632e 74244a8703c03720 73f770f2643a2135 702d8f1064ab3e30 b26d8664feb18c8c 95ecdbff44ad0b60 22dc81380cf4baec f2e30efbd27bee51 8faeacf8ca08f62d 3b4a85bac6ead3c8 061f3e1feeaa3094 54a11cbcd7a32af4 b8e2f75014710ced 42bb83d7c4b9ecae 4d32dae7b43c489a 0add47a043c64d7f b1dcaca98bb76736 f58ff7f1a6cde683 c015590d6a6fe833 6c017e548aa138f2 bd0f175ee98c613e a04d6febd82a4389 95d25d38ba7df9c7 3e8e56f639a5db5b 90ecb28f2edb9d43 24e582daf6f87158 25145708d494530b a14394322cf7043d 095bb1b6ecbd0a50
421,65ad9c583823162d 65708d542bd01f39 af41e2b6da3e7e02 52aa48c07b34dc88 5048a37f10cf2d91 b05b5f6850cfa158 0eedb1a0d3b8ddae 47fbe21f5c35c7b4 52370bea1acd0600 4d7653ea9499eed4 9a0f5ee4f845c9b2 0bcaac840d5e66d7 c28bc62802b90f82 e36475c1af5ea3ab 702d8f1064ab3e30 3986b68500d7704b 3fa57d488e979d74 ff88049e61f0f4ef e0269da736ddf004 bd713b37b67866c3 fd30682593995748 2a06f5614060e3b6 bbbd5d2fd957e8f7 0708923badf2ff5d 734dabb98795c35c 942a7d26d81c841f bd0f175ee98c613e ae94d8435a6847f4 b6d0f83aad4e4dc7 b24820ae14e16a24
422,b50b4e27b03c7b37 50ba507a268872e1 5057551fc55e9ed2 c810ac016901e8ac 36d33c41812ce7dc 95166957b2c38794 64267373570e4ea3 2810fb6f81d1711c 39075e303166355e e14a893f1918277e c6b615b2589e036d 7e4a4a1300b77a06 238ec735a13a3f09 b78189788d563693 316382267dcd804f 0c2eeab1e4ce1db8 8b7c486a910dd004 74244a8703c03720 976baf0e84752a68 d64c06baf5ef1c90 83f8aca6ee2caabc ecb768ef6fd223ca 2820628e65a062e2 955e465ce0788ea6 00ff646ca6637bd7 bc27d5dc9bab1c18 e7828f0ea9749505 af8e70f978cd5aee ee3ed9a3f51336cd 22e8d6734e4121ae
423,7d83ffe83f61bdc4 8abe670908f12614 4d29c6922b2d0d56 da904d2a54ff8cf2 bbbd5d2fd957e8f7 e5fb8dc5c9cb4a19 b8e2f75014710ced 4483bbdd3241f11a 22e8d6734e4121ae f28fb3d9880c5d4c 0cd920bad11c716d a677c3a76055a6d2 fc8971756f9ec194 42c9b72cc77dcb28 6e1b6b53c9710940 0eedb1a0d3b8ddae f2b5098ac9c92da9 3fa57d488e979d74 ff88049e61f0f4ef 3986b68500d7704b e0269da736ddf004 702d8f1064ab3e30 bd713b37b67866c3 c28bc62802b90f82 0bcaac840d5e66d7 9a0f5ee4f845c9b2 fd30682593995748 2a06f5614060e3b6 bd0f175ee98c613e b24820ae14e16a24
424,72c2a95813ea72bd 48cf88c17ff38c5e 486dd77002936dec a9dad59c7055b56c bc2ae5f4e5d53e00 148ac4a56a18844d 4f2fffd7528de786 377c1150c781e37a 3b6d27775fce1c7b 52370bea1acd0600 3cb6b40d377e7ca8 d257d1fbcf43abd5 9ab90dfc5c9b0b37 b24820ae14e16a24 95d25d38ba7df9c7 b0e254dd420faee3 20db73cf07a45f71 87c5481930cfe126 a2c35fdf07a13286 a292248bb2bffb3d 8e0cc5199a0ee659 d1e21234d7cc61d2 4f31209941bb05fc 6899956cd6c683f0 c96049ed915ced0a 10ad13170242ecae a853f13216170123 bd713b37b67866c3 e0269da736ddf004 4b8c7061102517ef
425,00e1e2eb13f650e4 428f9363fa35882d a65e30106ea50423 ced9c56f2be86774 58654e3143c6550b c5830f9d0f1e29e5 95ecdbff44ad0b60 8faeacf8ca08f62d 1d0f5fdc58e3efb5 8abe670908f12614 3cb6b40d377e7ca8 a2805ed52b47b8ec b6e646c13d0753ae 0eedb1a0d3b8ddae 3e8e56f639a5db5b 942a7d26d81c841f 4d7653ea9499eed4 9a0f5ee4f845c9b2 0bcaac840d5e66d7 c28bc62802b90f82 52370bea1acd0600 3986b68500d7704b 3fa57d488e979d74 ff88049e61f0f4ef e0269da736ddf004 bd713b37b67866c3 8e0cc5199a0ee659 fd30682593995748 2a06f5614060e3b6 39f6296778264878
426,b26d8664feb18c8c 95ecdbff44ad0b60 22dc81380cf4baec 061f3e1feeaa3094 54a11cbcd7a32af4 42bb83d7c4b9ecae b05b5f6850cfa158 b1dcaca98bb76736 0add47a043c64d7f c015590d6a6fe833 6c017e548aa138f2 bd0f175ee98c613e a04d6febd82a4389 95d25d38ba7df9c7 3e8e56f639a5db5b 90ecb28f2edb9d43 25145708d494530b ae94d8435a6847f4 095bb1b6ecbd0a50 a14394322cf7043d b3e75fdca5ca2f1a b69ce8b8154645f8 64b31699d7d15934 a52df8083c238c46 01b3da54ffb158a0 0db6584e3bdfa1c4 cea18be9a89d7a81 fb2ebcb5335ad2e2 b6e646c13d0753ae 520ec719078be07c
427,eab15ee21e126f6a a60934e6b473097a 4d32dae7b43c489a 24e582daf6f87158 98dbd15aa33ebc18 bee46c54461925d0 8faeacf8ca08f62d 47fbe21f5c35c7b4 eff60ceea8817dad e36475c1af5ea3ab 393f49286db04aeb da7d3c2d591c4295 a860b682add9de1c 1dc7139adba034ec 52370bea1acd0600 4d7653ea9499eed4 fd30682593995748 0bcaac840d5e66d7 bd713b37b67866c3 c28bc62802b90f82 e0269da736ddf004 702d8f1064ab3e30 3986b68500d7704b 3fa57d488e979d74 ff88049e61f0f4ef 9a0f5ee4f845c9b2 0708923badf2ff5d 942a7d26d81c841f bd0f175ee98c613e ae94d8435a6847f4
428,e1460af4a7044067 f25bfcffedaccf28 033d905aec273595 22756be6fd061d4c 98dbd15aa33ebc18 5430097e23000368 d6bbbd6c4968075a 8dedff0a79784abc e9c20b67a4c5395f ebfda3b48083e390 e6a29676c096f8e8 25a3b47fe31bc6b5 d257d1fbcf43abd5 b6e646c13d0753ae d46598813fb437e5 58654e3143c6550b 35488b3b8b781278 c143c095983a65c2 b6a1c97f19af78d0 9b0e8cf8153e3b33 3b4a85bac6ead3c8 3a6e7894dde31c67 8faeacf8ca08f62d 4d32dae7b43c489a 24e582daf6f87158 bee46c54461925d0 47fbe21f5c35c7b4 eff60ceea8817dad c5830f9d0f1e29e5 95ecdbff44ad0b60
429,393f49286db04aeb 19b4014943e0ad92 50806199c80e215c 050544c040f46152 b6e646c13d0753ae fc16a50ff0baec53 c015590d6a6fe833 395b26d91f98bd92 cea18be9a89d7a81 bbbd5d2fd957e8f7 47fbe21f5c35c7b4 52370bea1acd0600 4d7653ea9499eed4 9a0f5ee4f845c9b2 c28bc62802b90f82 702d8f1064ab3e30 3986b68500d7704b 3fa57d488e979d74 ff88049e61f0f4ef e0269da736ddf004 bd713b37b67866c3 fd30682593995748 2a06f5614060e3b6 0bcaac840d5e66d7 0708923badf2ff5d 734dabb98795c35c 942a7d26d81c841f bd0f175ee98c613e ae94d8435a6847f4 b6d0f83aad4e4dc7
430,919b1679fffa7ef1 28403e62105b00f6 585f4ee09d8fea46 9c9ebf71707d7a37 dc576af4ae66e25e 54a11cbcd7a32af4 00e1e2eb13f650e4 b84b6c0b2e4d0306 ae000f9d0b5e104e db0e648651f4c92b d5952b2e031c4e7e 34a62e66e05f9a44 18ced18aee04c48e f6d23cdd2359f7c0 387e9cd2e5d4ea7d c5830f9d0f1e29e5 95ecdbff44ad0b60 8faeacf8ca08f62d 1d0f5fdc58e3efb5 8abe670908f12614 3cb6b40d377e7ca8 0a79fabc6f5d93c9 0eedb1a0d3b8ddae a2805ed52b47b8ec 8a5635c748344d47 b6e646c13d0753ae 3e8e56f639a5db5b b05b5f6850cfa158 702d8f1064ab3e30 3986b68500d7704b
431,4a5ac473c9d176ba e8ad5e31484ef889 5570ef88d970e9b4 10ad13170242ecae 3b4a85bac6ead3c8 98dbd15aa33ebc18 bee46c54461925d0 eff60ceea8817dad e36475c1af5ea3ab da7d3c2d591c4295 b05b5f6850cfa158 0eedb1a0d3b8ddae 9a0f5ee4f845c9b2 0bcaac840d5e66d7 c28bc62802b90f82 702d8f1064ab3e30 ae94d8435a6847f4 3986b68500d7704b 942a7d26d81c841f 3fa57d488e979d74 ff88049e61f0f4ef 734dabb98795c35c e0269da736ddf004 bd713b37b67866c3 fd30682593995748 2a06f5614060e3b6 bd0f175ee98c613e 52370bea1acd0600 47fbe21f5c35c7b4 bbbd5d2fd957e8f7
432,0c2eeab1e4ce1db8 64907c4568244eb4 bc27d5dc9bab1c18 00ff646ca6637bd7 2b48ab08c915c0ad 2bafd15871caae91 f28fb3d9880c5d4c 5dd752753760ced8 fd30682593995748 00d9f8d3f7d412b3 351c9da399c2b915 2dd12c230ab22555 2e44fbb8bc3d8d71 a677c3a76055a6d2 fc8971756f9ec194 a1314cd417504572 42c9b72cc77dcb28 d72363ddd958d906 120e745e2961b5d5 b0b5e62a93a2c37c 4d32dae7b43c489a cc0c9419f8a20603 95166957b2c38794 24e582daf6f87158 5430097e23000368 8faeacf8ca08f62d 37001ade0df85823 47fbe21f5c35c7b4 393f49286db04aeb a860b682add9de1c
433,4d9214c0925e5af8 8a5635c748344d47 a492bd402afd5c71 b0bfe0f426275870 9f4e0d572b1f4e6c 6a3919ad9ed8197e 0a79fabc6f5d93c9 96445bec1579ec97 dc12cc503ac0eddb ae77487a89f2610c d0f6c00eec5eb973 de8e1345e8c305c4 27bc34b9887bec0d 4522ad78bf79f0c9 ddb3810e0289c148 5867d40811c0229f d216e5458ad70e60 48a76e3aff69d605 413c55a5ab86881a 98dbd15aa33ebc18 50806199c80e215c 9c9a9d45c2ea7ddf 9b2adcf4041227d7 5430097e23000368 447fc00f40d71d08 404031ab9d5977c4 b3ad55963554f220 43b3338423d7386c 0683b6a78f54be75 cc861214a89ef1f4
434,f48d0fbea7dc2782 65d44c6393907290 b84b6c0b2e4d0306 413c55a5ab86881a 83b911ff0ff45844 4d9214c0925e5af8 b3ad55963554f220 828f5dfbbf1272ee f29eee8054c061e1 047769588be1aea9 acae1d29289b1266 9100ea6cd0e084bf 83f8f2fc471cad74 ebfda3b48083e390 34a62e66e05f9a44 52370bea1acd0600 0451447dd64f6284 ca43e349133fc0e3 050544c040f46152 07f22a7ad7e4711d b0bfe0f426275870 3b4a85bac6ead3c8 238de368bb05c0ec ae77487a89f2610c d0f6c00eec5eb973 a9223c28b10c131f b6a1c97f19af78d0 af41e2b6da3e7e02 702d8f1064ab3e30 3986b68500d7704b
435,5430097e23000368 22e8d6734e4121ae f28fb3d9880c5d4c 0cd920bad11c716d ff88049e61f0f4ef a677c3a76055a6d2 fc8971756f9ec194 5570ef88d970e9b4 42c9b72cc77dcb28 9b2adcf4041227d7 387e9cd2e5d4ea7d c015590d6a6fe833 cc0c9419f8a20603 95166957b2c38794 ae000f9d0b5e104e 9c9a9d45c2ea7ddf bd713b37b67866c3 e0269da736ddf004 3fa57d488e979d74 3986b68500d7704b 702d8f1064ab3e30 c28bc62802b90f82 0bcaac840d5e66d7 9a0f5ee4f845c9b2 0c15f252d30646fc 52370bea1acd0600 47fbe21f5c35c7b4 bbbd5d2fd957e8f7 cea18be9a89d7a81 5fb2d8e734956af0
436,dc17b07476183764 3734d3b0b9232538 4e966bb2768c2b8a 0079f3c74309b582 765c0695339c3abe c03b11a0cdc3fa39 8faeacf8ca08f62d 4d32dae7b43c489a 24e582daf6f87158 5430097e23000368 47fbe21f5c35c7b4 0eedb1a0d3b8ddae c5830f9d0f1e29e5 95ecdbff44ad0b60 393f49286db04aeb 1d0f5fdc58e3efb5 a860b682add9de1c 8abe670908f12614 3cb6b40d377e7ca8 b05b5f6850cfa158 a2805ed52b47b8ec 1dc7139adba034ec b6e646c13d0753ae 3e8e56f639a5db5b 3fa57d488e979d74 e0269da736ddf004 bd713b37b67866c3 fd30682593995748 c143c095983a65c2 2a06f5614060e3b6
437,b371170568146b12 4d32dae7b43c489a 24e582daf6f87158 8faeacf8ca08f62d 47fbe21f5c35c7b4 393f49286db04aeb a860b682add9de1c 1dc7139adba034ec e7cad3748e50b0f8 54a11cbcd7a32af4 00e1e2eb13f650e4 b84b6c0b2e4d0306 d5952b2e031c4e7e 34a62e66e05f9a44 c5830f9d0f1e29e5 95ecdbff44ad0b60 1d0f5fdc58e3efb5 8abe670908f12614 3cb6b40d377e7ca8 a2805ed52b47b8ec b6e646c13d0753ae 0eedb1a0d3b8ddae 3e8e56f639a5db5b f58ff7f1a6cde683 b2ee9eea2d974c90 c31a456b544a40a8 e25a1da6ca187350 39f6296778264878 2a06f5614060e3b6 fd30682593995748
438,9b0e8cf8153e3b33 3a6e7894dde31c67 fa173131f15f5534 c5830f9d0f1e29e5 95ecdbff44ad0b60 8faeacf8ca08f62d 1d0f5fdc58e3efb5 8abe670908f12614 3cb6b40d377e7ca8 a2805ed52b47b8ec b6e646c13d0753ae 3e8e56f639a5db5b 0bcaac840d5e66d7 c28bc62802b90f82 702d8f1064ab3e30 3986b68500d7704b 3fa57d488e979d74 b6d0f83aad4e4dc7 ff88049e61f0f4ef bd713b37b67866c3 fd30682593995748 ae94d8435a6847f4 942a7d26d81c841f 2a06f5614060e3b6 e25a1da6ca187350 39f6296778264878 e0269da736ddf004 4d7653ea9499eed4 b24820ae14e16a24 52370bea1acd0600
439,00958a140c3a6de8 451e7ba901ad661d da904d2a54ff8cf2 0b774cf90856c4da f05fa5f57dc03e81 a84cd36608cb8665 5430097e23000368 c03b11a0cdc3fa39 c11b97f245a9dfd0 cc0c9419f8a20603 0eedb1a0d3b8ddae c5830f9d0f1e29e5 95ecdbff44ad0b60 8faeacf8ca08f62d 1d0f5fdc58e3efb5 8abe670908f12614 3cb6b40d377e7ca8 b05b5f6850cfa158 a2805ed52b47b8ec b6e646c13d0753ae 3e8e56f639a5db5b bd0f175ee98c613e b6d0f83aad4e4dc7 2a06f5614060e3b6 fd30682593995748 bd713b37b67866c3 b24820ae14e16a24 e0269da736ddf004 ff88049e61f0f4ef 622f2e4119882c94
440,8e0cc5199a0ee659 72c2a95813ea72bd 4f31209941bb05fc 6899956cd6c683f0 c96049ed915ced0a 10ad13170242ecae a853f13216170123 47fbe21f5c35c7b4 52370bea1acd0600 4d7653ea9499eed4 9a0f5ee4f845c9b2 0bcaac840d5e66d7 c28bc62802b90f82 702d8f1064ab3e30 3fa57d488e979d74 ff88049e61f0f4ef e0269da736ddf004 bd713b37b67866c3 fd30682593995748 2a06f5614060e3b6 39f6296778264878 3986b68500d7704b 0708923badf2ff5d 734dabb98795c35c 942a7d26d81c841f bd0f175ee98c613e ae94d8435a6847f4 b6d0f83aad4e4dc7 b24820ae14e16a24 622f2e4119882c94
441,589ef345cb2dccfc 1d0f5fdc58e3efb5 a292248bb2bffb3d db69d4cbfef8d22f 486dd77002936dec d1e21234d7cc61d2 0bcaac840d5e66d7 c28bc62802b90f82 702d8f1064ab3e30 3986b68500d7704b 3fa57d488e979d74 ff88049e61f0f4ef 9a0f5ee4f845c9b2 bd713b37b67866c3 fd30682593995748 2a06f5614060e3b6 39f6296778264878 e25a1da6ca187350 c31a456b544a40a8 e0269da736ddf004 942a7d26d81c841f bd0f175ee98c613e ae94d8435a6847f4 b6d0f83aad4e4dc7 b24820ae14e16a24 622f2e4119882c94 4b8c7061102517ef af8e70f978cd5aee 5ebb4d2f5f1c1f13 4d7653ea9499eed4
442,d1e21234d7cc61d2 9c9ebf71707d7a37 e8b87ed7db1bcb1f 2359719a0f40ffac f2e30efbd27bee51 49b5678e0d1e5bcd 0220a434aa8bf029 106204cd0e07e1b2 feddfcf56818968e 27bc34b9887bec0d ce2fe99a7cda4a17 8643165b0f53df11 29bedd00fb2be056 72c2a95813ea72bd 0bcaac840d5e66d7 48cf88c17ff38c5e bc2ae5f4e5d53e00 a9dad59c7055b56c 50806199c80e215c a2805ed52b47b8ec 148ac4a56a18844d 4f2fffd7528de786 404031ab9d5977c4 3b6d27775fce1c7b 964a50d33717c26d 486dd77002936dec b24820ae14e16a24 a2c35fdf07a13286 bd713b37b67866c3 e0269da736ddf004
443,128d583954b18074 d73a65673e3f1d78 ae000f9d0b5e104e 04886579947a80c2 8e0cc5199a0ee659 74ae9af23a383bf5 585f4ee09d8fea46 dc576af4ae66e25e b69ce8b8154645f8 0c2eeab1e4ce1db8 892074f7c1ef5d5e c5830f9d0f1e29e5 5b4c879fc9c316fb 204ec91c39d1479d ac9ee0c09b538140 8643165b0f53df11 00e1e2eb13f650e4 52e459a551d4ac2d e4a7a996ed6a5a81 576dd429db946393 4bed80e56ea2e099 f209d29f991432f0 765c0695339c3abe 95d25d38ba7df9c7 f1a3b8b13e9401c0 1efd7bd8a34a1359 a292248bb2bffb3d c015590d6a6fe833 0a79fabc6f5d93c9 d1e21234d7cc61d2
444,00ff646ca6637bd7 354d7a327bbcc152 b8e2f75014710ced 2e44fbb8bc3d8d71 e7cad3748e50b0f8 fc8971756f9ec194 40583079f57235a6 ce2fe99a7cda4a17 b6cdb608f640e038 9a439fd1abf95245 83f5a9732f0de67f 64b31699d7d15934 a52df8083c238c46 8699cc5dd4159b69 c810ac016901e8ac 36d33c41812ce7dc b29ab87af6ea6310 1f4f62844c3cb99c 09660f466b38b7ba 54f55c74d37db3c0 a04d6febd82a4389 c03b11a0cdc3fa39 b3e75fdca5ca2f1a a14394322cf7043d 095bb1b6ecbd0a50 025a148c3a53bd9f c28bc62802b90f82 b3ad55963554f220 cc861214a89ef1f4 00af886180e9eaec
445,f29eee8054c061e1 3b4a85bac6ead3c8 9f3d2ca16f358290 62431fd374eb99fb 96e82fa141db9a4b 99e833818ec4bbf2 133b04350c75770b 6406fcdb7d87b5dc 3734d3b0b9232538 666bdff4faa513ca c49d8f84a4f87f8a 069e7e25e43deab3 b6a1c97f19af78d0 16b11706660177ff a292248bb2bffb3d 4dba7ce835494a63 6204e398d8c7f888 f76f44d372517a9a e25a1da6ca187350 ec1b3d7ccd3984d0 b05b5f6850cfa158 8fc68213b63951dc 01e5a6edcee7deb0 bed3e73d52011f68 20d283a232dfd13c e878efab7c37179e 8f578001f9d5f543 eec6b281e236b500 ca4de5b8a7bda9df d7d937303a6d5a9d
446,8faeacf8ca08f62d c5830f9d0f1e29e5 95ecdbff44ad0b60 1d0f5fdc58e3efb5 8abe670908f12614 3cb6b40d377e7ca8 a2805ed52b47b8ec b6e646c13d0753ae c1f2e3a76d388944 3e8e56f639a5db5b 7155e5a86136eb02 2e031d83339759b2 54a11cbcd7a32af4 00e1e2eb13f650e4 4d32dae7b43c489a b84b6c0b2e4d0306 24e582daf6f87158 d5952b2e031c4e7e 34a62e66e05f9a44 47fbe21f5c35c7b4 393f49286db04aeb a860b682add9de1c 1dc7139adba034ec 0eedb1a0d3b8ddae e0269da736ddf004 9a0f5ee4f845c9b2 c28bc62802b90f82 ff88049e61f0f4ef 702d8f1064ab3e30 fd30682593995748
447,413c55a5ab86881a 4d9214c0925e5af8 b3ad55963554f220 3b4a85bac6ead3c8 ebfda3b48083e390 52370bea1acd0600 1f423f368aebf7f3 b0bfe0f426275870 238de368bb05c0ec f6d23cdd2359f7c0 ae77487a89f2610c d0f6c00eec5eb973 a9223c28b10c131f b6a1c97f19af78d0 af41e2b6da3e7e02 5430097e23000368 a292248bb2bffb3d 8e0cc5199a0ee659 b05b5f6850cfa158 ae000f9d0b5e104e 9c9a9d45c2ea7ddf d1e21234d7cc61d2 72c2a95813ea72bd 0eedb1a0d3b8ddae 4f31209941bb05fc 6899956cd6c683f0 c96049ed915ced0a 10ad13170242ecae a853f13216170123 ff88049e61f0f4ef
448,1f4f62844c3cb99c b29ab87af6ea6310 40583079f57235a6 853e36b1550c6274 16b11706660177ff a292248bb2bffb3d 4dba7ce835494a63 d3c4a7db726191e0 e25a1da6ca187350 6204e398d8c7f888 f76f44d372517a9a ec1b3d7ccd3984d0 2a06f5614060e3b6 f49e13a653cbdad2 e878efab7c37179e bed3e73d52011f68 ca4de5b8a7bda9df d7d937303a6d5a9d eec6b281e236b500 8f578001f9d5f543 8fc68213b63951dc 01e5a6edcee7deb0 20d283a232dfd13c 64b31699d7d15934 a52df8083c238c46 01020d1b0821f4c7 f9c6286cff30aaa8 4c3802a1bd3c842e ffa9091747ae2466 5c8c6d9a1fd4c1e0
449,00958a140c3a6de8 da904d2a54ff8cf2 853e36b1550c6274 fab14d178b24a67f bbbd5d2fd957e8f7 16b11706660177ff a292248bb2bffb3d 4dba7ce835494a63 9c9a9d45c2ea7ddf ec1b3d7ccd3984d0 6204e398d8c7f888 f76f44d372517a9a e25a1da6ca187350 e878efab7c37179e 20d283a232dfd13c bed3e73d52011f68 8fc68213b63951dc 8f578001f9d5f543 d7d937303a6d5a9d eec6b281e236b500 01e5a6edcee7deb0 ca4de5b8a7bda9df 4c3802a1bd3c842e 01020d1b0821f4c7 f9c6286cff30aaa8 ffa9091747ae2466 5c8c6d9a1fd4c1e0 73f770f2643a2135 025a148c3a53bd9f 3b4a85bac6ead3c8
450,781f4d0147aef776 d64c06baf5ef1c90 9b2adcf4041227d7 4d32dae7b43c489a cc0c9419f8a20603 24e582daf6f87158 8faeacf8ca08f62d 47fbe21f5c35c7b4 0eedb1a0d3b8ddae 393f49286db04aeb a860b682add9de1c 1dc7139adba034ec e0269da736ddf004 ff88049e61f0f4ef 3fa57d488e979d74 3986b68500d7704b 702d8f1064ab3e30 c28bc62802b90f82 0bcaac840d5e66d7 9a0f5ee4f845c9b2 4d7653ea9499eed4 52370bea1acd0600 0772e3ab293a1f30 bbbd5d2fd957e8f7 cea18be9a89d7a81 5fb2d8e734956af0 00e1e2eb13f650e4 734dabb98795c35c 942a7d26d81c841f b6cdb608f640e038
451,bc27d5dc9bab1c18 e7cad3748e50b0f8 bf3ccaba4a3450a8 a18df74d3a16e9c0 4b29fc21f912754d 680bb5c5c3bb6ee1 1398b478b71773ed 8dedff0a79784abc 4d29c6922b2d0d56 3e66b4855d0dddbe bf973f9ec3600199 63d509cd2a2e0e47 e8ad5e31484ef889 07be6a290720707d 0eedb1a0d3b8ddae b05b5f6850cfa158 3b4a85bac6ead3c8 4d7653ea9499eed4 9a0f5ee4f845c9b2 0bcaac840d5e66d7 c28bc62802b90f82 fd30682593995748 3986b68500d7704b 3fa57d488e979d74 bd713b37b67866c3 e0269da736ddf004 ff88049e61f0f4ef 702d8f1064ab3e30 734dabb98795c35c bd0f175ee98c613e
452,74244a8703c03720 73f770f2643a2135 ae94d8435a6847f4 430feb4826a5632e 702d8f1064ab3e30 01104a026d22ae55 ff88049e61f0f4ef b8e2f75014710ced f58ff7f1a6cde683 b6cdb608f640e038 c810ac016901e8ac 36d33c41812ce7dc a04d6febd82a4389 b3e75fdca5ca2f1a a14394322cf7043d 095bb1b6ecbd0a50 025a148c3a53bd9f 39075e303166355e e14a893f1918277e c6b615b2589e036d 7e4a4a1300b77a06 2810fb6f81d1711c 853e36b1550c6274 238ec735a13a3f09 b78189788d563693 316382267dcd804f 46315cf30aaee51c c606425856952286 0688c790d5806540 27a12f29dceccdbd
453,f44f74b3451aa593 9b0e8cf8153e3b33 62431fd374eb99fb f29eee8054c061e1 4beacc71024f8b08 e25a1da6ca187350 52370bea1acd0600 4d7653ea9499eed4 9a0f5ee4f845c9b2 0bcaac840d5e66d7 c28bc62802b90f82 702d8f1064ab3e30 3fa57d488e979d74 ff88049e61f0f4ef e0269da736ddf004 bd713b37b67866c3 fd30682593995748 2a06f5614060e3b6 39f6296778264878 3986b68500d7704b 0708923badf2ff5d 734dabb98795c35c 942a7d26d81c841f bd0f175ee98c613e ae94d8435a6847f4 b6d0f83aad4e4dc7 b24820ae14e16a24 622f2e4119882c94 4b8c7061102517ef 47fbe21f5c35c7b4
454,f48d0fbea7dc2782 65d44c6393907290 047769588be1aea9 9100ea6cd0e084bf 83b911ff0ff45844 f29eee8054c061e1 acae1d29289b1266 c1f2e3a76d388944 0451447dd64f6284 ca43e349133fc0e3 07f22a7ad7e4711d 26140b225c4f8d3f 316382267dcd804f 74244a8703c03720 72403ecdfe02bba6 f2234bb7ce0c6f59 05f23e7d05dbf7c2 dc17b07476183764 0d0368139e9a647f 5a1149fbcbd37376 73f770f2643a2135 ae94d8435a6847f4 0fbd0f422e926816 b6d0f83aad4e4dc7 430feb4826a5632e e7cad3748e50b0f8 702d8f1064ab3e30 b6cdb608f640e038 796888cc3443006c d35e11d3d1ab3c67
455,47fbe21f5c35c7b4 49b5678e0d1e5bcd 7155e5a86136eb02 ac9ee0c09b538140 a492bd402afd5c71 8643165b0f53df11 dc17b07476183764 9f4e0d572b1f4e6c 96445bec1579ec97 e4a7a996ed6a5a81 4bed80e56ea2e099 4d9214c0925e5af8 f2e30efbd27bee51 de8e1345e8c305c4 27bc34b9887bec0d 95d25d38ba7df9c7 4522ad78bf79f0c9 ddb3810e0289c148 5867d40811c0229f 48a76e3aff69d605 b0bfe0f426275870 98dbd15aa33ebc18 50806199c80e215c 9c9a9d45c2ea7ddf 447fc00f40d71d08 ae77487a89f2610c 404031ab9d5977c4 d0f6c00eec5eb973 942a7d26d81c841f c5830f9d0f1e29e5
456,8df3f13d6af34cb3 a9dad59c7055b56c bc2ae5f4e5d53e00 b24820ae14e16a24 666bdff4faa513ca 1dc7139adba034ec 54a11cbcd7a32af4 00e1e2eb13f650e4 8e0cc5199a0ee659 b84b6c0b2e4d0306 d5952b2e031c4e7e 34a62e66e05f9a44 04886579947a80c2 72c2a95813ea72bd 3b4a85bac6ead3c8 4f31209941bb05fc 6899956cd6c683f0 c96049ed915ced0a b05b5f6850cfa158 10ad13170242ecae a853f13216170123 0eedb1a0d3b8ddae 4d7653ea9499eed4 52370bea1acd0600 47fbe21f5c35c7b4 9a0f5ee4f845c9b2 bbbd5d2fd957e8f7 c28bc62802b90f82 702d8f1064ab3e30 3986b68500d7704b
457,0c15f252d30646fc d1e21234d7cc61d2 e8b87ed7db1bcb1f 9c9ebf71707d7a37 8e0cc5199a0ee659 2359719a0f40ffac 65d44c6393907290 72c2a95813ea72bd f2e30efbd27bee51 49b5678e0d1e5bcd 0220a434aa8bf029 ac9ee0c09b538140 8643165b0f53df11 f48d0fbea7dc2782 4f31209941bb05fc 6899956cd6c683f0 6e239f4dd4b6aed7 e4a7a996ed6a5a81 4bed80e56ea2e099 c96049ed915ced0a 83b911ff0ff45844 10ad13170242ecae a853f13216170123 f29eee8054c061e1 047769588be1aea9 acae1d29289b1266 a2805ed52b47b8ec 9100ea6cd0e084bf c1f2e3a76d388944 4491016efed845f1
458,24e582daf6f87158 b26d8664feb18c8c 22dc81380cf4baec 061f3e1feeaa3094 54a11cbcd7a32af4 42bb83d7c4b9ecae 47fbe21f5c35c7b4 0add47a043c64d7f b1dcaca98bb76736 2394b08708475900 c015590d6a6fe833 6c017e548aa138f2 bd0f175ee98c613e a04d6febd82a4389 95d25d38ba7df9c7 90ecb28f2edb9d43 25145708d494530b ae94d8435a6847f4 b3e75fdca5ca2f1a 095bb1b6ecbd0a50 a14394322cf7043d 528161039994b4dc b69ce8b8154645f8 64b31699d7d15934 a52df8083c238c46 01b3da54ffb158a0 0db6584e3bdfa1c4 eff60ceea8817dad cea18be9a89d7a81 fb2ebcb5335ad2e2
459,fa173131f15f5534 72c2a95813ea72bd 48cf88c17ff38c5e c1f2e3a76d388944 a9dad59c7055b56c bc2ae5f4e5d53e00 148ac4a56a18844d 4f2fffd7528de786 3b6d27775fce1c7b 486dd77002936dec c015590d6a6fe833 b24820ae14e16a24 a2c35fdf07a13286 5430097e23000368 39f6296778264878 9a0f5ee4f845c9b2 0bcaac840d5e66d7 c28bc62802b90f82 702d8f1064ab3e30 fd30682593995748 3986b68500d7704b 3fa57d488e979d74 bd713b37b67866c3 e0269da736ddf004 ff88049e61f0f4ef 4d7653ea9499eed4 52370bea1acd0600 47fbe21f5c35c7b4 bbbd5d2fd957e8f7 cea18be9a89d7a81
460,64907c4568244eb4 2b48ab08c915c0ad fd30682593995748 00d9f8d3f7d412b3 a1314cd417504572 d72363ddd958d906 f2b5098ac9c92da9 47fbe21f5c35c7b4 52370bea1acd0600 4d7653ea9499eed4 9a0f5ee4f845c9b2 0bcaac840d5e66d7 bbbd5d2fd957e8f7 702d8f1064ab3e30 3986b68500d7704b 3fa57d488e979d74 ff88049e61f0f4ef e0269da736ddf004 bd713b37b67866c3 2a06f5614060e3b6 e25a1da6ca187350 c28bc62802b90f82 e7cad3748e50b0f8 0708923badf2ff5d 734dabb98795c35c 942a7d26d81c841f bd0f175ee98c613e ae94d8435a6847f4 b6d0f83aad4e4dc7 b24820ae14e16a24
461,8e0cc5199a0ee659 40583079f57235a6 316382267dcd804f b29ab87af6ea6310 1f4f62844c3cb99c a292248bb2bffb3d 025a148c3a53bd9f 72c2a95813ea72bd 853e36b1550c6274 dc12cc503ac0eddb b6cdb608f640e038 5a1149fbcbd37376 a52df8083c238c46 64b31699d7d15934 36d33c41812ce7dc c810ac016901e8ac 09660f466b38b7ba 54f55c74d37db3c0 a04d6febd82a4389 f2234bb7ce0c6f59 72403ecdfe02bba6 05f23e7d05dbf7c2 095bb1b6ecbd0a50 a14394322cf7043d b3e75fdca5ca2f1a 4f31209941bb05fc 6899956cd6c683f0 c28bc62802b90f82 b3ad55963554f220 cc861214a89ef1f4
462,069e7e25e43deab3 f29eee8054c061e1 aa0789b403bcd839 d1e21234d7cc61d2 9c9ebf71707d7a37 f48d0fbea7dc2782 65d44c6393907290 62431fd374eb99fb e8b87ed7db1bcb1f c015590d6a6fe833 96e82fa141db9a4b 99e833818ec4bbf2 133b04350c75770b 83b911ff0ff45844 6406fcdb7d87b5dc 9f3d2ca16f358290 2359719a0f40ffac 047769588be1aea9 acae1d29289b1266 9100ea6cd0e084bf f2e30efbd27bee51 5430097e23000368 0451447dd64f6284 ca43e349133fc0e3 07f22a7ad7e4711d 49b5678e0d1e5bcd 0220a434aa8bf029 8e0cc5199a0ee659 b05b5f6850cfa158 72c2a95813ea72bd
463,07d688f5e2142b87 00ff646ca6637bd7 0c2eeab1e4ce1db8 2bafd15871caae91 f28fb3d9880c5d4c 351c9da399c2b915 2dd12c230ab22555 2e44fbb8bc3d8d71 a677c3a76055a6d2 fc8971756f9ec194 42c9b72cc77dcb28 120e745e2961b5d5 52370bea1acd0600 3cb6b40d377e7ca8 b0b5e62a93a2c37c 781f4d0147aef776 d257d1fbcf43abd5 9ab90dfc5c9b0b37 b0e254dd420faee3 87c5481930cfe126 b6cdb608f640e038 37001ade0df85823 c810ac016901e8ac 36d33c41812ce7dc a04d6febd82a4389 095bb1b6ecbd0a50 b3e75fdca5ca2f1a a14394322cf7043d 025a148c3a53bd9f 39075e303166355e
464,1d12acf7349196b0 781f4d0147aef776 6aefb6531736648a 680bb5c5c3bb6ee1 734dabb98795c35c 1398b478b71773ed 8dedff0a79784abc c49d8f84a4f87f8a 3e66b4855d0dddbe c143c095983a65c2 bf973f9ec3600199 bf3ccaba4a3450a8 63d509cd2a2e0e47 e8ad5e31484ef889 07be6a290720707d cc0c9419f8a20603 2a06f5614060e3b6 4d7653ea9499eed4 00e1e2eb13f650e4 9a0f5ee4f845c9b2 0772e3ab293a1f30 0bcaac840d5e66d7 c28bc62802b90f82 702d8f1064ab3e30 3986b68500d7704b 3fa57d488e979d74 ff88049e61f0f4ef e0269da736ddf004 bd713b37b67866c3 fd30682593995748
465,922e625fae98b3b9 49224aca40e6e5e3 06de3ca1148b088b 25a3b47fe31bc6b5 18ced18aee04c48e 28a2067685cb3e97 16b11706660177ff a292248bb2bffb3d 4dba7ce835494a63 ec1b3d7ccd3984d0 f76f44d372517a9a e25a1da6ca187350 6204e398d8c7f888 01e5a6edcee7deb0 20d283a232dfd13c bed3e73d52011f68 8f578001f9d5f543 eec6b281e236b500 ca4de5b8a7bda9df e878efab7c37179e 8fc68213b63951dc d7d937303a6d5a9d ffa9091747ae2466 f9c6286cff30aaa8 4c3802a1bd3c842e 01020d1b0821f4c7 5c8c6d9a1fd4c1e0 73f770f2643a2135 025a148c3a53bd9f e22c35101e190db9
466,01b3da54ffb158a0 fc16a50ff0baec53 8e83d05923cde390 5989fb934598c1a7 ac9ee0c09b538140 9b2adcf4041227d7 a0566ca9daca7778 52aa48c07b34dc88 c143c095983a65c2 4c0eee2c1a5e76e2 a292248bb2bffb3d 8faeacf8ca08f62d 395b26d91f98bd92 680bb5c5c3bb6ee1 fa173131f15f5534 d1e21234d7cc61d2 1398b478b71773ed 8dedff0a79784abc 3e66b4855d0dddbe bf973f9ec3600199 c5830f9d0f1e29e5 bf3ccaba4a3450a8 95ecdbff44ad0b60 1d0f5fdc58e3efb5 63d509cd2a2e0e47 7155e5a86136eb02 e8ad5e31484ef889 2e031d83339759b2 07be6a290720707d 4d32dae7b43c489a
467,ddf332f2b55a2a23 09bbaa171c20bae3 47fbe21f5c35c7b4 72c2a95813ea72bd 48cf88c17ff38c5e a9dad59c7055b56c bc2ae5f4e5d53e00 148ac4a56a18844d 4f2fffd7528de786 3b6d27775fce1c7b 486dd77002936dec b24820ae14e16a24 a2c35fdf07a13286 bd713b37b67866c3 e0269da736ddf004 ff88049e61f0f4ef 3fa57d488e979d74 3986b68500d7704b fd30682593995748 2a06f5614060e3b6 702d8f1064ab3e30 c28bc62802b90f82 e25a1da6ca187350 0bcaac840d5e66d7 9a0f5ee4f845c9b2 942a7d26d81c841f ae94d8435a6847f4 b6d0f83aad4e4dc7 622f2e4119882c94 4b8c7061102517ef
468,26140b225c4f8d3f 585f4ee09d8fea46 9c9ebf71707d7a37 dc576af4ae66e25e db0e648651f4c92b 919b1679fffa7ef1 dc17b07476183764 18ced18aee04c48e f6d23cdd2359f7c0 5430097e23000368 0bcaac840d5e66d7 c28bc62802b90f82 702d8f1064ab3e30 3986b68500d7704b 3fa57d488e979d74 ff88049e61f0f4ef e0269da736ddf004 bd713b37b67866c3 fd30682593995748 2a06f5614060e3b6 39f6296778264878 e25a1da6ca187350 9a0f5ee4f845c9b2 bd0f175ee98c613e ae94d8435a6847f4 b6d0f83aad4e4dc7 b24820ae14e16a24 622f2e4119882c94 4b8c7061102517ef af8e70f978cd5aee
469,01b3da54ffb158a0 238ec735a13a3f09 8b7c486a910dd004 ac9ee0c09b538140 65fac1ba1840000f e7828f0ea9749505 a1314cd417504572 a0566ca9daca7778 52aa48c07b34dc88 c143c095983a65c2 4c0eee2c1a5e76e2 cec2eea2a1fe566a ee3ed9a3f51336cd 7cea1f637ea3f37d 6461a9faa871b3ac 52e459a551d4ac2d bc27d5dc9bab1c18 395b26d91f98bd92 fd30682593995748 00d9f8d3f7d412b3 b6cdb608f640e038 1d0f5fdc58e3efb5 c810ac016901e8ac 36d33c41812ce7dc a04d6febd82a4389 f1a3b8b13e9401c0 a14394322cf7043d b3e75fdca5ca2f1a 095bb1b6ecbd0a50 025a148c3a53bd9f
470,3734d3b0b9232538 6a3919ad9ed8197e 9fbffc521da97c54 ddf332f2b55a2a23 09bbaa171c20bae3 2394b08708475900 b6e646c13d0753ae eab15ee21e126f6a f49e13a653cbdad2 ae000f9d0b5e104e a982b5c3aed39396 430feb4826a5632e ec4ef2f727e7a03f a60934e6b473097a 9f3d2ca16f358290 92f42fbd0c38f7fd 4491016efed845f1 0a79fabc6f5d93c9 a9dad59c7055b56c bc2ae5f4e5d53e00 7c98dedd223b36c0 0add47a043c64d7f b1dcaca98bb76736 a2805ed52b47b8ec 6c017e548aa138f2 c015590d6a6fe833 a04d6febd82a4389 90ecb28f2edb9d43 5c8c6d9a1fd4c1e0 65d44c6393907290
471,537a55eda51a3f60 451e7ba901ad661d 0b774cf90856c4da 6a3919ad9ed8197e 7d83ffe83f61bdc4 585f4ee09d8fea46 0c2eeab1e4ce1db8 a84cd36608cb8665 64907c4568244eb4 52e459a551d4ac2d 2b48ab08c915c0ad fd30682593995748 00d9f8d3f7d412b3 b6cdb608f640e038 a1314cd417504572 c5830f9d0f1e29e5 c810ac016901e8ac 36d33c41812ce7dc d72363ddd958d906 95ecdbff44ad0b60 a04d6febd82a4389 8faeacf8ca08f62d 1d0f5fdc58e3efb5 095bb1b6ecbd0a50 b3e75fdca5ca2f1a a14394322cf7043d 025a148c3a53bd9f c6b615b2589e036d 7e4a4a1300b77a06 39075e303166355e
472,bbbd5d2fd957e8f7 74873b42602d8958 537a55eda51a3f60 9c9a9d45c2ea7ddf 4c0eee2c1a5e76e2 26f72a4eb15ea8c0 00d9f8d3f7d412b3 7d83ffe83f61bdc4 8abe670908f12614 4d29c6922b2d0d56 da904d2a54ff8cf2 4483bbdd3241f11a c11b97f245a9dfd0 cc0c9419f8a20603 0eedb1a0d3b8ddae 0bcaac840d5e66d7 c28bc62802b90f82 702d8f1064ab3e30 9a0f5ee4f845c9b2 3fa57d488e979d74 ff88049e61f0f4ef e0269da736ddf004 bd713b37b67866c3 fd30682593995748 2a06f5614060e3b6 39f6296778264878 3986b68500d7704b 942a7d26d81c841f bd0f175ee98c613e ae94d8435a6847f4
473,40583079f57235a6 f2234bb7ce0c6f59 05f23e7d05dbf7c2 72403ecdfe02bba6 57113c2a4cacd961 26fc2a95df5659c2 0bcaac840d5e66d7 a52df8083c238c46 64b31699d7d15934 0d0368139e9a647f b29ab87af6ea6310 1f4f62844c3cb99c 09660f466b38b7ba 54f55c74d37db3c0 b6d0f83aad4e4dc7 0fbd0f422e926816 cb3e4ce97e7f2881 c28bc62802b90f82 33856365c271aea4 b3ad55963554f220 cc861214a89ef1f4 316382267dcd804f f58ff7f1a6cde683 796888cc3443006c d35e11d3d1ab3c67 63d95d5977c2fe98 5b16bae6a0de7c88 73391e0853c1e040 387e9cd2e5d4ea7d d46598813fb437e5
474,95d25d38ba7df9c7 05e4165a56bf50eb a860b682add9de1c ac9ee0c09b538140 0eedb1a0d3b8ddae 8643165b0f53df11 48a76e3aff69d605 589ef345cb2dccfc e4a7a996ed6a5a81 4bed80e56ea2e099 b05b5f6850cfa158 4d32dae7b43c489a db69d4cbfef8d22f 24e582daf6f87158 8faeacf8ca08f62d 47fbe21f5c35c7b4 f1a3b8b13e9401c0 3b4a85bac6ead3c8 393f49286db04aeb 1dc7139adba034ec af8e70f978cd5aee bd0f175ee98c613e bd713b37b67866c3 e0269da736ddf004 ff88049e61f0f4ef 3fa57d488e979d74 3986b68500d7704b 702d8f1064ab3e30 c28bc62802b90f82 0bcaac840d5e66d7
475,354d7a327bbcc152 00ff646ca6637bd7 0e45c4c185f35df6 b8e2f75014710ced 781f4d0147aef776 b6cdb608f640e038 c810ac016901e8ac 36d33c41812ce7dc a04d6febd82a4389 095bb1b6ecbd0a50 a14394322cf7043d b3e75fdca5ca2f1a 025a148c3a53bd9f 7e4a4a1300b77a06 2810fb6f81d1711c 39075e303166355e e14a893f1918277e c6b615b2589e036d 853e36b1550c6274 54a11cbcd7a32af4 00e1e2eb13f650e4 8e0cc5199a0ee659 238ec735a13a3f09 b84b6c0b2e4d0306 b78189788d563693 316382267dcd804f c606425856952286 46315cf30aaee51c 0688c790d5806540 27a12f29dceccdbd
476,4e966bb2768c2b8a 6d80d2e62d01f6bc b749972436ac9791 5b34da30b93eb123 4d417b203b333363 26fc2a95df5659c2 2820628e65a062e2 74e59c5820900b17 74873b42602d8958 0eafda717681bbdc 6aac5e116b75aa22 5fb2d8e734956af0 ec4ef2f727e7a03f a492bd402afd5c71 f705b637f624147e 4d32dae7b43c489a 6c017e548aa138f2 00140806971e7a73 c810ac016901e8ac 36d33c41812ce7dc a04d6febd82a4389 ca4de5b8a7bda9df 8fc68213b63951dc d7d937303a6d5a9d 01e5a6edcee7deb0 8f578001f9d5f543 eec6b281e236b500 20d283a232dfd13c e878efab7c37179e bed3e73d52011f68
477,4f2fffd7528de786 a292248bb2bffb3d d1e21234d7cc61d2 dc12cc503ac0eddb 2a06f5614060e3b6 1d0f5fdc58e3efb5 73391e0853c1e040 7c98dedd223b36c0 4dba7ce835494a63 4d32dae7b43c489a 6c017e548aa138f2 00140806971e7a73 bed3e73d52011f68 20d283a232dfd13c ca4de5b8a7bda9df d7d937303a6d5a9d 8f578001f9d5f543 eec6b281e236b500 01e5a6edcee7deb0 e878efab7c37179e 8fc68213b63951dc 1a05ef8c93af8eed 24e582daf6f87158 73f770f2643a2135 a14394322cf7043d 095bb1b6ecbd0a50 b3e75fdca5ca2f1a 3d6880bd12f6613f 9b2adcf4041227d7 b69ce8b8154645f8
478,9c9a9d45c2ea7ddf 74873b42602d8958 853e36b1550c6274 bbbd5d2fd957e8f7 4c0eee2c1a5e76e2 9ab90dfc5c9b0b37 26f72a4eb15ea8c0 46315cf30aaee51c c606425856952286 0688c790d5806540 016da874bd04df55 74244a8703c03720 83f5a9732f0de67f 65fac1ba1840000f 047769588be1aea9 5867d40811c0229f 5430097e23000368 e7cad3748e50b0f8 486dd77002936dec 4d9214c0925e5af8 b6cdb608f640e038 00d9f8d3f7d412b3 d46598813fb437e5 c810ac016901e8ac 36d33c41812ce7dc a04d6febd82a4389 b3e75fdca5ca2f1a 095bb1b6ecbd0a50 a14394322cf7043d 351c9da399c2b915
479,4d32dae7b43c489a 24e582daf6f87158 d1e21234d7cc61d2 9c9ebf71707d7a37 f48d0fbea7dc2782 65d44c6393907290 e8b87ed7db1bcb1f 8faeacf8ca08f62d 47fbe21f5c35c7b4 83b911ff0ff45844 2359719a0f40ffac 393f49286db04aeb f29eee8054c061e1 047769588be1aea9 acae1d29289b1266 9100ea6cd0e084bf a860b682add9de1c f2e30efbd27bee51 0451447dd64f6284 ca43e349133fc0e3 07f22a7ad7e4711d 49b5678e0d1e5bcd 1dc7139adba034ec 0220a434aa8bf029 54a11cbcd7a32af4 00e1e2eb13f650e4 8e0cc5199a0ee659 b84b6c0b2e4d0306 0a79fabc6f5d93c9 d5952b2e031c4e7e
480,f6d23cdd2359f7c0 1d72229ebcc00faf dc576af4ae66e25e 585f4ee09d8fea46 9c9ebf71707d7a37 e8ad5e31484ef889 db0e648651f4c92b 919b1679fffa7ef1 54a11cbcd7a32af4 18ced18aee04c48e 2a06f5614060e3b6 1d0f5fdc58e3efb5 34a62e66e05f9a44 73391e0853c1e040 7c98dedd223b36c0 4dba7ce835494a63 00e1e2eb13f650e4 b84b6c0b2e4d0306 6c017e548aa138f2 00140806971e7a73 e878efab7c37179e ca4de5b8a7bda9df 20d283a232dfd13c eec6b281e236b500 d7d937303a6d5a9d bed3e73d52011f68 8f578001f9d5f543 8fc68213b63951dc 01e5a6edcee7deb0 0eedb1a0d3b8ddae
481,4d32dae7b43c489a 24e582daf6f87158 4e966bb2768c2b8a 4d29c6922b2d0d56 8faeacf8ca08f62d bf3ccaba4a3450a8 47fbe21f5c35c7b4 393f49286db04aeb a860b682add9de1c 5048a37f10cf2d91 1dc7139adba034ec 3b4a85bac6ead3c8 5fb2d8e734956af0 366a22fce0614fb8 bbbd5d2fd957e8f7 00e1e2eb13f650e4 52370bea1acd0600 4d7653ea9499eed4 0772e3ab293a1f30 9a0f5ee4f845c9b2 0bcaac840d5e66d7 c28bc62802b90f82 702d8f1064ab3e30 3986b68500d7704b 3fa57d488e979d74 ff88049e61f0f4ef e0269da736ddf004 cea18be9a89d7a81 e7cad3748e50b0f8 0708923badf2ff5d
482,316382267dcd804f 5057551fc55e9ed2 b50b4e27b03c7b37 955e465ce0788ea6 0fbd0f422e926816 b6d0f83aad4e4dc7 c810ac016901e8ac 36d33c41812ce7dc 05f23e7d05dbf7c2 f2234bb7ce0c6f59 72403ecdfe02bba6 39075e303166355e 2810fb6f81d1711c 7e4a4a1300b77a06 e14a893f1918277e c6b615b2589e036d 238ec735a13a3f09 b78189788d563693 63d95d5977c2fe98 5a1149fbcbd37376 74244a8703c03720 976baf0e84752a68 73391e0853c1e040 d64c06baf5ef1c90 83f8aca6ee2caabc 64267373570e4ea3 2820628e65a062e2 00ff646ca6637bd7 e7828f0ea9749505 0c2eeab1e4ce1db8
483,4f2fffd7528de786 528161039994b4dc f49e13a653cbdad2 a18df74d3a16e9c0 5bf89d11a25121d9 351c9da399c2b915 c5830f9d0f1e29e5 d6ed7e4b14c51296 a2805ed52b47b8ec b6e646c13d0753ae dc17b07476183764 8e0cc5199a0ee659 cc0c9419f8a20603 b05b5f6850cfa158 72c2a95813ea72bd 98dbd15aa33ebc18 bee46c54461925d0 0eedb1a0d3b8ddae eff60ceea8817dad 3b4a85bac6ead3c8 e36475c1af5ea3ab da7d3c2d591c4295 4f31209941bb05fc 6899956cd6c683f0 c96049ed915ced0a 10ad13170242ecae a853f13216170123 00e1e2eb13f650e4 52370bea1acd0600 4d7653ea9499eed4
484,d1e21234d7cc61d2 047769588be1aea9 1d0f5fdc58e3efb5 0451447dd64f6284 0683b6a78f54be75 5430097e23000368 a292248bb2bffb3d 4d32dae7b43c489a e740c80fce094788 666bdff4faa513ca 24e582daf6f87158 ae000f9d0b5e104e 9c9a9d45c2ea7ddf a853f13216170123 98dbd15aa33ebc18 bee46c54461925d0 8faeacf8ca08f62d 47fbe21f5c35c7b4 eff60ceea8817dad 3b4a85bac6ead3c8 e36475c1af5ea3ab 393f49286db04aeb da7d3c2d591c4295 a860b682add9de1c 1dc7139adba034ec ff88049e61f0f4ef 3fa57d488e979d74 3986b68500d7704b bd0f175ee98c613e b6d0f83aad4e4dc7
485,8b7c486a910dd004 cec2eea2a1fe566a 48a76e3aff69d605 daa257a37227cd72 4f915ad69e1dca36 4d32dae7b43c489a 8faeacf8ca08f62d 10ad13170242ecae 24e582daf6f87158 853e36b1550c6274 4d9214c0925e5af8 46315cf30aaee51c c606425856952286 0688c790d5806540 016da874bd04df55 74244a8703c03720 47fbe21f5c35c7b4 65fac1ba1840000f 047769588be1aea9 5867d40811c0229f 393f49286db04aeb 351c9da399c2b915 a860b682add9de1c 9c9a9d45c2ea7ddf 428f9363fa35882d 1dc7139adba034ec c5830f9d0f1e29e5 0eedb1a0d3b8ddae 95ecdbff44ad0b60 1d0f5fdc58e3efb5
486,dc12cc503ac0eddb 9b2adcf4041227d7 c5830f9d0f1e29e5 95ecdbff44ad0b60 8faeacf8ca08f62d 1d0f5fdc58e3efb5 8abe670908f12614 3cb6b40d377e7ca8 a2805ed52b47b8ec b6e646c13d0753ae 3e8e56f639a5db5b 4d7653ea9499eed4 9a0f5ee4f845c9b2 0bcaac840d5e66d7 c28bc62802b90f82 702d8f1064ab3e30 3986b68500d7704b 734dabb98795c35c 3fa57d488e979d74 e0269da736ddf004 bd713b37b67866c3 fd30682593995748 2a06f5614060e3b6 39f6296778264878 ff88049e61f0f4ef 622f2e4119882c94 4b8c7061102517ef af8e70f978cd5aee b24820ae14e16a24 5ebb4d2f5f1c1f13
487,e22c35101e190db9 9cf6709de35bf0f3 d3c4a7db726191e0 025a148c3a53bd9f 9269d2b0d877352d 853e36b1550c6274 48f93f9c2c699e19 0a79fabc6f5d93c9 9113e9dc940fb287 2e031d83339759b2 b6cdb608f640e038 22dc81380cf4baec 4491016efed845f1 29bedd00fb2be056 d46598813fb437e5 c810ac016901e8ac 36d33c41812ce7dc 3b4a85bac6ead3c8 a04d6febd82a4389 16b11706660177ff a292248bb2bffb3d 4dba7ce835494a63 6204e398d8c7f888 f76f44d372517a9a ec1b3d7ccd3984d0 e25a1da6ca187350 095bb1b6ecbd0a50 b3e75fdca5ca2f1a a14394322cf7043d 8f578001f9d5f543
488,5c4b7558c942a224 e6a29676c096f8e8 636224e349e561bf ae94d8435a6847f4 c5830f9d0f1e29e5 9b0e8cf8153e3b33 c1f2e3a76d388944 bf973f9ec3600199 4beacc71024f8b08 a2805ed52b47b8ec a0566ca9daca7778 404031ab9d5977c4 b6e646c13d0753ae 0079f3c74309b582 4d32dae7b43c489a 8e0cc5199a0ee659 24e582daf6f87158 5048a37f10cf2d91 59c231f8fd21260c 72c2a95813ea72bd 8faeacf8ca08f62d 47fbe21f5c35c7b4 3b4a85bac6ead3c8 393f49286db04aeb 4f31209941bb05fc 6899956cd6c683f0 a860b682add9de1c c96049ed915ced0a b05b5f6850cfa158 10ad13170242ecae
489,1398b478b71773ed 680bb5c5c3bb6ee1 8dedff0a79784abc d216e5458ad70e60 3e66b4855d0dddbe bf973f9ec3600199 6a9aa1bd93e36e66 bf3ccaba4a3450a8 63d509cd2a2e0e47 6406fcdb7d87b5dc e8ad5e31484ef889 07be6a290720707d 07f22a7ad7e4711d 1dc7139adba034ec a65e30106ea50423 ced9c56f2be86774 eab15ee21e126f6a a60934e6b473097a 58654e3143c6550b 5430097e23000368 a292248bb2bffb3d d1e21234d7cc61d2 f2b5098ac9c92da9 3b4a85bac6ead3c8 0eedb1a0d3b8ddae 702d8f1064ab3e30 c28bc62802b90f82 3986b68500d7704b ff88049e61f0f4ef e0269da736ddf004
490,a9dad59c7055b56c bc2ae5f4e5d53e00 cb3e4ce97e7f2881 b24820ae14e16a24 8bf446c0455e3c5c db7342eff9200020 0772e3ab293a1f30 c03b11a0cdc3fa39 8e0cc5199a0ee659 cc0c9419f8a20603 72c2a95813ea72bd c5830f9d0f1e29e5 95ecdbff44ad0b60 3b4a85bac6ead3c8 8faeacf8ca08f62d 1d0f5fdc58e3efb5 4f31209941bb05fc 6899956cd6c683f0 c96049ed915ced0a 8abe670908f12614 3cb6b40d377e7ca8 10ad13170242ecae a2805ed52b47b8ec a853f13216170123 b6e646c13d0753ae 3e8e56f639a5db5b e0269da736ddf004 7c8324ce28ffb96e ff88049e61f0f4ef 3fa57d488e979d74
491,40583079f57235a6 a52df8083c238c46 64b31699d7d15934 1f4f62844c3cb99c b29ab87af6ea6310 54f55c74d37db3c0 09660f466b38b7ba 72403ecdfe02bba6 05f23e7d05dbf7c2 f2234bb7ce0c6f59 c28bc62802b90f82 b3ad55963554f220 cc861214a89ef1f4 0d0368139e9a647f b6d0f83aad4e4dc7 0fbd0f422e926816 d46598813fb437e5 316382267dcd804f f58ff7f1a6cde683 796888cc3443006c d35e11d3d1ab3c67 63d95d5977c2fe98 26fc2a95df5659c2 5b16bae6a0de7c88 7b81f1f2b6ec2e5f 73391e0853c1e040 387e9cd2e5d4ea7d 33856365c271aea4 70776cdd9bb3b7d4 5a1149fbcbd37376
492,4e966bb2768c2b8a 238de368bb05c0ec 430feb4826a5632e a9dad59c7055b56c bc2ae5f4e5d53e00 54a11cbcd7a32af4 00e1e2eb13f650e4 b84b6c0b2e4d0306 d5952b2e031c4e7e 34a62e66e05f9a44 c5830f9d0f1e29e5 95ecdbff44ad0b60 8faeacf8ca08f62d 1d0f5fdc58e3efb5 8abe670908f12614 3cb6b40d377e7ca8 a2805ed52b47b8ec b6e646c13d0753ae 3e8e56f639a5db5b cea18be9a89d7a81 0772e3ab293a1f30 bbbd5d2fd957e8f7 47fbe21f5c35c7b4 52370bea1acd0600 4d7653ea9499eed4 9a0f5ee4f845c9b2 0bcaac840d5e66d7 c28bc62802b90f82 702d8f1064ab3e30 3986b68500d7704b
493,4d9214c0925e5af8 74244a8703c03720 73f770f2643a2135 853e36b1550c6274 3b4a85bac6ead3c8 b84b6c0b2e4d0306 413c55a5ab86881a 9c9a9d45c2ea7ddf 4d954d933e606b70 ae94d8435a6847f4 430feb4826a5632e b3ad55963554f220 486dd77002936dec 828f5dfbbf1272ee 702d8f1064ab3e30 c1f2e3a76d388944 83f8f2fc471cad74 ebfda3b48083e390 34a62e66e05f9a44 c606425856952286 46315cf30aaee51c 52370bea1acd0600 0688c790d5806540 016da874bd04df55 050544c040f46152 b0bfe0f426275870 8faeacf8ca08f62d 65fac1ba1840000f 047769588be1aea9 238de368bb05c0ec
494,c28bc62802b90f82 0195950ce0f47e34 48a76e3aff69d605 b760ebc5f25788d3 0eb4de784c8dd679 12af6a34778710db 39f6296778264878 ced9c56f2be86774 a9dad59c7055b56c bc2ae5f4e5d53e00 54a11cbcd7a32af4 00e1e2eb13f650e4 b84b6c0b2e4d0306 b24820ae14e16a24 d5952b2e031c4e7e 43b3338423d7386c 34a62e66e05f9a44 387e9cd2e5d4ea7d 1d0f5fdc58e3efb5 0eedb1a0d3b8ddae 8a5635c748344d47 486dd77002936dec 4d7653ea9499eed4 3986b68500d7704b 3fa57d488e979d74 ff88049e61f0f4ef e0269da736ddf004 702d8f1064ab3e30 bd713b37b67866c3 fd30682593995748
495,285657fcdf89f00d 2bafd15871caae91 0bcaac840d5e66d7 0897dcfae16e280f b6a1c97f19af78d0 4d32dae7b43c489a 24e582daf6f87158 8faeacf8ca08f62d 47fbe21f5c35c7b4 0eedb1a0d3b8ddae 393f49286db04aeb a860b682add9de1c b05b5f6850cfa158 1dc7139adba034ec c28bc62802b90f82 702d8f1064ab3e30 9a0f5ee4f845c9b2 3fa57d488e979d74 ff88049e61f0f4ef e0269da736ddf004 bd713b37b67866c3 fd30682593995748 2a06f5614060e3b6 39f6296778264878 3986b68500d7704b bd0f175ee98c613e ae94d8435a6847f4 b6d0f83aad4e4dc7 b24820ae14e16a24 622f2e4119882c94
496,f44f74b3451aa593 16b11706660177ff abf90e759d208468 f25bfcffedaccf28 9b0e8cf8153e3b33 62431fd374eb99fb 40583079f57235a6 f29eee8054c061e1 d46598813fb437e5 0db6584e3bdfa1c4 73f770f2643a2135 ae94d8435a6847f4 4beacc71024f8b08 f58ff7f1a6cde683 5430097e23000368 430feb4826a5632e 702d8f1064ab3e30 6e239f4dd4b6aed7 0683b6a78f54be75 74244a8703c03720 65fac1ba1840000f 393f49286db04aeb 64b31699d7d15934 a52df8083c238c46 b29ab87af6ea6310 1f4f62844c3cb99c 09660f466b38b7ba 54f55c74d37db3c0 35488b3b8b781278 b8e2f75014710ced
497,8e0760918e88e4a9 0a79fabc6f5d93c9 27bc34b9887bec0d 62431fd374eb99fb 4e966bb2768c2b8a 96e82fa141db9a4b f29eee8054c061e1 9b0e8cf8153e3b33 99e833818ec4bbf2 1d0f5fdc58e3efb5 50cb6a6c60ad711a 133b04350c75770b 6406fcdb7d87b5dc 9f3d2ca16f358290 430feb4826a5632e d6ed7e4b14c51296 2e4b00c01d58e79e 5897953fdf87b60f bc2ae5f4e5d53e00 a9dad59c7055b56c 2e031d83339759b2 069e7e25e43deab3 3a6e7894dde31c67 0220a434aa8bf029 855f2f0354e102c7 07d688f5e2142b87 4b29fc21f912754d 81bd116c786bf9ae 8a5635c748344d47 04886579947a80c2
498,2e2904c5373734ae a65e30106ea50423 ced9c56f2be86774 9b0e8cf8153e3b33 58654e3143c6550b 3a6e7894dde31c67 a292248bb2bffb3d 8e0cc5199a0ee659 d1e21234d7cc61d2 72c2a95813ea72bd c5830f9d0f1e29e5 95ecdbff44ad0b60 8faeacf8ca08f62d 1d0f5fdc58e3efb5 4f31209941bb05fc 6899956cd6c683f0 c96049ed915ced0a 8abe670908f12614 3cb6b40d377e7ca8 10ad13170242ecae a2805ed52b47b8ec a853f13216170123 b6e646c13d0753ae 0eedb1a0d3b8ddae 3e8e56f639a5db5b 702d8f1064ab3e30 3986b68500d7704b 3fa57d488e979d74 ff88049e61f0f4ef e0269da736ddf004
499,1d0f5fdc58e3efb5 8faeacf8ca08f62d d216e5458ad70e60 1dc7139adba034ec 4d32dae7b43c489a 1398b478b71773ed 6a9aa1bd93e36e66 5bf89d11a25121d9 351c9da399c2b915 c5830f9d0f1e29e5 95ecdbff44ad0b60 24e582daf6f87158 6406fcdb7d87b5dc d6ed7e4b14c51296 07f22a7ad7e4711d 8abe670908f12614 3cb6b40d377e7ca8 d1e21234d7cc61d2 47fbe21f5c35c7b4 a2805ed52b47b8ec 393f49286db04aeb 0683b6a78f54be75 7155e5a86136eb02 b6e646c13d0753ae 2e031d83339759b2 a860b682add9de1c 54a11cbcd7a32af4 00e1e2eb13f650e4 b84b6c0b2e4d0306 e740c80fce094788
500,a9223c28b10c131f 1d0f5fdc58e3efb5 01104a026d22ae55 d1e21234d7cc61d2 ff88049e61f0f4ef 0683b6a78f54be75 d216e5458ad70e60 a853f13216170123 e740c80fce094788 666bdff4faa513ca a5f55580081236f4 8e0cc5199a0ee659 72c2a95813ea72bd c5830f9d0f1e29e5 95ecdbff44ad0b60 8faeacf8ca08f62d 4f31209941bb05fc 6899956cd6c683f0 c96049ed915ced0a 8abe670908f12614 3cb6b40d377e7ca8 10ad13170242ecae a2805ed52b47b8ec b6e646c13d0753ae 3e8e56f639a5db5b c28bc62802b90f82 3986b68500d7704b 3fa57d488e979d74 cc861214a89ef1f4 e0269da736ddf004
501,0eedb1a0d3b8ddae 6ae470a7c9ec20fd 0708923badf2ff5d 587e0b2a4811fab1 b0e254dd420faee3 5b16bae6a0de7c88 ae94d8435a6847f4 9b0e8cf8153e3b33 a860b682add9de1c 5c4b7558c942a224 e6a29676c096f8e8 bf973f9ec3600199 4beacc71024f8b08 a0566ca9daca7778 404031ab9d5977c4 a292248bb2bffb3d 0079f3c74309b582 54a11cbcd7a32af4 00e1e2eb13f650e4 b84b6c0b2e4d0306 59c231f8fd21260c d5952b2e031c4e7e d1e21234d7cc61d2 34a62e66e05f9a44 5430097e23000368 b05b5f6850cfa158 3986b68500d7704b 702d8f1064ab3e30 3fa57d488e979d74 ff88049e61f0f4ef
502,2359719a0f40ffac d1e21234d7cc61d2 9c9ebf71707d7a37 e8b87ed7db1bcb1f f2e30efbd27bee51 49b5678e0d1e5bcd 0220a434aa8bf029 4d29c6922b2d0d56 bf3ccaba4a3450a8 4d32dae7b43c489a fa173131f15f5534 eab15ee21e126f6a a60934e6b473097a 8faeacf8ca08f62d 6c017e548aa138f2 00140806971e7a73 36d33c41812ce7dc c810ac016901e8ac a04d6febd82a4389 01e5a6edcee7deb0 8fc68213b63951dc eec6b281e236b500 bed3e73d52011f68 8f578001f9d5f543 d7d937303a6d5a9d e878efab7c37179e 20d283a232dfd13c ca4de5b8a7bda9df 90ecb28f2edb9d43 0fbd0f422e926816
503,f48d0fbea7dc2782 4d32dae7b43c489a 87c5481930cfe126 7d83ffe83f61bdc4 24e582daf6f87158 976baf0e84752a68 2820628e65a062e2 628accd9be98503c 1a8e5d6512d9e2d8 8faeacf8ca08f62d 7cea1f637ea3f37d 6461a9faa871b3ac 47fbe21f5c35c7b4 393f49286db04aeb 155600e5f1221f8c 5430097e23000368 a292248bb2bffb3d 190ab585fd379f0f a860b682add9de1c 1dc7139adba034ec ae000f9d0b5e104e 9c9a9d45c2ea7ddf d1e21234d7cc61d2 0eedb1a0d3b8ddae 702d8f1064ab3e30 3986b68500d7704b 3fa57d488e979d74 ff88049e61f0f4ef e0269da736ddf004 fd30682593995748
504,59c231f8fd21260c f1a3b8b13e9401c0 48a76e3aff69d605 ae94d8435a6847f4 9b0e8cf8153e3b33 5c4b7558c942a224 e6a29676c096f8e8 bf973f9ec3600199 4beacc71024f8b08 a0566ca9daca7778 404031ab9d5977c4 0079f3c74309b582 54a11cbcd7a32af4 00e1e2eb13f650e4 4d32dae7b43c489a b84b6c0b2e4d0306 cc0c9419f8a20603 24e582daf6f87158 d5952b2e031c4e7e 34a62e66e05f9a44 8faeacf8ca08f62d 47fbe21f5c35c7b4 393f49286db04aeb a860b682add9de1c 1dc7139adba034ec 702d8f1064ab3e30 3986b68500d7704b 3fa57d488e979d74 0bcaac840d5e66d7 ff88049e61f0f4ef
505,d63b7f083330247f 3b6d27775fce1c7b 8e0cc5199a0ee659 74ae9af23a383bf5 c5830f9d0f1e29e5 b69ce8b8154645f8 5b4c879fc9c316fb 204ec91c39d1479d 00e1e2eb13f650e4 5430097e23000368 576dd429db946393 f209d29f991432f0 ae000f9d0b5e104e 1efd7bd8a34a1359 95ecdbff44ad0b60 8faeacf8ca08f62d 1d0f5fdc58e3efb5 8abe670908f12614 3cb6b40d377e7ca8 a2805ed52b47b8ec b6e646c13d0753ae 0eedb1a0d3b8ddae 3e8e56f639a5db5b 4d7653ea9499eed4 9a0f5ee4f845c9b2 0bcaac840d5e66d7 c28bc62802b90f82 52370bea1acd0600 9cf6709de35bf0f3 796888cc3443006c
506,f25bfcffedaccf28 65ad9c583823162d 65708d542bd01f39 033d905aec273595 52aa48c07b34dc88 22756be6fd061d4c 5430097e23000368 d6bbbd6c4968075a 8dedff0a79784abc e9c20b67a4c5395f ebfda3b48083e390 e6a29676c096f8e8 25a3b47fe31bc6b5 d257d1fbcf43abd5 bc2552a642ce8497 98dbd15aa33ebc18 d46598813fb437e5 58654e3143c6550b 35488b3b8b781278 c143c095983a65c2 b6a1c97f19af78d0 b6e646c13d0753ae 16b11706660177ff a292248bb2bffb3d 4dba7ce835494a63 f76f44d372517a9a 6204e398d8c7f888 ec1b3d7ccd3984d0 e25a1da6ca187350 bed3e73d52011f68
507,451e7ba901ad661d 0b774cf90856c4da cc861214a89ef1f4 ecb768ef6fd223ca a84cd36608cb8665 af8e70f978cd5aee 22e8d6734e4121ae 4105533fe46dfba9 6cb9ab508a0678a0 2bafd15871caae91 fab14d178b24a67f 354d7a327bbcc152 fc16a50ff0baec53 8e83d05923cde390 05e4165a56bf50eb 5430097e23000368 5989fb934598c1a7 0eedb1a0d3b8ddae 059bbdbdb843af6a 666bdff4faa513ca c49d8f84a4f87f8a 1d0f5fdc58e3efb5 b6a1c97f19af78d0 c11b97f245a9dfd0 b05b5f6850cfa158 ae000f9d0b5e104e 9c9a9d45c2ea7ddf e25a1da6ca187350 39f6296778264878 2a06f5614060e3b6
508,59bf6d6df9146d60 d5805cdb9e8f0f48 8d58da0e1800dc96 016da874bd04df55 a292248bb2bffb3d 4dba7ce835494a63 7f95168400948588 ec1b3d7ccd3984d0 f76f44d372517a9a 6204e398d8c7f888 e25a1da6ca187350 6d80d2e62d01f6bc 9269d2b0d877352d d7d937303a6d5a9d 8fc68213b63951dc 8f578001f9d5f543 bed3e73d52011f68 e878efab7c37179e 01e5a6edcee7deb0 ca4de5b8a7bda9df eec6b281e236b500 20d283a232dfd13c 4fe9e4e55585ba4b 52370bea1acd0600 01020d1b0821f4c7 f9c6286cff30aaa8 4c3802a1bd3c842e ffa9091747ae2466 5c8c6d9a1fd4c1e0 6899956cd6c683f0
509,45bd99d5d2eef776 666bdff4faa513ca 1dc7139adba034ec 8df3f13d6af34cb3 04886579947a80c2 98dbd15aa33ebc18 bee46c54461925d0 eff60ceea8817dad e36475c1af5ea3ab da7d3c2d591c4295 0eedb1a0d3b8ddae c28bc62802b90f82 bbbd5d2fd957e8f7 0bcaac840d5e66d7 702d8f1064ab3e30 9a0f5ee4f845c9b2 4d7653ea9499eed4 bd713b37b67866c3 52370bea1acd0600 3986b68500d7704b 3fa57d488e979d74 ff88049e61f0f4ef 47fbe21f5c35c7b4 e0269da736ddf004 0708923badf2ff5d 734dabb98795c35c 942a7d26d81c841f bd0f175ee98c613e ae94d8435a6847f4 b6d0f83aad4e4dc7
510,a5d5ba33b5b1dc95 96445bec1579ec97 a60934e6b473097a f25bfcffedaccf28 148ac4a56a18844d 8faeacf8ca08f62d eab15ee21e126f6a 486dd77002936dec 033d905aec273595 22756be6fd061d4c 589ef345cb2dccfc 447fc00f40d71d08 5430097e23000368 d6bbbd6c4968075a a292248bb2bffb3d 4dba7ce835494a63 8dedff0a79784abc d73a65673e3f1d78 e9c20b67a4c5395f ebfda3b48083e390 f76f44d372517a9a 6204e398d8c7f888 ec1b3d7ccd3984d0 e25a1da6ca187350 e6a29676c096f8e8 6899956cd6c683f0 25a3b47fe31bc6b5 eec6b281e236b500 01e5a6edcee7deb0 8f578001f9d5f543
511,40583079f57235a6 43b3338423d7386c a52df8083c238c46 64b31699d7d15934 1f4f62844c3cb99c b29ab87af6ea6310 54f55c74d37db3c0 09660f466b38b7ba 8a5635c748344d47 c28bc62802b90f82 b3ad55963554f220 cc861214a89ef1f4 3734d3b0b9232538 d46598813fb437e5 f58ff7f1a6cde683 3b4a85bac6ead3c8 7b81f1f2b6ec2e5f a292248bb2bffb3d 4d32dae7b43c489a 24e582daf6f87158 0079f3c74309b582 d1e21234d7cc61d2 765c0695339c3abe 98dbd15aa33ebc18 bee46c54461925d0 8faeacf8ca08f62d 47fbe21f5c35c7b4 eff60ceea8817dad e36475c1af5ea3ab 393f49286db04aeb
512,522bd6887960c25d 047769588be1aea9 0451447dd64f6284 2e031d83339759b2 f48d0fbea7dc2782 65d44c6393907290 83b911ff0ff45844 2e2904c5373734ae f29eee8054c061e1 acae1d29289b1266 aa0789b403bcd839 9100ea6cd0e084bf 98dbd15aa33ebc18 bee46c54461925d0 ca43e349133fc0e3 eff60ceea8817dad 07f22a7ad7e4711d e36475c1af5ea3ab da7d3c2d591c4295 7155e5a86136eb02 5430097e23000368 4d32dae7b43c489a 24e582daf6f87158 ae000f9d0b5e104e 9c9a9d45c2ea7ddf 486dd77002936dec 8faeacf8ca08f62d 47fbe21f5c35c7b4 393f49286db04aeb a860b682add9de1c
513,4d32dae7b43c489a 24e582daf6f87158 8faeacf8ca08f62d 47fbe21f5c35c7b4 b6e72edcad270be0 c11b97f245a9dfd0 393f49286db04aeb a860b682add9de1c c5830f9d0f1e29e5 1dc7139adba034ec d46598813fb437e5 a2805ed52b47b8ec b6e646c13d0753ae 5430097e23000368 a292248bb2bffb3d 8e0cc5199a0ee659 0eedb1a0d3b8ddae ae000f9d0b5e104e 9c9a9d45c2ea7ddf d1e21234d7cc61d2 72c2a95813ea72bd 4f31209941bb05fc 6899956cd6c683f0 c96049ed915ced0a b05b5f6850cfa158 10ad13170242ecae a853f13216170123 ae94d8435a6847f4 e0269da736ddf004 ff88049e61f0f4ef
514,cc861214a89ef1f4 ecb768ef6fd223ca af8e70f978cd5aee 4105533fe46dfba9 22e8d6734e4121ae 48f93f9c2c699e19 5430097e23000368 6cb9ab508a0678a0 fab14d178b24a67f 354d7a327bbcc152 4491016efed845f1 9269d2b0d877352d 05e4165a56bf50eb e22c35101e190db9 9cf6709de35bf0f3 0683b6a78f54be75 c1f2e3a76d388944 9113e9dc940fb287 059bbdbdb843af6a d3c4a7db726191e0 22dc81380cf4baec 29bedd00fb2be056 35488b3b8b781278 4d32dae7b43c489a 6c017e548aa138f2 00140806971e7a73 36d33c41812ce7dc c810ac016901e8ac a04d6febd82a4389 ca4de5b8a7bda9df
515,4d954d933e606b70 589ef345cb2dccfc 98dbd15aa33ebc18 bee46c54461925d0 eff60ceea8817dad e36475c1af5ea3ab da7d3c2d591c4295 0eedb1a0d3b8ddae 8e0cc5199a0ee659 db69d4cbfef8d22f b05b5f6850cfa158 72c2a95813ea72bd 4f31209941bb05fc 6899956cd6c683f0 c96049ed915ced0a 10ad13170242ecae a853f13216170123 cea18be9a89d7a81 bbbd5d2fd957e8f7 47fbe21f5c35c7b4 52370bea1acd0600 4d7653ea9499eed4 5fb2d8e734956af0 0bcaac840d5e66d7 c28bc62802b90f82 702d8f1064ab3e30 3986b68500d7704b 3fa57d488e979d74 ff88049e61f0f4ef 366a22fce0614fb8
516,3b4a85bac6ead3c8 bbbd5d2fd957e8f7 47fbe21f5c35c7b4 52370bea1acd0600 4d7653ea9499eed4 9a0f5ee4f845c9b2 0bcaac840d5e66d7 c28bc62802b90f82 cea18be9a89d7a81 3986b68500d7704b 3fa57d488e979d74 ff88049e61f0f4ef e0269da736ddf004 bd713b37b67866c3 fd30682593995748 2a06f5614060e3b6 39f6296778264878 e25a1da6ca187350 702d8f1064ab3e30 e36475c1af5ea3ab e7cad3748e50b0f8 0708923badf2ff5d 734dabb98795c35c 942a7d26d81c841f bd0f175ee98c613e ae94d8435a6847f4 b6d0f83aad4e4dc7 5fb2d8e734956af0 622f2e4119882c94 4b8c7061102517ef
517,64907c4568244eb4 2b48ab08c915c0ad fd30682593995748 00d9f8d3f7d412b3 a1314cd417504572 d72363ddd958d906 898a4921ab9f4cce 4e966bb2768c2b8a 853e36b1550c6274 4d9214c0925e5af8 46315cf30aaee51c c606425856952286 0688c790d5806540 016da874bd04df55 74244a8703c03720 07d688f5e2142b87 65fac1ba1840000f 047769588be1aea9 5867d40811c0229f 351c9da399c2b915 54a11cbcd7a32af4 00e1e2eb13f650e4 b84b6c0b2e4d0306 9c9a9d45c2ea7ddf 428f9363fa35882d d5952b2e031c4e7e 34a62e66e05f9a44 5430097e23000368 b05b5f6850cfa158 0eedb1a0d3b8ddae
518,e8684734f2e587bd 3734d3b0b9232538 d216e5458ad70e60 6a3919ad9ed8197e 9fbffc521da97c54 4d954d933e606b70 ddf332f2b55a2a23 a5f55580081236f4 09bbaa171c20bae3 1d0f5fdc58e3efb5 b6e646c13d0753ae a292248bb2bffb3d 0a79fabc6f5d93c9 b05b5f6850cfa158 d1e21234d7cc61d2 8a5635c748344d47 0eedb1a0d3b8ddae 0bcaac840d5e66d7 c28bc62802b90f82 702d8f1064ab3e30 fd30682593995748 3986b68500d7704b 3fa57d488e979d74 bd713b37b67866c3 e0269da736ddf004 ff88049e61f0f4ef 39f6296778264878 942a7d26d81c841f ae94d8435a6847f4 b6d0f83aad4e4dc7
519,44d324ebd3e22ad7 3c0873ce078d332b d72363ddd958d906 d1e21234d7cc61d2 9c9ebf71707d7a37 e8b87ed7db1bcb1f 047769588be1aea9 e8ad5e31484ef889 2359719a0f40ffac c1f2e3a76d388944 f2e30efbd27bee51 b6cdb608f640e038 49b5678e0d1e5bcd c810ac016901e8ac 36d33c41812ce7dc 0220a434aa8bf029 a04d6febd82a4389 0451447dd64f6284 a14394322cf7043d 095bb1b6ecbd0a50 b3e75fdca5ca2f1a 025a148c3a53bd9f 2810fb6f81d1711c c6b615b2589e036d 39075e303166355e e14a893f1918277e 7e4a4a1300b77a06 853e36b1550c6274 238ec735a13a3f09 b78189788d563693
520,d216e5458ad70e60 1398b478b71773ed 6a9aa1bd93e36e66 6406fcdb7d87b5dc 07f22a7ad7e4711d 1dc7139adba034ec 3b4a85bac6ead3c8 47fbe21f5c35c7b4 4d7653ea9499eed4 9a0f5ee4f845c9b2 0bcaac840d5e66d7 c28bc62802b90f82 702d8f1064ab3e30 3986b68500d7704b 3fa57d488e979d74 ff88049e61f0f4ef e0269da736ddf004 bd713b37b67866c3 fd30682593995748 2a06f5614060e3b6 39f6296778264878 52370bea1acd0600 0708923badf2ff5d 734dabb98795c35c 942a7d26d81c841f bd0f175ee98c613e ae94d8435a6847f4 b6d0f83aad4e4dc7 b24820ae14e16a24 622f2e4119882c94
521,5c4b7558c942a224 e6a29676c096f8e8 1d0f5fdc58e3efb5 636224e349e561bf d1e21234d7cc61d2 0683b6a78f54be75 0eedb1a0d3b8ddae ae94d8435a6847f4 e740c80fce094788 666bdff4faa513ca b05b5f6850cfa158 9b0e8cf8153e3b33 a853f13216170123 c1f2e3a76d388944 bf973f9ec3600199 4beacc71024f8b08 c5830f9d0f1e29e5 95ecdbff44ad0b60 8faeacf8ca08f62d a0566ca9daca7778 404031ab9d5977c4 5430097e23000368 0079f3c74309b582 8abe670908f12614 3cb6b40d377e7ca8 59c231f8fd21260c a2805ed52b47b8ec ae000f9d0b5e104e 9c9a9d45c2ea7ddf b6e646c13d0753ae
522,520ec719078be07c 48cf88c17ff38c5e cc507a0d6fcf4a1c 9b2adcf4041227d7 eab15ee21e126f6a a60934e6b473097a bfb8032f2183d471 5ebb4d2f5f1c1f13 999a52f1d301247c bb7515be835dea49 99e833818ec4bbf2 9b0e8cf8153e3b33 d16da1fb61813db9 07be6a290720707d 97d696011258825c f209d29f991432f0 edc79e57b20e9036 3734d3b0b9232538 eff60ceea8817dad 419b5dc40744fb9b d1e21234d7cc61d2 3a6e7894dde31c67 1d0f5fdc58e3efb5 0683b6a78f54be75 4d32dae7b43c489a e740c80fce094788 666bdff4faa513ca 24e582daf6f87158 486dd77002936dec 0079f3c74309b582
523,3a6e7894dde31c67 9b0e8cf8153e3b33 7155e5a86136eb02 a860b682add9de1c bbbd5d2fd957e8f7 47fbe21f5c35c7b4 52370bea1acd0600 4d7653ea9499eed4 9a0f5ee4f845c9b2 0bcaac840d5e66d7 702d8f1064ab3e30 3986b68500d7704b 3fa57d488e979d74 ff88049e61f0f4ef e0269da736ddf004 bd713b37b67866c3 fd30682593995748 2a06f5614060e3b6 e25a1da6ca187350 c28bc62802b90f82 e7cad3748e50b0f8 0708923badf2ff5d 734dabb98795c35c 942a7d26d81c841f bd0f175ee98c613e ae94d8435a6847f4 b6d0f83aad4e4dc7 b24820ae14e16a24 39f6296778264878 4b8c7061102517ef
524,fa173131f15f5534 16b11706660177ff abf90e759d208468 f25bfcffedaccf28 393f49286db04aeb 0db6584e3bdfa1c4 65fac1ba1840000f d46598813fb437e5 4d32dae7b43c489a 8e0cc5199a0ee659 942a7d26d81c841f 24e582daf6f87158 72c2a95813ea72bd 8faeacf8ca08f62d 47fbe21f5c35c7b4 3b4a85bac6ead3c8 4f31209941bb05fc 6899956cd6c683f0 a860b682add9de1c c96049ed915ced0a 10ad13170242ecae a853f13216170123 1dc7139adba034ec ff88049e61f0f4ef 0bcaac840d5e66d7 e0269da736ddf004 c28bc62802b90f82 9a0f5ee4f845c9b2 702d8f1064ab3e30 bd713b37b67866c3
525,4d954d933e606b70 74244a8703c03720 b6cdb608f640e038 36d33c41812ce7dc c810ac016901e8ac a04d6febd82a4389 095bb1b6ecbd0a50 b3e75fdca5ca2f1a a14394322cf7043d 025a148c3a53bd9f e14a893f1918277e 7e4a4a1300b77a06 2810fb6f81d1711c c6b615b2589e036d 39075e303166355e 853e36b1550c6274 238ec735a13a3f09 b78189788d563693 316382267dcd804f c606425856952286 46315cf30aaee51c 0688c790d5806540 27a12f29dceccdbd 73f770f2643a2135 016da874bd04df55 ae94d8435a6847f4 976baf0e84752a68 d64c06baf5ef1c90 83f8aca6ee2caabc 5057551fc55e9ed2
526,5430097e23000368 a76ffccd2f5df1a7 dea5e9227fbbac29 70ebf53ced736fa4 f25bfcffedaccf28 5f94b027039f4e48 9b0e8cf8153e3b33 da011b87595c1019 ae000f9d0b5e104e 9c9a9d45c2ea7ddf 033d905aec273595 22756be6fd061d4c 589ef345cb2dccfc d6bbbd6c4968075a 8dedff0a79784abc 3a6e7894dde31c67 e9c20b67a4c5395f ebfda3b48083e390 b6e646c13d0753ae e6a29676c096f8e8 f2e30efbd27bee51 25a3b47fe31bc6b5 d257d1fbcf43abd5 98dbd15aa33ebc18 7155e5a86136eb02 d46598813fb437e5 58654e3143c6550b 2e031d83339759b2 35488b3b8b781278 c143c095983a65c2
527,585f4ee09d8fea46 9c9ebf71707d7a37 dc576af4ae66e25e db0e648651f4c92b a292248bb2bffb3d 919b1679fffa7ef1 b29ab87af6ea6310 1f4f62844c3cb99c 18ced18aee04c48e f6d23cdd2359f7c0 0220a434aa8bf029 5879096a38d69fc5 16b11706660177ff 4dba7ce835494a63 f76f44d372517a9a ec1b3d7ccd3984d0 e25a1da6ca187350 6204e398d8c7f888 d5952b2e031c4e7e e878efab7c37179e 8fc68213b63951dc 8f578001f9d5f543 d7d937303a6d5a9d bed3e73d52011f68 01e5a6edcee7deb0 eec6b281e236b500 20d283a232dfd13c ca4de5b8a7bda9df 8e0cc5199a0ee659 ffa9091747ae2466
528,e7cad3748e50b0f8 b6cdb608f640e038 36d33c41812ce7dc c810ac016901e8ac a04d6febd82a4389 a14394322cf7043d b3e75fdca5ca2f1a 095bb1b6ecbd0a50 025a148c3a53bd9f 2810fb6f81d1711c 7e4a4a1300b77a06 e14a893f1918277e c6b615b2589e036d 39075e303166355e 853e36b1550c6274 238ec735a13a3f09 b78189788d563693 316382267dcd804f c606425856952286 46315cf30aaee51c 0688c790d5806540 27a12f29dceccdbd 016da874bd04df55 74244a8703c03720 976baf0e84752a68 d64c06baf5ef1c90 83f8aca6ee2caabc 5057551fc55e9ed2 2820628e65a062e2 d6bbbd6c4968075a
529,83f5a9732f0de67f a292248bb2bffb3d cc0c9419f8a20603 d1e21234d7cc61d2 47fbe21f5c35c7b4 52370bea1acd0600 4d7653ea9499eed4 9a0f5ee4f845c9b2 0bcaac840d5e66d7 c28bc62802b90f82 702d8f1064ab3e30 3fa57d488e979d74 ff88049e61f0f4ef e0269da736ddf004 bd713b37b67866c3 fd30682593995748 2a06f5614060e3b6 39f6296778264878 e25a1da6ca187350 3986b68500d7704b e36475c1af5ea3ab 0708923badf2ff5d 734dabb98795c35c 942a7d26d81c841f bd0f175ee98c613e ae94d8435a6847f4 b6d0f83aad4e4dc7 b24820ae14e16a24 bbbd5d2fd957e8f7 4b8c7061102517ef
530,3e8e56f639a5db5b 46b99f864d6a075a 8e0760918e88e4a9 447fc00f40d71d08 796888cc3443006c 72403ecdfe02bba6 05f23e7d05dbf7c2 f2234bb7ce0c6f59 d216e5458ad70e60 0d0368139e9a647f 387e9cd2e5d4ea7d 7eec211cc37a1b05 0fbd0f422e926816 b6d0f83aad4e4dc7 8699cc5dd4159b69 680bb5c5c3bb6ee1 ce0f56b7190c268a 148ac4a56a18844d 316382267dcd804f d35e11d3d1ab3c67 63d95d5977c2fe98 e740c80fce094788 26fc2a95df5659c2 005666aa098abe8e 5b16bae6a0de7c88 73391e0853c1e040 33856365c271aea4 781aaf62a955e4e8 70776cdd9bb3b7d4 65ad9c583823162d
531,b1e47da7659b675c a860b682add9de1c 585f4ee09d8fea46 48a76e3aff69d605 0c2eeab1e4ce1db8 52e459a551d4ac2d 24e582daf6f87158 b6e72edcad270be0 47fbe21f5c35c7b4 f1a3b8b13e9401c0 2394b08708475900 528161039994b4dc 88b62355670ec8f8 1d0f5fdc58e3efb5 d63b7f083330247f a813c15b46ceaf68 2e4b00c01d58e79e 5897953fdf87b60f 4d32dae7b43c489a a2c35fdf07a13286 8faeacf8ca08f62d 393f49286db04aeb 1dc7139adba034ec fd30682593995748 bd713b37b67866c3 2a06f5614060e3b6 e0269da736ddf004 ff88049e61f0f4ef 3fa57d488e979d74 622f2e4119882c94
532,4d29c6922b2d0d56 bf3ccaba4a3450a8 197fa50b30d91fe8 b6e72edcad270be0 a52df8083c238c46 64b31699d7d15934 b29ab87af6ea6310 1f4f62844c3cb99c 54f55c74d37db3c0 09660f466b38b7ba 40583079f57235a6 95166957b2c38794 c28bc62802b90f82 b3ad55963554f220 2a06f5614060e3b6 73391e0853c1e040 7c98dedd223b36c0 4dba7ce835494a63 cc861214a89ef1f4 6c017e548aa138f2 00140806971e7a73 ca4de5b8a7bda9df bed3e73d52011f68 8f578001f9d5f543 01e5a6edcee7deb0 8fc68213b63951dc 20d283a232dfd13c e878efab7c37179e d7d937303a6d5a9d eec6b281e236b500
533,0a49074a4158155b 6aefb6531736648a 734dabb98795c35c c49d8f84a4f87f8a c143c095983a65c2 8e0cc5199a0ee659 72c2a95813ea72bd 5430097e23000368 4f31209941bb05fc 6899956cd6c683f0 c96049ed915ced0a 10ad13170242ecae a853f13216170123 4d7653ea9499eed4 9a0f5ee4f845c9b2 52370bea1acd0600 0bcaac840d5e66d7 47fbe21f5c35c7b4 c28bc62802b90f82 3986b68500d7704b 3fa57d488e979d74 ff88049e61f0f4ef e0269da736ddf004 bd713b37b67866c3 fd30682593995748 2a06f5614060e3b6 702d8f1064ab3e30 942a7d26d81c841f bd0f175ee98c613e ae94d8435a6847f4
534,74244a8703c03720 73f770f2643a2135 ae94d8435a6847f4 430feb4826a5632e 00ff646ca6637bd7 e7cad3748e50b0f8 702d8f1064ab3e30 b6cdb608f640e038 f44f74b3451aa593 36d33c41812ce7dc c810ac016901e8ac a04d6febd82a4389 b8e2f75014710ced 095bb1b6ecbd0a50 a14394322cf7043d b3e75fdca5ca2f1a 9b0e8cf8153e3b33 025a148c3a53bd9f 62431fd374eb99fb c6b615b2589e036d 2810fb6f81d1711c 39075e303166355e e14a893f1918277e 7e4a4a1300b77a06 853e36b1550c6274 238ec735a13a3f09 b78189788d563693 f58ff7f1a6cde683 316382267dcd804f f29eee8054c061e1
535,25a3b47fe31bc6b5 f705b637f624147e 5430097e23000368 b749972436ac9791 5b34da30b93eb123 49224aca40e6e5e3 74e59c5820900b17 acae1d29289b1266 f46601a9955f9949 0eafda717681bbdc d46598813fb437e5 f48d0fbea7dc2782 65d44c6393907290 0772e3ab293a1f30 3ca7964973437917 f25bfcffedaccf28 781f4d0147aef776 c08c3765ac609cc0 a9eef13786610446 ffc688c4c1c2a068 18ced18aee04c48e 28a2067685cb3e97 83b911ff0ff45844 73f770f2643a2135 ae94d8435a6847f4 b6d0f83aad4e4dc7 0fbd0f422e926816 430feb4826a5632e 922e625fae98b3b9 f29eee8054c061e1
536,72c2a95813ea72bd f25bfcffedaccf28 ac9ee0c09b538140 8643165b0f53df11 033d905aec273595 22756be6fd061d4c 48cf88c17ff38c5e a9dad59c7055b56c bc2ae5f4e5d53e00 5430097e23000368 e4a7a996ed6a5a81 4bed80e56ea2e099 d6bbbd6c4968075a 8dedff0a79784abc e9c20b67a4c5395f ebfda3b48083e390 148ac4a56a18844d e6a29676c096f8e8 4f2fffd7528de786 25a3b47fe31bc6b5 3b4a85bac6ead3c8 95d25d38ba7df9c7 d257d1fbcf43abd5 3b6d27775fce1c7b 98dbd15aa33ebc18 486dd77002936dec d46598813fb437e5 58654e3143c6550b 35488b3b8b781278 8e0cc5199a0ee659
537,00ff646ca6637bd7 b8e2f75014710ced 354d7a327bbcc152 74244a8703c03720 0c2eeab1e4ce1db8 73f770f2643a2135 ae94d8435a6847f4 430feb4826a5632e 486dd77002936dec 702d8f1064ab3e30 2bafd15871caae91 2e4b00c01d58e79e f28fb3d9880c5d4c 0a79fabc6f5d93c9 5897953fdf87b60f 351c9da399c2b915 2dd12c230ab22555 b6cdb608f640e038 2e44fbb8bc3d8d71 a677c3a76055a6d2 fc8971756f9ec194 855f2f0354e102c7 42c9b72cc77dcb28 c810ac016901e8ac 36d33c41812ce7dc a04d6febd82a4389 4b29fc21f912754d 120e745e2961b5d5 095bb1b6ecbd0a50 a14394322cf7043d
538,e8ad5e31484ef889 a5f55580081236f4 680bb5c5c3bb6ee1 1398b478b71773ed 8dedff0a79784abc 3e66b4855d0dddbe bf973f9ec3600199 ce8cb4351b8c0f6e 0a49074a4158155b bf3ccaba4a3450a8 4f31209941bb05fc 63d509cd2a2e0e47 d216e5458ad70e60 07be6a290720707d 1d0f5fdc58e3efb5 4d954d933e606b70 0079f3c74309b582 430feb4826a5632e a9dad59c7055b56c bc2ae5f4e5d53e00 013030fd7d29bf3d 98dbd15aa33ebc18 bee46c54461925d0 5430097e23000368 eff60ceea8817dad c5830f9d0f1e29e5 95ecdbff44ad0b60 e36475c1af5ea3ab 8faeacf8ca08f62d da7d3c2d591c4295
539,387e9cd2e5d4ea7d b1dcaca98bb76736 0add47a043c64d7f acf5cb026b3c4551 90ecb28f2edb9d43 4e966bb2768c2b8a 877672967d3f70bb 0db6584e3bdfa1c4 9cf6709de35bf0f3 4491016efed845f1 238de368bb05c0ec 3c565c1fc2316d16 22dc81380cf4baec 29bedd00fb2be056 c1f2e3a76d388944 5c8c6d9a1fd4c1e0 bb7515be835dea49 65d44c6393907290 eab15ee21e126f6a 522bd6887960c25d f44f74b3451aa593 54a11cbcd7a32af4 061f3e1feeaa3094 589ef345cb2dccfc c36c2dce0e6e434f d3c4a7db726191e0 42bb83d7c4b9ecae cea18be9a89d7a81 6c017e548aa138f2 a04d6febd82a4389
540,942a7d26d81c841f e8b87ed7db1bcb1f 455fde214d16d350 2e031d83339759b2 52370bea1acd0600 4d7653ea9499eed4 9a0f5ee4f845c9b2 0bcaac840d5e66d7 c28bc62802b90f82 702d8f1064ab3e30 3986b68500d7704b 47fbe21f5c35c7b4 ff88049e61f0f4ef e0269da736ddf004 bd713b37b67866c3 fd30682593995748 2a06f5614060e3b6 39f6296778264878 e25a1da6ca187350 c31a456b544a40a8 3fa57d488e979d74 e36475c1af5ea3ab 0708923badf2ff5d 734dabb98795c35c bd0f175ee98c613e ae94d8435a6847f4 b6d0f83aad4e4dc7 b24820ae14e16a24 622f2e4119882c94 bbbd5d2fd957e8f7
541,bc2ae5f4e5d53e00 a9dad59c7055b56c 419b5dc40744fb9b bb7515be835dea49 99e833818ec4bbf2 d16da1fb61813db9 72c2a95813ea72bd 97d696011258825c f209d29f991432f0 48cf88c17ff38c5e edc79e57b20e9036 eff60ceea8817dad 148ac4a56a18844d 4f2fffd7528de786 5430097e23000368 47fbe21f5c35c7b4 3b6d27775fce1c7b 486dd77002936dec 9113e9dc940fb287 40583079f57235a6 b24820ae14e16a24 d3c4a7db726191e0 22dc81380cf4baec 430feb4826a5632e fa173131f15f5534 b05b5f6850cfa158 0683b6a78f54be75 a2c35fdf07a13286 3734d3b0b9232538 6899956cd6c683f0
542,a492bd402afd5c71 40583079f57235a6 b05b5f6850cfa158 b26d8664feb18c8c 83b911ff0ff45844 0eafda717681bbdc de35d2410e916471 877672967d3f70bb 3cb6b40d377e7ca8 0e45c4c185f35df6 c14d5b16840d3032 ec4ef2f727e7a03f 238de368bb05c0ec 72b80b099fd64ec4 da011b87595c1019 83f8f2fc471cad74 64b31699d7d15934 a52df8083c238c46 1f4f62844c3cb99c b29ab87af6ea6310 09660f466b38b7ba 54f55c74d37db3c0 3b4a85bac6ead3c8 50cb6a6c60ad711a c11b97f245a9dfd0 e403278468d84383 c28bc62802b90f82 b3ad55963554f220 cc861214a89ef1f4 d46598813fb437e5
543,c31a456b544a40a8 f25bfcffedaccf28 73f770f2643a2135 ae94d8435a6847f4 430feb4826a5632e b6e646c13d0753ae 702d8f1064ab3e30 033d905aec273595 22756be6fd061d4c 74244a8703c03720 5430097e23000368 d6bbbd6c4968075a 8dedff0a79784abc e9c20b67a4c5395f ebfda3b48083e390 e6a29676c096f8e8 25a3b47fe31bc6b5 c5830f9d0f1e29e5 95ecdbff44ad0b60 8faeacf8ca08f62d b8e2f75014710ced d257d1fbcf43abd5 98dbd15aa33ebc18 1d0f5fdc58e3efb5 d46598813fb437e5 58654e3143c6550b 54a11cbcd7a32af4 00e1e2eb13f650e4 35488b3b8b781278 b84b6c0b2e4d0306
544,589ef345cb2dccfc db69d4cbfef8d22f 22dc81380cf4baec d3c4a7db726191e0 29bedd00fb2be056 9269d2b0d877352d 8a5635c748344d47 e22c35101e190db9 9cf6709de35bf0f3 43b3338423d7386c 48f93f9c2c699e19 9113e9dc940fb287 419b5dc40744fb9b b26d8664feb18c8c 4491016efed845f1 050544c040f46152 95ecdbff44ad0b60 0eedb1a0d3b8ddae 0b0021aa60d05daa 061f3e1feeaa3094 54a11cbcd7a32af4 42bb83d7c4b9ecae b05b5f6850cfa158 8e0cc5199a0ee659 0add47a043c64d7f b1dcaca98bb76736 0a79fabc6f5d93c9 c015590d6a6fe833 6c017e548aa138f2 bd0f175ee98c613e
545,404031ab9d5977c4 63d509cd2a2e0e47 47fbe21f5c35c7b4 7155e5a86136eb02 2e031d83339759b2 c5830f9d0f1e29e5 95ecdbff44ad0b60 8faeacf8ca08f62d 1d0f5fdc58e3efb5 8abe670908f12614 3cb6b40d377e7ca8 a2805ed52b47b8ec b6e646c13d0753ae 3e8e56f639a5db5b c28bc62802b90f82 702d8f1064ab3e30 3986b68500d7704b b6d0f83aad4e4dc7 3fa57d488e979d74 ff88049e61f0f4ef e0269da736ddf004 bd0f175ee98c613e bd713b37b67866c3 942a7d26d81c841f fd30682593995748 0708923badf2ff5d 39f6296778264878 2a06f5614060e3b6 ae94d8435a6847f4 9a0f5ee4f845c9b2
546,0eedb1a0d3b8ddae 6ae470a7c9ec20fd 0708923badf2ff5d 587e0b2a4811fab1 b0e254dd420faee3 4d32dae7b43c489a a860b682add9de1c 24e582daf6f87158 8faeacf8ca08f62d 47fbe21f5c35c7b4 393f49286db04aeb 48a76e3aff69d605 1dc7139adba034ec 98dbd15aa33ebc18 bee46c54461925d0 eff60ceea8817dad e36475c1af5ea3ab da7d3c2d591c4295 4d7653ea9499eed4 9a0f5ee4f845c9b2 0bcaac840d5e66d7 52370bea1acd0600 702d8f1064ab3e30 3986b68500d7704b 3fa57d488e979d74 ff88049e61f0f4ef e0269da736ddf004 fd30682593995748 c28bc62802b90f82 bbbd5d2fd957e8f7
547,4d32dae7b43c489a 8faeacf8ca08f62d 24e582daf6f87158 393f49286db04aeb a60934e6b473097a 47fbe21f5c35c7b4 eab15ee21e126f6a ced9c56f2be86774 a860b682add9de1c 16b11706660177ff abf90e759d208468 65fac1ba1840000f 025a148c3a53bd9f f25bfcffedaccf28 1dc7139adba034ec 0db6584e3bdfa1c4 016da874bd04df55 7155e5a86136eb02 d1e21234d7cc61d2 5430097e23000368 b6cdb608f640e038 a292248bb2bffb3d 4dba7ce835494a63 f76f44d372517a9a 6204e398d8c7f888 ec1b3d7ccd3984d0 e25a1da6ca187350 36d33c41812ce7dc c810ac016901e8ac 01e5a6edcee7deb0
548,2e4b00c01d58e79e 0a79fabc6f5d93c9 5897953fdf87b60f 855f2f0354e102c7 4b29fc21f912754d 81bd116c786bf9ae 4d32dae7b43c489a 8e0cc5199a0ee659 24e582daf6f87158 72c2a95813ea72bd 98dbd15aa33ebc18 bee46c54461925d0 5430097e23000368 f1a3b8b13e9401c0 8faeacf8ca08f62d 47fbe21f5c35c7b4 eff60ceea8817dad e36475c1af5ea3ab 393f49286db04aeb da7d3c2d591c4295 4f31209941bb05fc 6899956cd6c683f0 a860b682add9de1c c96049ed915ced0a 10ad13170242ecae a853f13216170123 1dc7139adba034ec 0eedb1a0d3b8ddae 0bcaac840d5e66d7 bd713b37b67866c3
549,01104a026d22ae55 ff88049e61f0f4ef 04fda7c9d8971ec0 ce2fe99a7cda4a17 8699cc5dd4159b69 00ff646ca6637bd7 b8e2f75014710ced 4a5ac473c9d176ba 8e83d05923cde390 81bd116c786bf9ae 354d7a327bbcc152 853e36b1550c6274 5570ef88d970e9b4 4d9214c0925e5af8 46315cf30aaee51c c606425856952286 0688c790d5806540 10ad13170242ecae 016da874bd04df55 74244a8703c03720 65fac1ba1840000f 047769588be1aea9 5867d40811c0229f 351c9da399c2b915 9c9a9d45c2ea7ddf 428f9363fa35882d b05b5f6850cfa158 0eedb1a0d3b8ddae e0269da736ddf004 bd713b37b67866c3
550,ddf332f2b55a2a23 09bbaa171c20bae3 2e79d45ba4d1540d 8bf446c0455e3c5c 486dd77002936dec 04886579947a80c2 455fde214d16d350 0eedb1a0d3b8ddae 3b4a85bac6ead3c8 bd713b37b67866c3 e0269da736ddf004 fd30682593995748 2a06f5614060e3b6 0708923badf2ff5d 4d7653ea9499eed4 ff88049e61f0f4ef 3fa57d488e979d74 3986b68500d7704b 702d8f1064ab3e30 c28bc62802b90f82 39f6296778264878 0bcaac840d5e66d7 9a0f5ee4f845c9b2 e25a1da6ca187350 bd0f175ee98c613e ae94d8435a6847f4 b6d0f83aad4e4dc7 b24820ae14e16a24 622f2e4119882c94 4b8c7061102517ef
551,204ec91c39d1479d 52370bea1acd0600 3cb6b40d377e7ca8 d257d1fbcf43abd5 9ab90dfc5c9b0b37 b0e254dd420faee3 cc2cc23a98c14c33 dc17b07476183764 87c5481930cfe126 1f423f368aebf7f3 387e9cd2e5d4ea7d 1d0f5fdc58e3efb5 0eedb1a0d3b8ddae 702d8f1064ab3e30 c28bc62802b90f82 3986b68500d7704b 3fa57d488e979d74 ff88049e61f0f4ef e0269da736ddf004 bd713b37b67866c3 0bcaac840d5e66d7 2a06f5614060e3b6 9a0f5ee4f845c9b2 fd30682593995748 734dabb98795c35c 942a7d26d81c841f bd0f175ee98c613e ae94d8435a6847f4 b6d0f83aad4e4dc7 b24820ae14e16a24
552,40583079f57235a6 a52df8083c238c46 64b31699d7d15934 b29ab87af6ea6310 1f4f62844c3cb99c 54f55c74d37db3c0 09660f466b38b7ba c28bc62802b90f82 b3ad55963554f220 cc861214a89ef1f4 d46598813fb437e5 197fa50b30d91fe8 f58ff7f1a6cde683 7b81f1f2b6ec2e5f 4d32dae7b43c489a 24e582daf6f87158 5dd752753760ced8 8faeacf8ca08f62d 47fbe21f5c35c7b4 393f49286db04aeb a860b682add9de1c 1dc7139adba034ec 0eedb1a0d3b8ddae 3b4a85bac6ead3c8 9a0f5ee4f845c9b2 0bcaac840d5e66d7 3986b68500d7704b 3fa57d488e979d74 ff88049e61f0f4ef e0269da736ddf004
553,377c1150c781e37a 95d25d38ba7df9c7 2e031d83339759b2 20db73cf07a45f71 98dbd15aa33ebc18 bee46c54461925d0 eff60ceea8817dad 3b4a85bac6ead3c8 e36475c1af5ea3ab da7d3c2d591c4295 4d32dae7b43c489a 24e582daf6f87158 486dd77002936dec 8faeacf8ca08f62d 47fbe21f5c35c7b4 393f49286db04aeb a860b682add9de1c 1dc7139adba034ec 0eedb1a0d3b8ddae 702d8f1064ab3e30 c28bc62802b90f82 3986b68500d7704b 3fa57d488e979d74 ff88049e61f0f4ef 0bcaac840d5e66d7 e0269da736ddf004 9a0f5ee4f845c9b2 4d7653ea9499eed4 bd713b37b67866c3 734dabb98795c35c
554,24e582daf6f87158 47fbe21f5c35c7b4 2e031d83339759b2 4d32dae7b43c489a 2394b08708475900 528161039994b4dc 88b62355670ec8f8 8faeacf8ca08f62d d63b7f083330247f a813c15b46ceaf68 2e4b00c01d58e79e 393f49286db04aeb 5897953fdf87b60f a860b682add9de1c 1dc7139adba034ec a2c35fdf07a13286 c28bc62802b90f82 2a06f5614060e3b6 702d8f1064ab3e30 3986b68500d7704b 3fa57d488e979d74 0bcaac840d5e66d7 9a0f5ee4f845c9b2 bd713b37b67866c3 ff88049e61f0f4ef 4d7653ea9499eed4 e0269da736ddf004 bd0f175ee98c613e ae94d8435a6847f4 b6d0f83aad4e4dc7
555,fd57e641d06ebda7 013030fd7d29bf3d 6aefb6531736648a fa173131f15f5534 734dabb98795c35c c49d8f84a4f87f8a c143c095983a65c2 a292248bb2bffb3d d1e21234d7cc61d2 c5830f9d0f1e29e5 0eedb1a0d3b8ddae 95ecdbff44ad0b60 8faeacf8ca08f62d 1d0f5fdc58e3efb5 8abe670908f12614 3cb6b40d377e7ca8 a2805ed52b47b8ec b6e646c13d0753ae 3e8e56f639a5db5b 47fbe21f5c35c7b4 52370bea1acd0600 00e1e2eb13f650e4 4d7653ea9499eed4 9a0f5ee4f845c9b2 366a22fce0614fb8 c28bc62802b90f82 702d8f1064ab3e30 3986b68500d7704b 3fa57d488e979d74 ff88049e61f0f4ef
556,96445bec1579ec97 a5d5ba33b5b1dc95 447fc00f40d71d08 3e8e56f639a5db5b 148ac4a56a18844d 5ebb4d2f5f1c1f13 d73a65673e3f1d78 8e0760918e88e4a9 bc2552a642ce8497 8699cc5dd4159b69 a65e30106ea50423 46b99f864d6a075a 5989fb934598c1a7 ced9c56f2be86774 013030fd7d29bf3d 7eec211cc37a1b05 589ef345cb2dccfc b05b5f6850cfa158 58654e3143c6550b b26d8664feb18c8c 95ecdbff44ad0b60 22dc81380cf4baec 8faeacf8ca08f62d 061f3e1feeaa3094 54a11cbcd7a32af4 42bb83d7c4b9ecae a292248bb2bffb3d 0eedb1a0d3b8ddae 4d32dae7b43c489a b1dcaca98bb76736
557,9b0e8cf8153e3b33 c5830f9d0f1e29e5 430feb4826a5632e cc861214a89ef1f4 ecb768ef6fd223ca bc2ae5f4e5d53e00 a9dad59c7055b56c af8e70f978cd5aee 3a6e7894dde31c67 22e8d6734e4121ae 4105533fe46dfba9 a2805ed52b47b8ec 6cb9ab508a0678a0 fab14d178b24a67f b6e646c13d0753ae 354d7a327bbcc152 05e4165a56bf50eb 059bbdbdb843af6a cea18be9a89d7a81 47fbe21f5c35c7b4 52370bea1acd0600 4d7653ea9499eed4 9a0f5ee4f845c9b2 0bcaac840d5e66d7 c28bc62802b90f82 702d8f1064ab3e30 3986b68500d7704b 3fa57d488e979d74 ff88049e61f0f4ef e0269da736ddf004
558,0f4c71d341e2d939 9f4e0d572b1f4e6c 95d25d38ba7df9c7 c11b97f245a9dfd0 377c1150c781e37a 26fc2a95df5659c2 6d80d2e62d01f6bc 64b31699d7d15934 a52df8083c238c46 e7828f0ea9749505 1f4f62844c3cb99c b29ab87af6ea6310 09660f466b38b7ba 54f55c74d37db3c0 1c3b74a02a86467d 4d32dae7b43c489a 40583079f57235a6 877672967d3f70bb 4bed80e56ea2e099 c28bc62802b90f82 919b1679fffa7ef1 24e582daf6f87158 b3ad55963554f220 b1dcaca98bb76736 0add47a043c64d7f 20db73cf07a45f71 6204e398d8c7f888 f76f44d372517a9a ec1b3d7ccd3984d0 e25a1da6ca187350
559,8e0cc5199a0ee659 74ae9af23a383bf5 b69ce8b8154645f8 c5830f9d0f1e29e5 5b4c879fc9c316fb 204ec91c39d1479d 430feb4826a5632e 00e1e2eb13f650e4 bc2ae5f4e5d53e00 a9dad59c7055b56c 576dd429db946393 f209d29f991432f0 ae000f9d0b5e104e 1efd7bd8a34a1359 c28bc62802b90f82 0bcaac840d5e66d7 9a0f5ee4f845c9b2 702d8f1064ab3e30 3986b68500d7704b 3fa57d488e979d74 e0269da736ddf004 bd713b37b67866c3 fd30682593995748 2a06f5614060e3b6 39f6296778264878 ff88049e61f0f4ef ae94d8435a6847f4 b6d0f83aad4e4dc7 b24820ae14e16a24 622f2e4119882c94
560,dc12cc503ac0eddb 8e0cc5199a0ee659 9b2adcf4041227d7 72c2a95813ea72bd 589ef345cb2dccfc b26d8664feb18c8c 22dc81380cf4baec 061f3e1feeaa3094 54a11cbcd7a32af4 42bb83d7c4b9ecae 4f31209941bb05fc 6899956cd6c683f0 dc17b07476183764 c96049ed915ced0a 0add47a043c64d7f b1dcaca98bb76736 db69d4cbfef8d22f c015590d6a6fe833 6c017e548aa138f2 bd0f175ee98c613e a04d6febd82a4389 95d25d38ba7df9c7 90ecb28f2edb9d43 10ad13170242ecae a853f13216170123 25145708d494530b ae94d8435a6847f4 b3e75fdca5ca2f1a a14394322cf7043d 095bb1b6ecbd0a50
561,06de3ca1148b088b 6aefb6531736648a 734dabb98795c35c c49d8f84a4f87f8a c143c095983a65c2 4d32dae7b43c489a 0a79fabc6f5d93c9 24e582daf6f87158 8a5635c748344d47 8faeacf8ca08f62d 47fbe21f5c35c7b4 0eedb1a0d3b8ddae 393f49286db04aeb a860b682add9de1c 1dc7139adba034ec 9a0f5ee4f845c9b2 0bcaac840d5e66d7 c28bc62802b90f82 ae94d8435a6847f4 702d8f1064ab3e30 bd0f175ee98c613e 3fa57d488e979d74 ff88049e61f0f4ef e0269da736ddf004 bd713b37b67866c3 fd30682593995748 2a06f5614060e3b6 3986b68500d7704b 4d7653ea9499eed4 52370bea1acd0600
562,da904d2a54ff8cf2 00958a140c3a6de8 8abe670908f12614 7d83ffe83f61bdc4 9b2adcf4041227d7 4d29c6922b2d0d56 5dd752753760ced8 61ba7707ef6a5a99 52e459a551d4ac2d bbbd5d2fd957e8f7 2394b08708475900 c5830f9d0f1e29e5 4483bbdd3241f11a b24820ae14e16a24 f49e13a653cbdad2 a982b5c3aed39396 a2805ed52b47b8ec eab15ee21e126f6a ec4ef2f727e7a03f a60934e6b473097a 9f3d2ca16f358290 92f42fbd0c38f7fd 0a79fabc6f5d93c9 b6e646c13d0753ae c03b11a0cdc3fa39 f2b5098ac9c92da9 5430097e23000368 0eedb1a0d3b8ddae 95ecdbff44ad0b60 8faeacf8ca08f62d
563,a65e30106ea50423 ced9c56f2be86774 58654e3143c6550b 1d0f5fdc58e3efb5 eab15ee21e126f6a a60934e6b473097a c5830f9d0f1e29e5 95ecdbff44ad0b60 8faeacf8ca08f62d 7155e5a86136eb02 2e031d83339759b2 dc17b07476183764 8abe670908f12614 3cb6b40d377e7ca8 a2805ed52b47b8ec b6e646c13d0753ae 3e8e56f639a5db5b 52370bea1acd0600 4d7653ea9499eed4 942a7d26d81c841f 9a0f5ee4f845c9b2 0bcaac840d5e66d7 c28bc62802b90f82 3986b68500d7704b 3fa57d488e979d74 ff88049e61f0f4ef e0269da736ddf004 bd713b37b67866c3 fd30682593995748 b6cdb608f640e038
564,da904d2a54ff8cf2 8abe670908f12614 61ba7707ef6a5a99 18b1d2d84c97a364 7d83ffe83f61bdc4 fc16a50ff0baec53 4d29c6922b2d0d56 bbbd5d2fd957e8f7 00958a140c3a6de8 4483bbdd3241f11a b05b5f6850cfa158 0eedb1a0d3b8ddae 9a0f5ee4f845c9b2 0bcaac840d5e66d7 c28bc62802b90f82 702d8f1064ab3e30 3986b68500d7704b 3fa57d488e979d74 ff88049e61f0f4ef e0269da736ddf004 bd713b37b67866c3 fd30682593995748 2a06f5614060e3b6 4d7653ea9499eed4 0708923badf2ff5d 942a7d26d81c841f bd0f175ee98c613e ae94d8435a6847f4 b6d0f83aad4e4dc7 b24820ae14e16a24
565,e7cad3748e50b0f8 666bdff4faa513ca d1e21234d7cc61d2 1d0f5fdc58e3efb5 0683b6a78f54be75 e740c80fce094788 eab15ee21e126f6a a60934e6b473097a a853f13216170123 c1f2e3a76d388944 dc12cc503ac0eddb 1dc7139adba034ec 8df3f13d6af34cb3 9b2adcf4041227d7 04886579947a80c2 b05b5f6850cfa158 0eedb1a0d3b8ddae 702d8f1064ab3e30 c28bc62802b90f82 3986b68500d7704b 3fa57d488e979d74 0bcaac840d5e66d7 9a0f5ee4f845c9b2 4d7653ea9499eed4 ff88049e61f0f4ef e0269da736ddf004 52370bea1acd0600 bd713b37b67866c3 2a06f5614060e3b6 942a7d26d81c841f
566,f54ad8d1eb18212e bee46c54461925d0 f0d53dcf0c296b57 d216e5458ad70e60 a5f55580081236f4 54a11cbcd7a32af4 00e1e2eb13f650e4 b84b6c0b2e4d0306 d5952b2e031c4e7e 34a62e66e05f9a44 c5830f9d0f1e29e5 95ecdbff44ad0b60 8faeacf8ca08f62d 1d0f5fdc58e3efb5 8abe670908f12614 3cb6b40d377e7ca8 a2805ed52b47b8ec b6e646c13d0753ae 3e8e56f639a5db5b 5fb2d8e734956af0 cea18be9a89d7a81 bbbd5d2fd957e8f7 47fbe21f5c35c7b4 52370bea1acd0600 4d7653ea9499eed4 9a0f5ee4f845c9b2 0bcaac840d5e66d7 796888cc3443006c c28bc62802b90f82 702d8f1064ab3e30
567,52aa48c07b34dc88 65ad9c583823162d 65708d542bd01f39 af41e2b6da3e7e02 ac9ee0c09b538140 5ebb4d2f5f1c1f13 f58ff7f1a6cde683 c143c095983a65c2 4c0eee2c1a5e76e2 01b3da54ffb158a0 5989fb934598c1a7 013030fd7d29bf3d 9b0e8cf8153e3b33 8643165b0f53df11 e4a7a996ed6a5a81 4bed80e56ea2e099 2e031d83339759b2 3a6e7894dde31c67 a0566ca9daca7778 95d25d38ba7df9c7 395b26d91f98bd92 5430097e23000368 b05b5f6850cfa158 0eedb1a0d3b8ddae 3986b68500d7704b 3fa57d488e979d74 702d8f1064ab3e30 c28bc62802b90f82 ff88049e61f0f4ef 0bcaac840d5e66d7
568,c28bc62802b90f82 197fa50b30d91fe8 74ae9af23a383bf5 0195950ce0f47e34 b760ebc5f25788d3 40583079f57235a6 0eb4de784c8dd679 12af6a34778710db 39f6296778264878 64b31699d7d15934 a52df8083c238c46 1f4f62844c3cb99c b29ab87af6ea6310 09660f466b38b7ba 54f55c74d37db3c0 b3ad55963554f220 cc861214a89ef1f4 4d32dae7b43c489a cc0c9419f8a20603 24e582daf6f87158 d46598813fb437e5 f58ff7f1a6cde683 8faeacf8ca08f62d 47fbe21f5c35c7b4 7b81f1f2b6ec2e5f 393f49286db04aeb a860b682add9de1c 1dc7139adba034ec bd713b37b67866c3 af8e70f978cd5aee
569,dc12cc503ac0eddb a292248bb2bffb3d 40583079f57235a6 9b2adcf4041227d7 a492bd402afd5c71 98dbd15aa33ebc18 d1e21234d7cc61d2 9f4e0d572b1f4e6c 96445bec1579ec97 4d9214c0925e5af8 a52df8083c238c46 64b31699d7d15934 de8e1345e8c305c4 27bc34b9887bec0d b29ab87af6ea6310 1f4f62844c3cb99c 09660f466b38b7ba 54f55c74d37db3c0 4522ad78bf79f0c9 ddb3810e0289c148 5867d40811c0229f c28bc62802b90f82 b3ad55963554f220 cc861214a89ef1f4 48a76e3aff69d605 b0bfe0f426275870 50806199c80e215c 9c9a9d45c2ea7ddf 447fc00f40d71d08 ae77487a89f2610c
570,8e0cc5199a0ee659 413c55a5ab86881a 72c2a95813ea72bd a853f13216170123 ebfda3b48083e390 4d9214c0925e5af8 fa173131f15f5534 b3ad55963554f220 666bdff4faa513ca d1e21234d7cc61d2 52370bea1acd0600 4f31209941bb05fc 6899956cd6c683f0 b0bfe0f426275870 ae94d8435a6847f4 3b4a85bac6ead3c8 c96049ed915ced0a 238de368bb05c0ec 430feb4826a5632e 1d0f5fdc58e3efb5 04886579947a80c2 3734d3b0b9232538 ae77487a89f2610c 0683b6a78f54be75 d0f6c00eec5eb973 a9223c28b10c131f 74244a8703c03720 10ad13170242ecae b6a1c97f19af78d0 dc17b07476183764
571,055d895a3b26e466 bc27d5dc9bab1c18 4b8c7061102517ef 5dd752753760ced8 c03b11a0cdc3fa39 5430097e23000368 dc17b07476183764 ae000f9d0b5e104e 9c9a9d45c2ea7ddf f2b5098ac9c92da9 4d7653ea9499eed4 9a0f5ee4f845c9b2 0bcaac840d5e66d7 c28bc62802b90f82 702d8f1064ab3e30 52370bea1acd0600 3fa57d488e979d74 ff88049e61f0f4ef e0269da736ddf004 bd713b37b67866c3 fd30682593995748 2a06f5614060e3b6 3986b68500d7704b 0708923badf2ff5d 734dabb98795c35c 942a7d26d81c841f bd0f175ee98c613e ae94d8435a6847f4 b6d0f83aad4e4dc7 b24820ae14e16a24
572,c143c095983a65c2 4c0eee2c1a5e76e2 bb7515be835dea49 01b3da54ffb158a0 99e833818ec4bbf2 9b0e8cf8153e3b33 d16da1fb61813db9 97d696011258825c f209d29f991432f0 ac9ee0c09b538140 edc79e57b20e9036 eff60ceea8817dad 419b5dc40744fb9b 3a6e7894dde31c67 047769588be1aea9 a0566ca9daca7778 52aa48c07b34dc88 0451447dd64f6284 5430097e23000368 a292248bb2bffb3d 8e0cc5199a0ee659 ae000f9d0b5e104e 395b26d91f98bd92 9c9a9d45c2ea7ddf d1e21234d7cc61d2 72c2a95813ea72bd 4f31209941bb05fc 6899956cd6c683f0 c96049ed915ced0a 10ad13170242ecae
573,bbbd5d2fd957e8f7 74873b42602d8958 9c9a9d45c2ea7ddf 4c0eee2c1a5e76e2 26f72a4eb15ea8c0 7d83ffe83f61bdc4 00d9f8d3f7d412b3 f2b5098ac9c92da9 73f770f2643a2135 ae94d8435a6847f4 bc27d5dc9bab1c18 430feb4826a5632e 8abe670908f12614 702d8f1064ab3e30 4d29c6922b2d0d56 5dd752753760ced8 74244a8703c03720 da904d2a54ff8cf2 4483bbdd3241f11a 5430097e23000368 b8e2f75014710ced ee3ed9a3f51336cd 0683b6a78f54be75 6461a9faa871b3ac 7cea1f637ea3f37d 52e459a551d4ac2d d257d1fbcf43abd5 9d5edf3b993fee50 db0e648651f4c92b f58ff7f1a6cde683
574,b6e72edcad270be0 d46598813fb437e5 0eedb1a0d3b8ddae 0a79fabc6f5d93c9 b05b5f6850cfa158 8a5635c748344d47 98dbd15aa33ebc18 bee46c54461925d0 eff60ceea8817dad e36475c1af5ea3ab da7d3c2d591c4295 bd0f175ee98c613e 9a0f5ee4f845c9b2 942a7d26d81c841f 0bcaac840d5e66d7 734dabb98795c35c c28bc62802b90f82 702d8f1064ab3e30 3fa57d488e979d74 ff88049e61f0f4ef e0269da736ddf004 bd713b37b67866c3 fd30682593995748 2a06f5614060e3b6 39f6296778264878 3986b68500d7704b 622f2e4119882c94 4b8c7061102517ef af8e70f978cd5aee 5ebb4d2f5f1c1f13
575,72c2a95813ea72bd 48cf88c17ff38c5e a9dad59c7055b56c bc2ae5f4e5d53e00 148ac4a56a18844d 4f2fffd7528de786 3b6d27775fce1c7b 486dd77002936dec b24820ae14e16a24 a2c35fdf07a13286 3b4a85bac6ead3c8 666bdff4faa513ca 1dc7139adba034ec 8df3f13d6af34cb3 04886579947a80c2 3fa57d488e979d74 ff88049e61f0f4ef e0269da736ddf004 3986b68500d7704b 702d8f1064ab3e30 c28bc62802b90f82 bd713b37b67866c3 0bcaac840d5e66d7 2a06f5614060e3b6 9a0f5ee4f845c9b2 4d7653ea9499eed4 942a7d26d81c841f ae94d8435a6847f4 b6d0f83aad4e4dc7 622f2e4119882c94
576,f2e30efbd27bee51 d1e21234d7cc61d2 9c9ebf71707d7a37 a0b1f4dd32f3e278 e8b87ed7db1bcb1f ba5199dba342af68 238de368bb05c0ec aa0789b403bcd839 2359719a0f40ffac 069e7e25e43deab3 c1f2e3a76d388944 49b5678e0d1e5bcd 0220a434aa8bf029 5430097e23000368 c5830f9d0f1e29e5 95ecdbff44ad0b60 8faeacf8ca08f62d 1d0f5fdc58e3efb5 8abe670908f12614 3cb6b40d377e7ca8 a2805ed52b47b8ec b6e646c13d0753ae 3e8e56f639a5db5b 3986b68500d7704b 702d8f1064ab3e30 c28bc62802b90f82 3fa57d488e979d74 ff88049e61f0f4ef 0bcaac840d5e66d7 e0269da736ddf004
577,dea5e9227fbbac29 a76ffccd2f5df1a7 70ebf53ced736fa4 5f94b027039f4e48 da011b87595c1019 c015590d6a6fe833 e7cad3748e50b0f8 765c0695339c3abe 88b62355670ec8f8 387e9cd2e5d4ea7d 1d0f5fdc58e3efb5 8a5635c748344d47 8e0cc5199a0ee659 72c2a95813ea72bd 4f31209941bb05fc 6899956cd6c683f0 c96049ed915ced0a 10ad13170242ecae a853f13216170123 52370bea1acd0600 366a22fce0614fb8 4d7653ea9499eed4 9a0f5ee4f845c9b2 0bcaac840d5e66d7 47fbe21f5c35c7b4 c28bc62802b90f82 702d8f1064ab3e30 3986b68500d7704b 3fa57d488e979d74 ff88049e61f0f4ef
578,03ed286136d7b3cf e7cad3748e50b0f8 a492bd402afd5c71 b05b5f6850cfa158 b26d8664feb18c8c c5830f9d0f1e29e5 83b911ff0ff45844 0eafda717681bbdc de35d2410e916471 877672967d3f70bb 3cb6b40d377e7ca8 3734d3b0b9232538 0e45c4c185f35df6 c14d5b16840d3032 ec4ef2f727e7a03f 83f5a9732f0de67f 238de368bb05c0ec 72b80b099fd64ec4 da011b87595c1019 83f8f2fc471cad74 a2805ed52b47b8ec 50cb6a6c60ad711a e403278468d84383 b6e646c13d0753ae 54a11cbcd7a32af4 00e1e2eb13f650e4 4d32dae7b43c489a b84b6c0b2e4d0306 24e582daf6f87158 d5952b2e031c4e7e
579,e8b87ed7db1bcb1f d1e21234d7cc61d2 9c9ebf71707d7a37 1d72229ebcc00faf 2359719a0f40ffac a0b1f4dd32f3e278 f2e30efbd27bee51 49b5678e0d1e5bcd 0220a434aa8bf029 ba5199dba342af68 942a7d26d81c841f aa0789b403bcd839 1fe79c7de59ff6c6 ad06e9eeea8eb4ea 25145708d494530b 03dfe518713e006c c5830f9d0f1e29e5 033d905aec273595 5b4c879fc9c316fb 238de368bb05c0ec 4d32dae7b43c489a 8faeacf8ca08f62d 538c7bb968b2154c 1dc7139adba034ec 09bbaa171c20bae3 24e582daf6f87158 069e7e25e43deab3 a2805ed52b47b8ec b6e646c13d0753ae 47fbe21f5c35c7b4
580,04fda7c9d8971ec0 50ba507a268872e1 b50b4e27b03c7b37 898a4921ab9f4cce a813c15b46ceaf68 4d32dae7b43c489a 2e4b00c01d58e79e 0a79fabc6f5d93c9 abf90e759d208468 4f915ad69e1dca36 24e582daf6f87158 855f2f0354e102c7 e22c35101e190db9 4b29fc21f912754d 106204cd0e07e1b2 c1f2e3a76d388944 dc12cc503ac0eddb feddfcf56818968e 528161039994b4dc e7cad3748e50b0f8 81bd116c786bf9ae e0269da736ddf004 47fbe21f5c35c7b4 27a12f29dceccdbd fa173131f15f5534 70ebf53ced736fa4 4a5ac473c9d176ba daa257a37227cd72 e1460af4a7044067 01ecc81f6341e902
581,5b34da30b93eb123 b749972436ac9791 74e59c5820900b17 f705b637f624147e 4d417b203b333363 6aac5e116b75aa22 5fb2d8e734956af0 a9eef13786610446 ffc688c4c1c2a068 c08c3765ac609cc0 6d80d2e62d01f6bc f46601a9955f9949 0eafda717681bbdc b6d0f83aad4e4dc7 0fbd0f422e926816 3ca7964973437917 dac29ed8400b50cc fb2ebcb5335ad2e2 622f2e4119882c94 50ba507a268872e1 63d95d5977c2fe98 005666aa098abe8e 4d32dae7b43c489a 955e465ce0788ea6 73391e0853c1e040 6c017e548aa138f2 00140806971e7a73 c810ac016901e8ac 36d33c41812ce7dc a04d6febd82a4389
582,40583079f57235a6 a52df8083c238c46 64b31699d7d15934 b29ab87af6ea6310 1f4f62844c3cb99c 54f55c74d37db3c0 09660f466b38b7ba c28bc62802b90f82 b3ad55963554f220 cc861214a89ef1f4 d46598813fb437e5 f58ff7f1a6cde683 1d0f5fdc58e3efb5 7b81f1f2b6ec2e5f a292248bb2bffb3d 4d32dae7b43c489a 24e582daf6f87158 d1e21234d7cc61d2 8faeacf8ca08f62d 47fbe21f5c35c7b4 393f49286db04aeb a860b682add9de1c 1dc7139adba034ec 0eedb1a0d3b8ddae 3fa57d488e979d74 ff88049e61f0f4ef e0269da736ddf004 bd713b37b67866c3 3986b68500d7704b fd30682593995748
583,57113c2a4cacd961 ae94d8435a6847f4 9b0e8cf8153e3b33 48a76e3aff69d605 a860b682add9de1c 5c4b7558c942a224 dc12cc503ac0eddb e6a29676c096f8e8 bf973f9ec3600199 4beacc71024f8b08 a0566ca9daca7778 404031ab9d5977c4 0079f3c74309b582 9b2adcf4041227d7 59c231f8fd21260c f1a3b8b13e9401c0 0eedb1a0d3b8ddae 39f6296778264878 b24820ae14e16a24 b6d0f83aad4e4dc7 c28bc62802b90f82 3986b68500d7704b bd0f175ee98c613e 3fa57d488e979d74 ff88049e61f0f4ef 2a06f5614060e3b6 e0269da736ddf004 bd713b37b67866c3 fd30682593995748 702d8f1064ab3e30
584,05e4165a56bf50eb b6e72edcad270be0 a492bd402afd5c71 9269d2b0d877352d b26d8664feb18c8c 95166957b2c38794 83b911ff0ff45844 0eafda717681bbdc e22c35101e190db9 9cf6709de35bf0f3 48f93f9c2c699e19 de35d2410e916471 877672967d3f70bb 48a76e3aff69d605 3cb6b40d377e7ca8 b05b5f6850cfa158 0e45c4c185f35df6 9113e9dc940fb287 a860b682add9de1c c14d5b16840d3032 ec4ef2f727e7a03f d3c4a7db726191e0 22dc81380cf4baec 4491016efed845f1 238de368bb05c0ec 72b80b099fd64ec4 29bedd00fb2be056 da011b87595c1019 83f8f2fc471cad74 50cb6a6c60ad711a
585,2e2904c5373734ae aa0789b403bcd839 7155e5a86136eb02 2e031d83339759b2 cea18be9a89d7a81 bbbd5d2fd957e8f7 47fbe21f5c35c7b4 52370bea1acd0600 4d7653ea9499eed4 9a0f5ee4f845c9b2 0bcaac840d5e66d7 c28bc62802b90f82 3986b68500d7704b 3fa57d488e979d74 ff88049e61f0f4ef e0269da736ddf004 bd713b37b67866c3 fd30682593995748 2a06f5614060e3b6 39f6296778264878 702d8f1064ab3e30 e7cad3748e50b0f8 0708923badf2ff5d 734dabb98795c35c 942a7d26d81c841f bd0f175ee98c613e ae94d8435a6847f4 b6d0f83aad4e4dc7 b24820ae14e16a24 5fb2d8e734956af0
586,898a4921ab9f4cce c5830f9d0f1e29e5 95ecdbff44ad0b60 8faeacf8ca08f62d 1d0f5fdc58e3efb5 8abe670908f12614 3cb6b40d377e7ca8 a2805ed52b47b8ec b6e646c13d0753ae 3e8e56f639a5db5b 0708923badf2ff5d 47fbe21f5c35c7b4 52370bea1acd0600 4d7653ea9499eed4 9a0f5ee4f845c9b2 0bcaac840d5e66d7 c28bc62802b90f82 3986b68500d7704b 3fa57d488e979d74 ff88049e61f0f4ef e0269da736ddf004 bd713b37b67866c3 fd30682593995748 2a06f5614060e3b6 fc21db75b354a917 702d8f1064ab3e30 734dabb98795c35c 942a7d26d81c841f bd0f175ee98c613e ae94d8435a6847f4
587,ee3ed9a3f51336cd 7cea1f637ea3f37d 6461a9faa871b3ac 52e459a551d4ac2d 5430097e23000368 0683b6a78f54be75 7d83ffe83f61bdc4 d257d1fbcf43abd5 9d5edf3b993fee50 db0e648651f4c92b d92c0298f76ccf77 e36475c1af5ea3ab bbbd5d2fd957e8f7 ae77487a89f2610c 35488b3b8b781278 42a5cae2a3a45557 49b5678e0d1e5bcd 0220a434aa8bf029 a1314cd417504572 238ec735a13a3f09 65fac1ba1840000f e7828f0ea9749505 48a76e3aff69d605 8e0cc5199a0ee659 87c5481930cfe126 50cb6a6c60ad711a fd30682593995748 00d9f8d3f7d412b3 72c2a95813ea72bd 81bd116c786bf9ae
588,fc21db75b354a917 6406fcdb7d87b5dc d1e21234d7cc61d2 b6cdb608f640e038 c810ac016901e8ac 36d33c41812ce7dc a04d6febd82a4389 1d0f5fdc58e3efb5 a853f13216170123 0683b6a78f54be75 b3e75fdca5ca2f1a a14394322cf7043d 095bb1b6ecbd0a50 a292248bb2bffb3d 025a148c3a53bd9f 7e4a4a1300b77a06 e14a893f1918277e c6b615b2589e036d 39075e303166355e 2810fb6f81d1711c 853e36b1550c6274 4d32dae7b43c489a 8e0cc5199a0ee659 238ec735a13a3f09 b78189788d563693 e740c80fce094788 316382267dcd804f c606425856952286 46315cf30aaee51c 0688c790d5806540
589,a292248bb2bffb3d d1e21234d7cc61d2 666bdff4faa513ca 1dc7139adba034ec 8df3f13d6af34cb3 04886579947a80c2 47fbe21f5c35c7b4 4d7653ea9499eed4 9a0f5ee4f845c9b2 0bcaac840d5e66d7 c28bc62802b90f82 702d8f1064ab3e30 3986b68500d7704b 3fa57d488e979d74 ff88049e61f0f4ef e0269da736ddf004 bd713b37b67866c3 fd30682593995748 2a06f5614060e3b6 0708923badf2ff5d 52370bea1acd0600 734dabb98795c35c 942a7d26d81c841f bd0f175ee98c613e ae94d8435a6847f4 b6d0f83aad4e4dc7 b24820ae14e16a24 622f2e4119882c94 4b8c7061102517ef 39f6296778264878
590,7d83ffe83f61bdc4 5430097e23000368 9d5edf3b993fee50 bbbd5d2fd957e8f7 ee3ed9a3f51336cd 0683b6a78f54be75 6461a9faa871b3ac 7cea1f637ea3f37d 52e459a551d4ac2d d257d1fbcf43abd5 db0e648651f4c92b e36475c1af5ea3ab d92c0298f76ccf77 ae77487a89f2610c 35488b3b8b781278 42a5cae2a3a45557 49b5678e0d1e5bcd 0220a434aa8bf029 8abe670908f12614 4d29c6922b2d0d56 da904d2a54ff8cf2 4483bbdd3241f11a 047769588be1aea9 12af6a34778710db 98dbd15aa33ebc18 bee46c54461925d0 eff60ceea8817dad d6ed7e4b14c51296 da7d3c2d591c4295 853e36b1550c6274
591,dc12cc503ac0eddb 5430097e23000368 0683b6a78f54be75 9b2adcf4041227d7 35488b3b8b781278 fa173131f15f5534 c1f2e3a76d388944 7155e5a86136eb02 2e031d83339759b2 4d32dae7b43c489a 24e582daf6f87158 8faeacf8ca08f62d 47fbe21f5c35c7b4 0eedb1a0d3b8ddae 393f49286db04aeb a860b682add9de1c b05b5f6850cfa158 1dc7139adba034ec 0bcaac840d5e66d7 c28bc62802b90f82 702d8f1064ab3e30 3986b68500d7704b 3fa57d488e979d74 ff88049e61f0f4ef e0269da736ddf004 fd30682593995748 2a06f5614060e3b6 39f6296778264878 e25a1da6ca187350 c31a456b544a40a8
592,03ed286136d7b3cf d35e11d3d1ab3c67 6aefb6531736648a 522bd6887960c25d 3734d3b0b9232538 cc0c9419f8a20603 0079f3c74309b582 765c0695339c3abe 5430097e23000368 3b4a85bac6ead3c8 52370bea1acd0600 4d7653ea9499eed4 9a0f5ee4f845c9b2 0bcaac840d5e66d7 c28bc62802b90f82 702d8f1064ab3e30 3986b68500d7704b 3fa57d488e979d74 ff88049e61f0f4ef e0269da736ddf004 bd713b37b67866c3 fd30682593995748 2a06f5614060e3b6 39f6296778264878 47fbe21f5c35c7b4 734dabb98795c35c 942a7d26d81c841f bd0f175ee98c613e ae94d8435a6847f4 b6d0f83aad4e4dc7
593,9b0e8cf8153e3b33 dc12cc503ac0eddb 3a6e7894dde31c67 a292248bb2bffb3d 9b2adcf4041227d7 d1e21234d7cc61d2 c5830f9d0f1e29e5 95ecdbff44ad0b60 3b4a85bac6ead3c8 8faeacf8ca08f62d 1d0f5fdc58e3efb5 8abe670908f12614 3cb6b40d377e7ca8 a2805ed52b47b8ec b6e646c13d0753ae 0eedb1a0d3b8ddae 3e8e56f639a5db5b 3fa57d488e979d74 3986b68500d7704b 702d8f1064ab3e30 ff88049e61f0f4ef c28bc62802b90f82 0bcaac840d5e66d7 e0269da736ddf004 bd713b37b67866c3 9a0f5ee4f845c9b2 fd30682593995748 39f6296778264878 bd0f175ee98c613e b6d0f83aad4e4dc7
594,e7cad3748e50b0f8 1fe79c7de59ff6c6 09bbaa171c20bae3 25145708d494530b c1f2e3a76d388944 16b11706660177ff 033d905aec273595 abf90e759d208468 3734d3b0b9232538 5b4c879fc9c316fb f25bfcffedaccf28 ad06e9eeea8eb4ea 03dfe518713e006c 40583079f57235a6 387e9cd2e5d4ea7d a0b1f4dd32f3e278 538c7bb968b2154c d46598813fb437e5 6a3919ad9ed8197e 0db6584e3bdfa1c4 9fbffc521da97c54 ddf332f2b55a2a23 522bd6887960c25d f209d29f991432f0 2e4b00c01d58e79e 4d7653ea9499eed4 65fac1ba1840000f 393f49286db04aeb c03b11a0cdc3fa39 1efd7bd8a34a1359
595,40583079f57235a6 d46598813fb437e5 a52df8083c238c46 64b31699d7d15934 1f4f62844c3cb99c b29ab87af6ea6310 54f55c74d37db3c0 09660f466b38b7ba 16b11706660177ff abf90e759d208468 a292248bb2bffb3d f25bfcffedaccf28 c28bc62802b90f82 b3ad55963554f220 cc861214a89ef1f4 393f49286db04aeb 0db6584e3bdfa1c4 d1e21234d7cc61d2 65fac1ba1840000f f58ff7f1a6cde683 8faeacf8ca08f62d 7b81f1f2b6ec2e5f c015590d6a6fe833 4d32dae7b43c489a 942a7d26d81c841f 24e582daf6f87158 47fbe21f5c35c7b4 c5830f9d0f1e29e5 95ecdbff44ad0b60 1d0f5fdc58e3efb5
596,238de368bb05c0ec 43b3338423d7386c 3734d3b0b9232538 1d0f5fdc58e3efb5 7155e5a86136eb02 8a5635c748344d47 2e031d83339759b2 4d32dae7b43c489a 24e582daf6f87158 486dd77002936dec 0079f3c74309b582 765c0695339c3abe 8faeacf8ca08f62d 47fbe21f5c35c7b4 3b4a85bac6ead3c8 393f49286db04aeb a860b682add9de1c 1dc7139adba034ec 0eedb1a0d3b8ddae 52370bea1acd0600 4d7653ea9499eed4 9a0f5ee4f845c9b2 0bcaac840d5e66d7 702d8f1064ab3e30 3986b68500d7704b 3fa57d488e979d74 ff88049e61f0f4ef e0269da736ddf004 bd713b37b67866c3 c28bc62802b90f82
597,cc0c9419f8a20603 fa173131f15f5534 f2e30efbd27bee51 54a11cbcd7a32af4 00e1e2eb13f650e4 b84b6c0b2e4d0306 d5952b2e031c4e7e 34a62e66e05f9a44 47fbe21f5c35c7b4 52370bea1acd0600 4d7653ea9499eed4 9a0f5ee4f845c9b2 0bcaac840d5e66d7 c28bc62802b90f82 702d8f1064ab3e30 3986b68500d7704b 3fa57d488e979d74 ff88049e61f0f4ef e0269da736ddf004 bd713b37b67866c3 fd30682593995748 bbbd5d2fd957e8f7 0708923badf2ff5d 734dabb98795c35c 942a7d26d81c841f bd0f175ee98c613e ae94d8435a6847f4 b6d0f83aad4e4dc7 b24820ae14e16a24 622f2e4119882c94
598,585f4ee09d8fea46 9c9ebf71707d7a37 f6d23cdd2359f7c0 dc576af4ae66e25e 8e0cc5199a0ee659 db0e648651f4c92b 919b1679fffa7ef1 18ced18aee04c48e 74ae9af23a383bf5 c5830f9d0f1e29e5 b69ce8b8154645f8 5b4c879fc9c316fb 204ec91c39d1479d 6aefb6531736648a 5989fb934598c1a7 00e1e2eb13f650e4 734dabb98795c35c c49d8f84a4f87f8a 576dd429db946393 c143c095983a65c2 f209d29f991432f0 ae000f9d0b5e104e 1efd7bd8a34a1359 72c2a95813ea72bd 5430097e23000368 95ecdbff44ad0b60 8faeacf8ca08f62d 1d0f5fdc58e3efb5 4f31209941bb05fc 6899956cd6c683f0
599,a65e30106ea50423 ced9c56f2be86774 58654e3143c6550b 72c2a95813ea72bd ebfda3b48083e390 48cf88c17ff38c5e 486dd77002936dec a9dad59c7055b56c bc2ae5f4e5d53e00 148ac4a56a18844d dea5e9227fbbac29 a76ffccd2f5df1a7 4f2fffd7528de786 3b6d27775fce1c7b 033d905aec273595 70ebf53ced736fa4 f25bfcffedaccf28 b6a1c97f19af78d0 5f94b027039f4e48 b24820ae14e16a24 3b4a85bac6ead3c8 413c55a5ab86881a e6a29676c096f8e8 4d9214c0925e5af8 b6e646c13d0753ae da011b87595c1019 b3ad55963554f220 a2c35fdf07a13286 22756be6fd061d4c 52370bea1acd0600
600,b6cdb608f640e038 025a148c3a53bd9f 74244a8703c03720 36d33c41812ce7dc c810ac016901e8ac 853e36b1550c6274 a04d6febd82a4389 a14394322cf7043d 095bb1b6ecbd0a50 b3e75fdca5ca2f1a 2810fb6f81d1711c 7e4a4a1300b77a06 c6b615b2589e036d 39075e303166355e e14a893f1918277e 238ec735a13a3f09 b78189788d563693 316382267dcd804f 46315cf30aaee51c c606425856952286 0688c790d5806540 27a12f29dceccdbd 016da874bd04df55 c03b11a0cdc3fa39 976baf0e84752a68 d64c06baf5ef1c90 83f8aca6ee2caabc 5057551fc55e9ed2 2820628e65a062e2 d6bbbd6c4968075a
