dialogue_id,photo_id
1,66ccd03c9e03ac06 a18df74d3a16e9c0 c5830f9d0f1e29e5 f76f44d372517a9a a982b5c3aed39396 bb7515be835dea49 95ecdbff44ad0b60 01b3da54ffb158a0 8faeacf8ca08f62d 54a11cbcd7a32af4 83b911ff0ff45844 b29ab87af6ea6310 73f770f2643a2135 a52df8083c238c46 f9c6286cff30aaa8 7c8324ce28ffb96e f49e13a653cbdad2 e878efab7c37179e 853e36b1550c6274 26fc2a95df5659c2 8f578001f9d5f543 bd0f175ee98c613e 4d7653ea9499eed4 4f2fffd7528de786 bc2ae5f4e5d53e00 72c2a95813ea72bd a813c15b46ceaf68 8fc68213b63951dc 3d93a60f990a0a7c ec4ef2f727e7a03f
2,1d0f5fdc58e3efb5 b78189788d563693 1d12acf7349196b0 047769588be1aea9 0683b6a78f54be75 666bdff4faa513ca 5430097e23000368 4d7653ea9499eed4 9a0f5ee4f845c9b2 c31a456b544a40a8 0bcaac840d5e66d7 c28bc62802b90f82 702d8f1064ab3e30 3fa57d488e979d74 ff88049e61f0f4ef e0269da736ddf004 39f6296778264878 bd713b37b67866c3 fd30682593995748 2a06f5614060e3b6 3986b68500d7704b 0708923badf2ff5d 942a7d26d81c841f bd0f175ee98c613e ae94d8435a6847f4 b6d0f83aad4e4dc7 b24820ae14e16a24 622f2e4119882c94 4b8c7061102517ef af8e70f978cd5aee
3,da011b87595c1019 2e031d83339759b2 e8684734f2e587bd 3b6d27775fce1c7b 5430097e23000368 3a6e7894dde31c67 9a0f5ee4f845c9b2 0bcaac840d5e66d7 c28bc62802b90f82 702d8f1064ab3e30 3986b68500d7704b 3fa57d488e979d74 4d7653ea9499eed4 e0269da736ddf004 bd713b37b67866c3 fd30682593995748 2a06f5614060e3b6 39f6296778264878 e25a1da6ca187350 c31a456b544a40a8 ff88049e61f0f4ef 734dabb98795c35c 942a7d26d81c841f bd0f175ee98c613e ae94d8435a6847f4 b6d0f83aad4e4dc7 b24820ae14e16a24 622f2e4119882c94 4b8c7061102517ef af8e70f978cd5aee
4,48a76e3aff69d605 fab14d178b24a67f 24e582daf6f87158 95d25d38ba7df9c7 3cb6b40d377e7ca8 20d283a232dfd13c ddf332f2b55a2a23 6204e398d8c7f888 25145708d494530b ae94d8435a6847f4 cea18be9a89d7a81 19e8f436d4b2fc25 9fda36f260eec24e f58ff7f1a6cde683 8699cc5dd4159b69 90ecb28f2edb9d43 64b31699d7d15934 bd713b37b67866c3 1c3b74a02a86467d 01b3da54ffb158a0 60a070db9f1869b5 8a5635c748344d47 939a1f686ea36c05 ec1b3d7ccd3984d0 bf3ccaba4a3450a8 796888cc3443006c 050544c040f46152 f48d0fbea7dc2782 63d95d5977c2fe98 6aac5e116b75aa22
5,bc2ae5f4e5d53e00 12af6a34778710db ca4de5b8a7bda9df 3a6e7894dde31c67 f58ff7f1a6cde683 9a0f5ee4f845c9b2 0bcaac840d5e66d7 c28bc62802b90f82 702d8f1064ab3e30 3986b68500d7704b 3fa57d488e979d74 ff88049e61f0f4ef e0269da736ddf004 bd713b37b67866c3 fd30682593995748 2a06f5614060e3b6 39f6296778264878 e25a1da6ca187350 c31a456b544a40a8 4d7653ea9499eed4 734dabb98795c35c 942a7d26d81c841f bd0f175ee98c613e ae94d8435a6847f4 b6d0f83aad4e4dc7 b24820ae14e16a24 622f2e4119882c94 4b8c7061102517ef 52370bea1acd0600 5ebb4d2f5f1c1f13
6,07be6a290720707d 005666aa098abe8e 0079f3c74309b582 0195950ce0f47e34 4d9214c0925e5af8 9c9a9d45c2ea7ddf 133b04350c75770b c143c095983a65c2 acae1d29289b1266 f105a53e5cfae611 26140b225c4f8d3f a14394322cf7043d 2a06f5614060e3b6 fd30682593995748 39f6296778264878 e25a1da6ca187350 bd713b37b67866c3 e0269da736ddf004 c31a456b544a40a8 ff88049e61f0f4ef 3fa57d488e979d74 3986b68500d7704b 702d8f1064ab3e30 f58ff7f1a6cde683 c28bc62802b90f82 0bcaac840d5e66d7 ae94d8435a6847f4 b6d0f83aad4e4dc7 b24820ae14e16a24 622f2e4119882c94
7,0db6584e3bdfa1c4 393f49286db04aeb 0c15f252d30646fc 1a05ef8c93af8eed c5830f9d0f1e29e5 047769588be1aea9 bb7515be835dea49 73391e0853c1e040 daa257a37227cd72 1dc7139adba034ec 95ecdbff44ad0b60 63d509cd2a2e0e47 24e582daf6f87158 f46601a9955f9949 0fbd0f422e926816 abf90e759d208468 20d283a232dfd13c 6c017e548aa138f2 796888cc3443006c 8fc68213b63951dc a813c15b46ceaf68 acae1d29289b1266 e8b87ed7db1bcb1f d35e11d3d1ab3c67 0d0368139e9a647f 07f22a7ad7e4711d 59bf6d6df9146d60 e7cad3748e50b0f8 4522ad78bf79f0c9 5fb2d8e734956af0
8,4f915ad69e1dca36 c143c095983a65c2 4535ce2e3dced00f c49d8f84a4f87f8a 52370bea1acd0600 4d7653ea9499eed4 9a0f5ee4f845c9b2 0bcaac840d5e66d7 c28bc62802b90f82 702d8f1064ab3e30 3986b68500d7704b 47fbe21f5c35c7b4 ff88049e61f0f4ef e0269da736ddf004 bd713b37b67866c3 fd30682593995748 2a06f5614060e3b6 39f6296778264878 e25a1da6ca187350 c31a456b544a40a8 3fa57d488e979d74 0708923badf2ff5d 734dabb98795c35c 942a7d26d81c841f bd0f175ee98c613e ae94d8435a6847f4 b6d0f83aad4e4dc7 b24820ae14e16a24 622f2e4119882c94 cea18be9a89d7a81
9,fab14d178b24a67f bc27d5dc9bab1c18 18b1d2d84c97a364 d64c06baf5ef1c90 4105533fe46dfba9 cc861214a89ef1f4 f28fb3d9880c5d4c 0c2eeab1e4ce1db8 c810ac016901e8ac 36d33c41812ce7dc 9f4e0d572b1f4e6c 27a12f29dceccdbd b50b4e27b03c7b37 7cea1f637ea3f37d af8e70f978cd5aee 354d7a327bbcc152 781aaf62a955e4e8 2820628e65a062e2 6a3919ad9ed8197e 8b7c486a910dd004 22e8d6734e4121ae 00d9f8d3f7d412b3 120e745e2961b5d5 055d895a3b26e466 64267373570e4ea3 83f8aca6ee2caabc d72363ddd958d906 316382267dcd804f 00ff646ca6637bd7 0cd920bad11c716d
10,3cb6b40d377e7ca8 95d25d38ba7df9c7 8699cc5dd4159b69 6204e398d8c7f888 25145708d494530b 5430097e23000368 d257d1fbcf43abd5 ae94d8435a6847f4 cea18be9a89d7a81 19e8f436d4b2fc25 9fda36f260eec24e f58ff7f1a6cde683 90ecb28f2edb9d43 64b31699d7d15934 bd713b37b67866c3 1c3b74a02a86467d 01b3da54ffb158a0 939a1f686ea36c05 ec1b3d7ccd3984d0 8a5635c748344d47 60a070db9f1869b5 bf3ccaba4a3450a8 796888cc3443006c 63d95d5977c2fe98 fb2ebcb5335ad2e2 050544c040f46152 f48d0fbea7dc2782 6aac5e116b75aa22 3c565c1fc2316d16 bb7515be835dea49
11,7c9248ed6224aa26 25a3b47fe31bc6b5 49224aca40e6e5e3 48cf88c17ff38c5e 922e625fae98b3b9 18ced18aee04c48e acae1d29289b1266 a14394322cf7043d 5430097e23000368 6899956cd6c683f0 3a6e7894dde31c67 52370bea1acd0600 4d7653ea9499eed4 9a0f5ee4f845c9b2 0bcaac840d5e66d7 702d8f1064ab3e30 3986b68500d7704b 3fa57d488e979d74 ff88049e61f0f4ef e0269da736ddf004 bd713b37b67866c3 fd30682593995748 2a06f5614060e3b6 e25a1da6ca187350 c28bc62802b90f82 942a7d26d81c841f bd0f175ee98c613e ae94d8435a6847f4 b6d0f83aad4e4dc7 b24820ae14e16a24
12,8699cc5dd4159b69 f25bfcffedaccf28 e4a7a996ed6a5a81 bd0f175ee98c613e 8643165b0f53df11 d257d1fbcf43abd5 07f22a7ad7e4711d e7cad3748e50b0f8 e8684734f2e587bd 520ec719078be07c 59c231f8fd21260c b6e72edcad270be0 e6a29676c096f8e8 636224e349e561bf 0e45c4c185f35df6 a292248bb2bffb3d 5c4b7558c942a224 dc12cc503ac0eddb f44f74b3451aa593 24e582daf6f87158 87c5481930cfe126 20d283a232dfd13c 3a6e7894dde31c67 0bcaac840d5e66d7 702d8f1064ab3e30 3986b68500d7704b 3fa57d488e979d74 ff88049e61f0f4ef e0269da736ddf004 bd713b37b67866c3
13,964a50d33717c26d 52aa48c07b34dc88 b50b4e27b03c7b37 8e0cc5199a0ee659 5d26da95786b3a3a d6ed7e4b14c51296 64267373570e4ea3 0079f3c74309b582 1c3b74a02a86467d 7f29daa16b9b4cda 9ab90dfc5c9b0b37 dc17b07476183764 20db73cf07a45f71 28403e62105b00f6 919b1679fffa7ef1 b371170568146b12 1f423f368aebf7f3 204ec91c39d1479d 74ae9af23a383bf5 7eec211cc37a1b05 3b6d27775fce1c7b ae000f9d0b5e104e 7b81f1f2b6ec2e5f 04fda7c9d8971ec0 95d25d38ba7df9c7 3cb6b40d377e7ca8 2e4b00c01d58e79e f76f44d372517a9a 1d0f5fdc58e3efb5 430feb4826a5632e
14,680bb5c5c3bb6ee1 b9d966ad9e04127a 7155e5a86136eb02 4a5ac473c9d176ba 10ad13170242ecae bc27d5dc9bab1c18 54f55c74d37db3c0 4d417b203b333363 395b26d91f98bd92 40583079f57235a6 64907c4568244eb4 5f94b027039f4e48 dea5e9227fbbac29 18b1d2d84c97a364 387e9cd2e5d4ea7d 95d25d38ba7df9c7 3cb6b40d377e7ca8 4d29c6922b2d0d56 46b99f864d6a075a bb7515be835dea49 50cb6a6c60ad711a 148ac4a56a18844d 128d583954b18074 81bd116c786bf9ae fc16a50ff0baec53 781aaf62a955e4e8 b6a1c97f19af78d0 4535ce2e3dced00f 50806199c80e215c cc2cc23a98c14c33
15,24e582daf6f87158 20d283a232dfd13c 0708923badf2ff5d 47fbe21f5c35c7b4 52370bea1acd0600 4d7653ea9499eed4 9a0f5ee4f845c9b2 0bcaac840d5e66d7 c28bc62802b90f82 702d8f1064ab3e30 bbbd5d2fd957e8f7 3fa57d488e979d74 ff88049e61f0f4ef e0269da736ddf004 bd713b37b67866c3 fd30682593995748 2a06f5614060e3b6 39f6296778264878 e25a1da6ca187350 3986b68500d7704b e7cad3748e50b0f8 734dabb98795c35c 942a7d26d81c841f bd0f175ee98c613e ae94d8435a6847f4 b6d0f83aad4e4dc7 b24820ae14e16a24 622f2e4119882c94 5fb2d8e734956af0 af8e70f978cd5aee
16,5430097e23000368 b6d0f83aad4e4dc7 a18df74d3a16e9c0 b749972436ac9791 72403ecdfe02bba6 5b34da30b93eb123 05f23e7d05dbf7c2 a9eef13786610446 f705b637f624147e c08c3765ac609cc0 387e9cd2e5d4ea7d 54f55c74d37db3c0 622f2e4119882c94 2359719a0f40ffac b69ce8b8154645f8 5a1149fbcbd37376 fc16a50ff0baec53 0fbd0f422e926816 5989fb934598c1a7 74e59c5820900b17 dac29ed8400b50cc ffc688c4c1c2a068 a017f3358d5327aa 4d9214c0925e5af8 9c9a9d45c2ea7ddf 46b99f864d6a075a 133b04350c75770b c143c095983a65c2 f105a53e5cfae611 26140b225c4f8d3f
17,047769588be1aea9 447fc00f40d71d08 430feb4826a5632e 3c565c1fc2316d16 20d283a232dfd13c 2810fb6f81d1711c 8566d15270eb5e83 3b4a85bac6ead3c8 bd713b37b67866c3 64b31699d7d15934 90ecb28f2edb9d43 a14394322cf7043d 3d93a60f990a0a7c 46315cf30aaee51c ec4ef2f727e7a03f 6c017e548aa138f2 a04d6febd82a4389 025a148c3a53bd9f 1f4f62844c3cb99c 0688c790d5806540 4bed80e56ea2e099 09bbaa171c20bae3 e5fb8dc5c9cb4a19 49b5678e0d1e5bcd 39f6296778264878 a5d5ba33b5b1dc95 3e8e56f639a5db5b 74244a8703c03720 6cb9ab508a0678a0 b8e2f75014710ced
18,1dc7139adba034ec 95ecdbff44ad0b60 c1f2e3a76d388944 e8b87ed7db1bcb1f c11b97f245a9dfd0 5430097e23000368 47fbe21f5c35c7b4 52370bea1acd0600 4d7653ea9499eed4 9a0f5ee4f845c9b2 0bcaac840d5e66d7 c28bc62802b90f82 702d8f1064ab3e30 3fa57d488e979d74 ff88049e61f0f4ef e0269da736ddf004 bd713b37b67866c3 fd30682593995748 2a06f5614060e3b6 39f6296778264878 e25a1da6ca187350 3986b68500d7704b 734dabb98795c35c 942a7d26d81c841f bd0f175ee98c613e ae94d8435a6847f4 b6d0f83aad4e4dc7 b24820ae14e16a24 622f2e4119882c94 4b8c7061102517ef
19,24e582daf6f87158 20d283a232dfd13c c5830f9d0f1e29e5 bb7515be835dea49 1dc7139adba034ec 95ecdbff44ad0b60 bbbd5d2fd957e8f7 47fbe21f5c35c7b4 52370bea1acd0600 4d7653ea9499eed4 9a0f5ee4f845c9b2 0bcaac840d5e66d7 cea18be9a89d7a81 702d8f1064ab3e30 3986b68500d7704b 3fa57d488e979d74 ff88049e61f0f4ef e0269da736ddf004 bd713b37b67866c3 fd30682593995748 2a06f5614060e3b6 c28bc62802b90f82 0708923badf2ff5d 734dabb98795c35c 942a7d26d81c841f bd0f175ee98c613e ae94d8435a6847f4 b6d0f83aad4e4dc7 b24820ae14e16a24 5fb2d8e734956af0
20,70ebf53ced736fa4 81b7c7e312bfa1a0 d1e21234d7cc61d2 7155e5a86136eb02 b9d966ad9e04127a 1d0f5fdc58e3efb5 dea5e9227fbbac29 5f94b027039f4e48 50cb6a6c60ad711a da011b87595c1019 a853f13216170123 b78189788d563693 a492bd402afd5c71 7ee52d2519eea367 4b29fc21f912754d 9f4e0d572b1f4e6c 28a2067685cb3e97 4d9214c0925e5af8 047769588be1aea9 0683b6a78f54be75 2e79d45ba4d1540d 9c9a9d45c2ea7ddf 666bdff4faa513ca 133b04350c75770b ae77487a89f2610c 1a05ef8c93af8eed 4d954d933e606b70 3ca7964973437917 2e2904c5373734ae 0bcaac840d5e66d7
21,ce2fe99a7cda4a17 106204cd0e07e1b2 0897dcfae16e280f ddf332f2b55a2a23 feddfcf56818968e a2805ed52b47b8ec 964a50d33717c26d 4bed80e56ea2e099 5d26da95786b3a3a 2e4b00c01d58e79e c5830f9d0f1e29e5 64c2e323906b42d3 bb7515be835dea49 1dc7139adba034ec 6204e398d8c7f888 25145708d494530b 2810fb6f81d1711c f46601a9955f9949 c36c2dce0e6e434f 39075e303166355e 4491016efed845f1 bd9cd6b87a4fe0ce d9885881381fd10a e14a893f1918277e 8699cc5dd4159b69 64b31699d7d15934 bd713b37b67866c3 90ecb28f2edb9d43 447fc00f40d71d08 ec1b3d7ccd3984d0
22,fc8971756f9ec194 2e44fbb8bc3d8d71 b8e2f75014710ced 0c2eeab1e4ce1db8 f28fb3d9880c5d4c 016da874bd04df55 351c9da399c2b915 42c9b72cc77dcb28 120e745e2961b5d5 2bafd15871caae91 b0b5e62a93a2c37c 37001ade0df85823 2dd12c230ab22555 a677c3a76055a6d2 3986b68500d7704b 702d8f1064ab3e30 3fa57d488e979d74 c28bc62802b90f82 ff88049e61f0f4ef e0269da736ddf004 0bcaac840d5e66d7 bd713b37b67866c3 9a0f5ee4f845c9b2 2a06f5614060e3b6 4d7653ea9499eed4 52370bea1acd0600 47fbe21f5c35c7b4 942a7d26d81c841f bd0f175ee98c613e ae94d8435a6847f4
23,42a5cae2a3a45557 4d9214c0925e5af8 35488b3b8b781278 fab14d178b24a67f 5430097e23000368 d92c0298f76ccf77 d257d1fbcf43abd5 49b5678e0d1e5bcd 0683b6a78f54be75 2b48ab08c915c0ad ddf332f2b55a2a23 0708923badf2ff5d 238ec735a13a3f09 7e4a4a1300b77a06 f58ff7f1a6cde683 bd9cd6b87a4fe0ce 39075e303166355e 4491016efed845f1 e14a893f1918277e d9885881381fd10a db0e648651f4c92b b29ab87af6ea6310 73f770f2643a2135 a52df8083c238c46 ee3ed9a3f51336cd 2820628e65a062e2 a492bd402afd5c71 796888cc3443006c f48d0fbea7dc2782 6aac5e116b75aa22
24,197fa50b30d91fe8 24e582daf6f87158 0708923badf2ff5d 20d283a232dfd13c 2901e5309bb3f8f6 5430097e23000368 0eafda717681bbdc 01020d1b0821f4c7 d46598813fb437e5 8700059e85433b32 6d80d2e62d01f6bc 005666aa098abe8e ecb768ef6fd223ca 33856365c271aea4 c49d8f84a4f87f8a 39f6296778264878 e0269da736ddf004 bd713b37b67866c3 ff88049e61f0f4ef 3fa57d488e979d74 3986b68500d7704b 702d8f1064ab3e30 c28bc62802b90f82 fd30682593995748 0bcaac840d5e66d7 2a06f5614060e3b6 e25a1da6ca187350 b6d0f83aad4e4dc7 622f2e4119882c94 4b8c7061102517ef
25,c5830f9d0f1e29e5 bb7515be835dea49 4f915ad69e1dca36 c143c095983a65c2 4535ce2e3dced00f c49d8f84a4f87f8a 1dc7139adba034ec 95ecdbff44ad0b60 c1f2e3a76d388944 4d7653ea9499eed4 9a0f5ee4f845c9b2 0bcaac840d5e66d7 c28bc62802b90f82 702d8f1064ab3e30 3986b68500d7704b 3fa57d488e979d74 ff88049e61f0f4ef bd713b37b67866c3 fd30682593995748 bd0f175ee98c613e 2a06f5614060e3b6 39f6296778264878 942a7d26d81c841f 734dabb98795c35c e0269da736ddf004 622f2e4119882c94 4b8c7061102517ef af8e70f978cd5aee 5ebb4d2f5f1c1f13 b24820ae14e16a24
26,430feb4826a5632e 20d283a232dfd13c 2810fb6f81d1711c a14394322cf7043d 64b31699d7d15934 90ecb28f2edb9d43 bd713b37b67866c3 46315cf30aaee51c 3d93a60f990a0a7c ec4ef2f727e7a03f 6c017e548aa138f2 a04d6febd82a4389 1f4f62844c3cb99c 025a148c3a53bd9f 0688c790d5806540 047769588be1aea9 09bbaa171c20bae3 24e582daf6f87158 acae1d29289b1266 6cb9ab508a0678a0 702d8f1064ab3e30 0bcaac840d5e66d7 c28bc62802b90f82 9a0f5ee4f845c9b2 3986b68500d7704b 3fa57d488e979d74 4d7653ea9499eed4 e0269da736ddf004 fd30682593995748 2a06f5614060e3b6
27,c14d5b16840d3032 0897dcfae16e280f 5430097e23000368 2bafd15871caae91 61ba7707ef6a5a99 ddf332f2b55a2a23 e36475c1af5ea3ab 64907c4568244eb4 52aa48c07b34dc88 b50b4e27b03c7b37 f05fa5f57dc03e81 d6ed7e4b14c51296 64267373570e4ea3 0079f3c74309b582 9ab90dfc5c9b0b37 7f29daa16b9b4cda d64c06baf5ef1c90 e8684734f2e587bd 28403e62105b00f6 919b1679fffa7ef1 4d9214c0925e5af8 c810ac016901e8ac 36d33c41812ce7dc 589ef345cb2dccfc b371170568146b12 4c3802a1bd3c842e 9c9a9d45c2ea7ddf 27a12f29dceccdbd 9a439fd1abf95245 bc27d5dc9bab1c18
28,9c9a9d45c2ea7ddf 52e459a551d4ac2d 74244a8703c03720 b50b4e27b03c7b37 af8e70f978cd5aee 8dc313a2cf9da354 c606425856952286 c5830f9d0f1e29e5 033d905aec273595 39f6296778264878 bb7515be835dea49 ecb768ef6fd223ca ffa9091747ae2466 155600e5f1221f8c 52aa48c07b34dc88 a14394322cf7043d b78189788d563693 7cea1f637ea3f37d 83f8f2fc471cad74 9fbffc521da97c54 4d29c6922b2d0d56 8f578001f9d5f543 853e36b1550c6274 26fc2a95df5659c2 e878efab7c37179e d6ed7e4b14c51296 61ba7707ef6a5a99 64267373570e4ea3 2820628e65a062e2 0079f3c74309b582
29,e9c20b67a4c5395f 2e031d83339759b2 da011b87595c1019 3b6d27775fce1c7b ad06e9eeea8eb4ea d257d1fbcf43abd5 7c8324ce28ffb96e ce0f56b7190c268a 50cb6a6c60ad711a 4f915ad69e1dca36 148ac4a56a18844d 033d905aec273595 8dedff0a79784abc c143c095983a65c2 0451447dd64f6284 b6a1c97f19af78d0 58654e3143c6550b 589ef345cb2dccfc 35488b3b8b781278 b6e646c13d0753ae 7ee52d2519eea367 9b0e8cf8153e3b33 28a2067685cb3e97 98dbd15aa33ebc18 5430097e23000368 3a6e7894dde31c67 ff88049e61f0f4ef e0269da736ddf004 bd713b37b67866c3 fd30682593995748
30,3b6d27775fce1c7b 95d25d38ba7df9c7 3cb6b40d377e7ca8 b6d0f83aad4e4dc7 cc861214a89ef1f4 2901e5309bb3f8f6 e5fb8dc5c9cb4a19 db7342eff9200020 25145708d494530b 6204e398d8c7f888 acae1d29289b1266 01020d1b0821f4c7 197fa50b30d91fe8 29bedd00fb2be056 24e582daf6f87158 ae94d8435a6847f4 cea18be9a89d7a81 19e8f436d4b2fc25 9fda36f260eec24e f58ff7f1a6cde683 8699cc5dd4159b69 90ecb28f2edb9d43 bd713b37b67866c3 64b31699d7d15934 01b3da54ffb158a0 1c3b74a02a86467d 939a1f686ea36c05 8a5635c748344d47 ec1b3d7ccd3984d0 60a070db9f1869b5
31,a853f13216170123 4b29fc21f912754d 939a1f686ea36c05 8a5635c748344d47 ec1b3d7ccd3984d0 60a070db9f1869b5 42bb83d7c4b9ecae 9269d2b0d877352d d257d1fbcf43abd5 bc2ae5f4e5d53e00 0a79fabc6f5d93c9 5c8c6d9a1fd4c1e0 0683b6a78f54be75 b05b5f6850cfa158 12af6a34778710db 35488b3b8b781278 2cebd52b41930f0a ca4de5b8a7bda9df d92c0298f76ccf77 c5830f9d0f1e29e5 bb7515be835dea49 1dc7139adba034ec 95ecdbff44ad0b60 88b62355670ec8f8 ff88049e61f0f4ef 3986b68500d7704b 702d8f1064ab3e30 9cf6709de35bf0f3 0772e3ab293a1f30 bd713b37b67866c3
32,acf5cb026b3c4551 b6d0f83aad4e4dc7 cc861214a89ef1f4 2901e5309bb3f8f6 e5fb8dc5c9cb4a19 db7342eff9200020 acae1d29289b1266 01020d1b0821f4c7 197fa50b30d91fe8 29bedd00fb2be056 9a0f5ee4f845c9b2 0bcaac840d5e66d7 c28bc62802b90f82 702d8f1064ab3e30 3986b68500d7704b 3fa57d488e979d74 e0269da736ddf004 bd713b37b67866c3 fd30682593995748 2a06f5614060e3b6 39f6296778264878 e25a1da6ca187350 c31a456b544a40a8 f58ff7f1a6cde683 ff88049e61f0f4ef af8e70f978cd5aee 5ebb4d2f5f1c1f13 4b8c7061102517ef 622f2e4119882c94 00140806971e7a73
33,ae94d8435a6847f4 bf973f9ec3600199 520ec719078be07c a0566ca9daca7778 b6e72edcad270be0 587e0b2a4811fab1 3b4a85bac6ead3c8 e403278468d84383 e8684734f2e587bd da011b87595c1019 0e45c4c185f35df6 8dedff0a79784abc a292248bb2bffb3d 22756be6fd061d4c 58654e3143c6550b 2e031d83339759b2 5430097e23000368 dc12cc503ac0eddb 3a6e7894dde31c67 fd30682593995748 bd713b37b67866c3 3986b68500d7704b 622f2e4119882c94 b24820ae14e16a24 4b8c7061102517ef e0269da736ddf004 2a06f5614060e3b6 39f6296778264878 ff88049e61f0f4ef e25a1da6ca187350
34,c5830f9d0f1e29e5 bb7515be835dea49 24e582daf6f87158 1dc7139adba034ec 95ecdbff44ad0b60 20d283a232dfd13c 5430097e23000368 3a6e7894dde31c67 52370bea1acd0600 4d7653ea9499eed4 9a0f5ee4f845c9b2 0bcaac840d5e66d7 c28bc62802b90f82 702d8f1064ab3e30 3fa57d488e979d74 ff88049e61f0f4ef e0269da736ddf004 bd713b37b67866c3 942a7d26d81c841f fd30682593995748 2a06f5614060e3b6 39f6296778264878 3986b68500d7704b b6d0f83aad4e4dc7 b24820ae14e16a24 622f2e4119882c94 4b8c7061102517ef af8e70f978cd5aee 5ebb4d2f5f1c1f13 00140806971e7a73
35,ac9ee0c09b538140 a2805ed52b47b8ec feddfcf56818968e 8699cc5dd4159b69 055d895a3b26e466 f25bfcffedaccf28 e4a7a996ed6a5a81 bd0f175ee98c613e 5d26da95786b3a3a 8643165b0f53df11 d257d1fbcf43abd5 07f22a7ad7e4711d b371170568146b12 20db73cf07a45f71 e7cad3748e50b0f8 6e239f4dd4b6aed7 e8684734f2e587bd 24e582daf6f87158 20d283a232dfd13c 5430097e23000368 3a6e7894dde31c67 dc12cc503ac0eddb 5ebb4d2f5f1c1f13 b6d0f83aad4e4dc7 3986b68500d7704b 3fa57d488e979d74 ff88049e61f0f4ef b24820ae14e16a24 e0269da736ddf004 af8e70f978cd5aee
36,29bedd00fb2be056 455fde214d16d350 33856365c271aea4 5989fb934598c1a7 07f22a7ad7e4711d 25a3b47fe31bc6b5 ddb3810e0289c148 387e9cd2e5d4ea7d ebfda3b48083e390 42c9b72cc77dcb28 025a148c3a53bd9f c5830f9d0f1e29e5 7155e5a86136eb02 65708d542bd01f39 57113c2a4cacd961 4d954d933e606b70 095bb1b6ecbd0a50 8643165b0f53df11 3ca7964973437917 eff60ceea8817dad 1f423f368aebf7f3 26fc2a95df5659c2 855f2f0354e102c7 63d95d5977c2fe98 7ee52d2519eea367 44d324ebd3e22ad7 1398b478b71773ed 4d417b203b333363 587e0b2a4811fab1 b6a1c97f19af78d0
37,6899956cd6c683f0 bc2ae5f4e5d53e00 5430097e23000368 12af6a34778710db f44f74b3451aa593 ca4de5b8a7bda9df 87c5481930cfe126 e25a1da6ca187350 9a0f5ee4f845c9b2 0bcaac840d5e66d7 c28bc62802b90f82 702d8f1064ab3e30 3986b68500d7704b 4d7653ea9499eed4 ff88049e61f0f4ef e0269da736ddf004 bd713b37b67866c3 fd30682593995748 2a06f5614060e3b6 39f6296778264878 3fa57d488e979d74 942a7d26d81c841f bd0f175ee98c613e ae94d8435a6847f4 b6d0f83aad4e4dc7 b24820ae14e16a24 622f2e4119882c94 4b8c7061102517ef af8e70f978cd5aee 47fbe21f5c35c7b4
38,5048a37f10cf2d91 5430097e23000368 b6e646c13d0753ae ad06e9eeea8eb4ea 83f8f2fc471cad74 9fbffc521da97c54 d257d1fbcf43abd5 7c8324ce28ffb96e e9c20b67a4c5395f ce0f56b7190c268a 50cb6a6c60ad711a 4f915ad69e1dca36 148ac4a56a18844d 033d905aec273595 c015590d6a6fe833 8dedff0a79784abc c143c095983a65c2 0451447dd64f6284 b6a1c97f19af78d0 58654e3143c6550b 2e031d83339759b2 35488b3b8b781278 7ee52d2519eea367 9b0e8cf8153e3b33 28a2067685cb3e97 98dbd15aa33ebc18 6899956cd6c683f0 2a06f5614060e3b6 fd30682593995748 bd713b37b67866c3
39,9ab90dfc5c9b0b37 7f29daa16b9b4cda 781aaf62a955e4e8 f44f74b3451aa593 87c5481930cfe126 5430097e23000368 bbbd5d2fd957e8f7 47fbe21f5c35c7b4 52370bea1acd0600 4d7653ea9499eed4 9a0f5ee4f845c9b2 0bcaac840d5e66d7 cea18be9a89d7a81 702d8f1064ab3e30 3986b68500d7704b 3fa57d488e979d74 ff88049e61f0f4ef e0269da736ddf004 bd713b37b67866c3 fd30682593995748 39f6296778264878 c28bc62802b90f82 e7cad3748e50b0f8 0708923badf2ff5d 734dabb98795c35c 942a7d26d81c841f bd0f175ee98c613e ae94d8435a6847f4 b6d0f83aad4e4dc7 b24820ae14e16a24
40,8e0cc5199a0ee659 1c3b74a02a86467d 1f423f368aebf7f3 204ec91c39d1479d 74ae9af23a383bf5 ae000f9d0b5e104e e8b87ed7db1bcb1f 5430097e23000368 c11b97f245a9dfd0 7b81f1f2b6ec2e5f 04fda7c9d8971ec0 3cb6b40d377e7ca8 95d25d38ba7df9c7 2e4b00c01d58e79e f76f44d372517a9a 1d0f5fdc58e3efb5 430feb4826a5632e 25145708d494530b 6204e398d8c7f888 1398b478b71773ed 8faeacf8ca08f62d 2810fb6f81d1711c ca43e349133fc0e3 ae94d8435a6847f4 24e582daf6f87158 f46601a9955f9949 cea18be9a89d7a81 9fda36f260eec24e 19e8f436d4b2fc25 b78189788d563693
41,3a6e7894dde31c67 5430097e23000368 1d0f5fdc58e3efb5 033d905aec273595 35488b3b8b781278 4d9214c0925e5af8 49b5678e0d1e5bcd e8684734f2e587bd b78189788d563693 ad06e9eeea8eb4ea ae77487a89f2610c d257d1fbcf43abd5 2e031d83339759b2 2b48ab08c915c0ad 42a5cae2a3a45557 7c8324ce28ffb96e 5c8c6d9a1fd4c1e0 238ec735a13a3f09 d1e21234d7cc61d2 e9c20b67a4c5395f ce0f56b7190c268a 50cb6a6c60ad711a 7e4a4a1300b77a06 4f915ad69e1dca36 148ac4a56a18844d db0e648651f4c92b 8dedff0a79784abc ee3ed9a3f51336cd 047769588be1aea9 c143c095983a65c2
42,a982b5c3aed39396 47fbe21f5c35c7b4 52370bea1acd0600 4d7653ea9499eed4 9a0f5ee4f845c9b2 0bcaac840d5e66d7 c28bc62802b90f82 702d8f1064ab3e30 e36475c1af5ea3ab 3fa57d488e979d74 ff88049e61f0f4ef e0269da736ddf004 bd713b37b67866c3 fd30682593995748 2a06f5614060e3b6 39f6296778264878 e25a1da6ca187350 c31a456b544a40a8 3986b68500d7704b e7cad3748e50b0f8 0708923badf2ff5d 734dabb98795c35c 942a7d26d81c841f bd0f175ee98c613e ae94d8435a6847f4 b6d0f83aad4e4dc7 b24820ae14e16a24 bbbd5d2fd957e8f7 4b8c7061102517ef af8e70f978cd5aee
43,351c9da399c2b915 016da874bd04df55 2e44fbb8bc3d8d71 4c3802a1bd3c842e f28fb3d9880c5d4c 0c2eeab1e4ce1db8 27a12f29dceccdbd 0eb4de784c8dd679 d64c06baf5ef1c90 83f8f2fc471cad74 9fbffc521da97c54 36d33c41812ce7dc c810ac016901e8ac 42c9b72cc77dcb28 428f9363fa35882d fc8971756f9ec194 120e745e2961b5d5 9a439fd1abf95245 2bafd15871caae91 b0b5e62a93a2c37c bc27d5dc9bab1c18 18b1d2d84c97a364 37001ade0df85823 c015590d6a6fe833 5dd752753760ced8 2dd12c230ab22555 65d44c6393907290 b6e646c13d0753ae 5570ef88d970e9b4 22e8d6734e4121ae
44,5430097e23000368 bbbd5d2fd957e8f7 47fbe21f5c35c7b4 52370bea1acd0600 4d7653ea9499eed4 9a0f5ee4f845c9b2 0bcaac840d5e66d7 c28bc62802b90f82 8e0cc5199a0ee659 3986b68500d7704b 3fa57d488e979d74 ff88049e61f0f4ef e0269da736ddf004 bd713b37b67866c3 fd30682593995748 2a06f5614060e3b6 39f6296778264878 e25a1da6ca187350 702d8f1064ab3e30 e36475c1af5ea3ab e7cad3748e50b0f8 0708923badf2ff5d 734dabb98795c35c 942a7d26d81c841f bd0f175ee98c613e ae94d8435a6847f4 b6d0f83aad4e4dc7 cea18be9a89d7a81 622f2e4119882c94 4b8c7061102517ef
45,0fbd0f422e926816 d35e11d3d1ab3c67 0d0368139e9a647f 3cb6b40d377e7ca8 95d25d38ba7df9c7 4522ad78bf79f0c9 00140806971e7a73 db7342eff9200020 05f23e7d05dbf7c2 b749972436ac9791 72403ecdfe02bba6 5b34da30b93eb123 d46598813fb437e5 387e9cd2e5d4ea7d 46b99f864d6a075a 73391e0853c1e040 25145708d494530b 6204e398d8c7f888 5a1149fbcbd37376 ae94d8435a6847f4 c015590d6a6fe833 cea18be9a89d7a81 9fda36f260eec24e 19e8f436d4b2fc25 f58ff7f1a6cde683 8699cc5dd4159b69 5570ef88d970e9b4 90ecb28f2edb9d43 bd713b37b67866c3 64b31699d7d15934
46,538c7bb968b2154c b6a1c97f19af78d0 50806199c80e215c 26140b225c4f8d3f d257d1fbcf43abd5 0683b6a78f54be75 35488b3b8b781278 d92c0298f76ccf77 47fbe21f5c35c7b4 52370bea1acd0600 4d7653ea9499eed4 9a0f5ee4f845c9b2 0bcaac840d5e66d7 c28bc62802b90f82 702d8f1064ab3e30 3986b68500d7704b b6cdb608f640e038 3fa57d488e979d74 ff88049e61f0f4ef e0269da736ddf004 bd713b37b67866c3 fd30682593995748 2a06f5614060e3b6 bbbd5d2fd957e8f7 0708923badf2ff5d 734dabb98795c35c 942a7d26d81c841f bd0f175ee98c613e ae94d8435a6847f4 b6d0f83aad4e4dc7
47,106204cd0e07e1b2 feddfcf56818968e a2805ed52b47b8ec 964a50d33717c26d db0e648651f4c92b 0c15f252d30646fc ce2fe99a7cda4a17 4bed80e56ea2e099 9c9ebf71707d7a37 64c2e323906b42d3 5d26da95786b3a3a 0220a434aa8bf029 0add47a043c64d7f 49b5678e0d1e5bcd aa0789b403bcd839 5989fb934598c1a7 28a2067685cb3e97 4d9214c0925e5af8 9c9a9d45c2ea7ddf 133b04350c75770b c143c095983a65c2 f105a53e5cfae611 26140b225c4f8d3f 3a6e7894dde31c67 5430097e23000368 b24820ae14e16a24 39f6296778264878 2a06f5614060e3b6 fd30682593995748 bd713b37b67866c3
48,97d696011258825c 0add47a043c64d7f 99e833818ec4bbf2 419b5dc40744fb9b d16da1fb61813db9 eff60ceea8817dad 3e8e56f639a5db5b b05b5f6850cfa158 f209d29f991432f0 edc79e57b20e9036 cc0c9419f8a20603 ce0f56b7190c268a 88b62355670ec8f8 4b05967001421eab fa173131f15f5534 7ee52d2519eea367 ff88049e61f0f4ef 9a0f5ee4f845c9b2 0bcaac840d5e66d7 c28bc62802b90f82 4d7653ea9499eed4 702d8f1064ab3e30 52370bea1acd0600 3fa57d488e979d74 e0269da736ddf004 47fbe21f5c35c7b4 3986b68500d7704b bbbd5d2fd957e8f7 734dabb98795c35c 942a7d26d81c841f
49,45630e1451157ff3 0bcaac840d5e66d7 395b26d91f98bd92 5430097e23000368 24e582daf6f87158 20d283a232dfd13c 3a6e7894dde31c67 47fbe21f5c35c7b4 52370bea1acd0600 4d7653ea9499eed4 9a0f5ee4f845c9b2 702d8f1064ab3e30 3986b68500d7704b 3fa57d488e979d74 ff88049e61f0f4ef e0269da736ddf004 bd713b37b67866c3 fd30682593995748 2a06f5614060e3b6 c28bc62802b90f82 0708923badf2ff5d 734dabb98795c35c 942a7d26d81c841f bd0f175ee98c613e ae94d8435a6847f4 b6d0f83aad4e4dc7 b24820ae14e16a24 622f2e4119882c94 bbbd5d2fd957e8f7 af8e70f978cd5aee
50,4f31209941bb05fc 486dd77002936dec a677c3a76055a6d2 377c1150c781e37a da011b87595c1019 2e031d83339759b2 393f49286db04aeb 0db6584e3bdfa1c4 abf90e759d208468 20d283a232dfd13c 6c017e548aa138f2 acae1d29289b1266 07f22a7ad7e4711d 9fbffc521da97c54 83f8f2fc471cad74 e7cad3748e50b0f8 a14394322cf7043d 6a9aa1bd93e36e66 ecb768ef6fd223ca a292248bb2bffb3d daa257a37227cd72 9100ea6cd0e084bf c015590d6a6fe833 1d72229ebcc00faf f44f74b3451aa593 b6e646c13d0753ae 87c5481930cfe126 6899956cd6c683f0 a04d6febd82a4389 5547f9f1638ac345
51,16b11706660177ff 57113c2a4cacd961 8643165b0f53df11 0bcaac840d5e66d7 65ad9c583823162d f76f44d372517a9a 95ecdbff44ad0b60 3734d3b0b9232538 8faeacf8ca08f62d 83b911ff0ff45844 b29ab87af6ea6310 a52df8083c238c46 73f770f2643a2135 f9c6286cff30aaa8 66ccd03c9e03ac06 e878efab7c37179e 853e36b1550c6274 26fc2a95df5659c2 8f578001f9d5f543 bd0f175ee98c613e bc2ae5f4e5d53e00 72c2a95813ea72bd a813c15b46ceaf68 8fc68213b63951dc 46315cf30aaee51c ec4ef2f727e7a03f 3d93a60f990a0a7c 72b80b099fd64ec4 b24820ae14e16a24 a860b682add9de1c
52,106204cd0e07e1b2 07be6a290720707d 2e79d45ba4d1540d 5430097e23000368 a2805ed52b47b8ec feddfcf56818968e 964a50d33717c26d 005666aa098abe8e 0079f3c74309b582 f2e30efbd27bee51 47fbe21f5c35c7b4 a2c35fdf07a13286 ce2fe99a7cda4a17 4bed80e56ea2e099 64c2e323906b42d3 5d26da95786b3a3a 0195950ce0f47e34 9f3d2ca16f358290 39f6296778264878 4d7653ea9499eed4 9a0f5ee4f845c9b2 0bcaac840d5e66d7 c28bc62802b90f82 fd30682593995748 3986b68500d7704b 3fa57d488e979d74 ff88049e61f0f4ef bd713b37b67866c3 e0269da736ddf004 702d8f1064ab3e30
53,c5830f9d0f1e29e5 bb7515be835dea49 1dc7139adba034ec 95ecdbff44ad0b60 3a6e7894dde31c67 5430097e23000368 52370bea1acd0600 4d7653ea9499eed4 9a0f5ee4f845c9b2 0bcaac840d5e66d7 c28bc62802b90f82 47fbe21f5c35c7b4 3986b68500d7704b 3fa57d488e979d74 ff88049e61f0f4ef e0269da736ddf004 bd713b37b67866c3 fd30682593995748 2a06f5614060e3b6 39f6296778264878 702d8f1064ab3e30 734dabb98795c35c 942a7d26d81c841f bd0f175ee98c613e ae94d8435a6847f4 b6d0f83aad4e4dc7 b24820ae14e16a24 622f2e4119882c94 4b8c7061102517ef bbbd5d2fd957e8f7
54,37001ade0df85823 2e44fbb8bc3d8d71 0c2eeab1e4ce1db8 f28fb3d9880c5d4c 016da874bd04df55 351c9da399c2b915 120e745e2961b5d5 42c9b72cc77dcb28 fc8971756f9ec194 2bafd15871caae91 b0b5e62a93a2c37c 2dd12c230ab22555 781f4d0147aef776 a677c3a76055a6d2 430feb4826a5632e 20d283a232dfd13c 2810fb6f81d1711c 155600e5f1221f8c bd713b37b67866c3 64b31699d7d15934 90ecb28f2edb9d43 a853f13216170123 7cea1f637ea3f37d 3d93a60f990a0a7c ec4ef2f727e7a03f 46315cf30aaee51c 4d29c6922b2d0d56 61ba7707ef6a5a99 6c017e548aa138f2 2820628e65a062e2
55,9c9ebf71707d7a37 106204cd0e07e1b2 5430097e23000368 feddfcf56818968e a2805ed52b47b8ec 964a50d33717c26d ce2fe99a7cda4a17 4bed80e56ea2e099 5d26da95786b3a3a 6e239f4dd4b6aed7 2e4b00c01d58e79e 64c2e323906b42d3 25145708d494530b 6204e398d8c7f888 2810fb6f81d1711c f46601a9955f9949 c36c2dce0e6e434f bd9cd6b87a4fe0ce 4491016efed845f1 d9885881381fd10a e14a893f1918277e 39075e303166355e 8699cc5dd4159b69 90ecb28f2edb9d43 bd713b37b67866c3 64b31699d7d15934 447fc00f40d71d08 8a5635c748344d47 939a1f686ea36c05 ec1b3d7ccd3984d0
56,cea18be9a89d7a81 24e582daf6f87158 c36c2dce0e6e434f 5b4c879fc9c316fb 4d9214c0925e5af8 20d283a232dfd13c ebfda3b48083e390 9c9a9d45c2ea7ddf d6bbbd6c4968075a 133b04350c75770b cc507a0d6fcf4a1c 0688c790d5806540 a9dad59c7055b56c c11b97f245a9dfd0 a76ffccd2f5df1a7 c143c095983a65c2 0f33ce8d8014f308 e8b87ed7db1bcb1f 25a3b47fe31bc6b5 4f2fffd7528de786 45bd99d5d2eef776 999a52f1d301247c 3cb6b40d377e7ca8 95d25d38ba7df9c7 3b4a85bac6ead3c8 de8e1345e8c305c4 f105a53e5cfae611 285657fcdf89f00d 26140b225c4f8d3f bb7515be835dea49
57,8700059e85433b32 bbbd5d2fd957e8f7 47fbe21f5c35c7b4 52370bea1acd0600 4d7653ea9499eed4 9a0f5ee4f845c9b2 0bcaac840d5e66d7 c28bc62802b90f82 09bbaa171c20bae3 3986b68500d7704b 3fa57d488e979d74 ff88049e61f0f4ef e0269da736ddf004 bd713b37b67866c3 fd30682593995748 2a06f5614060e3b6 39f6296778264878 e25a1da6ca187350 702d8f1064ab3e30 e7cad3748e50b0f8 0708923badf2ff5d 734dabb98795c35c 942a7d26d81c841f bd0f175ee98c613e ae94d8435a6847f4 b6d0f83aad4e4dc7 b24820ae14e16a24 cea18be9a89d7a81 4b8c7061102517ef af8e70f978cd5aee
58,0fbd0f422e926816 d35e11d3d1ab3c67 0d0368139e9a647f 4522ad78bf79f0c9 00140806971e7a73 db7342eff9200020 5b34da30b93eb123 b749972436ac9791 72403ecdfe02bba6 05f23e7d05dbf7c2 d46598813fb437e5 387e9cd2e5d4ea7d 73391e0853c1e040 5a1149fbcbd37376 46b99f864d6a075a 9d5edf3b993fee50 5430097e23000368 bd713b37b67866c3 2a06f5614060e3b6 e0269da736ddf004 ff88049e61f0f4ef 3fa57d488e979d74 9a0f5ee4f845c9b2 3986b68500d7704b 702d8f1064ab3e30 c28bc62802b90f82 0bcaac840d5e66d7 ae94d8435a6847f4 b6d0f83aad4e4dc7 b24820ae14e16a24
59,b6d0f83aad4e4dc7 cc861214a89ef1f4 2901e5309bb3f8f6 e5fb8dc5c9cb4a19 db7342eff9200020 acae1d29289b1266 01020d1b0821f4c7 197fa50b30d91fe8 29bedd00fb2be056 24e582daf6f87158 5430097e23000368 49b5678e0d1e5bcd 8699cc5dd4159b69 f25bfcffedaccf28 e4a7a996ed6a5a81 bd0f175ee98c613e 20d283a232dfd13c 2b48ab08c915c0ad 42a5cae2a3a45557 238ec735a13a3f09 4d9214c0925e5af8 8643165b0f53df11 d257d1fbcf43abd5 7e4a4a1300b77a06 db0e648651f4c92b 07f22a7ad7e4711d ee3ed9a3f51336cd 2820628e65a062e2 e7cad3748e50b0f8 d6ed7e4b14c51296
60,00d9eb862ba3dfc6 4f915ad69e1dca36 c143c095983a65c2 4535ce2e3dced00f c49d8f84a4f87f8a 24e582daf6f87158 20d283a232dfd13c bbbd5d2fd957e8f7 52370bea1acd0600 4d7653ea9499eed4 9a0f5ee4f845c9b2 0bcaac840d5e66d7 c28bc62802b90f82 702d8f1064ab3e30 3986b68500d7704b 3fa57d488e979d74 ff88049e61f0f4ef e0269da736ddf004 bd713b37b67866c3 fd30682593995748 2a06f5614060e3b6 39f6296778264878 47fbe21f5c35c7b4 0708923badf2ff5d 734dabb98795c35c 942a7d26d81c841f bd0f175ee98c613e ae94d8435a6847f4 b6d0f83aad4e4dc7 b24820ae14e16a24
61,d257d1fbcf43abd5 5430097e23000368 83f5a9732f0de67f bd0f175ee98c613e ca4de5b8a7bda9df 35488b3b8b781278 0683b6a78f54be75 d92c0298f76ccf77 8faeacf8ca08f62d e4a7a996ed6a5a81 f9c6286cff30aaa8 e878efab7c37179e 8f578001f9d5f543 853e36b1550c6274 26fc2a95df5659c2 bc2ae5f4e5d53e00 e7dd56376be2cf1c 72c2a95813ea72bd a813c15b46ceaf68 8fc68213b63951dc 72b80b099fd64ec4 b24820ae14e16a24 8d58da0e1800dc96 a860b682add9de1c 095bb1b6ecbd0a50 4d32dae7b43c489a e22c35101e190db9 81b639b74256b45b d7d937303a6d5a9d 01e5a6edcee7deb0
62,1d0f5fdc58e3efb5 b78189788d563693 047769588be1aea9 0683b6a78f54be75 666bdff4faa513ca a2c35fdf07a13286 a853f13216170123 4b29fc21f912754d bd713b37b67866c3 fd30682593995748 e0269da736ddf004 ff88049e61f0f4ef 52370bea1acd0600 3fa57d488e979d74 3986b68500d7704b 2a06f5614060e3b6 702d8f1064ab3e30 c28bc62802b90f82 0bcaac840d5e66d7 e25a1da6ca187350 9a0f5ee4f845c9b2 4d7653ea9499eed4 0708923badf2ff5d 942a7d26d81c841f bd0f175ee98c613e ae94d8435a6847f4 b6d0f83aad4e4dc7 b24820ae14e16a24 622f2e4119882c94 4b8c7061102517ef
63,3986b68500d7704b 2e79d45ba4d1540d d6ed7e4b14c51296 3b6d27775fce1c7b 0220a434aa8bf029 f2e30efbd27bee51 47fbe21f5c35c7b4 50806199c80e215c 9f3d2ca16f358290 7ee52d2519eea367 c5830f9d0f1e29e5 bb7515be835dea49 1dc7139adba034ec 95ecdbff44ad0b60 95166957b2c38794 52370bea1acd0600 4d7653ea9499eed4 9a0f5ee4f845c9b2 0bcaac840d5e66d7 c28bc62802b90f82 366a22fce0614fb8 3fa57d488e979d74 ff88049e61f0f4ef e0269da736ddf004 bd713b37b67866c3 fd30682593995748 00e1e2eb13f650e4 2a06f5614060e3b6 702d8f1064ab3e30 942a7d26d81c841f
64,f44f74b3451aa593 5ebb4d2f5f1c1f13 e461837f0fb35048 1d0f5fdc58e3efb5 b78189788d563693 b6d0f83aad4e4dc7 cc861214a89ef1f4 2901e5309bb3f8f6 e5fb8dc5c9cb4a19 db7342eff9200020 047769588be1aea9 acae1d29289b1266 01020d1b0821f4c7 0683b6a78f54be75 197fa50b30d91fe8 666bdff4faa513ca 29bedd00fb2be056 24e582daf6f87158 20d283a232dfd13c 95166957b2c38794 9a0f5ee4f845c9b2 366a22fce0614fb8 0bcaac840d5e66d7 c28bc62802b90f82 702d8f1064ab3e30 3986b68500d7704b 3fa57d488e979d74 00e1e2eb13f650e4 ff88049e61f0f4ef e0269da736ddf004
65,bc2ae5f4e5d53e00 377c1150c781e37a e7cad3748e50b0f8 12af6a34778710db 4d9214c0925e5af8 ca4de5b8a7bda9df fa173131f15f5534 9c9a9d45c2ea7ddf ec1b3d7ccd3984d0 8a5635c748344d47 60a070db9f1869b5 939a1f686ea36c05 42bb83d7c4b9ecae 9269d2b0d877352d 3a6e7894dde31c67 20db73cf07a45f71 a2c35fdf07a13286 0a79fabc6f5d93c9 b78189788d563693 5c8c6d9a1fd4c1e0 853e36b1550c6274 8f578001f9d5f543 26fc2a95df5659c2 e878efab7c37179e 5430097e23000368 ec4ef2f727e7a03f 3d93a60f990a0a7c 46315cf30aaee51c 351c9da399c2b915 016da874bd04df55
66,c5830f9d0f1e29e5 2394b08708475900 bb7515be835dea49 1dc7139adba034ec 95ecdbff44ad0b60 5430097e23000368 bbbd5d2fd957e8f7 47fbe21f5c35c7b4 52370bea1acd0600 4d7653ea9499eed4 9a0f5ee4f845c9b2 0bcaac840d5e66d7 702d8f1064ab3e30 3986b68500d7704b 3fa57d488e979d74 ff88049e61f0f4ef e0269da736ddf004 bd713b37b67866c3 fd30682593995748 2a06f5614060e3b6 c28bc62802b90f82 0708923badf2ff5d 734dabb98795c35c 942a7d26d81c841f bd0f175ee98c613e ae94d8435a6847f4 b6d0f83aad4e4dc7 b24820ae14e16a24 622f2e4119882c94 cea18be9a89d7a81
67,061f3e1feeaa3094 bc2ae5f4e5d53e00 12af6a34778710db ca4de5b8a7bda9df 27bc34b9887bec0d 589ef345cb2dccfc 5430097e23000368 e8684734f2e587bd 3a6e7894dde31c67 fd30682593995748 bd713b37b67866c3 2a06f5614060e3b6 e0269da736ddf004 39f6296778264878 ff88049e61f0f4ef 3fa57d488e979d74 3986b68500d7704b e25a1da6ca187350 702d8f1064ab3e30 c28bc62802b90f82 0bcaac840d5e66d7 c31a456b544a40a8 ae94d8435a6847f4 b6d0f83aad4e4dc7 b24820ae14e16a24 622f2e4119882c94 4b8c7061102517ef af8e70f978cd5aee 5ebb4d2f5f1c1f13 00140806971e7a73
68,c5830f9d0f1e29e5 bb7515be835dea49 f76f44d372517a9a a492bd402afd5c71 9f4e0d572b1f4e6c 8faeacf8ca08f62d 4d9214c0925e5af8 2e79d45ba4d1540d 9c9a9d45c2ea7ddf 83b911ff0ff45844 73f770f2643a2135 b29ab87af6ea6310 a52df8083c238c46 f9c6286cff30aaa8 133b04350c75770b 66ccd03c9e03ac06 ae77487a89f2610c 8f578001f9d5f543 26fc2a95df5659c2 e878efab7c37179e 853e36b1550c6274 bd0f175ee98c613e 1a05ef8c93af8eed 4d954d933e606b70 bc2ae5f4e5d53e00 3ca7964973437917 72c2a95813ea72bd 24e582daf6f87158 8fc68213b63951dc a813c15b46ceaf68
69,2e79d45ba4d1540d 47fbe21f5c35c7b4 f2e30efbd27bee51 9f3d2ca16f358290 a492bd402afd5c71 ad06e9eeea8eb4ea b6e646c13d0753ae 9b0e8cf8153e3b33 b29ab87af6ea6310 a52df8083c238c46 73f770f2643a2135 3734d3b0b9232538 9fbffc521da97c54 83f8f2fc471cad74 2e031d83339759b2 b3e75fdca5ca2f1a 095bb1b6ecbd0a50 81b639b74256b45b eec6b281e236b500 a860b682add9de1c 8d58da0e1800dc96 01e5a6edcee7deb0 4d32dae7b43c489a d7d937303a6d5a9d bed3e73d52011f68 e22c35101e190db9 7c98dedd223b36c0 f76f44d372517a9a 4dba7ce835494a63 172bc0ee09332ae9
70,5430097e23000368 f44f74b3451aa593 52aa48c07b34dc88 db0e648651f4c92b 0c15f252d30646fc 87c5481930cfe126 b50b4e27b03c7b37 83f8f2fc471cad74 9fbffc521da97c54 9c9ebf71707d7a37 d6ed7e4b14c51296 64267373570e4ea3 0079f3c74309b582 0220a434aa8bf029 7f29daa16b9b4cda 9ab90dfc5c9b0b37 0add47a043c64d7f 49b5678e0d1e5bcd 3a6e7894dde31c67 c015590d6a6fe833 28403e62105b00f6 919b1679fffa7ef1 b371170568146b12 b6e646c13d0753ae aa0789b403bcd839 7eec211cc37a1b05 24e582daf6f87158 20d283a232dfd13c fd30682593995748 b6d0f83aad4e4dc7
71,fab14d178b24a67f 4105533fe46dfba9 cc861214a89ef1f4 9f4e0d572b1f4e6c af8e70f978cd5aee 354d7a327bbcc152 6a3919ad9ed8197e 05e4165a56bf50eb 5430097e23000368 ecb768ef6fd223ca 059bbdbdb843af6a 0b0021aa60d05daa 49b5678e0d1e5bcd 95d25d38ba7df9c7 3cb6b40d377e7ca8 2b48ab08c915c0ad 42a5cae2a3a45557 ddf332f2b55a2a23 238ec735a13a3f09 4d9214c0925e5af8 7e4a4a1300b77a06 db0e648651f4c92b ee3ed9a3f51336cd 6204e398d8c7f888 25145708d494530b 2820628e65a062e2 d6ed7e4b14c51296 ae77487a89f2610c e36475c1af5ea3ab 6461a9faa871b3ac
72,f58ff7f1a6cde683 39075e303166355e e14a893f1918277e 4491016efed845f1 bd9cd6b87a4fe0ce d9885881381fd10a b29ab87af6ea6310 a52df8083c238c46 73f770f2643a2135 a492bd402afd5c71 f48d0fbea7dc2782 63d95d5977c2fe98 fb2ebcb5335ad2e2 050544c040f46152 6aac5e116b75aa22 09660f466b38b7ba 955e465ce0788ea6 43b3338423d7386c b3ad55963554f220 d5805cdb9e8f0f48 de35d2410e916471 48f93f9c2c699e19 702d8f1064ab3e30 095bb1b6ecbd0a50 4d32dae7b43c489a 8d58da0e1800dc96 e22c35101e190db9 01e5a6edcee7deb0 b3e75fdca5ca2f1a 81b639b74256b45b
73,d6ed7e4b14c51296 db0e648651f4c92b 35488b3b8b781278 919b1679fffa7ef1 52aa48c07b34dc88 5430097e23000368 d92c0298f76ccf77 0220a434aa8bf029 d257d1fbcf43abd5 b50b4e27b03c7b37 3986b68500d7704b 49b5678e0d1e5bcd a677c3a76055a6d2 0683b6a78f54be75 2b48ab08c915c0ad 64267373570e4ea3 0079f3c74309b582 42a5cae2a3a45557 7f29daa16b9b4cda 9ab90dfc5c9b0b37 238ec735a13a3f09 4d9214c0925e5af8 7e4a4a1300b77a06 dc576af4ae66e25e 28403e62105b00f6 ee3ed9a3f51336cd 2820628e65a062e2 b371170568146b12 2e79d45ba4d1540d ae77487a89f2610c
74,fc8971756f9ec194 10ad13170242ecae 4a5ac473c9d176ba e7dd56376be2cf1c 2e44fbb8bc3d8d71 f28fb3d9880c5d4c 0c2eeab1e4ce1db8 316382267dcd804f d72363ddd958d906 016da874bd04df55 351c9da399c2b915 42c9b72cc77dcb28 120e745e2961b5d5 2bafd15871caae91 b0b5e62a93a2c37c 37001ade0df85823 d64c06baf5ef1c90 2dd12c230ab22555 a677c3a76055a6d2 c810ac016901e8ac 36d33c41812ce7dc 4c3802a1bd3c842e 5430097e23000368 27a12f29dceccdbd 9a439fd1abf95245 bc27d5dc9bab1c18 18b1d2d84c97a364 0eb4de784c8dd679 5dd752753760ced8 65d44c6393907290
75,520ec719078be07c 59c231f8fd21260c b6e72edcad270be0 636224e349e561bf e6a29676c096f8e8 0e45c4c185f35df6 a292248bb2bffb3d 5c4b7558c942a224 48a76e3aff69d605 95166957b2c38794 f1a3b8b13e9401c0 a853f13216170123 9fbffc521da97c54 83f8f2fc471cad74 a492bd402afd5c71 047769588be1aea9 5430097e23000368 4b29fc21f912754d 0708923badf2ff5d 9f4e0d572b1f4e6c 4d9214c0925e5af8 c015590d6a6fe833 2e79d45ba4d1540d 9c9a9d45c2ea7ddf b6e646c13d0753ae 133b04350c75770b ae77487a89f2610c 1a05ef8c93af8eed 4d954d933e606b70 3ca7964973437917
76,2901e5309bb3f8f6 01020d1b0821f4c7 0eafda717681bbdc d46598813fb437e5 6d80d2e62d01f6bc 005666aa098abe8e ecb768ef6fd223ca 33856365c271aea4 c49d8f84a4f87f8a 5430097e23000368 24e582daf6f87158 8700059e85433b32 20d283a232dfd13c b6d0f83aad4e4dc7 cc861214a89ef1f4 e5fb8dc5c9cb4a19 db7342eff9200020 acae1d29289b1266 197fa50b30d91fe8 29bedd00fb2be056 3fa57d488e979d74 3986b68500d7704b ff88049e61f0f4ef e0269da736ddf004 bd713b37b67866c3 fd30682593995748 2a06f5614060e3b6 39f6296778264878 e25a1da6ca187350 f58ff7f1a6cde683
77,2e44fbb8bc3d8d71 0c2eeab1e4ce1db8 f28fb3d9880c5d4c 351c9da399c2b915 016da874bd04df55 42c9b72cc77dcb28 fc8971756f9ec194 120e745e2961b5d5 2bafd15871caae91 b0b5e62a93a2c37c 37001ade0df85823 d64c06baf5ef1c90 2dd12c230ab22555 a677c3a76055a6d2 36d33c41812ce7dc c810ac016901e8ac 4c3802a1bd3c842e 27a12f29dceccdbd 9a439fd1abf95245 bc27d5dc9bab1c18 18b1d2d84c97a364 0eb4de784c8dd679 5dd752753760ced8 bc2ae5f4e5d53e00 65d44c6393907290 5570ef88d970e9b4 22e8d6734e4121ae 00d9f8d3f7d412b3 b0bfe0f426275870 40583079f57235a6
78,b6d0f83aad4e4dc7 cc861214a89ef1f4 2901e5309bb3f8f6 e5fb8dc5c9cb4a19 db7342eff9200020 430feb4826a5632e acae1d29289b1266 01020d1b0821f4c7 20d283a232dfd13c 197fa50b30d91fe8 29bedd00fb2be056 2810fb6f81d1711c 5430097e23000368 d257d1fbcf43abd5 bd713b37b67866c3 64b31699d7d15934 90ecb28f2edb9d43 46315cf30aaee51c ec4ef2f727e7a03f 3d93a60f990a0a7c 0683b6a78f54be75 6c017e548aa138f2 c5830f9d0f1e29e5 a04d6febd82a4389 025a148c3a53bd9f 1f4f62844c3cb99c 0688c790d5806540 bb7515be835dea49 047769588be1aea9 1dc7139adba034ec
79,1fe79c7de59ff6c6 a853f13216170123 83f8f2fc471cad74 9fbffc521da97c54 4b29fc21f912754d c015590d6a6fe833 b6e646c13d0753ae 3a6e7894dde31c67 5430097e23000368 4d7653ea9499eed4 9a0f5ee4f845c9b2 0bcaac840d5e66d7 c28bc62802b90f82 702d8f1064ab3e30 3986b68500d7704b 3fa57d488e979d74 ff88049e61f0f4ef e0269da736ddf004 bd713b37b67866c3 fd30682593995748 2a06f5614060e3b6 e25a1da6ca187350 52370bea1acd0600 734dabb98795c35c bd0f175ee98c613e ae94d8435a6847f4 b6d0f83aad4e4dc7 b24820ae14e16a24 622f2e4119882c94 4b8c7061102517ef
80,8699cc5dd4159b69 f25bfcffedaccf28 e4a7a996ed6a5a81 bd0f175ee98c613e 8643165b0f53df11 d257d1fbcf43abd5 07f22a7ad7e4711d e7cad3748e50b0f8 e8684734f2e587bd 24e582daf6f87158 20d283a232dfd13c dc12cc503ac0eddb 4d7653ea9499eed4 9a0f5ee4f845c9b2 0bcaac840d5e66d7 c28bc62802b90f82 702d8f1064ab3e30 942a7d26d81c841f ae94d8435a6847f4 3fa57d488e979d74 ff88049e61f0f4ef e0269da736ddf004 bd713b37b67866c3 fd30682593995748 2a06f5614060e3b6 39f6296778264878 3986b68500d7704b 52370bea1acd0600 47fbe21f5c35c7b4 bbbd5d2fd957e8f7
81,4e966bb2768c2b8a 0b0021aa60d05daa 04886579947a80c2 e7828f0ea9749505 4f915ad69e1dca36 c143c095983a65c2 4535ce2e3dced00f 3734d3b0b9232538 c49d8f84a4f87f8a 5430097e23000368 0bcaac840d5e66d7 c28bc62802b90f82 702d8f1064ab3e30 3986b68500d7704b 3fa57d488e979d74 ff88049e61f0f4ef 9a0f5ee4f845c9b2 bd713b37b67866c3 fd30682593995748 2a06f5614060e3b6 39f6296778264878 e25a1da6ca187350 c31a456b544a40a8 f58ff7f1a6cde683 e0269da736ddf004 ae94d8435a6847f4 b6d0f83aad4e4dc7 b24820ae14e16a24 622f2e4119882c94 4b8c7061102517ef
82,528161039994b4dc bc2ae5f4e5d53e00 fc16a50ff0baec53 d63b7f083330247f 4535ce2e3dced00f 12af6a34778710db ca4de5b8a7bda9df 5430097e23000368 6899956cd6c683f0 9a0f5ee4f845c9b2 0bcaac840d5e66d7 c28bc62802b90f82 702d8f1064ab3e30 3986b68500d7704b 3fa57d488e979d74 ff88049e61f0f4ef bd713b37b67866c3 fd30682593995748 2a06f5614060e3b6 39f6296778264878 e25a1da6ca187350 e0269da736ddf004 942a7d26d81c841f bd0f175ee98c613e ae94d8435a6847f4 b6d0f83aad4e4dc7 b24820ae14e16a24 622f2e4119882c94 4b8c7061102517ef af8e70f978cd5aee
83,7eec211cc37a1b05 3e8e56f639a5db5b 4bed80e56ea2e099 46b99f864d6a075a 964a50d33717c26d 52aa48c07b34dc88 b50b4e27b03c7b37 e8b87ed7db1bcb1f 50806199c80e215c 5d26da95786b3a3a d6ed7e4b14c51296 64267373570e4ea3 0079f3c74309b582 9ab90dfc5c9b0b37 7f29daa16b9b4cda c11b97f245a9dfd0 20db73cf07a45f71 28403e62105b00f6 919b1679fffa7ef1 b371170568146b12 5430097e23000368 3986b68500d7704b 3fa57d488e979d74 bd713b37b67866c3 702d8f1064ab3e30 4d7653ea9499eed4 e0269da736ddf004 c28bc62802b90f82 0bcaac840d5e66d7 9a0f5ee4f845c9b2
84,8699cc5dd4159b69 f25bfcffedaccf28 e4a7a996ed6a5a81 bd0f175ee98c613e 8643165b0f53df11 d257d1fbcf43abd5 07f22a7ad7e4711d 1d0f5fdc58e3efb5 e7cad3748e50b0f8 e8684734f2e587bd b78189788d563693 2394b08708475900 5430097e23000368 047769588be1aea9 dc12cc503ac0eddb 0683b6a78f54be75 666bdff4faa513ca 366a22fce0614fb8 47fbe21f5c35c7b4 52370bea1acd0600 4d7653ea9499eed4 00e1e2eb13f650e4 9a0f5ee4f845c9b2 bbbd5d2fd957e8f7 c28bc62802b90f82 702d8f1064ab3e30 0772e3ab293a1f30 3986b68500d7704b 9cf6709de35bf0f3 3fa57d488e979d74
85,e8b87ed7db1bcb1f e0269da736ddf004 942a7d26d81c841f 1efd7bd8a34a1359 52aa48c07b34dc88 09bbaa171c20bae3 453bc79164d57a01 5430097e23000368 8700059e85433b32 c11b97f245a9dfd0 00d9f8d3f7d412b3 b50b4e27b03c7b37 95d25d38ba7df9c7 3cb6b40d377e7ca8 d6ed7e4b14c51296 64267373570e4ea3 0079f3c74309b582 7f29daa16b9b4cda 9ab90dfc5c9b0b37 63d509cd2a2e0e47 28403e62105b00f6 919b1679fffa7ef1 25145708d494530b 6204e398d8c7f888 b371170568146b12 7eec211cc37a1b05 ae94d8435a6847f4 cea18be9a89d7a81 19e8f436d4b2fc25 9fda36f260eec24e
86,d46598813fb437e5 0fbd0f422e926816 29968e8fd13539f8 0d0368139e9a647f d35e11d3d1ab3c67 4522ad78bf79f0c9 00140806971e7a73 db7342eff9200020 72c2a95813ea72bd 05f23e7d05dbf7c2 72403ecdfe02bba6 5b34da30b93eb123 b749972436ac9791 387e9cd2e5d4ea7d 52370bea1acd0600 bee46c54461925d0 73391e0853c1e040 5a1149fbcbd37376 f25bfcffedaccf28 5430097e23000368 9269d2b0d877352d 42bb83d7c4b9ecae e1460af4a7044067 48f93f9c2c699e19 de35d2410e916471 09660f466b38b7ba d5805cdb9e8f0f48 955e465ce0788ea6 b3ad55963554f220 43b3338423d7386c
87,73391e0853c1e040 b8e2f75014710ced fc8971756f9ec194 81bd116c786bf9ae 5430097e23000368 47fbe21f5c35c7b4 52370bea1acd0600 4d7653ea9499eed4 9a0f5ee4f845c9b2 0bcaac840d5e66d7 c31a456b544a40a8 c28bc62802b90f82 3986b68500d7704b 3fa57d488e979d74 ff88049e61f0f4ef 39f6296778264878 e0269da736ddf004 bd713b37b67866c3 fd30682593995748 2a06f5614060e3b6 702d8f1064ab3e30 fc21db75b354a917 734dabb98795c35c 942a7d26d81c841f bd0f175ee98c613e ae94d8435a6847f4 b6d0f83aad4e4dc7 b24820ae14e16a24 622f2e4119882c94 e25a1da6ca187350
88,0eafda717681bbdc 3734d3b0b9232538 dac29ed8400b50cc ffc688c4c1c2a068 74e59c5820900b17 6d80d2e62d01f6bc 9fbffc521da97c54 83f8f2fc471cad74 005666aa098abe8e 622f2e4119882c94 65254e0d209fd66e 2901e5309bb3f8f6 c015590d6a6fe833 d46598813fb437e5 5d26da95786b3a3a a9eef13786610446 f705b637f624147e c08c3765ac609cc0 01020d1b0821f4c7 54f55c74d37db3c0 4d417b203b333363 b6e646c13d0753ae 2359719a0f40ffac 44d324ebd3e22ad7 9b0e8cf8153e3b33 db7342eff9200020 70776cdd9bb3b7d4 0fbd0f422e926816 0d0368139e9a647f d35e11d3d1ab3c67
89,e403278468d84383 22756be6fd061d4c 6ae470a7c9ec20fd b0e254dd420faee3 587e0b2a4811fab1 0708923badf2ff5d 0eedb1a0d3b8ddae 3734d3b0b9232538 ae94d8435a6847f4 bf973f9ec3600199 520ec719078be07c a0566ca9daca7778 b6e72edcad270be0 3b4a85bac6ead3c8 da011b87595c1019 0e45c4c185f35df6 8dedff0a79784abc a292248bb2bffb3d 58654e3143c6550b 2e031d83339759b2 dc12cc503ac0eddb ff88049e61f0f4ef e0269da736ddf004 bd713b37b67866c3 81b7c7e312bfa1a0 fd30682593995748 3fa57d488e979d74 39f6296778264878 e25a1da6ca187350 c31a456b544a40a8
90,74ae9af23a383bf5 3986b68500d7704b 7eec211cc37a1b05 d6ed7e4b14c51296 f25bfcffedaccf28 9269d2b0d877352d 42bb83d7c4b9ecae e1460af4a7044067 d5805cdb9e8f0f48 43b3338423d7386c 955e465ce0788ea6 de35d2410e916471 b3ad55963554f220 09660f466b38b7ba 48f93f9c2c699e19 97d696011258825c d216e5458ad70e60 5b16bae6a0de7c88 0220a434aa8bf029 59bf6d6df9146d60 2a06f5614060e3b6 d3c4a7db726191e0 50806199c80e215c 99e833818ec4bbf2 ffa9091747ae2466 d46598813fb437e5 5fb2d8e734956af0 7f95168400948588 34a62e66e05f9a44 49224aca40e6e5e3
91,36d33c41812ce7dc c810ac016901e8ac 666bdff4faa513ca d64c06baf5ef1c90 9a439fd1abf95245 1d0f5fdc58e3efb5 4c3802a1bd3c842e 27a12f29dceccdbd 22e8d6734e4121ae bc27d5dc9bab1c18 18b1d2d84c97a364 0eb4de784c8dd679 5dd752753760ced8 1ba7a50457e93996 acae1d29289b1266 b78189788d563693 fc21db75b354a917 65d44c6393907290 5570ef88d970e9b4 00d9f8d3f7d412b3 b0bfe0f426275870 40583079f57235a6 00ff646ca6637bd7 428f9363fa35882d a14394322cf7043d 00af886180e9eaec cba7e22bb383083a f2b5098ac9c92da9 e8684734f2e587bd 047769588be1aea9
92,b6e646c13d0753ae 72c2a95813ea72bd ad06e9eeea8eb4ea 8699cc5dd4159b69 9fbffc521da97c54 83f8f2fc471cad74 f25bfcffedaccf28 e4a7a996ed6a5a81 bd0f175ee98c613e 7c8324ce28ffb96e 12af6a34778710db 50cb6a6c60ad711a 8643165b0f53df11 4577ae048ef1967d 148ac4a56a18844d ae77487a89f2610c d257d1fbcf43abd5 52370bea1acd0600 3ca7964973437917 40583079f57235a6 c015590d6a6fe833 07f22a7ad7e4711d 0451447dd64f6284 0bcaac840d5e66d7 b6a1c97f19af78d0 58654e3143c6550b 2e031d83339759b2 e7cad3748e50b0f8 413c55a5ab86881a e8684734f2e587bd
93,29bedd00fb2be056 455fde214d16d350 33856365c271aea4 5989fb934598c1a7 07f22a7ad7e4711d 25a3b47fe31bc6b5 ddb3810e0289c148 387e9cd2e5d4ea7d ebfda3b48083e390 42c9b72cc77dcb28 025a148c3a53bd9f c5830f9d0f1e29e5 7155e5a86136eb02 65708d542bd01f39 57113c2a4cacd961 4d954d933e606b70 095bb1b6ecbd0a50 8643165b0f53df11 3ca7964973437917 eff60ceea8817dad 1f423f368aebf7f3 26fc2a95df5659c2 855f2f0354e102c7 63d95d5977c2fe98 7ee52d2519eea367 44d324ebd3e22ad7 1398b478b71773ed 4d417b203b333363 587e0b2a4811fab1 b6a1c97f19af78d0
94,26140b225c4f8d3f d257d1fbcf43abd5 35488b3b8b781278 0683b6a78f54be75 d92c0298f76ccf77 bd0f175ee98c613e 4d9214c0925e5af8 95ecdbff44ad0b60 ae77487a89f2610c 5430097e23000368 f76f44d372517a9a 49b5678e0d1e5bcd 8699cc5dd4159b69 f25bfcffedaccf28 e4a7a996ed6a5a81 a492bd402afd5c71 6899956cd6c683f0 2b48ab08c915c0ad c5830f9d0f1e29e5 42a5cae2a3a45557 bb7515be835dea49 238ec735a13a3f09 9f4e0d572b1f4e6c 8643165b0f53df11 8faeacf8ca08f62d 7e4a4a1300b77a06 1dc7139adba034ec db0e648651f4c92b 07f22a7ad7e4711d ee3ed9a3f51336cd
95,2394b08708475900 fa173131f15f5534 e7cad3748e50b0f8 a5d5ba33b5b1dc95 148ac4a56a18844d d73a65673e3f1d78 bc2552a642ce8497 5430097e23000368 39f6296778264878 52370bea1acd0600 4d7653ea9499eed4 9a0f5ee4f845c9b2 0bcaac840d5e66d7 c28bc62802b90f82 702d8f1064ab3e30 3fa57d488e979d74 ff88049e61f0f4ef e0269da736ddf004 bd713b37b67866c3 fd30682593995748 3986b68500d7704b 734dabb98795c35c 942a7d26d81c841f bd0f175ee98c613e ae94d8435a6847f4 b6d0f83aad4e4dc7 b24820ae14e16a24 622f2e4119882c94 4b8c7061102517ef 2a06f5614060e3b6
96,1398b478b71773ed 3e66b4855d0dddbe bf973f9ec3600199 07be6a290720707d 680bb5c5c3bb6ee1 ce0f56b7190c268a 8dedff0a79784abc e8ad5e31484ef889 63d509cd2a2e0e47 702d8f1064ab3e30 3986b68500d7704b 3fa57d488e979d74 ff88049e61f0f4ef b6d0f83aad4e4dc7 e0269da736ddf004 ae94d8435a6847f4 fd30682593995748 2a06f5614060e3b6 39f6296778264878 bd0f175ee98c613e e25a1da6ca187350 734dabb98795c35c c31a456b544a40a8 f58ff7f1a6cde683 bd713b37b67866c3 4b8c7061102517ef af8e70f978cd5aee 5ebb4d2f5f1c1f13 00140806971e7a73 9c9a9d45c2ea7ddf
97,1d0f5fdc58e3efb5 b78189788d563693 047769588be1aea9 0683b6a78f54be75 666bdff4faa513ca c5830f9d0f1e29e5 bb7515be835dea49 1dc7139adba034ec 95ecdbff44ad0b60 bbbd5d2fd957e8f7 47fbe21f5c35c7b4 52370bea1acd0600 4d7653ea9499eed4 9a0f5ee4f845c9b2 0bcaac840d5e66d7 b6cdb608f640e038 702d8f1064ab3e30 3986b68500d7704b 3fa57d488e979d74 ff88049e61f0f4ef e0269da736ddf004 bd713b37b67866c3 fd30682593995748 95166957b2c38794 c28bc62802b90f82 0708923badf2ff5d 734dabb98795c35c 942a7d26d81c841f bd0f175ee98c613e ae94d8435a6847f4
98,a853f13216170123 4b29fc21f912754d f58ff7f1a6cde683 bd9cd6b87a4fe0ce 4491016efed845f1 39075e303166355e e14a893f1918277e d9885881381fd10a a52df8083c238c46 b29ab87af6ea6310 73f770f2643a2135 a492bd402afd5c71 796888cc3443006c 63d95d5977c2fe98 050544c040f46152 fb2ebcb5335ad2e2 f48d0fbea7dc2782 6aac5e116b75aa22 3e66b4855d0dddbe b3ad55963554f220 09660f466b38b7ba de35d2410e916471 48f93f9c2c699e19 43b3338423d7386c 955e465ce0788ea6 d5805cdb9e8f0f48 702d8f1064ab3e30 b3e75fdca5ca2f1a 4d32dae7b43c489a 01e5a6edcee7deb0
99,4d954d933e606b70 8dedff0a79784abc 58654e3143c6550b 2e031d83339759b2 ae94d8435a6847f4 c143c095983a65c2 bf973f9ec3600199 ad06e9eeea8eb4ea 520ec719078be07c d257d1fbcf43abd5 a0566ca9daca7778 b6e72edcad270be0 7c8324ce28ffb96e 587e0b2a4811fab1 3b4a85bac6ead3c8 e9c20b67a4c5395f e403278468d84383 ce0f56b7190c268a 50cb6a6c60ad711a da011b87595c1019 4f915ad69e1dca36 148ac4a56a18844d 0e45c4c185f35df6 033d905aec273595 0451447dd64f6284 a292248bb2bffb3d 22756be6fd061d4c 4d9214c0925e5af8 b6a1c97f19af78d0 589ef345cb2dccfc
100,3a6e7894dde31c67 528161039994b4dc e403278468d84383 22756be6fd061d4c 1d0f5fdc58e3efb5 033d905aec273595 680bb5c5c3bb6ee1 d1e21234d7cc61d2 b9d966ad9e04127a 7155e5a86136eb02 5f94b027039f4e48 dea5e9227fbbac29 4a5ac473c9d176ba 10ad13170242ecae b78189788d563693 bc27d5dc9bab1c18 18b1d2d84c97a364 387e9cd2e5d4ea7d 54f55c74d37db3c0 4d417b203b333363 4d29c6922b2d0d56 395b26d91f98bd92 50cb6a6c60ad711a 148ac4a56a18844d 128d583954b18074 40583079f57235a6 fc16a50ff0baec53 64907c4568244eb4 781aaf62a955e4e8 b6a1c97f19af78d0
101,8699cc5dd4159b69 f25bfcffedaccf28 e4a7a996ed6a5a81 bd0f175ee98c613e 8643165b0f53df11 5430097e23000368 d257d1fbcf43abd5 07f22a7ad7e4711d e7cad3748e50b0f8 e8684734f2e587bd 24e582daf6f87158 20d283a232dfd13c dc12cc503ac0eddb 52370bea1acd0600 9a0f5ee4f845c9b2 0bcaac840d5e66d7 c28bc62802b90f82 702d8f1064ab3e30 942a7d26d81c841f 3986b68500d7704b 3fa57d488e979d74 ff88049e61f0f4ef e0269da736ddf004 bd713b37b67866c3 fd30682593995748 2a06f5614060e3b6 39f6296778264878 4d7653ea9499eed4 ae94d8435a6847f4 b24820ae14e16a24
102,e878efab7c37179e 853e36b1550c6274 8f578001f9d5f543 26fc2a95df5659c2 3d93a60f990a0a7c 46315cf30aaee51c ec4ef2f727e7a03f 4c3802a1bd3c842e 1f4f62844c3cb99c 025a148c3a53bd9f 24e582daf6f87158 f76f44d372517a9a b78189788d563693 20d283a232dfd13c 016da874bd04df55 351c9da399c2b915 5b16bae6a0de7c88 8dc313a2cf9da354 a04d6febd82a4389 d6bbbd6c4968075a 74244a8703c03720 9f4e0d572b1f4e6c 0688c790d5806540 8faeacf8ca08f62d 27a12f29dceccdbd c606425856952286 4d9214c0925e5af8 047769588be1aea9 0eb4de784c8dd679 4c0eee2c1a5e76e2
103,48a76e3aff69d605 520ec719078be07c 59c231f8fd21260c b6e72edcad270be0 e6a29676c096f8e8 636224e349e561bf a853f13216170123 0e45c4c185f35df6 a292248bb2bffb3d 5c4b7558c942a224 5430097e23000368 4b29fc21f912754d 24e582daf6f87158 20d283a232dfd13c c5830f9d0f1e29e5 bb7515be835dea49 1dc7139adba034ec 95ecdbff44ad0b60 0bcaac840d5e66d7 e25a1da6ca187350 c28bc62802b90f82 39f6296778264878 702d8f1064ab3e30 3fa57d488e979d74 ff88049e61f0f4ef 2a06f5614060e3b6 fd30682593995748 e0269da736ddf004 bd713b37b67866c3 3986b68500d7704b
104,c5830f9d0f1e29e5 bb7515be835dea49 24e582daf6f87158 20d283a232dfd13c 1dc7139adba034ec 95ecdbff44ad0b60 c1f2e3a76d388944 bbbd5d2fd957e8f7 52370bea1acd0600 4d7653ea9499eed4 9a0f5ee4f845c9b2 0bcaac840d5e66d7 c28bc62802b90f82 702d8f1064ab3e30 3986b68500d7704b 3fa57d488e979d74 ff88049e61f0f4ef e0269da736ddf004 bd713b37b67866c3 fd30682593995748 2a06f5614060e3b6 e25a1da6ca187350 47fbe21f5c35c7b4 734dabb98795c35c 942a7d26d81c841f bd0f175ee98c613e ae94d8435a6847f4 b6d0f83aad4e4dc7 b24820ae14e16a24 622f2e4119882c94
105,24e582daf6f87158 1a8e5d6512d9e2d8 20d283a232dfd13c 395b26d91f98bd92 d0f6c00eec5eb973 f76f44d372517a9a 8faeacf8ca08f62d 83b911ff0ff45844 b29ab87af6ea6310 73f770f2643a2135 a52df8083c238c46 f9c6286cff30aaa8 66ccd03c9e03ac06 853e36b1550c6274 26fc2a95df5659c2 e878efab7c37179e 8f578001f9d5f543 bd0f175ee98c613e bc2ae5f4e5d53e00 72c2a95813ea72bd a813c15b46ceaf68 8fc68213b63951dc ec4ef2f727e7a03f 46315cf30aaee51c 3d93a60f990a0a7c 72b80b099fd64ec4 b24820ae14e16a24 a860b682add9de1c d7d937303a6d5a9d b3e75fdca5ca2f1a
106,9a0f5ee4f845c9b2 ce0f56b7190c268a 24e582daf6f87158 20d283a232dfd13c 5430097e23000368 47fbe21f5c35c7b4 52370bea1acd0600 4d7653ea9499eed4 0bcaac840d5e66d7 c28bc62802b90f82 bbbd5d2fd957e8f7 3986b68500d7704b 3fa57d488e979d74 ff88049e61f0f4ef e0269da736ddf004 bd713b37b67866c3 fd30682593995748 2a06f5614060e3b6 39f6296778264878 702d8f1064ab3e30 e7cad3748e50b0f8 0708923badf2ff5d 734dabb98795c35c 942a7d26d81c841f bd0f175ee98c613e ae94d8435a6847f4 b6d0f83aad4e4dc7 b24820ae14e16a24 cea18be9a89d7a81 4b8c7061102517ef
107,781f4d0147aef776 37001ade0df85823 2e44fbb8bc3d8d71 0c2eeab1e4ce1db8 f28fb3d9880c5d4c 016da874bd04df55 351c9da399c2b915 81bd116c786bf9ae c03b11a0cdc3fa39 0cd920bad11c716d b6cdb608f640e038 42c9b72cc77dcb28 fc8971756f9ec194 00958a140c3a6de8 120e745e2961b5d5 2bafd15871caae91 b6d0f83aad4e4dc7 cc861214a89ef1f4 b0b5e62a93a2c37c 2dd12c230ab22555 2901e5309bb3f8f6 e5fb8dc5c9cb4a19 5057551fc55e9ed2 db7342eff9200020 acae1d29289b1266 a677c3a76055a6d2 01020d1b0821f4c7 197fa50b30d91fe8 29bedd00fb2be056 90ecb28f2edb9d43
108,bc2552a642ce8497 d73a65673e3f1d78 9a0f5ee4f845c9b2 f44f74b3451aa593 87c5481930cfe126 5430097e23000368 52370bea1acd0600 4d7653ea9499eed4 0bcaac840d5e66d7 c28bc62802b90f82 702d8f1064ab3e30 3986b68500d7704b 47fbe21f5c35c7b4 ff88049e61f0f4ef e0269da736ddf004 bd713b37b67866c3 fd30682593995748 2a06f5614060e3b6 39f6296778264878 3fa57d488e979d74 0708923badf2ff5d 734dabb98795c35c 942a7d26d81c841f bd0f175ee98c613e ae94d8435a6847f4 b6d0f83aad4e4dc7 b24820ae14e16a24 622f2e4119882c94 bbbd5d2fd957e8f7 af8e70f978cd5aee
109,8699cc5dd4159b69 f25bfcffedaccf28 e4a7a996ed6a5a81 bd0f175ee98c613e 8643165b0f53df11 d257d1fbcf43abd5 07f22a7ad7e4711d e7cad3748e50b0f8 e8684734f2e587bd 5430097e23000368 dc12cc503ac0eddb 3a6e7894dde31c67 4d7653ea9499eed4 9a0f5ee4f845c9b2 0bcaac840d5e66d7 c28bc62802b90f82 702d8f1064ab3e30 ae94d8435a6847f4 942a7d26d81c841f 3fa57d488e979d74 ff88049e61f0f4ef e0269da736ddf004 bd713b37b67866c3 fd30682593995748 2a06f5614060e3b6 39f6296778264878 3986b68500d7704b b6d0f83aad4e4dc7 b24820ae14e16a24 47fbe21f5c35c7b4
110,e8b87ed7db1bcb1f c11b97f245a9dfd0 5430097e23000368 3a6e7894dde31c67 4d7653ea9499eed4 9a0f5ee4f845c9b2 0bcaac840d5e66d7 c28bc62802b90f82 702d8f1064ab3e30 f58ff7f1a6cde683 3fa57d488e979d74 ff88049e61f0f4ef e0269da736ddf004 bd713b37b67866c3 fd30682593995748 2a06f5614060e3b6 39f6296778264878 e25a1da6ca187350 c31a456b544a40a8 3986b68500d7704b 734dabb98795c35c 942a7d26d81c841f bd0f175ee98c613e ae94d8435a6847f4 b6d0f83aad4e4dc7 b24820ae14e16a24 622f2e4119882c94 4b8c7061102517ef 52370bea1acd0600 5ebb4d2f5f1c1f13
111,8e0760918e88e4a9 8fc68213b63951dc a813c15b46ceaf68 24e582daf6f87158 f46601a9955f9949 796888cc3443006c 393f49286db04aeb 0db6584e3bdfa1c4 59bf6d6df9146d60 5fb2d8e734956af0 942a7d26d81c841f 73391e0853c1e040 d6ed7e4b14c51296 daa257a37227cd72 976baf0e84752a68 f76f44d372517a9a 3734d3b0b9232538 8faeacf8ca08f62d 7ee52d2519eea367 83b911ff0ff45844 b29ab87af6ea6310 a52df8083c238c46 73f770f2643a2135 f9c6286cff30aaa8 66ccd03c9e03ac06 e878efab7c37179e 8f578001f9d5f543 853e36b1550c6274 26fc2a95df5659c2 bd0f175ee98c613e
112,da7d3c2d591c4295 8e0760918e88e4a9 a677c3a76055a6d2 0db6584e3bdfa1c4 393f49286db04aeb abf90e759d208468 20d283a232dfd13c 6c017e548aa138f2 acae1d29289b1266 07f22a7ad7e4711d e7cad3748e50b0f8 a14394322cf7043d 3734d3b0b9232538 6a9aa1bd93e36e66 ecb768ef6fd223ca a292248bb2bffb3d daa257a37227cd72 9100ea6cd0e084bf 7ee52d2519eea367 1d72229ebcc00faf 3a6e7894dde31c67 3fa57d488e979d74 3986b68500d7704b ff88049e61f0f4ef e0269da736ddf004 39f6296778264878 2a06f5614060e3b6 bd713b37b67866c3 fd30682593995748 702d8f1064ab3e30
113,5879096a38d69fc5 5430097e23000368 bc2552a642ce8497 c5830f9d0f1e29e5 bb7515be835dea49 1dc7139adba034ec 95ecdbff44ad0b60 589ef345cb2dccfc 3a6e7894dde31c67 52370bea1acd0600 4d7653ea9499eed4 9a0f5ee4f845c9b2 0bcaac840d5e66d7 c28bc62802b90f82 3986b68500d7704b 3fa57d488e979d74 ff88049e61f0f4ef e0269da736ddf004 bd713b37b67866c3 fd30682593995748 2a06f5614060e3b6 e25a1da6ca187350 702d8f1064ab3e30 942a7d26d81c841f bd0f175ee98c613e ae94d8435a6847f4 b6d0f83aad4e4dc7 b24820ae14e16a24 622f2e4119882c94 4b8c7061102517ef
114,b0b5e62a93a2c37c 2e44fbb8bc3d8d71 0c2eeab1e4ce1db8 f28fb3d9880c5d4c 351c9da399c2b915 016da874bd04df55 cba7e22bb383083a 9f27aa36c1ea793c 42c9b72cc77dcb28 fc8971756f9ec194 120e745e2961b5d5 2bafd15871caae91 37001ade0df85823 2dd12c230ab22555 a677c3a76055a6d2 acf5cb026b3c4551 5430097e23000368 0bcaac840d5e66d7 9a0f5ee4f845c9b2 c28bc62802b90f82 702d8f1064ab3e30 4d7653ea9499eed4 3fa57d488e979d74 ff88049e61f0f4ef e0269da736ddf004 bd713b37b67866c3 2a06f5614060e3b6 3986b68500d7704b ae94d8435a6847f4 b6d0f83aad4e4dc7
115,ce8cb4351b8c0f6e 04886579947a80c2 7f29daa16b9b4cda 9ab90dfc5c9b0b37 5430097e23000368 6899956cd6c683f0 47fbe21f5c35c7b4 52370bea1acd0600 4d7653ea9499eed4 9a0f5ee4f845c9b2 0bcaac840d5e66d7 bbbd5d2fd957e8f7 702d8f1064ab3e30 3986b68500d7704b 3fa57d488e979d74 ff88049e61f0f4ef e0269da736ddf004 bd713b37b67866c3 fd30682593995748 2a06f5614060e3b6 c28bc62802b90f82 e7cad3748e50b0f8 0708923badf2ff5d 734dabb98795c35c 942a7d26d81c841f bd0f175ee98c613e ae94d8435a6847f4 b6d0f83aad4e4dc7 b24820ae14e16a24 cea18be9a89d7a81
116,b05b5f6850cfa158 97d696011258825c 99e833818ec4bbf2 eff60ceea8817dad 419b5dc40744fb9b d16da1fb61813db9 3e8e56f639a5db5b 88b62355670ec8f8 f209d29f991432f0 edc79e57b20e9036 855f2f0354e102c7 cc0c9419f8a20603 e25a1da6ca187350 4b05967001421eab fa173131f15f5534 39f6296778264878 d64c06baf5ef1c90 74244a8703c03720 01ecc81f6341e902 36d33c41812ce7dc c810ac016901e8ac 589ef345cb2dccfc ffa9091747ae2466 c606425856952286 4c3802a1bd3c842e 27a12f29dceccdbd 9a439fd1abf95245 bc27d5dc9bab1c18 18b1d2d84c97a364 939a1f686ea36c05
117,19e8f436d4b2fc25 9fda36f260eec24e 83b911ff0ff45844 e1460af4a7044067 b24820ae14e16a24 72b80b099fd64ec4 cc507a0d6fcf4a1c 4dba7ce835494a63 172bc0ee09332ae9 bfb8032f2183d471 e403278468d84383 d5952b2e031c4e7e ca4de5b8a7bda9df 54a11cbcd7a32af4 922e625fae98b3b9 c5830f9d0f1e29e5 bb7515be835dea49 1dc7139adba034ec 95ecdbff44ad0b60 3fa57d488e979d74 3986b68500d7704b ff88049e61f0f4ef e0269da736ddf004 bd713b37b67866c3 fd30682593995748 702d8f1064ab3e30 2a06f5614060e3b6 c28bc62802b90f82 39f6296778264878 ae94d8435a6847f4
118,db7342eff9200020 0fbd0f422e926816 d35e11d3d1ab3c67 0d0368139e9a647f 4f31209941bb05fc 4522ad78bf79f0c9 00140806971e7a73 898a4921ab9f4cce 5b34da30b93eb123 72403ecdfe02bba6 b749972436ac9791 05f23e7d05dbf7c2 d46598813fb437e5 387e9cd2e5d4ea7d 73391e0853c1e040 ffc688c4c1c2a068 74e59c5820900b17 dac29ed8400b50cc 5a1149fbcbd37376 46b99f864d6a075a 65254e0d209fd66e 0eafda717681bbdc c08c3765ac609cc0 a9eef13786610446 f705b637f624147e b6d0f83aad4e4dc7 cc861214a89ef1f4 54f55c74d37db3c0 4d417b203b333363 622f2e4119882c94
119,ffc688c4c1c2a068 dac29ed8400b50cc 74e59c5820900b17 a9eef13786610446 c08c3765ac609cc0 f705b637f624147e 4d417b203b333363 2359719a0f40ffac 65254e0d209fd66e 0eafda717681bbdc 005666aa098abe8e 54f55c74d37db3c0 622f2e4119882c94 6d80d2e62d01f6bc 44d324ebd3e22ad7 70776cdd9bb3b7d4 1d0f5fdc58e3efb5 d35e11d3d1ab3c67 0d0368139e9a647f 5430097e23000368 4522ad78bf79f0c9 00140806971e7a73 db7342eff9200020 5b34da30b93eb123 05f23e7d05dbf7c2 b749972436ac9791 72403ecdfe02bba6 b78189788d563693 0897dcfae16e280f 0fbd0f422e926816
120,b84b6c0b2e4d0306 b05b5f6850cfa158 edc79e57b20e9036 99e833818ec4bbf2 8faeacf8ca08f62d 9c9ebf71707d7a37 f9c6286cff30aaa8 97d696011258825c 8f578001f9d5f543 26fc2a95df5659c2 e878efab7c37179e 853e36b1550c6274 bd0f175ee98c613e bc2ae5f4e5d53e00 72c2a95813ea72bd 8fc68213b63951dc a813c15b46ceaf68 0eedb1a0d3b8ddae 72b80b099fd64ec4 b24820ae14e16a24 d7d937303a6d5a9d 01e5a6edcee7deb0 bed3e73d52011f68 81b639b74256b45b e22c35101e190db9 095bb1b6ecbd0a50 b3e75fdca5ca2f1a 4d32dae7b43c489a a860b682add9de1c 8d58da0e1800dc96
121,c5830f9d0f1e29e5 bb7515be835dea49 5430097e23000368 5057551fc55e9ed2 393f49286db04aeb 0db6584e3bdfa1c4 abf90e759d208468 20d283a232dfd13c 6c017e548aa138f2 8a5635c748344d47 939a1f686ea36c05 60a070db9f1869b5 ec1b3d7ccd3984d0 9269d2b0d877352d 42bb83d7c4b9ecae acae1d29289b1266 07f22a7ad7e4711d 0a79fabc6f5d93c9 5c8c6d9a1fd4c1e0 e7cad3748e50b0f8 a14394322cf7043d 3734d3b0b9232538 6a9aa1bd93e36e66 b05b5f6850cfa158 ecb768ef6fd223ca a292248bb2bffb3d daa257a37227cd72 9100ea6cd0e084bf e8684734f2e587bd 2cebd52b41930f0a
122,e8684734f2e587bd c5830f9d0f1e29e5 bb7515be835dea49 5430097e23000368 1dc7139adba034ec 95ecdbff44ad0b60 47fbe21f5c35c7b4 4d7653ea9499eed4 9a0f5ee4f845c9b2 0bcaac840d5e66d7 c28bc62802b90f82 702d8f1064ab3e30 3986b68500d7704b 3fa57d488e979d74 ff88049e61f0f4ef e0269da736ddf004 bd713b37b67866c3 fd30682593995748 2a06f5614060e3b6 39f6296778264878 c31a456b544a40a8 52370bea1acd0600 734dabb98795c35c 942a7d26d81c841f bd0f175ee98c613e ae94d8435a6847f4 b6d0f83aad4e4dc7 b24820ae14e16a24 622f2e4119882c94 4b8c7061102517ef
123,e8684734f2e587bd c5830f9d0f1e29e5 bb7515be835dea49 1dc7139adba034ec 95ecdbff44ad0b60 47fbe21f5c35c7b4 52370bea1acd0600 4d7653ea9499eed4 9a0f5ee4f845c9b2 0bcaac840d5e66d7 c28bc62802b90f82 702d8f1064ab3e30 bbbd5d2fd957e8f7 3fa57d488e979d74 ff88049e61f0f4ef e0269da736ddf004 bd713b37b67866c3 fd30682593995748 2a06f5614060e3b6 e25a1da6ca187350 3986b68500d7704b 0708923badf2ff5d 734dabb98795c35c 942a7d26d81c841f bd0f175ee98c613e ae94d8435a6847f4 b6d0f83aad4e4dc7 b24820ae14e16a24 622f2e4119882c94 39f6296778264878
124,37001ade0df85823 5430097e23000368 ec1b3d7ccd3984d0 8a5635c748344d47 939a1f686ea36c05 60a070db9f1869b5 9269d2b0d877352d 42bb83d7c4b9ecae c03b11a0cdc3fa39 0a79fabc6f5d93c9 0cd920bad11c716d 5c8c6d9a1fd4c1e0 9fbffc521da97c54 83f8f2fc471cad74 b6cdb608f640e038 00958a140c3a6de8 b05b5f6850cfa158 d64c06baf5ef1c90 c015590d6a6fe833 2cebd52b41930f0a f44f74b3451aa593 c810ac016901e8ac 36d33c41812ce7dc 4c3802a1bd3c842e b6e646c13d0753ae 27a12f29dceccdbd 9a439fd1abf95245 bc27d5dc9bab1c18 18b1d2d84c97a364 0eb4de784c8dd679
125,520ec719078be07c 59c231f8fd21260c b6e72edcad270be0 636224e349e561bf e6a29676c096f8e8 0e45c4c185f35df6 a292248bb2bffb3d 5c4b7558c942a224 9a0f5ee4f845c9b2 5430097e23000368 bd713b37b67866c3 e0269da736ddf004 fd30682593995748 ff88049e61f0f4ef 3fa57d488e979d74 3986b68500d7704b 2a06f5614060e3b6 702d8f1064ab3e30 c28bc62802b90f82 0bcaac840d5e66d7 39f6296778264878 4d7653ea9499eed4 e25a1da6ca187350 734dabb98795c35c 942a7d26d81c841f bd0f175ee98c613e ae94d8435a6847f4 b6d0f83aad4e4dc7 b24820ae14e16a24 622f2e4119882c94
126,45bd99d5d2eef776 5430097e23000368 3b6d27775fce1c7b a2c35fdf07a13286 4d9214c0925e5af8 9c9a9d45c2ea7ddf 133b04350c75770b c143c095983a65c2 f105a53e5cfae611 26140b225c4f8d3f e25a1da6ca187350 4d7653ea9499eed4 9a0f5ee4f845c9b2 0bcaac840d5e66d7 c28bc62802b90f82 702d8f1064ab3e30 3986b68500d7704b 39f6296778264878 3fa57d488e979d74 ff88049e61f0f4ef e0269da736ddf004 bd713b37b67866c3 fd30682593995748 2a06f5614060e3b6 c31a456b544a40a8 942a7d26d81c841f bd0f175ee98c613e ae94d8435a6847f4 b6d0f83aad4e4dc7 b24820ae14e16a24
127,fd57e641d06ebda7 013030fd7d29bf3d 4f915ad69e1dca36 c143c095983a65c2 65254e0d209fd66e 4535ce2e3dced00f acf5cb026b3c4551 c03b11a0cdc3fa39 50806199c80e215c f44f74b3451aa593 87c5481930cfe126 bbbd5d2fd957e8f7 52370bea1acd0600 4d7653ea9499eed4 9a0f5ee4f845c9b2 0bcaac840d5e66d7 c28bc62802b90f82 702d8f1064ab3e30 3986b68500d7704b 3fa57d488e979d74 ff88049e61f0f4ef 366a22fce0614fb8 e0269da736ddf004 bd713b37b67866c3 fd30682593995748 2a06f5614060e3b6 47fbe21f5c35c7b4 942a7d26d81c841f bd0f175ee98c613e ae94d8435a6847f4
128,ddf332f2b55a2a23 a017f3358d5327aa 5430097e23000368 0897dcfae16e280f 24e582daf6f87158 20d283a232dfd13c b6d0f83aad4e4dc7 acf5cb026b3c4551 b749972436ac9791 5b34da30b93eb123 05f23e7d05dbf7c2 72403ecdfe02bba6 c08c3765ac609cc0 f705b637f624147e a9eef13786610446 387e9cd2e5d4ea7d 54f55c74d37db3c0 622f2e4119882c94 2359719a0f40ffac b69ce8b8154645f8 5a1149fbcbd37376 fc16a50ff0baec53 0fbd0f422e926816 5989fb934598c1a7 ffc688c4c1c2a068 dac29ed8400b50cc 74e59c5820900b17 46b99f864d6a075a f2234bb7ce0c6f59 6899956cd6c683f0
129,e8684734f2e587bd b26d8664feb18c8c 0f33ce8d8014f308 999a52f1d301247c 3b6d27775fce1c7b f76f44d372517a9a acae1d29289b1266 a14394322cf7043d 5430097e23000368 fc16a50ff0baec53 d63b7f083330247f 4535ce2e3dced00f 8faeacf8ca08f62d 83b911ff0ff45844 b29ab87af6ea6310 73f770f2643a2135 a52df8083c238c46 f9c6286cff30aaa8 66ccd03c9e03ac06 e878efab7c37179e 26fc2a95df5659c2 853e36b1550c6274 8f578001f9d5f543 bd0f175ee98c613e bc2ae5f4e5d53e00 72c2a95813ea72bd 8fc68213b63951dc a813c15b46ceaf68 46315cf30aaee51c ec4ef2f727e7a03f
130,8dc313a2cf9da354 d5952b2e031c4e7e b50b4e27b03c7b37 0eb4de784c8dd679 ec4ef2f727e7a03f 46315cf30aaee51c 3d93a60f990a0a7c bf3ccaba4a3450a8 a04d6febd82a4389 1f4f62844c3cb99c 025a148c3a53bd9f 0688c790d5806540 047769588be1aea9 430feb4826a5632e 65d44c6393907290 2810fb6f81d1711c b0bfe0f426275870 90ecb28f2edb9d43 bd713b37b67866c3 64b31699d7d15934 b78189788d563693 781aaf62a955e4e8 8f578001f9d5f543 e878efab7c37179e 853e36b1550c6274 26fc2a95df5659c2 20d283a232dfd13c 6c017e548aa138f2 016da874bd04df55 351c9da399c2b915
131,4d7653ea9499eed4 d64c06baf5ef1c90 f28fb3d9880c5d4c 0c2eeab1e4ce1db8 36d33c41812ce7dc c810ac016901e8ac 27a12f29dceccdbd bc27d5dc9bab1c18 18b1d2d84c97a364 b50b4e27b03c7b37 7cea1f637ea3f37d 2820628e65a062e2 8b7c486a910dd004 22e8d6734e4121ae 00d9f8d3f7d412b3 120e745e2961b5d5 055d895a3b26e466 64267373570e4ea3 83f8aca6ee2caabc d72363ddd958d906 316382267dcd804f 00ff646ca6637bd7 0cd920bad11c716d 1ba7a50457e93996 00af886180e9eaec cba7e22bb383083a 976baf0e84752a68 f44f74b3451aa593 190ab585fd379f0f 87c5481930cfe126
132,e8684734f2e587bd 4f915ad69e1dca36 c143c095983a65c2 4535ce2e3dced00f c49d8f84a4f87f8a 4d7653ea9499eed4 07d688f5e2142b87 e461837f0fb35048 8700059e85433b32 6aefb6531736648a 3734d3b0b9232538 c5830f9d0f1e29e5 3a6e7894dde31c67 bb7515be835dea49 1dc7139adba034ec 95ecdbff44ad0b60 b24820ae14e16a24 39f6296778264878 2a06f5614060e3b6 fd30682593995748 bd713b37b67866c3 e0269da736ddf004 ff88049e61f0f4ef 622f2e4119882c94 3fa57d488e979d74 3986b68500d7704b 702d8f1064ab3e30 c28bc62802b90f82 0bcaac840d5e66d7 9a0f5ee4f845c9b2
133,ec4ef2f727e7a03f 46315cf30aaee51c 3d93a60f990a0a7c 9f4e0d572b1f4e6c a04d6febd82a4389 1f4f62844c3cb99c 025a148c3a53bd9f 0688c790d5806540 047769588be1aea9 6a3919ad9ed8197e b78189788d563693 ecb768ef6fd223ca 8f578001f9d5f543 853e36b1550c6274 26fc2a95df5659c2 e878efab7c37179e 351c9da399c2b915 016da874bd04df55 5b16bae6a0de7c88 8dc313a2cf9da354 d6bbbd6c4968075a 4c3802a1bd3c842e 74244a8703c03720 27a12f29dceccdbd c606425856952286 4d9214c0925e5af8 430feb4826a5632e 0eb4de784c8dd679 4105533fe46dfba9 4c0eee2c1a5e76e2
134,447fc00f40d71d08 3c565c1fc2316d16 8566d15270eb5e83 3b4a85bac6ead3c8 47fbe21f5c35c7b4 52370bea1acd0600 4d7653ea9499eed4 9a0f5ee4f845c9b2 0bcaac840d5e66d7 bbbd5d2fd957e8f7 702d8f1064ab3e30 3986b68500d7704b 3fa57d488e979d74 ff88049e61f0f4ef e0269da736ddf004 bd713b37b67866c3 fd30682593995748 2a06f5614060e3b6 39f6296778264878 c28bc62802b90f82 e7cad3748e50b0f8 0708923badf2ff5d 734dabb98795c35c 942a7d26d81c841f bd0f175ee98c613e ae94d8435a6847f4 b6d0f83aad4e4dc7 b24820ae14e16a24 5fb2d8e734956af0 4b8c7061102517ef
135,4d7653ea9499eed4 95d25d38ba7df9c7 3cb6b40d377e7ca8 b6d0f83aad4e4dc7 cc861214a89ef1f4 0708923badf2ff5d 2901e5309bb3f8f6 5430097e23000368 e5fb8dc5c9cb4a19 db7342eff9200020 25145708d494530b 6204e398d8c7f888 acae1d29289b1266 01020d1b0821f4c7 589ef345cb2dccfc 197fa50b30d91fe8 29bedd00fb2be056 24e582daf6f87158 ae94d8435a6847f4 cea18be9a89d7a81 19e8f436d4b2fc25 9fda36f260eec24e f58ff7f1a6cde683 8699cc5dd4159b69 90ecb28f2edb9d43 bd713b37b67866c3 64b31699d7d15934 1c3b74a02a86467d 01b3da54ffb158a0 8a5635c748344d47
136,e25a1da6ca187350 855f2f0354e102c7 01ecc81f6341e902 48a76e3aff69d605 5430097e23000368 2394b08708475900 2e79d45ba4d1540d 9f3d2ca16f358290 f2e30efbd27bee51 47fbe21f5c35c7b4 8faeacf8ca08f62d 0708923badf2ff5d f9c6286cff30aaa8 5b4c879fc9c316fb e4a7a996ed6a5a81 853e36b1550c6274 e878efab7c37179e 8f578001f9d5f543 26fc2a95df5659c2 bd0f175ee98c613e bc2ae5f4e5d53e00 4d9214c0925e5af8 72c2a95813ea72bd 8fc68213b63951dc a813c15b46ceaf68 702d8f1064ab3e30 b24820ae14e16a24 72b80b099fd64ec4 01e5a6edcee7deb0 e22c35101e190db9
137,e6a29676c096f8e8 636224e349e561bf 5c4b7558c942a224 520ec719078be07c 59c231f8fd21260c b6e72edcad270be0 0e45c4c185f35df6 ca43e349133fc0e3 a292248bb2bffb3d f49e13a653cbdad2 22dc81380cf4baec b1e47da7659b675c 48a76e3aff69d605 9113e9dc940fb287 f1a3b8b13e9401c0 155600e5f1221f8c d63b7f083330247f 0a49074a4158155b 3a6e7894dde31c67 7cea1f637ea3f37d 4d29c6922b2d0d56 61ba7707ef6a5a99 2820628e65a062e2 aa967ad3c1f65a29 120e745e2961b5d5 6461a9faa871b3ac ecb768ef6fd223ca c49d8f84a4f87f8a 190ab585fd379f0f 24e582daf6f87158
138,dac29ed8400b50cc 74e59c5820900b17 ffc688c4c1c2a068 65254e0d209fd66e 0eafda717681bbdc c08c3765ac609cc0 a9eef13786610446 f705b637f624147e 54f55c74d37db3c0 4d417b203b333363 622f2e4119882c94 2359719a0f40ffac 6d80d2e62d01f6bc 44d324ebd3e22ad7 5430097e23000368 005666aa098abe8e 70776cdd9bb3b7d4 e25a1da6ca187350 ae94d8435a6847f4 b6d0f83aad4e4dc7 39f6296778264878 2a06f5614060e3b6 b24820ae14e16a24 4b8c7061102517ef af8e70f978cd5aee 5ebb4d2f5f1c1f13 fd30682593995748 bd713b37b67866c3 00140806971e7a73 9c9a9d45c2ea7ddf
139,19b4014943e0ad92 d216e5458ad70e60 96445bec1579ec97 96e82fa141db9a4b f29eee8054c061e1 62431fd374eb99fb 07f22a7ad7e4711d 069e7e25e43deab3 6a9aa1bd93e36e66 e8ad5e31484ef889 1d72229ebcc00faf aa0789b403bcd839 c5830f9d0f1e29e5 bb7515be835dea49 1dc7139adba034ec 95ecdbff44ad0b60 0bcaac840d5e66d7 9a0f5ee4f845c9b2 4d7653ea9499eed4 c28bc62802b90f82 702d8f1064ab3e30 3fa57d488e979d74 ff88049e61f0f4ef e0269da736ddf004 bd713b37b67866c3 fd30682593995748 2a06f5614060e3b6 3986b68500d7704b ae94d8435a6847f4 b6d0f83aad4e4dc7
140,ce0f56b7190c268a 1398b478b71773ed 5570ef88d970e9b4 3e66b4855d0dddbe bf973f9ec3600199 07be6a290720707d 680bb5c5c3bb6ee1 a853f13216170123 83f8f2fc471cad74 9fbffc521da97c54 4b29fc21f912754d 8dedff0a79784abc c015590d6a6fe833 e8ad5e31484ef889 b6e646c13d0753ae 63d509cd2a2e0e47 5430097e23000368 3a6e7894dde31c67 6899956cd6c683f0 b6d0f83aad4e4dc7 4d7653ea9499eed4 366a22fce0614fb8 00e1e2eb13f650e4 9a0f5ee4f845c9b2 0bcaac840d5e66d7 c28bc62802b90f82 52370bea1acd0600 3986b68500d7704b 3fa57d488e979d74 ff88049e61f0f4ef
141,0fbd0f422e926816 5430097e23000368 e8b87ed7db1bcb1f 0d0368139e9a647f d35e11d3d1ab3c67 4522ad78bf79f0c9 00140806971e7a73 db7342eff9200020 05f23e7d05dbf7c2 b749972436ac9791 5b34da30b93eb123 72403ecdfe02bba6 d46598813fb437e5 c11b97f245a9dfd0 387e9cd2e5d4ea7d 73391e0853c1e040 5a1149fbcbd37376 24e582daf6f87158 46b99f864d6a075a 20d283a232dfd13c c5830f9d0f1e29e5 9d5edf3b993fee50 bb7515be835dea49 1dc7139adba034ec 95ecdbff44ad0b60 ff88049e61f0f4ef e0269da736ddf004 bd713b37b67866c3 3fa57d488e979d74 fd30682593995748
142,f76f44d372517a9a 46315cf30aaee51c 3d93a60f990a0a7c ec4ef2f727e7a03f 025a148c3a53bd9f 1f4f62844c3cb99c 20d283a232dfd13c c5830f9d0f1e29e5 4c3802a1bd3c842e bb7515be835dea49 8faeacf8ca08f62d 430feb4826a5632e 95ecdbff44ad0b60 589ef345cb2dccfc 83b911ff0ff45844 b29ab87af6ea6310 a52df8083c238c46 73f770f2643a2135 f9c6286cff30aaa8 66ccd03c9e03ac06 e878efab7c37179e 26fc2a95df5659c2 8f578001f9d5f543 853e36b1550c6274 bd0f175ee98c613e 2810fb6f81d1711c bc2ae5f4e5d53e00 72c2a95813ea72bd 24e582daf6f87158 a813c15b46ceaf68
143,e403278468d84383 db7342eff9200020 73391e0853c1e040 22756be6fd061d4c 09bbaa171c20bae3 24e582daf6f87158 f46601a9955f9949 27bc34b9887bec0d 0fbd0f422e926816 796888cc3443006c a813c15b46ceaf68 8fc68213b63951dc 393f49286db04aeb 0db6584e3bdfa1c4 0d0368139e9a647f d35e11d3d1ab3c67 59bf6d6df9146d60 4522ad78bf79f0c9 5fb2d8e734956af0 00140806971e7a73 942a7d26d81c841f 047769588be1aea9 b6d0f83aad4e4dc7 cc861214a89ef1f4 5b34da30b93eb123 05f23e7d05dbf7c2 b749972436ac9791 72403ecdfe02bba6 d46598813fb437e5 387e9cd2e5d4ea7d
144,155600e5f1221f8c 7cea1f637ea3f37d 4d29c6922b2d0d56 61ba7707ef6a5a99 2820628e65a062e2 120e745e2961b5d5 6461a9faa871b3ac ecb768ef6fd223ca 190ab585fd379f0f 8dc313a2cf9da354 acf5cb026b3c4551 4c3802a1bd3c842e f76f44d372517a9a b50b4e27b03c7b37 d64c06baf5ef1c90 8faeacf8ca08f62d 0b774cf90856c4da 36d33c41812ce7dc c810ac016901e8ac 83b911ff0ff45844 a52df8083c238c46 73f770f2643a2135 b29ab87af6ea6310 f9c6286cff30aaa8 66ccd03c9e03ac06 27a12f29dceccdbd 26fc2a95df5659c2 8f578001f9d5f543 853e36b1550c6274 e878efab7c37179e
145,0683b6a78f54be75 d257d1fbcf43abd5 35488b3b8b781278 d92c0298f76ccf77 1d0f5fdc58e3efb5 2e79d45ba4d1540d f2e30efbd27bee51 47fbe21f5c35c7b4 b78189788d563693 3734d3b0b9232538 9f3d2ca16f358290 047769588be1aea9 666bdff4faa513ca 3a6e7894dde31c67 5430097e23000368 6899956cd6c683f0 fd30682593995748 bd713b37b67866c3 942a7d26d81c841f ae94d8435a6847f4 e0269da736ddf004 ff88049e61f0f4ef 3fa57d488e979d74 3986b68500d7704b b6d0f83aad4e4dc7 b24820ae14e16a24 622f2e4119882c94 702d8f1064ab3e30 c28bc62802b90f82 9a0f5ee4f845c9b2
146,d92c0298f76ccf77 65fac1ba1840000f 3fa57d488e979d74 c6b615b2589e036d 1ba7a50457e93996 d257d1fbcf43abd5 0683b6a78f54be75 5430097e23000368 35488b3b8b781278 1d0f5fdc58e3efb5 3734d3b0b9232538 83f8f2fc471cad74 9fbffc521da97c54 49b5678e0d1e5bcd b78189788d563693 c015590d6a6fe833 8699cc5dd4159b69 f25bfcffedaccf28 e4a7a996ed6a5a81 5d26da95786b3a3a bd0f175ee98c613e 2b48ab08c915c0ad 42a5cae2a3a45557 b6e646c13d0753ae 9b0e8cf8153e3b33 238ec735a13a3f09 4d9214c0925e5af8 8643165b0f53df11 7e4a4a1300b77a06 db0e648651f4c92b
147,ae94d8435a6847f4 24e582daf6f87158 bf973f9ec3600199 520ec719078be07c 20d283a232dfd13c a0566ca9daca7778 b6e72edcad270be0 587e0b2a4811fab1 3b4a85bac6ead3c8 e403278468d84383 da011b87595c1019 0e45c4c185f35df6 8dedff0a79784abc a292248bb2bffb3d 22756be6fd061d4c 58654e3143c6550b 2e031d83339759b2 dc12cc503ac0eddb 0bcaac840d5e66d7 c28bc62802b90f82 702d8f1064ab3e30 3986b68500d7704b 3fa57d488e979d74 e0269da736ddf004 bd713b37b67866c3 fd30682593995748 00e1e2eb13f650e4 b6d0f83aad4e4dc7 2a06f5614060e3b6 ff88049e61f0f4ef
148,10ad13170242ecae 4a5ac473c9d176ba e7dd56376be2cf1c 047769588be1aea9 47fbe21f5c35c7b4 4d7653ea9499eed4 9a0f5ee4f845c9b2 0bcaac840d5e66d7 c28bc62802b90f82 702d8f1064ab3e30 3986b68500d7704b 3fa57d488e979d74 ff88049e61f0f4ef e0269da736ddf004 bd713b37b67866c3 fd30682593995748 2a06f5614060e3b6 39f6296778264878 e25a1da6ca187350 52370bea1acd0600 0708923badf2ff5d 734dabb98795c35c 942a7d26d81c841f bd0f175ee98c613e ae94d8435a6847f4 b6d0f83aad4e4dc7 b24820ae14e16a24 622f2e4119882c94 bbbd5d2fd957e8f7 af8e70f978cd5aee
149,97d696011258825c 99e833818ec4bbf2 eff60ceea8817dad 419b5dc40744fb9b d16da1fb61813db9 3e8e56f639a5db5b db0e648651f4c92b 0c15f252d30646fc b05b5f6850cfa158 f209d29f991432f0 edc79e57b20e9036 cc0c9419f8a20603 9c9ebf71707d7a37 88b62355670ec8f8 0220a434aa8bf029 0add47a043c64d7f 4b05967001421eab fa173131f15f5534 49b5678e0d1e5bcd aa0789b403bcd839 c5830f9d0f1e29e5 bb7515be835dea49 1dc7139adba034ec 95ecdbff44ad0b60 52370bea1acd0600 4d7653ea9499eed4 bd0f175ee98c613e 9a0f5ee4f845c9b2 47fbe21f5c35c7b4 c28bc62802b90f82
150,45630e1451157ff3 0bcaac840d5e66d7 c5830f9d0f1e29e5 bb7515be835dea49 5430097e23000368 1dc7139adba034ec 95ecdbff44ad0b60 bbbd5d2fd957e8f7 52370bea1acd0600 4d7653ea9499eed4 9a0f5ee4f845c9b2 c28bc62802b90f82 702d8f1064ab3e30 3986b68500d7704b 3fa57d488e979d74 ff88049e61f0f4ef e0269da736ddf004 bd713b37b67866c3 fd30682593995748 39f6296778264878 47fbe21f5c35c7b4 0708923badf2ff5d 734dabb98795c35c 942a7d26d81c841f bd0f175ee98c613e ae94d8435a6847f4 b6d0f83aad4e4dc7 b24820ae14e16a24 622f2e4119882c94 2a06f5614060e3b6
151,4f915ad69e1dca36 c143c095983a65c2 4535ce2e3dced00f 5430097e23000368 c49d8f84a4f87f8a f44f74b3451aa593 87c5481930cfe126 3a6e7894dde31c67 52370bea1acd0600 4d7653ea9499eed4 9a0f5ee4f845c9b2 0bcaac840d5e66d7 c31a456b544a40a8 c28bc62802b90f82 702d8f1064ab3e30 3fa57d488e979d74 ff88049e61f0f4ef e0269da736ddf004 bd713b37b67866c3 fd30682593995748 2a06f5614060e3b6 39f6296778264878 3986b68500d7704b 942a7d26d81c841f bd0f175ee98c613e ae94d8435a6847f4 b6d0f83aad4e4dc7 b24820ae14e16a24 622f2e4119882c94 4b8c7061102517ef
152,6899956cd6c683f0 c5830f9d0f1e29e5 bb7515be835dea49 f76f44d372517a9a 0a79fabc6f5d93c9 2e4b00c01d58e79e 5c8c6d9a1fd4c1e0 7c98dedd223b36c0 95ecdbff44ad0b60 1dc7139adba034ec 25145708d494530b 6204e398d8c7f888 8faeacf8ca08f62d 2810fb6f81d1711c 83b911ff0ff45844 b29ab87af6ea6310 73f770f2643a2135 a52df8083c238c46 f9c6286cff30aaa8 f46601a9955f9949 66ccd03c9e03ac06 853e36b1550c6274 e878efab7c37179e 8f578001f9d5f543 26fc2a95df5659c2 bd0f175ee98c613e c36c2dce0e6e434f d9885881381fd10a 39075e303166355e bd9cd6b87a4fe0ce
153,24e582daf6f87158 01020d1b0821f4c7 8fc68213b63951dc a813c15b46ceaf68 f76f44d372517a9a b6d0f83aad4e4dc7 cc861214a89ef1f4 5430097e23000368 2901e5309bb3f8f6 e5fb8dc5c9cb4a19 8faeacf8ca08f62d db7342eff9200020 acae1d29289b1266 f46601a9955f9949 197fa50b30d91fe8 83b911ff0ff45844 29bedd00fb2be056 b29ab87af6ea6310 73f770f2643a2135 a52df8083c238c46 f9c6286cff30aaa8 66ccd03c9e03ac06 e878efab7c37179e 853e36b1550c6274 8f578001f9d5f543 26fc2a95df5659c2 bd0f175ee98c613e bc2ae5f4e5d53e00 796888cc3443006c 72c2a95813ea72bd
154,0897dcfae16e280f ddf332f2b55a2a23 3734d3b0b9232538 83f8f2fc471cad74 9fbffc521da97c54 c015590d6a6fe833 5d26da95786b3a3a b6e646c13d0753ae 9b0e8cf8153e3b33 f44f74b3451aa593 87c5481930cfe126 6899956cd6c683f0 cea18be9a89d7a81 47fbe21f5c35c7b4 52370bea1acd0600 4d7653ea9499eed4 9a0f5ee4f845c9b2 0bcaac840d5e66d7 366a22fce0614fb8 c28bc62802b90f82 702d8f1064ab3e30 3986b68500d7704b 3fa57d488e979d74 ff88049e61f0f4ef 00e1e2eb13f650e4 e0269da736ddf004 0772e3ab293a1f30 bbbd5d2fd957e8f7 942a7d26d81c841f bd0f175ee98c613e
155,db7342eff9200020 b6d0f83aad4e4dc7 cc861214a89ef1f4 2901e5309bb3f8f6 e5fb8dc5c9cb4a19 acae1d29289b1266 ffc688c4c1c2a068 dac29ed8400b50cc 74e59c5820900b17 01020d1b0821f4c7 5430097e23000368 197fa50b30d91fe8 f705b637f624147e c08c3765ac609cc0 a9eef13786610446 29bedd00fb2be056 4d417b203b333363 2359719a0f40ffac 005666aa098abe8e 70776cdd9bb3b7d4 d35e11d3d1ab3c67 0d0368139e9a647f 4522ad78bf79f0c9 00140806971e7a73 72403ecdfe02bba6 5b34da30b93eb123 b749972436ac9791 05f23e7d05dbf7c2 65254e0d209fd66e 0897dcfae16e280f
156,8699cc5dd4159b69 f25bfcffedaccf28 e4a7a996ed6a5a81 bd0f175ee98c613e 419b5dc40744fb9b d16da1fb61813db9 eff60ceea8817dad 8643165b0f53df11 d257d1fbcf43abd5 538c7bb968b2154c 07f22a7ad7e4711d e7cad3748e50b0f8 05e4165a56bf50eb f209d29f991432f0 edc79e57b20e9036 54a11cbcd7a32af4 e8684734f2e587bd 4bed80e56ea2e099 2bafd15871caae91 95d25d38ba7df9c7 3cb6b40d377e7ca8 919b1679fffa7ef1 628accd9be98503c 20db73cf07a45f71 bb7515be835dea49 6204e398d8c7f888 25145708d494530b dc12cc503ac0eddb 24e582daf6f87158 ae94d8435a6847f4
157,576dd429db946393 aa967ad3c1f65a29 07d688f5e2142b87 1d0f5fdc58e3efb5 4f915ad69e1dca36 e461837f0fb35048 b78189788d563693 c143c095983a65c2 4535ce2e3dced00f 6aefb6531736648a 5430097e23000368 c49d8f84a4f87f8a 047769588be1aea9 0683b6a78f54be75 666bdff4faa513ca c5830f9d0f1e29e5 bb7515be835dea49 1dc7139adba034ec 95ecdbff44ad0b60 0bcaac840d5e66d7 c28bc62802b90f82 702d8f1064ab3e30 3986b68500d7704b 3fa57d488e979d74 ff88049e61f0f4ef e0269da736ddf004 fd30682593995748 2a06f5614060e3b6 39f6296778264878 e25a1da6ca187350
158,07d688f5e2142b87 6aefb6531736648a 4f915ad69e1dca36 c143c095983a65c2 e461837f0fb35048 4535ce2e3dced00f 52aa48c07b34dc88 b50b4e27b03c7b37 d6ed7e4b14c51296 64267373570e4ea3 0079f3c74309b582 9ab90dfc5c9b0b37 7f29daa16b9b4cda c49d8f84a4f87f8a e8684734f2e587bd 28403e62105b00f6 919b1679fffa7ef1 b371170568146b12 7eec211cc37a1b05 c5830f9d0f1e29e5 bb7515be835dea49 5430097e23000368 1dc7139adba034ec 95ecdbff44ad0b60 702d8f1064ab3e30 c28bc62802b90f82 3986b68500d7704b 3fa57d488e979d74 0bcaac840d5e66d7 e0269da736ddf004
159,f58ff7f1a6cde683 4491016efed845f1 e14a893f1918277e bd9cd6b87a4fe0ce 39075e303166355e d9885881381fd10a b29ab87af6ea6310 73f770f2643a2135 a52df8083c238c46 a492bd402afd5c71 63d95d5977c2fe98 050544c040f46152 f48d0fbea7dc2782 6aac5e116b75aa22 fb2ebcb5335ad2e2 955e465ce0788ea6 43b3338423d7386c b3ad55963554f220 09660f466b38b7ba 48f93f9c2c699e19 de35d2410e916471 d5805cdb9e8f0f48 702d8f1064ab3e30 b3e75fdca5ca2f1a d7d937303a6d5a9d a860b682add9de1c 81b639b74256b45b 4d32dae7b43c489a e22c35101e190db9 095bb1b6ecbd0a50
160,1d0f5fdc58e3efb5 24e582daf6f87158 a2c35fdf07a13286 b78189788d563693 20d283a232dfd13c 3734d3b0b9232538 047769588be1aea9 0683b6a78f54be75 666bdff4faa513ca 5430097e23000368 47fbe21f5c35c7b4 52370bea1acd0600 4d7653ea9499eed4 9a0f5ee4f845c9b2 39f6296778264878 bd713b37b67866c3 0bcaac840d5e66d7 c28bc62802b90f82 e0269da736ddf004 702d8f1064ab3e30 3986b68500d7704b 3fa57d488e979d74 ff88049e61f0f4ef fd30682593995748 0708923badf2ff5d 942a7d26d81c841f bd0f175ee98c613e ae94d8435a6847f4 b6d0f83aad4e4dc7 b24820ae14e16a24
161,95ecdbff44ad0b60 50cb6a6c60ad711a c5830f9d0f1e29e5 70ebf53ced736fa4 bb7515be835dea49 e8684734f2e587bd 7ee52d2519eea367 1dc7139adba034ec 81b7c7e312bfa1a0 b9d966ad9e04127a 7155e5a86136eb02 dea5e9227fbbac29 5f94b027039f4e48 28a2067685cb3e97 c143c095983a65c2 da011b87595c1019 f76f44d372517a9a ad06e9eeea8eb4ea d1e21234d7cc61d2 d257d1fbcf43abd5 7c8324ce28ffb96e 5430097e23000368 e9c20b67a4c5395f 8faeacf8ca08f62d ce0f56b7190c268a 4f915ad69e1dca36 148ac4a56a18844d 033d905aec273595 8dedff0a79784abc 0451447dd64f6284
162,e5fb8dc5c9cb4a19 b8e2f75014710ced c03b11a0cdc3fa39 37001ade0df85823 0cd920bad11c716d b6cdb608f640e038 ce0f56b7190c268a 00958a140c3a6de8 52370bea1acd0600 4d7653ea9499eed4 9a0f5ee4f845c9b2 0bcaac840d5e66d7 c28bc62802b90f82 702d8f1064ab3e30 3986b68500d7704b ff88049e61f0f4ef e0269da736ddf004 bd713b37b67866c3 fd30682593995748 2a06f5614060e3b6 39f6296778264878 3fa57d488e979d74 b6d0f83aad4e4dc7 b24820ae14e16a24 ae94d8435a6847f4 622f2e4119882c94 4b8c7061102517ef af8e70f978cd5aee 5ebb4d2f5f1c1f13 00140806971e7a73
163,898a4921ab9f4cce acae1d29289b1266 a14394322cf7043d 5430097e23000368 f44f74b3451aa593 3a6e7894dde31c67 87c5481930cfe126 c5830f9d0f1e29e5 bb7515be835dea49 1dc7139adba034ec 95ecdbff44ad0b60 ff88049e61f0f4ef 3fa57d488e979d74 3986b68500d7704b e0269da736ddf004 702d8f1064ab3e30 c28bc62802b90f82 0bcaac840d5e66d7 9a0f5ee4f845c9b2 bd713b37b67866c3 fd30682593995748 4d7653ea9499eed4 52370bea1acd0600 2a06f5614060e3b6 942a7d26d81c841f bd0f175ee98c613e ae94d8435a6847f4 b6d0f83aad4e4dc7 b24820ae14e16a24 622f2e4119882c94
164,af8e70f978cd5aee 4105533fe46dfba9 cc861214a89ef1f4 9f4e0d572b1f4e6c fab14d178b24a67f 354d7a327bbcc152 04886579947a80c2 047769588be1aea9 6a3919ad9ed8197e 5989fb934598c1a7 ecb768ef6fd223ca 07be6a290720707d e7828f0ea9749505 05e4165a56bf50eb 059bbdbdb843af6a 28a2067685cb3e97 005666aa098abe8e 0079f3c74309b582 0195950ce0f47e34 5430097e23000368 ff88049e61f0f4ef e0269da736ddf004 bd713b37b67866c3 fd30682593995748 2a06f5614060e3b6 39f6296778264878 3fa57d488e979d74 3986b68500d7704b e25a1da6ca187350 702d8f1064ab3e30
165,24e582daf6f87158 d46598813fb437e5 387e9cd2e5d4ea7d 796888cc3443006c 680bb5c5c3bb6ee1 73391e0853c1e040 8699cc5dd4159b69 b9d966ad9e04127a 7155e5a86136eb02 4a5ac473c9d176ba 10ad13170242ecae bc27d5dc9bab1c18 46b99f864d6a075a f46601a9955f9949 54f55c74d37db3c0 4d417b203b333363 0fbd0f422e926816 395b26d91f98bd92 2901e5309bb3f8f6 0eafda717681bbdc a813c15b46ceaf68 8fc68213b63951dc 0db6584e3bdfa1c4 393f49286db04aeb 01020d1b0821f4c7 40583079f57235a6 d35e11d3d1ab3c67 0d0368139e9a647f 64907c4568244eb4 dea5e9227fbbac29
166,74ae9af23a383bf5 8e0cc5199a0ee659 1c3b74a02a86467d 1f423f368aebf7f3 24e582daf6f87158 204ec91c39d1479d ae000f9d0b5e104e a677c3a76055a6d2 20d283a232dfd13c f76f44d372517a9a 5430097e23000368 04fda7c9d8971ec0 7b81f1f2b6ec2e5f 8faeacf8ca08f62d 83b911ff0ff45844 a52df8083c238c46 b29ab87af6ea6310 73f770f2643a2135 f9c6286cff30aaa8 66ccd03c9e03ac06 8f578001f9d5f543 853e36b1550c6274 26fc2a95df5659c2 e878efab7c37179e bd0f175ee98c613e bc2ae5f4e5d53e00 72c2a95813ea72bd 8fc68213b63951dc a813c15b46ceaf68 46315cf30aaee51c
167,047769588be1aea9 ffc688c4c1c2a068 dac29ed8400b50cc 74e59c5820900b17 d64c06baf5ef1c90 c810ac016901e8ac 36d33c41812ce7dc 65254e0d209fd66e 0eafda717681bbdc 4c3802a1bd3c842e a9eef13786610446 c08c3765ac609cc0 f705b637f624147e 27a12f29dceccdbd 9a439fd1abf95245 bc27d5dc9bab1c18 54f55c74d37db3c0 18b1d2d84c97a364 4d417b203b333363 622f2e4119882c94 2359719a0f40ffac 0eb4de784c8dd679 6d80d2e62d01f6bc 44d324ebd3e22ad7 5dd752753760ced8 005666aa098abe8e 65d44c6393907290 5570ef88d970e9b4 22e8d6734e4121ae 00d9f8d3f7d412b3
168,bc2ae5f4e5d53e00 12af6a34778710db ca4de5b8a7bda9df c5830f9d0f1e29e5 bb7515be835dea49 5430097e23000368 1dc7139adba034ec 95ecdbff44ad0b60 e25a1da6ca187350 bd0f175ee98c613e 39f6296778264878 ae94d8435a6847f4 2a06f5614060e3b6 b6d0f83aad4e4dc7 fd30682593995748 bd713b37b67866c3 e0269da736ddf004 ff88049e61f0f4ef 3fa57d488e979d74 3986b68500d7704b 702d8f1064ab3e30 c28bc62802b90f82 0bcaac840d5e66d7 af8e70f978cd5aee 5ebb4d2f5f1c1f13 00140806971e7a73 4b8c7061102517ef 9c9a9d45c2ea7ddf 45bd99d5d2eef776 447fc00f40d71d08
169,133b04350c75770b 43c354dbf952caaa 3734d3b0b9232538 5430097e23000368 4d9214c0925e5af8 9c9a9d45c2ea7ddf c143c095983a65c2 f105a53e5cfae611 26140b225c4f8d3f 0bcaac840d5e66d7 c28bc62802b90f82 702d8f1064ab3e30 3986b68500d7704b 3fa57d488e979d74 f58ff7f1a6cde683 c31a456b544a40a8 ff88049e61f0f4ef e25a1da6ca187350 e0269da736ddf004 bd713b37b67866c3 fd30682593995748 2a06f5614060e3b6 39f6296778264878 9a0f5ee4f845c9b2 bd0f175ee98c613e ae94d8435a6847f4 b6d0f83aad4e4dc7 b24820ae14e16a24 622f2e4119882c94 4b8c7061102517ef
170,c6b615b2589e036d 3fa57d488e979d74 1ba7a50457e93996 65fac1ba1840000f 622f2e4119882c94 2359719a0f40ffac b6d0f83aad4e4dc7 dac29ed8400b50cc ffc688c4c1c2a068 74e59c5820900b17 c08c3765ac609cc0 f705b637f624147e a9eef13786610446 54f55c74d37db3c0 d92c0298f76ccf77 dc576af4ae66e25e 27bc34b9887bec0d 3734d3b0b9232538 d9885881381fd10a e14a893f1918277e 4491016efed845f1 bd9cd6b87a4fe0ce 39075e303166355e 387e9cd2e5d4ea7d c810ac016901e8ac 36d33c41812ce7dc db0e648651f4c92b 2e79d45ba4d1540d 2901e5309bb3f8f6 f6d23cdd2359f7c0
171,f76f44d372517a9a 34a62e66e05f9a44 8faeacf8ca08f62d 4e966bb2768c2b8a 83b911ff0ff45844 b29ab87af6ea6310 73f770f2643a2135 a52df8083c238c46 f9c6286cff30aaa8 66ccd03c9e03ac06 8f578001f9d5f543 26fc2a95df5659c2 853e36b1550c6274 e878efab7c37179e bd0f175ee98c613e bc2ae5f4e5d53e00 72c2a95813ea72bd a813c15b46ceaf68 8fc68213b63951dc 46315cf30aaee51c ec4ef2f727e7a03f 3d93a60f990a0a7c 72b80b099fd64ec4 b24820ae14e16a24 01e5a6edcee7deb0 81b639b74256b45b b3e75fdca5ca2f1a a860b682add9de1c eec6b281e236b500 e22c35101e190db9
172,52aa48c07b34dc88 ac9ee0c09b538140 1efd7bd8a34a1359 b6d0f83aad4e4dc7 cc861214a89ef1f4 453bc79164d57a01 05e4165a56bf50eb 54a11cbcd7a32af4 2901e5309bb3f8f6 e5fb8dc5c9cb4a19 db7342eff9200020 acae1d29289b1266 01020d1b0821f4c7 589ef345cb2dccfc 197fa50b30d91fe8 29bedd00fb2be056 c5830f9d0f1e29e5 bb7515be835dea49 1dc7139adba034ec 95ecdbff44ad0b60 3a6e7894dde31c67 fd30682593995748 bd713b37b67866c3 e0269da736ddf004 702d8f1064ab3e30 39f6296778264878 2a06f5614060e3b6 ff88049e61f0f4ef 3fa57d488e979d74 3986b68500d7704b
173,ae94d8435a6847f4 587e0b2a4811fab1 f76f44d372517a9a bf973f9ec3600199 520ec719078be07c a0566ca9daca7778 b6e72edcad270be0 3b4a85bac6ead3c8 e403278468d84383 8faeacf8ca08f62d da011b87595c1019 0e45c4c185f35df6 8dedff0a79784abc a292248bb2bffb3d 22756be6fd061d4c 58654e3143c6550b 2e031d83339759b2 83b911ff0ff45844 73f770f2643a2135 a52df8083c238c46 b29ab87af6ea6310 f9c6286cff30aaa8 66ccd03c9e03ac06 e878efab7c37179e 8f578001f9d5f543 853e36b1550c6274 26fc2a95df5659c2 bd0f175ee98c613e bc2ae5f4e5d53e00 72c2a95813ea72bd
174,0d0368139e9a647f d35e11d3d1ab3c67 4522ad78bf79f0c9 00140806971e7a73 db7342eff9200020 72403ecdfe02bba6 05f23e7d05dbf7c2 5b34da30b93eb123 b749972436ac9791 c08c3765ac609cc0 f705b637f624147e a9eef13786610446 0897dcfae16e280f 4d417b203b333363 2359719a0f40ffac 005666aa098abe8e 0fbd0f422e926816 dac29ed8400b50cc ffc688c4c1c2a068 74e59c5820900b17 70776cdd9bb3b7d4 9d5edf3b993fee50 f2234bb7ce0c6f59 c5830f9d0f1e29e5 bb7515be835dea49 1dc7139adba034ec 95ecdbff44ad0b60 3fa57d488e979d74 bd713b37b67866c3 e0269da736ddf004
175,ac9ee0c09b538140 feddfcf56818968e a2805ed52b47b8ec 055d895a3b26e466 b371170568146b12 5d26da95786b3a3a 20db73cf07a45f71 6e239f4dd4b6aed7 d6ed7e4b14c51296 5fb2d8e734956af0 622f2e4119882c94 2359719a0f40ffac 24e582daf6f87158 f46601a9955f9949 64267373570e4ea3 dac29ed8400b50cc 74e59c5820900b17 ffc688c4c1c2a068 796888cc3443006c 52aa48c07b34dc88 a813c15b46ceaf68 8fc68213b63951dc 0db6584e3bdfa1c4 393f49286db04aeb b50b4e27b03c7b37 59bf6d6df9146d60 65254e0d209fd66e 0eafda717681bbdc a9eef13786610446 f705b637f624147e
176,24e582daf6f87158 20d283a232dfd13c acf5cb026b3c4551 155600e5f1221f8c 7cea1f637ea3f37d 4d29c6922b2d0d56 a492bd402afd5c71 61ba7707ef6a5a99 2820628e65a062e2 120e745e2961b5d5 6461a9faa871b3ac ecb768ef6fd223ca 9f4e0d572b1f4e6c 4d9214c0925e5af8 2e79d45ba4d1540d 190ab585fd379f0f 9c9a9d45c2ea7ddf 133b04350c75770b ae77487a89f2610c 1a05ef8c93af8eed 4d954d933e606b70 3ca7964973437917 0bcaac840d5e66d7 2e031d83339759b2 50806199c80e215c d1e21234d7cc61d2 f105a53e5cfae611 26140b225c4f8d3f 486dd77002936dec 702d8f1064ab3e30
177,0d0368139e9a647f d35e11d3d1ab3c67 4522ad78bf79f0c9 00140806971e7a73 0fbd0f422e926816 db7342eff9200020 b749972436ac9791 72403ecdfe02bba6 05f23e7d05dbf7c2 5b34da30b93eb123 5430097e23000368 f705b637f624147e a9eef13786610446 c08c3765ac609cc0 0897dcfae16e280f 4d417b203b333363 2359719a0f40ffac 9d5edf3b993fee50 047769588be1aea9 d46598813fb437e5 005666aa098abe8e 387e9cd2e5d4ea7d 74e59c5820900b17 ffc688c4c1c2a068 dac29ed8400b50cc 73391e0853c1e040 70776cdd9bb3b7d4 5a1149fbcbd37376 46b99f864d6a075a f2234bb7ce0c6f59
178,447fc00f40d71d08 3c565c1fc2316d16 1a8e5d6512d9e2d8 8566d15270eb5e83 3b4a85bac6ead3c8 d0f6c00eec5eb973 ca4de5b8a7bda9df e7dd56376be2cf1c f76f44d372517a9a acae1d29289b1266 781aaf62a955e4e8 a14394322cf7043d 8faeacf8ca08f62d 83b911ff0ff45844 73f770f2643a2135 b29ab87af6ea6310 a52df8083c238c46 f9c6286cff30aaa8 66ccd03c9e03ac06 e878efab7c37179e 853e36b1550c6274 26fc2a95df5659c2 8f578001f9d5f543 bd0f175ee98c613e bc2ae5f4e5d53e00 72c2a95813ea72bd 8fc68213b63951dc a813c15b46ceaf68 46315cf30aaee51c ec4ef2f727e7a03f
179,1f423f368aebf7f3 40583079f57235a6 05e4165a56bf50eb 26140b225c4f8d3f 5430097e23000368 4d7653ea9499eed4 9a0f5ee4f845c9b2 0bcaac840d5e66d7 c28bc62802b90f82 702d8f1064ab3e30 52370bea1acd0600 3fa57d488e979d74 ff88049e61f0f4ef e0269da736ddf004 bd713b37b67866c3 fd30682593995748 2a06f5614060e3b6 39f6296778264878 e25a1da6ca187350 3986b68500d7704b 0708923badf2ff5d 734dabb98795c35c 942a7d26d81c841f bd0f175ee98c613e ae94d8435a6847f4 b6d0f83aad4e4dc7 b24820ae14e16a24 622f2e4119882c94 4b8c7061102517ef 47fbe21f5c35c7b4
180,3a6e7894dde31c67 5430097e23000368 c5830f9d0f1e29e5 bb7515be835dea49 1dc7139adba034ec 95ecdbff44ad0b60 52370bea1acd0600 4d7653ea9499eed4 9a0f5ee4f845c9b2 0bcaac840d5e66d7 c28bc62802b90f82 47fbe21f5c35c7b4 3986b68500d7704b 3fa57d488e979d74 ff88049e61f0f4ef e0269da736ddf004 bd713b37b67866c3 fd30682593995748 2a06f5614060e3b6 39f6296778264878 702d8f1064ab3e30 734dabb98795c35c 942a7d26d81c841f bd0f175ee98c613e ae94d8435a6847f4 b6d0f83aad4e4dc7 b24820ae14e16a24 622f2e4119882c94 4b8c7061102517ef bbbd5d2fd957e8f7
181,f58ff7f1a6cde683 e14a893f1918277e 39075e303166355e bd9cd6b87a4fe0ce 4491016efed845f1 d9885881381fd10a a52df8083c238c46 b29ab87af6ea6310 73f770f2643a2135 a492bd402afd5c71 796888cc3443006c 63d95d5977c2fe98 050544c040f46152 6aac5e116b75aa22 fb2ebcb5335ad2e2 f48d0fbea7dc2782 3e66b4855d0dddbe 955e465ce0788ea6 b3ad55963554f220 09660f466b38b7ba 48f93f9c2c699e19 43b3338423d7386c d5805cdb9e8f0f48 de35d2410e916471 702d8f1064ab3e30 e22c35101e190db9 8d58da0e1800dc96 095bb1b6ecbd0a50 bed3e73d52011f68 a860b682add9de1c
182,b0b5e62a93a2c37c cba7e22bb383083a 9f27aa36c1ea793c 61ba7707ef6a5a99 430feb4826a5632e e36475c1af5ea3ab 64907c4568244eb4 2810fb6f81d1711c 64b31699d7d15934 90ecb28f2edb9d43 bd713b37b67866c3 f05fa5f57dc03e81 ec4ef2f727e7a03f 46315cf30aaee51c 3d93a60f990a0a7c 20d283a232dfd13c 6c017e548aa138f2 a04d6febd82a4389 025a148c3a53bd9f 1f4f62844c3cb99c 0688c790d5806540 5430097e23000368 047769588be1aea9 a14394322cf7043d 09bbaa171c20bae3 6cb9ab508a0678a0 fd30682593995748 e0269da736ddf004 702d8f1064ab3e30 ff88049e61f0f4ef
183,855f2f0354e102c7 e25a1da6ca187350 b6cdb608f640e038 01ecc81f6341e902 47fbe21f5c35c7b4 52370bea1acd0600 4d7653ea9499eed4 9a0f5ee4f845c9b2 0bcaac840d5e66d7 c28bc62802b90f82 702d8f1064ab3e30 3986b68500d7704b 3fa57d488e979d74 ff88049e61f0f4ef e0269da736ddf004 bd713b37b67866c3 fd30682593995748 2a06f5614060e3b6 39f6296778264878 bbbd5d2fd957e8f7 e36475c1af5ea3ab e7cad3748e50b0f8 0708923badf2ff5d 734dabb98795c35c 942a7d26d81c841f bd0f175ee98c613e ae94d8435a6847f4 b6d0f83aad4e4dc7 cea18be9a89d7a81 622f2e4119882c94
184,24e582daf6f87158 20d283a232dfd13c bbbd5d2fd957e8f7 47fbe21f5c35c7b4 52370bea1acd0600 4d7653ea9499eed4 9a0f5ee4f845c9b2 0bcaac840d5e66d7 c28bc62802b90f82 cea18be9a89d7a81 3986b68500d7704b 3fa57d488e979d74 ff88049e61f0f4ef e0269da736ddf004 bd713b37b67866c3 fd30682593995748 2a06f5614060e3b6 39f6296778264878 e25a1da6ca187350 702d8f1064ab3e30 e7cad3748e50b0f8 0708923badf2ff5d 734dabb98795c35c 942a7d26d81c841f bd0f175ee98c613e ae94d8435a6847f4 b6d0f83aad4e4dc7 b24820ae14e16a24 5fb2d8e734956af0 4b8c7061102517ef
185,8e0cc5199a0ee659 1c3b74a02a86467d 65254e0d209fd66e 1f423f368aebf7f3 204ec91c39d1479d c03b11a0cdc3fa39 74ae9af23a383bf5 ae000f9d0b5e104e b78189788d563693 26fc2a95df5659c2 8f578001f9d5f543 e878efab7c37179e 853e36b1550c6274 ec4ef2f727e7a03f 46315cf30aaee51c 3d93a60f990a0a7c 351c9da399c2b915 016da874bd04df55 5b16bae6a0de7c88 8dc313a2cf9da354 a04d6febd82a4389 d6bbbd6c4968075a 4c3802a1bd3c842e 0708923badf2ff5d 74244a8703c03720 9f4e0d572b1f4e6c 1f4f62844c3cb99c 025a148c3a53bd9f 0688c790d5806540 27a12f29dceccdbd
186,1398b478b71773ed 3e66b4855d0dddbe bf973f9ec3600199 07be6a290720707d 680bb5c5c3bb6ee1 ce0f56b7190c268a 8dedff0a79784abc e8ad5e31484ef889 63d509cd2a2e0e47 c5830f9d0f1e29e5 bb7515be835dea49 5430097e23000368 c1f2e3a76d388944 e0269da736ddf004 ff88049e61f0f4ef 3fa57d488e979d74 bd713b37b67866c3 fd30682593995748 3986b68500d7704b 2a06f5614060e3b6 702d8f1064ab3e30 c28bc62802b90f82 39f6296778264878 0bcaac840d5e66d7 9a0f5ee4f845c9b2 734dabb98795c35c bd0f175ee98c613e ae94d8435a6847f4 b6d0f83aad4e4dc7 b24820ae14e16a24
187,7f29daa16b9b4cda 9ab90dfc5c9b0b37 ce8cb4351b8c0f6e 04886579947a80c2 f44f74b3451aa593 87c5481930cfe126 47fbe21f5c35c7b4 52370bea1acd0600 4d7653ea9499eed4 9a0f5ee4f845c9b2 0bcaac840d5e66d7 c28bc62802b90f82 702d8f1064ab3e30 bbbd5d2fd957e8f7 3fa57d488e979d74 ff88049e61f0f4ef e0269da736ddf004 bd713b37b67866c3 fd30682593995748 2a06f5614060e3b6 e25a1da6ca187350 3986b68500d7704b 0708923badf2ff5d 734dabb98795c35c 942a7d26d81c841f bd0f175ee98c613e ae94d8435a6847f4 b6d0f83aad4e4dc7 b24820ae14e16a24 622f2e4119882c94
188,24e582daf6f87158 f46601a9955f9949 796888cc3443006c 8a5635c748344d47 939a1f686ea36c05 ec1b3d7ccd3984d0 60a070db9f1869b5 a813c15b46ceaf68 8fc68213b63951dc 393f49286db04aeb 0db6584e3bdfa1c4 9269d2b0d877352d 42bb83d7c4b9ecae 0a79fabc6f5d93c9 59bf6d6df9146d60 5c8c6d9a1fd4c1e0 5fb2d8e734956af0 942a7d26d81c841f b05b5f6850cfa158 73391e0853c1e040 d6ed7e4b14c51296 daa257a37227cd72 2cebd52b41930f0a 976baf0e84752a68 5430097e23000368 88b62355670ec8f8 3986b68500d7704b 39f6296778264878 702d8f1064ab3e30 fd30682593995748
189,4c0eee2c1a5e76e2 0451447dd64f6284 26f72a4eb15ea8c0 50ba507a268872e1 bbbd5d2fd957e8f7 5057551fc55e9ed2 5430097e23000368 3a6e7894dde31c67 9a0f5ee4f845c9b2 0bcaac840d5e66d7 c28bc62802b90f82 702d8f1064ab3e30 3986b68500d7704b 3fa57d488e979d74 e0269da736ddf004 bd713b37b67866c3 fd30682593995748 2a06f5614060e3b6 39f6296778264878 e25a1da6ca187350 c31a456b544a40a8 ff88049e61f0f4ef 942a7d26d81c841f bd0f175ee98c613e ae94d8435a6847f4 b6d0f83aad4e4dc7 b24820ae14e16a24 622f2e4119882c94 4b8c7061102517ef af8e70f978cd5aee
190,9c9a9d45c2ea7ddf 52e459a551d4ac2d a677c3a76055a6d2 64907c4568244eb4 00958a140c3a6de8 0b774cf90856c4da 8dc313a2cf9da354 b50b4e27b03c7b37 8699cc5dd4159b69 f25bfcffedaccf28 e4a7a996ed6a5a81 bd0f175ee98c613e 8643165b0f53df11 d257d1fbcf43abd5 07f22a7ad7e4711d e7cad3748e50b0f8 e8684734f2e587bd dc12cc503ac0eddb 4b8c7061102517ef 3fa57d488e979d74 622f2e4119882c94 b24820ae14e16a24 ff88049e61f0f4ef e0269da736ddf004 bd713b37b67866c3 b6d0f83aad4e4dc7 fd30682593995748 2a06f5614060e3b6 39f6296778264878 e25a1da6ca187350
191,0647acc4602d4e8f c5830f9d0f1e29e5 bb7515be835dea49 1dc7139adba034ec 95ecdbff44ad0b60 52370bea1acd0600 4d7653ea9499eed4 9a0f5ee4f845c9b2 0bcaac840d5e66d7 c28bc62802b90f82 702d8f1064ab3e30 3986b68500d7704b 3fa57d488e979d74 ff88049e61f0f4ef e0269da736ddf004 bd713b37b67866c3 fd30682593995748 2a06f5614060e3b6 39f6296778264878 0708923badf2ff5d 47fbe21f5c35c7b4 734dabb98795c35c 942a7d26d81c841f bd0f175ee98c613e ae94d8435a6847f4 b6d0f83aad4e4dc7 b24820ae14e16a24 622f2e4119882c94 4b8c7061102517ef e25a1da6ca187350
192,a84cd36608cb8665 61ba7707ef6a5a99 e36475c1af5ea3ab 5430097e23000368 64907c4568244eb4 f05fa5f57dc03e81 6899956cd6c683f0 52370bea1acd0600 4d7653ea9499eed4 9a0f5ee4f845c9b2 0bcaac840d5e66d7 c28bc62802b90f82 702d8f1064ab3e30 3986b68500d7704b 3fa57d488e979d74 ff88049e61f0f4ef e0269da736ddf004 bd713b37b67866c3 fd30682593995748 2a06f5614060e3b6 e25a1da6ca187350 47fbe21f5c35c7b4 0708923badf2ff5d 734dabb98795c35c 942a7d26d81c841f bd0f175ee98c613e ae94d8435a6847f4 b6d0f83aad4e4dc7 b24820ae14e16a24 622f2e4119882c94
193,07be6a290720707d 0079f3c74309b582 005666aa098abe8e 0195950ce0f47e34 964a50d33717c26d 52aa48c07b34dc88 b50b4e27b03c7b37 5d26da95786b3a3a d6ed7e4b14c51296 64267373570e4ea3 7f29daa16b9b4cda 9ab90dfc5c9b0b37 20db73cf07a45f71 28403e62105b00f6 919b1679fffa7ef1 b371170568146b12 7eec211cc37a1b05 c5830f9d0f1e29e5 bb7515be835dea49 1dc7139adba034ec 95ecdbff44ad0b60 e0269da736ddf004 ff88049e61f0f4ef 3fa57d488e979d74 bd713b37b67866c3 39f6296778264878 0bcaac840d5e66d7 fd30682593995748 3986b68500d7704b 2a06f5614060e3b6
194,61ba7707ef6a5a99 e36475c1af5ea3ab 64907c4568244eb4 9f27aa36c1ea793c f05fa5f57dc03e81 0b774cf90856c4da 2b48ab08c915c0ad 238ec735a13a3f09 ee3ed9a3f51336cd 00d9f8d3f7d412b3 6461a9faa871b3ac 5430097e23000368 24e582daf6f87158 428f9363fa35882d 8699cc5dd4159b69 e7828f0ea9749505 f25bfcffedaccf28 e4a7a996ed6a5a81 bd0f175ee98c613e 20d283a232dfd13c 8643165b0f53df11 d257d1fbcf43abd5 07f22a7ad7e4711d e7cad3748e50b0f8 e8684734f2e587bd dc12cc503ac0eddb af8e70f978cd5aee 622f2e4119882c94 b24820ae14e16a24 b6d0f83aad4e4dc7
195,155600e5f1221f8c 7cea1f637ea3f37d 4d29c6922b2d0d56 61ba7707ef6a5a99 2820628e65a062e2 120e745e2961b5d5 6461a9faa871b3ac 83f8aca6ee2caabc ecb768ef6fd223ca acf5cb026b3c4551 190ab585fd379f0f 898a4921ab9f4cce 5430097e23000368 24e582daf6f87158 20d283a232dfd13c c5830f9d0f1e29e5 bb7515be835dea49 1dc7139adba034ec 95ecdbff44ad0b60 6899956cd6c683f0 52370bea1acd0600 e0269da736ddf004 ff88049e61f0f4ef 3fa57d488e979d74 9a0f5ee4f845c9b2 3986b68500d7704b 702d8f1064ab3e30 47fbe21f5c35c7b4 c28bc62802b90f82 0bcaac840d5e66d7
196,9fbffc521da97c54 83f8f2fc471cad74 c015590d6a6fe833 61ba7707ef6a5a99 e36475c1af5ea3ab b6e646c13d0753ae 64907c4568244eb4 8dc313a2cf9da354 b50b4e27b03c7b37 f1a3b8b13e9401c0 f05fa5f57dc03e81 d64c06baf5ef1c90 4d9214c0925e5af8 36d33c41812ce7dc c810ac016901e8ac 4c3802a1bd3c842e 9c9a9d45c2ea7ddf 27a12f29dceccdbd 9a439fd1abf95245 bc27d5dc9bab1c18 18b1d2d84c97a364 133b04350c75770b 0eb4de784c8dd679 5dd752753760ced8 c143c095983a65c2 65d44c6393907290 5570ef88d970e9b4 22e8d6734e4121ae 00d9f8d3f7d412b3 b0bfe0f426275870
197,d5952b2e031c4e7e a017f3358d5327aa d980375fbd40c75f 5570ef88d970e9b4 47fbe21f5c35c7b4 52370bea1acd0600 4d7653ea9499eed4 9a0f5ee4f845c9b2 0bcaac840d5e66d7 c28bc62802b90f82 702d8f1064ab3e30 e25a1da6ca187350 3fa57d488e979d74 ff88049e61f0f4ef e0269da736ddf004 bd713b37b67866c3 fd30682593995748 2a06f5614060e3b6 39f6296778264878 3986b68500d7704b e7cad3748e50b0f8 0708923badf2ff5d 734dabb98795c35c 942a7d26d81c841f bd0f175ee98c613e ae94d8435a6847f4 b6d0f83aad4e4dc7 b24820ae14e16a24 bbbd5d2fd957e8f7 4b8c7061102517ef
198,589ef345cb2dccfc 24e582daf6f87158 8699cc5dd4159b69 f25bfcffedaccf28 e4a7a996ed6a5a81 bd0f175ee98c613e 20d283a232dfd13c b6d0f83aad4e4dc7 cc861214a89ef1f4 8643165b0f53df11 2901e5309bb3f8f6 e5fb8dc5c9cb4a19 d257d1fbcf43abd5 db7342eff9200020 07f22a7ad7e4711d acae1d29289b1266 01020d1b0821f4c7 e7cad3748e50b0f8 197fa50b30d91fe8 29bedd00fb2be056 e8684734f2e587bd 5430097e23000368 dc12cc503ac0eddb 39f6296778264878 702d8f1064ab3e30 3986b68500d7704b 3fa57d488e979d74 ff88049e61f0f4ef e0269da736ddf004 bd713b37b67866c3
199,dac29ed8400b50cc ffc688c4c1c2a068 74e59c5820900b17 3986b68500d7704b 65254e0d209fd66e 0eafda717681bbdc a9eef13786610446 f705b637f624147e c08c3765ac609cc0 54f55c74d37db3c0 4d417b203b333363 622f2e4119882c94 2359719a0f40ffac 6d80d2e62d01f6bc 44d324ebd3e22ad7 d6ed7e4b14c51296 005666aa098abe8e 70776cdd9bb3b7d4 0220a434aa8bf029 52aa48c07b34dc88 b50b4e27b03c7b37 64267373570e4ea3 0079f3c74309b582 9ab90dfc5c9b0b37 7f29daa16b9b4cda 28403e62105b00f6 919b1679fffa7ef1 b371170568146b12 7eec211cc37a1b05 5430097e23000368
200,8dedff0a79784abc bf973f9ec3600199 58654e3143c6550b ad06e9eeea8eb4ea 2e031d83339759b2 7c8324ce28ffb96e 24e582daf6f87158 1398b478b71773ed ce0f56b7190c268a 50cb6a6c60ad711a 148ac4a56a18844d 0451447dd64f6284 b6a1c97f19af78d0 20d283a232dfd13c ae94d8435a6847f4 b6e646c13d0753ae 9b0e8cf8153e3b33 c143c095983a65c2 3e66b4855d0dddbe 72c2a95813ea72bd 07be6a290720707d 680bb5c5c3bb6ee1 acae1d29289b1266 a2c35fdf07a13286 f1a3b8b13e9401c0 98dbd15aa33ebc18 520ec719078be07c d257d1fbcf43abd5 a0566ca9daca7778 b6e72edcad270be0
201,5547f9f1638ac345 27888817db122597 c1f2e3a76d388944 bc2ae5f4e5d53e00 c5830f9d0f1e29e5 bb7515be835dea49 12af6a34778710db ca4de5b8a7bda9df 3734d3b0b9232538 5430097e23000368 e8684734f2e587bd 4d9214c0925e5af8 9c9a9d45c2ea7ddf 133b04350c75770b c143c095983a65c2 f105a53e5cfae611 26140b225c4f8d3f 1dc7139adba034ec 95ecdbff44ad0b60 3a6e7894dde31c67 3fa57d488e979d74 3986b68500d7704b ff88049e61f0f4ef e0269da736ddf004 702d8f1064ab3e30 fd30682593995748 2a06f5614060e3b6 39f6296778264878 e25a1da6ca187350 622f2e4119882c94
202,87c5481930cfe126 f44f74b3451aa593 3cb6b40d377e7ca8 95d25d38ba7df9c7 bb7515be835dea49 6204e398d8c7f888 25145708d494530b ae94d8435a6847f4 cea18be9a89d7a81 9fda36f260eec24e 19e8f436d4b2fc25 f58ff7f1a6cde683 8699cc5dd4159b69 90ecb28f2edb9d43 64b31699d7d15934 bd713b37b67866c3 01b3da54ffb158a0 1c3b74a02a86467d 60a070db9f1869b5 8a5635c748344d47 ec1b3d7ccd3984d0 939a1f686ea36c05 bf3ccaba4a3450a8 796888cc3443006c f48d0fbea7dc2782 050544c040f46152 63d95d5977c2fe98 fb2ebcb5335ad2e2 6aac5e116b75aa22 3c565c1fc2316d16
203,8dc313a2cf9da354 acf5cb026b3c4551 af41e2b6da3e7e02 b50b4e27b03c7b37 0b774cf90856c4da 24e582daf6f87158 20d283a232dfd13c 5430097e23000368 6899956cd6c683f0 3a6e7894dde31c67 52370bea1acd0600 4d7653ea9499eed4 9a0f5ee4f845c9b2 0bcaac840d5e66d7 c28bc62802b90f82 702d8f1064ab3e30 3fa57d488e979d74 ff88049e61f0f4ef e0269da736ddf004 bd713b37b67866c3 fd30682593995748 2a06f5614060e3b6 39f6296778264878 3986b68500d7704b 734dabb98795c35c 942a7d26d81c841f bd0f175ee98c613e ae94d8435a6847f4 b6d0f83aad4e4dc7 b24820ae14e16a24
204,acae1d29289b1266 a492bd402afd5c71 3734d3b0b9232538 a14394322cf7043d 9f4e0d572b1f4e6c 4d9214c0925e5af8 2e79d45ba4d1540d 9c9a9d45c2ea7ddf 133b04350c75770b ae77487a89f2610c 1a05ef8c93af8eed 4d954d933e606b70 3ca7964973437917 24e582daf6f87158 0bcaac840d5e66d7 2e031d83339759b2 50806199c80e215c d1e21234d7cc61d2 f105a53e5cfae611 26140b225c4f8d3f 20d283a232dfd13c c5830f9d0f1e29e5 486dd77002936dec bb7515be835dea49 1dc7139adba034ec 95ecdbff44ad0b60 3fa57d488e979d74 3986b68500d7704b bd713b37b67866c3 702d8f1064ab3e30
205,1398b478b71773ed 3e66b4855d0dddbe bf973f9ec3600199 07be6a290720707d 680bb5c5c3bb6ee1 ce0f56b7190c268a 8dedff0a79784abc e8ad5e31484ef889 63d509cd2a2e0e47 520ec719078be07c 59c231f8fd21260c b6e72edcad270be0 e6a29676c096f8e8 636224e349e561bf a853f13216170123 8700059e85433b32 0e45c4c185f35df6 a492bd402afd5c71 a292248bb2bffb3d 5c4b7558c942a224 4b29fc21f912754d 0708923badf2ff5d 9f4e0d572b1f4e6c 4d9214c0925e5af8 2e79d45ba4d1540d 9c9a9d45c2ea7ddf 133b04350c75770b ae77487a89f2610c 1a05ef8c93af8eed 4d954d933e606b70
206,005666aa098abe8e 07be6a290720707d 0079f3c74309b582 f705b637f624147e a9eef13786610446 c08c3765ac609cc0 db7342eff9200020 74e59c5820900b17 ffc688c4c1c2a068 dac29ed8400b50cc 4d417b203b333363 2359719a0f40ffac 0195950ce0f47e34 0d0368139e9a647f d35e11d3d1ab3c67 4522ad78bf79f0c9 00140806971e7a73 b749972436ac9791 5b34da30b93eb123 05f23e7d05dbf7c2 72403ecdfe02bba6 0897dcfae16e280f 70776cdd9bb3b7d4 0fbd0f422e926816 430feb4826a5632e 2810fb6f81d1711c 90ecb28f2edb9d43 bd713b37b67866c3 64b31699d7d15934 65254e0d209fd66e
207,db7342eff9200020 0fbd0f422e926816 d35e11d3d1ab3c67 0d0368139e9a647f 4522ad78bf79f0c9 00140806971e7a73 b6d0f83aad4e4dc7 cc861214a89ef1f4 b749972436ac9791 72403ecdfe02bba6 5b34da30b93eb123 05f23e7d05dbf7c2 d46598813fb437e5 387e9cd2e5d4ea7d 2901e5309bb3f8f6 e5fb8dc5c9cb4a19 73391e0853c1e040 acae1d29289b1266 01020d1b0821f4c7 197fa50b30d91fe8 5a1149fbcbd37376 29bedd00fb2be056 46b99f864d6a075a 5430097e23000368 9d5edf3b993fee50 5ebb4d2f5f1c1f13 af8e70f978cd5aee 39f6296778264878 2a06f5614060e3b6 4b8c7061102517ef
208,61ba7707ef6a5a99 155600e5f1221f8c 7cea1f637ea3f37d 4d29c6922b2d0d56 2820628e65a062e2 120e745e2961b5d5 6461a9faa871b3ac ecb768ef6fd223ca acf5cb026b3c4551 190ab585fd379f0f 0b774cf90856c4da fd30682593995748 e36475c1af5ea3ab bbbd5d2fd957e8f7 64907c4568244eb4 5430097e23000368 f05fa5f57dc03e81 7d83ffe83f61bdc4 74873b42602d8958 9f27aa36c1ea793c 50ba507a268872e1 976baf0e84752a68 01b3da54ffb158a0 8abe670908f12614 66ccd03c9e03ac06 2e44fbb8bc3d8d71 4483bbdd3241f11a 00ff646ca6637bd7 a18df74d3a16e9c0 8dc313a2cf9da354
209,a65e30106ea50423 06de3ca1148b088b 013030fd7d29bf3d 2e79d45ba4d1540d 9f3d2ca16f358290 f2e30efbd27bee51 47fbe21f5c35c7b4 8faeacf8ca08f62d f9c6286cff30aaa8 5b4c879fc9c316fb e4a7a996ed6a5a81 853e36b1550c6274 26fc2a95df5659c2 e878efab7c37179e 8f578001f9d5f543 bd0f175ee98c613e f44f74b3451aa593 bc2ae5f4e5d53e00 72c2a95813ea72bd a813c15b46ceaf68 8fc68213b63951dc 702d8f1064ab3e30 b24820ae14e16a24 72b80b099fd64ec4 01e5a6edcee7deb0 81b639b74256b45b 4d32dae7b43c489a b3e75fdca5ca2f1a 8d58da0e1800dc96 a860b682add9de1c
210,24e582daf6f87158 f46601a9955f9949 796888cc3443006c 3a6e7894dde31c67 a813c15b46ceaf68 8fc68213b63951dc 0db6584e3bdfa1c4 393f49286db04aeb 59bf6d6df9146d60 5fb2d8e734956af0 20d283a232dfd13c 942a7d26d81c841f c5830f9d0f1e29e5 3734d3b0b9232538 5430097e23000368 73391e0853c1e040 bb7515be835dea49 d6ed7e4b14c51296 1dc7139adba034ec 95ecdbff44ad0b60 daa257a37227cd72 976baf0e84752a68 c28bc62802b90f82 702d8f1064ab3e30 0bcaac840d5e66d7 3fa57d488e979d74 ff88049e61f0f4ef e0269da736ddf004 bd713b37b67866c3 fd30682593995748
211,8e0760918e88e4a9 5057551fc55e9ed2 01b3da54ffb158a0 e36475c1af5ea3ab 734dabb98795c35c 66ccd03c9e03ac06 c03b11a0cdc3fa39 c5830f9d0f1e29e5 a18df74d3a16e9c0 7c8324ce28ffb96e f49e13a653cbdad2 bb7515be835dea49 f05fa5f57dc03e81 4d7653ea9499eed4 4f2fffd7528de786 a982b5c3aed39396 1dc7139adba034ec 95ecdbff44ad0b60 54a11cbcd7a32af4 3734d3b0b9232538 fc16a50ff0baec53 d63b7f083330247f 4535ce2e3dced00f 24e582daf6f87158 20d283a232dfd13c 3fa57d488e979d74 3986b68500d7704b 702d8f1064ab3e30 ff88049e61f0f4ef c28bc62802b90f82
212,447fc00f40d71d08 3c565c1fc2316d16 8566d15270eb5e83 3b4a85bac6ead3c8 acae1d29289b1266 a14394322cf7043d 3a6e7894dde31c67 4d7653ea9499eed4 9a0f5ee4f845c9b2 0bcaac840d5e66d7 c28bc62802b90f82 52370bea1acd0600 3986b68500d7704b 3fa57d488e979d74 ff88049e61f0f4ef e0269da736ddf004 bd713b37b67866c3 fd30682593995748 2a06f5614060e3b6 39f6296778264878 e25a1da6ca187350 702d8f1064ab3e30 734dabb98795c35c 942a7d26d81c841f bd0f175ee98c613e ae94d8435a6847f4 b6d0f83aad4e4dc7 b24820ae14e16a24 622f2e4119882c94 4b8c7061102517ef
213,e8684734f2e587bd bc2ae5f4e5d53e00 d64c06baf5ef1c90 12af6a34778710db ca4de5b8a7bda9df c810ac016901e8ac 36d33c41812ce7dc 4c3802a1bd3c842e 27a12f29dceccdbd 9a439fd1abf95245 bc27d5dc9bab1c18 18b1d2d84c97a364 0eb4de784c8dd679 5dd752753760ced8 65d44c6393907290 5570ef88d970e9b4 22e8d6734e4121ae 00d9f8d3f7d412b3 b0bfe0f426275870 40583079f57235a6 00ff646ca6637bd7 428f9363fa35882d 1ba7a50457e93996 00af886180e9eaec cba7e22bb383083a f2b5098ac9c92da9 3986b68500d7704b 3fa57d488e979d74 ff88049e61f0f4ef e0269da736ddf004
214,5057551fc55e9ed2 ee3ed9a3f51336cd 5a1149fbcbd37376 5430097e23000368 c5830f9d0f1e29e5 bb7515be835dea49 1dc7139adba034ec 95ecdbff44ad0b60 47fbe21f5c35c7b4 52370bea1acd0600 4d7653ea9499eed4 9a0f5ee4f845c9b2 0bcaac840d5e66d7 c28bc62802b90f82 3986b68500d7704b 3fa57d488e979d74 ff88049e61f0f4ef e0269da736ddf004 39f6296778264878 bd713b37b67866c3 fd30682593995748 702d8f1064ab3e30 734dabb98795c35c 942a7d26d81c841f bd0f175ee98c613e ae94d8435a6847f4 b6d0f83aad4e4dc7 b24820ae14e16a24 622f2e4119882c94 4b8c7061102517ef
215,7c9248ed6224aa26 1d72229ebcc00faf 7eec211cc37a1b05 6cb9ab508a0678a0 5430097e23000368 47fbe21f5c35c7b4 52370bea1acd0600 4d7653ea9499eed4 9a0f5ee4f845c9b2 0bcaac840d5e66d7 c28bc62802b90f82 702d8f1064ab3e30 bbbd5d2fd957e8f7 3fa57d488e979d74 ff88049e61f0f4ef e0269da736ddf004 bd713b37b67866c3 fd30682593995748 2a06f5614060e3b6 39f6296778264878 e25a1da6ca187350 3986b68500d7704b 0708923badf2ff5d 734dabb98795c35c 942a7d26d81c841f bd0f175ee98c613e ae94d8435a6847f4 b6d0f83aad4e4dc7 b24820ae14e16a24 622f2e4119882c94
216,c5830f9d0f1e29e5 bb7515be835dea49 1dc7139adba034ec 95ecdbff44ad0b60 47fbe21f5c35c7b4 52370bea1acd0600 4d7653ea9499eed4 9a0f5ee4f845c9b2 0bcaac840d5e66d7 c28bc62802b90f82 702d8f1064ab3e30 bbbd5d2fd957e8f7 3fa57d488e979d74 ff88049e61f0f4ef e0269da736ddf004 bd713b37b67866c3 fd30682593995748 2a06f5614060e3b6 e25a1da6ca187350 3986b68500d7704b 0708923badf2ff5d 734dabb98795c35c 942a7d26d81c841f bd0f175ee98c613e ae94d8435a6847f4 b6d0f83aad4e4dc7 b24820ae14e16a24 622f2e4119882c94 39f6296778264878 af8e70f978cd5aee
217,354d7a327bbcc152 00af886180e9eaec 73391e0853c1e040 fc8971756f9ec194 d72363ddd958d906 316382267dcd804f 538c7bb968b2154c 4bed80e56ea2e099 2bafd15871caae91 05e4165a56bf50eb 54a11cbcd7a32af4 919b1679fffa7ef1 628accd9be98503c 20db73cf07a45f71 d64c06baf5ef1c90 36d33c41812ce7dc c810ac016901e8ac 4c3802a1bd3c842e 27a12f29dceccdbd 9a439fd1abf95245 bc27d5dc9bab1c18 18b1d2d84c97a364 0eb4de784c8dd679 5dd752753760ced8 65d44c6393907290 5570ef88d970e9b4 22e8d6734e4121ae 00d9f8d3f7d412b3 b0bfe0f426275870 40583079f57235a6
218,9fbffc521da97c54 83f8f2fc471cad74 c015590d6a6fe833 a982b5c3aed39396 b6e646c13d0753ae 3cb6b40d377e7ca8 95d25d38ba7df9c7 5430097e23000368 6204e398d8c7f888 25145708d494530b ae94d8435a6847f4 cea18be9a89d7a81 19e8f436d4b2fc25 9fda36f260eec24e f58ff7f1a6cde683 8699cc5dd4159b69 90ecb28f2edb9d43 bd713b37b67866c3 64b31699d7d15934 1c3b74a02a86467d 01b3da54ffb158a0 60a070db9f1869b5 8a5635c748344d47 939a1f686ea36c05 ec1b3d7ccd3984d0 bf3ccaba4a3450a8 796888cc3443006c 050544c040f46152 f48d0fbea7dc2782 6aac5e116b75aa22
219,2e44fbb8bc3d8d71 f28fb3d9880c5d4c 0c2eeab1e4ce1db8 016da874bd04df55 351c9da399c2b915 42c9b72cc77dcb28 fc8971756f9ec194 120e745e2961b5d5 2bafd15871caae91 b0b5e62a93a2c37c 37001ade0df85823 2dd12c230ab22555 197fa50b30d91fe8 a677c3a76055a6d2 b6d0f83aad4e4dc7 cc861214a89ef1f4 ddb3810e0289c148 2901e5309bb3f8f6 e5fb8dc5c9cb4a19 db7342eff9200020 acae1d29289b1266 01020d1b0821f4c7 29bedd00fb2be056 65254e0d209fd66e c03b11a0cdc3fa39 d64c06baf5ef1c90 c810ac016901e8ac 36d33c41812ce7dc 4c3802a1bd3c842e 27a12f29dceccdbd
220,3734d3b0b9232538 f44f74b3451aa593 87c5481930cfe126 c5830f9d0f1e29e5 bb7515be835dea49 1dc7139adba034ec 95ecdbff44ad0b60 bbbd5d2fd957e8f7 47fbe21f5c35c7b4 52370bea1acd0600 4d7653ea9499eed4 9a0f5ee4f845c9b2 0bcaac840d5e66d7 c28bc62802b90f82 3986b68500d7704b 3fa57d488e979d74 ff88049e61f0f4ef e0269da736ddf004 bd713b37b67866c3 fd30682593995748 2a06f5614060e3b6 702d8f1064ab3e30 734dabb98795c35c 942a7d26d81c841f bd0f175ee98c613e ae94d8435a6847f4 b6d0f83aad4e4dc7 b24820ae14e16a24 622f2e4119882c94 5fb2d8e734956af0
221,61ba7707ef6a5a99 64907c4568244eb4 e36475c1af5ea3ab 50806199c80e215c f05fa5f57dc03e81 50ba507a268872e1 5b16bae6a0de7c88 d6bbbd6c4968075a 00ff646ca6637bd7 f58ff7f1a6cde683 016da874bd04df55 351c9da399c2b915 a04d6febd82a4389 74244a8703c03720 fb2ebcb5335ad2e2 050544c040f46152 6aac5e116b75aa22 63d95d5977c2fe98 f48d0fbea7dc2782 c606425856952286 666bdff4faa513ca 4c0eee2c1a5e76e2 b78189788d563693 9100ea6cd0e084bf 95d25d38ba7df9c7 3cb6b40d377e7ca8 8b7c486a910dd004 c28bc62802b90f82 e878efab7c37179e 26fc2a95df5659c2
222,1d0f5fdc58e3efb5 b78189788d563693 c05f45f86d0771d5 047769588be1aea9 0683b6a78f54be75 666bdff4faa513ca 0fbd0f422e926816 6cb9ab508a0678a0 bc2ae5f4e5d53e00 d35e11d3d1ab3c67 0d0368139e9a647f 4522ad78bf79f0c9 ce0f56b7190c268a 00140806971e7a73 db7342eff9200020 3734d3b0b9232538 05f23e7d05dbf7c2 5b34da30b93eb123 72403ecdfe02bba6 b749972436ac9791 d46598813fb437e5 5430097e23000368 387e9cd2e5d4ea7d 12af6a34778710db 73391e0853c1e040 ca4de5b8a7bda9df 5a1149fbcbd37376 46b99f864d6a075a 9d5edf3b993fee50 3a6e7894dde31c67
223,1398b478b71773ed 3e66b4855d0dddbe bf973f9ec3600199 07be6a290720707d 680bb5c5c3bb6ee1 ce0f56b7190c268a 8dedff0a79784abc e8ad5e31484ef889 63d509cd2a2e0e47 5430097e23000368 c28bc62802b90f82 702d8f1064ab3e30 3986b68500d7704b 3fa57d488e979d74 b6d0f83aad4e4dc7 ff88049e61f0f4ef ae94d8435a6847f4 bd713b37b67866c3 fd30682593995748 2a06f5614060e3b6 bd0f175ee98c613e 39f6296778264878 e25a1da6ca187350 734dabb98795c35c c31a456b544a40a8 e0269da736ddf004 4b8c7061102517ef af8e70f978cd5aee 5ebb4d2f5f1c1f13 00140806971e7a73
224,734dabb98795c35c bbbd5d2fd957e8f7 47fbe21f5c35c7b4 52370bea1acd0600 4d7653ea9499eed4 9a0f5ee4f845c9b2 0bcaac840d5e66d7 c28bc62802b90f82 702d8f1064ab3e30 90ecb28f2edb9d43 3fa57d488e979d74 ff88049e61f0f4ef e0269da736ddf004 bd713b37b67866c3 fd30682593995748 2a06f5614060e3b6 39f6296778264878 e25a1da6ca187350 3986b68500d7704b e36475c1af5ea3ab e7cad3748e50b0f8 0708923badf2ff5d 942a7d26d81c841f bd0f175ee98c613e ae94d8435a6847f4 b6d0f83aad4e4dc7 b24820ae14e16a24 cea18be9a89d7a81 4b8c7061102517ef af8e70f978cd5aee
225,ecb768ef6fd223ca 1d0f5fdc58e3efb5 4105533fe46dfba9 7c9248ed6224aa26 cc861214a89ef1f4 155600e5f1221f8c 9f4e0d572b1f4e6c bc2ae5f4e5d53e00 fab14d178b24a67f b78189788d563693 7cea1f637ea3f37d af8e70f978cd5aee 4d29c6922b2d0d56 354d7a327bbcc152 61ba7707ef6a5a99 2820628e65a062e2 120e745e2961b5d5 6461a9faa871b3ac 6a3919ad9ed8197e 5430097e23000368 12af6a34778710db 047769588be1aea9 05e4165a56bf50eb ca4de5b8a7bda9df 0683b6a78f54be75 190ab585fd379f0f 666bdff4faa513ca 059bbdbdb843af6a 9c9a9d45c2ea7ddf 45bd99d5d2eef776
226,01020d1b0821f4c7 f76f44d372517a9a b6d0f83aad4e4dc7 cc861214a89ef1f4 2901e5309bb3f8f6 e5fb8dc5c9cb4a19 8faeacf8ca08f62d db7342eff9200020 acae1d29289b1266 197fa50b30d91fe8 83b911ff0ff45844 29bedd00fb2be056 b29ab87af6ea6310 a52df8083c238c46 73f770f2643a2135 f9c6286cff30aaa8 66ccd03c9e03ac06 e878efab7c37179e 853e36b1550c6274 26fc2a95df5659c2 8f578001f9d5f543 bd0f175ee98c613e bc2ae5f4e5d53e00 72c2a95813ea72bd a813c15b46ceaf68 8fc68213b63951dc ec4ef2f727e7a03f 3d93a60f990a0a7c 46315cf30aaee51c b24820ae14e16a24
227,bc2ae5f4e5d53e00 12af6a34778710db ca4de5b8a7bda9df a18df74d3a16e9c0 24e582daf6f87158 e8b87ed7db1bcb1f 20d283a232dfd13c c5830f9d0f1e29e5 c11b97f245a9dfd0 bb7515be835dea49 1dc7139adba034ec 95ecdbff44ad0b60 5430097e23000368 3fa57d488e979d74 ff88049e61f0f4ef e0269da736ddf004 bd713b37b67866c3 fd30682593995748 2a06f5614060e3b6 3986b68500d7704b 702d8f1064ab3e30 39f6296778264878 c31a456b544a40a8 9a0f5ee4f845c9b2 c28bc62802b90f82 0bcaac840d5e66d7 ae94d8435a6847f4 b6d0f83aad4e4dc7 b24820ae14e16a24 622f2e4119882c94
228,520ec719078be07c 0e45c4c185f35df6 59c231f8fd21260c a292248bb2bffb3d b6e72edcad270be0 5c4b7558c942a224 636224e349e561bf e6a29676c096f8e8 5430097e23000368 fd30682593995748 bd713b37b67866c3 e0269da736ddf004 2a06f5614060e3b6 ff88049e61f0f4ef 3fa57d488e979d74 3986b68500d7704b 39f6296778264878 702d8f1064ab3e30 c28bc62802b90f82 0bcaac840d5e66d7 9a0f5ee4f845c9b2 4d7653ea9499eed4 e25a1da6ca187350 734dabb98795c35c 942a7d26d81c841f bd0f175ee98c613e ae94d8435a6847f4 b6d0f83aad4e4dc7 b24820ae14e16a24 622f2e4119882c94
229,acae1d29289b1266 b6d0f83aad4e4dc7 cc861214a89ef1f4 a14394322cf7043d 5430097e23000368 d64c06baf5ef1c90 2901e5309bb3f8f6 e5fb8dc5c9cb4a19 db7342eff9200020 01020d1b0821f4c7 c810ac016901e8ac 36d33c41812ce7dc 197fa50b30d91fe8 4c3802a1bd3c842e 29bedd00fb2be056 27a12f29dceccdbd 9a439fd1abf95245 bc27d5dc9bab1c18 18b1d2d84c97a364 0eb4de784c8dd679 5dd752753760ced8 65d44c6393907290 5570ef88d970e9b4 22e8d6734e4121ae 00d9f8d3f7d412b3 b0bfe0f426275870 40583079f57235a6 00ff646ca6637bd7 428f9363fa35882d 1ba7a50457e93996
230,047769588be1aea9 1d0f5fdc58e3efb5 e5fb8dc5c9cb4a19 b78189788d563693 b8e2f75014710ced 0683b6a78f54be75 666bdff4faa513ca 430feb4826a5632e 2810fb6f81d1711c 64b31699d7d15934 90ecb28f2edb9d43 bd713b37b67866c3 83f8f2fc471cad74 9fbffc521da97c54 3d93a60f990a0a7c 46315cf30aaee51c ec4ef2f727e7a03f 20d283a232dfd13c 6c017e548aa138f2 a04d6febd82a4389 1f4f62844c3cb99c 025a148c3a53bd9f 0688c790d5806540 c015590d6a6fe833 a14394322cf7043d b6e646c13d0753ae 09bbaa171c20bae3 6cb9ab508a0678a0 5430097e23000368 702d8f1064ab3e30
231,0add47a043c64d7f db0e648651f4c92b 0c15f252d30646fc 9c9ebf71707d7a37 0220a434aa8bf029 49b5678e0d1e5bcd aa0789b403bcd839 c5830f9d0f1e29e5 bb7515be835dea49 1dc7139adba034ec 95ecdbff44ad0b60 3a6e7894dde31c67 b6d0f83aad4e4dc7 ae94d8435a6847f4 0bcaac840d5e66d7 c28bc62802b90f82 702d8f1064ab3e30 9a0f5ee4f845c9b2 3fa57d488e979d74 bd0f175ee98c613e 942a7d26d81c841f ff88049e61f0f4ef e0269da736ddf004 bd713b37b67866c3 fd30682593995748 2a06f5614060e3b6 3986b68500d7704b 52370bea1acd0600 47fbe21f5c35c7b4 bbbd5d2fd957e8f7
232,dac29ed8400b50cc 74e59c5820900b17 ffc688c4c1c2a068 4105533fe46dfba9 cc861214a89ef1f4 9f4e0d572b1f4e6c fab14d178b24a67f 65254e0d209fd66e 0eafda717681bbdc af8e70f978cd5aee a9eef13786610446 f705b637f624147e c08c3765ac609cc0 354d7a327bbcc152 54f55c74d37db3c0 4d417b203b333363 622f2e4119882c94 2359719a0f40ffac 6d80d2e62d01f6bc 6a3919ad9ed8197e 44d324ebd3e22ad7 005666aa098abe8e ecb768ef6fd223ca 05e4165a56bf50eb 059bbdbdb843af6a 70776cdd9bb3b7d4 047769588be1aea9 c5830f9d0f1e29e5 bb7515be835dea49 1dc7139adba034ec
233,8699cc5dd4159b69 f25bfcffedaccf28 e4a7a996ed6a5a81 bd0f175ee98c613e 8643165b0f53df11 d257d1fbcf43abd5 07f22a7ad7e4711d e7cad3748e50b0f8 e8684734f2e587bd 5430097e23000368 dc12cc503ac0eddb 39f6296778264878 2a06f5614060e3b6 fd30682593995748 bd713b37b67866c3 e0269da736ddf004 ff88049e61f0f4ef 3fa57d488e979d74 734dabb98795c35c 3986b68500d7704b 702d8f1064ab3e30 c28bc62802b90f82 0bcaac840d5e66d7 9a0f5ee4f845c9b2 4d7653ea9499eed4 942a7d26d81c841f ae94d8435a6847f4 b6d0f83aad4e4dc7 47fbe21f5c35c7b4 bbbd5d2fd957e8f7
234,26f72a4eb15ea8c0 50ba507a268872e1 8dc313a2cf9da354 4c0eee2c1a5e76e2 b50b4e27b03c7b37 d64c7c3b658689f4 0451447dd64f6284 cec2eea2a1fe566a 00ff646ca6637bd7 5430097e23000368 bbbd5d2fd957e8f7 5057551fc55e9ed2 c28bc62802b90f82 702d8f1064ab3e30 3986b68500d7704b 3fa57d488e979d74 ff88049e61f0f4ef 0bcaac840d5e66d7 bd713b37b67866c3 fd30682593995748 2a06f5614060e3b6 39f6296778264878 e25a1da6ca187350 c31a456b544a40a8 e0269da736ddf004 942a7d26d81c841f bd0f175ee98c613e ae94d8435a6847f4 b6d0f83aad4e4dc7 b24820ae14e16a24
235,59c231f8fd21260c a0566ca9daca7778 f1a3b8b13e9401c0 b1e47da7659b675c 48a76e3aff69d605 5430097e23000368 3a6e7894dde31c67 e0269da736ddf004 bd713b37b67866c3 ff88049e61f0f4ef 3fa57d488e979d74 fd30682593995748 2a06f5614060e3b6 3986b68500d7704b 702d8f1064ab3e30 c28bc62802b90f82 0bcaac840d5e66d7 39f6296778264878 9a0f5ee4f845c9b2 4d7653ea9499eed4 e25a1da6ca187350 734dabb98795c35c 942a7d26d81c841f bd0f175ee98c613e ae94d8435a6847f4 b6d0f83aad4e4dc7 b24820ae14e16a24 622f2e4119882c94 4b8c7061102517ef af8e70f978cd5aee
236,65ad9c583823162d 3b6d27775fce1c7b 106204cd0e07e1b2 feddfcf56818968e a2805ed52b47b8ec 964a50d33717c26d e8b87ed7db1bcb1f ce2fe99a7cda4a17 4bed80e56ea2e099 64c2e323906b42d3 5d26da95786b3a3a c11b97f245a9dfd0 6899956cd6c683f0 0bcaac840d5e66d7 9a0f5ee4f845c9b2 4d7653ea9499eed4 52370bea1acd0600 c28bc62802b90f82 702d8f1064ab3e30 3fa57d488e979d74 ff88049e61f0f4ef e0269da736ddf004 bd713b37b67866c3 fd30682593995748 2a06f5614060e3b6 3986b68500d7704b 734dabb98795c35c 942a7d26d81c841f bd0f175ee98c613e ae94d8435a6847f4
237,8699cc5dd4159b69 f25bfcffedaccf28 e4a7a996ed6a5a81 bd0f175ee98c613e 8643165b0f53df11 d257d1fbcf43abd5 07f22a7ad7e4711d e7cad3748e50b0f8 e8684734f2e587bd dc12cc503ac0eddb 2394b08708475900 c5830f9d0f1e29e5 bb7515be835dea49 5430097e23000368 1dc7139adba034ec 95ecdbff44ad0b60 3fa57d488e979d74 3986b68500d7704b 702d8f1064ab3e30 ff88049e61f0f4ef c28bc62802b90f82 0bcaac840d5e66d7 9a0f5ee4f845c9b2 e0269da736ddf004 4d7653ea9499eed4 52370bea1acd0600 bd713b37b67866c3 fd30682593995748 47fbe21f5c35c7b4 bbbd5d2fd957e8f7
238,d72363ddd958d906 316382267dcd804f 24e582daf6f87158 20d283a232dfd13c d64c06baf5ef1c90 c810ac016901e8ac 36d33c41812ce7dc 4c3802a1bd3c842e 27a12f29dceccdbd 9a439fd1abf95245 bc27d5dc9bab1c18 18b1d2d84c97a364 0eb4de784c8dd679 5dd752753760ced8 65d44c6393907290 5570ef88d970e9b4 22e8d6734e4121ae 00d9f8d3f7d412b3 b0bfe0f426275870 40583079f57235a6 00ff646ca6637bd7 428f9363fa35882d 1ba7a50457e93996 00af886180e9eaec cba7e22bb383083a f2b5098ac9c92da9 3a6e7894dde31c67 5430097e23000368 3986b68500d7704b 3fa57d488e979d74
239,29bedd00fb2be056 455fde214d16d350 33856365c271aea4 5989fb934598c1a7 07f22a7ad7e4711d 25a3b47fe31bc6b5 ddb3810e0289c148 387e9cd2e5d4ea7d ebfda3b48083e390 42c9b72cc77dcb28 025a148c3a53bd9f c5830f9d0f1e29e5 7155e5a86136eb02 65708d542bd01f39 57113c2a4cacd961 4d954d933e606b70 095bb1b6ecbd0a50 8643165b0f53df11 3ca7964973437917 eff60ceea8817dad 1f423f368aebf7f3 26fc2a95df5659c2 855f2f0354e102c7 63d95d5977c2fe98 7ee52d2519eea367 44d324ebd3e22ad7 1398b478b71773ed 4d417b203b333363 587e0b2a4811fab1 b6a1c97f19af78d0
240,898a4921ab9f4cce d64c06baf5ef1c90 c810ac016901e8ac 36d33c41812ce7dc 4c3802a1bd3c842e 27a12f29dceccdbd 9a439fd1abf95245 bc27d5dc9bab1c18 18b1d2d84c97a364 0eb4de784c8dd679 5dd752753760ced8 65d44c6393907290 5570ef88d970e9b4 22e8d6734e4121ae 00d9f8d3f7d412b3 b0bfe0f426275870 40583079f57235a6 00ff646ca6637bd7 428f9363fa35882d c5830f9d0f1e29e5 1ba7a50457e93996 00af886180e9eaec cba7e22bb383083a f2b5098ac9c92da9 bb7515be835dea49 5430097e23000368 1dc7139adba034ec 95ecdbff44ad0b60 702d8f1064ab3e30 3986b68500d7704b
241,4b8c7061102517ef 055d895a3b26e466 453bc79164d57a01 c015590d6a6fe833 bd0f175ee98c613e b6e646c13d0753ae 61ba7707ef6a5a99 e36475c1af5ea3ab 4105533fe46dfba9 cc861214a89ef1f4 64907c4568244eb4 451e7ba901ad661d 4c3802a1bd3c842e 6cb9ab508a0678a0 f76f44d372517a9a 9f4e0d572b1f4e6c fab14d178b24a67f 50806199c80e215c f05fa5f57dc03e81 8699cc5dd4159b69 f25bfcffedaccf28 af8e70f978cd5aee e4a7a996ed6a5a81 354d7a327bbcc152 6a3919ad9ed8197e d64c06baf5ef1c90 8643165b0f53df11 8faeacf8ca08f62d d257d1fbcf43abd5 ecb768ef6fd223ca
242,c5830f9d0f1e29e5 bb7515be835dea49 1dc7139adba034ec 95ecdbff44ad0b60 47fbe21f5c35c7b4 52370bea1acd0600 4d7653ea9499eed4 9a0f5ee4f845c9b2 0bcaac840d5e66d7 c28bc62802b90f82 702d8f1064ab3e30 bbbd5d2fd957e8f7 3fa57d488e979d74 ff88049e61f0f4ef e0269da736ddf004 bd713b37b67866c3 fd30682593995748 2a06f5614060e3b6 e25a1da6ca187350 3986b68500d7704b 0708923badf2ff5d 734dabb98795c35c 942a7d26d81c841f bd0f175ee98c613e ae94d8435a6847f4 b6d0f83aad4e4dc7 b24820ae14e16a24 622f2e4119882c94 39f6296778264878 af8e70f978cd5aee
243,52aa48c07b34dc88 7ee52d2519eea367 964a50d33717c26d b50b4e27b03c7b37 95d25d38ba7df9c7 3cb6b40d377e7ca8 5d26da95786b3a3a d6ed7e4b14c51296 64267373570e4ea3 0079f3c74309b582 3734d3b0b9232538 87c5481930cfe126 7f29daa16b9b4cda 9ab90dfc5c9b0b37 5430097e23000368 20db73cf07a45f71 28403e62105b00f6 919b1679fffa7ef1 25145708d494530b 6204e398d8c7f888 f44f74b3451aa593 b371170568146b12 7eec211cc37a1b05 ae94d8435a6847f4 cea18be9a89d7a81 19e8f436d4b2fc25 9fda36f260eec24e f58ff7f1a6cde683 8699cc5dd4159b69 90ecb28f2edb9d43
244,016da874bd04df55 351c9da399c2b915 b78189788d563693 26fc2a95df5659c2 853e36b1550c6274 8f578001f9d5f543 e878efab7c37179e ec4ef2f727e7a03f 46315cf30aaee51c 3d93a60f990a0a7c 5b16bae6a0de7c88 8dc313a2cf9da354 a04d6febd82a4389 d6bbbd6c4968075a 4c3802a1bd3c842e 74244a8703c03720 9f4e0d572b1f4e6c 025a148c3a53bd9f 1f4f62844c3cb99c 0688c790d5806540 27a12f29dceccdbd c606425856952286 4d9214c0925e5af8 047769588be1aea9 0eb4de784c8dd679 4c0eee2c1a5e76e2 9c9a9d45c2ea7ddf 666bdff4faa513ca 6a3919ad9ed8197e ce0f56b7190c268a
245,cc0c9419f8a20603 4bed80e56ea2e099 05e4165a56bf50eb 54a11cbcd7a32af4 2394b08708475900 3e8e56f639a5db5b 52aa48c07b34dc88 538c7bb968b2154c ac9ee0c09b538140 2bafd15871caae91 1efd7bd8a34a1359 919b1679fffa7ef1 628accd9be98503c 46b99f864d6a075a 20db73cf07a45f71 453bc79164d57a01 7eec211cc37a1b05 7ee52d2519eea367 5430097e23000368 702d8f1064ab3e30 3fa57d488e979d74 ff88049e61f0f4ef e0269da736ddf004 bd713b37b67866c3 fd30682593995748 622f2e4119882c94 b24820ae14e16a24 ae94d8435a6847f4 2a06f5614060e3b6 39f6296778264878
246,939a1f686ea36c05 ec1b3d7ccd3984d0 8a5635c748344d47 60a070db9f1869b5 42bb83d7c4b9ecae 9269d2b0d877352d 0a79fabc6f5d93c9 5c8c6d9a1fd4c1e0 b05b5f6850cfa158 2cebd52b41930f0a 4d9214c0925e5af8 9c9a9d45c2ea7ddf 133b04350c75770b c143c095983a65c2 f105a53e5cfae611 5430097e23000368 c5830f9d0f1e29e5 26140b225c4f8d3f 3a6e7894dde31c67 bb7515be835dea49 1dc7139adba034ec 95ecdbff44ad0b60 88b62355670ec8f8 702d8f1064ab3e30 3986b68500d7704b 3fa57d488e979d74 e0269da736ddf004 bd713b37b67866c3 fd30682593995748 2a06f5614060e3b6
247,acae1d29289b1266 20d283a232dfd13c a14394322cf7043d 24e582daf6f87158 b8e2f75014710ced fc8971756f9ec194 393f49286db04aeb 0db6584e3bdfa1c4 abf90e759d208468 6c017e548aa138f2 07f22a7ad7e4711d e7cad3748e50b0f8 047769588be1aea9 b6d0f83aad4e4dc7 cc861214a89ef1f4 6a9aa1bd93e36e66 5430097e23000368 ecb768ef6fd223ca a292248bb2bffb3d daa257a37227cd72 9100ea6cd0e084bf d64c06baf5ef1c90 2901e5309bb3f8f6 e5fb8dc5c9cb4a19 db7342eff9200020 1d72229ebcc00faf 01020d1b0821f4c7 36d33c41812ce7dc c810ac016901e8ac 197fa50b30d91fe8
248,5ebb4d2f5f1c1f13 a60934e6b473097a 0772e3ab293a1f30 eab15ee21e126f6a acf5cb026b3c4551 413c55a5ab86881a 4b05967001421eab fa173131f15f5534 a2c35fdf07a13286 1efd7bd8a34a1359 a65e30106ea50423 8bf446c0455e3c5c e0269da736ddf004 95d25d38ba7df9c7 3cb6b40d377e7ca8 486dd77002936dec 9cf6709de35bf0f3 27bc34b9887bec0d 453bc79164d57a01 d980375fbd40c75f 25145708d494530b 6204e398d8c7f888 3ca7964973437917 40583079f57235a6 bb7515be835dea49 87c5481930cfe126 ae94d8435a6847f4 72c2a95813ea72bd cea18be9a89d7a81 9fda36f260eec24e
249,5430097e23000368 acf5cb026b3c4551 acae1d29289b1266 a14394322cf7043d 3a6e7894dde31c67 52370bea1acd0600 4d7653ea9499eed4 9a0f5ee4f845c9b2 0bcaac840d5e66d7 c28bc62802b90f82 702d8f1064ab3e30 3fa57d488e979d74 ff88049e61f0f4ef e0269da736ddf004 bd713b37b67866c3 fd30682593995748 2a06f5614060e3b6 39f6296778264878 e25a1da6ca187350 c31a456b544a40a8 3986b68500d7704b 734dabb98795c35c 942a7d26d81c841f bd0f175ee98c613e ae94d8435a6847f4 b6d0f83aad4e4dc7 b24820ae14e16a24 622f2e4119882c94 4b8c7061102517ef 47fbe21f5c35c7b4
250,20db73cf07a45f71 cea18be9a89d7a81 c36c2dce0e6e434f 5b4c879fc9c316fb d6bbbd6c4968075a cc507a0d6fcf4a1c 0688c790d5806540 a9dad59c7055b56c a76ffccd2f5df1a7 0f33ce8d8014f308 25a3b47fe31bc6b5 4f2fffd7528de786 999a52f1d301247c ebfda3b48083e390 3b4a85bac6ead3c8 de8e1345e8c305c4 285657fcdf89f00d c49d8f84a4f87f8a 45bd99d5d2eef776 d92c0298f76ccf77 9f3d2ca16f358290 6899956cd6c683f0 5430097e23000368 3a6e7894dde31c67 a9223c28b10c131f c28bc62802b90f82 ff88049e61f0f4ef 3fa57d488e979d74 3986b68500d7704b e0269da736ddf004
251,5dd752753760ced8 b0bfe0f426275870 fab14d178b24a67f 6cb9ab508a0678a0 c5830f9d0f1e29e5 ddf332f2b55a2a23 bb7515be835dea49 1dc7139adba034ec 95ecdbff44ad0b60 f44f74b3451aa593 87c5481930cfe126 5430097e23000368 ff88049e61f0f4ef 3fa57d488e979d74 3986b68500d7704b 702d8f1064ab3e30 c28bc62802b90f82 e0269da736ddf004 0bcaac840d5e66d7 9a0f5ee4f845c9b2 bd713b37b67866c3 fd30682593995748 4d7653ea9499eed4 52370bea1acd0600 942a7d26d81c841f bd0f175ee98c613e ae94d8435a6847f4 b6d0f83aad4e4dc7 b24820ae14e16a24 622f2e4119882c94
252,bb7515be835dea49 c5830f9d0f1e29e5 52aa48c07b34dc88 1efd7bd8a34a1359 54a11cbcd7a32af4 f58ff7f1a6cde683 2e79d45ba4d1540d ac9ee0c09b538140 453bc79164d57a01 796888cc3443006c 6aac5e116b75aa22 fb2ebcb5335ad2e2 63d95d5977c2fe98 050544c040f46152 f48d0fbea7dc2782 05e4165a56bf50eb f2e30efbd27bee51 47fbe21f5c35c7b4 95d25d38ba7df9c7 3cb6b40d377e7ca8 24c47959ea77b15b 877672967d3f70bb 77e2f7da1f9d3a8f 622f2e4119882c94 ebfda3b48083e390 65fac1ba1840000f 9f3d2ca16f358290 27888817db122597 3ca7964973437917 d9885881381fd10a
253,8e0760918e88e4a9 66ccd03c9e03ac06 a18df74d3a16e9c0 f76f44d372517a9a a982b5c3aed39396 01b3da54ffb158a0 8faeacf8ca08f62d 54a11cbcd7a32af4 7ee52d2519eea367 83b911ff0ff45844 73f770f2643a2135 b29ab87af6ea6310 a52df8083c238c46 f9c6286cff30aaa8 7c8324ce28ffb96e f49e13a653cbdad2 8f578001f9d5f543 e878efab7c37179e 853e36b1550c6274 26fc2a95df5659c2 bd0f175ee98c613e 4d7653ea9499eed4 4f2fffd7528de786 bc2ae5f4e5d53e00 72c2a95813ea72bd a813c15b46ceaf68 8fc68213b63951dc 3d93a60f990a0a7c ec4ef2f727e7a03f 46315cf30aaee51c
254,b8e2f75014710ced 65d44c6393907290 fc8971756f9ec194 781f4d0147aef776 83f8f2fc471cad74 9fbffc521da97c54 5057551fc55e9ed2 c015590d6a6fe833 b6e646c13d0753ae 4d7653ea9499eed4 9a0f5ee4f845c9b2 0bcaac840d5e66d7 c28bc62802b90f82 702d8f1064ab3e30 3986b68500d7704b 3fa57d488e979d74 ff88049e61f0f4ef bd713b37b67866c3 fd30682593995748 2a06f5614060e3b6 39f6296778264878 e25a1da6ca187350 c31a456b544a40a8 f58ff7f1a6cde683 5547f9f1638ac345 e0269da736ddf004 942a7d26d81c841f bd0f175ee98c613e ae94d8435a6847f4 b6d0f83aad4e4dc7
255,2394b08708475900 a60934e6b473097a 5ebb4d2f5f1c1f13 a2c35fdf07a13286 a65e30106ea50423 8bf446c0455e3c5c e0269da736ddf004 0772e3ab293a1f30 eab15ee21e126f6a acf5cb026b3c4551 9cf6709de35bf0f3 27bc34b9887bec0d 4b05967001421eab fa173131f15f5534 413c55a5ab86881a d980375fbd40c75f f44f74b3451aa593 486dd77002936dec 87c5481930cfe126 702d8f1064ab3e30 c28bc62802b90f82 0bcaac840d5e66d7 9a0f5ee4f845c9b2 4d7653ea9499eed4 52370bea1acd0600 3986b68500d7704b 3fa57d488e979d74 47fbe21f5c35c7b4 ff88049e61f0f4ef bbbd5d2fd957e8f7
256,5430097e23000368 bbbd5d2fd957e8f7 47fbe21f5c35c7b4 52370bea1acd0600 4d7653ea9499eed4 9a0f5ee4f845c9b2 0bcaac840d5e66d7 c28bc62802b90f82 8e0cc5199a0ee659 3986b68500d7704b 3fa57d488e979d74 ff88049e61f0f4ef e0269da736ddf004 bd713b37b67866c3 fd30682593995748 2a06f5614060e3b6 39f6296778264878 e25a1da6ca187350 702d8f1064ab3e30 e36475c1af5ea3ab e7cad3748e50b0f8 0708923badf2ff5d 734dabb98795c35c 942a7d26d81c841f bd0f175ee98c613e ae94d8435a6847f4 b6d0f83aad4e4dc7 cea18be9a89d7a81 622f2e4119882c94 4b8c7061102517ef
257,81bd116c786bf9ae 316382267dcd804f d72363ddd958d906 5430097e23000368 4c0eee2c1a5e76e2 c03b11a0cdc3fa39 37001ade0df85823 0cd920bad11c716d b6cdb608f640e038 00958a140c3a6de8 0451447dd64f6284 bbbd5d2fd957e8f7 26f72a4eb15ea8c0 5057551fc55e9ed2 c31a456b544a40a8 c28bc62802b90f82 702d8f1064ab3e30 3986b68500d7704b 3fa57d488e979d74 ff88049e61f0f4ef e0269da736ddf004 bd713b37b67866c3 fd30682593995748 2a06f5614060e3b6 39f6296778264878 bd0f175ee98c613e e25a1da6ca187350 b6d0f83aad4e4dc7 9a0f5ee4f845c9b2 b24820ae14e16a24
258,acae1d29289b1266 e8b87ed7db1bcb1f b6d0f83aad4e4dc7 cc861214a89ef1f4 2901e5309bb3f8f6 e5fb8dc5c9cb4a19 db7342eff9200020 01020d1b0821f4c7 197fa50b30d91fe8 29bedd00fb2be056 a14394322cf7043d 24e582daf6f87158 20d283a232dfd13c 0bcaac840d5e66d7 c28bc62802b90f82 702d8f1064ab3e30 3986b68500d7704b 9a0f5ee4f845c9b2 ff88049e61f0f4ef e0269da736ddf004 bd713b37b67866c3 fd30682593995748 2a06f5614060e3b6 39f6296778264878 e25a1da6ca187350 c31a456b544a40a8 3fa57d488e979d74 4d7653ea9499eed4 52370bea1acd0600 47fbe21f5c35c7b4
259,95d25d38ba7df9c7 3cb6b40d377e7ca8 87c5481930cfe126 6204e398d8c7f888 25145708d494530b f44f74b3451aa593 ae94d8435a6847f4 cea18be9a89d7a81 19e8f436d4b2fc25 9fda36f260eec24e f58ff7f1a6cde683 8699cc5dd4159b69 bd713b37b67866c3 64b31699d7d15934 90ecb28f2edb9d43 1c3b74a02a86467d 01b3da54ffb158a0 ec1b3d7ccd3984d0 939a1f686ea36c05 60a070db9f1869b5 8a5635c748344d47 bf3ccaba4a3450a8 796888cc3443006c 050544c040f46152 63d95d5977c2fe98 6aac5e116b75aa22 f48d0fbea7dc2782 fb2ebcb5335ad2e2 3c565c1fc2316d16 bb7515be835dea49
260,898a4921ab9f4cce d72363ddd958d906 316382267dcd804f dac29ed8400b50cc 74e59c5820900b17 ffc688c4c1c2a068 65254e0d209fd66e 0eafda717681bbdc f705b637f624147e c08c3765ac609cc0 a9eef13786610446 54f55c74d37db3c0 4d417b203b333363 622f2e4119882c94 2359719a0f40ffac 6d80d2e62d01f6bc 44d324ebd3e22ad7 005666aa098abe8e 589ef345cb2dccfc 70776cdd9bb3b7d4 5430097e23000368 3a6e7894dde31c67 e0269da736ddf004 fd30682593995748 45bd99d5d2eef776 9c9a9d45c2ea7ddf 00140806971e7a73 2a06f5614060e3b6 5ebb4d2f5f1c1f13 39f6296778264878
261,f2b5098ac9c92da9 ddf332f2b55a2a23 a017f3358d5327aa d64c06baf5ef1c90 c810ac016901e8ac 36d33c41812ce7dc 4c3802a1bd3c842e 27a12f29dceccdbd 9a439fd1abf95245 bc27d5dc9bab1c18 18b1d2d84c97a364 0eb4de784c8dd679 8df3f13d6af34cb3 5dd752753760ced8 65d44c6393907290 5570ef88d970e9b4 22e8d6734e4121ae 00d9f8d3f7d412b3 b0bfe0f426275870 40583079f57235a6 00ff646ca6637bd7 428f9363fa35882d 1ba7a50457e93996 00af886180e9eaec cba7e22bb383083a 6899956cd6c683f0 3986b68500d7704b b24820ae14e16a24 3fa57d488e979d74 ff88049e61f0f4ef
262,0fbd0f422e926816 d35e11d3d1ab3c67 0d0368139e9a647f 4522ad78bf79f0c9 00140806971e7a73 db7342eff9200020 5b34da30b93eb123 05f23e7d05dbf7c2 72403ecdfe02bba6 b749972436ac9791 d46598813fb437e5 387e9cd2e5d4ea7d 73391e0853c1e040 5a1149fbcbd37376 46b99f864d6a075a 9d5edf3b993fee50 2a06f5614060e3b6 fd30682593995748 39f6296778264878 ae94d8435a6847f4 bd713b37b67866c3 b6d0f83aad4e4dc7 e0269da736ddf004 ff88049e61f0f4ef 3fa57d488e979d74 3986b68500d7704b 702d8f1064ab3e30 c28bc62802b90f82 9a0f5ee4f845c9b2 4d7653ea9499eed4
263,49224aca40e6e5e3 48cf88c17ff38c5e 25a3b47fe31bc6b5 f58ff7f1a6cde683 e14a893f1918277e bd9cd6b87a4fe0ce 4491016efed845f1 d9885881381fd10a 39075e303166355e a52df8083c238c46 73f770f2643a2135 b29ab87af6ea6310 a492bd402afd5c71 796888cc3443006c 050544c040f46152 63d95d5977c2fe98 f48d0fbea7dc2782 fb2ebcb5335ad2e2 6aac5e116b75aa22 3e66b4855d0dddbe 48f93f9c2c699e19 b3ad55963554f220 955e465ce0788ea6 d5805cdb9e8f0f48 09660f466b38b7ba 43b3338423d7386c de35d2410e916471 702d8f1064ab3e30 d7d937303a6d5a9d 81b639b74256b45b
264,1d0f5fdc58e3efb5 6899956cd6c683f0 b78189788d563693 2e4b00c01d58e79e 25145708d494530b 6204e398d8c7f888 047769588be1aea9 0683b6a78f54be75 2810fb6f81d1711c 666bdff4faa513ca f46601a9955f9949 c36c2dce0e6e434f 4491016efed845f1 39075e303166355e bd9cd6b87a4fe0ce e14a893f1918277e d9885881381fd10a 8699cc5dd4159b69 bd713b37b67866c3 64b31699d7d15934 90ecb28f2edb9d43 106204cd0e07e1b2 447fc00f40d71d08 939a1f686ea36c05 ec1b3d7ccd3984d0 8a5635c748344d47 60a070db9f1869b5 e4a7a996ed6a5a81 70ebf53ced736fa4 c5830f9d0f1e29e5
265,ca43e349133fc0e3 447fc00f40d71d08 3c565c1fc2316d16 8566d15270eb5e83 0a49074a4158155b 3b4a85bac6ead3c8 ce0f56b7190c268a aa967ad3c1f65a29 c49d8f84a4f87f8a f44f74b3451aa593 87c5481930cfe126 4d7653ea9499eed4 0bcaac840d5e66d7 c28bc62802b90f82 702d8f1064ab3e30 3986b68500d7704b 3fa57d488e979d74 ff88049e61f0f4ef e0269da736ddf004 bd713b37b67866c3 fd30682593995748 2a06f5614060e3b6 39f6296778264878 e25a1da6ca187350 9a0f5ee4f845c9b2 bd0f175ee98c613e ae94d8435a6847f4 b6d0f83aad4e4dc7 b24820ae14e16a24 622f2e4119882c94
266,f44f74b3451aa593 87c5481930cfe126 83f8f2fc471cad74 9fbffc521da97c54 3734d3b0b9232538 c015590d6a6fe833 4d9214c0925e5af8 b6e646c13d0753ae 9c9a9d45c2ea7ddf 133b04350c75770b c143c095983a65c2 f105a53e5cfae611 5430097e23000368 c5830f9d0f1e29e5 26140b225c4f8d3f bb7515be835dea49 1dc7139adba034ec 95ecdbff44ad0b60 52370bea1acd0600 366a22fce0614fb8 2a06f5614060e3b6 4d7653ea9499eed4 9a0f5ee4f845c9b2 0bcaac840d5e66d7 c28bc62802b90f82 bd713b37b67866c3 3986b68500d7704b e0269da736ddf004 00e1e2eb13f650e4 3fa57d488e979d74
267,5430097e23000368 b6d0f83aad4e4dc7 cc861214a89ef1f4 2901e5309bb3f8f6 e5fb8dc5c9cb4a19 db7342eff9200020 acae1d29289b1266 01020d1b0821f4c7 197fa50b30d91fe8 29bedd00fb2be056 24e582daf6f87158 20d283a232dfd13c 9a0f5ee4f845c9b2 0bcaac840d5e66d7 c28bc62802b90f82 702d8f1064ab3e30 39f6296778264878 3986b68500d7704b 3fa57d488e979d74 2a06f5614060e3b6 ff88049e61f0f4ef fd30682593995748 e0269da736ddf004 bd713b37b67866c3 e25a1da6ca187350 ae94d8435a6847f4 b24820ae14e16a24 622f2e4119882c94 4b8c7061102517ef af8e70f978cd5aee
268,e5fb8dc5c9cb4a19 b8e2f75014710ced bbbd5d2fd957e8f7 47fbe21f5c35c7b4 52370bea1acd0600 4d7653ea9499eed4 9a0f5ee4f845c9b2 0bcaac840d5e66d7 c28bc62802b90f82 702d8f1064ab3e30 cea18be9a89d7a81 3fa57d488e979d74 ff88049e61f0f4ef e0269da736ddf004 bd713b37b67866c3 fd30682593995748 2a06f5614060e3b6 39f6296778264878 e25a1da6ca187350 3986b68500d7704b e7cad3748e50b0f8 0708923badf2ff5d 734dabb98795c35c 942a7d26d81c841f bd0f175ee98c613e ae94d8435a6847f4 b6d0f83aad4e4dc7 b24820ae14e16a24 5fb2d8e734956af0 4b8c7061102517ef
269,155600e5f1221f8c 7cea1f637ea3f37d 4d29c6922b2d0d56 61ba7707ef6a5a99 2820628e65a062e2 120e745e2961b5d5 6461a9faa871b3ac 190ab585fd379f0f ecb768ef6fd223ca b0b5e62a93a2c37c 74873b42602d8958 d216e5458ad70e60 8abe670908f12614 07f22a7ad7e4711d 628accd9be98503c 6a9aa1bd93e36e66 e8ad5e31484ef889 1d72229ebcc00faf 24e582daf6f87158 20d283a232dfd13c c5830f9d0f1e29e5 bb7515be835dea49 1dc7139adba034ec 95ecdbff44ad0b60 3986b68500d7704b ff88049e61f0f4ef 3fa57d488e979d74 702d8f1064ab3e30 e0269da736ddf004 c28bc62802b90f82
270,a982b5c3aed39396 a853f13216170123 4b29fc21f912754d 47fbe21f5c35c7b4 52370bea1acd0600 4d7653ea9499eed4 9a0f5ee4f845c9b2 0bcaac840d5e66d7 c28bc62802b90f82 bbbd5d2fd957e8f7 3986b68500d7704b 3fa57d488e979d74 ff88049e61f0f4ef e0269da736ddf004 bd713b37b67866c3 fd30682593995748 2a06f5614060e3b6 39f6296778264878 702d8f1064ab3e30 e7cad3748e50b0f8 0708923badf2ff5d 734dabb98795c35c 942a7d26d81c841f bd0f175ee98c613e ae94d8435a6847f4 b6d0f83aad4e4dc7 b24820ae14e16a24 cea18be9a89d7a81 4b8c7061102517ef af8e70f978cd5aee
271,8dc313a2cf9da354 b50b4e27b03c7b37 50ba507a268872e1 00ff646ca6637bd7 5057551fc55e9ed2 ee3ed9a3f51336cd 5a1149fbcbd37376 5430097e23000368 3a6e7894dde31c67 24e582daf6f87158 20d283a232dfd13c c5830f9d0f1e29e5 bb7515be835dea49 1dc7139adba034ec 95ecdbff44ad0b60 52370bea1acd0600 3986b68500d7704b 3fa57d488e979d74 702d8f1064ab3e30 c28bc62802b90f82 0bcaac840d5e66d7 ff88049e61f0f4ef e0269da736ddf004 bd713b37b67866c3 9a0f5ee4f845c9b2 4d7653ea9499eed4 fd30682593995748 942a7d26d81c841f bd0f175ee98c613e ae94d8435a6847f4
272,feddfcf56818968e a2805ed52b47b8ec 5430097e23000368 5d26da95786b3a3a 106204cd0e07e1b2 ac9ee0c09b538140 964a50d33717c26d ce2fe99a7cda4a17 4bed80e56ea2e099 055d895a3b26e466 3cb6b40d377e7ca8 95d25d38ba7df9c7 64c2e323906b42d3 3734d3b0b9232538 b371170568146b12 20db73cf07a45f71 6204e398d8c7f888 25145708d494530b 6e239f4dd4b6aed7 ae94d8435a6847f4 cea18be9a89d7a81 9fda36f260eec24e 19e8f436d4b2fc25 f58ff7f1a6cde683 8699cc5dd4159b69 bd713b37b67866c3 90ecb28f2edb9d43 64b31699d7d15934 1c3b74a02a86467d 01b3da54ffb158a0
273,dc576af4ae66e25e 765c0695339c3abe 892074f7c1ef5d5e 26140b225c4f8d3f 4f915ad69e1dca36 c143c095983a65c2 4535ce2e3dced00f 6899956cd6c683f0 c49d8f84a4f87f8a 24e582daf6f87158 20d283a232dfd13c c5830f9d0f1e29e5 bb7515be835dea49 5430097e23000368 1dc7139adba034ec 95ecdbff44ad0b60 3986b68500d7704b 3fa57d488e979d74 ff88049e61f0f4ef e0269da736ddf004 702d8f1064ab3e30 bd713b37b67866c3 c28bc62802b90f82 0bcaac840d5e66d7 9a0f5ee4f845c9b2 4d7653ea9499eed4 fd30682593995748 39f6296778264878 bd0f175ee98c613e ae94d8435a6847f4
274,942a7d26d81c841f a5d5ba33b5b1dc95 09bbaa171c20bae3 ec1b3d7ccd3984d0 8a5635c748344d47 939a1f686ea36c05 60a070db9f1869b5 0a79fabc6f5d93c9 5c8c6d9a1fd4c1e0 c5830f9d0f1e29e5 bd9cd6b87a4fe0ce 4491016efed845f1 39075e303166355e e14a893f1918277e d9885881381fd10a bb7515be835dea49 d73a65673e3f1d78 1dc7139adba034ec 148ac4a56a18844d 6aac5e116b75aa22 fb2ebcb5335ad2e2 050544c040f46152 63d95d5977c2fe98 f48d0fbea7dc2782 3e66b4855d0dddbe 702d8f1064ab3e30 42bb83d7c4b9ecae 9269d2b0d877352d 42a5cae2a3a45557 fa173131f15f5534
275,da904d2a54ff8cf2 5430097e23000368 4483bbdd3241f11a 9a0f5ee4f845c9b2 3a6e7894dde31c67 6899956cd6c683f0 52370bea1acd0600 4d7653ea9499eed4 0bcaac840d5e66d7 c28bc62802b90f82 702d8f1064ab3e30 47fbe21f5c35c7b4 3fa57d488e979d74 ff88049e61f0f4ef e0269da736ddf004 bd713b37b67866c3 fd30682593995748 2a06f5614060e3b6 39f6296778264878 e25a1da6ca187350 3986b68500d7704b 0708923badf2ff5d 734dabb98795c35c 942a7d26d81c841f bd0f175ee98c613e ae94d8435a6847f4 b6d0f83aad4e4dc7 b24820ae14e16a24 622f2e4119882c94 bbbd5d2fd957e8f7
276,6e239f4dd4b6aed7 0c15f252d30646fc 1a05ef8c93af8eed 63d509cd2a2e0e47 e8b87ed7db1bcb1f c11b97f245a9dfd0 5430097e23000368 24e582daf6f87158 20d283a232dfd13c 6899956cd6c683f0 702d8f1064ab3e30 c28bc62802b90f82 3986b68500d7704b 3fa57d488e979d74 0bcaac840d5e66d7 ff88049e61f0f4ef e0269da736ddf004 9a0f5ee4f845c9b2 4d7653ea9499eed4 bd713b37b67866c3 fd30682593995748 2a06f5614060e3b6 39f6296778264878 52370bea1acd0600 47fbe21f5c35c7b4 734dabb98795c35c 942a7d26d81c841f bd0f175ee98c613e ae94d8435a6847f4 b6d0f83aad4e4dc7
277,24e582daf6f87158 09bbaa171c20bae3 a76ffccd2f5df1a7 f46601a9955f9949 96e82fa141db9a4b 62431fd374eb99fb f29eee8054c061e1 27bc34b9887bec0d 796888cc3443006c a813c15b46ceaf68 8fc68213b63951dc 393f49286db04aeb 0db6584e3bdfa1c4 069e7e25e43deab3 59bf6d6df9146d60 5fb2d8e734956af0 942a7d26d81c841f 4beacc71024f8b08 73391e0853c1e040 d6ed7e4b14c51296 daa257a37227cd72 976baf0e84752a68 20d283a232dfd13c 5430097e23000368 ff88049e61f0f4ef 1f4f62844c3cb99c e0269da736ddf004 bd713b37b67866c3 fd30682593995748 2a06f5614060e3b6
278,3a6e7894dde31c67 033d905aec273595 d1e21234d7cc61d2 f44f74b3451aa593 87c5481930cfe126 52370bea1acd0600 4d7653ea9499eed4 9a0f5ee4f845c9b2 0bcaac840d5e66d7 c28bc62802b90f82 47fbe21f5c35c7b4 3986b68500d7704b 3fa57d488e979d74 ff88049e61f0f4ef e0269da736ddf004 bd713b37b67866c3 fd30682593995748 2a06f5614060e3b6 39f6296778264878 c31a456b544a40a8 702d8f1064ab3e30 734dabb98795c35c 942a7d26d81c841f bd0f175ee98c613e ae94d8435a6847f4 b6d0f83aad4e4dc7 b24820ae14e16a24 622f2e4119882c94 4b8c7061102517ef e25a1da6ca187350
279,7c9248ed6224aa26 5057551fc55e9ed2 4c0eee2c1a5e76e2 0451447dd64f6284 ee3ed9a3f51336cd 5a1149fbcbd37376 b78189788d563693 26fc2a95df5659c2 853e36b1550c6274 8f578001f9d5f543 e878efab7c37179e bbbd5d2fd957e8f7 3d93a60f990a0a7c 46315cf30aaee51c ec4ef2f727e7a03f 016da874bd04df55 351c9da399c2b915 5b16bae6a0de7c88 8dc313a2cf9da354 fc16a50ff0baec53 a04d6febd82a4389 d6bbbd6c4968075a 4c3802a1bd3c842e 74244a8703c03720 9f4e0d572b1f4e6c 025a148c3a53bd9f 1f4f62844c3cb99c 0688c790d5806540 26f72a4eb15ea8c0 27a12f29dceccdbd
280,0cd920bad11c716d 377c1150c781e37a 0b0021aa60d05daa b6d0f83aad4e4dc7 cc861214a89ef1f4 2901e5309bb3f8f6 e5fb8dc5c9cb4a19 db7342eff9200020 f44f74b3451aa593 acae1d29289b1266 01020d1b0821f4c7 197fa50b30d91fe8 29bedd00fb2be056 87c5481930cfe126 5430097e23000368 2a06f5614060e3b6 fd30682593995748 bd713b37b67866c3 e0269da736ddf004 ff88049e61f0f4ef b24820ae14e16a24 39f6296778264878 3fa57d488e979d74 3986b68500d7704b 702d8f1064ab3e30 c28bc62802b90f82 0bcaac840d5e66d7 e25a1da6ca187350 9a0f5ee4f845c9b2 4d7653ea9499eed4
281,5430097e23000368 bbbd5d2fd957e8f7 47fbe21f5c35c7b4 52370bea1acd0600 4d7653ea9499eed4 9a0f5ee4f845c9b2 0bcaac840d5e66d7 c28bc62802b90f82 8e0cc5199a0ee659 3986b68500d7704b 3fa57d488e979d74 ff88049e61f0f4ef e0269da736ddf004 bd713b37b67866c3 fd30682593995748 2a06f5614060e3b6 39f6296778264878 e25a1da6ca187350 702d8f1064ab3e30 e36475c1af5ea3ab e7cad3748e50b0f8 0708923badf2ff5d 734dabb98795c35c 942a7d26d81c841f bd0f175ee98c613e ae94d8435a6847f4 b6d0f83aad4e4dc7 cea18be9a89d7a81 622f2e4119882c94 4b8c7061102517ef
282,5430097e23000368 0683b6a78f54be75 49b5678e0d1e5bcd 35488b3b8b781278 2b48ab08c915c0ad 42a5cae2a3a45557 238ec735a13a3f09 4d9214c0925e5af8 d92c0298f76ccf77 7e4a4a1300b77a06 db0e648651f4c92b ee3ed9a3f51336cd 2820628e65a062e2 d6ed7e4b14c51296 ae77487a89f2610c e36475c1af5ea3ab 6461a9faa871b3ac 7d83ffe83f61bdc4 bbbd5d2fd957e8f7 0220a434aa8bf029 d257d1fbcf43abd5 e7828f0ea9749505 24e582daf6f87158 20d283a232dfd13c af8e70f978cd5aee 00140806971e7a73 9c9a9d45c2ea7ddf 45bd99d5d2eef776 447fc00f40d71d08 5fb2d8e734956af0
283,4d954d933e606b70 a18df74d3a16e9c0 939a1f686ea36c05 8a5635c748344d47 60a070db9f1869b5 ec1b3d7ccd3984d0 e8ad5e31484ef889 3b6d27775fce1c7b 42bb83d7c4b9ecae 9269d2b0d877352d bc2ae5f4e5d53e00 0a79fabc6f5d93c9 5c8c6d9a1fd4c1e0 3734d3b0b9232538 5430097e23000368 b05b5f6850cfa158 12af6a34778710db 2cebd52b41930f0a ca4de5b8a7bda9df 88b62355670ec8f8 6899956cd6c683f0 3986b68500d7704b ff88049e61f0f4ef e0269da736ddf004 bd713b37b67866c3 fd30682593995748 2a06f5614060e3b6 39f6296778264878 e25a1da6ca187350 3fa57d488e979d74
284,db0e648651f4c92b 49b5678e0d1e5bcd 0220a434aa8bf029 5430097e23000368 0c15f252d30646fc 9c9ebf71707d7a37 2b48ab08c915c0ad 42a5cae2a3a45557 0add47a043c64d7f 20d283a232dfd13c 238ec735a13a3f09 4d9214c0925e5af8 7e4a4a1300b77a06 ee3ed9a3f51336cd 2820628e65a062e2 d6ed7e4b14c51296 ae77487a89f2610c e36475c1af5ea3ab 6461a9faa871b3ac 393f49286db04aeb 0db6584e3bdfa1c4 7d83ffe83f61bdc4 aa0789b403bcd839 abf90e759d208468 bbbd5d2fd957e8f7 6c017e548aa138f2 35488b3b8b781278 acae1d29289b1266 e7828f0ea9749505 07f22a7ad7e4711d
285,d216e5458ad70e60 07f22a7ad7e4711d 6a9aa1bd93e36e66 e8ad5e31484ef889 1d72229ebcc00faf 1d0f5fdc58e3efb5 a853f13216170123 b78189788d563693 4b29fc21f912754d 047769588be1aea9 0683b6a78f54be75 666bdff4faa513ca 24e582daf6f87158 20d283a232dfd13c 5430097e23000368 3a6e7894dde31c67 cea18be9a89d7a81 bbbd5d2fd957e8f7 47fbe21f5c35c7b4 52370bea1acd0600 4d7653ea9499eed4 9a0f5ee4f845c9b2 0bcaac840d5e66d7 c28bc62802b90f82 0772e3ab293a1f30 702d8f1064ab3e30 3986b68500d7704b 3fa57d488e979d74 ff88049e61f0f4ef e0269da736ddf004
286,6899956cd6c683f0 3a6e7894dde31c67 47fbe21f5c35c7b4 52370bea1acd0600 4d7653ea9499eed4 9a0f5ee4f845c9b2 0bcaac840d5e66d7 c28bc62802b90f82 059bbdbdb843af6a 3986b68500d7704b 3fa57d488e979d74 ff88049e61f0f4ef e0269da736ddf004 bd713b37b67866c3 fd30682593995748 2a06f5614060e3b6 39f6296778264878 e25a1da6ca187350 702d8f1064ab3e30 e7cad3748e50b0f8 0708923badf2ff5d 734dabb98795c35c 942a7d26d81c841f bd0f175ee98c613e ae94d8435a6847f4 b6d0f83aad4e4dc7 b24820ae14e16a24 bbbd5d2fd957e8f7 4b8c7061102517ef af8e70f978cd5aee
287,c11b97f245a9dfd0 5430097e23000368 3b6d27775fce1c7b 47fbe21f5c35c7b4 52370bea1acd0600 4d7653ea9499eed4 9a0f5ee4f845c9b2 0bcaac840d5e66d7 c28bc62802b90f82 702d8f1064ab3e30 3fa57d488e979d74 ff88049e61f0f4ef e0269da736ddf004 bd713b37b67866c3 fd30682593995748 2a06f5614060e3b6 39f6296778264878 e25a1da6ca187350 f58ff7f1a6cde683 3986b68500d7704b 0708923badf2ff5d 734dabb98795c35c 942a7d26d81c841f bd0f175ee98c613e ae94d8435a6847f4 b6d0f83aad4e4dc7 b24820ae14e16a24 622f2e4119882c94 c31a456b544a40a8 af8e70f978cd5aee
288,26140b225c4f8d3f 72c2a95813ea72bd ad06e9eeea8eb4ea a853f13216170123 7c8324ce28ffb96e c5830f9d0f1e29e5 12af6a34778710db bb7515be835dea49 4b29fc21f912754d 50cb6a6c60ad711a 4577ae048ef1967d 148ac4a56a18844d ae77487a89f2610c 1dc7139adba034ec 95ecdbff44ad0b60 52370bea1acd0600 3ca7964973437917 40583079f57235a6 0451447dd64f6284 0bcaac840d5e66d7 b6a1c97f19af78d0 58654e3143c6550b 2e031d83339759b2 413c55a5ab86881a b6e646c13d0753ae 9b0e8cf8153e3b33 486dd77002936dec 98dbd15aa33ebc18 366a22fce0614fb8 4d7653ea9499eed4
289,2901e5309bb3f8f6 01020d1b0821f4c7 24e582daf6f87158 b6d0f83aad4e4dc7 cc861214a89ef1f4 e5fb8dc5c9cb4a19 db7342eff9200020 acae1d29289b1266 f46601a9955f9949 197fa50b30d91fe8 29bedd00fb2be056 796888cc3443006c 0eafda717681bbdc a813c15b46ceaf68 8fc68213b63951dc 0db6584e3bdfa1c4 393f49286db04aeb d46598813fb437e5 59bf6d6df9146d60 6d80d2e62d01f6bc 5fb2d8e734956af0 942a7d26d81c841f 005666aa098abe8e ecb768ef6fd223ca 73391e0853c1e040 d6ed7e4b14c51296 daa257a37227cd72 33856365c271aea4 c49d8f84a4f87f8a 976baf0e84752a68
290,65fac1ba1840000f 3fa57d488e979d74 c6b615b2589e036d d92c0298f76ccf77 1ba7a50457e93996 4fe9e4e55585ba4b d257d1fbcf43abd5 43c354dbf952caaa 4d9214c0925e5af8 35488b3b8b781278 ae77487a89f2610c 5430097e23000368 49b5678e0d1e5bcd a853f13216170123 8699cc5dd4159b69 f25bfcffedaccf28 e4a7a996ed6a5a81 0683b6a78f54be75 bd0f175ee98c613e ce0f56b7190c268a a492bd402afd5c71 2b48ab08c915c0ad 42a5cae2a3a45557 4b29fc21f912754d 238ec735a13a3f09 9f4e0d572b1f4e6c 8643165b0f53df11 7e4a4a1300b77a06 db0e648651f4c92b 07f22a7ad7e4711d
291,430feb4826a5632e 20d283a232dfd13c 2810fb6f81d1711c bd713b37b67866c3 90ecb28f2edb9d43 64b31699d7d15934 3d93a60f990a0a7c ec4ef2f727e7a03f 46315cf30aaee51c 6c017e548aa138f2 a04d6febd82a4389 1f4f62844c3cb99c 025a148c3a53bd9f 0688c790d5806540 5430097e23000368 047769588be1aea9 f44f74b3451aa593 a14394322cf7043d 09bbaa171c20bae3 24e582daf6f87158 87c5481930cfe126 6cb9ab508a0678a0 6899956cd6c683f0 3fa57d488e979d74 ff88049e61f0f4ef 3986b68500d7704b 702d8f1064ab3e30 c28bc62802b90f82 0bcaac840d5e66d7 9a0f5ee4f845c9b2
292,976baf0e84752a68 fc8971756f9ec194 316382267dcd804f d72363ddd958d906 65d44c6393907290 047769588be1aea9 4c3802a1bd3c842e 27a12f29dceccdbd 0eb4de784c8dd679 781f4d0147aef776 5430097e23000368 b78189788d563693 428f9363fa35882d 8f578001f9d5f543 853e36b1550c6274 e878efab7c37179e 26fc2a95df5659c2 b6d0f83aad4e4dc7 cc861214a89ef1f4 3d93a60f990a0a7c ec4ef2f727e7a03f 46315cf30aaee51c 351c9da399c2b915 016da874bd04df55 5b16bae6a0de7c88 8dc313a2cf9da354 a04d6febd82a4389 d6bbbd6c4968075a 74244a8703c03720 9f4e0d572b1f4e6c
293,cc861214a89ef1f4 6a3919ad9ed8197e 9f4e0d572b1f4e6c 4105533fe46dfba9 ecb768ef6fd223ca 05e4165a56bf50eb fab14d178b24a67f af8e70f978cd5aee 354d7a327bbcc152 628accd9be98503c 155600e5f1221f8c 059bbdbdb843af6a 538c7bb968b2154c 4bed80e56ea2e099 2bafd15871caae91 7cea1f637ea3f37d b78189788d563693 4d29c6922b2d0d56 54a11cbcd7a32af4 65ad9c583823162d 61ba7707ef6a5a99 2820628e65a062e2 919b1679fffa7ef1 120e745e2961b5d5 853e36b1550c6274 e878efab7c37179e 8f578001f9d5f543 26fc2a95df5659c2 6461a9faa871b3ac b6d0f83aad4e4dc7
294,d64c06baf5ef1c90 430feb4826a5632e c810ac016901e8ac 36d33c41812ce7dc 4c3802a1bd3c842e 27a12f29dceccdbd 9a439fd1abf95245 2810fb6f81d1711c bc27d5dc9bab1c18 18b1d2d84c97a364 0eb4de784c8dd679 5dd752753760ced8 90ecb28f2edb9d43 bd713b37b67866c3 64b31699d7d15934 65d44c6393907290 5570ef88d970e9b4 22e8d6734e4121ae 00d9f8d3f7d412b3 b0bfe0f426275870 46315cf30aaee51c 3d93a60f990a0a7c ec4ef2f727e7a03f 40583079f57235a6 00ff646ca6637bd7 20d283a232dfd13c 6c017e548aa138f2 428f9363fa35882d a04d6febd82a4389 1ba7a50457e93996
295,a84cd36608cb8665 65254e0d209fd66e 2bafd15871caae91 8dc313a2cf9da354 c03b11a0cdc3fa39 b50b4e27b03c7b37 781aaf62a955e4e8 9f27aa36c1ea793c 0b774cf90856c4da 5430097e23000368 4d7653ea9499eed4 9a0f5ee4f845c9b2 0bcaac840d5e66d7 c28bc62802b90f82 702d8f1064ab3e30 3986b68500d7704b e25a1da6ca187350 ff88049e61f0f4ef e0269da736ddf004 bd713b37b67866c3 fd30682593995748 2a06f5614060e3b6 39f6296778264878 3fa57d488e979d74 0708923badf2ff5d 942a7d26d81c841f bd0f175ee98c613e ae94d8435a6847f4 b6d0f83aad4e4dc7 b24820ae14e16a24
296,24e582daf6f87158 73391e0853c1e040 f46601a9955f9949 0fbd0f422e926816 796888cc3443006c 8fc68213b63951dc a813c15b46ceaf68 0db6584e3bdfa1c4 393f49286db04aeb 0d0368139e9a647f d35e11d3d1ab3c67 59bf6d6df9146d60 4522ad78bf79f0c9 5fb2d8e734956af0 00140806971e7a73 20d283a232dfd13c 942a7d26d81c841f db7342eff9200020 5b34da30b93eb123 05f23e7d05dbf7c2 b749972436ac9791 72403ecdfe02bba6 d46598813fb437e5 387e9cd2e5d4ea7d d6ed7e4b14c51296 daa257a37227cd72 976baf0e84752a68 5a1149fbcbd37376 46b99f864d6a075a 9d5edf3b993fee50
297,c143c095983a65c2 e461837f0fb35048 4f915ad69e1dca36 65254e0d209fd66e 4535ce2e3dced00f c03b11a0cdc3fa39 4d9214c0925e5af8 9c9a9d45c2ea7ddf 133b04350c75770b f105a53e5cfae611 26140b225c4f8d3f 5430097e23000368 fd30682593995748 bd713b37b67866c3 2a06f5614060e3b6 39f6296778264878 e25a1da6ca187350 e0269da736ddf004 ff88049e61f0f4ef 3fa57d488e979d74 3986b68500d7704b c31a456b544a40a8 702d8f1064ab3e30 f58ff7f1a6cde683 c28bc62802b90f82 ae94d8435a6847f4 b6d0f83aad4e4dc7 b24820ae14e16a24 622f2e4119882c94 4b8c7061102517ef
298,09bbaa171c20bae3 27bc34b9887bec0d b6d0f83aad4e4dc7 cc861214a89ef1f4 c49d8f84a4f87f8a 5430097e23000368 fc16a50ff0baec53 d63b7f083330247f 4535ce2e3dced00f d64c06baf5ef1c90 2901e5309bb3f8f6 e5fb8dc5c9cb4a19 db7342eff9200020 acae1d29289b1266 01020d1b0821f4c7 36d33c41812ce7dc c810ac016901e8ac 197fa50b30d91fe8 4c3802a1bd3c842e 29bedd00fb2be056 27a12f29dceccdbd 9a439fd1abf95245 bc27d5dc9bab1c18 18b1d2d84c97a364 0eb4de784c8dd679 5dd752753760ced8 65d44c6393907290 5570ef88d970e9b4 22e8d6734e4121ae 00d9f8d3f7d412b3
299,5430097e23000368 db0e648651f4c92b 49b5678e0d1e5bcd 0220a434aa8bf029 0c15f252d30646fc 9c9ebf71707d7a37 2b48ab08c915c0ad 42a5cae2a3a45557 0add47a043c64d7f 238ec735a13a3f09 4d9214c0925e5af8 7e4a4a1300b77a06 ee3ed9a3f51336cd 2820628e65a062e2 d6ed7e4b14c51296 ae77487a89f2610c e36475c1af5ea3ab 6461a9faa871b3ac 7d83ffe83f61bdc4 aa0789b403bcd839 bbbd5d2fd957e8f7 35488b3b8b781278 e7828f0ea9749505 d92c0298f76ccf77 c5830f9d0f1e29e5 bb7515be835dea49 1dc7139adba034ec 95ecdbff44ad0b60 b6d0f83aad4e4dc7 3986b68500d7704b
300,83f8aca6ee2caabc fc8971756f9ec194 316382267dcd804f d72363ddd958d906 fab14d178b24a67f 9fbffc521da97c54 83f8f2fc471cad74 9f27aa36c1ea793c ddf332f2b55a2a23 f58ff7f1a6cde683 4105533fe46dfba9 e14a893f1918277e bd9cd6b87a4fe0ce 4491016efed845f1 d9885881381fd10a 39075e303166355e 73f770f2643a2135 b29ab87af6ea6310 a52df8083c238c46 0b774cf90856c4da f9c6286cff30aaa8 c015590d6a6fe833 a492bd402afd5c71 39f6296778264878 63d95d5977c2fe98 050544c040f46152 f48d0fbea7dc2782 fb2ebcb5335ad2e2 6aac5e116b75aa22 09660f466b38b7ba
301,d257d1fbcf43abd5 0683b6a78f54be75 35488b3b8b781278 d92c0298f76ccf77 3a6e7894dde31c67 5430097e23000368 4d7653ea9499eed4 9a0f5ee4f845c9b2 0bcaac840d5e66d7 c28bc62802b90f82 702d8f1064ab3e30 3986b68500d7704b 3fa57d488e979d74 ff88049e61f0f4ef e0269da736ddf004 bd713b37b67866c3 fd30682593995748 2a06f5614060e3b6 39f6296778264878 c31a456b544a40a8 52370bea1acd0600 0708923badf2ff5d 942a7d26d81c841f bd0f175ee98c613e ae94d8435a6847f4 b6d0f83aad4e4dc7 b24820ae14e16a24 622f2e4119882c94 4b8c7061102517ef e25a1da6ca187350
302,20d283a232dfd13c 430feb4826a5632e ec4ef2f727e7a03f 46315cf30aaee51c 3d93a60f990a0a7c a04d6febd82a4389 1f4f62844c3cb99c 025a148c3a53bd9f 0688c790d5806540 2810fb6f81d1711c 24e582daf6f87158 047769588be1aea9 bd713b37b67866c3 90ecb28f2edb9d43 64b31699d7d15934 6c017e548aa138f2 106204cd0e07e1b2 7ee52d2519eea367 a14394322cf7043d 1efd7bd8a34a1359 09bbaa171c20bae3 a2805ed52b47b8ec feddfcf56818968e 964a50d33717c26d ec1b3d7ccd3984d0 939a1f686ea36c05 8a5635c748344d47 60a070db9f1869b5 42bb83d7c4b9ecae 9269d2b0d877352d
303,0fbd0f422e926816 0d0368139e9a647f d35e11d3d1ab3c67 4522ad78bf79f0c9 00140806971e7a73 db7342eff9200020 72403ecdfe02bba6 5b34da30b93eb123 b749972436ac9791 05f23e7d05dbf7c2 d46598813fb437e5 387e9cd2e5d4ea7d 8699cc5dd4159b69 73391e0853c1e040 74e59c5820900b17 ffc688c4c1c2a068 dac29ed8400b50cc 5a1149fbcbd37376 46b99f864d6a075a 54f55c74d37db3c0 4d417b203b333363 622f2e4119882c94 65254e0d209fd66e 0eafda717681bbdc 3cb6b40d377e7ca8 95d25d38ba7df9c7 f25bfcffedaccf28 e4a7a996ed6a5a81 bd0f175ee98c613e f705b637f624147e
304,3a6e7894dde31c67 24e582daf6f87158 20d283a232dfd13c 5430097e23000368 e8684734f2e587bd f44f74b3451aa593 87c5481930cfe126 52370bea1acd0600 4d7653ea9499eed4 9a0f5ee4f845c9b2 0bcaac840d5e66d7 c28bc62802b90f82 47fbe21f5c35c7b4 3986b68500d7704b 3fa57d488e979d74 ff88049e61f0f4ef e0269da736ddf004 bd713b37b67866c3 fd30682593995748 2a06f5614060e3b6 e25a1da6ca187350 702d8f1064ab3e30 734dabb98795c35c 942a7d26d81c841f bd0f175ee98c613e ae94d8435a6847f4 b6d0f83aad4e4dc7 b24820ae14e16a24 622f2e4119882c94 4b8c7061102517ef
305,c5830f9d0f1e29e5 bb7515be835dea49 1dc7139adba034ec 95ecdbff44ad0b60 83f8f2fc471cad74 9fbffc521da97c54 c015590d6a6fe833 f44f74b3451aa593 b6e646c13d0753ae 87c5481930cfe126 c1f2e3a76d388944 cea18be9a89d7a81 366a22fce0614fb8 47fbe21f5c35c7b4 52370bea1acd0600 4d7653ea9499eed4 9a0f5ee4f845c9b2 00e1e2eb13f650e4 0bcaac840d5e66d7 c28bc62802b90f82 702d8f1064ab3e30 3986b68500d7704b 3fa57d488e979d74 ff88049e61f0f4ef e0269da736ddf004 bd713b37b67866c3 bbbd5d2fd957e8f7 734dabb98795c35c fc21db75b354a917 942a7d26d81c841f
306,2b48ab08c915c0ad 238ec735a13a3f09 ee3ed9a3f51336cd 6461a9faa871b3ac 7d83ffe83f61bdc4 e7828f0ea9749505 bbbd5d2fd957e8f7 451e7ba901ad661d 00d9f8d3f7d412b3 5430097e23000368 428f9363fa35882d 49b5678e0d1e5bcd 9f27aa36c1ea793c 74873b42602d8958 42a5cae2a3a45557 976baf0e84752a68 8abe670908f12614 4d9214c0925e5af8 7e4a4a1300b77a06 fd30682593995748 db0e648651f4c92b 4483bbdd3241f11a 2820628e65a062e2 d6ed7e4b14c51296 ae77487a89f2610c e36475c1af5ea3ab 35488b3b8b781278 0220a434aa8bf029 d92c0298f76ccf77 c28bc62802b90f82
307,1d0f5fdc58e3efb5 b78189788d563693 3c565c1fc2316d16 ce8cb4351b8c0f6e 04886579947a80c2 447fc00f40d71d08 047769588be1aea9 0683b6a78f54be75 666bdff4faa513ca 8566d15270eb5e83 3b4a85bac6ead3c8 acae1d29289b1266 95d25d38ba7df9c7 3cb6b40d377e7ca8 a14394322cf7043d 25145708d494530b 6204e398d8c7f888 ae94d8435a6847f4 cea18be9a89d7a81 9fda36f260eec24e 19e8f436d4b2fc25 f58ff7f1a6cde683 8699cc5dd4159b69 64b31699d7d15934 bd713b37b67866c3 90ecb28f2edb9d43 1c3b74a02a86467d 01b3da54ffb158a0 939a1f686ea36c05 ec1b3d7ccd3984d0
308,09bbaa171c20bae3 27bc34b9887bec0d c5830f9d0f1e29e5 bb7515be835dea49 1dc7139adba034ec 95ecdbff44ad0b60 3a6e7894dde31c67 47fbe21f5c35c7b4 52370bea1acd0600 4d7653ea9499eed4 9a0f5ee4f845c9b2 0bcaac840d5e66d7 c28bc62802b90f82 3986b68500d7704b 3fa57d488e979d74 ff88049e61f0f4ef 8e0cc5199a0ee659 e0269da736ddf004 b6cdb608f640e038 bd713b37b67866c3 fd30682593995748 2a06f5614060e3b6 702d8f1064ab3e30 0708923badf2ff5d 734dabb98795c35c 942a7d26d81c841f bd0f175ee98c613e ae94d8435a6847f4 b6d0f83aad4e4dc7 b24820ae14e16a24
309,4b8c7061102517ef 055d895a3b26e466 453bc79164d57a01 e7828f0ea9749505 fd30682593995748 4c0eee2c1a5e76e2 0451447dd64f6284 bbbd5d2fd957e8f7 26f72a4eb15ea8c0 5057551fc55e9ed2 5430097e23000368 0bcaac840d5e66d7 c28bc62802b90f82 702d8f1064ab3e30 3986b68500d7704b 3fa57d488e979d74 9a0f5ee4f845c9b2 e0269da736ddf004 bd713b37b67866c3 2a06f5614060e3b6 39f6296778264878 c31a456b544a40a8 e25a1da6ca187350 ff88049e61f0f4ef bd0f175ee98c613e ae94d8435a6847f4 b6d0f83aad4e4dc7 b24820ae14e16a24 622f2e4119882c94 942a7d26d81c841f
310,249bf372159f33e9 b84b6c0b2e4d0306 dc17b07476183764 f44f74b3451aa593 87c5481930cfe126 5430097e23000368 6899956cd6c683f0 47fbe21f5c35c7b4 39f6296778264878 52370bea1acd0600 4d7653ea9499eed4 9a0f5ee4f845c9b2 0bcaac840d5e66d7 702d8f1064ab3e30 3986b68500d7704b 3fa57d488e979d74 ff88049e61f0f4ef e0269da736ddf004 bd713b37b67866c3 fd30682593995748 2a06f5614060e3b6 c28bc62802b90f82 0708923badf2ff5d 734dabb98795c35c 942a7d26d81c841f bd0f175ee98c613e ae94d8435a6847f4 b6d0f83aad4e4dc7 b24820ae14e16a24 622f2e4119882c94
311,3734d3b0b9232538 24e582daf6f87158 20d283a232dfd13c 3a6e7894dde31c67 5430097e23000368 47fbe21f5c35c7b4 52370bea1acd0600 4d7653ea9499eed4 9a0f5ee4f845c9b2 bbbd5d2fd957e8f7 c28bc62802b90f82 702d8f1064ab3e30 3986b68500d7704b 3fa57d488e979d74 ff88049e61f0f4ef e0269da736ddf004 bd713b37b67866c3 fd30682593995748 2a06f5614060e3b6 39f6296778264878 0bcaac840d5e66d7 0708923badf2ff5d 734dabb98795c35c 942a7d26d81c841f bd0f175ee98c613e ae94d8435a6847f4 b6d0f83aad4e4dc7 b24820ae14e16a24 622f2e4119882c94 cea18be9a89d7a81
312,6e239f4dd4b6aed7 522bd6887960c25d b6d0f83aad4e4dc7 5b34da30b93eb123 05f23e7d05dbf7c2 72403ecdfe02bba6 b749972436ac9791 f705b637f624147e a9eef13786610446 c08c3765ac609cc0 387e9cd2e5d4ea7d 54f55c74d37db3c0 622f2e4119882c94 2359719a0f40ffac b69ce8b8154645f8 6aefb6531736648a 5a1149fbcbd37376 fc16a50ff0baec53 0fbd0f422e926816 5989fb934598c1a7 ffc688c4c1c2a068 74e59c5820900b17 dac29ed8400b50cc a017f3358d5327aa 46b99f864d6a075a 24e582daf6f87158 20d283a232dfd13c c5830f9d0f1e29e5 f2234bb7ce0c6f59 bb7515be835dea49
313,e403278468d84383 22756be6fd061d4c 5430097e23000368 52370bea1acd0600 4d7653ea9499eed4 9a0f5ee4f845c9b2 0bcaac840d5e66d7 c28bc62802b90f82 702d8f1064ab3e30 3986b68500d7704b c31a456b544a40a8 ff88049e61f0f4ef e0269da736ddf004 bd713b37b67866c3 fd30682593995748 2a06f5614060e3b6 39f6296778264878 e25a1da6ca187350 3fa57d488e979d74 e7cad3748e50b0f8 0708923badf2ff5d 734dabb98795c35c 942a7d26d81c841f bd0f175ee98c613e ae94d8435a6847f4 b6d0f83aad4e4dc7 b24820ae14e16a24 622f2e4119882c94 47fbe21f5c35c7b4 af8e70f978cd5aee
314,0eafda717681bbdc bb7515be835dea49 95ecdbff44ad0b60 01020d1b0821f4c7 bd0f175ee98c613e 8699cc5dd4159b69 c5830f9d0f1e29e5 2901e5309bb3f8f6 5430097e23000368 1dc7139adba034ec d46598813fb437e5 f76f44d372517a9a 781aaf62a955e4e8 0a79fabc6f5d93c9 6d80d2e62d01f6bc 33856365c271aea4 95d25d38ba7df9c7 3cb6b40d377e7ca8 f25bfcffedaccf28 e4a7a996ed6a5a81 005666aa098abe8e 87c5481930cfe126 ecb768ef6fd223ca b05b5f6850cfa158 8643165b0f53df11 8faeacf8ca08f62d d257d1fbcf43abd5 07f22a7ad7e4711d 6204e398d8c7f888 25145708d494530b
315,922e625fae98b3b9 f44f74b3451aa593 db69d4cbfef8d22f 54a11cbcd7a32af4 25a3b47fe31bc6b5 49224aca40e6e5e3 5ebb4d2f5f1c1f13 48cf88c17ff38c5e 24c47959ea77b15b 7f95168400948588 9fda36f260eec24e 19e8f436d4b2fc25 ebfda3b48083e390 83b911ff0ff45844 e1460af4a7044067 b24820ae14e16a24 72b80b099fd64ec4 538c7bb968b2154c 4bed80e56ea2e099 2bafd15871caae91 cc507a0d6fcf4a1c 172bc0ee09332ae9 4dba7ce835494a63 18ced18aee04c48e 05e4165a56bf50eb bfb8032f2183d471 919b1679fffa7ef1 e403278468d84383 e461837f0fb35048 d5952b2e031c4e7e
316,447fc00f40d71d08 3c565c1fc2316d16 5c4b7558c942a224 8566d15270eb5e83 3b4a85bac6ead3c8 a853f13216170123 4b29fc21f912754d 24e582daf6f87158 20d283a232dfd13c 3a6e7894dde31c67 4d7653ea9499eed4 9a0f5ee4f845c9b2 0bcaac840d5e66d7 c28bc62802b90f82 702d8f1064ab3e30 3986b68500d7704b 3fa57d488e979d74 ff88049e61f0f4ef e0269da736ddf004 bd713b37b67866c3 fd30682593995748 2a06f5614060e3b6 52370bea1acd0600 942a7d26d81c841f bd0f175ee98c613e ae94d8435a6847f4 b6d0f83aad4e4dc7 b24820ae14e16a24 622f2e4119882c94 4b8c7061102517ef
317,3986b68500d7704b d6ed7e4b14c51296 0220a434aa8bf029 61ba7707ef6a5a99 60a070db9f1869b5 ec1b3d7ccd3984d0 939a1f686ea36c05 8a5635c748344d47 9269d2b0d877352d 42bb83d7c4b9ecae f05fa5f57dc03e81 0a79fabc6f5d93c9 e36475c1af5ea3ab 5c8c6d9a1fd4c1e0 b05b5f6850cfa158 2820628e65a062e2 6461a9faa871b3ac 2cebd52b41930f0a 64907c4568244eb4 155600e5f1221f8c 5430097e23000368 49b5678e0d1e5bcd 7cea1f637ea3f37d 4d29c6922b2d0d56 2b48ab08c915c0ad 42a5cae2a3a45557 120e745e2961b5d5 c49d8f84a4f87f8a ecb768ef6fd223ca 238ec735a13a3f09
318,4c0eee2c1a5e76e2 0451447dd64f6284 26f72a4eb15ea8c0 50ba507a268872e1 bbbd5d2fd957e8f7 5057551fc55e9ed2 447fc00f40d71d08 a5d5ba33b5b1dc95 3c565c1fc2316d16 148ac4a56a18844d 8566d15270eb5e83 3b4a85bac6ead3c8 acae1d29289b1266 fa173131f15f5534 7d83ffe83f61bdc4 d73a65673e3f1d78 a492bd402afd5c71 74873b42602d8958 a14394322cf7043d 976baf0e84752a68 8abe670908f12614 9f4e0d572b1f4e6c fd30682593995748 4d9214c0925e5af8 bc2552a642ce8497 4483bbdd3241f11a 2e79d45ba4d1540d 9c9a9d45c2ea7ddf 133b04350c75770b ae77487a89f2610c
319,d64c06baf5ef1c90 c810ac016901e8ac 36d33c41812ce7dc 9d5edf3b993fee50 4c3802a1bd3c842e 27a12f29dceccdbd 9a439fd1abf95245 bc27d5dc9bab1c18 18b1d2d84c97a364 0eb4de784c8dd679 5dd752753760ced8 65d44c6393907290 5570ef88d970e9b4 22e8d6734e4121ae 00d9f8d3f7d412b3 b0bfe0f426275870 40583079f57235a6 00ff646ca6637bd7 428f9363fa35882d 1ba7a50457e93996 00af886180e9eaec cba7e22bb383083a f2b5098ac9c92da9 9fbffc521da97c54 83f8f2fc471cad74 c015590d6a6fe833 b6e646c13d0753ae bd0f175ee98c613e b6d0f83aad4e4dc7 e0269da736ddf004
320,6e1b6b53c9710940 24e582daf6f87158 20d283a232dfd13c 9a0f5ee4f845c9b2 0b774cf90856c4da 47fbe21f5c35c7b4 52370bea1acd0600 4d7653ea9499eed4 0bcaac840d5e66d7 c28bc62802b90f82 bbbd5d2fd957e8f7 3986b68500d7704b 3fa57d488e979d74 ff88049e61f0f4ef e0269da736ddf004 bd713b37b67866c3 fd30682593995748 2a06f5614060e3b6 39f6296778264878 e25a1da6ca187350 702d8f1064ab3e30 0708923badf2ff5d 734dabb98795c35c 942a7d26d81c841f bd0f175ee98c613e ae94d8435a6847f4 b6d0f83aad4e4dc7 b24820ae14e16a24 622f2e4119882c94 cea18be9a89d7a81
321,b7d7d9ae1cbe0d8a 3a6e7894dde31c67 5430097e23000368 b8e2f75014710ced a76ffccd2f5df1a7 fc8971756f9ec194 96e82fa141db9a4b 62431fd374eb99fb f29eee8054c061e1 fab14d178b24a67f 069e7e25e43deab3 0b0021aa60d05daa c49d8f84a4f87f8a ddf332f2b55a2a23 4beacc71024f8b08 d64c06baf5ef1c90 5057551fc55e9ed2 c810ac016901e8ac 36d33c41812ce7dc 4c3802a1bd3c842e 27a12f29dceccdbd 9a439fd1abf95245 bc27d5dc9bab1c18 18b1d2d84c97a364 0eb4de784c8dd679 5dd752753760ced8 65d44c6393907290 5570ef88d970e9b4 22e8d6734e4121ae 00d9f8d3f7d412b3
322,1d0f5fdc58e3efb5 b78189788d563693 047769588be1aea9 0683b6a78f54be75 666bdff4faa513ca cc507a0d6fcf4a1c 2394b08708475900 83b911ff0ff45844 4d954d933e606b70 72b80b099fd64ec4 b24820ae14e16a24 172bc0ee09332ae9 4dba7ce835494a63 9fda36f260eec24e 19e8f436d4b2fc25 cea18be9a89d7a81 c36c2dce0e6e434f 3a6e7894dde31c67 5b4c879fc9c316fb e1460af4a7044067 033d905aec273595 ca4de5b8a7bda9df d6bbbd6c4968075a 0688c790d5806540 a9dad59c7055b56c a76ffccd2f5df1a7 d1e21234d7cc61d2 f76f44d372517a9a 54a11cbcd7a32af4 0f33ce8d8014f308
323,a60934e6b473097a 5ebb4d2f5f1c1f13 a2c35fdf07a13286 a65e30106ea50423 8bf446c0455e3c5c e0269da736ddf004 0772e3ab293a1f30 eab15ee21e126f6a acf5cb026b3c4551 9cf6709de35bf0f3 27bc34b9887bec0d 4b05967001421eab fa173131f15f5534 0708923badf2ff5d 413c55a5ab86881a d980375fbd40c75f 486dd77002936dec 5430097e23000368 9a0f5ee4f845c9b2 4d7653ea9499eed4 0bcaac840d5e66d7 c28bc62802b90f82 702d8f1064ab3e30 52370bea1acd0600 3fa57d488e979d74 ff88049e61f0f4ef bd713b37b67866c3 3986b68500d7704b 734dabb98795c35c 942a7d26d81c841f
324,5547f9f1638ac345 27888817db122597 942a7d26d81c841f 24e582daf6f87158 4e966bb2768c2b8a 09bbaa171c20bae3 20d283a232dfd13c 97d696011258825c 99e833818ec4bbf2 eff60ceea8817dad d16da1fb61813db9 419b5dc40744fb9b 3e8e56f639a5db5b b05b5f6850cfa158 f209d29f991432f0 edc79e57b20e9036 cc0c9419f8a20603 88b62355670ec8f8 2394b08708475900 5430097e23000368 4b05967001421eab fa173131f15f5534 c5830f9d0f1e29e5 bb7515be835dea49 1dc7139adba034ec 95ecdbff44ad0b60 47fbe21f5c35c7b4 52370bea1acd0600 4b8c7061102517ef 4d7653ea9499eed4
325,964a50d33717c26d 5d26da95786b3a3a 0c15f252d30646fc 1a05ef8c93af8eed 106204cd0e07e1b2 63d509cd2a2e0e47 20db73cf07a45f71 feddfcf56818968e a2805ed52b47b8ec 81bd116c786bf9ae bc2ae5f4e5d53e00 ce2fe99a7cda4a17 4bed80e56ea2e099 ce0f56b7190c268a 64c2e323906b42d3 c5830f9d0f1e29e5 bb7515be835dea49 5057551fc55e9ed2 1dc7139adba034ec 12af6a34778710db 95ecdbff44ad0b60 ca4de5b8a7bda9df 5430097e23000368 6899956cd6c683f0 99e833818ec4bbf2 9113e9dc940fb287 9c9a9d45c2ea7ddf 45bd99d5d2eef776 447fc00f40d71d08 8faeacf8ca08f62d
326,a2c35fdf07a13286 3734d3b0b9232538 33856365c271aea4 9fbffc521da97c54 83f8f2fc471cad74 393f49286db04aeb 0db6584e3bdfa1c4 abf90e759d208468 20d283a232dfd13c 6c017e548aa138f2 acae1d29289b1266 f76f44d372517a9a 07f22a7ad7e4711d c015590d6a6fe833 e7cad3748e50b0f8 5d26da95786b3a3a a14394322cf7043d b6e646c13d0753ae 6a9aa1bd93e36e66 9b0e8cf8153e3b33 ecb768ef6fd223ca 0708923badf2ff5d a292248bb2bffb3d daa257a37227cd72 9100ea6cd0e084bf 8faeacf8ca08f62d 1d72229ebcc00faf 4d9214c0925e5af8 83b911ff0ff45844 b29ab87af6ea6310
327,0708923badf2ff5d c5830f9d0f1e29e5 bb7515be835dea49 1dc7139adba034ec 95ecdbff44ad0b60 bbbd5d2fd957e8f7 52370bea1acd0600 4d7653ea9499eed4 9a0f5ee4f845c9b2 0bcaac840d5e66d7 c28bc62802b90f82 702d8f1064ab3e30 3986b68500d7704b 3fa57d488e979d74 ff88049e61f0f4ef e0269da736ddf004 bd713b37b67866c3 fd30682593995748 2a06f5614060e3b6 47fbe21f5c35c7b4 734dabb98795c35c 942a7d26d81c841f bd0f175ee98c613e ae94d8435a6847f4 b6d0f83aad4e4dc7 b24820ae14e16a24 622f2e4119882c94 4b8c7061102517ef 39f6296778264878 5ebb4d2f5f1c1f13
328,061f3e1feeaa3094 589ef345cb2dccfc 5430097e23000368 cea18be9a89d7a81 c36c2dce0e6e434f 5b4c879fc9c316fb 3734d3b0b9232538 1efd7bd8a34a1359 9fbffc521da97c54 83f8f2fc471cad74 d6bbbd6c4968075a cc507a0d6fcf4a1c 0688c790d5806540 a9dad59c7055b56c a76ffccd2f5df1a7 00d9f8d3f7d412b3 0f33ce8d8014f308 a853f13216170123 25a3b47fe31bc6b5 781aaf62a955e4e8 453bc79164d57a01 c015590d6a6fe833 4f2fffd7528de786 999a52f1d301247c ebfda3b48083e390 3b4a85bac6ead3c8 de8e1345e8c305c4 5d26da95786b3a3a a492bd402afd5c71 285657fcdf89f00d
329,74e59c5820900b17 ffc688c4c1c2a068 dac29ed8400b50cc a9eef13786610446 f705b637f624147e c08c3765ac609cc0 2359719a0f40ffac 622f2e4119882c94 54f55c74d37db3c0 4d417b203b333363 65254e0d209fd66e 0eafda717681bbdc 005666aa098abe8e 6d80d2e62d01f6bc 44d324ebd3e22ad7 b749972436ac9791 72403ecdfe02bba6 5b34da30b93eb123 05f23e7d05dbf7c2 b6d0f83aad4e4dc7 70776cdd9bb3b7d4 0fbd0f422e926816 387e9cd2e5d4ea7d b69ce8b8154645f8 5a1149fbcbd37376 6ae470a7c9ec20fd b0e254dd420faee3 fc16a50ff0baec53 5989fb934598c1a7 a017f3358d5327aa
330,65d44c6393907290 b6d0f83aad4e4dc7 cc861214a89ef1f4 666bdff4faa513ca 2901e5309bb3f8f6 fc21db75b354a917 e5fb8dc5c9cb4a19 e8684734f2e587bd db7342eff9200020 acae1d29289b1266 01020d1b0821f4c7 197fa50b30d91fe8 29bedd00fb2be056 781f4d0147aef776 fab14d178b24a67f 24e582daf6f87158 8df3f13d6af34cb3 83f8f2fc471cad74 9fbffc521da97c54 20d283a232dfd13c ddf332f2b55a2a23 d64c06baf5ef1c90 5430097e23000368 c015590d6a6fe833 36d33c41812ce7dc c810ac016901e8ac 4c3802a1bd3c842e b6e646c13d0753ae 27a12f29dceccdbd 9a439fd1abf95245
331,1d0f5fdc58e3efb5 b78189788d563693 83f8f2fc471cad74 9fbffc521da97c54 c015590d6a6fe833 047769588be1aea9 0683b6a78f54be75 666bdff4faa513ca b6e646c13d0753ae 4d7653ea9499eed4 9a0f5ee4f845c9b2 0bcaac840d5e66d7 c28bc62802b90f82 702d8f1064ab3e30 3986b68500d7704b 3fa57d488e979d74 ff88049e61f0f4ef bd713b37b67866c3 fd30682593995748 2a06f5614060e3b6 39f6296778264878 e25a1da6ca187350 c31a456b544a40a8 f58ff7f1a6cde683 5547f9f1638ac345 e0269da736ddf004 734dabb98795c35c 942a7d26d81c841f bd0f175ee98c613e ae94d8435a6847f4
332,ce0f56b7190c268a 20d283a232dfd13c 430feb4826a5632e 4d9214c0925e5af8 9c9a9d45c2ea7ddf 2810fb6f81d1711c 24e582daf6f87158 133b04350c75770b c143c095983a65c2 bd713b37b67866c3 90ecb28f2edb9d43 64b31699d7d15934 3d93a60f990a0a7c 46315cf30aaee51c ec4ef2f727e7a03f f105a53e5cfae611 6c017e548aa138f2 a04d6febd82a4389 26140b225c4f8d3f 1f4f62844c3cb99c 025a148c3a53bd9f 0688c790d5806540 047769588be1aea9 a14394322cf7043d 09bbaa171c20bae3 6cb9ab508a0678a0 5430097e23000368 fd30682593995748 e0269da736ddf004 2a06f5614060e3b6
333,95ecdbff44ad0b60 c5830f9d0f1e29e5 bb7515be835dea49 1dc7139adba034ec e8b87ed7db1bcb1f 447fc00f40d71d08 3c565c1fc2316d16 d216e5458ad70e60 07f22a7ad7e4711d 24e582daf6f87158 8566d15270eb5e83 4f915ad69e1dca36 f76f44d372517a9a 3b4a85bac6ead3c8 50806199c80e215c c143c095983a65c2 6a9aa1bd93e36e66 4535ce2e3dced00f 20d283a232dfd13c e8ad5e31484ef889 1d72229ebcc00faf c49d8f84a4f87f8a 8faeacf8ca08f62d 83b911ff0ff45844 a52df8083c238c46 73f770f2643a2135 b29ab87af6ea6310 f9c6286cff30aaa8 66ccd03c9e03ac06 26fc2a95df5659c2
334,e8b87ed7db1bcb1f f46601a9955f9949 8643165b0f53df11 ac9ee0c09b538140 feddfcf56818968e a2805ed52b47b8ec 2e4b00c01d58e79e 942a7d26d81c841f 0683b6a78f54be75 6204e398d8c7f888 25145708d494530b c5830f9d0f1e29e5 5d26da95786b3a3a 57113c2a4cacd961 16b11706660177ff ddf332f2b55a2a23 4e966bb2768c2b8a bb7515be835dea49 24e582daf6f87158 1dc7139adba034ec 2810fb6f81d1711c 589ef345cb2dccfc fab14d178b24a67f c36c2dce0e6e434f e14a893f1918277e 4491016efed845f1 bd9cd6b87a4fe0ce 39075e303166355e d9885881381fd10a 8699cc5dd4159b69
335,8dc313a2cf9da354 b50b4e27b03c7b37 8b7c486a910dd004 ae94d8435a6847f4 cec2eea2a1fe566a bf973f9ec3600199 520ec719078be07c c05f45f86d0771d5 7c9248ed6224aa26 a0566ca9daca7778 95d25d38ba7df9c7 3cb6b40d377e7ca8 b6e72edcad270be0 587e0b2a4811fab1 3b4a85bac6ead3c8 e403278468d84383 da011b87595c1019 0e45c4c185f35df6 8dedff0a79784abc 25145708d494530b 6204e398d8c7f888 a292248bb2bffb3d 22756be6fd061d4c 58654e3143c6550b 2e031d83339759b2 cea18be9a89d7a81 9fda36f260eec24e 19e8f436d4b2fc25 f58ff7f1a6cde683 8699cc5dd4159b69
336,3e8e56f639a5db5b 4bed80e56ea2e099 7eec211cc37a1b05 46b99f864d6a075a 964a50d33717c26d 52aa48c07b34dc88 b50b4e27b03c7b37 5d26da95786b3a3a d6ed7e4b14c51296 64267373570e4ea3 0079f3c74309b582 7f29daa16b9b4cda 9ab90dfc5c9b0b37 7ee52d2519eea367 20db73cf07a45f71 28403e62105b00f6 919b1679fffa7ef1 589ef345cb2dccfc b371170568146b12 3a6e7894dde31c67 6899956cd6c683f0 702d8f1064ab3e30 c28bc62802b90f82 9a0f5ee4f845c9b2 3986b68500d7704b 3fa57d488e979d74 ff88049e61f0f4ef e0269da736ddf004 bd713b37b67866c3 fd30682593995748
337,8fc68213b63951dc a813c15b46ceaf68 ec4ef2f727e7a03f 46315cf30aaee51c 3d93a60f990a0a7c 430feb4826a5632e 24e582daf6f87158 025a148c3a53bd9f 1f4f62844c3cb99c f46601a9955f9949 2810fb6f81d1711c 796888cc3443006c 393f49286db04aeb 0db6584e3bdfa1c4 f76f44d372517a9a 90ecb28f2edb9d43 bd713b37b67866c3 64b31699d7d15934 59bf6d6df9146d60 5fb2d8e734956af0 20d283a232dfd13c 942a7d26d81c841f 6c017e548aa138f2 a04d6febd82a4389 0688c790d5806540 73391e0853c1e040 d6ed7e4b14c51296 8faeacf8ca08f62d 047769588be1aea9 daa257a37227cd72
338,3e8e56f639a5db5b b05b5f6850cfa158 97d696011258825c 99e833818ec4bbf2 4bed80e56ea2e099 eff60ceea8817dad d16da1fb61813db9 419b5dc40744fb9b 88b62355670ec8f8 f209d29f991432f0 edc79e57b20e9036 cc0c9419f8a20603 46b99f864d6a075a 4b05967001421eab fa173131f15f5534 7eec211cc37a1b05 7ee52d2519eea367 9c9ebf71707d7a37 0708923badf2ff5d c5830f9d0f1e29e5 52370bea1acd0600 9ab90dfc5c9b0b37 7f29daa16b9b4cda bb7515be835dea49 ec1b3d7ccd3984d0 60a070db9f1869b5 8a5635c748344d47 939a1f686ea36c05 1dc7139adba034ec 95ecdbff44ad0b60
339,59c231f8fd21260c b1e47da7659b675c f1a3b8b13e9401c0 520ec719078be07c b6e72edcad270be0 a0566ca9daca7778 e6a29676c096f8e8 636224e349e561bf 0e45c4c185f35df6 a292248bb2bffb3d 5c4b7558c942a224 48a76e3aff69d605 5430097e23000368 acae1d29289b1266 a14394322cf7043d e8684734f2e587bd 3a6e7894dde31c67 0bcaac840d5e66d7 c28bc62802b90f82 39f6296778264878 702d8f1064ab3e30 3986b68500d7704b 3fa57d488e979d74 ff88049e61f0f4ef e0269da736ddf004 bd713b37b67866c3 fd30682593995748 2a06f5614060e3b6 9a0f5ee4f845c9b2 ae94d8435a6847f4
340,24e582daf6f87158 f46601a9955f9949 796888cc3443006c 8fc68213b63951dc a813c15b46ceaf68 393f49286db04aeb 0db6584e3bdfa1c4 59bf6d6df9146d60 5fb2d8e734956af0 942a7d26d81c841f 73391e0853c1e040 d6ed7e4b14c51296 daa257a37227cd72 976baf0e84752a68 2901e5309bb3f8f6 0eafda717681bbdc 8a5635c748344d47 60a070db9f1869b5 939a1f686ea36c05 ec1b3d7ccd3984d0 0b774cf90856c4da 9269d2b0d877352d 42bb83d7c4b9ecae 01020d1b0821f4c7 d46598813fb437e5 0a79fabc6f5d93c9 5c8c6d9a1fd4c1e0 6d80d2e62d01f6bc 9fbffc521da97c54 83f8f2fc471cad74
341,24e582daf6f87158 f46601a9955f9949 796888cc3443006c 8fc68213b63951dc a813c15b46ceaf68 393f49286db04aeb 0db6584e3bdfa1c4 ecb768ef6fd223ca 59bf6d6df9146d60 5fb2d8e734956af0 942a7d26d81c841f c5830f9d0f1e29e5 73391e0853c1e040 bb7515be835dea49 d6ed7e4b14c51296 daa257a37227cd72 976baf0e84752a68 2901e5309bb3f8f6 155600e5f1221f8c 0eafda717681bbdc 01020d1b0821f4c7 d46598813fb437e5 b78189788d563693 7cea1f637ea3f37d 6d80d2e62d01f6bc 4d29c6922b2d0d56 853e36b1550c6274 8f578001f9d5f543 26fc2a95df5659c2 e878efab7c37179e
342,ca43e349133fc0e3 0a49074a4158155b c49d8f84a4f87f8a aa967ad3c1f65a29 855f2f0354e102c7 e25a1da6ca187350 b6cdb608f640e038 01ecc81f6341e902 27bc34b9887bec0d 2901e5309bb3f8f6 0eafda717681bbdc 01020d1b0821f4c7 d46598813fb437e5 6d80d2e62d01f6bc 005666aa098abe8e ecb768ef6fd223ca 33856365c271aea4 5ebb4d2f5f1c1f13 3fa57d488e979d74 ff88049e61f0f4ef e0269da736ddf004 bd713b37b67866c3 fd30682593995748 2a06f5614060e3b6 af8e70f978cd5aee 4b8c7061102517ef 622f2e4119882c94 b24820ae14e16a24 c31a456b544a40a8 39f6296778264878
343,a853f13216170123 4b29fc21f912754d c5830f9d0f1e29e5 bb7515be835dea49 1dc7139adba034ec 95ecdbff44ad0b60 3a6e7894dde31c67 4d7653ea9499eed4 9a0f5ee4f845c9b2 0bcaac840d5e66d7 c28bc62802b90f82 702d8f1064ab3e30 3986b68500d7704b ff88049e61f0f4ef e0269da736ddf004 bd713b37b67866c3 bd0f175ee98c613e 942a7d26d81c841f fd30682593995748 2a06f5614060e3b6 39f6296778264878 3fa57d488e979d74 b24820ae14e16a24 622f2e4119882c94 4b8c7061102517ef af8e70f978cd5aee 5ebb4d2f5f1c1f13 b6d0f83aad4e4dc7 00140806971e7a73 52370bea1acd0600
344,5430097e23000368 da011b87595c1019 2e031d83339759b2 fab14d178b24a67f 49b5678e0d1e5bcd 2b48ab08c915c0ad 42a5cae2a3a45557 ddf332f2b55a2a23 238ec735a13a3f09 4d9214c0925e5af8 7e4a4a1300b77a06 0b774cf90856c4da db0e648651f4c92b ee3ed9a3f51336cd 2820628e65a062e2 d6ed7e4b14c51296 ae77487a89f2610c e36475c1af5ea3ab 6461a9faa871b3ac 7d83ffe83f61bdc4 bbbd5d2fd957e8f7 35488b3b8b781278 0220a434aa8bf029 e7828f0ea9749505 d92c0298f76ccf77 2a06f5614060e3b6 c28bc62802b90f82 702d8f1064ab3e30 3986b68500d7704b e0269da736ddf004
345,6e12311169bcb24c c1f2e3a76d388944 964a50d33717c26d d257d1fbcf43abd5 95d25d38ba7df9c7 3cb6b40d377e7ca8 0683b6a78f54be75 5d26da95786b3a3a 5430097e23000368 35488b3b8b781278 20db73cf07a45f71 25145708d494530b 6204e398d8c7f888 d92c0298f76ccf77 ae94d8435a6847f4 cea18be9a89d7a81 19e8f436d4b2fc25 9fda36f260eec24e f58ff7f1a6cde683 8699cc5dd4159b69 64b31699d7d15934 bd713b37b67866c3 90ecb28f2edb9d43 1c3b74a02a86467d 01b3da54ffb158a0 8a5635c748344d47 939a1f686ea36c05 60a070db9f1869b5 ec1b3d7ccd3984d0 bf3ccaba4a3450a8
346,a853f13216170123 0add47a043c64d7f a0b1f4dd32f3e278 b1dcaca98bb76736 ba5199dba342af68 aa0789b403bcd839 069e7e25e43deab3 238de368bb05c0ec f2e30efbd27bee51 db0e648651f4c92b 0c15f252d30646fc bc2ae5f4e5d53e00 9c9ebf71707d7a37 0220a434aa8bf029 4b29fc21f912754d 49b5678e0d1e5bcd d64c06baf5ef1c90 12af6a34778710db ca4de5b8a7bda9df c810ac016901e8ac 36d33c41812ce7dc 4c3802a1bd3c842e 27a12f29dceccdbd 9a439fd1abf95245 bc27d5dc9bab1c18 18b1d2d84c97a364 24e582daf6f87158 0eb4de784c8dd679 5dd752753760ced8 65d44c6393907290
347,e8684734f2e587bd 4d9214c0925e5af8 9c9a9d45c2ea7ddf 133b04350c75770b f105a53e5cfae611 a492bd402afd5c71 26140b225c4f8d3f 9f4e0d572b1f4e6c 2e79d45ba4d1540d ae77487a89f2610c 1a05ef8c93af8eed 4d954d933e606b70 3ca7964973437917 0bcaac840d5e66d7 2e031d83339759b2 50806199c80e215c c143c095983a65c2 d1e21234d7cc61d2 486dd77002936dec 3fa57d488e979d74 ff88049e61f0f4ef 3986b68500d7704b 702d8f1064ab3e30 e0269da736ddf004 c28bc62802b90f82 bd713b37b67866c3 fd30682593995748 2a06f5614060e3b6 39f6296778264878 9a0f5ee4f845c9b2
348,65254e0d209fd66e c03b11a0cdc3fa39 a76ffccd2f5df1a7 96e82fa141db9a4b 62431fd374eb99fb f29eee8054c061e1 069e7e25e43deab3 b6d0f83aad4e4dc7 cc861214a89ef1f4 c49d8f84a4f87f8a 4beacc71024f8b08 2901e5309bb3f8f6 e5fb8dc5c9cb4a19 db7342eff9200020 acae1d29289b1266 01020d1b0821f4c7 197fa50b30d91fe8 29bedd00fb2be056 24e582daf6f87158 20d283a232dfd13c 6899956cd6c683f0 3a6e7894dde31c67 bd713b37b67866c3 ff88049e61f0f4ef 3fa57d488e979d74 e0269da736ddf004 3986b68500d7704b fd30682593995748 2a06f5614060e3b6 702d8f1064ab3e30
349,f0d53dcf0c296b57 f54ad8d1eb18212e c49d8f84a4f87f8a 3a6e7894dde31c67 c5830f9d0f1e29e5 bb7515be835dea49 1dc7139adba034ec 95ecdbff44ad0b60 39f6296778264878 2a06f5614060e3b6 fd30682593995748 942a7d26d81c841f bd713b37b67866c3 e0269da736ddf004 ff88049e61f0f4ef 3fa57d488e979d74 3986b68500d7704b 702d8f1064ab3e30 c28bc62802b90f82 0bcaac840d5e66d7 bd0f175ee98c613e 9a0f5ee4f845c9b2 4d7653ea9499eed4 622f2e4119882c94 4b8c7061102517ef af8e70f978cd5aee 5ebb4d2f5f1c1f13 00140806971e7a73 9c9a9d45c2ea7ddf 45bd99d5d2eef776
350,5430097e23000368 49b5678e0d1e5bcd 4d954d933e606b70 2b48ab08c915c0ad 42a5cae2a3a45557 238ec735a13a3f09 4d9214c0925e5af8 7e4a4a1300b77a06 db0e648651f4c92b ee3ed9a3f51336cd 2820628e65a062e2 d6ed7e4b14c51296 ae77487a89f2610c e36475c1af5ea3ab 6461a9faa871b3ac 7d83ffe83f61bdc4 bbbd5d2fd957e8f7 35488b3b8b781278 f05fa5f57dc03e81 0220a434aa8bf029 e7828f0ea9749505 d92c0298f76ccf77 0b774cf90856c4da 24e582daf6f87158 20d283a232dfd13c 9a0f5ee4f845c9b2 0bcaac840d5e66d7 c28bc62802b90f82 702d8f1064ab3e30 3986b68500d7704b
351,1d72229ebcc00faf ca43e349133fc0e3 d216e5458ad70e60 07f22a7ad7e4711d 0a49074a4158155b 6a9aa1bd93e36e66 aa967ad3c1f65a29 e8ad5e31484ef889 c49d8f84a4f87f8a 4d9214c0925e5af8 9c9a9d45c2ea7ddf 133b04350c75770b c143c095983a65c2 f105a53e5cfae611 c5830f9d0f1e29e5 26140b225c4f8d3f bb7515be835dea49 5430097e23000368 1dc7139adba034ec 95ecdbff44ad0b60 fd30682593995748 3986b68500d7704b 2a06f5614060e3b6 3fa57d488e979d74 702d8f1064ab3e30 e25a1da6ca187350 c28bc62802b90f82 ff88049e61f0f4ef e0269da736ddf004 0bcaac840d5e66d7
352,455fde214d16d350 95166957b2c38794 0db6584e3bdfa1c4 393f49286db04aeb abf90e759d208468 20d283a232dfd13c 6c017e548aa138f2 acae1d29289b1266 07f22a7ad7e4711d e7cad3748e50b0f8 a14394322cf7043d 2394b08708475900 6a9aa1bd93e36e66 ecb768ef6fd223ca a292248bb2bffb3d daa257a37227cd72 9100ea6cd0e084bf 1d72229ebcc00faf c5830f9d0f1e29e5 bb7515be835dea49 5430097e23000368 1dc7139adba034ec 95ecdbff44ad0b60 47fbe21f5c35c7b4 52370bea1acd0600 bbbd5d2fd957e8f7 cea18be9a89d7a81 5fb2d8e734956af0 4d7653ea9499eed4 0add47a043c64d7f
353,33856365c271aea4 5430097e23000368 939a1f686ea36c05 8a5635c748344d47 ec1b3d7ccd3984d0 60a070db9f1869b5 42bb83d7c4b9ecae 9269d2b0d877352d d257d1fbcf43abd5 0a79fabc6f5d93c9 5c8c6d9a1fd4c1e0 0683b6a78f54be75 b05b5f6850cfa158 35488b3b8b781278 2cebd52b41930f0a d92c0298f76ccf77 24e582daf6f87158 20d283a232dfd13c c5830f9d0f1e29e5 bb7515be835dea49 1dc7139adba034ec 95ecdbff44ad0b60 88b62355670ec8f8 52370bea1acd0600 4d7653ea9499eed4 9a0f5ee4f845c9b2 0772e3ab293a1f30 0bcaac840d5e66d7 c28bc62802b90f82 702d8f1064ab3e30
354,128d583954b18074 d73a65673e3f1d78 a5d5ba33b5b1dc95 148ac4a56a18844d e8b87ed7db1bcb1f fa173131f15f5534 5430097e23000368 c11b97f245a9dfd0 bc2552a642ce8497 24e582daf6f87158 7b81f1f2b6ec2e5f 04fda7c9d8971ec0 c5830f9d0f1e29e5 20d283a232dfd13c bb7515be835dea49 1dc7139adba034ec 95ecdbff44ad0b60 95d25d38ba7df9c7 3cb6b40d377e7ca8 2e4b00c01d58e79e f76f44d372517a9a 1d0f5fdc58e3efb5 430feb4826a5632e 25145708d494530b 6204e398d8c7f888 1398b478b71773ed 8faeacf8ca08f62d 2810fb6f81d1711c ca43e349133fc0e3 8e0cc5199a0ee659
355,106204cd0e07e1b2 feddfcf56818968e a2805ed52b47b8ec 964a50d33717c26d ce2fe99a7cda4a17 4bed80e56ea2e099 ce0f56b7190c268a 64c2e323906b42d3 5d26da95786b3a3a 3734d3b0b9232538 3a6e7894dde31c67 8dedff0a79784abc a2c35fdf07a13286 5430097e23000368 f76f44d372517a9a 0708923badf2ff5d 8faeacf8ca08f62d 83b911ff0ff45844 73f770f2643a2135 b29ab87af6ea6310 a52df8083c238c46 f9c6286cff30aaa8 66ccd03c9e03ac06 26fc2a95df5659c2 e878efab7c37179e 8f578001f9d5f543 853e36b1550c6274 bd0f175ee98c613e bc2ae5f4e5d53e00 72c2a95813ea72bd
356,24e582daf6f87158 20d283a232dfd13c f46601a9955f9949 dac29ed8400b50cc 74e59c5820900b17 ffc688c4c1c2a068 ac9ee0c09b538140 a2805ed52b47b8ec feddfcf56818968e 796888cc3443006c 60a070db9f1869b5 8a5635c748344d47 939a1f686ea36c05 ec1b3d7ccd3984d0 8fc68213b63951dc a813c15b46ceaf68 393f49286db04aeb 0db6584e3bdfa1c4 9269d2b0d877352d 42bb83d7c4b9ecae acae1d29289b1266 0a79fabc6f5d93c9 59bf6d6df9146d60 65254e0d209fd66e 0eafda717681bbdc 5c8c6d9a1fd4c1e0 055d895a3b26e466 5fb2d8e734956af0 f705b637f624147e a9eef13786610446
357,24e582daf6f87158 20d283a232dfd13c b6d0f83aad4e4dc7 cc861214a89ef1f4 2901e5309bb3f8f6 e5fb8dc5c9cb4a19 db7342eff9200020 acae1d29289b1266 01020d1b0821f4c7 197fa50b30d91fe8 29bedd00fb2be056 c5830f9d0f1e29e5 bb7515be835dea49 1dc7139adba034ec 95ecdbff44ad0b60 00140806971e7a73 c31a456b544a40a8 e25a1da6ca187350 39f6296778264878 2a06f5614060e3b6 fd30682593995748 bd713b37b67866c3 e0269da736ddf004 ff88049e61f0f4ef 3fa57d488e979d74 3986b68500d7704b 702d8f1064ab3e30 c28bc62802b90f82 0bcaac840d5e66d7 9c9a9d45c2ea7ddf
358,c5830f9d0f1e29e5 bb7515be835dea49 1dc7139adba034ec 95ecdbff44ad0b60 47fbe21f5c35c7b4 52370bea1acd0600 4d7653ea9499eed4 9a0f5ee4f845c9b2 0bcaac840d5e66d7 c28bc62802b90f82 702d8f1064ab3e30 bbbd5d2fd957e8f7 3fa57d488e979d74 ff88049e61f0f4ef e0269da736ddf004 bd713b37b67866c3 fd30682593995748 2a06f5614060e3b6 e25a1da6ca187350 3986b68500d7704b 0708923badf2ff5d 734dabb98795c35c 942a7d26d81c841f bd0f175ee98c613e ae94d8435a6847f4 b6d0f83aad4e4dc7 b24820ae14e16a24 622f2e4119882c94 39f6296778264878 af8e70f978cd5aee
359,b371170568146b12 acf5cb026b3c4551 6899956cd6c683f0 3a6e7894dde31c67 52370bea1acd0600 4d7653ea9499eed4 9a0f5ee4f845c9b2 0bcaac840d5e66d7 c28bc62802b90f82 702d8f1064ab3e30 c31a456b544a40a8 3fa57d488e979d74 ff88049e61f0f4ef e0269da736ddf004 bd713b37b67866c3 fd30682593995748 2a06f5614060e3b6 39f6296778264878 e25a1da6ca187350 3986b68500d7704b 0708923badf2ff5d 734dabb98795c35c 942a7d26d81c841f bd0f175ee98c613e ae94d8435a6847f4 b6d0f83aad4e4dc7 b24820ae14e16a24 622f2e4119882c94 47fbe21f5c35c7b4 af8e70f978cd5aee
360,ae94d8435a6847f4 a853f13216170123 bf973f9ec3600199 520ec719078be07c a0566ca9daca7778 b6e72edcad270be0 4b29fc21f912754d 587e0b2a4811fab1 3b4a85bac6ead3c8 e403278468d84383 da011b87595c1019 0e45c4c185f35df6 8dedff0a79784abc a292248bb2bffb3d 22756be6fd061d4c 58654e3143c6550b 2e031d83339759b2 dc12cc503ac0eddb fd30682593995748 2a06f5614060e3b6 bd713b37b67866c3 39f6296778264878 e0269da736ddf004 ff88049e61f0f4ef 3fa57d488e979d74 3986b68500d7704b 702d8f1064ab3e30 b24820ae14e16a24 622f2e4119882c94 4b8c7061102517ef
361,a0566ca9daca7778 59c231f8fd21260c f1a3b8b13e9401c0 ae94d8435a6847f4 bf973f9ec3600199 520ec719078be07c b6e72edcad270be0 587e0b2a4811fab1 3b4a85bac6ead3c8 e403278468d84383 da011b87595c1019 0e45c4c185f35df6 8dedff0a79784abc a292248bb2bffb3d 22756be6fd061d4c 58654e3143c6550b 2e031d83339759b2 24e582daf6f87158 20d283a232dfd13c dc12cc503ac0eddb e0269da736ddf004 bd713b37b67866c3 ff88049e61f0f4ef fd30682593995748 3fa57d488e979d74 3986b68500d7704b 2a06f5614060e3b6 702d8f1064ab3e30 b6d0f83aad4e4dc7 b24820ae14e16a24
362,24e582daf6f87158 2394b08708475900 430feb4826a5632e 20d283a232dfd13c f46601a9955f9949 2810fb6f81d1711c 796888cc3443006c 8fc68213b63951dc a813c15b46ceaf68 0db6584e3bdfa1c4 393f49286db04aeb 90ecb28f2edb9d43 bd713b37b67866c3 64b31699d7d15934 59bf6d6df9146d60 9fbffc521da97c54 83f8f2fc471cad74 ec4ef2f727e7a03f 46315cf30aaee51c 3d93a60f990a0a7c 5fb2d8e734956af0 942a7d26d81c841f 6c017e548aa138f2 a04d6febd82a4389 025a148c3a53bd9f 1f4f62844c3cb99c 0688c790d5806540 fc16a50ff0baec53 73391e0853c1e040 d63b7f083330247f
363,e8b87ed7db1bcb1f 2394b08708475900 c11b97f245a9dfd0 0bcaac840d5e66d7 16b11706660177ff 57113c2a4cacd961 f49e13a653cbdad2 8643165b0f53df11 22dc81380cf4baec c5830f9d0f1e29e5 9113e9dc940fb287 bb7515be835dea49 24e582daf6f87158 d63b7f083330247f 1dc7139adba034ec 95ecdbff44ad0b60 a492bd402afd5c71 20d283a232dfd13c 9f4e0d572b1f4e6c 4d9214c0925e5af8 f44f74b3451aa593 2e79d45ba4d1540d 9c9a9d45c2ea7ddf 133b04350c75770b ae77487a89f2610c 1a05ef8c93af8eed 4d954d933e606b70 3ca7964973437917 87c5481930cfe126 2e031d83339759b2
364,5430097e23000368 4d9214c0925e5af8 a492bd402afd5c71 95166957b2c38794 ae77487a89f2610c 3ca7964973437917 9f4e0d572b1f4e6c 42a5cae2a3a45557 ec1b3d7ccd3984d0 939a1f686ea36c05 8a5635c748344d47 60a070db9f1869b5 49b5678e0d1e5bcd 2e79d45ba4d1540d 9c9a9d45c2ea7ddf 0a79fabc6f5d93c9 95d25d38ba7df9c7 3cb6b40d377e7ca8 133b04350c75770b f58ff7f1a6cde683 1a05ef8c93af8eed 2b48ab08c915c0ad 4d954d933e606b70 0bcaac840d5e66d7 2e031d83339759b2 796888cc3443006c 6aac5e116b75aa22 63d95d5977c2fe98 f48d0fbea7dc2782 050544c040f46152
365,a017f3358d5327aa 0220a434aa8bf029 bc2ae5f4e5d53e00 b78189788d563693 8f578001f9d5f543 26fc2a95df5659c2 853e36b1550c6274 e878efab7c37179e 46315cf30aaee51c ec4ef2f727e7a03f 3d93a60f990a0a7c 016da874bd04df55 351c9da399c2b915 5b16bae6a0de7c88 8dc313a2cf9da354 a04d6febd82a4389 d6bbbd6c4968075a 4c3802a1bd3c842e 74244a8703c03720 9f4e0d572b1f4e6c 025a148c3a53bd9f 1f4f62844c3cb99c 0688c790d5806540 12af6a34778710db 27a12f29dceccdbd c606425856952286 4d9214c0925e5af8 047769588be1aea9 0eb4de784c8dd679 ca4de5b8a7bda9df
366,24e582daf6f87158 f46601a9955f9949 fab14d178b24a67f 796888cc3443006c a813c15b46ceaf68 8fc68213b63951dc 0db6584e3bdfa1c4 393f49286db04aeb 59bf6d6df9146d60 5fb2d8e734956af0 5430097e23000368 942a7d26d81c841f 3734d3b0b9232538 ddf332f2b55a2a23 73391e0853c1e040 d6ed7e4b14c51296 daa257a37227cd72 976baf0e84752a68 20d283a232dfd13c 39f6296778264878 2a06f5614060e3b6 622f2e4119882c94 fd30682593995748 4b8c7061102517ef bd713b37b67866c3 e0269da736ddf004 ff88049e61f0f4ef 3fa57d488e979d74 3986b68500d7704b af8e70f978cd5aee
367,b0e254dd420faee3 6ae470a7c9ec20fd 587e0b2a4811fab1 0708923badf2ff5d 0eedb1a0d3b8ddae 52370bea1acd0600 4d7653ea9499eed4 9a0f5ee4f845c9b2 0bcaac840d5e66d7 c28bc62802b90f82 702d8f1064ab3e30 e25a1da6ca187350 3fa57d488e979d74 ff88049e61f0f4ef e0269da736ddf004 bd713b37b67866c3 fd30682593995748 2a06f5614060e3b6 39f6296778264878 3986b68500d7704b e7cad3748e50b0f8 734dabb98795c35c 942a7d26d81c841f bd0f175ee98c613e ae94d8435a6847f4 b6d0f83aad4e4dc7 b24820ae14e16a24 622f2e4119882c94 47fbe21f5c35c7b4 af8e70f978cd5aee
368,1398b478b71773ed 3e66b4855d0dddbe bf973f9ec3600199 07be6a290720707d 680bb5c5c3bb6ee1 ce0f56b7190c268a 8dedff0a79784abc e8ad5e31484ef889 63d509cd2a2e0e47 acae1d29289b1266 a853f13216170123 a14394322cf7043d 4b29fc21f912754d c5830f9d0f1e29e5 3a6e7894dde31c67 bb7515be835dea49 1dc7139adba034ec 95ecdbff44ad0b60 e0269da736ddf004 2a06f5614060e3b6 ff88049e61f0f4ef bd713b37b67866c3 3fa57d488e979d74 3986b68500d7704b 39f6296778264878 702d8f1064ab3e30 c28bc62802b90f82 fd30682593995748 ae94d8435a6847f4 b24820ae14e16a24
369,204ec91c39d1479d cc2cc23a98c14c33 c5830f9d0f1e29e5 bb7515be835dea49 1dc7139adba034ec 95ecdbff44ad0b60 bbbd5d2fd957e8f7 47fbe21f5c35c7b4 e25a1da6ca187350 52370bea1acd0600 2a06f5614060e3b6 4d7653ea9499eed4 9a0f5ee4f845c9b2 0bcaac840d5e66d7 c28bc62802b90f82 702d8f1064ab3e30 3986b68500d7704b 3fa57d488e979d74 ff88049e61f0f4ef e0269da736ddf004 bd713b37b67866c3 fd30682593995748 0708923badf2ff5d 734dabb98795c35c 942a7d26d81c841f bd0f175ee98c613e ae94d8435a6847f4 b6d0f83aad4e4dc7 b24820ae14e16a24 622f2e4119882c94
370,20db73cf07a45f71 24e582daf6f87158 7ee52d2519eea367 20d283a232dfd13c acae1d29289b1266 3cb6b40d377e7ca8 95d25d38ba7df9c7 a14394322cf7043d 87c5481930cfe126 bb7515be835dea49 5430097e23000368 fc16a50ff0baec53 d63b7f083330247f 4535ce2e3dced00f 6204e398d8c7f888 25145708d494530b f44f74b3451aa593 ae94d8435a6847f4 cea18be9a89d7a81 19e8f436d4b2fc25 9fda36f260eec24e f58ff7f1a6cde683 8699cc5dd4159b69 64b31699d7d15934 bd713b37b67866c3 90ecb28f2edb9d43 1c3b74a02a86467d 01b3da54ffb158a0 8a5635c748344d47 939a1f686ea36c05
371,5430097e23000368 f44f74b3451aa593 87c5481930cfe126 47fbe21f5c35c7b4 52370bea1acd0600 4d7653ea9499eed4 9a0f5ee4f845c9b2 0bcaac840d5e66d7 c28bc62802b90f82 702d8f1064ab3e30 3fa57d488e979d74 ff88049e61f0f4ef e0269da736ddf004 bd713b37b67866c3 fd30682593995748 2a06f5614060e3b6 39f6296778264878 e25a1da6ca187350 3986b68500d7704b 0708923badf2ff5d 734dabb98795c35c 942a7d26d81c841f bd0f175ee98c613e ae94d8435a6847f4 b6d0f83aad4e4dc7 b24820ae14e16a24 622f2e4119882c94 bbbd5d2fd957e8f7 af8e70f978cd5aee 5ebb4d2f5f1c1f13
372,8b7c486a910dd004 cec2eea2a1fe566a c05f45f86d0771d5 5430097e23000368 d64c06baf5ef1c90 36d33c41812ce7dc c810ac016901e8ac 4c3802a1bd3c842e 27a12f29dceccdbd 9a439fd1abf95245 bc27d5dc9bab1c18 18b1d2d84c97a364 0eb4de784c8dd679 5dd752753760ced8 65d44c6393907290 5570ef88d970e9b4 22e8d6734e4121ae 00d9f8d3f7d412b3 b0bfe0f426275870 40583079f57235a6 00ff646ca6637bd7 428f9363fa35882d 1ba7a50457e93996 00af886180e9eaec cba7e22bb383083a f2b5098ac9c92da9 b6d0f83aad4e4dc7 b24820ae14e16a24 fd30682593995748 622f2e4119882c94
373,e36475c1af5ea3ab 734dabb98795c35c c03b11a0cdc3fa39 f05fa5f57dc03e81 fab14d178b24a67f 3b6d27775fce1c7b ddf332f2b55a2a23 f44f74b3451aa593 4d9214c0925e5af8 9c9a9d45c2ea7ddf 133b04350c75770b 87c5481930cfe126 c143c095983a65c2 f105a53e5cfae611 5430097e23000368 c5830f9d0f1e29e5 26140b225c4f8d3f bb7515be835dea49 1dc7139adba034ec 95ecdbff44ad0b60 bd713b37b67866c3 fd30682593995748 e0269da736ddf004 ff88049e61f0f4ef 3fa57d488e979d74 2a06f5614060e3b6 3986b68500d7704b 702d8f1064ab3e30 c28bc62802b90f82 39f6296778264878
374,c5830f9d0f1e29e5 bb7515be835dea49 3a6e7894dde31c67 1dc7139adba034ec 95ecdbff44ad0b60 6899956cd6c683f0 52370bea1acd0600 4d7653ea9499eed4 9a0f5ee4f845c9b2 0bcaac840d5e66d7 c28bc62802b90f82 47fbe21f5c35c7b4 3986b68500d7704b 3fa57d488e979d74 ff88049e61f0f4ef e0269da736ddf004 bd713b37b67866c3 fd30682593995748 2a06f5614060e3b6 39f6296778264878 702d8f1064ab3e30 734dabb98795c35c 942a7d26d81c841f bd0f175ee98c613e ae94d8435a6847f4 b6d0f83aad4e4dc7 b24820ae14e16a24 622f2e4119882c94 4b8c7061102517ef bbbd5d2fd957e8f7
375,3a6e7894dde31c67 24e582daf6f87158 20d283a232dfd13c 5430097e23000368 52370bea1acd0600 4d7653ea9499eed4 9a0f5ee4f845c9b2 0bcaac840d5e66d7 c28bc62802b90f82 47fbe21f5c35c7b4 3986b68500d7704b 3fa57d488e979d74 ff88049e61f0f4ef e0269da736ddf004 bd713b37b67866c3 fd30682593995748 2a06f5614060e3b6 39f6296778264878 e25a1da6ca187350 702d8f1064ab3e30 0708923badf2ff5d 734dabb98795c35c 942a7d26d81c841f bd0f175ee98c613e ae94d8435a6847f4 b6d0f83aad4e4dc7 b24820ae14e16a24 622f2e4119882c94 bbbd5d2fd957e8f7 af8e70f978cd5aee
376,00e1e2eb13f650e4 428f9363fa35882d 1398b478b71773ed 447fc00f40d71d08 3c565c1fc2316d16 3e66b4855d0dddbe 8566d15270eb5e83 bf973f9ec3600199 07be6a290720707d 680bb5c5c3bb6ee1 3b4a85bac6ead3c8 3734d3b0b9232538 ce0f56b7190c268a 8dedff0a79784abc e8ad5e31484ef889 96e82fa141db9a4b 62431fd374eb99fb f29eee8054c061e1 63d509cd2a2e0e47 939a1f686ea36c05 60a070db9f1869b5 ec1b3d7ccd3984d0 8a5635c748344d47 069e7e25e43deab3 42bb83d7c4b9ecae 9269d2b0d877352d 0a79fabc6f5d93c9 5c8c6d9a1fd4c1e0 b05b5f6850cfa158 2cebd52b41930f0a
377,377c1150c781e37a 5430097e23000368 47fbe21f5c35c7b4 52370bea1acd0600 4d7653ea9499eed4 9a0f5ee4f845c9b2 0bcaac840d5e66d7 c28bc62802b90f82 bbbd5d2fd957e8f7 3986b68500d7704b 3fa57d488e979d74 ff88049e61f0f4ef e0269da736ddf004 bd713b37b67866c3 fd30682593995748 2a06f5614060e3b6 39f6296778264878 e25a1da6ca187350 702d8f1064ab3e30 e7cad3748e50b0f8 0708923badf2ff5d 734dabb98795c35c 942a7d26d81c841f bd0f175ee98c613e ae94d8435a6847f4 b6d0f83aad4e4dc7 b24820ae14e16a24 cea18be9a89d7a81 4b8c7061102517ef af8e70f978cd5aee
378,bc2ae5f4e5d53e00 0708923badf2ff5d 12af6a34778710db ca4de5b8a7bda9df c5830f9d0f1e29e5 bb7515be835dea49 1dc7139adba034ec 95ecdbff44ad0b60 2a06f5614060e3b6 39f6296778264878 fd30682593995748 bd713b37b67866c3 c31a456b544a40a8 e0269da736ddf004 ff88049e61f0f4ef 3fa57d488e979d74 3986b68500d7704b 702d8f1064ab3e30 c28bc62802b90f82 0bcaac840d5e66d7 4d7653ea9499eed4 9a0f5ee4f845c9b2 bd0f175ee98c613e ae94d8435a6847f4 b6d0f83aad4e4dc7 b24820ae14e16a24 622f2e4119882c94 4b8c7061102517ef af8e70f978cd5aee 5ebb4d2f5f1c1f13
379,bb7515be835dea49 eff60ceea8817dad 419b5dc40744fb9b d16da1fb61813db9 3e8e56f639a5db5b 95d25d38ba7df9c7 3cb6b40d377e7ca8 b05b5f6850cfa158 87c5481930cfe126 cc0c9419f8a20603 6204e398d8c7f888 25145708d494530b f44f74b3451aa593 4b05967001421eab fa173131f15f5534 97d696011258825c c5830f9d0f1e29e5 99e833818ec4bbf2 88b62355670ec8f8 ae94d8435a6847f4 1dc7139adba034ec 95ecdbff44ad0b60 cea18be9a89d7a81 19e8f436d4b2fc25 9fda36f260eec24e f58ff7f1a6cde683 8699cc5dd4159b69 f209d29f991432f0 edc79e57b20e9036 90ecb28f2edb9d43
380,0c15f252d30646fc 1a05ef8c93af8eed 63d509cd2a2e0e47 db0e648651f4c92b a2c35fdf07a13286 8700059e85433b32 83f8f2fc471cad74 9fbffc521da97c54 ce0f56b7190c268a 9c9ebf71707d7a37 0220a434aa8bf029 0add47a043c64d7f 49b5678e0d1e5bcd c015590d6a6fe833 f44f74b3451aa593 b6e646c13d0753ae aa0789b403bcd839 3a6e7894dde31c67 87c5481930cfe126 5430097e23000368 c5830f9d0f1e29e5 bb7515be835dea49 1dc7139adba034ec 95ecdbff44ad0b60 47fbe21f5c35c7b4 106204cd0e07e1b2 52370bea1acd0600 4d7653ea9499eed4 9a0f5ee4f845c9b2 734dabb98795c35c
381,0b774cf90856c4da d64c06baf5ef1c90 c810ac016901e8ac 36d33c41812ce7dc 4c3802a1bd3c842e 27a12f29dceccdbd 9a439fd1abf95245 bc27d5dc9bab1c18 18b1d2d84c97a364 0eb4de784c8dd679 5dd752753760ced8 65d44c6393907290 5570ef88d970e9b4 22e8d6734e4121ae 00d9f8d3f7d412b3 430feb4826a5632e b0bfe0f426275870 40583079f57235a6 00ff646ca6637bd7 428f9363fa35882d 1ba7a50457e93996 00af886180e9eaec cba7e22bb383083a f2b5098ac9c92da9 2810fb6f81d1711c 90ecb28f2edb9d43 bd713b37b67866c3 64b31699d7d15934 3d93a60f990a0a7c ec4ef2f727e7a03f
382,5430097e23000368 9f27aa36c1ea793c d64c06baf5ef1c90 0b774cf90856c4da c810ac016901e8ac 36d33c41812ce7dc 4c3802a1bd3c842e 27a12f29dceccdbd 9a439fd1abf95245 bc27d5dc9bab1c18 18b1d2d84c97a364 0eb4de784c8dd679 5dd752753760ced8 e7828f0ea9749505 65d44c6393907290 5570ef88d970e9b4 22e8d6734e4121ae 00d9f8d3f7d412b3 fd30682593995748 b0bfe0f426275870 40583079f57235a6 00ff646ca6637bd7 428f9363fa35882d 1ba7a50457e93996 7c9248ed6224aa26 00af886180e9eaec cba7e22bb383083a f2b5098ac9c92da9 8dc313a2cf9da354 451e7ba901ad661d
383,c14d5b16840d3032 5057551fc55e9ed2 5430097e23000368 52370bea1acd0600 4d7653ea9499eed4 9a0f5ee4f845c9b2 0bcaac840d5e66d7 c28bc62802b90f82 702d8f1064ab3e30 3986b68500d7704b ff88049e61f0f4ef e0269da736ddf004 bd713b37b67866c3 fd30682593995748 2a06f5614060e3b6 39f6296778264878 e25a1da6ca187350 c31a456b544a40a8 3fa57d488e979d74 e7cad3748e50b0f8 0708923badf2ff5d 734dabb98795c35c 942a7d26d81c841f bd0f175ee98c613e ae94d8435a6847f4 b6d0f83aad4e4dc7 b24820ae14e16a24 622f2e4119882c94 47fbe21f5c35c7b4 af8e70f978cd5aee
384,3a6e7894dde31c67 447fc00f40d71d08 e8684734f2e587bd 3c565c1fc2316d16 8566d15270eb5e83 3b4a85bac6ead3c8 a2c35fdf07a13286 0708923badf2ff5d 24e582daf6f87158 20d283a232dfd13c 5430097e23000368 6899956cd6c683f0 47fbe21f5c35c7b4 52370bea1acd0600 4d7653ea9499eed4 39f6296778264878 9a0f5ee4f845c9b2 fd30682593995748 bd713b37b67866c3 e0269da736ddf004 c28bc62802b90f82 702d8f1064ab3e30 ff88049e61f0f4ef 3986b68500d7704b 3fa57d488e979d74 0bcaac840d5e66d7 bbbd5d2fd957e8f7 cea18be9a89d7a81 5fb2d8e734956af0 45bd99d5d2eef776
385,28a2067685cb3e97 8e0760918e88e4a9 589ef345cb2dccfc 0708923badf2ff5d 5430097e23000368 c5830f9d0f1e29e5 bb7515be835dea49 1dc7139adba034ec 95ecdbff44ad0b60 9a0f5ee4f845c9b2 0bcaac840d5e66d7 c28bc62802b90f82 bd0f175ee98c613e 942a7d26d81c841f 702d8f1064ab3e30 4d7653ea9499eed4 3fa57d488e979d74 ff88049e61f0f4ef e0269da736ddf004 bd713b37b67866c3 fd30682593995748 734dabb98795c35c 2a06f5614060e3b6 39f6296778264878 3986b68500d7704b ae94d8435a6847f4 47fbe21f5c35c7b4 bbbd5d2fd957e8f7 b6d0f83aad4e4dc7 cea18be9a89d7a81
386,1398b478b71773ed bf973f9ec3600199 680bb5c5c3bb6ee1 3e66b4855d0dddbe 522bd6887960c25d 07be6a290720707d ce0f56b7190c268a 8dedff0a79784abc e8ad5e31484ef889 63d509cd2a2e0e47 bc2ae5f4e5d53e00 95d25d38ba7df9c7 3cb6b40d377e7ca8 5430097e23000368 12af6a34778710db 6204e398d8c7f888 25145708d494530b ca4de5b8a7bda9df ae94d8435a6847f4 cea18be9a89d7a81 19e8f436d4b2fc25 9fda36f260eec24e f58ff7f1a6cde683 8699cc5dd4159b69 64b31699d7d15934 90ecb28f2edb9d43 bd713b37b67866c3 01b3da54ffb158a0 1c3b74a02a86467d 8a5635c748344d47
387,0d0368139e9a647f d35e11d3d1ab3c67 0fbd0f422e926816 4522ad78bf79f0c9 00140806971e7a73 db7342eff9200020 b749972436ac9791 72403ecdfe02bba6 05f23e7d05dbf7c2 5b34da30b93eb123 d46598813fb437e5 387e9cd2e5d4ea7d 73391e0853c1e040 9d5edf3b993fee50 5a1149fbcbd37376 46b99f864d6a075a c08c3765ac609cc0 f705b637f624147e a9eef13786610446 0897dcfae16e280f 4d417b203b333363 2359719a0f40ffac 005666aa098abe8e dac29ed8400b50cc 74e59c5820900b17 ffc688c4c1c2a068 70776cdd9bb3b7d4 f2234bb7ce0c6f59 0bcaac840d5e66d7 c28bc62802b90f82
388,047769588be1aea9 589ef345cb2dccfc 95d25d38ba7df9c7 3cb6b40d377e7ca8 a492bd402afd5c71 3ca7964973437917 bb7515be835dea49 9f4e0d572b1f4e6c 4d9214c0925e5af8 25145708d494530b 6204e398d8c7f888 2e79d45ba4d1540d 9c9a9d45c2ea7ddf 133b04350c75770b ae77487a89f2610c 1a05ef8c93af8eed 4d954d933e606b70 ae94d8435a6847f4 0bcaac840d5e66d7 2e031d83339759b2 cea18be9a89d7a81 9fda36f260eec24e 19e8f436d4b2fc25 f58ff7f1a6cde683 50806199c80e215c 8699cc5dd4159b69 d1e21234d7cc61d2 90ecb28f2edb9d43 bd713b37b67866c3 64b31699d7d15934
389,a18df74d3a16e9c0 acae1d29289b1266 95d25d38ba7df9c7 3cb6b40d377e7ca8 a14394322cf7043d bb7515be835dea49 6204e398d8c7f888 25145708d494530b ae94d8435a6847f4 cea18be9a89d7a81 19e8f436d4b2fc25 9fda36f260eec24e f58ff7f1a6cde683 8699cc5dd4159b69 90ecb28f2edb9d43 64b31699d7d15934 bd713b37b67866c3 01b3da54ffb158a0 1c3b74a02a86467d ec1b3d7ccd3984d0 60a070db9f1869b5 8a5635c748344d47 939a1f686ea36c05 bf3ccaba4a3450a8 796888cc3443006c f48d0fbea7dc2782 050544c040f46152 6aac5e116b75aa22 fb2ebcb5335ad2e2 63d95d5977c2fe98
390,2e79d45ba4d1540d f2e30efbd27bee51 47fbe21f5c35c7b4 9f3d2ca16f358290 047769588be1aea9 5430097e23000368 6899956cd6c683f0 e25a1da6ca187350 2a06f5614060e3b6 4d7653ea9499eed4 9a0f5ee4f845c9b2 0bcaac840d5e66d7 702d8f1064ab3e30 52370bea1acd0600 3986b68500d7704b fd30682593995748 3fa57d488e979d74 ff88049e61f0f4ef e0269da736ddf004 bd713b37b67866c3 c28bc62802b90f82 0708923badf2ff5d 734dabb98795c35c 942a7d26d81c841f bd0f175ee98c613e ae94d8435a6847f4 b6d0f83aad4e4dc7 b24820ae14e16a24 622f2e4119882c94 39f6296778264878
391,2e4b00c01d58e79e 6204e398d8c7f888 25145708d494530b 2810fb6f81d1711c f46601a9955f9949 c36c2dce0e6e434f 4491016efed845f1 d9885881381fd10a bd9cd6b87a4fe0ce e14a893f1918277e 39075e303166355e 8699cc5dd4159b69 bd713b37b67866c3 64b31699d7d15934 90ecb28f2edb9d43 106204cd0e07e1b2 447fc00f40d71d08 ec1b3d7ccd3984d0 8a5635c748344d47 60a070db9f1869b5 939a1f686ea36c05 e4a7a996ed6a5a81 70ebf53ced736fa4 c5830f9d0f1e29e5 6aac5e116b75aa22 050544c040f46152 63d95d5977c2fe98 f48d0fbea7dc2782 fb2ebcb5335ad2e2 3e66b4855d0dddbe
392,4a5ac473c9d176ba 10ad13170242ecae e7dd56376be2cf1c 520ec719078be07c 95d25d38ba7df9c7 3cb6b40d377e7ca8 25145708d494530b 6204e398d8c7f888 bb7515be835dea49 59c231f8fd21260c ae94d8435a6847f4 b6e72edcad270be0 cea18be9a89d7a81 9fda36f260eec24e 19e8f436d4b2fc25 f58ff7f1a6cde683 8699cc5dd4159b69 e6a29676c096f8e8 636224e349e561bf 90ecb28f2edb9d43 64b31699d7d15934 bd713b37b67866c3 01b3da54ffb158a0 1c3b74a02a86467d 939a1f686ea36c05 60a070db9f1869b5 ec1b3d7ccd3984d0 8a5635c748344d47 ad06e9eeea8eb4ea bf3ccaba4a3450a8
393,cea18be9a89d7a81 c36c2dce0e6e434f 5b4c879fc9c316fb 1d0f5fdc58e3efb5 4d9214c0925e5af8 ebfda3b48083e390 3b6d27775fce1c7b 9c9a9d45c2ea7ddf d6bbbd6c4968075a 133b04350c75770b cc507a0d6fcf4a1c 0688c790d5806540 a9dad59c7055b56c a76ffccd2f5df1a7 c143c095983a65c2 0f33ce8d8014f308 b78189788d563693 25a3b47fe31bc6b5 4f2fffd7528de786 45bd99d5d2eef776 999a52f1d301247c 3cb6b40d377e7ca8 95d25d38ba7df9c7 3b4a85bac6ead3c8 de8e1345e8c305c4 f105a53e5cfae611 285657fcdf89f00d 26140b225c4f8d3f 047769588be1aea9 6204e398d8c7f888
394,d216e5458ad70e60 07f22a7ad7e4711d 6a9aa1bd93e36e66 e8ad5e31484ef889 1d72229ebcc00faf 3a6e7894dde31c67 1d0f5fdc58e3efb5 033d905aec273595 72c2a95813ea72bd d1e21234d7cc61d2 a2c35fdf07a13286 3ca7964973437917 40583079f57235a6 ad06e9eeea8eb4ea b78189788d563693 95d25d38ba7df9c7 3cb6b40d377e7ca8 7c8324ce28ffb96e 12af6a34778710db 50cb6a6c60ad711a 4577ae048ef1967d 148ac4a56a18844d ae77487a89f2610c 52370bea1acd0600 0451447dd64f6284 0bcaac840d5e66d7 047769588be1aea9 6204e398d8c7f888 25145708d494530b b6a1c97f19af78d0
395,da904d2a54ff8cf2 fd30682593995748 5bf89d11a25121d9 4483bbdd3241f11a 451e7ba901ad661d 0b774cf90856c4da cea18be9a89d7a81 c36c2dce0e6e434f 2e44fbb8bc3d8d71 5b4c879fc9c316fb d6bbbd6c4968075a 5430097e23000368 cc507a0d6fcf4a1c 0688c790d5806540 a9dad59c7055b56c a76ffccd2f5df1a7 0f33ce8d8014f308 25a3b47fe31bc6b5 4f2fffd7528de786 999a52f1d301247c ebfda3b48083e390 3b4a85bac6ead3c8 de8e1345e8c305c4 7d83ffe83f61bdc4 74873b42602d8958 285657fcdf89f00d bbbd5d2fd957e8f7 976baf0e84752a68 8abe670908f12614 5057551fc55e9ed2
396,5c4b7558c942a224 f76f44d372517a9a 0a79fabc6f5d93c9 5c8c6d9a1fd4c1e0 24e582daf6f87158 b05b5f6850cfa158 3a6e7894dde31c67 8faeacf8ca08f62d 95ecdbff44ad0b60 1d0f5fdc58e3efb5 20d283a232dfd13c 83b911ff0ff45844 b29ab87af6ea6310 73f770f2643a2135 a52df8083c238c46 f9c6286cff30aaa8 520ec719078be07c 033d905aec273595 66ccd03c9e03ac06 e878efab7c37179e 8f578001f9d5f543 853e36b1550c6274 26fc2a95df5659c2 bd0f175ee98c613e bc2ae5f4e5d53e00 59c231f8fd21260c ec1b3d7ccd3984d0 60a070db9f1869b5 8a5635c748344d47 939a1f686ea36c05
397,3a6e7894dde31c67 033d905aec273595 d1e21234d7cc61d2 e403278468d84383 22756be6fd061d4c 4d7653ea9499eed4 9a0f5ee4f845c9b2 0bcaac840d5e66d7 c28bc62802b90f82 702d8f1064ab3e30 3986b68500d7704b 52370bea1acd0600 ff88049e61f0f4ef e0269da736ddf004 bd713b37b67866c3 fd30682593995748 2a06f5614060e3b6 39f6296778264878 e25a1da6ca187350 3fa57d488e979d74 0708923badf2ff5d 734dabb98795c35c 942a7d26d81c841f bd0f175ee98c613e ae94d8435a6847f4 b6d0f83aad4e4dc7 b24820ae14e16a24 622f2e4119882c94 4b8c7061102517ef 47fbe21f5c35c7b4
398,3a6e7894dde31c67 6899956cd6c683f0 47fbe21f5c35c7b4 52370bea1acd0600 4d7653ea9499eed4 9a0f5ee4f845c9b2 0bcaac840d5e66d7 c28bc62802b90f82 059bbdbdb843af6a 3986b68500d7704b 3fa57d488e979d74 ff88049e61f0f4ef e0269da736ddf004 bd713b37b67866c3 fd30682593995748 2a06f5614060e3b6 39f6296778264878 e25a1da6ca187350 702d8f1064ab3e30 e7cad3748e50b0f8 0708923badf2ff5d 734dabb98795c35c 942a7d26d81c841f bd0f175ee98c613e ae94d8435a6847f4 b6d0f83aad4e4dc7 b24820ae14e16a24 bbbd5d2fd957e8f7 4b8c7061102517ef af8e70f978cd5aee
399,155600e5f1221f8c 7cea1f637ea3f37d 4d29c6922b2d0d56 61ba7707ef6a5a99 2820628e65a062e2 120e745e2961b5d5 6461a9faa871b3ac 190ab585fd379f0f b0b5e62a93a2c37c 74873b42602d8958 8abe670908f12614 ecb768ef6fd223ca 628accd9be98503c 24e582daf6f87158 20d283a232dfd13c c5830f9d0f1e29e5 bb7515be835dea49 5430097e23000368 1dc7139adba034ec 95ecdbff44ad0b60 0bcaac840d5e66d7 9a0f5ee4f845c9b2 c28bc62802b90f82 702d8f1064ab3e30 3986b68500d7704b 3fa57d488e979d74 ff88049e61f0f4ef e0269da736ddf004 bd713b37b67866c3 fd30682593995748
400,74e59c5820900b17 dac29ed8400b50cc ffc688c4c1c2a068 f705b637f624147e c08c3765ac609cc0 a9eef13786610446 54f55c74d37db3c0 622f2e4119882c94 2359719a0f40ffac 65254e0d209fd66e 0eafda717681bbdc 4d417b203b333363 6d80d2e62d01f6bc 44d324ebd3e22ad7 005666aa098abe8e a677c3a76055a6d2 70776cdd9bb3b7d4 b371170568146b12 b6d0f83aad4e4dc7 ac9ee0c09b538140 a2805ed52b47b8ec feddfcf56818968e 52aa48c07b34dc88 b50b4e27b03c7b37 5b34da30b93eb123 72403ecdfe02bba6 05f23e7d05dbf7c2 b749972436ac9791 055d895a3b26e466 387e9cd2e5d4ea7d
401,dac29ed8400b50cc ffc688c4c1c2a068 74e59c5820900b17 0fbd0f422e926816 a9eef13786610446 f705b637f624147e c08c3765ac609cc0 54f55c74d37db3c0 72403ecdfe02bba6 b749972436ac9791 05f23e7d05dbf7c2 5b34da30b93eb123 622f2e4119882c94 2359719a0f40ffac 387e9cd2e5d4ea7d d35e11d3d1ab3c67 0d0368139e9a647f 65254e0d209fd66e 0eafda717681bbdc 4522ad78bf79f0c9 00140806971e7a73 5a1149fbcbd37376 db7342eff9200020 4d417b203b333363 6d80d2e62d01f6bc 44d324ebd3e22ad7 d46598813fb437e5 005666aa098abe8e 73391e0853c1e040 46b99f864d6a075a
402,ae94d8435a6847f4 bf973f9ec3600199 520ec719078be07c 8699cc5dd4159b69 f25bfcffedaccf28 2e031d83339759b2 e4a7a996ed6a5a81 bd0f175ee98c613e a0566ca9daca7778 b6e72edcad270be0 587e0b2a4811fab1 3b4a85bac6ead3c8 e403278468d84383 8643165b0f53df11 dc12cc503ac0eddb d257d1fbcf43abd5 da011b87595c1019 0e45c4c185f35df6 07f22a7ad7e4711d 8dedff0a79784abc a292248bb2bffb3d 22756be6fd061d4c 58654e3143c6550b e7cad3748e50b0f8 e8684734f2e587bd 5430097e23000368 24e582daf6f87158 ce0f56b7190c268a a492bd402afd5c71 20d283a232dfd13c
403,1d0f5fdc58e3efb5 b78189788d563693 5430097e23000368 047769588be1aea9 0683b6a78f54be75 666bdff4faa513ca 52370bea1acd0600 4d7653ea9499eed4 9a0f5ee4f845c9b2 c31a456b544a40a8 0bcaac840d5e66d7 c28bc62802b90f82 3986b68500d7704b 39f6296778264878 3fa57d488e979d74 ff88049e61f0f4ef e0269da736ddf004 2a06f5614060e3b6 bd713b37b67866c3 fd30682593995748 702d8f1064ab3e30 e7cad3748e50b0f8 734dabb98795c35c 942a7d26d81c841f bd0f175ee98c613e ae94d8435a6847f4 b6d0f83aad4e4dc7 b24820ae14e16a24 622f2e4119882c94 4b8c7061102517ef
404,0fbd0f422e926816 db7342eff9200020 0d0368139e9a647f d35e11d3d1ab3c67 4522ad78bf79f0c9 00140806971e7a73 05f23e7d05dbf7c2 5b34da30b93eb123 72403ecdfe02bba6 b749972436ac9791 d46598813fb437e5 46b99f864d6a075a 387e9cd2e5d4ea7d 73391e0853c1e040 5a1149fbcbd37376 3e8e56f639a5db5b 33856365c271aea4 9d5edf3b993fee50 4bed80e56ea2e099 ce0f56b7190c268a b6d0f83aad4e4dc7 cc861214a89ef1f4 2901e5309bb3f8f6 e5fb8dc5c9cb4a19 7eec211cc37a1b05 acae1d29289b1266 01020d1b0821f4c7 197fa50b30d91fe8 29bedd00fb2be056 24e582daf6f87158
405,a18df74d3a16e9c0 6e239f4dd4b6aed7 db7342eff9200020 dc17b07476183764 ffc688c4c1c2a068 dac29ed8400b50cc 74e59c5820900b17 0fbd0f422e926816 ac9ee0c09b538140 a2805ed52b47b8ec feddfcf56818968e 24e582daf6f87158 0d0368139e9a647f d35e11d3d1ab3c67 65254e0d209fd66e 0eafda717681bbdc 055d895a3b26e466 4522ad78bf79f0c9 c08c3765ac609cc0 f705b637f624147e a9eef13786610446 00140806971e7a73 20d283a232dfd13c b6d0f83aad4e4dc7 cc861214a89ef1f4 5d26da95786b3a3a 54f55c74d37db3c0 3734d3b0b9232538 4d417b203b333363 622f2e4119882c94
406,95d25d38ba7df9c7 3cb6b40d377e7ca8 25145708d494530b 6204e398d8c7f888 ae94d8435a6847f4 cea18be9a89d7a81 9fda36f260eec24e 19e8f436d4b2fc25 f58ff7f1a6cde683 8699cc5dd4159b69 90ecb28f2edb9d43 bd713b37b67866c3 64b31699d7d15934 1c3b74a02a86467d 01b3da54ffb158a0 ec1b3d7ccd3984d0 8a5635c748344d47 939a1f686ea36c05 60a070db9f1869b5 bf3ccaba4a3450a8 796888cc3443006c 050544c040f46152 6aac5e116b75aa22 fb2ebcb5335ad2e2 63d95d5977c2fe98 f48d0fbea7dc2782 3c565c1fc2316d16 bb7515be835dea49 0a79fabc6f5d93c9 351c9da399c2b915
407,898a4921ab9f4cce 39f6296778264878 d64c06baf5ef1c90 74244a8703c03720 c810ac016901e8ac 36d33c41812ce7dc ffa9091747ae2466 c606425856952286 4c3802a1bd3c842e 5430097e23000368 27a12f29dceccdbd 9a439fd1abf95245 bc27d5dc9bab1c18 18b1d2d84c97a364 0eb4de784c8dd679 a14394322cf7043d 5dd752753760ced8 d257d1fbcf43abd5 033d905aec273595 65d44c6393907290 5570ef88d970e9b4 22e8d6734e4121ae 00d9f8d3f7d412b3 b0bfe0f426275870 0683b6a78f54be75 ce0f56b7190c268a 40583079f57235a6 00ff646ca6637bd7 428f9363fa35882d 1ba7a50457e93996
408,26140b225c4f8d3f 83f8f2fc471cad74 9fbffc521da97c54 6899956cd6c683f0 b6d0f83aad4e4dc7 cc861214a89ef1f4 3734d3b0b9232538 5430097e23000368 2901e5309bb3f8f6 e5fb8dc5c9cb4a19 c015590d6a6fe833 db7342eff9200020 acae1d29289b1266 01020d1b0821f4c7 197fa50b30d91fe8 29bedd00fb2be056 b6e646c13d0753ae fd30682593995748 bd713b37b67866c3 e0269da736ddf004 ff88049e61f0f4ef 3fa57d488e979d74 0772e3ab293a1f30 3986b68500d7704b 702d8f1064ab3e30 c28bc62802b90f82 00e1e2eb13f650e4 366a22fce0614fb8 0bcaac840d5e66d7 9a0f5ee4f845c9b2
409,5430097e23000368 f44f74b3451aa593 87c5481930cfe126 47fbe21f5c35c7b4 52370bea1acd0600 4d7653ea9499eed4 9a0f5ee4f845c9b2 0bcaac840d5e66d7 c28bc62802b90f82 702d8f1064ab3e30 3fa57d488e979d74 ff88049e61f0f4ef e0269da736ddf004 bd713b37b67866c3 fd30682593995748 2a06f5614060e3b6 39f6296778264878 e25a1da6ca187350 3986b68500d7704b 0708923badf2ff5d 734dabb98795c35c 942a7d26d81c841f bd0f175ee98c613e ae94d8435a6847f4 b6d0f83aad4e4dc7 b24820ae14e16a24 622f2e4119882c94 bbbd5d2fd957e8f7 af8e70f978cd5aee 5ebb4d2f5f1c1f13
410,796888cc3443006c 24e582daf6f87158 f46601a9955f9949 b6d0f83aad4e4dc7 cc861214a89ef1f4 2901e5309bb3f8f6 e5fb8dc5c9cb4a19 8fc68213b63951dc a813c15b46ceaf68 393f49286db04aeb 0db6584e3bdfa1c4 db7342eff9200020 acae1d29289b1266 01020d1b0821f4c7 59bf6d6df9146d60 197fa50b30d91fe8 29bedd00fb2be056 5fb2d8e734956af0 942a7d26d81c841f 73391e0853c1e040 d6ed7e4b14c51296 daa257a37227cd72 976baf0e84752a68 95d25d38ba7df9c7 3cb6b40d377e7ca8 25145708d494530b 6204e398d8c7f888 ae94d8435a6847f4 cea18be9a89d7a81 9fda36f260eec24e
411,70ebf53ced736fa4 b9d966ad9e04127a 7155e5a86136eb02 81b7c7e312bfa1a0 50cb6a6c60ad711a 5f94b027039f4e48 dea5e9227fbbac29 da011b87595c1019 7ee52d2519eea367 d1e21234d7cc61d2 28a2067685cb3e97 2e2904c5373734ae 5430097e23000368 3b6d27775fce1c7b ad06e9eeea8eb4ea 3cb6b40d377e7ca8 95d25d38ba7df9c7 d257d1fbcf43abd5 7c8324ce28ffb96e bb7515be835dea49 e9c20b67a4c5395f e8684734f2e587bd ce0f56b7190c268a 4f915ad69e1dca36 148ac4a56a18844d 033d905aec273595 8dedff0a79784abc 6204e398d8c7f888 25145708d494530b c143c095983a65c2
412,e5fb8dc5c9cb4a19 db7342eff9200020 b8e2f75014710ced 65d44c6393907290 0d0368139e9a647f d35e11d3d1ab3c67 781f4d0147aef776 24e582daf6f87158 4522ad78bf79f0c9 00140806971e7a73 72403ecdfe02bba6 05f23e7d05dbf7c2 b749972436ac9791 5b34da30b93eb123 a9eef13786610446 c08c3765ac609cc0 f705b637f624147e 0897dcfae16e280f 4d417b203b333363 2359719a0f40ffac 20d283a232dfd13c b6d0f83aad4e4dc7 cc861214a89ef1f4 005666aa098abe8e 2901e5309bb3f8f6 0fbd0f422e926816 74e59c5820900b17 ffc688c4c1c2a068 dac29ed8400b50cc f44f74b3451aa593
413,e8684734f2e587bd 01020d1b0821f4c7 8faeacf8ca08f62d b6d0f83aad4e4dc7 cc861214a89ef1f4 0708923badf2ff5d 2901e5309bb3f8f6 e5fb8dc5c9cb4a19 f9c6286cff30aaa8 5b4c879fc9c316fb db7342eff9200020 e4a7a996ed6a5a81 26fc2a95df5659c2 853e36b1550c6274 e878efab7c37179e 8f578001f9d5f543 bd0f175ee98c613e acae1d29289b1266 bc2ae5f4e5d53e00 72c2a95813ea72bd a813c15b46ceaf68 8fc68213b63951dc 702d8f1064ab3e30 197fa50b30d91fe8 72b80b099fd64ec4 b24820ae14e16a24 e22c35101e190db9 01e5a6edcee7deb0 8d58da0e1800dc96 4d32dae7b43c489a
414,8dc313a2cf9da354 b50b4e27b03c7b37 b78189788d563693 853e36b1550c6274 26fc2a95df5659c2 8f578001f9d5f543 e878efab7c37179e 3d93a60f990a0a7c ec4ef2f727e7a03f 46315cf30aaee51c 5430097e23000368 351c9da399c2b915 016da874bd04df55 5b16bae6a0de7c88 a04d6febd82a4389 d6bbbd6c4968075a 4c3802a1bd3c842e 74244a8703c03720 9f4e0d572b1f4e6c 025a148c3a53bd9f 1f4f62844c3cb99c 0688c790d5806540 27a12f29dceccdbd c606425856952286 4d9214c0925e5af8 047769588be1aea9 0eb4de784c8dd679 4c0eee2c1a5e76e2 9c9a9d45c2ea7ddf 666bdff4faa513ca
415,047769588be1aea9 e8684734f2e587bd 1d0f5fdc58e3efb5 b78189788d563693 d64c06baf5ef1c90 c810ac016901e8ac 36d33c41812ce7dc 0683b6a78f54be75 4c3802a1bd3c842e 666bdff4faa513ca 27a12f29dceccdbd 9a439fd1abf95245 bc27d5dc9bab1c18 18b1d2d84c97a364 0eb4de784c8dd679 5dd752753760ced8 65d44c6393907290 5570ef88d970e9b4 22e8d6734e4121ae 00d9f8d3f7d412b3 b0bfe0f426275870 40583079f57235a6 00ff646ca6637bd7 428f9363fa35882d 1ba7a50457e93996 00af886180e9eaec cba7e22bb383083a f2b5098ac9c92da9 3fa57d488e979d74 b24820ae14e16a24
416,0add47a043c64d7f bbbd5d2fd957e8f7 47fbe21f5c35c7b4 52370bea1acd0600 4d7653ea9499eed4 9a0f5ee4f845c9b2 0bcaac840d5e66d7 c28bc62802b90f82 90ecb28f2edb9d43 3986b68500d7704b 3fa57d488e979d74 ff88049e61f0f4ef e0269da736ddf004 bd713b37b67866c3 fd30682593995748 2a06f5614060e3b6 39f6296778264878 e25a1da6ca187350 702d8f1064ab3e30 e36475c1af5ea3ab e7cad3748e50b0f8 0708923badf2ff5d 734dabb98795c35c 942a7d26d81c841f bd0f175ee98c613e ae94d8435a6847f4 b6d0f83aad4e4dc7 cea18be9a89d7a81 622f2e4119882c94 4b8c7061102517ef
417,377c1150c781e37a 3b6d27775fce1c7b f76f44d372517a9a 5430097e23000368 8faeacf8ca08f62d f44f74b3451aa593 83b911ff0ff45844 b29ab87af6ea6310 73f770f2643a2135 a52df8083c238c46 f9c6286cff30aaa8 66ccd03c9e03ac06 e878efab7c37179e 8f578001f9d5f543 26fc2a95df5659c2 853e36b1550c6274 bd0f175ee98c613e bc2ae5f4e5d53e00 72c2a95813ea72bd a813c15b46ceaf68 8fc68213b63951dc ec4ef2f727e7a03f 3d93a60f990a0a7c 46315cf30aaee51c b24820ae14e16a24 72b80b099fd64ec4 87c5481930cfe126 b3e75fdca5ca2f1a a860b682add9de1c e22c35101e190db9
418,daa257a37227cd72 377c1150c781e37a bfb8032f2183d471 8fc68213b63951dc a813c15b46ceaf68 24e582daf6f87158 f46601a9955f9949 796888cc3443006c 0db6584e3bdfa1c4 393f49286db04aeb f76f44d372517a9a 59bf6d6df9146d60 5fb2d8e734956af0 942a7d26d81c841f 73391e0853c1e040 d6ed7e4b14c51296 8faeacf8ca08f62d 976baf0e84752a68 83b911ff0ff45844 a52df8083c238c46 b29ab87af6ea6310 73f770f2643a2135 f9c6286cff30aaa8 66ccd03c9e03ac06 853e36b1550c6274 8f578001f9d5f543 e878efab7c37179e 26fc2a95df5659c2 bd0f175ee98c613e bc2ae5f4e5d53e00
419,2b48ab08c915c0ad 4e966bb2768c2b8a 238ec735a13a3f09 19e8f436d4b2fc25 9fda36f260eec24e 83b911ff0ff45844 ee3ed9a3f51336cd e1460af4a7044067 b24820ae14e16a24 72b80b099fd64ec4 00d9f8d3f7d412b3 6461a9faa871b3ac cc507a0d6fcf4a1c 4dba7ce835494a63 172bc0ee09332ae9 428f9363fa35882d bfb8032f2183d471 e7828f0ea9749505 9f27aa36c1ea793c e403278468d84383 d5952b2e031c4e7e ca4de5b8a7bda9df 5430097e23000368 54a11cbcd7a32af4 922e625fae98b3b9 24e582daf6f87158 20d283a232dfd13c c5830f9d0f1e29e5 bb7515be835dea49 1dc7139adba034ec
420,90ecb28f2edb9d43 64b31699d7d15934 bd713b37b67866c3 430feb4826a5632e 20d283a232dfd13c a04d6febd82a4389 2810fb6f81d1711c 95d25d38ba7df9c7 3cb6b40d377e7ca8 3d93a60f990a0a7c 46315cf30aaee51c ec4ef2f727e7a03f 6c017e548aa138f2 bb7515be835dea49 025a148c3a53bd9f 1f4f62844c3cb99c 0688c790d5806540 047769588be1aea9 6204e398d8c7f888 25145708d494530b a14394322cf7043d 09bbaa171c20bae3 24e582daf6f87158 ae94d8435a6847f4 cea18be9a89d7a81 9fda36f260eec24e 19e8f436d4b2fc25 f58ff7f1a6cde683 8699cc5dd4159b69 01b3da54ffb158a0
421,5430097e23000368 bbbd5d2fd957e8f7 47fbe21f5c35c7b4 52370bea1acd0600 4d7653ea9499eed4 9a0f5ee4f845c9b2 0bcaac840d5e66d7 c28bc62802b90f82 8e0cc5199a0ee659 3986b68500d7704b 3fa57d488e979d74 ff88049e61f0f4ef e0269da736ddf004 bd713b37b67866c3 fd30682593995748 2a06f5614060e3b6 39f6296778264878 e25a1da6ca187350 702d8f1064ab3e30 e36475c1af5ea3ab e7cad3748e50b0f8 0708923badf2ff5d 734dabb98795c35c 942a7d26d81c841f bd0f175ee98c613e ae94d8435a6847f4 b6d0f83aad4e4dc7 cea18be9a89d7a81 622f2e4119882c94 4b8c7061102517ef
422,00ff646ca6637bd7 50ba507a268872e1 d64c06baf5ef1c90 0c2eeab1e4ce1db8 f28fb3d9880c5d4c c810ac016901e8ac 36d33c41812ce7dc 27a12f29dceccdbd bc27d5dc9bab1c18 18b1d2d84c97a364 b50b4e27b03c7b37 7cea1f637ea3f37d 2820628e65a062e2 8b7c486a910dd004 22e8d6734e4121ae 00d9f8d3f7d412b3 120e745e2961b5d5 055d895a3b26e466 64267373570e4ea3 83f8aca6ee2caabc 316382267dcd804f d72363ddd958d906 5430097e23000368 0cd920bad11c716d 1ba7a50457e93996 00af886180e9eaec cba7e22bb383083a 976baf0e84752a68 190ab585fd379f0f 01104a026d22ae55
423,6e1b6b53c9710940 7d83ffe83f61bdc4 74873b42602d8958 bbbd5d2fd957e8f7 976baf0e84752a68 8abe670908f12614 5430097e23000368 fd30682593995748 4483bbdd3241f11a 52370bea1acd0600 9a0f5ee4f845c9b2 0bcaac840d5e66d7 c28bc62802b90f82 702d8f1064ab3e30 3986b68500d7704b 3fa57d488e979d74 ff88049e61f0f4ef e0269da736ddf004 bd713b37b67866c3 2a06f5614060e3b6 39f6296778264878 c31a456b544a40a8 4d7653ea9499eed4 734dabb98795c35c 942a7d26d81c841f bd0f175ee98c613e ae94d8435a6847f4 b6d0f83aad4e4dc7 b24820ae14e16a24 622f2e4119882c94
424,6899956cd6c683f0 0708923badf2ff5d 52370bea1acd0600 7f29daa16b9b4cda 9ab90dfc5c9b0b37 20db73cf07a45f71 47fbe21f5c35c7b4 4d7653ea9499eed4 9a0f5ee4f845c9b2 0bcaac840d5e66d7 bbbd5d2fd957e8f7 702d8f1064ab3e30 3986b68500d7704b 3fa57d488e979d74 ff88049e61f0f4ef e0269da736ddf004 bd713b37b67866c3 fd30682593995748 2a06f5614060e3b6 39f6296778264878 c28bc62802b90f82 e7cad3748e50b0f8 734dabb98795c35c 942a7d26d81c841f bd0f175ee98c613e ae94d8435a6847f4 b6d0f83aad4e4dc7 b24820ae14e16a24 622f2e4119882c94 cea18be9a89d7a81
425,00e1e2eb13f650e4 428f9363fa35882d 447fc00f40d71d08 3c565c1fc2316d16 8566d15270eb5e83 3b4a85bac6ead3c8 c5830f9d0f1e29e5 bb7515be835dea49 5430097e23000368 1dc7139adba034ec 95ecdbff44ad0b60 3986b68500d7704b 3fa57d488e979d74 ff88049e61f0f4ef 702d8f1064ab3e30 e0269da736ddf004 c28bc62802b90f82 bd713b37b67866c3 0bcaac840d5e66d7 fd30682593995748 9a0f5ee4f845c9b2 4d7653ea9499eed4 52370bea1acd0600 2a06f5614060e3b6 734dabb98795c35c 942a7d26d81c841f bd0f175ee98c613e ae94d8435a6847f4 b6d0f83aad4e4dc7 b24820ae14e16a24
426,95d25d38ba7df9c7 3cb6b40d377e7ca8 bb7515be835dea49 25145708d494530b 6204e398d8c7f888 ae94d8435a6847f4 cea18be9a89d7a81 9fda36f260eec24e 19e8f436d4b2fc25 f58ff7f1a6cde683 8699cc5dd4159b69 bd713b37b67866c3 90ecb28f2edb9d43 64b31699d7d15934 1c3b74a02a86467d 01b3da54ffb158a0 60a070db9f1869b5 ec1b3d7ccd3984d0 939a1f686ea36c05 8a5635c748344d47 bf3ccaba4a3450a8 796888cc3443006c 63d95d5977c2fe98 fb2ebcb5335ad2e2 050544c040f46152 f48d0fbea7dc2782 6aac5e116b75aa22 3c565c1fc2316d16 5430097e23000368 0a79fabc6f5d93c9
427,a2c35fdf07a13286 24e582daf6f87158 20d283a232dfd13c bbbd5d2fd957e8f7 47fbe21f5c35c7b4 52370bea1acd0600 4d7653ea9499eed4 9a0f5ee4f845c9b2 0bcaac840d5e66d7 c28bc62802b90f82 cea18be9a89d7a81 3986b68500d7704b 3fa57d488e979d74 ff88049e61f0f4ef e0269da736ddf004 bd713b37b67866c3 fd30682593995748 2a06f5614060e3b6 39f6296778264878 702d8f1064ab3e30 e7cad3748e50b0f8 0708923badf2ff5d 734dabb98795c35c 942a7d26d81c841f bd0f175ee98c613e ae94d8435a6847f4 b6d0f83aad4e4dc7 b24820ae14e16a24 447fc00f40d71d08 4b8c7061102517ef
428,ad06e9eeea8eb4ea d257d1fbcf43abd5 7c8324ce28ffb96e e9c20b67a4c5395f ce0f56b7190c268a 50cb6a6c60ad711a 4f915ad69e1dca36 148ac4a56a18844d 033d905aec273595 8dedff0a79784abc c143c095983a65c2 0451447dd64f6284 b6a1c97f19af78d0 58654e3143c6550b 2e031d83339759b2 35488b3b8b781278 b6e646c13d0753ae 7ee52d2519eea367 9b0e8cf8153e3b33 28a2067685cb3e97 98dbd15aa33ebc18 24e582daf6f87158 3a6e7894dde31c67 20d283a232dfd13c c5830f9d0f1e29e5 bb7515be835dea49 1dc7139adba034ec 95ecdbff44ad0b60 c28bc62802b90f82 ff88049e61f0f4ef
429,1efd7bd8a34a1359 00d9f8d3f7d412b3 453bc79164d57a01 83f8f2fc471cad74 9fbffc521da97c54 63d509cd2a2e0e47 c015590d6a6fe833 b6e646c13d0753ae 3a6e7894dde31c67 e0269da736ddf004 ff88049e61f0f4ef 3fa57d488e979d74 3986b68500d7704b bd713b37b67866c3 fd30682593995748 702d8f1064ab3e30 c28bc62802b90f82 2a06f5614060e3b6 0bcaac840d5e66d7 39f6296778264878 9a0f5ee4f845c9b2 4d7653ea9499eed4 e25a1da6ca187350 52370bea1acd0600 734dabb98795c35c bd0f175ee98c613e ae94d8435a6847f4 b6d0f83aad4e4dc7 b24820ae14e16a24 622f2e4119882c94
430,919b1679fffa7ef1 28403e62105b00f6 29968e8fd13539f8 dc576af4ae66e25e bee46c54461925d0 f44f74b3451aa593 db0e648651f4c92b 2e79d45ba4d1540d f6d23cdd2359f7c0 5430097e23000368 1a05ef8c93af8eed 87c5481930cfe126 c5830f9d0f1e29e5 bb7515be835dea49 1dc7139adba034ec 95ecdbff44ad0b60 0bcaac840d5e66d7 9a0f5ee4f845c9b2 52370bea1acd0600 702d8f1064ab3e30 c28bc62802b90f82 3986b68500d7704b 3fa57d488e979d74 ff88049e61f0f4ef e0269da736ddf004 bd713b37b67866c3 2a06f5614060e3b6 4d7653ea9499eed4 47fbe21f5c35c7b4 bbbd5d2fd957e8f7
431,4a5ac473c9d176ba 10ad13170242ecae e0269da736ddf004 e7dd56376be2cf1c 5430097e23000368 52370bea1acd0600 4d7653ea9499eed4 9a0f5ee4f845c9b2 0bcaac840d5e66d7 c28bc62802b90f82 702d8f1064ab3e30 3986b68500d7704b 47fbe21f5c35c7b4 ff88049e61f0f4ef bd713b37b67866c3 fd30682593995748 2a06f5614060e3b6 39f6296778264878 c31a456b544a40a8 3fa57d488e979d74 734dabb98795c35c 942a7d26d81c841f bd0f175ee98c613e ae94d8435a6847f4 b6d0f83aad4e4dc7 b24820ae14e16a24 622f2e4119882c94 4b8c7061102517ef e25a1da6ca187350 5ebb4d2f5f1c1f13
432,2e44fbb8bc3d8d71 7c9248ed6224aa26 f28fb3d9880c5d4c 0c2eeab1e4ce1db8 351c9da399c2b915 016da874bd04df55 8dc313a2cf9da354 fab14d178b24a67f b50b4e27b03c7b37 42c9b72cc77dcb28 fc8971756f9ec194 120e745e2961b5d5 9f27aa36c1ea793c 2bafd15871caae91 b0b5e62a93a2c37c 37001ade0df85823 ddf332f2b55a2a23 2dd12c230ab22555 0b774cf90856c4da a677c3a76055a6d2 24e582daf6f87158 20d283a232dfd13c 5430097e23000368 6899956cd6c683f0 0bcaac840d5e66d7 c28bc62802b90f82 702d8f1064ab3e30 3fa57d488e979d74 ff88049e61f0f4ef e0269da736ddf004
433,9f4e0d572b1f4e6c d257d1fbcf43abd5 ae77487a89f2610c 8699cc5dd4159b69 3ca7964973437917 f25bfcffedaccf28 e4a7a996ed6a5a81 bd0f175ee98c613e a492bd402afd5c71 0bcaac840d5e66d7 2e031d83339759b2 8643165b0f53df11 4d9214c0925e5af8 07f22a7ad7e4711d 486dd77002936dec 2e79d45ba4d1540d e7cad3748e50b0f8 4105533fe46dfba9 9c9a9d45c2ea7ddf cc861214a89ef1f4 e8684734f2e587bd 5430097e23000368 133b04350c75770b 1a05ef8c93af8eed 4d954d933e606b70 72c2a95813ea72bd 50806199c80e215c fab14d178b24a67f d1e21234d7cc61d2 ad06e9eeea8eb4ea
434,e7cad3748e50b0f8 fa173131f15f5534 0db6584e3bdfa1c4 393f49286db04aeb abf90e759d208468 20d283a232dfd13c 6c017e548aa138f2 72c2a95813ea72bd acae1d29289b1266 ad06e9eeea8eb4ea 07f22a7ad7e4711d 7c8324ce28ffb96e a14394322cf7043d 6a9aa1bd93e36e66 12af6a34778710db ecb768ef6fd223ca a292248bb2bffb3d daa257a37227cd72 50cb6a6c60ad711a 9100ea6cd0e084bf 4577ae048ef1967d 148ac4a56a18844d ae77487a89f2610c 52370bea1acd0600 3ca7964973437917 40583079f57235a6 0451447dd64f6284 1d72229ebcc00faf 0bcaac840d5e66d7 b6a1c97f19af78d0
435,5570ef88d970e9b4 b6cdb608f640e038 acf5cb026b3c4551 0b0021aa60d05daa 83f8f2fc471cad74 9fbffc521da97c54 c015590d6a6fe833 4d9214c0925e5af8 b6e646c13d0753ae 9c9a9d45c2ea7ddf 133b04350c75770b c143c095983a65c2 f105a53e5cfae611 26140b225c4f8d3f 6899956cd6c683f0 f58ff7f1a6cde683 c28bc62802b90f82 702d8f1064ab3e30 3986b68500d7704b 3fa57d488e979d74 e25a1da6ca187350 ff88049e61f0f4ef 39f6296778264878 2a06f5614060e3b6 e0269da736ddf004 fd30682593995748 bd713b37b67866c3 0bcaac840d5e66d7 bd0f175ee98c613e b6d0f83aad4e4dc7
436,dc17b07476183764 3734d3b0b9232538 5430097e23000368 24e582daf6f87158 20d283a232dfd13c c5830f9d0f1e29e5 bb7515be835dea49 1dc7139adba034ec 95ecdbff44ad0b60 ff88049e61f0f4ef 3fa57d488e979d74 3986b68500d7704b 702d8f1064ab3e30 c28bc62802b90f82 e0269da736ddf004 bd713b37b67866c3 0bcaac840d5e66d7 fd30682593995748 9a0f5ee4f845c9b2 4d7653ea9499eed4 39f6296778264878 52370bea1acd0600 47fbe21f5c35c7b4 942a7d26d81c841f bd0f175ee98c613e ae94d8435a6847f4 b6d0f83aad4e4dc7 b24820ae14e16a24 622f2e4119882c94 4b8c7061102517ef
437,b371170568146b12 24e582daf6f87158 20d283a232dfd13c 047769588be1aea9 f44f74b3451aa593 87c5481930cfe126 c5830f9d0f1e29e5 bb7515be835dea49 5430097e23000368 1dc7139adba034ec 95ecdbff44ad0b60 52370bea1acd0600 4d7653ea9499eed4 9a0f5ee4f845c9b2 0bcaac840d5e66d7 c28bc62802b90f82 3986b68500d7704b 3fa57d488e979d74 ff88049e61f0f4ef e0269da736ddf004 bd713b37b67866c3 fd30682593995748 39f6296778264878 702d8f1064ab3e30 734dabb98795c35c 942a7d26d81c841f bd0f175ee98c613e ae94d8435a6847f4 b6d0f83aad4e4dc7 b24820ae14e16a24
438,3a6e7894dde31c67 acf5cb026b3c4551 c5830f9d0f1e29e5 bb7515be835dea49 1dc7139adba034ec 95ecdbff44ad0b60 47fbe21f5c35c7b4 52370bea1acd0600 4d7653ea9499eed4 9a0f5ee4f845c9b2 0bcaac840d5e66d7 c28bc62802b90f82 3986b68500d7704b 3fa57d488e979d74 ff88049e61f0f4ef e0269da736ddf004 bd713b37b67866c3 fd30682593995748 2a06f5614060e3b6 39f6296778264878 702d8f1064ab3e30 734dabb98795c35c 942a7d26d81c841f bd0f175ee98c613e ae94d8435a6847f4 b6d0f83aad4e4dc7 b24820ae14e16a24 622f2e4119882c94 4b8c7061102517ef bbbd5d2fd957e8f7
439,da904d2a54ff8cf2 4483bbdd3241f11a 0b774cf90856c4da a84cd36608cb8665 f05fa5f57dc03e81 5430097e23000368 c5830f9d0f1e29e5 bb7515be835dea49 1dc7139adba034ec 95ecdbff44ad0b60 6899956cd6c683f0 39f6296778264878 47fbe21f5c35c7b4 52370bea1acd0600 fd30682593995748 4d7653ea9499eed4 0bcaac840d5e66d7 c28bc62802b90f82 702d8f1064ab3e30 bd713b37b67866c3 3986b68500d7704b 3fa57d488e979d74 ff88049e61f0f4ef e0269da736ddf004 9a0f5ee4f845c9b2 734dabb98795c35c 942a7d26d81c841f bd0f175ee98c613e ae94d8435a6847f4 b6d0f83aad4e4dc7
440,29bedd00fb2be056 455fde214d16d350 33856365c271aea4 5989fb934598c1a7 07f22a7ad7e4711d 25a3b47fe31bc6b5 ddb3810e0289c148 387e9cd2e5d4ea7d ebfda3b48083e390 42c9b72cc77dcb28 025a148c3a53bd9f c5830f9d0f1e29e5 7155e5a86136eb02 65708d542bd01f39 57113c2a4cacd961 4d954d933e606b70 095bb1b6ecbd0a50 8643165b0f53df11 3ca7964973437917 eff60ceea8817dad 1f423f368aebf7f3 26fc2a95df5659c2 855f2f0354e102c7 63d95d5977c2fe98 7ee52d2519eea367 44d324ebd3e22ad7 1398b478b71773ed 4d417b203b333363 587e0b2a4811fab1 b6a1c97f19af78d0
441,589ef345cb2dccfc bbbd5d2fd957e8f7 47fbe21f5c35c7b4 52370bea1acd0600 4d7653ea9499eed4 9a0f5ee4f845c9b2 0bcaac840d5e66d7 c28bc62802b90f82 059bbdbdb843af6a 3986b68500d7704b 3fa57d488e979d74 ff88049e61f0f4ef e0269da736ddf004 bd713b37b67866c3 fd30682593995748 2a06f5614060e3b6 39f6296778264878 e25a1da6ca187350 702d8f1064ab3e30 e7cad3748e50b0f8 0708923badf2ff5d 734dabb98795c35c 942a7d26d81c841f bd0f175ee98c613e ae94d8435a6847f4 b6d0f83aad4e4dc7 b24820ae14e16a24 cea18be9a89d7a81 4b8c7061102517ef af8e70f978cd5aee
442,db0e648651f4c92b 0c15f252d30646fc 9c9ebf71707d7a37 0220a434aa8bf029 0add47a043c64d7f 49b5678e0d1e5bcd 106204cd0e07e1b2 aa0789b403bcd839 a2805ed52b47b8ec feddfcf56818968e 964a50d33717c26d ce2fe99a7cda4a17 4bed80e56ea2e099 64c2e323906b42d3 5d26da95786b3a3a bbbd5d2fd957e8f7 47fbe21f5c35c7b4 52370bea1acd0600 4d7653ea9499eed4 9a0f5ee4f845c9b2 95166957b2c38794 0bcaac840d5e66d7 cea18be9a89d7a81 702d8f1064ab3e30 3986b68500d7704b 3fa57d488e979d74 ff88049e61f0f4ef 366a22fce0614fb8 e0269da736ddf004 bd713b37b67866c3
443,128d583954b18074 d73a65673e3f1d78 8e0760918e88e4a9 8e0cc5199a0ee659 1c3b74a02a86467d 09bbaa171c20bae3 dc576af4ae66e25e 27bc34b9887bec0d 1f423f368aebf7f3 204ec91c39d1479d 74ae9af23a383bf5 ae000f9d0b5e104e 892074f7c1ef5d5e 9fbffc521da97c54 83f8f2fc471cad74 7ee52d2519eea367 c015590d6a6fe833 b6e646c13d0753ae 3a6e7894dde31c67 bd713b37b67866c3 447fc00f40d71d08 5fb2d8e734956af0 cea18be9a89d7a81 bbbd5d2fd957e8f7 47fbe21f5c35c7b4 52370bea1acd0600 4d7653ea9499eed4 9a0f5ee4f845c9b2 0bcaac840d5e66d7 c28bc62802b90f82
444,b8e2f75014710ced fc8971756f9ec194 047769588be1aea9 ce2fe99a7cda4a17 37001ade0df85823 b6d0f83aad4e4dc7 cc861214a89ef1f4 2bafd15871caae91 d64c06baf5ef1c90 2901e5309bb3f8f6 e5fb8dc5c9cb4a19 db7342eff9200020 acae1d29289b1266 01020d1b0821f4c7 c810ac016901e8ac 36d33c41812ce7dc 197fa50b30d91fe8 4c3802a1bd3c842e 29bedd00fb2be056 27a12f29dceccdbd 9a439fd1abf95245 bc27d5dc9bab1c18 18b1d2d84c97a364 0eb4de784c8dd679 5dd752753760ced8 65d44c6393907290 5570ef88d970e9b4 22e8d6734e4121ae 00d9f8d3f7d412b3 b0bfe0f426275870
445,f29eee8054c061e1 62431fd374eb99fb 96e82fa141db9a4b 069e7e25e43deab3 f76f44d372517a9a 95ecdbff44ad0b60 3734d3b0b9232538 c49d8f84a4f87f8a 5430097e23000368 8faeacf8ca08f62d aa0789b403bcd839 83b911ff0ff45844 73f770f2643a2135 a52df8083c238c46 b29ab87af6ea6310 f9c6286cff30aaa8 66ccd03c9e03ac06 26fc2a95df5659c2 8f578001f9d5f543 e878efab7c37179e 853e36b1550c6274 bd0f175ee98c613e bc2ae5f4e5d53e00 72c2a95813ea72bd a813c15b46ceaf68 8fc68213b63951dc ec4ef2f727e7a03f 46315cf30aaee51c 3d93a60f990a0a7c 72b80b099fd64ec4
446,c5830f9d0f1e29e5 bb7515be835dea49 1dc7139adba034ec 95ecdbff44ad0b60 a853f13216170123 4b29fc21f912754d f44f74b3451aa593 24e582daf6f87158 87c5481930cfe126 20d283a232dfd13c 3a6e7894dde31c67 5430097e23000368 52370bea1acd0600 4d7653ea9499eed4 9a0f5ee4f845c9b2 c28bc62802b90f82 702d8f1064ab3e30 3986b68500d7704b 3fa57d488e979d74 ff88049e61f0f4ef e0269da736ddf004 bd713b37b67866c3 fd30682593995748 0bcaac840d5e66d7 942a7d26d81c841f bd0f175ee98c613e ae94d8435a6847f4 b6d0f83aad4e4dc7 b24820ae14e16a24 622f2e4119882c94
447,72c2a95813ea72bd ad06e9eeea8eb4ea 7c8324ce28ffb96e 12af6a34778710db 50cb6a6c60ad711a 4577ae048ef1967d 148ac4a56a18844d ae77487a89f2610c 52370bea1acd0600 3ca7964973437917 40583079f57235a6 0451447dd64f6284 0bcaac840d5e66d7 b6a1c97f19af78d0 58654e3143c6550b 2e031d83339759b2 413c55a5ab86881a b6e646c13d0753ae 9b0e8cf8153e3b33 486dd77002936dec 98dbd15aa33ebc18 5430097e23000368 4d9214c0925e5af8 9c9a9d45c2ea7ddf 133b04350c75770b c143c095983a65c2 f105a53e5cfae611 26140b225c4f8d3f 2a06f5614060e3b6 fd30682593995748
448,f76f44d372517a9a 01020d1b0821f4c7 8faeacf8ca08f62d 0a79fabc6f5d93c9 95ecdbff44ad0b60 83b911ff0ff45844 b29ab87af6ea6310 73f770f2643a2135 a52df8083c238c46 f9c6286cff30aaa8 b05b5f6850cfa158 66ccd03c9e03ac06 26fc2a95df5659c2 8f578001f9d5f543 853e36b1550c6274 e878efab7c37179e bd0f175ee98c613e bc2ae5f4e5d53e00 72c2a95813ea72bd 8fc68213b63951dc a813c15b46ceaf68 ec4ef2f727e7a03f 3d93a60f990a0a7c 46315cf30aaee51c 72b80b099fd64ec4 b24820ae14e16a24 81b639b74256b45b b3e75fdca5ca2f1a eec6b281e236b500 4d32dae7b43c489a
449,da904d2a54ff8cf2 f76f44d372517a9a 8f578001f9d5f543 e878efab7c37179e 853e36b1550c6274 26fc2a95df5659c2 8dc313a2cf9da354 a677c3a76055a6d2 3d93a60f990a0a7c 46315cf30aaee51c ec4ef2f727e7a03f 4483bbdd3241f11a 4c3802a1bd3c842e 1f4f62844c3cb99c 025a148c3a53bd9f 4c0eee2c1a5e76e2 8faeacf8ca08f62d 0451447dd64f6284 83b911ff0ff45844 73f770f2643a2135 a52df8083c238c46 b29ab87af6ea6310 f9c6286cff30aaa8 451e7ba901ad661d 66ccd03c9e03ac06 bd0f175ee98c613e bc2ae5f4e5d53e00 72c2a95813ea72bd 8fc68213b63951dc a813c15b46ceaf68
450,d72363ddd958d906 316382267dcd804f fc8971756f9ec194 451e7ba901ad661d 0b0021aa60d05daa 5430097e23000368 0b774cf90856c4da 24e582daf6f87158 20d283a232dfd13c 6899956cd6c683f0 4d7653ea9499eed4 e25a1da6ca187350 9a0f5ee4f845c9b2 0bcaac840d5e66d7 c28bc62802b90f82 702d8f1064ab3e30 3986b68500d7704b 2a06f5614060e3b6 3fa57d488e979d74 ff88049e61f0f4ef e0269da736ddf004 fd30682593995748 bd713b37b67866c3 39f6296778264878 942a7d26d81c841f bd0f175ee98c613e ae94d8435a6847f4 b6d0f83aad4e4dc7 b24820ae14e16a24 622f2e4119882c94
451,8dc313a2cf9da354 b50b4e27b03c7b37 047769588be1aea9 ce0f56b7190c268a 1398b478b71773ed 5430097e23000368 3e66b4855d0dddbe bf973f9ec3600199 07be6a290720707d 680bb5c5c3bb6ee1 8dedff0a79784abc 5057551fc55e9ed2 e8ad5e31484ef889 63d509cd2a2e0e47 4d7653ea9499eed4 9a0f5ee4f845c9b2 0bcaac840d5e66d7 b6cdb608f640e038 c28bc62802b90f82 702d8f1064ab3e30 3986b68500d7704b ff88049e61f0f4ef e0269da736ddf004 bd713b37b67866c3 fd30682593995748 2a06f5614060e3b6 95166957b2c38794 39f6296778264878 e25a1da6ca187350 3fa57d488e979d74
452,430feb4826a5632e a14394322cf7043d 2810fb6f81d1711c bd713b37b67866c3 64b31699d7d15934 90ecb28f2edb9d43 46315cf30aaee51c ec4ef2f727e7a03f 3d93a60f990a0a7c 20d283a232dfd13c 6c017e548aa138f2 a04d6febd82a4389 025a148c3a53bd9f 1f4f62844c3cb99c 0688c790d5806540 39f6296778264878 047769588be1aea9 74244a8703c03720 ffa9091747ae2466 c606425856952286 09bbaa171c20bae3 033d905aec273595 6cb9ab508a0678a0 9a0f5ee4f845c9b2 d64c06baf5ef1c90 36d33c41812ce7dc c810ac016901e8ac 4c3802a1bd3c842e 27a12f29dceccdbd 9a439fd1abf95245
453,a76ffccd2f5df1a7 96e82fa141db9a4b 62431fd374eb99fb f29eee8054c061e1 069e7e25e43deab3 4beacc71024f8b08 3a6e7894dde31c67 fd30682593995748 bd713b37b67866c3 e0269da736ddf004 ff88049e61f0f4ef 3fa57d488e979d74 2a06f5614060e3b6 3986b68500d7704b 702d8f1064ab3e30 c28bc62802b90f82 0bcaac840d5e66d7 9a0f5ee4f845c9b2 39f6296778264878 4d7653ea9499eed4 e25a1da6ca187350 734dabb98795c35c 942a7d26d81c841f bd0f175ee98c613e ae94d8435a6847f4 b6d0f83aad4e4dc7 b24820ae14e16a24 622f2e4119882c94 4b8c7061102517ef af8e70f978cd5aee
454,20d283a232dfd13c 6c017e548aa138f2 393f49286db04aeb 0db6584e3bdfa1c4 a14394322cf7043d abf90e759d208468 acae1d29289b1266 07f22a7ad7e4711d e7cad3748e50b0f8 6a9aa1bd93e36e66 047769588be1aea9 ecb768ef6fd223ca a292248bb2bffb3d daa257a37227cd72 9100ea6cd0e084bf 430feb4826a5632e 1d72229ebcc00faf 26140b225c4f8d3f 0fbd0f422e926816 2810fb6f81d1711c bd713b37b67866c3 64b31699d7d15934 90ecb28f2edb9d43 0d0368139e9a647f d35e11d3d1ab3c67 3d93a60f990a0a7c 46315cf30aaee51c ec4ef2f727e7a03f 4522ad78bf79f0c9 00140806971e7a73
455,2e79d45ba4d1540d f2e30efbd27bee51 47fbe21f5c35c7b4 8566d15270eb5e83 29968e8fd13539f8 9f3d2ca16f358290 dc17b07476183764 bee46c54461925d0 a492bd402afd5c71 9f4e0d572b1f4e6c 5430097e23000368 7ee52d2519eea367 4d9214c0925e5af8 9c9a9d45c2ea7ddf 133b04350c75770b ae77487a89f2610c 1a05ef8c93af8eed 4d954d933e606b70 3ca7964973437917 0bcaac840d5e66d7 2e031d83339759b2 50806199c80e215c d1e21234d7cc61d2 f105a53e5cfae611 26140b225c4f8d3f c5830f9d0f1e29e5 486dd77002936dec bb7515be835dea49 1dc7139adba034ec 95ecdbff44ad0b60
456,9a0f5ee4f845c9b2 f44f74b3451aa593 87c5481930cfe126 8df3f13d6af34cb3 5430097e23000368 47fbe21f5c35c7b4 52370bea1acd0600 4d7653ea9499eed4 0bcaac840d5e66d7 c28bc62802b90f82 bbbd5d2fd957e8f7 3986b68500d7704b 3fa57d488e979d74 ff88049e61f0f4ef e0269da736ddf004 bd713b37b67866c3 fd30682593995748 2a06f5614060e3b6 e25a1da6ca187350 702d8f1064ab3e30 0708923badf2ff5d 734dabb98795c35c 942a7d26d81c841f bd0f175ee98c613e ae94d8435a6847f4 b6d0f83aad4e4dc7 b24820ae14e16a24 622f2e4119882c94 39f6296778264878 af8e70f978cd5aee
457,6e239f4dd4b6aed7 0c15f252d30646fc db0e648651f4c92b 1a05ef8c93af8eed 9c9ebf71707d7a37 0220a434aa8bf029 6c017e548aa138f2 0add47a043c64d7f 49b5678e0d1e5bcd 63d509cd2a2e0e47 5430097e23000368 0db6584e3bdfa1c4 393f49286db04aeb aa0789b403bcd839 abf90e759d208468 20d283a232dfd13c acae1d29289b1266 07f22a7ad7e4711d 2e4b00c01d58e79e c5830f9d0f1e29e5 e7cad3748e50b0f8 bb7515be835dea49 a14394322cf7043d 6a9aa1bd93e36e66 1dc7139adba034ec ecb768ef6fd223ca a292248bb2bffb3d daa257a37227cd72 9100ea6cd0e084bf 6204e398d8c7f888
458,c1f2e3a76d388944 95d25d38ba7df9c7 3cb6b40d377e7ca8 25145708d494530b 6204e398d8c7f888 1d0f5fdc58e3efb5 ae94d8435a6847f4 cea18be9a89d7a81 9fda36f260eec24e 19e8f436d4b2fc25 f58ff7f1a6cde683 8699cc5dd4159b69 bd713b37b67866c3 64b31699d7d15934 90ecb28f2edb9d43 1c3b74a02a86467d 01b3da54ffb158a0 b78189788d563693 ec1b3d7ccd3984d0 60a070db9f1869b5 8a5635c748344d47 939a1f686ea36c05 bf3ccaba4a3450a8 796888cc3443006c 6aac5e116b75aa22 f48d0fbea7dc2782 050544c040f46152 63d95d5977c2fe98 fb2ebcb5335ad2e2 3c565c1fc2316d16
459,3b6d27775fce1c7b 9fbffc521da97c54 83f8f2fc471cad74 c015590d6a6fe833 b6e646c13d0753ae 3a6e7894dde31c67 52370bea1acd0600 4d7653ea9499eed4 c31a456b544a40a8 39f6296778264878 9a0f5ee4f845c9b2 0bcaac840d5e66d7 702d8f1064ab3e30 3986b68500d7704b 3fa57d488e979d74 ff88049e61f0f4ef e0269da736ddf004 bd713b37b67866c3 fd30682593995748 2a06f5614060e3b6 c28bc62802b90f82 0708923badf2ff5d 942a7d26d81c841f bd0f175ee98c613e ae94d8435a6847f4 b6d0f83aad4e4dc7 b24820ae14e16a24 622f2e4119882c94 4b8c7061102517ef e25a1da6ca187350
460,64267373570e4ea3 9f27aa36c1ea793c 0b774cf90856c4da 52370bea1acd0600 4d7653ea9499eed4 9a0f5ee4f845c9b2 0bcaac840d5e66d7 c28bc62802b90f82 702d8f1064ab3e30 3986b68500d7704b c31a456b544a40a8 ff88049e61f0f4ef e0269da736ddf004 bd713b37b67866c3 fd30682593995748 2a06f5614060e3b6 39f6296778264878 e25a1da6ca187350 3fa57d488e979d74 e7cad3748e50b0f8 0708923badf2ff5d 734dabb98795c35c 942a7d26d81c841f bd0f175ee98c613e ae94d8435a6847f4 b6d0f83aad4e4dc7 b24820ae14e16a24 622f2e4119882c94 47fbe21f5c35c7b4 af8e70f978cd5aee
461,d257d1fbcf43abd5 bd0f175ee98c613e db7342eff9200020 8699cc5dd4159b69 f25bfcffedaccf28 e4a7a996ed6a5a81 01020d1b0821f4c7 4c3802a1bd3c842e b6d0f83aad4e4dc7 cc861214a89ef1f4 d64c06baf5ef1c90 8643165b0f53df11 2901e5309bb3f8f6 e5fb8dc5c9cb4a19 07f22a7ad7e4711d acae1d29289b1266 36d33c41812ce7dc c810ac016901e8ac e7cad3748e50b0f8 197fa50b30d91fe8 29bedd00fb2be056 e8684734f2e587bd 0fbd0f422e926816 27a12f29dceccdbd 9a439fd1abf95245 bc27d5dc9bab1c18 18b1d2d84c97a364 0eb4de784c8dd679 5dd752753760ced8 f76f44d372517a9a
462,aa0789b403bcd839 83f8f2fc471cad74 9fbffc521da97c54 c015590d6a6fe833 96e82fa141db9a4b f29eee8054c061e1 62431fd374eb99fb b6e646c13d0753ae 393f49286db04aeb 0db6584e3bdfa1c4 abf90e759d208468 20d283a232dfd13c 6c017e548aa138f2 069e7e25e43deab3 db0e648651f4c92b 0c15f252d30646fc acae1d29289b1266 07f22a7ad7e4711d e7cad3748e50b0f8 9c9ebf71707d7a37 5430097e23000368 a14394322cf7043d 6a9aa1bd93e36e66 0220a434aa8bf029 0add47a043c64d7f ecb768ef6fd223ca a292248bb2bffb3d daa257a37227cd72 49b5678e0d1e5bcd 9100ea6cd0e084bf
463,fc8971756f9ec194 2e44fbb8bc3d8d71 f28fb3d9880c5d4c 0c2eeab1e4ce1db8 016da874bd04df55 351c9da399c2b915 42c9b72cc77dcb28 120e745e2961b5d5 2bafd15871caae91 b0b5e62a93a2c37c 37001ade0df85823 2dd12c230ab22555 a677c3a76055a6d2 0708923badf2ff5d 52370bea1acd0600 d72363ddd958d906 316382267dcd804f 9ab90dfc5c9b0b37 7f29daa16b9b4cda d64c06baf5ef1c90 36d33c41812ce7dc c810ac016901e8ac 4c3802a1bd3c842e 27a12f29dceccdbd 9a439fd1abf95245 bc27d5dc9bab1c18 18b1d2d84c97a364 24e582daf6f87158 0eb4de784c8dd679 5dd752753760ced8
464,1d12acf7349196b0 1398b478b71773ed fc8971756f9ec194 316382267dcd804f d72363ddd958d906 3e66b4855d0dddbe bf973f9ec3600199 07be6a290720707d 680bb5c5c3bb6ee1 4f915ad69e1dca36 c143c095983a65c2 4535ce2e3dced00f ce0f56b7190c268a c49d8f84a4f87f8a 8dedff0a79784abc e8ad5e31484ef889 63d509cd2a2e0e47 6899956cd6c683f0 4d7653ea9499eed4 9a0f5ee4f845c9b2 366a22fce0614fb8 0bcaac840d5e66d7 c28bc62802b90f82 00e1e2eb13f650e4 52370bea1acd0600 3986b68500d7704b 3fa57d488e979d74 ff88049e61f0f4ef e0269da736ddf004 bd713b37b67866c3
465,922e625fae98b3b9 48cf88c17ff38c5e 25a3b47fe31bc6b5 49224aca40e6e5e3 65708d542bd01f39 06de3ca1148b088b f76f44d372517a9a 18ced18aee04c48e 8faeacf8ca08f62d 83b911ff0ff45844 a52df8083c238c46 b29ab87af6ea6310 73f770f2643a2135 f9c6286cff30aaa8 66ccd03c9e03ac06 853e36b1550c6274 e878efab7c37179e 8f578001f9d5f543 26fc2a95df5659c2 bd0f175ee98c613e bc2ae5f4e5d53e00 72c2a95813ea72bd 8fc68213b63951dc a813c15b46ceaf68 46315cf30aaee51c ec4ef2f727e7a03f 3d93a60f990a0a7c b24820ae14e16a24 72b80b099fd64ec4 01e5a6edcee7deb0
466,52aa48c07b34dc88 ac9ee0c09b538140 1efd7bd8a34a1359 453bc79164d57a01 1398b478b71773ed 05e4165a56bf50eb 54a11cbcd7a32af4 3e66b4855d0dddbe bf973f9ec3600199 07be6a290720707d 680bb5c5c3bb6ee1 e8b87ed7db1bcb1f a853f13216170123 c5830f9d0f1e29e5 ce0f56b7190c268a c11b97f245a9dfd0 bb7515be835dea49 4b29fc21f912754d 8dedff0a79784abc 1dc7139adba034ec 95ecdbff44ad0b60 e8ad5e31484ef889 63d509cd2a2e0e47 24e582daf6f87158 20d283a232dfd13c 5430097e23000368 b24820ae14e16a24 2a06f5614060e3b6 fd30682593995748 bd713b37b67866c3
467,0e45c4c185f35df6 a292248bb2bffb3d 3b6d27775fce1c7b 2e79d45ba4d1540d f2e30efbd27bee51 47fbe21f5c35c7b4 9f3d2ca16f358290 fd30682593995748 bd713b37b67866c3 e0269da736ddf004 ff88049e61f0f4ef 4d7653ea9499eed4 3fa57d488e979d74 3986b68500d7704b 702d8f1064ab3e30 c28bc62802b90f82 2a06f5614060e3b6 0bcaac840d5e66d7 9a0f5ee4f845c9b2 39f6296778264878 e25a1da6ca187350 734dabb98795c35c 942a7d26d81c841f bd0f175ee98c613e ae94d8435a6847f4 b6d0f83aad4e4dc7 b24820ae14e16a24 622f2e4119882c94 4b8c7061102517ef 52370bea1acd0600
468,dc17b07476183764 dc576af4ae66e25e db0e648651f4c92b 26140b225c4f8d3f 2e79d45ba4d1540d f6d23cdd2359f7c0 1a05ef8c93af8eed 919b1679fffa7ef1 52370bea1acd0600 4d7653ea9499eed4 9a0f5ee4f845c9b2 0bcaac840d5e66d7 c28bc62802b90f82 702d8f1064ab3e30 3986b68500d7704b ff88049e61f0f4ef e0269da736ddf004 bd713b37b67866c3 fd30682593995748 2a06f5614060e3b6 39f6296778264878 3fa57d488e979d74 734dabb98795c35c 942a7d26d81c841f bd0f175ee98c613e ae94d8435a6847f4 b6d0f83aad4e4dc7 b24820ae14e16a24 622f2e4119882c94 4b8c7061102517ef
469,52aa48c07b34dc88 ac9ee0c09b538140 1efd7bd8a34a1359 8b7c486a910dd004 453bc79164d57a01 cec2eea2a1fe566a 00d9f8d3f7d412b3 2b48ab08c915c0ad 05e4165a56bf50eb 54a11cbcd7a32af4 428f9363fa35882d 238ec735a13a3f09 c05f45f86d0771d5 ee3ed9a3f51336cd 8dc313a2cf9da354 6461a9faa871b3ac b50b4e27b03c7b37 e7828f0ea9749505 9f27aa36c1ea793c 0708923badf2ff5d d64c06baf5ef1c90 0b774cf90856c4da 36d33c41812ce7dc c810ac016901e8ac 4c3802a1bd3c842e 27a12f29dceccdbd 9a439fd1abf95245 bc27d5dc9bab1c18 18b1d2d84c97a364 0eb4de784c8dd679
470,83f8f2fc471cad74 9fbffc521da97c54 3734d3b0b9232538 c015590d6a6fe833 b6e646c13d0753ae 5d26da95786b3a3a 9a0f5ee4f845c9b2 9b0e8cf8153e3b33 01b3da54ffb158a0 66ccd03c9e03ac06 4d7653ea9499eed4 a18df74d3a16e9c0 7c8324ce28ffb96e f49e13a653cbdad2 4f2fffd7528de786 a982b5c3aed39396 12af6a34778710db bc2ae5f4e5d53e00 a2c35fdf07a13286 2e4b00c01d58e79e 54a11cbcd7a32af4 25145708d494530b 6204e398d8c7f888 ca4de5b8a7bda9df 2810fb6f81d1711c f46601a9955f9949 c36c2dce0e6e434f 4491016efed845f1 e14a893f1918277e 39075e303166355e
471,a84cd36608cb8665 9f27aa36c1ea793c c5830f9d0f1e29e5 bb7515be835dea49 d64c06baf5ef1c90 5057551fc55e9ed2 1dc7139adba034ec 95ecdbff44ad0b60 0b774cf90856c4da 36d33c41812ce7dc c810ac016901e8ac 4c3802a1bd3c842e 27a12f29dceccdbd 9a439fd1abf95245 bc27d5dc9bab1c18 18b1d2d84c97a364 0eb4de784c8dd679 5dd752753760ced8 65d44c6393907290 5570ef88d970e9b4 22e8d6734e4121ae 00d9f8d3f7d412b3 b0bfe0f426275870 40583079f57235a6 00ff646ca6637bd7 428f9363fa35882d 1ba7a50457e93996 00af886180e9eaec cba7e22bb383083a f2b5098ac9c92da9
472,4c0eee2c1a5e76e2 0451447dd64f6284 bbbd5d2fd957e8f7 26f72a4eb15ea8c0 5057551fc55e9ed2 50ba507a268872e1 acf5cb026b3c4551 7d83ffe83f61bdc4 74873b42602d8958 976baf0e84752a68 8abe670908f12614 fd30682593995748 4483bbdd3241f11a 5430097e23000368 6899956cd6c683f0 ff88049e61f0f4ef e0269da736ddf004 bd713b37b67866c3 2a06f5614060e3b6 3fa57d488e979d74 3986b68500d7704b 702d8f1064ab3e30 39f6296778264878 c28bc62802b90f82 e25a1da6ca187350 0bcaac840d5e66d7 bd0f175ee98c613e ae94d8435a6847f4 b6d0f83aad4e4dc7 b24820ae14e16a24
473,db7342eff9200020 2901e5309bb3f8f6 01020d1b0821f4c7 57113c2a4cacd961 16b11706660177ff 8643165b0f53df11 d46598813fb437e5 b6d0f83aad4e4dc7 cc861214a89ef1f4 0fbd0f422e926816 e5fb8dc5c9cb4a19 acae1d29289b1266 d35e11d3d1ab3c67 0d0368139e9a647f 0bcaac840d5e66d7 197fa50b30d91fe8 29bedd00fb2be056 4522ad78bf79f0c9 00140806971e7a73 72403ecdfe02bba6 b749972436ac9791 5b34da30b93eb123 05f23e7d05dbf7c2 387e9cd2e5d4ea7d 73391e0853c1e040 5a1149fbcbd37376 0eafda717681bbdc 46b99f864d6a075a 6d80d2e62d01f6bc 005666aa098abe8e
474,5430097e23000368 520ec719078be07c 59c231f8fd21260c 95166957b2c38794 b6e72edcad270be0 e6a29676c096f8e8 636224e349e561bf 0e45c4c185f35df6 a292248bb2bffb3d 5c4b7558c942a224 7ee52d2519eea367 589ef345cb2dccfc 24e582daf6f87158 20d283a232dfd13c c28bc62802b90f82 0bcaac840d5e66d7 702d8f1064ab3e30 4d7653ea9499eed4 3986b68500d7704b 3fa57d488e979d74 ff88049e61f0f4ef e0269da736ddf004 bd713b37b67866c3 fd30682593995748 2a06f5614060e3b6 e25a1da6ca187350 9a0f5ee4f845c9b2 bd0f175ee98c613e ae94d8435a6847f4 b6d0f83aad4e4dc7
475,65d44c6393907290 b8e2f75014710ced 0b0021aa60d05daa fc8971756f9ec194 781f4d0147aef776 d64c06baf5ef1c90 f44f74b3451aa593 c810ac016901e8ac 36d33c41812ce7dc 4c3802a1bd3c842e 27a12f29dceccdbd 9a439fd1abf95245 bc27d5dc9bab1c18 18b1d2d84c97a364 0eb4de784c8dd679 87c5481930cfe126 5dd752753760ced8 5570ef88d970e9b4 22e8d6734e4121ae 00d9f8d3f7d412b3 b0bfe0f426275870 40583079f57235a6 00ff646ca6637bd7 5430097e23000368 428f9363fa35882d 1ba7a50457e93996 00af886180e9eaec cba7e22bb383083a f2b5098ac9c92da9 702d8f1064ab3e30
476,a18df74d3a16e9c0 0eafda717681bbdc 622f2e4119882c94 2359719a0f40ffac 6d80d2e62d01f6bc 005666aa098abe8e f58ff7f1a6cde683 4105533fe46dfba9 d9885881381fd10a bd9cd6b87a4fe0ce 39075e303166355e 4491016efed845f1 e14a893f1918277e 9fda36f260eec24e 19e8f436d4b2fc25 a52df8083c238c46 b29ab87af6ea6310 73f770f2643a2135 f9c6286cff30aaa8 83b911ff0ff45844 155600e5f1221f8c a492bd402afd5c71 39f6296778264878 fb2ebcb5335ad2e2 63d95d5977c2fe98 050544c040f46152 6aac5e116b75aa22 f48d0fbea7dc2782 ffc688c4c1c2a068 dac29ed8400b50cc
477,0e45c4c185f35df6 a292248bb2bffb3d 8699cc5dd4159b69 f25bfcffedaccf28 e4a7a996ed6a5a81 bd0f175ee98c613e 5430097e23000368 8643165b0f53df11 d257d1fbcf43abd5 f58ff7f1a6cde683 39075e303166355e e14a893f1918277e d9885881381fd10a 4491016efed845f1 bd9cd6b87a4fe0ce 73f770f2643a2135 b29ab87af6ea6310 a52df8083c238c46 07f22a7ad7e4711d a492bd402afd5c71 796888cc3443006c e7cad3748e50b0f8 63d95d5977c2fe98 6aac5e116b75aa22 050544c040f46152 f48d0fbea7dc2782 fb2ebcb5335ad2e2 3e66b4855d0dddbe b3ad55963554f220 de35d2410e916471
478,4c0eee2c1a5e76e2 9c9a9d45c2ea7ddf 0451447dd64f6284 af41e2b6da3e7e02 e5fb8dc5c9cb4a19 26f72a4eb15ea8c0 047769588be1aea9 4c3802a1bd3c842e 4d9214c0925e5af8 b8e2f75014710ced 27a12f29dceccdbd 50ba507a268872e1 0eb4de784c8dd679 52e459a551d4ac2d acae1d29289b1266 b78189788d563693 428f9363fa35882d 26fc2a95df5659c2 853e36b1550c6274 e878efab7c37179e 8f578001f9d5f543 bbbd5d2fd957e8f7 ec4ef2f727e7a03f 46315cf30aaee51c 3d93a60f990a0a7c a14394322cf7043d 016da874bd04df55 351c9da399c2b915 5b16bae6a0de7c88 8dc313a2cf9da354
479,20d283a232dfd13c 24e582daf6f87158 0db6584e3bdfa1c4 393f49286db04aeb abf90e759d208468 6c017e548aa138f2 db0e648651f4c92b 0c15f252d30646fc acae1d29289b1266 07f22a7ad7e4711d e7cad3748e50b0f8 9c9ebf71707d7a37 a14394322cf7043d 6a9aa1bd93e36e66 0220a434aa8bf029 0add47a043c64d7f ecb768ef6fd223ca a292248bb2bffb3d daa257a37227cd72 49b5678e0d1e5bcd 9100ea6cd0e084bf 1d72229ebcc00faf f44f74b3451aa593 aa0789b403bcd839 87c5481930cfe126 3a6e7894dde31c67 ff88049e61f0f4ef fd30682593995748 bd713b37b67866c3 3fa57d488e979d74
480,f6d23cdd2359f7c0 dc576af4ae66e25e db0e648651f4c92b 2e79d45ba4d1540d 1a05ef8c93af8eed 5430097e23000368 919b1679fffa7ef1 f58ff7f1a6cde683 e14a893f1918277e bd9cd6b87a4fe0ce d9885881381fd10a 4491016efed845f1 39075e303166355e 73f770f2643a2135 b29ab87af6ea6310 a52df8083c238c46 f44f74b3451aa593 a492bd402afd5c71 796888cc3443006c 6aac5e116b75aa22 f48d0fbea7dc2782 fb2ebcb5335ad2e2 63d95d5977c2fe98 050544c040f46152 3e66b4855d0dddbe 43b3338423d7386c 48f93f9c2c699e19 09660f466b38b7ba de35d2410e916471 955e465ce0788ea6
481,a18df74d3a16e9c0 24e582daf6f87158 ce0f56b7190c268a 20d283a232dfd13c 3a6e7894dde31c67 52370bea1acd0600 4d7653ea9499eed4 9a0f5ee4f845c9b2 0bcaac840d5e66d7 c28bc62802b90f82 47fbe21f5c35c7b4 3986b68500d7704b 3fa57d488e979d74 ff88049e61f0f4ef e0269da736ddf004 bd713b37b67866c3 fd30682593995748 2a06f5614060e3b6 39f6296778264878 e25a1da6ca187350 702d8f1064ab3e30 734dabb98795c35c 942a7d26d81c841f bd0f175ee98c613e ae94d8435a6847f4 b6d0f83aad4e4dc7 b24820ae14e16a24 622f2e4119882c94 4b8c7061102517ef bbbd5d2fd957e8f7
482,d64c06baf5ef1c90 36d33c41812ce7dc c810ac016901e8ac 0fbd0f422e926816 27a12f29dceccdbd 5b34da30b93eb123 b749972436ac9791 05f23e7d05dbf7c2 72403ecdfe02bba6 bc27d5dc9bab1c18 18b1d2d84c97a364 0c2eeab1e4ce1db8 f28fb3d9880c5d4c 387e9cd2e5d4ea7d 22e8d6734e4121ae 00d9f8d3f7d412b3 b50b4e27b03c7b37 a017f3358d5327aa 7cea1f637ea3f37d 5a1149fbcbd37376 00ff646ca6637bd7 1ba7a50457e93996 00af886180e9eaec cba7e22bb383083a 2820628e65a062e2 b6d0f83aad4e4dc7 8b7c486a910dd004 120e745e2961b5d5 055d895a3b26e466 64267373570e4ea3
483,f49e13a653cbdad2 22dc81380cf4baec c5830f9d0f1e29e5 9113e9dc940fb287 bb7515be835dea49 d63b7f083330247f 5430097e23000368 6899956cd6c683f0 c1f2e3a76d388944 47fbe21f5c35c7b4 52370bea1acd0600 4d7653ea9499eed4 9a0f5ee4f845c9b2 0bcaac840d5e66d7 c28bc62802b90f82 702d8f1064ab3e30 3986b68500d7704b 3fa57d488e979d74 ff88049e61f0f4ef e0269da736ddf004 bd713b37b67866c3 bbbd5d2fd957e8f7 e7cad3748e50b0f8 0708923badf2ff5d 734dabb98795c35c 942a7d26d81c841f bd0f175ee98c613e ae94d8435a6847f4 b6d0f83aad4e4dc7 b24820ae14e16a24
484,1d0f5fdc58e3efb5 b78189788d563693 0708923badf2ff5d e8684734f2e587bd 047769588be1aea9 4d9214c0925e5af8 0683b6a78f54be75 666bdff4faa513ca 9c9a9d45c2ea7ddf 24e582daf6f87158 133b04350c75770b c143c095983a65c2 f105a53e5cfae611 20d283a232dfd13c 26140b225c4f8d3f 4d7653ea9499eed4 9a0f5ee4f845c9b2 0bcaac840d5e66d7 c28bc62802b90f82 702d8f1064ab3e30 3986b68500d7704b 3fa57d488e979d74 fc21db75b354a917 ff88049e61f0f4ef e0269da736ddf004 bd713b37b67866c3 fd30682593995748 2a06f5614060e3b6 e25a1da6ca187350 52370bea1acd0600
485,8b7c486a910dd004 cec2eea2a1fe566a c05f45f86d0771d5 7c9248ed6224aa26 24e582daf6f87158 b78189788d563693 8f578001f9d5f543 26fc2a95df5659c2 853e36b1550c6274 e878efab7c37179e 20d283a232dfd13c ec4ef2f727e7a03f 46315cf30aaee51c 3d93a60f990a0a7c 351c9da399c2b915 016da874bd04df55 5b16bae6a0de7c88 8dc313a2cf9da354 a04d6febd82a4389 d6bbbd6c4968075a 4c3802a1bd3c842e 74244a8703c03720 9f4e0d572b1f4e6c 1f4f62844c3cb99c 025a148c3a53bd9f 0688c790d5806540 5430097e23000368 27a12f29dceccdbd c606425856952286 4d9214c0925e5af8
486,8699cc5dd4159b69 f25bfcffedaccf28 e4a7a996ed6a5a81 bd0f175ee98c613e 8643165b0f53df11 d257d1fbcf43abd5 07f22a7ad7e4711d e7cad3748e50b0f8 e8684734f2e587bd c5830f9d0f1e29e5 bb7515be835dea49 1dc7139adba034ec 95ecdbff44ad0b60 dc12cc503ac0eddb 3a6e7894dde31c67 4d7653ea9499eed4 9a0f5ee4f845c9b2 0bcaac840d5e66d7 c28bc62802b90f82 3986b68500d7704b 3fa57d488e979d74 ff88049e61f0f4ef e0269da736ddf004 bd713b37b67866c3 fd30682593995748 702d8f1064ab3e30 ae94d8435a6847f4 b6d0f83aad4e4dc7 b24820ae14e16a24 622f2e4119882c94
487,0a79fabc6f5d93c9 5c8c6d9a1fd4c1e0 b05b5f6850cfa158 4c3802a1bd3c842e 939a1f686ea36c05 60a070db9f1869b5 8a5635c748344d47 ec1b3d7ccd3984d0 42bb83d7c4b9ecae 9269d2b0d877352d f76f44d372517a9a acae1d29289b1266 a14394322cf7043d d64c06baf5ef1c90 8faeacf8ca08f62d 2cebd52b41930f0a c810ac016901e8ac 36d33c41812ce7dc 83b911ff0ff45844 b29ab87af6ea6310 a52df8083c238c46 73f770f2643a2135 f9c6286cff30aaa8 66ccd03c9e03ac06 27a12f29dceccdbd 853e36b1550c6274 e878efab7c37179e 8f578001f9d5f543 26fc2a95df5659c2 bd0f175ee98c613e
488,e6a29676c096f8e8 636224e349e561bf 5c4b7558c942a224 ae94d8435a6847f4 c5830f9d0f1e29e5 bb7515be835dea49 bf973f9ec3600199 520ec719078be07c a0566ca9daca7778 b6e72edcad270be0 587e0b2a4811fab1 3b4a85bac6ead3c8 e403278468d84383 da011b87595c1019 0e45c4c185f35df6 8dedff0a79784abc a292248bb2bffb3d 22756be6fd061d4c 58654e3143c6550b 2e031d83339759b2 24e582daf6f87158 20d283a232dfd13c 5430097e23000368 dc12cc503ac0eddb 3a6e7894dde31c67 c1f2e3a76d388944 fd30682593995748 3fa57d488e979d74 ff88049e61f0f4ef e25a1da6ca187350
489,1398b478b71773ed e8ad5e31484ef889 3e66b4855d0dddbe bf973f9ec3600199 07be6a290720707d 680bb5c5c3bb6ee1 d216e5458ad70e60 ce0f56b7190c268a 07f22a7ad7e4711d 8dedff0a79784abc 6a9aa1bd93e36e66 63d509cd2a2e0e47 1d72229ebcc00faf 447fc00f40d71d08 3c565c1fc2316d16 8566d15270eb5e83 3b4a85bac6ead3c8 a2c35fdf07a13286 5430097e23000368 3a6e7894dde31c67 0bcaac840d5e66d7 fd30682593995748 c28bc62802b90f82 702d8f1064ab3e30 3986b68500d7704b 3fa57d488e979d74 e0269da736ddf004 bd713b37b67866c3 ff88049e61f0f4ef 9a0f5ee4f845c9b2
490,cb3e4ce97e7f2881 377c1150c781e37a c5830f9d0f1e29e5 bb7515be835dea49 1dc7139adba034ec 95ecdbff44ad0b60 6899956cd6c683f0 52370bea1acd0600 4d7653ea9499eed4 9a0f5ee4f845c9b2 0bcaac840d5e66d7 c28bc62802b90f82 702d8f1064ab3e30 3fa57d488e979d74 ff88049e61f0f4ef e0269da736ddf004 bd713b37b67866c3 734dabb98795c35c fd30682593995748 2a06f5614060e3b6 39f6296778264878 3986b68500d7704b b6d0f83aad4e4dc7 b24820ae14e16a24 622f2e4119882c94 4b8c7061102517ef af8e70f978cd5aee ae94d8435a6847f4 5ebb4d2f5f1c1f13 bd0f175ee98c613e
491,db7342eff9200020 b6d0f83aad4e4dc7 cc861214a89ef1f4 2901e5309bb3f8f6 e5fb8dc5c9cb4a19 acae1d29289b1266 01020d1b0821f4c7 197fa50b30d91fe8 29bedd00fb2be056 6899956cd6c683f0 0fbd0f422e926816 0d0368139e9a647f d35e11d3d1ab3c67 4522ad78bf79f0c9 00140806971e7a73 05f23e7d05dbf7c2 b749972436ac9791 72403ecdfe02bba6 5b34da30b93eb123 d46598813fb437e5 387e9cd2e5d4ea7d 73391e0853c1e040 5a1149fbcbd37376 46b99f864d6a075a c5830f9d0f1e29e5 9d5edf3b993fee50 bb7515be835dea49 1dc7139adba034ec 95ecdbff44ad0b60 3a6e7894dde31c67
492,a18df74d3a16e9c0 bc2ae5f4e5d53e00 12af6a34778710db f44f74b3451aa593 ca4de5b8a7bda9df 87c5481930cfe126 c5830f9d0f1e29e5 bb7515be835dea49 1dc7139adba034ec 95ecdbff44ad0b60 bd713b37b67866c3 fd30682593995748 e0269da736ddf004 2a06f5614060e3b6 ff88049e61f0f4ef 39f6296778264878 3fa57d488e979d74 3986b68500d7704b 702d8f1064ab3e30 e25a1da6ca187350 c28bc62802b90f82 0bcaac840d5e66d7 9a0f5ee4f845c9b2 ae94d8435a6847f4 b6d0f83aad4e4dc7 b24820ae14e16a24 622f2e4119882c94 4b8c7061102517ef af8e70f978cd5aee 5ebb4d2f5f1c1f13
493,46315cf30aaee51c 3d93a60f990a0a7c ec4ef2f727e7a03f 025a148c3a53bd9f 1f4f62844c3cb99c 09bbaa171c20bae3 72c2a95813ea72bd a04d6febd82a4389 0688c790d5806540 27bc34b9887bec0d 853e36b1550c6274 26fc2a95df5659c2 8f578001f9d5f543 e878efab7c37179e 047769588be1aea9 430feb4826a5632e 4d9214c0925e5af8 20d283a232dfd13c 4c3802a1bd3c842e 0451447dd64f6284 9c9a9d45c2ea7ddf 2810fb6f81d1711c f76f44d372517a9a 64b31699d7d15934 90ecb28f2edb9d43 bd713b37b67866c3 ad06e9eeea8eb4ea a853f13216170123 b78189788d563693 413c55a5ab86881a
494,c28bc62802b90f82 b760ebc5f25788d3 12af6a34778710db 5430097e23000368 f44f74b3451aa593 95166957b2c38794 87c5481930cfe126 e8b87ed7db1bcb1f c11b97f245a9dfd0 52370bea1acd0600 4d7653ea9499eed4 9a0f5ee4f845c9b2 0bcaac840d5e66d7 702d8f1064ab3e30 47fbe21f5c35c7b4 3fa57d488e979d74 ff88049e61f0f4ef e0269da736ddf004 bd713b37b67866c3 fd30682593995748 2a06f5614060e3b6 39f6296778264878 c31a456b544a40a8 3986b68500d7704b 942a7d26d81c841f bd0f175ee98c613e ae94d8435a6847f4 b6d0f83aad4e4dc7 b24820ae14e16a24 622f2e4119882c94
495,0897dcfae16e280f ddf332f2b55a2a23 e8b87ed7db1bcb1f 5430097e23000368 c11b97f245a9dfd0 24e582daf6f87158 20d283a232dfd13c 52370bea1acd0600 4d7653ea9499eed4 9a0f5ee4f845c9b2 0bcaac840d5e66d7 c28bc62802b90f82 3986b68500d7704b 3fa57d488e979d74 ff88049e61f0f4ef e0269da736ddf004 bd713b37b67866c3 fd30682593995748 2a06f5614060e3b6 39f6296778264878 702d8f1064ab3e30 734dabb98795c35c 942a7d26d81c841f bd0f175ee98c613e ae94d8435a6847f4 b6d0f83aad4e4dc7 b24820ae14e16a24 622f2e4119882c94 4b8c7061102517ef bbbd5d2fd957e8f7
496,430feb4826a5632e 24e582daf6f87158 a76ffccd2f5df1a7 f46601a9955f9949 33856365c271aea4 96e82fa141db9a4b f29eee8054c061e1 62431fd374eb99fb 2810fb6f81d1711c 796888cc3443006c a813c15b46ceaf68 8fc68213b63951dc 393f49286db04aeb 0db6584e3bdfa1c4 069e7e25e43deab3 d257d1fbcf43abd5 90ecb28f2edb9d43 64b31699d7d15934 bd713b37b67866c3 59bf6d6df9146d60 ec4ef2f727e7a03f 3d93a60f990a0a7c 46315cf30aaee51c 0683b6a78f54be75 5fb2d8e734956af0 20d283a232dfd13c 942a7d26d81c841f 6c017e548aa138f2 b6d0f83aad4e4dc7 cc861214a89ef1f4
497,3b6d27775fce1c7b 3986b68500d7704b 4e966bb2768c2b8a 96e82fa141db9a4b 62431fd374eb99fb f29eee8054c061e1 d6ed7e4b14c51296 069e7e25e43deab3 0220a434aa8bf029 bc2ae5f4e5d53e00 12af6a34778710db 3a6e7894dde31c67 aa0789b403bcd839 ca4de5b8a7bda9df c5830f9d0f1e29e5 bb7515be835dea49 5430097e23000368 1dc7139adba034ec 95ecdbff44ad0b60 702d8f1064ab3e30 4b8c7061102517ef 3fa57d488e979d74 ff88049e61f0f4ef e0269da736ddf004 bd713b37b67866c3 b24820ae14e16a24 fd30682593995748 2a06f5614060e3b6 39f6296778264878 e25a1da6ca187350
498,447fc00f40d71d08 3c565c1fc2316d16 8566d15270eb5e83 3b4a85bac6ead3c8 3a6e7894dde31c67 c5830f9d0f1e29e5 bb7515be835dea49 5430097e23000368 1dc7139adba034ec 95ecdbff44ad0b60 4d7653ea9499eed4 9a0f5ee4f845c9b2 0bcaac840d5e66d7 c28bc62802b90f82 3986b68500d7704b 3fa57d488e979d74 ff88049e61f0f4ef e0269da736ddf004 bd713b37b67866c3 fd30682593995748 2a06f5614060e3b6 e25a1da6ca187350 702d8f1064ab3e30 942a7d26d81c841f bd0f175ee98c613e ae94d8435a6847f4 b6d0f83aad4e4dc7 b24820ae14e16a24 622f2e4119882c94 4b8c7061102517ef
499,b84b6c0b2e4d0306 d216e5458ad70e60 09bbaa171c20bae3 1d0f5fdc58e3efb5 c5830f9d0f1e29e5 27bc34b9887bec0d bb7515be835dea49 07f22a7ad7e4711d 24e582daf6f87158 1dc7139adba034ec 95ecdbff44ad0b60 a853f13216170123 b78189788d563693 6a9aa1bd93e36e66 20d283a232dfd13c e8ad5e31484ef889 1d72229ebcc00faf 4b29fc21f912754d 047769588be1aea9 f44f74b3451aa593 0683b6a78f54be75 666bdff4faa513ca 87c5481930cfe126 7c8324ce28ffb96e cea18be9a89d7a81 bbbd5d2fd957e8f7 47fbe21f5c35c7b4 52370bea1acd0600 4d7653ea9499eed4 0bcaac840d5e66d7
500,1d0f5fdc58e3efb5 3b6d27775fce1c7b b78189788d563693 047769588be1aea9 0683b6a78f54be75 666bdff4faa513ca e8b87ed7db1bcb1f c11b97f245a9dfd0 c5830f9d0f1e29e5 bb7515be835dea49 1dc7139adba034ec 95ecdbff44ad0b60 c28bc62802b90f82 702d8f1064ab3e30 b6d0f83aad4e4dc7 3986b68500d7704b 3fa57d488e979d74 ae94d8435a6847f4 e0269da736ddf004 bd713b37b67866c3 fd30682593995748 942a7d26d81c841f 2a06f5614060e3b6 39f6296778264878 e25a1da6ca187350 c31a456b544a40a8 ff88049e61f0f4ef 5ebb4d2f5f1c1f13 00140806971e7a73 9c9a9d45c2ea7ddf
501,6ae470a7c9ec20fd b0e254dd420faee3 587e0b2a4811fab1 0708923badf2ff5d 0eedb1a0d3b8ddae ae94d8435a6847f4 bf973f9ec3600199 50806199c80e215c 520ec719078be07c a0566ca9daca7778 b6e72edcad270be0 3b4a85bac6ead3c8 e403278468d84383 da011b87595c1019 0e45c4c185f35df6 8dedff0a79784abc f44f74b3451aa593 a292248bb2bffb3d 22756be6fd061d4c 58654e3143c6550b 2e031d83339759b2 87c5481930cfe126 5430097e23000368 dc12cc503ac0eddb 39f6296778264878 2a06f5614060e3b6 3fa57d488e979d74 fd30682593995748 bd713b37b67866c3 de35d2410e916471
502,db0e648651f4c92b 0c15f252d30646fc aa0789b403bcd839 9c9ebf71707d7a37 0220a434aa8bf029 0add47a043c64d7f 49b5678e0d1e5bcd ce0f56b7190c268a a2c35fdf07a13286 f58ff7f1a6cde683 4105533fe46dfba9 bd9cd6b87a4fe0ce 39075e303166355e d9885881381fd10a 4491016efed845f1 e14a893f1918277e b29ab87af6ea6310 a52df8083c238c46 73f770f2643a2135 f9c6286cff30aaa8 a492bd402afd5c71 39f6296778264878 f48d0fbea7dc2782 6aac5e116b75aa22 fb2ebcb5335ad2e2 050544c040f46152 63d95d5977c2fe98 955e465ce0788ea6 09660f466b38b7ba 48f93f9c2c699e19
503,1d72229ebcc00faf 155600e5f1221f8c 24e582daf6f87158 7cea1f637ea3f37d 4d29c6922b2d0d56 20d283a232dfd13c 61ba7707ef6a5a99 2820628e65a062e2 120e745e2961b5d5 6461a9faa871b3ac ecb768ef6fd223ca 5430097e23000368 4d9214c0925e5af8 190ab585fd379f0f 9c9a9d45c2ea7ddf 133b04350c75770b c143c095983a65c2 f105a53e5cfae611 26140b225c4f8d3f e0269da736ddf004 ff88049e61f0f4ef 702d8f1064ab3e30 c28bc62802b90f82 3fa57d488e979d74 bd713b37b67866c3 0bcaac840d5e66d7 fd30682593995748 9a0f5ee4f845c9b2 2a06f5614060e3b6 3986b68500d7704b
504,a0566ca9daca7778 59c231f8fd21260c ae94d8435a6847f4 f1a3b8b13e9401c0 bf973f9ec3600199 520ec719078be07c b6e72edcad270be0 587e0b2a4811fab1 3b4a85bac6ead3c8 e403278468d84383 da011b87595c1019 0e45c4c185f35df6 8dedff0a79784abc f44f74b3451aa593 a292248bb2bffb3d 22756be6fd061d4c 58654e3143c6550b 2e031d83339759b2 24e582daf6f87158 87c5481930cfe126 20d283a232dfd13c dc12cc503ac0eddb 6899956cd6c683f0 e0269da736ddf004 ff88049e61f0f4ef 1a05ef8c93af8eed 3fa57d488e979d74 3986b68500d7704b bd713b37b67866c3 702d8f1064ab3e30
505,8e0cc5199a0ee659 1c3b74a02a86467d 04fda7c9d8971ec0 7b81f1f2b6ec2e5f 1f423f368aebf7f3 204ec91c39d1479d 74ae9af23a383bf5 ae000f9d0b5e104e 5430097e23000368 c5830f9d0f1e29e5 3cb6b40d377e7ca8 95d25d38ba7df9c7 2e4b00c01d58e79e f76f44d372517a9a bb7515be835dea49 1dc7139adba034ec 95ecdbff44ad0b60 1d0f5fdc58e3efb5 430feb4826a5632e 25145708d494530b 6204e398d8c7f888 1398b478b71773ed 8faeacf8ca08f62d 2810fb6f81d1711c ca43e349133fc0e3 ae94d8435a6847f4 24e582daf6f87158 f46601a9955f9949 cea18be9a89d7a81 19e8f436d4b2fc25
506,ad06e9eeea8eb4ea d257d1fbcf43abd5 7c8324ce28ffb96e e9c20b67a4c5395f ce0f56b7190c268a 50cb6a6c60ad711a 4f915ad69e1dca36 148ac4a56a18844d 033d905aec273595 8dedff0a79784abc c143c095983a65c2 0451447dd64f6284 b6a1c97f19af78d0 58654e3143c6550b 2e031d83339759b2 35488b3b8b781278 bc2552a642ce8497 b6e646c13d0753ae 7ee52d2519eea367 9b0e8cf8153e3b33 f76f44d372517a9a 28a2067685cb3e97 98dbd15aa33ebc18 0708923badf2ff5d 8faeacf8ca08f62d 83b911ff0ff45844 73f770f2643a2135 a52df8083c238c46 b29ab87af6ea6310 f9c6286cff30aaa8
507,6a3919ad9ed8197e a84cd36608cb8665 4105533fe46dfba9 cc861214a89ef1f4 9f4e0d572b1f4e6c fab14d178b24a67f 5430097e23000368 af8e70f978cd5aee 354d7a327bbcc152 ecb768ef6fd223ca 05e4165a56bf50eb 059bbdbdb843af6a c49d8f84a4f87f8a 4d9214c0925e5af8 9c9a9d45c2ea7ddf 133b04350c75770b c143c095983a65c2 f105a53e5cfae611 26140b225c4f8d3f 2a06f5614060e3b6 fd30682593995748 39f6296778264878 bd713b37b67866c3 e0269da736ddf004 ae94d8435a6847f4 e25a1da6ca187350 b24820ae14e16a24 ff88049e61f0f4ef 3fa57d488e979d74 c31a456b544a40a8
508,8faeacf8ca08f62d 59bf6d6df9146d60 2a06f5614060e3b6 d3c4a7db726191e0 99e833818ec4bbf2 ffa9091747ae2466 6d80d2e62d01f6bc f9c6286cff30aaa8 853e36b1550c6274 e878efab7c37179e 8f578001f9d5f543 26fc2a95df5659c2 bd0f175ee98c613e bc2ae5f4e5d53e00 f25bfcffedaccf28 72c2a95813ea72bd a813c15b46ceaf68 8fc68213b63951dc 52370bea1acd0600 72b80b099fd64ec4 b24820ae14e16a24 d7d937303a6d5a9d b3e75fdca5ca2f1a bed3e73d52011f68 a860b682add9de1c 81b639b74256b45b 095bb1b6ecbd0a50 e22c35101e190db9 4d32dae7b43c489a 8d58da0e1800dc96
509,45bd99d5d2eef776 8df3f13d6af34cb3 5430097e23000368 3a6e7894dde31c67 52370bea1acd0600 4d7653ea9499eed4 9a0f5ee4f845c9b2 0bcaac840d5e66d7 c28bc62802b90f82 3986b68500d7704b 3fa57d488e979d74 ff88049e61f0f4ef e0269da736ddf004 bd713b37b67866c3 fd30682593995748 2a06f5614060e3b6 39f6296778264878 e25a1da6ca187350 702d8f1064ab3e30 0708923badf2ff5d 734dabb98795c35c 942a7d26d81c841f bd0f175ee98c613e ae94d8435a6847f4 b6d0f83aad4e4dc7 b24820ae14e16a24 622f2e4119882c94 47fbe21f5c35c7b4 af8e70f978cd5aee 5ebb4d2f5f1c1f13
510,a5d5ba33b5b1dc95 148ac4a56a18844d a2c35fdf07a13286 fa173131f15f5534 ad06e9eeea8eb4ea d257d1fbcf43abd5 d73a65673e3f1d78 8faeacf8ca08f62d 7c8324ce28ffb96e e9c20b67a4c5395f ce0f56b7190c268a 50cb6a6c60ad711a 4f915ad69e1dca36 f9c6286cff30aaa8 5b4c879fc9c316fb 033d905aec273595 bc2552a642ce8497 e4a7a996ed6a5a81 8dedff0a79784abc 8f578001f9d5f543 853e36b1550c6274 e878efab7c37179e 26fc2a95df5659c2 bd0f175ee98c613e c143c095983a65c2 0451447dd64f6284 bc2ae5f4e5d53e00 72c2a95813ea72bd 8fc68213b63951dc a813c15b46ceaf68
511,b6d0f83aad4e4dc7 cc861214a89ef1f4 2901e5309bb3f8f6 e5fb8dc5c9cb4a19 db7342eff9200020 acae1d29289b1266 01020d1b0821f4c7 197fa50b30d91fe8 29bedd00fb2be056 3734d3b0b9232538 24e582daf6f87158 20d283a232dfd13c 5430097e23000368 9a0f5ee4f845c9b2 0bcaac840d5e66d7 c28bc62802b90f82 4d7653ea9499eed4 3986b68500d7704b 3fa57d488e979d74 ff88049e61f0f4ef e0269da736ddf004 bd713b37b67866c3 fd30682593995748 2a06f5614060e3b6 39f6296778264878 e25a1da6ca187350 702d8f1064ab3e30 52370bea1acd0600 47fbe21f5c35c7b4 bbbd5d2fd957e8f7
512,522bd6887960c25d 20d283a232dfd13c 393f49286db04aeb 0db6584e3bdfa1c4 abf90e759d208468 6c017e548aa138f2 acae1d29289b1266 07f22a7ad7e4711d a853f13216170123 e7cad3748e50b0f8 a14394322cf7043d 6a9aa1bd93e36e66 ecb768ef6fd223ca 4b29fc21f912754d a292248bb2bffb3d daa257a37227cd72 9100ea6cd0e084bf e8684734f2e587bd 1d72229ebcc00faf 4d9214c0925e5af8 9c9a9d45c2ea7ddf 24e582daf6f87158 133b04350c75770b c143c095983a65c2 f105a53e5cfae611 26140b225c4f8d3f 5430097e23000368 3a6e7894dde31c67 3fa57d488e979d74 c31a456b544a40a8
513,24e582daf6f87158 20d283a232dfd13c c5830f9d0f1e29e5 5430097e23000368 bb7515be835dea49 acae1d29289b1266 e8b87ed7db1bcb1f a14394322cf7043d c11b97f245a9dfd0 0708923badf2ff5d 4d9214c0925e5af8 9c9a9d45c2ea7ddf 133b04350c75770b c143c095983a65c2 f105a53e5cfae611 26140b225c4f8d3f 3a6e7894dde31c67 c1f2e3a76d388944 3fa57d488e979d74 3986b68500d7704b 702d8f1064ab3e30 c28bc62802b90f82 0bcaac840d5e66d7 e0269da736ddf004 bd713b37b67866c3 fd30682593995748 2a06f5614060e3b6 39f6296778264878 e25a1da6ca187350 c31a456b544a40a8
514,4105533fe46dfba9 cc861214a89ef1f4 9f4e0d572b1f4e6c fab14d178b24a67f af8e70f978cd5aee 354d7a327bbcc152 6a3919ad9ed8197e ecb768ef6fd223ca 05e4165a56bf50eb 059bbdbdb843af6a 60a070db9f1869b5 8a5635c748344d47 939a1f686ea36c05 ec1b3d7ccd3984d0 9269d2b0d877352d 42bb83d7c4b9ecae d257d1fbcf43abd5 0a79fabc6f5d93c9 5c8c6d9a1fd4c1e0 0683b6a78f54be75 b05b5f6850cfa158 f58ff7f1a6cde683 35488b3b8b781278 4491016efed845f1 e14a893f1918277e d9885881381fd10a 39075e303166355e bd9cd6b87a4fe0ce a52df8083c238c46 b29ab87af6ea6310
515,5430097e23000368 589ef345cb2dccfc 52370bea1acd0600 4d7653ea9499eed4 9a0f5ee4f845c9b2 0bcaac840d5e66d7 c28bc62802b90f82 702d8f1064ab3e30 47fbe21f5c35c7b4 3fa57d488e979d74 ff88049e61f0f4ef e0269da736ddf004 bd713b37b67866c3 fd30682593995748 2a06f5614060e3b6 39f6296778264878 e25a1da6ca187350 c31a456b544a40a8 3986b68500d7704b 0708923badf2ff5d 734dabb98795c35c 942a7d26d81c841f bd0f175ee98c613e ae94d8435a6847f4 b6d0f83aad4e4dc7 b24820ae14e16a24 622f2e4119882c94 bbbd5d2fd957e8f7 af8e70f978cd5aee 5ebb4d2f5f1c1f13
516,29bedd00fb2be056 455fde214d16d350 33856365c271aea4 5989fb934598c1a7 07f22a7ad7e4711d 25a3b47fe31bc6b5 ddb3810e0289c148 387e9cd2e5d4ea7d ebfda3b48083e390 42c9b72cc77dcb28 025a148c3a53bd9f c5830f9d0f1e29e5 7155e5a86136eb02 65708d542bd01f39 57113c2a4cacd961 4d954d933e606b70 095bb1b6ecbd0a50 8643165b0f53df11 3ca7964973437917 eff60ceea8817dad 1f423f368aebf7f3 26fc2a95df5659c2 855f2f0354e102c7 63d95d5977c2fe98 7ee52d2519eea367 44d324ebd3e22ad7 1398b478b71773ed 4d417b203b333363 587e0b2a4811fab1 b6a1c97f19af78d0
517,9f27aa36c1ea793c 0b774cf90856c4da 898a4921ab9f4cce 4e966bb2768c2b8a b78189788d563693 8f578001f9d5f543 26fc2a95df5659c2 853e36b1550c6274 e878efab7c37179e 46315cf30aaee51c 3d93a60f990a0a7c ec4ef2f727e7a03f 351c9da399c2b915 016da874bd04df55 5b16bae6a0de7c88 8dc313a2cf9da354 a04d6febd82a4389 d6bbbd6c4968075a 4c3802a1bd3c842e 74244a8703c03720 9f4e0d572b1f4e6c 025a148c3a53bd9f 1f4f62844c3cb99c 0688c790d5806540 27a12f29dceccdbd c606425856952286 4d9214c0925e5af8 047769588be1aea9 0eb4de784c8dd679 f44f74b3451aa593
518,3734d3b0b9232538 9fbffc521da97c54 83f8f2fc471cad74 c015590d6a6fe833 5d26da95786b3a3a 5430097e23000368 b6e646c13d0753ae 9b0e8cf8153e3b33 ff88049e61f0f4ef 3fa57d488e979d74 3986b68500d7704b 702d8f1064ab3e30 c28bc62802b90f82 0bcaac840d5e66d7 e0269da736ddf004 9a0f5ee4f845c9b2 bd713b37b67866c3 fd30682593995748 2a06f5614060e3b6 4d7653ea9499eed4 52370bea1acd0600 e25a1da6ca187350 47fbe21f5c35c7b4 e7cad3748e50b0f8 734dabb98795c35c 942a7d26d81c841f bd0f175ee98c613e ae94d8435a6847f4 b6d0f83aad4e4dc7 b24820ae14e16a24
519,4d954d933e606b70 e8ad5e31484ef889 db0e648651f4c92b 0c15f252d30646fc 9c9ebf71707d7a37 0220a434aa8bf029 0add47a043c64d7f 49b5678e0d1e5bcd d64c06baf5ef1c90 e8684734f2e587bd c810ac016901e8ac 36d33c41812ce7dc 4c3802a1bd3c842e aa0789b403bcd839 27a12f29dceccdbd 9a439fd1abf95245 bc27d5dc9bab1c18 18b1d2d84c97a364 0eb4de784c8dd679 5dd752753760ced8 65d44c6393907290 5570ef88d970e9b4 22e8d6734e4121ae 00d9f8d3f7d412b3 b0bfe0f426275870 40583079f57235a6 00ff646ca6637bd7 428f9363fa35882d 1ba7a50457e93996 00af886180e9eaec
520,acf5cb026b3c4551 d216e5458ad70e60 07f22a7ad7e4711d 6a9aa1bd93e36e66 e8ad5e31484ef889 1d72229ebcc00faf 47fbe21f5c35c7b4 52370bea1acd0600 4d7653ea9499eed4 9a0f5ee4f845c9b2 0bcaac840d5e66d7 c28bc62802b90f82 702d8f1064ab3e30 bbbd5d2fd957e8f7 3fa57d488e979d74 ff88049e61f0f4ef e0269da736ddf004 bd713b37b67866c3 fd30682593995748 2a06f5614060e3b6 39f6296778264878 3986b68500d7704b 0708923badf2ff5d 734dabb98795c35c 942a7d26d81c841f bd0f175ee98c613e ae94d8435a6847f4 b6d0f83aad4e4dc7 b24820ae14e16a24 622f2e4119882c94
521,1d0f5fdc58e3efb5 5430097e23000368 e6a29676c096f8e8 636224e349e561bf b78189788d563693 5c4b7558c942a224 047769588be1aea9 0683b6a78f54be75 ae94d8435a6847f4 666bdff4faa513ca bf973f9ec3600199 520ec719078be07c a0566ca9daca7778 c5830f9d0f1e29e5 b6e72edcad270be0 bb7515be835dea49 587e0b2a4811fab1 3b4a85bac6ead3c8 e403278468d84383 1dc7139adba034ec da011b87595c1019 95ecdbff44ad0b60 0e45c4c185f35df6 8dedff0a79784abc a292248bb2bffb3d 22756be6fd061d4c 4d9214c0925e5af8 58654e3143c6550b 2e031d83339759b2 9c9a9d45c2ea7ddf
522,f44f74b3451aa593 5ebb4d2f5f1c1f13 d16da1fb61813db9 eff60ceea8817dad 419b5dc40744fb9b 1d0f5fdc58e3efb5 f209d29f991432f0 edc79e57b20e9036 0eedb1a0d3b8ddae b78189788d563693 e461837f0fb35048 3734d3b0b9232538 047769588be1aea9 0683b6a78f54be75 666bdff4faa513ca 24e582daf6f87158 3a6e7894dde31c67 20d283a232dfd13c 5430097e23000368 b24820ae14e16a24 4d7653ea9499eed4 9a0f5ee4f845c9b2 0bcaac840d5e66d7 b6d0f83aad4e4dc7 52370bea1acd0600 ae94d8435a6847f4 702d8f1064ab3e30 3986b68500d7704b 3fa57d488e979d74 bd0f175ee98c613e
523,3a6e7894dde31c67 033d905aec273595 d1e21234d7cc61d2 47fbe21f5c35c7b4 52370bea1acd0600 4d7653ea9499eed4 9a0f5ee4f845c9b2 0bcaac840d5e66d7 c28bc62802b90f82 c31a456b544a40a8 3986b68500d7704b 3fa57d488e979d74 ff88049e61f0f4ef e0269da736ddf004 bd713b37b67866c3 fd30682593995748 2a06f5614060e3b6 39f6296778264878 e25a1da6ca187350 702d8f1064ab3e30 e7cad3748e50b0f8 0708923badf2ff5d 734dabb98795c35c 942a7d26d81c841f bd0f175ee98c613e ae94d8435a6847f4 b6d0f83aad4e4dc7 b24820ae14e16a24 bbbd5d2fd957e8f7 4b8c7061102517ef
524,24e582daf6f87158 f46601a9955f9949 796888cc3443006c a813c15b46ceaf68 8fc68213b63951dc 0db6584e3bdfa1c4 393f49286db04aeb 59bf6d6df9146d60 5fb2d8e734956af0 942a7d26d81c841f 73391e0853c1e040 d6ed7e4b14c51296 daa257a37227cd72 976baf0e84752a68 20d283a232dfd13c b24820ae14e16a24 c28bc62802b90f82 b6d0f83aad4e4dc7 702d8f1064ab3e30 3986b68500d7704b 3fa57d488e979d74 622f2e4119882c94 e0269da736ddf004 bd713b37b67866c3 ae94d8435a6847f4 fd30682593995748 2a06f5614060e3b6 39f6296778264878 ff88049e61f0f4ef 9a0f5ee4f845c9b2
525,e5fb8dc5c9cb4a19 d64c06baf5ef1c90 430feb4826a5632e b8e2f75014710ced 36d33c41812ce7dc c810ac016901e8ac 4c3802a1bd3c842e 27a12f29dceccdbd 9a439fd1abf95245 2810fb6f81d1711c bc27d5dc9bab1c18 18b1d2d84c97a364 0eb4de784c8dd679 5dd752753760ced8 bd713b37b67866c3 90ecb28f2edb9d43 64b31699d7d15934 65d44c6393907290 5570ef88d970e9b4 22e8d6734e4121ae 00d9f8d3f7d412b3 b0bfe0f426275870 ec4ef2f727e7a03f 3d93a60f990a0a7c 46315cf30aaee51c 40583079f57235a6 00ff646ca6637bd7 5430097e23000368 20d283a232dfd13c 6c017e548aa138f2
526,50cb6a6c60ad711a c143c095983a65c2 70ebf53ced736fa4 7ee52d2519eea367 81b7c7e312bfa1a0 7155e5a86136eb02 b9d966ad9e04127a dea5e9227fbbac29 5f94b027039f4e48 4d9214c0925e5af8 28a2067685cb3e97 9c9a9d45c2ea7ddf 133b04350c75770b da011b87595c1019 a853f13216170123 ad06e9eeea8eb4ea d1e21234d7cc61d2 d257d1fbcf43abd5 f105a53e5cfae611 7c8324ce28ffb96e 26140b225c4f8d3f 4b29fc21f912754d 0708923badf2ff5d e9c20b67a4c5395f ce0f56b7190c268a 4f915ad69e1dca36 148ac4a56a18844d 033d905aec273595 8dedff0a79784abc 0451447dd64f6284
527,dc576af4ae66e25e db0e648651f4c92b 2e79d45ba4d1540d f6d23cdd2359f7c0 1a05ef8c93af8eed bc2ae5f4e5d53e00 f76f44d372517a9a 0220a434aa8bf029 919b1679fffa7ef1 01020d1b0821f4c7 8faeacf8ca08f62d ca4de5b8a7bda9df 33856365c271aea4 83b911ff0ff45844 b29ab87af6ea6310 73f770f2643a2135 a52df8083c238c46 f9c6286cff30aaa8 66ccd03c9e03ac06 8f578001f9d5f543 e878efab7c37179e 26fc2a95df5659c2 853e36b1550c6274 bd0f175ee98c613e 72c2a95813ea72bd 8fc68213b63951dc a813c15b46ceaf68 46315cf30aaee51c ec4ef2f727e7a03f 3d93a60f990a0a7c
528,047769588be1aea9 d64c06baf5ef1c90 c810ac016901e8ac 36d33c41812ce7dc 4c3802a1bd3c842e 27a12f29dceccdbd 9a439fd1abf95245 bc27d5dc9bab1c18 18b1d2d84c97a364 0eb4de784c8dd679 5dd752753760ced8 65d44c6393907290 5570ef88d970e9b4 22e8d6734e4121ae 00d9f8d3f7d412b3 b0bfe0f426275870 40583079f57235a6 00ff646ca6637bd7 428f9363fa35882d c5830f9d0f1e29e5 1ba7a50457e93996 00af886180e9eaec cba7e22bb383083a f2b5098ac9c92da9 bb7515be835dea49 1dc7139adba034ec 95ecdbff44ad0b60 702d8f1064ab3e30 3986b68500d7704b 3fa57d488e979d74
529,585f4ee09d8fea46 83f5a9732f0de67f 6899956cd6c683f0 bbbd5d2fd957e8f7 47fbe21f5c35c7b4 52370bea1acd0600 4d7653ea9499eed4 9a0f5ee4f845c9b2 0bcaac840d5e66d7 cea18be9a89d7a81 702d8f1064ab3e30 3986b68500d7704b 3fa57d488e979d74 ff88049e61f0f4ef e0269da736ddf004 bd713b37b67866c3 fd30682593995748 2a06f5614060e3b6 39f6296778264878 c28bc62802b90f82 e36475c1af5ea3ab e7cad3748e50b0f8 0708923badf2ff5d 734dabb98795c35c 942a7d26d81c841f bd0f175ee98c613e ae94d8435a6847f4 b6d0f83aad4e4dc7 5fb2d8e734956af0 622f2e4119882c94
530,46b99f864d6a075a 3e8e56f639a5db5b 387e9cd2e5d4ea7d 0fbd0f422e926816 4bed80e56ea2e099 d35e11d3d1ab3c67 0d0368139e9a647f 589ef345cb2dccfc 404031ab9d5977c4 4522ad78bf79f0c9 00140806971e7a73 db7342eff9200020 781aaf62a955e4e8 5b34da30b93eb123 b749972436ac9791 05f23e7d05dbf7c2 72403ecdfe02bba6 d46598813fb437e5 7eec211cc37a1b05 73391e0853c1e040 d216e5458ad70e60 5a1149fbcbd37376 50806199c80e215c 07f22a7ad7e4711d 680bb5c5c3bb6ee1 7155e5a86136eb02 b9d966ad9e04127a dea5e9227fbbac29 5f94b027039f4e48 10ad13170242ecae
531,b1e47da7659b675c 520ec719078be07c 59c231f8fd21260c b6e72edcad270be0 e6a29676c096f8e8 636224e349e561bf 0e45c4c185f35df6 a292248bb2bffb3d 5c4b7558c942a224 95166957b2c38794 2394b08708475900 24e582daf6f87158 20d283a232dfd13c 3a6e7894dde31c67 0bcaac840d5e66d7 c28bc62802b90f82 9a0f5ee4f845c9b2 702d8f1064ab3e30 3986b68500d7704b 4d7653ea9499eed4 ff88049e61f0f4ef e0269da736ddf004 bd713b37b67866c3 fd30682593995748 39f6296778264878 3fa57d488e979d74 bd0f175ee98c613e ae94d8435a6847f4 b6d0f83aad4e4dc7 b24820ae14e16a24
532,ce0f56b7190c268a 95166957b2c38794 b6d0f83aad4e4dc7 cc861214a89ef1f4 2901e5309bb3f8f6 e5fb8dc5c9cb4a19 f58ff7f1a6cde683 39075e303166355e 4491016efed845f1 e14a893f1918277e d9885881381fd10a bd9cd6b87a4fe0ce b29ab87af6ea6310 a52df8083c238c46 73f770f2643a2135 db7342eff9200020 acae1d29289b1266 01020d1b0821f4c7 a492bd402afd5c71 796888cc3443006c fb2ebcb5335ad2e2 6aac5e116b75aa22 f48d0fbea7dc2782 050544c040f46152 63d95d5977c2fe98 197fa50b30d91fe8 3e66b4855d0dddbe 29bedd00fb2be056 b3ad55963554f220 43b3338423d7386c
533,0a49074a4158155b 4f915ad69e1dca36 c143c095983a65c2 4535ce2e3dced00f c49d8f84a4f87f8a bbbd5d2fd957e8f7 52370bea1acd0600 4d7653ea9499eed4 9a0f5ee4f845c9b2 0bcaac840d5e66d7 c28bc62802b90f82 702d8f1064ab3e30 3986b68500d7704b 3fa57d488e979d74 ff88049e61f0f4ef e0269da736ddf004 bd713b37b67866c3 fd30682593995748 2a06f5614060e3b6 39f6296778264878 e25a1da6ca187350 47fbe21f5c35c7b4 0708923badf2ff5d 734dabb98795c35c 942a7d26d81c841f bd0f175ee98c613e ae94d8435a6847f4 b6d0f83aad4e4dc7 b24820ae14e16a24 622f2e4119882c94
534,047769588be1aea9 430feb4826a5632e 2810fb6f81d1711c 20d283a232dfd13c 64b31699d7d15934 90ecb28f2edb9d43 bd713b37b67866c3 46315cf30aaee51c 3d93a60f990a0a7c ec4ef2f727e7a03f 6c017e548aa138f2 a04d6febd82a4389 1f4f62844c3cb99c 025a148c3a53bd9f 0688c790d5806540 d64c06baf5ef1c90 2e44fbb8bc3d8d71 c810ac016901e8ac 36d33c41812ce7dc a76ffccd2f5df1a7 a14394322cf7043d 4c3802a1bd3c842e 0c2eeab1e4ce1db8 f28fb3d9880c5d4c 96e82fa141db9a4b 62431fd374eb99fb f29eee8054c061e1 016da874bd04df55 351c9da399c2b915 09bbaa171c20bae3
535,a14394322cf7043d acae1d29289b1266 20d283a232dfd13c 6c017e548aa138f2 74e59c5820900b17 dac29ed8400b50cc ffc688c4c1c2a068 a9eef13786610446 c08c3765ac609cc0 f705b637f624147e 54f55c74d37db3c0 622f2e4119882c94 2359719a0f40ffac 25a3b47fe31bc6b5 49224aca40e6e5e3 48cf88c17ff38c5e 430feb4826a5632e fc8971756f9ec194 316382267dcd804f d72363ddd958d906 b6d0f83aad4e4dc7 393f49286db04aeb 0db6584e3bdfa1c4 c143c095983a65c2 abf90e759d208468 922e625fae98b3b9 2810fb6f81d1711c 18ced18aee04c48e bd713b37b67866c3 90ecb28f2edb9d43
536,9c9ebf71707d7a37 7ee52d2519eea367 ad06e9eeea8eb4ea d257d1fbcf43abd5 7c8324ce28ffb96e e9c20b67a4c5395f ce0f56b7190c268a 50cb6a6c60ad711a 4f915ad69e1dca36 148ac4a56a18844d 033d905aec273595 8dedff0a79784abc c143c095983a65c2 0451447dd64f6284 b6a1c97f19af78d0 58654e3143c6550b 2e031d83339759b2 35488b3b8b781278 b6e646c13d0753ae 9b0e8cf8153e3b33 28a2067685cb3e97 98dbd15aa33ebc18 6899956cd6c683f0 b2ee9eea2d974c90 702d8f1064ab3e30 3986b68500d7704b 3fa57d488e979d74 ff88049e61f0f4ef e0269da736ddf004 fd30682593995748
537,fc8971756f9ec194 b8e2f75014710ced 2e44fbb8bc3d8d71 430feb4826a5632e 20d283a232dfd13c f28fb3d9880c5d4c 0c2eeab1e4ce1db8 016da874bd04df55 351c9da399c2b915 2810fb6f81d1711c 64b31699d7d15934 90ecb28f2edb9d43 bd713b37b67866c3 42c9b72cc77dcb28 ec4ef2f727e7a03f 3d93a60f990a0a7c 46315cf30aaee51c 120e745e2961b5d5 2bafd15871caae91 6c017e548aa138f2 b0b5e62a93a2c37c a04d6febd82a4389 9a0f5ee4f845c9b2 37001ade0df85823 025a148c3a53bd9f 1f4f62844c3cb99c 0688c790d5806540 d64c06baf5ef1c90 2dd12c230ab22555 047769588be1aea9
538,1398b478b71773ed e8ad5e31484ef889 3e66b4855d0dddbe bf973f9ec3600199 07be6a290720707d 680bb5c5c3bb6ee1 e0269da736ddf004 ce8cb4351b8c0f6e 0079f3c74309b582 3ca7964973437917 a5f55580081236f4 ce0f56b7190c268a 8dedff0a79784abc 63d509cd2a2e0e47 bc2ae5f4e5d53e00 12af6a34778710db ca4de5b8a7bda9df c5830f9d0f1e29e5 bb7515be835dea49 1dc7139adba034ec 95ecdbff44ad0b60 3fa57d488e979d74 ff88049e61f0f4ef bd713b37b67866c3 fd30682593995748 3986b68500d7704b 2a06f5614060e3b6 39f6296778264878 e25a1da6ca187350 702d8f1064ab3e30
539,a18df74d3a16e9c0 ec1b3d7ccd3984d0 939a1f686ea36c05 60a070db9f1869b5 8a5635c748344d47 0a79fabc6f5d93c9 5430097e23000368 e36475c1af5ea3ab 734dabb98795c35c eab15ee21e126f6a c03b11a0cdc3fa39 6204e398d8c7f888 25145708d494530b 5c8c6d9a1fd4c1e0 5ebb4d2f5f1c1f13 e0269da736ddf004 a60934e6b473097a 0772e3ab293a1f30 f05fa5f57dc03e81 b05b5f6850cfa158 acf5cb026b3c4551 f44f74b3451aa593 42bb83d7c4b9ecae 9269d2b0d877352d 8699cc5dd4159b69 4b05967001421eab fa173131f15f5534 bd713b37b67866c3 90ecb28f2edb9d43 64b31699d7d15934
540,942a7d26d81c841f 09bbaa171c20bae3 bbbd5d2fd957e8f7 52370bea1acd0600 4d7653ea9499eed4 9a0f5ee4f845c9b2 0bcaac840d5e66d7 c28bc62802b90f82 702d8f1064ab3e30 3986b68500d7704b 3fa57d488e979d74 ff88049e61f0f4ef e0269da736ddf004 bd713b37b67866c3 fd30682593995748 2a06f5614060e3b6 39f6296778264878 e25a1da6ca187350 f58ff7f1a6cde683 47fbe21f5c35c7b4 e36475c1af5ea3ab 0708923badf2ff5d 734dabb98795c35c bd0f175ee98c613e ae94d8435a6847f4 b6d0f83aad4e4dc7 b24820ae14e16a24 622f2e4119882c94 c31a456b544a40a8 af8e70f978cd5aee
541,3b6d27775fce1c7b eff60ceea8817dad d16da1fb61813db9 419b5dc40744fb9b f209d29f991432f0 edc79e57b20e9036 97d696011258825c 2e79d45ba4d1540d 99e833818ec4bbf2 3e8e56f639a5db5b d257d1fbcf43abd5 f2e30efbd27bee51 47fbe21f5c35c7b4 b05b5f6850cfa158 bc2ae5f4e5d53e00 83f8f2fc471cad74 9fbffc521da97c54 cc0c9419f8a20603 0683b6a78f54be75 88b62355670ec8f8 b6d0f83aad4e4dc7 cc861214a89ef1f4 3734d3b0b9232538 4b05967001421eab fa173131f15f5534 9f3d2ca16f358290 2901e5309bb3f8f6 e5fb8dc5c9cb4a19 12af6a34778710db 35488b3b8b781278
542,19e8f436d4b2fc25 9fda36f260eec24e 83b911ff0ff45844 e1460af4a7044067 b24820ae14e16a24 72b80b099fd64ec4 cc507a0d6fcf4a1c 4dba7ce835494a63 172bc0ee09332ae9 bfb8032f2183d471 e403278468d84383 d5952b2e031c4e7e b6d0f83aad4e4dc7 cc861214a89ef1f4 ca4de5b8a7bda9df 5430097e23000368 2901e5309bb3f8f6 e5fb8dc5c9cb4a19 54a11cbcd7a32af4 922e625fae98b3b9 db7342eff9200020 acae1d29289b1266 01020d1b0821f4c7 197fa50b30d91fe8 29bedd00fb2be056 3fa57d488e979d74 ff88049e61f0f4ef e0269da736ddf004 3986b68500d7704b fd30682593995748
543,c31a456b544a40a8 430feb4826a5632e 2810fb6f81d1711c 64b31699d7d15934 90ecb28f2edb9d43 bd713b37b67866c3 ad06e9eeea8eb4ea d257d1fbcf43abd5 ec4ef2f727e7a03f 3d93a60f990a0a7c 46315cf30aaee51c 20d283a232dfd13c 6c017e548aa138f2 c5830f9d0f1e29e5 7c8324ce28ffb96e a04d6febd82a4389 025a148c3a53bd9f 1f4f62844c3cb99c 0688c790d5806540 bb7515be835dea49 e9c20b67a4c5395f ce0f56b7190c268a 50cb6a6c60ad711a 047769588be1aea9 1dc7139adba034ec 95ecdbff44ad0b60 4f915ad69e1dca36 148ac4a56a18844d 033d905aec273595 8dedff0a79784abc
544,589ef345cb2dccfc 939a1f686ea36c05 ec1b3d7ccd3984d0 60a070db9f1869b5 8a5635c748344d47 5430097e23000368 0a79fabc6f5d93c9 b05b5f6850cfa158 42bb83d7c4b9ecae 9269d2b0d877352d 2cebd52b41930f0a 5c8c6d9a1fd4c1e0 95d25d38ba7df9c7 3cb6b40d377e7ca8 bb7515be835dea49 25145708d494530b 6204e398d8c7f888 ae94d8435a6847f4 cea18be9a89d7a81 9fda36f260eec24e 19e8f436d4b2fc25 f58ff7f1a6cde683 8699cc5dd4159b69 64b31699d7d15934 90ecb28f2edb9d43 bd713b37b67866c3 01b3da54ffb158a0 1c3b74a02a86467d 88b62355670ec8f8 bf3ccaba4a3450a8
545,2e79d45ba4d1540d f2e30efbd27bee51 47fbe21f5c35c7b4 a853f13216170123 9a0f5ee4f845c9b2 4b29fc21f912754d 9f3d2ca16f358290 c5830f9d0f1e29e5 bb7515be835dea49 1dc7139adba034ec 95ecdbff44ad0b60 3fa57d488e979d74 3986b68500d7704b 52370bea1acd0600 ff88049e61f0f4ef 702d8f1064ab3e30 c28bc62802b90f82 0bcaac840d5e66d7 39f6296778264878 e0269da736ddf004 bd713b37b67866c3 4d7653ea9499eed4 fd30682593995748 942a7d26d81c841f bd0f175ee98c613e ae94d8435a6847f4 b6d0f83aad4e4dc7 b24820ae14e16a24 622f2e4119882c94 4b8c7061102517ef
546,6ae470a7c9ec20fd b0e254dd420faee3 587e0b2a4811fab1 0708923badf2ff5d 24e582daf6f87158 0eedb1a0d3b8ddae 20d283a232dfd13c 5430097e23000368 6899956cd6c683f0 3a6e7894dde31c67 4d7653ea9499eed4 9a0f5ee4f845c9b2 0bcaac840d5e66d7 702d8f1064ab3e30 3986b68500d7704b 3fa57d488e979d74 ff88049e61f0f4ef e0269da736ddf004 bd713b37b67866c3 fd30682593995748 2a06f5614060e3b6 c28bc62802b90f82 734dabb98795c35c 942a7d26d81c841f bd0f175ee98c613e ae94d8435a6847f4 b6d0f83aad4e4dc7 b24820ae14e16a24 622f2e4119882c94 4b8c7061102517ef
547,24e582daf6f87158 a2c35fdf07a13286 20d283a232dfd13c 8fc68213b63951dc a813c15b46ceaf68 59bf6d6df9146d60 0708923badf2ff5d 0b0021aa60d05daa 1d0f5fdc58e3efb5 f46601a9955f9949 4c3802a1bd3c842e 796888cc3443006c 0db6584e3bdfa1c4 393f49286db04aeb b78189788d563693 5fb2d8e734956af0 8faeacf8ca08f62d 942a7d26d81c841f 73391e0853c1e040 d64c06baf5ef1c90 d6ed7e4b14c51296 5430097e23000368 f9c6286cff30aaa8 5b4c879fc9c316fb daa257a37227cd72 e4a7a996ed6a5a81 8f578001f9d5f543 853e36b1550c6274 e878efab7c37179e 26fc2a95df5659c2
548,24e582daf6f87158 20d283a232dfd13c 5430097e23000368 bbbd5d2fd957e8f7 47fbe21f5c35c7b4 52370bea1acd0600 4d7653ea9499eed4 9a0f5ee4f845c9b2 0bcaac840d5e66d7 cea18be9a89d7a81 702d8f1064ab3e30 3986b68500d7704b 3fa57d488e979d74 ff88049e61f0f4ef e0269da736ddf004 bd713b37b67866c3 fd30682593995748 2a06f5614060e3b6 39f6296778264878 c28bc62802b90f82 e7cad3748e50b0f8 0708923badf2ff5d 734dabb98795c35c 942a7d26d81c841f bd0f175ee98c613e ae94d8435a6847f4 b6d0f83aad4e4dc7 b24820ae14e16a24 5fb2d8e734956af0 4b8c7061102517ef
549,ce2fe99a7cda4a17 4a5ac473c9d176ba 10ad13170242ecae b8e2f75014710ced fc8971756f9ec194 81bd116c786bf9ae e7dd56376be2cf1c b78189788d563693 853e36b1550c6274 8f578001f9d5f543 e878efab7c37179e 26fc2a95df5659c2 46315cf30aaee51c ec4ef2f727e7a03f 3d93a60f990a0a7c 351c9da399c2b915 016da874bd04df55 5b16bae6a0de7c88 8dc313a2cf9da354 a04d6febd82a4389 d6bbbd6c4968075a 4c3802a1bd3c842e 74244a8703c03720 9f4e0d572b1f4e6c 1f4f62844c3cb99c 025a148c3a53bd9f 0688c790d5806540 27a12f29dceccdbd c606425856952286 4d9214c0925e5af8
550,7eec211cc37a1b05 5430097e23000368 52370bea1acd0600 4d7653ea9499eed4 9a0f5ee4f845c9b2 0bcaac840d5e66d7 c28bc62802b90f82 702d8f1064ab3e30 47fbe21f5c35c7b4 3fa57d488e979d74 ff88049e61f0f4ef e0269da736ddf004 bd713b37b67866c3 fd30682593995748 2a06f5614060e3b6 39f6296778264878 e25a1da6ca187350 c31a456b544a40a8 3986b68500d7704b 0708923badf2ff5d 734dabb98795c35c 942a7d26d81c841f bd0f175ee98c613e ae94d8435a6847f4 b6d0f83aad4e4dc7 b24820ae14e16a24 622f2e4119882c94 bbbd5d2fd957e8f7 af8e70f978cd5aee 5ebb4d2f5f1c1f13
551,204ec91c39d1479d dc17b07476183764 cc2cc23a98c14c33 0708923badf2ff5d 52370bea1acd0600 7f29daa16b9b4cda 9ab90dfc5c9b0b37 5430097e23000368 4d7653ea9499eed4 e25a1da6ca187350 9a0f5ee4f845c9b2 2a06f5614060e3b6 c28bc62802b90f82 702d8f1064ab3e30 3986b68500d7704b 3fa57d488e979d74 ff88049e61f0f4ef e0269da736ddf004 bd713b37b67866c3 fd30682593995748 0bcaac840d5e66d7 734dabb98795c35c 942a7d26d81c841f bd0f175ee98c613e ae94d8435a6847f4 b6d0f83aad4e4dc7 b24820ae14e16a24 622f2e4119882c94 4b8c7061102517ef 39f6296778264878
552,b6d0f83aad4e4dc7 cc861214a89ef1f4 2901e5309bb3f8f6 e5fb8dc5c9cb4a19 db7342eff9200020 acae1d29289b1266 01020d1b0821f4c7 197fa50b30d91fe8 29bedd00fb2be056 fab14d178b24a67f 24e582daf6f87158 20d283a232dfd13c ddf332f2b55a2a23 0708923badf2ff5d 5430097e23000368 ff88049e61f0f4ef e0269da736ddf004 3fa57d488e979d74 3986b68500d7704b bd713b37b67866c3 fd30682593995748 702d8f1064ab3e30 2a06f5614060e3b6 39f6296778264878 e25a1da6ca187350 c28bc62802b90f82 b24820ae14e16a24 622f2e4119882c94 4b8c7061102517ef af8e70f978cd5aee
553,20db73cf07a45f71 24e582daf6f87158 20d283a232dfd13c 5430097e23000368 47fbe21f5c35c7b4 52370bea1acd0600 4d7653ea9499eed4 9a0f5ee4f845c9b2 0bcaac840d5e66d7 bbbd5d2fd957e8f7 702d8f1064ab3e30 3986b68500d7704b 3fa57d488e979d74 ff88049e61f0f4ef e0269da736ddf004 bd713b37b67866c3 fd30682593995748 2a06f5614060e3b6 39f6296778264878 e25a1da6ca187350 c28bc62802b90f82 0708923badf2ff5d 734dabb98795c35c 942a7d26d81c841f bd0f175ee98c613e ae94d8435a6847f4 b6d0f83aad4e4dc7 b24820ae14e16a24 622f2e4119882c94 cea18be9a89d7a81
554,acf5cb026b3c4551 24e582daf6f87158 20d283a232dfd13c 2394b08708475900 47fbe21f5c35c7b4 52370bea1acd0600 4d7653ea9499eed4 9a0f5ee4f845c9b2 0bcaac840d5e66d7 bbbd5d2fd957e8f7 702d8f1064ab3e30 3986b68500d7704b 3fa57d488e979d74 ff88049e61f0f4ef e0269da736ddf004 bd713b37b67866c3 fd30682593995748 2a06f5614060e3b6 39f6296778264878 c28bc62802b90f82 0708923badf2ff5d 734dabb98795c35c 942a7d26d81c841f bd0f175ee98c613e ae94d8435a6847f4 b6d0f83aad4e4dc7 b24820ae14e16a24 622f2e4119882c94 5fb2d8e734956af0 af8e70f978cd5aee
555,fd57e641d06ebda7 013030fd7d29bf3d 4f915ad69e1dca36 c143c095983a65c2 4535ce2e3dced00f c49d8f84a4f87f8a 5430097e23000368 c5830f9d0f1e29e5 bb7515be835dea49 1dc7139adba034ec 95ecdbff44ad0b60 e25a1da6ca187350 39f6296778264878 2a06f5614060e3b6 fd30682593995748 942a7d26d81c841f bd713b37b67866c3 bd0f175ee98c613e e0269da736ddf004 ff88049e61f0f4ef 3fa57d488e979d74 3986b68500d7704b 702d8f1064ab3e30 c28bc62802b90f82 0bcaac840d5e66d7 9a0f5ee4f845c9b2 5ebb4d2f5f1c1f13 af8e70f978cd5aee 00140806971e7a73 9c9a9d45c2ea7ddf
556,a5d5ba33b5b1dc95 148ac4a56a18844d fa173131f15f5534 3c565c1fc2316d16 d73a65673e3f1d78 3e8e56f639a5db5b 447fc00f40d71d08 bc2552a642ce8497 5430097e23000368 4bed80e56ea2e099 46b99f864d6a075a 8566d15270eb5e83 3b4a85bac6ead3c8 95d25d38ba7df9c7 3cb6b40d377e7ca8 bb7515be835dea49 7eec211cc37a1b05 6204e398d8c7f888 25145708d494530b 589ef345cb2dccfc 24e582daf6f87158 ae94d8435a6847f4 cea18be9a89d7a81 9fda36f260eec24e 19e8f436d4b2fc25 f58ff7f1a6cde683 8699cc5dd4159b69 64b31699d7d15934 bd713b37b67866c3 90ecb28f2edb9d43
557,4105533fe46dfba9 cc861214a89ef1f4 c5830f9d0f1e29e5 bb7515be835dea49 9f4e0d572b1f4e6c bc2ae5f4e5d53e00 fab14d178b24a67f af8e70f978cd5aee 354d7a327bbcc152 6a3919ad9ed8197e ecb768ef6fd223ca 12af6a34778710db 05e4165a56bf50eb ca4de5b8a7bda9df 059bbdbdb843af6a 3a6e7894dde31c67 c1f2e3a76d388944 3fa57d488e979d74 3986b68500d7704b ff88049e61f0f4ef e0269da736ddf004 bd713b37b67866c3 702d8f1064ab3e30 2a06f5614060e3b6 39f6296778264878 e25a1da6ca187350 f58ff7f1a6cde683 fd30682593995748 b6d0f83aad4e4dc7 b24820ae14e16a24
558,0647acc4602d4e8f 27bc34b9887bec0d 2901e5309bb3f8f6 20db73cf07a45f71 01020d1b0821f4c7 09bbaa171c20bae3 54a11cbcd7a32af4 a60934e6b473097a 538c7bb968b2154c 4bed80e56ea2e099 2bafd15871caae91 0eafda717681bbdc 24e582daf6f87158 5ebb4d2f5f1c1f13 a2c35fdf07a13286 d46598813fb437e5 05e4165a56bf50eb a65e30106ea50423 8bf446c0455e3c5c e0269da736ddf004 6d80d2e62d01f6bc 919b1679fffa7ef1 0772e3ab293a1f30 eab15ee21e126f6a 20d283a232dfd13c 628accd9be98503c 005666aa098abe8e b6d0f83aad4e4dc7 cc861214a89ef1f4 acf5cb026b3c4551
559,8e0cc5199a0ee659 1c3b74a02a86467d 1f423f368aebf7f3 204ec91c39d1479d 74ae9af23a383bf5 bc2ae5f4e5d53e00 ae000f9d0b5e104e 12af6a34778710db ca4de5b8a7bda9df 04fda7c9d8971ec0 7b81f1f2b6ec2e5f 95d25d38ba7df9c7 3cb6b40d377e7ca8 2e4b00c01d58e79e f76f44d372517a9a 1d0f5fdc58e3efb5 430feb4826a5632e 6204e398d8c7f888 25145708d494530b 1398b478b71773ed 8faeacf8ca08f62d 2810fb6f81d1711c ca43e349133fc0e3 ae94d8435a6847f4 24e582daf6f87158 5430097e23000368 f46601a9955f9949 cea18be9a89d7a81 19e8f436d4b2fc25 9fda36f260eec24e
560,8699cc5dd4159b69 f25bfcffedaccf28 e4a7a996ed6a5a81 bd0f175ee98c613e 8643165b0f53df11 d257d1fbcf43abd5 07f22a7ad7e4711d e7cad3748e50b0f8 e8684734f2e587bd 95d25d38ba7df9c7 3cb6b40d377e7ca8 6204e398d8c7f888 25145708d494530b dc12cc503ac0eddb 589ef345cb2dccfc ae94d8435a6847f4 cea18be9a89d7a81 19e8f436d4b2fc25 9fda36f260eec24e f58ff7f1a6cde683 bd713b37b67866c3 64b31699d7d15934 90ecb28f2edb9d43 01b3da54ffb158a0 1c3b74a02a86467d 939a1f686ea36c05 8a5635c748344d47 ec1b3d7ccd3984d0 60a070db9f1869b5 bf3ccaba4a3450a8
561,06de3ca1148b088b 4f915ad69e1dca36 c143c095983a65c2 4535ce2e3dced00f c49d8f84a4f87f8a 5430097e23000368 24e582daf6f87158 20d283a232dfd13c 47fbe21f5c35c7b4 4d7653ea9499eed4 9a0f5ee4f845c9b2 0bcaac840d5e66d7 c28bc62802b90f82 702d8f1064ab3e30 3986b68500d7704b 3fa57d488e979d74 ff88049e61f0f4ef e0269da736ddf004 bd713b37b67866c3 fd30682593995748 2a06f5614060e3b6 39f6296778264878 52370bea1acd0600 734dabb98795c35c 942a7d26d81c841f bd0f175ee98c613e ae94d8435a6847f4 b6d0f83aad4e4dc7 b24820ae14e16a24 622f2e4119882c94
562,da904d2a54ff8cf2 4483bbdd3241f11a fd30682593995748 fab14d178b24a67f 0b0021aa60d05daa 7d83ffe83f61bdc4 74873b42602d8958 bbbd5d2fd957e8f7 c5830f9d0f1e29e5 976baf0e84752a68 01b3da54ffb158a0 ddf332f2b55a2a23 8abe670908f12614 66ccd03c9e03ac06 bb7515be835dea49 0b774cf90856c4da 2e44fbb8bc3d8d71 a18df74d3a16e9c0 7c8324ce28ffb96e f49e13a653cbdad2 4d7653ea9499eed4 4f2fffd7528de786 a982b5c3aed39396 a2c35fdf07a13286 54a11cbcd7a32af4 5430097e23000368 1dc7139adba034ec 95ecdbff44ad0b60 c1f2e3a76d388944 ff88049e61f0f4ef
563,447fc00f40d71d08 3c565c1fc2316d16 8566d15270eb5e83 3b4a85bac6ead3c8 a2c35fdf07a13286 a853f13216170123 c5830f9d0f1e29e5 bb7515be835dea49 4b29fc21f912754d 1dc7139adba034ec 95ecdbff44ad0b60 3a6e7894dde31c67 4d7653ea9499eed4 9a0f5ee4f845c9b2 0bcaac840d5e66d7 c28bc62802b90f82 702d8f1064ab3e30 3986b68500d7704b 3fa57d488e979d74 ff88049e61f0f4ef e0269da736ddf004 bd713b37b67866c3 fd30682593995748 942a7d26d81c841f 2a06f5614060e3b6 bd0f175ee98c613e 47fbe21f5c35c7b4 bbbd5d2fd957e8f7 cea18be9a89d7a81 5fb2d8e734956af0
564,fc16a50ff0baec53 fd30682593995748 4483bbdd3241f11a da904d2a54ff8cf2 7d83ffe83f61bdc4 74873b42602d8958 bbbd5d2fd957e8f7 976baf0e84752a68 8abe670908f12614 2e44fbb8bc3d8d71 0b774cf90856c4da 5430097e23000368 c28bc62802b90f82 0bcaac840d5e66d7 9a0f5ee4f845c9b2 4d7653ea9499eed4 702d8f1064ab3e30 3986b68500d7704b 3fa57d488e979d74 e0269da736ddf004 bd713b37b67866c3 2a06f5614060e3b6 e25a1da6ca187350 ff88049e61f0f4ef 734dabb98795c35c 942a7d26d81c841f bd0f175ee98c613e ae94d8435a6847f4 b6d0f83aad4e4dc7 b24820ae14e16a24
565,047769588be1aea9 1d0f5fdc58e3efb5 b78189788d563693 0683b6a78f54be75 666bdff4faa513ca a2c35fdf07a13286 8699cc5dd4159b69 f25bfcffedaccf28 e4a7a996ed6a5a81 bd0f175ee98c613e 8643165b0f53df11 d257d1fbcf43abd5 07f22a7ad7e4711d e7cad3748e50b0f8 e8684734f2e587bd 3a6e7894dde31c67 8df3f13d6af34cb3 5430097e23000368 dc12cc503ac0eddb c28bc62802b90f82 0220a434aa8bf029 3986b68500d7704b 3fa57d488e979d74 ff88049e61f0f4ef e0269da736ddf004 bd713b37b67866c3 fd30682593995748 2a06f5614060e3b6 a52df8083c238c46 39f6296778264878
566,f54ad8d1eb18212e f0d53dcf0c296b57 f44f74b3451aa593 87c5481930cfe126 c5830f9d0f1e29e5 bb7515be835dea49 1dc7139adba034ec 95ecdbff44ad0b60 ff88049e61f0f4ef 3fa57d488e979d74 3986b68500d7704b 702d8f1064ab3e30 c28bc62802b90f82 0bcaac840d5e66d7 e0269da736ddf004 9a0f5ee4f845c9b2 4d7653ea9499eed4 52370bea1acd0600 bd713b37b67866c3 fd30682593995748 47fbe21f5c35c7b4 39f6296778264878 942a7d26d81c841f bd0f175ee98c613e ae94d8435a6847f4 b6d0f83aad4e4dc7 b24820ae14e16a24 622f2e4119882c94 4b8c7061102517ef 2a06f5614060e3b6
567,52aa48c07b34dc88 ac9ee0c09b538140 1efd7bd8a34a1359 1d12acf7349196b0 453bc79164d57a01 05e4165a56bf50eb 54a11cbcd7a32af4 7ee52d2519eea367 3a6e7894dde31c67 5430097e23000368 0bcaac840d5e66d7 c28bc62802b90f82 702d8f1064ab3e30 3986b68500d7704b 3fa57d488e979d74 ff88049e61f0f4ef e0269da736ddf004 bd713b37b67866c3 fd30682593995748 2a06f5614060e3b6 39f6296778264878 b6d0f83aad4e4dc7 ae94d8435a6847f4 942a7d26d81c841f b24820ae14e16a24 622f2e4119882c94 4d7653ea9499eed4 e25a1da6ca187350 4b8c7061102517ef 52370bea1acd0600
568,c28bc62802b90f82 b760ebc5f25788d3 12af6a34778710db b6d0f83aad4e4dc7 cc861214a89ef1f4 2901e5309bb3f8f6 e5fb8dc5c9cb4a19 db7342eff9200020 acae1d29289b1266 01020d1b0821f4c7 197fa50b30d91fe8 29bedd00fb2be056 24e582daf6f87158 20d283a232dfd13c 6899956cd6c683f0 4b8c7061102517ef 622f2e4119882c94 702d8f1064ab3e30 3986b68500d7704b 3fa57d488e979d74 ff88049e61f0f4ef bd713b37b67866c3 fd30682593995748 2a06f5614060e3b6 39f6296778264878 e25a1da6ca187350 b24820ae14e16a24 c31a456b544a40a8 e0269da736ddf004 0bcaac840d5e66d7
569,8699cc5dd4159b69 f25bfcffedaccf28 e4a7a996ed6a5a81 bd0f175ee98c613e 8643165b0f53df11 d257d1fbcf43abd5 07f22a7ad7e4711d e7cad3748e50b0f8 e8684734f2e587bd a492bd402afd5c71 b6d0f83aad4e4dc7 cc861214a89ef1f4 9f4e0d572b1f4e6c 2901e5309bb3f8f6 e5fb8dc5c9cb4a19 4d9214c0925e5af8 db7342eff9200020 dc12cc503ac0eddb acae1d29289b1266 01020d1b0821f4c7 2e79d45ba4d1540d 197fa50b30d91fe8 9c9a9d45c2ea7ddf 29bedd00fb2be056 133b04350c75770b ae77487a89f2610c 1a05ef8c93af8eed 4d954d933e606b70 3ca7964973437917 0bcaac840d5e66d7
570,1d0f5fdc58e3efb5 72c2a95813ea72bd 047769588be1aea9 b6e646c13d0753ae 9b0e8cf8153e3b33 ad06e9eeea8eb4ea b78189788d563693 7c8324ce28ffb96e 3ca7964973437917 40583079f57235a6 12af6a34778710db 50cb6a6c60ad711a 4577ae048ef1967d bd713b37b67866c3 90ecb28f2edb9d43 64b31699d7d15934 148ac4a56a18844d ae77487a89f2610c 52370bea1acd0600 430feb4826a5632e 0451447dd64f6284 0bcaac840d5e66d7 b6a1c97f19af78d0 58654e3143c6550b 2e031d83339759b2 20d283a232dfd13c 3734d3b0b9232538 0683b6a78f54be75 83f8f2fc471cad74 9fbffc521da97c54
571,4b8c7061102517ef 055d895a3b26e466 453bc79164d57a01 8dc313a2cf9da354 fab14d178b24a67f b50b4e27b03c7b37 ddf332f2b55a2a23 4d9214c0925e5af8 9c9a9d45c2ea7ddf 133b04350c75770b c143c095983a65c2 f105a53e5cfae611 26140b225c4f8d3f 3a6e7894dde31c67 3986b68500d7704b f58ff7f1a6cde683 c31a456b544a40a8 3fa57d488e979d74 ff88049e61f0f4ef e0269da736ddf004 fd30682593995748 2a06f5614060e3b6 39f6296778264878 e25a1da6ca187350 bd713b37b67866c3 b6d0f83aad4e4dc7 b24820ae14e16a24 622f2e4119882c94 af8e70f978cd5aee 5ebb4d2f5f1c1f13
572,eff60ceea8817dad 419b5dc40744fb9b d16da1fb61813db9 f209d29f991432f0 edc79e57b20e9036 52aa48c07b34dc88 ac9ee0c09b538140 1efd7bd8a34a1359 1d12acf7349196b0 453bc79164d57a01 05e4165a56bf50eb e8684734f2e587bd 54a11cbcd7a32af4 4d9214c0925e5af8 9c9a9d45c2ea7ddf 133b04350c75770b 3a6e7894dde31c67 c143c095983a65c2 f105a53e5cfae611 26140b225c4f8d3f 3986b68500d7704b af8e70f978cd5aee 3fa57d488e979d74 ff88049e61f0f4ef 702d8f1064ab3e30 e0269da736ddf004 622f2e4119882c94 bd713b37b67866c3 fd30682593995748 2a06f5614060e3b6
573,4c0eee2c1a5e76e2 0451447dd64f6284 bbbd5d2fd957e8f7 26f72a4eb15ea8c0 50ba507a268872e1 5430097e23000368 7d83ffe83f61bdc4 430feb4826a5632e 8dc313a2cf9da354 fab14d178b24a67f 2810fb6f81d1711c 5057551fc55e9ed2 b50b4e27b03c7b37 bd713b37b67866c3 64b31699d7d15934 90ecb28f2edb9d43 49b5678e0d1e5bcd ec4ef2f727e7a03f 3d93a60f990a0a7c 46315cf30aaee51c 74873b42602d8958 20d283a232dfd13c 2b48ab08c915c0ad 6c017e548aa138f2 42a5cae2a3a45557 a04d6febd82a4389 976baf0e84752a68 025a148c3a53bd9f 1f4f62844c3cb99c 0688c790d5806540
574,5430097e23000368 acae1d29289b1266 a14394322cf7043d 52370bea1acd0600 4d7653ea9499eed4 9a0f5ee4f845c9b2 0bcaac840d5e66d7 c28bc62802b90f82 702d8f1064ab3e30 3986b68500d7704b f58ff7f1a6cde683 ff88049e61f0f4ef e0269da736ddf004 bd713b37b67866c3 fd30682593995748 2a06f5614060e3b6 39f6296778264878 e25a1da6ca187350 c31a456b544a40a8 3fa57d488e979d74 0708923badf2ff5d 734dabb98795c35c 942a7d26d81c841f bd0f175ee98c613e ae94d8435a6847f4 b6d0f83aad4e4dc7 b24820ae14e16a24 622f2e4119882c94 47fbe21f5c35c7b4 af8e70f978cd5aee
575,3b6d27775fce1c7b 8df3f13d6af34cb3 3a6e7894dde31c67 4d7653ea9499eed4 9a0f5ee4f845c9b2 0bcaac840d5e66d7 c28bc62802b90f82 702d8f1064ab3e30 059bbdbdb843af6a 3fa57d488e979d74 ff88049e61f0f4ef e0269da736ddf004 bd713b37b67866c3 fd30682593995748 2a06f5614060e3b6 39f6296778264878 e25a1da6ca187350 c31a456b544a40a8 3986b68500d7704b 734dabb98795c35c 942a7d26d81c841f bd0f175ee98c613e ae94d8435a6847f4 b6d0f83aad4e4dc7 b24820ae14e16a24 622f2e4119882c94 4b8c7061102517ef 52370bea1acd0600 5ebb4d2f5f1c1f13 00140806971e7a73
576,0add47a043c64d7f a853f13216170123 a0b1f4dd32f3e278 b1dcaca98bb76736 ba5199dba342af68 aa0789b403bcd839 069e7e25e43deab3 238de368bb05c0ec f2e30efbd27bee51 db0e648651f4c92b 0c15f252d30646fc 9c9ebf71707d7a37 0220a434aa8bf029 49b5678e0d1e5bcd c5830f9d0f1e29e5 bb7515be835dea49 3a6e7894dde31c67 1dc7139adba034ec 95ecdbff44ad0b60 0bcaac840d5e66d7 9a0f5ee4f845c9b2 c28bc62802b90f82 702d8f1064ab3e30 3986b68500d7704b 4d7653ea9499eed4 3fa57d488e979d74 e0269da736ddf004 52370bea1acd0600 bd0f175ee98c613e ae94d8435a6847f4
577,70ebf53ced736fa4 81b7c7e312bfa1a0 7155e5a86136eb02 b9d966ad9e04127a 5f94b027039f4e48 dea5e9227fbbac29 50cb6a6c60ad711a da011b87595c1019 83f8f2fc471cad74 9fbffc521da97c54 d1e21234d7cc61d2 7ee52d2519eea367 28a2067685cb3e97 c015590d6a6fe833 b6e646c13d0753ae 2e2904c5373734ae 5057551fc55e9ed2 0bcaac840d5e66d7 702d8f1064ab3e30 3986b68500d7704b 3fa57d488e979d74 ff88049e61f0f4ef e0269da736ddf004 bd713b37b67866c3 fd30682593995748 2a06f5614060e3b6 39f6296778264878 e25a1da6ca187350 c31a456b544a40a8 f58ff7f1a6cde683
578,03ed286136d7b3cf 047769588be1aea9 19e8f436d4b2fc25 9fda36f260eec24e 83b911ff0ff45844 c5830f9d0f1e29e5 e1460af4a7044067 6899956cd6c683f0 b24820ae14e16a24 72b80b099fd64ec4 bb7515be835dea49 cc507a0d6fcf4a1c 4dba7ce835494a63 172bc0ee09332ae9 bfb8032f2183d471 e403278468d84383 d5952b2e031c4e7e 3734d3b0b9232538 ca4de5b8a7bda9df 54a11cbcd7a32af4 922e625fae98b3b9 f44f74b3451aa593 24e582daf6f87158 87c5481930cfe126 20d283a232dfd13c 5430097e23000368 3a6e7894dde31c67 c1f2e3a76d388944 c28bc62802b90f82 702d8f1064ab3e30
579,0add47a043c64d7f db0e648651f4c92b 0c15f252d30646fc aa0789b403bcd839 9c9ebf71707d7a37 0220a434aa8bf029 49b5678e0d1e5bcd a0b1f4dd32f3e278 b1dcaca98bb76736 ba5199dba342af68 f2e30efbd27bee51 942a7d26d81c841f a853f13216170123 c5830f9d0f1e29e5 4d7653ea9499eed4 bb7515be835dea49 09bbaa171c20bae3 069e7e25e43deab3 238de368bb05c0ec 24e582daf6f87158 f76f44d372517a9a 83f8f2fc471cad74 9fbffc521da97c54 20d283a232dfd13c 95ecdbff44ad0b60 0708923badf2ff5d 8faeacf8ca08f62d c015590d6a6fe833 83b911ff0ff45844 b29ab87af6ea6310
580,50ba507a268872e1 00ff646ca6637bd7 898a4921ab9f4cce fc16a50ff0baec53 d63b7f083330247f 4535ce2e3dced00f 5430097e23000368 47fbe21f5c35c7b4 52370bea1acd0600 4d7653ea9499eed4 9a0f5ee4f845c9b2 0bcaac840d5e66d7 c28bc62802b90f82 702d8f1064ab3e30 bbbd5d2fd957e8f7 3fa57d488e979d74 ff88049e61f0f4ef e0269da736ddf004 bd713b37b67866c3 fd30682593995748 2a06f5614060e3b6 3986b68500d7704b e36475c1af5ea3ab e7cad3748e50b0f8 0708923badf2ff5d 734dabb98795c35c 942a7d26d81c841f bd0f175ee98c613e ae94d8435a6847f4 b6d0f83aad4e4dc7
581,622f2e4119882c94 2359719a0f40ffac 74e59c5820900b17 ffc688c4c1c2a068 dac29ed8400b50cc a9eef13786610446 f705b637f624147e c08c3765ac609cc0 54f55c74d37db3c0 65254e0d209fd66e 0eafda717681bbdc 4d417b203b333363 6d80d2e62d01f6bc 44d324ebd3e22ad7 005666aa098abe8e f58ff7f1a6cde683 4105533fe46dfba9 4491016efed845f1 39075e303166355e e14a893f1918277e d9885881381fd10a bd9cd6b87a4fe0ce 73f770f2643a2135 a52df8083c238c46 b29ab87af6ea6310 f9c6286cff30aaa8 a492bd402afd5c71 39f6296778264878 fb2ebcb5335ad2e2 6aac5e116b75aa22
582,b6d0f83aad4e4dc7 cc861214a89ef1f4 2901e5309bb3f8f6 e5fb8dc5c9cb4a19 db7342eff9200020 acae1d29289b1266 01020d1b0821f4c7 197fa50b30d91fe8 29bedd00fb2be056 24e582daf6f87158 20d283a232dfd13c 5430097e23000368 39f6296778264878 3fa57d488e979d74 3986b68500d7704b ff88049e61f0f4ef 2a06f5614060e3b6 702d8f1064ab3e30 c28bc62802b90f82 e0269da736ddf004 bd713b37b67866c3 e25a1da6ca187350 0bcaac840d5e66d7 9a0f5ee4f845c9b2 fd30682593995748 ae94d8435a6847f4 b24820ae14e16a24 622f2e4119882c94 4b8c7061102517ef af8e70f978cd5aee
583,520ec719078be07c b6e72edcad270be0 0e45c4c185f35df6 a292248bb2bffb3d ae94d8435a6847f4 59c231f8fd21260c 636224e349e561bf e6a29676c096f8e8 bf973f9ec3600199 8699cc5dd4159b69 f25bfcffedaccf28 e4a7a996ed6a5a81 bd0f175ee98c613e a0566ca9daca7778 5c4b7558c942a224 587e0b2a4811fab1 3b4a85bac6ead3c8 e403278468d84383 8643165b0f53df11 dc12cc503ac0eddb d257d1fbcf43abd5 da011b87595c1019 07f22a7ad7e4711d 8dedff0a79784abc 22756be6fd061d4c 58654e3143c6550b 2e031d83339759b2 e7cad3748e50b0f8 e8684734f2e587bd 5430097e23000368
584,95166957b2c38794 9fda36f260eec24e 19e8f436d4b2fc25 83b911ff0ff45844 e1460af4a7044067 520ec719078be07c 72b80b099fd64ec4 b24820ae14e16a24 59c231f8fd21260c 8a5635c748344d47 60a070db9f1869b5 939a1f686ea36c05 ec1b3d7ccd3984d0 cc507a0d6fcf4a1c b6e72edcad270be0 172bc0ee09332ae9 4dba7ce835494a63 42bb83d7c4b9ecae 9269d2b0d877352d 636224e349e561bf e6a29676c096f8e8 0a79fabc6f5d93c9 bfb8032f2183d471 5c8c6d9a1fd4c1e0 0e45c4c185f35df6 e403278468d84383 d5952b2e031c4e7e a292248bb2bffb3d ca4de5b8a7bda9df 5c4b7558c942a224
585,a853f13216170123 4b29fc21f912754d 3a6e7894dde31c67 52370bea1acd0600 4d7653ea9499eed4 9a0f5ee4f845c9b2 0bcaac840d5e66d7 c28bc62802b90f82 702d8f1064ab3e30 47fbe21f5c35c7b4 3fa57d488e979d74 ff88049e61f0f4ef e0269da736ddf004 bd713b37b67866c3 fd30682593995748 2a06f5614060e3b6 39f6296778264878 e25a1da6ca187350 3986b68500d7704b 0708923badf2ff5d 734dabb98795c35c 942a7d26d81c841f bd0f175ee98c613e ae94d8435a6847f4 b6d0f83aad4e4dc7 b24820ae14e16a24 622f2e4119882c94 bbbd5d2fd957e8f7 af8e70f978cd5aee 5ebb4d2f5f1c1f13
586,e5fb8dc5c9cb4a19 b8e2f75014710ced 898a4921ab9f4cce c5830f9d0f1e29e5 bb7515be835dea49 1dc7139adba034ec 95ecdbff44ad0b60 ff88049e61f0f4ef e0269da736ddf004 3fa57d488e979d74 bd713b37b67866c3 3986b68500d7704b 702d8f1064ab3e30 c28bc62802b90f82 0bcaac840d5e66d7 9a0f5ee4f845c9b2 4d7653ea9499eed4 52370bea1acd0600 fd30682593995748 39f6296778264878 47fbe21f5c35c7b4 bbbd5d2fd957e8f7 0708923badf2ff5d 734dabb98795c35c 942a7d26d81c841f bd0f175ee98c613e ae94d8435a6847f4 b6d0f83aad4e4dc7 b24820ae14e16a24 622f2e4119882c94
587,5430097e23000368 2b48ab08c915c0ad 238ec735a13a3f09 49b5678e0d1e5bcd ee3ed9a3f51336cd 42a5cae2a3a45557 6461a9faa871b3ac 4d9214c0925e5af8 7e4a4a1300b77a06 db0e648651f4c92b e7828f0ea9749505 2820628e65a062e2 d6ed7e4b14c51296 ae77487a89f2610c e36475c1af5ea3ab 7d83ffe83f61bdc4 bbbd5d2fd957e8f7 35488b3b8b781278 0220a434aa8bf029 d92c0298f76ccf77 1d72229ebcc00faf 00d9f8d3f7d412b3 428f9363fa35882d 9f27aa36c1ea793c fd30682593995748 ae94d8435a6847f4 b6d0f83aad4e4dc7 bd713b37b67866c3 e0269da736ddf004 ff88049e61f0f4ef
588,666bdff4faa513ca fc21db75b354a917 e8684734f2e587bd 1d0f5fdc58e3efb5 b78189788d563693 d64c06baf5ef1c90 047769588be1aea9 c810ac016901e8ac 36d33c41812ce7dc 0683b6a78f54be75 4c3802a1bd3c842e 27a12f29dceccdbd 9a439fd1abf95245 bc27d5dc9bab1c18 18b1d2d84c97a364 24e582daf6f87158 0eb4de784c8dd679 5dd752753760ced8 65d44c6393907290 5570ef88d970e9b4 22e8d6734e4121ae 00d9f8d3f7d412b3 b0bfe0f426275870 40583079f57235a6 00ff646ca6637bd7 20d283a232dfd13c 5430097e23000368 428f9363fa35882d 1ba7a50457e93996 00af886180e9eaec
589,8df3f13d6af34cb3 47fbe21f5c35c7b4 52370bea1acd0600 4d7653ea9499eed4 9a0f5ee4f845c9b2 0bcaac840d5e66d7 c28bc62802b90f82 702d8f1064ab3e30 09bbaa171c20bae3 3fa57d488e979d74 ff88049e61f0f4ef e0269da736ddf004 bd713b37b67866c3 fd30682593995748 2a06f5614060e3b6 39f6296778264878 e25a1da6ca187350 3986b68500d7704b e7cad3748e50b0f8 0708923badf2ff5d 734dabb98795c35c 942a7d26d81c841f bd0f175ee98c613e ae94d8435a6847f4 b6d0f83aad4e4dc7 b24820ae14e16a24 bbbd5d2fd957e8f7 4b8c7061102517ef af8e70f978cd5aee 5ebb4d2f5f1c1f13
590,5430097e23000368 49b5678e0d1e5bcd 7d83ffe83f61bdc4 2b48ab08c915c0ad 42a5cae2a3a45557 bbbd5d2fd957e8f7 4d9214c0925e5af8 238ec735a13a3f09 7e4a4a1300b77a06 db0e648651f4c92b ee3ed9a3f51336cd 2820628e65a062e2 d6ed7e4b14c51296 ae77487a89f2610c e36475c1af5ea3ab 6461a9faa871b3ac 35488b3b8b781278 0220a434aa8bf029 e7828f0ea9749505 d92c0298f76ccf77 451e7ba901ad661d 74873b42602d8958 976baf0e84752a68 8abe670908f12614 fd30682593995748 4483bbdd3241f11a a1314cd417504572 b78189788d563693 8f578001f9d5f543 26fc2a95df5659c2
591,d257d1fbcf43abd5 8699cc5dd4159b69 f25bfcffedaccf28 e4a7a996ed6a5a81 bd0f175ee98c613e 8643165b0f53df11 07f22a7ad7e4711d e7cad3748e50b0f8 e8684734f2e587bd 0683b6a78f54be75 35488b3b8b781278 d92c0298f76ccf77 dc12cc503ac0eddb a853f13216170123 5430097e23000368 4b29fc21f912754d 24e582daf6f87158 20d283a232dfd13c 3a6e7894dde31c67 9a0f5ee4f845c9b2 0bcaac840d5e66d7 c28bc62802b90f82 702d8f1064ab3e30 4d7653ea9499eed4 3fa57d488e979d74 ff88049e61f0f4ef e0269da736ddf004 bd713b37b67866c3 fd30682593995748 2a06f5614060e3b6
592,522bd6887960c25d 3734d3b0b9232538 6aefb6531736648a 6899956cd6c683f0 47fbe21f5c35c7b4 52370bea1acd0600 4d7653ea9499eed4 9a0f5ee4f845c9b2 0bcaac840d5e66d7 bbbd5d2fd957e8f7 702d8f1064ab3e30 3986b68500d7704b 3fa57d488e979d74 ff88049e61f0f4ef e0269da736ddf004 bd713b37b67866c3 fd30682593995748 2a06f5614060e3b6 39f6296778264878 c28bc62802b90f82 0708923badf2ff5d 734dabb98795c35c 942a7d26d81c841f bd0f175ee98c613e ae94d8435a6847f4 b6d0f83aad4e4dc7 b24820ae14e16a24 622f2e4119882c94 5fb2d8e734956af0 af8e70f978cd5aee
593,8699cc5dd4159b69 f25bfcffedaccf28 e4a7a996ed6a5a81 bd0f175ee98c613e 8643165b0f53df11 d257d1fbcf43abd5 07f22a7ad7e4711d e7cad3748e50b0f8 e8684734f2e587bd 3a6e7894dde31c67 c5830f9d0f1e29e5 bb7515be835dea49 5430097e23000368 1dc7139adba034ec 95ecdbff44ad0b60 dc12cc503ac0eddb fd30682593995748 bd713b37b67866c3 e0269da736ddf004 ff88049e61f0f4ef 3fa57d488e979d74 3986b68500d7704b 2a06f5614060e3b6 702d8f1064ab3e30 c28bc62802b90f82 0bcaac840d5e66d7 9a0f5ee4f845c9b2 4d7653ea9499eed4 b6d0f83aad4e4dc7 b24820ae14e16a24
594,2394b08708475900 047769588be1aea9 4d7653ea9499eed4 24e582daf6f87158 f46601a9955f9949 3734d3b0b9232538 9fbffc521da97c54 83f8f2fc471cad74 796888cc3443006c a813c15b46ceaf68 8fc68213b63951dc 0db6584e3bdfa1c4 393f49286db04aeb 59bf6d6df9146d60 c015590d6a6fe833 5d26da95786b3a3a 5fb2d8e734956af0 942a7d26d81c841f b6d0f83aad4e4dc7 cc861214a89ef1f4 b6e646c13d0753ae 5430097e23000368 9b0e8cf8153e3b33 73391e0853c1e040 d6ed7e4b14c51296 2901e5309bb3f8f6 e5fb8dc5c9cb4a19 daa257a37227cd72 db7342eff9200020 acae1d29289b1266
595,24e582daf6f87158 b6d0f83aad4e4dc7 cc861214a89ef1f4 2901e5309bb3f8f6 e5fb8dc5c9cb4a19 db7342eff9200020 09bbaa171c20bae3 acae1d29289b1266 01020d1b0821f4c7 f46601a9955f9949 197fa50b30d91fe8 29bedd00fb2be056 27bc34b9887bec0d 796888cc3443006c a813c15b46ceaf68 8fc68213b63951dc 0db6584e3bdfa1c4 393f49286db04aeb 59bf6d6df9146d60 9fbffc521da97c54 83f8f2fc471cad74 5fb2d8e734956af0 942a7d26d81c841f 73391e0853c1e040 d6ed7e4b14c51296 c015590d6a6fe833 daa257a37227cd72 976baf0e84752a68 b6e646c13d0753ae 20d283a232dfd13c
596,a853f13216170123 3734d3b0b9232538 4b29fc21f912754d 24e582daf6f87158 20d283a232dfd13c 5430097e23000368 3a6e7894dde31c67 52370bea1acd0600 4d7653ea9499eed4 9a0f5ee4f845c9b2 47fbe21f5c35c7b4 c28bc62802b90f82 702d8f1064ab3e30 3986b68500d7704b 3fa57d488e979d74 ff88049e61f0f4ef e0269da736ddf004 bd713b37b67866c3 fd30682593995748 2a06f5614060e3b6 0bcaac840d5e66d7 734dabb98795c35c 942a7d26d81c841f bd0f175ee98c613e ae94d8435a6847f4 b6d0f83aad4e4dc7 b24820ae14e16a24 622f2e4119882c94 4b8c7061102517ef cea18be9a89d7a81
597,f44f74b3451aa593 6899956cd6c683f0 87c5481930cfe126 bbbd5d2fd957e8f7 47fbe21f5c35c7b4 52370bea1acd0600 4d7653ea9499eed4 9a0f5ee4f845c9b2 0bcaac840d5e66d7 c28bc62802b90f82 3986b68500d7704b 3fa57d488e979d74 ff88049e61f0f4ef e0269da736ddf004 bd713b37b67866c3 fd30682593995748 2a06f5614060e3b6 39f6296778264878 702d8f1064ab3e30 e7cad3748e50b0f8 0708923badf2ff5d 734dabb98795c35c 942a7d26d81c841f bd0f175ee98c613e ae94d8435a6847f4 b6d0f83aad4e4dc7 b24820ae14e16a24 cea18be9a89d7a81 4b8c7061102517ef af8e70f978cd5aee
598,dc576af4ae66e25e db0e648651f4c92b 2e79d45ba4d1540d f6d23cdd2359f7c0 1a05ef8c93af8eed 8e0cc5199a0ee659 919b1679fffa7ef1 1c3b74a02a86467d 5989fb934598c1a7 28a2067685cb3e97 1f423f368aebf7f3 204ec91c39d1479d 74ae9af23a383bf5 3b6d27775fce1c7b 4f915ad69e1dca36 ae000f9d0b5e104e c143c095983a65c2 4535ce2e3dced00f c49d8f84a4f87f8a c5830f9d0f1e29e5 bb7515be835dea49 1dc7139adba034ec 95ecdbff44ad0b60 3fa57d488e979d74 ff88049e61f0f4ef e0269da736ddf004 bd713b37b67866c3 fd30682593995748 2a06f5614060e3b6 3986b68500d7704b
599,447fc00f40d71d08 3c565c1fc2316d16 8566d15270eb5e83 3b4a85bac6ead3c8 50cb6a6c60ad711a 3b6d27775fce1c7b ad06e9eeea8eb4ea 7155e5a86136eb02 b9d966ad9e04127a 7c8324ce28ffb96e 70ebf53ced736fa4 148ac4a56a18844d 7ee52d2519eea367 81b7c7e312bfa1a0 0451447dd64f6284 5f94b027039f4e48 dea5e9227fbbac29 b6a1c97f19af78d0 58654e3143c6550b 2e031d83339759b2 b6e646c13d0753ae 28a2067685cb3e97 9b0e8cf8153e3b33 72c2a95813ea72bd da011b87595c1019 3ca7964973437917 40583079f57235a6 98dbd15aa33ebc18 d1e21234d7cc61d2 95d25d38ba7df9c7
600,d64c06baf5ef1c90 4c3802a1bd3c842e c810ac016901e8ac 36d33c41812ce7dc 27a12f29dceccdbd 9a439fd1abf95245 bc27d5dc9bab1c18 18b1d2d84c97a364 0eb4de784c8dd679 5dd752753760ced8 45bd99d5d2eef776 65d44c6393907290 5570ef88d970e9b4 22e8d6734e4121ae 00d9f8d3f7d412b3 b0bfe0f426275870 40583079f57235a6 00ff646ca6637bd7 428f9363fa35882d 1ba7a50457e93996 00af886180e9eaec cba7e22bb383083a f2b5098ac9c92da9 0a79fabc6f5d93c9 5c8c6d9a1fd4c1e0 46315cf30aaee51c ec4ef2f727e7a03f 3d93a60f990a0a7c a2c35fdf07a13286 430feb4826a5632e
